sample_name,library_ID,Project_experiment,title,library_strategy,library_source,library_selection,library_layout,platform,instrument_model,instrument_model_true,filetype,filename,filename_final,SRA_accession,BioProject_accession,BioSample_accession,sample_name_f,subsampling,sample_title,Organism,collection_date,broad-scale_env_context,local-scale_env-context,environmental_medium,geographiclocation,host,lat and long,origin,run_id,dna_input_ng,mastermix_simple,mastermix,ESK_mock_staph_version,PCR_cycles,shearing,qiagen_cleanup,library_prep_type,lib_prep_long,name_short,pb_barcode,lp_row,lp_col,lp_wellid,anonymized_name,empo_1,empo_2,empo_3,empo_4,env_biome,env_feature,env_material,env_package,host_body_habitat,host_body_product,host_body_site,host_common_name,host_scientific_name,host_subject_id,sample_type,folder,host_taxid,taxon_id,title,Description,name_short_0,name_short_2,name_short_3,name_short_4,longplex_rxn,reads_g100k,number_of_reads,thousand_reads,number_of_bases,median_read_length,mean_read_length,read_length_stdev,n50,mean_qual,median_qual,longest_read,raw_GB,assembly_method,Run_time,run_time_seconds,Peak_memory_GB,Assembly_length,Contigs_N50,Nb_contigs,Nb_contigs_gt1Mb,Nb_circular_contigs_gt1Mb,largest_contig,contigs_alt,contigs_dup,Nb_contigs_g100kb,old_observed_features,old_shannon_entropy,qiita_analysis_id,shannon_entropy,observed_features,100k_mylo_Assembly_length,100k_mylo_Contigs_N50,100k_mylo_Nb_contigs,100k_mylo_Nb_contigs_gt1Mb,100k_mylo_Nb_circular_contigs_gt1Mb,100k_mylo_largest_contig,100k_mylo_contigs_alt,100k_mylo_contigs_dup,100k_mylo_Nb_contigs_g100kb,100k_mylo_Run_time,Sample,full_mylo_assembly_method,full_mylo_Run_time,full_mylo_run_time_seconds,full_mylo_Peak_memory_GB,full_mylo_Assembly_length,full_mylo_Contigs_N50,full_mylo_Nb_contigs,full_mylo_Nb_contigs_gt1Mb,full_mylo_Nb_circular_contigs_gt1Mb,full_mylo_largest_contig,full_mylo_contigs_alt,full_mylo_contigs_dup,full_mylo_Nb_contigs_g100kb,,Library_ID,Tital,Library_strategy,Library_source,Library_selection,Library_layout,Platform,Instrument_model,Design_description,file_type,filename,BE_number_of_reads,BE_number_of_bases,BE_median_read_length,BE_n50,BE_median_qual,BE_max_read_length,BE_n_complete_MAGs_no_rRNA_check,BE_n_complete_MAGs
BE_1_Parracocus_45ng_0.5x_longplex_PstarLongSeq_8cyc_none,1_Parracocus,Low DNA input validation: Built Environment,validation Built Environment,WGS,METAGENOMIC,PCR,single,PACBIO_SMRT,Revio,Vega,fastq,G07.nonhuman.fastq.gz,G07.nonhuman.fastq.gz,SRR40532678,PRJNA1480782,SAMN62948902,1_Parracocus,none,,synthetic metagenome,5/8/26,not collected,not collected,not collected,USA:Waco,built environment,31.548617 N 97.112972 W,BE,multiple,45,Pstar,Takara PrimeSTAR LongSeq,Not applicable,8,longplex,FALSE,longplex_PCR,longplex_0.5x_Takara PrimeSTAR LongSeq,not applicable,multiple,,,G07,NaN,Control,Positive,Single strain,Single strain,urban biome,research facility,cell culture,misc environment,not applicable,not applicable,not applicable,not applicable,not applicable,1_Parracocus,shower drain biofilm,,Not applicable,Not applicable,Not applicable,Not applicable,Not applicable,Not applicable,Not applicable,Not applicable,0.5x,missing,missing,missing,missing,missing,missing,missing,missing,missing,missing,missing,missing,missing,missing,missing,missing,missing,missing,missing,missing,missing,missing,missing,missing,missing,missing,missing,missing,missing,missing,missing,missing,missing,missing,missing,missing,missing,missing,missing,missing,missing,missing,missing,missing,missing,missing,missing,missing,missing,missing,missing,missing,missing,missing,1,EED_500ng_1x_longplex_decodifi_8cyc_R005_100k,longplex comparison,WGS,METAGENOMIC,PCR,SINGLE,PACBIO_SMRT,Revio,longplex_1x_Kura Decodifi,fastq,R005bc2007.A10.unmapped.100k.fastq.gz,335705,2132025879,5641,6718,37.6,40814,2,2
BE_2_Bacillus_46.5ng_0.5x_longplex_PstarLongSeq_8cyc_none,2_Bacillus,Low DNA input validation: Built Environment,validation Built Environment,WGS,METAGENOMIC,PCR,single,PACBIO_SMRT,Revio,Vega,fastq,H07.nonhuman.fastq.gz,H07.nonhuman.fastq.gz,SRR40532670,PRJNA1480782,SAMN62948909,2_Bacillus,none,,synthetic metagenome,5/8/26,not collected,not collected,not collected,USA:Waco,built environment,31.548617 N 97.112972 W,BE,multiple,46.5,Pstar,Takara PrimeSTAR LongSeq,Not applicable,8,longplex,FALSE,longplex_PCR,longplex_0.5x_Takara PrimeSTAR LongSeq,not applicable,multiple,,,H07,NaN,Control,Positive,Single strain,Single strain,urban biome,research facility,cell culture,misc environment,not applicable,not applicable,not applicable,not applicable,not applicable,2_Bacillus,shower drain biofilm,,Not applicable,Not applicable,Not applicable,Not applicable,Not applicable,Not applicable,Not applicable,Not applicable,0.5x,,missing,missing,missing,missing,missing,missing,missing,missing,missing,missing,missing,missing,missing,missing,missing,missing,missing,missing,missing,missing,missing,missing,missing,missing,missing,missing,missing,missing,missing,missing,missing,missing,missing,missing,missing,missing,missing,missing,missing,missing,missing,missing,missing,missing,missing,missing,missing,missing,missing,missing,missing,missing,missing,1,EED_500ng_1x_longplex_decodifi_8cyc_R005_none,longplex comparison,WGS,METAGENOMIC,PCR,SINGLE,PACBIO_SMRT,Revio,longplex_1x_Kura Decodifi,fastq,R005bc2007.A10.unmapped.fastq.gz,456804,2685833473,5356,6164,39.4,28421,1,1
BE_CoF2HA_31.5ng_0.5x_longplex_PstarLongSeq_8cyc_none,Co.F.2.H.A,Low DNA input validation: Built Environment,validation Built Environment,WGS,METAGENOMIC,PCR,single,PACBIO_SMRT,Revio,Vega,fastq,H05.nonhuman.fastq.gz,H05.nonhuman.fastq.gz,SRR40532672,PRJNA1480782,SAMN62948907,Co.F.2.H.A,none,,indoor metagenome,5/8/26,not collected,not collected,not collected,USA:Waco,built environment,31.545240 N 97.122873 E,BE,multiple,31.5,Pstar,Takara PrimeSTAR LongSeq,Not applicable,8,longplex,FALSE,longplex_PCR,longplex_0.5x_Takara PrimeSTAR LongSeq,not applicable,multiple,,,H05,NaN,Free-living,Free-living (non-saline),Solid(non-saline),indoor metagenome,urban biome,shower drain,PVC,msc environment,not applicable,not applicable,not applicable,not applicable,not applicable,Co.F.2.H.A,shower drain biofilm,,Not applicable,Not applicable,Not applicable,Not applicable,Not applicable,Not applicable,Not applicable,Not applicable,0.5x,,missing,missing,missing,missing,missing,missing,missing,missing,missing,missing,missing,missing,missing,missing,missing,missing,missing,missing,missing,missing,missing,missing,missing,missing,missing,missing,missing,missing,missing,missing,missing,missing,missing,missing,missing,missing,missing,missing,missing,missing,missing,missing,missing,missing,missing,missing,missing,missing,missing,missing,missing,missing,missing,1,EED_500ng_1x_longplex_Pstar_8cyc_R004_100k,longplex comparison,WGS,METAGENOMIC,PCR,SINGLE,PACBIO_SMRT,Revio,longplex_1x_Takara PrimeSTAR LongSeq,fastq,R004bc2007.A09.unmapped.100k.fastq.gz,237291,1386953226,5265,6107,39,38891,1,1
BE_CoF3HB_55.5ng_0.5x_longplex_PstarLongSeq_8cyc_none,Co.F.3.H.B,Low DNA input validation: Built Environment,validation Built Environment,WGS,METAGENOMIC,PCR,single,PACBIO_SMRT,Revio,Vega,fastq,A06.nonhuman.fastq.gz,A06.nonhuman.fastq.gz,SRR40532676,PRJNA1480782,SAMN62948859,Co.F.3.H.B,none,,indoor metagenome,5/8/26,not collected,not collected,not collected,USA:Waco,built environment,31.545240 N 97.122873 E,BE,multiple,55.5,Pstar,Takara PrimeSTAR LongSeq,Not applicable,8,longplex,FALSE,longplex_PCR,longplex_0.5x_Takara PrimeSTAR LongSeq,not applicable,multiple,,,A06,NaN,Free-living,Free-living (non-saline),Solid(non-saline),indoor metagenome,urban biome,shower drain,PVC,msc environment,not applicable,not applicable,not applicable,not applicable,not applicable,Co.F.3.H.B,shower drain biofilm,,Not applicable,Not applicable,Not applicable,Not applicable,Not applicable,Not applicable,Not applicable,Not applicable,0.5x,,missing,missing,missing,missing,missing,missing,missing,missing,missing,missing,missing,missing,missing,missing,missing,missing,missing,missing,missing,missing,missing,missing,missing,missing,missing,missing,missing,missing,missing,missing,missing,missing,missing,missing,missing,missing,missing,missing,missing,missing,missing,missing,missing,missing,missing,missing,missing,missing,missing,missing,missing,missing,missing,1,EED_500ng_1x_longplex_Pstar_8cyc_R004_none,longplex comparison,WGS,METAGENOMIC,PCR,SINGLE,PACBIO_SMRT,Revio,longplex_1x_Takara PrimeSTAR LongSeq,fastq,R004bc2007.A09.unmapped.fastq.gz,243905,1697686290,6133,7511,37.6,39790,3,3
BE_CoF4HC_7.02ng_0.5x_longplex_PstarLongSeq_8cyc_none,Co.F.4.H.C,Low DNA input validation: Built Environment,validation Built Environment,WGS,METAGENOMIC,PCR,single,PACBIO_SMRT,Revio,Vega,fastq,B06.nonhuman.fastq.gz,B06.nonhuman.fastq.gz,SRR40532717,PRJNA1480782,SAMN62948866,Co.F.4.H.C,none,,indoor metagenome,5/8/26,not collected,not collected,not collected,USA:Waco,built environment,31.545240 N 97.122873 E,BE,multiple,7.02,Pstar,Takara PrimeSTAR LongSeq,Not applicable,8,longplex,FALSE,longplex_PCR,longplex_0.5x_Takara PrimeSTAR LongSeq,not applicable,multiple,,,B06,NaN,Free-living,Free-living (non-saline),Solid(non-saline),indoor metagenome,urban biome,shower drain,PVC,msc environment,not applicable,not applicable,not applicable,not applicable,not applicable,Co.F.4.H.C,shower drain biofilm,,Not applicable,Not applicable,Not applicable,Not applicable,Not applicable,Not applicable,Not applicable,Not applicable,0.5x,,missing,missing,missing,missing,missing,missing,missing,missing,missing,missing,missing,missing,missing,missing,missing,missing,missing,missing,missing,missing,missing,missing,missing,missing,missing,missing,missing,missing,missing,missing,missing,missing,missing,missing,missing,missing,missing,missing,missing,missing,missing,missing,missing,missing,missing,missing,missing,missing,missing,missing,missing,missing,missing,1,EED_500ng_1x_longplex_Pstar_8cyc_R005_100k,longplex comparison,WGS,METAGENOMIC,PCR,SINGLE,PACBIO_SMRT,Revio,longplex_1x_Takara PrimeSTAR LongSeq,fastq,R005bc2007.A09.unmapped.100k.fastq.gz,16587,78090960,4398,4856,39.8,21318,0,0
BE_DaF2LA_1.44ng_0.5x_longplex_PstarLongSeq_8cyc_none,Da.F.2.L.A,Low DNA input validation: Built Environment,validation Built Environment,WGS,METAGENOMIC,PCR,single,PACBIO_SMRT,Revio,Vega,fastq,C06.nonhuman.fastq.gz,C06.nonhuman.fastq.gz,SRR40532710,PRJNA1480782,SAMN62948873,Da.F.2.L.A,none,,indoor metagenome,5/8/26,not collected,not collected,not collected,USA:Waco,built environment,31.544344 N 97.122015 W,BE,multiple,1.44,Pstar,Takara PrimeSTAR LongSeq,Not applicable,8,longplex,FALSE,longplex_PCR,longplex_0.5x_Takara PrimeSTAR LongSeq,not applicable,multiple,,,C06,NaN,Free-living,Free-living (non-saline),Solid(non-saline),indoor metagenome,urban biome,shower drain,PVC,msc environment,not applicable,not applicable,not applicable,not applicable,not applicable,Da.F.2.L.A,shower drain biofilm,,Not applicable,Not applicable,Not applicable,Not applicable,Not applicable,Not applicable,Not applicable,Not applicable,0.5x,,missing,missing,missing,missing,missing,missing,missing,missing,missing,missing,missing,missing,missing,missing,missing,missing,missing,missing,missing,missing,missing,missing,missing,missing,missing,missing,missing,missing,missing,missing,missing,missing,missing,missing,missing,missing,missing,missing,missing,missing,missing,missing,missing,missing,missing,missing,missing,missing,missing,missing,missing,missing,missing,1,EED_500ng_1x_longplex_Pstar_8cyc_R005_none,longplex comparison,WGS,METAGENOMIC,PCR,SINGLE,PACBIO_SMRT,Revio,longplex_1x_Takara PrimeSTAR LongSeq,fastq,R005bc2007.A09.unmapped.fastq.gz,1430,5600409,3863.5,4180,39.9,13480,0,0
BE_DaF3LB_15.75ng_0.5x_longplex_PstarLongSeq_8cyc_none,Da.F.3.L.B,Low DNA input validation: Built Environment,validation Built Environment,WGS,METAGENOMIC,PCR,single,PACBIO_SMRT,Revio,Vega,fastq,D06.nonhuman.fastq.gz,D06.nonhuman.fastq.gz,SRR40532702,PRJNA1480782,SAMN62948880,Da.F.3.L.B,none,,indoor metagenome,5/8/26,not collected,not collected,not collected,USA:Waco,built environment,31.544344 N 97.122015 W,BE,multiple,15.75,Pstar,Takara PrimeSTAR LongSeq,Not applicable,8,longplex,FALSE,longplex_PCR,longplex_0.5x_Takara PrimeSTAR LongSeq,not applicable,multiple,,,D06,NaN,Free-living,Free-living (non-saline),Solid(non-saline),indoor metagenome,urban biome,shower drain,PVC,msc environment,not applicable,not applicable,not applicable,not applicable,not applicable,Da.F.3.L.B,shower drain biofilm,,Not applicable,Not applicable,Not applicable,Not applicable,Not applicable,Not applicable,Not applicable,Not applicable,0.5x,,missing,missing,missing,missing,missing,missing,missing,missing,missing,missing,missing,missing,missing,missing,missing,missing,missing,missing,missing,missing,missing,missing,missing,missing,missing,missing,missing,missing,missing,missing,missing,missing,missing,missing,missing,missing,missing,missing,missing,missing,missing,missing,missing,missing,missing,missing,missing,missing,missing,missing,missing,missing,missing,1,EED_500ng_1x_longplex_Q5XT_8cyc_R004_100k,longplex comparison,WGS,METAGENOMIC,PCR,SINGLE,PACBIO_SMRT,Revio,longplex_1x_NEB Q5 XT,fastq,R004bc2007.E09.unmapped.100k.fastq.gz,102725,521777560,4727,5245,39.4,25112,1,1
BE_DaF4LC_18.75ng_0.5x_longplex_PstarLongSeq_8cyc_none,Da.F.4.L.C,Low DNA input validation: Built Environment,validation Built Environment,WGS,METAGENOMIC,PCR,single,PACBIO_SMRT,Revio,Vega,fastq,E06.nonhuman.fastq.gz,E06.nonhuman.fastq.gz,SRR40532694,PRJNA1480782,SAMN62948887,Da.F.4.L.C,none,,indoor metagenome,5/8/26,not collected,not collected,not collected,USA:Waco,built environment,31.544344 N 97.122015 W,BE,multiple,18.75,Pstar,Takara PrimeSTAR LongSeq,Not applicable,8,longplex,FALSE,longplex_PCR,longplex_0.5x_Takara PrimeSTAR LongSeq,not applicable,multiple,,,E06,NaN,Free-living,Free-living (non-saline),Solid(non-saline),indoor metagenome,urban biome,shower drain,PVC,msc environment,not applicable,not applicable,not applicable,not applicable,not applicable,Da.F.4.L.C,shower drain biofilm,,Not applicable,Not applicable,Not applicable,Not applicable,Not applicable,Not applicable,Not applicable,Not applicable,0.5x,,missing,missing,missing,missing,missing,missing,missing,missing,missing,missing,missing,missing,missing,missing,missing,missing,missing,missing,missing,missing,missing,missing,missing,missing,missing,missing,missing,missing,missing,missing,missing,missing,missing,missing,missing,missing,missing,missing,missing,missing,missing,missing,missing,missing,missing,missing,missing,missing,missing,missing,missing,missing,missing,1,EED_500ng_1x_longplex_Q5XT_8cyc_R004_none,longplex comparison,WGS,METAGENOMIC,PCR,SINGLE,PACBIO_SMRT,Revio,longplex_1x_NEB Q5 XT,fastq,R004bc2007.E09.unmapped.fastq.gz,379583,2343490663,5529,6513,38.6,37243,6,6
BE_EaF1HA_21.75ng_0.5x_longplex_PstarLongSeq_8cyc_none,Ea.F.1.H.A,Low DNA input validation: Built Environment,validation Built Environment,WGS,METAGENOMIC,PCR,single,PACBIO_SMRT,Revio,Vega,fastq,G01.nonhuman.fastq.gz,G01.nonhuman.fastq.gz,SRR40532684,PRJNA1480782,SAMN62948896,Ea.F.1.H.A,none,,indoor metagenome,5/7/26,not collected,not collected,not collected,USA:Waco,built environment,31.544056 N 97.114346 W,BE,multiple,21.75,Pstar,Takara PrimeSTAR LongSeq,Not applicable,8,longplex,FALSE,longplex_PCR,longplex_0.5x_Takara PrimeSTAR LongSeq,not applicable,multiple,,,G01,NaN,Free-living,Free-living (non-saline),Solid(non-saline),indoor metagenome,urban biome,shower drain,PVC,msc environment,not applicable,not applicable,not applicable,not applicable,not applicable,Ea.F.1.H.A,shower drain biofilm,,Not applicable,Not applicable,Not applicable,Not applicable,Not applicable,Not applicable,Not applicable,Not applicable,0.5x,,missing,missing,missing,missing,missing,missing,missing,missing,missing,missing,missing,missing,missing,missing,missing,missing,missing,missing,missing,missing,missing,missing,missing,missing,missing,missing,missing,missing,missing,missing,missing,missing,missing,missing,missing,missing,missing,missing,missing,missing,missing,missing,missing,missing,missing,missing,missing,missing,missing,missing,missing,missing,missing,1,EED_500ng_1x_longplex_Q5XT_8cyc_R005_100k,longplex comparison,WGS,METAGENOMIC,PCR,SINGLE,PACBIO_SMRT,Revio,longplex_1x_NEB Q5 XT,fastq,R005bc2007.E09.unmapped.100k.fastq.gz,161105,1010223294,5525,6669,38.7,44894,1,1
BE_EaF1HB_69.75ng_0.5x_longplex_PstarLongSeq_8cyc_none,Ea.F.1.H.B,Low DNA input validation: Built Environment,validation Built Environment,WGS,METAGENOMIC,PCR,single,PACBIO_SMRT,Revio,Vega,fastq,H01.nonhuman.fastq.gz,H01.nonhuman.fastq.gz,SRR40532677,PRJNA1480782,SAMN62948903,Ea.F.1.H.B,none,,indoor metagenome,5/7/26,not collected,not collected,not collected,USA:Waco,built environment,31.544056 N 97.114346 W,BE,multiple,69.75,Pstar,Takara PrimeSTAR LongSeq,Not applicable,8,longplex,FALSE,longplex_PCR,longplex_0.5x_Takara PrimeSTAR LongSeq,not applicable,multiple,,,H01,NaN,Free-living,Free-living (non-saline),Solid(non-saline),indoor metagenome,urban biome,shower drain,PVC,msc environment,not applicable,not applicable,not applicable,not applicable,not applicable,Ea.F.1.H.B,shower drain biofilm,,Not applicable,Not applicable,Not applicable,Not applicable,Not applicable,Not applicable,Not applicable,Not applicable,0.5x,,missing,missing,missing,missing,missing,missing,missing,missing,missing,missing,missing,missing,missing,missing,missing,missing,missing,missing,missing,missing,missing,missing,missing,missing,missing,missing,missing,missing,missing,missing,missing,missing,missing,missing,missing,missing,missing,missing,missing,missing,missing,missing,missing,missing,missing,missing,missing,missing,missing,missing,missing,missing,missing,1,EED_500ng_1x_longplex_Q5XT_8cyc_R005_none,longplex comparison,WGS,METAGENOMIC,PCR,SINGLE,PACBIO_SMRT,Revio,longplex_1x_NEB Q5 XT,fastq,R005bc2007.E09.unmapped.fastq.gz,922378,6981496874,6508,8370,37.2,46505,19,19
BE_EaF1HC_35.25ng_0.5x_longplex_PstarLongSeq_8cyc_none,Ea.F.1.H.C,Low DNA input validation: Built Environment,validation Built Environment,WGS,METAGENOMIC,PCR,single,PACBIO_SMRT,Revio,Vega,fastq,A02.nonhuman.fastq.gz,A02.nonhuman.fastq.gz,SRR40532720,PRJNA1480782,SAMN62948855,Ea.F.1.H.C,none,,indoor metagenome,5/7/26,not collected,not collected,not collected,USA:Waco,built environment,31.544056 N 97.114346 W,BE,multiple,35.25,Pstar,Takara PrimeSTAR LongSeq,Not applicable,8,longplex,FALSE,longplex_PCR,longplex_0.5x_Takara PrimeSTAR LongSeq,not applicable,multiple,,,A02,NaN,Free-living,Free-living (non-saline),Solid(non-saline),indoor metagenome,urban biome,shower drain,PVC,msc environment,not applicable,not applicable,not applicable,not applicable,not applicable,Ea.F.1.H.C,shower drain biofilm,,Not applicable,Not applicable,Not applicable,Not applicable,Not applicable,Not applicable,Not applicable,Not applicable,0.5x,,missing,missing,missing,missing,missing,missing,missing,missing,missing,missing,missing,missing,missing,missing,missing,missing,missing,missing,missing,missing,missing,missing,missing,missing,missing,missing,missing,missing,missing,missing,missing,missing,missing,missing,missing,missing,missing,missing,missing,missing,missing,missing,missing,missing,missing,missing,missing,missing,missing,missing,missing,missing,missing,1,EED_75ng_0.5x_longplex_decodifi_8cyc_R006_100k,longplex comparison,WGS,METAGENOMIC,PCR,SINGLE,PACBIO_SMRT,Revio,longplex_0.5x_Kura Decodifi,fastq,R006bc2010.B02.unmapped.100k.fastq.gz,22175,173958726,6813,8634,37,37948,0,0
BE_EaF1LA_21.75ng_0.5x_longplex_PstarLongSeq_8cyc_none,Ea.F.1.L.A,Low DNA input validation: Built Environment,validation Built Environment,WGS,METAGENOMIC,PCR,single,PACBIO_SMRT,Revio,Vega,fastq,A01.nonhuman.fastq.gz,A01.nonhuman.fastq.gz,SRR40532721,PRJNA1480782,SAMN62948854,Ea.F.1.L.A,none,,indoor metagenome,5/7/26,not collected,not collected,not collected,USA:Waco,built environment,31.544056 N 97.114346 W,BE,multiple,21.75,Pstar,Takara PrimeSTAR LongSeq,Not applicable,8,longplex,FALSE,longplex_PCR,longplex_0.5x_Takara PrimeSTAR LongSeq,not applicable,multiple,,,A01,NaN,Free-living,Free-living (non-saline),Solid(non-saline),indoor metagenome,urban biome,shower drain,PVC,msc environment,not applicable,not applicable,not applicable,not applicable,not applicable,Ea.F.1.L.A,shower drain biofilm,,Not applicable,Not applicable,Not applicable,Not applicable,Not applicable,Not applicable,Not applicable,Not applicable,0.5x,,missing,missing,missing,missing,missing,missing,missing,missing,missing,missing,missing,missing,missing,missing,missing,missing,missing,missing,missing,missing,missing,missing,missing,missing,missing,missing,missing,missing,missing,missing,missing,missing,missing,missing,missing,missing,missing,missing,missing,missing,missing,missing,missing,missing,missing,missing,missing,missing,missing,missing,missing,missing,missing,1,EED_75ng_0.5x_longplex_decodifi_8cyc_R006_none,longplex comparison,WGS,METAGENOMIC,PCR,SINGLE,PACBIO_SMRT,Revio,longplex_0.5x_Kura Decodifi,fastq,R006bc2010.B02.unmapped.fastq.gz,351893,2003033046,5180,5945,39.1,29690,5,5
BE_EaF1LB_104.25ng_0.5x_longplex_PstarLongSeq_8cyc_none,Ea.F.1.L.B,Low DNA input validation: Built Environment,validation Built Environment,WGS,METAGENOMIC,PCR,single,PACBIO_SMRT,Revio,Vega,fastq,B01.nonhuman.fastq.gz,B01.nonhuman.fastq.gz,SRR40532668,PRJNA1480782,SAMN62948861,Ea.F.1.L.B,none,,indoor metagenome,5/7/26,not collected,not collected,not collected,USA:Waco,built environment,31.544056 N 97.114346 W,BE,multiple,104.25,Pstar,Takara PrimeSTAR LongSeq,Not applicable,8,longplex,FALSE,longplex_PCR,longplex_0.5x_Takara PrimeSTAR LongSeq,not applicable,multiple,,,B01,NaN,Free-living,Free-living (non-saline),Solid(non-saline),indoor metagenome,urban biome,shower drain,PVC,msc environment,not applicable,not applicable,not applicable,not applicable,not applicable,Ea.F.1.L.B,shower drain biofilm,,Not applicable,Not applicable,Not applicable,Not applicable,Not applicable,Not applicable,Not applicable,Not applicable,0.5x,,missing,missing,missing,missing,missing,missing,missing,missing,missing,missing,missing,missing,missing,missing,missing,missing,missing,missing,missing,missing,missing,missing,missing,missing,missing,missing,missing,missing,missing,missing,missing,missing,missing,missing,missing,missing,missing,missing,missing,missing,missing,missing,missing,missing,missing,missing,missing,missing,missing,missing,missing,missing,missing,1,EED_75ng_0.5x_longplex_Pstar_8cyc_R006_100k,longplex comparison,WGS,METAGENOMIC,PCR,SINGLE,PACBIO_SMRT,Revio,longplex_0.5x_Takara PrimeSTAR LongSeq,fastq,R006bc2010.B06.unmapped.100k.fastq.gz,660203,4744292380,6335,7771,37.6,43787,16,16
BE_EaF2HA_36ng_0.5x_longplex_PstarLongSeq_8cyc_none,Ea.F.2.H.A,Low DNA input validation: Built Environment,validation Built Environment,WGS,METAGENOMIC,PCR,single,PACBIO_SMRT,Revio,Vega,fastq,B02.nonhuman.fastq.gz,B02.nonhuman.fastq.gz,SRR40532667,PRJNA1480782,SAMN62948862,Ea.F.2.H.A,none,,indoor metagenome,5/7/26,not collected,not collected,not collected,USA:Waco,built environment,31.544056 N 97.114346 W,BE,multiple,36,Pstar,Takara PrimeSTAR LongSeq,Not applicable,8,longplex,FALSE,longplex_PCR,longplex_0.5x_Takara PrimeSTAR LongSeq,not applicable,multiple,,,B02,NaN,Free-living,Free-living (non-saline),Solid(non-saline),indoor metagenome,urban biome,shower drain,PVC,msc environment,not applicable,not applicable,not applicable,not applicable,not applicable,Ea.F.2.H.A,shower drain biofilm,,Not applicable,Not applicable,Not applicable,Not applicable,Not applicable,Not applicable,Not applicable,Not applicable,0.5x,,missing,missing,missing,missing,missing,missing,missing,missing,missing,missing,missing,missing,missing,missing,missing,missing,missing,missing,missing,missing,missing,missing,missing,missing,missing,missing,missing,missing,missing,missing,missing,missing,missing,missing,missing,missing,missing,missing,missing,missing,missing,missing,missing,missing,missing,missing,missing,missing,missing,missing,missing,missing,missing,1,EED_75ng_0.5x_longplex_Pstar_8cyc_R006_none,longplex comparison,WGS,METAGENOMIC,PCR,SINGLE,PACBIO_SMRT,Revio,longplex_0.5x_Takara PrimeSTAR LongSeq,fastq,R006bc2010.B06.unmapped.fastq.gz,380753,2250562984,5347,6211,39,34459,6,6
BE_EaF2HB_8.175ng_0.5x_longplex_PstarLongSeq_8cyc_none,Ea.F.2.H.B,Low DNA input validation: Built Environment,validation Built Environment,WGS,METAGENOMIC,PCR,single,PACBIO_SMRT,Revio,Vega,fastq,C02.nonhuman.fastq.gz,C02.nonhuman.fastq.gz,SRR40532714,PRJNA1480782,SAMN62948869,Ea.F.2.H.B,none,,indoor metagenome,5/7/26,not collected,not collected,not collected,USA:Waco,built environment,31.544056 N 97.114346 W,BE,multiple,8.175,Pstar,Takara PrimeSTAR LongSeq,Not applicable,8,longplex,FALSE,longplex_PCR,longplex_0.5x_Takara PrimeSTAR LongSeq,not applicable,multiple,,,C02,NaN,Free-living,Free-living (non-saline),Solid(non-saline),indoor metagenome,urban biome,shower drain,PVC,msc environment,not applicable,not applicable,not applicable,not applicable,not applicable,Ea.F.2.H.B,shower drain biofilm,,Not applicable,Not applicable,Not applicable,Not applicable,Not applicable,Not applicable,Not applicable,Not applicable,0.5x,,missing,missing,missing,missing,missing,missing,missing,missing,missing,missing,missing,missing,missing,missing,missing,missing,missing,missing,missing,missing,missing,missing,missing,missing,missing,missing,missing,missing,missing,missing,missing,missing,missing,missing,missing,missing,missing,missing,missing,missing,missing,missing,missing,missing,missing,missing,missing,missing,missing,missing,missing,missing,missing,1,EED_75ng_0.5x_longplex_Q5XT_8cyc_R006_100k,longplex comparison,WGS,METAGENOMIC,PCR,SINGLE,PACBIO_SMRT,Revio,longplex_0.5x_NEB Q5 XT,fastq,R006bc2010.B04.unmapped.100k.fastq.gz,74586,362719178,4546,5008,39.7,22558,0,0
BE_EaF2HC_39ng_0.5x_longplex_PstarLongSeq_8cyc_none,Ea.F.2.H.C,Low DNA input validation: Built Environment,validation Built Environment,WGS,METAGENOMIC,PCR,single,PACBIO_SMRT,Revio,Vega,fastq,D02.nonhuman.fastq.gz,D02.nonhuman.fastq.gz,SRR40532706,PRJNA1480782,SAMN62948876,Ea.F.2.H.C,none,,indoor metagenome,5/7/26,not collected,not collected,not collected,USA:Waco,built environment,31.544056 N 97.114346 W,BE,multiple,39,Pstar,Takara PrimeSTAR LongSeq,Not applicable,8,longplex,FALSE,longplex_PCR,longplex_0.5x_Takara PrimeSTAR LongSeq,not applicable,multiple,,,D02,NaN,Free-living,Free-living (non-saline),Solid(non-saline),indoor metagenome,urban biome,shower drain,PVC,msc environment,not applicable,not applicable,not applicable,not applicable,not applicable,Ea.F.2.H.C,shower drain biofilm,,Not applicable,Not applicable,Not applicable,Not applicable,Not applicable,Not applicable,Not applicable,Not applicable,0.5x,,missing,missing,missing,missing,missing,missing,missing,missing,missing,missing,missing,missing,missing,missing,missing,missing,missing,missing,missing,missing,missing,missing,missing,missing,missing,missing,missing,missing,missing,missing,missing,missing,missing,missing,missing,missing,missing,missing,missing,missing,missing,missing,missing,missing,missing,missing,missing,missing,missing,missing,missing,missing,missing,1,EED_75ng_0.5x_longplex_Q5XT_8cyc_R006_none,longplex comparison,WGS,METAGENOMIC,PCR,SINGLE,PACBIO_SMRT,Revio,longplex_0.5x_NEB Q5 XT,fastq,R006bc2010.B04.unmapped.fastq.gz,64401,490593369,6553,8459,37,40164,3,3
BE_EaF2LA_101.25ng_0.5x_longplex_PstarLongSeq_8cyc_none,Ea.F.2.L.A,Low DNA input validation: Built Environment,validation Built Environment,WGS,METAGENOMIC,PCR,single,PACBIO_SMRT,Revio,Vega,fastq,C01.nonhuman.fastq.gz,C01.nonhuman.fastq.gz,SRR40532715,PRJNA1480782,SAMN62948868,Ea.F.2.L.A,none,,indoor metagenome,5/7/26,not collected,not collected,not collected,USA:Waco,built environment,31.544056 N 97.114346 W,BE,multiple,101.25,Pstar,Takara PrimeSTAR LongSeq,Not applicable,8,longplex,FALSE,longplex_PCR,longplex_0.5x_Takara PrimeSTAR LongSeq,not applicable,multiple,,,C01,NaN,Free-living,Free-living (non-saline),Solid(non-saline),indoor metagenome,urban biome,shower drain,PVC,msc environment,not applicable,not applicable,not applicable,not applicable,not applicable,Ea.F.2.L.A,shower drain biofilm,,Not applicable,Not applicable,Not applicable,Not applicable,Not applicable,Not applicable,Not applicable,Not applicable,0.5x,,missing,missing,missing,missing,missing,missing,missing,missing,missing,missing,missing,missing,missing,missing,missing,missing,missing,missing,missing,missing,missing,missing,missing,missing,missing,missing,missing,missing,missing,missing,missing,missing,missing,missing,missing,missing,missing,missing,missing,missing,missing,missing,missing,missing,missing,missing,missing,missing,missing,missing,missing,missing,missing,1,ESK_1000ng_gtube_PCRfree_R004_100k,longplex comparison,WGS,METAGENOMIC,RANDOM,SINGLE,PACBIO_SMRT,Revio,gtube,fastq,m21120_260113_214725.hifi_reads.bc2009.unmapped.100k.fastq.gz,681826,4048981168,5351,6219,38.9,36457,9,9
BE_EaF3HA_11.1ng_0.5x_longplex_PstarLongSeq_8cyc_none,Ea.F.3.H.A,Low DNA input validation: Built Environment,validation Built Environment,WGS,METAGENOMIC,PCR,single,PACBIO_SMRT,Revio,Vega,fastq,E02.nonhuman.fastq.gz,E02.nonhuman.fastq.gz,SRR40532699,PRJNA1480782,SAMN62948883,Ea.F.3.H.A,none,,indoor metagenome,5/7/26,not collected,not collected,not collected,USA:Waco,built environment,31.544056 N 97.114346 W,BE,multiple,11.1,Pstar,Takara PrimeSTAR LongSeq,Not applicable,8,longplex,FALSE,longplex_PCR,longplex_0.5x_Takara PrimeSTAR LongSeq,not applicable,multiple,,,E02,NaN,Free-living,Free-living (non-saline),Solid(non-saline),indoor metagenome,urban biome,shower drain,PVC,msc environment,not applicable,not applicable,not applicable,not applicable,not applicable,Ea.F.3.H.A,shower drain biofilm,,Not applicable,Not applicable,Not applicable,Not applicable,Not applicable,Not applicable,Not applicable,Not applicable,0.5x,,missing,missing,missing,missing,missing,missing,missing,missing,missing,missing,missing,missing,missing,missing,missing,missing,missing,missing,missing,missing,missing,missing,missing,missing,missing,missing,missing,missing,missing,missing,missing,missing,missing,missing,missing,missing,missing,missing,missing,missing,missing,missing,missing,missing,missing,missing,missing,missing,missing,missing,missing,missing,missing,1,ESK_1000ng_gtube_PCRfree_R004_none,longplex comparison,WGS,METAGENOMIC,RANDOM,SINGLE,PACBIO_SMRT,Revio,gtube,fastq,m21120_260113_214725.hifi_reads.bc2009.unmapped.fastq.gz,117920,572638890,4526,5005,39.7,27839,0,0
BE_EaF3HB_39ng_0.5x_longplex_PstarLongSeq_8cyc_none,Ea.F.3.H.B,Low DNA input validation: Built Environment,validation Built Environment,WGS,METAGENOMIC,PCR,single,PACBIO_SMRT,Revio,Vega,fastq,F02.nonhuman.fastq.gz,F02.nonhuman.fastq.gz,SRR40532691,PRJNA1480782,SAMN62948890,Ea.F.3.H.B,none,,indoor metagenome,5/7/26,not collected,not collected,not collected,USA:Waco,built environment,31.544056 N 97.114346 W,BE,multiple,39,Pstar,Takara PrimeSTAR LongSeq,Not applicable,8,longplex,FALSE,longplex_PCR,longplex_0.5x_Takara PrimeSTAR LongSeq,not applicable,multiple,,,F02,NaN,Free-living,Free-living (non-saline),Solid(non-saline),indoor metagenome,urban biome,shower drain,PVC,msc environment,not applicable,not applicable,not applicable,not applicable,not applicable,Ea.F.3.H.B,shower drain biofilm,,Not applicable,Not applicable,Not applicable,Not applicable,Not applicable,Not applicable,Not applicable,Not applicable,0.5x,,missing,missing,missing,missing,missing,missing,missing,missing,missing,missing,missing,missing,missing,missing,missing,missing,missing,missing,missing,missing,missing,missing,missing,missing,missing,missing,missing,missing,missing,missing,missing,missing,missing,missing,missing,missing,missing,missing,missing,missing,missing,missing,missing,missing,missing,missing,missing,missing,missing,missing,missing,missing,missing,1,ESK_1000ng_gtube_PCRfree_R005_100k,longplex comparison,WGS,METAGENOMIC,RANDOM,SINGLE,PACBIO_SMRT,Revio,gtube,fastq,m21120_260115_173545.hifi_reads.bc2009.bam.unmapped.100k.fastq.gz,583257,3641072898,5606,6625,38.8,35016,4,4
BE_EaF3HC_1.8225ng_0.5x_longplex_PstarLongSeq_8cyc_none,Ea.F.3.H.C,Low DNA input validation: Built Environment,validation Built Environment,WGS,METAGENOMIC,PCR,single,PACBIO_SMRT,Revio,Vega,fastq,G02.nonhuman.fastq.gz,G02.nonhuman.fastq.gz,SRR40532683,PRJNA1480782,SAMN62948897,Ea.F.3.H.C,none,,indoor metagenome,5/7/26,not collected,not collected,not collected,USA:Waco,built environment,31.544056 N 97.114346 W,BE,multiple,1.8225,Pstar,Takara PrimeSTAR LongSeq,Not applicable,8,longplex,FALSE,longplex_PCR,longplex_0.5x_Takara PrimeSTAR LongSeq,not applicable,multiple,,,G02,NaN,Free-living,Free-living (non-saline),Solid(non-saline),indoor metagenome,urban biome,shower drain,PVC,msc environment,not applicable,not applicable,not applicable,not applicable,not applicable,Ea.F.3.H.C,shower drain biofilm,,Not applicable,Not applicable,Not applicable,Not applicable,Not applicable,Not applicable,Not applicable,Not applicable,0.5x,,missing,missing,missing,missing,missing,missing,missing,missing,missing,missing,missing,missing,missing,missing,missing,missing,missing,missing,missing,missing,missing,missing,missing,missing,missing,missing,missing,missing,missing,missing,missing,missing,missing,missing,missing,missing,missing,missing,missing,missing,missing,missing,missing,missing,missing,missing,missing,missing,missing,missing,missing,missing,missing,1,ESK_1000ng_gtube_PCRfree_R005_none,longplex comparison,WGS,METAGENOMIC,RANDOM,SINGLE,PACBIO_SMRT,Revio,gtube,fastq,m21120_260115_173545.hifi_reads.bc2009.bam.unmapped.fastq.gz,1112,3907236,3442,3786,40,17898,0,0
BE_EaF3LA_31.5ng_0.5x_longplex_PstarLongSeq_8cyc_none,Ea.F.3.L.A,Low DNA input validation: Built Environment,validation Built Environment,WGS,METAGENOMIC,PCR,single,PACBIO_SMRT,Revio,Vega,fastq,D01.nonhuman.fastq.gz,D01.nonhuman.fastq.gz,SRR40532707,PRJNA1480782,SAMN62948875,Ea.F.3.L.A,none,,indoor metagenome,5/7/26,not collected,not collected,not collected,USA:Waco,built environment,31.544056 N 97.114346 W,BE,multiple,31.5,Pstar,Takara PrimeSTAR LongSeq,Not applicable,8,longplex,FALSE,longplex_PCR,longplex_0.5x_Takara PrimeSTAR LongSeq,not applicable,multiple,,,D01,NaN,Free-living,Free-living (non-saline),Solid(non-saline),indoor metagenome,urban biome,shower drain,PVC,msc environment,not applicable,not applicable,not applicable,not applicable,not applicable,Ea.F.3.L.A,shower drain biofilm,,Not applicable,Not applicable,Not applicable,Not applicable,Not applicable,Not applicable,Not applicable,Not applicable,0.5x,,missing,missing,missing,missing,missing,missing,missing,missing,missing,missing,missing,missing,missing,missing,missing,missing,missing,missing,missing,missing,missing,missing,missing,missing,missing,missing,missing,missing,missing,missing,missing,missing,missing,missing,missing,missing,missing,missing,missing,missing,missing,missing,missing,missing,missing,missing,missing,missing,missing,missing,missing,missing,missing,1,ESK_150ng_0.5x_longplex_decodifi_8cyc_R006_100k,longplex comparison,WGS,METAGENOMIC,PCR,SINGLE,PACBIO_SMRT,Revio,longplex_0.5x_Kura Decodifi,fastq,R006bc2010.E02.unmapped.100k.fastq.gz,229863,1333281485,5223,6087,39,32523,3,3
BE_EaF3LB_59.25ng_0.5x_longplex_PstarLongSeq_8cyc_none,Ea.F.3.L.B,Low DNA input validation: Built Environment,validation Built Environment,WGS,METAGENOMIC,PCR,single,PACBIO_SMRT,Revio,Vega,fastq,E01.nonhuman.fastq.gz,E01.nonhuman.fastq.gz,SRR40532700,PRJNA1480782,SAMN62948882,Ea.F.3.L.B,none,,indoor metagenome,5/7/26,not collected,not collected,not collected,USA:Waco,built environment,31.544056 N 97.114346 W,BE,multiple,59.25,Pstar,Takara PrimeSTAR LongSeq,Not applicable,8,longplex,FALSE,longplex_PCR,longplex_0.5x_Takara PrimeSTAR LongSeq,not applicable,multiple,,,E01,NaN,Free-living,Free-living (non-saline),Solid(non-saline),indoor metagenome,urban biome,shower drain,PVC,msc environment,not applicable,not applicable,not applicable,not applicable,not applicable,Ea.F.3.L.B,shower drain biofilm,,Not applicable,Not applicable,Not applicable,Not applicable,Not applicable,Not applicable,Not applicable,Not applicable,0.5x,,missing,missing,missing,missing,missing,missing,missing,missing,missing,missing,missing,missing,missing,missing,missing,missing,missing,missing,missing,missing,missing,missing,missing,missing,missing,missing,missing,missing,missing,missing,missing,missing,missing,missing,missing,missing,missing,missing,missing,missing,missing,missing,missing,missing,missing,missing,missing,missing,missing,missing,missing,missing,missing,1,ESK_150ng_0.5x_longplex_decodifi_8cyc_R006_none,longplex comparison,WGS,METAGENOMIC,PCR,SINGLE,PACBIO_SMRT,Revio,longplex_0.5x_Kura Decodifi,fastq,R006bc2010.E02.unmapped.fastq.gz,397221,2833775541,6280,7717,37.5,40640,10,10
BE_EaF3LC_55.5ng_0.5x_longplex_PstarLongSeq_8cyc_none,Ea.F.3.L.C,Low DNA input validation: Built Environment,validation Built Environment,WGS,METAGENOMIC,PCR,single,PACBIO_SMRT,Revio,Vega,fastq,F01.nonhuman.fastq.gz,F01.nonhuman.fastq.gz,SRR40532692,PRJNA1480782,SAMN62948889,Ea.F.3.L.C,none,,indoor metagenome,5/7/26,not collected,not collected,not collected,USA:Waco,built environment,31.544056 N 97.114346 W,BE,multiple,55.5,Pstar,Takara PrimeSTAR LongSeq,Not applicable,8,longplex,FALSE,longplex_PCR,longplex_0.5x_Takara PrimeSTAR LongSeq,not applicable,multiple,,,F01,NaN,Free-living,Free-living (non-saline),Solid(non-saline),indoor metagenome,urban biome,shower drain,PVC,msc environment,not applicable,not applicable,not applicable,not applicable,not applicable,Ea.F.3.L.C,shower drain biofilm,,Not applicable,Not applicable,Not applicable,Not applicable,Not applicable,Not applicable,Not applicable,Not applicable,0.5x,,missing,missing,missing,missing,missing,missing,missing,missing,missing,missing,missing,missing,missing,missing,missing,missing,missing,missing,missing,missing,missing,missing,missing,missing,missing,missing,missing,missing,missing,missing,missing,missing,missing,missing,missing,missing,missing,missing,missing,missing,missing,missing,missing,missing,missing,missing,missing,missing,missing,missing,missing,missing,missing,1,ESK_150ng_0.5x_longplex_Pstar_8cyc_R006_100k,longplex comparison,WGS,METAGENOMIC,PCR,SINGLE,PACBIO_SMRT,Revio,longplex_0.5x_Takara PrimeSTAR LongSeq,fastq,R006bc2010.E06.unmapped.100k.fastq.gz,720961,5111064192,6226,7696,37.7,44781,10,9
BE_HeF2LA_46.5ng_0.5x_longplex_PstarLongSeq_8cyc_none,He.F.2.L.A,Low DNA input validation: Built Environment,validation Built Environment,WGS,METAGENOMIC,PCR,single,PACBIO_SMRT,Revio,Vega,fastq,A07.nonhuman.fastq.gz,A07.nonhuman.fastq.gz,SRR40532669,PRJNA1480782,SAMN62948860,He.F.2.L.A,none,,indoor metagenome,5/8/26,not collected,not collected,not collected,USA:Waco,built environment,31.549965 N 97.119189 W,BE,multiple,46.5,Pstar,Takara PrimeSTAR LongSeq,Not applicable,8,longplex,FALSE,longplex_PCR,longplex_0.5x_Takara PrimeSTAR LongSeq,not applicable,multiple,,,A07,NaN,Free-living,Free-living (non-saline),Solid(non-saline),indoor metagenome,urban biome,shower drain,PVC,msc environment,not applicable,not applicable,not applicable,not applicable,not applicable,He.F.2.L.A,shower drain biofilm,,Not applicable,Not applicable,Not applicable,Not applicable,Not applicable,Not applicable,Not applicable,Not applicable,0.5x,,missing,missing,missing,missing,missing,missing,missing,missing,missing,missing,missing,missing,missing,missing,missing,missing,missing,missing,missing,missing,missing,missing,missing,missing,missing,missing,missing,missing,missing,missing,missing,missing,missing,missing,missing,missing,missing,missing,missing,missing,missing,missing,missing,missing,missing,missing,missing,missing,missing,missing,missing,missing,missing,1,ESK_150ng_0.5x_longplex_Pstar_8cyc_R006_none,longplex comparison,WGS,METAGENOMIC,PCR,SINGLE,PACBIO_SMRT,Revio,longplex_0.5x_Takara PrimeSTAR LongSeq,fastq,R006bc2010.E06.unmapped.fastq.gz,7786,59522769,6613.5,8307,37,33130,0,0
BE_HeF3LB_102.75ng_0.5x_longplex_PstarLongSeq_8cyc_none,He.F.3.L.B,Low DNA input validation: Built Environment,validation Built Environment,WGS,METAGENOMIC,PCR,single,PACBIO_SMRT,Revio,Vega,fastq,B07.nonhuman.fastq.gz,B07.nonhuman.fastq.gz,SRR40532716,PRJNA1480782,SAMN62948867,He.F.3.L.B,none,,indoor metagenome,5/8/26,not collected,not collected,not collected,USA:Waco,built environment,31.549965 N 97.119189 W,BE,multiple,102.75,Pstar,Takara PrimeSTAR LongSeq,Not applicable,8,longplex,FALSE,longplex_PCR,longplex_0.5x_Takara PrimeSTAR LongSeq,not applicable,multiple,,,B07,NaN,Free-living,Free-living (non-saline),Solid(non-saline),indoor metagenome,urban biome,shower drain,PVC,msc environment,not applicable,not applicable,not applicable,not applicable,not applicable,He.F.3.L.B,shower drain biofilm,,Not applicable,Not applicable,Not applicable,Not applicable,Not applicable,Not applicable,Not applicable,Not applicable,0.5x,,missing,missing,missing,missing,missing,missing,missing,missing,missing,missing,missing,missing,missing,missing,missing,missing,missing,missing,missing,missing,missing,missing,missing,missing,missing,missing,missing,missing,missing,missing,missing,missing,missing,missing,missing,missing,missing,missing,missing,missing,missing,missing,missing,missing,missing,missing,missing,missing,missing,missing,missing,missing,missing,1,ESK_150ng_0.5x_longplex_Q5XT_8cyc_R006_100k,longplex comparison,WGS,METAGENOMIC,PCR,SINGLE,PACBIO_SMRT,Revio,longplex_0.5x_NEB Q5 XT,fastq,R006bc2010.E04.unmapped.100k.fastq.gz,825964,5296019652,5730,6781,38.6,39186,19,19
BE_HeF4LC_0.657ng_0.5x_longplex_PstarLongSeq_8cyc_none,He.F.4.L.C,Low DNA input validation: Built Environment,validation Built Environment,WGS,METAGENOMIC,PCR,single,PACBIO_SMRT,Revio,Vega,fastq,C07.nonhuman.fastq.gz,C07.nonhuman.fastq.gz,SRR40532708,PRJNA1480782,SAMN62948874,He.F.4.L.C,none,,indoor metagenome,5/8/26,not collected,not collected,not collected,USA:Waco,built environment,31.549965 N 97.119189 W,BE,multiple,0.657,Pstar,Takara PrimeSTAR LongSeq,Not applicable,8,longplex,FALSE,longplex_PCR,longplex_0.5x_Takara PrimeSTAR LongSeq,not applicable,multiple,,,C07,NaN,Free-living,Free-living (non-saline),Solid(non-saline),indoor metagenome,urban biome,shower drain,PVC,msc environment,not applicable,not applicable,not applicable,not applicable,not applicable,He.F.4.L.C,shower drain biofilm,,Not applicable,Not applicable,Not applicable,Not applicable,Not applicable,Not applicable,Not applicable,Not applicable,0.5x,,missing,missing,missing,missing,missing,missing,missing,missing,missing,missing,missing,missing,missing,missing,missing,missing,missing,missing,missing,missing,missing,missing,missing,missing,missing,missing,missing,missing,missing,missing,missing,missing,missing,missing,missing,missing,missing,missing,missing,missing,missing,missing,missing,missing,missing,missing,missing,missing,missing,missing,missing,missing,missing,1,ESK_150ng_0.5x_longplex_Q5XT_8cyc_R006_none,longplex comparison,WGS,METAGENOMIC,PCR,SINGLE,PACBIO_SMRT,Revio,longplex_0.5x_NEB Q5 XT,fastq,R006bc2010.E04.unmapped.fastq.gz,2516,10861102,4084,4417,39.8,17971,0,0
BE_MeF2LA_45ng_0.5x_longplex_PstarLongSeq_8cyc_none,Me.F.2.L.A,Low DNA input validation: Built Environment,validation Built Environment,WGS,METAGENOMIC,PCR,single,PACBIO_SMRT,Revio,Vega,fastq,F06.nonhuman.fastq.gz,F06.nonhuman.fastq.gz,SRR40532686,PRJNA1480782,SAMN62948894,Me.F.2.L.A,none,,indoor metagenome,5/8/26,not collected,not collected,not collected,USA:Waco,built environment,31.544033 N 97.120965 W,BE,multiple,45,Pstar,Takara PrimeSTAR LongSeq,Not applicable,8,longplex,FALSE,longplex_PCR,longplex_0.5x_Takara PrimeSTAR LongSeq,not applicable,multiple,,,F06,NaN,Free-living,Free-living (non-saline),Solid(non-saline),indoor metagenome,urban biome,shower drain,PVC,msc environment,not applicable,not applicable,not applicable,not applicable,not applicable,Me.F.2.L.A,shower drain biofilm,,Not applicable,Not applicable,Not applicable,Not applicable,Not applicable,Not applicable,Not applicable,Not applicable,0.5x,,missing,missing,missing,missing,missing,missing,missing,missing,missing,missing,missing,missing,missing,missing,missing,missing,missing,missing,missing,missing,missing,missing,missing,missing,missing,missing,missing,missing,missing,missing,missing,missing,missing,missing,missing,missing,missing,missing,missing,missing,missing,missing,missing,missing,missing,missing,missing,missing,missing,missing,missing,missing,missing,1,ESK_150ng_1x_longplex_decodifi_8cyc_R004_100k,longplex comparison,WGS,METAGENOMIC,PCR,SINGLE,PACBIO_SMRT,Revio,longplex_1x_Kura Decodifi,fastq,R004bc2008.D10.unmapped.100k.fastq.gz,349900,2402360206,6067,7344,37.7,43090,9,9
BE_MeF3LB_95.25ng_0.5x_longplex_PstarLongSeq_8cyc_none,Me.F.3.L.B,Low DNA input validation: Built Environment,validation Built Environment,WGS,METAGENOMIC,PCR,single,PACBIO_SMRT,Revio,Vega,fastq,G06.nonhuman.fastq.gz,G06.nonhuman.fastq.gz,SRR40532679,PRJNA1480782,SAMN62948901,Me.F.3.L.B,none,,indoor metagenome,5/8/26,not collected,not collected,not collected,USA:Waco,built environment,31.544033 N 97.120965 W,BE,multiple,95.25,Pstar,Takara PrimeSTAR LongSeq,Not applicable,8,longplex,FALSE,longplex_PCR,longplex_0.5x_Takara PrimeSTAR LongSeq,not applicable,multiple,,,G06,NaN,Free-living,Free-living (non-saline),Solid(non-saline),indoor metagenome,urban biome,shower drain,PVC,msc environment,not applicable,not applicable,not applicable,not applicable,not applicable,Me.F.3.L.B,shower drain biofilm,,Not applicable,Not applicable,Not applicable,Not applicable,Not applicable,Not applicable,Not applicable,Not applicable,0.5x,,missing,missing,missing,missing,missing,missing,missing,missing,missing,missing,missing,missing,missing,missing,missing,missing,missing,missing,missing,missing,missing,missing,missing,missing,missing,missing,missing,missing,missing,missing,missing,missing,missing,missing,missing,missing,missing,missing,missing,missing,missing,missing,missing,missing,missing,missing,missing,missing,missing,missing,missing,missing,missing,1,ESK_150ng_1x_longplex_decodifi_8cyc_R004_none,longplex comparison,WGS,METAGENOMIC,PCR,SINGLE,PACBIO_SMRT,Revio,longplex_1x_Kura Decodifi,fastq,R004bc2008.D10.unmapped.fastq.gz,1503640,10187978992,5949,7274,38,42857,22,19
BE_MeF4LC_45ng_0.5x_longplex_PstarLongSeq_8cyc_none,Me.F.4.L.C,Low DNA input validation: Built Environment,validation Built Environment,WGS,METAGENOMIC,PCR,single,PACBIO_SMRT,Revio,Vega,fastq,H06.nonhuman.fastq.gz,H06.nonhuman.fastq.gz,SRR40532671,PRJNA1480782,SAMN62948908,Me.F.4.L.C,none,,indoor metagenome,5/8/26,not collected,not collected,not collected,USA:Waco,built environment,31.544033 N 97.120965 W,BE,multiple,45,Pstar,Takara PrimeSTAR LongSeq,Not applicable,8,longplex,FALSE,longplex_PCR,longplex_0.5x_Takara PrimeSTAR LongSeq,not applicable,multiple,,,H06,NaN,Free-living,Free-living (non-saline),Solid(non-saline),indoor metagenome,urban biome,shower drain,PVC,msc environment,not applicable,not applicable,not applicable,not applicable,not applicable,Me.F.4.L.C,shower drain biofilm,,Not applicable,Not applicable,Not applicable,Not applicable,Not applicable,Not applicable,Not applicable,Not applicable,0.5x,,missing,missing,missing,missing,missing,missing,missing,missing,missing,missing,missing,missing,missing,missing,missing,missing,missing,missing,missing,missing,missing,missing,missing,missing,missing,missing,missing,missing,missing,missing,missing,missing,missing,missing,missing,missing,missing,missing,missing,missing,missing,missing,missing,missing,missing,missing,missing,missing,missing,missing,missing,missing,missing,1,ESK_150ng_1x_longplex_decodifi_8cyc_R005_100k,longplex comparison,WGS,METAGENOMIC,PCR,SINGLE,PACBIO_SMRT,Revio,longplex_1x_Kura Decodifi,fastq,R005bc2008.D10.unmapped.100k.fastq.gz,743533,4942177694,5845,7108,38.1,45626,18,18
BE_NRF1HA_42ng_0.5x_longplex_PstarLongSeq_8cyc_none,NR.F.1.H.A,Low DNA input validation: Built Environment,validation Built Environment,WGS,METAGENOMIC,PCR,single,PACBIO_SMRT,Revio,Vega,fastq,E05.nonhuman.fastq.gz,E05.nonhuman.fastq.gz,SRR40532695,PRJNA1480782,SAMN62948886,NR.F.1.H.A,none,,indoor metagenome,5/8/26,not collected,not collected,not collected,USA:Waco,built environment,31.549204 N 97.120509 W,BE,multiple,42,Pstar,Takara PrimeSTAR LongSeq,Not applicable,8,longplex,FALSE,longplex_PCR,longplex_0.5x_Takara PrimeSTAR LongSeq,not applicable,multiple,,,E05,NaN,Free-living,Free-living (non-saline),Solid(non-saline),indoor metagenome,urban biome,shower drain,Copper,msc environment,not applicable,not applicable,not applicable,not applicable,not applicable,NR.F.1.H.A,shower drain biofilm,,Not applicable,Not applicable,Not applicable,Not applicable,Not applicable,Not applicable,Not applicable,Not applicable,0.5x,,missing,missing,missing,missing,missing,missing,missing,missing,missing,missing,missing,missing,missing,missing,missing,missing,missing,missing,missing,missing,missing,missing,missing,missing,missing,missing,missing,missing,missing,missing,missing,missing,missing,missing,missing,missing,missing,missing,missing,missing,missing,missing,missing,missing,missing,missing,missing,missing,missing,missing,missing,missing,missing,1,ESK_150ng_1x_longplex_decodifi_8cyc_R005_none,longplex comparison,WGS,METAGENOMIC,PCR,SINGLE,PACBIO_SMRT,Revio,longplex_1x_Kura Decodifi,fastq,R005bc2008.D10.unmapped.fastq.gz,161058,895437380,5082,5784,39.2,26309,2,2
BE_NRF2HB_2.4ng_0.5x_longplex_PstarLongSeq_8cyc_none,NR.F.2.H.B,Low DNA input validation: Built Environment,validation Built Environment,WGS,METAGENOMIC,PCR,single,PACBIO_SMRT,Revio,Vega,fastq,F05.nonhuman.fastq.gz,F05.nonhuman.fastq.gz,SRR40532688,PRJNA1480782,SAMN62948893,NR.F.2.H.B,none,,indoor metagenome,5/8/26,not collected,not collected,not collected,USA:Waco,built environment,31.549204 N 97.120509 W,BE,multiple,2.4,Pstar,Takara PrimeSTAR LongSeq,Not applicable,8,longplex,FALSE,longplex_PCR,longplex_0.5x_Takara PrimeSTAR LongSeq,not applicable,multiple,,,F05,NaN,Free-living,Free-living (non-saline),Solid(non-saline),indoor metagenome,urban biome,shower drain,Copper,msc environment,not applicable,not applicable,not applicable,not applicable,not applicable,NR.F.2.H.B,shower drain biofilm,,Not applicable,Not applicable,Not applicable,Not applicable,Not applicable,Not applicable,Not applicable,Not applicable,0.5x,,missing,missing,missing,missing,missing,missing,missing,missing,missing,missing,missing,missing,missing,missing,missing,missing,missing,missing,missing,missing,missing,missing,missing,missing,missing,missing,missing,missing,missing,missing,missing,missing,missing,missing,missing,missing,missing,missing,missing,missing,missing,missing,missing,missing,missing,missing,missing,missing,missing,missing,missing,missing,missing,1,ESK_150ng_1x_longplex_Pstar_8cyc_R004_100k,longplex comparison,WGS,METAGENOMIC,PCR,SINGLE,PACBIO_SMRT,Revio,longplex_1x_Takara PrimeSTAR LongSeq,fastq,R004bc2008.D09.unmapped.100k.fastq.gz,663,2135091,2965,3753,40,25634,0,0
BE_NRF3HC_16.5ng_0.5x_longplex_PstarLongSeq_8cyc_none,NR.F.3.H.C,Low DNA input validation: Built Environment,validation Built Environment,WGS,METAGENOMIC,PCR,single,PACBIO_SMRT,Revio,Vega,fastq,G05.nonhuman.fastq.gz,G05.nonhuman.fastq.gz,SRR40532680,PRJNA1480782,SAMN62948900,NR.F.3.H.C,none,,indoor metagenome,5/8/26,not collected,not collected,not collected,USA:Waco,built environment,31.549204 N 97.120509 W,BE,multiple,16.5,Pstar,Takara PrimeSTAR LongSeq,Not applicable,8,longplex,FALSE,longplex_PCR,longplex_0.5x_Takara PrimeSTAR LongSeq,not applicable,multiple,,,G05,NaN,Free-living,Free-living (non-saline),Solid(non-saline),indoor metagenome,urban biome,shower drain,Copper,msc environment,not applicable,not applicable,not applicable,not applicable,not applicable,NR.F.3.H.C,shower drain biofilm,,Not applicable,Not applicable,Not applicable,Not applicable,Not applicable,Not applicable,Not applicable,Not applicable,0.5x,,missing,missing,missing,missing,missing,missing,missing,missing,missing,missing,missing,missing,missing,missing,missing,missing,missing,missing,missing,missing,missing,missing,missing,missing,missing,missing,missing,missing,missing,missing,missing,missing,missing,missing,missing,missing,missing,missing,missing,missing,missing,missing,missing,missing,missing,missing,missing,missing,missing,missing,missing,missing,missing,1,ESK_150ng_1x_longplex_Pstar_8cyc_R004_none,longplex comparison,WGS,METAGENOMIC,PCR,SINGLE,PACBIO_SMRT,Revio,longplex_1x_Takara PrimeSTAR LongSeq,fastq,R004bc2008.D09.unmapped.fastq.gz,82277,407707967,4595,5109,39.7,26314,0,0
BE_PeF2HA_276ng_0.5x_longplex_PstarLongSeq_8cyc_none,Pe.F.2.H.A,Low DNA input validation: Built Environment,validation Built Environment,WGS,METAGENOMIC,PCR,single,PACBIO_SMRT,Revio,Vega,fastq,D07.nonhuman.fastq.gz,D07.nonhuman.fastq.gz,SRR40532701,PRJNA1480782,SAMN62948881,Pe.F.2.H.A,none,,indoor metagenome,5/8/26,not collected,not collected,not collected,USA:Waco,built environment,31.548624 N 97.121431 W,BE,multiple,276,Pstar,Takara PrimeSTAR LongSeq,Not applicable,8,longplex,FALSE,longplex_PCR,longplex_0.5x_Takara PrimeSTAR LongSeq,not applicable,multiple,,,D07,NaN,Free-living,Free-living (non-saline),Solid(non-saline),indoor metagenome,urban biome,shower drain,PVC,msc environment,not applicable,not applicable,not applicable,not applicable,not applicable,Pe.F.2.H.A,shower drain biofilm,,Not applicable,Not applicable,Not applicable,Not applicable,Not applicable,Not applicable,Not applicable,Not applicable,0.5x,,missing,missing,missing,missing,missing,missing,missing,missing,missing,missing,missing,missing,missing,missing,missing,missing,missing,missing,missing,missing,missing,missing,missing,missing,missing,missing,missing,missing,missing,missing,missing,missing,missing,missing,missing,missing,missing,missing,missing,missing,missing,missing,missing,missing,missing,missing,missing,missing,missing,missing,missing,missing,missing,1,ESK_150ng_1x_longplex_Pstar_8cyc_R005_100k,longplex comparison,WGS,METAGENOMIC,PCR,SINGLE,PACBIO_SMRT,Revio,longplex_1x_Takara PrimeSTAR LongSeq,fastq,R005bc2008.D09.unmapped.100k.fastq.gz,128112,1009848739,6789,8681,37,46113,3,3
BE_PeF3HB_163.5ng_0.5x_longplex_PstarLongSeq_8cyc_none,Pe.F.3.H.B,Low DNA input validation: Built Environment,validation Built Environment,WGS,METAGENOMIC,PCR,single,PACBIO_SMRT,Revio,Vega,fastq,E07.nonhuman.fastq.gz,E07.nonhuman.fastq.gz,SRR40532693,PRJNA1480782,SAMN62948888,Pe.F.3.H.B,none,,indoor metagenome,5/8/26,not collected,not collected,not collected,USA:Waco,built environment,31.548624 N 97.121431 W,BE,multiple,163.5,Pstar,Takara PrimeSTAR LongSeq,Not applicable,8,longplex,FALSE,longplex_PCR,longplex_0.5x_Takara PrimeSTAR LongSeq,not applicable,multiple,,,E07,NaN,Free-living,Free-living (non-saline),Solid(non-saline),indoor metagenome,urban biome,shower drain,PVC,msc environment,not applicable,not applicable,not applicable,not applicable,not applicable,Pe.F.3.H.B,shower drain biofilm,,Not applicable,Not applicable,Not applicable,Not applicable,Not applicable,Not applicable,Not applicable,Not applicable,0.5x,,missing,missing,missing,missing,missing,missing,missing,missing,missing,missing,missing,missing,missing,missing,missing,missing,missing,missing,missing,missing,missing,missing,missing,missing,missing,missing,missing,missing,missing,missing,missing,missing,missing,missing,missing,missing,missing,missing,missing,missing,missing,missing,missing,missing,missing,missing,missing,missing,missing,missing,missing,missing,missing,1,ESK_150ng_1x_longplex_Pstar_8cyc_R005_none,longplex comparison,WGS,METAGENOMIC,PCR,SINGLE,PACBIO_SMRT,Revio,longplex_1x_Takara PrimeSTAR LongSeq,fastq,R005bc2008.D09.unmapped.fastq.gz,45705,349602814,6571,8526,36.6,37853,1,1
BE_PeF4HC_14.1ng_0.5x_longplex_PstarLongSeq_8cyc_none,Pe.F.4.H.C,Low DNA input validation: Built Environment,validation Built Environment,WGS,METAGENOMIC,PCR,single,PACBIO_SMRT,Revio,Vega,fastq,F07.nonhuman.fastq.gz,F07.nonhuman.fastq.gz,SRR40532685,PRJNA1480782,SAMN62948895,Pe.F.4.H.C,none,,indoor metagenome,5/8/26,not collected,not collected,not collected,USA:Waco,built environment,31.548624 N 97.121431 W,BE,multiple,14.1,Pstar,Takara PrimeSTAR LongSeq,Not applicable,8,longplex,FALSE,longplex_PCR,longplex_0.5x_Takara PrimeSTAR LongSeq,not applicable,multiple,,,F07,NaN,Free-living,Free-living (non-saline),Solid(non-saline),indoor metagenome,urban biome,shower drain,PVC,msc environment,not applicable,not applicable,not applicable,not applicable,not applicable,Pe.F.4.H.C,shower drain biofilm,,Not applicable,Not applicable,Not applicable,Not applicable,Not applicable,Not applicable,Not applicable,Not applicable,0.5x,,missing,missing,missing,missing,missing,missing,missing,missing,missing,missing,missing,missing,missing,missing,missing,missing,missing,missing,missing,missing,missing,missing,missing,missing,missing,missing,missing,missing,missing,missing,missing,missing,missing,missing,missing,missing,missing,missing,missing,missing,missing,missing,missing,missing,missing,missing,missing,missing,missing,missing,missing,missing,missing,1,ESK_150ng_1x_longplex_Q5XT_8cyc_R004_100k,longplex comparison,WGS,METAGENOMIC,PCR,SINGLE,PACBIO_SMRT,Revio,longplex_1x_NEB Q5 XT,fastq,R004bc2008.H09.unmapped.100k.fastq.gz,122414,582597632,4422,4887,39.8,23245,1,1
BE_SRF1HA_3.96ng_0.5x_longplex_PstarLongSeq_8cyc_none,SR.F.1.H.A,Low DNA input validation: Built Environment,validation Built Environment,WGS,METAGENOMIC,PCR,single,PACBIO_SMRT,Revio,Vega,fastq,B05.nonhuman.fastq.gz,B05.nonhuman.fastq.gz,SRR40532718,PRJNA1480782,SAMN62948865,SR.F.1.H.A,none,,indoor metagenome,5/8/26,not collected,not collected,not collected,USA:Waco,built environment,31.549661 N 97.121088 W,BE,multiple,3.96,Pstar,Takara PrimeSTAR LongSeq,Not applicable,8,longplex,FALSE,longplex_PCR,longplex_0.5x_Takara PrimeSTAR LongSeq,not applicable,multiple,,,B05,NaN,Free-living,Free-living (non-saline),Solid(non-saline),indoor metagenome,urban biome,shower drain,Copper,msc environment,not applicable,not applicable,not applicable,not applicable,not applicable,SR.F.1.H.A,shower drain biofilm,,Not applicable,Not applicable,Not applicable,Not applicable,Not applicable,Not applicable,Not applicable,Not applicable,0.5x,,missing,missing,missing,missing,missing,missing,missing,missing,missing,missing,missing,missing,missing,missing,missing,missing,missing,missing,missing,missing,missing,missing,missing,missing,missing,missing,missing,missing,missing,missing,missing,missing,missing,missing,missing,missing,missing,missing,missing,missing,missing,missing,missing,missing,missing,missing,missing,missing,missing,missing,missing,missing,missing,1,ESK_150ng_1x_longplex_Q5XT_8cyc_R004_none,longplex comparison,WGS,METAGENOMIC,PCR,SINGLE,PACBIO_SMRT,Revio,longplex_1x_NEB Q5 XT,fastq,R004bc2008.H09.unmapped.fastq.gz,665,2227475,3006,3994,40,26779,0,0
BE_SRF2HB_67.5ng_0.5x_longplex_PstarLongSeq_8cyc_none,SR.F.2.H.B,Low DNA input validation: Built Environment,validation Built Environment,WGS,METAGENOMIC,PCR,single,PACBIO_SMRT,Revio,Vega,fastq,C05.nonhuman.fastq.gz,C05.nonhuman.fastq.gz,SRR40532711,PRJNA1480782,SAMN62948872,SR.F.2.H.B,none,,indoor metagenome,5/8/26,not collected,not collected,not collected,USA:Waco,built environment,31.549661 N 97.121088 W,BE,multiple,67.5,Pstar,Takara PrimeSTAR LongSeq,Not applicable,8,longplex,FALSE,longplex_PCR,longplex_0.5x_Takara PrimeSTAR LongSeq,not applicable,multiple,,,C05,NaN,Free-living,Free-living (non-saline),Solid(non-saline),indoor metagenome,urban biome,shower drain,Copper,msc environment,not applicable,not applicable,not applicable,not applicable,not applicable,SR.F.2.H.B,shower drain biofilm,,Not applicable,Not applicable,Not applicable,Not applicable,Not applicable,Not applicable,Not applicable,Not applicable,0.5x,,missing,missing,missing,missing,missing,missing,missing,missing,missing,missing,missing,missing,missing,missing,missing,missing,missing,missing,missing,missing,missing,missing,missing,missing,missing,missing,missing,missing,missing,missing,missing,missing,missing,missing,missing,missing,missing,missing,missing,missing,missing,missing,missing,missing,missing,missing,missing,missing,missing,missing,missing,missing,missing,1,ESK_150ng_1x_longplex_Q5XT_8cyc_R005_100k,longplex comparison,WGS,METAGENOMIC,PCR,SINGLE,PACBIO_SMRT,Revio,longplex_1x_NEB Q5 XT,fastq,R005bc2008.H09.unmapped.100k.fastq.gz,100909,722648892,6285,7773,37.6,43361,1,1
BE_SRF3HC_55.5ng_0.5x_longplex_PstarLongSeq_8cyc_none,SR.F.3.H.C,Low DNA input validation: Built Environment,validation Built Environment,WGS,METAGENOMIC,PCR,single,PACBIO_SMRT,Revio,Vega,fastq,D05.nonhuman.fastq.gz,D05.nonhuman.fastq.gz,SRR40532703,PRJNA1480782,SAMN62948879,SR.F.3.H.C,none,,indoor metagenome,5/8/26,not collected,not collected,not collected,USA:Waco,built environment,31.549661 N 97.121088 W,BE,multiple,55.5,Pstar,Takara PrimeSTAR LongSeq,Not applicable,8,longplex,FALSE,longplex_PCR,longplex_0.5x_Takara PrimeSTAR LongSeq,not applicable,multiple,,,D05,NaN,Free-living,Free-living (non-saline),Solid(non-saline),indoor metagenome,urban biome,shower drain,Copper,msc environment,not applicable,not applicable,not applicable,not applicable,not applicable,SR.F.3.H.C,shower drain biofilm,,Not applicable,Not applicable,Not applicable,Not applicable,Not applicable,Not applicable,Not applicable,Not applicable,0.5x,,missing,missing,missing,missing,missing,missing,missing,missing,missing,missing,missing,missing,missing,missing,missing,missing,missing,missing,missing,missing,missing,missing,missing,missing,missing,missing,missing,missing,missing,missing,missing,missing,missing,missing,missing,missing,missing,missing,missing,missing,missing,missing,missing,missing,missing,missing,missing,missing,missing,missing,missing,missing,missing,1,ESK_150ng_1x_longplex_Q5XT_8cyc_R005_none,longplex comparison,WGS,METAGENOMIC,PCR,SINGLE,PACBIO_SMRT,Revio,longplex_1x_NEB Q5 XT,fastq,R005bc2008.H09.unmapped.fastq.gz,166765,1036375533,5582,6569,38.7,31994,1,1
BE_TeF1HA_72ng_0.5x_longplex_PstarLongSeq_8cyc_none,Te.F.1.H.A,Low DNA input validation: Built Environment,validation Built Environment,WGS,METAGENOMIC,PCR,single,PACBIO_SMRT,Revio,Vega,fastq,A04.nonhuman.fastq.gz,A04.nonhuman.fastq.gz,SRR40532698,PRJNA1480782,SAMN62948857,Te.F.1.H.A,none,,indoor metagenome,5/7/26,not collected,not collected,not collected,USA:Waco,built environment,31.545609 N 97.113445 W,BE,multiple,72,Pstar,Takara PrimeSTAR LongSeq,Not applicable,8,longplex,FALSE,longplex_PCR,longplex_0.5x_Takara PrimeSTAR LongSeq,not applicable,multiple,,,A04,NaN,Free-living,Free-living (non-saline),Solid(non-saline),indoor metagenome,urban biome,shower drain,PVC,msc environment,not applicable,not applicable,not applicable,not applicable,not applicable,Te.F.1.H.A,shower drain biofilm,,Not applicable,Not applicable,Not applicable,Not applicable,Not applicable,Not applicable,Not applicable,Not applicable,0.5x,,missing,missing,missing,missing,missing,missing,missing,missing,missing,missing,missing,missing,missing,missing,missing,missing,missing,missing,missing,missing,missing,missing,missing,missing,missing,missing,missing,missing,missing,missing,missing,missing,missing,missing,missing,missing,missing,missing,missing,missing,missing,missing,missing,missing,missing,missing,missing,missing,missing,missing,missing,missing,missing,1,ESK_15ng_0.25x_longplex_decodifi_8cyc_R006_100k,longplex comparison,WGS,METAGENOMIC,PCR,SINGLE,PACBIO_SMRT,Revio,longplex_0.25x_Kura Decodifi,fastq,R006bc2010.H02.unmapped.100k.fastq.gz,615,4786308,6372,8746,36.4,30252,0,0
BE_TeF1HB_19.5ng_0.5x_longplex_PstarLongSeq_8cyc_none,Te.F.1.H.B,Low DNA input validation: Built Environment,validation Built Environment,WGS,METAGENOMIC,PCR,single,PACBIO_SMRT,Revio,Vega,fastq,B04.nonhuman.fastq.gz,B04.nonhuman.fastq.gz,SRR40532719,PRJNA1480782,SAMN62948864,Te.F.1.H.B,none,,indoor metagenome,5/7/26,not collected,not collected,not collected,USA:Waco,built environment,31.545609 N 97.113445 W,BE,multiple,19.5,Pstar,Takara PrimeSTAR LongSeq,Not applicable,8,longplex,FALSE,longplex_PCR,longplex_0.5x_Takara PrimeSTAR LongSeq,not applicable,multiple,,,B04,NaN,Free-living,Free-living (non-saline),Solid(non-saline),indoor metagenome,urban biome,shower drain,PVC,msc environment,not applicable,not applicable,not applicable,not applicable,not applicable,Te.F.1.H.B,shower drain biofilm,,Not applicable,Not applicable,Not applicable,Not applicable,Not applicable,Not applicable,Not applicable,Not applicable,0.5x,,missing,missing,missing,missing,missing,missing,missing,missing,missing,missing,missing,missing,missing,missing,missing,missing,missing,missing,missing,missing,missing,missing,missing,missing,missing,missing,missing,missing,missing,missing,missing,missing,missing,missing,missing,missing,missing,missing,missing,missing,missing,missing,missing,missing,missing,missing,missing,missing,missing,missing,missing,missing,missing,1,ESK_15ng_0.25x_longplex_decodifi_8cyc_R006_none,longplex comparison,WGS,METAGENOMIC,PCR,SINGLE,PACBIO_SMRT,Revio,longplex_0.25x_Kura Decodifi,fastq,R006bc2010.H02.unmapped.fastq.gz,27020,151193071,5101,5834,39,26645,0,0
BE_TeF1HC_40.5ng_0.5x_longplex_PstarLongSeq_8cyc_none,Te.F.1.H.C,Low DNA input validation: Built Environment,validation Built Environment,WGS,METAGENOMIC,PCR,single,PACBIO_SMRT,Revio,Vega,fastq,C04.nonhuman.fastq.gz,C04.nonhuman.fastq.gz,SRR40532712,PRJNA1480782,SAMN62948871,Te.F.1.H.C,none,,indoor metagenome,5/7/26,not collected,not collected,not collected,USA:Waco,built environment,31.545609 N 97.113445 W,BE,multiple,40.5,Pstar,Takara PrimeSTAR LongSeq,Not applicable,8,longplex,FALSE,longplex_PCR,longplex_0.5x_Takara PrimeSTAR LongSeq,not applicable,multiple,,,C04,NaN,Free-living,Free-living (non-saline),Solid(non-saline),indoor metagenome,urban biome,shower drain,PVC,msc environment,not applicable,not applicable,not applicable,not applicable,not applicable,Te.F.1.H.C,shower drain biofilm,,Not applicable,Not applicable,Not applicable,Not applicable,Not applicable,Not applicable,Not applicable,Not applicable,0.5x,,missing,missing,missing,missing,missing,missing,missing,missing,missing,missing,missing,missing,missing,missing,missing,missing,missing,missing,missing,missing,missing,missing,missing,missing,missing,missing,missing,missing,missing,missing,missing,missing,missing,missing,missing,missing,missing,missing,missing,missing,missing,missing,missing,missing,missing,missing,missing,missing,missing,missing,missing,missing,missing,1,ESK_15ng_0.25x_longplex_Q5XT_8cyc_R006_100k,longplex comparison,WGS,METAGENOMIC,PCR,SINGLE,PACBIO_SMRT,Revio,longplex_0.25x_NEB Q5 XT,fastq,R006bc2010.H04.unmapped.100k.fastq.gz,208497,1245096144,5378,6271,38.9,32510,4,4
BE_TeF1LA_18ng_0.5x_longplex_PstarLongSeq_8cyc_none,Te.F.1.L.A,Low DNA input validation: Built Environment,validation Built Environment,WGS,METAGENOMIC,PCR,single,PACBIO_SMRT,Revio,Vega,fastq,A03.nonhuman.fastq.gz,A03.nonhuman.fastq.gz,SRR40532709,PRJNA1480782,SAMN62948856,Te.F.1.L.A,none,,indoor metagenome,5/7/26,not collected,not collected,not collected,USA:Waco,built environment,31.545609 N 97.113445 W,BE,multiple,18,Pstar,Takara PrimeSTAR LongSeq,Not applicable,8,longplex,FALSE,longplex_PCR,longplex_0.5x_Takara PrimeSTAR LongSeq,not applicable,multiple,,,A03,NaN,Free-living,Free-living (non-saline),Solid(non-saline),indoor metagenome,urban biome,shower drain,PVC,msc environment,not applicable,not applicable,not applicable,not applicable,not applicable,Te.F.1.L.A,shower drain biofilm,,Not applicable,Not applicable,Not applicable,Not applicable,Not applicable,Not applicable,Not applicable,Not applicable,0.5x,,missing,missing,missing,missing,missing,missing,missing,missing,missing,missing,missing,missing,missing,missing,missing,missing,missing,missing,missing,missing,missing,missing,missing,missing,missing,missing,missing,missing,missing,missing,missing,missing,missing,missing,missing,missing,missing,missing,missing,missing,missing,missing,missing,missing,missing,missing,missing,missing,missing,missing,missing,missing,missing,1,ESK_15ng_0.25x_longplex_Q5XT_8cyc_R006_none,longplex comparison,WGS,METAGENOMIC,PCR,SINGLE,PACBIO_SMRT,Revio,longplex_0.25x_NEB Q5 XT,fastq,R006bc2010.H04.unmapped.fastq.gz,235355,1230626406,4813,5418,39.4,25675,4,4
BE_TeF2HA_60ng_0.5x_longplex_PstarLongSeq_8cyc_none,Te.F.2.H.A,Low DNA input validation: Built Environment,validation Built Environment,WGS,METAGENOMIC,PCR,single,PACBIO_SMRT,Revio,Vega,fastq,D04.nonhuman.fastq.gz,D04.nonhuman.fastq.gz,SRR40532704,PRJNA1480782,SAMN62948878,Te.F.2.H.A,none,,indoor metagenome,5/7/26,not collected,not collected,not collected,USA:Waco,built environment,31.545609 N 97.113445 W,BE,multiple,60,Pstar,Takara PrimeSTAR LongSeq,Not applicable,8,longplex,FALSE,longplex_PCR,longplex_0.5x_Takara PrimeSTAR LongSeq,not applicable,multiple,,,D04,NaN,Free-living,Free-living (non-saline),Solid(non-saline),indoor metagenome,urban biome,shower drain,PVC,msc environment,not applicable,not applicable,not applicable,not applicable,not applicable,Te.F.2.H.A,shower drain biofilm,,Not applicable,Not applicable,Not applicable,Not applicable,Not applicable,Not applicable,Not applicable,Not applicable,0.5x,,missing,missing,missing,missing,missing,missing,missing,missing,missing,missing,missing,missing,missing,missing,missing,missing,missing,missing,missing,missing,missing,missing,missing,missing,missing,missing,missing,missing,missing,missing,missing,missing,missing,missing,missing,missing,missing,missing,missing,missing,missing,missing,missing,missing,missing,missing,missing,missing,missing,missing,missing,missing,missing,1,ESK_300ng_1x_longplex_decodifi_8cyc_R004_100k,longplex comparison,WGS,METAGENOMIC,PCR,SINGLE,PACBIO_SMRT,Revio,longplex_1x_Kura Decodifi,fastq,R004bc2008.C10.unmapped.100k.fastq.gz,3175,23376198,6408,8001,37.1,31052,0,0
BE_TeF2HB_18ng_0.5x_longplex_PstarLongSeq_8cyc_none,Te.F.2.H.B,Low DNA input validation: Built Environment,validation Built Environment,WGS,METAGENOMIC,PCR,single,PACBIO_SMRT,Revio,Vega,fastq,E04.nonhuman.fastq.gz,E04.nonhuman.fastq.gz,SRR40532696,PRJNA1480782,SAMN62948885,Te.F.2.H.B,none,,indoor metagenome,5/7/26,not collected,not collected,not collected,USA:Waco,built environment,31.545609 N 97.113445 W,BE,multiple,18,Pstar,Takara PrimeSTAR LongSeq,Not applicable,8,longplex,FALSE,longplex_PCR,longplex_0.5x_Takara PrimeSTAR LongSeq,not applicable,multiple,,,E04,NaN,Free-living,Free-living (non-saline),Solid(non-saline),indoor metagenome,urban biome,shower drain,PVC,msc environment,not applicable,not applicable,not applicable,not applicable,not applicable,Te.F.2.H.B,shower drain biofilm,,Not applicable,Not applicable,Not applicable,Not applicable,Not applicable,Not applicable,Not applicable,Not applicable,0.5x,,missing,missing,missing,missing,missing,missing,missing,missing,missing,missing,missing,missing,missing,missing,missing,missing,missing,missing,missing,missing,missing,missing,missing,missing,missing,missing,missing,missing,missing,missing,missing,missing,missing,missing,missing,missing,missing,missing,missing,missing,missing,missing,missing,missing,missing,missing,missing,missing,missing,missing,missing,missing,missing,1,ESK_300ng_1x_longplex_decodifi_8cyc_R004_none,longplex comparison,WGS,METAGENOMIC,PCR,SINGLE,PACBIO_SMRT,Revio,longplex_1x_Kura Decodifi,fastq,R004bc2008.C10.unmapped.fastq.gz,9061,42557416,4406,4852,39.8,18234,0,0
BE_TeF2HC_63.75ng_0.5x_longplex_PstarLongSeq_8cyc_none,Te.F.2.H.C,Low DNA input validation: Built Environment,validation Built Environment,WGS,METAGENOMIC,PCR,single,PACBIO_SMRT,Revio,Vega,fastq,F04.nonhuman.fastq.gz,F04.nonhuman.fastq.gz,SRR40532689,PRJNA1480782,SAMN62948892,Te.F.2.H.C,none,,indoor metagenome,5/7/26,not collected,not collected,not collected,USA:Waco,built environment,31.545609 N 97.113445 W,BE,multiple,63.75,Pstar,Takara PrimeSTAR LongSeq,Not applicable,8,longplex,FALSE,longplex_PCR,longplex_0.5x_Takara PrimeSTAR LongSeq,not applicable,multiple,,,F04,NaN,Free-living,Free-living (non-saline),Solid(non-saline),indoor metagenome,urban biome,shower drain,PVC,msc environment,not applicable,not applicable,not applicable,not applicable,not applicable,Te.F.2.H.C,shower drain biofilm,,Not applicable,Not applicable,Not applicable,Not applicable,Not applicable,Not applicable,Not applicable,Not applicable,0.5x,,missing,missing,missing,missing,missing,missing,missing,missing,missing,missing,missing,missing,missing,missing,missing,missing,missing,missing,missing,missing,missing,missing,missing,missing,missing,missing,missing,missing,missing,missing,missing,missing,missing,missing,missing,missing,missing,missing,missing,missing,missing,missing,missing,missing,missing,missing,missing,missing,missing,missing,missing,missing,missing,1,ESK_300ng_1x_longplex_decodifi_8cyc_R005_100k,longplex comparison,WGS,METAGENOMIC,PCR,SINGLE,PACBIO_SMRT,Revio,longplex_1x_Kura Decodifi,fastq,R005bc2008.C10.unmapped.100k.fastq.gz,4380,38240959,7490.5,9987,35.9,40192,0,0
BE_TeF2LA_68.25ng_0.5x_longplex_PstarLongSeq_8cyc_none,Te.F.2.L.A,Low DNA input validation: Built Environment,validation Built Environment,WGS,METAGENOMIC,PCR,single,PACBIO_SMRT,Revio,Vega,fastq,B03.nonhuman.fastq.gz,B03.nonhuman.fastq.gz,SRR40532666,PRJNA1480782,SAMN62948863,Te.F.2.L.A,none,,indoor metagenome,5/7/26,not collected,not collected,not collected,USA:Waco,built environment,31.545609 N 97.113445 W,BE,multiple,68.25,Pstar,Takara PrimeSTAR LongSeq,Not applicable,8,longplex,FALSE,longplex_PCR,longplex_0.5x_Takara PrimeSTAR LongSeq,not applicable,multiple,,,B03,NaN,Free-living,Free-living (non-saline),Solid(non-saline),indoor metagenome,urban biome,shower drain,PVC,msc environment,not applicable,not applicable,not applicable,not applicable,not applicable,Te.F.2.L.A,shower drain biofilm,,Not applicable,Not applicable,Not applicable,Not applicable,Not applicable,Not applicable,Not applicable,Not applicable,0.5x,,missing,missing,missing,missing,missing,missing,missing,missing,missing,missing,missing,missing,missing,missing,missing,missing,missing,missing,missing,missing,missing,missing,missing,missing,missing,missing,missing,missing,missing,missing,missing,missing,missing,missing,missing,missing,missing,missing,missing,missing,missing,missing,missing,missing,missing,missing,missing,missing,missing,missing,missing,missing,missing,1,ESK_300ng_1x_longplex_decodifi_8cyc_R005_none,longplex comparison,WGS,METAGENOMIC,PCR,SINGLE,PACBIO_SMRT,Revio,longplex_1x_Kura Decodifi,fastq,R005bc2008.C10.unmapped.fastq.gz,362966,2620721067,6302,7833,37.6,43890,8,8
BE_TeF2LB_27.75ng_0.5x_longplex_PstarLongSeq_8cyc_none,Te.F.2.L.B,Low DNA input validation: Built Environment,validation Built Environment,WGS,METAGENOMIC,PCR,single,PACBIO_SMRT,Revio,Vega,fastq,C03.nonhuman.fastq.gz,C03.nonhuman.fastq.gz,SRR40532713,PRJNA1480782,SAMN62948870,Te.F.2.L.B,none,,indoor metagenome,5/7/26,not collected,not collected,not collected,USA:Waco,built environment,31.545609 N 97.113445 W,BE,multiple,27.75,Pstar,Takara PrimeSTAR LongSeq,Not applicable,8,longplex,FALSE,longplex_PCR,longplex_0.5x_Takara PrimeSTAR LongSeq,not applicable,multiple,,,C03,NaN,Free-living,Free-living (non-saline),Solid(non-saline),indoor metagenome,urban biome,shower drain,PVC,msc environment,not applicable,not applicable,not applicable,not applicable,not applicable,Te.F.2.L.B,shower drain biofilm,,Not applicable,Not applicable,Not applicable,Not applicable,Not applicable,Not applicable,Not applicable,Not applicable,0.5x,,missing,missing,missing,missing,missing,missing,missing,missing,missing,missing,missing,missing,missing,missing,missing,missing,missing,missing,missing,missing,missing,missing,missing,missing,missing,missing,missing,missing,missing,missing,missing,missing,missing,missing,missing,missing,missing,missing,missing,missing,missing,missing,missing,missing,missing,missing,missing,missing,missing,missing,missing,missing,missing,1,ESK_300ng_1x_longplex_Pstar_8cyc_R004_100k,longplex comparison,WGS,METAGENOMIC,PCR,SINGLE,PACBIO_SMRT,Revio,longplex_1x_Takara PrimeSTAR LongSeq,fastq,R004bc2008.C09.unmapped.100k.fastq.gz,232928,1196917202,4710,5306,39.5,28135,1,1
BE_TeF2LC_135.75ng_0.5x_longplex_PstarLongSeq_8cyc_none,Te.F.2.L.C,Low DNA input validation: Built Environment,validation Built Environment,WGS,METAGENOMIC,PCR,single,PACBIO_SMRT,Revio,Vega,fastq,D03.nonhuman.fastq.gz,D03.nonhuman.fastq.gz,SRR40532705,PRJNA1480782,SAMN62948877,Te.F.2.L.C,none,,indoor metagenome,5/7/26,not collected,not collected,not collected,USA:Waco,built environment,31.545609 N 97.113445 W,BE,multiple,135.75,Pstar,Takara PrimeSTAR LongSeq,Not applicable,8,longplex,FALSE,longplex_PCR,longplex_0.5x_Takara PrimeSTAR LongSeq,not applicable,multiple,,,D03,NaN,Free-living,Free-living (non-saline),Solid(non-saline),indoor metagenome,urban biome,shower drain,PVC,msc environment,not applicable,not applicable,not applicable,not applicable,not applicable,Te.F.2.L.C,shower drain biofilm,,Not applicable,Not applicable,Not applicable,Not applicable,Not applicable,Not applicable,Not applicable,Not applicable,0.5x,,missing,missing,missing,missing,missing,missing,missing,missing,missing,missing,missing,missing,missing,missing,missing,missing,missing,missing,missing,missing,missing,missing,missing,missing,missing,missing,missing,missing,missing,missing,missing,missing,missing,missing,missing,missing,missing,missing,missing,missing,missing,missing,missing,missing,missing,missing,missing,missing,missing,missing,missing,missing,missing,1,ESK_300ng_1x_longplex_Pstar_8cyc_R004_none,longplex comparison,WGS,METAGENOMIC,PCR,SINGLE,PACBIO_SMRT,Revio,longplex_1x_Takara PrimeSTAR LongSeq,fastq,R004bc2008.C09.unmapped.fastq.gz,451,3824390,7395,9657,35.4,32114,0,0
BE_TeF3HA_10.2ng_0.5x_longplex_PstarLongSeq_8cyc_none,Te.F.3.H.A,Low DNA input validation: Built Environment,validation Built Environment,WGS,METAGENOMIC,PCR,single,PACBIO_SMRT,Revio,Vega,fastq,G04.nonhuman.fastq.gz,G04.nonhuman.fastq.gz,SRR40532681,PRJNA1480782,SAMN62948899,Te.F.3.H.A,none,,indoor metagenome,5/7/26,not collected,not collected,not collected,USA:Waco,built environment,31.545609 N 97.113445 W,BE,multiple,10.2,Pstar,Takara PrimeSTAR LongSeq,Not applicable,8,longplex,FALSE,longplex_PCR,longplex_0.5x_Takara PrimeSTAR LongSeq,not applicable,multiple,,,G04,NaN,Free-living,Free-living (non-saline),Solid(non-saline),indoor metagenome,urban biome,shower drain,PVC,msc environment,not applicable,not applicable,not applicable,not applicable,not applicable,Te.F.3.H.A,shower drain biofilm,,Not applicable,Not applicable,Not applicable,Not applicable,Not applicable,Not applicable,Not applicable,Not applicable,0.5x,,missing,missing,missing,missing,missing,missing,missing,missing,missing,missing,missing,missing,missing,missing,missing,missing,missing,missing,missing,missing,missing,missing,missing,missing,missing,missing,missing,missing,missing,missing,missing,missing,missing,missing,missing,missing,missing,missing,missing,missing,missing,missing,missing,missing,missing,missing,missing,missing,missing,missing,missing,missing,missing,1,ESK_300ng_1x_longplex_Pstar_8cyc_R005_100k,longplex comparison,WGS,METAGENOMIC,PCR,SINGLE,PACBIO_SMRT,Revio,longplex_1x_Takara PrimeSTAR LongSeq,fastq,R005bc2008.C09.unmapped.100k.fastq.gz,26853,137611898,4734,5287,39.5,28325,0,0
BE_TeF3HB_18.75ng_0.5x_longplex_PstarLongSeq_8cyc_none,Te.F.3.H.B,Low DNA input validation: Built Environment,validation Built Environment,WGS,METAGENOMIC,PCR,single,PACBIO_SMRT,Revio,Vega,fastq,H04.nonhuman.fastq.gz,H04.nonhuman.fastq.gz,SRR40532673,PRJNA1480782,SAMN62948906,Te.F.3.H.B,none,,indoor metagenome,5/7/26,not collected,not collected,not collected,USA:Waco,built environment,31.545609 N 97.113445 W,BE,multiple,18.75,Pstar,Takara PrimeSTAR LongSeq,Not applicable,8,longplex,FALSE,longplex_PCR,longplex_0.5x_Takara PrimeSTAR LongSeq,not applicable,multiple,,,H04,NaN,Free-living,Free-living (non-saline),Solid(non-saline),indoor metagenome,urban biome,shower drain,PVC,msc environment,not applicable,not applicable,not applicable,not applicable,not applicable,Te.F.3.H.B,shower drain biofilm,,Not applicable,Not applicable,Not applicable,Not applicable,Not applicable,Not applicable,Not applicable,Not applicable,0.5x,,missing,missing,missing,missing,missing,missing,missing,missing,missing,missing,missing,missing,missing,missing,missing,missing,missing,missing,missing,missing,missing,missing,missing,missing,missing,missing,missing,missing,missing,missing,missing,missing,missing,missing,missing,missing,missing,missing,missing,missing,missing,missing,missing,missing,missing,missing,missing,missing,missing,missing,missing,missing,missing,1,ESK_300ng_1x_longplex_Pstar_8cyc_R005_none,longplex comparison,WGS,METAGENOMIC,PCR,SINGLE,PACBIO_SMRT,Revio,longplex_1x_Takara PrimeSTAR LongSeq,fastq,R005bc2008.C09.unmapped.fastq.gz,11517,79024872,6080,7342,37.9,32183,0,0
BE_TeF3HC_33ng_0.5x_longplex_PstarLongSeq_8cyc_none,Te.F.3.H.C,Low DNA input validation: Built Environment,validation Built Environment,WGS,METAGENOMIC,PCR,single,PACBIO_SMRT,Revio,Vega,fastq,A05.nonhuman.fastq.gz,A05.nonhuman.fastq.gz,SRR40532687,PRJNA1480782,SAMN62948858,Te.F.3.H.C,none,,indoor metagenome,5/7/26,not collected,not collected,not collected,USA:Waco,built environment,31.545609 N 97.113445 W,BE,multiple,33,Pstar,Takara PrimeSTAR LongSeq,Not applicable,8,longplex,FALSE,longplex_PCR,longplex_0.5x_Takara PrimeSTAR LongSeq,not applicable,multiple,,,A05,NaN,Free-living,Free-living (non-saline),Solid(non-saline),indoor metagenome,urban biome,shower drain,PVC,msc environment,not applicable,not applicable,not applicable,not applicable,not applicable,Te.F.3.H.C,shower drain biofilm,,Not applicable,Not applicable,Not applicable,Not applicable,Not applicable,Not applicable,Not applicable,Not applicable,0.5x,,missing,missing,missing,missing,missing,missing,missing,missing,missing,missing,missing,missing,missing,missing,missing,missing,missing,missing,missing,missing,missing,missing,missing,missing,missing,missing,missing,missing,missing,missing,missing,missing,missing,missing,missing,missing,missing,missing,missing,missing,missing,missing,missing,missing,missing,missing,missing,missing,missing,missing,missing,missing,missing,1,ESK_300ng_1x_longplex_Q5XT_8cyc_R004_100k,longplex comparison,WGS,METAGENOMIC,PCR,SINGLE,PACBIO_SMRT,Revio,longplex_1x_NEB Q5 XT,fastq,R004bc2008.G09.unmapped.100k.fastq.gz,54083,419994907,6789,8539,37.2,39852,1,1
BE_TeF3LA_102.75ng_0.5x_longplex_PstarLongSeq_8cyc_none,Te.F.3.L.A,Low DNA input validation: Built Environment,validation Built Environment,WGS,METAGENOMIC,PCR,single,PACBIO_SMRT,Revio,Vega,fastq,E03.nonhuman.fastq.gz,E03.nonhuman.fastq.gz,SRR40532697,PRJNA1480782,SAMN62948884,Te.F.3.L.A,none,,indoor metagenome,5/7/26,not collected,not collected,not collected,USA:Waco,built environment,31.545609 N 97.113445 W,BE,multiple,102.75,Pstar,Takara PrimeSTAR LongSeq,Not applicable,8,longplex,FALSE,longplex_PCR,longplex_0.5x_Takara PrimeSTAR LongSeq,not applicable,multiple,,,E03,NaN,Free-living,Free-living (non-saline),Solid(non-saline),indoor metagenome,urban biome,shower drain,PVC,msc environment,not applicable,not applicable,not applicable,not applicable,not applicable,Te.F.3.L.A,shower drain biofilm,,Not applicable,Not applicable,Not applicable,Not applicable,Not applicable,Not applicable,Not applicable,Not applicable,0.5x,,missing,missing,missing,missing,missing,missing,missing,missing,missing,missing,missing,missing,missing,missing,missing,missing,missing,missing,missing,missing,missing,missing,missing,missing,missing,missing,missing,missing,missing,missing,missing,missing,missing,missing,missing,missing,missing,missing,missing,missing,missing,missing,missing,missing,missing,missing,missing,missing,missing,missing,missing,missing,missing,1,ESK_300ng_1x_longplex_Q5XT_8cyc_R004_none,longplex comparison,WGS,METAGENOMIC,PCR,SINGLE,PACBIO_SMRT,Revio,longplex_1x_NEB Q5 XT,fastq,R004bc2008.G09.unmapped.fastq.gz,9794,81437391,7098,9295,36.6,38641,0,0
BE_TeF3LB_9ng_0.5x_longplex_PstarLongSeq_8cyc_none,Te.F.3.L.B,Low DNA input validation: Built Environment,validation Built Environment,WGS,METAGENOMIC,PCR,single,PACBIO_SMRT,Revio,Vega,fastq,F03.nonhuman.fastq.gz,F03.nonhuman.fastq.gz,SRR40532690,PRJNA1480782,SAMN62948891,Te.F.3.L.B,none,,indoor metagenome,5/7/26,not collected,not collected,not collected,USA:Waco,built environment,31.545609 N 97.113445 W,BE,multiple,9,Pstar,Takara PrimeSTAR LongSeq,Not applicable,8,longplex,FALSE,longplex_PCR,longplex_0.5x_Takara PrimeSTAR LongSeq,not applicable,multiple,,,F03,NaN,Free-living,Free-living (non-saline),Solid(non-saline),indoor metagenome,urban biome,shower drain,PVC,msc environment,not applicable,not applicable,not applicable,not applicable,not applicable,Te.F.3.L.B,shower drain biofilm,,Not applicable,Not applicable,Not applicable,Not applicable,Not applicable,Not applicable,Not applicable,Not applicable,0.5x,,missing,missing,missing,missing,missing,missing,missing,missing,missing,missing,missing,missing,missing,missing,missing,missing,missing,missing,missing,missing,missing,missing,missing,missing,missing,missing,missing,missing,missing,missing,missing,missing,missing,missing,missing,missing,missing,missing,missing,missing,missing,missing,missing,missing,missing,missing,missing,missing,missing,missing,missing,missing,missing,1,ESK_300ng_1x_longplex_Q5XT_8cyc_R005_100k,longplex comparison,WGS,METAGENOMIC,PCR,SINGLE,PACBIO_SMRT,Revio,longplex_1x_NEB Q5 XT,fastq,R005bc2008.G09.unmapped.100k.fastq.gz,115019,758161108,5842,7012,38.2,32196,1,1
BE_TeM1LA_90ng_0.5x_longplex_PstarLongSeq_8cyc_none,Te.M.1.L.A,Low DNA input validation: Built Environment,validation Built Environment,WGS,METAGENOMIC,PCR,single,PACBIO_SMRT,Revio,Vega,fastq,H02.nonhuman.fastq.gz,H02.nonhuman.fastq.gz,SRR40532675,PRJNA1480782,SAMN62948904,Te.M.1.L.A,none,,indoor metagenome,5/7/26,not collected,not collected,not collected,USA:Waco,built environment,31.545353 N 97.112888 W,BE,multiple,90,Pstar,Takara PrimeSTAR LongSeq,Not applicable,8,longplex,FALSE,longplex_PCR,longplex_0.5x_Takara PrimeSTAR LongSeq,not applicable,multiple,,,H02,NaN,Free-living,Free-living (non-saline),Solid(non-saline),indoor metagenome,urban biome,shower drain,PVC,msc environment,not applicable,not applicable,not applicable,not applicable,not applicable,Te.M.1.L.A,shower drain biofilm,,Not applicable,Not applicable,Not applicable,Not applicable,Not applicable,Not applicable,Not applicable,Not applicable,0.5x,,missing,missing,missing,missing,missing,missing,missing,missing,missing,missing,missing,missing,missing,missing,missing,missing,missing,missing,missing,missing,missing,missing,missing,missing,missing,missing,missing,missing,missing,missing,missing,missing,missing,missing,missing,missing,missing,missing,missing,missing,missing,missing,missing,missing,missing,missing,missing,missing,missing,missing,missing,missing,missing,1,ESK_300ng_1x_longplex_Q5XT_8cyc_R005_none,longplex comparison,WGS,METAGENOMIC,PCR,SINGLE,PACBIO_SMRT,Revio,longplex_1x_NEB Q5 XT,fastq,R005bc2008.G09.unmapped.fastq.gz,1806608,13893510736,6689,8443,37,48386,33,27
BE_TeM2HA_48ng_0.5x_longplex_PstarLongSeq_8cyc_none,Te.M.2.H.A,Low DNA input validation: Built Environment,validation Built Environment,WGS,METAGENOMIC,PCR,single,PACBIO_SMRT,Revio,Vega,fastq,G03.nonhuman.fastq.gz,G03.nonhuman.fastq.gz,SRR40532682,PRJNA1480782,SAMN62948898,Te.M.2.H.A,none,,indoor metagenome,5/7/26,not collected,not collected,not collected,USA:Waco,built environment,31.545609 N 97.113445 W,BE,multiple,48,Pstar,Takara PrimeSTAR LongSeq,Not applicable,8,longplex,FALSE,longplex_PCR,longplex_0.5x_Takara PrimeSTAR LongSeq,not applicable,multiple,,,G03,NaN,Free-living,Free-living (non-saline),Solid(non-saline),indoor metagenome,urban biome,shower drain,PVC,msc environment,not applicable,not applicable,not applicable,not applicable,not applicable,Te.M.2.H.A,shower drain biofilm,,Not applicable,Not applicable,Not applicable,Not applicable,Not applicable,Not applicable,Not applicable,Not applicable,0.5x,,missing,missing,missing,missing,missing,missing,missing,missing,missing,missing,missing,missing,missing,missing,missing,missing,missing,missing,missing,missing,missing,missing,missing,missing,missing,missing,missing,missing,missing,missing,missing,missing,missing,missing,missing,missing,missing,missing,missing,missing,missing,missing,missing,missing,missing,missing,missing,missing,missing,missing,missing,missing,missing,1,ESK_30ng_0.25x_longplex_decodifi_8cyc_R006_100k,longplex comparison,WGS,METAGENOMIC,PCR,SINGLE,PACBIO_SMRT,Revio,longplex_0.25x_Kura Decodifi,fastq,R006bc2010.G02.unmapped.100k.fastq.gz,848016,5515796199,5817,6909,38.3,38884,13,13
BE_TeM2HB_156ng_0.5x_longplex_PstarLongSeq_8cyc_none,Te.M.2.H.B,Low DNA input validation: Built Environment,validation Built Environment,WGS,METAGENOMIC,PCR,single,PACBIO_SMRT,Revio,Vega,fastq,H03.nonhuman.fastq.gz,H03.nonhuman.fastq.gz,SRR40532674,PRJNA1480782,SAMN62948905,Te.M.2.H.B,none,,indoor metagenome,5/7/26,not collected,not collected,not collected,USA:Waco,built environment,31.545609 N 97.113445 W,BE,multiple,156,Pstar,Takara PrimeSTAR LongSeq,Not applicable,8,longplex,FALSE,longplex_PCR,longplex_0.5x_Takara PrimeSTAR LongSeq,not applicable,multiple,,,H03,NaN,Free-living,Free-living (non-saline),Solid(non-saline),indoor metagenome,urban biome,shower drain,PVC,msc environment,not applicable,not applicable,not applicable,not applicable,not applicable,Te.M.2.H.B,shower drain biofilm,,Not applicable,Not applicable,Not applicable,Not applicable,Not applicable,Not applicable,Not applicable,Not applicable,0.5x,,missing,missing,missing,missing,missing,missing,missing,missing,missing,missing,missing,missing,missing,missing,missing,missing,missing,missing,missing,missing,missing,missing,missing,missing,missing,missing,missing,missing,missing,missing,missing,missing,missing,missing,missing,missing,missing,missing,missing,missing,missing,missing,missing,missing,missing,missing,missing,missing,missing,missing,missing,missing,missing,1,ESK_30ng_0.25x_longplex_decodifi_8cyc_R006_none,longplex comparison,WGS,METAGENOMIC,PCR,SINGLE,PACBIO_SMRT,Revio,longplex_0.25x_Kura Decodifi,fastq,R006bc2010.G02.unmapped.fastq.gz,136820,1169583441,7393.5,9591,36.1,46420,5,5
m21120.260113.214725.hifi.reads.bc2009,ESK_1000ng_gtube_PCRfree_R004_none,CompGenome Recovery QC: ESKAPE mock,longplex comparison,WGS,METAGENOMIC,RANDOM,single,PACBIO_SMRT,Revio,Vega,fastq,m21120_260113_214725.hifi_reads.bc2009.unmapped.fastq,m21120_260113_214725.hifi_reads.bc2009.unmapped.fastq.gz,SRR39281835,PRJNA1480782,SAMN61040754,m21120.260113.214725.hifi.reads.bc2009_f,none,ESK_1000ng_gtube_PCRfree,synethtic metagenome,3/1/26,laboratory environment,laboratory environment,laboratory environment,USA:Waco,laboratory,31.5487 N 97.1130 W,ESK pathogen,R004,1000,NaN,control,v1,0,gtube,FALSE,PCRfree,gtube,esk_1000ng_gtube,bc2009,,,,NaN,Control,Positive,Mock community,Mock community,urban biome,research facility,cell culture,misc environment,not applicable,not applicable,not applicable,not applicable,not applicable,ESK_mock,eskape pathogen mock,ESK,9606,256318,mm testing,m21120_260113_214725.hifi_reads.bc2009.bam,ESK_1000ng_gtube_PCRfree_R004_none,ESK_1000ng_gtube_PCRfree,control (gtube) 1000 ng,control (gtube) 1000 ng,NaN,1,943800,943.8,7128025532,7244,7552.5,2532.6,8031,28.9,38.9,44662,7.128025532,myloasm_v0.4,,465.282,not measured,20664477,5365907,77,4,4,6275460,0,1,6,5,1.921899356,94501,1.921899356,5,20664477,5365907,77,4,4,6275460,0,1,6,465.282,m21120_260113_214725.hifi_reads.bc2009,myloasm_v0.4,NaN,1786,not measured,21417271,5365907,11,5,5,6275460,3,6,7,1,EED_150ng_0.5x_longplex_decodifi_8cyc_R006_100k,longplex comparison,WGS,METAGENOMIC,PCR,SINGLE,PACBIO_SMRT,Revio,longplex_0.5x_Kura Decodifi,fastq,R006bc2010.A02.unmapped.100k.fastq.gz,,,,,,,,
m21120.260113.214725.hifi.reads.bc2009_100k,ESK_1000ng_gtube_PCRfree_R004_100k,CompGenome Recovery QC: ESKAPE mock,longplex comparison,WGS,METAGENOMIC,RANDOM,single,PACBIO_SMRT,Revio,Vega,fastq,m21120_260113_214725.hifi_reads.bc2009.unmapped.100k.fastq,m21120_260113_214725.hifi_reads.bc2009.unmapped.100k.fastq.gz,SRR39281771,PRJNA1480782,SAMN61040812,m21120.260113.214725.hifi.reads.bc2009_100k_f,100k,ESK_1000ng_gtube_PCRfree,synethtic metagenome,3/1/26,laboratory environment,laboratory environment,laboratory environment,USA:Waco,laboratory,31.5487 N 97.1130 W,ESK pathogen,R004,1000,NaN,control,v1,0,gtube,FALSE,PCRfree,gtube,esk_1000ng_gtube,bc2009,,,,NaN,Control,Positive,Mock community,Mock community,urban biome,research facility,cell culture,misc environment,not applicable,not applicable,not applicable,not applicable,not applicable,ESK_mock,eskape pathogen mock,ESK,9606,256318,mm testing,m21120_260113_214725.hifi_reads.bc2009.bam,ESK_1000ng_gtube_PCRfree_R004_100k,ESK_1000ng_gtube_PCRfree,control (gtube) 1000 ng,control (gtube) 1000 ng,NaN,,,,,,,,,,,,,,,,,,,,,,,,,,,,,,,,,,,,,,,,,,,,,,,,,,,,,,,1,EED_150ng_0.5x_longplex_decodifi_8cyc_R006_none,longplex comparison,WGS,METAGENOMIC,PCR,SINGLE,PACBIO_SMRT,Revio,longplex_0.5x_Kura Decodifi,fastq,R006bc2010.A02.unmapped.fastq.gz,,,,,,,,
m21120.260115.173545.hifi.reads.bc2009.bam,ESK_1000ng_gtube_PCRfree_R005_none,CompGenome Recovery QC: ESKAPE mock,longplex comparison,WGS,METAGENOMIC,RANDOM,single,PACBIO_SMRT,Revio,Vega,fastq,m21120_260115_173545.hifi_reads.bc2009.bam.unmapped.fastq,m21120_260115_173545.hifi_reads.bc2009.bam.unmapped.fastq.gz,SRR39281834,PRJNA1480782,SAMN61040755,m21120.260115.173545.hifi.reads.bc2009.bam_f,none,ESK_1000ng_gtube_PCRfree,synethtic metagenome,3/1/26,laboratory environment,laboratory environment,laboratory environment,USA:Waco,laboratory,31.5487 N 97.1130 W,ESK pathogen,R005,1000,NaN,control,v1,0,gtube,TRUE,PCRfree,gtube,esk_1000ng_gtube,bc2009,,,,NaN,Control,Positive,Mock community,Mock community,urban biome,research facility,cell culture,misc environment,not applicable,not applicable,not applicable,not applicable,not applicable,ESK_mock,eskape pathogen mock,ESK,9606,256318,mm testing,m21120_260115_173545.hifi_reads.bc2009,ESK_1000ng_gtube_PCRfree_R005_none,ESK_1000ng_gtube_PCRfree,control (gtube) 1000 ng (Q),control (gtube) 1000 ng (Q),NaN,1,119377,119.377,843245172,6764,7063.7,2303.4,7503,28.2,37.6,35605,0.843245172,myloasm_v0.4,,396.946,not measured,20620391,5365907,83,5,3,6275460,0,1,7,5,1.940706808,94501,1.940706808,5,20620391,5365907,83,5,3,6275460,0,1,7,396.946,m21120_260115_173545.hifi_reads.bc2009,myloasm_v0.4,NaN,431,not measured,20892954,5365907,80,5,3,6275460,0,2,8,1,EED_150ng_0.5x_longplex_Pstar_8cyc_R006_100k,longplex comparison,WGS,METAGENOMIC,PCR,SINGLE,PACBIO_SMRT,Revio,longplex_0.5x_Takara PrimeSTAR LongSeq,fastq,R006bc2010.A06.unmapped.100k.fastq.gz,,,,,,,,
m21120.260115.173545.hifi.reads.bc2009.bam_100k,ESK_1000ng_gtube_PCRfree_R005_100k,CompGenome Recovery QC: ESKAPE mock,longplex comparison,WGS,METAGENOMIC,RANDOM,single,PACBIO_SMRT,Revio,Vega,fastq,m21120_260115_173545.hifi_reads.bc2009.bam.unmapped.100k.fastq,m21120_260115_173545.hifi_reads.bc2009.bam.unmapped.100k.fastq.gz,SRR39281770,PRJNA1480782,SAMN61040813,m21120.260115.173545.hifi.reads.bc2009.bam_100k_f,100k,ESK_1000ng_gtube_PCRfree,synethtic metagenome,3/1/26,laboratory environment,laboratory environment,laboratory environment,USA:Waco,laboratory,31.5487 N 97.1130 W,ESK pathogen,R005,1000,NaN,control,v1,0,gtube,TRUE,PCRfree,gtube,esk_1000ng_gtube,bc2009,,,,NaN,Control,Positive,Mock community,Mock community,urban biome,research facility,cell culture,misc environment,not applicable,not applicable,not applicable,not applicable,not applicable,ESK_mock,eskape pathogen mock,ESK,9606,256318,mm testing,m21120_260115_173545.hifi_reads.bc2009,ESK_1000ng_gtube_PCRfree_R005_100k,ESK_1000ng_gtube_PCRfree,control (gtube) 1000 ng (Q),control (gtube) 1000 ng (Q),NaN,,,,,,,,,,,,,,,,,,,,,,,,,,,,,,,,,,,,,,,,,,,,,,,,,,,,,,,1,EED_150ng_0.5x_longplex_Pstar_8cyc_R006_none,longplex comparison,WGS,METAGENOMIC,PCR,SINGLE,PACBIO_SMRT,Revio,longplex_0.5x_Takara PrimeSTAR LongSeq,fastq,R006bc2010.A06.unmapped.fastq.gz,,,,,,,,
R004bc2008.C09,ESK_300ng_1x_longplex_Pstar_8cyc_R004_none,CompGenome Recovery QC: ESKAPE mock,longplex comparison,WGS,METAGENOMIC,PCR,single,PACBIO_SMRT,Revio,Vega,fastq,R004bc2008.C09.unmapped.fastq,R004bc2008.C09.unmapped.fastq.gz,SRR39281848,PRJNA1480782,SAMN61040742,R004bc2008.C09_f,none,ESK_300ng_1x_longplex_Pstar_8cyc,synethtic metagenome,3/1/26,laboratory environment,laboratory environment,laboratory environment,USA:Waco,laboratory,31.5487 N 97.1130 W,ESK pathogen,R004,300,Pstar,Takara PrimeSTAR LongSeq,v1,8,longplex,FALSE,longplex_PCR,longplex_1x_Takara PrimeSTAR LongSeq,esk_300ng_Pstar_8cyc,bc2008,C,9,C09,NaN,Control,Positive,Mock community,Mock community,urban biome,research facility,cell culture,misc environment,not applicable,not applicable,not applicable,not applicable,not applicable,ESK_mock,eskape pathogen mock,ESK,9606,256318,mm testing,R004bc2008.C09,ESK_300ng_1x_longplex_Pstar_8cyc_R004_none,ESK_300ng_1x_longplex_Pstar_8cyc,Takara PrimeSTAR LongSeq 1x 300 ng,T.LongSeq 1x 300 ng,1x,1,429286,429.286,2605302325,5440,6068.9,3073,6865,29.4,39.7,40350,2.605302325,myloasm_v0.4,,364.942,not measured,19723383,5365907,67,4,4,6275094,0,0,6,5,1.936885307,94501,1.936885307,5,19723383,5365907,67,4,4,6275094,0,0,6,364.942,R004bc2008.C09,myloasm_v0.4,NaN,999,not measured,21427691,5365907,29,4,4,6275322,2,4,14,1,EED_150ng_0.5x_longplex_Q5XT_8cyc_R006_100k,longplex comparison,WGS,METAGENOMIC,PCR,SINGLE,PACBIO_SMRT,Revio,longplex_0.5x_NEB Q5 XT,fastq,R006bc2010.A04.unmapped.100k.fastq.gz,,,,,,,,
R004bc2008.C09_100k,ESK_300ng_1x_longplex_Pstar_8cyc_R004_100k,CompGenome Recovery QC: ESKAPE mock,longplex comparison,WGS,METAGENOMIC,PCR,single,PACBIO_SMRT,Revio,Vega,fastq,R004bc2008.C09.unmapped.100k.fastq,R004bc2008.C09.unmapped.100k.fastq.gz,SRR39281785,PRJNA1480782,SAMN61040800,R004bc2008.C09_100k_f,100k,ESK_300ng_1x_longplex_Pstar_8cyc,synethtic metagenome,3/1/26,laboratory environment,laboratory environment,laboratory environment,USA:Waco,laboratory,31.5487 N 97.1130 W,ESK pathogen,R004,300,Pstar,Takara PrimeSTAR LongSeq,v1,8,longplex,FALSE,longplex_PCR,longplex_1x_Takara PrimeSTAR LongSeq,esk_300ng_Pstar_8cyc,bc2008,C,9,C09,NaN,Control,Positive,Mock community,Mock community,urban biome,research facility,cell culture,misc environment,not applicable,not applicable,not applicable,not applicable,not applicable,ESK_mock,eskape pathogen mock,ESK,9606,256318,mm testing,R004bc2008.C09,ESK_300ng_1x_longplex_Pstar_8cyc_R004_100k,ESK_300ng_1x_longplex_Pstar_8cyc,Takara PrimeSTAR LongSeq 1x 300 ng,T.LongSeq 1x 300 ng,1x,,,,,,,,,,,,,,,,,,,,,,,,,,,,,,,,,,,,,,,,,,,,,,,,,,,,,,,1,EED_150ng_0.5x_longplex_Q5XT_8cyc_R006_none,longplex comparison,WGS,METAGENOMIC,PCR,SINGLE,PACBIO_SMRT,Revio,longplex_0.5x_NEB Q5 XT,fastq,R006bc2010.A04.unmapped.fastq.gz,,,,,,,,
R004bc2008.C10,ESK_300ng_1x_longplex_decodifi_8cyc_R004_none,CompGenome Recovery QC: ESKAPE mock,longplex comparison,WGS,METAGENOMIC,PCR,single,PACBIO_SMRT,Revio,Vega,fastq,R004bc2008.C10.unmapped.fastq,R004bc2008.C10.unmapped.fastq.gz,SRR39281847,PRJNA1480782,SAMN61040743,R004bc2008.C10_f,none,ESK_300ng_1x_longplex_decodifi_8cyc,synethtic metagenome,3/1/26,laboratory environment,laboratory environment,laboratory environment,USA:Waco,laboratory,31.5487 N 97.1130 W,ESK pathogen,R004,300,decodifi,Kura Decodifi,v1,8,longplex,FALSE,longplex_PCR,longplex_1x_Kura Decodifi,esk_300ng_decodifi_8cyc,bc2008,C,10,C10,NaN,Control,Positive,Mock community,Mock community,urban biome,research facility,cell culture,misc environment,not applicable,not applicable,not applicable,not applicable,not applicable,ESK_mock,eskape pathogen mock,ESK,9606,256318,mm testing,R004bc2008.C10,ESK_300ng_1x_longplex_decodifi_8cyc_R004_none,ESK_300ng_1x_longplex_decodifi_8cyc,Kura Decodifi 1x 300 ng,K.Decodifi 1x 300 ng,1x,1,599595,599.595,3422216658,5126,5707.5,2875.5,6507,29.5,39.8,36978,3.422216658,myloasm_v0.4,,342.401,not measured,19641453,360342,161,3,1,2589153,0,0,43,5,2.008850479,94501,2.008850479,5,19641453,360342,161,3,1,2589153,0,0,43,342.401,R004bc2008.C10,myloasm_v0.4,NaN,1154,not measured,21470366,3119175,30,5,2,5359728,0,4,15,1,EED_150ng_1x_longplex_decodifi_8cyc_R004_100k,longplex comparison,WGS,METAGENOMIC,PCR,SINGLE,PACBIO_SMRT,Revio,longplex_1x_Kura Decodifi,fastq,R004bc2007.B10.unmapped.100k.fastq.gz,,,,,,,,
R004bc2008.C10_100k,ESK_300ng_1x_longplex_decodifi_8cyc_R004_100k,CompGenome Recovery QC: ESKAPE mock,longplex comparison,WGS,METAGENOMIC,PCR,single,PACBIO_SMRT,Revio,Vega,fastq,R004bc2008.C10.unmapped.100k.fastq,R004bc2008.C10.unmapped.100k.fastq.gz,SRR39281783,PRJNA1480782,SAMN61040801,R004bc2008.C10_100k_f,100k,ESK_300ng_1x_longplex_decodifi_8cyc,synethtic metagenome,3/1/26,laboratory environment,laboratory environment,laboratory environment,USA:Waco,laboratory,31.5487 N 97.1130 W,ESK pathogen,R004,300,decodifi,Kura Decodifi,v1,8,longplex,FALSE,longplex_PCR,longplex_1x_Kura Decodifi,esk_300ng_decodifi_8cyc,bc2008,C,10,C10,NaN,Control,Positive,Mock community,Mock community,urban biome,research facility,cell culture,misc environment,not applicable,not applicable,not applicable,not applicable,not applicable,ESK_mock,eskape pathogen mock,ESK,9606,256318,mm testing,R004bc2008.C10,ESK_300ng_1x_longplex_decodifi_8cyc_R004_100k,ESK_300ng_1x_longplex_decodifi_8cyc,Kura Decodifi 1x 300 ng,K.Decodifi 1x 300 ng,1x,,,,,,,,,,,,,,,,,,,,,,,,,,,,,,,,,,,,,,,,,,,,,,,,,,,,,,,1,EED_150ng_1x_longplex_decodifi_8cyc_R004_none,longplex comparison,WGS,METAGENOMIC,PCR,SINGLE,PACBIO_SMRT,Revio,longplex_1x_Kura Decodifi,fastq,R004bc2007.B10.unmapped.fastq.gz,,,,,,,,
R004bc2008.D09,ESK_150ng_1x_longplex_Pstar_8cyc_R004_none,CompGenome Recovery QC: ESKAPE mock,longplex comparison,WGS,METAGENOMIC,PCR,single,PACBIO_SMRT,Revio,Vega,fastq,R004bc2008.D09.unmapped.fastq,R004bc2008.D09.unmapped.fastq.gz,SRR39281846,PRJNA1480782,SAMN61040744,R004bc2008.D09_f,none,ESK_150ng_1x_longplex_Pstar_8cyc,synethtic metagenome,3/1/26,laboratory environment,laboratory environment,laboratory environment,USA:Waco,laboratory,31.5487 N 97.1130 W,ESK pathogen,R004,150,Pstar,Takara PrimeSTAR LongSeq,v1,8,longplex,FALSE,longplex_PCR,longplex_1x_Takara PrimeSTAR LongSeq,esk_150ng_Pstar_8cyc,bc2008,D,9,D09,NaN,Control,Positive,Mock community,Mock community,urban biome,research facility,cell culture,misc environment,not applicable,not applicable,not applicable,not applicable,not applicable,ESK_mock,eskape pathogen mock,ESK,9606,256318,mm testing,R004bc2008.D09,ESK_150ng_1x_longplex_Pstar_8cyc_R004_none,ESK_150ng_1x_longplex_Pstar_8cyc,Takara PrimeSTAR LongSeq 1x 150 ng,T.LongSeq 1x 150 ng,1x,1,398554,398.554,2232680047,4976,5602,2922.1,6382,29.6,39.8,40147,2.232680047,myloasm_v0.4,,346.528,not measured,19835868,2589153,80,6,2,5365907,0,2,8,5,1.958846574,94501,1.958846574,5,19835868,2589153,80,6,2,5365907,0,2,8,346.528,R004bc2008.D09,myloasm_v0.4,NaN,904,not measured,21363834,5365907,37,4,4,6275460,3,5,16,1,EED_150ng_1x_longplex_decodifi_8cyc_R005_100k,longplex comparison,WGS,METAGENOMIC,PCR,SINGLE,PACBIO_SMRT,Revio,longplex_1x_Kura Decodifi,fastq,R005bc2007.B10.unmapped.100k.fastq.gz,,,,,,,,
R004bc2008.D09_100k,ESK_150ng_1x_longplex_Pstar_8cyc_R004_100k,CompGenome Recovery QC: ESKAPE mock,longplex comparison,WGS,METAGENOMIC,PCR,single,PACBIO_SMRT,Revio,Vega,fastq,R004bc2008.D09.unmapped.100k.fastq,R004bc2008.D09.unmapped.100k.fastq.gz,SRR39281782,PRJNA1480782,SAMN61040802,R004bc2008.D09_100k_f,100k,ESK_150ng_1x_longplex_Pstar_8cyc,synethtic metagenome,3/1/26,laboratory environment,laboratory environment,laboratory environment,USA:Waco,laboratory,31.5487 N 97.1130 W,ESK pathogen,R004,150,Pstar,Takara PrimeSTAR LongSeq,v1,8,longplex,FALSE,longplex_PCR,longplex_1x_Takara PrimeSTAR LongSeq,esk_150ng_Pstar_8cyc,bc2008,D,9,D09,NaN,Control,Positive,Mock community,Mock community,urban biome,research facility,cell culture,misc environment,not applicable,not applicable,not applicable,not applicable,not applicable,ESK_mock,eskape pathogen mock,ESK,9606,256318,mm testing,R004bc2008.D09,ESK_150ng_1x_longplex_Pstar_8cyc_R004_100k,ESK_150ng_1x_longplex_Pstar_8cyc,Takara PrimeSTAR LongSeq 1x 150 ng,T.LongSeq 1x 150 ng,1x,,,,,,,,,,,,,,,,,,,,,,,,,,,,,,,,,,,,,,,,,,,,,,,,,,,,,,,1,EED_150ng_1x_longplex_decodifi_8cyc_R005_none,longplex comparison,WGS,METAGENOMIC,PCR,SINGLE,PACBIO_SMRT,Revio,longplex_1x_Kura Decodifi,fastq,R005bc2007.B10.unmapped.fastq.gz,,,,,,,,
R004bc2008.D10,ESK_150ng_1x_longplex_decodifi_8cyc_R004_none,CompGenome Recovery QC: ESKAPE mock,longplex comparison,WGS,METAGENOMIC,PCR,single,PACBIO_SMRT,Revio,Vega,fastq,R004bc2008.D10.unmapped.fastq,R004bc2008.D10.unmapped.fastq.gz,SRR39281845,PRJNA1480782,SAMN61040745,R004bc2008.D10_f,none,ESK_150ng_1x_longplex_decodifi_8cyc,synethtic metagenome,3/1/26,laboratory environment,laboratory environment,laboratory environment,USA:Waco,laboratory,31.5487 N 97.1130 W,ESK pathogen,R004,150,decodifi,Kura Decodifi,v1,8,longplex,FALSE,longplex_PCR,longplex_1x_Kura Decodifi,esk_150ng_decodifi_8cyc,bc2008,D,10,D10,NaN,Control,Positive,Mock community,Mock community,urban biome,research facility,cell culture,misc environment,not applicable,not applicable,not applicable,not applicable,not applicable,ESK_mock,eskape pathogen mock,ESK,9606,256318,mm testing,R004bc2008.D10,ESK_150ng_1x_longplex_decodifi_8cyc_R004_none,ESK_150ng_1x_longplex_decodifi_8cyc,Kura Decodifi 1x 150 ng,K.Decodifi 1x 150 ng,1x,1,455851,455.851,2320647830,4628,5090.8,2403.9,5710,29.8,39.9,29980,2.32064783,myloasm_v0.4,,316.413,not measured,19447312,280427,162,2,1,3249058,0,0,49,5,1.991692434,94501,1.991692434,5,19447312,280427,162,2,1,3249058,0,0,49,316.413,R004bc2008.D10,myloasm_v0.4,NaN,917,not measured,21318508,2589153,50,5,2,5353933,0,4,23,1,EED_150ng_1x_longplex_Pstar_8cyc_R004_100k,longplex comparison,WGS,METAGENOMIC,PCR,SINGLE,PACBIO_SMRT,Revio,longplex_1x_Takara PrimeSTAR LongSeq,fastq,R004bc2007.B09.unmapped.100k.fastq.gz,,,,,,,,
R004bc2008.D10_100k,ESK_150ng_1x_longplex_decodifi_8cyc_R004_100k,CompGenome Recovery QC: ESKAPE mock,longplex comparison,WGS,METAGENOMIC,PCR,single,PACBIO_SMRT,Revio,Vega,fastq,R004bc2008.D10.unmapped.100k.fastq,R004bc2008.D10.unmapped.100k.fastq.gz,SRR39281781,PRJNA1480782,SAMN61040803,R004bc2008.D10_100k_f,100k,ESK_150ng_1x_longplex_decodifi_8cyc,synethtic metagenome,3/1/26,laboratory environment,laboratory environment,laboratory environment,USA:Waco,laboratory,31.5487 N 97.1130 W,ESK pathogen,R004,150,decodifi,Kura Decodifi,v1,8,longplex,FALSE,longplex_PCR,longplex_1x_Kura Decodifi,esk_150ng_decodifi_8cyc,bc2008,D,10,D10,NaN,Control,Positive,Mock community,Mock community,urban biome,research facility,cell culture,misc environment,not applicable,not applicable,not applicable,not applicable,not applicable,ESK_mock,eskape pathogen mock,ESK,9606,256318,mm testing,R004bc2008.D10,ESK_150ng_1x_longplex_decodifi_8cyc_R004_100k,ESK_150ng_1x_longplex_decodifi_8cyc,Kura Decodifi 1x 150 ng,K.Decodifi 1x 150 ng,1x,,,,,,,,,,,,,,,,,,,,,,,,,,,,,,,,,,,,,,,,,,,,,,,,,,,,,,,1,EED_150ng_1x_longplex_Pstar_8cyc_R004_none,longplex comparison,WGS,METAGENOMIC,PCR,SINGLE,PACBIO_SMRT,Revio,longplex_1x_Takara PrimeSTAR LongSeq,fastq,R004bc2007.B09.unmapped.fastq.gz,,,,,,,,
R004bc2008.G09,ESK_300ng_1x_longplex_Q5XT_8cyc_R004_none,CompGenome Recovery QC: ESKAPE mock,longplex comparison,WGS,METAGENOMIC,PCR,single,PACBIO_SMRT,Revio,Vega,fastq,R004bc2008.G09.unmapped.fastq,R004bc2008.G09.unmapped.fastq.gz,SRR39281844,PRJNA1480782,SAMN61040746,R004bc2008.G09_f,none,ESK_300ng_1x_longplex_Q5XT_8cyc,synethtic metagenome,3/1/26,laboratory environment,laboratory environment,laboratory environment,USA:Waco,laboratory,31.5487 N 97.1130 W,ESK pathogen,R004,300,Q5XT,NEB Q5 XT,v1,8,longplex,FALSE,longplex_PCR,longplex_1x_NEB Q5 XT,esk_300ng_Q5XT_8cyc,bc2008,G,9,G09,NaN,Control,Positive,Mock community,Mock community,urban biome,research facility,cell culture,misc environment,not applicable,not applicable,not applicable,not applicable,not applicable,ESK_mock,eskape pathogen mock,ESK,9606,256318,mm testing,R004bc2008.G09,ESK_300ng_1x_longplex_Q5XT_8cyc_R004_none,ESK_300ng_1x_longplex_Q5XT_8cyc,NEB Q5 XT 1x 300 ng,N.Q5XT 1x 300 ng,1x,1,551813,551.813,2962276399,4835,5368.3,2594.5,6042,29.7,39.8,33980,2.962276399,myloasm_v0.4,,340.891,not measured,19288358,341329,253,2,1,3273891,0,0,30,5,1.891202241,94501,1.891202241,5,19288358,341329,253,2,1,3273891,0,0,30,340.891,R004bc2008.G09,myloasm_v0.4,NaN,1054,not measured,21382689,2589153,40,5,2,5363855,3,5,22,1,EED_150ng_1x_longplex_Pstar_8cyc_R005_100k,longplex comparison,WGS,METAGENOMIC,PCR,SINGLE,PACBIO_SMRT,Revio,longplex_1x_Takara PrimeSTAR LongSeq,fastq,R005bc2007.B09.unmapped.100k.fastq.gz,,,,,,,,
R004bc2008.G09_100k,ESK_300ng_1x_longplex_Q5XT_8cyc_R004_100k,CompGenome Recovery QC: ESKAPE mock,longplex comparison,WGS,METAGENOMIC,PCR,single,PACBIO_SMRT,Revio,Vega,fastq,R004bc2008.G09.unmapped.100k.fastq,R004bc2008.G09.unmapped.100k.fastq.gz,SRR39281780,PRJNA1480782,SAMN61040804,R004bc2008.G09_100k_f,100k,ESK_300ng_1x_longplex_Q5XT_8cyc,synethtic metagenome,3/1/26,laboratory environment,laboratory environment,laboratory environment,USA:Waco,laboratory,31.5487 N 97.1130 W,ESK pathogen,R004,300,Q5XT,NEB Q5 XT,v1,8,longplex,FALSE,longplex_PCR,longplex_1x_NEB Q5 XT,esk_300ng_Q5XT_8cyc,bc2008,G,9,G09,NaN,Control,Positive,Mock community,Mock community,urban biome,research facility,cell culture,misc environment,not applicable,not applicable,not applicable,not applicable,not applicable,ESK_mock,eskape pathogen mock,ESK,9606,256318,mm testing,R004bc2008.G09,ESK_300ng_1x_longplex_Q5XT_8cyc_R004_100k,ESK_300ng_1x_longplex_Q5XT_8cyc,NEB Q5 XT 1x 300 ng,N.Q5XT 1x 300 ng,1x,,,,,,,,,,,,,,,,,,,,,,,,,,,,,,,,,,,,,,,,,,,,,,,,,,,,,,,1,EED_150ng_1x_longplex_Pstar_8cyc_R005_none,longplex comparison,WGS,METAGENOMIC,PCR,SINGLE,PACBIO_SMRT,Revio,longplex_1x_Takara PrimeSTAR LongSeq,fastq,R005bc2007.B09.unmapped.fastq.gz,,,,,,,,
R004bc2008.H09,ESK_150ng_1x_longplex_Q5XT_8cyc_R004_none,CompGenome Recovery QC: ESKAPE mock,longplex comparison,WGS,METAGENOMIC,PCR,single,PACBIO_SMRT,Revio,Vega,fastq,R004bc2008.H09.unmapped.fastq,R004bc2008.H09.unmapped.fastq.gz,SRR39281843,PRJNA1480782,SAMN61040747,R004bc2008.H09_f,none,ESK_150ng_1x_longplex_Q5XT_8cyc,synethtic metagenome,3/1/26,laboratory environment,laboratory environment,laboratory environment,USA:Waco,laboratory,31.5487 N 97.1130 W,ESK pathogen,R004,150,Q5XT,NEB Q5 XT,v1,8,longplex,FALSE,longplex_PCR,longplex_1x_NEB Q5 XT,esk_150ng_Q5XT_8cyc,bc2008,H,9,H09,NaN,Control,Positive,Mock community,Mock community,urban biome,research facility,cell culture,misc environment,not applicable,not applicable,not applicable,not applicable,not applicable,ESK_mock,eskape pathogen mock,ESK,9606,256318,mm testing,R004bc2008.H09,ESK_150ng_1x_longplex_Q5XT_8cyc_R004_none,ESK_150ng_1x_longplex_Q5XT_8cyc,NEB Q5 XT 1x 150 ng,N.Q5XT 1x 150 ng,1x,1,564605,564.605,3009138469,4812,5329.6,2555.5,5990,29.7,39.8,26479,3.009138469,myloasm_v0.4,,339.747,not measured,19359389,411403,198,3,1,3214419,0,0,33,5,1.936958767,94501,1.936958767,5,19359389,411403,198,3,1,3214419,0,0,33,339.747,R004bc2008.H09,myloasm_v0.4,NaN,1070,not measured,21423289,2589153,44,4,2,5377995,1,2,22,1,EED_150ng_1x_longplex_Q5XT_8cyc_R004_100k,longplex comparison,WGS,METAGENOMIC,PCR,SINGLE,PACBIO_SMRT,Revio,longplex_1x_NEB Q5 XT,fastq,R004bc2007.F09.unmapped.100k.fastq.gz,,,,,,,,
R004bc2008.H09_100k,ESK_150ng_1x_longplex_Q5XT_8cyc_R004_100k,CompGenome Recovery QC: ESKAPE mock,longplex comparison,WGS,METAGENOMIC,PCR,single,PACBIO_SMRT,Revio,Vega,fastq,R004bc2008.H09.unmapped.100k.fastq,R004bc2008.H09.unmapped.100k.fastq.gz,SRR39281779,PRJNA1480782,SAMN61040805,R004bc2008.H09_100k_f,100k,ESK_150ng_1x_longplex_Q5XT_8cyc,synethtic metagenome,3/1/26,laboratory environment,laboratory environment,laboratory environment,USA:Waco,laboratory,31.5487 N 97.1130 W,ESK pathogen,R004,150,Q5XT,NEB Q5 XT,v1,8,longplex,FALSE,longplex_PCR,longplex_1x_NEB Q5 XT,esk_150ng_Q5XT_8cyc,bc2008,H,9,H09,NaN,Control,Positive,Mock community,Mock community,urban biome,research facility,cell culture,misc environment,not applicable,not applicable,not applicable,not applicable,not applicable,ESK_mock,eskape pathogen mock,ESK,9606,256318,mm testing,R004bc2008.H09,ESK_150ng_1x_longplex_Q5XT_8cyc_R004_100k,ESK_150ng_1x_longplex_Q5XT_8cyc,NEB Q5 XT 1x 150 ng,N.Q5XT 1x 150 ng,1x,,,,,,,,,,,,,,,,,,,,,,,,,,,,,,,,,,,,,,,,,,,,,,,,,,,,,,,1,EED_150ng_1x_longplex_Q5XT_8cyc_R004_none,longplex comparison,WGS,METAGENOMIC,PCR,SINGLE,PACBIO_SMRT,Revio,longplex_1x_NEB Q5 XT,fastq,R004bc2007.F09.unmapped.fastq.gz,,,,,,,,
R005bc2008.C09,ESK_300ng_1x_longplex_Pstar_8cyc_R005_none,CompGenome Recovery QC: ESKAPE mock,longplex comparison,WGS,METAGENOMIC,PCR,single,PACBIO_SMRT,Revio,Vega,fastq,R005bc2008.C09.unmapped.fastq,R005bc2008.C09.unmapped.fastq.gz,SRR39281842,PRJNA1480782,SAMN61040748,R005bc2008.C09_f,none,ESK_300ng_1x_longplex_Pstar_8cyc,synethtic metagenome,3/1/26,laboratory environment,laboratory environment,laboratory environment,USA:Waco,laboratory,31.5487 N 97.1130 W,ESK pathogen,R005,300,Pstar,Takara PrimeSTAR LongSeq,v1,8,longplex,TRUE,longplex_PCR,longplex_1x_Takara PrimeSTAR LongSeq,esk_300ng_Pstar_8cyc,bc2008,C,9,C09,NaN,Control,Positive,Mock community,Mock community,urban biome,research facility,cell culture,misc environment,not applicable,not applicable,not applicable,not applicable,not applicable,ESK_mock,eskape pathogen mock,ESK,Not applicable,256318,mm testing,R005bc2008.C09,ESK_300ng_1x_longplex_Pstar_8cyc_R005_none,ESK_300ng_1x_longplex_Pstar_8cyc,Takara PrimeSTAR LongSeq 1x 300 ng (Q),T.LongSeq 1x 300 ng (Q),1x,1,178936,178.936,983167853,4979,5494.5,2589.3,6083,28.8,39.1,31456,0.983167853,myloasm_v0.4,,344.5834,not measured,19651575,5365907,71,4,3,6275556,1,2,7,5,1.952300584,94501,1.952300584,5,19651575,5365907,71,4,3,6275556,1,2,7,344.5834,R005bc2008.C09,myloasm_v0.4,NaN,518,not measured,20767877,5365907,97,4,4,6275409,1,2,6,1,EED_150ng_1x_longplex_Q5XT_8cyc_R005_100k,longplex comparison,WGS,METAGENOMIC,PCR,SINGLE,PACBIO_SMRT,Revio,longplex_1x_NEB Q5 XT,fastq,R005bc2007.F09.unmapped.100k.fastq.gz,,,,,,,,
R005bc2008.C09_100k,ESK_300ng_1x_longplex_Pstar_8cyc_R005_100k,CompGenome Recovery QC: ESKAPE mock,longplex comparison,WGS,METAGENOMIC,PCR,single,PACBIO_SMRT,Revio,Vega,fastq,R005bc2008.C09.unmapped.100k.fastq,R005bc2008.C09.unmapped.100k.fastq.gz,SRR39281778,PRJNA1480782,SAMN61040806,R005bc2008.C09_100k_f,100k,ESK_300ng_1x_longplex_Pstar_8cyc,synethtic metagenome,3/1/26,laboratory environment,laboratory environment,laboratory environment,USA:Waco,laboratory,31.5487 N 97.1130 W,ESK pathogen,R005,300,Pstar,Takara PrimeSTAR LongSeq,v1,8,longplex,TRUE,longplex_PCR,longplex_1x_Takara PrimeSTAR LongSeq,esk_300ng_Pstar_8cyc,bc2008,C,9,C09,NaN,Control,Positive,Mock community,Mock community,urban biome,research facility,cell culture,misc environment,not applicable,not applicable,not applicable,not applicable,not applicable,ESK_mock,eskape pathogen mock,ESK,Not applicable,256318,mm testing,R005bc2008.C09,ESK_300ng_1x_longplex_Pstar_8cyc_R005_100k,ESK_300ng_1x_longplex_Pstar_8cyc,Takara PrimeSTAR LongSeq 1x 300 ng (Q),T.LongSeq 1x 300 ng (Q),1x,,,,,,,,,,,,,,,,,,,,,,,,,,,,,,,,,,,,,,,,,,,,,,,,,,,,,,,1,EED_150ng_1x_longplex_Q5XT_8cyc_R005_none,longplex comparison,WGS,METAGENOMIC,PCR,SINGLE,PACBIO_SMRT,Revio,longplex_1x_NEB Q5 XT,fastq,R005bc2007.F09.unmapped.fastq.gz,,,,,,,,
R005bc2008.C10,ESK_300ng_1x_longplex_decodifi_8cyc_R005_none,CompGenome Recovery QC: ESKAPE mock,longplex comparison,WGS,METAGENOMIC,PCR,single,PACBIO_SMRT,Revio,Vega,fastq,R005bc2008.C10.unmapped.fastq,R005bc2008.C10.unmapped.fastq.gz,SRR39281841,PRJNA1480782,SAMN61040749,R005bc2008.C10_f,none,ESK_300ng_1x_longplex_decodifi_8cyc,synethtic metagenome,3/1/26,laboratory environment,laboratory environment,laboratory environment,USA:Waco,laboratory,31.5487 N 97.1130 W,ESK pathogen,R005,300,decodifi,Kura Decodifi,v1,8,longplex,TRUE,longplex_PCR,longplex_1x_Kura Decodifi,esk_300ng_decodifi_8cyc,bc2008,C,10,C10,NaN,Control,Positive,Mock community,Mock community,urban biome,research facility,cell culture,misc environment,not applicable,not applicable,not applicable,not applicable,not applicable,ESK_mock,eskape pathogen mock,ESK,Not applicable,256318,mm testing,R005bc2008.C10,ESK_300ng_1x_longplex_decodifi_8cyc_R005_none,ESK_300ng_1x_longplex_decodifi_8cyc,Kura Decodifi 1x 300 ng (Q),K.Decodifi 1x 300 ng (Q),1x,1,264735,264.735,1371236823,4679,5179.7,2460.2,5758,28.9,39.3,30032,1.371236823,myloasm_v0.4,,312.3241,not measured,19204626,283973,154,3,1,2589037,0,0,45,5,2.02464832,94501,2.02464832,5,19204626,283973,154,3,1,2589037,0,0,45,312.3241,R005bc2008.C10,myloasm_v0.4,NaN,654,not measured,20807156,1078649,124,5,1,3172256,0,0,24,1,EED_15ng_0.25x_longplex_decodifi_8cyc_R006_100k,longplex comparison,WGS,METAGENOMIC,PCR,SINGLE,PACBIO_SMRT,Revio,longplex_0.25x_Kura Decodifi,fastq,R006bc2010.D02.unmapped.100k.fastq.gz,,,,,,,,
R005bc2008.C10_100k,ESK_300ng_1x_longplex_decodifi_8cyc_R005_100k,CompGenome Recovery QC: ESKAPE mock,longplex comparison,WGS,METAGENOMIC,PCR,single,PACBIO_SMRT,Revio,Vega,fastq,R005bc2008.C10.unmapped.100k.fastq,R005bc2008.C10.unmapped.100k.fastq.gz,SRR39281777,PRJNA1480782,SAMN61040807,R005bc2008.C10_100k_f,100k,ESK_300ng_1x_longplex_decodifi_8cyc,synethtic metagenome,3/1/26,laboratory environment,laboratory environment,laboratory environment,USA:Waco,laboratory,31.5487 N 97.1130 W,ESK pathogen,R005,300,decodifi,Kura Decodifi,v1,8,longplex,TRUE,longplex_PCR,longplex_1x_Kura Decodifi,esk_300ng_decodifi_8cyc,bc2008,C,10,C10,NaN,Control,Positive,Mock community,Mock community,urban biome,research facility,cell culture,misc environment,not applicable,not applicable,not applicable,not applicable,not applicable,ESK_mock,eskape pathogen mock,ESK,Not applicable,256318,mm testing,R005bc2008.C10,ESK_300ng_1x_longplex_decodifi_8cyc_R005_100k,ESK_300ng_1x_longplex_decodifi_8cyc,Kura Decodifi 1x 300 ng (Q),K.Decodifi 1x 300 ng (Q),1x,,,,,,,,,,,,,,,,,,,,,,,,,,,,,,,,,,,,,,,,,,,,,,,,,,,,,,,1,EED_15ng_0.25x_longplex_decodifi_8cyc_R006_none,longplex comparison,WGS,METAGENOMIC,PCR,SINGLE,PACBIO_SMRT,Revio,longplex_0.25x_Kura Decodifi,fastq,R006bc2010.D02.unmapped.fastq.gz,,,,,,,,
R005bc2008.D09,ESK_150ng_1x_longplex_Pstar_8cyc_R005_none,CompGenome Recovery QC: ESKAPE mock,longplex comparison,WGS,METAGENOMIC,PCR,single,PACBIO_SMRT,Revio,Vega,fastq,R005bc2008.D09.unmapped.fastq,R005bc2008.D09.unmapped.fastq.gz,SRR39281840,PRJNA1480782,SAMN61040750,R005bc2008.D09_f,none,ESK_150ng_1x_longplex_Pstar_8cyc,synethtic metagenome,3/1/26,laboratory environment,laboratory environment,laboratory environment,USA:Waco,laboratory,31.5487 N 97.1130 W,ESK pathogen,R005,150,Pstar,Takara PrimeSTAR LongSeq,v1,8,longplex,TRUE,longplex_PCR,longplex_1x_Takara PrimeSTAR LongSeq,esk_150ng_Pstar_8cyc,bc2008,D,9,D09,NaN,Control,Positive,Mock community,Mock community,urban biome,research facility,cell culture,misc environment,not applicable,not applicable,not applicable,not applicable,not applicable,ESK_mock,eskape pathogen mock,ESK,Not applicable,256318,mm testing,R005bc2008.D09,ESK_150ng_1x_longplex_Pstar_8cyc_R005_none,ESK_150ng_1x_longplex_Pstar_8cyc,Takara PrimeSTAR LongSeq 1x 150 ng (Q),T.LongSeq 1x 150 ng (Q),1x,1,171991,171.991,880083322,4610,5117,2480.3,5684,29,39.4,30233,0.880083322,myloasm_v0.4,,320.7811,not measured,19513822,5365907,68,5,3,6275460,0,0,7,5,1.960104373,94501,1.960104373,5,19513822,5365907,68,5,3,6275460,0,0,7,320.7811,R005bc2008.D09,myloasm_v0.4,NaN,476,not measured,20444593,5365907,100,5,3,6275460,2,1,7,1,EED_15ng_0.25x_longplex_Pstar_8cyc_R006_100k,longplex comparison,WGS,METAGENOMIC,PCR,SINGLE,PACBIO_SMRT,Revio,longplex_0.25x_Takara PrimeSTAR LongSeq,fastq,R006bc2010.D06.unmapped.100k.fastq.gz,,,,,,,,
R005bc2008.D09_100k,ESK_150ng_1x_longplex_Pstar_8cyc_R005_100k,CompGenome Recovery QC: ESKAPE mock,longplex comparison,WGS,METAGENOMIC,PCR,single,PACBIO_SMRT,Revio,Vega,fastq,R005bc2008.D09.unmapped.100k.fastq,R005bc2008.D09.unmapped.100k.fastq.gz,SRR39281776,PRJNA1480782,SAMN61040808,R005bc2008.D09_100k_f,100k,ESK_150ng_1x_longplex_Pstar_8cyc,synethtic metagenome,3/1/26,laboratory environment,laboratory environment,laboratory environment,USA:Waco,laboratory,31.5487 N 97.1130 W,ESK pathogen,R005,150,Pstar,Takara PrimeSTAR LongSeq,v1,8,longplex,TRUE,longplex_PCR,longplex_1x_Takara PrimeSTAR LongSeq,esk_150ng_Pstar_8cyc,bc2008,D,9,D09,NaN,Control,Positive,Mock community,Mock community,urban biome,research facility,cell culture,misc environment,not applicable,not applicable,not applicable,not applicable,not applicable,ESK_mock,eskape pathogen mock,ESK,Not applicable,256318,mm testing,R005bc2008.D09,ESK_150ng_1x_longplex_Pstar_8cyc_R005_100k,ESK_150ng_1x_longplex_Pstar_8cyc,Takara PrimeSTAR LongSeq 1x 150 ng (Q),T.LongSeq 1x 150 ng (Q),1x,,,,,,,,,,,,,,,,,,,,,,,,,,,,,,,,,,,,,,,,,,,,,,,,,,,,,,,1,EED_15ng_0.25x_longplex_Pstar_8cyc_R006_none,longplex comparison,WGS,METAGENOMIC,PCR,SINGLE,PACBIO_SMRT,Revio,longplex_0.25x_Takara PrimeSTAR LongSeq,fastq,R006bc2010.D06.unmapped.fastq.gz,,,,,,,,
R005bc2008.D10,ESK_150ng_1x_longplex_decodifi_8cyc_R005_none,CompGenome Recovery QC: ESKAPE mock,longplex comparison,WGS,METAGENOMIC,PCR,single,PACBIO_SMRT,Revio,Vega,fastq,R005bc2008.D10.unmapped.fastq,R005bc2008.D10.unmapped.fastq.gz,SRR39281838,PRJNA1480782,SAMN61040751,R005bc2008.D10_f,none,ESK_150ng_1x_longplex_decodifi_8cyc,synethtic metagenome,3/1/26,laboratory environment,laboratory environment,laboratory environment,USA:Waco,laboratory,31.5487 N 97.1130 W,ESK pathogen,R005,150,decodifi,Kura Decodifi,v1,8,longplex,TRUE,longplex_PCR,longplex_1x_Kura Decodifi,esk_150ng_decodifi_8cyc,bc2008,D,10,D10,NaN,Control,Positive,Mock community,Mock community,urban biome,research facility,cell culture,misc environment,not applicable,not applicable,not applicable,not applicable,not applicable,ESK_mock,eskape pathogen mock,ESK,Not applicable,256318,mm testing,R005bc2008.D10,ESK_150ng_1x_longplex_decodifi_8cyc_R005_none,ESK_150ng_1x_longplex_decodifi_8cyc,Kura Decodifi 1x 150 ng (Q),K.Decodifi 1x 150 ng (Q),1x,1,206853,206.853,979459323,4347,4735.1,2113.2,5210,29.1,39.7,25396,0.979459323,myloasm_v0.4,,294.5706,not measured,19301805,399777,157,3,0,3427997,1,0,40,5,2.009969669,94501,2.009969669,5,19301805,399777,157,3,0,3427997,1,0,40,294.5706,R005bc2008.D10,myloasm_v0.4,NaN,502,not measured,20396597,751030,140,5,1,2507689,2,0,31,1,EED_15ng_0.25x_longplex_Q5XT_8cyc_R006_100k,longplex comparison,WGS,METAGENOMIC,PCR,SINGLE,PACBIO_SMRT,Revio,longplex_0.25x_NEB Q5 XT,fastq,R006bc2010.D04.unmapped.100k.fastq.gz,,,,,,,,
R005bc2008.D10_100k,ESK_150ng_1x_longplex_decodifi_8cyc_R005_100k,CompGenome Recovery QC: ESKAPE mock,longplex comparison,WGS,METAGENOMIC,PCR,single,PACBIO_SMRT,Revio,Vega,fastq,R005bc2008.D10.unmapped.100k.fastq,R005bc2008.D10.unmapped.100k.fastq.gz,SRR39281775,PRJNA1480782,SAMN61040809,R005bc2008.D10_100k_f,100k,ESK_150ng_1x_longplex_decodifi_8cyc,synethtic metagenome,3/1/26,laboratory environment,laboratory environment,laboratory environment,USA:Waco,laboratory,31.5487 N 97.1130 W,ESK pathogen,R005,150,decodifi,Kura Decodifi,v1,8,longplex,TRUE,longplex_PCR,longplex_1x_Kura Decodifi,esk_150ng_decodifi_8cyc,bc2008,D,10,D10,NaN,Control,Positive,Mock community,Mock community,urban biome,research facility,cell culture,misc environment,not applicable,not applicable,not applicable,not applicable,not applicable,ESK_mock,eskape pathogen mock,ESK,Not applicable,256318,mm testing,R005bc2008.D10,ESK_150ng_1x_longplex_decodifi_8cyc_R005_100k,ESK_150ng_1x_longplex_decodifi_8cyc,Kura Decodifi 1x 150 ng (Q),K.Decodifi 1x 150 ng (Q),1x,,,,,,,,,,,,,,,,,,,,,,,,,,,,,,,,,,,,,,,,,,,,,,,,,,,,,,,1,EED_15ng_0.25x_longplex_Q5XT_8cyc_R006_none,longplex comparison,WGS,METAGENOMIC,PCR,SINGLE,PACBIO_SMRT,Revio,longplex_0.25x_NEB Q5 XT,fastq,R006bc2010.D04.unmapped.fastq.gz,,,,,,,,
R005bc2008.G09,ESK_300ng_1x_longplex_Q5XT_8cyc_R005_none,CompGenome Recovery QC: ESKAPE mock,longplex comparison,WGS,METAGENOMIC,PCR,single,PACBIO_SMRT,Revio,Vega,fastq,R005bc2008.G09.unmapped.fastq,R005bc2008.G09.unmapped.fastq.gz,SRR39281837,PRJNA1480782,SAMN61040752,R005bc2008.G09_f,none,ESK_300ng_1x_longplex_Q5XT_8cyc,synethtic metagenome,3/1/26,laboratory environment,laboratory environment,laboratory environment,USA:Waco,laboratory,31.5487 N 97.1130 W,ESK pathogen,R005,300,Q5XT,NEB Q5 XT,v1,8,longplex,TRUE,longplex_PCR,longplex_1x_NEB Q5 XT,esk_300ng_Q5XT_8cyc,bc2008,G,9,G09,NaN,Control,Positive,Mock community,Mock community,urban biome,research facility,cell culture,misc environment,not applicable,not applicable,not applicable,not applicable,not applicable,ESK_mock,eskape pathogen mock,ESK,Not applicable,256318,mm testing,R005bc2008.G09,ESK_300ng_1x_longplex_Q5XT_8cyc_R005_none,ESK_300ng_1x_longplex_Q5XT_8cyc,NEB Q5 XT 1x 300 ng (Q),N.Q5XT 1x 300 ng (Q),1x,1,241250,241.25,1199302177,4526,4971.2,2267,5475,29.1,39.3,28846,1.199302177,myloasm_v0.4,,309.7809,not measured,19126010,532766,275,2,1,3271712,1,1,24,5,1.931219414,94501,1.931219414,5,19126010,532766,275,2,1,3271712,1,1,24,309.7809,R005bc2008.G09,myloasm_v0.4,NaN,573,not measured,20877577,1313914,190,5,3,3585288,3,1,27,1,EED_3000ng_gtube_PCRfree_R002_100k,longplex comparison,WGS,METAGENOMIC,RANDOM,SINGLE,PACBIO_SMRT,Revio,gtube,fastq,m21120_251219_215844.hifi_reads.bc2002.bam.unmapped.100k.fastq.gz,,,,,,,,
R005bc2008.G09_100k,ESK_300ng_1x_longplex_Q5XT_8cyc_R005_100k,CompGenome Recovery QC: ESKAPE mock,longplex comparison,WGS,METAGENOMIC,PCR,single,PACBIO_SMRT,Revio,Vega,fastq,R005bc2008.G09.unmapped.100k.fastq,R005bc2008.G09.unmapped.100k.fastq.gz,SRR39281774,PRJNA1480782,SAMN61040810,R005bc2008.G09_100k_f,100k,ESK_300ng_1x_longplex_Q5XT_8cyc,synethtic metagenome,3/1/26,laboratory environment,laboratory environment,laboratory environment,USA:Waco,laboratory,31.5487 N 97.1130 W,ESK pathogen,R005,300,Q5XT,NEB Q5 XT,v1,8,longplex,TRUE,longplex_PCR,longplex_1x_NEB Q5 XT,esk_300ng_Q5XT_8cyc,bc2008,G,9,G09,NaN,Control,Positive,Mock community,Mock community,urban biome,research facility,cell culture,misc environment,not applicable,not applicable,not applicable,not applicable,not applicable,ESK_mock,eskape pathogen mock,ESK,Not applicable,256318,mm testing,R005bc2008.G09,ESK_300ng_1x_longplex_Q5XT_8cyc_R005_100k,ESK_300ng_1x_longplex_Q5XT_8cyc,NEB Q5 XT 1x 300 ng (Q),N.Q5XT 1x 300 ng (Q),1x,,,,,,,,,,,,,,,,,,,,,,,,,,,,,,,,,,,,,,,,,,,,,,,,,,,,,,,1,EED_3000ng_gtube_PCRfree_R002_none,longplex comparison,WGS,METAGENOMIC,RANDOM,SINGLE,PACBIO_SMRT,Revio,gtube,fastq,m21120_251219_215844.hifi_reads.bc2002.bam.unmapped.fastq.gz,,,,,,,,
R005bc2008.H09,ESK_150ng_1x_longplex_Q5XT_8cyc_R005_none,CompGenome Recovery QC: ESKAPE mock,longplex comparison,WGS,METAGENOMIC,PCR,single,PACBIO_SMRT,Revio,Vega,fastq,R005bc2008.H09.unmapped.fastq,R005bc2008.H09.unmapped.fastq.gz,SRR39281836,PRJNA1480782,SAMN61040753,R005bc2008.H09_f,none,ESK_150ng_1x_longplex_Q5XT_8cyc,synethtic metagenome,3/1/26,laboratory environment,laboratory environment,laboratory environment,USA:Waco,laboratory,31.5487 N 97.1130 W,ESK pathogen,R005,150,Q5XT,NEB Q5 XT,v1,8,longplex,TRUE,longplex_PCR,longplex_1x_NEB Q5 XT,esk_150ng_Q5XT_8cyc,bc2008,H,9,H09,NaN,Control,Positive,Mock community,Mock community,urban biome,research facility,cell culture,misc environment,not applicable,not applicable,not applicable,not applicable,not applicable,ESK_mock,eskape pathogen mock,ESK,Not applicable,256318,mm testing,R005bc2008.H09,ESK_150ng_1x_longplex_Q5XT_8cyc_R005_none,ESK_150ng_1x_longplex_Q5XT_8cyc,NEB Q5 XT 1x 150 ng (Q),N.Q5XT 1x 150 ng (Q),1x,1,248700,248.7,1230117361,4511,4946.2,2235.7,5441,29,39.3,28068,1.230117361,myloasm_v0.4,,308.4509,not measured,19422949,319093,229,3,1,2589153,0,1,34,5,1.960539368,94501,1.960539368,5,19422949,319093,229,3,1,2589153,0,1,34,308.4509,R005bc2008.H09,myloasm_v0.4,NaN,601,not measured,20885586,571745,159,5,1,2589153,0,1,32,1,EED_3000ng_gtube_PCRfree_R003_100k,longplex comparison,WGS,METAGENOMIC,RANDOM,SINGLE,PACBIO_SMRT,Revio,gtube,fastq,m21120_251222_184224.hifi_reads.bc2002.bam.unmapped.100k.fastq.gz,,,,,,,,
R005bc2008.H09_100k,ESK_150ng_1x_longplex_Q5XT_8cyc_R005_100k,CompGenome Recovery QC: ESKAPE mock,longplex comparison,WGS,METAGENOMIC,PCR,single,PACBIO_SMRT,Revio,Vega,fastq,R005bc2008.H09.unmapped.100k.fastq,R005bc2008.H09.unmapped.100k.fastq.gz,SRR39281772,PRJNA1480782,SAMN61040811,R005bc2008.H09_100k_f,100k,ESK_150ng_1x_longplex_Q5XT_8cyc,synethtic metagenome,3/1/26,laboratory environment,laboratory environment,laboratory environment,USA:Waco,laboratory,31.5487 N 97.1130 W,ESK pathogen,R005,150,Q5XT,NEB Q5 XT,v1,8,longplex,TRUE,longplex_PCR,longplex_1x_NEB Q5 XT,esk_150ng_Q5XT_8cyc,bc2008,H,9,H09,NaN,Control,Positive,Mock community,Mock community,urban biome,research facility,cell culture,misc environment,not applicable,not applicable,not applicable,not applicable,not applicable,ESK_mock,eskape pathogen mock,ESK,Not applicable,256318,mm testing,R005bc2008.H09,ESK_150ng_1x_longplex_Q5XT_8cyc_R005_100k,ESK_150ng_1x_longplex_Q5XT_8cyc,NEB Q5 XT 1x 150 ng (Q),N.Q5XT 1x 150 ng (Q),1x,,,,,,,,,,,,,,,,,,,,,,,,,,,,,,,,,,,,,,,,,,,,,,,,,,,,,,,1,EED_3000ng_gtube_PCRfree_R003_none,longplex comparison,WGS,METAGENOMIC,RANDOM,SINGLE,PACBIO_SMRT,Revio,gtube,fastq,m21120_251222_184224.hifi_reads.bc2002.bam.unmapped.fastq.gz,,,,,,,,
R006bc2010.E02,ESK_150ng_0.5x_longplex_decodifi_8cyc_R006_none,CompGenome Recovery QC: ESKAPE mock,longplex comparison,WGS,METAGENOMIC,PCR,single,PACBIO_SMRT,Revio,Vega,fastq,R006bc2010.E02.unmapped.fastq,R006bc2010.E02.unmapped.fastq.gz,SRR39281820,PRJNA1480782,SAMN61040768,R006bc2010.E02_f,none,ESK_150ng_0.5x_longplex_decodifi_8cyc,synethtic metagenome,3/1/26,laboratory environment,laboratory environment,laboratory environment,USA:Waco,laboratory,31.5487 N 97.1130 W,ESK pathogen,R006,150,decodifi,Kura Decodifi,v2,8,longplex,FALSE,longplex_PCR,longplex_0.5x_Kura Decodifi,eed_150ng_decodifi_8cyc,bc2010,E,2,E02,NaN,Control,Positive,Mock community,Mock community,urban biome,research facility,cell culture,misc environment,not applicable,not applicable,not applicable,not applicable,not applicable,ESK_mock,eskape pathogen mock,ESK,Not applicable,256318,mm testing,R006bc2010.E02,ESK_150ng_0.5x_longplex_decodifi_8cyc_R006_none,ESK_150ng_0.5x_longplex_decodifi_8cyc,Kura Decodifi 0.5x 150 ng,K.Decodifi 0.5x 150 ng,0.5x,1,289032,289.032,1441401756,4278,4987,2894.5,5857,28.9,39.6,36627,1.441401756,myloasm_v0.4,,265.83,not measured,18597675,458955,87,3,1,2797146,1,3,39,5,2.011601922,94501,2.011601922,5,18597675,458955,87,3,1,2797146,1,3,39,265.83,R006bc2010.E02,myloasm_v0.4,NaN,580,not measured,18961387,2337349,49,5,2,3981327,2,6,19,1,EED_3000ng_gtube_PCRfree_R005_100k,longplex comparison,WGS,METAGENOMIC,RANDOM,SINGLE,PACBIO_SMRT,Revio,gtube,fastq,m21120_260115_173545.hifi_reads.bc2002.bam.unmapped.100k.fastq.gz,,,,,,,,
R006bc2010.E02_100k,ESK_150ng_0.5x_longplex_decodifi_8cyc_R006_100k,CompGenome Recovery QC: ESKAPE mock,longplex comparison,WGS,METAGENOMIC,PCR,single,PACBIO_SMRT,Revio,Vega,fastq,R006bc2010.E02.unmapped.100k.fastq,R006bc2010.E02.unmapped.100k.fastq.gz,SRR39281870,PRJNA1480782,SAMN61040826,R006bc2010.E02_100k_f,100k,ESK_150ng_0.5x_longplex_decodifi_8cyc,synethtic metagenome,3/1/26,laboratory environment,laboratory environment,laboratory environment,USA:Waco,laboratory,31.5487 N 97.1130 W,ESK pathogen,R006,150,decodifi,Kura Decodifi,v2,8,longplex,FALSE,longplex_PCR,longplex_0.5x_Kura Decodifi,eed_150ng_decodifi_8cyc,bc2010,E,2,E02,NaN,Control,Positive,Mock community,Mock community,urban biome,research facility,cell culture,misc environment,not applicable,not applicable,not applicable,not applicable,not applicable,ESK_mock,eskape pathogen mock,ESK,Not applicable,256318,mm testing,R006bc2010.E02,ESK_150ng_0.5x_longplex_decodifi_8cyc_R006_100k,ESK_150ng_0.5x_longplex_decodifi_8cyc,Kura Decodifi 0.5x 150 ng,K.Decodifi 0.5x 150 ng,0.5x,,,,,,,,,,,,,,,,,,,,,,,,,,,,,,,,,,,,,,,,,,,,,,,,,,,,,,,1,EED_3000ng_gtube_PCRfree_R005_none,longplex comparison,WGS,METAGENOMIC,RANDOM,SINGLE,PACBIO_SMRT,Revio,gtube,fastq,m21120_260115_173545.hifi_reads.bc2002.bam.unmapped.fastq.gz,,,,,,,,
R006bc2010.E04,ESK_150ng_0.5x_longplex_Q5XT_8cyc_R006_none,CompGenome Recovery QC: ESKAPE mock,longplex comparison,WGS,METAGENOMIC,PCR,single,PACBIO_SMRT,Revio,Vega,fastq,R006bc2010.E04.unmapped.fastq,R006bc2010.E04.unmapped.fastq.gz,SRR39281819,PRJNA1480782,SAMN61040769,R006bc2010.E04_f,none,ESK_150ng_0.5x_longplex_Q5XT_8cyc,synethtic metagenome,3/1/26,laboratory environment,laboratory environment,laboratory environment,USA:Waco,laboratory,31.5487 N 97.1130 W,ESK pathogen,R006,150,Q5XT,NEB Q5 XT,v2,8,longplex,FALSE,longplex_PCR,longplex_0.5x_NEB Q5 XT,eed_150ng_Q5XT_8cyc,bc2010,E,4,E04,NaN,Control,Positive,Mock community,Mock community,urban biome,research facility,cell culture,misc environment,not applicable,not applicable,not applicable,not applicable,not applicable,ESK_mock,eskape pathogen mock,ESK,Not applicable,256318,mm testing,R006bc2010.E04,ESK_150ng_0.5x_longplex_Q5XT_8cyc_R006_none,ESK_150ng_0.5x_longplex_Q5XT_8cyc,NEB Q5 XT 0.5x 150 ng,N.Q5XT 0.5x 150 ng,0.5x,1,239607,239.607,1169980456,4200,4882.9,2764.7,5696,29,39.6,35799,1.169980456,myloasm_v0.4,,264.49,not measured,18434510,977392,164,5,1,2589153,0,3,25,5,1.962906685,94501,1.962906685,5,18434510,977392,164,5,1,2589153,0,3,25,264.49,R006bc2010.E04,myloasm_v0.4,NaN,515,not measured,19087309,2589153,114,3,2,5258056,0,5,24,1,EED_3000ng_pipetconc_PCRfree_R002_100k,longplex comparison,WGS,METAGENOMIC,RANDOM,SINGLE,PACBIO_SMRT,Revio,pipetmix,fastq,m21120_251219_215844.hifi_reads.bc2006.bam.unmapped.100k.fastq.gz,,,,,,,,
R006bc2010.E04_100k,ESK_150ng_0.5x_longplex_Q5XT_8cyc_R006_100k,CompGenome Recovery QC: ESKAPE mock,longplex comparison,WGS,METAGENOMIC,PCR,single,PACBIO_SMRT,Revio,Vega,fastq,R006bc2010.E04.unmapped.100k.fastq,R006bc2010.E04.unmapped.100k.fastq.gz,SRR39281869,PRJNA1480782,SAMN61040827,R006bc2010.E04_100k_f,100k,ESK_150ng_0.5x_longplex_Q5XT_8cyc,synethtic metagenome,3/1/26,laboratory environment,laboratory environment,laboratory environment,USA:Waco,laboratory,31.5487 N 97.1130 W,ESK pathogen,R006,150,Q5XT,NEB Q5 XT,v2,8,longplex,FALSE,longplex_PCR,longplex_0.5x_NEB Q5 XT,eed_150ng_Q5XT_8cyc,bc2010,E,4,E04,NaN,Control,Positive,Mock community,Mock community,urban biome,research facility,cell culture,misc environment,not applicable,not applicable,not applicable,not applicable,not applicable,ESK_mock,eskape pathogen mock,ESK,Not applicable,256318,mm testing,R006bc2010.E04,ESK_150ng_0.5x_longplex_Q5XT_8cyc_R006_100k,ESK_150ng_0.5x_longplex_Q5XT_8cyc,NEB Q5 XT 0.5x 150 ng,N.Q5XT 0.5x 150 ng,0.5x,,,,,,,,,,,,,,,,,,,,,,,,,,,,,,,,,,,,,,,,,,,,,,,,,,,,,,,1,EED_3000ng_pipetconc_PCRfree_R002_none,longplex comparison,WGS,METAGENOMIC,RANDOM,SINGLE,PACBIO_SMRT,Revio,pipetmix,fastq,m21120_251219_215844.hifi_reads.bc2006.bam.unmapped.fastq.gz,,,,,,,,
R006bc2010.E06,ESK_150ng_0.5x_longplex_Pstar_8cyc_R006_none,CompGenome Recovery QC: ESKAPE mock,longplex comparison,WGS,METAGENOMIC,PCR,single,PACBIO_SMRT,Revio,Vega,fastq,R006bc2010.E06.unmapped.fastq,R006bc2010.E06.unmapped.fastq.gz,SRR39281818,PRJNA1480782,SAMN61040770,R006bc2010.E06_f,none,ESK_150ng_0.5x_longplex_Pstar_8cyc,synethtic metagenome,3/1/26,laboratory environment,laboratory environment,laboratory environment,USA:Waco,laboratory,31.5487 N 97.1130 W,ESK pathogen,R006,150,Pstar,Takara PrimeSTAR LongSeq,v2,8,longplex,FALSE,longplex_PCR,longplex_0.5x_Takara PrimeSTAR LongSeq,eed_150ng_Pstar_8cyc,bc2010,E,6,E06,NaN,Control,Positive,Mock community,Mock community,urban biome,research facility,cell culture,misc environment,not applicable,not applicable,not applicable,not applicable,not applicable,ESK_mock,eskape pathogen mock,ESK,Not applicable,256318,mm testing,R006bc2010.E06,ESK_150ng_0.5x_longplex_Pstar_8cyc_R006_none,ESK_150ng_0.5x_longplex_Pstar_8cyc,Takara PrimeSTAR LongSeq 0.5x 150 ng,T.LongSeq 0.5x 150 ng,0.5x,0,29159,29.159,155840256,4344,5344.5,3561.7,6550,28.8,39.5,35381,0.155840256,myloasm_v0.4,,86.21,not measured,18487966,398845,92,3,1,2589154,0,2,44,5,1.941718436,94501,1.941718436,5,18487966,398845,92,3,1,2589154,0,2,44,86.21,R006bc2010.E06,myloasm_v0.4,NaN,81,not measured,18487966,398845,92,3,1,2589154,0,2,44,1,EED_3000ng_pipetconc_PCRfree_R003_100k,longplex comparison,WGS,METAGENOMIC,RANDOM,SINGLE,PACBIO_SMRT,Revio,pipetmix,fastq,m21120_251222_184224.hifi_reads.bc2006.bam.unmapped.100k.fastq.gz,,,,,,,,
R006bc2010.E06_100k,ESK_150ng_0.5x_longplex_Pstar_8cyc_R006_100k,CompGenome Recovery QC: ESKAPE mock,longplex comparison,WGS,METAGENOMIC,PCR,single,PACBIO_SMRT,Revio,Vega,fastq,R006bc2010.E06.unmapped.100k.fastq,R006bc2010.E06.unmapped.100k.fastq.gz,SRR39281868,PRJNA1480782,SAMN61040828,R006bc2010.E06_100k_f,100k,ESK_150ng_0.5x_longplex_Pstar_8cyc,synethtic metagenome,3/1/26,laboratory environment,laboratory environment,laboratory environment,USA:Waco,laboratory,31.5487 N 97.1130 W,ESK pathogen,R006,150,Pstar,Takara PrimeSTAR LongSeq,v2,8,longplex,FALSE,longplex_PCR,longplex_0.5x_Takara PrimeSTAR LongSeq,eed_150ng_Pstar_8cyc,bc2010,E,6,E06,NaN,Control,Positive,Mock community,Mock community,urban biome,research facility,cell culture,misc environment,not applicable,not applicable,not applicable,not applicable,not applicable,ESK_mock,eskape pathogen mock,ESK,Not applicable,256318,mm testing,R006bc2010.E06,ESK_150ng_0.5x_longplex_Pstar_8cyc_R006_100k,ESK_150ng_0.5x_longplex_Pstar_8cyc,Takara PrimeSTAR LongSeq 0.5x 150 ng,T.LongSeq 0.5x 150 ng,0.5x,,,,,,,,,,,,,,,,,,,,,,,,,,,,,,,,,,,,,,,,,,,,,,,,,,,,,,,1,EED_3000ng_pipetconc_PCRfree_R003_none,longplex comparison,WGS,METAGENOMIC,RANDOM,SINGLE,PACBIO_SMRT,Revio,pipetmix,fastq,m21120_251222_184224.hifi_reads.bc2006.bam.unmapped.fastq.gz,,,,,,,,
R006bc2010.F02,ESK_75ng_0.5x_longplex_decodifi_8cyc_R006_none,CompGenome Recovery QC: ESKAPE mock,longplex comparison,WGS,METAGENOMIC,PCR,single,PACBIO_SMRT,Revio,Vega,fastq,R006bc2010.F02.unmapped.fastq,R006bc2010.F02.unmapped.fastq.gz,SRR39281816,PRJNA1480782,SAMN61040771,R006bc2010.F02_f,none,ESK_75ng_0.5x_longplex_decodifi_8cyc,synethtic metagenome,3/1/26,laboratory environment,laboratory environment,laboratory environment,USA:Waco,laboratory,31.5487 N 97.1130 W,ESK pathogen,R006,75,decodifi,Kura Decodifi,v2,8,longplex,FALSE,longplex_PCR,longplex_0.5x_Kura Decodifi,eed_75ng_decodifi_8cyc,bc2010,F,2,F02,NaN,Control,Positive,Mock community,Mock community,urban biome,research facility,cell culture,misc environment,not applicable,not applicable,not applicable,not applicable,not applicable,ESK_mock,eskape pathogen mock,ESK,Not applicable,256318,mm testing,R006bc2010.F02,ESK_75ng_0.5x_longplex_decodifi_8cyc_R006_none,ESK_75ng_0.5x_longplex_decodifi_8cyc,Kura Decodifi 0.5x 75 ng,K.Decodifi 0.5x 075 ng,0.5x,1,434412,434.412,2056808961,4100,4734.7,2676.8,5519,29.1,39.8,33864,2.056808961,myloasm_v0.4,,250.98,not measured,18667746,792696,74,4,1,2798770,0,0,37,5,2.014750639,94501,2.014750639,5,18667746,792696,74,4,1,2798770,0,0,37,250.98,R006bc2010.F02,myloasm_v0.4,NaN,741,not measured,19463994,3981805,64,5,2,5359971,3,7,7,1,EED_3000ng_pipetconc_PCRfree_R005_100k,longplex comparison,WGS,METAGENOMIC,RANDOM,SINGLE,PACBIO_SMRT,Revio,pipetmix,fastq,m21120_260115_173545.hifi_reads.bc2006.bam.unmapped.100k.fastq.gz,,,,,,,,
R006bc2010.F02_100k,ESK_75ng_0.5x_longplex_decodifi_8cyc_R006_100k,CompGenome Recovery QC: ESKAPE mock,longplex comparison,WGS,METAGENOMIC,PCR,single,PACBIO_SMRT,Revio,Vega,fastq,R006bc2010.F02.unmapped.100k.fastq,R006bc2010.F02.unmapped.100k.fastq.gz,SRR39281867,PRJNA1480782,SAMN61040829,R006bc2010.F02_100k_f,100k,ESK_75ng_0.5x_longplex_decodifi_8cyc,synethtic metagenome,3/1/26,laboratory environment,laboratory environment,laboratory environment,USA:Waco,laboratory,31.5487 N 97.1130 W,ESK pathogen,R006,75,decodifi,Kura Decodifi,v2,8,longplex,FALSE,longplex_PCR,longplex_0.5x_Kura Decodifi,eed_75ng_decodifi_8cyc,bc2010,F,2,F02,NaN,Control,Positive,Mock community,Mock community,urban biome,research facility,cell culture,misc environment,not applicable,not applicable,not applicable,not applicable,not applicable,ESK_mock,eskape pathogen mock,ESK,Not applicable,256318,mm testing,R006bc2010.F02,ESK_75ng_0.5x_longplex_decodifi_8cyc_R006_100k,ESK_75ng_0.5x_longplex_decodifi_8cyc,Kura Decodifi 0.5x 75 ng,K.Decodifi 0.5x 075 ng,0.5x,,,,,,,,,,,,,,,,,,,,,,,,,,,,,,,,,,,,,,,,,,,,,,,,,,,,,,,1,EED_3000ng_pipetconc_PCRfree_R005_none,longplex comparison,WGS,METAGENOMIC,RANDOM,SINGLE,PACBIO_SMRT,Revio,pipetmix,fastq,m21120_260115_173545.hifi_reads.bc2006.bam.unmapped.fastq.gz,,,,,,,,
R006bc2010.F04,ESK_75ng_0.5x_longplex_Q5XT_8cyc_R006_none,CompGenome Recovery QC: ESKAPE mock,longplex comparison,WGS,METAGENOMIC,PCR,single,PACBIO_SMRT,Revio,Vega,fastq,R006bc2010.F04.unmapped.fastq,R006bc2010.F04.unmapped.fastq.gz,SRR39281815,PRJNA1480782,SAMN61040772,R006bc2010.F04_f,none,ESK_75ng_0.5x_longplex_Q5XT_8cyc,synethtic metagenome,3/1/26,laboratory environment,laboratory environment,laboratory environment,USA:Waco,laboratory,31.5487 N 97.1130 W,ESK pathogen,R006,75,Q5XT,NEB Q5 XT,v2,8,longplex,FALSE,longplex_PCR,longplex_0.5x_NEB Q5 XT,eed_75ng_Q5XT_8cyc,bc2010,F,4,F04,NaN,Control,Positive,Mock community,Mock community,urban biome,research facility,cell culture,misc environment,not applicable,not applicable,not applicable,not applicable,not applicable,ESK_mock,eskape pathogen mock,ESK,Not applicable,256318,mm testing,R006bc2010.F04,ESK_75ng_0.5x_longplex_Q5XT_8cyc_R006_none,ESK_75ng_0.5x_longplex_Q5XT_8cyc,NEB Q5 XT 0.5x 75 ng,N.Q5XT 0.5x 075 ng,0.5x,1,356912,356.912,1664439605,4075,4663.4,2516.9,5373,29.1,39.8,30096,1.664439605,myloasm_v0.4,,252.49,not measured,18328411,483962,175,5,1,2589153,1,4,29,5,1.949980113,94501,1.949980113,5,18328411,483962,175,5,1,2589153,1,4,29,252.49,R006bc2010.F04,myloasm_v0.4,NaN,222,not measured,19523391,2271420,131,4,2,5363200,0,5,29,1,EED_3000ng_pipetdil_PCRfree_R002_100k,longplex comparison,WGS,METAGENOMIC,RANDOM,SINGLE,PACBIO_SMRT,Revio,pipetmix,fastq,m21120_251219_215844.hifi_reads.bc2004.bam.unmapped.100k.fastq.gz,,,,,,,,
R006bc2010.F04_100k,ESK_75ng_0.5x_longplex_Q5XT_8cyc_R006_100k,CompGenome Recovery QC: ESKAPE mock,longplex comparison,WGS,METAGENOMIC,PCR,single,PACBIO_SMRT,Revio,Vega,fastq,R006bc2010.F04.unmapped.100k.fastq,R006bc2010.F04.unmapped.100k.fastq.gz,SRR39281866,PRJNA1480782,SAMN61040830,R006bc2010.F04_100k_f,100k,ESK_75ng_0.5x_longplex_Q5XT_8cyc,synethtic metagenome,3/1/26,laboratory environment,laboratory environment,laboratory environment,USA:Waco,laboratory,31.5487 N 97.1130 W,ESK pathogen,R006,75,Q5XT,NEB Q5 XT,v2,8,longplex,FALSE,longplex_PCR,longplex_0.5x_NEB Q5 XT,eed_75ng_Q5XT_8cyc,bc2010,F,4,F04,NaN,Control,Positive,Mock community,Mock community,urban biome,research facility,cell culture,misc environment,not applicable,not applicable,not applicable,not applicable,not applicable,ESK_mock,eskape pathogen mock,ESK,Not applicable,256318,mm testing,R006bc2010.F04,ESK_75ng_0.5x_longplex_Q5XT_8cyc_R006_100k,ESK_75ng_0.5x_longplex_Q5XT_8cyc,NEB Q5 XT 0.5x 75 ng,N.Q5XT 0.5x 075 ng,0.5x,,,,,,,,,,,,,,,,,,,,,,,,,,,,,,,,,,,,,,,,,,,,,,,,,,,,,,,1,EED_3000ng_pipetdil_PCRfree_R002_none,longplex comparison,WGS,METAGENOMIC,RANDOM,SINGLE,PACBIO_SMRT,Revio,pipetmix,fastq,m21120_251219_215844.hifi_reads.bc2004.bam.unmapped.fastq.gz,,,,,,,,
R006bc2010.F06,ESK_75ng_0.5x_longplex_Pstar_8cyc_R006_none,CompGenome Recovery QC: ESKAPE mock,longplex comparison,WGS,METAGENOMIC,PCR,single,PACBIO_SMRT,Revio,Vega,fastq,R006bc2010.F06.unmapped.fastq,R006bc2010.F06.unmapped.fastq.gz,SRR39281814,PRJNA1480782,SAMN61040773,R006bc2010.F06_f,none,ESK_75ng_0.5x_longplex_Pstar_8cyc,synethtic metagenome,3/1/26,laboratory environment,laboratory environment,laboratory environment,USA:Waco,laboratory,31.5487 N 97.1130 W,ESK pathogen,R006,75,Pstar,Takara PrimeSTAR LongSeq,v2,8,longplex,FALSE,longplex_PCR,longplex_0.5x_Takara PrimeSTAR LongSeq,eed_75ng_Pstar_8cyc,bc2010,F,6,F06,NaN,Control,Positive,Mock community,Mock community,urban biome,research facility,cell culture,misc environment,not applicable,not applicable,not applicable,not applicable,not applicable,ESK_mock,eskape pathogen mock,ESK,Not applicable,256318,mm testing,R006bc2010.F06,ESK_75ng_0.5x_longplex_Pstar_8cyc_R006_none,ESK_75ng_0.5x_longplex_Pstar_8cyc,Takara PrimeSTAR LongSeq 0.5x 75 ng,T.LongSeq 0.5x 075 ng,0.5x,0,36142,36.142,179627225,4075.5,4970,3196.7,5955,29,39.7,32538,0.179627225,myloasm_v0.4,,100.51,not measured,18541520,600699,70,2,1,3957521,0,1,38,5,1.965659426,94501,1.965659426,5,18541520,600699,70,2,1,3957521,0,1,38,100.51,R006bc2010.F06,myloasm_v0.4,NaN,36,not measured,18541520,600699,70,2,1,3957521,0,1,38,1,EED_3000ng_pipetdil_PCRfree_R003_100k,longplex comparison,WGS,METAGENOMIC,RANDOM,SINGLE,PACBIO_SMRT,Revio,pipetmix,fastq,m21120_251222_184224.hifi_reads.bc2004.bam.unmapped.100k.fastq.gz,,,,,,,,
R006bc2010.F06_100k,ESK_75ng_0.5x_longplex_Pstar_8cyc_R006_100k,CompGenome Recovery QC: ESKAPE mock,longplex comparison,WGS,METAGENOMIC,PCR,single,PACBIO_SMRT,Revio,Vega,fastq,R006bc2010.F06.unmapped.100k.fastq,R006bc2010.F06.unmapped.100k.fastq.gz,SRR39281864,PRJNA1480782,SAMN61040831,R006bc2010.F06_100k_f,100k,ESK_75ng_0.5x_longplex_Pstar_8cyc,synethtic metagenome,3/1/26,laboratory environment,laboratory environment,laboratory environment,USA:Waco,laboratory,31.5487 N 97.1130 W,ESK pathogen,R006,75,Pstar,Takara PrimeSTAR LongSeq,v2,8,longplex,FALSE,longplex_PCR,longplex_0.5x_Takara PrimeSTAR LongSeq,eed_75ng_Pstar_8cyc,bc2010,F,6,F06,NaN,Control,Positive,Mock community,Mock community,urban biome,research facility,cell culture,misc environment,not applicable,not applicable,not applicable,not applicable,not applicable,ESK_mock,eskape pathogen mock,ESK,Not applicable,256318,mm testing,R006bc2010.F06,ESK_75ng_0.5x_longplex_Pstar_8cyc_R006_100k,ESK_75ng_0.5x_longplex_Pstar_8cyc,Takara PrimeSTAR LongSeq 0.5x 75 ng,T.LongSeq 0.5x 075 ng,0.5x,,,,,,,,,,,,,,,,,,,,,,,,,,,,,,,,,,,,,,,,,,,,,,,,,,,,,,,1,EED_3000ng_pipetdil_PCRfree_R003_none,longplex comparison,WGS,METAGENOMIC,RANDOM,SINGLE,PACBIO_SMRT,Revio,pipetmix,fastq,m21120_251222_184224.hifi_reads.bc2004.bam.unmapped.fastq.gz,,,,,,,,
R006bc2010.G02,ESK_30ng_0.25x_longplex_decodifi_8cyc_R006_none,CompGenome Recovery QC: ESKAPE mock,longplex comparison,WGS,METAGENOMIC,PCR,single,PACBIO_SMRT,Revio,Vega,fastq,R006bc2010.G02.unmapped.fastq,R006bc2010.G02.unmapped.fastq.gz,SRR39281813,PRJNA1480782,SAMN61040774,R006bc2010.G02_f,none,ESK_30ng_0.25x_longplex_decodifi_8cyc,synethtic metagenome,3/1/26,laboratory environment,laboratory environment,laboratory environment,USA:Waco,laboratory,31.5487 N 97.1130 W,ESK pathogen,R006,30,decodifi,Kura Decodifi,v2,8,longplex,FALSE,longplex_PCR,longplex_0.25x_Kura Decodifi,eed_30ng_decodifi_8cyc,bc2010,G,2,G02,NaN,Control,Positive,Mock community,Mock community,urban biome,research facility,cell culture,misc environment,not applicable,not applicable,not applicable,not applicable,not applicable,ESK_mock,eskape pathogen mock,ESK,Not applicable,256318,mm testing,R006bc2010.G02,ESK_30ng_0.25x_longplex_decodifi_8cyc_R006_none,ESK_30ng_0.25x_longplex_decodifi_8cyc,Kura Decodifi 0.25x 30 ng,K.Decodifi 0.25x 30 ng,0.25x,1,237309,237.309,1054670933,3837,4444.3,2501.4,5141,29.2,39.9,40417,1.054670933,myloasm_v0.4,,236.08,not measured,18581641,381003,120,3,1,2589153,0,4,43,5,2.018880168,94501,2.018880168,5,18581641,381003,120,3,1,2589153,0,4,43,236.08,R006bc2010.G02,myloasm_v0.4,NaN,164,not measured,18859773,830569,67,4,1,2589153,1,1,31,1,EED_3000ng_pipetdil_PCRfree_R005_100k,longplex comparison,WGS,METAGENOMIC,RANDOM,SINGLE,PACBIO_SMRT,Revio,pipetmix,fastq,m21120_260115_173545.hifi_reads.bc2004.bam.unmapped.100k.fastq.gz,,,,,,,,
R006bc2010.G02_100k,ESK_30ng_0.25x_longplex_decodifi_8cyc_R006_100k,CompGenome Recovery QC: ESKAPE mock,longplex comparison,WGS,METAGENOMIC,PCR,single,PACBIO_SMRT,Revio,Vega,fastq,R006bc2010.G02.unmapped.100k.fastq,R006bc2010.G02.unmapped.100k.fastq.gz,SRR39281863,PRJNA1480782,SAMN61040832,R006bc2010.G02_100k_f,100k,ESK_30ng_0.25x_longplex_decodifi_8cyc,synethtic metagenome,3/1/26,laboratory environment,laboratory environment,laboratory environment,USA:Waco,laboratory,31.5487 N 97.1130 W,ESK pathogen,R006,30,decodifi,Kura Decodifi,v2,8,longplex,FALSE,longplex_PCR,longplex_0.25x_Kura Decodifi,eed_30ng_decodifi_8cyc,bc2010,G,2,G02,NaN,Control,Positive,Mock community,Mock community,urban biome,research facility,cell culture,misc environment,not applicable,not applicable,not applicable,not applicable,not applicable,ESK_mock,eskape pathogen mock,ESK,Not applicable,256318,mm testing,R006bc2010.G02,ESK_30ng_0.25x_longplex_decodifi_8cyc_R006_100k,ESK_30ng_0.25x_longplex_decodifi_8cyc,Kura Decodifi 0.25x 30 ng,K.Decodifi 0.25x 30 ng,0.25x,,,,,,,,,,,,,,,,,,,,,,,,,,,,,,,,,,,,,,,,,,,,,,,,,,,,,,,1,EED_3000ng_pipetdil_PCRfree_R005_none,longplex comparison,WGS,METAGENOMIC,RANDOM,SINGLE,PACBIO_SMRT,Revio,pipetmix,fastq,m21120_260115_173545.hifi_reads.bc2004.bam.unmapped.fastq.gz,,,,,,,,
R006bc2010.G04,ESK_30ng_0.25x_longplex_Q5XT_8cyc_R006_none,CompGenome Recovery QC: ESKAPE mock,longplex comparison,WGS,METAGENOMIC,PCR,single,PACBIO_SMRT,Revio,Vega,fastq,R006bc2010.G04.unmapped.fastq,R006bc2010.G04.unmapped.fastq.gz,SRR39281812,PRJNA1480782,SAMN61040775,R006bc2010.G04_f,none,ESK_30ng_0.25x_longplex_Q5XT_8cyc,synethtic metagenome,3/1/26,laboratory environment,laboratory environment,laboratory environment,USA:Waco,laboratory,31.5487 N 97.1130 W,ESK pathogen,R006,30,Q5XT,NEB Q5 XT,v2,8,longplex,FALSE,longplex_PCR,longplex_0.25x_NEB Q5 XT,eed_30ng_Q5XT_8cyc,bc2010,G,4,G04,NaN,Control,Positive,Mock community,Mock community,urban biome,research facility,cell culture,misc environment,not applicable,not applicable,not applicable,not applicable,not applicable,ESK_mock,eskape pathogen mock,ESK,Not applicable,256318,mm testing,R006bc2010.G04,ESK_30ng_0.25x_longplex_Q5XT_8cyc_R006_none,ESK_30ng_0.25x_longplex_Q5XT_8cyc,NEB Q5 XT 0.25x 30 ng,N.Q5XT 0.25x 30 ng,0.25x,1,267997,267.997,1205567100,3968,4498.4,2342.2,5120,29.2,39.8,27997,1.2055671,myloasm_v0.4,,241.72,not measured,18534326,479813,161,4,1,2589022,1,1,35,5,1.977568538,94501,1.977568538,5,18534326,479813,161,4,1,2589022,1,1,35,241.72,R006bc2010.G04,myloasm_v0.4,NaN,164,not measured,19088146,1257222,116,5,1,4160942,2,3,28,1,EED_30ng_0.25x_longplex_decodifi_8cyc_R006_100k,longplex comparison,WGS,METAGENOMIC,PCR,SINGLE,PACBIO_SMRT,Revio,longplex_0.25x_Kura Decodifi,fastq,R006bc2010.C02.unmapped.100k.fastq.gz,,,,,,,,
R006bc2010.G04_100k,ESK_30ng_0.25x_longplex_Q5XT_8cyc_R006_100k,CompGenome Recovery QC: ESKAPE mock,longplex comparison,WGS,METAGENOMIC,PCR,single,PACBIO_SMRT,Revio,Vega,fastq,R006bc2010.G04.unmapped.100k.fastq,R006bc2010.G04.unmapped.100k.fastq.gz,SRR39281862,PRJNA1480782,SAMN61040833,R006bc2010.G04_100k_f,100k,ESK_30ng_0.25x_longplex_Q5XT_8cyc,synethtic metagenome,3/1/26,laboratory environment,laboratory environment,laboratory environment,USA:Waco,laboratory,31.5487 N 97.1130 W,ESK pathogen,R006,30,Q5XT,NEB Q5 XT,v2,8,longplex,FALSE,longplex_PCR,longplex_0.25x_NEB Q5 XT,eed_30ng_Q5XT_8cyc,bc2010,G,4,G04,NaN,Control,Positive,Mock community,Mock community,urban biome,research facility,cell culture,misc environment,not applicable,not applicable,not applicable,not applicable,not applicable,ESK_mock,eskape pathogen mock,ESK,Not applicable,256318,mm testing,R006bc2010.G04,ESK_30ng_0.25x_longplex_Q5XT_8cyc_R006_100k,ESK_30ng_0.25x_longplex_Q5XT_8cyc,NEB Q5 XT 0.25x 30 ng,N.Q5XT 0.25x 30 ng,0.25x,,,,,,,,,,,,,,,,,,,,,,,,,,,,,,,,,,,,,,,,,,,,,,,,,,,,,,,1,EED_30ng_0.25x_longplex_decodifi_8cyc_R006_none,longplex comparison,WGS,METAGENOMIC,PCR,SINGLE,PACBIO_SMRT,Revio,longplex_0.25x_Kura Decodifi,fastq,R006bc2010.C02.unmapped.fastq.gz,,,,,,,,
R006bc2010.G06,ESK_30ng_0.25x_longplex_Pstar_8cyc_R006_none,CompGenome Recovery QC: ESKAPE mock,longplex comparison,WGS,METAGENOMIC,PCR,single,PACBIO_SMRT,Revio,Vega,fastq,R006bc2010.G06.unmapped.fastq,R006bc2010.G06.unmapped.fastq.gz,SRR39281811,PRJNA1480782,SAMN61040776,R006bc2010.G06_f,none,ESK_30ng_0.25x_longplex_Pstar_8cyc,synethtic metagenome,3/1/26,laboratory environment,laboratory environment,laboratory environment,USA:Waco,laboratory,31.5487 N 97.1130 W,ESK pathogen,R006,30,Pstar,Takara PrimeSTAR LongSeq,v2,8,longplex,FALSE,longplex_PCR,longplex_0.25x_Takara PrimeSTAR LongSeq,eed_30ng_Pstar_8cyc,bc2010,G,6,G06,NaN,Control,Positive,Mock community,Mock community,urban biome,research facility,cell culture,misc environment,not applicable,not applicable,not applicable,not applicable,not applicable,ESK_mock,eskape pathogen mock,ESK,Not applicable,256318,mm testing,R006bc2010.G06,ESK_30ng_0.25x_longplex_Pstar_8cyc_R006_none,ESK_30ng_0.25x_longplex_Pstar_8cyc,Takara PrimeSTAR LongSeq 0.25x 30 ng,T.LongSeq 0.25x 30 ng,0.25x,1,339796,339.796,1690144743,4303,4974,2837.8,5808,28.9,39.7,38708,1.690144743,myloasm_v0.4,,269.89,not measured,18676352,5365907,15,5,3,6275460,0,1,7,5,1.972270642,94501,1.972270642,5,18676352,5365907,15,5,3,6275460,0,1,7,269.89,R006bc2010.G06,myloasm_v0.4,NaN,695,not measured,19838016,5365907,82,4,4,6275460,0,1,6,1,EED_30ng_0.25x_longplex_Pstar_8cyc_R006_100k,longplex comparison,WGS,METAGENOMIC,PCR,SINGLE,PACBIO_SMRT,Revio,longplex_0.25x_Takara PrimeSTAR LongSeq,fastq,R006bc2010.C06.unmapped.100k.fastq.gz,,,,,,,,
R006bc2010.G06_100k,ESK_30ng_0.25x_longplex_Pstar_8cyc_R006_100k,CompGenome Recovery QC: ESKAPE mock,longplex comparison,WGS,METAGENOMIC,PCR,single,PACBIO_SMRT,Revio,Vega,fastq,R006bc2010.G06.unmapped.100k.fastq,R006bc2010.G06.unmapped.100k.fastq.gz,SRR39281861,PRJNA1480782,SAMN61040834,R006bc2010.G06_100k_f,100k,ESK_30ng_0.25x_longplex_Pstar_8cyc,synethtic metagenome,3/1/26,laboratory environment,laboratory environment,laboratory environment,USA:Waco,laboratory,31.5487 N 97.1130 W,ESK pathogen,R006,30,Pstar,Takara PrimeSTAR LongSeq,v2,8,longplex,FALSE,longplex_PCR,longplex_0.25x_Takara PrimeSTAR LongSeq,eed_30ng_Pstar_8cyc,bc2010,G,6,G06,NaN,Control,Positive,Mock community,Mock community,urban biome,research facility,cell culture,misc environment,not applicable,not applicable,not applicable,not applicable,not applicable,ESK_mock,eskape pathogen mock,ESK,Not applicable,256318,mm testing,R006bc2010.G06,ESK_30ng_0.25x_longplex_Pstar_8cyc_R006_100k,ESK_30ng_0.25x_longplex_Pstar_8cyc,Takara PrimeSTAR LongSeq 0.25x 30 ng,T.LongSeq 0.25x 30 ng,0.25x,,,,,,,,,,,,,,,,,,,,,,,,,,,,,,,,,,,,,,,,,,,,,,,,,,,,,,,1,EED_30ng_0.25x_longplex_Pstar_8cyc_R006_none,longplex comparison,WGS,METAGENOMIC,PCR,SINGLE,PACBIO_SMRT,Revio,longplex_0.25x_Takara PrimeSTAR LongSeq,fastq,R006bc2010.C06.unmapped.fastq.gz,,,,,,,,
R006bc2010.H02,ESK_15ng_0.25x_longplex_decodifi_8cyc_R006_none,CompGenome Recovery QC: ESKAPE mock,longplex comparison,WGS,METAGENOMIC,PCR,single,PACBIO_SMRT,Revio,Vega,fastq,R006bc2010.H02.unmapped.fastq,R006bc2010.H02.unmapped.fastq.gz,SRR39281810,PRJNA1480782,SAMN61040777,R006bc2010.H02_f,none,ESK_15ng_0.25x_longplex_decodifi_8cyc,synethtic metagenome,3/1/26,laboratory environment,laboratory environment,laboratory environment,USA:Waco,laboratory,31.5487 N 97.1130 W,ESK pathogen,R006,15,decodifi,Kura Decodifi,v2,8,longplex,FALSE,longplex_PCR,longplex_0.25x_Kura Decodifi,eed_15ng_decodifi_8cyc,bc2010,H,2,H02,NaN,Control,Positive,Mock community,Mock community,urban biome,research facility,cell culture,misc environment,not applicable,not applicable,not applicable,not applicable,not applicable,ESK_mock,eskape pathogen mock,ESK,Not applicable,256318,mm testing,R006bc2010.H02,ESK_15ng_0.25x_longplex_decodifi_8cyc_R006_none,ESK_15ng_0.25x_longplex_decodifi_8cyc,Kura Decodifi 0.25x 15 ng,K.Decodifi 0.25x 15 ng,0.25x,1,211221,211.221,792864870,3323,3753.7,1941.2,4252,29.6,40,32473,0.79286487,myloasm_v0.4,,198.04,not measured,18579111,410217,107,3,1,2589100,0,0,46,5,2.008409515,94501,2.008409515,5,18579111,410217,107,3,1,2589100,0,0,46,198.04,R006bc2010.H02,myloasm_v0.4,NaN,384,not measured,18758210,1469312,60,4,2,3981694,0,5,27,1,EED_30ng_0.25x_longplex_Q5XT_8cyc_R006_100k,longplex comparison,WGS,METAGENOMIC,PCR,SINGLE,PACBIO_SMRT,Revio,longplex_0.25x_NEB Q5 XT,fastq,R006bc2010.C04.unmapped.100k.fastq.gz,,,,,,,,
R006bc2010.H02_100k,ESK_15ng_0.25x_longplex_decodifi_8cyc_R006_100k,CompGenome Recovery QC: ESKAPE mock,longplex comparison,WGS,METAGENOMIC,PCR,single,PACBIO_SMRT,Revio,Vega,fastq,R006bc2010.H02.unmapped.100k.fastq,R006bc2010.H02.unmapped.100k.fastq.gz,SRR39281860,PRJNA1480782,SAMN61040835,R006bc2010.H02_100k_f,100k,ESK_15ng_0.25x_longplex_decodifi_8cyc,synethtic metagenome,3/1/26,laboratory environment,laboratory environment,laboratory environment,USA:Waco,laboratory,31.5487 N 97.1130 W,ESK pathogen,R006,15,decodifi,Kura Decodifi,v2,8,longplex,FALSE,longplex_PCR,longplex_0.25x_Kura Decodifi,eed_15ng_decodifi_8cyc,bc2010,H,2,H02,NaN,Control,Positive,Mock community,Mock community,urban biome,research facility,cell culture,misc environment,not applicable,not applicable,not applicable,not applicable,not applicable,ESK_mock,eskape pathogen mock,ESK,Not applicable,256318,mm testing,R006bc2010.H02,ESK_15ng_0.25x_longplex_decodifi_8cyc_R006_100k,ESK_15ng_0.25x_longplex_decodifi_8cyc,Kura Decodifi 0.25x 15 ng,K.Decodifi 0.25x 15 ng,0.25x,,,,,,,,,,,,,,,,,,,,,,,,,,,,,,,,,,,,,,,,,,,,,,,,,,,,,,,1,EED_30ng_0.25x_longplex_Q5XT_8cyc_R006_none,longplex comparison,WGS,METAGENOMIC,PCR,SINGLE,PACBIO_SMRT,Revio,longplex_0.25x_NEB Q5 XT,fastq,R006bc2010.C04.unmapped.fastq.gz,,,,,,,,
R006bc2010.H04,ESK_15ng_0.25x_longplex_Q5XT_8cyc_R006_none,CompGenome Recovery QC: ESKAPE mock,longplex comparison,WGS,METAGENOMIC,PCR,single,PACBIO_SMRT,Revio,Vega,fastq,R006bc2010.H04.unmapped.fastq,R006bc2010.H04.unmapped.fastq.gz,SRR39281809,PRJNA1480782,SAMN61040778,R006bc2010.H04_f,none,ESK_15ng_0.25x_longplex_Q5XT_8cyc,synethtic metagenome,3/1/26,laboratory environment,laboratory environment,laboratory environment,USA:Waco,laboratory,31.5487 N 97.1130 W,ESK pathogen,R006,15,Q5XT,NEB Q5 XT,v2,8,longplex,FALSE,longplex_PCR,longplex_0.25x_NEB Q5 XT,eed_15ng_Q5XT_8cyc,bc2010,H,4,H04,NaN,Control,Positive,Mock community,Mock community,urban biome,research facility,cell culture,misc environment,not applicable,not applicable,not applicable,not applicable,not applicable,ESK_mock,eskape pathogen mock,ESK,Not applicable,256318,mm testing,R006bc2010.H04,ESK_15ng_0.25x_longplex_Q5XT_8cyc_R006_none,ESK_15ng_0.25x_longplex_Q5XT_8cyc,NEB Q5 XT 0.25x 15 ng,N.Q5XT 0.25x 15 ng,0.25x,1,285590,285.59,995035127,3160,3484.1,1637.7,3862,29.8,40,26292,0.995035127,myloasm_v0.4,,188.17,not measured,17945157,274931,287,2,1,2589153,0,0,31,5,1.946631338,94501,1.946631338,5,17945157,274931,287,2,1,2589153,0,0,31,188.17,R006bc2010.H04,myloasm_v0.4,NaN,473,not measured,18642129,548456,255,3,1,2589153,0,2,24,1,EED_500ng_1x_longplex_decodifi_8cyc_R004_100k,longplex comparison,WGS,METAGENOMIC,PCR,SINGLE,PACBIO_SMRT,Revio,longplex_1x_Kura Decodifi,fastq,R004bc2007.A10.unmapped.100k.fastq.gz,,,,,,,,
R006bc2010.H04_100k,ESK_15ng_0.25x_longplex_Q5XT_8cyc_R006_100k,CompGenome Recovery QC: ESKAPE mock,longplex comparison,WGS,METAGENOMIC,PCR,single,PACBIO_SMRT,Revio,Vega,fastq,R006bc2010.H04.unmapped.100k.fastq,R006bc2010.H04.unmapped.100k.fastq.gz,SRR39281859,PRJNA1480782,SAMN61040836,R006bc2010.H04_100k_f,100k,ESK_15ng_0.25x_longplex_Q5XT_8cyc,synethtic metagenome,3/1/26,laboratory environment,laboratory environment,laboratory environment,USA:Waco,laboratory,31.5487 N 97.1130 W,ESK pathogen,R006,15,Q5XT,NEB Q5 XT,v2,8,longplex,FALSE,longplex_PCR,longplex_0.25x_NEB Q5 XT,eed_15ng_Q5XT_8cyc,bc2010,H,4,H04,NaN,Control,Positive,Mock community,Mock community,urban biome,research facility,cell culture,misc environment,not applicable,not applicable,not applicable,not applicable,not applicable,ESK_mock,eskape pathogen mock,ESK,Not applicable,256318,mm testing,R006bc2010.H04,ESK_15ng_0.25x_longplex_Q5XT_8cyc_R006_100k,ESK_15ng_0.25x_longplex_Q5XT_8cyc,NEB Q5 XT 0.25x 15 ng,N.Q5XT 0.25x 15 ng,0.25x,,,,,,,,,,,,,,,,,,,,,,,,,,,,,,,,,,,,,,,,,,,,,,,,,,,,,,,1,EED_500ng_1x_longplex_decodifi_8cyc_R004_none,longplex comparison,WGS,METAGENOMIC,PCR,SINGLE,PACBIO_SMRT,Revio,longplex_1x_Kura Decodifi,fastq,R004bc2007.A10.unmapped.fastq.gz,,,,,,,,
m21120.251219.215844.hifi.reads.bc2002.bam,EED_3000ng_gtube_PCRfree_R002_none,Read based: complex-fecal,longplex comparison,WGS,METAGENOMIC,RANDOM,single,PACBIO_SMRT,Revio,Vega,fastq,m21120_251219_215844.hifi_reads.bc2002.bam.unmapped.fastq,m21120_251219_215844.hifi_reads.bc2002.bam.unmapped.fastq.gz,SRR39281878,PRJNA1480782,SAMN61040721,m21120.251219.215844.hifi.reads.bc2002.bam_f,none,EED_3000ng_gtube_PCRfree,gut metagenome,3/1/26,fecal material,fecal material,fecal material,USA:Waco,Homo sapians,31.5487 N 97.1130 W,EED fecal,R002,3000,NaN,control,v1,0,gtube,FALSE,PCRfree,gtube,eed_3000ng_gtube,bc2002,,,,NaN,Host-associated,Host-associated (non-saline),Animal (non-saline),Animal distal gut (non-saline),village biome,human-associated habitat,fecal material,human-gut,UBERON:feces,UBERON:feces,UBERON:feces,human,Homo sapiens,Hsap_mock,fecal mock,EED,9606,408170,mm testing,m21120_251219_215844.hifi_reads.bc2002.bam,EED_3000ng_gtube_PCRfree_R002_none,EED_3000ng_gtube_PCRfree,control (gtube) 3000 ng,control (gtube) 3000 ng,NaN,1,668150,668.15,5047026822,5794,7553.7,5389.2,10640,28.7,38.2,51618,5.047026822,myloasm_v0.4,,518.607,not measured,88473188,45158,2342,2,0,2293966,134,4,80,346,6.28694676,94501,6.28694676,346,88473188,45158,2342,2,0,2293966,134,4,80,518.607,m21120_251219_215844.hifi_reads.bc2002,myloasm_v0.4,NaN,2477,not measured,555015516,66671,11163,31,5,4481674,1153,68,720,1,ESK_30ng_0.25x_longplex_Pstar_8cyc_R006_100k,longplex comparison,WGS,METAGENOMIC,PCR,SINGLE,PACBIO_SMRT,Revio,longplex_0.25x_Takara PrimeSTAR LongSeq,fastq,R006bc2010.G06.unmapped.100k.fastq.gz,,,,,,,,
m21120.251219.215844.hifi.reads.bc2002.bam_100k,EED_3000ng_gtube_PCRfree_R002_100k,Read based: complex-fecal,longplex comparison,WGS,METAGENOMIC,RANDOM,single,PACBIO_SMRT,Revio,Vega,fastq,m21120_251219_215844.hifi_reads.bc2002.bam.unmapped.100k.fastq,m21120_251219_215844.hifi_reads.bc2002.bam.unmapped.100k.fastq.gz,SRR39281808,PRJNA1480782,SAMN61040779,m21120.251219.215844.hifi.reads.bc2002.bam_100k_f,100k,EED_3000ng_gtube_PCRfree,gut metagenome,3/1/26,fecal material,fecal material,fecal material,USA:Waco,Homo sapians,31.5487 N 97.1130 W,EED fecal,R002,3000,NaN,control,v1,0,gtube,FALSE,PCRfree,gtube,eed_3000ng_gtube,bc2002,,,,NaN,Host-associated,Host-associated (non-saline),Animal (non-saline),Animal distal gut (non-saline),village biome,human-associated habitat,fecal material,human-gut,UBERON:feces,UBERON:feces,UBERON:feces,human,Homo sapiens,Hsap_mock,fecal mock,EED,9606,408170,mm testing,m21120_251219_215844.hifi_reads.bc2002.bam,EED_3000ng_gtube_PCRfree_R002_100k,EED_3000ng_gtube_PCRfree,control (gtube) 3000 ng,control (gtube) 3000 ng,NaN,,,,,,,,,,,,,,,,,,,,,,,,,,,,,,,,,,,,,,,,,,,,,,,,,,,,,,,1,ESK_30ng_0.25x_longplex_Pstar_8cyc_R006_none,longplex comparison,WGS,METAGENOMIC,PCR,SINGLE,PACBIO_SMRT,Revio,longplex_0.25x_Takara PrimeSTAR LongSeq,fastq,R006bc2010.G06.unmapped.fastq.gz,,,,,,,,
m21120.251219.215844.hifi.reads.bc2004.bam,EED_3000ng_pipetdil_PCRfree_R002_none,Read based: complex-fecal,longplex comparison,WGS,METAGENOMIC,RANDOM,single,PACBIO_SMRT,Revio,Vega,fastq,m21120_251219_215844.hifi_reads.bc2004.bam.unmapped.fastq,m21120_251219_215844.hifi_reads.bc2004.bam.unmapped.fastq.gz,SRR39281839,PRJNA1480782,SAMN61040724,m21120.251219.215844.hifi.reads.bc2004.bam_f,none,EED_3000ng_pipetdil_PCRfree,gut metagenome,3/1/26,fecal material,fecal material,fecal material,USA:Waco,Homo sapians,31.5487 N 97.1130 W,EED fecal,R002,3000,NaN,control,v1,0,pipetmix 300x (10ng/ul),FALSE,PCRfree,pipetmix,eed_3000ng_pipetdil,bc2004,,,,NaN,Host-associated,Host-associated (non-saline),Animal (non-saline),Animal distal gut (non-saline),village biome,human-associated habitat,fecal material,human-gut,UBERON:feces,UBERON:feces,UBERON:feces,human,Homo sapiens,Hsap_mock,fecal mock,EED,9606,408170,mm testing,m21120_251219_215844.hifi_reads.bc2004.bam,EED_3000ng_pipetdil_PCRfree_R002_none,EED_3000ng_pipetdil_PCRfree,control (pipet dil) 3000 ng,control (pipet dil) 3000 ng,NaN,1,664824,664.824,4643533272,5037,6984.6,5751.9,9292,28.8,39,47457,4.643533272,myloasm_v0.4,,518.607,not measured,88473188,45158,2342,2,0,2293966,134,4,80,299,6.09474914,94501,6.09474914,299,88473188,45158,2342,2,0,2293966,134,4,80,518.607,m21120_251219_215844.hifi_reads.bc2004,myloasm_v0.4,NaN,2248,not measured,488448736,71216,9681,29,2,4146778,969,61,681,1,ESK_30ng_0.25x_longplex_Q5XT_8cyc_R006_100k,longplex comparison,WGS,METAGENOMIC,PCR,SINGLE,PACBIO_SMRT,Revio,longplex_0.25x_NEB Q5 XT,fastq,R006bc2010.G04.unmapped.100k.fastq.gz,,,,,,,,
m21120.251219.215844.hifi.reads.bc2004.bam_100k,EED_3000ng_pipetdil_PCRfree_R002_100k,Read based: complex-fecal,longplex comparison,WGS,METAGENOMIC,RANDOM,single,PACBIO_SMRT,Revio,Vega,fastq,m21120_251219_215844.hifi_reads.bc2004.bam.unmapped.100k.fastq,m21120_251219_215844.hifi_reads.bc2004.bam.unmapped.100k.fastq.gz,SRR39281804,PRJNA1480782,SAMN61040782,m21120.251219.215844.hifi.reads.bc2004.bam_100k_f,100k,EED_3000ng_pipetdil_PCRfree,gut metagenome,3/1/26,fecal material,fecal material,fecal material,USA:Waco,Homo sapians,31.5487 N 97.1130 W,EED fecal,R002,3000,NaN,control,v1,0,pipetmix 300x (10ng/ul),FALSE,PCRfree,pipetmix,eed_3000ng_pipetdil,bc2004,,,,NaN,Host-associated,Host-associated (non-saline),Animal (non-saline),Animal distal gut (non-saline),village biome,human-associated habitat,fecal material,human-gut,UBERON:feces,UBERON:feces,UBERON:feces,human,Homo sapiens,Hsap_mock,fecal mock,EED,9606,408170,mm testing,m21120_251219_215844.hifi_reads.bc2004.bam,EED_3000ng_pipetdil_PCRfree_R002_100k,EED_3000ng_pipetdil_PCRfree,control (pipet dil) 3000 ng,control (pipet dil) 3000 ng,NaN,,,,,,,,,,,,,,,,,,,,,,,,,,,,,,,,,,,,,,,,,,,,,,,,,,,,,,,1,ESK_30ng_0.25x_longplex_Q5XT_8cyc_R006_none,longplex comparison,WGS,METAGENOMIC,PCR,SINGLE,PACBIO_SMRT,Revio,longplex_0.25x_NEB Q5 XT,fastq,R006bc2010.G04.unmapped.fastq.gz,,,,,,,,
m21120.251219.215844.hifi.reads.bc2006.bam,EED_3000ng_pipetconc_PCRfree_R002_none,Read based: complex-fecal,longplex comparison,WGS,METAGENOMIC,RANDOM,single,PACBIO_SMRT,Revio,Vega,fastq,m21120_251219_215844.hifi_reads.bc2006.bam.unmapped.fastq,m21120_251219_215844.hifi_reads.bc2006.bam.unmapped.fastq.gz,SRR39281806,PRJNA1480782,SAMN61040727,m21120.251219.215844.hifi.reads.bc2006.bam_f,none,EED_3000ng_pipetconc_PCRfree,gut metagenome,3/1/26,fecal material,fecal material,fecal material,USA:Waco,Homo sapians,31.5487 N 97.1130 W,EED fecal,R002,3000,NaN,control,v1,0,pipetmix 300x (90ng/ul),FALSE,PCRfree,pipetmix,eed_3000ng_pipetconc,bc2006,,,,NaN,Host-associated,Host-associated (non-saline),Animal (non-saline),Animal distal gut (non-saline),village biome,human-associated habitat,fecal material,human-gut,UBERON:feces,UBERON:feces,UBERON:feces,human,Homo sapiens,Hsap_mock,fecal mock,EED,9606,408170,mm testing,m21120_251219_215844.hifi_reads.bc2006.bam,EED_3000ng_pipetconc_PCRfree_R002_none,EED_3000ng_pipetconc_PCRfree,control (pipet conc) 3000 ng,control (pipet conc) 3000 ng,NaN,1,492336,492.336,3167238760,4830,6433.1,5190.7,8202,29.1,39.4,58800,3.16723876,myloasm_v0.4,,461.712,not measured,68917660,42348,2068,2,0,1718023,101,2,61,303,6.109866704,94501,6.109866704,303,68917660,42348,2068,2,0,1718023,101,2,61,461.712,m21120_251219_215844.hifi_reads.bc2006,myloasm_v0.4,NaN,1442,not measured,334810088,60857,7890,14,0,4120627,673,47,411,1,ESK_75ng_0.5x_longplex_decodifi_8cyc_R006_100k,longplex comparison,WGS,METAGENOMIC,PCR,SINGLE,PACBIO_SMRT,Revio,longplex_0.5x_Kura Decodifi,fastq,R006bc2010.F02.unmapped.100k.fastq.gz,,,,,,,,
m21120.251219.215844.hifi.reads.bc2006.bam_100k,EED_3000ng_pipetconc_PCRfree_R002_100k,Read based: complex-fecal,longplex comparison,WGS,METAGENOMIC,RANDOM,single,PACBIO_SMRT,Revio,Vega,fastq,m21120_251219_215844.hifi_reads.bc2006.bam.unmapped.100k.fastq,m21120_251219_215844.hifi_reads.bc2006.bam.unmapped.100k.fastq.gz,SRR39281801,PRJNA1480782,SAMN61040785,m21120.251219.215844.hifi.reads.bc2006.bam_100k_f,100k,EED_3000ng_pipetconc_PCRfree,gut metagenome,3/1/26,fecal material,fecal material,fecal material,USA:Waco,Homo sapians,31.5487 N 97.1130 W,EED fecal,R002,3000,NaN,control,v1,0,pipetmix 300x (90ng/ul),FALSE,PCRfree,pipetmix,eed_3000ng_pipetconc,bc2006,,,,NaN,Host-associated,Host-associated (non-saline),Animal (non-saline),Animal distal gut (non-saline),village biome,human-associated habitat,fecal material,human-gut,UBERON:feces,UBERON:feces,UBERON:feces,human,Homo sapiens,Hsap_mock,fecal mock,EED,9606,408170,mm testing,m21120_251219_215844.hifi_reads.bc2006.bam,EED_3000ng_pipetconc_PCRfree_R002_100k,EED_3000ng_pipetconc_PCRfree,control (pipet conc) 3000 ng,control (pipet conc) 3000 ng,NaN,,,,,,,,,,,,,,,,,,,,,,,,,,,,,,,,,,,,,,,,,,,,,,,,,,,,,,,1,ESK_75ng_0.5x_longplex_decodifi_8cyc_R006_none,longplex comparison,WGS,METAGENOMIC,PCR,SINGLE,PACBIO_SMRT,Revio,longplex_0.5x_Kura Decodifi,fastq,R006bc2010.F02.unmapped.fastq.gz,,,,,,,,
m21120.251222.184224.hifi.reads.bc2002.bam,EED_3000ng_gtube_PCRfree_R003_none,Read based: complex-fecal,longplex comparison,WGS,METAGENOMIC,RANDOM,single,PACBIO_SMRT,Revio,Vega,fastq,m21120_251222_184224.hifi_reads.bc2002.bam.unmapped.fastq,m21120_251222_184224.hifi_reads.bc2002.bam.unmapped.fastq.gz,SRR39281877,PRJNA1480782,SAMN61040722,m21120.251222.184224.hifi.reads.bc2002.bam_f,none,EED_3000ng_gtube_PCRfree,gut metagenome,3/1/26,fecal material,fecal material,fecal material,USA:Waco,Homo sapians,31.5487 N 97.1130 W,EED fecal,R003,3000,NaN,control,v1,0,gtube,FALSE,PCRfree,gtube,eed_3000ng_gtube,bc2002,,,,NaN,Host-associated,Host-associated (non-saline),Animal (non-saline),Animal distal gut (non-saline),village biome,human-associated habitat,fecal material,human-gut,UBERON:feces,UBERON:feces,UBERON:feces,human,Homo sapiens,Hsap_mock,fecal mock,EED,9606,408170,mm testing,m21120_251222_184224.hifi_reads.bc2002.bam,EED_3000ng_gtube_PCRfree_R003_none,EED_3000ng_gtube_PCRfree,control (gtube) 3000 ng,control (gtube) 3000 ng,NaN,1,396365,396.365,3719422034,8103,9383.8,5766.3,12228,28.6,37.3,56509,3.719422034,myloasm_v0.4,,721.232,not measured,114217059,50775,2632,4,0,1376321,168,7,117,394,6.380163023,94501,6.380163023,394,114217059,50775,2632,4,0,1376321,168,7,117,721.232,m21120_251222_184224.hifi_reads.bc2002,myloasm_v0.4,NaN,1771,not measured,442167747,66770,8372,29,1,4032231,917,55,585,1,ESK_75ng_0.5x_longplex_Pstar_8cyc_R006_100k,longplex comparison,WGS,METAGENOMIC,PCR,SINGLE,PACBIO_SMRT,Revio,longplex_0.5x_Takara PrimeSTAR LongSeq,fastq,R006bc2010.F06.unmapped.100k.fastq.gz,,,,,,,,
m21120.251222.184224.hifi.reads.bc2002.bam_100k,EED_3000ng_gtube_PCRfree_R003_100k,Read based: complex-fecal,longplex comparison,WGS,METAGENOMIC,RANDOM,single,PACBIO_SMRT,Revio,Vega,fastq,m21120_251222_184224.hifi_reads.bc2002.bam.unmapped.100k.fastq,m21120_251222_184224.hifi_reads.bc2002.bam.unmapped.100k.fastq.gz,SRR39281807,PRJNA1480782,SAMN61040780,m21120.251222.184224.hifi.reads.bc2002.bam_100k_f,100k,EED_3000ng_gtube_PCRfree,gut metagenome,3/1/26,fecal material,fecal material,fecal material,USA:Waco,Homo sapians,31.5487 N 97.1130 W,EED fecal,R003,3000,NaN,control,v1,0,gtube,FALSE,PCRfree,gtube,eed_3000ng_gtube,bc2002,,,,NaN,Host-associated,Host-associated (non-saline),Animal (non-saline),Animal distal gut (non-saline),village biome,human-associated habitat,fecal material,human-gut,UBERON:feces,UBERON:feces,UBERON:feces,human,Homo sapiens,Hsap_mock,fecal mock,EED,9606,408170,mm testing,m21120_251222_184224.hifi_reads.bc2002.bam,EED_3000ng_gtube_PCRfree_R003_100k,EED_3000ng_gtube_PCRfree,control (gtube) 3000 ng,control (gtube) 3000 ng,NaN,,,,,,,,,,,,,,,,,,,,,,,,,,,,,,,,,,,,,,,,,,,,,,,,,,,,,,,1,ESK_75ng_0.5x_longplex_Pstar_8cyc_R006_none,longplex comparison,WGS,METAGENOMIC,PCR,SINGLE,PACBIO_SMRT,Revio,longplex_0.5x_Takara PrimeSTAR LongSeq,fastq,R006bc2010.F06.unmapped.fastq.gz,,,,,,,,
m21120.251222.184224.hifi.reads.bc2004.bam,EED_3000ng_pipetdil_PCRfree_R003_none,Read based: complex-fecal,longplex comparison,WGS,METAGENOMIC,RANDOM,single,PACBIO_SMRT,Revio,Vega,fastq,m21120_251222_184224.hifi_reads.bc2004.bam.unmapped.fastq,m21120_251222_184224.hifi_reads.bc2004.bam.unmapped.fastq.gz,SRR39281828,PRJNA1480782,SAMN61040725,m21120.251222.184224.hifi.reads.bc2004.bam_f,none,EED_3000ng_pipetdil_PCRfree,gut metagenome,3/1/26,fecal material,fecal material,fecal material,USA:Waco,Homo sapians,31.5487 N 97.1130 W,EED fecal,R003,3000,NaN,control,v1,0,pipetmix 300x (10ng/ul),FALSE,PCRfree,pipetmix,eed_3000ng_pipetdil,bc2004,,,,NaN,Host-associated,Host-associated (non-saline),Animal (non-saline),Animal distal gut (non-saline),village biome,human-associated habitat,fecal material,human-gut,UBERON:feces,UBERON:feces,UBERON:feces,human,Homo sapiens,Hsap_mock,fecal mock,EED,9606,408170,mm testing,m21120_251222_184224.hifi_reads.bc2004.bam,EED_3000ng_pipetdil_PCRfree_R003_none,EED_3000ng_pipetdil_PCRfree,control (pipet dil) 3000 ng,control (pipet dil) 3000 ng,NaN,1,464328,464.328,4219943745,6857,9088.3,6723.2,12165,28.5,37.8,48929,4.219943745,myloasm_v0.4,,708.576,not measured,107871675,55917,2353,5,0,1801019,151,5,121,339,6.134899155,94501,6.134899155,339,107871675,55917,2353,5,0,1801019,151,5,121,708.576,m21120_251222_184224.hifi_reads.bc2004,myloasm_v0.4,NaN,2054,not measured,485954115,78076,8260,28,2,2895249,942,63,774,1,ESK_75ng_0.5x_longplex_Q5XT_8cyc_R006_100k,longplex comparison,WGS,METAGENOMIC,PCR,SINGLE,PACBIO_SMRT,Revio,longplex_0.5x_NEB Q5 XT,fastq,R006bc2010.F04.unmapped.100k.fastq.gz,,,,,,,,
m21120.251222.184224.hifi.reads.bc2004.bam_100k,EED_3000ng_pipetdil_PCRfree_R003_100k,Read based: complex-fecal,longplex comparison,WGS,METAGENOMIC,RANDOM,single,PACBIO_SMRT,Revio,Vega,fastq,m21120_251222_184224.hifi_reads.bc2004.bam.unmapped.100k.fastq,m21120_251222_184224.hifi_reads.bc2004.bam.unmapped.100k.fastq.gz,SRR39281803,PRJNA1480782,SAMN61040783,m21120.251222.184224.hifi.reads.bc2004.bam_100k_f,100k,EED_3000ng_pipetdil_PCRfree,gut metagenome,3/1/26,fecal material,fecal material,fecal material,USA:Waco,Homo sapians,31.5487 N 97.1130 W,EED fecal,R003,3000,NaN,control,v1,0,pipetmix 300x (10ng/ul),FALSE,PCRfree,pipetmix,eed_3000ng_pipetdil,bc2004,,,,NaN,Host-associated,Host-associated (non-saline),Animal (non-saline),Animal distal gut (non-saline),village biome,human-associated habitat,fecal material,human-gut,UBERON:feces,UBERON:feces,UBERON:feces,human,Homo sapiens,Hsap_mock,fecal mock,EED,9606,408170,mm testing,m21120_251222_184224.hifi_reads.bc2004.bam,EED_3000ng_pipetdil_PCRfree_R003_100k,EED_3000ng_pipetdil_PCRfree,control (pipet dil) 3000 ng,control (pipet dil) 3000 ng,NaN,,,,,,,,,,,,,,,,,,,,,,,,,,,,,,,,,,,,,,,,,,,,,,,,,,,,,,,1,ESK_75ng_0.5x_longplex_Q5XT_8cyc_R006_none,longplex comparison,WGS,METAGENOMIC,PCR,SINGLE,PACBIO_SMRT,Revio,longplex_0.5x_NEB Q5 XT,fastq,R006bc2010.F04.unmapped.fastq.gz,,,,,,,,
m21120.251222.184224.hifi.reads.bc2006.bam,EED_3000ng_pipetconc_PCRfree_R003_none,Read based: complex-fecal,longplex comparison,WGS,METAGENOMIC,RANDOM,single,PACBIO_SMRT,Revio,Vega,fastq,m21120_251222_184224.hifi_reads.bc2006.bam.unmapped.fastq,m21120_251222_184224.hifi_reads.bc2006.bam.unmapped.fastq.gz,SRR39281795,PRJNA1480782,SAMN61040728,m21120.251222.184224.hifi.reads.bc2006.bam_f,none,EED_3000ng_pipetconc_PCRfree,gut metagenome,3/1/26,fecal material,fecal material,fecal material,USA:Waco,Homo sapians,31.5487 N 97.1130 W,EED fecal,R003,3000,NaN,control,v1,0,pipetmix 300x (90ng/ul),FALSE,PCRfree,pipetmix,eed_3000ng_pipetconc,bc2006,,,,NaN,Host-associated,Host-associated (non-saline),Animal (non-saline),Animal distal gut (non-saline),village biome,human-associated habitat,fecal material,human-gut,UBERON:feces,UBERON:feces,UBERON:feces,human,Homo sapiens,Hsap_mock,fecal mock,EED,9606,408170,mm testing,m21120_251222_184224.hifi_reads.bc2006.bam,EED_3000ng_pipetconc_PCRfree_R003_none,EED_3000ng_pipetconc_PCRfree,control (pipet conc) 3000 ng,control (pipet conc) 3000 ng,NaN,1,279347,279.347,2321343336,6438,8309.9,6321.4,10463,28.8,38.6,62875,2.321343336,myloasm_v0.4,,654.207,not measured,98680261,54120,2369,3,0,1993635,123,1,91,337,6.135202239,94501,6.135202239,337,98680261,54120,2369,3,0,1993635,123,1,91,654.207,m21120_251222_184224.hifi_reads.bc2006,myloasm_v0.4,NaN,1010,not measured,269317152,66235,5428,15,1,3022536,467,17,386,missing,missing,missing,missing,missing,missing,missing,missing,missing,missing,missing,missing,,,,,,,,
m21120.251222.184224.hifi.reads.bc2006.bam_100k,EED_3000ng_pipetconc_PCRfree_R003_100k,Read based: complex-fecal,longplex comparison,WGS,METAGENOMIC,RANDOM,single,PACBIO_SMRT,Revio,Vega,fastq,m21120_251222_184224.hifi_reads.bc2006.bam.unmapped.100k.fastq,m21120_251222_184224.hifi_reads.bc2006.bam.unmapped.100k.fastq.gz,SRR39281800,PRJNA1480782,SAMN61040786,m21120.251222.184224.hifi.reads.bc2006.bam_100k_f,100k,EED_3000ng_pipetconc_PCRfree,gut metagenome,3/1/26,fecal material,fecal material,fecal material,USA:Waco,Homo sapians,31.5487 N 97.1130 W,EED fecal,R003,3000,NaN,control,v1,0,pipetmix 300x (90ng/ul),FALSE,PCRfree,pipetmix,eed_3000ng_pipetconc,bc2006,,,,NaN,Host-associated,Host-associated (non-saline),Animal (non-saline),Animal distal gut (non-saline),village biome,human-associated habitat,fecal material,human-gut,UBERON:feces,UBERON:feces,UBERON:feces,human,Homo sapiens,Hsap_mock,fecal mock,EED,9606,408170,mm testing,m21120_251222_184224.hifi_reads.bc2006.bam,EED_3000ng_pipetconc_PCRfree_R003_100k,EED_3000ng_pipetconc_PCRfree,control (pipet conc) 3000 ng,control (pipet conc) 3000 ng,NaN,,,,,,,,,,,,,,,,,,,,,,,,,,,,,,,,,,,,,,,,,,,,,,,,,,,,,,,missing,missing,missing,missing,missing,missing,missing,missing,missing,missing,missing,missing,,,,,,,,
m21120.260115.173545.hifi.reads.bc2002.bam,EED_3000ng_gtube_PCRfree_R005_none,Read based: complex-fecal,longplex comparison,WGS,METAGENOMIC,RANDOM,single,PACBIO_SMRT,Revio,Vega,fastq,m21120_260115_173545.hifi_reads.bc2002.bam.unmapped.fastq,m21120_260115_173545.hifi_reads.bc2002.bam.unmapped.fastq.gz,SRR39281850,PRJNA1480782,SAMN61040723,m21120.260115.173545.hifi.reads.bc2002.bam_f,none,EED_3000ng_gtube_PCRfree,gut metagenome,3/1/26,fecal material,fecal material,fecal material,USA:Waco,Homo sapians,31.5487 N 97.1130 W,EED fecal,R005,3000,NaN,control,v1,0,gtube,TRUE,PCRfree,gtube,eed_3000ng_gtube,bc2002,,,,NaN,Host-associated,Host-associated (non-saline),Animal (non-saline),Animal distal gut (non-saline),village biome,human-associated habitat,fecal material,human-gut,UBERON:feces,UBERON:feces,UBERON:feces,human,Homo sapiens,Hsap_mock,fecal mock,EED,9606,408170,mm testing,m21120_260115_173545.hifi_reads.bc2002,EED_3000ng_gtube_PCRfree_R005_none,EED_3000ng_gtube_PCRfree,control (gtube) 3000 ng (Q),control (gtube) 3000 ng (Q),NaN,1,1885936,1885.936,13060663751,5586,6925.3,4464.2,8943,28.3,38.1,45242,13.06066375,myloasm_v0.4,,496.262,not measured,77830588,38272,2357,0,0,991224,132,4,74,332,6.290105047,94501,6.290105047,332,77830588,38272,2357,0,0,991224,132,4,74,496.262,m21120_260115_173545.hifi_reads.bc2002,myloasm_v0.4,NaN,7972,not measured,1156671902,75302,23299,104,4,4723869,2506,246,1480,missing,missing,missing,missing,missing,missing,missing,missing,missing,missing,missing,missing,,,,,,,,
m21120.260115.173545.hifi.reads.bc2002.bam_100k,EED_3000ng_gtube_PCRfree_R005_100k,Read based: complex-fecal,longplex comparison,WGS,METAGENOMIC,RANDOM,single,PACBIO_SMRT,Revio,Vega,fastq,m21120_260115_173545.hifi_reads.bc2002.bam.unmapped.100k.fastq,m21120_260115_173545.hifi_reads.bc2002.bam.unmapped.100k.fastq.gz,SRR39281805,PRJNA1480782,SAMN61040781,m21120.260115.173545.hifi.reads.bc2002.bam_100k_f,100k,EED_3000ng_gtube_PCRfree,gut metagenome,3/1/26,fecal material,fecal material,fecal material,USA:Waco,Homo sapians,31.5487 N 97.1130 W,EED fecal,R005,3000,NaN,control,v1,0,gtube,TRUE,PCRfree,gtube,eed_3000ng_gtube,bc2002,,,,NaN,Host-associated,Host-associated (non-saline),Animal (non-saline),Animal distal gut (non-saline),village biome,human-associated habitat,fecal material,human-gut,UBERON:feces,UBERON:feces,UBERON:feces,human,Homo sapiens,Hsap_mock,fecal mock,EED,9606,408170,mm testing,m21120_260115_173545.hifi_reads.bc2002,EED_3000ng_gtube_PCRfree_R005_100k,EED_3000ng_gtube_PCRfree,control (gtube) 3000 ng (Q),control (gtube) 3000 ng (Q),NaN,,,,,,,,,,,,,,,,,,,,,,,,,,,,,,,,,,,,,,,,,,,,,,,,,,,,,,,missing,missing,missing,missing,missing,missing,missing,missing,missing,missing,missing,missing,,,,,,,,
m21120.260115.173545.hifi.reads.bc2004.bam,EED_3000ng_pipetdil_PCRfree_R005_none,Read based: complex-fecal,longplex comparison,WGS,METAGENOMIC,RANDOM,single,PACBIO_SMRT,Revio,Vega,fastq,m21120_260115_173545.hifi_reads.bc2004.bam.unmapped.fastq,m21120_260115_173545.hifi_reads.bc2004.bam.unmapped.fastq.gz,SRR39281817,PRJNA1480782,SAMN61040726,m21120.260115.173545.hifi.reads.bc2004.bam_f,none,EED_3000ng_pipetdil_PCRfree,gut metagenome,3/1/26,fecal material,fecal material,fecal material,USA:Waco,Homo sapians,31.5487 N 97.1130 W,EED fecal,R005,3000,NaN,control,v1,0,pipetmix 300x (10ng/ul),TRUE,PCRfree,pipetmix,eed_3000ng_pipetdil,bc2004,,,,NaN,Host-associated,Host-associated (non-saline),Animal (non-saline),Animal distal gut (non-saline),village biome,human-associated habitat,fecal material,human-gut,UBERON:feces,UBERON:feces,UBERON:feces,human,Homo sapiens,Hsap_mock,fecal mock,EED,9606,408170,mm testing,m21120_260115_173545.hifi_reads.bc2004,EED_3000ng_pipetdil_PCRfree_R005_none,EED_3000ng_pipetdil_PCRfree,control (pipet dil) 3000 ng (Q),control (pipet dil) 3000 ng (Q),NaN,0,40508,40.508,220489618,4343,5443.1,3939.2,6533,29,39.4,40824,0.220489618,myloasm_v0.4,,101.935,not measured,20191166,32880,773,1,0,1011664,10,0,12,144,5.424720345,94501,5.424720345,144,20191166,32880,773,1,0,1011664,10,0,12,101.935,m21120_260115_173545.hifi_reads.bc2004,myloasm_v0.4,NaN,47,not measured,20166282,33335,764,0,0,739129,16,0,18,missing,missing,missing,missing,missing,missing,missing,missing,missing,missing,missing,missing,,,,,,,,
m21120.260115.173545.hifi.reads.bc2004.bam_100k,EED_3000ng_pipetdil_PCRfree_R005_100k,Read based: complex-fecal,longplex comparison,WGS,METAGENOMIC,RANDOM,single,PACBIO_SMRT,Revio,Vega,fastq,m21120_260115_173545.hifi_reads.bc2004.bam.unmapped.100k.fastq,m21120_260115_173545.hifi_reads.bc2004.bam.unmapped.100k.fastq.gz,SRR39281802,PRJNA1480782,SAMN61040784,m21120.260115.173545.hifi.reads.bc2004.bam_100k_f,100k,EED_3000ng_pipetdil_PCRfree,gut metagenome,3/1/26,fecal material,fecal material,fecal material,USA:Waco,Homo sapians,31.5487 N 97.1130 W,EED fecal,R005,3000,NaN,control,v1,0,pipetmix 300x (10ng/ul),TRUE,PCRfree,pipetmix,eed_3000ng_pipetdil,bc2004,,,,NaN,Host-associated,Host-associated (non-saline),Animal (non-saline),Animal distal gut (non-saline),village biome,human-associated habitat,fecal material,human-gut,UBERON:feces,UBERON:feces,UBERON:feces,human,Homo sapiens,Hsap_mock,fecal mock,EED,9606,408170,mm testing,m21120_260115_173545.hifi_reads.bc2004,EED_3000ng_pipetdil_PCRfree_R005_100k,EED_3000ng_pipetdil_PCRfree,control (pipet dil) 3000 ng (Q),control (pipet dil) 3000 ng (Q),NaN,,,,,,,,,,,,,,,,,,,,,,,,,,,,,,,,,,,,,,,,,,,,,,,,,,,,,,,missing,missing,missing,missing,missing,missing,missing,missing,missing,missing,missing,missing,,,,,,,,
m21120.260115.173545.hifi.reads.bc2006.bam,EED_3000ng_pipetconc_PCRfree_R005_none,Read based: complex-fecal,longplex comparison,WGS,METAGENOMIC,RANDOM,single,PACBIO_SMRT,Revio,Vega,fastq,m21120_260115_173545.hifi_reads.bc2006.bam.unmapped.fastq,m21120_260115_173545.hifi_reads.bc2006.bam.unmapped.fastq.gz,SRR39281784,PRJNA1480782,SAMN61040729,m21120.260115.173545.hifi.reads.bc2006.bam_f,none,EED_3000ng_pipetconc_PCRfree,gut metagenome,3/1/26,fecal material,fecal material,fecal material,USA:Waco,Homo sapians,31.5487 N 97.1130 W,EED fecal,R005,3000,NaN,control,v1,0,pipetmix 300x (90ng/ul),TRUE,PCRfree,pipetmix,eed_3000ng_pipetconc,bc2006,,,,NaN,Host-associated,Host-associated (non-saline),Animal (non-saline),Animal distal gut (non-saline),village biome,human-associated habitat,fecal material,human-gut,UBERON:feces,UBERON:feces,UBERON:feces,human,Homo sapiens,Hsap_mock,fecal mock,EED,9606,408170,mm testing,m21120_260115_173545.hifi_reads.bc2006,EED_3000ng_pipetconc_PCRfree_R005_none,EED_3000ng_pipetconc_PCRfree,control (pipet conc) 3000 ng (Q),control (pipet conc) 3000 ng (Q),NaN,0,78775,78.775,456350701,4801,5793.1,3769.3,6838,28.8,39.2,47406,0.456350701,myloasm_v0.4,,274.516,not measured,46382848,33669,1713,2,0,1379042,51,2,33,225,5.796322364,94501,5.796322364,225,46382848,33669,1713,2,0,1379042,51,2,33,274.516,m21120_260115_173545.hifi_reads.bc2006,myloasm_v0.4,NaN,120,not measured,46629957,33246,1729,1,0,1411915,54,1,40,missing,missing,missing,missing,missing,missing,missing,missing,missing,missing,missing,missing,,,,,,,,
m21120.260115.173545.hifi.reads.bc2006.bam_100k,EED_3000ng_pipetconc_PCRfree_R005_100k,Read based: complex-fecal,longplex comparison,WGS,METAGENOMIC,RANDOM,single,PACBIO_SMRT,Revio,Vega,fastq,m21120_260115_173545.hifi_reads.bc2006.bam.unmapped.100k.fastq,m21120_260115_173545.hifi_reads.bc2006.bam.unmapped.100k.fastq.gz,SRR39281799,PRJNA1480782,SAMN61040787,m21120.260115.173545.hifi.reads.bc2006.bam_100k_f,100k,EED_3000ng_pipetconc_PCRfree,gut metagenome,3/1/26,fecal material,fecal material,fecal material,USA:Waco,Homo sapians,31.5487 N 97.1130 W,EED fecal,R005,3000,NaN,control,v1,0,pipetmix 300x (90ng/ul),TRUE,PCRfree,pipetmix,eed_3000ng_pipetconc,bc2006,,,,NaN,Host-associated,Host-associated (non-saline),Animal (non-saline),Animal distal gut (non-saline),village biome,human-associated habitat,fecal material,human-gut,UBERON:feces,UBERON:feces,UBERON:feces,human,Homo sapiens,Hsap_mock,fecal mock,EED,9606,408170,mm testing,m21120_260115_173545.hifi_reads.bc2006,EED_3000ng_pipetconc_PCRfree_R005_100k,EED_3000ng_pipetconc_PCRfree,control (pipet conc) 3000 ng (Q),control (pipet conc) 3000 ng (Q),NaN,,,,,,,,,,,,,,,,,,,,,,,,,,,,,,,,,,,,,,,,,,,,,,,,,,,,,,,missing,missing,missing,missing,missing,missing,missing,missing,missing,missing,missing,missing,,,,,,,,
R004bc2007.A09,EED_500ng_1x_longplex_Pstar_8cyc_R004_none,Read based: complex-fecal,longplex comparison,WGS,METAGENOMIC,PCR,single,PACBIO_SMRT,Revio,Vega,fastq,R004bc2007.A09.unmapped.fastq,R004bc2007.A09.unmapped.fastq.gz,SRR39281773,PRJNA1480782,SAMN61040730,R004bc2007.A09_f,none,EED_500ng_1x_longplex_Pstar_8cyc,gut metagenome,3/1/26,fecal material,fecal material,fecal material,USA:Waco,Homo sapians,31.5487 N 97.1130 W,EED fecal,R004,500,Pstar,Takara PrimeSTAR LongSeq,v1,8,longplex,FALSE,longplex_PCR,longplex_1x_Takara PrimeSTAR LongSeq,eed_500ng_Pstar_8cyc,bc2007,A,9,A09,NaN,Host-associated,Host-associated (non-saline),Animal (non-saline),Animal distal gut (non-saline),village biome,human-associated habitat,fecal material,human-gut,UBERON:feces,UBERON:feces,UBERON:feces,human,Homo sapiens,Hsap_mock,fecal mock,EED,9606,408170,mm testing,R004bc2007.A09,EED_500ng_1x_longplex_Pstar_8cyc_R004_none,EED_500ng_1x_longplex_Pstar_8cyc,Takara PrimeSTAR LongSeq 1x 500 ng,T.LongSeq 1x 500 ng,1x,1,362800,362.8,2515591399,6040,6933.8,3923.9,8038,29.3,39.5,49890,2.515591399,myloasm_v0.4,,129.026,not measured,79671930,35382,2661,1,0,1105263,99,9,62,339,6.42938872,94501,6.42938872,339,79671930,35382,2661,1,0,1105263,99,9,62,129.026,R004bc2007.A09,myloasm_v0.4,NaN,967,not measured,294121829,44803,8286,8,0,1369463,635,51,292,missing,missing,missing,missing,missing,missing,missing,missing,missing,missing,missing,missing,,,,,,,,
R004bc2007.A09_100k,EED_500ng_1x_longplex_Pstar_8cyc_R004_100k,Read based: complex-fecal,longplex comparison,WGS,METAGENOMIC,PCR,single,PACBIO_SMRT,Revio,Vega,fastq,R004bc2007.A09.unmapped.100k.fastq,R004bc2007.A09.unmapped.100k.fastq.gz,SRR39281798,PRJNA1480782,SAMN61040788,R004bc2007.A09_100k_f,100k,EED_500ng_1x_longplex_Pstar_8cyc,gut metagenome,3/1/26,fecal material,fecal material,fecal material,USA:Waco,Homo sapians,31.5487 N 97.1130 W,EED fecal,R004,500,Pstar,Takara PrimeSTAR LongSeq,v1,8,longplex,FALSE,longplex_PCR,longplex_1x_Takara PrimeSTAR LongSeq,eed_500ng_Pstar_8cyc,bc2007,A,9,A09,NaN,Host-associated,Host-associated (non-saline),Animal (non-saline),Animal distal gut (non-saline),village biome,human-associated habitat,fecal material,human-gut,UBERON:feces,UBERON:feces,UBERON:feces,human,Homo sapiens,Hsap_mock,fecal mock,EED,9606,408170,mm testing,R004bc2007.A09,EED_500ng_1x_longplex_Pstar_8cyc_R004_100k,EED_500ng_1x_longplex_Pstar_8cyc,Takara PrimeSTAR LongSeq 1x 500 ng,T.LongSeq 1x 500 ng,1x,,,,,,,,,,,,,,,,,,,,,,,,,,,,,,,,,,,,,,,,,,,,,,,,,,,,,,,missing,missing,missing,missing,missing,missing,missing,missing,missing,missing,missing,missing,,,,,,,,
R004bc2007.A10,EED_500ng_1x_longplex_decodifi_8cyc_R004_none,Read based: complex-fecal,longplex comparison,WGS,METAGENOMIC,PCR,single,PACBIO_SMRT,Revio,Vega,fastq,R004bc2007.A10.unmapped.fastq,R004bc2007.A10.unmapped.fastq.gz,SRR39281876,PRJNA1480782,SAMN61040731,R004bc2007.A10_f,none,EED_500ng_1x_longplex_decodifi_8cyc,gut metagenome,3/1/26,fecal material,fecal material,fecal material,USA:Waco,Homo sapians,31.5487 N 97.1130 W,EED fecal,R004,500,decodifi,Kura Decodifi,v1,8,longplex,FALSE,longplex_PCR,longplex_1x_Kura Decodifi,eed_500ng_decodifi_8cyc,bc2007,A,10,A10,NaN,Host-associated,Host-associated (non-saline),Animal (non-saline),Animal distal gut (non-saline),village biome,human-associated habitat,fecal material,human-gut,UBERON:feces,UBERON:feces,UBERON:feces,human,Homo sapiens,Hsap_mock,fecal mock,EED,9606,408170,mm testing,R004bc2007.A10,EED_500ng_1x_longplex_decodifi_8cyc_R004_none,EED_500ng_1x_longplex_decodifi_8cyc,Kura Decodifi 1x 500 ng,K.Decodifi 1x 500 ng,1x,1,359793,359.793,2339048923,5698,6501.1,3573.9,7538,29.4,39.6,43141,2.339048923,myloasm_v0.4,,429.197,not measured,67049173,29559,2629,2,0,1373536,106,11,35,323,6.562037881,94501,6.562037881,323,67049173,29559,2629,2,0,1373536,106,11,35,429.197,R004bc2007.A10,myloasm_v0.4,NaN,937,not measured,239157827,39304,7696,7,0,2229317,507,63,205,missing,missing,missing,missing,missing,missing,missing,missing,missing,missing,missing,missing,,,,,,,,
R004bc2007.A10_100k,EED_500ng_1x_longplex_decodifi_8cyc_R004_100k,Read based: complex-fecal,longplex comparison,WGS,METAGENOMIC,PCR,single,PACBIO_SMRT,Revio,Vega,fastq,R004bc2007.A10.unmapped.100k.fastq,R004bc2007.A10.unmapped.100k.fastq.gz,SRR39281797,PRJNA1480782,SAMN61040789,R004bc2007.A10_100k_f,100k,EED_500ng_1x_longplex_decodifi_8cyc,gut metagenome,3/1/26,fecal material,fecal material,fecal material,USA:Waco,Homo sapians,31.5487 N 97.1130 W,EED fecal,R004,500,decodifi,Kura Decodifi,v1,8,longplex,FALSE,longplex_PCR,longplex_1x_Kura Decodifi,eed_500ng_decodifi_8cyc,bc2007,A,10,A10,NaN,Host-associated,Host-associated (non-saline),Animal (non-saline),Animal distal gut (non-saline),village biome,human-associated habitat,fecal material,human-gut,UBERON:feces,UBERON:feces,UBERON:feces,human,Homo sapiens,Hsap_mock,fecal mock,EED,9606,408170,mm testing,R004bc2007.A10,EED_500ng_1x_longplex_decodifi_8cyc_R004_100k,EED_500ng_1x_longplex_decodifi_8cyc,Kura Decodifi 1x 500 ng,K.Decodifi 1x 500 ng,1x,,,,,,,,,,,,,,,,,,,,,,,,,,,,,,,,,,,,,,,,,,,,,,,,,,,,,,,missing,missing,missing,missing,missing,missing,missing,missing,missing,missing,missing,missing,,,,,,,,
R004bc2007.B09,EED_150ng_1x_longplex_Pstar_8cyc_R004_none,Read based: complex-fecal,longplex comparison,WGS,METAGENOMIC,PCR,single,PACBIO_SMRT,Revio,Vega,fastq,R004bc2007.B09.unmapped.fastq,R004bc2007.B09.unmapped.fastq.gz,SRR39281865,PRJNA1480782,SAMN61040732,R004bc2007.B09_f,none,EED_150ng_1x_longplex_Pstar_8cyc,gut metagenome,3/1/26,fecal material,fecal material,fecal material,USA:Waco,Homo sapians,31.5487 N 97.1130 W,EED fecal,R004,150,Pstar,Takara PrimeSTAR LongSeq,v1,8,longplex,FALSE,longplex_PCR,longplex_1x_Takara PrimeSTAR LongSeq,eed_150ng_Pstar_8cyc,bc2007,B,9,B09,NaN,Host-associated,Host-associated (non-saline),Animal (non-saline),Animal distal gut (non-saline),village biome,human-associated habitat,fecal material,human-gut,UBERON:feces,UBERON:feces,UBERON:feces,human,Homo sapiens,Hsap_mock,fecal mock,EED,9606,408170,mm testing,R004bc2007.B09,EED_150ng_1x_longplex_Pstar_8cyc_R004_none,EED_150ng_1x_longplex_Pstar_8cyc,Takara PrimeSTAR LongSeq 1x 150 ng,T.LongSeq 1x 150 ng,1x,1,427417,427.417,2598595479,5382,6079.8,3217.7,6960,29.7,39.8,42934,2.598595479,myloasm_v0.4,,402.313,not measured,67949006,29257,2698,1,0,2494004,93,6,48,321,6.409786212,94501,6.409786212,321,67949006,29257,2698,1,0,2494004,93,6,48,402.313,R004bc2007.B09,myloasm_v0.4,NaN,1174,not measured,296886111,38987,9590,6,0,2117687,698,31,258,missing,missing,missing,missing,missing,missing,missing,missing,missing,missing,missing,missing,,,,,,,,
R004bc2007.B09_100k,EED_150ng_1x_longplex_Pstar_8cyc_R004_100k,Read based: complex-fecal,longplex comparison,WGS,METAGENOMIC,PCR,single,PACBIO_SMRT,Revio,Vega,fastq,R004bc2007.B09.unmapped.100k.fastq,R004bc2007.B09.unmapped.100k.fastq.gz,SRR39281796,PRJNA1480782,SAMN61040790,R004bc2007.B09_100k_f,100k,EED_150ng_1x_longplex_Pstar_8cyc,gut metagenome,3/1/26,fecal material,fecal material,fecal material,USA:Waco,Homo sapians,31.5487 N 97.1130 W,EED fecal,R004,150,Pstar,Takara PrimeSTAR LongSeq,v1,8,longplex,FALSE,longplex_PCR,longplex_1x_Takara PrimeSTAR LongSeq,eed_150ng_Pstar_8cyc,bc2007,B,9,B09,NaN,Host-associated,Host-associated (non-saline),Animal (non-saline),Animal distal gut (non-saline),village biome,human-associated habitat,fecal material,human-gut,UBERON:feces,UBERON:feces,UBERON:feces,human,Homo sapiens,Hsap_mock,fecal mock,EED,9606,408170,mm testing,R004bc2007.B09,EED_150ng_1x_longplex_Pstar_8cyc_R004_100k,EED_150ng_1x_longplex_Pstar_8cyc,Takara PrimeSTAR LongSeq 1x 150 ng,T.LongSeq 1x 150 ng,1x,,,,,,,,,,,,,,,,,,,,,,,,,,,,,,,,,,,,,,,,,,,,,,,,,,,,,,,missing,missing,missing,missing,missing,missing,missing,missing,missing,missing,missing,missing,,,,,,,,
R004bc2007.B10,EED_150ng_1x_longplex_decodifi_8cyc_R004_none,Read based: complex-fecal,longplex comparison,WGS,METAGENOMIC,PCR,single,PACBIO_SMRT,Revio,Vega,fastq,R004bc2007.B10.unmapped.fastq,R004bc2007.B10.unmapped.fastq.gz,SRR39281858,PRJNA1480782,SAMN61040733,R004bc2007.B10_f,none,EED_150ng_1x_longplex_decodifi_8cyc,gut metagenome,3/1/26,fecal material,fecal material,fecal material,USA:Waco,Homo sapians,31.5487 N 97.1130 W,EED fecal,R004,150,decodifi,Kura Decodifi,v1,8,longplex,FALSE,longplex_PCR,longplex_1x_Kura Decodifi,eed_150ng_decodifi_8cyc,bc2007,B,10,B10,NaN,Host-associated,Host-associated (non-saline),Animal (non-saline),Animal distal gut (non-saline),village biome,human-associated habitat,fecal material,human-gut,UBERON:feces,UBERON:feces,UBERON:feces,human,Homo sapiens,Hsap_mock,fecal mock,EED,9606,408170,mm testing,R004bc2007.B10,EED_150ng_1x_longplex_decodifi_8cyc_R004_none,EED_150ng_1x_longplex_decodifi_8cyc,Kura Decodifi 1x 150 ng,K.Decodifi 1x 150 ng,1x,1,452945,452.945,2294520191,4566,5065.8,2459.5,5692,30.1,40,44700,2.294520191,myloasm_v0.4,,317.443,not measured,52757640,21366,2740,2,0,1227255,79,2,27,299,6.451003092,94501,6.451003092,299,52757640,21366,2740,2,0,1227255,79,2,27,317.443,R004bc2007.B10,myloasm_v0.4,NaN,1033,not measured,246655765,29550,10340,1,0,1304385,617,31,209,missing,missing,missing,missing,missing,missing,missing,missing,missing,missing,missing,missing,,,,,,,,
R004bc2007.B10_100k,EED_150ng_1x_longplex_decodifi_8cyc_R004_100k,Read based: complex-fecal,longplex comparison,WGS,METAGENOMIC,PCR,single,PACBIO_SMRT,Revio,Vega,fastq,R004bc2007.B10.unmapped.100k.fastq,R004bc2007.B10.unmapped.100k.fastq.gz,SRR39281794,PRJNA1480782,SAMN61040791,R004bc2007.B10_100k_f,100k,EED_150ng_1x_longplex_decodifi_8cyc,gut metagenome,3/1/26,fecal material,fecal material,fecal material,USA:Waco,Homo sapians,31.5487 N 97.1130 W,EED fecal,R004,150,decodifi,Kura Decodifi,v1,8,longplex,FALSE,longplex_PCR,longplex_1x_Kura Decodifi,eed_150ng_decodifi_8cyc,bc2007,B,10,B10,NaN,Host-associated,Host-associated (non-saline),Animal (non-saline),Animal distal gut (non-saline),village biome,human-associated habitat,fecal material,human-gut,UBERON:feces,UBERON:feces,UBERON:feces,human,Homo sapiens,Hsap_mock,fecal mock,EED,9606,408170,mm testing,R004bc2007.B10,EED_150ng_1x_longplex_decodifi_8cyc_R004_100k,EED_150ng_1x_longplex_decodifi_8cyc,Kura Decodifi 1x 150 ng,K.Decodifi 1x 150 ng,1x,,,,,,,,,,,,,,,,,,,,,,,,,,,,,,,,,,,,,,,,,,,,,,,,,,,,,,,missing,missing,missing,missing,missing,missing,missing,missing,missing,missing,missing,missing,,,,,,,,
R004bc2007.E09,EED_500ng_1x_longplex_Q5XT_8cyc_R004_none,Read based: complex-fecal,longplex comparison,WGS,METAGENOMIC,PCR,single,PACBIO_SMRT,Revio,Vega,fastq,R004bc2007.E09.unmapped.fastq,R004bc2007.E09.unmapped.fastq.gz,SRR39281857,PRJNA1480782,SAMN61040734,R004bc2007.E09_f,none,EED_500ng_1x_longplex_Q5XT_8cyc,gut metagenome,3/1/26,fecal material,fecal material,fecal material,USA:Waco,Homo sapians,31.5487 N 97.1130 W,EED fecal,R004,500,Q5XT,NEB Q5 XT,v1,8,longplex,FALSE,longplex_PCR,longplex_1x_NEB Q5 XT,eed_500ng_Q5XT_8cyc,bc2007,E,9,E09,NaN,Host-associated,Host-associated (non-saline),Animal (non-saline),Animal distal gut (non-saline),village biome,human-associated habitat,fecal material,human-gut,UBERON:feces,UBERON:feces,UBERON:feces,human,Homo sapiens,Hsap_mock,fecal mock,EED,9606,408170,mm testing,R004bc2007.E09,EED_500ng_1x_longplex_Q5XT_8cyc_R004_none,EED_500ng_1x_longplex_Q5XT_8cyc,NEB Q5 XT 1x 500 ng,N.Q5XT 1x 500 ng,1x,1,401472,401.472,2534877754,5605,6314,3260.6,7277,29.5,39.5,41125,2.534877754,myloasm_v0.4,,417.509,not measured,69038830,28420,2733,2,0,1118295,121,21,40,292,6.263687522,94501,6.263687522,292,69038830,28420,2733,2,0,1118295,121,21,40,417.509,R004bc2007.E09,myloasm_v0.4,NaN,1141,not measured,285146916,38668,9205,6,0,2388050,689,65,261,missing,missing,missing,missing,missing,missing,missing,missing,missing,missing,missing,missing,,,,,,,,
R004bc2007.E09_100k,EED_500ng_1x_longplex_Q5XT_8cyc_R004_100k,Read based: complex-fecal,longplex comparison,WGS,METAGENOMIC,PCR,single,PACBIO_SMRT,Revio,Vega,fastq,R004bc2007.E09.unmapped.100k.fastq,R004bc2007.E09.unmapped.100k.fastq.gz,SRR39281793,PRJNA1480782,SAMN61040792,R004bc2007.E09_100k_f,100k,EED_500ng_1x_longplex_Q5XT_8cyc,gut metagenome,3/1/26,fecal material,fecal material,fecal material,USA:Waco,Homo sapians,31.5487 N 97.1130 W,EED fecal,R004,500,Q5XT,NEB Q5 XT,v1,8,longplex,FALSE,longplex_PCR,longplex_1x_NEB Q5 XT,eed_500ng_Q5XT_8cyc,bc2007,E,9,E09,NaN,Host-associated,Host-associated (non-saline),Animal (non-saline),Animal distal gut (non-saline),village biome,human-associated habitat,fecal material,human-gut,UBERON:feces,UBERON:feces,UBERON:feces,human,Homo sapiens,Hsap_mock,fecal mock,EED,9606,408170,mm testing,R004bc2007.E09,EED_500ng_1x_longplex_Q5XT_8cyc_R004_100k,EED_500ng_1x_longplex_Q5XT_8cyc,NEB Q5 XT 1x 500 ng,N.Q5XT 1x 500 ng,1x,,,,,,,,,,,,,,,,,,,,,,,,,,,,,,,,,,,,,,,,,,,,,,,,,,,,,,,missing,missing,missing,missing,missing,missing,missing,missing,missing,missing,missing,missing,,,,,,,,
R004bc2007.F09,EED_150ng_1x_longplex_Q5XT_8cyc_R004_none,Read based: complex-fecal,longplex comparison,WGS,METAGENOMIC,PCR,single,PACBIO_SMRT,Revio,Vega,fastq,R004bc2007.F09.unmapped.fastq,R004bc2007.F09.unmapped.fastq.gz,SRR39281856,PRJNA1480782,SAMN61040735,R004bc2007.F09_f,none,EED_150ng_1x_longplex_Q5XT_8cyc,gut metagenome,3/1/26,fecal material,fecal material,fecal material,USA:Waco,Homo sapians,31.5487 N 97.1130 W,EED fecal,R004,150,Q5XT,NEB Q5 XT,v1,8,longplex,FALSE,longplex_PCR,longplex_1x_NEB Q5 XT,eed_150ng_Q5XT_8cyc,bc2007,F,9,F09,NaN,Host-associated,Host-associated (non-saline),Animal (non-saline),Animal distal gut (non-saline),village biome,human-associated habitat,fecal material,human-gut,UBERON:feces,UBERON:feces,UBERON:feces,human,Homo sapiens,Hsap_mock,fecal mock,EED,9606,408170,mm testing,R004bc2007.F09,EED_150ng_1x_longplex_Q5XT_8cyc_R004_none,EED_150ng_1x_longplex_Q5XT_8cyc,NEB Q5 XT 1x 150 ng,N.Q5XT 1x 150 ng,1x,1,492224,492.224,2753538678,4949,5594.1,2887.7,6341,29.8,39.9,34320,2.753538678,myloasm_v0.4,,366.78,not measured,60475726,26240,2691,0,0,949547,77,5,38,298,6.323352105,94501,6.323352105,298,60475726,26240,2691,0,0,949547,77,5,38,366.78,R004bc2007.F09,myloasm_v0.4,NaN,1268,not measured,303958409,35450,10789,3,0,1350266,723,46,272,missing,missing,missing,missing,missing,missing,missing,missing,missing,missing,missing,missing,,,,,,,,
R004bc2007.F09_100k,EED_150ng_1x_longplex_Q5XT_8cyc_R004_100k,Read based: complex-fecal,longplex comparison,WGS,METAGENOMIC,PCR,single,PACBIO_SMRT,Revio,Vega,fastq,R004bc2007.F09.unmapped.100k.fastq,R004bc2007.F09.unmapped.100k.fastq.gz,SRR39281792,PRJNA1480782,SAMN61040793,R004bc2007.F09_100k_f,100k,EED_150ng_1x_longplex_Q5XT_8cyc,gut metagenome,3/1/26,fecal material,fecal material,fecal material,USA:Waco,Homo sapians,31.5487 N 97.1130 W,EED fecal,R004,150,Q5XT,NEB Q5 XT,v1,8,longplex,FALSE,longplex_PCR,longplex_1x_NEB Q5 XT,eed_150ng_Q5XT_8cyc,bc2007,F,9,F09,NaN,Host-associated,Host-associated (non-saline),Animal (non-saline),Animal distal gut (non-saline),village biome,human-associated habitat,fecal material,human-gut,UBERON:feces,UBERON:feces,UBERON:feces,human,Homo sapiens,Hsap_mock,fecal mock,EED,9606,408170,mm testing,R004bc2007.F09,EED_150ng_1x_longplex_Q5XT_8cyc_R004_100k,EED_150ng_1x_longplex_Q5XT_8cyc,NEB Q5 XT 1x 150 ng,N.Q5XT 1x 150 ng,1x,,,,,,,,,,,,,,,,,,,,,,,,,,,,,,,,,,,,,,,,,,,,,,,,,,,,,,,missing,missing,missing,missing,missing,missing,missing,missing,missing,missing,missing,missing,,,,,,,,
R005bc2007.A09,EED_500ng_1x_longplex_Pstar_8cyc_R005_none,Read based: complex-fecal,longplex comparison,WGS,METAGENOMIC,PCR,single,PACBIO_SMRT,Revio,Vega,fastq,R005bc2007.A09.unmapped.fastq,R005bc2007.A09.unmapped.fastq.gz,SRR39281855,PRJNA1480782,SAMN61040736,R005bc2007.A09_f,none,EED_500ng_1x_longplex_Pstar_8cyc,gut metagenome,3/1/26,fecal material,fecal material,fecal material,USA:Waco,Homo sapians,31.5487 N 97.1130 W,EED fecal,R005,500,Pstar,Takara PrimeSTAR LongSeq,v1,8,longplex,TRUE,longplex_PCR,longplex_1x_Takara PrimeSTAR LongSeq,eed_500ng_Pstar_8cyc,bc2007,A,9,A09,NaN,Host-associated,Host-associated (non-saline),Animal (non-saline),Animal distal gut (non-saline),village biome,human-associated habitat,fecal material,human-gut,UBERON:feces,UBERON:feces,UBERON:feces,human,Homo sapiens,Hsap_mock,fecal mock,EED,9606,408170,mm testing,R005bc2007.A09,EED_500ng_1x_longplex_Pstar_8cyc_R005_none,EED_500ng_1x_longplex_Pstar_8cyc,Takara PrimeSTAR LongSeq 1x 500 ng (Q),T.LongSeq 1x 500 ng (Q),1x,1,302806,302.806,1837186076,5357,6067.2,3144.6,6844,28.8,39.1,42384,1.837186076,myloasm_v0.4,,404.2367,not measured,67894653,28557,2735,2,1,1079256,102,11,45,304,6.354631815,94501,6.354631815,304,67894653,28557,2735,2,1,1079256,102,11,45,404.2367,R005bc2007.A09,myloasm_v0.4,NaN,672,not measured,207704372,35775,7207,5,0,2972051,481,42,162,missing,missing,missing,missing,missing,missing,missing,missing,missing,missing,missing,missing,,,,,,,,
R005bc2007.A09_100k,EED_500ng_1x_longplex_Pstar_8cyc_R005_100k,Read based: complex-fecal,longplex comparison,WGS,METAGENOMIC,PCR,single,PACBIO_SMRT,Revio,Vega,fastq,R005bc2007.A09.unmapped.100k.fastq,R005bc2007.A09.unmapped.100k.fastq.gz,SRR39281791,PRJNA1480782,SAMN61040794,R005bc2007.A09_100k_f,100k,EED_500ng_1x_longplex_Pstar_8cyc,gut metagenome,3/1/26,fecal material,fecal material,fecal material,USA:Waco,Homo sapians,31.5487 N 97.1130 W,EED fecal,R005,500,Pstar,Takara PrimeSTAR LongSeq,v1,8,longplex,TRUE,longplex_PCR,longplex_1x_Takara PrimeSTAR LongSeq,eed_500ng_Pstar_8cyc,bc2007,A,9,A09,NaN,Host-associated,Host-associated (non-saline),Animal (non-saline),Animal distal gut (non-saline),village biome,human-associated habitat,fecal material,human-gut,UBERON:feces,UBERON:feces,UBERON:feces,human,Homo sapiens,Hsap_mock,fecal mock,EED,9606,408170,mm testing,R005bc2007.A09,EED_500ng_1x_longplex_Pstar_8cyc_R005_100k,EED_500ng_1x_longplex_Pstar_8cyc,Takara PrimeSTAR LongSeq 1x 500 ng (Q),T.LongSeq 1x 500 ng (Q),1x,,,,,,,,,,,,,,,,,,,,,,,,,,,,,,,,,,,,,,,,,,,,,,,,,,,,,,,missing,missing,missing,missing,missing,missing,missing,missing,missing,missing,missing,missing,,,,,,,,
R005bc2007.A10,EED_500ng_1x_longplex_decodifi_8cyc_R005_none,Read based: complex-fecal,longplex comparison,WGS,METAGENOMIC,PCR,single,PACBIO_SMRT,Revio,Vega,fastq,R005bc2007.A10.unmapped.fastq,R005bc2007.A10.unmapped.fastq.gz,SRR39281854,PRJNA1480782,SAMN61040737,R005bc2007.A10_f,none,EED_500ng_1x_longplex_decodifi_8cyc,gut metagenome,3/1/26,fecal material,fecal material,fecal material,USA:Waco,Homo sapians,31.5487 N 97.1130 W,EED fecal,R005,500,decodifi,Kura Decodifi,v1,8,longplex,TRUE,longplex_PCR,longplex_1x_Kura Decodifi,eed_500ng_decodifi_8cyc,bc2007,A,10,A10,NaN,Host-associated,Host-associated (non-saline),Animal (non-saline),Animal distal gut (non-saline),village biome,human-associated habitat,fecal material,human-gut,UBERON:feces,UBERON:feces,UBERON:feces,human,Homo sapiens,Hsap_mock,fecal mock,EED,9606,408170,mm testing,R005bc2007.A10,EED_500ng_1x_longplex_decodifi_8cyc_R005_none,EED_500ng_1x_longplex_decodifi_8cyc,Kura Decodifi 1x 500 ng (Q),K.Decodifi 1x 500 ng (Q),1x,1,310006,310.006,1790436819,5123,5775.5,2943.4,6481,28.9,39.2,34553,1.790436819,myloasm_v0.4,,375.7362,not measured,58733467,24583,2703,2,0,1687534,92,7,25,311,6.545965928,94501,6.545965928,311,58733467,24583,2703,2,0,1687534,92,7,25,375.7362,R005bc2007.A10,myloasm_v0.4,NaN,717,not measured,175144188,32623,6712,4,1,1609067,414,42,138,missing,missing,missing,missing,missing,missing,missing,missing,missing,missing,missing,missing,,,,,,,,
R005bc2007.A10_100k,EED_500ng_1x_longplex_decodifi_8cyc_R005_100k,Read based: complex-fecal,longplex comparison,WGS,METAGENOMIC,PCR,single,PACBIO_SMRT,Revio,Vega,fastq,R005bc2007.A10.unmapped.100k.fastq,R005bc2007.A10.unmapped.100k.fastq.gz,SRR39281790,PRJNA1480782,SAMN61040795,R005bc2007.A10_100k_f,100k,EED_500ng_1x_longplex_decodifi_8cyc,gut metagenome,3/1/26,fecal material,fecal material,fecal material,USA:Waco,Homo sapians,31.5487 N 97.1130 W,EED fecal,R005,500,decodifi,Kura Decodifi,v1,8,longplex,TRUE,longplex_PCR,longplex_1x_Kura Decodifi,eed_500ng_decodifi_8cyc,bc2007,A,10,A10,NaN,Host-associated,Host-associated (non-saline),Animal (non-saline),Animal distal gut (non-saline),village biome,human-associated habitat,fecal material,human-gut,UBERON:feces,UBERON:feces,UBERON:feces,human,Homo sapiens,Hsap_mock,fecal mock,EED,9606,408170,mm testing,R005bc2007.A10,EED_500ng_1x_longplex_decodifi_8cyc_R005_100k,EED_500ng_1x_longplex_decodifi_8cyc,Kura Decodifi 1x 500 ng (Q),K.Decodifi 1x 500 ng (Q),1x,,,,,,,,,,,,,,,,,,,,,,,,,,,,,,,,,,,,,,,,,,,,,,,,,,,,,,,missing,missing,missing,missing,missing,missing,missing,missing,missing,missing,missing,missing,,,,,,,,
R005bc2007.B09,EED_150ng_1x_longplex_Pstar_8cyc_R005_none,Read based: complex-fecal,longplex comparison,WGS,METAGENOMIC,PCR,single,PACBIO_SMRT,Revio,Vega,fastq,R005bc2007.B09.unmapped.fastq,R005bc2007.B09.unmapped.fastq.gz,SRR39281853,PRJNA1480782,SAMN61040738,R005bc2007.B09_f,none,EED_150ng_1x_longplex_Pstar_8cyc,gut metagenome,3/1/26,fecal material,fecal material,fecal material,USA:Waco,Homo sapians,31.5487 N 97.1130 W,EED fecal,R005,150,Pstar,Takara PrimeSTAR LongSeq,v1,8,longplex,TRUE,longplex_PCR,longplex_1x_Takara PrimeSTAR LongSeq,eed_150ng_Pstar_8cyc,bc2007,B,9,B09,NaN,Host-associated,Host-associated (non-saline),Animal (non-saline),Animal distal gut (non-saline),village biome,human-associated habitat,fecal material,human-gut,UBERON:feces,UBERON:feces,UBERON:feces,human,Homo sapiens,Hsap_mock,fecal mock,EED,9606,408170,mm testing,R005bc2007.B09,EED_150ng_1x_longplex_Pstar_8cyc_R005_none,EED_150ng_1x_longplex_Pstar_8cyc,Takara PrimeSTAR LongSeq 1x 150 ng (Q),T.LongSeq 1x 150 ng (Q),1x,1,372588,372.588,2050631720,4931,5503.8,2705.4,6137,29,39.4,31386,2.05063172,myloasm_v0.4,,350.1094,not measured,58596304,24614,2687,1,0,1105536,88,5,42,302,6.348926082,94501,6.348926082,302,58596304,24614,2687,1,0,1105536,88,5,42,350.1094,R005bc2007.B09,myloasm_v0.4,NaN,770,not measured,227126873,32066,8682,4,0,1480848,522,29,180,missing,missing,missing,missing,missing,missing,missing,missing,missing,missing,missing,missing,,,,,,,,
R005bc2007.B09_100k,EED_150ng_1x_longplex_Pstar_8cyc_R005_100k,Read based: complex-fecal,longplex comparison,WGS,METAGENOMIC,PCR,single,PACBIO_SMRT,Revio,Vega,fastq,R005bc2007.B09.unmapped.100k.fastq,R005bc2007.B09.unmapped.100k.fastq.gz,SRR39281789,PRJNA1480782,SAMN61040796,R005bc2007.B09_100k_f,100k,EED_150ng_1x_longplex_Pstar_8cyc,gut metagenome,3/1/26,fecal material,fecal material,fecal material,USA:Waco,Homo sapians,31.5487 N 97.1130 W,EED fecal,R005,150,Pstar,Takara PrimeSTAR LongSeq,v1,8,longplex,TRUE,longplex_PCR,longplex_1x_Takara PrimeSTAR LongSeq,eed_150ng_Pstar_8cyc,bc2007,B,9,B09,NaN,Host-associated,Host-associated (non-saline),Animal (non-saline),Animal distal gut (non-saline),village biome,human-associated habitat,fecal material,human-gut,UBERON:feces,UBERON:feces,UBERON:feces,human,Homo sapiens,Hsap_mock,fecal mock,EED,9606,408170,mm testing,R005bc2007.B09,EED_150ng_1x_longplex_Pstar_8cyc_R005_100k,EED_150ng_1x_longplex_Pstar_8cyc,Takara PrimeSTAR LongSeq 1x 150 ng (Q),T.LongSeq 1x 150 ng (Q),1x,,,,,,,,,,,,,,,,,,,,,,,,,,,,,,,,,,,,,,,,,,,,,,,,,,,,,,,missing,missing,missing,missing,missing,missing,missing,missing,missing,missing,missing,missing,,,,,,,,
R005bc2007.B10,EED_150ng_1x_longplex_decodifi_8cyc_R005_none,Read based: complex-fecal,longplex comparison,WGS,METAGENOMIC,PCR,single,PACBIO_SMRT,Revio,Vega,fastq,R005bc2007.B10.unmapped.fastq,R005bc2007.B10.unmapped.fastq.gz,SRR39281852,PRJNA1480782,SAMN61040739,R005bc2007.B10_f,none,EED_150ng_1x_longplex_decodifi_8cyc,gut metagenome,3/1/26,fecal material,fecal material,fecal material,USA:Waco,Homo sapians,31.5487 N 97.1130 W,EED fecal,R005,150,decodifi,Kura Decodifi,v1,8,longplex,TRUE,longplex_PCR,longplex_1x_Kura Decodifi,eed_150ng_decodifi_8cyc,bc2007,B,10,B10,NaN,Host-associated,Host-associated (non-saline),Animal (non-saline),Animal distal gut (non-saline),village biome,human-associated habitat,fecal material,human-gut,UBERON:feces,UBERON:feces,UBERON:feces,human,Homo sapiens,Hsap_mock,fecal mock,EED,9606,408170,mm testing,R005bc2007.B10,EED_150ng_1x_longplex_decodifi_8cyc_R005_none,EED_150ng_1x_longplex_decodifi_8cyc,Kura Decodifi 1x 150 ng (Q),K.Decodifi 1x 150 ng (Q),1x,1,418104,418.104,1988934483,4351,4757,2169.8,5237,29.3,39.8,26011,1.988934483,myloasm_v0.4,,301.0386,not measured,46955846,20057,2612,1,0,1121309,68,1,24,292,6.450182603,94501,6.450182603,292,46955846,20057,2612,1,0,1121309,68,1,24,301.0386,R005bc2007.B10,myloasm_v0.4,NaN,883,not measured,208207031,26432,9580,2,0,1402859,550,26,154,missing,missing,missing,missing,missing,missing,missing,missing,missing,missing,missing,missing,,,,,,,,
R005bc2007.B10_100k,EED_150ng_1x_longplex_decodifi_8cyc_R005_100k,Read based: complex-fecal,longplex comparison,WGS,METAGENOMIC,PCR,single,PACBIO_SMRT,Revio,Vega,fastq,R005bc2007.B10.unmapped.100k.fastq,R005bc2007.B10.unmapped.100k.fastq.gz,SRR39281788,PRJNA1480782,SAMN61040797,R005bc2007.B10_100k_f,100k,EED_150ng_1x_longplex_decodifi_8cyc,gut metagenome,3/1/26,fecal material,fecal material,fecal material,USA:Waco,Homo sapians,31.5487 N 97.1130 W,EED fecal,R005,150,decodifi,Kura Decodifi,v1,8,longplex,TRUE,longplex_PCR,longplex_1x_Kura Decodifi,eed_150ng_decodifi_8cyc,bc2007,B,10,B10,NaN,Host-associated,Host-associated (non-saline),Animal (non-saline),Animal distal gut (non-saline),village biome,human-associated habitat,fecal material,human-gut,UBERON:feces,UBERON:feces,UBERON:feces,human,Homo sapiens,Hsap_mock,fecal mock,EED,9606,408170,mm testing,R005bc2007.B10,EED_150ng_1x_longplex_decodifi_8cyc_R005_100k,EED_150ng_1x_longplex_decodifi_8cyc,Kura Decodifi 1x 150 ng (Q),K.Decodifi 1x 150 ng (Q),1x,,,,,,,,,,,,,,,,,,,,,,,,,,,,,,,,,,,,,,,,,,,,,,,,,,,,,,,missing,missing,missing,missing,missing,missing,missing,missing,missing,missing,missing,missing,,,,,,,,
R005bc2007.E09,EED_500ng_1x_longplex_Q5XT_8cyc_R005_none,Read based: complex-fecal,longplex comparison,WGS,METAGENOMIC,PCR,single,PACBIO_SMRT,Revio,Vega,fastq,R005bc2007.E09.unmapped.fastq,R005bc2007.E09.unmapped.fastq.gz,SRR39281851,PRJNA1480782,SAMN61040740,R005bc2007.E09_f,none,EED_500ng_1x_longplex_Q5XT_8cyc,gut metagenome,3/1/26,fecal material,fecal material,fecal material,USA:Waco,Homo sapians,31.5487 N 97.1130 W,EED fecal,R005,500,Q5XT,NEB Q5 XT,v1,8,longplex,TRUE,longplex_PCR,longplex_1x_NEB Q5 XT,eed_500ng_Q5XT_8cyc,bc2007,E,9,E09,NaN,Host-associated,Host-associated (non-saline),Animal (non-saline),Animal distal gut (non-saline),village biome,human-associated habitat,fecal material,human-gut,UBERON:feces,UBERON:feces,UBERON:feces,human,Homo sapiens,Hsap_mock,fecal mock,EED,9606,408170,mm testing,R005bc2007.E09,EED_500ng_1x_longplex_Q5XT_8cyc_R005_none,EED_500ng_1x_longplex_Q5XT_8cyc,NEB Q5 XT 1x 500 ng (Q),N.Q5XT 1x 500 ng (Q),1x,1,347954,347.954,1981513992,5078,5694.8,2787.8,6364,28.9,39,31625,1.981513992,myloasm_v0.4,,378.1535,not measured,60502195,26318,2676,1,0,1896894,92,17,27,294,6.278960154,94501,6.278960154,294,60502195,26318,2676,1,0,1896894,92,17,27,378.1535,R005bc2007.E09,myloasm_v0.4,NaN,853,not measured,215989271,32960,7992,5,0,1646967,530,47,170,missing,missing,missing,missing,missing,missing,missing,missing,missing,missing,missing,missing,,,,,,,,
R005bc2007.E09_100k,EED_500ng_1x_longplex_Q5XT_8cyc_R005_100k,Read based: complex-fecal,longplex comparison,WGS,METAGENOMIC,PCR,single,PACBIO_SMRT,Revio,Vega,fastq,R005bc2007.E09.unmapped.100k.fastq,R005bc2007.E09.unmapped.100k.fastq.gz,SRR39281787,PRJNA1480782,SAMN61040798,R005bc2007.E09_100k_f,100k,EED_500ng_1x_longplex_Q5XT_8cyc,gut metagenome,3/1/26,fecal material,fecal material,fecal material,USA:Waco,Homo sapians,31.5487 N 97.1130 W,EED fecal,R005,500,Q5XT,NEB Q5 XT,v1,8,longplex,TRUE,longplex_PCR,longplex_1x_NEB Q5 XT,eed_500ng_Q5XT_8cyc,bc2007,E,9,E09,NaN,Host-associated,Host-associated (non-saline),Animal (non-saline),Animal distal gut (non-saline),village biome,human-associated habitat,fecal material,human-gut,UBERON:feces,UBERON:feces,UBERON:feces,human,Homo sapiens,Hsap_mock,fecal mock,EED,9606,408170,mm testing,R005bc2007.E09,EED_500ng_1x_longplex_Q5XT_8cyc_R005_100k,EED_500ng_1x_longplex_Q5XT_8cyc,NEB Q5 XT 1x 500 ng (Q),N.Q5XT 1x 500 ng (Q),1x,,,,,,,,,,,,,,,,,,,,,,,,,,,,,,,,,,,,,,,,,,,,,,,,,,,,,,,missing,missing,missing,missing,missing,missing,missing,missing,missing,missing,missing,missing,,,,,,,,
R005bc2007.F09,EED_150ng_1x_longplex_Q5XT_8cyc_R005_none,Read based: complex-fecal,longplex comparison,WGS,METAGENOMIC,PCR,single,PACBIO_SMRT,Revio,Vega,Project Info,R005bc2007.F09.unmapped.fastq,R005bc2007.F09.unmapped.fastq.gz,SRR39281849,PRJNA1480782,SAMN61040741,R005bc2007.F09_f,none,EED_150ng_1x_longplex_Q5XT_8cyc,gut metagenome,3/1/26,fecal material,fecal material,fecal material,USA:Waco,Homo sapians,31.5487 N 97.1130 W,EED fecal,R005,150,Q5XT,NEB Q5 XT,v1,8,longplex,TRUE,longplex_PCR,longplex_1x_NEB Q5 XT,eed_150ng_Q5XT_8cyc,bc2007,F,9,F09,NaN,Host-associated,Host-associated (non-saline),Animal (non-saline),Animal distal gut (non-saline),village biome,human-associated habitat,fecal material,human-gut,UBERON:feces,UBERON:feces,UBERON:feces,human,Homo sapiens,Hsap_mock,fecal mock,EED,9606,408170,mm testing,R005bc2007.F09,EED_150ng_1x_longplex_Q5XT_8cyc_R005_none,EED_150ng_1x_longplex_Q5XT_8cyc,NEB Q5 XT 1x 150 ng (Q),N.Q5XT 1x 150 ng (Q),1x,1,441306,441.306,2270994226,4629,5146.1,2468.1,5685,29.1,39.5,28059,2.270994226,myloasm_v0.4,,343.5032,not measured,53398740,22354,2650,2,0,2246647,98,2,29,285,6.311345106,94501,6.311345106,285,53398740,22354,2650,2,0,2246647,98,2,29,343.5032,R005bc2007.F09,myloasm_v0.4,NaN,1050,not measured,243102471,31007,9920,5,1,1821142,588,44,184,missing,missing,missing,missing,missing,missing,missing,missing,missing,missing,missing,missing,,,,,,,,
R005bc2007.F09_100k,EED_150ng_1x_longplex_Q5XT_8cyc_R005_100k,Read based: complex-fecal,longplex comparison,WGS,METAGENOMIC,PCR,single,PACBIO_SMRT,Revio,Vega,fastq,R005bc2007.F09.unmapped.100k.fastq,R005bc2007.F09.unmapped.100k.fastq.gz,SRR39281786,PRJNA1480782,SAMN61040799,R005bc2007.F09_100k_f,100k,EED_150ng_1x_longplex_Q5XT_8cyc,gut metagenome,3/1/26,fecal material,fecal material,fecal material,USA:Waco,Homo sapians,31.5487 N 97.1130 W,EED fecal,R005,150,Q5XT,NEB Q5 XT,v1,8,longplex,TRUE,longplex_PCR,longplex_1x_NEB Q5 XT,eed_150ng_Q5XT_8cyc,bc2007,F,9,F09,NaN,Host-associated,Host-associated (non-saline),Animal (non-saline),Animal distal gut (non-saline),village biome,human-associated habitat,fecal material,human-gut,UBERON:feces,UBERON:feces,UBERON:feces,human,Homo sapiens,Hsap_mock,fecal mock,EED,9606,408170,mm testing,R005bc2007.F09,EED_150ng_1x_longplex_Q5XT_8cyc_R005_100k,EED_150ng_1x_longplex_Q5XT_8cyc,NEB Q5 XT 1x 150 ng (Q),N.Q5XT 1x 150 ng (Q),1x,,,,,,,,,,,,,,,,,,,,,,,,,,,,,,,,,,,,,,,,,,,,,,,,,,,,,,,missing,missing,missing,missing,missing,missing,missing,missing,missing,missing,missing,missing,,,,,,,,
R006bc2010.A02,EED_150ng_0.5x_longplex_decodifi_8cyc_R006_none,Read based: complex-fecal,longplex comparison,WGS,METAGENOMIC,PCR,single,PACBIO_SMRT,Revio,Vega,fastq,R006bc2010.A02.unmapped.fastq,R006bc2010.A02.unmapped.fastq.gz,SRR39281833,PRJNA1480782,SAMN61040756,R006bc2010.A02_f,none,EED_150ng_0.5x_longplex_decodifi_8cyc,gut metagenome,3/1/26,fecal material,fecal material,fecal material,USA:Waco,Homo sapians,31.5487 N 97.1130 W,EED fecal,R006,150,decodifi,Kura Decodifi,v2,8,longplex,FALSE,longplex_PCR,longplex_0.5x_Kura Decodifi,eed_150ng_decodifi_8cyc,bc2010,A,2,A02,NaN,Host-associated,Host-associated (non-saline),Animal (non-saline),Animal distal gut (non-saline),village biome,human-associated habitat,fecal material,human-gut,UBERON:feces,UBERON:feces,UBERON:feces,human,Homo sapiens,Hsap_mock,fecal mock,EED,9606,408170,mm testing,R006bc2010.A02,EED_150ng_0.5x_longplex_decodifi_8cyc_R006_none,EED_150ng_0.5x_longplex_decodifi_8cyc,Kura Decodifi 0.5x 150 ng,K.Decodifi 0.5x 150 ng,0.5x,1,366739,366.739,2003013500,4610,5461.7,3340.6,6488,29,39.7,44091,2.0030135,myloasm_v0.4,,347.87,not measured,53708648,26637,2380,0,0,992781,84,11,24,297,6.49157791,94501,6.49157791,297,53708648,26637,2380,0,0,992781,84,11,24,347.87,R006bc2010.A02,myloasm_v0.4,NaN,665,not measured,203089506,34335,7556,5,0,2092423,443,39,162,missing,missing,missing,missing,missing,missing,missing,missing,missing,missing,missing,missing,,,,,,,,
R006bc2010.A02_100k,EED_150ng_0.5x_longplex_decodifi_8cyc_R006_100k,Read based: complex-fecal,longplex comparison,WGS,METAGENOMIC,PCR,single,PACBIO_SMRT,Revio,Vega,fastq,R006bc2010.A02.unmapped.100k.fastq,R006bc2010.A02.unmapped.100k.fastq.gz,SRR39281769,PRJNA1480782,SAMN61040814,R006bc2010.A02_100k_f,100k,EED_150ng_0.5x_longplex_decodifi_8cyc,gut metagenome,3/1/26,fecal material,fecal material,fecal material,USA:Waco,Homo sapians,31.5487 N 97.1130 W,EED fecal,R006,150,decodifi,Kura Decodifi,v2,8,longplex,FALSE,longplex_PCR,longplex_0.5x_Kura Decodifi,eed_150ng_decodifi_8cyc,bc2010,A,2,A02,NaN,Host-associated,Host-associated (non-saline),Animal (non-saline),Animal distal gut (non-saline),village biome,human-associated habitat,fecal material,human-gut,UBERON:feces,UBERON:feces,UBERON:feces,human,Homo sapiens,Hsap_mock,fecal mock,EED,9606,408170,mm testing,R006bc2010.A02,EED_150ng_0.5x_longplex_decodifi_8cyc_R006_100k,EED_150ng_0.5x_longplex_decodifi_8cyc,Kura Decodifi 0.5x 150 ng,K.Decodifi 0.5x 150 ng,0.5x,,,,,,,,,,,,,,,,,,,,,,,,,,,,,,,,,,,,,,,,,,,,,,,,,,,,,,,missing,missing,missing,missing,missing,missing,missing,missing,missing,missing,missing,missing,,,,,,,,
R006bc2010.A04,EED_150ng_0.5x_longplex_Q5XT_8cyc_R006_none,Read based: complex-fecal,longplex comparison,WGS,METAGENOMIC,PCR,single,PACBIO_SMRT,Revio,Vega,fastq,R006bc2010.A04.unmapped.fastq,R006bc2010.A04.unmapped.fastq.gz,SRR39281832,PRJNA1480782,SAMN61040757,R006bc2010.A04_f,none,EED_150ng_0.5x_longplex_Q5XT_8cyc,gut metagenome,3/1/26,fecal material,fecal material,fecal material,USA:Waco,Homo sapians,31.5487 N 97.1130 W,EED fecal,R006,150,Q5XT,NEB Q5 XT,v2,8,longplex,FALSE,longplex_PCR,longplex_0.5x_NEB Q5 XT,eed_150ng_Q5XT_8cyc,bc2010,A,4,A04,NaN,Host-associated,Host-associated (non-saline),Animal (non-saline),Animal distal gut (non-saline),village biome,human-associated habitat,fecal material,human-gut,UBERON:feces,UBERON:feces,UBERON:feces,human,Homo sapiens,Hsap_mock,fecal mock,EED,9606,408170,mm testing,R006bc2010.A04,EED_150ng_0.5x_longplex_Q5XT_8cyc_R006_none,EED_150ng_0.5x_longplex_Q5XT_8cyc,NEB Q5 XT 0.5x 150 ng,N.Q5XT 0.5x 150 ng,0.5x,1,679712,679.712,3617046069,4573,5321.4,3019.8,6199,29,39.7,43235,3.617046069,myloasm_v0.4,,330.22,not measured,55609315,26304,2494,1,1,1092388,80,9,36,290,6.350815176,94501,6.350815176,290,55609315,26304,2494,1,1,1092388,80,9,36,330.22,R006bc2010.A04,myloasm_v0.4,NaN,1458,not measured,382266193,37461,13189,8,1,2379808,925,86,339,missing,missing,missing,missing,missing,missing,missing,missing,missing,missing,missing,missing,,,,,,,,
R006bc2010.A04_100k,EED_150ng_0.5x_longplex_Q5XT_8cyc_R006_100k,Read based: complex-fecal,longplex comparison,WGS,METAGENOMIC,PCR,single,PACBIO_SMRT,Revio,Vega,fastq,R006bc2010.A04.unmapped.100k.fastq,R006bc2010.A04.unmapped.100k.fastq.gz,SRR39281768,PRJNA1480782,SAMN61040815,R006bc2010.A04_100k_f,100k,EED_150ng_0.5x_longplex_Q5XT_8cyc,gut metagenome,3/1/26,fecal material,fecal material,fecal material,USA:Waco,Homo sapians,31.5487 N 97.1130 W,EED fecal,R006,150,Q5XT,NEB Q5 XT,v2,8,longplex,FALSE,longplex_PCR,longplex_0.5x_NEB Q5 XT,eed_150ng_Q5XT_8cyc,bc2010,A,4,A04,NaN,Host-associated,Host-associated (non-saline),Animal (non-saline),Animal distal gut (non-saline),village biome,human-associated habitat,fecal material,human-gut,UBERON:feces,UBERON:feces,UBERON:feces,human,Homo sapiens,Hsap_mock,fecal mock,EED,9606,408170,mm testing,R006bc2010.A04,EED_150ng_0.5x_longplex_Q5XT_8cyc_R006_100k,EED_150ng_0.5x_longplex_Q5XT_8cyc,NEB Q5 XT 0.5x 150 ng,N.Q5XT 0.5x 150 ng,0.5x,,,,,,,,,,,,,,,,,,,,,,,,,,,,,,,,,,,,,,,,,,,,,,,,,,,,,,,missing,missing,missing,missing,missing,missing,missing,missing,missing,missing,missing,missing,,,,,,,,
R006bc2010.A06,EED_150ng_0.5x_longplex_Pstar_8cyc_R006_none,Read based: complex-fecal,longplex comparison,WGS,METAGENOMIC,PCR,single,PACBIO_SMRT,Revio,Vega,fastq,R006bc2010.A06.unmapped.fastq,R006bc2010.A06.unmapped.fastq.gz,SRR39281831,PRJNA1480782,SAMN61040758,R006bc2010.A06_f,none,EED_150ng_0.5x_longplex_Pstar_8cyc,gut metagenome,3/1/26,fecal material,fecal material,fecal material,USA:Waco,Homo sapians,31.5487 N 97.1130 W,EED fecal,R006,150,Pstar,Takara PrimeSTAR LongSeq,v2,8,longplex,FALSE,longplex_PCR,longplex_0.5x_Takara PrimeSTAR LongSeq,eed_150ng_Pstar_8cyc,bc2010,A,6,A06,NaN,Host-associated,Host-associated (non-saline),Animal (non-saline),Animal distal gut (non-saline),village biome,human-associated habitat,fecal material,human-gut,UBERON:feces,UBERON:feces,UBERON:feces,human,Homo sapiens,Hsap_mock,fecal mock,EED,9606,408170,mm testing,R006bc2010.A06,EED_150ng_0.5x_longplex_Pstar_8cyc_R006_none,EED_150ng_0.5x_longplex_Pstar_8cyc,Takara PrimeSTAR LongSeq 0.5x 150 ng,T.LongSeq 0.5x 150 ng,0.5x,1,219590,219.59,1155113859,4324,5260.3,3432.4,6258,29,39.8,47973,1.155113859,myloasm_v0.4,,337.33,not measured,55181020,28812,2369,2,0,1797948,63,15,28,299,6.340153987,94501,6.340153987,299,55181020,28812,2369,2,0,1797948,63,15,28,337.33,R006bc2010.A06,myloasm_v0.4,NaN,356,not measured,127415172,32620,4927,2,0,1653804,250,27,76,missing,missing,missing,missing,missing,missing,missing,missing,missing,missing,missing,missing,,,,,,,,
R006bc2010.A06_100k,EED_150ng_0.5x_longplex_Pstar_8cyc_R006_100k,Read based: complex-fecal,longplex comparison,WGS,METAGENOMIC,PCR,single,PACBIO_SMRT,Revio,Vega,fastq,R006bc2010.A06.unmapped.100k.fastq,R006bc2010.A06.unmapped.100k.fastq.gz,SRR39281767,PRJNA1480782,SAMN61040816,R006bc2010.A06_100k_f,100k,EED_150ng_0.5x_longplex_Pstar_8cyc,gut metagenome,3/1/26,fecal material,fecal material,fecal material,USA:Waco,Homo sapians,31.5487 N 97.1130 W,EED fecal,R006,150,Pstar,Takara PrimeSTAR LongSeq,v2,8,longplex,FALSE,longplex_PCR,longplex_0.5x_Takara PrimeSTAR LongSeq,eed_150ng_Pstar_8cyc,bc2010,A,6,A06,NaN,Host-associated,Host-associated (non-saline),Animal (non-saline),Animal distal gut (non-saline),village biome,human-associated habitat,fecal material,human-gut,UBERON:feces,UBERON:feces,UBERON:feces,human,Homo sapiens,Hsap_mock,fecal mock,EED,9606,408170,mm testing,R006bc2010.A06,EED_150ng_0.5x_longplex_Pstar_8cyc_R006_100k,EED_150ng_0.5x_longplex_Pstar_8cyc,Takara PrimeSTAR LongSeq 0.5x 150 ng,T.LongSeq 0.5x 150 ng,0.5x,,,,,,,,,,,,,,,,,,,,,,,,,,,,,,,,,,,,,,,,,,,,,,,,,,,,,,,missing,missing,missing,missing,missing,missing,missing,missing,missing,missing,missing,missing,,,,,,,,
R006bc2010.B02,EED_75ng_0.5x_longplex_decodifi_8cyc_R006_none,Read based: complex-fecal,longplex comparison,WGS,METAGENOMIC,PCR,single,PACBIO_SMRT,Revio,Vega,fastq,R006bc2010.B02.unmapped.fastq,R006bc2010.B02.unmapped.fastq.gz,SRR39281830,PRJNA1480782,SAMN61040759,R006bc2010.B02_f,none,EED_75ng_0.5x_longplex_decodifi_8cyc,gut metagenome,3/1/26,fecal material,fecal material,fecal material,USA:Waco,Homo sapians,31.5487 N 97.1130 W,EED fecal,R006,75,decodifi,Kura Decodifi,v2,8,longplex,FALSE,longplex_PCR,longplex_0.5x_Kura Decodifi,eed_75ng_decodifi_8cyc,bc2010,B,2,B02,NaN,Host-associated,Host-associated (non-saline),Animal (non-saline),Animal distal gut (non-saline),village biome,human-associated habitat,fecal material,human-gut,UBERON:feces,UBERON:feces,UBERON:feces,human,Homo sapiens,Hsap_mock,fecal mock,EED,9606,408170,mm testing,R006bc2010.B02,EED_75ng_0.5x_longplex_decodifi_8cyc_R006_none,EED_75ng_0.5x_longplex_decodifi_8cyc,Kura Decodifi 0.5x 75 ng,K.Decodifi 0.5x 075 ng,0.5x,1,606384,606.384,3018918837,4260,4978.6,2926.9,5835,29.2,39.9,39991,3.018918837,myloasm_v0.4,,309.21,not measured,51851820,24296,2519,0,0,681036,58,1,27,292,6.424753634,94501,6.424753634,292,51851820,24296,2519,0,0,681036,58,1,27,309.21,R006bc2010.B02,myloasm_v0.4,NaN,1130,not measured,308223299,35086,11647,5,0,1285249,724,60,259,missing,missing,missing,missing,missing,missing,missing,missing,missing,missing,missing,missing,,,,,,,,
R006bc2010.B02_100k,EED_75ng_0.5x_longplex_decodifi_8cyc_R006_100k,Read based: complex-fecal,longplex comparison,WGS,METAGENOMIC,PCR,single,PACBIO_SMRT,Revio,Vega,fastq,R006bc2010.B02.unmapped.100k.fastq,R006bc2010.B02.unmapped.100k.fastq.gz,SRR39281766,PRJNA1480782,SAMN61040817,R006bc2010.B02_100k_f,100k,EED_75ng_0.5x_longplex_decodifi_8cyc,gut metagenome,3/1/26,fecal material,fecal material,fecal material,USA:Waco,Homo sapians,31.5487 N 97.1130 W,EED fecal,R006,75,decodifi,Kura Decodifi,v2,8,longplex,FALSE,longplex_PCR,longplex_0.5x_Kura Decodifi,eed_75ng_decodifi_8cyc,bc2010,B,2,B02,NaN,Host-associated,Host-associated (non-saline),Animal (non-saline),Animal distal gut (non-saline),village biome,human-associated habitat,fecal material,human-gut,UBERON:feces,UBERON:feces,UBERON:feces,human,Homo sapiens,Hsap_mock,fecal mock,EED,9606,408170,mm testing,R006bc2010.B02,EED_75ng_0.5x_longplex_decodifi_8cyc_R006_100k,EED_75ng_0.5x_longplex_decodifi_8cyc,Kura Decodifi 0.5x 75 ng,K.Decodifi 0.5x 075 ng,0.5x,,,,,,,,,,,,,,,,,,,,,,,,,,,,,,,,,,,,,,,,,,,,,,,,,,,,,,,missing,missing,missing,missing,missing,missing,missing,missing,missing,missing,missing,missing,,,,,,,,
R006bc2010.B04,EED_75ng_0.5x_longplex_Q5XT_8cyc_R006_none,Read based: complex-fecal,longplex comparison,WGS,METAGENOMIC,PCR,single,PACBIO_SMRT,Revio,Vega,fastq,R006bc2010.B04.unmapped.fastq,R006bc2010.B04.unmapped.fastq.gz,SRR39281829,PRJNA1480782,SAMN61040760,R006bc2010.B04_f,none,EED_75ng_0.5x_longplex_Q5XT_8cyc,gut metagenome,3/1/26,fecal material,fecal material,fecal material,USA:Waco,Homo sapians,31.5487 N 97.1130 W,EED fecal,R006,75,Q5XT,NEB Q5 XT,v2,8,longplex,FALSE,longplex_PCR,longplex_0.5x_NEB Q5 XT,eed_75ng_Q5XT_8cyc,bc2010,B,4,B04,NaN,Host-associated,Host-associated (non-saline),Animal (non-saline),Animal distal gut (non-saline),village biome,human-associated habitat,fecal material,human-gut,UBERON:feces,UBERON:feces,UBERON:feces,human,Homo sapiens,Hsap_mock,fecal mock,EED,9606,408170,mm testing,R006bc2010.B04,EED_75ng_0.5x_longplex_Q5XT_8cyc_R006_none,EED_75ng_0.5x_longplex_Q5XT_8cyc,NEB Q5 XT 0.5x 75 ng,N.Q5XT 0.5x 075 ng,0.5x,1,645167,645.167,3294400280,4404,5106.3,2869.3,5913,29.1,39.8,30668,3.29440028,myloasm_v0.4,,323.71,not measured,53847906,24828,2533,0,0,936299,83,6,27,288,6.284344877,94501,6.284344877,288,53847906,24828,2533,0,0,936299,83,6,27,323.71,R006bc2010.B04,myloasm_v0.4,NaN,3840,not measured,347918914,35488,12700,10,0,1770855,833,77,304,missing,missing,missing,missing,missing,missing,missing,missing,missing,missing,missing,missing,,,,,,,,
R006bc2010.B04_100k,EED_75ng_0.5x_longplex_Q5XT_8cyc_R006_100k,Read based: complex-fecal,longplex comparison,WGS,METAGENOMIC,PCR,single,PACBIO_SMRT,Revio,Vega,fastq,R006bc2010.B04.unmapped.100k.fastq,R006bc2010.B04.unmapped.100k.fastq.gz,SRR39281765,PRJNA1480782,SAMN61040818,R006bc2010.B04_100k_f,100k,EED_75ng_0.5x_longplex_Q5XT_8cyc,gut metagenome,3/1/26,fecal material,fecal material,fecal material,USA:Waco,Homo sapians,31.5487 N 97.1130 W,EED fecal,R006,75,Q5XT,NEB Q5 XT,v2,8,longplex,FALSE,longplex_PCR,longplex_0.5x_NEB Q5 XT,eed_75ng_Q5XT_8cyc,bc2010,B,4,B04,NaN,Host-associated,Host-associated (non-saline),Animal (non-saline),Animal distal gut (non-saline),village biome,human-associated habitat,fecal material,human-gut,UBERON:feces,UBERON:feces,UBERON:feces,human,Homo sapiens,Hsap_mock,fecal mock,EED,9606,408170,mm testing,R006bc2010.B04,EED_75ng_0.5x_longplex_Q5XT_8cyc_R006_100k,EED_75ng_0.5x_longplex_Q5XT_8cyc,NEB Q5 XT 0.5x 75 ng,N.Q5XT 0.5x 075 ng,0.5x,,,,,,,,,,,,,,,,,,,,,,,,,,,,,,,,,,,,,,,,,,,,,,,,,,,,,,,missing,missing,missing,missing,missing,missing,missing,missing,missing,missing,missing,missing,,,,,,,,
R006bc2010.B06,EED_75ng_0.5x_longplex_Pstar_8cyc_R006_none,Read based: complex-fecal,longplex comparison,WGS,METAGENOMIC,PCR,single,PACBIO_SMRT,Revio,Vega,fastq,R006bc2010.B06.unmapped.fastq,R006bc2010.B06.unmapped.fastq.gz,SRR39281827,PRJNA1480782,SAMN61040761,R006bc2010.B06_f,none,EED_75ng_0.5x_longplex_Pstar_8cyc,gut metagenome,3/1/26,fecal material,fecal material,fecal material,USA:Waco,Homo sapians,31.5487 N 97.1130 W,EED fecal,R006,75,Pstar,Takara PrimeSTAR LongSeq,v2,8,longplex,FALSE,longplex_PCR,longplex_0.5x_Takara PrimeSTAR LongSeq,eed_75ng_Pstar_8cyc,bc2010,B,6,B06,NaN,Host-associated,Host-associated (non-saline),Animal (non-saline),Animal distal gut (non-saline),village biome,human-associated habitat,fecal material,human-gut,UBERON:feces,UBERON:feces,UBERON:feces,human,Homo sapiens,Hsap_mock,fecal mock,EED,9606,408170,mm testing,R006bc2010.B06,EED_75ng_0.5x_longplex_Pstar_8cyc_R006_none,EED_75ng_0.5x_longplex_Pstar_8cyc,Takara PrimeSTAR LongSeq 0.5x 75 ng,T.LongSeq 0.5x 075 ng,0.5x,1,340295,340.295,1836944493,4551,5398.1,3335.1,6417,29,39.8,46184,1.836944493,myloasm_v0.4,,306.42,not measured,57023788,28979,2404,3,0,1706789,88,5,31,307,6.397483917,94501,6.397483917,307,57023788,28979,2404,3,0,1706789,88,5,31,306.42,R006bc2010.B06,myloasm_v0.4,NaN,1592,not measured,201583126,35098,7278,6,1,1802758,441,33,147,missing,missing,missing,missing,missing,missing,missing,missing,missing,missing,missing,missing,,,,,,,,
R006bc2010.B06_100k,EED_75ng_0.5x_longplex_Pstar_8cyc_R006_100k,Read based: complex-fecal,longplex comparison,WGS,METAGENOMIC,PCR,single,PACBIO_SMRT,Revio,Vega,fastq,R006bc2010.B06.unmapped.100k.fastq,R006bc2010.B06.unmapped.100k.fastq.gz,SRR39281764,PRJNA1480782,SAMN61040819,R006bc2010.B06_100k_f,100k,EED_75ng_0.5x_longplex_Pstar_8cyc,gut metagenome,3/1/26,fecal material,fecal material,fecal material,USA:Waco,Homo sapians,31.5487 N 97.1130 W,EED fecal,R006,75,Pstar,Takara PrimeSTAR LongSeq,v2,8,longplex,FALSE,longplex_PCR,longplex_0.5x_Takara PrimeSTAR LongSeq,eed_75ng_Pstar_8cyc,bc2010,B,6,B06,NaN,Host-associated,Host-associated (non-saline),Animal (non-saline),Animal distal gut (non-saline),village biome,human-associated habitat,fecal material,human-gut,UBERON:feces,UBERON:feces,UBERON:feces,human,Homo sapiens,Hsap_mock,fecal mock,EED,9606,408170,mm testing,R006bc2010.B06,EED_75ng_0.5x_longplex_Pstar_8cyc_R006_100k,EED_75ng_0.5x_longplex_Pstar_8cyc,Takara PrimeSTAR LongSeq 0.5x 75 ng,T.LongSeq 0.5x 075 ng,0.5x,,,,,,,,,,,,,,,,,,,,,,,,,,,,,,,,,,,,,,,,,,,,,,,,,,,,,,,missing,missing,missing,missing,missing,missing,missing,missing,missing,missing,missing,missing,,,,,,,,
R006bc2010.C02,EED_30ng_0.25x_longplex_decodifi_8cyc_R006_none,Read based: complex-fecal,longplex comparison,WGS,METAGENOMIC,PCR,single,PACBIO_SMRT,Revio,Vega,fastq,R006bc2010.C02.unmapped.fastq,R006bc2010.C02.unmapped.fastq.gz,SRR39281826,PRJNA1480782,SAMN61040762,R006bc2010.C02_f,none,EED_30ng_0.25x_longplex_decodifi_8cyc,gut metagenome,3/1/26,fecal material,fecal material,fecal material,USA:Waco,Homo sapians,31.5487 N 97.1130 W,EED fecal,R006,30,decodifi,Kura Decodifi,v2,8,longplex,FALSE,longplex_PCR,longplex_0.25x_Kura Decodifi,eed_30ng_decodifi_8cyc,bc2010,C,2,C02,NaN,Host-associated,Host-associated (non-saline),Animal (non-saline),Animal distal gut (non-saline),village biome,human-associated habitat,fecal material,human-gut,UBERON:feces,UBERON:feces,UBERON:feces,human,Homo sapiens,Hsap_mock,fecal mock,EED,9606,408170,mm testing,R006bc2010.C02,EED_30ng_0.25x_longplex_decodifi_8cyc_R006_none,EED_30ng_0.25x_longplex_decodifi_8cyc,Kura Decodifi 0.25x 30 ng,K.Decodifi 0.25x 30 ng,0.25x,1,192940,192.94,935604302,4227,4849.2,2687.6,5649,29.3,39.9,32766,0.935604302,myloasm_v0.4,,266,not measured,49837073,22609,2503,1,0,1224342,63,1,28,292,6.456095453,94501,6.456095453,292,49837073,22609,2503,1,0,1224342,63,1,28,266,R006bc2010.C02,myloasm_v0.4,NaN,633,not measured,101051909,25425,4724,2,0,1654776,186,3,49,missing,missing,missing,missing,missing,missing,missing,missing,missing,missing,missing,missing,,,,,,,,
R006bc2010.C02_100k,EED_30ng_0.25x_longplex_decodifi_8cyc_R006_100k,Read based: complex-fecal,longplex comparison,WGS,METAGENOMIC,PCR,single,PACBIO_SMRT,Revio,Vega,fastq,R006bc2010.C02.unmapped.100k.fastq,R006bc2010.C02.unmapped.100k.fastq.gz,SRR39281763,PRJNA1480782,SAMN61040820,R006bc2010.C02_100k_f,100k,EED_30ng_0.25x_longplex_decodifi_8cyc,gut metagenome,3/1/26,fecal material,fecal material,fecal material,USA:Waco,Homo sapians,31.5487 N 97.1130 W,EED fecal,R006,30,decodifi,Kura Decodifi,v2,8,longplex,FALSE,longplex_PCR,longplex_0.25x_Kura Decodifi,eed_30ng_decodifi_8cyc,bc2010,C,2,C02,NaN,Host-associated,Host-associated (non-saline),Animal (non-saline),Animal distal gut (non-saline),village biome,human-associated habitat,fecal material,human-gut,UBERON:feces,UBERON:feces,UBERON:feces,human,Homo sapiens,Hsap_mock,fecal mock,EED,9606,408170,mm testing,R006bc2010.C02,EED_30ng_0.25x_longplex_decodifi_8cyc_R006_100k,EED_30ng_0.25x_longplex_decodifi_8cyc,Kura Decodifi 0.25x 30 ng,K.Decodifi 0.25x 30 ng,0.25x,,,,,,,,,,,,,,,,,,,,,,,,,,,,,,,,,,,,,,,,,,,,,,,,,,,,,,,missing,missing,missing,missing,missing,missing,missing,missing,missing,missing,missing,missing,,,,,,,,
R006bc2010.C04,EED_30ng_0.25x_longplex_Q5XT_8cyc_R006_none,Read based: complex-fecal,longplex comparison,WGS,METAGENOMIC,PCR,single,PACBIO_SMRT,Revio,Vega,fastq,R006bc2010.C04.unmapped.fastq,R006bc2010.C04.unmapped.fastq.gz,SRR39281825,PRJNA1480782,SAMN61040763,R006bc2010.C04_f,none,EED_30ng_0.25x_longplex_Q5XT_8cyc,gut metagenome,3/1/26,fecal material,fecal material,fecal material,USA:Waco,Homo sapians,31.5487 N 97.1130 W,EED fecal,R006,30,Q5XT,NEB Q5 XT,v2,8,longplex,FALSE,longplex_PCR,longplex_0.25x_NEB Q5 XT,eed_30ng_Q5XT_8cyc,bc2010,C,4,C04,NaN,Host-associated,Host-associated (non-saline),Animal (non-saline),Animal distal gut (non-saline),village biome,human-associated habitat,fecal material,human-gut,UBERON:feces,UBERON:feces,UBERON:feces,human,Homo sapiens,Hsap_mock,fecal mock,EED,9606,408170,mm testing,R006bc2010.C04,EED_30ng_0.25x_longplex_Q5XT_8cyc_R006_none,EED_30ng_0.25x_longplex_Q5XT_8cyc,NEB Q5 XT 0.25x 30 ng,N.Q5XT 0.25x 30 ng,0.25x,1,566152,566.152,2633053767,4080,4650.8,2471.5,5300,29.4,39.9,29500,2.633053767,myloasm_v0.4,,250.8,not measured,47312945,21147,2515,0,0,880611,57,0,26,270,6.309716618,94501,6.309716618,270,47312945,21147,2515,0,0,880611,57,0,26,250.8,R006bc2010.C04,myloasm_v0.4,NaN,2767,not measured,277083621,30197,11668,7,0,2601469,671,37,203,missing,missing,missing,missing,missing,missing,missing,missing,missing,missing,missing,missing,,,,,,,,
R006bc2010.C04_100k,EED_30ng_0.25x_longplex_Q5XT_8cyc_R006_100k,Read based: complex-fecal,longplex comparison,WGS,METAGENOMIC,PCR,single,PACBIO_SMRT,Revio,Vega,fastq,R006bc2010.C04.unmapped.100k.fastq,R006bc2010.C04.unmapped.100k.fastq.gz,SRR39281875,PRJNA1480782,SAMN61040821,R006bc2010.C04_100k_f,100k,EED_30ng_0.25x_longplex_Q5XT_8cyc,gut metagenome,3/1/26,fecal material,fecal material,fecal material,USA:Waco,Homo sapians,31.5487 N 97.1130 W,EED fecal,R006,30,Q5XT,NEB Q5 XT,v2,8,longplex,FALSE,longplex_PCR,longplex_0.25x_NEB Q5 XT,eed_30ng_Q5XT_8cyc,bc2010,C,4,C04,NaN,Host-associated,Host-associated (non-saline),Animal (non-saline),Animal distal gut (non-saline),village biome,human-associated habitat,fecal material,human-gut,UBERON:feces,UBERON:feces,UBERON:feces,human,Homo sapiens,Hsap_mock,fecal mock,EED,9606,408170,mm testing,R006bc2010.C04,EED_30ng_0.25x_longplex_Q5XT_8cyc_R006_100k,EED_30ng_0.25x_longplex_Q5XT_8cyc,NEB Q5 XT 0.25x 30 ng,N.Q5XT 0.25x 30 ng,0.25x,,,,,,,,,,,,,,,,,,,,,,,,,,,,,,,,,,,,,,,,,,,,,,,,,,,,,,,missing,missing,missing,missing,missing,missing,missing,missing,missing,missing,missing,missing,,,,,,,,
R006bc2010.C06,EED_30ng_0.25x_longplex_Pstar_8cyc_R006_none,Read based: complex-fecal,longplex comparison,WGS,METAGENOMIC,PCR,single,PACBIO_SMRT,Revio,Vega,fastq,R006bc2010.C06.unmapped.fastq,R006bc2010.C06.unmapped.fastq.gz,SRR39281824,PRJNA1480782,SAMN61040764,R006bc2010.C06_f,none,EED_30ng_0.25x_longplex_Pstar_8cyc,gut metagenome,3/1/26,fecal material,fecal material,fecal material,USA:Waco,Homo sapians,31.5487 N 97.1130 W,EED fecal,R006,30,Pstar,Takara PrimeSTAR LongSeq,v2,8,longplex,FALSE,longplex_PCR,longplex_0.25x_Takara PrimeSTAR LongSeq,eed_30ng_Pstar_8cyc,bc2010,C,6,C06,NaN,Host-associated,Host-associated (non-saline),Animal (non-saline),Animal distal gut (non-saline),village biome,human-associated habitat,fecal material,human-gut,UBERON:feces,UBERON:feces,UBERON:feces,human,Homo sapiens,Hsap_mock,fecal mock,EED,9606,408170,mm testing,R006bc2010.C06,EED_30ng_0.25x_longplex_Pstar_8cyc_R006_none,EED_30ng_0.25x_longplex_Pstar_8cyc,Takara PrimeSTAR LongSeq 0.25x 30 ng,T.LongSeq 0.25x 30 ng,0.25x,1,509292,509.292,2368320287,4043,4650.2,2587.5,5390,29.4,39.9,33230,2.368320287,myloasm_v0.4,,256.56,not measured,47823383,21571,2518,0,0,802207,62,2,28,283,6.352025867,94501,6.352025867,283,47823383,21571,2518,0,0,802207,62,2,28,256.56,R006bc2010.C06,myloasm_v0.4,NaN,864,not measured,256248688,30122,10687,7,0,2156289,573,29,198,missing,missing,missing,missing,missing,missing,missing,missing,missing,missing,missing,missing,,,,,,,,
R006bc2010.C06_100k,EED_30ng_0.25x_longplex_Pstar_8cyc_R006_100k,Read based: complex-fecal,longplex comparison,WGS,METAGENOMIC,PCR,single,PACBIO_SMRT,Revio,Vega,fastq,R006bc2010.C06.unmapped.100k.fastq,R006bc2010.C06.unmapped.100k.fastq.gz,SRR39281874,PRJNA1480782,SAMN61040822,R006bc2010.C06_100k_f,100k,EED_30ng_0.25x_longplex_Pstar_8cyc,gut metagenome,3/1/26,fecal material,fecal material,fecal material,USA:Waco,Homo sapians,31.5487 N 97.1130 W,EED fecal,R006,30,Pstar,Takara PrimeSTAR LongSeq,v2,8,longplex,FALSE,longplex_PCR,longplex_0.25x_Takara PrimeSTAR LongSeq,eed_30ng_Pstar_8cyc,bc2010,C,6,C06,NaN,Host-associated,Host-associated (non-saline),Animal (non-saline),Animal distal gut (non-saline),village biome,human-associated habitat,fecal material,human-gut,UBERON:feces,UBERON:feces,UBERON:feces,human,Homo sapiens,Hsap_mock,fecal mock,EED,9606,408170,mm testing,R006bc2010.C06,EED_30ng_0.25x_longplex_Pstar_8cyc_R006_100k,EED_30ng_0.25x_longplex_Pstar_8cyc,Takara PrimeSTAR LongSeq 0.25x 30 ng,T.LongSeq 0.25x 30 ng,0.25x,,,,,,,,,,,,,,,,,,,,,,,,,,,,,,,,,,,,,,,,,,,,,,,,,,,,,,,missing,missing,missing,missing,missing,missing,missing,missing,missing,missing,missing,missing,,,,,,,,
R006bc2010.D02,EED_15ng_0.25x_longplex_decodifi_8cyc_R006_none,Read based: complex-fecal,longplex comparison,WGS,METAGENOMIC,PCR,single,PACBIO_SMRT,Revio,Vega,fastq,R006bc2010.D02.unmapped.fastq,R006bc2010.D02.unmapped.fastq.gz,SRR39281823,PRJNA1480782,SAMN61040765,R006bc2010.D02_f,none,EED_15ng_0.25x_longplex_decodifi_8cyc,gut metagenome,3/1/26,fecal material,fecal material,fecal material,USA:Waco,Homo sapians,31.5487 N 97.1130 W,EED fecal,R006,15,decodifi,Kura Decodifi,v2,8,longplex,FALSE,longplex_PCR,longplex_0.25x_Kura Decodifi,eed_15ng_decodifi_8cyc,bc2010,D,2,D02,NaN,Host-associated,Host-associated (non-saline),Animal (non-saline),Animal distal gut (non-saline),village biome,human-associated habitat,fecal material,human-gut,UBERON:feces,UBERON:feces,UBERON:feces,human,Homo sapiens,Hsap_mock,fecal mock,EED,9606,408170,mm testing,R006bc2010.D02,EED_15ng_0.25x_longplex_decodifi_8cyc_R006_none,EED_15ng_0.25x_longplex_decodifi_8cyc,Kura Decodifi 0.25x 15 ng,K.Decodifi 0.25x 15 ng,0.25x,1,166222,166.222,622483277,3345,3744.9,1903.9,4219,29.9,40,21796,0.622483277,myloasm_v0.4,,196.35,not measured,35631254,15831,2429,1,0,1150414,37,1,21,254,6.34548798,94501,6.34548798,254,35631254,15831,2429,1,0,1150414,37,1,21,196.35,R006bc2010.D02,myloasm_v0.4,NaN,194,not measured,61764955,16621,4120,0,0,715102,98,2,34,missing,missing,missing,missing,missing,missing,missing,missing,missing,missing,missing,missing,,,,,,,,
R006bc2010.D02_100k,EED_15ng_0.25x_longplex_decodifi_8cyc_R006_100k,Read based: complex-fecal,longplex comparison,WGS,METAGENOMIC,PCR,single,PACBIO_SMRT,Revio,Vega,fastq,R006bc2010.D02.unmapped.100k.fastq,R006bc2010.D02.unmapped.100k.fastq.gz,SRR39281873,PRJNA1480782,SAMN61040823,R006bc2010.D02_100k_f,100k,EED_15ng_0.25x_longplex_decodifi_8cyc,gut metagenome,3/1/26,fecal material,fecal material,fecal material,USA:Waco,Homo sapians,31.5487 N 97.1130 W,EED fecal,R006,15,decodifi,Kura Decodifi,v2,8,longplex,FALSE,longplex_PCR,longplex_0.25x_Kura Decodifi,eed_15ng_decodifi_8cyc,bc2010,D,2,D02,NaN,Host-associated,Host-associated (non-saline),Animal (non-saline),Animal distal gut (non-saline),village biome,human-associated habitat,fecal material,human-gut,UBERON:feces,UBERON:feces,UBERON:feces,human,Homo sapiens,Hsap_mock,fecal mock,EED,9606,408170,mm testing,R006bc2010.D02,EED_15ng_0.25x_longplex_decodifi_8cyc_R006_100k,EED_15ng_0.25x_longplex_decodifi_8cyc,Kura Decodifi 0.25x 15 ng,K.Decodifi 0.25x 15 ng,0.25x,,,,,,,,,,,,,,,,,,,,,,,,,,,,,,,,,,,,,,,,,,,,,,,,,,,,,,,missing,missing,missing,missing,missing,missing,missing,missing,missing,missing,missing,missing,,,,,,,,
R006bc2010.D04,EED_15ng_0.25x_longplex_Q5XT_8cyc_R006_none,Read based: complex-fecal,longplex comparison,WGS,METAGENOMIC,PCR,single,PACBIO_SMRT,Revio,Vega,fastq,R006bc2010.D04.unmapped.fastq,R006bc2010.D04.unmapped.fastq.gz,SRR39281822,PRJNA1480782,SAMN61040766,R006bc2010.D04_f,none,EED_15ng_0.25x_longplex_Q5XT_8cyc,gut metagenome,3/1/26,fecal material,fecal material,fecal material,USA:Waco,Homo sapians,31.5487 N 97.1130 W,EED fecal,R006,15,Q5XT,NEB Q5 XT,v2,8,longplex,FALSE,longplex_PCR,longplex_0.25x_NEB Q5 XT,eed_15ng_Q5XT_8cyc,bc2010,D,4,D04,NaN,Host-associated,Host-associated (non-saline),Animal (non-saline),Animal distal gut (non-saline),village biome,human-associated habitat,fecal material,human-gut,UBERON:feces,UBERON:feces,UBERON:feces,human,Homo sapiens,Hsap_mock,fecal mock,EED,9606,408170,mm testing,R006bc2010.D04,EED_15ng_0.25x_longplex_Q5XT_8cyc_R006_none,EED_15ng_0.25x_longplex_Q5XT_8cyc,NEB Q5 XT 0.25x 15 ng,N.Q5XT 0.25x 15 ng,0.25x,1,379604,379.604,1284095466,3070,3382.7,1589.9,3737,30.1,40,26512,1.284095466,myloasm_v0.4,,169.53,not measured,30047933,13893,2346,1,0,1077432,33,1,18,236,6.223556029,94501,6.223556029,236,30047933,13893,2346,1,0,1077432,33,1,18,169.53,R006bc2010.D04,myloasm_v0.4,NaN,444,not measured,128203308,16975,8822,2,0,1272202,319,9,62,missing,missing,missing,missing,missing,missing,missing,missing,missing,missing,missing,missing,,,,,,,,
R006bc2010.D04_100k,EED_15ng_0.25x_longplex_Q5XT_8cyc_R006_100k,Read based: complex-fecal,longplex comparison,WGS,METAGENOMIC,PCR,single,PACBIO_SMRT,Revio,Vega,fastq,R006bc2010.D04.unmapped.100k.fastq,R006bc2010.D04.unmapped.100k.fastq.gz,SRR39281872,PRJNA1480782,SAMN61040824,R006bc2010.D04_100k_f,100k,EED_15ng_0.25x_longplex_Q5XT_8cyc,gut metagenome,3/1/26,fecal material,fecal material,fecal material,USA:Waco,Homo sapians,31.5487 N 97.1130 W,EED fecal,R006,15,Q5XT,NEB Q5 XT,v2,8,longplex,FALSE,longplex_PCR,longplex_0.25x_NEB Q5 XT,eed_15ng_Q5XT_8cyc,bc2010,D,4,D04,NaN,Host-associated,Host-associated (non-saline),Animal (non-saline),Animal distal gut (non-saline),village biome,human-associated habitat,fecal material,human-gut,UBERON:feces,UBERON:feces,UBERON:feces,human,Homo sapiens,Hsap_mock,fecal mock,EED,9606,408170,mm testing,R006bc2010.D04,EED_15ng_0.25x_longplex_Q5XT_8cyc_R006_100k,EED_15ng_0.25x_longplex_Q5XT_8cyc,NEB Q5 XT 0.25x 15 ng,N.Q5XT 0.25x 15 ng,0.25x,,,,,,,,,,,,,,,,,,,,,,,,,,,,,,,,,,,,,,,,,,,,,,,,,,,,,,,missing,missing,missing,missing,missing,missing,missing,missing,missing,missing,missing,missing,,,,,,,,
R006bc2010.D06,EED_15ng_0.25x_longplex_Pstar_8cyc_R006_none,Read based: complex-fecal,longplex comparison,WGS,METAGENOMIC,PCR,single,PACBIO_SMRT,Revio,Vega,fastq,R006bc2010.D06.unmapped.fastq,R006bc2010.D06.unmapped.fastq.gz,SRR39281821,PRJNA1480782,SAMN61040767,R006bc2010.D06_f,none,EED_15ng_0.25x_longplex_Pstar_8cyc,gut metagenome,3/1/26,fecal material,fecal material,fecal material,USA:Waco,Homo sapians,31.5487 N 97.1130 W,EED fecal,R006,15,Pstar,Takara PrimeSTAR LongSeq,v2,8,longplex,FALSE,longplex_PCR,longplex_0.25x_Takara PrimeSTAR LongSeq,eed_15ng_Pstar_8cyc,bc2010,D,6,D06,NaN,Host-associated,Host-associated (non-saline),Animal (non-saline),Animal distal gut (non-saline),village biome,human-associated habitat,fecal material,human-gut,UBERON:feces,UBERON:feces,UBERON:feces,human,Homo sapiens,Hsap_mock,fecal mock,EED,9606,408170,mm testing,R006bc2010.D06,EED_15ng_0.25x_longplex_Pstar_8cyc_R006_none,EED_15ng_0.25x_longplex_Pstar_8cyc,Takara PrimeSTAR LongSeq 0.25x 15 ng,T.LongSeq 0.25x 15 ng,0.25x,1,105610,105.61,362086832,3041,3428.5,1761.4,3842,30.1,40,23804,0.362086832,myloasm_v0.4,,171.48,not measured,31368180,14623,2361,0,0,573496,36,2,15,229,6.218183868,94501,6.218183868,229,31368180,14623,2361,0,0,573496,36,2,15,171.48,R006bc2010.D06,myloasm_v0.4,NaN,107,not measured,33023286,14733,2460,0,0,862675,37,2,16,missing,missing,missing,missing,missing,missing,missing,missing,missing,missing,missing,missing,,,,,,,,
R006bc2010.D06_100k,EED_15ng_0.25x_longplex_Pstar_8cyc_R006_100k,Read based: complex-fecal,longplex comparison,WGS,METAGENOMIC,PCR,single,PACBIO_SMRT,Revio,Vega,fastq,R006bc2010.D06.unmapped.100k.fastq,R006bc2010.D06.unmapped.100k.fastq.gz,SRR39281871,PRJNA1480782,SAMN61040825,R006bc2010.D06_100k_f,100k,EED_15ng_0.25x_longplex_Pstar_8cyc,gut metagenome,3/1/26,fecal material,fecal material,fecal material,USA:Waco,Homo sapians,31.5487 N 97.1130 W,EED fecal,R006,15,Pstar,Takara PrimeSTAR LongSeq,v2,8,longplex,FALSE,longplex_PCR,longplex_0.25x_Takara PrimeSTAR LongSeq,eed_15ng_Pstar_8cyc,bc2010,D,6,D06,NaN,Host-associated,Host-associated (non-saline),Animal (non-saline),Animal distal gut (non-saline),village biome,human-associated habitat,fecal material,human-gut,UBERON:feces,UBERON:feces,UBERON:feces,human,Homo sapiens,Hsap_mock,fecal mock,EED,9606,408170,mm testing,R006bc2010.D06,EED_15ng_0.25x_longplex_Pstar_8cyc_R006_100k,EED_15ng_0.25x_longplex_Pstar_8cyc,Takara PrimeSTAR LongSeq 0.25x 15 ng,T.LongSeq 0.25x 15 ng,0.25x,,,,,,,,,,,,,,,,,,,,,,,,,,,,,,,,,,,,,,,,,,,,,,,,,,,,,,,missing,missing,missing,missing,missing,missing,missing,missing,missing,missing,missing,missing,,,,,,,,
D5_1xLP_taklongseq_BU,D5_LRMG_fecal_1xLP,validation fecal,LP takara Longseq validation: fecal,WGS,METAGENOMIC,PCR,single,PACBIO_SMRT,Revio,Vega,fastq,D5_R2324_bc2034.G01_unmapped.fastq.gz,,SRR40539743,PRJNA1480782,SAMN62966397,,none,,gut metagenome,7/19/16,not applicable,not applicable,not applicable,Malawi,Homo sapians,-13.5000 S 34.1000 E,"Minich 2025, Cell (fecal 47)",multiple,500,Pstar,Takara PrimeSTAR LongSeq,Not applicable,8,longplex,FALSE,longplex_PCR,longplex_1x_Takara PrimeSTAR LongSeq,not applicable,nan,,,NaN,FB00258078,Host-associated,Host-associated (non-saline),Animal (non-saline),Animal distal gut (non-saline),village biome,human-associated habitat,fecal material,human-gut,UBERON:feces,UBERON:feces,UBERON:feces,human,Homo sapiens,603,human fecal,,Not applicable,Not applicable,Not applicable,Not applicable,Not applicable,Not applicable,Not applicable,Not applicable,0.5x,,missing,missing,missing,missing,missing,missing,missing,missing,missing,missing,missing,missing,missing,missing,missing,missing,missing,missing,missing,missing,missing,missing,missing,missing,missing,missing,missing,missing,missing,missing,missing,missing,missing,missing,missing,missing,missing,missing,missing,missing,missing,missing,missing,missing,missing,missing,missing,missing,missing,missing,missing,missing,missing,missing,missing,missing,missing,missing,missing,missing,missing,missing,missing,missing,missing,,,,,,,,
D5_gtube_vega_BU,D5_LRMG_fecal_gtube,validation fecal,LP takara Longseq validation: fecal,WGS,METAGENOMIC,PCR,single,PACBIO_SMRT,Revio,Vega,fastq,D5_gtube_m21120.hifi_reads.bc2030_unmapped.fastq.gz,,SRR40539744,PRJNA1480782,SAMN62966396,,none,,gut metagenome,7/19/16,not applicable,not applicable,not applicable,Malawi,Homo sapians,-13.5000 S 34.1000 E,"Minich 2025, Cell (fecal 47)",multiple,300,Pstar,Takara PrimeSTAR LongSeq,Not applicable,8,longplex,FALSE,longplex_PCR,longplex_1x_Takara PrimeSTAR LongSeq,not applicable,nan,,,NaN,FB00258078,Host-associated,Host-associated (non-saline),Animal (non-saline),Animal distal gut (non-saline),village biome,human-associated habitat,fecal material,human-gut,UBERON:feces,UBERON:feces,UBERON:feces,human,Homo sapiens,603,human fecal,,Not applicable,Not applicable,Not applicable,Not applicable,Not applicable,Not applicable,Not applicable,Not applicable,0.5x,,missing,missing,missing,missing,missing,missing,missing,missing,missing,missing,missing,missing,missing,missing,missing,missing,missing,missing,missing,missing,missing,missing,missing,missing,missing,missing,missing,missing,missing,missing,missing,missing,missing,missing,missing,missing,missing,missing,missing,missing,missing,missing,missing,missing,missing,missing,missing,missing,missing,missing,missing,missing,missing,missing,missing,missing,missing,missing,missing,missing,missing,missing,missing,missing,missing,,,,,,,,
H6_1xLP_taklongseq_BU,H6_LRMG_fecal_1xLP,validation fecal,LP takara Longseq validation: fecal,WGS,METAGENOMIC,PCR,single,PACBIO_SMRT,Revio,Vega,fastq,H6_R2324_bc2034.H01_unmapped.fastq.gz,,SRR40539741,PRJNA1480782,SAMN62966399,,none,,gut metagenome,8/9/16,not applicable,not applicable,not applicable,Malawi,Homo sapians,-13.5000 S 34.1000 E,"Minich 2025, Cell (fecal 47)",multiple,500,Pstar,Takara PrimeSTAR LongSeq,Not applicable,8,longplex,FALSE,longplex_PCR,longplex_1x_Takara PrimeSTAR LongSeq,not applicable,nan,,,NaN,FB00258005,Host-associated,Host-associated (non-saline),Animal (non-saline),Animal distal gut (non-saline),village biome,human-associated habitat,fecal material,human-gut,UBERON:feces,UBERON:feces,UBERON:feces,human,Homo sapiens,798,human fecal,,Not applicable,Not applicable,Not applicable,Not applicable,Not applicable,Not applicable,Not applicable,Not applicable,0.5x,,missing,missing,missing,missing,missing,missing,missing,missing,missing,missing,missing,missing,missing,missing,missing,missing,missing,missing,missing,missing,missing,missing,missing,missing,missing,missing,missing,missing,missing,missing,missing,missing,missing,missing,missing,missing,missing,missing,missing,missing,missing,missing,missing,missing,missing,missing,missing,missing,missing,missing,missing,missing,missing,missing,missing,missing,missing,missing,missing,missing,missing,missing,missing,missing,missing,,,,,,,,
H6_gtube_vega_BU,H6_LRMG_fecal_gtube,validation fecal,LP takara Longseq validation: fecal,WGS,METAGENOMIC,PCR,single,PACBIO_SMRT,Revio,Vega,fastq,H6_gtube_m21120_260618_062832.hifi_reads.bc2031_unmapped.fastq.gz,,SRR40539742,PRJNA1480782,SAMN62966398,,none,,gut metagenome,8/9/16,not applicable,not applicable,not applicable,Malawi,Homo sapians,-13.5000 S 34.1000 E,"Minich 2025, Cell (fecal 47)",multiple,300,Pstar,Takara PrimeSTAR LongSeq,Not applicable,8,longplex,FALSE,longplex_PCR,longplex_1x_Takara PrimeSTAR LongSeq,not applicable,nan,,,NaN,FB00258005,Host-associated,Host-associated (non-saline),Animal (non-saline),Animal distal gut (non-saline),village biome,human-associated habitat,fecal material,human-gut,UBERON:feces,UBERON:feces,UBERON:feces,human,Homo sapiens,798,human fecal,,Not applicable,Not applicable,Not applicable,Not applicable,Not applicable,Not applicable,Not applicable,Not applicable,0.5x,,missing,missing,missing,missing,missing,missing,missing,missing,missing,missing,missing,missing,missing,missing,missing,missing,missing,missing,missing,missing,missing,missing,missing,missing,missing,missing,missing,missing,missing,missing,missing,missing,missing,missing,missing,missing,missing,missing,missing,missing,missing,missing,missing,missing,missing,missing,missing,missing,missing,missing,missing,missing,missing,missing,missing,missing,missing,missing,missing,missing,missing,missing,missing,missing,missing,,,,,,,,