Sample	MAG	MAG_ID	Kit	species	Contig	Start	End	Window_Length	GC_Percent	Mean_Depth	MAG_Median_Depth	Normalized_Depth
R004bc2008.D10	complete.3	R004bc2008.D10_complete.3	Kura Decodifi 1x 150 ng	Enterococcus_B lactis	u88600ctg_len-2588966_circular-yes_depth-23-23-23_duplicated-no	0	25000	25000	42.940000	32.500000	32.050000	1.014041
R004bc2008.D10	complete.3	R004bc2008.D10_complete.3	Kura Decodifi 1x 150 ng	Enterococcus_B lactis	u88600ctg_len-2588966_circular-yes_depth-23-23-23_duplicated-no	25000	50000	25000	40.200000	31.490000	32.050000	0.982527
R004bc2008.D10	complete.3	R004bc2008.D10_complete.3	Kura Decodifi 1x 150 ng	Enterococcus_B lactis	u88600ctg_len-2588966_circular-yes_depth-23-23-23_duplicated-no	50000	75000	25000	39.364000	32.120000	32.050000	1.002184
R004bc2008.D10	complete.3	R004bc2008.D10_complete.3	Kura Decodifi 1x 150 ng	Enterococcus_B lactis	u88600ctg_len-2588966_circular-yes_depth-23-23-23_duplicated-no	75000	100000	25000	39.948000	34.410000	32.050000	1.073635
R004bc2008.D10	complete.3	R004bc2008.D10_complete.3	Kura Decodifi 1x 150 ng	Enterococcus_B lactis	u88600ctg_len-2588966_circular-yes_depth-23-23-23_duplicated-no	100000	125000	25000	37.556000	37.500000	32.050000	1.170047
R004bc2008.D10	complete.3	R004bc2008.D10_complete.3	Kura Decodifi 1x 150 ng	Enterococcus_B lactis	u88600ctg_len-2588966_circular-yes_depth-23-23-23_duplicated-no	125000	150000	25000	36.708000	35.270000	32.050000	1.100468
R004bc2008.D10	complete.3	R004bc2008.D10_complete.3	Kura Decodifi 1x 150 ng	Enterococcus_B lactis	u88600ctg_len-2588966_circular-yes_depth-23-23-23_duplicated-no	150000	175000	25000	39.608000	31.000000	32.050000	0.967239
R004bc2008.D10	complete.3	R004bc2008.D10_complete.3	Kura Decodifi 1x 150 ng	Enterococcus_B lactis	u88600ctg_len-2588966_circular-yes_depth-23-23-23_duplicated-no	175000	200000	25000	36.992000	37.930000	32.050000	1.183463
R004bc2008.D10	complete.3	R004bc2008.D10_complete.3	Kura Decodifi 1x 150 ng	Enterococcus_B lactis	u88600ctg_len-2588966_circular-yes_depth-23-23-23_duplicated-no	200000	225000	25000	41.520000	30.140000	32.050000	0.940406
R004bc2008.D10	complete.3	R004bc2008.D10_complete.3	Kura Decodifi 1x 150 ng	Enterococcus_B lactis	u88600ctg_len-2588966_circular-yes_depth-23-23-23_duplicated-no	225000	250000	25000	38.592000	36.240000	32.050000	1.130733
R004bc2008.D10	complete.3	R004bc2008.D10_complete.3	Kura Decodifi 1x 150 ng	Enterococcus_B lactis	u88600ctg_len-2588966_circular-yes_depth-23-23-23_duplicated-no	250000	275000	25000	37.476000	39.120000	32.050000	1.220593
R004bc2008.D10	complete.3	R004bc2008.D10_complete.3	Kura Decodifi 1x 150 ng	Enterococcus_B lactis	u88600ctg_len-2588966_circular-yes_depth-23-23-23_duplicated-no	275000	300000	25000	37.928000	36.290000	32.050000	1.132293
R004bc2008.D10	complete.3	R004bc2008.D10_complete.3	Kura Decodifi 1x 150 ng	Enterococcus_B lactis	u88600ctg_len-2588966_circular-yes_depth-23-23-23_duplicated-no	300000	325000	25000	40.048000	37.750000	32.050000	1.177847
R004bc2008.D10	complete.3	R004bc2008.D10_complete.3	Kura Decodifi 1x 150 ng	Enterococcus_B lactis	u88600ctg_len-2588966_circular-yes_depth-23-23-23_duplicated-no	325000	350000	25000	39.696000	31.940000	32.050000	0.996568
R004bc2008.D10	complete.3	R004bc2008.D10_complete.3	Kura Decodifi 1x 150 ng	Enterococcus_B lactis	u88600ctg_len-2588966_circular-yes_depth-23-23-23_duplicated-no	350000	375000	25000	38.184000	31.450000	32.050000	0.981279
R004bc2008.D10	complete.3	R004bc2008.D10_complete.3	Kura Decodifi 1x 150 ng	Enterococcus_B lactis	u88600ctg_len-2588966_circular-yes_depth-23-23-23_duplicated-no	375000	400000	25000	38.880000	27.880000	32.050000	0.869891
R004bc2008.D10	complete.3	R004bc2008.D10_complete.3	Kura Decodifi 1x 150 ng	Enterococcus_B lactis	u88600ctg_len-2588966_circular-yes_depth-23-23-23_duplicated-no	400000	425000	25000	36.708000	31.890000	32.050000	0.995008
R004bc2008.D10	complete.3	R004bc2008.D10_complete.3	Kura Decodifi 1x 150 ng	Enterococcus_B lactis	u88600ctg_len-2588966_circular-yes_depth-23-23-23_duplicated-no	425000	450000	25000	39.760000	34.610000	32.050000	1.079875
R004bc2008.D10	complete.3	R004bc2008.D10_complete.3	Kura Decodifi 1x 150 ng	Enterococcus_B lactis	u88600ctg_len-2588966_circular-yes_depth-23-23-23_duplicated-no	450000	475000	25000	39.780000	32.830000	32.050000	1.024337
R004bc2008.D10	complete.3	R004bc2008.D10_complete.3	Kura Decodifi 1x 150 ng	Enterococcus_B lactis	u88600ctg_len-2588966_circular-yes_depth-23-23-23_duplicated-no	475000	500000	25000	40.056000	31.150000	32.050000	0.971919
R004bc2008.D10	complete.3	R004bc2008.D10_complete.3	Kura Decodifi 1x 150 ng	Enterococcus_B lactis	u88600ctg_len-2588966_circular-yes_depth-23-23-23_duplicated-no	500000	525000	25000	38.180000	36.330000	32.050000	1.133541
R004bc2008.D10	complete.3	R004bc2008.D10_complete.3	Kura Decodifi 1x 150 ng	Enterococcus_B lactis	u88600ctg_len-2588966_circular-yes_depth-23-23-23_duplicated-no	525000	550000	25000	36.756000	32.150000	32.050000	1.003120
R004bc2008.D10	complete.3	R004bc2008.D10_complete.3	Kura Decodifi 1x 150 ng	Enterococcus_B lactis	u88600ctg_len-2588966_circular-yes_depth-23-23-23_duplicated-no	550000	575000	25000	38.184000	35.710000	32.050000	1.114197
R004bc2008.D10	complete.3	R004bc2008.D10_complete.3	Kura Decodifi 1x 150 ng	Enterococcus_B lactis	u88600ctg_len-2588966_circular-yes_depth-23-23-23_duplicated-no	575000	600000	25000	37.988000	26.890000	32.050000	0.839002
R004bc2008.D10	complete.3	R004bc2008.D10_complete.3	Kura Decodifi 1x 150 ng	Enterococcus_B lactis	u88600ctg_len-2588966_circular-yes_depth-23-23-23_duplicated-no	600000	625000	25000	39.308000	31.090000	32.050000	0.970047
R004bc2008.D10	complete.3	R004bc2008.D10_complete.3	Kura Decodifi 1x 150 ng	Enterococcus_B lactis	u88600ctg_len-2588966_circular-yes_depth-23-23-23_duplicated-no	625000	650000	25000	39.116000	28.220000	32.050000	0.880499
R004bc2008.D10	complete.3	R004bc2008.D10_complete.3	Kura Decodifi 1x 150 ng	Enterococcus_B lactis	u88600ctg_len-2588966_circular-yes_depth-23-23-23_duplicated-no	650000	675000	25000	37.972000	35.560000	32.050000	1.109516
R004bc2008.D10	complete.3	R004bc2008.D10_complete.3	Kura Decodifi 1x 150 ng	Enterococcus_B lactis	u88600ctg_len-2588966_circular-yes_depth-23-23-23_duplicated-no	675000	700000	25000	38.080000	35.260000	32.050000	1.100156
R004bc2008.D10	complete.3	R004bc2008.D10_complete.3	Kura Decodifi 1x 150 ng	Enterococcus_B lactis	u88600ctg_len-2588966_circular-yes_depth-23-23-23_duplicated-no	700000	725000	25000	40.424000	32.050000	32.050000	1.000000
R004bc2008.D10	complete.3	R004bc2008.D10_complete.3	Kura Decodifi 1x 150 ng	Enterococcus_B lactis	u88600ctg_len-2588966_circular-yes_depth-23-23-23_duplicated-no	725000	750000	25000	38.956000	35.040000	32.050000	1.093292
R004bc2008.D10	complete.3	R004bc2008.D10_complete.3	Kura Decodifi 1x 150 ng	Enterococcus_B lactis	u88600ctg_len-2588966_circular-yes_depth-23-23-23_duplicated-no	750000	775000	25000	38.908000	32.210000	32.050000	1.004992
R004bc2008.D10	complete.3	R004bc2008.D10_complete.3	Kura Decodifi 1x 150 ng	Enterococcus_B lactis	u88600ctg_len-2588966_circular-yes_depth-23-23-23_duplicated-no	775000	800000	25000	39.228000	34.990000	32.050000	1.091732
R004bc2008.D10	complete.3	R004bc2008.D10_complete.3	Kura Decodifi 1x 150 ng	Enterococcus_B lactis	u88600ctg_len-2588966_circular-yes_depth-23-23-23_duplicated-no	800000	825000	25000	37.884000	37.160000	32.050000	1.159438
R004bc2008.D10	complete.3	R004bc2008.D10_complete.3	Kura Decodifi 1x 150 ng	Enterococcus_B lactis	u88600ctg_len-2588966_circular-yes_depth-23-23-23_duplicated-no	825000	850000	25000	34.892000	39.880000	32.050000	1.244306
R004bc2008.D10	complete.3	R004bc2008.D10_complete.3	Kura Decodifi 1x 150 ng	Enterococcus_B lactis	u88600ctg_len-2588966_circular-yes_depth-23-23-23_duplicated-no	850000	875000	25000	38.240000	31.780000	32.050000	0.991576
R004bc2008.D10	complete.3	R004bc2008.D10_complete.3	Kura Decodifi 1x 150 ng	Enterococcus_B lactis	u88600ctg_len-2588966_circular-yes_depth-23-23-23_duplicated-no	875000	900000	25000	38.436000	34.810000	32.050000	1.086115
R004bc2008.D10	complete.3	R004bc2008.D10_complete.3	Kura Decodifi 1x 150 ng	Enterococcus_B lactis	u88600ctg_len-2588966_circular-yes_depth-23-23-23_duplicated-no	900000	925000	25000	38.248000	32.660000	32.050000	1.019033
R004bc2008.D10	complete.3	R004bc2008.D10_complete.3	Kura Decodifi 1x 150 ng	Enterococcus_B lactis	u88600ctg_len-2588966_circular-yes_depth-23-23-23_duplicated-no	925000	950000	25000	35.724000	31.180000	32.050000	0.972855
R004bc2008.D10	complete.3	R004bc2008.D10_complete.3	Kura Decodifi 1x 150 ng	Enterococcus_B lactis	u88600ctg_len-2588966_circular-yes_depth-23-23-23_duplicated-no	950000	975000	25000	38.132000	31.010000	32.050000	0.967551
R004bc2008.D10	complete.3	R004bc2008.D10_complete.3	Kura Decodifi 1x 150 ng	Enterococcus_B lactis	u88600ctg_len-2588966_circular-yes_depth-23-23-23_duplicated-no	975000	1000000	25000	37.724000	30.400000	32.050000	0.948518
R004bc2008.D10	complete.3	R004bc2008.D10_complete.3	Kura Decodifi 1x 150 ng	Enterococcus_B lactis	u88600ctg_len-2588966_circular-yes_depth-23-23-23_duplicated-no	1000000	1025000	25000	38.420000	33.060000	32.050000	1.031513
R004bc2008.D10	complete.3	R004bc2008.D10_complete.3	Kura Decodifi 1x 150 ng	Enterococcus_B lactis	u88600ctg_len-2588966_circular-yes_depth-23-23-23_duplicated-no	1025000	1050000	25000	39.124000	31.600000	32.050000	0.985959
R004bc2008.D10	complete.3	R004bc2008.D10_complete.3	Kura Decodifi 1x 150 ng	Enterococcus_B lactis	u88600ctg_len-2588966_circular-yes_depth-23-23-23_duplicated-no	1050000	1075000	25000	39.340000	32.060000	32.050000	1.000312
R004bc2008.D10	complete.3	R004bc2008.D10_complete.3	Kura Decodifi 1x 150 ng	Enterococcus_B lactis	u88600ctg_len-2588966_circular-yes_depth-23-23-23_duplicated-no	1075000	1100000	25000	38.444000	30.230000	32.050000	0.943214
R004bc2008.D10	complete.3	R004bc2008.D10_complete.3	Kura Decodifi 1x 150 ng	Enterococcus_B lactis	u88600ctg_len-2588966_circular-yes_depth-23-23-23_duplicated-no	1100000	1125000	25000	39.600000	23.940000	32.050000	0.746958
R004bc2008.D10	complete.3	R004bc2008.D10_complete.3	Kura Decodifi 1x 150 ng	Enterococcus_B lactis	u88600ctg_len-2588966_circular-yes_depth-23-23-23_duplicated-no	1125000	1150000	25000	35.888000	31.890000	32.050000	0.995008
R004bc2008.D10	complete.3	R004bc2008.D10_complete.3	Kura Decodifi 1x 150 ng	Enterococcus_B lactis	u88600ctg_len-2588966_circular-yes_depth-23-23-23_duplicated-no	1150000	1175000	25000	38.804000	27.030000	32.050000	0.843370
R004bc2008.D10	complete.3	R004bc2008.D10_complete.3	Kura Decodifi 1x 150 ng	Enterococcus_B lactis	u88600ctg_len-2588966_circular-yes_depth-23-23-23_duplicated-no	1175000	1200000	25000	38.100000	31.200000	32.050000	0.973479
R004bc2008.D10	complete.3	R004bc2008.D10_complete.3	Kura Decodifi 1x 150 ng	Enterococcus_B lactis	u88600ctg_len-2588966_circular-yes_depth-23-23-23_duplicated-no	1200000	1225000	25000	35.992000	36.110000	32.050000	1.126677
R004bc2008.D10	complete.3	R004bc2008.D10_complete.3	Kura Decodifi 1x 150 ng	Enterococcus_B lactis	u88600ctg_len-2588966_circular-yes_depth-23-23-23_duplicated-no	1225000	1250000	25000	36.284000	38.670000	32.050000	1.206552
R004bc2008.D10	complete.3	R004bc2008.D10_complete.3	Kura Decodifi 1x 150 ng	Enterococcus_B lactis	u88600ctg_len-2588966_circular-yes_depth-23-23-23_duplicated-no	1250000	1275000	25000	35.832000	32.460000	32.050000	1.012793
R004bc2008.D10	complete.3	R004bc2008.D10_complete.3	Kura Decodifi 1x 150 ng	Enterococcus_B lactis	u88600ctg_len-2588966_circular-yes_depth-23-23-23_duplicated-no	1275000	1300000	25000	38.628000	24.380000	32.050000	0.760686
R004bc2008.D10	complete.3	R004bc2008.D10_complete.3	Kura Decodifi 1x 150 ng	Enterococcus_B lactis	u88600ctg_len-2588966_circular-yes_depth-23-23-23_duplicated-no	1300000	1325000	25000	39.236000	34.900000	32.050000	1.088924
R004bc2008.D10	complete.3	R004bc2008.D10_complete.3	Kura Decodifi 1x 150 ng	Enterococcus_B lactis	u88600ctg_len-2588966_circular-yes_depth-23-23-23_duplicated-no	1325000	1350000	25000	33.948000	34.830000	32.050000	1.086739
R004bc2008.D10	complete.3	R004bc2008.D10_complete.3	Kura Decodifi 1x 150 ng	Enterococcus_B lactis	u88600ctg_len-2588966_circular-yes_depth-23-23-23_duplicated-no	1350000	1375000	25000	38.752000	30.630000	32.050000	0.955694
R004bc2008.D10	complete.3	R004bc2008.D10_complete.3	Kura Decodifi 1x 150 ng	Enterococcus_B lactis	u88600ctg_len-2588966_circular-yes_depth-23-23-23_duplicated-no	1375000	1400000	25000	38.936000	32.970000	32.050000	1.028705
R004bc2008.D10	complete.3	R004bc2008.D10_complete.3	Kura Decodifi 1x 150 ng	Enterococcus_B lactis	u88600ctg_len-2588966_circular-yes_depth-23-23-23_duplicated-no	1400000	1425000	25000	39.964000	30.210000	32.050000	0.942590
R004bc2008.D10	complete.3	R004bc2008.D10_complete.3	Kura Decodifi 1x 150 ng	Enterococcus_B lactis	u88600ctg_len-2588966_circular-yes_depth-23-23-23_duplicated-no	1425000	1450000	25000	39.664000	30.700000	32.050000	0.957878
R004bc2008.D10	complete.3	R004bc2008.D10_complete.3	Kura Decodifi 1x 150 ng	Enterococcus_B lactis	u88600ctg_len-2588966_circular-yes_depth-23-23-23_duplicated-no	1450000	1475000	25000	39.496000	28.160000	32.050000	0.878627
R004bc2008.D10	complete.3	R004bc2008.D10_complete.3	Kura Decodifi 1x 150 ng	Enterococcus_B lactis	u88600ctg_len-2588966_circular-yes_depth-23-23-23_duplicated-no	1475000	1500000	25000	34.556000	24.970000	32.050000	0.779095
R004bc2008.D10	complete.3	R004bc2008.D10_complete.3	Kura Decodifi 1x 150 ng	Enterococcus_B lactis	u88600ctg_len-2588966_circular-yes_depth-23-23-23_duplicated-no	1500000	1525000	25000	36.460000	27.350000	32.050000	0.853354
R004bc2008.D10	complete.3	R004bc2008.D10_complete.3	Kura Decodifi 1x 150 ng	Enterococcus_B lactis	u88600ctg_len-2588966_circular-yes_depth-23-23-23_duplicated-no	1525000	1550000	25000	37.192000	32.410000	32.050000	1.011232
R004bc2008.D10	complete.3	R004bc2008.D10_complete.3	Kura Decodifi 1x 150 ng	Enterococcus_B lactis	u88600ctg_len-2588966_circular-yes_depth-23-23-23_duplicated-no	1550000	1575000	25000	37.408000	31.590000	32.050000	0.985647
R004bc2008.D10	complete.3	R004bc2008.D10_complete.3	Kura Decodifi 1x 150 ng	Enterococcus_B lactis	u88600ctg_len-2588966_circular-yes_depth-23-23-23_duplicated-no	1575000	1600000	25000	37.532000	24.770000	32.050000	0.772855
R004bc2008.D10	complete.3	R004bc2008.D10_complete.3	Kura Decodifi 1x 150 ng	Enterococcus_B lactis	u88600ctg_len-2588966_circular-yes_depth-23-23-23_duplicated-no	1600000	1625000	25000	36.900000	32.300000	32.050000	1.007800
R004bc2008.D10	complete.3	R004bc2008.D10_complete.3	Kura Decodifi 1x 150 ng	Enterococcus_B lactis	u88600ctg_len-2588966_circular-yes_depth-23-23-23_duplicated-no	1625000	1650000	25000	37.896000	33.120000	32.050000	1.033385
R004bc2008.D10	complete.3	R004bc2008.D10_complete.3	Kura Decodifi 1x 150 ng	Enterococcus_B lactis	u88600ctg_len-2588966_circular-yes_depth-23-23-23_duplicated-no	1650000	1675000	25000	39.360000	29.210000	32.050000	0.911388
R004bc2008.D10	complete.3	R004bc2008.D10_complete.3	Kura Decodifi 1x 150 ng	Enterococcus_B lactis	u88600ctg_len-2588966_circular-yes_depth-23-23-23_duplicated-no	1675000	1700000	25000	38.664000	27.430000	32.050000	0.855850
R004bc2008.D10	complete.3	R004bc2008.D10_complete.3	Kura Decodifi 1x 150 ng	Enterococcus_B lactis	u88600ctg_len-2588966_circular-yes_depth-23-23-23_duplicated-no	1700000	1725000	25000	39.164000	33.080000	32.050000	1.032137
R004bc2008.D10	complete.3	R004bc2008.D10_complete.3	Kura Decodifi 1x 150 ng	Enterococcus_B lactis	u88600ctg_len-2588966_circular-yes_depth-23-23-23_duplicated-no	1725000	1750000	25000	37.112000	29.530000	32.050000	0.921373
R004bc2008.D10	complete.3	R004bc2008.D10_complete.3	Kura Decodifi 1x 150 ng	Enterococcus_B lactis	u88600ctg_len-2588966_circular-yes_depth-23-23-23_duplicated-no	1750000	1775000	25000	38.112000	30.150000	32.050000	0.940718
R004bc2008.D10	complete.3	R004bc2008.D10_complete.3	Kura Decodifi 1x 150 ng	Enterococcus_B lactis	u88600ctg_len-2588966_circular-yes_depth-23-23-23_duplicated-no	1775000	1800000	25000	39.324000	28.500000	32.050000	0.889236
R004bc2008.D10	complete.3	R004bc2008.D10_complete.3	Kura Decodifi 1x 150 ng	Enterococcus_B lactis	u88600ctg_len-2588966_circular-yes_depth-23-23-23_duplicated-no	1800000	1825000	25000	39.908000	27.230000	32.050000	0.849610
R004bc2008.D10	complete.3	R004bc2008.D10_complete.3	Kura Decodifi 1x 150 ng	Enterococcus_B lactis	u88600ctg_len-2588966_circular-yes_depth-23-23-23_duplicated-no	1825000	1850000	25000	38.296000	31.220000	32.050000	0.974103
R004bc2008.D10	complete.3	R004bc2008.D10_complete.3	Kura Decodifi 1x 150 ng	Enterococcus_B lactis	u88600ctg_len-2588966_circular-yes_depth-23-23-23_duplicated-no	1850000	1875000	25000	38.260000	30.680000	32.050000	0.957254
R004bc2008.D10	complete.3	R004bc2008.D10_complete.3	Kura Decodifi 1x 150 ng	Enterococcus_B lactis	u88600ctg_len-2588966_circular-yes_depth-23-23-23_duplicated-no	1875000	1900000	25000	38.112000	32.290000	32.050000	1.007488
R004bc2008.D10	complete.3	R004bc2008.D10_complete.3	Kura Decodifi 1x 150 ng	Enterococcus_B lactis	u88600ctg_len-2588966_circular-yes_depth-23-23-23_duplicated-no	1900000	1925000	25000	38.864000	29.370000	32.050000	0.916381
R004bc2008.D10	complete.3	R004bc2008.D10_complete.3	Kura Decodifi 1x 150 ng	Enterococcus_B lactis	u88600ctg_len-2588966_circular-yes_depth-23-23-23_duplicated-no	1925000	1950000	25000	38.424000	33.130000	32.050000	1.033697
R004bc2008.D10	complete.3	R004bc2008.D10_complete.3	Kura Decodifi 1x 150 ng	Enterococcus_B lactis	u88600ctg_len-2588966_circular-yes_depth-23-23-23_duplicated-no	1950000	1975000	25000	40.468000	26.250000	32.050000	0.819033
R004bc2008.D10	complete.3	R004bc2008.D10_complete.3	Kura Decodifi 1x 150 ng	Enterococcus_B lactis	u88600ctg_len-2588966_circular-yes_depth-23-23-23_duplicated-no	1975000	2000000	25000	38.800000	33.030000	32.050000	1.030577
R004bc2008.D10	complete.3	R004bc2008.D10_complete.3	Kura Decodifi 1x 150 ng	Enterococcus_B lactis	u88600ctg_len-2588966_circular-yes_depth-23-23-23_duplicated-no	2000000	2025000	25000	39.204000	29.730000	32.050000	0.927613
R004bc2008.D10	complete.3	R004bc2008.D10_complete.3	Kura Decodifi 1x 150 ng	Enterococcus_B lactis	u88600ctg_len-2588966_circular-yes_depth-23-23-23_duplicated-no	2025000	2050000	25000	36.428000	34.530000	32.050000	1.077379
R004bc2008.D10	complete.3	R004bc2008.D10_complete.3	Kura Decodifi 1x 150 ng	Enterococcus_B lactis	u88600ctg_len-2588966_circular-yes_depth-23-23-23_duplicated-no	2050000	2075000	25000	35.048000	36.160000	32.050000	1.128237
R004bc2008.D10	complete.3	R004bc2008.D10_complete.3	Kura Decodifi 1x 150 ng	Enterococcus_B lactis	u88600ctg_len-2588966_circular-yes_depth-23-23-23_duplicated-no	2075000	2100000	25000	38.012000	34.200000	32.050000	1.067083
R004bc2008.D10	complete.3	R004bc2008.D10_complete.3	Kura Decodifi 1x 150 ng	Enterococcus_B lactis	u88600ctg_len-2588966_circular-yes_depth-23-23-23_duplicated-no	2100000	2125000	25000	38.792000	30.280000	32.050000	0.944774
R004bc2008.D10	complete.3	R004bc2008.D10_complete.3	Kura Decodifi 1x 150 ng	Enterococcus_B lactis	u88600ctg_len-2588966_circular-yes_depth-23-23-23_duplicated-no	2125000	2150000	25000	38.788000	32.680000	32.050000	1.019657
R004bc2008.D10	complete.3	R004bc2008.D10_complete.3	Kura Decodifi 1x 150 ng	Enterococcus_B lactis	u88600ctg_len-2588966_circular-yes_depth-23-23-23_duplicated-no	2150000	2175000	25000	37.264000	31.870000	32.050000	0.994384
R004bc2008.D10	complete.3	R004bc2008.D10_complete.3	Kura Decodifi 1x 150 ng	Enterococcus_B lactis	u88600ctg_len-2588966_circular-yes_depth-23-23-23_duplicated-no	2175000	2200000	25000	38.192000	33.810000	32.050000	1.054914
R004bc2008.D10	complete.3	R004bc2008.D10_complete.3	Kura Decodifi 1x 150 ng	Enterococcus_B lactis	u88600ctg_len-2588966_circular-yes_depth-23-23-23_duplicated-no	2200000	2225000	25000	38.920000	32.290000	32.050000	1.007488
R004bc2008.D10	complete.3	R004bc2008.D10_complete.3	Kura Decodifi 1x 150 ng	Enterococcus_B lactis	u88600ctg_len-2588966_circular-yes_depth-23-23-23_duplicated-no	2225000	2250000	25000	39.064000	24.580000	32.050000	0.766927
R004bc2008.D10	complete.3	R004bc2008.D10_complete.3	Kura Decodifi 1x 150 ng	Enterococcus_B lactis	u88600ctg_len-2588966_circular-yes_depth-23-23-23_duplicated-no	2250000	2275000	25000	38.056000	28.620000	32.050000	0.892980
R004bc2008.D10	complete.3	R004bc2008.D10_complete.3	Kura Decodifi 1x 150 ng	Enterococcus_B lactis	u88600ctg_len-2588966_circular-yes_depth-23-23-23_duplicated-no	2275000	2300000	25000	38.416000	28.790000	32.050000	0.898284
R004bc2008.D10	complete.3	R004bc2008.D10_complete.3	Kura Decodifi 1x 150 ng	Enterococcus_B lactis	u88600ctg_len-2588966_circular-yes_depth-23-23-23_duplicated-no	2300000	2325000	25000	38.408000	30.770000	32.050000	0.960062
R004bc2008.D10	complete.3	R004bc2008.D10_complete.3	Kura Decodifi 1x 150 ng	Enterococcus_B lactis	u88600ctg_len-2588966_circular-yes_depth-23-23-23_duplicated-no	2325000	2350000	25000	38.308000	38.360000	32.050000	1.196880
R004bc2008.D10	complete.3	R004bc2008.D10_complete.3	Kura Decodifi 1x 150 ng	Enterococcus_B lactis	u88600ctg_len-2588966_circular-yes_depth-23-23-23_duplicated-no	2350000	2375000	25000	38.188000	33.360000	32.050000	1.040874
R004bc2008.D10	complete.3	R004bc2008.D10_complete.3	Kura Decodifi 1x 150 ng	Enterococcus_B lactis	u88600ctg_len-2588966_circular-yes_depth-23-23-23_duplicated-no	2375000	2400000	25000	38.260000	33.620000	32.050000	1.048986
R004bc2008.D10	complete.3	R004bc2008.D10_complete.3	Kura Decodifi 1x 150 ng	Enterococcus_B lactis	u88600ctg_len-2588966_circular-yes_depth-23-23-23_duplicated-no	2400000	2425000	25000	38.236000	33.570000	32.050000	1.047426
R004bc2008.D10	complete.3	R004bc2008.D10_complete.3	Kura Decodifi 1x 150 ng	Enterococcus_B lactis	u88600ctg_len-2588966_circular-yes_depth-23-23-23_duplicated-no	2425000	2450000	25000	37.552000	29.470000	32.050000	0.919501
R004bc2008.D10	complete.3	R004bc2008.D10_complete.3	Kura Decodifi 1x 150 ng	Enterococcus_B lactis	u88600ctg_len-2588966_circular-yes_depth-23-23-23_duplicated-no	2450000	2475000	25000	38.568000	36.660000	32.050000	1.143838
R004bc2008.D10	complete.3	R004bc2008.D10_complete.3	Kura Decodifi 1x 150 ng	Enterococcus_B lactis	u88600ctg_len-2588966_circular-yes_depth-23-23-23_duplicated-no	2475000	2500000	25000	39.052000	28.630000	32.050000	0.893292
R004bc2008.D10	complete.3	R004bc2008.D10_complete.3	Kura Decodifi 1x 150 ng	Enterococcus_B lactis	u88600ctg_len-2588966_circular-yes_depth-23-23-23_duplicated-no	2500000	2525000	25000	39.264000	29.130000	32.050000	0.908892
R004bc2008.D10	complete.3	R004bc2008.D10_complete.3	Kura Decodifi 1x 150 ng	Enterococcus_B lactis	u88600ctg_len-2588966_circular-yes_depth-23-23-23_duplicated-no	2525000	2550000	25000	38.876000	28.920000	32.050000	0.902340
R004bc2008.D10	complete.3	R004bc2008.D10_complete.3	Kura Decodifi 1x 150 ng	Enterococcus_B lactis	u88600ctg_len-2588966_circular-yes_depth-23-23-23_duplicated-no	2550000	2575000	25000	37.712000	35.250000	32.050000	1.099844
R005bc2008.D09	complete.3	R005bc2008.D09_complete.3	Takara PrimeSTAR LongSeq 1x 150 ng (Q)	Pseudomonas aeruginosa	u47844ctg_len-6275379_circular-yes_depth-14-14-14_duplicated-no	0	25000	25000	62.208000	30.290000	21.150000	1.432151
R005bc2008.D09	complete.3	R005bc2008.D09_complete.3	Takara PrimeSTAR LongSeq 1x 150 ng (Q)	Pseudomonas aeruginosa	u47844ctg_len-6275379_circular-yes_depth-14-14-14_duplicated-no	25000	50000	25000	68.316000	28.860000	21.150000	1.364539
R005bc2008.D09	complete.3	R005bc2008.D09_complete.3	Takara PrimeSTAR LongSeq 1x 150 ng (Q)	Pseudomonas aeruginosa	u47844ctg_len-6275379_circular-yes_depth-14-14-14_duplicated-no	50000	75000	25000	67.172000	23.490000	21.150000	1.110638
R005bc2008.D09	complete.3	R005bc2008.D09_complete.3	Takara PrimeSTAR LongSeq 1x 150 ng (Q)	Pseudomonas aeruginosa	u47844ctg_len-6275379_circular-yes_depth-14-14-14_duplicated-no	75000	100000	25000	67.876000	27.770000	21.150000	1.313002
R005bc2008.D09	complete.3	R005bc2008.D09_complete.3	Takara PrimeSTAR LongSeq 1x 150 ng (Q)	Pseudomonas aeruginosa	u47844ctg_len-6275379_circular-yes_depth-14-14-14_duplicated-no	100000	125000	25000	66.580000	27.690000	21.150000	1.309220
R005bc2008.D09	complete.3	R005bc2008.D09_complete.3	Takara PrimeSTAR LongSeq 1x 150 ng (Q)	Pseudomonas aeruginosa	u47844ctg_len-6275379_circular-yes_depth-14-14-14_duplicated-no	125000	150000	25000	66.140000	28.330000	21.150000	1.339480
R005bc2008.D09	complete.3	R005bc2008.D09_complete.3	Takara PrimeSTAR LongSeq 1x 150 ng (Q)	Pseudomonas aeruginosa	u47844ctg_len-6275379_circular-yes_depth-14-14-14_duplicated-no	150000	175000	25000	66.868000	31.910000	21.150000	1.508747
R005bc2008.D09	complete.3	R005bc2008.D09_complete.3	Takara PrimeSTAR LongSeq 1x 150 ng (Q)	Pseudomonas aeruginosa	u47844ctg_len-6275379_circular-yes_depth-14-14-14_duplicated-no	175000	200000	25000	66.020000	29.640000	21.150000	1.401418
R005bc2008.D09	complete.3	R005bc2008.D09_complete.3	Takara PrimeSTAR LongSeq 1x 150 ng (Q)	Pseudomonas aeruginosa	u47844ctg_len-6275379_circular-yes_depth-14-14-14_duplicated-no	200000	225000	25000	64.328000	31.310000	21.150000	1.480378
R005bc2008.D09	complete.3	R005bc2008.D09_complete.3	Takara PrimeSTAR LongSeq 1x 150 ng (Q)	Pseudomonas aeruginosa	u47844ctg_len-6275379_circular-yes_depth-14-14-14_duplicated-no	225000	250000	25000	63.080000	32.210000	21.150000	1.522931
R005bc2008.D09	complete.3	R005bc2008.D09_complete.3	Takara PrimeSTAR LongSeq 1x 150 ng (Q)	Pseudomonas aeruginosa	u47844ctg_len-6275379_circular-yes_depth-14-14-14_duplicated-no	250000	275000	25000	68.072000	27.000000	21.150000	1.276596
R005bc2008.D09	complete.3	R005bc2008.D09_complete.3	Takara PrimeSTAR LongSeq 1x 150 ng (Q)	Pseudomonas aeruginosa	u47844ctg_len-6275379_circular-yes_depth-14-14-14_duplicated-no	275000	300000	25000	65.276000	28.470000	21.150000	1.346099
R005bc2008.D09	complete.3	R005bc2008.D09_complete.3	Takara PrimeSTAR LongSeq 1x 150 ng (Q)	Pseudomonas aeruginosa	u47844ctg_len-6275379_circular-yes_depth-14-14-14_duplicated-no	300000	325000	25000	69.124000	26.860000	21.150000	1.269976
R005bc2008.D09	complete.3	R005bc2008.D09_complete.3	Takara PrimeSTAR LongSeq 1x 150 ng (Q)	Pseudomonas aeruginosa	u47844ctg_len-6275379_circular-yes_depth-14-14-14_duplicated-no	325000	350000	25000	68.212000	34.110000	21.150000	1.612766
R005bc2008.D09	complete.3	R005bc2008.D09_complete.3	Takara PrimeSTAR LongSeq 1x 150 ng (Q)	Pseudomonas aeruginosa	u47844ctg_len-6275379_circular-yes_depth-14-14-14_duplicated-no	350000	375000	25000	66.364000	30.010000	21.150000	1.418913
R005bc2008.D09	complete.3	R005bc2008.D09_complete.3	Takara PrimeSTAR LongSeq 1x 150 ng (Q)	Pseudomonas aeruginosa	u47844ctg_len-6275379_circular-yes_depth-14-14-14_duplicated-no	375000	400000	25000	67.448000	22.820000	21.150000	1.078960
R005bc2008.D09	complete.3	R005bc2008.D09_complete.3	Takara PrimeSTAR LongSeq 1x 150 ng (Q)	Pseudomonas aeruginosa	u47844ctg_len-6275379_circular-yes_depth-14-14-14_duplicated-no	400000	425000	25000	67.764000	24.120000	21.150000	1.140426
R005bc2008.D09	complete.3	R005bc2008.D09_complete.3	Takara PrimeSTAR LongSeq 1x 150 ng (Q)	Pseudomonas aeruginosa	u47844ctg_len-6275379_circular-yes_depth-14-14-14_duplicated-no	425000	450000	25000	68.092000	24.850000	21.150000	1.174941
R005bc2008.D09	complete.3	R005bc2008.D09_complete.3	Takara PrimeSTAR LongSeq 1x 150 ng (Q)	Pseudomonas aeruginosa	u47844ctg_len-6275379_circular-yes_depth-14-14-14_duplicated-no	450000	475000	25000	68.600000	24.990000	21.150000	1.181560
R005bc2008.D09	complete.3	R005bc2008.D09_complete.3	Takara PrimeSTAR LongSeq 1x 150 ng (Q)	Pseudomonas aeruginosa	u47844ctg_len-6275379_circular-yes_depth-14-14-14_duplicated-no	475000	500000	25000	67.960000	28.720000	21.150000	1.357920
R005bc2008.D09	complete.3	R005bc2008.D09_complete.3	Takara PrimeSTAR LongSeq 1x 150 ng (Q)	Pseudomonas aeruginosa	u47844ctg_len-6275379_circular-yes_depth-14-14-14_duplicated-no	500000	525000	25000	66.412000	24.940000	21.150000	1.179196
R005bc2008.D09	complete.3	R005bc2008.D09_complete.3	Takara PrimeSTAR LongSeq 1x 150 ng (Q)	Pseudomonas aeruginosa	u47844ctg_len-6275379_circular-yes_depth-14-14-14_duplicated-no	525000	550000	25000	67.092000	27.460000	21.150000	1.298345
R005bc2008.D09	complete.3	R005bc2008.D09_complete.3	Takara PrimeSTAR LongSeq 1x 150 ng (Q)	Pseudomonas aeruginosa	u47844ctg_len-6275379_circular-yes_depth-14-14-14_duplicated-no	550000	575000	25000	64.984000	29.820000	21.150000	1.409929
R005bc2008.D09	complete.3	R005bc2008.D09_complete.3	Takara PrimeSTAR LongSeq 1x 150 ng (Q)	Pseudomonas aeruginosa	u47844ctg_len-6275379_circular-yes_depth-14-14-14_duplicated-no	575000	600000	25000	66.420000	24.500000	21.150000	1.158392
R005bc2008.D09	complete.3	R005bc2008.D09_complete.3	Takara PrimeSTAR LongSeq 1x 150 ng (Q)	Pseudomonas aeruginosa	u47844ctg_len-6275379_circular-yes_depth-14-14-14_duplicated-no	600000	625000	25000	68.660000	23.410000	21.150000	1.106856
R005bc2008.D09	complete.3	R005bc2008.D09_complete.3	Takara PrimeSTAR LongSeq 1x 150 ng (Q)	Pseudomonas aeruginosa	u47844ctg_len-6275379_circular-yes_depth-14-14-14_duplicated-no	625000	650000	25000	67.392000	24.110000	21.150000	1.139953
R005bc2008.D09	complete.3	R005bc2008.D09_complete.3	Takara PrimeSTAR LongSeq 1x 150 ng (Q)	Pseudomonas aeruginosa	u47844ctg_len-6275379_circular-yes_depth-14-14-14_duplicated-no	650000	675000	25000	67.188000	27.980000	21.150000	1.322931
R005bc2008.D09	complete.3	R005bc2008.D09_complete.3	Takara PrimeSTAR LongSeq 1x 150 ng (Q)	Pseudomonas aeruginosa	u47844ctg_len-6275379_circular-yes_depth-14-14-14_duplicated-no	675000	700000	25000	68.136000	27.460000	21.150000	1.298345
R005bc2008.D09	complete.3	R005bc2008.D09_complete.3	Takara PrimeSTAR LongSeq 1x 150 ng (Q)	Pseudomonas aeruginosa	u47844ctg_len-6275379_circular-yes_depth-14-14-14_duplicated-no	700000	725000	25000	66.536000	24.350000	21.150000	1.151300
R005bc2008.D09	complete.3	R005bc2008.D09_complete.3	Takara PrimeSTAR LongSeq 1x 150 ng (Q)	Pseudomonas aeruginosa	u47844ctg_len-6275379_circular-yes_depth-14-14-14_duplicated-no	725000	750000	25000	66.928000	22.700000	21.150000	1.073286
R005bc2008.D09	complete.3	R005bc2008.D09_complete.3	Takara PrimeSTAR LongSeq 1x 150 ng (Q)	Pseudomonas aeruginosa	u47844ctg_len-6275379_circular-yes_depth-14-14-14_duplicated-no	750000	775000	25000	67.744000	25.940000	21.150000	1.226478
R005bc2008.D09	complete.3	R005bc2008.D09_complete.3	Takara PrimeSTAR LongSeq 1x 150 ng (Q)	Pseudomonas aeruginosa	u47844ctg_len-6275379_circular-yes_depth-14-14-14_duplicated-no	775000	800000	25000	65.900000	27.460000	21.150000	1.298345
R005bc2008.D09	complete.3	R005bc2008.D09_complete.3	Takara PrimeSTAR LongSeq 1x 150 ng (Q)	Pseudomonas aeruginosa	u47844ctg_len-6275379_circular-yes_depth-14-14-14_duplicated-no	800000	825000	25000	67.992000	25.140000	21.150000	1.188652
R005bc2008.D09	complete.3	R005bc2008.D09_complete.3	Takara PrimeSTAR LongSeq 1x 150 ng (Q)	Pseudomonas aeruginosa	u47844ctg_len-6275379_circular-yes_depth-14-14-14_duplicated-no	825000	850000	25000	67.040000	26.450000	21.150000	1.250591
R005bc2008.D09	complete.3	R005bc2008.D09_complete.3	Takara PrimeSTAR LongSeq 1x 150 ng (Q)	Pseudomonas aeruginosa	u47844ctg_len-6275379_circular-yes_depth-14-14-14_duplicated-no	850000	875000	25000	65.680000	24.360000	21.150000	1.151773
R005bc2008.D09	complete.3	R005bc2008.D09_complete.3	Takara PrimeSTAR LongSeq 1x 150 ng (Q)	Pseudomonas aeruginosa	u47844ctg_len-6275379_circular-yes_depth-14-14-14_duplicated-no	875000	900000	25000	64.736000	27.850000	21.150000	1.316785
R005bc2008.D09	complete.3	R005bc2008.D09_complete.3	Takara PrimeSTAR LongSeq 1x 150 ng (Q)	Pseudomonas aeruginosa	u47844ctg_len-6275379_circular-yes_depth-14-14-14_duplicated-no	900000	925000	25000	65.060000	30.800000	21.150000	1.456265
R005bc2008.D09	complete.3	R005bc2008.D09_complete.3	Takara PrimeSTAR LongSeq 1x 150 ng (Q)	Pseudomonas aeruginosa	u47844ctg_len-6275379_circular-yes_depth-14-14-14_duplicated-no	925000	950000	25000	63.584000	30.360000	21.150000	1.435461
R005bc2008.D09	complete.3	R005bc2008.D09_complete.3	Takara PrimeSTAR LongSeq 1x 150 ng (Q)	Pseudomonas aeruginosa	u47844ctg_len-6275379_circular-yes_depth-14-14-14_duplicated-no	950000	975000	25000	58.684000	30.640000	21.150000	1.448700
R005bc2008.D09	complete.3	R005bc2008.D09_complete.3	Takara PrimeSTAR LongSeq 1x 150 ng (Q)	Pseudomonas aeruginosa	u47844ctg_len-6275379_circular-yes_depth-14-14-14_duplicated-no	975000	1000000	25000	60.432000	32.790000	21.150000	1.550355
R005bc2008.D09	complete.3	R005bc2008.D09_complete.3	Takara PrimeSTAR LongSeq 1x 150 ng (Q)	Pseudomonas aeruginosa	u47844ctg_len-6275379_circular-yes_depth-14-14-14_duplicated-no	1000000	1025000	25000	71.464000	23.780000	21.150000	1.124350
R005bc2008.D09	complete.3	R005bc2008.D09_complete.3	Takara PrimeSTAR LongSeq 1x 150 ng (Q)	Pseudomonas aeruginosa	u47844ctg_len-6275379_circular-yes_depth-14-14-14_duplicated-no	1025000	1050000	25000	68.448000	17.260000	21.150000	0.816076
R005bc2008.D09	complete.3	R005bc2008.D09_complete.3	Takara PrimeSTAR LongSeq 1x 150 ng (Q)	Pseudomonas aeruginosa	u47844ctg_len-6275379_circular-yes_depth-14-14-14_duplicated-no	1050000	1075000	25000	68.212000	22.910000	21.150000	1.083215
R005bc2008.D09	complete.3	R005bc2008.D09_complete.3	Takara PrimeSTAR LongSeq 1x 150 ng (Q)	Pseudomonas aeruginosa	u47844ctg_len-6275379_circular-yes_depth-14-14-14_duplicated-no	1075000	1100000	25000	68.400000	20.290000	21.150000	0.959338
R005bc2008.D09	complete.3	R005bc2008.D09_complete.3	Takara PrimeSTAR LongSeq 1x 150 ng (Q)	Pseudomonas aeruginosa	u47844ctg_len-6275379_circular-yes_depth-14-14-14_duplicated-no	1100000	1125000	25000	67.832000	24.390000	21.150000	1.153191
R005bc2008.D09	complete.3	R005bc2008.D09_complete.3	Takara PrimeSTAR LongSeq 1x 150 ng (Q)	Pseudomonas aeruginosa	u47844ctg_len-6275379_circular-yes_depth-14-14-14_duplicated-no	1125000	1150000	25000	67.996000	24.430000	21.150000	1.155083
R005bc2008.D09	complete.3	R005bc2008.D09_complete.3	Takara PrimeSTAR LongSeq 1x 150 ng (Q)	Pseudomonas aeruginosa	u47844ctg_len-6275379_circular-yes_depth-14-14-14_duplicated-no	1150000	1175000	25000	68.388000	25.310000	21.150000	1.196690
R005bc2008.D09	complete.3	R005bc2008.D09_complete.3	Takara PrimeSTAR LongSeq 1x 150 ng (Q)	Pseudomonas aeruginosa	u47844ctg_len-6275379_circular-yes_depth-14-14-14_duplicated-no	1175000	1200000	25000	66.700000	19.830000	21.150000	0.937589
R005bc2008.D09	complete.3	R005bc2008.D09_complete.3	Takara PrimeSTAR LongSeq 1x 150 ng (Q)	Pseudomonas aeruginosa	u47844ctg_len-6275379_circular-yes_depth-14-14-14_duplicated-no	1200000	1225000	25000	68.060000	27.730000	21.150000	1.311111
R005bc2008.D09	complete.3	R005bc2008.D09_complete.3	Takara PrimeSTAR LongSeq 1x 150 ng (Q)	Pseudomonas aeruginosa	u47844ctg_len-6275379_circular-yes_depth-14-14-14_duplicated-no	1225000	1250000	25000	67.640000	22.130000	21.150000	1.046336
R005bc2008.D09	complete.3	R005bc2008.D09_complete.3	Takara PrimeSTAR LongSeq 1x 150 ng (Q)	Pseudomonas aeruginosa	u47844ctg_len-6275379_circular-yes_depth-14-14-14_duplicated-no	1250000	1275000	25000	67.256000	21.340000	21.150000	1.008983
R005bc2008.D09	complete.3	R005bc2008.D09_complete.3	Takara PrimeSTAR LongSeq 1x 150 ng (Q)	Pseudomonas aeruginosa	u47844ctg_len-6275379_circular-yes_depth-14-14-14_duplicated-no	1275000	1300000	25000	67.516000	20.760000	21.150000	0.981560
R005bc2008.D09	complete.3	R005bc2008.D09_complete.3	Takara PrimeSTAR LongSeq 1x 150 ng (Q)	Pseudomonas aeruginosa	u47844ctg_len-6275379_circular-yes_depth-14-14-14_duplicated-no	1300000	1325000	25000	67.116000	21.870000	21.150000	1.034043
R005bc2008.D09	complete.3	R005bc2008.D09_complete.3	Takara PrimeSTAR LongSeq 1x 150 ng (Q)	Pseudomonas aeruginosa	u47844ctg_len-6275379_circular-yes_depth-14-14-14_duplicated-no	1325000	1350000	25000	66.880000	21.910000	21.150000	1.035934
R005bc2008.D09	complete.3	R005bc2008.D09_complete.3	Takara PrimeSTAR LongSeq 1x 150 ng (Q)	Pseudomonas aeruginosa	u47844ctg_len-6275379_circular-yes_depth-14-14-14_duplicated-no	1350000	1375000	25000	68.256000	21.460000	21.150000	1.014657
R005bc2008.D09	complete.3	R005bc2008.D09_complete.3	Takara PrimeSTAR LongSeq 1x 150 ng (Q)	Pseudomonas aeruginosa	u47844ctg_len-6275379_circular-yes_depth-14-14-14_duplicated-no	1375000	1400000	25000	68.392000	21.010000	21.150000	0.993381
R005bc2008.D09	complete.3	R005bc2008.D09_complete.3	Takara PrimeSTAR LongSeq 1x 150 ng (Q)	Pseudomonas aeruginosa	u47844ctg_len-6275379_circular-yes_depth-14-14-14_duplicated-no	1400000	1425000	25000	64.428000	27.910000	21.150000	1.319622
R005bc2008.D09	complete.3	R005bc2008.D09_complete.3	Takara PrimeSTAR LongSeq 1x 150 ng (Q)	Pseudomonas aeruginosa	u47844ctg_len-6275379_circular-yes_depth-14-14-14_duplicated-no	1425000	1450000	25000	67.240000	25.680000	21.150000	1.214184
R005bc2008.D09	complete.3	R005bc2008.D09_complete.3	Takara PrimeSTAR LongSeq 1x 150 ng (Q)	Pseudomonas aeruginosa	u47844ctg_len-6275379_circular-yes_depth-14-14-14_duplicated-no	1450000	1475000	25000	63.376000	19.070000	21.150000	0.901655
R005bc2008.D09	complete.3	R005bc2008.D09_complete.3	Takara PrimeSTAR LongSeq 1x 150 ng (Q)	Pseudomonas aeruginosa	u47844ctg_len-6275379_circular-yes_depth-14-14-14_duplicated-no	1475000	1500000	25000	65.268000	19.460000	21.150000	0.920095
R005bc2008.D09	complete.3	R005bc2008.D09_complete.3	Takara PrimeSTAR LongSeq 1x 150 ng (Q)	Pseudomonas aeruginosa	u47844ctg_len-6275379_circular-yes_depth-14-14-14_duplicated-no	1500000	1525000	25000	68.184000	24.710000	21.150000	1.168322
R005bc2008.D09	complete.3	R005bc2008.D09_complete.3	Takara PrimeSTAR LongSeq 1x 150 ng (Q)	Pseudomonas aeruginosa	u47844ctg_len-6275379_circular-yes_depth-14-14-14_duplicated-no	1525000	1550000	25000	67.896000	23.450000	21.150000	1.108747
R005bc2008.D09	complete.3	R005bc2008.D09_complete.3	Takara PrimeSTAR LongSeq 1x 150 ng (Q)	Pseudomonas aeruginosa	u47844ctg_len-6275379_circular-yes_depth-14-14-14_duplicated-no	1550000	1575000	25000	65.672000	21.490000	21.150000	1.016076
R005bc2008.D09	complete.3	R005bc2008.D09_complete.3	Takara PrimeSTAR LongSeq 1x 150 ng (Q)	Pseudomonas aeruginosa	u47844ctg_len-6275379_circular-yes_depth-14-14-14_duplicated-no	1575000	1600000	25000	66.824000	23.080000	21.150000	1.091253
R005bc2008.D09	complete.3	R005bc2008.D09_complete.3	Takara PrimeSTAR LongSeq 1x 150 ng (Q)	Pseudomonas aeruginosa	u47844ctg_len-6275379_circular-yes_depth-14-14-14_duplicated-no	1600000	1625000	25000	67.420000	23.390000	21.150000	1.105910
R005bc2008.D09	complete.3	R005bc2008.D09_complete.3	Takara PrimeSTAR LongSeq 1x 150 ng (Q)	Pseudomonas aeruginosa	u47844ctg_len-6275379_circular-yes_depth-14-14-14_duplicated-no	1625000	1650000	25000	67.320000	20.330000	21.150000	0.961229
R005bc2008.D09	complete.3	R005bc2008.D09_complete.3	Takara PrimeSTAR LongSeq 1x 150 ng (Q)	Pseudomonas aeruginosa	u47844ctg_len-6275379_circular-yes_depth-14-14-14_duplicated-no	1650000	1675000	25000	64.628000	20.400000	21.150000	0.964539
R005bc2008.D09	complete.3	R005bc2008.D09_complete.3	Takara PrimeSTAR LongSeq 1x 150 ng (Q)	Pseudomonas aeruginosa	u47844ctg_len-6275379_circular-yes_depth-14-14-14_duplicated-no	1675000	1700000	25000	65.648000	24.650000	21.150000	1.165485
R005bc2008.D09	complete.3	R005bc2008.D09_complete.3	Takara PrimeSTAR LongSeq 1x 150 ng (Q)	Pseudomonas aeruginosa	u47844ctg_len-6275379_circular-yes_depth-14-14-14_duplicated-no	1700000	1725000	25000	67.372000	21.470000	21.150000	1.015130
R005bc2008.D09	complete.3	R005bc2008.D09_complete.3	Takara PrimeSTAR LongSeq 1x 150 ng (Q)	Pseudomonas aeruginosa	u47844ctg_len-6275379_circular-yes_depth-14-14-14_duplicated-no	1725000	1750000	25000	67.444000	21.040000	21.150000	0.994799
R005bc2008.D09	complete.3	R005bc2008.D09_complete.3	Takara PrimeSTAR LongSeq 1x 150 ng (Q)	Pseudomonas aeruginosa	u47844ctg_len-6275379_circular-yes_depth-14-14-14_duplicated-no	1750000	1775000	25000	69.220000	19.060000	21.150000	0.901182
R005bc2008.D09	complete.3	R005bc2008.D09_complete.3	Takara PrimeSTAR LongSeq 1x 150 ng (Q)	Pseudomonas aeruginosa	u47844ctg_len-6275379_circular-yes_depth-14-14-14_duplicated-no	1775000	1800000	25000	66.112000	22.020000	21.150000	1.041135
R005bc2008.D09	complete.3	R005bc2008.D09_complete.3	Takara PrimeSTAR LongSeq 1x 150 ng (Q)	Pseudomonas aeruginosa	u47844ctg_len-6275379_circular-yes_depth-14-14-14_duplicated-no	1800000	1825000	25000	66.768000	19.650000	21.150000	0.929078
R005bc2008.D09	complete.3	R005bc2008.D09_complete.3	Takara PrimeSTAR LongSeq 1x 150 ng (Q)	Pseudomonas aeruginosa	u47844ctg_len-6275379_circular-yes_depth-14-14-14_duplicated-no	1825000	1850000	25000	66.528000	21.960000	21.150000	1.038298
R005bc2008.D09	complete.3	R005bc2008.D09_complete.3	Takara PrimeSTAR LongSeq 1x 150 ng (Q)	Pseudomonas aeruginosa	u47844ctg_len-6275379_circular-yes_depth-14-14-14_duplicated-no	1850000	1875000	25000	66.944000	21.240000	21.150000	1.004255
R005bc2008.D09	complete.3	R005bc2008.D09_complete.3	Takara PrimeSTAR LongSeq 1x 150 ng (Q)	Pseudomonas aeruginosa	u47844ctg_len-6275379_circular-yes_depth-14-14-14_duplicated-no	1875000	1900000	25000	67.992000	21.370000	21.150000	1.010402
R005bc2008.D09	complete.3	R005bc2008.D09_complete.3	Takara PrimeSTAR LongSeq 1x 150 ng (Q)	Pseudomonas aeruginosa	u47844ctg_len-6275379_circular-yes_depth-14-14-14_duplicated-no	1900000	1925000	25000	68.564000	15.120000	21.150000	0.714894
R005bc2008.D09	complete.3	R005bc2008.D09_complete.3	Takara PrimeSTAR LongSeq 1x 150 ng (Q)	Pseudomonas aeruginosa	u47844ctg_len-6275379_circular-yes_depth-14-14-14_duplicated-no	1925000	1950000	25000	68.732000	16.540000	21.150000	0.782033
R005bc2008.D09	complete.3	R005bc2008.D09_complete.3	Takara PrimeSTAR LongSeq 1x 150 ng (Q)	Pseudomonas aeruginosa	u47844ctg_len-6275379_circular-yes_depth-14-14-14_duplicated-no	1950000	1975000	25000	67.152000	21.600000	21.150000	1.021277
R005bc2008.D09	complete.3	R005bc2008.D09_complete.3	Takara PrimeSTAR LongSeq 1x 150 ng (Q)	Pseudomonas aeruginosa	u47844ctg_len-6275379_circular-yes_depth-14-14-14_duplicated-no	1975000	2000000	25000	66.812000	19.330000	21.150000	0.913948
R005bc2008.D09	complete.3	R005bc2008.D09_complete.3	Takara PrimeSTAR LongSeq 1x 150 ng (Q)	Pseudomonas aeruginosa	u47844ctg_len-6275379_circular-yes_depth-14-14-14_duplicated-no	2000000	2025000	25000	68.584000	22.260000	21.150000	1.052482
R005bc2008.D09	complete.3	R005bc2008.D09_complete.3	Takara PrimeSTAR LongSeq 1x 150 ng (Q)	Pseudomonas aeruginosa	u47844ctg_len-6275379_circular-yes_depth-14-14-14_duplicated-no	2025000	2050000	25000	67.392000	24.020000	21.150000	1.135697
R005bc2008.D09	complete.3	R005bc2008.D09_complete.3	Takara PrimeSTAR LongSeq 1x 150 ng (Q)	Pseudomonas aeruginosa	u47844ctg_len-6275379_circular-yes_depth-14-14-14_duplicated-no	2050000	2075000	25000	64.388000	16.760000	21.150000	0.792435
R005bc2008.D09	complete.3	R005bc2008.D09_complete.3	Takara PrimeSTAR LongSeq 1x 150 ng (Q)	Pseudomonas aeruginosa	u47844ctg_len-6275379_circular-yes_depth-14-14-14_duplicated-no	2075000	2100000	25000	66.964000	20.370000	21.150000	0.963121
R005bc2008.D09	complete.3	R005bc2008.D09_complete.3	Takara PrimeSTAR LongSeq 1x 150 ng (Q)	Pseudomonas aeruginosa	u47844ctg_len-6275379_circular-yes_depth-14-14-14_duplicated-no	2100000	2125000	25000	65.824000	16.520000	21.150000	0.781087
R005bc2008.D09	complete.3	R005bc2008.D09_complete.3	Takara PrimeSTAR LongSeq 1x 150 ng (Q)	Pseudomonas aeruginosa	u47844ctg_len-6275379_circular-yes_depth-14-14-14_duplicated-no	2125000	2150000	25000	67.344000	21.690000	21.150000	1.025532
R005bc2008.D09	complete.3	R005bc2008.D09_complete.3	Takara PrimeSTAR LongSeq 1x 150 ng (Q)	Pseudomonas aeruginosa	u47844ctg_len-6275379_circular-yes_depth-14-14-14_duplicated-no	2150000	2175000	25000	66.716000	17.550000	21.150000	0.829787
R005bc2008.D09	complete.3	R005bc2008.D09_complete.3	Takara PrimeSTAR LongSeq 1x 150 ng (Q)	Pseudomonas aeruginosa	u47844ctg_len-6275379_circular-yes_depth-14-14-14_duplicated-no	2175000	2200000	25000	65.600000	20.300000	21.150000	0.959811
R005bc2008.D09	complete.3	R005bc2008.D09_complete.3	Takara PrimeSTAR LongSeq 1x 150 ng (Q)	Pseudomonas aeruginosa	u47844ctg_len-6275379_circular-yes_depth-14-14-14_duplicated-no	2200000	2225000	25000	53.580000	25.180000	21.150000	1.190544
R005bc2008.D09	complete.3	R005bc2008.D09_complete.3	Takara PrimeSTAR LongSeq 1x 150 ng (Q)	Pseudomonas aeruginosa	u47844ctg_len-6275379_circular-yes_depth-14-14-14_duplicated-no	2225000	2250000	25000	66.056000	18.160000	21.150000	0.858629
R005bc2008.D09	complete.3	R005bc2008.D09_complete.3	Takara PrimeSTAR LongSeq 1x 150 ng (Q)	Pseudomonas aeruginosa	u47844ctg_len-6275379_circular-yes_depth-14-14-14_duplicated-no	2250000	2275000	25000	67.464000	20.340000	21.150000	0.961702
R005bc2008.D09	complete.3	R005bc2008.D09_complete.3	Takara PrimeSTAR LongSeq 1x 150 ng (Q)	Pseudomonas aeruginosa	u47844ctg_len-6275379_circular-yes_depth-14-14-14_duplicated-no	2275000	2300000	25000	67.476000	17.270000	21.150000	0.816548
R005bc2008.D09	complete.3	R005bc2008.D09_complete.3	Takara PrimeSTAR LongSeq 1x 150 ng (Q)	Pseudomonas aeruginosa	u47844ctg_len-6275379_circular-yes_depth-14-14-14_duplicated-no	2300000	2325000	25000	67.900000	15.280000	21.150000	0.722459
R005bc2008.D09	complete.3	R005bc2008.D09_complete.3	Takara PrimeSTAR LongSeq 1x 150 ng (Q)	Pseudomonas aeruginosa	u47844ctg_len-6275379_circular-yes_depth-14-14-14_duplicated-no	2325000	2350000	25000	65.400000	17.010000	21.150000	0.804255
R005bc2008.D09	complete.3	R005bc2008.D09_complete.3	Takara PrimeSTAR LongSeq 1x 150 ng (Q)	Pseudomonas aeruginosa	u47844ctg_len-6275379_circular-yes_depth-14-14-14_duplicated-no	2350000	2375000	25000	66.404000	18.190000	21.150000	0.860047
R005bc2008.D09	complete.3	R005bc2008.D09_complete.3	Takara PrimeSTAR LongSeq 1x 150 ng (Q)	Pseudomonas aeruginosa	u47844ctg_len-6275379_circular-yes_depth-14-14-14_duplicated-no	2375000	2400000	25000	64.808000	18.720000	21.150000	0.885106
R005bc2008.D09	complete.3	R005bc2008.D09_complete.3	Takara PrimeSTAR LongSeq 1x 150 ng (Q)	Pseudomonas aeruginosa	u47844ctg_len-6275379_circular-yes_depth-14-14-14_duplicated-no	2400000	2425000	25000	65.888000	13.090000	21.150000	0.618913
R005bc2008.D09	complete.3	R005bc2008.D09_complete.3	Takara PrimeSTAR LongSeq 1x 150 ng (Q)	Pseudomonas aeruginosa	u47844ctg_len-6275379_circular-yes_depth-14-14-14_duplicated-no	2425000	2450000	25000	67.316000	17.160000	21.150000	0.811348
R005bc2008.D09	complete.3	R005bc2008.D09_complete.3	Takara PrimeSTAR LongSeq 1x 150 ng (Q)	Pseudomonas aeruginosa	u47844ctg_len-6275379_circular-yes_depth-14-14-14_duplicated-no	2450000	2475000	25000	68.104000	16.470000	21.150000	0.778723
R005bc2008.D09	complete.3	R005bc2008.D09_complete.3	Takara PrimeSTAR LongSeq 1x 150 ng (Q)	Pseudomonas aeruginosa	u47844ctg_len-6275379_circular-yes_depth-14-14-14_duplicated-no	2475000	2500000	25000	69.628000	14.970000	21.150000	0.707801
R005bc2008.D09	complete.3	R005bc2008.D09_complete.3	Takara PrimeSTAR LongSeq 1x 150 ng (Q)	Pseudomonas aeruginosa	u47844ctg_len-6275379_circular-yes_depth-14-14-14_duplicated-no	2500000	2525000	25000	68.784000	13.700000	21.150000	0.647754
R005bc2008.D09	complete.3	R005bc2008.D09_complete.3	Takara PrimeSTAR LongSeq 1x 150 ng (Q)	Pseudomonas aeruginosa	u47844ctg_len-6275379_circular-yes_depth-14-14-14_duplicated-no	2525000	2550000	25000	67.084000	18.950000	21.150000	0.895981
R005bc2008.D09	complete.3	R005bc2008.D09_complete.3	Takara PrimeSTAR LongSeq 1x 150 ng (Q)	Pseudomonas aeruginosa	u47844ctg_len-6275379_circular-yes_depth-14-14-14_duplicated-no	2550000	2575000	25000	66.740000	19.360000	21.150000	0.915366
R005bc2008.D09	complete.3	R005bc2008.D09_complete.3	Takara PrimeSTAR LongSeq 1x 150 ng (Q)	Pseudomonas aeruginosa	u47844ctg_len-6275379_circular-yes_depth-14-14-14_duplicated-no	2575000	2600000	25000	64.296000	14.410000	21.150000	0.681324
R005bc2008.D09	complete.3	R005bc2008.D09_complete.3	Takara PrimeSTAR LongSeq 1x 150 ng (Q)	Pseudomonas aeruginosa	u47844ctg_len-6275379_circular-yes_depth-14-14-14_duplicated-no	2600000	2625000	25000	66.268000	17.910000	21.150000	0.846809
R005bc2008.D09	complete.3	R005bc2008.D09_complete.3	Takara PrimeSTAR LongSeq 1x 150 ng (Q)	Pseudomonas aeruginosa	u47844ctg_len-6275379_circular-yes_depth-14-14-14_duplicated-no	2625000	2650000	25000	63.288000	18.990000	21.150000	0.897872
R005bc2008.D09	complete.3	R005bc2008.D09_complete.3	Takara PrimeSTAR LongSeq 1x 150 ng (Q)	Pseudomonas aeruginosa	u47844ctg_len-6275379_circular-yes_depth-14-14-14_duplicated-no	2650000	2675000	25000	64.752000	19.420000	21.150000	0.918203
R005bc2008.D09	complete.3	R005bc2008.D09_complete.3	Takara PrimeSTAR LongSeq 1x 150 ng (Q)	Pseudomonas aeruginosa	u47844ctg_len-6275379_circular-yes_depth-14-14-14_duplicated-no	2675000	2700000	25000	67.008000	17.440000	21.150000	0.824586
R005bc2008.D09	complete.3	R005bc2008.D09_complete.3	Takara PrimeSTAR LongSeq 1x 150 ng (Q)	Pseudomonas aeruginosa	u47844ctg_len-6275379_circular-yes_depth-14-14-14_duplicated-no	2700000	2725000	25000	67.192000	15.430000	21.150000	0.729551
R005bc2008.D09	complete.3	R005bc2008.D09_complete.3	Takara PrimeSTAR LongSeq 1x 150 ng (Q)	Pseudomonas aeruginosa	u47844ctg_len-6275379_circular-yes_depth-14-14-14_duplicated-no	2725000	2750000	25000	66.404000	16.910000	21.150000	0.799527
R005bc2008.D09	complete.3	R005bc2008.D09_complete.3	Takara PrimeSTAR LongSeq 1x 150 ng (Q)	Pseudomonas aeruginosa	u47844ctg_len-6275379_circular-yes_depth-14-14-14_duplicated-no	2750000	2775000	25000	65.168000	15.800000	21.150000	0.747045
R005bc2008.D09	complete.3	R005bc2008.D09_complete.3	Takara PrimeSTAR LongSeq 1x 150 ng (Q)	Pseudomonas aeruginosa	u47844ctg_len-6275379_circular-yes_depth-14-14-14_duplicated-no	2775000	2800000	25000	64.864000	19.150000	21.150000	0.905437
R005bc2008.D09	complete.3	R005bc2008.D09_complete.3	Takara PrimeSTAR LongSeq 1x 150 ng (Q)	Pseudomonas aeruginosa	u47844ctg_len-6275379_circular-yes_depth-14-14-14_duplicated-no	2800000	2825000	25000	65.984000	17.320000	21.150000	0.818913
R005bc2008.D09	complete.3	R005bc2008.D09_complete.3	Takara PrimeSTAR LongSeq 1x 150 ng (Q)	Pseudomonas aeruginosa	u47844ctg_len-6275379_circular-yes_depth-14-14-14_duplicated-no	2825000	2850000	25000	63.156000	19.880000	21.150000	0.939953
R005bc2008.D09	complete.3	R005bc2008.D09_complete.3	Takara PrimeSTAR LongSeq 1x 150 ng (Q)	Pseudomonas aeruginosa	u47844ctg_len-6275379_circular-yes_depth-14-14-14_duplicated-no	2850000	2875000	25000	67.320000	14.880000	21.150000	0.703546
R005bc2008.D09	complete.3	R005bc2008.D09_complete.3	Takara PrimeSTAR LongSeq 1x 150 ng (Q)	Pseudomonas aeruginosa	u47844ctg_len-6275379_circular-yes_depth-14-14-14_duplicated-no	2875000	2900000	25000	68.056000	17.560000	21.150000	0.830260
R005bc2008.D09	complete.3	R005bc2008.D09_complete.3	Takara PrimeSTAR LongSeq 1x 150 ng (Q)	Pseudomonas aeruginosa	u47844ctg_len-6275379_circular-yes_depth-14-14-14_duplicated-no	2900000	2925000	25000	68.060000	12.480000	21.150000	0.590071
R005bc2008.D09	complete.3	R005bc2008.D09_complete.3	Takara PrimeSTAR LongSeq 1x 150 ng (Q)	Pseudomonas aeruginosa	u47844ctg_len-6275379_circular-yes_depth-14-14-14_duplicated-no	2925000	2950000	25000	68.592000	13.820000	21.150000	0.653428
R005bc2008.D09	complete.3	R005bc2008.D09_complete.3	Takara PrimeSTAR LongSeq 1x 150 ng (Q)	Pseudomonas aeruginosa	u47844ctg_len-6275379_circular-yes_depth-14-14-14_duplicated-no	2950000	2975000	25000	68.096000	16.930000	21.150000	0.800473
R005bc2008.D09	complete.3	R005bc2008.D09_complete.3	Takara PrimeSTAR LongSeq 1x 150 ng (Q)	Pseudomonas aeruginosa	u47844ctg_len-6275379_circular-yes_depth-14-14-14_duplicated-no	2975000	3000000	25000	63.796000	19.090000	21.150000	0.902600
R005bc2008.D09	complete.3	R005bc2008.D09_complete.3	Takara PrimeSTAR LongSeq 1x 150 ng (Q)	Pseudomonas aeruginosa	u47844ctg_len-6275379_circular-yes_depth-14-14-14_duplicated-no	3000000	3025000	25000	68.840000	14.610000	21.150000	0.690780
R005bc2008.D09	complete.3	R005bc2008.D09_complete.3	Takara PrimeSTAR LongSeq 1x 150 ng (Q)	Pseudomonas aeruginosa	u47844ctg_len-6275379_circular-yes_depth-14-14-14_duplicated-no	3025000	3050000	25000	68.664000	16.160000	21.150000	0.764066
R005bc2008.D09	complete.3	R005bc2008.D09_complete.3	Takara PrimeSTAR LongSeq 1x 150 ng (Q)	Pseudomonas aeruginosa	u47844ctg_len-6275379_circular-yes_depth-14-14-14_duplicated-no	3050000	3075000	25000	68.028000	15.280000	21.150000	0.722459
R005bc2008.D09	complete.3	R005bc2008.D09_complete.3	Takara PrimeSTAR LongSeq 1x 150 ng (Q)	Pseudomonas aeruginosa	u47844ctg_len-6275379_circular-yes_depth-14-14-14_duplicated-no	3075000	3100000	25000	64.688000	13.970000	21.150000	0.660520
R005bc2008.D09	complete.3	R005bc2008.D09_complete.3	Takara PrimeSTAR LongSeq 1x 150 ng (Q)	Pseudomonas aeruginosa	u47844ctg_len-6275379_circular-yes_depth-14-14-14_duplicated-no	3100000	3125000	25000	66.968000	15.670000	21.150000	0.740898
R005bc2008.D09	complete.3	R005bc2008.D09_complete.3	Takara PrimeSTAR LongSeq 1x 150 ng (Q)	Pseudomonas aeruginosa	u47844ctg_len-6275379_circular-yes_depth-14-14-14_duplicated-no	3125000	3150000	25000	68.868000	13.700000	21.150000	0.647754
R005bc2008.D09	complete.3	R005bc2008.D09_complete.3	Takara PrimeSTAR LongSeq 1x 150 ng (Q)	Pseudomonas aeruginosa	u47844ctg_len-6275379_circular-yes_depth-14-14-14_duplicated-no	3150000	3175000	25000	69.196000	14.380000	21.150000	0.679905
R005bc2008.D09	complete.3	R005bc2008.D09_complete.3	Takara PrimeSTAR LongSeq 1x 150 ng (Q)	Pseudomonas aeruginosa	u47844ctg_len-6275379_circular-yes_depth-14-14-14_duplicated-no	3175000	3200000	25000	68.100000	16.770000	21.150000	0.792908
R005bc2008.D09	complete.3	R005bc2008.D09_complete.3	Takara PrimeSTAR LongSeq 1x 150 ng (Q)	Pseudomonas aeruginosa	u47844ctg_len-6275379_circular-yes_depth-14-14-14_duplicated-no	3200000	3225000	25000	69.900000	13.820000	21.150000	0.653428
R005bc2008.D09	complete.3	R005bc2008.D09_complete.3	Takara PrimeSTAR LongSeq 1x 150 ng (Q)	Pseudomonas aeruginosa	u47844ctg_len-6275379_circular-yes_depth-14-14-14_duplicated-no	3225000	3250000	25000	68.816000	12.560000	21.150000	0.593853
R005bc2008.D09	complete.3	R005bc2008.D09_complete.3	Takara PrimeSTAR LongSeq 1x 150 ng (Q)	Pseudomonas aeruginosa	u47844ctg_len-6275379_circular-yes_depth-14-14-14_duplicated-no	3250000	3275000	25000	68.056000	11.380000	21.150000	0.538061
R005bc2008.D09	complete.3	R005bc2008.D09_complete.3	Takara PrimeSTAR LongSeq 1x 150 ng (Q)	Pseudomonas aeruginosa	u47844ctg_len-6275379_circular-yes_depth-14-14-14_duplicated-no	3275000	3300000	25000	64.404000	16.790000	21.150000	0.793853
R005bc2008.D09	complete.3	R005bc2008.D09_complete.3	Takara PrimeSTAR LongSeq 1x 150 ng (Q)	Pseudomonas aeruginosa	u47844ctg_len-6275379_circular-yes_depth-14-14-14_duplicated-no	3300000	3325000	25000	64.632000	13.320000	21.150000	0.629787
R005bc2008.D09	complete.3	R005bc2008.D09_complete.3	Takara PrimeSTAR LongSeq 1x 150 ng (Q)	Pseudomonas aeruginosa	u47844ctg_len-6275379_circular-yes_depth-14-14-14_duplicated-no	3325000	3350000	25000	67.288000	11.060000	21.150000	0.522931
R005bc2008.D09	complete.3	R005bc2008.D09_complete.3	Takara PrimeSTAR LongSeq 1x 150 ng (Q)	Pseudomonas aeruginosa	u47844ctg_len-6275379_circular-yes_depth-14-14-14_duplicated-no	3350000	3375000	25000	68.748000	14.050000	21.150000	0.664303
R005bc2008.D09	complete.3	R005bc2008.D09_complete.3	Takara PrimeSTAR LongSeq 1x 150 ng (Q)	Pseudomonas aeruginosa	u47844ctg_len-6275379_circular-yes_depth-14-14-14_duplicated-no	3375000	3400000	25000	67.820000	10.840000	21.150000	0.512530
R005bc2008.D09	complete.3	R005bc2008.D09_complete.3	Takara PrimeSTAR LongSeq 1x 150 ng (Q)	Pseudomonas aeruginosa	u47844ctg_len-6275379_circular-yes_depth-14-14-14_duplicated-no	3400000	3425000	25000	68.204000	14.450000	21.150000	0.683215
R005bc2008.D09	complete.3	R005bc2008.D09_complete.3	Takara PrimeSTAR LongSeq 1x 150 ng (Q)	Pseudomonas aeruginosa	u47844ctg_len-6275379_circular-yes_depth-14-14-14_duplicated-no	3425000	3450000	25000	66.948000	13.490000	21.150000	0.637825
R005bc2008.D09	complete.3	R005bc2008.D09_complete.3	Takara PrimeSTAR LongSeq 1x 150 ng (Q)	Pseudomonas aeruginosa	u47844ctg_len-6275379_circular-yes_depth-14-14-14_duplicated-no	3450000	3475000	25000	67.576000	13.290000	21.150000	0.628369
R005bc2008.D09	complete.3	R005bc2008.D09_complete.3	Takara PrimeSTAR LongSeq 1x 150 ng (Q)	Pseudomonas aeruginosa	u47844ctg_len-6275379_circular-yes_depth-14-14-14_duplicated-no	3475000	3500000	25000	69.168000	15.700000	21.150000	0.742317
R005bc2008.D09	complete.3	R005bc2008.D09_complete.3	Takara PrimeSTAR LongSeq 1x 150 ng (Q)	Pseudomonas aeruginosa	u47844ctg_len-6275379_circular-yes_depth-14-14-14_duplicated-no	3500000	3525000	25000	65.224000	17.740000	21.150000	0.838771
R005bc2008.D09	complete.3	R005bc2008.D09_complete.3	Takara PrimeSTAR LongSeq 1x 150 ng (Q)	Pseudomonas aeruginosa	u47844ctg_len-6275379_circular-yes_depth-14-14-14_duplicated-no	3525000	3550000	25000	67.432000	12.210000	21.150000	0.577305
R005bc2008.D09	complete.3	R005bc2008.D09_complete.3	Takara PrimeSTAR LongSeq 1x 150 ng (Q)	Pseudomonas aeruginosa	u47844ctg_len-6275379_circular-yes_depth-14-14-14_duplicated-no	3550000	3575000	25000	68.880000	15.060000	21.150000	0.712057
R005bc2008.D09	complete.3	R005bc2008.D09_complete.3	Takara PrimeSTAR LongSeq 1x 150 ng (Q)	Pseudomonas aeruginosa	u47844ctg_len-6275379_circular-yes_depth-14-14-14_duplicated-no	3575000	3600000	25000	68.312000	17.120000	21.150000	0.809456
R005bc2008.D09	complete.3	R005bc2008.D09_complete.3	Takara PrimeSTAR LongSeq 1x 150 ng (Q)	Pseudomonas aeruginosa	u47844ctg_len-6275379_circular-yes_depth-14-14-14_duplicated-no	3600000	3625000	25000	66.676000	13.330000	21.150000	0.630260
R005bc2008.D09	complete.3	R005bc2008.D09_complete.3	Takara PrimeSTAR LongSeq 1x 150 ng (Q)	Pseudomonas aeruginosa	u47844ctg_len-6275379_circular-yes_depth-14-14-14_duplicated-no	3625000	3650000	25000	66.192000	17.580000	21.150000	0.831206
R005bc2008.D09	complete.3	R005bc2008.D09_complete.3	Takara PrimeSTAR LongSeq 1x 150 ng (Q)	Pseudomonas aeruginosa	u47844ctg_len-6275379_circular-yes_depth-14-14-14_duplicated-no	3650000	3675000	25000	69.244000	12.850000	21.150000	0.607565
R005bc2008.D09	complete.3	R005bc2008.D09_complete.3	Takara PrimeSTAR LongSeq 1x 150 ng (Q)	Pseudomonas aeruginosa	u47844ctg_len-6275379_circular-yes_depth-14-14-14_duplicated-no	3675000	3700000	25000	66.272000	14.710000	21.150000	0.695508
R005bc2008.D09	complete.3	R005bc2008.D09_complete.3	Takara PrimeSTAR LongSeq 1x 150 ng (Q)	Pseudomonas aeruginosa	u47844ctg_len-6275379_circular-yes_depth-14-14-14_duplicated-no	3700000	3725000	25000	68.200000	15.780000	21.150000	0.746099
R005bc2008.D09	complete.3	R005bc2008.D09_complete.3	Takara PrimeSTAR LongSeq 1x 150 ng (Q)	Pseudomonas aeruginosa	u47844ctg_len-6275379_circular-yes_depth-14-14-14_duplicated-no	3725000	3750000	25000	66.652000	19.030000	21.150000	0.899764
R005bc2008.D09	complete.3	R005bc2008.D09_complete.3	Takara PrimeSTAR LongSeq 1x 150 ng (Q)	Pseudomonas aeruginosa	u47844ctg_len-6275379_circular-yes_depth-14-14-14_duplicated-no	3750000	3775000	25000	66.320000	20.340000	21.150000	0.961702
R005bc2008.D09	complete.3	R005bc2008.D09_complete.3	Takara PrimeSTAR LongSeq 1x 150 ng (Q)	Pseudomonas aeruginosa	u47844ctg_len-6275379_circular-yes_depth-14-14-14_duplicated-no	3775000	3800000	25000	63.144000	16.080000	21.150000	0.760284
R005bc2008.D09	complete.3	R005bc2008.D09_complete.3	Takara PrimeSTAR LongSeq 1x 150 ng (Q)	Pseudomonas aeruginosa	u47844ctg_len-6275379_circular-yes_depth-14-14-14_duplicated-no	3800000	3825000	25000	66.096000	18.080000	21.150000	0.854846
R005bc2008.D09	complete.3	R005bc2008.D09_complete.3	Takara PrimeSTAR LongSeq 1x 150 ng (Q)	Pseudomonas aeruginosa	u47844ctg_len-6275379_circular-yes_depth-14-14-14_duplicated-no	3825000	3850000	25000	63.912000	22.090000	21.150000	1.044444
R005bc2008.D09	complete.3	R005bc2008.D09_complete.3	Takara PrimeSTAR LongSeq 1x 150 ng (Q)	Pseudomonas aeruginosa	u47844ctg_len-6275379_circular-yes_depth-14-14-14_duplicated-no	3850000	3875000	25000	65.700000	19.590000	21.150000	0.926241
R005bc2008.D09	complete.3	R005bc2008.D09_complete.3	Takara PrimeSTAR LongSeq 1x 150 ng (Q)	Pseudomonas aeruginosa	u47844ctg_len-6275379_circular-yes_depth-14-14-14_duplicated-no	3875000	3900000	25000	66.632000	18.150000	21.150000	0.858156
R005bc2008.D09	complete.3	R005bc2008.D09_complete.3	Takara PrimeSTAR LongSeq 1x 150 ng (Q)	Pseudomonas aeruginosa	u47844ctg_len-6275379_circular-yes_depth-14-14-14_duplicated-no	3900000	3925000	25000	67.236000	17.280000	21.150000	0.817021
R005bc2008.D09	complete.3	R005bc2008.D09_complete.3	Takara PrimeSTAR LongSeq 1x 150 ng (Q)	Pseudomonas aeruginosa	u47844ctg_len-6275379_circular-yes_depth-14-14-14_duplicated-no	3925000	3950000	25000	65.544000	21.090000	21.150000	0.997163
R005bc2008.D09	complete.3	R005bc2008.D09_complete.3	Takara PrimeSTAR LongSeq 1x 150 ng (Q)	Pseudomonas aeruginosa	u47844ctg_len-6275379_circular-yes_depth-14-14-14_duplicated-no	3950000	3975000	25000	67.792000	13.990000	21.150000	0.661466
R005bc2008.D09	complete.3	R005bc2008.D09_complete.3	Takara PrimeSTAR LongSeq 1x 150 ng (Q)	Pseudomonas aeruginosa	u47844ctg_len-6275379_circular-yes_depth-14-14-14_duplicated-no	3975000	4000000	25000	67.480000	13.060000	21.150000	0.617494
R005bc2008.D09	complete.3	R005bc2008.D09_complete.3	Takara PrimeSTAR LongSeq 1x 150 ng (Q)	Pseudomonas aeruginosa	u47844ctg_len-6275379_circular-yes_depth-14-14-14_duplicated-no	4000000	4025000	25000	65.736000	17.860000	21.150000	0.844444
R005bc2008.D09	complete.3	R005bc2008.D09_complete.3	Takara PrimeSTAR LongSeq 1x 150 ng (Q)	Pseudomonas aeruginosa	u47844ctg_len-6275379_circular-yes_depth-14-14-14_duplicated-no	4025000	4050000	25000	66.500000	16.380000	21.150000	0.774468
R005bc2008.D09	complete.3	R005bc2008.D09_complete.3	Takara PrimeSTAR LongSeq 1x 150 ng (Q)	Pseudomonas aeruginosa	u47844ctg_len-6275379_circular-yes_depth-14-14-14_duplicated-no	4050000	4075000	25000	64.924000	15.500000	21.150000	0.732861
R005bc2008.D09	complete.3	R005bc2008.D09_complete.3	Takara PrimeSTAR LongSeq 1x 150 ng (Q)	Pseudomonas aeruginosa	u47844ctg_len-6275379_circular-yes_depth-14-14-14_duplicated-no	4075000	4100000	25000	65.896000	17.360000	21.150000	0.820804
R005bc2008.D09	complete.3	R005bc2008.D09_complete.3	Takara PrimeSTAR LongSeq 1x 150 ng (Q)	Pseudomonas aeruginosa	u47844ctg_len-6275379_circular-yes_depth-14-14-14_duplicated-no	4100000	4125000	25000	65.132000	13.750000	21.150000	0.650118
R005bc2008.D09	complete.3	R005bc2008.D09_complete.3	Takara PrimeSTAR LongSeq 1x 150 ng (Q)	Pseudomonas aeruginosa	u47844ctg_len-6275379_circular-yes_depth-14-14-14_duplicated-no	4125000	4150000	25000	67.584000	19.010000	21.150000	0.898818
R005bc2008.D09	complete.3	R005bc2008.D09_complete.3	Takara PrimeSTAR LongSeq 1x 150 ng (Q)	Pseudomonas aeruginosa	u47844ctg_len-6275379_circular-yes_depth-14-14-14_duplicated-no	4150000	4175000	25000	66.660000	18.770000	21.150000	0.887470
R005bc2008.D09	complete.3	R005bc2008.D09_complete.3	Takara PrimeSTAR LongSeq 1x 150 ng (Q)	Pseudomonas aeruginosa	u47844ctg_len-6275379_circular-yes_depth-14-14-14_duplicated-no	4175000	4200000	25000	67.068000	21.150000	21.150000	1.000000
R005bc2008.D09	complete.3	R005bc2008.D09_complete.3	Takara PrimeSTAR LongSeq 1x 150 ng (Q)	Pseudomonas aeruginosa	u47844ctg_len-6275379_circular-yes_depth-14-14-14_duplicated-no	4200000	4225000	25000	68.872000	16.230000	21.150000	0.767376
R005bc2008.D09	complete.3	R005bc2008.D09_complete.3	Takara PrimeSTAR LongSeq 1x 150 ng (Q)	Pseudomonas aeruginosa	u47844ctg_len-6275379_circular-yes_depth-14-14-14_duplicated-no	4225000	4250000	25000	60.944000	18.620000	21.150000	0.880378
R005bc2008.D09	complete.3	R005bc2008.D09_complete.3	Takara PrimeSTAR LongSeq 1x 150 ng (Q)	Pseudomonas aeruginosa	u47844ctg_len-6275379_circular-yes_depth-14-14-14_duplicated-no	4250000	4275000	25000	61.152000	19.040000	21.150000	0.900236
R005bc2008.D09	complete.3	R005bc2008.D09_complete.3	Takara PrimeSTAR LongSeq 1x 150 ng (Q)	Pseudomonas aeruginosa	u47844ctg_len-6275379_circular-yes_depth-14-14-14_duplicated-no	4275000	4300000	25000	67.516000	15.390000	21.150000	0.727660
R005bc2008.D09	complete.3	R005bc2008.D09_complete.3	Takara PrimeSTAR LongSeq 1x 150 ng (Q)	Pseudomonas aeruginosa	u47844ctg_len-6275379_circular-yes_depth-14-14-14_duplicated-no	4300000	4325000	25000	66.984000	16.610000	21.150000	0.785343
R005bc2008.D09	complete.3	R005bc2008.D09_complete.3	Takara PrimeSTAR LongSeq 1x 150 ng (Q)	Pseudomonas aeruginosa	u47844ctg_len-6275379_circular-yes_depth-14-14-14_duplicated-no	4325000	4350000	25000	66.948000	16.800000	21.150000	0.794326
R005bc2008.D09	complete.3	R005bc2008.D09_complete.3	Takara PrimeSTAR LongSeq 1x 150 ng (Q)	Pseudomonas aeruginosa	u47844ctg_len-6275379_circular-yes_depth-14-14-14_duplicated-no	4350000	4375000	25000	71.012000	14.350000	21.150000	0.678487
R005bc2008.D09	complete.3	R005bc2008.D09_complete.3	Takara PrimeSTAR LongSeq 1x 150 ng (Q)	Pseudomonas aeruginosa	u47844ctg_len-6275379_circular-yes_depth-14-14-14_duplicated-no	4375000	4400000	25000	68.220000	18.150000	21.150000	0.858156
R005bc2008.D09	complete.3	R005bc2008.D09_complete.3	Takara PrimeSTAR LongSeq 1x 150 ng (Q)	Pseudomonas aeruginosa	u47844ctg_len-6275379_circular-yes_depth-14-14-14_duplicated-no	4400000	4425000	25000	69.424000	17.250000	21.150000	0.815603
R005bc2008.D09	complete.3	R005bc2008.D09_complete.3	Takara PrimeSTAR LongSeq 1x 150 ng (Q)	Pseudomonas aeruginosa	u47844ctg_len-6275379_circular-yes_depth-14-14-14_duplicated-no	4425000	4450000	25000	67.772000	21.510000	21.150000	1.017021
R005bc2008.D09	complete.3	R005bc2008.D09_complete.3	Takara PrimeSTAR LongSeq 1x 150 ng (Q)	Pseudomonas aeruginosa	u47844ctg_len-6275379_circular-yes_depth-14-14-14_duplicated-no	4450000	4475000	25000	66.948000	19.190000	21.150000	0.907329
R005bc2008.D09	complete.3	R005bc2008.D09_complete.3	Takara PrimeSTAR LongSeq 1x 150 ng (Q)	Pseudomonas aeruginosa	u47844ctg_len-6275379_circular-yes_depth-14-14-14_duplicated-no	4475000	4500000	25000	65.212000	23.410000	21.150000	1.106856
R005bc2008.D09	complete.3	R005bc2008.D09_complete.3	Takara PrimeSTAR LongSeq 1x 150 ng (Q)	Pseudomonas aeruginosa	u47844ctg_len-6275379_circular-yes_depth-14-14-14_duplicated-no	4500000	4525000	25000	66.152000	19.660000	21.150000	0.929551
R005bc2008.D09	complete.3	R005bc2008.D09_complete.3	Takara PrimeSTAR LongSeq 1x 150 ng (Q)	Pseudomonas aeruginosa	u47844ctg_len-6275379_circular-yes_depth-14-14-14_duplicated-no	4525000	4550000	25000	67.080000	19.930000	21.150000	0.942317
R005bc2008.D09	complete.3	R005bc2008.D09_complete.3	Takara PrimeSTAR LongSeq 1x 150 ng (Q)	Pseudomonas aeruginosa	u47844ctg_len-6275379_circular-yes_depth-14-14-14_duplicated-no	4550000	4575000	25000	65.556000	20.570000	21.150000	0.972577
R005bc2008.D09	complete.3	R005bc2008.D09_complete.3	Takara PrimeSTAR LongSeq 1x 150 ng (Q)	Pseudomonas aeruginosa	u47844ctg_len-6275379_circular-yes_depth-14-14-14_duplicated-no	4575000	4600000	25000	65.876000	16.820000	21.150000	0.795272
R005bc2008.D09	complete.3	R005bc2008.D09_complete.3	Takara PrimeSTAR LongSeq 1x 150 ng (Q)	Pseudomonas aeruginosa	u47844ctg_len-6275379_circular-yes_depth-14-14-14_duplicated-no	4600000	4625000	25000	67.196000	16.920000	21.150000	0.800000
R005bc2008.D09	complete.3	R005bc2008.D09_complete.3	Takara PrimeSTAR LongSeq 1x 150 ng (Q)	Pseudomonas aeruginosa	u47844ctg_len-6275379_circular-yes_depth-14-14-14_duplicated-no	4625000	4650000	25000	66.752000	17.090000	21.150000	0.808038
R005bc2008.D09	complete.3	R005bc2008.D09_complete.3	Takara PrimeSTAR LongSeq 1x 150 ng (Q)	Pseudomonas aeruginosa	u47844ctg_len-6275379_circular-yes_depth-14-14-14_duplicated-no	4650000	4675000	25000	63.076000	20.010000	21.150000	0.946099
R005bc2008.D09	complete.3	R005bc2008.D09_complete.3	Takara PrimeSTAR LongSeq 1x 150 ng (Q)	Pseudomonas aeruginosa	u47844ctg_len-6275379_circular-yes_depth-14-14-14_duplicated-no	4675000	4700000	25000	59.180000	27.800000	21.150000	1.314421
R005bc2008.D09	complete.3	R005bc2008.D09_complete.3	Takara PrimeSTAR LongSeq 1x 150 ng (Q)	Pseudomonas aeruginosa	u47844ctg_len-6275379_circular-yes_depth-14-14-14_duplicated-no	4700000	4725000	25000	63.072000	22.260000	21.150000	1.052482
R005bc2008.D09	complete.3	R005bc2008.D09_complete.3	Takara PrimeSTAR LongSeq 1x 150 ng (Q)	Pseudomonas aeruginosa	u47844ctg_len-6275379_circular-yes_depth-14-14-14_duplicated-no	4725000	4750000	25000	65.924000	20.380000	21.150000	0.963593
R005bc2008.D09	complete.3	R005bc2008.D09_complete.3	Takara PrimeSTAR LongSeq 1x 150 ng (Q)	Pseudomonas aeruginosa	u47844ctg_len-6275379_circular-yes_depth-14-14-14_duplicated-no	4750000	4775000	25000	65.508000	22.370000	21.150000	1.057683
R005bc2008.D09	complete.3	R005bc2008.D09_complete.3	Takara PrimeSTAR LongSeq 1x 150 ng (Q)	Pseudomonas aeruginosa	u47844ctg_len-6275379_circular-yes_depth-14-14-14_duplicated-no	4775000	4800000	25000	66.708000	23.510000	21.150000	1.111584
R005bc2008.D09	complete.3	R005bc2008.D09_complete.3	Takara PrimeSTAR LongSeq 1x 150 ng (Q)	Pseudomonas aeruginosa	u47844ctg_len-6275379_circular-yes_depth-14-14-14_duplicated-no	4800000	4825000	25000	66.740000	23.370000	21.150000	1.104965
R005bc2008.D09	complete.3	R005bc2008.D09_complete.3	Takara PrimeSTAR LongSeq 1x 150 ng (Q)	Pseudomonas aeruginosa	u47844ctg_len-6275379_circular-yes_depth-14-14-14_duplicated-no	4825000	4850000	25000	64.704000	20.010000	21.150000	0.946099
R005bc2008.D09	complete.3	R005bc2008.D09_complete.3	Takara PrimeSTAR LongSeq 1x 150 ng (Q)	Pseudomonas aeruginosa	u47844ctg_len-6275379_circular-yes_depth-14-14-14_duplicated-no	4850000	4875000	25000	67.684000	18.270000	21.150000	0.863830
R005bc2008.D09	complete.3	R005bc2008.D09_complete.3	Takara PrimeSTAR LongSeq 1x 150 ng (Q)	Pseudomonas aeruginosa	u47844ctg_len-6275379_circular-yes_depth-14-14-14_duplicated-no	4875000	4900000	25000	67.716000	20.220000	21.150000	0.956028
R005bc2008.D09	complete.3	R005bc2008.D09_complete.3	Takara PrimeSTAR LongSeq 1x 150 ng (Q)	Pseudomonas aeruginosa	u47844ctg_len-6275379_circular-yes_depth-14-14-14_duplicated-no	4900000	4925000	25000	66.004000	21.570000	21.150000	1.019858
R005bc2008.D09	complete.3	R005bc2008.D09_complete.3	Takara PrimeSTAR LongSeq 1x 150 ng (Q)	Pseudomonas aeruginosa	u47844ctg_len-6275379_circular-yes_depth-14-14-14_duplicated-no	4925000	4950000	25000	66.948000	20.770000	21.150000	0.982033
R005bc2008.D09	complete.3	R005bc2008.D09_complete.3	Takara PrimeSTAR LongSeq 1x 150 ng (Q)	Pseudomonas aeruginosa	u47844ctg_len-6275379_circular-yes_depth-14-14-14_duplicated-no	4950000	4975000	25000	62.184000	25.690000	21.150000	1.214657
R005bc2008.D09	complete.3	R005bc2008.D09_complete.3	Takara PrimeSTAR LongSeq 1x 150 ng (Q)	Pseudomonas aeruginosa	u47844ctg_len-6275379_circular-yes_depth-14-14-14_duplicated-no	4975000	5000000	25000	66.524000	18.760000	21.150000	0.886998
R005bc2008.D09	complete.3	R005bc2008.D09_complete.3	Takara PrimeSTAR LongSeq 1x 150 ng (Q)	Pseudomonas aeruginosa	u47844ctg_len-6275379_circular-yes_depth-14-14-14_duplicated-no	5000000	5025000	25000	65.392000	16.710000	21.150000	0.790071
R005bc2008.D09	complete.3	R005bc2008.D09_complete.3	Takara PrimeSTAR LongSeq 1x 150 ng (Q)	Pseudomonas aeruginosa	u47844ctg_len-6275379_circular-yes_depth-14-14-14_duplicated-no	5025000	5050000	25000	68.376000	17.060000	21.150000	0.806619
R005bc2008.D09	complete.3	R005bc2008.D09_complete.3	Takara PrimeSTAR LongSeq 1x 150 ng (Q)	Pseudomonas aeruginosa	u47844ctg_len-6275379_circular-yes_depth-14-14-14_duplicated-no	5050000	5075000	25000	65.680000	22.450000	21.150000	1.061466
R005bc2008.D09	complete.3	R005bc2008.D09_complete.3	Takara PrimeSTAR LongSeq 1x 150 ng (Q)	Pseudomonas aeruginosa	u47844ctg_len-6275379_circular-yes_depth-14-14-14_duplicated-no	5075000	5100000	25000	67.392000	22.140000	21.150000	1.046809
R005bc2008.D09	complete.3	R005bc2008.D09_complete.3	Takara PrimeSTAR LongSeq 1x 150 ng (Q)	Pseudomonas aeruginosa	u47844ctg_len-6275379_circular-yes_depth-14-14-14_duplicated-no	5100000	5125000	25000	68.812000	25.770000	21.150000	1.218440
R005bc2008.D09	complete.3	R005bc2008.D09_complete.3	Takara PrimeSTAR LongSeq 1x 150 ng (Q)	Pseudomonas aeruginosa	u47844ctg_len-6275379_circular-yes_depth-14-14-14_duplicated-no	5125000	5150000	25000	65.620000	27.540000	21.150000	1.302128
R005bc2008.D09	complete.3	R005bc2008.D09_complete.3	Takara PrimeSTAR LongSeq 1x 150 ng (Q)	Pseudomonas aeruginosa	u47844ctg_len-6275379_circular-yes_depth-14-14-14_duplicated-no	5150000	5175000	25000	65.476000	18.920000	21.150000	0.894563
R005bc2008.D09	complete.3	R005bc2008.D09_complete.3	Takara PrimeSTAR LongSeq 1x 150 ng (Q)	Pseudomonas aeruginosa	u47844ctg_len-6275379_circular-yes_depth-14-14-14_duplicated-no	5175000	5200000	25000	64.648000	21.160000	21.150000	1.000473
R005bc2008.D09	complete.3	R005bc2008.D09_complete.3	Takara PrimeSTAR LongSeq 1x 150 ng (Q)	Pseudomonas aeruginosa	u47844ctg_len-6275379_circular-yes_depth-14-14-14_duplicated-no	5200000	5225000	25000	64.576000	26.210000	21.150000	1.239243
R005bc2008.D09	complete.3	R005bc2008.D09_complete.3	Takara PrimeSTAR LongSeq 1x 150 ng (Q)	Pseudomonas aeruginosa	u47844ctg_len-6275379_circular-yes_depth-14-14-14_duplicated-no	5225000	5250000	25000	66.116000	20.540000	21.150000	0.971158
R005bc2008.D09	complete.3	R005bc2008.D09_complete.3	Takara PrimeSTAR LongSeq 1x 150 ng (Q)	Pseudomonas aeruginosa	u47844ctg_len-6275379_circular-yes_depth-14-14-14_duplicated-no	5250000	5275000	25000	66.276000	22.510000	21.150000	1.064303
R005bc2008.D09	complete.3	R005bc2008.D09_complete.3	Takara PrimeSTAR LongSeq 1x 150 ng (Q)	Pseudomonas aeruginosa	u47844ctg_len-6275379_circular-yes_depth-14-14-14_duplicated-no	5275000	5300000	25000	65.556000	29.640000	21.150000	1.401418
R005bc2008.D09	complete.3	R005bc2008.D09_complete.3	Takara PrimeSTAR LongSeq 1x 150 ng (Q)	Pseudomonas aeruginosa	u47844ctg_len-6275379_circular-yes_depth-14-14-14_duplicated-no	5300000	5325000	25000	64.252000	24.670000	21.150000	1.166430
R005bc2008.D09	complete.3	R005bc2008.D09_complete.3	Takara PrimeSTAR LongSeq 1x 150 ng (Q)	Pseudomonas aeruginosa	u47844ctg_len-6275379_circular-yes_depth-14-14-14_duplicated-no	5325000	5350000	25000	64.260000	25.030000	21.150000	1.183452
R005bc2008.D09	complete.3	R005bc2008.D09_complete.3	Takara PrimeSTAR LongSeq 1x 150 ng (Q)	Pseudomonas aeruginosa	u47844ctg_len-6275379_circular-yes_depth-14-14-14_duplicated-no	5350000	5375000	25000	66.308000	21.230000	21.150000	1.003783
R005bc2008.D09	complete.3	R005bc2008.D09_complete.3	Takara PrimeSTAR LongSeq 1x 150 ng (Q)	Pseudomonas aeruginosa	u47844ctg_len-6275379_circular-yes_depth-14-14-14_duplicated-no	5375000	5400000	25000	66.980000	24.900000	21.150000	1.177305
R005bc2008.D09	complete.3	R005bc2008.D09_complete.3	Takara PrimeSTAR LongSeq 1x 150 ng (Q)	Pseudomonas aeruginosa	u47844ctg_len-6275379_circular-yes_depth-14-14-14_duplicated-no	5400000	5425000	25000	65.404000	26.500000	21.150000	1.252955
R005bc2008.D09	complete.3	R005bc2008.D09_complete.3	Takara PrimeSTAR LongSeq 1x 150 ng (Q)	Pseudomonas aeruginosa	u47844ctg_len-6275379_circular-yes_depth-14-14-14_duplicated-no	5425000	5450000	25000	66.440000	27.850000	21.150000	1.316785
R005bc2008.D09	complete.3	R005bc2008.D09_complete.3	Takara PrimeSTAR LongSeq 1x 150 ng (Q)	Pseudomonas aeruginosa	u47844ctg_len-6275379_circular-yes_depth-14-14-14_duplicated-no	5450000	5475000	25000	65.824000	21.780000	21.150000	1.029787
R005bc2008.D09	complete.3	R005bc2008.D09_complete.3	Takara PrimeSTAR LongSeq 1x 150 ng (Q)	Pseudomonas aeruginosa	u47844ctg_len-6275379_circular-yes_depth-14-14-14_duplicated-no	5475000	5500000	25000	61.228000	25.320000	21.150000	1.197163
R005bc2008.D09	complete.3	R005bc2008.D09_complete.3	Takara PrimeSTAR LongSeq 1x 150 ng (Q)	Pseudomonas aeruginosa	u47844ctg_len-6275379_circular-yes_depth-14-14-14_duplicated-no	5500000	5525000	25000	61.472000	28.250000	21.150000	1.335697
R005bc2008.D09	complete.3	R005bc2008.D09_complete.3	Takara PrimeSTAR LongSeq 1x 150 ng (Q)	Pseudomonas aeruginosa	u47844ctg_len-6275379_circular-yes_depth-14-14-14_duplicated-no	5525000	5550000	25000	66.748000	26.110000	21.150000	1.234515
R005bc2008.D09	complete.3	R005bc2008.D09_complete.3	Takara PrimeSTAR LongSeq 1x 150 ng (Q)	Pseudomonas aeruginosa	u47844ctg_len-6275379_circular-yes_depth-14-14-14_duplicated-no	5550000	5575000	25000	64.016000	29.800000	21.150000	1.408983
R005bc2008.D09	complete.3	R005bc2008.D09_complete.3	Takara PrimeSTAR LongSeq 1x 150 ng (Q)	Pseudomonas aeruginosa	u47844ctg_len-6275379_circular-yes_depth-14-14-14_duplicated-no	5575000	5600000	25000	64.664000	25.260000	21.150000	1.194326
R005bc2008.D09	complete.3	R005bc2008.D09_complete.3	Takara PrimeSTAR LongSeq 1x 150 ng (Q)	Pseudomonas aeruginosa	u47844ctg_len-6275379_circular-yes_depth-14-14-14_duplicated-no	5600000	5625000	25000	68.548000	21.950000	21.150000	1.037825
R005bc2008.D09	complete.3	R005bc2008.D09_complete.3	Takara PrimeSTAR LongSeq 1x 150 ng (Q)	Pseudomonas aeruginosa	u47844ctg_len-6275379_circular-yes_depth-14-14-14_duplicated-no	5625000	5650000	25000	68.608000	21.590000	21.150000	1.020804
R005bc2008.D09	complete.3	R005bc2008.D09_complete.3	Takara PrimeSTAR LongSeq 1x 150 ng (Q)	Pseudomonas aeruginosa	u47844ctg_len-6275379_circular-yes_depth-14-14-14_duplicated-no	5650000	5675000	25000	68.044000	24.860000	21.150000	1.175414
R005bc2008.D09	complete.3	R005bc2008.D09_complete.3	Takara PrimeSTAR LongSeq 1x 150 ng (Q)	Pseudomonas aeruginosa	u47844ctg_len-6275379_circular-yes_depth-14-14-14_duplicated-no	5675000	5700000	25000	67.232000	23.770000	21.150000	1.123877
R005bc2008.D09	complete.3	R005bc2008.D09_complete.3	Takara PrimeSTAR LongSeq 1x 150 ng (Q)	Pseudomonas aeruginosa	u47844ctg_len-6275379_circular-yes_depth-14-14-14_duplicated-no	5700000	5725000	25000	67.812000	20.960000	21.150000	0.991017
R005bc2008.D09	complete.3	R005bc2008.D09_complete.3	Takara PrimeSTAR LongSeq 1x 150 ng (Q)	Pseudomonas aeruginosa	u47844ctg_len-6275379_circular-yes_depth-14-14-14_duplicated-no	5725000	5750000	25000	69.068000	28.850000	21.150000	1.364066
R005bc2008.D09	complete.3	R005bc2008.D09_complete.3	Takara PrimeSTAR LongSeq 1x 150 ng (Q)	Pseudomonas aeruginosa	u47844ctg_len-6275379_circular-yes_depth-14-14-14_duplicated-no	5750000	5775000	25000	66.620000	29.170000	21.150000	1.379196
R005bc2008.D09	complete.3	R005bc2008.D09_complete.3	Takara PrimeSTAR LongSeq 1x 150 ng (Q)	Pseudomonas aeruginosa	u47844ctg_len-6275379_circular-yes_depth-14-14-14_duplicated-no	5775000	5800000	25000	66.032000	25.480000	21.150000	1.204728
R005bc2008.D09	complete.3	R005bc2008.D09_complete.3	Takara PrimeSTAR LongSeq 1x 150 ng (Q)	Pseudomonas aeruginosa	u47844ctg_len-6275379_circular-yes_depth-14-14-14_duplicated-no	5800000	5825000	25000	66.940000	26.210000	21.150000	1.239243
R005bc2008.D09	complete.3	R005bc2008.D09_complete.3	Takara PrimeSTAR LongSeq 1x 150 ng (Q)	Pseudomonas aeruginosa	u47844ctg_len-6275379_circular-yes_depth-14-14-14_duplicated-no	5825000	5850000	25000	69.388000	22.330000	21.150000	1.055792
R005bc2008.D09	complete.3	R005bc2008.D09_complete.3	Takara PrimeSTAR LongSeq 1x 150 ng (Q)	Pseudomonas aeruginosa	u47844ctg_len-6275379_circular-yes_depth-14-14-14_duplicated-no	5850000	5875000	25000	66.196000	22.490000	21.150000	1.063357
R005bc2008.D09	complete.3	R005bc2008.D09_complete.3	Takara PrimeSTAR LongSeq 1x 150 ng (Q)	Pseudomonas aeruginosa	u47844ctg_len-6275379_circular-yes_depth-14-14-14_duplicated-no	5875000	5900000	25000	66.556000	22.880000	21.150000	1.081797
R005bc2008.D09	complete.3	R005bc2008.D09_complete.3	Takara PrimeSTAR LongSeq 1x 150 ng (Q)	Pseudomonas aeruginosa	u47844ctg_len-6275379_circular-yes_depth-14-14-14_duplicated-no	5900000	5925000	25000	65.216000	26.100000	21.150000	1.234043
R005bc2008.D09	complete.3	R005bc2008.D09_complete.3	Takara PrimeSTAR LongSeq 1x 150 ng (Q)	Pseudomonas aeruginosa	u47844ctg_len-6275379_circular-yes_depth-14-14-14_duplicated-no	5925000	5950000	25000	66.376000	24.590000	21.150000	1.162648
R005bc2008.D09	complete.3	R005bc2008.D09_complete.3	Takara PrimeSTAR LongSeq 1x 150 ng (Q)	Pseudomonas aeruginosa	u47844ctg_len-6275379_circular-yes_depth-14-14-14_duplicated-no	5950000	5975000	25000	65.196000	25.520000	21.150000	1.206619
R005bc2008.D09	complete.3	R005bc2008.D09_complete.3	Takara PrimeSTAR LongSeq 1x 150 ng (Q)	Pseudomonas aeruginosa	u47844ctg_len-6275379_circular-yes_depth-14-14-14_duplicated-no	5975000	6000000	25000	67.744000	31.220000	21.150000	1.476123
R005bc2008.D09	complete.3	R005bc2008.D09_complete.3	Takara PrimeSTAR LongSeq 1x 150 ng (Q)	Pseudomonas aeruginosa	u47844ctg_len-6275379_circular-yes_depth-14-14-14_duplicated-no	6000000	6025000	25000	66.980000	30.140000	21.150000	1.425059
R005bc2008.D09	complete.3	R005bc2008.D09_complete.3	Takara PrimeSTAR LongSeq 1x 150 ng (Q)	Pseudomonas aeruginosa	u47844ctg_len-6275379_circular-yes_depth-14-14-14_duplicated-no	6025000	6050000	25000	67.320000	25.170000	21.150000	1.190071
R005bc2008.D09	complete.3	R005bc2008.D09_complete.3	Takara PrimeSTAR LongSeq 1x 150 ng (Q)	Pseudomonas aeruginosa	u47844ctg_len-6275379_circular-yes_depth-14-14-14_duplicated-no	6050000	6075000	25000	65.692000	24.750000	21.150000	1.170213
R005bc2008.D09	complete.3	R005bc2008.D09_complete.3	Takara PrimeSTAR LongSeq 1x 150 ng (Q)	Pseudomonas aeruginosa	u47844ctg_len-6275379_circular-yes_depth-14-14-14_duplicated-no	6075000	6100000	25000	66.688000	25.660000	21.150000	1.213239
R005bc2008.D09	complete.3	R005bc2008.D09_complete.3	Takara PrimeSTAR LongSeq 1x 150 ng (Q)	Pseudomonas aeruginosa	u47844ctg_len-6275379_circular-yes_depth-14-14-14_duplicated-no	6100000	6125000	25000	68.128000	24.650000	21.150000	1.165485
R005bc2008.D09	complete.3	R005bc2008.D09_complete.3	Takara PrimeSTAR LongSeq 1x 150 ng (Q)	Pseudomonas aeruginosa	u47844ctg_len-6275379_circular-yes_depth-14-14-14_duplicated-no	6125000	6150000	25000	65.192000	24.070000	21.150000	1.138061
R005bc2008.D09	complete.3	R005bc2008.D09_complete.3	Takara PrimeSTAR LongSeq 1x 150 ng (Q)	Pseudomonas aeruginosa	u47844ctg_len-6275379_circular-yes_depth-14-14-14_duplicated-no	6150000	6175000	25000	65.432000	33.140000	21.150000	1.566903
R005bc2008.D09	complete.3	R005bc2008.D09_complete.3	Takara PrimeSTAR LongSeq 1x 150 ng (Q)	Pseudomonas aeruginosa	u47844ctg_len-6275379_circular-yes_depth-14-14-14_duplicated-no	6175000	6200000	25000	66.480000	27.180000	21.150000	1.285106
R005bc2008.D09	complete.3	R005bc2008.D09_complete.3	Takara PrimeSTAR LongSeq 1x 150 ng (Q)	Pseudomonas aeruginosa	u47844ctg_len-6275379_circular-yes_depth-14-14-14_duplicated-no	6200000	6225000	25000	66.600000	25.540000	21.150000	1.207565
R005bc2008.D09	complete.3	R005bc2008.D09_complete.3	Takara PrimeSTAR LongSeq 1x 150 ng (Q)	Pseudomonas aeruginosa	u47844ctg_len-6275379_circular-yes_depth-14-14-14_duplicated-no	6225000	6250000	25000	66.188000	25.950000	21.150000	1.226950
R005bc2008.D09	complete.3	R005bc2008.D09_complete.3	Takara PrimeSTAR LongSeq 1x 150 ng (Q)	Pseudomonas aeruginosa	u47844ctg_len-6275379_circular-yes_depth-14-14-14_duplicated-no	6250000	6275000	25000	67.748000	22.510000	21.150000	1.064303
R005bc2008.D09	complete.4	R005bc2008.D09_complete.4	Takara PrimeSTAR LongSeq 1x 150 ng (Q)	Klebsiella pneumoniae	u74577ctg_len-5365907_circular-yes_depth-12-12-12_duplicated-no	0	25000	25000	56.000000	12.910000	17.230000	0.749275
R005bc2008.D09	complete.4	R005bc2008.D09_complete.4	Takara PrimeSTAR LongSeq 1x 150 ng (Q)	Klebsiella pneumoniae	u74577ctg_len-5365907_circular-yes_depth-12-12-12_duplicated-no	25000	50000	25000	55.948000	17.990000	17.230000	1.044109
R005bc2008.D09	complete.4	R005bc2008.D09_complete.4	Takara PrimeSTAR LongSeq 1x 150 ng (Q)	Klebsiella pneumoniae	u74577ctg_len-5365907_circular-yes_depth-12-12-12_duplicated-no	50000	75000	25000	60.112000	16.080000	17.230000	0.933256
R005bc2008.D09	complete.4	R005bc2008.D09_complete.4	Takara PrimeSTAR LongSeq 1x 150 ng (Q)	Klebsiella pneumoniae	u74577ctg_len-5365907_circular-yes_depth-12-12-12_duplicated-no	75000	100000	25000	61.304000	15.930000	17.230000	0.924550
R005bc2008.D09	complete.4	R005bc2008.D09_complete.4	Takara PrimeSTAR LongSeq 1x 150 ng (Q)	Klebsiella pneumoniae	u74577ctg_len-5365907_circular-yes_depth-12-12-12_duplicated-no	100000	125000	25000	55.776000	16.730000	17.230000	0.970981
R005bc2008.D09	complete.4	R005bc2008.D09_complete.4	Takara PrimeSTAR LongSeq 1x 150 ng (Q)	Klebsiella pneumoniae	u74577ctg_len-5365907_circular-yes_depth-12-12-12_duplicated-no	125000	150000	25000	58.304000	15.980000	17.230000	0.927452
R005bc2008.D09	complete.4	R005bc2008.D09_complete.4	Takara PrimeSTAR LongSeq 1x 150 ng (Q)	Klebsiella pneumoniae	u74577ctg_len-5365907_circular-yes_depth-12-12-12_duplicated-no	150000	175000	25000	55.004000	16.770000	17.230000	0.973302
R005bc2008.D09	complete.4	R005bc2008.D09_complete.4	Takara PrimeSTAR LongSeq 1x 150 ng (Q)	Klebsiella pneumoniae	u74577ctg_len-5365907_circular-yes_depth-12-12-12_duplicated-no	175000	200000	25000	59.852000	14.580000	17.230000	0.846198
R005bc2008.D09	complete.4	R005bc2008.D09_complete.4	Takara PrimeSTAR LongSeq 1x 150 ng (Q)	Klebsiella pneumoniae	u74577ctg_len-5365907_circular-yes_depth-12-12-12_duplicated-no	200000	225000	25000	57.588000	17.220000	17.230000	0.999420
R005bc2008.D09	complete.4	R005bc2008.D09_complete.4	Takara PrimeSTAR LongSeq 1x 150 ng (Q)	Klebsiella pneumoniae	u74577ctg_len-5365907_circular-yes_depth-12-12-12_duplicated-no	225000	250000	25000	56.696000	17.650000	17.230000	1.024376
R005bc2008.D09	complete.4	R005bc2008.D09_complete.4	Takara PrimeSTAR LongSeq 1x 150 ng (Q)	Klebsiella pneumoniae	u74577ctg_len-5365907_circular-yes_depth-12-12-12_duplicated-no	250000	275000	25000	57.908000	21.890000	17.230000	1.270459
R005bc2008.D09	complete.4	R005bc2008.D09_complete.4	Takara PrimeSTAR LongSeq 1x 150 ng (Q)	Klebsiella pneumoniae	u74577ctg_len-5365907_circular-yes_depth-12-12-12_duplicated-no	275000	300000	25000	54.892000	19.380000	17.230000	1.124782
R005bc2008.D09	complete.4	R005bc2008.D09_complete.4	Takara PrimeSTAR LongSeq 1x 150 ng (Q)	Klebsiella pneumoniae	u74577ctg_len-5365907_circular-yes_depth-12-12-12_duplicated-no	300000	325000	25000	58.508000	19.880000	17.230000	1.153802
R005bc2008.D09	complete.4	R005bc2008.D09_complete.4	Takara PrimeSTAR LongSeq 1x 150 ng (Q)	Klebsiella pneumoniae	u74577ctg_len-5365907_circular-yes_depth-12-12-12_duplicated-no	325000	350000	25000	58.448000	16.390000	17.230000	0.951248
R005bc2008.D09	complete.4	R005bc2008.D09_complete.4	Takara PrimeSTAR LongSeq 1x 150 ng (Q)	Klebsiella pneumoniae	u74577ctg_len-5365907_circular-yes_depth-12-12-12_duplicated-no	350000	375000	25000	57.904000	17.720000	17.230000	1.028439
R005bc2008.D09	complete.4	R005bc2008.D09_complete.4	Takara PrimeSTAR LongSeq 1x 150 ng (Q)	Klebsiella pneumoniae	u74577ctg_len-5365907_circular-yes_depth-12-12-12_duplicated-no	375000	400000	25000	54.052000	19.420000	17.230000	1.127104
R005bc2008.D09	complete.4	R005bc2008.D09_complete.4	Takara PrimeSTAR LongSeq 1x 150 ng (Q)	Klebsiella pneumoniae	u74577ctg_len-5365907_circular-yes_depth-12-12-12_duplicated-no	400000	425000	25000	56.404000	19.470000	17.230000	1.130006
R005bc2008.D09	complete.4	R005bc2008.D09_complete.4	Takara PrimeSTAR LongSeq 1x 150 ng (Q)	Klebsiella pneumoniae	u74577ctg_len-5365907_circular-yes_depth-12-12-12_duplicated-no	425000	450000	25000	57.876000	17.220000	17.230000	0.999420
R005bc2008.D09	complete.4	R005bc2008.D09_complete.4	Takara PrimeSTAR LongSeq 1x 150 ng (Q)	Klebsiella pneumoniae	u74577ctg_len-5365907_circular-yes_depth-12-12-12_duplicated-no	450000	475000	25000	59.052000	17.910000	17.230000	1.039466
R005bc2008.D09	complete.4	R005bc2008.D09_complete.4	Takara PrimeSTAR LongSeq 1x 150 ng (Q)	Klebsiella pneumoniae	u74577ctg_len-5365907_circular-yes_depth-12-12-12_duplicated-no	475000	500000	25000	57.576000	19.560000	17.230000	1.135229
R005bc2008.D09	complete.4	R005bc2008.D09_complete.4	Takara PrimeSTAR LongSeq 1x 150 ng (Q)	Klebsiella pneumoniae	u74577ctg_len-5365907_circular-yes_depth-12-12-12_duplicated-no	500000	525000	25000	56.920000	19.160000	17.230000	1.112014
R005bc2008.D09	complete.4	R005bc2008.D09_complete.4	Takara PrimeSTAR LongSeq 1x 150 ng (Q)	Klebsiella pneumoniae	u74577ctg_len-5365907_circular-yes_depth-12-12-12_duplicated-no	525000	550000	25000	58.500000	17.280000	17.230000	1.002902
R005bc2008.D09	complete.4	R005bc2008.D09_complete.4	Takara PrimeSTAR LongSeq 1x 150 ng (Q)	Klebsiella pneumoniae	u74577ctg_len-5365907_circular-yes_depth-12-12-12_duplicated-no	550000	575000	25000	52.328000	24.480000	17.230000	1.420778
R005bc2008.D09	complete.4	R005bc2008.D09_complete.4	Takara PrimeSTAR LongSeq 1x 150 ng (Q)	Klebsiella pneumoniae	u74577ctg_len-5365907_circular-yes_depth-12-12-12_duplicated-no	575000	600000	25000	58.252000	17.660000	17.230000	1.024956
R005bc2008.D09	complete.4	R005bc2008.D09_complete.4	Takara PrimeSTAR LongSeq 1x 150 ng (Q)	Klebsiella pneumoniae	u74577ctg_len-5365907_circular-yes_depth-12-12-12_duplicated-no	600000	625000	25000	59.932000	15.780000	17.230000	0.915844
R005bc2008.D09	complete.4	R005bc2008.D09_complete.4	Takara PrimeSTAR LongSeq 1x 150 ng (Q)	Klebsiella pneumoniae	u74577ctg_len-5365907_circular-yes_depth-12-12-12_duplicated-no	625000	650000	25000	56.156000	19.100000	17.230000	1.108532
R005bc2008.D09	complete.4	R005bc2008.D09_complete.4	Takara PrimeSTAR LongSeq 1x 150 ng (Q)	Klebsiella pneumoniae	u74577ctg_len-5365907_circular-yes_depth-12-12-12_duplicated-no	650000	675000	25000	56.168000	17.380000	17.230000	1.008706
R005bc2008.D09	complete.4	R005bc2008.D09_complete.4	Takara PrimeSTAR LongSeq 1x 150 ng (Q)	Klebsiella pneumoniae	u74577ctg_len-5365907_circular-yes_depth-12-12-12_duplicated-no	675000	700000	25000	57.060000	16.840000	17.230000	0.977365
R005bc2008.D09	complete.4	R005bc2008.D09_complete.4	Takara PrimeSTAR LongSeq 1x 150 ng (Q)	Klebsiella pneumoniae	u74577ctg_len-5365907_circular-yes_depth-12-12-12_duplicated-no	700000	725000	25000	57.684000	14.430000	17.230000	0.837493
R005bc2008.D09	complete.4	R005bc2008.D09_complete.4	Takara PrimeSTAR LongSeq 1x 150 ng (Q)	Klebsiella pneumoniae	u74577ctg_len-5365907_circular-yes_depth-12-12-12_duplicated-no	725000	750000	25000	57.140000	14.380000	17.230000	0.834591
R005bc2008.D09	complete.4	R005bc2008.D09_complete.4	Takara PrimeSTAR LongSeq 1x 150 ng (Q)	Klebsiella pneumoniae	u74577ctg_len-5365907_circular-yes_depth-12-12-12_duplicated-no	750000	775000	25000	53.224000	21.290000	17.230000	1.235636
R005bc2008.D09	complete.4	R005bc2008.D09_complete.4	Takara PrimeSTAR LongSeq 1x 150 ng (Q)	Klebsiella pneumoniae	u74577ctg_len-5365907_circular-yes_depth-12-12-12_duplicated-no	775000	800000	25000	56.732000	19.280000	17.230000	1.118979
R005bc2008.D09	complete.4	R005bc2008.D09_complete.4	Takara PrimeSTAR LongSeq 1x 150 ng (Q)	Klebsiella pneumoniae	u74577ctg_len-5365907_circular-yes_depth-12-12-12_duplicated-no	800000	825000	25000	58.188000	18.480000	17.230000	1.072548
R005bc2008.D09	complete.4	R005bc2008.D09_complete.4	Takara PrimeSTAR LongSeq 1x 150 ng (Q)	Klebsiella pneumoniae	u74577ctg_len-5365907_circular-yes_depth-12-12-12_duplicated-no	825000	850000	25000	56.640000	16.220000	17.230000	0.941381
R005bc2008.D09	complete.4	R005bc2008.D09_complete.4	Takara PrimeSTAR LongSeq 1x 150 ng (Q)	Klebsiella pneumoniae	u74577ctg_len-5365907_circular-yes_depth-12-12-12_duplicated-no	850000	875000	25000	55.620000	23.040000	17.230000	1.337203
R005bc2008.D09	complete.4	R005bc2008.D09_complete.4	Takara PrimeSTAR LongSeq 1x 150 ng (Q)	Klebsiella pneumoniae	u74577ctg_len-5365907_circular-yes_depth-12-12-12_duplicated-no	875000	900000	25000	57.504000	17.100000	17.230000	0.992455
R005bc2008.D09	complete.4	R005bc2008.D09_complete.4	Takara PrimeSTAR LongSeq 1x 150 ng (Q)	Klebsiella pneumoniae	u74577ctg_len-5365907_circular-yes_depth-12-12-12_duplicated-no	900000	925000	25000	58.424000	18.760000	17.230000	1.088799
R005bc2008.D09	complete.4	R005bc2008.D09_complete.4	Takara PrimeSTAR LongSeq 1x 150 ng (Q)	Klebsiella pneumoniae	u74577ctg_len-5365907_circular-yes_depth-12-12-12_duplicated-no	925000	950000	25000	57.808000	18.770000	17.230000	1.089379
R005bc2008.D09	complete.4	R005bc2008.D09_complete.4	Takara PrimeSTAR LongSeq 1x 150 ng (Q)	Klebsiella pneumoniae	u74577ctg_len-5365907_circular-yes_depth-12-12-12_duplicated-no	950000	975000	25000	54.516000	21.920000	17.230000	1.272200
R005bc2008.D09	complete.4	R005bc2008.D09_complete.4	Takara PrimeSTAR LongSeq 1x 150 ng (Q)	Klebsiella pneumoniae	u74577ctg_len-5365907_circular-yes_depth-12-12-12_duplicated-no	975000	1000000	25000	54.552000	23.340000	17.230000	1.354614
R005bc2008.D09	complete.4	R005bc2008.D09_complete.4	Takara PrimeSTAR LongSeq 1x 150 ng (Q)	Klebsiella pneumoniae	u74577ctg_len-5365907_circular-yes_depth-12-12-12_duplicated-no	1000000	1025000	25000	56.452000	20.920000	17.230000	1.214161
R005bc2008.D09	complete.4	R005bc2008.D09_complete.4	Takara PrimeSTAR LongSeq 1x 150 ng (Q)	Klebsiella pneumoniae	u74577ctg_len-5365907_circular-yes_depth-12-12-12_duplicated-no	1025000	1050000	25000	57.412000	16.520000	17.230000	0.958793
R005bc2008.D09	complete.4	R005bc2008.D09_complete.4	Takara PrimeSTAR LongSeq 1x 150 ng (Q)	Klebsiella pneumoniae	u74577ctg_len-5365907_circular-yes_depth-12-12-12_duplicated-no	1050000	1075000	25000	58.512000	17.800000	17.230000	1.033082
R005bc2008.D09	complete.4	R005bc2008.D09_complete.4	Takara PrimeSTAR LongSeq 1x 150 ng (Q)	Klebsiella pneumoniae	u74577ctg_len-5365907_circular-yes_depth-12-12-12_duplicated-no	1075000	1100000	25000	61.756000	16.050000	17.230000	0.931515
R005bc2008.D09	complete.4	R005bc2008.D09_complete.4	Takara PrimeSTAR LongSeq 1x 150 ng (Q)	Klebsiella pneumoniae	u74577ctg_len-5365907_circular-yes_depth-12-12-12_duplicated-no	1100000	1125000	25000	58.496000	25.560000	17.230000	1.483459
R005bc2008.D09	complete.4	R005bc2008.D09_complete.4	Takara PrimeSTAR LongSeq 1x 150 ng (Q)	Klebsiella pneumoniae	u74577ctg_len-5365907_circular-yes_depth-12-12-12_duplicated-no	1125000	1150000	25000	55.008000	21.050000	17.230000	1.221706
R005bc2008.D09	complete.4	R005bc2008.D09_complete.4	Takara PrimeSTAR LongSeq 1x 150 ng (Q)	Klebsiella pneumoniae	u74577ctg_len-5365907_circular-yes_depth-12-12-12_duplicated-no	1150000	1175000	25000	58.092000	19.730000	17.230000	1.145096
R005bc2008.D09	complete.4	R005bc2008.D09_complete.4	Takara PrimeSTAR LongSeq 1x 150 ng (Q)	Klebsiella pneumoniae	u74577ctg_len-5365907_circular-yes_depth-12-12-12_duplicated-no	1175000	1200000	25000	58.384000	17.720000	17.230000	1.028439
R005bc2008.D09	complete.4	R005bc2008.D09_complete.4	Takara PrimeSTAR LongSeq 1x 150 ng (Q)	Klebsiella pneumoniae	u74577ctg_len-5365907_circular-yes_depth-12-12-12_duplicated-no	1200000	1225000	25000	57.224000	23.530000	17.230000	1.365641
R005bc2008.D09	complete.4	R005bc2008.D09_complete.4	Takara PrimeSTAR LongSeq 1x 150 ng (Q)	Klebsiella pneumoniae	u74577ctg_len-5365907_circular-yes_depth-12-12-12_duplicated-no	1225000	1250000	25000	58.584000	19.630000	17.230000	1.139292
R005bc2008.D09	complete.4	R005bc2008.D09_complete.4	Takara PrimeSTAR LongSeq 1x 150 ng (Q)	Klebsiella pneumoniae	u74577ctg_len-5365907_circular-yes_depth-12-12-12_duplicated-no	1250000	1275000	25000	61.132000	15.770000	17.230000	0.915264
R005bc2008.D09	complete.4	R005bc2008.D09_complete.4	Takara PrimeSTAR LongSeq 1x 150 ng (Q)	Klebsiella pneumoniae	u74577ctg_len-5365907_circular-yes_depth-12-12-12_duplicated-no	1275000	1300000	25000	59.524000	17.060000	17.230000	0.990133
R005bc2008.D09	complete.4	R005bc2008.D09_complete.4	Takara PrimeSTAR LongSeq 1x 150 ng (Q)	Klebsiella pneumoniae	u74577ctg_len-5365907_circular-yes_depth-12-12-12_duplicated-no	1300000	1325000	25000	60.664000	16.100000	17.230000	0.934417
R005bc2008.D09	complete.4	R005bc2008.D09_complete.4	Takara PrimeSTAR LongSeq 1x 150 ng (Q)	Klebsiella pneumoniae	u74577ctg_len-5365907_circular-yes_depth-12-12-12_duplicated-no	1325000	1350000	25000	58.440000	14.030000	17.230000	0.814277
R005bc2008.D09	complete.4	R005bc2008.D09_complete.4	Takara PrimeSTAR LongSeq 1x 150 ng (Q)	Klebsiella pneumoniae	u74577ctg_len-5365907_circular-yes_depth-12-12-12_duplicated-no	1350000	1375000	25000	57.552000	22.580000	17.230000	1.310505
R005bc2008.D09	complete.4	R005bc2008.D09_complete.4	Takara PrimeSTAR LongSeq 1x 150 ng (Q)	Klebsiella pneumoniae	u74577ctg_len-5365907_circular-yes_depth-12-12-12_duplicated-no	1375000	1400000	25000	58.288000	21.790000	17.230000	1.264655
R005bc2008.D09	complete.4	R005bc2008.D09_complete.4	Takara PrimeSTAR LongSeq 1x 150 ng (Q)	Klebsiella pneumoniae	u74577ctg_len-5365907_circular-yes_depth-12-12-12_duplicated-no	1400000	1425000	25000	58.652000	15.360000	17.230000	0.891468
R005bc2008.D09	complete.4	R005bc2008.D09_complete.4	Takara PrimeSTAR LongSeq 1x 150 ng (Q)	Klebsiella pneumoniae	u74577ctg_len-5365907_circular-yes_depth-12-12-12_duplicated-no	1425000	1450000	25000	54.008000	19.440000	17.230000	1.128265
R005bc2008.D09	complete.4	R005bc2008.D09_complete.4	Takara PrimeSTAR LongSeq 1x 150 ng (Q)	Klebsiella pneumoniae	u74577ctg_len-5365907_circular-yes_depth-12-12-12_duplicated-no	1450000	1475000	25000	52.948000	20.380000	17.230000	1.182821
R005bc2008.D09	complete.4	R005bc2008.D09_complete.4	Takara PrimeSTAR LongSeq 1x 150 ng (Q)	Klebsiella pneumoniae	u74577ctg_len-5365907_circular-yes_depth-12-12-12_duplicated-no	1475000	1500000	25000	56.144000	19.470000	17.230000	1.130006
R005bc2008.D09	complete.4	R005bc2008.D09_complete.4	Takara PrimeSTAR LongSeq 1x 150 ng (Q)	Klebsiella pneumoniae	u74577ctg_len-5365907_circular-yes_depth-12-12-12_duplicated-no	1500000	1525000	25000	56.592000	18.620000	17.230000	1.080673
R005bc2008.D09	complete.4	R005bc2008.D09_complete.4	Takara PrimeSTAR LongSeq 1x 150 ng (Q)	Klebsiella pneumoniae	u74577ctg_len-5365907_circular-yes_depth-12-12-12_duplicated-no	1525000	1550000	25000	56.124000	17.910000	17.230000	1.039466
R005bc2008.D09	complete.4	R005bc2008.D09_complete.4	Takara PrimeSTAR LongSeq 1x 150 ng (Q)	Klebsiella pneumoniae	u74577ctg_len-5365907_circular-yes_depth-12-12-12_duplicated-no	1550000	1575000	25000	54.824000	22.260000	17.230000	1.291933
R005bc2008.D09	complete.4	R005bc2008.D09_complete.4	Takara PrimeSTAR LongSeq 1x 150 ng (Q)	Klebsiella pneumoniae	u74577ctg_len-5365907_circular-yes_depth-12-12-12_duplicated-no	1575000	1600000	25000	56.992000	20.480000	17.230000	1.188624
R005bc2008.D09	complete.4	R005bc2008.D09_complete.4	Takara PrimeSTAR LongSeq 1x 150 ng (Q)	Klebsiella pneumoniae	u74577ctg_len-5365907_circular-yes_depth-12-12-12_duplicated-no	1600000	1625000	25000	55.660000	16.300000	17.230000	0.946024
R005bc2008.D09	complete.4	R005bc2008.D09_complete.4	Takara PrimeSTAR LongSeq 1x 150 ng (Q)	Klebsiella pneumoniae	u74577ctg_len-5365907_circular-yes_depth-12-12-12_duplicated-no	1625000	1650000	25000	61.004000	16.670000	17.230000	0.967499
R005bc2008.D09	complete.4	R005bc2008.D09_complete.4	Takara PrimeSTAR LongSeq 1x 150 ng (Q)	Klebsiella pneumoniae	u74577ctg_len-5365907_circular-yes_depth-12-12-12_duplicated-no	1650000	1675000	25000	54.144000	17.790000	17.230000	1.032501
R005bc2008.D09	complete.4	R005bc2008.D09_complete.4	Takara PrimeSTAR LongSeq 1x 150 ng (Q)	Klebsiella pneumoniae	u74577ctg_len-5365907_circular-yes_depth-12-12-12_duplicated-no	1675000	1700000	25000	52.040000	20.360000	17.230000	1.181660
R005bc2008.D09	complete.4	R005bc2008.D09_complete.4	Takara PrimeSTAR LongSeq 1x 150 ng (Q)	Klebsiella pneumoniae	u74577ctg_len-5365907_circular-yes_depth-12-12-12_duplicated-no	1700000	1725000	25000	57.472000	17.430000	17.230000	1.011608
R005bc2008.D09	complete.4	R005bc2008.D09_complete.4	Takara PrimeSTAR LongSeq 1x 150 ng (Q)	Klebsiella pneumoniae	u74577ctg_len-5365907_circular-yes_depth-12-12-12_duplicated-no	1725000	1750000	25000	59.060000	14.350000	17.230000	0.832850
R005bc2008.D09	complete.4	R005bc2008.D09_complete.4	Takara PrimeSTAR LongSeq 1x 150 ng (Q)	Klebsiella pneumoniae	u74577ctg_len-5365907_circular-yes_depth-12-12-12_duplicated-no	1750000	1775000	25000	57.404000	16.910000	17.230000	0.981428
R005bc2008.D09	complete.4	R005bc2008.D09_complete.4	Takara PrimeSTAR LongSeq 1x 150 ng (Q)	Klebsiella pneumoniae	u74577ctg_len-5365907_circular-yes_depth-12-12-12_duplicated-no	1775000	1800000	25000	57.536000	17.010000	17.230000	0.987232
R005bc2008.D09	complete.4	R005bc2008.D09_complete.4	Takara PrimeSTAR LongSeq 1x 150 ng (Q)	Klebsiella pneumoniae	u74577ctg_len-5365907_circular-yes_depth-12-12-12_duplicated-no	1800000	1825000	25000	58.384000	16.500000	17.230000	0.957632
R005bc2008.D09	complete.4	R005bc2008.D09_complete.4	Takara PrimeSTAR LongSeq 1x 150 ng (Q)	Klebsiella pneumoniae	u74577ctg_len-5365907_circular-yes_depth-12-12-12_duplicated-no	1825000	1850000	25000	57.760000	16.730000	17.230000	0.970981
R005bc2008.D09	complete.4	R005bc2008.D09_complete.4	Takara PrimeSTAR LongSeq 1x 150 ng (Q)	Klebsiella pneumoniae	u74577ctg_len-5365907_circular-yes_depth-12-12-12_duplicated-no	1850000	1875000	25000	53.884000	21.230000	17.230000	1.232153
R005bc2008.D09	complete.4	R005bc2008.D09_complete.4	Takara PrimeSTAR LongSeq 1x 150 ng (Q)	Klebsiella pneumoniae	u74577ctg_len-5365907_circular-yes_depth-12-12-12_duplicated-no	1875000	1900000	25000	55.244000	21.990000	17.230000	1.276262
R005bc2008.D09	complete.4	R005bc2008.D09_complete.4	Takara PrimeSTAR LongSeq 1x 150 ng (Q)	Klebsiella pneumoniae	u74577ctg_len-5365907_circular-yes_depth-12-12-12_duplicated-no	1900000	1925000	25000	55.852000	19.730000	17.230000	1.145096
R005bc2008.D09	complete.4	R005bc2008.D09_complete.4	Takara PrimeSTAR LongSeq 1x 150 ng (Q)	Klebsiella pneumoniae	u74577ctg_len-5365907_circular-yes_depth-12-12-12_duplicated-no	1925000	1950000	25000	57.716000	18.480000	17.230000	1.072548
R005bc2008.D09	complete.4	R005bc2008.D09_complete.4	Takara PrimeSTAR LongSeq 1x 150 ng (Q)	Klebsiella pneumoniae	u74577ctg_len-5365907_circular-yes_depth-12-12-12_duplicated-no	1950000	1975000	25000	59.944000	21.370000	17.230000	1.240279
R005bc2008.D09	complete.4	R005bc2008.D09_complete.4	Takara PrimeSTAR LongSeq 1x 150 ng (Q)	Klebsiella pneumoniae	u74577ctg_len-5365907_circular-yes_depth-12-12-12_duplicated-no	1975000	2000000	25000	62.372000	13.650000	17.230000	0.792223
R005bc2008.D09	complete.4	R005bc2008.D09_complete.4	Takara PrimeSTAR LongSeq 1x 150 ng (Q)	Klebsiella pneumoniae	u74577ctg_len-5365907_circular-yes_depth-12-12-12_duplicated-no	2000000	2025000	25000	61.224000	15.510000	17.230000	0.900174
R005bc2008.D09	complete.4	R005bc2008.D09_complete.4	Takara PrimeSTAR LongSeq 1x 150 ng (Q)	Klebsiella pneumoniae	u74577ctg_len-5365907_circular-yes_depth-12-12-12_duplicated-no	2025000	2050000	25000	61.156000	16.780000	17.230000	0.973883
R005bc2008.D09	complete.4	R005bc2008.D09_complete.4	Takara PrimeSTAR LongSeq 1x 150 ng (Q)	Klebsiella pneumoniae	u74577ctg_len-5365907_circular-yes_depth-12-12-12_duplicated-no	2050000	2075000	25000	57.948000	16.240000	17.230000	0.942542
R005bc2008.D09	complete.4	R005bc2008.D09_complete.4	Takara PrimeSTAR LongSeq 1x 150 ng (Q)	Klebsiella pneumoniae	u74577ctg_len-5365907_circular-yes_depth-12-12-12_duplicated-no	2075000	2100000	25000	58.364000	15.800000	17.230000	0.917005
R005bc2008.D09	complete.4	R005bc2008.D09_complete.4	Takara PrimeSTAR LongSeq 1x 150 ng (Q)	Klebsiella pneumoniae	u74577ctg_len-5365907_circular-yes_depth-12-12-12_duplicated-no	2100000	2125000	25000	46.048000	20.970000	17.230000	1.217063
R005bc2008.D09	complete.4	R005bc2008.D09_complete.4	Takara PrimeSTAR LongSeq 1x 150 ng (Q)	Klebsiella pneumoniae	u74577ctg_len-5365907_circular-yes_depth-12-12-12_duplicated-no	2125000	2150000	25000	59.620000	18.450000	17.230000	1.070807
R005bc2008.D09	complete.4	R005bc2008.D09_complete.4	Takara PrimeSTAR LongSeq 1x 150 ng (Q)	Klebsiella pneumoniae	u74577ctg_len-5365907_circular-yes_depth-12-12-12_duplicated-no	2150000	2175000	25000	61.000000	13.720000	17.230000	0.796286
R005bc2008.D09	complete.4	R005bc2008.D09_complete.4	Takara PrimeSTAR LongSeq 1x 150 ng (Q)	Klebsiella pneumoniae	u74577ctg_len-5365907_circular-yes_depth-12-12-12_duplicated-no	2175000	2200000	25000	58.436000	15.670000	17.230000	0.909460
R005bc2008.D09	complete.4	R005bc2008.D09_complete.4	Takara PrimeSTAR LongSeq 1x 150 ng (Q)	Klebsiella pneumoniae	u74577ctg_len-5365907_circular-yes_depth-12-12-12_duplicated-no	2200000	2225000	25000	58.188000	18.890000	17.230000	1.096344
R005bc2008.D09	complete.4	R005bc2008.D09_complete.4	Takara PrimeSTAR LongSeq 1x 150 ng (Q)	Klebsiella pneumoniae	u74577ctg_len-5365907_circular-yes_depth-12-12-12_duplicated-no	2225000	2250000	25000	57.564000	18.390000	17.230000	1.067324
R005bc2008.D09	complete.4	R005bc2008.D09_complete.4	Takara PrimeSTAR LongSeq 1x 150 ng (Q)	Klebsiella pneumoniae	u74577ctg_len-5365907_circular-yes_depth-12-12-12_duplicated-no	2250000	2275000	25000	53.684000	18.640000	17.230000	1.081834
R005bc2008.D09	complete.4	R005bc2008.D09_complete.4	Takara PrimeSTAR LongSeq 1x 150 ng (Q)	Klebsiella pneumoniae	u74577ctg_len-5365907_circular-yes_depth-12-12-12_duplicated-no	2275000	2300000	25000	55.512000	16.610000	17.230000	0.964016
R005bc2008.D09	complete.4	R005bc2008.D09_complete.4	Takara PrimeSTAR LongSeq 1x 150 ng (Q)	Klebsiella pneumoniae	u74577ctg_len-5365907_circular-yes_depth-12-12-12_duplicated-no	2300000	2325000	25000	57.828000	16.330000	17.230000	0.947766
R005bc2008.D09	complete.4	R005bc2008.D09_complete.4	Takara PrimeSTAR LongSeq 1x 150 ng (Q)	Klebsiella pneumoniae	u74577ctg_len-5365907_circular-yes_depth-12-12-12_duplicated-no	2325000	2350000	25000	57.612000	18.720000	17.230000	1.086477
R005bc2008.D09	complete.4	R005bc2008.D09_complete.4	Takara PrimeSTAR LongSeq 1x 150 ng (Q)	Klebsiella pneumoniae	u74577ctg_len-5365907_circular-yes_depth-12-12-12_duplicated-no	2350000	2375000	25000	59.800000	18.970000	17.230000	1.100987
R005bc2008.D09	complete.4	R005bc2008.D09_complete.4	Takara PrimeSTAR LongSeq 1x 150 ng (Q)	Klebsiella pneumoniae	u74577ctg_len-5365907_circular-yes_depth-12-12-12_duplicated-no	2375000	2400000	25000	56.252000	22.680000	17.230000	1.316309
R005bc2008.D09	complete.4	R005bc2008.D09_complete.4	Takara PrimeSTAR LongSeq 1x 150 ng (Q)	Klebsiella pneumoniae	u74577ctg_len-5365907_circular-yes_depth-12-12-12_duplicated-no	2400000	2425000	25000	59.324000	15.450000	17.230000	0.896692
R005bc2008.D09	complete.4	R005bc2008.D09_complete.4	Takara PrimeSTAR LongSeq 1x 150 ng (Q)	Klebsiella pneumoniae	u74577ctg_len-5365907_circular-yes_depth-12-12-12_duplicated-no	2425000	2450000	25000	60.324000	15.140000	17.230000	0.878700
R005bc2008.D09	complete.4	R005bc2008.D09_complete.4	Takara PrimeSTAR LongSeq 1x 150 ng (Q)	Klebsiella pneumoniae	u74577ctg_len-5365907_circular-yes_depth-12-12-12_duplicated-no	2450000	2475000	25000	55.932000	16.210000	17.230000	0.940801
R005bc2008.D09	complete.4	R005bc2008.D09_complete.4	Takara PrimeSTAR LongSeq 1x 150 ng (Q)	Klebsiella pneumoniae	u74577ctg_len-5365907_circular-yes_depth-12-12-12_duplicated-no	2475000	2500000	25000	56.416000	19.680000	17.230000	1.142194
R005bc2008.D09	complete.4	R005bc2008.D09_complete.4	Takara PrimeSTAR LongSeq 1x 150 ng (Q)	Klebsiella pneumoniae	u74577ctg_len-5365907_circular-yes_depth-12-12-12_duplicated-no	2500000	2525000	25000	57.084000	17.500000	17.230000	1.015670
R005bc2008.D09	complete.4	R005bc2008.D09_complete.4	Takara PrimeSTAR LongSeq 1x 150 ng (Q)	Klebsiella pneumoniae	u74577ctg_len-5365907_circular-yes_depth-12-12-12_duplicated-no	2525000	2550000	25000	55.124000	18.620000	17.230000	1.080673
R005bc2008.D09	complete.4	R005bc2008.D09_complete.4	Takara PrimeSTAR LongSeq 1x 150 ng (Q)	Klebsiella pneumoniae	u74577ctg_len-5365907_circular-yes_depth-12-12-12_duplicated-no	2550000	2575000	25000	60.132000	19.640000	17.230000	1.139872
R005bc2008.D09	complete.4	R005bc2008.D09_complete.4	Takara PrimeSTAR LongSeq 1x 150 ng (Q)	Klebsiella pneumoniae	u74577ctg_len-5365907_circular-yes_depth-12-12-12_duplicated-no	2575000	2600000	25000	58.676000	16.020000	17.230000	0.929774
R005bc2008.D09	complete.4	R005bc2008.D09_complete.4	Takara PrimeSTAR LongSeq 1x 150 ng (Q)	Klebsiella pneumoniae	u74577ctg_len-5365907_circular-yes_depth-12-12-12_duplicated-no	2600000	2625000	25000	58.388000	19.740000	17.230000	1.145676
R005bc2008.D09	complete.4	R005bc2008.D09_complete.4	Takara PrimeSTAR LongSeq 1x 150 ng (Q)	Klebsiella pneumoniae	u74577ctg_len-5365907_circular-yes_depth-12-12-12_duplicated-no	2625000	2650000	25000	58.756000	16.350000	17.230000	0.948926
R005bc2008.D09	complete.4	R005bc2008.D09_complete.4	Takara PrimeSTAR LongSeq 1x 150 ng (Q)	Klebsiella pneumoniae	u74577ctg_len-5365907_circular-yes_depth-12-12-12_duplicated-no	2650000	2675000	25000	57.356000	18.940000	17.230000	1.099246
R005bc2008.D09	complete.4	R005bc2008.D09_complete.4	Takara PrimeSTAR LongSeq 1x 150 ng (Q)	Klebsiella pneumoniae	u74577ctg_len-5365907_circular-yes_depth-12-12-12_duplicated-no	2675000	2700000	25000	61.012000	17.270000	17.230000	1.002322
R005bc2008.D09	complete.4	R005bc2008.D09_complete.4	Takara PrimeSTAR LongSeq 1x 150 ng (Q)	Klebsiella pneumoniae	u74577ctg_len-5365907_circular-yes_depth-12-12-12_duplicated-no	2700000	2725000	25000	57.608000	16.420000	17.230000	0.952989
R005bc2008.D09	complete.4	R005bc2008.D09_complete.4	Takara PrimeSTAR LongSeq 1x 150 ng (Q)	Klebsiella pneumoniae	u74577ctg_len-5365907_circular-yes_depth-12-12-12_duplicated-no	2725000	2750000	25000	52.444000	18.260000	17.230000	1.059779
R005bc2008.D09	complete.4	R005bc2008.D09_complete.4	Takara PrimeSTAR LongSeq 1x 150 ng (Q)	Klebsiella pneumoniae	u74577ctg_len-5365907_circular-yes_depth-12-12-12_duplicated-no	2750000	2775000	25000	59.516000	19.490000	17.230000	1.131167
R005bc2008.D09	complete.4	R005bc2008.D09_complete.4	Takara PrimeSTAR LongSeq 1x 150 ng (Q)	Klebsiella pneumoniae	u74577ctg_len-5365907_circular-yes_depth-12-12-12_duplicated-no	2775000	2800000	25000	46.408000	24.700000	17.230000	1.433546
R005bc2008.D09	complete.4	R005bc2008.D09_complete.4	Takara PrimeSTAR LongSeq 1x 150 ng (Q)	Klebsiella pneumoniae	u74577ctg_len-5365907_circular-yes_depth-12-12-12_duplicated-no	2800000	2825000	25000	44.436000	20.990000	17.230000	1.218224
R005bc2008.D09	complete.4	R005bc2008.D09_complete.4	Takara PrimeSTAR LongSeq 1x 150 ng (Q)	Klebsiella pneumoniae	u74577ctg_len-5365907_circular-yes_depth-12-12-12_duplicated-no	2825000	2850000	25000	60.912000	18.500000	17.230000	1.073709
R005bc2008.D09	complete.4	R005bc2008.D09_complete.4	Takara PrimeSTAR LongSeq 1x 150 ng (Q)	Klebsiella pneumoniae	u74577ctg_len-5365907_circular-yes_depth-12-12-12_duplicated-no	2850000	2875000	25000	52.760000	17.150000	17.230000	0.995357
R005bc2008.D09	complete.4	R005bc2008.D09_complete.4	Takara PrimeSTAR LongSeq 1x 150 ng (Q)	Klebsiella pneumoniae	u74577ctg_len-5365907_circular-yes_depth-12-12-12_duplicated-no	2875000	2900000	25000	54.936000	20.950000	17.230000	1.215902
R005bc2008.D09	complete.4	R005bc2008.D09_complete.4	Takara PrimeSTAR LongSeq 1x 150 ng (Q)	Klebsiella pneumoniae	u74577ctg_len-5365907_circular-yes_depth-12-12-12_duplicated-no	2900000	2925000	25000	48.868000	33.620000	17.230000	1.951248
R005bc2008.D09	complete.4	R005bc2008.D09_complete.4	Takara PrimeSTAR LongSeq 1x 150 ng (Q)	Klebsiella pneumoniae	u74577ctg_len-5365907_circular-yes_depth-12-12-12_duplicated-no	2925000	2950000	25000	58.060000	18.670000	17.230000	1.083575
R005bc2008.D09	complete.4	R005bc2008.D09_complete.4	Takara PrimeSTAR LongSeq 1x 150 ng (Q)	Klebsiella pneumoniae	u74577ctg_len-5365907_circular-yes_depth-12-12-12_duplicated-no	2950000	2975000	25000	49.856000	18.940000	17.230000	1.099246
R005bc2008.D09	complete.4	R005bc2008.D09_complete.4	Takara PrimeSTAR LongSeq 1x 150 ng (Q)	Klebsiella pneumoniae	u74577ctg_len-5365907_circular-yes_depth-12-12-12_duplicated-no	2975000	3000000	25000	51.968000	18.740000	17.230000	1.087638
R005bc2008.D09	complete.4	R005bc2008.D09_complete.4	Takara PrimeSTAR LongSeq 1x 150 ng (Q)	Klebsiella pneumoniae	u74577ctg_len-5365907_circular-yes_depth-12-12-12_duplicated-no	3000000	3025000	25000	55.760000	19.400000	17.230000	1.125943
R005bc2008.D09	complete.4	R005bc2008.D09_complete.4	Takara PrimeSTAR LongSeq 1x 150 ng (Q)	Klebsiella pneumoniae	u74577ctg_len-5365907_circular-yes_depth-12-12-12_duplicated-no	3025000	3050000	25000	55.572000	13.670000	17.230000	0.793384
R005bc2008.D09	complete.4	R005bc2008.D09_complete.4	Takara PrimeSTAR LongSeq 1x 150 ng (Q)	Klebsiella pneumoniae	u74577ctg_len-5365907_circular-yes_depth-12-12-12_duplicated-no	3050000	3075000	25000	58.460000	19.170000	17.230000	1.112594
R005bc2008.D09	complete.4	R005bc2008.D09_complete.4	Takara PrimeSTAR LongSeq 1x 150 ng (Q)	Klebsiella pneumoniae	u74577ctg_len-5365907_circular-yes_depth-12-12-12_duplicated-no	3075000	3100000	25000	56.608000	14.230000	17.230000	0.825885
R005bc2008.D09	complete.4	R005bc2008.D09_complete.4	Takara PrimeSTAR LongSeq 1x 150 ng (Q)	Klebsiella pneumoniae	u74577ctg_len-5365907_circular-yes_depth-12-12-12_duplicated-no	3100000	3125000	25000	57.740000	17.240000	17.230000	1.000580
R005bc2008.D09	complete.4	R005bc2008.D09_complete.4	Takara PrimeSTAR LongSeq 1x 150 ng (Q)	Klebsiella pneumoniae	u74577ctg_len-5365907_circular-yes_depth-12-12-12_duplicated-no	3125000	3150000	25000	59.192000	15.830000	17.230000	0.918746
R005bc2008.D09	complete.4	R005bc2008.D09_complete.4	Takara PrimeSTAR LongSeq 1x 150 ng (Q)	Klebsiella pneumoniae	u74577ctg_len-5365907_circular-yes_depth-12-12-12_duplicated-no	3150000	3175000	25000	60.460000	15.770000	17.230000	0.915264
R005bc2008.D09	complete.4	R005bc2008.D09_complete.4	Takara PrimeSTAR LongSeq 1x 150 ng (Q)	Klebsiella pneumoniae	u74577ctg_len-5365907_circular-yes_depth-12-12-12_duplicated-no	3175000	3200000	25000	52.204000	22.500000	17.230000	1.305862
R005bc2008.D09	complete.4	R005bc2008.D09_complete.4	Takara PrimeSTAR LongSeq 1x 150 ng (Q)	Klebsiella pneumoniae	u74577ctg_len-5365907_circular-yes_depth-12-12-12_duplicated-no	3200000	3225000	25000	60.048000	12.990000	17.230000	0.753918
R005bc2008.D09	complete.4	R005bc2008.D09_complete.4	Takara PrimeSTAR LongSeq 1x 150 ng (Q)	Klebsiella pneumoniae	u74577ctg_len-5365907_circular-yes_depth-12-12-12_duplicated-no	3225000	3250000	25000	57.880000	19.120000	17.230000	1.109692
R005bc2008.D09	complete.4	R005bc2008.D09_complete.4	Takara PrimeSTAR LongSeq 1x 150 ng (Q)	Klebsiella pneumoniae	u74577ctg_len-5365907_circular-yes_depth-12-12-12_duplicated-no	3250000	3275000	25000	53.384000	20.530000	17.230000	1.191526
R005bc2008.D09	complete.4	R005bc2008.D09_complete.4	Takara PrimeSTAR LongSeq 1x 150 ng (Q)	Klebsiella pneumoniae	u74577ctg_len-5365907_circular-yes_depth-12-12-12_duplicated-no	3275000	3300000	25000	57.952000	14.780000	17.230000	0.857806
R005bc2008.D09	complete.4	R005bc2008.D09_complete.4	Takara PrimeSTAR LongSeq 1x 150 ng (Q)	Klebsiella pneumoniae	u74577ctg_len-5365907_circular-yes_depth-12-12-12_duplicated-no	3300000	3325000	25000	59.696000	14.150000	17.230000	0.821242
R005bc2008.D09	complete.4	R005bc2008.D09_complete.4	Takara PrimeSTAR LongSeq 1x 150 ng (Q)	Klebsiella pneumoniae	u74577ctg_len-5365907_circular-yes_depth-12-12-12_duplicated-no	3325000	3350000	25000	63.756000	13.570000	17.230000	0.787580
R005bc2008.D09	complete.4	R005bc2008.D09_complete.4	Takara PrimeSTAR LongSeq 1x 150 ng (Q)	Klebsiella pneumoniae	u74577ctg_len-5365907_circular-yes_depth-12-12-12_duplicated-no	3350000	3375000	25000	60.740000	13.220000	17.230000	0.767266
R005bc2008.D09	complete.4	R005bc2008.D09_complete.4	Takara PrimeSTAR LongSeq 1x 150 ng (Q)	Klebsiella pneumoniae	u74577ctg_len-5365907_circular-yes_depth-12-12-12_duplicated-no	3375000	3400000	25000	55.604000	16.410000	17.230000	0.952409
R005bc2008.D09	complete.4	R005bc2008.D09_complete.4	Takara PrimeSTAR LongSeq 1x 150 ng (Q)	Klebsiella pneumoniae	u74577ctg_len-5365907_circular-yes_depth-12-12-12_duplicated-no	3400000	3425000	25000	59.468000	16.200000	17.230000	0.940221
R005bc2008.D09	complete.4	R005bc2008.D09_complete.4	Takara PrimeSTAR LongSeq 1x 150 ng (Q)	Klebsiella pneumoniae	u74577ctg_len-5365907_circular-yes_depth-12-12-12_duplicated-no	3425000	3450000	25000	60.372000	13.590000	17.230000	0.788741
R005bc2008.D09	complete.4	R005bc2008.D09_complete.4	Takara PrimeSTAR LongSeq 1x 150 ng (Q)	Klebsiella pneumoniae	u74577ctg_len-5365907_circular-yes_depth-12-12-12_duplicated-no	3450000	3475000	25000	56.268000	21.110000	17.230000	1.225189
R005bc2008.D09	complete.4	R005bc2008.D09_complete.4	Takara PrimeSTAR LongSeq 1x 150 ng (Q)	Klebsiella pneumoniae	u74577ctg_len-5365907_circular-yes_depth-12-12-12_duplicated-no	3475000	3500000	25000	57.408000	19.500000	17.230000	1.131747
R005bc2008.D09	complete.4	R005bc2008.D09_complete.4	Takara PrimeSTAR LongSeq 1x 150 ng (Q)	Klebsiella pneumoniae	u74577ctg_len-5365907_circular-yes_depth-12-12-12_duplicated-no	3500000	3525000	25000	58.552000	17.700000	17.230000	1.027278
R005bc2008.D09	complete.4	R005bc2008.D09_complete.4	Takara PrimeSTAR LongSeq 1x 150 ng (Q)	Klebsiella pneumoniae	u74577ctg_len-5365907_circular-yes_depth-12-12-12_duplicated-no	3525000	3550000	25000	58.588000	17.210000	17.230000	0.998839
R005bc2008.D09	complete.4	R005bc2008.D09_complete.4	Takara PrimeSTAR LongSeq 1x 150 ng (Q)	Klebsiella pneumoniae	u74577ctg_len-5365907_circular-yes_depth-12-12-12_duplicated-no	3550000	3575000	25000	59.852000	13.140000	17.230000	0.762623
R005bc2008.D09	complete.4	R005bc2008.D09_complete.4	Takara PrimeSTAR LongSeq 1x 150 ng (Q)	Klebsiella pneumoniae	u74577ctg_len-5365907_circular-yes_depth-12-12-12_duplicated-no	3575000	3600000	25000	59.804000	15.680000	17.230000	0.910041
R005bc2008.D09	complete.4	R005bc2008.D09_complete.4	Takara PrimeSTAR LongSeq 1x 150 ng (Q)	Klebsiella pneumoniae	u74577ctg_len-5365907_circular-yes_depth-12-12-12_duplicated-no	3600000	3625000	25000	59.020000	16.220000	17.230000	0.941381
R005bc2008.D09	complete.4	R005bc2008.D09_complete.4	Takara PrimeSTAR LongSeq 1x 150 ng (Q)	Klebsiella pneumoniae	u74577ctg_len-5365907_circular-yes_depth-12-12-12_duplicated-no	3625000	3650000	25000	58.208000	14.440000	17.230000	0.838073
R005bc2008.D09	complete.4	R005bc2008.D09_complete.4	Takara PrimeSTAR LongSeq 1x 150 ng (Q)	Klebsiella pneumoniae	u74577ctg_len-5365907_circular-yes_depth-12-12-12_duplicated-no	3650000	3675000	25000	61.960000	14.140000	17.230000	0.820662
R005bc2008.D09	complete.4	R005bc2008.D09_complete.4	Takara PrimeSTAR LongSeq 1x 150 ng (Q)	Klebsiella pneumoniae	u74577ctg_len-5365907_circular-yes_depth-12-12-12_duplicated-no	3675000	3700000	25000	57.420000	16.600000	17.230000	0.963436
R005bc2008.D09	complete.4	R005bc2008.D09_complete.4	Takara PrimeSTAR LongSeq 1x 150 ng (Q)	Klebsiella pneumoniae	u74577ctg_len-5365907_circular-yes_depth-12-12-12_duplicated-no	3700000	3725000	25000	55.712000	19.200000	17.230000	1.114335
R005bc2008.D09	complete.4	R005bc2008.D09_complete.4	Takara PrimeSTAR LongSeq 1x 150 ng (Q)	Klebsiella pneumoniae	u74577ctg_len-5365907_circular-yes_depth-12-12-12_duplicated-no	3725000	3750000	25000	54.320000	19.760000	17.230000	1.146837
R005bc2008.D09	complete.4	R005bc2008.D09_complete.4	Takara PrimeSTAR LongSeq 1x 150 ng (Q)	Klebsiella pneumoniae	u74577ctg_len-5365907_circular-yes_depth-12-12-12_duplicated-no	3750000	3775000	25000	54.380000	17.920000	17.230000	1.040046
R005bc2008.D09	complete.4	R005bc2008.D09_complete.4	Takara PrimeSTAR LongSeq 1x 150 ng (Q)	Klebsiella pneumoniae	u74577ctg_len-5365907_circular-yes_depth-12-12-12_duplicated-no	3775000	3800000	25000	56.272000	19.160000	17.230000	1.112014
R005bc2008.D09	complete.4	R005bc2008.D09_complete.4	Takara PrimeSTAR LongSeq 1x 150 ng (Q)	Klebsiella pneumoniae	u74577ctg_len-5365907_circular-yes_depth-12-12-12_duplicated-no	3800000	3825000	25000	61.784000	14.290000	17.230000	0.829367
R005bc2008.D09	complete.4	R005bc2008.D09_complete.4	Takara PrimeSTAR LongSeq 1x 150 ng (Q)	Klebsiella pneumoniae	u74577ctg_len-5365907_circular-yes_depth-12-12-12_duplicated-no	3825000	3850000	25000	57.232000	13.770000	17.230000	0.799187
R005bc2008.D09	complete.4	R005bc2008.D09_complete.4	Takara PrimeSTAR LongSeq 1x 150 ng (Q)	Klebsiella pneumoniae	u74577ctg_len-5365907_circular-yes_depth-12-12-12_duplicated-no	3850000	3875000	25000	60.476000	10.670000	17.230000	0.619269
R005bc2008.D09	complete.4	R005bc2008.D09_complete.4	Takara PrimeSTAR LongSeq 1x 150 ng (Q)	Klebsiella pneumoniae	u74577ctg_len-5365907_circular-yes_depth-12-12-12_duplicated-no	3875000	3900000	25000	55.800000	16.770000	17.230000	0.973302
R005bc2008.D09	complete.4	R005bc2008.D09_complete.4	Takara PrimeSTAR LongSeq 1x 150 ng (Q)	Klebsiella pneumoniae	u74577ctg_len-5365907_circular-yes_depth-12-12-12_duplicated-no	3900000	3925000	25000	58.948000	11.390000	17.230000	0.661056
R005bc2008.D09	complete.4	R005bc2008.D09_complete.4	Takara PrimeSTAR LongSeq 1x 150 ng (Q)	Klebsiella pneumoniae	u74577ctg_len-5365907_circular-yes_depth-12-12-12_duplicated-no	3925000	3950000	25000	60.632000	16.780000	17.230000	0.973883
R005bc2008.D09	complete.4	R005bc2008.D09_complete.4	Takara PrimeSTAR LongSeq 1x 150 ng (Q)	Klebsiella pneumoniae	u74577ctg_len-5365907_circular-yes_depth-12-12-12_duplicated-no	3950000	3975000	25000	58.260000	12.960000	17.230000	0.752176
R005bc2008.D09	complete.4	R005bc2008.D09_complete.4	Takara PrimeSTAR LongSeq 1x 150 ng (Q)	Klebsiella pneumoniae	u74577ctg_len-5365907_circular-yes_depth-12-12-12_duplicated-no	3975000	4000000	25000	59.676000	16.880000	17.230000	0.979687
R005bc2008.D09	complete.4	R005bc2008.D09_complete.4	Takara PrimeSTAR LongSeq 1x 150 ng (Q)	Klebsiella pneumoniae	u74577ctg_len-5365907_circular-yes_depth-12-12-12_duplicated-no	4000000	4025000	25000	59.928000	11.100000	17.230000	0.644225
R005bc2008.D09	complete.4	R005bc2008.D09_complete.4	Takara PrimeSTAR LongSeq 1x 150 ng (Q)	Klebsiella pneumoniae	u74577ctg_len-5365907_circular-yes_depth-12-12-12_duplicated-no	4025000	4050000	25000	59.600000	11.110000	17.230000	0.644806
R005bc2008.D09	complete.4	R005bc2008.D09_complete.4	Takara PrimeSTAR LongSeq 1x 150 ng (Q)	Klebsiella pneumoniae	u74577ctg_len-5365907_circular-yes_depth-12-12-12_duplicated-no	4050000	4075000	25000	60.780000	15.730000	17.230000	0.912943
R005bc2008.D09	complete.4	R005bc2008.D09_complete.4	Takara PrimeSTAR LongSeq 1x 150 ng (Q)	Klebsiella pneumoniae	u74577ctg_len-5365907_circular-yes_depth-12-12-12_duplicated-no	4075000	4100000	25000	58.756000	16.440000	17.230000	0.954150
R005bc2008.D09	complete.4	R005bc2008.D09_complete.4	Takara PrimeSTAR LongSeq 1x 150 ng (Q)	Klebsiella pneumoniae	u74577ctg_len-5365907_circular-yes_depth-12-12-12_duplicated-no	4100000	4125000	25000	58.320000	17.160000	17.230000	0.995937
R005bc2008.D09	complete.4	R005bc2008.D09_complete.4	Takara PrimeSTAR LongSeq 1x 150 ng (Q)	Klebsiella pneumoniae	u74577ctg_len-5365907_circular-yes_depth-12-12-12_duplicated-no	4125000	4150000	25000	59.356000	17.190000	17.230000	0.997678
R005bc2008.D09	complete.4	R005bc2008.D09_complete.4	Takara PrimeSTAR LongSeq 1x 150 ng (Q)	Klebsiella pneumoniae	u74577ctg_len-5365907_circular-yes_depth-12-12-12_duplicated-no	4150000	4175000	25000	58.580000	14.680000	17.230000	0.852002
R005bc2008.D09	complete.4	R005bc2008.D09_complete.4	Takara PrimeSTAR LongSeq 1x 150 ng (Q)	Klebsiella pneumoniae	u74577ctg_len-5365907_circular-yes_depth-12-12-12_duplicated-no	4175000	4200000	25000	57.236000	14.520000	17.230000	0.842716
R005bc2008.D09	complete.4	R005bc2008.D09_complete.4	Takara PrimeSTAR LongSeq 1x 150 ng (Q)	Klebsiella pneumoniae	u74577ctg_len-5365907_circular-yes_depth-12-12-12_duplicated-no	4200000	4225000	25000	62.500000	13.360000	17.230000	0.775392
R005bc2008.D09	complete.4	R005bc2008.D09_complete.4	Takara PrimeSTAR LongSeq 1x 150 ng (Q)	Klebsiella pneumoniae	u74577ctg_len-5365907_circular-yes_depth-12-12-12_duplicated-no	4225000	4250000	25000	58.920000	15.440000	17.230000	0.896111
R005bc2008.D09	complete.4	R005bc2008.D09_complete.4	Takara PrimeSTAR LongSeq 1x 150 ng (Q)	Klebsiella pneumoniae	u74577ctg_len-5365907_circular-yes_depth-12-12-12_duplicated-no	4250000	4275000	25000	55.948000	15.940000	17.230000	0.925131
R005bc2008.D09	complete.4	R005bc2008.D09_complete.4	Takara PrimeSTAR LongSeq 1x 150 ng (Q)	Klebsiella pneumoniae	u74577ctg_len-5365907_circular-yes_depth-12-12-12_duplicated-no	4275000	4300000	25000	59.204000	16.310000	17.230000	0.946605
R005bc2008.D09	complete.4	R005bc2008.D09_complete.4	Takara PrimeSTAR LongSeq 1x 150 ng (Q)	Klebsiella pneumoniae	u74577ctg_len-5365907_circular-yes_depth-12-12-12_duplicated-no	4300000	4325000	25000	57.860000	12.160000	17.230000	0.705746
R005bc2008.D09	complete.4	R005bc2008.D09_complete.4	Takara PrimeSTAR LongSeq 1x 150 ng (Q)	Klebsiella pneumoniae	u74577ctg_len-5365907_circular-yes_depth-12-12-12_duplicated-no	4325000	4350000	25000	58.320000	16.890000	17.230000	0.980267
R005bc2008.D09	complete.4	R005bc2008.D09_complete.4	Takara PrimeSTAR LongSeq 1x 150 ng (Q)	Klebsiella pneumoniae	u74577ctg_len-5365907_circular-yes_depth-12-12-12_duplicated-no	4350000	4375000	25000	56.680000	16.260000	17.230000	0.943703
R005bc2008.D09	complete.4	R005bc2008.D09_complete.4	Takara PrimeSTAR LongSeq 1x 150 ng (Q)	Klebsiella pneumoniae	u74577ctg_len-5365907_circular-yes_depth-12-12-12_duplicated-no	4375000	4400000	25000	60.076000	16.600000	17.230000	0.963436
R005bc2008.D09	complete.4	R005bc2008.D09_complete.4	Takara PrimeSTAR LongSeq 1x 150 ng (Q)	Klebsiella pneumoniae	u74577ctg_len-5365907_circular-yes_depth-12-12-12_duplicated-no	4400000	4425000	25000	57.056000	15.160000	17.230000	0.879861
R005bc2008.D09	complete.4	R005bc2008.D09_complete.4	Takara PrimeSTAR LongSeq 1x 150 ng (Q)	Klebsiella pneumoniae	u74577ctg_len-5365907_circular-yes_depth-12-12-12_duplicated-no	4425000	4450000	25000	57.096000	13.670000	17.230000	0.793384
R005bc2008.D09	complete.4	R005bc2008.D09_complete.4	Takara PrimeSTAR LongSeq 1x 150 ng (Q)	Klebsiella pneumoniae	u74577ctg_len-5365907_circular-yes_depth-12-12-12_duplicated-no	4450000	4475000	25000	57.920000	18.980000	17.230000	1.101567
R005bc2008.D09	complete.4	R005bc2008.D09_complete.4	Takara PrimeSTAR LongSeq 1x 150 ng (Q)	Klebsiella pneumoniae	u74577ctg_len-5365907_circular-yes_depth-12-12-12_duplicated-no	4475000	4500000	25000	56.660000	19.330000	17.230000	1.121880
R005bc2008.D09	complete.4	R005bc2008.D09_complete.4	Takara PrimeSTAR LongSeq 1x 150 ng (Q)	Klebsiella pneumoniae	u74577ctg_len-5365907_circular-yes_depth-12-12-12_duplicated-no	4500000	4525000	25000	57.856000	17.730000	17.230000	1.029019
R005bc2008.D09	complete.4	R005bc2008.D09_complete.4	Takara PrimeSTAR LongSeq 1x 150 ng (Q)	Klebsiella pneumoniae	u74577ctg_len-5365907_circular-yes_depth-12-12-12_duplicated-no	4525000	4550000	25000	57.860000	17.150000	17.230000	0.995357
R005bc2008.D09	complete.4	R005bc2008.D09_complete.4	Takara PrimeSTAR LongSeq 1x 150 ng (Q)	Klebsiella pneumoniae	u74577ctg_len-5365907_circular-yes_depth-12-12-12_duplicated-no	4550000	4575000	25000	58.388000	19.800000	17.230000	1.149158
R005bc2008.D09	complete.4	R005bc2008.D09_complete.4	Takara PrimeSTAR LongSeq 1x 150 ng (Q)	Klebsiella pneumoniae	u74577ctg_len-5365907_circular-yes_depth-12-12-12_duplicated-no	4575000	4600000	25000	51.900000	21.130000	17.230000	1.226349
R005bc2008.D09	complete.4	R005bc2008.D09_complete.4	Takara PrimeSTAR LongSeq 1x 150 ng (Q)	Klebsiella pneumoniae	u74577ctg_len-5365907_circular-yes_depth-12-12-12_duplicated-no	4600000	4625000	25000	57.092000	14.370000	17.230000	0.834010
R005bc2008.D09	complete.4	R005bc2008.D09_complete.4	Takara PrimeSTAR LongSeq 1x 150 ng (Q)	Klebsiella pneumoniae	u74577ctg_len-5365907_circular-yes_depth-12-12-12_duplicated-no	4625000	4650000	25000	59.544000	16.890000	17.230000	0.980267
R005bc2008.D09	complete.4	R005bc2008.D09_complete.4	Takara PrimeSTAR LongSeq 1x 150 ng (Q)	Klebsiella pneumoniae	u74577ctg_len-5365907_circular-yes_depth-12-12-12_duplicated-no	4650000	4675000	25000	57.444000	16.050000	17.230000	0.931515
R005bc2008.D09	complete.4	R005bc2008.D09_complete.4	Takara PrimeSTAR LongSeq 1x 150 ng (Q)	Klebsiella pneumoniae	u74577ctg_len-5365907_circular-yes_depth-12-12-12_duplicated-no	4675000	4700000	25000	57.608000	20.790000	17.230000	1.206616
R005bc2008.D09	complete.4	R005bc2008.D09_complete.4	Takara PrimeSTAR LongSeq 1x 150 ng (Q)	Klebsiella pneumoniae	u74577ctg_len-5365907_circular-yes_depth-12-12-12_duplicated-no	4700000	4725000	25000	57.032000	21.480000	17.230000	1.246663
R005bc2008.D09	complete.4	R005bc2008.D09_complete.4	Takara PrimeSTAR LongSeq 1x 150 ng (Q)	Klebsiella pneumoniae	u74577ctg_len-5365907_circular-yes_depth-12-12-12_duplicated-no	4725000	4750000	25000	58.312000	19.900000	17.230000	1.154962
R005bc2008.D09	complete.4	R005bc2008.D09_complete.4	Takara PrimeSTAR LongSeq 1x 150 ng (Q)	Klebsiella pneumoniae	u74577ctg_len-5365907_circular-yes_depth-12-12-12_duplicated-no	4750000	4775000	25000	56.728000	19.640000	17.230000	1.139872
R005bc2008.D09	complete.4	R005bc2008.D09_complete.4	Takara PrimeSTAR LongSeq 1x 150 ng (Q)	Klebsiella pneumoniae	u74577ctg_len-5365907_circular-yes_depth-12-12-12_duplicated-no	4775000	4800000	25000	56.032000	19.170000	17.230000	1.112594
R005bc2008.D09	complete.4	R005bc2008.D09_complete.4	Takara PrimeSTAR LongSeq 1x 150 ng (Q)	Klebsiella pneumoniae	u74577ctg_len-5365907_circular-yes_depth-12-12-12_duplicated-no	4800000	4825000	25000	62.860000	16.760000	17.230000	0.972722
R005bc2008.D09	complete.4	R005bc2008.D09_complete.4	Takara PrimeSTAR LongSeq 1x 150 ng (Q)	Klebsiella pneumoniae	u74577ctg_len-5365907_circular-yes_depth-12-12-12_duplicated-no	4825000	4850000	25000	63.324000	14.600000	17.230000	0.847359
R005bc2008.D09	complete.4	R005bc2008.D09_complete.4	Takara PrimeSTAR LongSeq 1x 150 ng (Q)	Klebsiella pneumoniae	u74577ctg_len-5365907_circular-yes_depth-12-12-12_duplicated-no	4850000	4875000	25000	59.652000	16.620000	17.230000	0.964597
R005bc2008.D09	complete.4	R005bc2008.D09_complete.4	Takara PrimeSTAR LongSeq 1x 150 ng (Q)	Klebsiella pneumoniae	u74577ctg_len-5365907_circular-yes_depth-12-12-12_duplicated-no	4875000	4900000	25000	62.328000	13.060000	17.230000	0.757980
R005bc2008.D09	complete.4	R005bc2008.D09_complete.4	Takara PrimeSTAR LongSeq 1x 150 ng (Q)	Klebsiella pneumoniae	u74577ctg_len-5365907_circular-yes_depth-12-12-12_duplicated-no	4900000	4925000	25000	54.960000	21.610000	17.230000	1.254208
R005bc2008.D09	complete.4	R005bc2008.D09_complete.4	Takara PrimeSTAR LongSeq 1x 150 ng (Q)	Klebsiella pneumoniae	u74577ctg_len-5365907_circular-yes_depth-12-12-12_duplicated-no	4925000	4950000	25000	59.284000	15.800000	17.230000	0.917005
R005bc2008.D09	complete.4	R005bc2008.D09_complete.4	Takara PrimeSTAR LongSeq 1x 150 ng (Q)	Klebsiella pneumoniae	u74577ctg_len-5365907_circular-yes_depth-12-12-12_duplicated-no	4950000	4975000	25000	60.080000	14.150000	17.230000	0.821242
R005bc2008.D09	complete.4	R005bc2008.D09_complete.4	Takara PrimeSTAR LongSeq 1x 150 ng (Q)	Klebsiella pneumoniae	u74577ctg_len-5365907_circular-yes_depth-12-12-12_duplicated-no	4975000	5000000	25000	55.424000	20.400000	17.230000	1.183981
R005bc2008.D09	complete.4	R005bc2008.D09_complete.4	Takara PrimeSTAR LongSeq 1x 150 ng (Q)	Klebsiella pneumoniae	u74577ctg_len-5365907_circular-yes_depth-12-12-12_duplicated-no	5000000	5025000	25000	50.444000	17.860000	17.230000	1.036564
R005bc2008.D09	complete.4	R005bc2008.D09_complete.4	Takara PrimeSTAR LongSeq 1x 150 ng (Q)	Klebsiella pneumoniae	u74577ctg_len-5365907_circular-yes_depth-12-12-12_duplicated-no	5025000	5050000	25000	53.756000	21.430000	17.230000	1.243761
R005bc2008.D09	complete.4	R005bc2008.D09_complete.4	Takara PrimeSTAR LongSeq 1x 150 ng (Q)	Klebsiella pneumoniae	u74577ctg_len-5365907_circular-yes_depth-12-12-12_duplicated-no	5050000	5075000	25000	52.332000	24.510000	17.230000	1.422519
R005bc2008.D09	complete.4	R005bc2008.D09_complete.4	Takara PrimeSTAR LongSeq 1x 150 ng (Q)	Klebsiella pneumoniae	u74577ctg_len-5365907_circular-yes_depth-12-12-12_duplicated-no	5075000	5100000	25000	51.688000	22.140000	17.230000	1.284968
R005bc2008.D09	complete.4	R005bc2008.D09_complete.4	Takara PrimeSTAR LongSeq 1x 150 ng (Q)	Klebsiella pneumoniae	u74577ctg_len-5365907_circular-yes_depth-12-12-12_duplicated-no	5100000	5125000	25000	59.544000	17.230000	17.230000	1.000000
R005bc2008.D09	complete.4	R005bc2008.D09_complete.4	Takara PrimeSTAR LongSeq 1x 150 ng (Q)	Klebsiella pneumoniae	u74577ctg_len-5365907_circular-yes_depth-12-12-12_duplicated-no	5125000	5150000	25000	56.860000	20.140000	17.230000	1.168891
R005bc2008.D09	complete.4	R005bc2008.D09_complete.4	Takara PrimeSTAR LongSeq 1x 150 ng (Q)	Klebsiella pneumoniae	u74577ctg_len-5365907_circular-yes_depth-12-12-12_duplicated-no	5150000	5175000	25000	57.740000	17.230000	17.230000	1.000000
R005bc2008.D09	complete.4	R005bc2008.D09_complete.4	Takara PrimeSTAR LongSeq 1x 150 ng (Q)	Klebsiella pneumoniae	u74577ctg_len-5365907_circular-yes_depth-12-12-12_duplicated-no	5175000	5200000	25000	56.000000	19.760000	17.230000	1.146837
R005bc2008.D09	complete.4	R005bc2008.D09_complete.4	Takara PrimeSTAR LongSeq 1x 150 ng (Q)	Klebsiella pneumoniae	u74577ctg_len-5365907_circular-yes_depth-12-12-12_duplicated-no	5200000	5225000	25000	59.500000	16.280000	17.230000	0.944864
R005bc2008.D09	complete.4	R005bc2008.D09_complete.4	Takara PrimeSTAR LongSeq 1x 150 ng (Q)	Klebsiella pneumoniae	u74577ctg_len-5365907_circular-yes_depth-12-12-12_duplicated-no	5225000	5250000	25000	57.732000	18.360000	17.230000	1.065583
R005bc2008.D09	complete.4	R005bc2008.D09_complete.4	Takara PrimeSTAR LongSeq 1x 150 ng (Q)	Klebsiella pneumoniae	u74577ctg_len-5365907_circular-yes_depth-12-12-12_duplicated-no	5250000	5275000	25000	59.228000	15.530000	17.230000	0.901335
R005bc2008.D09	complete.4	R005bc2008.D09_complete.4	Takara PrimeSTAR LongSeq 1x 150 ng (Q)	Klebsiella pneumoniae	u74577ctg_len-5365907_circular-yes_depth-12-12-12_duplicated-no	5275000	5300000	25000	59.768000	16.830000	17.230000	0.976785
R005bc2008.D09	complete.4	R005bc2008.D09_complete.4	Takara PrimeSTAR LongSeq 1x 150 ng (Q)	Klebsiella pneumoniae	u74577ctg_len-5365907_circular-yes_depth-12-12-12_duplicated-no	5300000	5325000	25000	54.824000	16.910000	17.230000	0.981428
R005bc2008.D09	complete.4	R005bc2008.D09_complete.4	Takara PrimeSTAR LongSeq 1x 150 ng (Q)	Klebsiella pneumoniae	u74577ctg_len-5365907_circular-yes_depth-12-12-12_duplicated-no	5325000	5350000	25000	58.260000	16.980000	17.230000	0.985490
R004bc2008.D09	complete.5	R004bc2008.D09_complete.5	Takara PrimeSTAR LongSeq 1x 150 ng	Klebsiella pneumoniae	u695ctg_len-5365907_circular-yes_depth-12-12-12_duplicated-no	0	25000	25000	49.964000	26.800000	18.305000	1.464081
R004bc2008.D09	complete.5	R004bc2008.D09_complete.5	Takara PrimeSTAR LongSeq 1x 150 ng	Klebsiella pneumoniae	u695ctg_len-5365907_circular-yes_depth-12-12-12_duplicated-no	25000	50000	25000	60.440000	16.410000	18.305000	0.896476
R004bc2008.D09	complete.5	R004bc2008.D09_complete.5	Takara PrimeSTAR LongSeq 1x 150 ng	Klebsiella pneumoniae	u695ctg_len-5365907_circular-yes_depth-12-12-12_duplicated-no	50000	75000	25000	60.396000	18.250000	18.305000	0.996995
R004bc2008.D09	complete.5	R004bc2008.D09_complete.5	Takara PrimeSTAR LongSeq 1x 150 ng	Klebsiella pneumoniae	u695ctg_len-5365907_circular-yes_depth-12-12-12_duplicated-no	75000	100000	25000	58.248000	18.350000	18.305000	1.002458
R004bc2008.D09	complete.5	R004bc2008.D09_complete.5	Takara PrimeSTAR LongSeq 1x 150 ng	Klebsiella pneumoniae	u695ctg_len-5365907_circular-yes_depth-12-12-12_duplicated-no	100000	125000	25000	56.320000	22.680000	18.305000	1.239006
R004bc2008.D09	complete.5	R004bc2008.D09_complete.5	Takara PrimeSTAR LongSeq 1x 150 ng	Klebsiella pneumoniae	u695ctg_len-5365907_circular-yes_depth-12-12-12_duplicated-no	125000	150000	25000	58.556000	22.400000	18.305000	1.223709
R004bc2008.D09	complete.5	R004bc2008.D09_complete.5	Takara PrimeSTAR LongSeq 1x 150 ng	Klebsiella pneumoniae	u695ctg_len-5365907_circular-yes_depth-12-12-12_duplicated-no	150000	175000	25000	54.176000	21.220000	18.305000	1.159246
R004bc2008.D09	complete.5	R004bc2008.D09_complete.5	Takara PrimeSTAR LongSeq 1x 150 ng	Klebsiella pneumoniae	u695ctg_len-5365907_circular-yes_depth-12-12-12_duplicated-no	175000	200000	25000	55.496000	23.680000	18.305000	1.293636
R004bc2008.D09	complete.5	R004bc2008.D09_complete.5	Takara PrimeSTAR LongSeq 1x 150 ng	Klebsiella pneumoniae	u695ctg_len-5365907_circular-yes_depth-12-12-12_duplicated-no	200000	225000	25000	58.088000	16.620000	18.305000	0.907949
R004bc2008.D09	complete.5	R004bc2008.D09_complete.5	Takara PrimeSTAR LongSeq 1x 150 ng	Klebsiella pneumoniae	u695ctg_len-5365907_circular-yes_depth-12-12-12_duplicated-no	225000	250000	25000	57.788000	16.420000	18.305000	0.897023
R004bc2008.D09	complete.5	R004bc2008.D09_complete.5	Takara PrimeSTAR LongSeq 1x 150 ng	Klebsiella pneumoniae	u695ctg_len-5365907_circular-yes_depth-12-12-12_duplicated-no	250000	275000	25000	59.396000	17.250000	18.305000	0.942365
R004bc2008.D09	complete.5	R004bc2008.D09_complete.5	Takara PrimeSTAR LongSeq 1x 150 ng	Klebsiella pneumoniae	u695ctg_len-5365907_circular-yes_depth-12-12-12_duplicated-no	275000	300000	25000	56.132000	17.780000	18.305000	0.971319
R004bc2008.D09	complete.5	R004bc2008.D09_complete.5	Takara PrimeSTAR LongSeq 1x 150 ng	Klebsiella pneumoniae	u695ctg_len-5365907_circular-yes_depth-12-12-12_duplicated-no	300000	325000	25000	60.368000	16.030000	18.305000	0.875717
R004bc2008.D09	complete.5	R004bc2008.D09_complete.5	Takara PrimeSTAR LongSeq 1x 150 ng	Klebsiella pneumoniae	u695ctg_len-5365907_circular-yes_depth-12-12-12_duplicated-no	325000	350000	25000	59.668000	16.230000	18.305000	0.886643
R004bc2008.D09	complete.5	R004bc2008.D09_complete.5	Takara PrimeSTAR LongSeq 1x 150 ng	Klebsiella pneumoniae	u695ctg_len-5365907_circular-yes_depth-12-12-12_duplicated-no	350000	375000	25000	55.636000	16.080000	18.305000	0.878449
R004bc2008.D09	complete.5	R004bc2008.D09_complete.5	Takara PrimeSTAR LongSeq 1x 150 ng	Klebsiella pneumoniae	u695ctg_len-5365907_circular-yes_depth-12-12-12_duplicated-no	375000	400000	25000	56.900000	18.240000	18.305000	0.996449
R004bc2008.D09	complete.5	R004bc2008.D09_complete.5	Takara PrimeSTAR LongSeq 1x 150 ng	Klebsiella pneumoniae	u695ctg_len-5365907_circular-yes_depth-12-12-12_duplicated-no	400000	425000	25000	55.244000	18.840000	18.305000	1.029227
R004bc2008.D09	complete.5	R004bc2008.D09_complete.5	Takara PrimeSTAR LongSeq 1x 150 ng	Klebsiella pneumoniae	u695ctg_len-5365907_circular-yes_depth-12-12-12_duplicated-no	425000	450000	25000	57.172000	18.740000	18.305000	1.023764
R004bc2008.D09	complete.5	R004bc2008.D09_complete.5	Takara PrimeSTAR LongSeq 1x 150 ng	Klebsiella pneumoniae	u695ctg_len-5365907_circular-yes_depth-12-12-12_duplicated-no	450000	475000	25000	60.612000	11.650000	18.305000	0.636438
R004bc2008.D09	complete.5	R004bc2008.D09_complete.5	Takara PrimeSTAR LongSeq 1x 150 ng	Klebsiella pneumoniae	u695ctg_len-5365907_circular-yes_depth-12-12-12_duplicated-no	475000	500000	25000	57.416000	16.490000	18.305000	0.900847
R004bc2008.D09	complete.5	R004bc2008.D09_complete.5	Takara PrimeSTAR LongSeq 1x 150 ng	Klebsiella pneumoniae	u695ctg_len-5365907_circular-yes_depth-12-12-12_duplicated-no	500000	525000	25000	59.116000	19.300000	18.305000	1.054357
R004bc2008.D09	complete.5	R004bc2008.D09_complete.5	Takara PrimeSTAR LongSeq 1x 150 ng	Klebsiella pneumoniae	u695ctg_len-5365907_circular-yes_depth-12-12-12_duplicated-no	525000	550000	25000	58.244000	15.980000	18.305000	0.872986
R004bc2008.D09	complete.5	R004bc2008.D09_complete.5	Takara PrimeSTAR LongSeq 1x 150 ng	Klebsiella pneumoniae	u695ctg_len-5365907_circular-yes_depth-12-12-12_duplicated-no	550000	575000	25000	57.644000	14.500000	18.305000	0.792133
R004bc2008.D09	complete.5	R004bc2008.D09_complete.5	Takara PrimeSTAR LongSeq 1x 150 ng	Klebsiella pneumoniae	u695ctg_len-5365907_circular-yes_depth-12-12-12_duplicated-no	575000	600000	25000	61.444000	14.320000	18.305000	0.782300
R004bc2008.D09	complete.5	R004bc2008.D09_complete.5	Takara PrimeSTAR LongSeq 1x 150 ng	Klebsiella pneumoniae	u695ctg_len-5365907_circular-yes_depth-12-12-12_duplicated-no	600000	625000	25000	53.996000	18.250000	18.305000	0.996995
R004bc2008.D09	complete.5	R004bc2008.D09_complete.5	Takara PrimeSTAR LongSeq 1x 150 ng	Klebsiella pneumoniae	u695ctg_len-5365907_circular-yes_depth-12-12-12_duplicated-no	625000	650000	25000	54.360000	18.360000	18.305000	1.003005
R004bc2008.D09	complete.5	R004bc2008.D09_complete.5	Takara PrimeSTAR LongSeq 1x 150 ng	Klebsiella pneumoniae	u695ctg_len-5365907_circular-yes_depth-12-12-12_duplicated-no	650000	675000	25000	61.356000	18.540000	18.305000	1.012838
R004bc2008.D09	complete.5	R004bc2008.D09_complete.5	Takara PrimeSTAR LongSeq 1x 150 ng	Klebsiella pneumoniae	u695ctg_len-5365907_circular-yes_depth-12-12-12_duplicated-no	675000	700000	25000	39.584000	27.900000	18.305000	1.524174
R004bc2008.D09	complete.5	R004bc2008.D09_complete.5	Takara PrimeSTAR LongSeq 1x 150 ng	Klebsiella pneumoniae	u695ctg_len-5365907_circular-yes_depth-12-12-12_duplicated-no	700000	725000	25000	51.464000	21.410000	18.305000	1.169626
R004bc2008.D09	complete.5	R004bc2008.D09_complete.5	Takara PrimeSTAR LongSeq 1x 150 ng	Klebsiella pneumoniae	u695ctg_len-5365907_circular-yes_depth-12-12-12_duplicated-no	725000	750000	25000	59.320000	23.060000	18.305000	1.259765
R004bc2008.D09	complete.5	R004bc2008.D09_complete.5	Takara PrimeSTAR LongSeq 1x 150 ng	Klebsiella pneumoniae	u695ctg_len-5365907_circular-yes_depth-12-12-12_duplicated-no	750000	775000	25000	51.952000	19.140000	18.305000	1.045616
R004bc2008.D09	complete.5	R004bc2008.D09_complete.5	Takara PrimeSTAR LongSeq 1x 150 ng	Klebsiella pneumoniae	u695ctg_len-5365907_circular-yes_depth-12-12-12_duplicated-no	775000	800000	25000	53.592000	22.730000	18.305000	1.241737
R004bc2008.D09	complete.5	R004bc2008.D09_complete.5	Takara PrimeSTAR LongSeq 1x 150 ng	Klebsiella pneumoniae	u695ctg_len-5365907_circular-yes_depth-12-12-12_duplicated-no	800000	825000	25000	50.396000	33.390000	18.305000	1.824092
R004bc2008.D09	complete.5	R004bc2008.D09_complete.5	Takara PrimeSTAR LongSeq 1x 150 ng	Klebsiella pneumoniae	u695ctg_len-5365907_circular-yes_depth-12-12-12_duplicated-no	825000	850000	25000	58.280000	18.530000	18.305000	1.012292
R004bc2008.D09	complete.5	R004bc2008.D09_complete.5	Takara PrimeSTAR LongSeq 1x 150 ng	Klebsiella pneumoniae	u695ctg_len-5365907_circular-yes_depth-12-12-12_duplicated-no	850000	875000	25000	47.844000	20.160000	18.305000	1.101338
R004bc2008.D09	complete.5	R004bc2008.D09_complete.5	Takara PrimeSTAR LongSeq 1x 150 ng	Klebsiella pneumoniae	u695ctg_len-5365907_circular-yes_depth-12-12-12_duplicated-no	875000	900000	25000	54.532000	20.390000	18.305000	1.113903
R004bc2008.D09	complete.5	R004bc2008.D09_complete.5	Takara PrimeSTAR LongSeq 1x 150 ng	Klebsiella pneumoniae	u695ctg_len-5365907_circular-yes_depth-12-12-12_duplicated-no	900000	925000	25000	55.420000	21.540000	18.305000	1.176728
R004bc2008.D09	complete.5	R004bc2008.D09_complete.5	Takara PrimeSTAR LongSeq 1x 150 ng	Klebsiella pneumoniae	u695ctg_len-5365907_circular-yes_depth-12-12-12_duplicated-no	925000	950000	25000	56.440000	17.920000	18.305000	0.978967
R004bc2008.D09	complete.5	R004bc2008.D09_complete.5	Takara PrimeSTAR LongSeq 1x 150 ng	Klebsiella pneumoniae	u695ctg_len-5365907_circular-yes_depth-12-12-12_duplicated-no	950000	975000	25000	58.068000	15.370000	18.305000	0.839661
R004bc2008.D09	complete.5	R004bc2008.D09_complete.5	Takara PrimeSTAR LongSeq 1x 150 ng	Klebsiella pneumoniae	u695ctg_len-5365907_circular-yes_depth-12-12-12_duplicated-no	975000	1000000	25000	56.228000	21.430000	18.305000	1.170718
R004bc2008.D09	complete.5	R004bc2008.D09_complete.5	Takara PrimeSTAR LongSeq 1x 150 ng	Klebsiella pneumoniae	u695ctg_len-5365907_circular-yes_depth-12-12-12_duplicated-no	1000000	1025000	25000	58.764000	18.930000	18.305000	1.034144
R004bc2008.D09	complete.5	R004bc2008.D09_complete.5	Takara PrimeSTAR LongSeq 1x 150 ng	Klebsiella pneumoniae	u695ctg_len-5365907_circular-yes_depth-12-12-12_duplicated-no	1025000	1050000	25000	59.760000	16.100000	18.305000	0.879541
R004bc2008.D09	complete.5	R004bc2008.D09_complete.5	Takara PrimeSTAR LongSeq 1x 150 ng	Klebsiella pneumoniae	u695ctg_len-5365907_circular-yes_depth-12-12-12_duplicated-no	1050000	1075000	25000	56.560000	18.260000	18.305000	0.997542
R004bc2008.D09	complete.5	R004bc2008.D09_complete.5	Takara PrimeSTAR LongSeq 1x 150 ng	Klebsiella pneumoniae	u695ctg_len-5365907_circular-yes_depth-12-12-12_duplicated-no	1075000	1100000	25000	55.092000	17.810000	18.305000	0.972958
R004bc2008.D09	complete.5	R004bc2008.D09_complete.5	Takara PrimeSTAR LongSeq 1x 150 ng	Klebsiella pneumoniae	u695ctg_len-5365907_circular-yes_depth-12-12-12_duplicated-no	1100000	1125000	25000	61.484000	14.720000	18.305000	0.804152
R004bc2008.D09	complete.5	R004bc2008.D09_complete.5	Takara PrimeSTAR LongSeq 1x 150 ng	Klebsiella pneumoniae	u695ctg_len-5365907_circular-yes_depth-12-12-12_duplicated-no	1125000	1150000	25000	54.796000	15.950000	18.305000	0.871347
R004bc2008.D09	complete.5	R004bc2008.D09_complete.5	Takara PrimeSTAR LongSeq 1x 150 ng	Klebsiella pneumoniae	u695ctg_len-5365907_circular-yes_depth-12-12-12_duplicated-no	1150000	1175000	25000	55.000000	19.960000	18.305000	1.090412
R004bc2008.D09	complete.5	R004bc2008.D09_complete.5	Takara PrimeSTAR LongSeq 1x 150 ng	Klebsiella pneumoniae	u695ctg_len-5365907_circular-yes_depth-12-12-12_duplicated-no	1175000	1200000	25000	58.944000	15.320000	18.305000	0.836930
R004bc2008.D09	complete.5	R004bc2008.D09_complete.5	Takara PrimeSTAR LongSeq 1x 150 ng	Klebsiella pneumoniae	u695ctg_len-5365907_circular-yes_depth-12-12-12_duplicated-no	1200000	1225000	25000	60.172000	17.540000	18.305000	0.958208
R004bc2008.D09	complete.5	R004bc2008.D09_complete.5	Takara PrimeSTAR LongSeq 1x 150 ng	Klebsiella pneumoniae	u695ctg_len-5365907_circular-yes_depth-12-12-12_duplicated-no	1225000	1250000	25000	63.632000	13.190000	18.305000	0.720568
R004bc2008.D09	complete.5	R004bc2008.D09_complete.5	Takara PrimeSTAR LongSeq 1x 150 ng	Klebsiella pneumoniae	u695ctg_len-5365907_circular-yes_depth-12-12-12_duplicated-no	1250000	1275000	25000	60.564000	11.920000	18.305000	0.651188
R004bc2008.D09	complete.5	R004bc2008.D09_complete.5	Takara PrimeSTAR LongSeq 1x 150 ng	Klebsiella pneumoniae	u695ctg_len-5365907_circular-yes_depth-12-12-12_duplicated-no	1275000	1300000	25000	53.096000	21.520000	18.305000	1.175635
R004bc2008.D09	complete.5	R004bc2008.D09_complete.5	Takara PrimeSTAR LongSeq 1x 150 ng	Klebsiella pneumoniae	u695ctg_len-5365907_circular-yes_depth-12-12-12_duplicated-no	1300000	1325000	25000	62.064000	16.960000	18.305000	0.926523
R004bc2008.D09	complete.5	R004bc2008.D09_complete.5	Takara PrimeSTAR LongSeq 1x 150 ng	Klebsiella pneumoniae	u695ctg_len-5365907_circular-yes_depth-12-12-12_duplicated-no	1325000	1350000	25000	58.452000	17.960000	18.305000	0.981153
R004bc2008.D09	complete.5	R004bc2008.D09_complete.5	Takara PrimeSTAR LongSeq 1x 150 ng	Klebsiella pneumoniae	u695ctg_len-5365907_circular-yes_depth-12-12-12_duplicated-no	1350000	1375000	25000	56.492000	18.030000	18.305000	0.984977
R004bc2008.D09	complete.5	R004bc2008.D09_complete.5	Takara PrimeSTAR LongSeq 1x 150 ng	Klebsiella pneumoniae	u695ctg_len-5365907_circular-yes_depth-12-12-12_duplicated-no	1375000	1400000	25000	57.536000	14.710000	18.305000	0.803606
R004bc2008.D09	complete.5	R004bc2008.D09_complete.5	Takara PrimeSTAR LongSeq 1x 150 ng	Klebsiella pneumoniae	u695ctg_len-5365907_circular-yes_depth-12-12-12_duplicated-no	1400000	1425000	25000	58.812000	20.790000	18.305000	1.135755
R004bc2008.D09	complete.5	R004bc2008.D09_complete.5	Takara PrimeSTAR LongSeq 1x 150 ng	Klebsiella pneumoniae	u695ctg_len-5365907_circular-yes_depth-12-12-12_duplicated-no	1425000	1450000	25000	58.900000	14.490000	18.305000	0.791587
R004bc2008.D09	complete.5	R004bc2008.D09_complete.5	Takara PrimeSTAR LongSeq 1x 150 ng	Klebsiella pneumoniae	u695ctg_len-5365907_circular-yes_depth-12-12-12_duplicated-no	1450000	1475000	25000	60.600000	13.370000	18.305000	0.730402
R004bc2008.D09	complete.5	R004bc2008.D09_complete.5	Takara PrimeSTAR LongSeq 1x 150 ng	Klebsiella pneumoniae	u695ctg_len-5365907_circular-yes_depth-12-12-12_duplicated-no	1475000	1500000	25000	59.192000	16.150000	18.305000	0.882273
R004bc2008.D09	complete.5	R004bc2008.D09_complete.5	Takara PrimeSTAR LongSeq 1x 150 ng	Klebsiella pneumoniae	u695ctg_len-5365907_circular-yes_depth-12-12-12_duplicated-no	1500000	1525000	25000	58.156000	17.680000	18.305000	0.965856
R004bc2008.D09	complete.5	R004bc2008.D09_complete.5	Takara PrimeSTAR LongSeq 1x 150 ng	Klebsiella pneumoniae	u695ctg_len-5365907_circular-yes_depth-12-12-12_duplicated-no	1525000	1550000	25000	60.144000	14.300000	18.305000	0.781207
R004bc2008.D09	complete.5	R004bc2008.D09_complete.5	Takara PrimeSTAR LongSeq 1x 150 ng	Klebsiella pneumoniae	u695ctg_len-5365907_circular-yes_depth-12-12-12_duplicated-no	1550000	1575000	25000	60.900000	18.130000	18.305000	0.990440
R004bc2008.D09	complete.5	R004bc2008.D09_complete.5	Takara PrimeSTAR LongSeq 1x 150 ng	Klebsiella pneumoniae	u695ctg_len-5365907_circular-yes_depth-12-12-12_duplicated-no	1575000	1600000	25000	58.312000	17.630000	18.305000	0.963125
R004bc2008.D09	complete.5	R004bc2008.D09_complete.5	Takara PrimeSTAR LongSeq 1x 150 ng	Klebsiella pneumoniae	u695ctg_len-5365907_circular-yes_depth-12-12-12_duplicated-no	1600000	1625000	25000	52.956000	21.890000	18.305000	1.195848
R004bc2008.D09	complete.5	R004bc2008.D09_complete.5	Takara PrimeSTAR LongSeq 1x 150 ng	Klebsiella pneumoniae	u695ctg_len-5365907_circular-yes_depth-12-12-12_duplicated-no	1625000	1650000	25000	54.064000	17.210000	18.305000	0.940180
R004bc2008.D09	complete.5	R004bc2008.D09_complete.5	Takara PrimeSTAR LongSeq 1x 150 ng	Klebsiella pneumoniae	u695ctg_len-5365907_circular-yes_depth-12-12-12_duplicated-no	1650000	1675000	25000	56.672000	20.000000	18.305000	1.092598
R004bc2008.D09	complete.5	R004bc2008.D09_complete.5	Takara PrimeSTAR LongSeq 1x 150 ng	Klebsiella pneumoniae	u695ctg_len-5365907_circular-yes_depth-12-12-12_duplicated-no	1675000	1700000	25000	56.864000	16.620000	18.305000	0.907949
R004bc2008.D09	complete.5	R004bc2008.D09_complete.5	Takara PrimeSTAR LongSeq 1x 150 ng	Klebsiella pneumoniae	u695ctg_len-5365907_circular-yes_depth-12-12-12_duplicated-no	1700000	1725000	25000	59.212000	16.980000	18.305000	0.927615
R004bc2008.D09	complete.5	R004bc2008.D09_complete.5	Takara PrimeSTAR LongSeq 1x 150 ng	Klebsiella pneumoniae	u695ctg_len-5365907_circular-yes_depth-12-12-12_duplicated-no	1725000	1750000	25000	58.964000	17.460000	18.305000	0.953838
R004bc2008.D09	complete.5	R004bc2008.D09_complete.5	Takara PrimeSTAR LongSeq 1x 150 ng	Klebsiella pneumoniae	u695ctg_len-5365907_circular-yes_depth-12-12-12_duplicated-no	1750000	1775000	25000	59.780000	16.880000	18.305000	0.922152
R004bc2008.D09	complete.5	R004bc2008.D09_complete.5	Takara PrimeSTAR LongSeq 1x 150 ng	Klebsiella pneumoniae	u695ctg_len-5365907_circular-yes_depth-12-12-12_duplicated-no	1775000	1800000	25000	56.736000	16.610000	18.305000	0.907402
R004bc2008.D09	complete.5	R004bc2008.D09_complete.5	Takara PrimeSTAR LongSeq 1x 150 ng	Klebsiella pneumoniae	u695ctg_len-5365907_circular-yes_depth-12-12-12_duplicated-no	1800000	1825000	25000	59.064000	14.900000	18.305000	0.813985
R004bc2008.D09	complete.5	R004bc2008.D09_complete.5	Takara PrimeSTAR LongSeq 1x 150 ng	Klebsiella pneumoniae	u695ctg_len-5365907_circular-yes_depth-12-12-12_duplicated-no	1825000	1850000	25000	59.632000	17.370000	18.305000	0.948921
R004bc2008.D09	complete.5	R004bc2008.D09_complete.5	Takara PrimeSTAR LongSeq 1x 150 ng	Klebsiella pneumoniae	u695ctg_len-5365907_circular-yes_depth-12-12-12_duplicated-no	1850000	1875000	25000	58.532000	14.770000	18.305000	0.806883
R004bc2008.D09	complete.5	R004bc2008.D09_complete.5	Takara PrimeSTAR LongSeq 1x 150 ng	Klebsiella pneumoniae	u695ctg_len-5365907_circular-yes_depth-12-12-12_duplicated-no	1875000	1900000	25000	60.536000	13.610000	18.305000	0.743513
R004bc2008.D09	complete.5	R004bc2008.D09_complete.5	Takara PrimeSTAR LongSeq 1x 150 ng	Klebsiella pneumoniae	u695ctg_len-5365907_circular-yes_depth-12-12-12_duplicated-no	1900000	1925000	25000	60.944000	12.950000	18.305000	0.707457
R004bc2008.D09	complete.5	R004bc2008.D09_complete.5	Takara PrimeSTAR LongSeq 1x 150 ng	Klebsiella pneumoniae	u695ctg_len-5365907_circular-yes_depth-12-12-12_duplicated-no	1925000	1950000	25000	57.704000	14.710000	18.305000	0.803606
R004bc2008.D09	complete.5	R004bc2008.D09_complete.5	Takara PrimeSTAR LongSeq 1x 150 ng	Klebsiella pneumoniae	u695ctg_len-5365907_circular-yes_depth-12-12-12_duplicated-no	1950000	1975000	25000	61.400000	15.560000	18.305000	0.850041
R004bc2008.D09	complete.5	R004bc2008.D09_complete.5	Takara PrimeSTAR LongSeq 1x 150 ng	Klebsiella pneumoniae	u695ctg_len-5365907_circular-yes_depth-12-12-12_duplicated-no	1975000	2000000	25000	56.464000	19.770000	18.305000	1.080033
R004bc2008.D09	complete.5	R004bc2008.D09_complete.5	Takara PrimeSTAR LongSeq 1x 150 ng	Klebsiella pneumoniae	u695ctg_len-5365907_circular-yes_depth-12-12-12_duplicated-no	2000000	2025000	25000	61.392000	15.270000	18.305000	0.834198
R004bc2008.D09	complete.5	R004bc2008.D09_complete.5	Takara PrimeSTAR LongSeq 1x 150 ng	Klebsiella pneumoniae	u695ctg_len-5365907_circular-yes_depth-12-12-12_duplicated-no	2025000	2050000	25000	56.988000	16.670000	18.305000	0.910680
R004bc2008.D09	complete.5	R004bc2008.D09_complete.5	Takara PrimeSTAR LongSeq 1x 150 ng	Klebsiella pneumoniae	u695ctg_len-5365907_circular-yes_depth-12-12-12_duplicated-no	2050000	2075000	25000	59.000000	17.240000	18.305000	0.941819
R004bc2008.D09	complete.5	R004bc2008.D09_complete.5	Takara PrimeSTAR LongSeq 1x 150 ng	Klebsiella pneumoniae	u695ctg_len-5365907_circular-yes_depth-12-12-12_duplicated-no	2075000	2100000	25000	59.100000	15.430000	18.305000	0.842939
R004bc2008.D09	complete.5	R004bc2008.D09_complete.5	Takara PrimeSTAR LongSeq 1x 150 ng	Klebsiella pneumoniae	u695ctg_len-5365907_circular-yes_depth-12-12-12_duplicated-no	2100000	2125000	25000	60.596000	12.040000	18.305000	0.657744
R004bc2008.D09	complete.5	R004bc2008.D09_complete.5	Takara PrimeSTAR LongSeq 1x 150 ng	Klebsiella pneumoniae	u695ctg_len-5365907_circular-yes_depth-12-12-12_duplicated-no	2125000	2150000	25000	58.688000	11.490000	18.305000	0.627697
R004bc2008.D09	complete.5	R004bc2008.D09_complete.5	Takara PrimeSTAR LongSeq 1x 150 ng	Klebsiella pneumoniae	u695ctg_len-5365907_circular-yes_depth-12-12-12_duplicated-no	2150000	2175000	25000	56.920000	15.940000	18.305000	0.870800
R004bc2008.D09	complete.5	R004bc2008.D09_complete.5	Takara PrimeSTAR LongSeq 1x 150 ng	Klebsiella pneumoniae	u695ctg_len-5365907_circular-yes_depth-12-12-12_duplicated-no	2175000	2200000	25000	59.180000	11.950000	18.305000	0.652827
R004bc2008.D09	complete.5	R004bc2008.D09_complete.5	Takara PrimeSTAR LongSeq 1x 150 ng	Klebsiella pneumoniae	u695ctg_len-5365907_circular-yes_depth-12-12-12_duplicated-no	2200000	2225000	25000	57.880000	16.790000	18.305000	0.917236
R004bc2008.D09	complete.5	R004bc2008.D09_complete.5	Takara PrimeSTAR LongSeq 1x 150 ng	Klebsiella pneumoniae	u695ctg_len-5365907_circular-yes_depth-12-12-12_duplicated-no	2225000	2250000	25000	57.956000	16.350000	18.305000	0.893199
R004bc2008.D09	complete.5	R004bc2008.D09_complete.5	Takara PrimeSTAR LongSeq 1x 150 ng	Klebsiella pneumoniae	u695ctg_len-5365907_circular-yes_depth-12-12-12_duplicated-no	2250000	2275000	25000	58.340000	16.000000	18.305000	0.874078
R004bc2008.D09	complete.5	R004bc2008.D09_complete.5	Takara PrimeSTAR LongSeq 1x 150 ng	Klebsiella pneumoniae	u695ctg_len-5365907_circular-yes_depth-12-12-12_duplicated-no	2275000	2300000	25000	58.812000	19.380000	18.305000	1.058727
R004bc2008.D09	complete.5	R004bc2008.D09_complete.5	Takara PrimeSTAR LongSeq 1x 150 ng	Klebsiella pneumoniae	u695ctg_len-5365907_circular-yes_depth-12-12-12_duplicated-no	2300000	2325000	25000	56.668000	15.700000	18.305000	0.857689
R004bc2008.D09	complete.5	R004bc2008.D09_complete.5	Takara PrimeSTAR LongSeq 1x 150 ng	Klebsiella pneumoniae	u695ctg_len-5365907_circular-yes_depth-12-12-12_duplicated-no	2325000	2350000	25000	55.908000	15.700000	18.305000	0.857689
R004bc2008.D09	complete.5	R004bc2008.D09_complete.5	Takara PrimeSTAR LongSeq 1x 150 ng	Klebsiella pneumoniae	u695ctg_len-5365907_circular-yes_depth-12-12-12_duplicated-no	2350000	2375000	25000	58.824000	15.900000	18.305000	0.868615
R004bc2008.D09	complete.5	R004bc2008.D09_complete.5	Takara PrimeSTAR LongSeq 1x 150 ng	Klebsiella pneumoniae	u695ctg_len-5365907_circular-yes_depth-12-12-12_duplicated-no	2375000	2400000	25000	57.552000	15.880000	18.305000	0.867523
R004bc2008.D09	complete.5	R004bc2008.D09_complete.5	Takara PrimeSTAR LongSeq 1x 150 ng	Klebsiella pneumoniae	u695ctg_len-5365907_circular-yes_depth-12-12-12_duplicated-no	2400000	2425000	25000	57.176000	15.470000	18.305000	0.845124
R004bc2008.D09	complete.5	R004bc2008.D09_complete.5	Takara PrimeSTAR LongSeq 1x 150 ng	Klebsiella pneumoniae	u695ctg_len-5365907_circular-yes_depth-12-12-12_duplicated-no	2425000	2450000	25000	58.592000	13.750000	18.305000	0.751161
R004bc2008.D09	complete.5	R004bc2008.D09_complete.5	Takara PrimeSTAR LongSeq 1x 150 ng	Klebsiella pneumoniae	u695ctg_len-5365907_circular-yes_depth-12-12-12_duplicated-no	2450000	2475000	25000	58.228000	18.830000	18.305000	1.028681
R004bc2008.D09	complete.5	R004bc2008.D09_complete.5	Takara PrimeSTAR LongSeq 1x 150 ng	Klebsiella pneumoniae	u695ctg_len-5365907_circular-yes_depth-12-12-12_duplicated-no	2475000	2500000	25000	50.424000	22.250000	18.305000	1.215515
R004bc2008.D09	complete.5	R004bc2008.D09_complete.5	Takara PrimeSTAR LongSeq 1x 150 ng	Klebsiella pneumoniae	u695ctg_len-5365907_circular-yes_depth-12-12-12_duplicated-no	2500000	2525000	25000	58.704000	14.120000	18.305000	0.771374
R004bc2008.D09	complete.5	R004bc2008.D09_complete.5	Takara PrimeSTAR LongSeq 1x 150 ng	Klebsiella pneumoniae	u695ctg_len-5365907_circular-yes_depth-12-12-12_duplicated-no	2525000	2550000	25000	60.516000	19.060000	18.305000	1.041246
R004bc2008.D09	complete.5	R004bc2008.D09_complete.5	Takara PrimeSTAR LongSeq 1x 150 ng	Klebsiella pneumoniae	u695ctg_len-5365907_circular-yes_depth-12-12-12_duplicated-no	2550000	2575000	25000	56.672000	18.090000	18.305000	0.988255
R004bc2008.D09	complete.5	R004bc2008.D09_complete.5	Takara PrimeSTAR LongSeq 1x 150 ng	Klebsiella pneumoniae	u695ctg_len-5365907_circular-yes_depth-12-12-12_duplicated-no	2575000	2600000	25000	56.172000	18.570000	18.305000	1.014477
R004bc2008.D09	complete.5	R004bc2008.D09_complete.5	Takara PrimeSTAR LongSeq 1x 150 ng	Klebsiella pneumoniae	u695ctg_len-5365907_circular-yes_depth-12-12-12_duplicated-no	2600000	2625000	25000	59.136000	12.090000	18.305000	0.660475
R004bc2008.D09	complete.5	R004bc2008.D09_complete.5	Takara PrimeSTAR LongSeq 1x 150 ng	Klebsiella pneumoniae	u695ctg_len-5365907_circular-yes_depth-12-12-12_duplicated-no	2625000	2650000	25000	56.828000	18.130000	18.305000	0.990440
R004bc2008.D09	complete.5	R004bc2008.D09_complete.5	Takara PrimeSTAR LongSeq 1x 150 ng	Klebsiella pneumoniae	u695ctg_len-5365907_circular-yes_depth-12-12-12_duplicated-no	2650000	2675000	25000	56.944000	20.540000	18.305000	1.122098
R004bc2008.D09	complete.5	R004bc2008.D09_complete.5	Takara PrimeSTAR LongSeq 1x 150 ng	Klebsiella pneumoniae	u695ctg_len-5365907_circular-yes_depth-12-12-12_duplicated-no	2675000	2700000	25000	57.324000	20.110000	18.305000	1.098607
R004bc2008.D09	complete.5	R004bc2008.D09_complete.5	Takara PrimeSTAR LongSeq 1x 150 ng	Klebsiella pneumoniae	u695ctg_len-5365907_circular-yes_depth-12-12-12_duplicated-no	2700000	2725000	25000	62.352000	14.720000	18.305000	0.804152
R004bc2008.D09	complete.5	R004bc2008.D09_complete.5	Takara PrimeSTAR LongSeq 1x 150 ng	Klebsiella pneumoniae	u695ctg_len-5365907_circular-yes_depth-12-12-12_duplicated-no	2725000	2750000	25000	63.020000	15.430000	18.305000	0.842939
R004bc2008.D09	complete.5	R004bc2008.D09_complete.5	Takara PrimeSTAR LongSeq 1x 150 ng	Klebsiella pneumoniae	u695ctg_len-5365907_circular-yes_depth-12-12-12_duplicated-no	2750000	2775000	25000	61.064000	16.410000	18.305000	0.896476
R004bc2008.D09	complete.5	R004bc2008.D09_complete.5	Takara PrimeSTAR LongSeq 1x 150 ng	Klebsiella pneumoniae	u695ctg_len-5365907_circular-yes_depth-12-12-12_duplicated-no	2775000	2800000	25000	59.904000	13.840000	18.305000	0.756078
R004bc2008.D09	complete.5	R004bc2008.D09_complete.5	Takara PrimeSTAR LongSeq 1x 150 ng	Klebsiella pneumoniae	u695ctg_len-5365907_circular-yes_depth-12-12-12_duplicated-no	2800000	2825000	25000	55.112000	20.570000	18.305000	1.123737
R004bc2008.D09	complete.5	R004bc2008.D09_complete.5	Takara PrimeSTAR LongSeq 1x 150 ng	Klebsiella pneumoniae	u695ctg_len-5365907_circular-yes_depth-12-12-12_duplicated-no	2825000	2850000	25000	59.992000	17.520000	18.305000	0.957116
R004bc2008.D09	complete.5	R004bc2008.D09_complete.5	Takara PrimeSTAR LongSeq 1x 150 ng	Klebsiella pneumoniae	u695ctg_len-5365907_circular-yes_depth-12-12-12_duplicated-no	2850000	2875000	25000	60.332000	17.030000	18.305000	0.930347
R004bc2008.D09	complete.5	R004bc2008.D09_complete.5	Takara PrimeSTAR LongSeq 1x 150 ng	Klebsiella pneumoniae	u695ctg_len-5365907_circular-yes_depth-12-12-12_duplicated-no	2875000	2900000	25000	52.684000	22.170000	18.305000	1.211144
R004bc2008.D09	complete.5	R004bc2008.D09_complete.5	Takara PrimeSTAR LongSeq 1x 150 ng	Klebsiella pneumoniae	u695ctg_len-5365907_circular-yes_depth-12-12-12_duplicated-no	2900000	2925000	25000	51.892000	24.170000	18.305000	1.320404
R004bc2008.D09	complete.5	R004bc2008.D09_complete.5	Takara PrimeSTAR LongSeq 1x 150 ng	Klebsiella pneumoniae	u695ctg_len-5365907_circular-yes_depth-12-12-12_duplicated-no	2925000	2950000	25000	53.232000	24.650000	18.305000	1.346627
R004bc2008.D09	complete.5	R004bc2008.D09_complete.5	Takara PrimeSTAR LongSeq 1x 150 ng	Klebsiella pneumoniae	u695ctg_len-5365907_circular-yes_depth-12-12-12_duplicated-no	2950000	2975000	25000	51.616000	22.140000	18.305000	1.209506
R004bc2008.D09	complete.5	R004bc2008.D09_complete.5	Takara PrimeSTAR LongSeq 1x 150 ng	Klebsiella pneumoniae	u695ctg_len-5365907_circular-yes_depth-12-12-12_duplicated-no	2975000	3000000	25000	54.788000	19.680000	18.305000	1.075116
R004bc2008.D09	complete.5	R004bc2008.D09_complete.5	Takara PrimeSTAR LongSeq 1x 150 ng	Klebsiella pneumoniae	u695ctg_len-5365907_circular-yes_depth-12-12-12_duplicated-no	3000000	3025000	25000	58.848000	16.510000	18.305000	0.901939
R004bc2008.D09	complete.5	R004bc2008.D09_complete.5	Takara PrimeSTAR LongSeq 1x 150 ng	Klebsiella pneumoniae	u695ctg_len-5365907_circular-yes_depth-12-12-12_duplicated-no	3025000	3050000	25000	55.848000	21.190000	18.305000	1.157607
R004bc2008.D09	complete.5	R004bc2008.D09_complete.5	Takara PrimeSTAR LongSeq 1x 150 ng	Klebsiella pneumoniae	u695ctg_len-5365907_circular-yes_depth-12-12-12_duplicated-no	3050000	3075000	25000	58.180000	19.300000	18.305000	1.054357
R004bc2008.D09	complete.5	R004bc2008.D09_complete.5	Takara PrimeSTAR LongSeq 1x 150 ng	Klebsiella pneumoniae	u695ctg_len-5365907_circular-yes_depth-12-12-12_duplicated-no	3075000	3100000	25000	57.300000	22.330000	18.305000	1.219885
R004bc2008.D09	complete.5	R004bc2008.D09_complete.5	Takara PrimeSTAR LongSeq 1x 150 ng	Klebsiella pneumoniae	u695ctg_len-5365907_circular-yes_depth-12-12-12_duplicated-no	3100000	3125000	25000	57.424000	21.240000	18.305000	1.160339
R004bc2008.D09	complete.5	R004bc2008.D09_complete.5	Takara PrimeSTAR LongSeq 1x 150 ng	Klebsiella pneumoniae	u695ctg_len-5365907_circular-yes_depth-12-12-12_duplicated-no	3125000	3150000	25000	59.056000	19.830000	18.305000	1.083311
R004bc2008.D09	complete.5	R004bc2008.D09_complete.5	Takara PrimeSTAR LongSeq 1x 150 ng	Klebsiella pneumoniae	u695ctg_len-5365907_circular-yes_depth-12-12-12_duplicated-no	3150000	3175000	25000	60.088000	15.380000	18.305000	0.840208
R004bc2008.D09	complete.5	R004bc2008.D09_complete.5	Takara PrimeSTAR LongSeq 1x 150 ng	Klebsiella pneumoniae	u695ctg_len-5365907_circular-yes_depth-12-12-12_duplicated-no	3175000	3200000	25000	59.216000	13.620000	18.305000	0.744059
R004bc2008.D09	complete.5	R004bc2008.D09_complete.5	Takara PrimeSTAR LongSeq 1x 150 ng	Klebsiella pneumoniae	u695ctg_len-5365907_circular-yes_depth-12-12-12_duplicated-no	3200000	3225000	25000	53.624000	20.940000	18.305000	1.143950
R004bc2008.D09	complete.5	R004bc2008.D09_complete.5	Takara PrimeSTAR LongSeq 1x 150 ng	Klebsiella pneumoniae	u695ctg_len-5365907_circular-yes_depth-12-12-12_duplicated-no	3225000	3250000	25000	58.328000	20.630000	18.305000	1.127014
R004bc2008.D09	complete.5	R004bc2008.D09_complete.5	Takara PrimeSTAR LongSeq 1x 150 ng	Klebsiella pneumoniae	u695ctg_len-5365907_circular-yes_depth-12-12-12_duplicated-no	3250000	3275000	25000	54.832000	19.390000	18.305000	1.059273
R004bc2008.D09	complete.5	R004bc2008.D09_complete.5	Takara PrimeSTAR LongSeq 1x 150 ng	Klebsiella pneumoniae	u695ctg_len-5365907_circular-yes_depth-12-12-12_duplicated-no	3275000	3300000	25000	56.540000	22.250000	18.305000	1.215515
R004bc2008.D09	complete.5	R004bc2008.D09_complete.5	Takara PrimeSTAR LongSeq 1x 150 ng	Klebsiella pneumoniae	u695ctg_len-5365907_circular-yes_depth-12-12-12_duplicated-no	3300000	3325000	25000	59.124000	21.990000	18.305000	1.201311
R004bc2008.D09	complete.5	R004bc2008.D09_complete.5	Takara PrimeSTAR LongSeq 1x 150 ng	Klebsiella pneumoniae	u695ctg_len-5365907_circular-yes_depth-12-12-12_duplicated-no	3325000	3350000	25000	62.408000	14.690000	18.305000	0.802513
R004bc2008.D09	complete.5	R004bc2008.D09_complete.5	Takara PrimeSTAR LongSeq 1x 150 ng	Klebsiella pneumoniae	u695ctg_len-5365907_circular-yes_depth-12-12-12_duplicated-no	3350000	3375000	25000	56.228000	16.280000	18.305000	0.889374
R004bc2008.D09	complete.5	R004bc2008.D09_complete.5	Takara PrimeSTAR LongSeq 1x 150 ng	Klebsiella pneumoniae	u695ctg_len-5365907_circular-yes_depth-12-12-12_duplicated-no	3375000	3400000	25000	56.708000	17.930000	18.305000	0.979514
R004bc2008.D09	complete.5	R004bc2008.D09_complete.5	Takara PrimeSTAR LongSeq 1x 150 ng	Klebsiella pneumoniae	u695ctg_len-5365907_circular-yes_depth-12-12-12_duplicated-no	3400000	3425000	25000	56.756000	16.190000	18.305000	0.884458
R004bc2008.D09	complete.5	R004bc2008.D09_complete.5	Takara PrimeSTAR LongSeq 1x 150 ng	Klebsiella pneumoniae	u695ctg_len-5365907_circular-yes_depth-12-12-12_duplicated-no	3425000	3450000	25000	58.660000	17.270000	18.305000	0.943458
R004bc2008.D09	complete.5	R004bc2008.D09_complete.5	Takara PrimeSTAR LongSeq 1x 150 ng	Klebsiella pneumoniae	u695ctg_len-5365907_circular-yes_depth-12-12-12_duplicated-no	3450000	3475000	25000	57.728000	17.980000	18.305000	0.982245
R004bc2008.D09	complete.5	R004bc2008.D09_complete.5	Takara PrimeSTAR LongSeq 1x 150 ng	Klebsiella pneumoniae	u695ctg_len-5365907_circular-yes_depth-12-12-12_duplicated-no	3475000	3500000	25000	56.960000	20.320000	18.305000	1.110079
R004bc2008.D09	complete.5	R004bc2008.D09_complete.5	Takara PrimeSTAR LongSeq 1x 150 ng	Klebsiella pneumoniae	u695ctg_len-5365907_circular-yes_depth-12-12-12_duplicated-no	3500000	3525000	25000	58.140000	19.130000	18.305000	1.045070
R004bc2008.D09	complete.5	R004bc2008.D09_complete.5	Takara PrimeSTAR LongSeq 1x 150 ng	Klebsiella pneumoniae	u695ctg_len-5365907_circular-yes_depth-12-12-12_duplicated-no	3525000	3550000	25000	55.400000	20.560000	18.305000	1.123190
R004bc2008.D09	complete.5	R004bc2008.D09_complete.5	Takara PrimeSTAR LongSeq 1x 150 ng	Klebsiella pneumoniae	u695ctg_len-5365907_circular-yes_depth-12-12-12_duplicated-no	3550000	3575000	25000	58.284000	17.740000	18.305000	0.969134
R004bc2008.D09	complete.5	R004bc2008.D09_complete.5	Takara PrimeSTAR LongSeq 1x 150 ng	Klebsiella pneumoniae	u695ctg_len-5365907_circular-yes_depth-12-12-12_duplicated-no	3575000	3600000	25000	57.676000	19.280000	18.305000	1.053264
R004bc2008.D09	complete.5	R004bc2008.D09_complete.5	Takara PrimeSTAR LongSeq 1x 150 ng	Klebsiella pneumoniae	u695ctg_len-5365907_circular-yes_depth-12-12-12_duplicated-no	3600000	3625000	25000	56.784000	15.630000	18.305000	0.853865
R004bc2008.D09	complete.5	R004bc2008.D09_complete.5	Takara PrimeSTAR LongSeq 1x 150 ng	Klebsiella pneumoniae	u695ctg_len-5365907_circular-yes_depth-12-12-12_duplicated-no	3625000	3650000	25000	58.572000	17.520000	18.305000	0.957116
R004bc2008.D09	complete.5	R004bc2008.D09_complete.5	Takara PrimeSTAR LongSeq 1x 150 ng	Klebsiella pneumoniae	u695ctg_len-5365907_circular-yes_depth-12-12-12_duplicated-no	3650000	3675000	25000	52.272000	20.830000	18.305000	1.137940
R004bc2008.D09	complete.5	R004bc2008.D09_complete.5	Takara PrimeSTAR LongSeq 1x 150 ng	Klebsiella pneumoniae	u695ctg_len-5365907_circular-yes_depth-12-12-12_duplicated-no	3675000	3700000	25000	60.228000	17.610000	18.305000	0.962032
R004bc2008.D09	complete.5	R004bc2008.D09_complete.5	Takara PrimeSTAR LongSeq 1x 150 ng	Klebsiella pneumoniae	u695ctg_len-5365907_circular-yes_depth-12-12-12_duplicated-no	3700000	3725000	25000	57.016000	23.870000	18.305000	1.304015
R004bc2008.D09	complete.5	R004bc2008.D09_complete.5	Takara PrimeSTAR LongSeq 1x 150 ng	Klebsiella pneumoniae	u695ctg_len-5365907_circular-yes_depth-12-12-12_duplicated-no	3725000	3750000	25000	58.184000	21.210000	18.305000	1.158700
R004bc2008.D09	complete.5	R004bc2008.D09_complete.5	Takara PrimeSTAR LongSeq 1x 150 ng	Klebsiella pneumoniae	u695ctg_len-5365907_circular-yes_depth-12-12-12_duplicated-no	3750000	3775000	25000	57.024000	21.600000	18.305000	1.180005
R004bc2008.D09	complete.5	R004bc2008.D09_complete.5	Takara PrimeSTAR LongSeq 1x 150 ng	Klebsiella pneumoniae	u695ctg_len-5365907_circular-yes_depth-12-12-12_duplicated-no	3775000	3800000	25000	57.944000	18.770000	18.305000	1.025403
R004bc2008.D09	complete.5	R004bc2008.D09_complete.5	Takara PrimeSTAR LongSeq 1x 150 ng	Klebsiella pneumoniae	u695ctg_len-5365907_circular-yes_depth-12-12-12_duplicated-no	3800000	3825000	25000	56.644000	22.160000	18.305000	1.210598
R004bc2008.D09	complete.5	R004bc2008.D09_complete.5	Takara PrimeSTAR LongSeq 1x 150 ng	Klebsiella pneumoniae	u695ctg_len-5365907_circular-yes_depth-12-12-12_duplicated-no	3825000	3850000	25000	53.448000	18.260000	18.305000	0.997542
R004bc2008.D09	complete.5	R004bc2008.D09_complete.5	Takara PrimeSTAR LongSeq 1x 150 ng	Klebsiella pneumoniae	u695ctg_len-5365907_circular-yes_depth-12-12-12_duplicated-no	3850000	3875000	25000	60.008000	21.830000	18.305000	1.192570
R004bc2008.D09	complete.5	R004bc2008.D09_complete.5	Takara PrimeSTAR LongSeq 1x 150 ng	Klebsiella pneumoniae	u695ctg_len-5365907_circular-yes_depth-12-12-12_duplicated-no	3875000	3900000	25000	57.128000	19.140000	18.305000	1.045616
R004bc2008.D09	complete.5	R004bc2008.D09_complete.5	Takara PrimeSTAR LongSeq 1x 150 ng	Klebsiella pneumoniae	u695ctg_len-5365907_circular-yes_depth-12-12-12_duplicated-no	3900000	3925000	25000	55.712000	23.360000	18.305000	1.276154
R004bc2008.D09	complete.5	R004bc2008.D09_complete.5	Takara PrimeSTAR LongSeq 1x 150 ng	Klebsiella pneumoniae	u695ctg_len-5365907_circular-yes_depth-12-12-12_duplicated-no	3925000	3950000	25000	58.524000	21.060000	18.305000	1.150505
R004bc2008.D09	complete.5	R004bc2008.D09_complete.5	Takara PrimeSTAR LongSeq 1x 150 ng	Klebsiella pneumoniae	u695ctg_len-5365907_circular-yes_depth-12-12-12_duplicated-no	3950000	3975000	25000	56.156000	24.000000	18.305000	1.311117
R004bc2008.D09	complete.5	R004bc2008.D09_complete.5	Takara PrimeSTAR LongSeq 1x 150 ng	Klebsiella pneumoniae	u695ctg_len-5365907_circular-yes_depth-12-12-12_duplicated-no	3975000	4000000	25000	56.608000	19.930000	18.305000	1.088774
R004bc2008.D09	complete.5	R004bc2008.D09_complete.5	Takara PrimeSTAR LongSeq 1x 150 ng	Klebsiella pneumoniae	u695ctg_len-5365907_circular-yes_depth-12-12-12_duplicated-no	4000000	4025000	25000	55.812000	18.140000	18.305000	0.990986
R004bc2008.D09	complete.5	R004bc2008.D09_complete.5	Takara PrimeSTAR LongSeq 1x 150 ng	Klebsiella pneumoniae	u695ctg_len-5365907_circular-yes_depth-12-12-12_duplicated-no	4025000	4050000	25000	54.860000	22.010000	18.305000	1.202404
R004bc2008.D09	complete.5	R004bc2008.D09_complete.5	Takara PrimeSTAR LongSeq 1x 150 ng	Klebsiella pneumoniae	u695ctg_len-5365907_circular-yes_depth-12-12-12_duplicated-no	4050000	4075000	25000	58.092000	20.700000	18.305000	1.130839
R004bc2008.D09	complete.5	R004bc2008.D09_complete.5	Takara PrimeSTAR LongSeq 1x 150 ng	Klebsiella pneumoniae	u695ctg_len-5365907_circular-yes_depth-12-12-12_duplicated-no	4075000	4100000	25000	57.812000	18.440000	18.305000	1.007375
R004bc2008.D09	complete.5	R004bc2008.D09_complete.5	Takara PrimeSTAR LongSeq 1x 150 ng	Klebsiella pneumoniae	u695ctg_len-5365907_circular-yes_depth-12-12-12_duplicated-no	4100000	4125000	25000	55.732000	22.440000	18.305000	1.225895
R004bc2008.D09	complete.5	R004bc2008.D09_complete.5	Takara PrimeSTAR LongSeq 1x 150 ng	Klebsiella pneumoniae	u695ctg_len-5365907_circular-yes_depth-12-12-12_duplicated-no	4125000	4150000	25000	56.700000	26.600000	18.305000	1.453155
R004bc2008.D09	complete.5	R004bc2008.D09_complete.5	Takara PrimeSTAR LongSeq 1x 150 ng	Klebsiella pneumoniae	u695ctg_len-5365907_circular-yes_depth-12-12-12_duplicated-no	4150000	4175000	25000	57.416000	18.790000	18.305000	1.026495
R004bc2008.D09	complete.5	R004bc2008.D09_complete.5	Takara PrimeSTAR LongSeq 1x 150 ng	Klebsiella pneumoniae	u695ctg_len-5365907_circular-yes_depth-12-12-12_duplicated-no	4175000	4200000	25000	59.524000	20.500000	18.305000	1.119913
R004bc2008.D09	complete.5	R004bc2008.D09_complete.5	Takara PrimeSTAR LongSeq 1x 150 ng	Klebsiella pneumoniae	u695ctg_len-5365907_circular-yes_depth-12-12-12_duplicated-no	4200000	4225000	25000	54.400000	20.530000	18.305000	1.121551
R004bc2008.D09	complete.5	R004bc2008.D09_complete.5	Takara PrimeSTAR LongSeq 1x 150 ng	Klebsiella pneumoniae	u695ctg_len-5365907_circular-yes_depth-12-12-12_duplicated-no	4225000	4250000	25000	54.724000	22.070000	18.305000	1.205682
R004bc2008.D09	complete.5	R004bc2008.D09_complete.5	Takara PrimeSTAR LongSeq 1x 150 ng	Klebsiella pneumoniae	u695ctg_len-5365907_circular-yes_depth-12-12-12_duplicated-no	4250000	4275000	25000	55.952000	25.020000	18.305000	1.366840
R004bc2008.D09	complete.5	R004bc2008.D09_complete.5	Takara PrimeSTAR LongSeq 1x 150 ng	Klebsiella pneumoniae	u695ctg_len-5365907_circular-yes_depth-12-12-12_duplicated-no	4275000	4300000	25000	56.120000	21.570000	18.305000	1.178367
R004bc2008.D09	complete.5	R004bc2008.D09_complete.5	Takara PrimeSTAR LongSeq 1x 150 ng	Klebsiella pneumoniae	u695ctg_len-5365907_circular-yes_depth-12-12-12_duplicated-no	4300000	4325000	25000	59.340000	23.210000	18.305000	1.267960
R004bc2008.D09	complete.5	R004bc2008.D09_complete.5	Takara PrimeSTAR LongSeq 1x 150 ng	Klebsiella pneumoniae	u695ctg_len-5365907_circular-yes_depth-12-12-12_duplicated-no	4325000	4350000	25000	60.436000	21.170000	18.305000	1.156515
R004bc2008.D09	complete.5	R004bc2008.D09_complete.5	Takara PrimeSTAR LongSeq 1x 150 ng	Klebsiella pneumoniae	u695ctg_len-5365907_circular-yes_depth-12-12-12_duplicated-no	4350000	4375000	25000	59.588000	19.940000	18.305000	1.089320
R004bc2008.D09	complete.5	R004bc2008.D09_complete.5	Takara PrimeSTAR LongSeq 1x 150 ng	Klebsiella pneumoniae	u695ctg_len-5365907_circular-yes_depth-12-12-12_duplicated-no	4375000	4400000	25000	58.228000	27.660000	18.305000	1.511063
R004bc2008.D09	complete.5	R004bc2008.D09_complete.5	Takara PrimeSTAR LongSeq 1x 150 ng	Klebsiella pneumoniae	u695ctg_len-5365907_circular-yes_depth-12-12-12_duplicated-no	4400000	4425000	25000	54.616000	22.900000	18.305000	1.251024
R004bc2008.D09	complete.5	R004bc2008.D09_complete.5	Takara PrimeSTAR LongSeq 1x 150 ng	Klebsiella pneumoniae	u695ctg_len-5365907_circular-yes_depth-12-12-12_duplicated-no	4425000	4450000	25000	58.000000	19.330000	18.305000	1.055996
R004bc2008.D09	complete.5	R004bc2008.D09_complete.5	Takara PrimeSTAR LongSeq 1x 150 ng	Klebsiella pneumoniae	u695ctg_len-5365907_circular-yes_depth-12-12-12_duplicated-no	4450000	4475000	25000	57.712000	22.880000	18.305000	1.249932
R004bc2008.D09	complete.5	R004bc2008.D09_complete.5	Takara PrimeSTAR LongSeq 1x 150 ng	Klebsiella pneumoniae	u695ctg_len-5365907_circular-yes_depth-12-12-12_duplicated-no	4475000	4500000	25000	58.308000	23.570000	18.305000	1.287626
R004bc2008.D09	complete.5	R004bc2008.D09_complete.5	Takara PrimeSTAR LongSeq 1x 150 ng	Klebsiella pneumoniae	u695ctg_len-5365907_circular-yes_depth-12-12-12_duplicated-no	4500000	4525000	25000	60.556000	18.400000	18.305000	1.005190
R004bc2008.D09	complete.5	R004bc2008.D09_complete.5	Takara PrimeSTAR LongSeq 1x 150 ng	Klebsiella pneumoniae	u695ctg_len-5365907_circular-yes_depth-12-12-12_duplicated-no	4525000	4550000	25000	60.808000	17.370000	18.305000	0.948921
R004bc2008.D09	complete.5	R004bc2008.D09_complete.5	Takara PrimeSTAR LongSeq 1x 150 ng	Klebsiella pneumoniae	u695ctg_len-5365907_circular-yes_depth-12-12-12_duplicated-no	4550000	4575000	25000	59.572000	13.060000	18.305000	0.713466
R004bc2008.D09	complete.5	R004bc2008.D09_complete.5	Takara PrimeSTAR LongSeq 1x 150 ng	Klebsiella pneumoniae	u695ctg_len-5365907_circular-yes_depth-12-12-12_duplicated-no	4575000	4600000	25000	59.136000	19.050000	18.305000	1.040699
R004bc2008.D09	complete.5	R004bc2008.D09_complete.5	Takara PrimeSTAR LongSeq 1x 150 ng	Klebsiella pneumoniae	u695ctg_len-5365907_circular-yes_depth-12-12-12_duplicated-no	4600000	4625000	25000	58.452000	20.760000	18.305000	1.134116
R004bc2008.D09	complete.5	R004bc2008.D09_complete.5	Takara PrimeSTAR LongSeq 1x 150 ng	Klebsiella pneumoniae	u695ctg_len-5365907_circular-yes_depth-12-12-12_duplicated-no	4625000	4650000	25000	57.772000	18.570000	18.305000	1.014477
R004bc2008.D09	complete.5	R004bc2008.D09_complete.5	Takara PrimeSTAR LongSeq 1x 150 ng	Klebsiella pneumoniae	u695ctg_len-5365907_circular-yes_depth-12-12-12_duplicated-no	4650000	4675000	25000	58.512000	17.880000	18.305000	0.976782
R004bc2008.D09	complete.5	R004bc2008.D09_complete.5	Takara PrimeSTAR LongSeq 1x 150 ng	Klebsiella pneumoniae	u695ctg_len-5365907_circular-yes_depth-12-12-12_duplicated-no	4675000	4700000	25000	56.320000	19.910000	18.305000	1.087681
R004bc2008.D09	complete.5	R004bc2008.D09_complete.5	Takara PrimeSTAR LongSeq 1x 150 ng	Klebsiella pneumoniae	u695ctg_len-5365907_circular-yes_depth-12-12-12_duplicated-no	4700000	4725000	25000	52.320000	25.720000	18.305000	1.405081
R004bc2008.D09	complete.5	R004bc2008.D09_complete.5	Takara PrimeSTAR LongSeq 1x 150 ng	Klebsiella pneumoniae	u695ctg_len-5365907_circular-yes_depth-12-12-12_duplicated-no	4725000	4750000	25000	54.444000	21.650000	18.305000	1.182737
R004bc2008.D09	complete.5	R004bc2008.D09_complete.5	Takara PrimeSTAR LongSeq 1x 150 ng	Klebsiella pneumoniae	u695ctg_len-5365907_circular-yes_depth-12-12-12_duplicated-no	4750000	4775000	25000	56.580000	18.380000	18.305000	1.004097
R004bc2008.D09	complete.5	R004bc2008.D09_complete.5	Takara PrimeSTAR LongSeq 1x 150 ng	Klebsiella pneumoniae	u695ctg_len-5365907_circular-yes_depth-12-12-12_duplicated-no	4775000	4800000	25000	56.692000	19.820000	18.305000	1.082764
R004bc2008.D09	complete.5	R004bc2008.D09_complete.5	Takara PrimeSTAR LongSeq 1x 150 ng	Klebsiella pneumoniae	u695ctg_len-5365907_circular-yes_depth-12-12-12_duplicated-no	4800000	4825000	25000	54.872000	19.200000	18.305000	1.048894
R004bc2008.D09	complete.5	R004bc2008.D09_complete.5	Takara PrimeSTAR LongSeq 1x 150 ng	Klebsiella pneumoniae	u695ctg_len-5365907_circular-yes_depth-12-12-12_duplicated-no	4825000	4850000	25000	55.900000	19.870000	18.305000	1.085496
R004bc2008.D09	complete.5	R004bc2008.D09_complete.5	Takara PrimeSTAR LongSeq 1x 150 ng	Klebsiella pneumoniae	u695ctg_len-5365907_circular-yes_depth-12-12-12_duplicated-no	4850000	4875000	25000	56.520000	20.280000	18.305000	1.107894
R004bc2008.D09	complete.5	R004bc2008.D09_complete.5	Takara PrimeSTAR LongSeq 1x 150 ng	Klebsiella pneumoniae	u695ctg_len-5365907_circular-yes_depth-12-12-12_duplicated-no	4875000	4900000	25000	59.512000	14.700000	18.305000	0.803059
R004bc2008.D09	complete.5	R004bc2008.D09_complete.5	Takara PrimeSTAR LongSeq 1x 150 ng	Klebsiella pneumoniae	u695ctg_len-5365907_circular-yes_depth-12-12-12_duplicated-no	4900000	4925000	25000	58.992000	18.560000	18.305000	1.013931
R004bc2008.D09	complete.5	R004bc2008.D09_complete.5	Takara PrimeSTAR LongSeq 1x 150 ng	Klebsiella pneumoniae	u695ctg_len-5365907_circular-yes_depth-12-12-12_duplicated-no	4925000	4950000	25000	48.488000	24.180000	18.305000	1.320951
R004bc2008.D09	complete.5	R004bc2008.D09_complete.5	Takara PrimeSTAR LongSeq 1x 150 ng	Klebsiella pneumoniae	u695ctg_len-5365907_circular-yes_depth-12-12-12_duplicated-no	4950000	4975000	25000	56.224000	23.120000	18.305000	1.263043
R004bc2008.D09	complete.5	R004bc2008.D09_complete.5	Takara PrimeSTAR LongSeq 1x 150 ng	Klebsiella pneumoniae	u695ctg_len-5365907_circular-yes_depth-12-12-12_duplicated-no	4975000	5000000	25000	60.340000	14.840000	18.305000	0.810707
R004bc2008.D09	complete.5	R004bc2008.D09_complete.5	Takara PrimeSTAR LongSeq 1x 150 ng	Klebsiella pneumoniae	u695ctg_len-5365907_circular-yes_depth-12-12-12_duplicated-no	5000000	5025000	25000	57.916000	20.420000	18.305000	1.115542
R004bc2008.D09	complete.5	R004bc2008.D09_complete.5	Takara PrimeSTAR LongSeq 1x 150 ng	Klebsiella pneumoniae	u695ctg_len-5365907_circular-yes_depth-12-12-12_duplicated-no	5025000	5050000	25000	57.116000	15.280000	18.305000	0.834745
R004bc2008.D09	complete.5	R004bc2008.D09_complete.5	Takara PrimeSTAR LongSeq 1x 150 ng	Klebsiella pneumoniae	u695ctg_len-5365907_circular-yes_depth-12-12-12_duplicated-no	5050000	5075000	25000	57.200000	22.300000	18.305000	1.218246
R004bc2008.D09	complete.5	R004bc2008.D09_complete.5	Takara PrimeSTAR LongSeq 1x 150 ng	Klebsiella pneumoniae	u695ctg_len-5365907_circular-yes_depth-12-12-12_duplicated-no	5075000	5100000	25000	57.732000	16.780000	18.305000	0.916689
R004bc2008.D09	complete.5	R004bc2008.D09_complete.5	Takara PrimeSTAR LongSeq 1x 150 ng	Klebsiella pneumoniae	u695ctg_len-5365907_circular-yes_depth-12-12-12_duplicated-no	5100000	5125000	25000	59.236000	15.570000	18.305000	0.850587
R004bc2008.D09	complete.5	R004bc2008.D09_complete.5	Takara PrimeSTAR LongSeq 1x 150 ng	Klebsiella pneumoniae	u695ctg_len-5365907_circular-yes_depth-12-12-12_duplicated-no	5125000	5150000	25000	49.852000	27.670000	18.305000	1.511609
R004bc2008.D09	complete.5	R004bc2008.D09_complete.5	Takara PrimeSTAR LongSeq 1x 150 ng	Klebsiella pneumoniae	u695ctg_len-5365907_circular-yes_depth-12-12-12_duplicated-no	5150000	5175000	25000	57.952000	17.740000	18.305000	0.969134
R004bc2008.D09	complete.5	R004bc2008.D09_complete.5	Takara PrimeSTAR LongSeq 1x 150 ng	Klebsiella pneumoniae	u695ctg_len-5365907_circular-yes_depth-12-12-12_duplicated-no	5175000	5200000	25000	56.472000	20.870000	18.305000	1.140126
R004bc2008.D09	complete.5	R004bc2008.D09_complete.5	Takara PrimeSTAR LongSeq 1x 150 ng	Klebsiella pneumoniae	u695ctg_len-5365907_circular-yes_depth-12-12-12_duplicated-no	5200000	5225000	25000	58.636000	17.510000	18.305000	0.956569
R004bc2008.D09	complete.5	R004bc2008.D09_complete.5	Takara PrimeSTAR LongSeq 1x 150 ng	Klebsiella pneumoniae	u695ctg_len-5365907_circular-yes_depth-12-12-12_duplicated-no	5225000	5250000	25000	62.720000	16.400000	18.305000	0.895930
R004bc2008.D09	complete.5	R004bc2008.D09_complete.5	Takara PrimeSTAR LongSeq 1x 150 ng	Klebsiella pneumoniae	u695ctg_len-5365907_circular-yes_depth-12-12-12_duplicated-no	5250000	5275000	25000	61.096000	15.980000	18.305000	0.872986
R004bc2008.D09	complete.5	R004bc2008.D09_complete.5	Takara PrimeSTAR LongSeq 1x 150 ng	Klebsiella pneumoniae	u695ctg_len-5365907_circular-yes_depth-12-12-12_duplicated-no	5275000	5300000	25000	61.092000	12.790000	18.305000	0.698716
R004bc2008.D09	complete.5	R004bc2008.D09_complete.5	Takara PrimeSTAR LongSeq 1x 150 ng	Klebsiella pneumoniae	u695ctg_len-5365907_circular-yes_depth-12-12-12_duplicated-no	5300000	5325000	25000	59.612000	14.710000	18.305000	0.803606
R004bc2008.D09	complete.5	R004bc2008.D09_complete.5	Takara PrimeSTAR LongSeq 1x 150 ng	Klebsiella pneumoniae	u695ctg_len-5365907_circular-yes_depth-12-12-12_duplicated-no	5325000	5350000	25000	57.764000	19.770000	18.305000	1.080033
R004bc2008.H09	complete.5	R004bc2008.H09_complete.5	NEB Q5 XT 1x 150 ng	Enterococcus_B lactis	u61179ctg_len-2589041_circular-yes_depth-27-27-27_duplicated-no	0	25000	25000	37.220000	34.140000	36.490000	0.935599
R004bc2008.H09	complete.5	R004bc2008.H09_complete.5	NEB Q5 XT 1x 150 ng	Enterococcus_B lactis	u61179ctg_len-2589041_circular-yes_depth-27-27-27_duplicated-no	25000	50000	25000	35.012000	38.970000	36.490000	1.067964
R004bc2008.H09	complete.5	R004bc2008.H09_complete.5	NEB Q5 XT 1x 150 ng	Enterococcus_B lactis	u61179ctg_len-2589041_circular-yes_depth-27-27-27_duplicated-no	50000	75000	25000	35.368000	39.290000	36.490000	1.076733
R004bc2008.H09	complete.5	R004bc2008.H09_complete.5	NEB Q5 XT 1x 150 ng	Enterococcus_B lactis	u61179ctg_len-2589041_circular-yes_depth-27-27-27_duplicated-no	75000	100000	25000	38.796000	32.980000	36.490000	0.903809
R004bc2008.H09	complete.5	R004bc2008.H09_complete.5	NEB Q5 XT 1x 150 ng	Enterococcus_B lactis	u61179ctg_len-2589041_circular-yes_depth-27-27-27_duplicated-no	100000	125000	25000	39.524000	32.210000	36.490000	0.882708
R004bc2008.H09	complete.5	R004bc2008.H09_complete.5	NEB Q5 XT 1x 150 ng	Enterococcus_B lactis	u61179ctg_len-2589041_circular-yes_depth-27-27-27_duplicated-no	125000	150000	25000	33.612000	38.610000	36.490000	1.058098
R004bc2008.H09	complete.5	R004bc2008.H09_complete.5	NEB Q5 XT 1x 150 ng	Enterococcus_B lactis	u61179ctg_len-2589041_circular-yes_depth-27-27-27_duplicated-no	150000	175000	25000	38.628000	29.380000	36.490000	0.805152
R004bc2008.H09	complete.5	R004bc2008.H09_complete.5	NEB Q5 XT 1x 150 ng	Enterococcus_B lactis	u61179ctg_len-2589041_circular-yes_depth-27-27-27_duplicated-no	175000	200000	25000	39.144000	34.370000	36.490000	0.941902
R004bc2008.H09	complete.5	R004bc2008.H09_complete.5	NEB Q5 XT 1x 150 ng	Enterococcus_B lactis	u61179ctg_len-2589041_circular-yes_depth-27-27-27_duplicated-no	200000	225000	25000	39.712000	30.170000	36.490000	0.826802
R004bc2008.H09	complete.5	R004bc2008.H09_complete.5	NEB Q5 XT 1x 150 ng	Enterococcus_B lactis	u61179ctg_len-2589041_circular-yes_depth-27-27-27_duplicated-no	225000	250000	25000	39.840000	23.860000	36.490000	0.653878
R004bc2008.H09	complete.5	R004bc2008.H09_complete.5	NEB Q5 XT 1x 150 ng	Enterococcus_B lactis	u61179ctg_len-2589041_circular-yes_depth-27-27-27_duplicated-no	250000	275000	25000	39.540000	30.190000	36.490000	0.827350
R004bc2008.H09	complete.5	R004bc2008.H09_complete.5	NEB Q5 XT 1x 150 ng	Enterococcus_B lactis	u61179ctg_len-2589041_circular-yes_depth-27-27-27_duplicated-no	275000	300000	25000	35.072000	34.420000	36.490000	0.943272
R004bc2008.H09	complete.5	R004bc2008.H09_complete.5	NEB Q5 XT 1x 150 ng	Enterococcus_B lactis	u61179ctg_len-2589041_circular-yes_depth-27-27-27_duplicated-no	300000	325000	25000	36.660000	30.720000	36.490000	0.841874
R004bc2008.H09	complete.5	R004bc2008.H09_complete.5	NEB Q5 XT 1x 150 ng	Enterococcus_B lactis	u61179ctg_len-2589041_circular-yes_depth-27-27-27_duplicated-no	325000	350000	25000	36.904000	36.080000	36.490000	0.988764
R004bc2008.H09	complete.5	R004bc2008.H09_complete.5	NEB Q5 XT 1x 150 ng	Enterococcus_B lactis	u61179ctg_len-2589041_circular-yes_depth-27-27-27_duplicated-no	350000	375000	25000	37.348000	39.160000	36.490000	1.073171
R004bc2008.H09	complete.5	R004bc2008.H09_complete.5	NEB Q5 XT 1x 150 ng	Enterococcus_B lactis	u61179ctg_len-2589041_circular-yes_depth-27-27-27_duplicated-no	375000	400000	25000	37.444000	35.740000	36.490000	0.979446
R004bc2008.H09	complete.5	R004bc2008.H09_complete.5	NEB Q5 XT 1x 150 ng	Enterococcus_B lactis	u61179ctg_len-2589041_circular-yes_depth-27-27-27_duplicated-no	400000	425000	25000	37.544000	34.890000	36.490000	0.956152
R004bc2008.H09	complete.5	R004bc2008.H09_complete.5	NEB Q5 XT 1x 150 ng	Enterococcus_B lactis	u61179ctg_len-2589041_circular-yes_depth-27-27-27_duplicated-no	425000	450000	25000	36.776000	31.550000	36.490000	0.864620
R004bc2008.H09	complete.5	R004bc2008.H09_complete.5	NEB Q5 XT 1x 150 ng	Enterococcus_B lactis	u61179ctg_len-2589041_circular-yes_depth-27-27-27_duplicated-no	450000	475000	25000	39.644000	37.530000	36.490000	1.028501
R004bc2008.H09	complete.5	R004bc2008.H09_complete.5	NEB Q5 XT 1x 150 ng	Enterococcus_B lactis	u61179ctg_len-2589041_circular-yes_depth-27-27-27_duplicated-no	475000	500000	25000	38.312000	38.080000	36.490000	1.043574
R004bc2008.H09	complete.5	R004bc2008.H09_complete.5	NEB Q5 XT 1x 150 ng	Enterococcus_B lactis	u61179ctg_len-2589041_circular-yes_depth-27-27-27_duplicated-no	500000	525000	25000	39.380000	38.170000	36.490000	1.046040
R004bc2008.H09	complete.5	R004bc2008.H09_complete.5	NEB Q5 XT 1x 150 ng	Enterococcus_B lactis	u61179ctg_len-2589041_circular-yes_depth-27-27-27_duplicated-no	525000	550000	25000	37.576000	35.770000	36.490000	0.980269
R004bc2008.H09	complete.5	R004bc2008.H09_complete.5	NEB Q5 XT 1x 150 ng	Enterococcus_B lactis	u61179ctg_len-2589041_circular-yes_depth-27-27-27_duplicated-no	550000	575000	25000	37.304000	33.850000	36.490000	0.927651
R004bc2008.H09	complete.5	R004bc2008.H09_complete.5	NEB Q5 XT 1x 150 ng	Enterococcus_B lactis	u61179ctg_len-2589041_circular-yes_depth-27-27-27_duplicated-no	575000	600000	25000	39.852000	32.810000	36.490000	0.899150
R004bc2008.H09	complete.5	R004bc2008.H09_complete.5	NEB Q5 XT 1x 150 ng	Enterococcus_B lactis	u61179ctg_len-2589041_circular-yes_depth-27-27-27_duplicated-no	600000	625000	25000	39.824000	32.500000	36.490000	0.890655
R004bc2008.H09	complete.5	R004bc2008.H09_complete.5	NEB Q5 XT 1x 150 ng	Enterococcus_B lactis	u61179ctg_len-2589041_circular-yes_depth-27-27-27_duplicated-no	625000	650000	25000	38.196000	34.560000	36.490000	0.947109
R004bc2008.H09	complete.5	R004bc2008.H09_complete.5	NEB Q5 XT 1x 150 ng	Enterococcus_B lactis	u61179ctg_len-2589041_circular-yes_depth-27-27-27_duplicated-no	650000	675000	25000	38.160000	35.370000	36.490000	0.969307
R004bc2008.H09	complete.5	R004bc2008.H09_complete.5	NEB Q5 XT 1x 150 ng	Enterococcus_B lactis	u61179ctg_len-2589041_circular-yes_depth-27-27-27_duplicated-no	675000	700000	25000	38.392000	36.340000	36.490000	0.995889
R004bc2008.H09	complete.5	R004bc2008.H09_complete.5	NEB Q5 XT 1x 150 ng	Enterococcus_B lactis	u61179ctg_len-2589041_circular-yes_depth-27-27-27_duplicated-no	700000	725000	25000	38.608000	30.710000	36.490000	0.841600
R004bc2008.H09	complete.5	R004bc2008.H09_complete.5	NEB Q5 XT 1x 150 ng	Enterococcus_B lactis	u61179ctg_len-2589041_circular-yes_depth-27-27-27_duplicated-no	725000	750000	25000	38.552000	31.790000	36.490000	0.871198
R004bc2008.H09	complete.5	R004bc2008.H09_complete.5	NEB Q5 XT 1x 150 ng	Enterococcus_B lactis	u61179ctg_len-2589041_circular-yes_depth-27-27-27_duplicated-no	750000	775000	25000	40.764000	34.720000	36.490000	0.951494
R004bc2008.H09	complete.5	R004bc2008.H09_complete.5	NEB Q5 XT 1x 150 ng	Enterococcus_B lactis	u61179ctg_len-2589041_circular-yes_depth-27-27-27_duplicated-no	775000	800000	25000	38.560000	39.940000	36.490000	1.094546
R004bc2008.H09	complete.5	R004bc2008.H09_complete.5	NEB Q5 XT 1x 150 ng	Enterococcus_B lactis	u61179ctg_len-2589041_circular-yes_depth-27-27-27_duplicated-no	800000	825000	25000	39.076000	40.250000	36.490000	1.103042
R004bc2008.H09	complete.5	R004bc2008.H09_complete.5	NEB Q5 XT 1x 150 ng	Enterococcus_B lactis	u61179ctg_len-2589041_circular-yes_depth-27-27-27_duplicated-no	825000	850000	25000	37.060000	43.610000	36.490000	1.195122
R004bc2008.H09	complete.5	R004bc2008.H09_complete.5	NEB Q5 XT 1x 150 ng	Enterococcus_B lactis	u61179ctg_len-2589041_circular-yes_depth-27-27-27_duplicated-no	850000	875000	25000	34.956000	40.740000	36.490000	1.116470
R004bc2008.H09	complete.5	R004bc2008.H09_complete.5	NEB Q5 XT 1x 150 ng	Enterococcus_B lactis	u61179ctg_len-2589041_circular-yes_depth-27-27-27_duplicated-no	875000	900000	25000	37.820000	35.700000	36.490000	0.978350
R004bc2008.H09	complete.5	R004bc2008.H09_complete.5	NEB Q5 XT 1x 150 ng	Enterococcus_B lactis	u61179ctg_len-2589041_circular-yes_depth-27-27-27_duplicated-no	900000	925000	25000	38.308000	32.100000	36.490000	0.879693
R004bc2008.H09	complete.5	R004bc2008.H09_complete.5	NEB Q5 XT 1x 150 ng	Enterococcus_B lactis	u61179ctg_len-2589041_circular-yes_depth-27-27-27_duplicated-no	925000	950000	25000	38.848000	36.040000	36.490000	0.987668
R004bc2008.H09	complete.5	R004bc2008.H09_complete.5	NEB Q5 XT 1x 150 ng	Enterococcus_B lactis	u61179ctg_len-2589041_circular-yes_depth-27-27-27_duplicated-no	950000	975000	25000	37.168000	38.820000	36.490000	1.063853
R004bc2008.H09	complete.5	R004bc2008.H09_complete.5	NEB Q5 XT 1x 150 ng	Enterococcus_B lactis	u61179ctg_len-2589041_circular-yes_depth-27-27-27_duplicated-no	975000	1000000	25000	38.340000	38.130000	36.490000	1.044944
R004bc2008.H09	complete.5	R004bc2008.H09_complete.5	NEB Q5 XT 1x 150 ng	Enterococcus_B lactis	u61179ctg_len-2589041_circular-yes_depth-27-27-27_duplicated-no	1000000	1025000	25000	39.004000	35.960000	36.490000	0.985475
R004bc2008.H09	complete.5	R004bc2008.H09_complete.5	NEB Q5 XT 1x 150 ng	Enterococcus_B lactis	u61179ctg_len-2589041_circular-yes_depth-27-27-27_duplicated-no	1025000	1050000	25000	39.324000	40.040000	36.490000	1.097287
R004bc2008.H09	complete.5	R004bc2008.H09_complete.5	NEB Q5 XT 1x 150 ng	Enterococcus_B lactis	u61179ctg_len-2589041_circular-yes_depth-27-27-27_duplicated-no	1050000	1075000	25000	38.012000	33.700000	36.490000	0.923541
R004bc2008.H09	complete.5	R004bc2008.H09_complete.5	NEB Q5 XT 1x 150 ng	Enterococcus_B lactis	u61179ctg_len-2589041_circular-yes_depth-27-27-27_duplicated-no	1075000	1100000	25000	38.268000	37.170000	36.490000	1.018635
R004bc2008.H09	complete.5	R004bc2008.H09_complete.5	NEB Q5 XT 1x 150 ng	Enterococcus_B lactis	u61179ctg_len-2589041_circular-yes_depth-27-27-27_duplicated-no	1100000	1125000	25000	38.124000	35.300000	36.490000	0.967388
R004bc2008.H09	complete.5	R004bc2008.H09_complete.5	NEB Q5 XT 1x 150 ng	Enterococcus_B lactis	u61179ctg_len-2589041_circular-yes_depth-27-27-27_duplicated-no	1125000	1150000	25000	38.520000	35.820000	36.490000	0.981639
R004bc2008.H09	complete.5	R004bc2008.H09_complete.5	NEB Q5 XT 1x 150 ng	Enterococcus_B lactis	u61179ctg_len-2589041_circular-yes_depth-27-27-27_duplicated-no	1150000	1175000	25000	38.556000	38.270000	36.490000	1.048780
R004bc2008.H09	complete.5	R004bc2008.H09_complete.5	NEB Q5 XT 1x 150 ng	Enterococcus_B lactis	u61179ctg_len-2589041_circular-yes_depth-27-27-27_duplicated-no	1175000	1200000	25000	37.936000	37.510000	36.490000	1.027953
R004bc2008.H09	complete.5	R004bc2008.H09_complete.5	NEB Q5 XT 1x 150 ng	Enterococcus_B lactis	u61179ctg_len-2589041_circular-yes_depth-27-27-27_duplicated-no	1200000	1225000	25000	38.368000	35.420000	36.490000	0.970677
R004bc2008.H09	complete.5	R004bc2008.H09_complete.5	NEB Q5 XT 1x 150 ng	Enterococcus_B lactis	u61179ctg_len-2589041_circular-yes_depth-27-27-27_duplicated-no	1225000	1250000	25000	37.768000	37.320000	36.490000	1.022746
R004bc2008.H09	complete.5	R004bc2008.H09_complete.5	NEB Q5 XT 1x 150 ng	Enterococcus_B lactis	u61179ctg_len-2589041_circular-yes_depth-27-27-27_duplicated-no	1250000	1275000	25000	38.200000	37.280000	36.490000	1.021650
R004bc2008.H09	complete.5	R004bc2008.H09_complete.5	NEB Q5 XT 1x 150 ng	Enterococcus_B lactis	u61179ctg_len-2589041_circular-yes_depth-27-27-27_duplicated-no	1275000	1300000	25000	39.184000	32.840000	36.490000	0.899973
R004bc2008.H09	complete.5	R004bc2008.H09_complete.5	NEB Q5 XT 1x 150 ng	Enterococcus_B lactis	u61179ctg_len-2589041_circular-yes_depth-27-27-27_duplicated-no	1300000	1325000	25000	39.332000	41.520000	36.490000	1.137846
R004bc2008.H09	complete.5	R004bc2008.H09_complete.5	NEB Q5 XT 1x 150 ng	Enterococcus_B lactis	u61179ctg_len-2589041_circular-yes_depth-27-27-27_duplicated-no	1325000	1350000	25000	38.232000	40.930000	36.490000	1.121677
R004bc2008.H09	complete.5	R004bc2008.H09_complete.5	NEB Q5 XT 1x 150 ng	Enterococcus_B lactis	u61179ctg_len-2589041_circular-yes_depth-27-27-27_duplicated-no	1350000	1375000	25000	38.488000	40.650000	36.490000	1.114004
R004bc2008.H09	complete.5	R004bc2008.H09_complete.5	NEB Q5 XT 1x 150 ng	Enterococcus_B lactis	u61179ctg_len-2589041_circular-yes_depth-27-27-27_duplicated-no	1375000	1400000	25000	39.212000	39.940000	36.490000	1.094546
R004bc2008.H09	complete.5	R004bc2008.H09_complete.5	NEB Q5 XT 1x 150 ng	Enterococcus_B lactis	u61179ctg_len-2589041_circular-yes_depth-27-27-27_duplicated-no	1400000	1425000	25000	42.272000	33.420000	36.490000	0.915867
R004bc2008.H09	complete.5	R004bc2008.H09_complete.5	NEB Q5 XT 1x 150 ng	Enterococcus_B lactis	u61179ctg_len-2589041_circular-yes_depth-27-27-27_duplicated-no	1425000	1450000	25000	39.944000	41.450000	36.490000	1.135928
R004bc2008.H09	complete.5	R004bc2008.H09_complete.5	NEB Q5 XT 1x 150 ng	Enterococcus_B lactis	u61179ctg_len-2589041_circular-yes_depth-27-27-27_duplicated-no	1450000	1475000	25000	39.608000	38.480000	36.490000	1.054535
R004bc2008.H09	complete.5	R004bc2008.H09_complete.5	NEB Q5 XT 1x 150 ng	Enterococcus_B lactis	u61179ctg_len-2589041_circular-yes_depth-27-27-27_duplicated-no	1475000	1500000	25000	39.684000	41.040000	36.490000	1.124692
R004bc2008.H09	complete.5	R004bc2008.H09_complete.5	NEB Q5 XT 1x 150 ng	Enterococcus_B lactis	u61179ctg_len-2589041_circular-yes_depth-27-27-27_duplicated-no	1500000	1525000	25000	35.820000	38.660000	36.490000	1.059468
R004bc2008.H09	complete.5	R004bc2008.H09_complete.5	NEB Q5 XT 1x 150 ng	Enterococcus_B lactis	u61179ctg_len-2589041_circular-yes_depth-27-27-27_duplicated-no	1525000	1550000	25000	38.816000	40.880000	36.490000	1.120307
R004bc2008.H09	complete.5	R004bc2008.H09_complete.5	NEB Q5 XT 1x 150 ng	Enterococcus_B lactis	u61179ctg_len-2589041_circular-yes_depth-27-27-27_duplicated-no	1550000	1575000	25000	38.976000	40.230000	36.490000	1.102494
R004bc2008.H09	complete.5	R004bc2008.H09_complete.5	NEB Q5 XT 1x 150 ng	Enterococcus_B lactis	u61179ctg_len-2589041_circular-yes_depth-27-27-27_duplicated-no	1575000	1600000	25000	37.260000	34.320000	36.490000	0.940532
R004bc2008.H09	complete.5	R004bc2008.H09_complete.5	NEB Q5 XT 1x 150 ng	Enterococcus_B lactis	u61179ctg_len-2589041_circular-yes_depth-27-27-27_duplicated-no	1600000	1625000	25000	40.804000	38.570000	36.490000	1.057002
R004bc2008.H09	complete.5	R004bc2008.H09_complete.5	NEB Q5 XT 1x 150 ng	Enterococcus_B lactis	u61179ctg_len-2589041_circular-yes_depth-27-27-27_duplicated-no	1625000	1650000	25000	39.204000	36.150000	36.490000	0.990682
R004bc2008.H09	complete.5	R004bc2008.H09_complete.5	NEB Q5 XT 1x 150 ng	Enterococcus_B lactis	u61179ctg_len-2589041_circular-yes_depth-27-27-27_duplicated-no	1650000	1675000	25000	37.632000	39.150000	36.490000	1.072897
R004bc2008.H09	complete.5	R004bc2008.H09_complete.5	NEB Q5 XT 1x 150 ng	Enterococcus_B lactis	u61179ctg_len-2589041_circular-yes_depth-27-27-27_duplicated-no	1675000	1700000	25000	38.032000	36.490000	36.490000	1.000000
R004bc2008.H09	complete.5	R004bc2008.H09_complete.5	NEB Q5 XT 1x 150 ng	Enterococcus_B lactis	u61179ctg_len-2589041_circular-yes_depth-27-27-27_duplicated-no	1700000	1725000	25000	40.220000	40.530000	36.490000	1.110715
R004bc2008.H09	complete.5	R004bc2008.H09_complete.5	NEB Q5 XT 1x 150 ng	Enterococcus_B lactis	u61179ctg_len-2589041_circular-yes_depth-27-27-27_duplicated-no	1725000	1750000	25000	39.624000	43.380000	36.490000	1.188819
R004bc2008.H09	complete.5	R004bc2008.H09_complete.5	NEB Q5 XT 1x 150 ng	Enterococcus_B lactis	u61179ctg_len-2589041_circular-yes_depth-27-27-27_duplicated-no	1750000	1775000	25000	37.124000	40.790000	36.490000	1.117841
R004bc2008.H09	complete.5	R004bc2008.H09_complete.5	NEB Q5 XT 1x 150 ng	Enterococcus_B lactis	u61179ctg_len-2589041_circular-yes_depth-27-27-27_duplicated-no	1775000	1800000	25000	38.756000	34.890000	36.490000	0.956152
R004bc2008.H09	complete.5	R004bc2008.H09_complete.5	NEB Q5 XT 1x 150 ng	Enterococcus_B lactis	u61179ctg_len-2589041_circular-yes_depth-27-27-27_duplicated-no	1800000	1825000	25000	38.068000	41.640000	36.490000	1.141135
R004bc2008.H09	complete.5	R004bc2008.H09_complete.5	NEB Q5 XT 1x 150 ng	Enterococcus_B lactis	u61179ctg_len-2589041_circular-yes_depth-27-27-27_duplicated-no	1825000	1850000	25000	39.464000	38.930000	36.490000	1.066868
R004bc2008.H09	complete.5	R004bc2008.H09_complete.5	NEB Q5 XT 1x 150 ng	Enterococcus_B lactis	u61179ctg_len-2589041_circular-yes_depth-27-27-27_duplicated-no	1850000	1875000	25000	39.656000	39.070000	36.490000	1.070704
R004bc2008.H09	complete.5	R004bc2008.H09_complete.5	NEB Q5 XT 1x 150 ng	Enterococcus_B lactis	u61179ctg_len-2589041_circular-yes_depth-27-27-27_duplicated-no	1875000	1900000	25000	40.032000	33.090000	36.490000	0.906824
R004bc2008.H09	complete.5	R004bc2008.H09_complete.5	NEB Q5 XT 1x 150 ng	Enterococcus_B lactis	u61179ctg_len-2589041_circular-yes_depth-27-27-27_duplicated-no	1900000	1925000	25000	37.548000	39.500000	36.490000	1.082488
R004bc2008.H09	complete.5	R004bc2008.H09_complete.5	NEB Q5 XT 1x 150 ng	Enterococcus_B lactis	u61179ctg_len-2589041_circular-yes_depth-27-27-27_duplicated-no	1925000	1950000	25000	37.180000	38.490000	36.490000	1.054810
R004bc2008.H09	complete.5	R004bc2008.H09_complete.5	NEB Q5 XT 1x 150 ng	Enterococcus_B lactis	u61179ctg_len-2589041_circular-yes_depth-27-27-27_duplicated-no	1950000	1975000	25000	38.308000	42.570000	36.490000	1.166621
R004bc2008.H09	complete.5	R004bc2008.H09_complete.5	NEB Q5 XT 1x 150 ng	Enterococcus_B lactis	u61179ctg_len-2589041_circular-yes_depth-27-27-27_duplicated-no	1975000	2000000	25000	38.172000	35.890000	36.490000	0.983557
R004bc2008.H09	complete.5	R004bc2008.H09_complete.5	NEB Q5 XT 1x 150 ng	Enterococcus_B lactis	u61179ctg_len-2589041_circular-yes_depth-27-27-27_duplicated-no	2000000	2025000	25000	39.068000	34.180000	36.490000	0.936695
R004bc2008.H09	complete.5	R004bc2008.H09_complete.5	NEB Q5 XT 1x 150 ng	Enterococcus_B lactis	u61179ctg_len-2589041_circular-yes_depth-27-27-27_duplicated-no	2025000	2050000	25000	38.968000	34.990000	36.490000	0.958893
R004bc2008.H09	complete.5	R004bc2008.H09_complete.5	NEB Q5 XT 1x 150 ng	Enterococcus_B lactis	u61179ctg_len-2589041_circular-yes_depth-27-27-27_duplicated-no	2050000	2075000	25000	38.356000	34.570000	36.490000	0.947383
R004bc2008.H09	complete.5	R004bc2008.H09_complete.5	NEB Q5 XT 1x 150 ng	Enterococcus_B lactis	u61179ctg_len-2589041_circular-yes_depth-27-27-27_duplicated-no	2075000	2100000	25000	39.288000	32.760000	36.490000	0.897780
R004bc2008.H09	complete.5	R004bc2008.H09_complete.5	NEB Q5 XT 1x 150 ng	Enterococcus_B lactis	u61179ctg_len-2589041_circular-yes_depth-27-27-27_duplicated-no	2100000	2125000	25000	39.160000	39.830000	36.490000	1.091532
R004bc2008.H09	complete.5	R004bc2008.H09_complete.5	NEB Q5 XT 1x 150 ng	Enterococcus_B lactis	u61179ctg_len-2589041_circular-yes_depth-27-27-27_duplicated-no	2125000	2150000	25000	38.372000	32.020000	36.490000	0.877501
R004bc2008.H09	complete.5	R004bc2008.H09_complete.5	NEB Q5 XT 1x 150 ng	Enterococcus_B lactis	u61179ctg_len-2589041_circular-yes_depth-27-27-27_duplicated-no	2150000	2175000	25000	39.820000	33.820000	36.490000	0.926829
R004bc2008.H09	complete.5	R004bc2008.H09_complete.5	NEB Q5 XT 1x 150 ng	Enterococcus_B lactis	u61179ctg_len-2589041_circular-yes_depth-27-27-27_duplicated-no	2175000	2200000	25000	38.712000	34.750000	36.490000	0.952316
R004bc2008.H09	complete.5	R004bc2008.H09_complete.5	NEB Q5 XT 1x 150 ng	Enterococcus_B lactis	u61179ctg_len-2589041_circular-yes_depth-27-27-27_duplicated-no	2200000	2225000	25000	36.088000	37.460000	36.490000	1.026583
R004bc2008.H09	complete.5	R004bc2008.H09_complete.5	NEB Q5 XT 1x 150 ng	Enterococcus_B lactis	u61179ctg_len-2589041_circular-yes_depth-27-27-27_duplicated-no	2225000	2250000	25000	36.756000	45.460000	36.490000	1.245821
R004bc2008.H09	complete.5	R004bc2008.H09_complete.5	NEB Q5 XT 1x 150 ng	Enterococcus_B lactis	u61179ctg_len-2589041_circular-yes_depth-27-27-27_duplicated-no	2250000	2275000	25000	37.912000	38.390000	36.490000	1.052069
R004bc2008.H09	complete.5	R004bc2008.H09_complete.5	NEB Q5 XT 1x 150 ng	Enterococcus_B lactis	u61179ctg_len-2589041_circular-yes_depth-27-27-27_duplicated-no	2275000	2300000	25000	39.136000	37.850000	36.490000	1.037270
R004bc2008.H09	complete.5	R004bc2008.H09_complete.5	NEB Q5 XT 1x 150 ng	Enterococcus_B lactis	u61179ctg_len-2589041_circular-yes_depth-27-27-27_duplicated-no	2300000	2325000	25000	37.796000	34.380000	36.490000	0.942176
R004bc2008.H09	complete.5	R004bc2008.H09_complete.5	NEB Q5 XT 1x 150 ng	Enterococcus_B lactis	u61179ctg_len-2589041_circular-yes_depth-27-27-27_duplicated-no	2325000	2350000	25000	35.436000	34.050000	36.490000	0.933132
R004bc2008.H09	complete.5	R004bc2008.H09_complete.5	NEB Q5 XT 1x 150 ng	Enterococcus_B lactis	u61179ctg_len-2589041_circular-yes_depth-27-27-27_duplicated-no	2350000	2375000	25000	37.796000	38.060000	36.490000	1.043025
R004bc2008.H09	complete.5	R004bc2008.H09_complete.5	NEB Q5 XT 1x 150 ng	Enterococcus_B lactis	u61179ctg_len-2589041_circular-yes_depth-27-27-27_duplicated-no	2375000	2400000	25000	39.056000	35.080000	36.490000	0.961359
R004bc2008.H09	complete.5	R004bc2008.H09_complete.5	NEB Q5 XT 1x 150 ng	Enterococcus_B lactis	u61179ctg_len-2589041_circular-yes_depth-27-27-27_duplicated-no	2400000	2425000	25000	37.896000	37.800000	36.490000	1.035900
R004bc2008.H09	complete.5	R004bc2008.H09_complete.5	NEB Q5 XT 1x 150 ng	Enterococcus_B lactis	u61179ctg_len-2589041_circular-yes_depth-27-27-27_duplicated-no	2425000	2450000	25000	39.024000	37.790000	36.490000	1.035626
R004bc2008.H09	complete.5	R004bc2008.H09_complete.5	NEB Q5 XT 1x 150 ng	Enterococcus_B lactis	u61179ctg_len-2589041_circular-yes_depth-27-27-27_duplicated-no	2450000	2475000	25000	38.948000	36.510000	36.490000	1.000548
R004bc2008.H09	complete.5	R004bc2008.H09_complete.5	NEB Q5 XT 1x 150 ng	Enterococcus_B lactis	u61179ctg_len-2589041_circular-yes_depth-27-27-27_duplicated-no	2475000	2500000	25000	39.268000	38.170000	36.490000	1.046040
R004bc2008.H09	complete.5	R004bc2008.H09_complete.5	NEB Q5 XT 1x 150 ng	Enterococcus_B lactis	u61179ctg_len-2589041_circular-yes_depth-27-27-27_duplicated-no	2500000	2525000	25000	38.456000	36.170000	36.490000	0.991230
R004bc2008.H09	complete.5	R004bc2008.H09_complete.5	NEB Q5 XT 1x 150 ng	Enterococcus_B lactis	u61179ctg_len-2589041_circular-yes_depth-27-27-27_duplicated-no	2525000	2550000	25000	36.792000	38.430000	36.490000	1.053165
R004bc2008.H09	complete.5	R004bc2008.H09_complete.5	NEB Q5 XT 1x 150 ng	Enterococcus_B lactis	u61179ctg_len-2589041_circular-yes_depth-27-27-27_duplicated-no	2550000	2575000	25000	38.428000	32.960000	36.490000	0.903261
R005bc2008.D09	complete.5	R005bc2008.D09_complete.5	Takara PrimeSTAR LongSeq 1x 150 ng (Q)	Enterococcus_B lactis	u49627ctg_len-2589153_circular-yes_depth-25-25-25_duplicated-no	0	25000	25000	39.836000	38.400000	34.790000	1.103765
R005bc2008.D09	complete.5	R005bc2008.D09_complete.5	Takara PrimeSTAR LongSeq 1x 150 ng (Q)	Enterococcus_B lactis	u49627ctg_len-2589153_circular-yes_depth-25-25-25_duplicated-no	25000	50000	25000	38.556000	39.870000	34.790000	1.146019
R005bc2008.D09	complete.5	R005bc2008.D09_complete.5	Takara PrimeSTAR LongSeq 1x 150 ng (Q)	Enterococcus_B lactis	u49627ctg_len-2589153_circular-yes_depth-25-25-25_duplicated-no	50000	75000	25000	40.448000	42.410000	34.790000	1.219028
R005bc2008.D09	complete.5	R005bc2008.D09_complete.5	Takara PrimeSTAR LongSeq 1x 150 ng (Q)	Enterococcus_B lactis	u49627ctg_len-2589153_circular-yes_depth-25-25-25_duplicated-no	75000	100000	25000	34.580000	34.890000	34.790000	1.002874
R005bc2008.D09	complete.5	R005bc2008.D09_complete.5	Takara PrimeSTAR LongSeq 1x 150 ng (Q)	Enterococcus_B lactis	u49627ctg_len-2589153_circular-yes_depth-25-25-25_duplicated-no	100000	125000	25000	38.972000	41.460000	34.790000	1.191722
R005bc2008.D09	complete.5	R005bc2008.D09_complete.5	Takara PrimeSTAR LongSeq 1x 150 ng (Q)	Enterococcus_B lactis	u49627ctg_len-2589153_circular-yes_depth-25-25-25_duplicated-no	125000	150000	25000	40.036000	37.690000	34.790000	1.083357
R005bc2008.D09	complete.5	R005bc2008.D09_complete.5	Takara PrimeSTAR LongSeq 1x 150 ng (Q)	Enterococcus_B lactis	u49627ctg_len-2589153_circular-yes_depth-25-25-25_duplicated-no	150000	175000	25000	39.612000	34.310000	34.790000	0.986203
R005bc2008.D09	complete.5	R005bc2008.D09_complete.5	Takara PrimeSTAR LongSeq 1x 150 ng (Q)	Enterococcus_B lactis	u49627ctg_len-2589153_circular-yes_depth-25-25-25_duplicated-no	175000	200000	25000	39.904000	35.520000	34.790000	1.020983
R005bc2008.D09	complete.5	R005bc2008.D09_complete.5	Takara PrimeSTAR LongSeq 1x 150 ng (Q)	Enterococcus_B lactis	u49627ctg_len-2589153_circular-yes_depth-25-25-25_duplicated-no	200000	225000	25000	42.628000	32.180000	34.790000	0.924978
R005bc2008.D09	complete.5	R005bc2008.D09_complete.5	Takara PrimeSTAR LongSeq 1x 150 ng (Q)	Enterococcus_B lactis	u49627ctg_len-2589153_circular-yes_depth-25-25-25_duplicated-no	225000	250000	25000	37.544000	34.420000	34.790000	0.989365
R005bc2008.D09	complete.5	R005bc2008.D09_complete.5	Takara PrimeSTAR LongSeq 1x 150 ng (Q)	Enterococcus_B lactis	u49627ctg_len-2589153_circular-yes_depth-25-25-25_duplicated-no	250000	275000	25000	38.756000	33.820000	34.790000	0.972118
R005bc2008.D09	complete.5	R005bc2008.D09_complete.5	Takara PrimeSTAR LongSeq 1x 150 ng (Q)	Enterococcus_B lactis	u49627ctg_len-2589153_circular-yes_depth-25-25-25_duplicated-no	275000	300000	25000	39.520000	31.190000	34.790000	0.896522
R005bc2008.D09	complete.5	R005bc2008.D09_complete.5	Takara PrimeSTAR LongSeq 1x 150 ng (Q)	Enterococcus_B lactis	u49627ctg_len-2589153_circular-yes_depth-25-25-25_duplicated-no	300000	325000	25000	38.688000	37.550000	34.790000	1.079333
R005bc2008.D09	complete.5	R005bc2008.D09_complete.5	Takara PrimeSTAR LongSeq 1x 150 ng (Q)	Enterococcus_B lactis	u49627ctg_len-2589153_circular-yes_depth-25-25-25_duplicated-no	325000	350000	25000	38.400000	33.670000	34.790000	0.967807
R005bc2008.D09	complete.5	R005bc2008.D09_complete.5	Takara PrimeSTAR LongSeq 1x 150 ng (Q)	Enterococcus_B lactis	u49627ctg_len-2589153_circular-yes_depth-25-25-25_duplicated-no	350000	375000	25000	38.836000	40.120000	34.790000	1.153205
R005bc2008.D09	complete.5	R005bc2008.D09_complete.5	Takara PrimeSTAR LongSeq 1x 150 ng (Q)	Enterococcus_B lactis	u49627ctg_len-2589153_circular-yes_depth-25-25-25_duplicated-no	375000	400000	25000	37.044000	43.600000	34.790000	1.253234
R005bc2008.D09	complete.5	R005bc2008.D09_complete.5	Takara PrimeSTAR LongSeq 1x 150 ng (Q)	Enterococcus_B lactis	u49627ctg_len-2589153_circular-yes_depth-25-25-25_duplicated-no	400000	425000	25000	38.468000	32.030000	34.790000	0.920667
R005bc2008.D09	complete.5	R005bc2008.D09_complete.5	Takara PrimeSTAR LongSeq 1x 150 ng (Q)	Enterococcus_B lactis	u49627ctg_len-2589153_circular-yes_depth-25-25-25_duplicated-no	425000	450000	25000	38.224000	38.510000	34.790000	1.106927
R005bc2008.D09	complete.5	R005bc2008.D09_complete.5	Takara PrimeSTAR LongSeq 1x 150 ng (Q)	Enterococcus_B lactis	u49627ctg_len-2589153_circular-yes_depth-25-25-25_duplicated-no	450000	475000	25000	38.656000	39.570000	34.790000	1.137396
R005bc2008.D09	complete.5	R005bc2008.D09_complete.5	Takara PrimeSTAR LongSeq 1x 150 ng (Q)	Enterococcus_B lactis	u49627ctg_len-2589153_circular-yes_depth-25-25-25_duplicated-no	475000	500000	25000	37.884000	38.330000	34.790000	1.101753
R005bc2008.D09	complete.5	R005bc2008.D09_complete.5	Takara PrimeSTAR LongSeq 1x 150 ng (Q)	Enterococcus_B lactis	u49627ctg_len-2589153_circular-yes_depth-25-25-25_duplicated-no	500000	525000	25000	38.820000	33.630000	34.790000	0.966657
R005bc2008.D09	complete.5	R005bc2008.D09_complete.5	Takara PrimeSTAR LongSeq 1x 150 ng (Q)	Enterococcus_B lactis	u49627ctg_len-2589153_circular-yes_depth-25-25-25_duplicated-no	525000	550000	25000	38.088000	40.000000	34.790000	1.149756
R005bc2008.D09	complete.5	R005bc2008.D09_complete.5	Takara PrimeSTAR LongSeq 1x 150 ng (Q)	Enterococcus_B lactis	u49627ctg_len-2589153_circular-yes_depth-25-25-25_duplicated-no	550000	575000	25000	39.696000	31.380000	34.790000	0.901983
R005bc2008.D09	complete.5	R005bc2008.D09_complete.5	Takara PrimeSTAR LongSeq 1x 150 ng (Q)	Enterococcus_B lactis	u49627ctg_len-2589153_circular-yes_depth-25-25-25_duplicated-no	575000	600000	25000	37.792000	34.790000	34.790000	1.000000
R005bc2008.D09	complete.5	R005bc2008.D09_complete.5	Takara PrimeSTAR LongSeq 1x 150 ng (Q)	Enterococcus_B lactis	u49627ctg_len-2589153_circular-yes_depth-25-25-25_duplicated-no	600000	625000	25000	37.904000	38.440000	34.790000	1.104915
R005bc2008.D09	complete.5	R005bc2008.D09_complete.5	Takara PrimeSTAR LongSeq 1x 150 ng (Q)	Enterococcus_B lactis	u49627ctg_len-2589153_circular-yes_depth-25-25-25_duplicated-no	625000	650000	25000	38.712000	36.970000	34.790000	1.062662
R005bc2008.D09	complete.5	R005bc2008.D09_complete.5	Takara PrimeSTAR LongSeq 1x 150 ng (Q)	Enterococcus_B lactis	u49627ctg_len-2589153_circular-yes_depth-25-25-25_duplicated-no	650000	675000	25000	38.320000	35.320000	34.790000	1.015234
R005bc2008.D09	complete.5	R005bc2008.D09_complete.5	Takara PrimeSTAR LongSeq 1x 150 ng (Q)	Enterococcus_B lactis	u49627ctg_len-2589153_circular-yes_depth-25-25-25_duplicated-no	675000	700000	25000	38.500000	34.300000	34.790000	0.985915
R005bc2008.D09	complete.5	R005bc2008.D09_complete.5	Takara PrimeSTAR LongSeq 1x 150 ng (Q)	Enterococcus_B lactis	u49627ctg_len-2589153_circular-yes_depth-25-25-25_duplicated-no	700000	725000	25000	38.144000	31.870000	34.790000	0.916068
R005bc2008.D09	complete.5	R005bc2008.D09_complete.5	Takara PrimeSTAR LongSeq 1x 150 ng (Q)	Enterococcus_B lactis	u49627ctg_len-2589153_circular-yes_depth-25-25-25_duplicated-no	725000	750000	25000	35.208000	36.350000	34.790000	1.044840
R005bc2008.D09	complete.5	R005bc2008.D09_complete.5	Takara PrimeSTAR LongSeq 1x 150 ng (Q)	Enterococcus_B lactis	u49627ctg_len-2589153_circular-yes_depth-25-25-25_duplicated-no	750000	775000	25000	36.592000	36.120000	34.790000	1.038229
R005bc2008.D09	complete.5	R005bc2008.D09_complete.5	Takara PrimeSTAR LongSeq 1x 150 ng (Q)	Enterococcus_B lactis	u49627ctg_len-2589153_circular-yes_depth-25-25-25_duplicated-no	775000	800000	25000	38.524000	33.360000	34.790000	0.958896
R005bc2008.D09	complete.5	R005bc2008.D09_complete.5	Takara PrimeSTAR LongSeq 1x 150 ng (Q)	Enterococcus_B lactis	u49627ctg_len-2589153_circular-yes_depth-25-25-25_duplicated-no	800000	825000	25000	38.824000	32.980000	34.790000	0.947974
R005bc2008.D09	complete.5	R005bc2008.D09_complete.5	Takara PrimeSTAR LongSeq 1x 150 ng (Q)	Enterococcus_B lactis	u49627ctg_len-2589153_circular-yes_depth-25-25-25_duplicated-no	825000	850000	25000	40.928000	34.500000	34.790000	0.991664
R005bc2008.D09	complete.5	R005bc2008.D09_complete.5	Takara PrimeSTAR LongSeq 1x 150 ng (Q)	Enterococcus_B lactis	u49627ctg_len-2589153_circular-yes_depth-25-25-25_duplicated-no	850000	875000	25000	38.112000	33.500000	34.790000	0.962920
R005bc2008.D09	complete.5	R005bc2008.D09_complete.5	Takara PrimeSTAR LongSeq 1x 150 ng (Q)	Enterococcus_B lactis	u49627ctg_len-2589153_circular-yes_depth-25-25-25_duplicated-no	875000	900000	25000	38.672000	34.560000	34.790000	0.993389
R005bc2008.D09	complete.5	R005bc2008.D09_complete.5	Takara PrimeSTAR LongSeq 1x 150 ng (Q)	Enterococcus_B lactis	u49627ctg_len-2589153_circular-yes_depth-25-25-25_duplicated-no	900000	925000	25000	38.276000	36.410000	34.790000	1.046565
R005bc2008.D09	complete.5	R005bc2008.D09_complete.5	Takara PrimeSTAR LongSeq 1x 150 ng (Q)	Enterococcus_B lactis	u49627ctg_len-2589153_circular-yes_depth-25-25-25_duplicated-no	925000	950000	25000	38.768000	35.240000	34.790000	1.012935
R005bc2008.D09	complete.5	R005bc2008.D09_complete.5	Takara PrimeSTAR LongSeq 1x 150 ng (Q)	Enterococcus_B lactis	u49627ctg_len-2589153_circular-yes_depth-25-25-25_duplicated-no	950000	975000	25000	37.544000	33.230000	34.790000	0.955160
R005bc2008.D09	complete.5	R005bc2008.D09_complete.5	Takara PrimeSTAR LongSeq 1x 150 ng (Q)	Enterococcus_B lactis	u49627ctg_len-2589153_circular-yes_depth-25-25-25_duplicated-no	975000	1000000	25000	39.444000	34.690000	34.790000	0.997126
R005bc2008.D09	complete.5	R005bc2008.D09_complete.5	Takara PrimeSTAR LongSeq 1x 150 ng (Q)	Enterococcus_B lactis	u49627ctg_len-2589153_circular-yes_depth-25-25-25_duplicated-no	1000000	1025000	25000	40.000000	36.720000	34.790000	1.055476
R005bc2008.D09	complete.5	R005bc2008.D09_complete.5	Takara PrimeSTAR LongSeq 1x 150 ng (Q)	Enterococcus_B lactis	u49627ctg_len-2589153_circular-yes_depth-25-25-25_duplicated-no	1025000	1050000	25000	38.512000	32.380000	34.790000	0.930727
R005bc2008.D09	complete.5	R005bc2008.D09_complete.5	Takara PrimeSTAR LongSeq 1x 150 ng (Q)	Enterococcus_B lactis	u49627ctg_len-2589153_circular-yes_depth-25-25-25_duplicated-no	1050000	1075000	25000	36.864000	32.090000	34.790000	0.922391
R005bc2008.D09	complete.5	R005bc2008.D09_complete.5	Takara PrimeSTAR LongSeq 1x 150 ng (Q)	Enterococcus_B lactis	u49627ctg_len-2589153_circular-yes_depth-25-25-25_duplicated-no	1075000	1100000	25000	38.808000	29.660000	34.790000	0.852544
R005bc2008.D09	complete.5	R005bc2008.D09_complete.5	Takara PrimeSTAR LongSeq 1x 150 ng (Q)	Enterococcus_B lactis	u49627ctg_len-2589153_circular-yes_depth-25-25-25_duplicated-no	1100000	1125000	25000	39.100000	32.600000	34.790000	0.937051
R005bc2008.D09	complete.5	R005bc2008.D09_complete.5	Takara PrimeSTAR LongSeq 1x 150 ng (Q)	Enterococcus_B lactis	u49627ctg_len-2589153_circular-yes_depth-25-25-25_duplicated-no	1125000	1150000	25000	38.288000	31.800000	34.790000	0.914056
R005bc2008.D09	complete.5	R005bc2008.D09_complete.5	Takara PrimeSTAR LongSeq 1x 150 ng (Q)	Enterococcus_B lactis	u49627ctg_len-2589153_circular-yes_depth-25-25-25_duplicated-no	1150000	1175000	25000	39.052000	34.040000	34.790000	0.978442
R005bc2008.D09	complete.5	R005bc2008.D09_complete.5	Takara PrimeSTAR LongSeq 1x 150 ng (Q)	Enterococcus_B lactis	u49627ctg_len-2589153_circular-yes_depth-25-25-25_duplicated-no	1175000	1200000	25000	37.096000	32.360000	34.790000	0.930152
R005bc2008.D09	complete.5	R005bc2008.D09_complete.5	Takara PrimeSTAR LongSeq 1x 150 ng (Q)	Enterococcus_B lactis	u49627ctg_len-2589153_circular-yes_depth-25-25-25_duplicated-no	1200000	1225000	25000	37.276000	34.380000	34.790000	0.988215
R005bc2008.D09	complete.5	R005bc2008.D09_complete.5	Takara PrimeSTAR LongSeq 1x 150 ng (Q)	Enterococcus_B lactis	u49627ctg_len-2589153_circular-yes_depth-25-25-25_duplicated-no	1225000	1250000	25000	37.776000	33.510000	34.790000	0.963208
R005bc2008.D09	complete.5	R005bc2008.D09_complete.5	Takara PrimeSTAR LongSeq 1x 150 ng (Q)	Enterococcus_B lactis	u49627ctg_len-2589153_circular-yes_depth-25-25-25_duplicated-no	1250000	1275000	25000	36.776000	40.930000	34.790000	1.176487
R005bc2008.D09	complete.5	R005bc2008.D09_complete.5	Takara PrimeSTAR LongSeq 1x 150 ng (Q)	Enterococcus_B lactis	u49627ctg_len-2589153_circular-yes_depth-25-25-25_duplicated-no	1275000	1300000	25000	37.176000	25.310000	34.790000	0.727508
R005bc2008.D09	complete.5	R005bc2008.D09_complete.5	Takara PrimeSTAR LongSeq 1x 150 ng (Q)	Enterococcus_B lactis	u49627ctg_len-2589153_circular-yes_depth-25-25-25_duplicated-no	1300000	1325000	25000	34.760000	29.230000	34.790000	0.840184
R005bc2008.D09	complete.5	R005bc2008.D09_complete.5	Takara PrimeSTAR LongSeq 1x 150 ng (Q)	Enterococcus_B lactis	u49627ctg_len-2589153_circular-yes_depth-25-25-25_duplicated-no	1325000	1350000	25000	38.020000	32.050000	34.790000	0.921242
R005bc2008.D09	complete.5	R005bc2008.D09_complete.5	Takara PrimeSTAR LongSeq 1x 150 ng (Q)	Enterococcus_B lactis	u49627ctg_len-2589153_circular-yes_depth-25-25-25_duplicated-no	1350000	1375000	25000	39.340000	26.620000	34.790000	0.765162
R005bc2008.D09	complete.5	R005bc2008.D09_complete.5	Takara PrimeSTAR LongSeq 1x 150 ng (Q)	Enterococcus_B lactis	u49627ctg_len-2589153_circular-yes_depth-25-25-25_duplicated-no	1375000	1400000	25000	40.028000	29.690000	34.790000	0.853406
R005bc2008.D09	complete.5	R005bc2008.D09_complete.5	Takara PrimeSTAR LongSeq 1x 150 ng (Q)	Enterococcus_B lactis	u49627ctg_len-2589153_circular-yes_depth-25-25-25_duplicated-no	1400000	1425000	25000	39.284000	33.550000	34.790000	0.964358
R005bc2008.D09	complete.5	R005bc2008.D09_complete.5	Takara PrimeSTAR LongSeq 1x 150 ng (Q)	Enterococcus_B lactis	u49627ctg_len-2589153_circular-yes_depth-25-25-25_duplicated-no	1425000	1450000	25000	39.492000	31.230000	34.790000	0.897672
R005bc2008.D09	complete.5	R005bc2008.D09_complete.5	Takara PrimeSTAR LongSeq 1x 150 ng (Q)	Enterococcus_B lactis	u49627ctg_len-2589153_circular-yes_depth-25-25-25_duplicated-no	1450000	1475000	25000	34.028000	30.860000	34.790000	0.887037
R005bc2008.D09	complete.5	R005bc2008.D09_complete.5	Takara PrimeSTAR LongSeq 1x 150 ng (Q)	Enterococcus_B lactis	u49627ctg_len-2589153_circular-yes_depth-25-25-25_duplicated-no	1475000	1500000	25000	38.524000	34.160000	34.790000	0.981891
R005bc2008.D09	complete.5	R005bc2008.D09_complete.5	Takara PrimeSTAR LongSeq 1x 150 ng (Q)	Enterococcus_B lactis	u49627ctg_len-2589153_circular-yes_depth-25-25-25_duplicated-no	1500000	1525000	25000	38.672000	27.960000	34.790000	0.803679
R005bc2008.D09	complete.5	R005bc2008.D09_complete.5	Takara PrimeSTAR LongSeq 1x 150 ng (Q)	Enterococcus_B lactis	u49627ctg_len-2589153_circular-yes_depth-25-25-25_duplicated-no	1525000	1550000	25000	36.888000	36.210000	34.790000	1.040816
R005bc2008.D09	complete.5	R005bc2008.D09_complete.5	Takara PrimeSTAR LongSeq 1x 150 ng (Q)	Enterococcus_B lactis	u49627ctg_len-2589153_circular-yes_depth-25-25-25_duplicated-no	1550000	1575000	25000	36.276000	33.420000	34.790000	0.960621
R005bc2008.D09	complete.5	R005bc2008.D09_complete.5	Takara PrimeSTAR LongSeq 1x 150 ng (Q)	Enterococcus_B lactis	u49627ctg_len-2589153_circular-yes_depth-25-25-25_duplicated-no	1575000	1600000	25000	36.104000	36.270000	34.790000	1.042541
R005bc2008.D09	complete.5	R005bc2008.D09_complete.5	Takara PrimeSTAR LongSeq 1x 150 ng (Q)	Enterococcus_B lactis	u49627ctg_len-2589153_circular-yes_depth-25-25-25_duplicated-no	1600000	1625000	25000	37.220000	36.670000	34.790000	1.054039
R005bc2008.D09	complete.5	R005bc2008.D09_complete.5	Takara PrimeSTAR LongSeq 1x 150 ng (Q)	Enterococcus_B lactis	u49627ctg_len-2589153_circular-yes_depth-25-25-25_duplicated-no	1625000	1650000	25000	38.516000	32.890000	34.790000	0.945387
R005bc2008.D09	complete.5	R005bc2008.D09_complete.5	Takara PrimeSTAR LongSeq 1x 150 ng (Q)	Enterococcus_B lactis	u49627ctg_len-2589153_circular-yes_depth-25-25-25_duplicated-no	1650000	1675000	25000	36.864000	37.760000	34.790000	1.085369
R005bc2008.D09	complete.5	R005bc2008.D09_complete.5	Takara PrimeSTAR LongSeq 1x 150 ng (Q)	Enterococcus_B lactis	u49627ctg_len-2589153_circular-yes_depth-25-25-25_duplicated-no	1675000	1700000	25000	38.408000	28.820000	34.790000	0.828399
R005bc2008.D09	complete.5	R005bc2008.D09_complete.5	Takara PrimeSTAR LongSeq 1x 150 ng (Q)	Enterococcus_B lactis	u49627ctg_len-2589153_circular-yes_depth-25-25-25_duplicated-no	1700000	1725000	25000	39.324000	29.470000	34.790000	0.847082
R005bc2008.D09	complete.5	R005bc2008.D09_complete.5	Takara PrimeSTAR LongSeq 1x 150 ng (Q)	Enterococcus_B lactis	u49627ctg_len-2589153_circular-yes_depth-25-25-25_duplicated-no	1725000	1750000	25000	38.732000	34.630000	34.790000	0.995401
R005bc2008.D09	complete.5	R005bc2008.D09_complete.5	Takara PrimeSTAR LongSeq 1x 150 ng (Q)	Enterococcus_B lactis	u49627ctg_len-2589153_circular-yes_depth-25-25-25_duplicated-no	1750000	1775000	25000	39.080000	29.260000	34.790000	0.841046
R005bc2008.D09	complete.5	R005bc2008.D09_complete.5	Takara PrimeSTAR LongSeq 1x 150 ng (Q)	Enterococcus_B lactis	u49627ctg_len-2589153_circular-yes_depth-25-25-25_duplicated-no	1775000	1800000	25000	37.904000	31.210000	34.790000	0.897097
R005bc2008.D09	complete.5	R005bc2008.D09_complete.5	Takara PrimeSTAR LongSeq 1x 150 ng (Q)	Enterococcus_B lactis	u49627ctg_len-2589153_circular-yes_depth-25-25-25_duplicated-no	1800000	1825000	25000	39.092000	40.700000	34.790000	1.169876
R005bc2008.D09	complete.5	R005bc2008.D09_complete.5	Takara PrimeSTAR LongSeq 1x 150 ng (Q)	Enterococcus_B lactis	u49627ctg_len-2589153_circular-yes_depth-25-25-25_duplicated-no	1825000	1850000	25000	37.736000	30.540000	34.790000	0.877838
R005bc2008.D09	complete.5	R005bc2008.D09_complete.5	Takara PrimeSTAR LongSeq 1x 150 ng (Q)	Enterococcus_B lactis	u49627ctg_len-2589153_circular-yes_depth-25-25-25_duplicated-no	1850000	1875000	25000	35.488000	33.140000	34.790000	0.952573
R005bc2008.D09	complete.5	R005bc2008.D09_complete.5	Takara PrimeSTAR LongSeq 1x 150 ng (Q)	Enterococcus_B lactis	u49627ctg_len-2589153_circular-yes_depth-25-25-25_duplicated-no	1875000	1900000	25000	37.804000	31.400000	34.790000	0.902558
R005bc2008.D09	complete.5	R005bc2008.D09_complete.5	Takara PrimeSTAR LongSeq 1x 150 ng (Q)	Enterococcus_B lactis	u49627ctg_len-2589153_circular-yes_depth-25-25-25_duplicated-no	1900000	1925000	25000	39.148000	32.620000	34.790000	0.937626
R005bc2008.D09	complete.5	R005bc2008.D09_complete.5	Takara PrimeSTAR LongSeq 1x 150 ng (Q)	Enterococcus_B lactis	u49627ctg_len-2589153_circular-yes_depth-25-25-25_duplicated-no	1925000	1950000	25000	38.028000	35.160000	34.790000	1.010635
R005bc2008.D09	complete.5	R005bc2008.D09_complete.5	Takara PrimeSTAR LongSeq 1x 150 ng (Q)	Enterococcus_B lactis	u49627ctg_len-2589153_circular-yes_depth-25-25-25_duplicated-no	1950000	1975000	25000	36.588000	45.920000	34.790000	1.319920
R005bc2008.D09	complete.5	R005bc2008.D09_complete.5	Takara PrimeSTAR LongSeq 1x 150 ng (Q)	Enterococcus_B lactis	u49627ctg_len-2589153_circular-yes_depth-25-25-25_duplicated-no	1975000	2000000	25000	36.132000	42.390000	34.790000	1.218454
R005bc2008.D09	complete.5	R005bc2008.D09_complete.5	Takara PrimeSTAR LongSeq 1x 150 ng (Q)	Enterococcus_B lactis	u49627ctg_len-2589153_circular-yes_depth-25-25-25_duplicated-no	2000000	2025000	25000	38.668000	36.750000	34.790000	1.056338
R005bc2008.D09	complete.5	R005bc2008.D09_complete.5	Takara PrimeSTAR LongSeq 1x 150 ng (Q)	Enterococcus_B lactis	u49627ctg_len-2589153_circular-yes_depth-25-25-25_duplicated-no	2025000	2050000	25000	39.936000	33.820000	34.790000	0.972118
R005bc2008.D09	complete.5	R005bc2008.D09_complete.5	Takara PrimeSTAR LongSeq 1x 150 ng (Q)	Enterococcus_B lactis	u49627ctg_len-2589153_circular-yes_depth-25-25-25_duplicated-no	2050000	2075000	25000	38.252000	37.020000	34.790000	1.064099
R005bc2008.D09	complete.5	R005bc2008.D09_complete.5	Takara PrimeSTAR LongSeq 1x 150 ng (Q)	Enterococcus_B lactis	u49627ctg_len-2589153_circular-yes_depth-25-25-25_duplicated-no	2075000	2100000	25000	39.316000	40.670000	34.790000	1.169014
R005bc2008.D09	complete.5	R005bc2008.D09_complete.5	Takara PrimeSTAR LongSeq 1x 150 ng (Q)	Enterococcus_B lactis	u49627ctg_len-2589153_circular-yes_depth-25-25-25_duplicated-no	2100000	2125000	25000	39.208000	36.770000	34.790000	1.056913
R005bc2008.D09	complete.5	R005bc2008.D09_complete.5	Takara PrimeSTAR LongSeq 1x 150 ng (Q)	Enterococcus_B lactis	u49627ctg_len-2589153_circular-yes_depth-25-25-25_duplicated-no	2125000	2150000	25000	38.260000	37.770000	34.790000	1.085657
R005bc2008.D09	complete.5	R005bc2008.D09_complete.5	Takara PrimeSTAR LongSeq 1x 150 ng (Q)	Enterococcus_B lactis	u49627ctg_len-2589153_circular-yes_depth-25-25-25_duplicated-no	2150000	2175000	25000	38.936000	32.590000	34.790000	0.936763
R005bc2008.D09	complete.5	R005bc2008.D09_complete.5	Takara PrimeSTAR LongSeq 1x 150 ng (Q)	Enterococcus_B lactis	u49627ctg_len-2589153_circular-yes_depth-25-25-25_duplicated-no	2175000	2200000	25000	39.108000	39.310000	34.790000	1.129922
R005bc2008.D09	complete.5	R005bc2008.D09_complete.5	Takara PrimeSTAR LongSeq 1x 150 ng (Q)	Enterococcus_B lactis	u49627ctg_len-2589153_circular-yes_depth-25-25-25_duplicated-no	2200000	2225000	25000	38.140000	33.690000	34.790000	0.968382
R005bc2008.D09	complete.5	R005bc2008.D09_complete.5	Takara PrimeSTAR LongSeq 1x 150 ng (Q)	Enterococcus_B lactis	u49627ctg_len-2589153_circular-yes_depth-25-25-25_duplicated-no	2225000	2250000	25000	38.428000	38.940000	34.790000	1.119287
R005bc2008.D09	complete.5	R005bc2008.D09_complete.5	Takara PrimeSTAR LongSeq 1x 150 ng (Q)	Enterococcus_B lactis	u49627ctg_len-2589153_circular-yes_depth-25-25-25_duplicated-no	2250000	2275000	25000	37.180000	37.390000	34.790000	1.074734
R005bc2008.D09	complete.5	R005bc2008.D09_complete.5	Takara PrimeSTAR LongSeq 1x 150 ng (Q)	Enterococcus_B lactis	u49627ctg_len-2589153_circular-yes_depth-25-25-25_duplicated-no	2275000	2300000	25000	37.412000	40.840000	34.790000	1.173901
R005bc2008.D09	complete.5	R005bc2008.D09_complete.5	Takara PrimeSTAR LongSeq 1x 150 ng (Q)	Enterococcus_B lactis	u49627ctg_len-2589153_circular-yes_depth-25-25-25_duplicated-no	2300000	2325000	25000	40.044000	35.220000	34.790000	1.012360
R005bc2008.D09	complete.5	R005bc2008.D09_complete.5	Takara PrimeSTAR LongSeq 1x 150 ng (Q)	Enterococcus_B lactis	u49627ctg_len-2589153_circular-yes_depth-25-25-25_duplicated-no	2325000	2350000	25000	39.752000	35.310000	34.790000	1.014947
R005bc2008.D09	complete.5	R005bc2008.D09_complete.5	Takara PrimeSTAR LongSeq 1x 150 ng (Q)	Enterococcus_B lactis	u49627ctg_len-2589153_circular-yes_depth-25-25-25_duplicated-no	2350000	2375000	25000	39.496000	39.570000	34.790000	1.137396
R005bc2008.D09	complete.5	R005bc2008.D09_complete.5	Takara PrimeSTAR LongSeq 1x 150 ng (Q)	Enterococcus_B lactis	u49627ctg_len-2589153_circular-yes_depth-25-25-25_duplicated-no	2375000	2400000	25000	38.148000	37.940000	34.790000	1.090543
R005bc2008.D09	complete.5	R005bc2008.D09_complete.5	Takara PrimeSTAR LongSeq 1x 150 ng (Q)	Enterococcus_B lactis	u49627ctg_len-2589153_circular-yes_depth-25-25-25_duplicated-no	2400000	2425000	25000	38.632000	38.350000	34.790000	1.102328
R005bc2008.D09	complete.5	R005bc2008.D09_complete.5	Takara PrimeSTAR LongSeq 1x 150 ng (Q)	Enterococcus_B lactis	u49627ctg_len-2589153_circular-yes_depth-25-25-25_duplicated-no	2425000	2450000	25000	37.132000	39.360000	34.790000	1.131360
R005bc2008.D09	complete.5	R005bc2008.D09_complete.5	Takara PrimeSTAR LongSeq 1x 150 ng (Q)	Enterococcus_B lactis	u49627ctg_len-2589153_circular-yes_depth-25-25-25_duplicated-no	2450000	2475000	25000	39.612000	37.070000	34.790000	1.065536
R005bc2008.D09	complete.5	R005bc2008.D09_complete.5	Takara PrimeSTAR LongSeq 1x 150 ng (Q)	Enterococcus_B lactis	u49627ctg_len-2589153_circular-yes_depth-25-25-25_duplicated-no	2475000	2500000	25000	40.240000	37.660000	34.790000	1.082495
R005bc2008.D09	complete.5	R005bc2008.D09_complete.5	Takara PrimeSTAR LongSeq 1x 150 ng (Q)	Enterococcus_B lactis	u49627ctg_len-2589153_circular-yes_depth-25-25-25_duplicated-no	2500000	2525000	25000	38.040000	37.110000	34.790000	1.066686
R005bc2008.D09	complete.5	R005bc2008.D09_complete.5	Takara PrimeSTAR LongSeq 1x 150 ng (Q)	Enterococcus_B lactis	u49627ctg_len-2589153_circular-yes_depth-25-25-25_duplicated-no	2525000	2550000	25000	37.688000	43.820000	34.790000	1.259557
R005bc2008.D09	complete.5	R005bc2008.D09_complete.5	Takara PrimeSTAR LongSeq 1x 150 ng (Q)	Enterococcus_B lactis	u49627ctg_len-2589153_circular-yes_depth-25-25-25_duplicated-no	2550000	2575000	25000	39.076000	37.130000	34.790000	1.067261
R004bc2008.D09	complete.6	R004bc2008.D09_complete.6	Takara PrimeSTAR LongSeq 1x 150 ng	Enterococcus_B lactis	u64826ctg_len-2589153_circular-yes_depth-29-29-29_duplicated-no	0	25000	25000	36.976000	40.800000	40.090000	1.017710
R004bc2008.D09	complete.6	R004bc2008.D09_complete.6	Takara PrimeSTAR LongSeq 1x 150 ng	Enterococcus_B lactis	u64826ctg_len-2589153_circular-yes_depth-29-29-29_duplicated-no	25000	50000	25000	35.140000	45.100000	40.090000	1.124969
R004bc2008.D09	complete.6	R004bc2008.D09_complete.6	Takara PrimeSTAR LongSeq 1x 150 ng	Enterococcus_B lactis	u64826ctg_len-2589153_circular-yes_depth-29-29-29_duplicated-no	50000	75000	25000	35.360000	37.260000	40.090000	0.929409
R004bc2008.D09	complete.6	R004bc2008.D09_complete.6	Takara PrimeSTAR LongSeq 1x 150 ng	Enterococcus_B lactis	u64826ctg_len-2589153_circular-yes_depth-29-29-29_duplicated-no	75000	100000	25000	38.708000	33.640000	40.090000	0.839112
R004bc2008.D09	complete.6	R004bc2008.D09_complete.6	Takara PrimeSTAR LongSeq 1x 150 ng	Enterococcus_B lactis	u64826ctg_len-2589153_circular-yes_depth-29-29-29_duplicated-no	100000	125000	25000	39.644000	32.290000	40.090000	0.805438
R004bc2008.D09	complete.6	R004bc2008.D09_complete.6	Takara PrimeSTAR LongSeq 1x 150 ng	Enterococcus_B lactis	u64826ctg_len-2589153_circular-yes_depth-29-29-29_duplicated-no	125000	150000	25000	33.564000	40.700000	40.090000	1.015216
R004bc2008.D09	complete.6	R004bc2008.D09_complete.6	Takara PrimeSTAR LongSeq 1x 150 ng	Enterococcus_B lactis	u64826ctg_len-2589153_circular-yes_depth-29-29-29_duplicated-no	150000	175000	25000	38.724000	41.000000	40.090000	1.022699
R004bc2008.D09	complete.6	R004bc2008.D09_complete.6	Takara PrimeSTAR LongSeq 1x 150 ng	Enterococcus_B lactis	u64826ctg_len-2589153_circular-yes_depth-29-29-29_duplicated-no	175000	200000	25000	39.012000	33.270000	40.090000	0.829883
R004bc2008.D09	complete.6	R004bc2008.D09_complete.6	Takara PrimeSTAR LongSeq 1x 150 ng	Enterococcus_B lactis	u64826ctg_len-2589153_circular-yes_depth-29-29-29_duplicated-no	200000	225000	25000	39.656000	36.050000	40.090000	0.899227
R004bc2008.D09	complete.6	R004bc2008.D09_complete.6	Takara PrimeSTAR LongSeq 1x 150 ng	Enterococcus_B lactis	u64826ctg_len-2589153_circular-yes_depth-29-29-29_duplicated-no	225000	250000	25000	39.960000	36.250000	40.090000	0.904216
R004bc2008.D09	complete.6	R004bc2008.D09_complete.6	Takara PrimeSTAR LongSeq 1x 150 ng	Enterococcus_B lactis	u64826ctg_len-2589153_circular-yes_depth-29-29-29_duplicated-no	250000	275000	25000	39.564000	36.140000	40.090000	0.901472
R004bc2008.D09	complete.6	R004bc2008.D09_complete.6	Takara PrimeSTAR LongSeq 1x 150 ng	Enterococcus_B lactis	u64826ctg_len-2589153_circular-yes_depth-29-29-29_duplicated-no	275000	300000	25000	35.044000	36.210000	40.090000	0.903218
R004bc2008.D09	complete.6	R004bc2008.D09_complete.6	Takara PrimeSTAR LongSeq 1x 150 ng	Enterococcus_B lactis	u64826ctg_len-2589153_circular-yes_depth-29-29-29_duplicated-no	300000	325000	25000	37.176000	39.370000	40.090000	0.982040
R004bc2008.D09	complete.6	R004bc2008.D09_complete.6	Takara PrimeSTAR LongSeq 1x 150 ng	Enterococcus_B lactis	u64826ctg_len-2589153_circular-yes_depth-29-29-29_duplicated-no	325000	350000	25000	36.496000	38.850000	40.090000	0.969070
R004bc2008.D09	complete.6	R004bc2008.D09_complete.6	Takara PrimeSTAR LongSeq 1x 150 ng	Enterococcus_B lactis	u64826ctg_len-2589153_circular-yes_depth-29-29-29_duplicated-no	350000	375000	25000	37.236000	39.570000	40.090000	0.987029
R004bc2008.D09	complete.6	R004bc2008.D09_complete.6	Takara PrimeSTAR LongSeq 1x 150 ng	Enterococcus_B lactis	u64826ctg_len-2589153_circular-yes_depth-29-29-29_duplicated-no	375000	400000	25000	37.612000	41.650000	40.090000	1.038912
R004bc2008.D09	complete.6	R004bc2008.D09_complete.6	Takara PrimeSTAR LongSeq 1x 150 ng	Enterococcus_B lactis	u64826ctg_len-2589153_circular-yes_depth-29-29-29_duplicated-no	400000	425000	25000	37.260000	41.720000	40.090000	1.040659
R004bc2008.D09	complete.6	R004bc2008.D09_complete.6	Takara PrimeSTAR LongSeq 1x 150 ng	Enterococcus_B lactis	u64826ctg_len-2589153_circular-yes_depth-29-29-29_duplicated-no	425000	450000	25000	36.860000	35.320000	40.090000	0.881018
R004bc2008.D09	complete.6	R004bc2008.D09_complete.6	Takara PrimeSTAR LongSeq 1x 150 ng	Enterococcus_B lactis	u64826ctg_len-2589153_circular-yes_depth-29-29-29_duplicated-no	450000	475000	25000	39.764000	39.570000	40.090000	0.987029
R004bc2008.D09	complete.6	R004bc2008.D09_complete.6	Takara PrimeSTAR LongSeq 1x 150 ng	Enterococcus_B lactis	u64826ctg_len-2589153_circular-yes_depth-29-29-29_duplicated-no	475000	500000	25000	38.328000	39.360000	40.090000	0.981791
R004bc2008.D09	complete.6	R004bc2008.D09_complete.6	Takara PrimeSTAR LongSeq 1x 150 ng	Enterococcus_B lactis	u64826ctg_len-2589153_circular-yes_depth-29-29-29_duplicated-no	500000	525000	25000	39.056000	38.730000	40.090000	0.966076
R004bc2008.D09	complete.6	R004bc2008.D09_complete.6	Takara PrimeSTAR LongSeq 1x 150 ng	Enterococcus_B lactis	u64826ctg_len-2589153_circular-yes_depth-29-29-29_duplicated-no	525000	550000	25000	37.980000	36.360000	40.090000	0.906959
R004bc2008.D09	complete.6	R004bc2008.D09_complete.6	Takara PrimeSTAR LongSeq 1x 150 ng	Enterococcus_B lactis	u64826ctg_len-2589153_circular-yes_depth-29-29-29_duplicated-no	550000	575000	25000	37.064000	36.850000	40.090000	0.919182
R004bc2008.D09	complete.6	R004bc2008.D09_complete.6	Takara PrimeSTAR LongSeq 1x 150 ng	Enterococcus_B lactis	u64826ctg_len-2589153_circular-yes_depth-29-29-29_duplicated-no	575000	600000	25000	39.876000	40.770000	40.090000	1.016962
R004bc2008.D09	complete.6	R004bc2008.D09_complete.6	Takara PrimeSTAR LongSeq 1x 150 ng	Enterococcus_B lactis	u64826ctg_len-2589153_circular-yes_depth-29-29-29_duplicated-no	600000	625000	25000	39.840000	37.530000	40.090000	0.936144
R004bc2008.D09	complete.6	R004bc2008.D09_complete.6	Takara PrimeSTAR LongSeq 1x 150 ng	Enterococcus_B lactis	u64826ctg_len-2589153_circular-yes_depth-29-29-29_duplicated-no	625000	650000	25000	38.148000	35.430000	40.090000	0.883762
R004bc2008.D09	complete.6	R004bc2008.D09_complete.6	Takara PrimeSTAR LongSeq 1x 150 ng	Enterococcus_B lactis	u64826ctg_len-2589153_circular-yes_depth-29-29-29_duplicated-no	650000	675000	25000	38.080000	41.670000	40.090000	1.039411
R004bc2008.D09	complete.6	R004bc2008.D09_complete.6	Takara PrimeSTAR LongSeq 1x 150 ng	Enterococcus_B lactis	u64826ctg_len-2589153_circular-yes_depth-29-29-29_duplicated-no	675000	700000	25000	38.564000	37.190000	40.090000	0.927663
R004bc2008.D09	complete.6	R004bc2008.D09_complete.6	Takara PrimeSTAR LongSeq 1x 150 ng	Enterococcus_B lactis	u64826ctg_len-2589153_circular-yes_depth-29-29-29_duplicated-no	700000	725000	25000	38.500000	33.870000	40.090000	0.844849
R004bc2008.D09	complete.6	R004bc2008.D09_complete.6	Takara PrimeSTAR LongSeq 1x 150 ng	Enterococcus_B lactis	u64826ctg_len-2589153_circular-yes_depth-29-29-29_duplicated-no	725000	750000	25000	38.436000	34.210000	40.090000	0.853330
R004bc2008.D09	complete.6	R004bc2008.D09_complete.6	Takara PrimeSTAR LongSeq 1x 150 ng	Enterococcus_B lactis	u64826ctg_len-2589153_circular-yes_depth-29-29-29_duplicated-no	750000	775000	25000	40.132000	33.420000	40.090000	0.833624
R004bc2008.D09	complete.6	R004bc2008.D09_complete.6	Takara PrimeSTAR LongSeq 1x 150 ng	Enterococcus_B lactis	u64826ctg_len-2589153_circular-yes_depth-29-29-29_duplicated-no	775000	800000	25000	39.136000	37.860000	40.090000	0.944375
R004bc2008.D09	complete.6	R004bc2008.D09_complete.6	Takara PrimeSTAR LongSeq 1x 150 ng	Enterococcus_B lactis	u64826ctg_len-2589153_circular-yes_depth-29-29-29_duplicated-no	800000	825000	25000	39.256000	43.620000	40.090000	1.088052
R004bc2008.D09	complete.6	R004bc2008.D09_complete.6	Takara PrimeSTAR LongSeq 1x 150 ng	Enterococcus_B lactis	u64826ctg_len-2589153_circular-yes_depth-29-29-29_duplicated-no	825000	850000	25000	37.436000	39.260000	40.090000	0.979297
R004bc2008.D09	complete.6	R004bc2008.D09_complete.6	Takara PrimeSTAR LongSeq 1x 150 ng	Enterococcus_B lactis	u64826ctg_len-2589153_circular-yes_depth-29-29-29_duplicated-no	850000	875000	25000	34.652000	37.630000	40.090000	0.938638
R004bc2008.D09	complete.6	R004bc2008.D09_complete.6	Takara PrimeSTAR LongSeq 1x 150 ng	Enterococcus_B lactis	u64826ctg_len-2589153_circular-yes_depth-29-29-29_duplicated-no	875000	900000	25000	37.696000	41.610000	40.090000	1.037915
R004bc2008.D09	complete.6	R004bc2008.D09_complete.6	Takara PrimeSTAR LongSeq 1x 150 ng	Enterococcus_B lactis	u64826ctg_len-2589153_circular-yes_depth-29-29-29_duplicated-no	900000	925000	25000	38.440000	44.890000	40.090000	1.119731
R004bc2008.D09	complete.6	R004bc2008.D09_complete.6	Takara PrimeSTAR LongSeq 1x 150 ng	Enterococcus_B lactis	u64826ctg_len-2589153_circular-yes_depth-29-29-29_duplicated-no	925000	950000	25000	38.780000	36.590000	40.090000	0.912696
R004bc2008.D09	complete.6	R004bc2008.D09_complete.6	Takara PrimeSTAR LongSeq 1x 150 ng	Enterococcus_B lactis	u64826ctg_len-2589153_circular-yes_depth-29-29-29_duplicated-no	950000	975000	25000	37.132000	36.280000	40.090000	0.904964
R004bc2008.D09	complete.6	R004bc2008.D09_complete.6	Takara PrimeSTAR LongSeq 1x 150 ng	Enterococcus_B lactis	u64826ctg_len-2589153_circular-yes_depth-29-29-29_duplicated-no	975000	1000000	25000	38.264000	36.240000	40.090000	0.903966
R004bc2008.D09	complete.6	R004bc2008.D09_complete.6	Takara PrimeSTAR LongSeq 1x 150 ng	Enterococcus_B lactis	u64826ctg_len-2589153_circular-yes_depth-29-29-29_duplicated-no	1000000	1025000	25000	39.232000	39.030000	40.090000	0.973559
R004bc2008.D09	complete.6	R004bc2008.D09_complete.6	Takara PrimeSTAR LongSeq 1x 150 ng	Enterococcus_B lactis	u64826ctg_len-2589153_circular-yes_depth-29-29-29_duplicated-no	1025000	1050000	25000	39.196000	42.700000	40.090000	1.065104
R004bc2008.D09	complete.6	R004bc2008.D09_complete.6	Takara PrimeSTAR LongSeq 1x 150 ng	Enterococcus_B lactis	u64826ctg_len-2589153_circular-yes_depth-29-29-29_duplicated-no	1050000	1075000	25000	38.088000	38.270000	40.090000	0.954602
R004bc2008.D09	complete.6	R004bc2008.D09_complete.6	Takara PrimeSTAR LongSeq 1x 150 ng	Enterococcus_B lactis	u64826ctg_len-2589153_circular-yes_depth-29-29-29_duplicated-no	1075000	1100000	25000	38.320000	42.710000	40.090000	1.065353
R004bc2008.D09	complete.6	R004bc2008.D09_complete.6	Takara PrimeSTAR LongSeq 1x 150 ng	Enterococcus_B lactis	u64826ctg_len-2589153_circular-yes_depth-29-29-29_duplicated-no	1100000	1125000	25000	38.424000	42.230000	40.090000	1.053380
R004bc2008.D09	complete.6	R004bc2008.D09_complete.6	Takara PrimeSTAR LongSeq 1x 150 ng	Enterococcus_B lactis	u64826ctg_len-2589153_circular-yes_depth-29-29-29_duplicated-no	1125000	1150000	25000	37.880000	40.560000	40.090000	1.011724
R004bc2008.D09	complete.6	R004bc2008.D09_complete.6	Takara PrimeSTAR LongSeq 1x 150 ng	Enterococcus_B lactis	u64826ctg_len-2589153_circular-yes_depth-29-29-29_duplicated-no	1150000	1175000	25000	38.932000	40.370000	40.090000	1.006984
R004bc2008.D09	complete.6	R004bc2008.D09_complete.6	Takara PrimeSTAR LongSeq 1x 150 ng	Enterococcus_B lactis	u64826ctg_len-2589153_circular-yes_depth-29-29-29_duplicated-no	1175000	1200000	25000	37.672000	33.770000	40.090000	0.842355
R004bc2008.D09	complete.6	R004bc2008.D09_complete.6	Takara PrimeSTAR LongSeq 1x 150 ng	Enterococcus_B lactis	u64826ctg_len-2589153_circular-yes_depth-29-29-29_duplicated-no	1200000	1225000	25000	38.588000	46.510000	40.090000	1.160140
R004bc2008.D09	complete.6	R004bc2008.D09_complete.6	Takara PrimeSTAR LongSeq 1x 150 ng	Enterococcus_B lactis	u64826ctg_len-2589153_circular-yes_depth-29-29-29_duplicated-no	1225000	1250000	25000	37.544000	41.060000	40.090000	1.024196
R004bc2008.D09	complete.6	R004bc2008.D09_complete.6	Takara PrimeSTAR LongSeq 1x 150 ng	Enterococcus_B lactis	u64826ctg_len-2589153_circular-yes_depth-29-29-29_duplicated-no	1250000	1275000	25000	38.332000	44.790000	40.090000	1.117236
R004bc2008.D09	complete.6	R004bc2008.D09_complete.6	Takara PrimeSTAR LongSeq 1x 150 ng	Enterococcus_B lactis	u64826ctg_len-2589153_circular-yes_depth-29-29-29_duplicated-no	1275000	1300000	25000	39.196000	41.270000	40.090000	1.029434
R004bc2008.D09	complete.6	R004bc2008.D09_complete.6	Takara PrimeSTAR LongSeq 1x 150 ng	Enterococcus_B lactis	u64826ctg_len-2589153_circular-yes_depth-29-29-29_duplicated-no	1300000	1325000	25000	39.380000	38.110000	40.090000	0.950611
R004bc2008.D09	complete.6	R004bc2008.D09_complete.6	Takara PrimeSTAR LongSeq 1x 150 ng	Enterococcus_B lactis	u64826ctg_len-2589153_circular-yes_depth-29-29-29_duplicated-no	1325000	1350000	25000	38.080000	46.580000	40.090000	1.161886
R004bc2008.D09	complete.6	R004bc2008.D09_complete.6	Takara PrimeSTAR LongSeq 1x 150 ng	Enterococcus_B lactis	u64826ctg_len-2589153_circular-yes_depth-29-29-29_duplicated-no	1350000	1375000	25000	38.552000	46.310000	40.090000	1.155151
R004bc2008.D09	complete.6	R004bc2008.D09_complete.6	Takara PrimeSTAR LongSeq 1x 150 ng	Enterococcus_B lactis	u64826ctg_len-2589153_circular-yes_depth-29-29-29_duplicated-no	1375000	1400000	25000	38.488000	44.210000	40.090000	1.102769
R004bc2008.D09	complete.6	R004bc2008.D09_complete.6	Takara PrimeSTAR LongSeq 1x 150 ng	Enterococcus_B lactis	u64826ctg_len-2589153_circular-yes_depth-29-29-29_duplicated-no	1400000	1425000	25000	42.744000	36.930000	40.090000	0.921177
R004bc2008.D09	complete.6	R004bc2008.D09_complete.6	Takara PrimeSTAR LongSeq 1x 150 ng	Enterococcus_B lactis	u64826ctg_len-2589153_circular-yes_depth-29-29-29_duplicated-no	1425000	1450000	25000	40.120000	39.150000	40.090000	0.976553
R004bc2008.D09	complete.6	R004bc2008.D09_complete.6	Takara PrimeSTAR LongSeq 1x 150 ng	Enterococcus_B lactis	u64826ctg_len-2589153_circular-yes_depth-29-29-29_duplicated-no	1450000	1475000	25000	39.496000	43.370000	40.090000	1.081816
R004bc2008.D09	complete.6	R004bc2008.D09_complete.6	Takara PrimeSTAR LongSeq 1x 150 ng	Enterococcus_B lactis	u64826ctg_len-2589153_circular-yes_depth-29-29-29_duplicated-no	1475000	1500000	25000	40.012000	38.410000	40.090000	0.958094
R004bc2008.D09	complete.6	R004bc2008.D09_complete.6	Takara PrimeSTAR LongSeq 1x 150 ng	Enterococcus_B lactis	u64826ctg_len-2589153_circular-yes_depth-29-29-29_duplicated-no	1500000	1525000	25000	36.008000	38.610000	40.090000	0.963083
R004bc2008.D09	complete.6	R004bc2008.D09_complete.6	Takara PrimeSTAR LongSeq 1x 150 ng	Enterococcus_B lactis	u64826ctg_len-2589153_circular-yes_depth-29-29-29_duplicated-no	1525000	1550000	25000	38.500000	40.090000	40.090000	1.000000
R004bc2008.D09	complete.6	R004bc2008.D09_complete.6	Takara PrimeSTAR LongSeq 1x 150 ng	Enterococcus_B lactis	u64826ctg_len-2589153_circular-yes_depth-29-29-29_duplicated-no	1550000	1575000	25000	39.308000	43.950000	40.090000	1.096283
R004bc2008.D09	complete.6	R004bc2008.D09_complete.6	Takara PrimeSTAR LongSeq 1x 150 ng	Enterococcus_B lactis	u64826ctg_len-2589153_circular-yes_depth-29-29-29_duplicated-no	1575000	1600000	25000	37.040000	41.300000	40.090000	1.030182
R004bc2008.D09	complete.6	R004bc2008.D09_complete.6	Takara PrimeSTAR LongSeq 1x 150 ng	Enterococcus_B lactis	u64826ctg_len-2589153_circular-yes_depth-29-29-29_duplicated-no	1600000	1625000	25000	40.652000	41.290000	40.090000	1.029933
R004bc2008.D09	complete.6	R004bc2008.D09_complete.6	Takara PrimeSTAR LongSeq 1x 150 ng	Enterococcus_B lactis	u64826ctg_len-2589153_circular-yes_depth-29-29-29_duplicated-no	1625000	1650000	25000	39.160000	45.940000	40.090000	1.145922
R004bc2008.D09	complete.6	R004bc2008.D09_complete.6	Takara PrimeSTAR LongSeq 1x 150 ng	Enterococcus_B lactis	u64826ctg_len-2589153_circular-yes_depth-29-29-29_duplicated-no	1650000	1675000	25000	37.768000	44.270000	40.090000	1.104265
R004bc2008.D09	complete.6	R004bc2008.D09_complete.6	Takara PrimeSTAR LongSeq 1x 150 ng	Enterococcus_B lactis	u64826ctg_len-2589153_circular-yes_depth-29-29-29_duplicated-no	1675000	1700000	25000	38.168000	43.310000	40.090000	1.080319
R004bc2008.D09	complete.6	R004bc2008.D09_complete.6	Takara PrimeSTAR LongSeq 1x 150 ng	Enterococcus_B lactis	u64826ctg_len-2589153_circular-yes_depth-29-29-29_duplicated-no	1700000	1725000	25000	39.944000	36.220000	40.090000	0.903467
R004bc2008.D09	complete.6	R004bc2008.D09_complete.6	Takara PrimeSTAR LongSeq 1x 150 ng	Enterococcus_B lactis	u64826ctg_len-2589153_circular-yes_depth-29-29-29_duplicated-no	1725000	1750000	25000	39.632000	40.780000	40.090000	1.017211
R004bc2008.D09	complete.6	R004bc2008.D09_complete.6	Takara PrimeSTAR LongSeq 1x 150 ng	Enterococcus_B lactis	u64826ctg_len-2589153_circular-yes_depth-29-29-29_duplicated-no	1750000	1775000	25000	37.288000	38.500000	40.090000	0.960339
R004bc2008.D09	complete.6	R004bc2008.D09_complete.6	Takara PrimeSTAR LongSeq 1x 150 ng	Enterococcus_B lactis	u64826ctg_len-2589153_circular-yes_depth-29-29-29_duplicated-no	1775000	1800000	25000	39.020000	42.760000	40.090000	1.066600
R004bc2008.D09	complete.6	R004bc2008.D09_complete.6	Takara PrimeSTAR LongSeq 1x 150 ng	Enterococcus_B lactis	u64826ctg_len-2589153_circular-yes_depth-29-29-29_duplicated-no	1800000	1825000	25000	37.588000	41.280000	40.090000	1.029683
R004bc2008.D09	complete.6	R004bc2008.D09_complete.6	Takara PrimeSTAR LongSeq 1x 150 ng	Enterococcus_B lactis	u64826ctg_len-2589153_circular-yes_depth-29-29-29_duplicated-no	1825000	1850000	25000	39.496000	37.880000	40.090000	0.944874
R004bc2008.D09	complete.6	R004bc2008.D09_complete.6	Takara PrimeSTAR LongSeq 1x 150 ng	Enterococcus_B lactis	u64826ctg_len-2589153_circular-yes_depth-29-29-29_duplicated-no	1850000	1875000	25000	39.700000	38.500000	40.090000	0.960339
R004bc2008.D09	complete.6	R004bc2008.D09_complete.6	Takara PrimeSTAR LongSeq 1x 150 ng	Enterococcus_B lactis	u64826ctg_len-2589153_circular-yes_depth-29-29-29_duplicated-no	1875000	1900000	25000	40.216000	37.430000	40.090000	0.933649
R004bc2008.D09	complete.6	R004bc2008.D09_complete.6	Takara PrimeSTAR LongSeq 1x 150 ng	Enterococcus_B lactis	u64826ctg_len-2589153_circular-yes_depth-29-29-29_duplicated-no	1900000	1925000	25000	37.464000	56.050000	40.090000	1.398104
R004bc2008.D09	complete.6	R004bc2008.D09_complete.6	Takara PrimeSTAR LongSeq 1x 150 ng	Enterococcus_B lactis	u64826ctg_len-2589153_circular-yes_depth-29-29-29_duplicated-no	1925000	1950000	25000	37.188000	40.580000	40.090000	1.012222
R004bc2008.D09	complete.6	R004bc2008.D09_complete.6	Takara PrimeSTAR LongSeq 1x 150 ng	Enterococcus_B lactis	u64826ctg_len-2589153_circular-yes_depth-29-29-29_duplicated-no	1950000	1975000	25000	38.200000	45.810000	40.090000	1.142679
R004bc2008.D09	complete.6	R004bc2008.D09_complete.6	Takara PrimeSTAR LongSeq 1x 150 ng	Enterococcus_B lactis	u64826ctg_len-2589153_circular-yes_depth-29-29-29_duplicated-no	1975000	2000000	25000	38.352000	42.550000	40.090000	1.061362
R004bc2008.D09	complete.6	R004bc2008.D09_complete.6	Takara PrimeSTAR LongSeq 1x 150 ng	Enterococcus_B lactis	u64826ctg_len-2589153_circular-yes_depth-29-29-29_duplicated-no	2000000	2025000	25000	38.924000	43.240000	40.090000	1.078573
R004bc2008.D09	complete.6	R004bc2008.D09_complete.6	Takara PrimeSTAR LongSeq 1x 150 ng	Enterococcus_B lactis	u64826ctg_len-2589153_circular-yes_depth-29-29-29_duplicated-no	2025000	2050000	25000	38.972000	41.780000	40.090000	1.042155
R004bc2008.D09	complete.6	R004bc2008.D09_complete.6	Takara PrimeSTAR LongSeq 1x 150 ng	Enterococcus_B lactis	u64826ctg_len-2589153_circular-yes_depth-29-29-29_duplicated-no	2050000	2075000	25000	38.424000	36.870000	40.090000	0.919681
R004bc2008.D09	complete.6	R004bc2008.D09_complete.6	Takara PrimeSTAR LongSeq 1x 150 ng	Enterococcus_B lactis	u64826ctg_len-2589153_circular-yes_depth-29-29-29_duplicated-no	2075000	2100000	25000	39.088000	34.780000	40.090000	0.867548
R004bc2008.D09	complete.6	R004bc2008.D09_complete.6	Takara PrimeSTAR LongSeq 1x 150 ng	Enterococcus_B lactis	u64826ctg_len-2589153_circular-yes_depth-29-29-29_duplicated-no	2100000	2125000	25000	39.240000	40.800000	40.090000	1.017710
R004bc2008.D09	complete.6	R004bc2008.D09_complete.6	Takara PrimeSTAR LongSeq 1x 150 ng	Enterococcus_B lactis	u64826ctg_len-2589153_circular-yes_depth-29-29-29_duplicated-no	2125000	2150000	25000	38.480000	40.540000	40.090000	1.011225
R004bc2008.D09	complete.6	R004bc2008.D09_complete.6	Takara PrimeSTAR LongSeq 1x 150 ng	Enterococcus_B lactis	u64826ctg_len-2589153_circular-yes_depth-29-29-29_duplicated-no	2150000	2175000	25000	39.708000	34.410000	40.090000	0.858319
R004bc2008.D09	complete.6	R004bc2008.D09_complete.6	Takara PrimeSTAR LongSeq 1x 150 ng	Enterococcus_B lactis	u64826ctg_len-2589153_circular-yes_depth-29-29-29_duplicated-no	2175000	2200000	25000	38.920000	42.850000	40.090000	1.068845
R004bc2008.D09	complete.6	R004bc2008.D09_complete.6	Takara PrimeSTAR LongSeq 1x 150 ng	Enterococcus_B lactis	u64826ctg_len-2589153_circular-yes_depth-29-29-29_duplicated-no	2200000	2225000	25000	36.320000	49.440000	40.090000	1.233225
R004bc2008.D09	complete.6	R004bc2008.D09_complete.6	Takara PrimeSTAR LongSeq 1x 150 ng	Enterococcus_B lactis	u64826ctg_len-2589153_circular-yes_depth-29-29-29_duplicated-no	2225000	2250000	25000	36.640000	43.460000	40.090000	1.084061
R004bc2008.D09	complete.6	R004bc2008.D09_complete.6	Takara PrimeSTAR LongSeq 1x 150 ng	Enterococcus_B lactis	u64826ctg_len-2589153_circular-yes_depth-29-29-29_duplicated-no	2250000	2275000	25000	37.620000	40.220000	40.090000	1.003243
R004bc2008.D09	complete.6	R004bc2008.D09_complete.6	Takara PrimeSTAR LongSeq 1x 150 ng	Enterococcus_B lactis	u64826ctg_len-2589153_circular-yes_depth-29-29-29_duplicated-no	2275000	2300000	25000	39.208000	38.300000	40.090000	0.955350
R004bc2008.D09	complete.6	R004bc2008.D09_complete.6	Takara PrimeSTAR LongSeq 1x 150 ng	Enterococcus_B lactis	u64826ctg_len-2589153_circular-yes_depth-29-29-29_duplicated-no	2300000	2325000	25000	37.640000	40.960000	40.090000	1.021701
R004bc2008.D09	complete.6	R004bc2008.D09_complete.6	Takara PrimeSTAR LongSeq 1x 150 ng	Enterococcus_B lactis	u64826ctg_len-2589153_circular-yes_depth-29-29-29_duplicated-no	2325000	2350000	25000	35.716000	38.450000	40.090000	0.959092
R004bc2008.D09	complete.6	R004bc2008.D09_complete.6	Takara PrimeSTAR LongSeq 1x 150 ng	Enterococcus_B lactis	u64826ctg_len-2589153_circular-yes_depth-29-29-29_duplicated-no	2350000	2375000	25000	37.940000	32.000000	40.090000	0.798204
R004bc2008.D09	complete.6	R004bc2008.D09_complete.6	Takara PrimeSTAR LongSeq 1x 150 ng	Enterococcus_B lactis	u64826ctg_len-2589153_circular-yes_depth-29-29-29_duplicated-no	2375000	2400000	25000	38.612000	41.980000	40.090000	1.047144
R004bc2008.D09	complete.6	R004bc2008.D09_complete.6	Takara PrimeSTAR LongSeq 1x 150 ng	Enterococcus_B lactis	u64826ctg_len-2589153_circular-yes_depth-29-29-29_duplicated-no	2400000	2425000	25000	37.984000	42.830000	40.090000	1.068346
R004bc2008.D09	complete.6	R004bc2008.D09_complete.6	Takara PrimeSTAR LongSeq 1x 150 ng	Enterococcus_B lactis	u64826ctg_len-2589153_circular-yes_depth-29-29-29_duplicated-no	2425000	2450000	25000	38.960000	46.940000	40.090000	1.170866
R004bc2008.D09	complete.6	R004bc2008.D09_complete.6	Takara PrimeSTAR LongSeq 1x 150 ng	Enterococcus_B lactis	u64826ctg_len-2589153_circular-yes_depth-29-29-29_duplicated-no	2450000	2475000	25000	39.396000	41.640000	40.090000	1.038663
R004bc2008.D09	complete.6	R004bc2008.D09_complete.6	Takara PrimeSTAR LongSeq 1x 150 ng	Enterococcus_B lactis	u64826ctg_len-2589153_circular-yes_depth-29-29-29_duplicated-no	2475000	2500000	25000	38.924000	39.680000	40.090000	0.989773
R004bc2008.D09	complete.6	R004bc2008.D09_complete.6	Takara PrimeSTAR LongSeq 1x 150 ng	Enterococcus_B lactis	u64826ctg_len-2589153_circular-yes_depth-29-29-29_duplicated-no	2500000	2525000	25000	38.528000	40.240000	40.090000	1.003742
R004bc2008.D09	complete.6	R004bc2008.D09_complete.6	Takara PrimeSTAR LongSeq 1x 150 ng	Enterococcus_B lactis	u64826ctg_len-2589153_circular-yes_depth-29-29-29_duplicated-no	2525000	2550000	25000	36.772000	39.420000	40.090000	0.983288
R004bc2008.D09	complete.6	R004bc2008.D09_complete.6	Takara PrimeSTAR LongSeq 1x 150 ng	Enterococcus_B lactis	u64826ctg_len-2589153_circular-yes_depth-29-29-29_duplicated-no	2550000	2575000	25000	38.432000	35.480000	40.090000	0.885009
R005bc2008.H09	complete.7	R005bc2008.H09_complete.7	NEB Q5 XT 1x 150 ng (Q)	Enterococcus_B lactis	u43191ctg_len-2589153_circular-yes_depth-23-23-23_duplicated-no	0	25000	25000	35.728000	34.940000	32.160000	1.086443
R005bc2008.H09	complete.7	R005bc2008.H09_complete.7	NEB Q5 XT 1x 150 ng (Q)	Enterococcus_B lactis	u43191ctg_len-2589153_circular-yes_depth-23-23-23_duplicated-no	25000	50000	25000	35.556000	31.960000	32.160000	0.993781
R005bc2008.H09	complete.7	R005bc2008.H09_complete.7	NEB Q5 XT 1x 150 ng (Q)	Enterococcus_B lactis	u43191ctg_len-2589153_circular-yes_depth-23-23-23_duplicated-no	50000	75000	25000	36.992000	33.940000	32.160000	1.055348
R005bc2008.H09	complete.7	R005bc2008.H09_complete.7	NEB Q5 XT 1x 150 ng (Q)	Enterococcus_B lactis	u43191ctg_len-2589153_circular-yes_depth-23-23-23_duplicated-no	75000	100000	25000	38.844000	26.580000	32.160000	0.826493
R005bc2008.H09	complete.7	R005bc2008.H09_complete.7	NEB Q5 XT 1x 150 ng (Q)	Enterococcus_B lactis	u43191ctg_len-2589153_circular-yes_depth-23-23-23_duplicated-no	100000	125000	25000	38.392000	28.330000	32.160000	0.880908
R005bc2008.H09	complete.7	R005bc2008.H09_complete.7	NEB Q5 XT 1x 150 ng (Q)	Enterococcus_B lactis	u43191ctg_len-2589153_circular-yes_depth-23-23-23_duplicated-no	125000	150000	25000	36.912000	28.770000	32.160000	0.894590
R005bc2008.H09	complete.7	R005bc2008.H09_complete.7	NEB Q5 XT 1x 150 ng (Q)	Enterococcus_B lactis	u43191ctg_len-2589153_circular-yes_depth-23-23-23_duplicated-no	150000	175000	25000	39.056000	31.230000	32.160000	0.971082
R005bc2008.H09	complete.7	R005bc2008.H09_complete.7	NEB Q5 XT 1x 150 ng (Q)	Enterococcus_B lactis	u43191ctg_len-2589153_circular-yes_depth-23-23-23_duplicated-no	175000	200000	25000	38.584000	26.550000	32.160000	0.825560
R005bc2008.H09	complete.7	R005bc2008.H09_complete.7	NEB Q5 XT 1x 150 ng (Q)	Enterococcus_B lactis	u43191ctg_len-2589153_circular-yes_depth-23-23-23_duplicated-no	200000	225000	25000	39.332000	32.740000	32.160000	1.018035
R005bc2008.H09	complete.7	R005bc2008.H09_complete.7	NEB Q5 XT 1x 150 ng (Q)	Enterococcus_B lactis	u43191ctg_len-2589153_circular-yes_depth-23-23-23_duplicated-no	225000	250000	25000	37.884000	29.290000	32.160000	0.910759
R005bc2008.H09	complete.7	R005bc2008.H09_complete.7	NEB Q5 XT 1x 150 ng (Q)	Enterococcus_B lactis	u43191ctg_len-2589153_circular-yes_depth-23-23-23_duplicated-no	250000	275000	25000	39.024000	34.760000	32.160000	1.080846
R005bc2008.H09	complete.7	R005bc2008.H09_complete.7	NEB Q5 XT 1x 150 ng (Q)	Enterococcus_B lactis	u43191ctg_len-2589153_circular-yes_depth-23-23-23_duplicated-no	275000	300000	25000	38.208000	29.260000	32.160000	0.909826
R005bc2008.H09	complete.7	R005bc2008.H09_complete.7	NEB Q5 XT 1x 150 ng (Q)	Enterococcus_B lactis	u43191ctg_len-2589153_circular-yes_depth-23-23-23_duplicated-no	300000	325000	25000	34.816000	32.160000	32.160000	1.000000
R005bc2008.H09	complete.7	R005bc2008.H09_complete.7	NEB Q5 XT 1x 150 ng (Q)	Enterococcus_B lactis	u43191ctg_len-2589153_circular-yes_depth-23-23-23_duplicated-no	325000	350000	25000	38.120000	30.280000	32.160000	0.941542
R005bc2008.H09	complete.7	R005bc2008.H09_complete.7	NEB Q5 XT 1x 150 ng (Q)	Enterococcus_B lactis	u43191ctg_len-2589153_circular-yes_depth-23-23-23_duplicated-no	350000	375000	25000	39.020000	39.110000	32.160000	1.216107
R005bc2008.H09	complete.7	R005bc2008.H09_complete.7	NEB Q5 XT 1x 150 ng (Q)	Enterococcus_B lactis	u43191ctg_len-2589153_circular-yes_depth-23-23-23_duplicated-no	375000	400000	25000	38.420000	38.810000	32.160000	1.206779
R005bc2008.H09	complete.7	R005bc2008.H09_complete.7	NEB Q5 XT 1x 150 ng (Q)	Enterococcus_B lactis	u43191ctg_len-2589153_circular-yes_depth-23-23-23_duplicated-no	400000	425000	25000	36.364000	39.770000	32.160000	1.236629
R005bc2008.H09	complete.7	R005bc2008.H09_complete.7	NEB Q5 XT 1x 150 ng (Q)	Enterococcus_B lactis	u43191ctg_len-2589153_circular-yes_depth-23-23-23_duplicated-no	425000	450000	25000	35.700000	29.980000	32.160000	0.932214
R005bc2008.H09	complete.7	R005bc2008.H09_complete.7	NEB Q5 XT 1x 150 ng (Q)	Enterococcus_B lactis	u43191ctg_len-2589153_circular-yes_depth-23-23-23_duplicated-no	450000	475000	25000	38.988000	32.790000	32.160000	1.019590
R005bc2008.H09	complete.7	R005bc2008.H09_complete.7	NEB Q5 XT 1x 150 ng (Q)	Enterococcus_B lactis	u43191ctg_len-2589153_circular-yes_depth-23-23-23_duplicated-no	475000	500000	25000	39.856000	31.130000	32.160000	0.967973
R005bc2008.H09	complete.7	R005bc2008.H09_complete.7	NEB Q5 XT 1x 150 ng (Q)	Enterococcus_B lactis	u43191ctg_len-2589153_circular-yes_depth-23-23-23_duplicated-no	500000	525000	25000	38.396000	30.230000	32.160000	0.939988
R005bc2008.H09	complete.7	R005bc2008.H09_complete.7	NEB Q5 XT 1x 150 ng (Q)	Enterococcus_B lactis	u43191ctg_len-2589153_circular-yes_depth-23-23-23_duplicated-no	525000	550000	25000	39.540000	34.220000	32.160000	1.064055
R005bc2008.H09	complete.7	R005bc2008.H09_complete.7	NEB Q5 XT 1x 150 ng (Q)	Enterococcus_B lactis	u43191ctg_len-2589153_circular-yes_depth-23-23-23_duplicated-no	550000	575000	25000	39.164000	36.450000	32.160000	1.133396
R005bc2008.H09	complete.7	R005bc2008.H09_complete.7	NEB Q5 XT 1x 150 ng (Q)	Enterococcus_B lactis	u43191ctg_len-2589153_circular-yes_depth-23-23-23_duplicated-no	575000	600000	25000	38.100000	29.670000	32.160000	0.922575
R005bc2008.H09	complete.7	R005bc2008.H09_complete.7	NEB Q5 XT 1x 150 ng (Q)	Enterococcus_B lactis	u43191ctg_len-2589153_circular-yes_depth-23-23-23_duplicated-no	600000	625000	25000	39.256000	33.660000	32.160000	1.046642
R005bc2008.H09	complete.7	R005bc2008.H09_complete.7	NEB Q5 XT 1x 150 ng (Q)	Enterococcus_B lactis	u43191ctg_len-2589153_circular-yes_depth-23-23-23_duplicated-no	625000	650000	25000	38.744000	35.510000	32.160000	1.104167
R005bc2008.H09	complete.7	R005bc2008.H09_complete.7	NEB Q5 XT 1x 150 ng (Q)	Enterococcus_B lactis	u43191ctg_len-2589153_circular-yes_depth-23-23-23_duplicated-no	650000	675000	25000	38.312000	25.960000	32.160000	0.807214
R005bc2008.H09	complete.7	R005bc2008.H09_complete.7	NEB Q5 XT 1x 150 ng (Q)	Enterococcus_B lactis	u43191ctg_len-2589153_circular-yes_depth-23-23-23_duplicated-no	675000	700000	25000	38.264000	35.490000	32.160000	1.103545
R005bc2008.H09	complete.7	R005bc2008.H09_complete.7	NEB Q5 XT 1x 150 ng (Q)	Enterococcus_B lactis	u43191ctg_len-2589153_circular-yes_depth-23-23-23_duplicated-no	700000	725000	25000	37.388000	37.950000	32.160000	1.180037
R005bc2008.H09	complete.7	R005bc2008.H09_complete.7	NEB Q5 XT 1x 150 ng (Q)	Enterococcus_B lactis	u43191ctg_len-2589153_circular-yes_depth-23-23-23_duplicated-no	725000	750000	25000	37.136000	42.050000	32.160000	1.307525
R005bc2008.H09	complete.7	R005bc2008.H09_complete.7	NEB Q5 XT 1x 150 ng (Q)	Enterococcus_B lactis	u43191ctg_len-2589153_circular-yes_depth-23-23-23_duplicated-no	750000	775000	25000	39.908000	34.730000	32.160000	1.079913
R005bc2008.H09	complete.7	R005bc2008.H09_complete.7	NEB Q5 XT 1x 150 ng (Q)	Enterococcus_B lactis	u43191ctg_len-2589153_circular-yes_depth-23-23-23_duplicated-no	775000	800000	25000	39.660000	35.700000	32.160000	1.110075
R005bc2008.H09	complete.7	R005bc2008.H09_complete.7	NEB Q5 XT 1x 150 ng (Q)	Enterococcus_B lactis	u43191ctg_len-2589153_circular-yes_depth-23-23-23_duplicated-no	800000	825000	25000	39.904000	29.350000	32.160000	0.912624
R005bc2008.H09	complete.7	R005bc2008.H09_complete.7	NEB Q5 XT 1x 150 ng (Q)	Enterococcus_B lactis	u43191ctg_len-2589153_circular-yes_depth-23-23-23_duplicated-no	825000	850000	25000	38.924000	37.030000	32.160000	1.151430
R005bc2008.H09	complete.7	R005bc2008.H09_complete.7	NEB Q5 XT 1x 150 ng (Q)	Enterococcus_B lactis	u43191ctg_len-2589153_circular-yes_depth-23-23-23_duplicated-no	850000	875000	25000	37.636000	35.060000	32.160000	1.090174
R005bc2008.H09	complete.7	R005bc2008.H09_complete.7	NEB Q5 XT 1x 150 ng (Q)	Enterococcus_B lactis	u43191ctg_len-2589153_circular-yes_depth-23-23-23_duplicated-no	875000	900000	25000	37.252000	33.260000	32.160000	1.034204
R005bc2008.H09	complete.7	R005bc2008.H09_complete.7	NEB Q5 XT 1x 150 ng (Q)	Enterococcus_B lactis	u43191ctg_len-2589153_circular-yes_depth-23-23-23_duplicated-no	900000	925000	25000	39.628000	33.460000	32.160000	1.040423
R005bc2008.H09	complete.7	R005bc2008.H09_complete.7	NEB Q5 XT 1x 150 ng (Q)	Enterococcus_B lactis	u43191ctg_len-2589153_circular-yes_depth-23-23-23_duplicated-no	925000	950000	25000	40.044000	36.550000	32.160000	1.136505
R005bc2008.H09	complete.7	R005bc2008.H09_complete.7	NEB Q5 XT 1x 150 ng (Q)	Enterococcus_B lactis	u43191ctg_len-2589153_circular-yes_depth-23-23-23_duplicated-no	950000	975000	25000	38.824000	33.260000	32.160000	1.034204
R005bc2008.H09	complete.7	R005bc2008.H09_complete.7	NEB Q5 XT 1x 150 ng (Q)	Enterococcus_B lactis	u43191ctg_len-2589153_circular-yes_depth-23-23-23_duplicated-no	975000	1000000	25000	37.704000	28.240000	32.160000	0.878109
R005bc2008.H09	complete.7	R005bc2008.H09_complete.7	NEB Q5 XT 1x 150 ng (Q)	Enterococcus_B lactis	u43191ctg_len-2589153_circular-yes_depth-23-23-23_duplicated-no	1000000	1025000	25000	38.680000	33.990000	32.160000	1.056903
R005bc2008.H09	complete.7	R005bc2008.H09_complete.7	NEB Q5 XT 1x 150 ng (Q)	Enterococcus_B lactis	u43191ctg_len-2589153_circular-yes_depth-23-23-23_duplicated-no	1025000	1050000	25000	38.968000	34.840000	32.160000	1.083333
R005bc2008.H09	complete.7	R005bc2008.H09_complete.7	NEB Q5 XT 1x 150 ng (Q)	Enterococcus_B lactis	u43191ctg_len-2589153_circular-yes_depth-23-23-23_duplicated-no	1050000	1075000	25000	38.804000	33.630000	32.160000	1.045709
R005bc2008.H09	complete.7	R005bc2008.H09_complete.7	NEB Q5 XT 1x 150 ng (Q)	Enterococcus_B lactis	u43191ctg_len-2589153_circular-yes_depth-23-23-23_duplicated-no	1075000	1100000	25000	39.676000	34.630000	32.160000	1.076803
R005bc2008.H09	complete.7	R005bc2008.H09_complete.7	NEB Q5 XT 1x 150 ng (Q)	Enterococcus_B lactis	u43191ctg_len-2589153_circular-yes_depth-23-23-23_duplicated-no	1100000	1125000	25000	39.408000	35.080000	32.160000	1.090796
R005bc2008.H09	complete.7	R005bc2008.H09_complete.7	NEB Q5 XT 1x 150 ng (Q)	Enterococcus_B lactis	u43191ctg_len-2589153_circular-yes_depth-23-23-23_duplicated-no	1125000	1150000	25000	34.880000	34.950000	32.160000	1.086754
R005bc2008.H09	complete.7	R005bc2008.H09_complete.7	NEB Q5 XT 1x 150 ng (Q)	Enterococcus_B lactis	u43191ctg_len-2589153_circular-yes_depth-23-23-23_duplicated-no	1150000	1175000	25000	39.004000	34.840000	32.160000	1.083333
R005bc2008.H09	complete.7	R005bc2008.H09_complete.7	NEB Q5 XT 1x 150 ng (Q)	Enterococcus_B lactis	u43191ctg_len-2589153_circular-yes_depth-23-23-23_duplicated-no	1175000	1200000	25000	39.948000	35.340000	32.160000	1.098881
R005bc2008.H09	complete.7	R005bc2008.H09_complete.7	NEB Q5 XT 1x 150 ng (Q)	Enterococcus_B lactis	u43191ctg_len-2589153_circular-yes_depth-23-23-23_duplicated-no	1200000	1225000	25000	40.000000	31.610000	32.160000	0.982898
R005bc2008.H09	complete.7	R005bc2008.H09_complete.7	NEB Q5 XT 1x 150 ng (Q)	Enterococcus_B lactis	u43191ctg_len-2589153_circular-yes_depth-23-23-23_duplicated-no	1225000	1250000	25000	40.696000	36.150000	32.160000	1.124067
R005bc2008.H09	complete.7	R005bc2008.H09_complete.7	NEB Q5 XT 1x 150 ng (Q)	Enterococcus_B lactis	u43191ctg_len-2589153_circular-yes_depth-23-23-23_duplicated-no	1250000	1275000	25000	41.200000	34.850000	32.160000	1.083644
R005bc2008.H09	complete.7	R005bc2008.H09_complete.7	NEB Q5 XT 1x 150 ng (Q)	Enterococcus_B lactis	u43191ctg_len-2589153_circular-yes_depth-23-23-23_duplicated-no	1275000	1300000	25000	37.840000	30.010000	32.160000	0.933147
R005bc2008.H09	complete.7	R005bc2008.H09_complete.7	NEB Q5 XT 1x 150 ng (Q)	Enterococcus_B lactis	u43191ctg_len-2589153_circular-yes_depth-23-23-23_duplicated-no	1300000	1325000	25000	38.740000	31.390000	32.160000	0.976057
R005bc2008.H09	complete.7	R005bc2008.H09_complete.7	NEB Q5 XT 1x 150 ng (Q)	Enterococcus_B lactis	u43191ctg_len-2589153_circular-yes_depth-23-23-23_duplicated-no	1325000	1350000	25000	39.348000	34.770000	32.160000	1.081157
R005bc2008.H09	complete.7	R005bc2008.H09_complete.7	NEB Q5 XT 1x 150 ng (Q)	Enterococcus_B lactis	u43191ctg_len-2589153_circular-yes_depth-23-23-23_duplicated-no	1350000	1375000	25000	39.020000	32.440000	32.160000	1.008706
R005bc2008.H09	complete.7	R005bc2008.H09_complete.7	NEB Q5 XT 1x 150 ng (Q)	Enterococcus_B lactis	u43191ctg_len-2589153_circular-yes_depth-23-23-23_duplicated-no	1375000	1400000	25000	38.512000	33.970000	32.160000	1.056281
R005bc2008.H09	complete.7	R005bc2008.H09_complete.7	NEB Q5 XT 1x 150 ng (Q)	Enterococcus_B lactis	u43191ctg_len-2589153_circular-yes_depth-23-23-23_duplicated-no	1400000	1425000	25000	37.536000	38.190000	32.160000	1.187500
R005bc2008.H09	complete.7	R005bc2008.H09_complete.7	NEB Q5 XT 1x 150 ng (Q)	Enterococcus_B lactis	u43191ctg_len-2589153_circular-yes_depth-23-23-23_duplicated-no	1425000	1450000	25000	38.380000	35.010000	32.160000	1.088619
R005bc2008.H09	complete.7	R005bc2008.H09_complete.7	NEB Q5 XT 1x 150 ng (Q)	Enterococcus_B lactis	u43191ctg_len-2589153_circular-yes_depth-23-23-23_duplicated-no	1450000	1475000	25000	38.196000	29.110000	32.160000	0.905162
R005bc2008.H09	complete.7	R005bc2008.H09_complete.7	NEB Q5 XT 1x 150 ng (Q)	Enterococcus_B lactis	u43191ctg_len-2589153_circular-yes_depth-23-23-23_duplicated-no	1475000	1500000	25000	38.188000	32.420000	32.160000	1.008085
R005bc2008.H09	complete.7	R005bc2008.H09_complete.7	NEB Q5 XT 1x 150 ng (Q)	Enterococcus_B lactis	u43191ctg_len-2589153_circular-yes_depth-23-23-23_duplicated-no	1500000	1525000	25000	38.372000	31.700000	32.160000	0.985697
R005bc2008.H09	complete.7	R005bc2008.H09_complete.7	NEB Q5 XT 1x 150 ng (Q)	Enterococcus_B lactis	u43191ctg_len-2589153_circular-yes_depth-23-23-23_duplicated-no	1525000	1550000	25000	38.352000	30.150000	32.160000	0.937500
R005bc2008.H09	complete.7	R005bc2008.H09_complete.7	NEB Q5 XT 1x 150 ng (Q)	Enterococcus_B lactis	u43191ctg_len-2589153_circular-yes_depth-23-23-23_duplicated-no	1550000	1575000	25000	38.324000	29.800000	32.160000	0.926617
R005bc2008.H09	complete.7	R005bc2008.H09_complete.7	NEB Q5 XT 1x 150 ng (Q)	Enterococcus_B lactis	u43191ctg_len-2589153_circular-yes_depth-23-23-23_duplicated-no	1575000	1600000	25000	37.948000	27.380000	32.160000	0.851368
R005bc2008.H09	complete.7	R005bc2008.H09_complete.7	NEB Q5 XT 1x 150 ng (Q)	Enterococcus_B lactis	u43191ctg_len-2589153_circular-yes_depth-23-23-23_duplicated-no	1600000	1625000	25000	39.228000	34.380000	32.160000	1.069030
R005bc2008.H09	complete.7	R005bc2008.H09_complete.7	NEB Q5 XT 1x 150 ng (Q)	Enterococcus_B lactis	u43191ctg_len-2589153_circular-yes_depth-23-23-23_duplicated-no	1625000	1650000	25000	38.972000	26.160000	32.160000	0.813433
R005bc2008.H09	complete.7	R005bc2008.H09_complete.7	NEB Q5 XT 1x 150 ng (Q)	Enterococcus_B lactis	u43191ctg_len-2589153_circular-yes_depth-23-23-23_duplicated-no	1650000	1675000	25000	38.232000	31.030000	32.160000	0.964863
R005bc2008.H09	complete.7	R005bc2008.H09_complete.7	NEB Q5 XT 1x 150 ng (Q)	Enterococcus_B lactis	u43191ctg_len-2589153_circular-yes_depth-23-23-23_duplicated-no	1675000	1700000	25000	37.160000	35.160000	32.160000	1.093284
R005bc2008.H09	complete.7	R005bc2008.H09_complete.7	NEB Q5 XT 1x 150 ng (Q)	Enterococcus_B lactis	u43191ctg_len-2589153_circular-yes_depth-23-23-23_duplicated-no	1700000	1725000	25000	38.856000	33.610000	32.160000	1.045087
R005bc2008.H09	complete.7	R005bc2008.H09_complete.7	NEB Q5 XT 1x 150 ng (Q)	Enterococcus_B lactis	u43191ctg_len-2589153_circular-yes_depth-23-23-23_duplicated-no	1725000	1750000	25000	38.760000	34.380000	32.160000	1.069030
R005bc2008.H09	complete.7	R005bc2008.H09_complete.7	NEB Q5 XT 1x 150 ng (Q)	Enterococcus_B lactis	u43191ctg_len-2589153_circular-yes_depth-23-23-23_duplicated-no	1750000	1775000	25000	37.984000	29.170000	32.160000	0.907027
R005bc2008.H09	complete.7	R005bc2008.H09_complete.7	NEB Q5 XT 1x 150 ng (Q)	Enterococcus_B lactis	u43191ctg_len-2589153_circular-yes_depth-23-23-23_duplicated-no	1775000	1800000	25000	34.988000	27.190000	32.160000	0.845460
R005bc2008.H09	complete.7	R005bc2008.H09_complete.7	NEB Q5 XT 1x 150 ng (Q)	Enterococcus_B lactis	u43191ctg_len-2589153_circular-yes_depth-23-23-23_duplicated-no	1800000	1825000	25000	36.436000	29.380000	32.160000	0.913557
R005bc2008.H09	complete.7	R005bc2008.H09_complete.7	NEB Q5 XT 1x 150 ng (Q)	Enterococcus_B lactis	u43191ctg_len-2589153_circular-yes_depth-23-23-23_duplicated-no	1825000	1850000	25000	39.268000	34.870000	32.160000	1.084266
R005bc2008.H09	complete.7	R005bc2008.H09_complete.7	NEB Q5 XT 1x 150 ng (Q)	Enterococcus_B lactis	u43191ctg_len-2589153_circular-yes_depth-23-23-23_duplicated-no	1850000	1875000	25000	38.880000	28.360000	32.160000	0.881841
R005bc2008.H09	complete.7	R005bc2008.H09_complete.7	NEB Q5 XT 1x 150 ng (Q)	Enterococcus_B lactis	u43191ctg_len-2589153_circular-yes_depth-23-23-23_duplicated-no	1875000	1900000	25000	40.276000	31.490000	32.160000	0.979167
R005bc2008.H09	complete.7	R005bc2008.H09_complete.7	NEB Q5 XT 1x 150 ng (Q)	Enterococcus_B lactis	u43191ctg_len-2589153_circular-yes_depth-23-23-23_duplicated-no	1900000	1925000	25000	38.540000	29.750000	32.160000	0.925062
R005bc2008.H09	complete.7	R005bc2008.H09_complete.7	NEB Q5 XT 1x 150 ng (Q)	Enterococcus_B lactis	u43191ctg_len-2589153_circular-yes_depth-23-23-23_duplicated-no	1925000	1950000	25000	38.764000	26.080000	32.160000	0.810945
R005bc2008.H09	complete.7	R005bc2008.H09_complete.7	NEB Q5 XT 1x 150 ng (Q)	Enterococcus_B lactis	u43191ctg_len-2589153_circular-yes_depth-23-23-23_duplicated-no	1950000	1975000	25000	38.232000	29.360000	32.160000	0.912935
R005bc2008.H09	complete.7	R005bc2008.H09_complete.7	NEB Q5 XT 1x 150 ng (Q)	Enterococcus_B lactis	u43191ctg_len-2589153_circular-yes_depth-23-23-23_duplicated-no	1975000	2000000	25000	38.216000	30.020000	32.160000	0.933458
R005bc2008.H09	complete.7	R005bc2008.H09_complete.7	NEB Q5 XT 1x 150 ng (Q)	Enterococcus_B lactis	u43191ctg_len-2589153_circular-yes_depth-23-23-23_duplicated-no	2000000	2025000	25000	38.372000	36.350000	32.160000	1.130286
R005bc2008.H09	complete.7	R005bc2008.H09_complete.7	NEB Q5 XT 1x 150 ng (Q)	Enterococcus_B lactis	u43191ctg_len-2589153_circular-yes_depth-23-23-23_duplicated-no	2025000	2050000	25000	39.876000	29.680000	32.160000	0.922886
R005bc2008.H09	complete.7	R005bc2008.H09_complete.7	NEB Q5 XT 1x 150 ng (Q)	Enterococcus_B lactis	u43191ctg_len-2589153_circular-yes_depth-23-23-23_duplicated-no	2050000	2075000	25000	39.292000	30.990000	32.160000	0.963619
R005bc2008.H09	complete.7	R005bc2008.H09_complete.7	NEB Q5 XT 1x 150 ng (Q)	Enterococcus_B lactis	u43191ctg_len-2589153_circular-yes_depth-23-23-23_duplicated-no	2075000	2100000	25000	38.064000	30.660000	32.160000	0.953358
R005bc2008.H09	complete.7	R005bc2008.H09_complete.7	NEB Q5 XT 1x 150 ng (Q)	Enterococcus_B lactis	u43191ctg_len-2589153_circular-yes_depth-23-23-23_duplicated-no	2100000	2125000	25000	37.196000	25.850000	32.160000	0.803794
R005bc2008.H09	complete.7	R005bc2008.H09_complete.7	NEB Q5 XT 1x 150 ng (Q)	Enterococcus_B lactis	u43191ctg_len-2589153_circular-yes_depth-23-23-23_duplicated-no	2125000	2150000	25000	39.080000	32.390000	32.160000	1.007152
R005bc2008.H09	complete.7	R005bc2008.H09_complete.7	NEB Q5 XT 1x 150 ng (Q)	Enterococcus_B lactis	u43191ctg_len-2589153_circular-yes_depth-23-23-23_duplicated-no	2150000	2175000	25000	38.776000	32.150000	32.160000	0.999689
R005bc2008.H09	complete.7	R005bc2008.H09_complete.7	NEB Q5 XT 1x 150 ng (Q)	Enterococcus_B lactis	u43191ctg_len-2589153_circular-yes_depth-23-23-23_duplicated-no	2175000	2200000	25000	39.368000	33.690000	32.160000	1.047575
R005bc2008.H09	complete.7	R005bc2008.H09_complete.7	NEB Q5 XT 1x 150 ng (Q)	Enterococcus_B lactis	u43191ctg_len-2589153_circular-yes_depth-23-23-23_duplicated-no	2200000	2225000	25000	37.584000	33.760000	32.160000	1.049751
R005bc2008.H09	complete.7	R005bc2008.H09_complete.7	NEB Q5 XT 1x 150 ng (Q)	Enterococcus_B lactis	u43191ctg_len-2589153_circular-yes_depth-23-23-23_duplicated-no	2225000	2250000	25000	37.156000	31.900000	32.160000	0.991915
R005bc2008.H09	complete.7	R005bc2008.H09_complete.7	NEB Q5 XT 1x 150 ng (Q)	Enterococcus_B lactis	u43191ctg_len-2589153_circular-yes_depth-23-23-23_duplicated-no	2250000	2275000	25000	37.476000	31.320000	32.160000	0.973881
R005bc2008.H09	complete.7	R005bc2008.H09_complete.7	NEB Q5 XT 1x 150 ng (Q)	Enterococcus_B lactis	u43191ctg_len-2589153_circular-yes_depth-23-23-23_duplicated-no	2275000	2300000	25000	37.280000	32.980000	32.160000	1.025498
R005bc2008.H09	complete.7	R005bc2008.H09_complete.7	NEB Q5 XT 1x 150 ng (Q)	Enterococcus_B lactis	u43191ctg_len-2589153_circular-yes_depth-23-23-23_duplicated-no	2300000	2325000	25000	37.304000	27.810000	32.160000	0.864739
R005bc2008.H09	complete.7	R005bc2008.H09_complete.7	NEB Q5 XT 1x 150 ng (Q)	Enterococcus_B lactis	u43191ctg_len-2589153_circular-yes_depth-23-23-23_duplicated-no	2325000	2350000	25000	36.384000	22.560000	32.160000	0.701493
R005bc2008.H09	complete.7	R005bc2008.H09_complete.7	NEB Q5 XT 1x 150 ng (Q)	Enterococcus_B lactis	u43191ctg_len-2589153_circular-yes_depth-23-23-23_duplicated-no	2350000	2375000	25000	34.640000	28.430000	32.160000	0.884017
R005bc2008.H09	complete.7	R005bc2008.H09_complete.7	NEB Q5 XT 1x 150 ng (Q)	Enterococcus_B lactis	u43191ctg_len-2589153_circular-yes_depth-23-23-23_duplicated-no	2375000	2400000	25000	39.608000	27.780000	32.160000	0.863806
R005bc2008.H09	complete.7	R005bc2008.H09_complete.7	NEB Q5 XT 1x 150 ng (Q)	Enterococcus_B lactis	u43191ctg_len-2589153_circular-yes_depth-23-23-23_duplicated-no	2400000	2425000	25000	39.600000	28.910000	32.160000	0.898943
R005bc2008.H09	complete.7	R005bc2008.H09_complete.7	NEB Q5 XT 1x 150 ng (Q)	Enterococcus_B lactis	u43191ctg_len-2589153_circular-yes_depth-23-23-23_duplicated-no	2425000	2450000	25000	40.076000	33.540000	32.160000	1.042910
R005bc2008.H09	complete.7	R005bc2008.H09_complete.7	NEB Q5 XT 1x 150 ng (Q)	Enterococcus_B lactis	u43191ctg_len-2589153_circular-yes_depth-23-23-23_duplicated-no	2450000	2475000	25000	38.860000	27.800000	32.160000	0.864428
R005bc2008.H09	complete.7	R005bc2008.H09_complete.7	NEB Q5 XT 1x 150 ng (Q)	Enterococcus_B lactis	u43191ctg_len-2589153_circular-yes_depth-23-23-23_duplicated-no	2475000	2500000	25000	38.704000	26.530000	32.160000	0.824938
R005bc2008.H09	complete.7	R005bc2008.H09_complete.7	NEB Q5 XT 1x 150 ng (Q)	Enterococcus_B lactis	u43191ctg_len-2589153_circular-yes_depth-23-23-23_duplicated-no	2500000	2525000	25000	33.792000	26.290000	32.160000	0.817475
R005bc2008.H09	complete.7	R005bc2008.H09_complete.7	NEB Q5 XT 1x 150 ng (Q)	Enterococcus_B lactis	u43191ctg_len-2589153_circular-yes_depth-23-23-23_duplicated-no	2525000	2550000	25000	39.428000	35.920000	32.160000	1.116915
R005bc2008.H09	complete.7	R005bc2008.H09_complete.7	NEB Q5 XT 1x 150 ng (Q)	Enterococcus_B lactis	u43191ctg_len-2589153_circular-yes_depth-23-23-23_duplicated-no	2550000	2575000	25000	38.664000	28.600000	32.160000	0.889303
R004bc2008.D09	metabat2.1	R004bc2008.D09_metabat2.1	Takara PrimeSTAR LongSeq 1x 150 ng	Pseudomonas aeruginosa	u2368ctg_len-2216463_circular-no_depth-19-19-19_duplicated-no	0	25000	25000	61.076000	21.830000	22.525000	0.969145
R004bc2008.D09	metabat2.1	R004bc2008.D09_metabat2.1	Takara PrimeSTAR LongSeq 1x 150 ng	Pseudomonas aeruginosa	u2368ctg_len-2216463_circular-no_depth-19-19-19_duplicated-no	25000	50000	25000	63.560000	29.660000	22.525000	1.316759
R004bc2008.D09	metabat2.1	R004bc2008.D09_metabat2.1	Takara PrimeSTAR LongSeq 1x 150 ng	Pseudomonas aeruginosa	u2368ctg_len-2216463_circular-no_depth-19-19-19_duplicated-no	50000	75000	25000	65.376000	31.450000	22.525000	1.396226
R004bc2008.D09	metabat2.1	R004bc2008.D09_metabat2.1	Takara PrimeSTAR LongSeq 1x 150 ng	Pseudomonas aeruginosa	u2368ctg_len-2216463_circular-no_depth-19-19-19_duplicated-no	75000	100000	25000	64.772000	31.190000	22.525000	1.384684
R004bc2008.D09	metabat2.1	R004bc2008.D09_metabat2.1	Takara PrimeSTAR LongSeq 1x 150 ng	Pseudomonas aeruginosa	u2368ctg_len-2216463_circular-no_depth-19-19-19_duplicated-no	100000	125000	25000	66.260000	34.570000	22.525000	1.534739
R004bc2008.D09	metabat2.1	R004bc2008.D09_metabat2.1	Takara PrimeSTAR LongSeq 1x 150 ng	Pseudomonas aeruginosa	u2368ctg_len-2216463_circular-no_depth-19-19-19_duplicated-no	125000	150000	25000	67.472000	25.620000	22.525000	1.137403
R004bc2008.D09	metabat2.1	R004bc2008.D09_metabat2.1	Takara PrimeSTAR LongSeq 1x 150 ng	Pseudomonas aeruginosa	u2368ctg_len-2216463_circular-no_depth-19-19-19_duplicated-no	150000	175000	25000	66.664000	27.760000	22.525000	1.232408
R004bc2008.D09	metabat2.1	R004bc2008.D09_metabat2.1	Takara PrimeSTAR LongSeq 1x 150 ng	Pseudomonas aeruginosa	u2368ctg_len-2216463_circular-no_depth-19-19-19_duplicated-no	175000	200000	25000	67.072000	28.660000	22.525000	1.272364
R004bc2008.D09	metabat2.1	R004bc2008.D09_metabat2.1	Takara PrimeSTAR LongSeq 1x 150 ng	Pseudomonas aeruginosa	u2368ctg_len-2216463_circular-no_depth-19-19-19_duplicated-no	200000	225000	25000	67.916000	27.250000	22.525000	1.209767
R004bc2008.D09	metabat2.1	R004bc2008.D09_metabat2.1	Takara PrimeSTAR LongSeq 1x 150 ng	Pseudomonas aeruginosa	u2368ctg_len-2216463_circular-no_depth-19-19-19_duplicated-no	225000	250000	25000	66.888000	27.960000	22.525000	1.241287
R004bc2008.D09	metabat2.1	R004bc2008.D09_metabat2.1	Takara PrimeSTAR LongSeq 1x 150 ng	Pseudomonas aeruginosa	u2368ctg_len-2216463_circular-no_depth-19-19-19_duplicated-no	250000	275000	25000	67.592000	24.100000	22.525000	1.069922
R004bc2008.D09	metabat2.1	R004bc2008.D09_metabat2.1	Takara PrimeSTAR LongSeq 1x 150 ng	Pseudomonas aeruginosa	u2368ctg_len-2216463_circular-no_depth-19-19-19_duplicated-no	275000	300000	25000	66.836000	23.820000	22.525000	1.057492
R004bc2008.D09	metabat2.1	R004bc2008.D09_metabat2.1	Takara PrimeSTAR LongSeq 1x 150 ng	Pseudomonas aeruginosa	u2368ctg_len-2216463_circular-no_depth-19-19-19_duplicated-no	300000	325000	25000	67.768000	23.280000	22.525000	1.033518
R004bc2008.D09	metabat2.1	R004bc2008.D09_metabat2.1	Takara PrimeSTAR LongSeq 1x 150 ng	Pseudomonas aeruginosa	u2368ctg_len-2216463_circular-no_depth-19-19-19_duplicated-no	325000	350000	25000	67.848000	29.290000	22.525000	1.300333
R004bc2008.D09	metabat2.1	R004bc2008.D09_metabat2.1	Takara PrimeSTAR LongSeq 1x 150 ng	Pseudomonas aeruginosa	u2368ctg_len-2216463_circular-no_depth-19-19-19_duplicated-no	350000	375000	25000	66.612000	32.130000	22.525000	1.426415
R004bc2008.D09	metabat2.1	R004bc2008.D09_metabat2.1	Takara PrimeSTAR LongSeq 1x 150 ng	Pseudomonas aeruginosa	u2368ctg_len-2216463_circular-no_depth-19-19-19_duplicated-no	375000	400000	25000	65.636000	27.110000	22.525000	1.203552
R004bc2008.D09	metabat2.1	R004bc2008.D09_metabat2.1	Takara PrimeSTAR LongSeq 1x 150 ng	Pseudomonas aeruginosa	u2368ctg_len-2216463_circular-no_depth-19-19-19_duplicated-no	400000	425000	25000	67.488000	34.370000	22.525000	1.525860
R004bc2008.D09	metabat2.1	R004bc2008.D09_metabat2.1	Takara PrimeSTAR LongSeq 1x 150 ng	Pseudomonas aeruginosa	u2368ctg_len-2216463_circular-no_depth-19-19-19_duplicated-no	425000	450000	25000	65.152000	26.030000	22.525000	1.155605
R004bc2008.D09	metabat2.1	R004bc2008.D09_metabat2.1	Takara PrimeSTAR LongSeq 1x 150 ng	Pseudomonas aeruginosa	u2368ctg_len-2216463_circular-no_depth-19-19-19_duplicated-no	450000	475000	25000	68.472000	28.180000	22.525000	1.251054
R004bc2008.D09	metabat2.1	R004bc2008.D09_metabat2.1	Takara PrimeSTAR LongSeq 1x 150 ng	Pseudomonas aeruginosa	u2368ctg_len-2216463_circular-no_depth-19-19-19_duplicated-no	475000	500000	25000	68.620000	33.010000	22.525000	1.465483
R004bc2008.D09	metabat2.1	R004bc2008.D09_metabat2.1	Takara PrimeSTAR LongSeq 1x 150 ng	Pseudomonas aeruginosa	u2368ctg_len-2216463_circular-no_depth-19-19-19_duplicated-no	500000	525000	25000	67.644000	28.850000	22.525000	1.280799
R004bc2008.D09	metabat2.1	R004bc2008.D09_metabat2.1	Takara PrimeSTAR LongSeq 1x 150 ng	Pseudomonas aeruginosa	u2368ctg_len-2216463_circular-no_depth-19-19-19_duplicated-no	525000	550000	25000	67.420000	26.580000	22.525000	1.180022
R004bc2008.D09	metabat2.1	R004bc2008.D09_metabat2.1	Takara PrimeSTAR LongSeq 1x 150 ng	Pseudomonas aeruginosa	u2368ctg_len-2216463_circular-no_depth-19-19-19_duplicated-no	550000	575000	25000	68.708000	28.870000	22.525000	1.281687
R004bc2008.D09	metabat2.1	R004bc2008.D09_metabat2.1	Takara PrimeSTAR LongSeq 1x 150 ng	Pseudomonas aeruginosa	u2368ctg_len-2216463_circular-no_depth-19-19-19_duplicated-no	575000	600000	25000	66.500000	28.670000	22.525000	1.272808
R004bc2008.D09	metabat2.1	R004bc2008.D09_metabat2.1	Takara PrimeSTAR LongSeq 1x 150 ng	Pseudomonas aeruginosa	u2368ctg_len-2216463_circular-no_depth-19-19-19_duplicated-no	600000	625000	25000	67.020000	32.250000	22.525000	1.431743
R004bc2008.D09	metabat2.1	R004bc2008.D09_metabat2.1	Takara PrimeSTAR LongSeq 1x 150 ng	Pseudomonas aeruginosa	u2368ctg_len-2216463_circular-no_depth-19-19-19_duplicated-no	625000	650000	25000	69.352000	30.160000	22.525000	1.338957
R004bc2008.D09	metabat2.1	R004bc2008.D09_metabat2.1	Takara PrimeSTAR LongSeq 1x 150 ng	Pseudomonas aeruginosa	u2368ctg_len-2216463_circular-no_depth-19-19-19_duplicated-no	650000	675000	25000	66.020000	28.700000	22.525000	1.274140
R004bc2008.D09	metabat2.1	R004bc2008.D09_metabat2.1	Takara PrimeSTAR LongSeq 1x 150 ng	Pseudomonas aeruginosa	u2368ctg_len-2216463_circular-no_depth-19-19-19_duplicated-no	675000	700000	25000	67.168000	25.720000	22.525000	1.141842
R004bc2008.D09	metabat2.1	R004bc2008.D09_metabat2.1	Takara PrimeSTAR LongSeq 1x 150 ng	Pseudomonas aeruginosa	u2368ctg_len-2216463_circular-no_depth-19-19-19_duplicated-no	700000	725000	25000	66.140000	29.780000	22.525000	1.322087
R004bc2008.D09	metabat2.1	R004bc2008.D09_metabat2.1	Takara PrimeSTAR LongSeq 1x 150 ng	Pseudomonas aeruginosa	u2368ctg_len-2216463_circular-no_depth-19-19-19_duplicated-no	725000	750000	25000	62.332000	35.940000	22.525000	1.595560
R004bc2008.D09	metabat2.1	R004bc2008.D09_metabat2.1	Takara PrimeSTAR LongSeq 1x 150 ng	Pseudomonas aeruginosa	u2368ctg_len-2216463_circular-no_depth-19-19-19_duplicated-no	750000	775000	25000	65.964000	34.950000	22.525000	1.551609
R004bc2008.D09	metabat2.1	R004bc2008.D09_metabat2.1	Takara PrimeSTAR LongSeq 1x 150 ng	Pseudomonas aeruginosa	u2368ctg_len-2216463_circular-no_depth-19-19-19_duplicated-no	775000	800000	25000	66.812000	29.400000	22.525000	1.305216
R004bc2008.D09	metabat2.1	R004bc2008.D09_metabat2.1	Takara PrimeSTAR LongSeq 1x 150 ng	Pseudomonas aeruginosa	u2368ctg_len-2216463_circular-no_depth-19-19-19_duplicated-no	800000	825000	25000	65.856000	31.820000	22.525000	1.412653
R004bc2008.D09	metabat2.1	R004bc2008.D09_metabat2.1	Takara PrimeSTAR LongSeq 1x 150 ng	Pseudomonas aeruginosa	u2368ctg_len-2216463_circular-no_depth-19-19-19_duplicated-no	825000	850000	25000	67.224000	30.780000	22.525000	1.366482
R004bc2008.D09	metabat2.1	R004bc2008.D09_metabat2.1	Takara PrimeSTAR LongSeq 1x 150 ng	Pseudomonas aeruginosa	u2368ctg_len-2216463_circular-no_depth-19-19-19_duplicated-no	850000	875000	25000	66.740000	33.560000	22.525000	1.489900
R004bc2008.D09	metabat2.1	R004bc2008.D09_metabat2.1	Takara PrimeSTAR LongSeq 1x 150 ng	Pseudomonas aeruginosa	u2368ctg_len-2216463_circular-no_depth-19-19-19_duplicated-no	875000	900000	25000	68.016000	26.620000	22.525000	1.181798
R004bc2008.D09	metabat2.1	R004bc2008.D09_metabat2.1	Takara PrimeSTAR LongSeq 1x 150 ng	Pseudomonas aeruginosa	u2368ctg_len-2216463_circular-no_depth-19-19-19_duplicated-no	900000	925000	25000	66.908000	32.330000	22.525000	1.435294
R004bc2008.D09	metabat2.1	R004bc2008.D09_metabat2.1	Takara PrimeSTAR LongSeq 1x 150 ng	Pseudomonas aeruginosa	u2368ctg_len-2216463_circular-no_depth-19-19-19_duplicated-no	925000	950000	25000	66.652000	31.160000	22.525000	1.383352
R004bc2008.D09	metabat2.1	R004bc2008.D09_metabat2.1	Takara PrimeSTAR LongSeq 1x 150 ng	Pseudomonas aeruginosa	u2368ctg_len-2216463_circular-no_depth-19-19-19_duplicated-no	950000	975000	25000	64.176000	28.210000	22.525000	1.252386
R004bc2008.D09	metabat2.1	R004bc2008.D09_metabat2.1	Takara PrimeSTAR LongSeq 1x 150 ng	Pseudomonas aeruginosa	u2368ctg_len-2216463_circular-no_depth-19-19-19_duplicated-no	975000	1000000	25000	66.444000	28.810000	22.525000	1.279023
R004bc2008.D09	metabat2.1	R004bc2008.D09_metabat2.1	Takara PrimeSTAR LongSeq 1x 150 ng	Pseudomonas aeruginosa	u2368ctg_len-2216463_circular-no_depth-19-19-19_duplicated-no	1000000	1025000	25000	66.576000	29.060000	22.525000	1.290122
R004bc2008.D09	metabat2.1	R004bc2008.D09_metabat2.1	Takara PrimeSTAR LongSeq 1x 150 ng	Pseudomonas aeruginosa	u2368ctg_len-2216463_circular-no_depth-19-19-19_duplicated-no	1025000	1050000	25000	66.644000	31.150000	22.525000	1.382908
R004bc2008.D09	metabat2.1	R004bc2008.D09_metabat2.1	Takara PrimeSTAR LongSeq 1x 150 ng	Pseudomonas aeruginosa	u2368ctg_len-2216463_circular-no_depth-19-19-19_duplicated-no	1050000	1075000	25000	65.644000	27.880000	22.525000	1.237736
R004bc2008.D09	metabat2.1	R004bc2008.D09_metabat2.1	Takara PrimeSTAR LongSeq 1x 150 ng	Pseudomonas aeruginosa	u2368ctg_len-2216463_circular-no_depth-19-19-19_duplicated-no	1075000	1100000	25000	65.076000	32.090000	22.525000	1.424639
R004bc2008.D09	metabat2.1	R004bc2008.D09_metabat2.1	Takara PrimeSTAR LongSeq 1x 150 ng	Pseudomonas aeruginosa	u2368ctg_len-2216463_circular-no_depth-19-19-19_duplicated-no	1100000	1125000	25000	67.340000	25.140000	22.525000	1.116093
R004bc2008.D09	metabat2.1	R004bc2008.D09_metabat2.1	Takara PrimeSTAR LongSeq 1x 150 ng	Pseudomonas aeruginosa	u2368ctg_len-2216463_circular-no_depth-19-19-19_duplicated-no	1125000	1150000	25000	67.144000	23.770000	22.525000	1.055272
R004bc2008.D09	metabat2.1	R004bc2008.D09_metabat2.1	Takara PrimeSTAR LongSeq 1x 150 ng	Pseudomonas aeruginosa	u2368ctg_len-2216463_circular-no_depth-19-19-19_duplicated-no	1150000	1175000	25000	66.004000	25.910000	22.525000	1.150277
R004bc2008.D09	metabat2.1	R004bc2008.D09_metabat2.1	Takara PrimeSTAR LongSeq 1x 150 ng	Pseudomonas aeruginosa	u2368ctg_len-2216463_circular-no_depth-19-19-19_duplicated-no	1175000	1200000	25000	66.560000	30.630000	22.525000	1.359822
R004bc2008.D09	metabat2.1	R004bc2008.D09_metabat2.1	Takara PrimeSTAR LongSeq 1x 150 ng	Pseudomonas aeruginosa	u2368ctg_len-2216463_circular-no_depth-19-19-19_duplicated-no	1200000	1225000	25000	67.288000	28.330000	22.525000	1.257714
R004bc2008.D09	metabat2.1	R004bc2008.D09_metabat2.1	Takara PrimeSTAR LongSeq 1x 150 ng	Pseudomonas aeruginosa	u2368ctg_len-2216463_circular-no_depth-19-19-19_duplicated-no	1225000	1250000	25000	67.164000	28.730000	22.525000	1.275472
R004bc2008.D09	metabat2.1	R004bc2008.D09_metabat2.1	Takara PrimeSTAR LongSeq 1x 150 ng	Pseudomonas aeruginosa	u2368ctg_len-2216463_circular-no_depth-19-19-19_duplicated-no	1250000	1275000	25000	66.132000	28.390000	22.525000	1.260377
R004bc2008.D09	metabat2.1	R004bc2008.D09_metabat2.1	Takara PrimeSTAR LongSeq 1x 150 ng	Pseudomonas aeruginosa	u2368ctg_len-2216463_circular-no_depth-19-19-19_duplicated-no	1275000	1300000	25000	66.152000	27.710000	22.525000	1.230189
R004bc2008.D09	metabat2.1	R004bc2008.D09_metabat2.1	Takara PrimeSTAR LongSeq 1x 150 ng	Pseudomonas aeruginosa	u2368ctg_len-2216463_circular-no_depth-19-19-19_duplicated-no	1300000	1325000	25000	65.240000	31.660000	22.525000	1.405549
R004bc2008.D09	metabat2.1	R004bc2008.D09_metabat2.1	Takara PrimeSTAR LongSeq 1x 150 ng	Pseudomonas aeruginosa	u2368ctg_len-2216463_circular-no_depth-19-19-19_duplicated-no	1325000	1350000	25000	66.884000	32.320000	22.525000	1.434850
R004bc2008.D09	metabat2.1	R004bc2008.D09_metabat2.1	Takara PrimeSTAR LongSeq 1x 150 ng	Pseudomonas aeruginosa	u2368ctg_len-2216463_circular-no_depth-19-19-19_duplicated-no	1350000	1375000	25000	66.524000	27.490000	22.525000	1.220422
R004bc2008.D09	metabat2.1	R004bc2008.D09_metabat2.1	Takara PrimeSTAR LongSeq 1x 150 ng	Pseudomonas aeruginosa	u2368ctg_len-2216463_circular-no_depth-19-19-19_duplicated-no	1375000	1400000	25000	67.712000	27.330000	22.525000	1.213319
R004bc2008.D09	metabat2.1	R004bc2008.D09_metabat2.1	Takara PrimeSTAR LongSeq 1x 150 ng	Pseudomonas aeruginosa	u2368ctg_len-2216463_circular-no_depth-19-19-19_duplicated-no	1400000	1425000	25000	67.840000	27.150000	22.525000	1.205327
R004bc2008.D09	metabat2.1	R004bc2008.D09_metabat2.1	Takara PrimeSTAR LongSeq 1x 150 ng	Pseudomonas aeruginosa	u2368ctg_len-2216463_circular-no_depth-19-19-19_duplicated-no	1425000	1450000	25000	66.872000	22.460000	22.525000	0.997114
R004bc2008.D09	metabat2.1	R004bc2008.D09_metabat2.1	Takara PrimeSTAR LongSeq 1x 150 ng	Pseudomonas aeruginosa	u2368ctg_len-2216463_circular-no_depth-19-19-19_duplicated-no	1450000	1475000	25000	66.612000	25.770000	22.525000	1.144062
R004bc2008.D09	metabat2.1	R004bc2008.D09_metabat2.1	Takara PrimeSTAR LongSeq 1x 150 ng	Pseudomonas aeruginosa	u2368ctg_len-2216463_circular-no_depth-19-19-19_duplicated-no	1475000	1500000	25000	67.276000	40.140000	22.525000	1.782020
R004bc2008.D09	metabat2.1	R004bc2008.D09_metabat2.1	Takara PrimeSTAR LongSeq 1x 150 ng	Pseudomonas aeruginosa	u2368ctg_len-2216463_circular-no_depth-19-19-19_duplicated-no	1500000	1525000	25000	67.900000	26.170000	22.525000	1.161820
R004bc2008.D09	metabat2.1	R004bc2008.D09_metabat2.1	Takara PrimeSTAR LongSeq 1x 150 ng	Pseudomonas aeruginosa	u2368ctg_len-2216463_circular-no_depth-19-19-19_duplicated-no	1525000	1550000	25000	67.908000	25.060000	22.525000	1.112542
R004bc2008.D09	metabat2.1	R004bc2008.D09_metabat2.1	Takara PrimeSTAR LongSeq 1x 150 ng	Pseudomonas aeruginosa	u2368ctg_len-2216463_circular-no_depth-19-19-19_duplicated-no	1550000	1575000	25000	67.368000	24.530000	22.525000	1.089012
R004bc2008.D09	metabat2.1	R004bc2008.D09_metabat2.1	Takara PrimeSTAR LongSeq 1x 150 ng	Pseudomonas aeruginosa	u2368ctg_len-2216463_circular-no_depth-19-19-19_duplicated-no	1575000	1600000	25000	68.860000	22.680000	22.525000	1.006881
R004bc2008.D09	metabat2.1	R004bc2008.D09_metabat2.1	Takara PrimeSTAR LongSeq 1x 150 ng	Pseudomonas aeruginosa	u2368ctg_len-2216463_circular-no_depth-19-19-19_duplicated-no	1600000	1625000	25000	68.448000	21.400000	22.525000	0.950055
R004bc2008.D09	metabat2.1	R004bc2008.D09_metabat2.1	Takara PrimeSTAR LongSeq 1x 150 ng	Pseudomonas aeruginosa	u2368ctg_len-2216463_circular-no_depth-19-19-19_duplicated-no	1625000	1650000	25000	66.756000	23.170000	22.525000	1.028635
R004bc2008.D09	metabat2.1	R004bc2008.D09_metabat2.1	Takara PrimeSTAR LongSeq 1x 150 ng	Pseudomonas aeruginosa	u2368ctg_len-2216463_circular-no_depth-19-19-19_duplicated-no	1650000	1675000	25000	63.460000	27.940000	22.525000	1.240400
R004bc2008.D09	metabat2.1	R004bc2008.D09_metabat2.1	Takara PrimeSTAR LongSeq 1x 150 ng	Pseudomonas aeruginosa	u2368ctg_len-2216463_circular-no_depth-19-19-19_duplicated-no	1675000	1700000	25000	66.332000	28.080000	22.525000	1.246615
R004bc2008.D09	metabat2.1	R004bc2008.D09_metabat2.1	Takara PrimeSTAR LongSeq 1x 150 ng	Pseudomonas aeruginosa	u2368ctg_len-2216463_circular-no_depth-19-19-19_duplicated-no	1700000	1725000	25000	64.692000	25.820000	22.525000	1.146282
R004bc2008.D09	metabat2.1	R004bc2008.D09_metabat2.1	Takara PrimeSTAR LongSeq 1x 150 ng	Pseudomonas aeruginosa	u2368ctg_len-2216463_circular-no_depth-19-19-19_duplicated-no	1725000	1750000	25000	63.056000	32.340000	22.525000	1.435738
R004bc2008.D09	metabat2.1	R004bc2008.D09_metabat2.1	Takara PrimeSTAR LongSeq 1x 150 ng	Pseudomonas aeruginosa	u2368ctg_len-2216463_circular-no_depth-19-19-19_duplicated-no	1750000	1775000	25000	60.404000	26.160000	22.525000	1.161376
R004bc2008.D09	metabat2.1	R004bc2008.D09_metabat2.1	Takara PrimeSTAR LongSeq 1x 150 ng	Pseudomonas aeruginosa	u2368ctg_len-2216463_circular-no_depth-19-19-19_duplicated-no	1775000	1800000	25000	66.464000	23.570000	22.525000	1.046393
R004bc2008.D09	metabat2.1	R004bc2008.D09_metabat2.1	Takara PrimeSTAR LongSeq 1x 150 ng	Pseudomonas aeruginosa	u2368ctg_len-2216463_circular-no_depth-19-19-19_duplicated-no	1800000	1825000	25000	65.816000	25.290000	22.525000	1.122752
R004bc2008.D09	metabat2.1	R004bc2008.D09_metabat2.1	Takara PrimeSTAR LongSeq 1x 150 ng	Pseudomonas aeruginosa	u2368ctg_len-2216463_circular-no_depth-19-19-19_duplicated-no	1825000	1850000	25000	66.384000	24.410000	22.525000	1.083685
R004bc2008.D09	metabat2.1	R004bc2008.D09_metabat2.1	Takara PrimeSTAR LongSeq 1x 150 ng	Pseudomonas aeruginosa	u2368ctg_len-2216463_circular-no_depth-19-19-19_duplicated-no	1850000	1875000	25000	66.672000	28.300000	22.525000	1.256382
R004bc2008.D09	metabat2.1	R004bc2008.D09_metabat2.1	Takara PrimeSTAR LongSeq 1x 150 ng	Pseudomonas aeruginosa	u2368ctg_len-2216463_circular-no_depth-19-19-19_duplicated-no	1875000	1900000	25000	65.356000	24.620000	22.525000	1.093008
R004bc2008.D09	metabat2.1	R004bc2008.D09_metabat2.1	Takara PrimeSTAR LongSeq 1x 150 ng	Pseudomonas aeruginosa	u2368ctg_len-2216463_circular-no_depth-19-19-19_duplicated-no	1900000	1925000	25000	64.844000	24.670000	22.525000	1.095228
R004bc2008.D09	metabat2.1	R004bc2008.D09_metabat2.1	Takara PrimeSTAR LongSeq 1x 150 ng	Pseudomonas aeruginosa	u2368ctg_len-2216463_circular-no_depth-19-19-19_duplicated-no	1925000	1950000	25000	63.716000	22.540000	22.525000	1.000666
R004bc2008.D09	metabat2.1	R004bc2008.D09_metabat2.1	Takara PrimeSTAR LongSeq 1x 150 ng	Pseudomonas aeruginosa	u2368ctg_len-2216463_circular-no_depth-19-19-19_duplicated-no	1950000	1975000	25000	65.780000	24.660000	22.525000	1.094784
R004bc2008.D09	metabat2.1	R004bc2008.D09_metabat2.1	Takara PrimeSTAR LongSeq 1x 150 ng	Pseudomonas aeruginosa	u2368ctg_len-2216463_circular-no_depth-19-19-19_duplicated-no	1975000	2000000	25000	67.344000	24.370000	22.525000	1.081909
R004bc2008.D09	metabat2.1	R004bc2008.D09_metabat2.1	Takara PrimeSTAR LongSeq 1x 150 ng	Pseudomonas aeruginosa	u2368ctg_len-2216463_circular-no_depth-19-19-19_duplicated-no	2000000	2025000	25000	64.788000	20.710000	22.525000	0.919423
R004bc2008.D09	metabat2.1	R004bc2008.D09_metabat2.1	Takara PrimeSTAR LongSeq 1x 150 ng	Pseudomonas aeruginosa	u2368ctg_len-2216463_circular-no_depth-19-19-19_duplicated-no	2025000	2050000	25000	63.772000	24.390000	22.525000	1.082797
R004bc2008.D09	metabat2.1	R004bc2008.D09_metabat2.1	Takara PrimeSTAR LongSeq 1x 150 ng	Pseudomonas aeruginosa	u2368ctg_len-2216463_circular-no_depth-19-19-19_duplicated-no	2050000	2075000	25000	65.912000	28.540000	22.525000	1.267037
R004bc2008.D09	metabat2.1	R004bc2008.D09_metabat2.1	Takara PrimeSTAR LongSeq 1x 150 ng	Pseudomonas aeruginosa	u2368ctg_len-2216463_circular-no_depth-19-19-19_duplicated-no	2075000	2100000	25000	65.256000	25.050000	22.525000	1.112098
R004bc2008.D09	metabat2.1	R004bc2008.D09_metabat2.1	Takara PrimeSTAR LongSeq 1x 150 ng	Pseudomonas aeruginosa	u2368ctg_len-2216463_circular-no_depth-19-19-19_duplicated-no	2100000	2125000	25000	67.504000	25.260000	22.525000	1.121421
R004bc2008.D09	metabat2.1	R004bc2008.D09_metabat2.1	Takara PrimeSTAR LongSeq 1x 150 ng	Pseudomonas aeruginosa	u2368ctg_len-2216463_circular-no_depth-19-19-19_duplicated-no	2125000	2150000	25000	68.456000	24.220000	22.525000	1.075250
R004bc2008.D09	metabat2.1	R004bc2008.D09_metabat2.1	Takara PrimeSTAR LongSeq 1x 150 ng	Pseudomonas aeruginosa	u2368ctg_len-2216463_circular-no_depth-19-19-19_duplicated-no	2150000	2175000	25000	65.948000	21.600000	22.525000	0.958935
R004bc2008.D09	metabat2.1	R004bc2008.D09_metabat2.1	Takara PrimeSTAR LongSeq 1x 150 ng	Pseudomonas aeruginosa	u2368ctg_len-2216463_circular-no_depth-19-19-19_duplicated-no	2175000	2200000	25000	67.608000	22.160000	22.525000	0.983796
R004bc2008.D09	metabat2.1	R004bc2008.D09_metabat2.1	Takara PrimeSTAR LongSeq 1x 150 ng	Pseudomonas aeruginosa	u3357ctg_len-4070619_circular-no_depth-13-13-13_duplicated-no	0	25000	25000	58.984000	26.970000	22.525000	1.197336
R004bc2008.D09	metabat2.1	R004bc2008.D09_metabat2.1	Takara PrimeSTAR LongSeq 1x 150 ng	Pseudomonas aeruginosa	u3357ctg_len-4070619_circular-no_depth-13-13-13_duplicated-no	25000	50000	25000	62.048000	34.420000	22.525000	1.528080
R004bc2008.D09	metabat2.1	R004bc2008.D09_metabat2.1	Takara PrimeSTAR LongSeq 1x 150 ng	Pseudomonas aeruginosa	u3357ctg_len-4070619_circular-no_depth-13-13-13_duplicated-no	50000	75000	25000	71.388000	25.800000	22.525000	1.145394
R004bc2008.D09	metabat2.1	R004bc2008.D09_metabat2.1	Takara PrimeSTAR LongSeq 1x 150 ng	Pseudomonas aeruginosa	u3357ctg_len-4070619_circular-no_depth-13-13-13_duplicated-no	75000	100000	25000	68.320000	26.470000	22.525000	1.175139
R004bc2008.D09	metabat2.1	R004bc2008.D09_metabat2.1	Takara PrimeSTAR LongSeq 1x 150 ng	Pseudomonas aeruginosa	u3357ctg_len-4070619_circular-no_depth-13-13-13_duplicated-no	100000	125000	25000	67.708000	21.720000	22.525000	0.964262
R004bc2008.D09	metabat2.1	R004bc2008.D09_metabat2.1	Takara PrimeSTAR LongSeq 1x 150 ng	Pseudomonas aeruginosa	u3357ctg_len-4070619_circular-no_depth-13-13-13_duplicated-no	125000	150000	25000	68.764000	22.330000	22.525000	0.991343
R004bc2008.D09	metabat2.1	R004bc2008.D09_metabat2.1	Takara PrimeSTAR LongSeq 1x 150 ng	Pseudomonas aeruginosa	u3357ctg_len-4070619_circular-no_depth-13-13-13_duplicated-no	150000	175000	25000	67.608000	24.190000	22.525000	1.073918
R004bc2008.D09	metabat2.1	R004bc2008.D09_metabat2.1	Takara PrimeSTAR LongSeq 1x 150 ng	Pseudomonas aeruginosa	u3357ctg_len-4070619_circular-no_depth-13-13-13_duplicated-no	175000	200000	25000	68.328000	26.610000	22.525000	1.181354
R004bc2008.D09	metabat2.1	R004bc2008.D09_metabat2.1	Takara PrimeSTAR LongSeq 1x 150 ng	Pseudomonas aeruginosa	u3357ctg_len-4070619_circular-no_depth-13-13-13_duplicated-no	200000	225000	25000	67.508000	24.260000	22.525000	1.077026
R004bc2008.D09	metabat2.1	R004bc2008.D09_metabat2.1	Takara PrimeSTAR LongSeq 1x 150 ng	Pseudomonas aeruginosa	u3357ctg_len-4070619_circular-no_depth-13-13-13_duplicated-no	225000	250000	25000	67.228000	28.250000	22.525000	1.254162
R004bc2008.D09	metabat2.1	R004bc2008.D09_metabat2.1	Takara PrimeSTAR LongSeq 1x 150 ng	Pseudomonas aeruginosa	u3357ctg_len-4070619_circular-no_depth-13-13-13_duplicated-no	250000	275000	25000	67.704000	22.840000	22.525000	1.013984
R004bc2008.D09	metabat2.1	R004bc2008.D09_metabat2.1	Takara PrimeSTAR LongSeq 1x 150 ng	Pseudomonas aeruginosa	u3357ctg_len-4070619_circular-no_depth-13-13-13_duplicated-no	275000	300000	25000	68.120000	23.580000	22.525000	1.046837
R004bc2008.D09	metabat2.1	R004bc2008.D09_metabat2.1	Takara PrimeSTAR LongSeq 1x 150 ng	Pseudomonas aeruginosa	u3357ctg_len-4070619_circular-no_depth-13-13-13_duplicated-no	300000	325000	25000	67.184000	29.380000	22.525000	1.304329
R004bc2008.D09	metabat2.1	R004bc2008.D09_metabat2.1	Takara PrimeSTAR LongSeq 1x 150 ng	Pseudomonas aeruginosa	u3357ctg_len-4070619_circular-no_depth-13-13-13_duplicated-no	325000	350000	25000	67.388000	24.650000	22.525000	1.094340
R004bc2008.D09	metabat2.1	R004bc2008.D09_metabat2.1	Takara PrimeSTAR LongSeq 1x 150 ng	Pseudomonas aeruginosa	u3357ctg_len-4070619_circular-no_depth-13-13-13_duplicated-no	350000	375000	25000	67.492000	24.230000	22.525000	1.075694
R004bc2008.D09	metabat2.1	R004bc2008.D09_metabat2.1	Takara PrimeSTAR LongSeq 1x 150 ng	Pseudomonas aeruginosa	u3357ctg_len-4070619_circular-no_depth-13-13-13_duplicated-no	375000	400000	25000	66.464000	27.730000	22.525000	1.231077
R004bc2008.D09	metabat2.1	R004bc2008.D09_metabat2.1	Takara PrimeSTAR LongSeq 1x 150 ng	Pseudomonas aeruginosa	u3357ctg_len-4070619_circular-no_depth-13-13-13_duplicated-no	400000	425000	25000	68.564000	27.350000	22.525000	1.214206
R004bc2008.D09	metabat2.1	R004bc2008.D09_metabat2.1	Takara PrimeSTAR LongSeq 1x 150 ng	Pseudomonas aeruginosa	u3357ctg_len-4070619_circular-no_depth-13-13-13_duplicated-no	425000	450000	25000	68.144000	20.110000	22.525000	0.892786
R004bc2008.D09	metabat2.1	R004bc2008.D09_metabat2.1	Takara PrimeSTAR LongSeq 1x 150 ng	Pseudomonas aeruginosa	u3357ctg_len-4070619_circular-no_depth-13-13-13_duplicated-no	450000	475000	25000	64.672000	25.570000	22.525000	1.135183
R004bc2008.D09	metabat2.1	R004bc2008.D09_metabat2.1	Takara PrimeSTAR LongSeq 1x 150 ng	Pseudomonas aeruginosa	u3357ctg_len-4070619_circular-no_depth-13-13-13_duplicated-no	475000	500000	25000	64.996000	28.670000	22.525000	1.272808
R004bc2008.D09	metabat2.1	R004bc2008.D09_metabat2.1	Takara PrimeSTAR LongSeq 1x 150 ng	Pseudomonas aeruginosa	u3357ctg_len-4070619_circular-no_depth-13-13-13_duplicated-no	500000	525000	25000	65.200000	24.690000	22.525000	1.096115
R004bc2008.D09	metabat2.1	R004bc2008.D09_metabat2.1	Takara PrimeSTAR LongSeq 1x 150 ng	Pseudomonas aeruginosa	u3357ctg_len-4070619_circular-no_depth-13-13-13_duplicated-no	525000	550000	25000	65.776000	23.820000	22.525000	1.057492
R004bc2008.D09	metabat2.1	R004bc2008.D09_metabat2.1	Takara PrimeSTAR LongSeq 1x 150 ng	Pseudomonas aeruginosa	u3357ctg_len-4070619_circular-no_depth-13-13-13_duplicated-no	550000	575000	25000	67.948000	30.820000	22.525000	1.368257
R004bc2008.D09	metabat2.1	R004bc2008.D09_metabat2.1	Takara PrimeSTAR LongSeq 1x 150 ng	Pseudomonas aeruginosa	u3357ctg_len-4070619_circular-no_depth-13-13-13_duplicated-no	575000	600000	25000	67.284000	20.200000	22.525000	0.896781
R004bc2008.D09	metabat2.1	R004bc2008.D09_metabat2.1	Takara PrimeSTAR LongSeq 1x 150 ng	Pseudomonas aeruginosa	u3357ctg_len-4070619_circular-no_depth-13-13-13_duplicated-no	600000	625000	25000	66.064000	27.540000	22.525000	1.222642
R004bc2008.D09	metabat2.1	R004bc2008.D09_metabat2.1	Takara PrimeSTAR LongSeq 1x 150 ng	Pseudomonas aeruginosa	u3357ctg_len-4070619_circular-no_depth-13-13-13_duplicated-no	625000	650000	25000	67.028000	26.210000	22.525000	1.163596
R004bc2008.D09	metabat2.1	R004bc2008.D09_metabat2.1	Takara PrimeSTAR LongSeq 1x 150 ng	Pseudomonas aeruginosa	u3357ctg_len-4070619_circular-no_depth-13-13-13_duplicated-no	650000	675000	25000	67.540000	23.000000	22.525000	1.021088
R004bc2008.D09	metabat2.1	R004bc2008.D09_metabat2.1	Takara PrimeSTAR LongSeq 1x 150 ng	Pseudomonas aeruginosa	u3357ctg_len-4070619_circular-no_depth-13-13-13_duplicated-no	675000	700000	25000	66.596000	17.160000	22.525000	0.761820
R004bc2008.D09	metabat2.1	R004bc2008.D09_metabat2.1	Takara PrimeSTAR LongSeq 1x 150 ng	Pseudomonas aeruginosa	u3357ctg_len-4070619_circular-no_depth-13-13-13_duplicated-no	700000	725000	25000	64.836000	22.890000	22.525000	1.016204
R004bc2008.D09	metabat2.1	R004bc2008.D09_metabat2.1	Takara PrimeSTAR LongSeq 1x 150 ng	Pseudomonas aeruginosa	u3357ctg_len-4070619_circular-no_depth-13-13-13_duplicated-no	725000	750000	25000	65.888000	23.650000	22.525000	1.049945
R004bc2008.D09	metabat2.1	R004bc2008.D09_metabat2.1	Takara PrimeSTAR LongSeq 1x 150 ng	Pseudomonas aeruginosa	u3357ctg_len-4070619_circular-no_depth-13-13-13_duplicated-no	750000	775000	25000	67.616000	20.030000	22.525000	0.889234
R004bc2008.D09	metabat2.1	R004bc2008.D09_metabat2.1	Takara PrimeSTAR LongSeq 1x 150 ng	Pseudomonas aeruginosa	u3357ctg_len-4070619_circular-no_depth-13-13-13_duplicated-no	775000	800000	25000	67.848000	21.460000	22.525000	0.952719
R004bc2008.D09	metabat2.1	R004bc2008.D09_metabat2.1	Takara PrimeSTAR LongSeq 1x 150 ng	Pseudomonas aeruginosa	u3357ctg_len-4070619_circular-no_depth-13-13-13_duplicated-no	800000	825000	25000	68.780000	19.760000	22.525000	0.877248
R004bc2008.D09	metabat2.1	R004bc2008.D09_metabat2.1	Takara PrimeSTAR LongSeq 1x 150 ng	Pseudomonas aeruginosa	u3357ctg_len-4070619_circular-no_depth-13-13-13_duplicated-no	825000	850000	25000	65.888000	18.080000	22.525000	0.802664
R004bc2008.D09	metabat2.1	R004bc2008.D09_metabat2.1	Takara PrimeSTAR LongSeq 1x 150 ng	Pseudomonas aeruginosa	u3357ctg_len-4070619_circular-no_depth-13-13-13_duplicated-no	850000	875000	25000	67.204000	20.460000	22.525000	0.908324
R004bc2008.D09	metabat2.1	R004bc2008.D09_metabat2.1	Takara PrimeSTAR LongSeq 1x 150 ng	Pseudomonas aeruginosa	u3357ctg_len-4070619_circular-no_depth-13-13-13_duplicated-no	875000	900000	25000	66.084000	23.490000	22.525000	1.042841
R004bc2008.D09	metabat2.1	R004bc2008.D09_metabat2.1	Takara PrimeSTAR LongSeq 1x 150 ng	Pseudomonas aeruginosa	u3357ctg_len-4070619_circular-no_depth-13-13-13_duplicated-no	900000	925000	25000	67.424000	22.940000	22.525000	1.018424
R004bc2008.D09	metabat2.1	R004bc2008.D09_metabat2.1	Takara PrimeSTAR LongSeq 1x 150 ng	Pseudomonas aeruginosa	u3357ctg_len-4070619_circular-no_depth-13-13-13_duplicated-no	925000	950000	25000	67.700000	23.310000	22.525000	1.034850
R004bc2008.D09	metabat2.1	R004bc2008.D09_metabat2.1	Takara PrimeSTAR LongSeq 1x 150 ng	Pseudomonas aeruginosa	u3357ctg_len-4070619_circular-no_depth-13-13-13_duplicated-no	950000	975000	25000	68.724000	16.370000	22.525000	0.726748
R004bc2008.D09	metabat2.1	R004bc2008.D09_metabat2.1	Takara PrimeSTAR LongSeq 1x 150 ng	Pseudomonas aeruginosa	u3357ctg_len-4070619_circular-no_depth-13-13-13_duplicated-no	975000	1000000	25000	68.540000	16.770000	22.525000	0.744506
R004bc2008.D09	metabat2.1	R004bc2008.D09_metabat2.1	Takara PrimeSTAR LongSeq 1x 150 ng	Pseudomonas aeruginosa	u3357ctg_len-4070619_circular-no_depth-13-13-13_duplicated-no	1000000	1025000	25000	67.520000	18.970000	22.525000	0.842175
R004bc2008.D09	metabat2.1	R004bc2008.D09_metabat2.1	Takara PrimeSTAR LongSeq 1x 150 ng	Pseudomonas aeruginosa	u3357ctg_len-4070619_circular-no_depth-13-13-13_duplicated-no	1025000	1050000	25000	66.636000	20.070000	22.525000	0.891010
R004bc2008.D09	metabat2.1	R004bc2008.D09_metabat2.1	Takara PrimeSTAR LongSeq 1x 150 ng	Pseudomonas aeruginosa	u3357ctg_len-4070619_circular-no_depth-13-13-13_duplicated-no	1050000	1075000	25000	68.632000	16.290000	22.525000	0.723196
R004bc2008.D09	metabat2.1	R004bc2008.D09_metabat2.1	Takara PrimeSTAR LongSeq 1x 150 ng	Pseudomonas aeruginosa	u3357ctg_len-4070619_circular-no_depth-13-13-13_duplicated-no	1075000	1100000	25000	67.176000	22.420000	22.525000	0.995339
R004bc2008.D09	metabat2.1	R004bc2008.D09_metabat2.1	Takara PrimeSTAR LongSeq 1x 150 ng	Pseudomonas aeruginosa	u3357ctg_len-4070619_circular-no_depth-13-13-13_duplicated-no	1100000	1125000	25000	64.240000	25.940000	22.525000	1.151609
R004bc2008.D09	metabat2.1	R004bc2008.D09_metabat2.1	Takara PrimeSTAR LongSeq 1x 150 ng	Pseudomonas aeruginosa	u3357ctg_len-4070619_circular-no_depth-13-13-13_duplicated-no	1125000	1150000	25000	66.828000	21.470000	22.525000	0.953163
R004bc2008.D09	metabat2.1	R004bc2008.D09_metabat2.1	Takara PrimeSTAR LongSeq 1x 150 ng	Pseudomonas aeruginosa	u3357ctg_len-4070619_circular-no_depth-13-13-13_duplicated-no	1150000	1175000	25000	66.044000	21.150000	22.525000	0.938957
R004bc2008.D09	metabat2.1	R004bc2008.D09_metabat2.1	Takara PrimeSTAR LongSeq 1x 150 ng	Pseudomonas aeruginosa	u3357ctg_len-4070619_circular-no_depth-13-13-13_duplicated-no	1175000	1200000	25000	67.516000	21.940000	22.525000	0.974029
R004bc2008.D09	metabat2.1	R004bc2008.D09_metabat2.1	Takara PrimeSTAR LongSeq 1x 150 ng	Pseudomonas aeruginosa	u3357ctg_len-4070619_circular-no_depth-13-13-13_duplicated-no	1200000	1225000	25000	66.856000	18.620000	22.525000	0.826637
R004bc2008.D09	metabat2.1	R004bc2008.D09_metabat2.1	Takara PrimeSTAR LongSeq 1x 150 ng	Pseudomonas aeruginosa	u3357ctg_len-4070619_circular-no_depth-13-13-13_duplicated-no	1225000	1250000	25000	63.360000	23.520000	22.525000	1.044173
R004bc2008.D09	metabat2.1	R004bc2008.D09_metabat2.1	Takara PrimeSTAR LongSeq 1x 150 ng	Pseudomonas aeruginosa	u3357ctg_len-4070619_circular-no_depth-13-13-13_duplicated-no	1250000	1275000	25000	55.404000	25.110000	22.525000	1.114761
R004bc2008.D09	metabat2.1	R004bc2008.D09_metabat2.1	Takara PrimeSTAR LongSeq 1x 150 ng	Pseudomonas aeruginosa	u3357ctg_len-4070619_circular-no_depth-13-13-13_duplicated-no	1275000	1300000	25000	66.140000	18.460000	22.525000	0.819534
R004bc2008.D09	metabat2.1	R004bc2008.D09_metabat2.1	Takara PrimeSTAR LongSeq 1x 150 ng	Pseudomonas aeruginosa	u3357ctg_len-4070619_circular-no_depth-13-13-13_duplicated-no	1300000	1325000	25000	67.768000	22.640000	22.525000	1.005105
R004bc2008.D09	metabat2.1	R004bc2008.D09_metabat2.1	Takara PrimeSTAR LongSeq 1x 150 ng	Pseudomonas aeruginosa	u3357ctg_len-4070619_circular-no_depth-13-13-13_duplicated-no	1325000	1350000	25000	67.828000	17.070000	22.525000	0.757825
R004bc2008.D09	metabat2.1	R004bc2008.D09_metabat2.1	Takara PrimeSTAR LongSeq 1x 150 ng	Pseudomonas aeruginosa	u3357ctg_len-4070619_circular-no_depth-13-13-13_duplicated-no	1350000	1375000	25000	67.028000	17.580000	22.525000	0.780466
R004bc2008.D09	metabat2.1	R004bc2008.D09_metabat2.1	Takara PrimeSTAR LongSeq 1x 150 ng	Pseudomonas aeruginosa	u3357ctg_len-4070619_circular-no_depth-13-13-13_duplicated-no	1375000	1400000	25000	65.336000	18.190000	22.525000	0.807547
R004bc2008.D09	metabat2.1	R004bc2008.D09_metabat2.1	Takara PrimeSTAR LongSeq 1x 150 ng	Pseudomonas aeruginosa	u3357ctg_len-4070619_circular-no_depth-13-13-13_duplicated-no	1400000	1425000	25000	66.284000	19.550000	22.525000	0.867925
R004bc2008.D09	metabat2.1	R004bc2008.D09_metabat2.1	Takara PrimeSTAR LongSeq 1x 150 ng	Pseudomonas aeruginosa	u3357ctg_len-4070619_circular-no_depth-13-13-13_duplicated-no	1425000	1450000	25000	65.108000	16.140000	22.525000	0.716537
R004bc2008.D09	metabat2.1	R004bc2008.D09_metabat2.1	Takara PrimeSTAR LongSeq 1x 150 ng	Pseudomonas aeruginosa	u3357ctg_len-4070619_circular-no_depth-13-13-13_duplicated-no	1450000	1475000	25000	66.004000	16.320000	22.525000	0.724528
R004bc2008.D09	metabat2.1	R004bc2008.D09_metabat2.1	Takara PrimeSTAR LongSeq 1x 150 ng	Pseudomonas aeruginosa	u3357ctg_len-4070619_circular-no_depth-13-13-13_duplicated-no	1475000	1500000	25000	67.212000	14.870000	22.525000	0.660155
R004bc2008.D09	metabat2.1	R004bc2008.D09_metabat2.1	Takara PrimeSTAR LongSeq 1x 150 ng	Pseudomonas aeruginosa	u3357ctg_len-4070619_circular-no_depth-13-13-13_duplicated-no	1500000	1525000	25000	68.804000	18.730000	22.525000	0.831521
R004bc2008.D09	metabat2.1	R004bc2008.D09_metabat2.1	Takara PrimeSTAR LongSeq 1x 150 ng	Pseudomonas aeruginosa	u3357ctg_len-4070619_circular-no_depth-13-13-13_duplicated-no	1525000	1550000	25000	69.656000	13.450000	22.525000	0.597114
R004bc2008.D09	metabat2.1	R004bc2008.D09_metabat2.1	Takara PrimeSTAR LongSeq 1x 150 ng	Pseudomonas aeruginosa	u3357ctg_len-4070619_circular-no_depth-13-13-13_duplicated-no	1550000	1575000	25000	68.368000	16.630000	22.525000	0.738291
R004bc2008.D09	metabat2.1	R004bc2008.D09_metabat2.1	Takara PrimeSTAR LongSeq 1x 150 ng	Pseudomonas aeruginosa	u3357ctg_len-4070619_circular-no_depth-13-13-13_duplicated-no	1575000	1600000	25000	67.056000	20.400000	22.525000	0.905660
R004bc2008.D09	metabat2.1	R004bc2008.D09_metabat2.1	Takara PrimeSTAR LongSeq 1x 150 ng	Pseudomonas aeruginosa	u3357ctg_len-4070619_circular-no_depth-13-13-13_duplicated-no	1600000	1625000	25000	66.632000	18.640000	22.525000	0.827525
R004bc2008.D09	metabat2.1	R004bc2008.D09_metabat2.1	Takara PrimeSTAR LongSeq 1x 150 ng	Pseudomonas aeruginosa	u3357ctg_len-4070619_circular-no_depth-13-13-13_duplicated-no	1625000	1650000	25000	64.544000	19.710000	22.525000	0.875028
R004bc2008.D09	metabat2.1	R004bc2008.D09_metabat2.1	Takara PrimeSTAR LongSeq 1x 150 ng	Pseudomonas aeruginosa	u3357ctg_len-4070619_circular-no_depth-13-13-13_duplicated-no	1650000	1675000	25000	65.432000	18.890000	22.525000	0.838624
R004bc2008.D09	metabat2.1	R004bc2008.D09_metabat2.1	Takara PrimeSTAR LongSeq 1x 150 ng	Pseudomonas aeruginosa	u3357ctg_len-4070619_circular-no_depth-13-13-13_duplicated-no	1675000	1700000	25000	62.724000	20.860000	22.525000	0.926082
R004bc2008.D09	metabat2.1	R004bc2008.D09_metabat2.1	Takara PrimeSTAR LongSeq 1x 150 ng	Pseudomonas aeruginosa	u3357ctg_len-4070619_circular-no_depth-13-13-13_duplicated-no	1700000	1725000	25000	66.268000	15.550000	22.525000	0.690344
R004bc2008.D09	metabat2.1	R004bc2008.D09_metabat2.1	Takara PrimeSTAR LongSeq 1x 150 ng	Pseudomonas aeruginosa	u3357ctg_len-4070619_circular-no_depth-13-13-13_duplicated-no	1725000	1750000	25000	66.380000	16.910000	22.525000	0.750721
R004bc2008.D09	metabat2.1	R004bc2008.D09_metabat2.1	Takara PrimeSTAR LongSeq 1x 150 ng	Pseudomonas aeruginosa	u3357ctg_len-4070619_circular-no_depth-13-13-13_duplicated-no	1750000	1775000	25000	67.180000	20.620000	22.525000	0.915427
R004bc2008.D09	metabat2.1	R004bc2008.D09_metabat2.1	Takara PrimeSTAR LongSeq 1x 150 ng	Pseudomonas aeruginosa	u3357ctg_len-4070619_circular-no_depth-13-13-13_duplicated-no	1775000	1800000	25000	66.556000	19.330000	22.525000	0.858158
R004bc2008.D09	metabat2.1	R004bc2008.D09_metabat2.1	Takara PrimeSTAR LongSeq 1x 150 ng	Pseudomonas aeruginosa	u3357ctg_len-4070619_circular-no_depth-13-13-13_duplicated-no	1800000	1825000	25000	65.296000	16.380000	22.525000	0.727192
R004bc2008.D09	metabat2.1	R004bc2008.D09_metabat2.1	Takara PrimeSTAR LongSeq 1x 150 ng	Pseudomonas aeruginosa	u3357ctg_len-4070619_circular-no_depth-13-13-13_duplicated-no	1825000	1850000	25000	64.696000	25.100000	22.525000	1.114317
R004bc2008.D09	metabat2.1	R004bc2008.D09_metabat2.1	Takara PrimeSTAR LongSeq 1x 150 ng	Pseudomonas aeruginosa	u3357ctg_len-4070619_circular-no_depth-13-13-13_duplicated-no	1850000	1875000	25000	65.412000	18.750000	22.525000	0.832408
R004bc2008.D09	metabat2.1	R004bc2008.D09_metabat2.1	Takara PrimeSTAR LongSeq 1x 150 ng	Pseudomonas aeruginosa	u3357ctg_len-4070619_circular-no_depth-13-13-13_duplicated-no	1875000	1900000	25000	63.728000	19.000000	22.525000	0.843507
R004bc2008.D09	metabat2.1	R004bc2008.D09_metabat2.1	Takara PrimeSTAR LongSeq 1x 150 ng	Pseudomonas aeruginosa	u3357ctg_len-4070619_circular-no_depth-13-13-13_duplicated-no	1900000	1925000	25000	67.616000	14.790000	22.525000	0.656604
R004bc2008.D09	metabat2.1	R004bc2008.D09_metabat2.1	Takara PrimeSTAR LongSeq 1x 150 ng	Pseudomonas aeruginosa	u3357ctg_len-4070619_circular-no_depth-13-13-13_duplicated-no	1925000	1950000	25000	67.740000	14.120000	22.525000	0.626859
R004bc2008.D09	metabat2.1	R004bc2008.D09_metabat2.1	Takara PrimeSTAR LongSeq 1x 150 ng	Pseudomonas aeruginosa	u3357ctg_len-4070619_circular-no_depth-13-13-13_duplicated-no	1950000	1975000	25000	68.520000	18.840000	22.525000	0.836404
R004bc2008.D09	metabat2.1	R004bc2008.D09_metabat2.1	Takara PrimeSTAR LongSeq 1x 150 ng	Pseudomonas aeruginosa	u3357ctg_len-4070619_circular-no_depth-13-13-13_duplicated-no	1975000	2000000	25000	68.800000	15.180000	22.525000	0.673918
R004bc2008.D09	metabat2.1	R004bc2008.D09_metabat2.1	Takara PrimeSTAR LongSeq 1x 150 ng	Pseudomonas aeruginosa	u3357ctg_len-4070619_circular-no_depth-13-13-13_duplicated-no	2000000	2025000	25000	68.052000	19.670000	22.525000	0.873252
R004bc2008.D09	metabat2.1	R004bc2008.D09_metabat2.1	Takara PrimeSTAR LongSeq 1x 150 ng	Pseudomonas aeruginosa	u3357ctg_len-4070619_circular-no_depth-13-13-13_duplicated-no	2025000	2050000	25000	63.628000	17.450000	22.525000	0.774695
R004bc2008.D09	metabat2.1	R004bc2008.D09_metabat2.1	Takara PrimeSTAR LongSeq 1x 150 ng	Pseudomonas aeruginosa	u3357ctg_len-4070619_circular-no_depth-13-13-13_duplicated-no	2050000	2075000	25000	68.848000	11.060000	22.525000	0.491010
R004bc2008.D09	metabat2.1	R004bc2008.D09_metabat2.1	Takara PrimeSTAR LongSeq 1x 150 ng	Pseudomonas aeruginosa	u3357ctg_len-4070619_circular-no_depth-13-13-13_duplicated-no	2075000	2100000	25000	68.720000	13.040000	22.525000	0.578912
R004bc2008.D09	metabat2.1	R004bc2008.D09_metabat2.1	Takara PrimeSTAR LongSeq 1x 150 ng	Pseudomonas aeruginosa	u3357ctg_len-4070619_circular-no_depth-13-13-13_duplicated-no	2100000	2125000	25000	67.452000	15.910000	22.525000	0.706326
R004bc2008.D09	metabat2.1	R004bc2008.D09_metabat2.1	Takara PrimeSTAR LongSeq 1x 150 ng	Pseudomonas aeruginosa	u3357ctg_len-4070619_circular-no_depth-13-13-13_duplicated-no	2125000	2150000	25000	65.308000	15.010000	22.525000	0.666371
R004bc2008.D09	metabat2.1	R004bc2008.D09_metabat2.1	Takara PrimeSTAR LongSeq 1x 150 ng	Pseudomonas aeruginosa	u3357ctg_len-4070619_circular-no_depth-13-13-13_duplicated-no	2150000	2175000	25000	67.184000	14.960000	22.525000	0.664151
R004bc2008.D09	metabat2.1	R004bc2008.D09_metabat2.1	Takara PrimeSTAR LongSeq 1x 150 ng	Pseudomonas aeruginosa	u3357ctg_len-4070619_circular-no_depth-13-13-13_duplicated-no	2175000	2200000	25000	68.680000	15.640000	22.525000	0.694340
R004bc2008.D09	metabat2.1	R004bc2008.D09_metabat2.1	Takara PrimeSTAR LongSeq 1x 150 ng	Pseudomonas aeruginosa	u3357ctg_len-4070619_circular-no_depth-13-13-13_duplicated-no	2200000	2225000	25000	69.260000	14.530000	22.525000	0.645061
R004bc2008.D09	metabat2.1	R004bc2008.D09_metabat2.1	Takara PrimeSTAR LongSeq 1x 150 ng	Pseudomonas aeruginosa	u3357ctg_len-4070619_circular-no_depth-13-13-13_duplicated-no	2225000	2250000	25000	67.924000	12.390000	22.525000	0.550055
R004bc2008.D09	metabat2.1	R004bc2008.D09_metabat2.1	Takara PrimeSTAR LongSeq 1x 150 ng	Pseudomonas aeruginosa	u3357ctg_len-4070619_circular-no_depth-13-13-13_duplicated-no	2250000	2275000	25000	69.844000	17.490000	22.525000	0.776471
R004bc2008.D09	metabat2.1	R004bc2008.D09_metabat2.1	Takara PrimeSTAR LongSeq 1x 150 ng	Pseudomonas aeruginosa	u3357ctg_len-4070619_circular-no_depth-13-13-13_duplicated-no	2275000	2300000	25000	68.676000	15.140000	22.525000	0.672142
R004bc2008.D09	metabat2.1	R004bc2008.D09_metabat2.1	Takara PrimeSTAR LongSeq 1x 150 ng	Pseudomonas aeruginosa	u3357ctg_len-4070619_circular-no_depth-13-13-13_duplicated-no	2300000	2325000	25000	68.420000	14.500000	22.525000	0.643729
R004bc2008.D09	metabat2.1	R004bc2008.D09_metabat2.1	Takara PrimeSTAR LongSeq 1x 150 ng	Pseudomonas aeruginosa	u3357ctg_len-4070619_circular-no_depth-13-13-13_duplicated-no	2325000	2350000	25000	62.004000	23.290000	22.525000	1.033962
R004bc2008.D09	metabat2.1	R004bc2008.D09_metabat2.1	Takara PrimeSTAR LongSeq 1x 150 ng	Pseudomonas aeruginosa	u3357ctg_len-4070619_circular-no_depth-13-13-13_duplicated-no	2350000	2375000	25000	66.788000	14.280000	22.525000	0.633962
R004bc2008.D09	metabat2.1	R004bc2008.D09_metabat2.1	Takara PrimeSTAR LongSeq 1x 150 ng	Pseudomonas aeruginosa	u3357ctg_len-4070619_circular-no_depth-13-13-13_duplicated-no	2375000	2400000	25000	66.904000	15.380000	22.525000	0.682797
R004bc2008.D09	metabat2.1	R004bc2008.D09_metabat2.1	Takara PrimeSTAR LongSeq 1x 150 ng	Pseudomonas aeruginosa	u3357ctg_len-4070619_circular-no_depth-13-13-13_duplicated-no	2400000	2425000	25000	69.212000	10.750000	22.525000	0.477248
R004bc2008.D09	metabat2.1	R004bc2008.D09_metabat2.1	Takara PrimeSTAR LongSeq 1x 150 ng	Pseudomonas aeruginosa	u3357ctg_len-4070619_circular-no_depth-13-13-13_duplicated-no	2425000	2450000	25000	67.776000	11.650000	22.525000	0.517203
R004bc2008.D09	metabat2.1	R004bc2008.D09_metabat2.1	Takara PrimeSTAR LongSeq 1x 150 ng	Pseudomonas aeruginosa	u3357ctg_len-4070619_circular-no_depth-13-13-13_duplicated-no	2450000	2475000	25000	68.472000	15.200000	22.525000	0.674806
R004bc2008.D09	metabat2.1	R004bc2008.D09_metabat2.1	Takara PrimeSTAR LongSeq 1x 150 ng	Pseudomonas aeruginosa	u3357ctg_len-4070619_circular-no_depth-13-13-13_duplicated-no	2475000	2500000	25000	67.032000	12.080000	22.525000	0.536293
R004bc2008.D09	metabat2.1	R004bc2008.D09_metabat2.1	Takara PrimeSTAR LongSeq 1x 150 ng	Pseudomonas aeruginosa	u3357ctg_len-4070619_circular-no_depth-13-13-13_duplicated-no	2500000	2525000	25000	67.164000	14.780000	22.525000	0.656160
R004bc2008.D09	metabat2.1	R004bc2008.D09_metabat2.1	Takara PrimeSTAR LongSeq 1x 150 ng	Pseudomonas aeruginosa	u3357ctg_len-4070619_circular-no_depth-13-13-13_duplicated-no	2525000	2550000	25000	69.252000	14.500000	22.525000	0.643729
R004bc2008.D09	metabat2.1	R004bc2008.D09_metabat2.1	Takara PrimeSTAR LongSeq 1x 150 ng	Pseudomonas aeruginosa	u3357ctg_len-4070619_circular-no_depth-13-13-13_duplicated-no	2550000	2575000	25000	64.728000	15.430000	22.525000	0.685017
R004bc2008.D09	metabat2.1	R004bc2008.D09_metabat2.1	Takara PrimeSTAR LongSeq 1x 150 ng	Pseudomonas aeruginosa	u3357ctg_len-4070619_circular-no_depth-13-13-13_duplicated-no	2575000	2600000	25000	68.068000	12.090000	22.525000	0.536737
R004bc2008.D09	metabat2.1	R004bc2008.D09_metabat2.1	Takara PrimeSTAR LongSeq 1x 150 ng	Pseudomonas aeruginosa	u3357ctg_len-4070619_circular-no_depth-13-13-13_duplicated-no	2600000	2625000	25000	68.480000	15.530000	22.525000	0.689456
R004bc2008.D09	metabat2.1	R004bc2008.D09_metabat2.1	Takara PrimeSTAR LongSeq 1x 150 ng	Pseudomonas aeruginosa	u3357ctg_len-4070619_circular-no_depth-13-13-13_duplicated-no	2625000	2650000	25000	68.384000	15.460000	22.525000	0.686349
R004bc2008.D09	metabat2.1	R004bc2008.D09_metabat2.1	Takara PrimeSTAR LongSeq 1x 150 ng	Pseudomonas aeruginosa	u3357ctg_len-4070619_circular-no_depth-13-13-13_duplicated-no	2650000	2675000	25000	65.420000	14.060000	22.525000	0.624195
R004bc2008.D09	metabat2.1	R004bc2008.D09_metabat2.1	Takara PrimeSTAR LongSeq 1x 150 ng	Pseudomonas aeruginosa	u3357ctg_len-4070619_circular-no_depth-13-13-13_duplicated-no	2675000	2700000	25000	67.568000	17.030000	22.525000	0.756049
R004bc2008.D09	metabat2.1	R004bc2008.D09_metabat2.1	Takara PrimeSTAR LongSeq 1x 150 ng	Pseudomonas aeruginosa	u3357ctg_len-4070619_circular-no_depth-13-13-13_duplicated-no	2700000	2725000	25000	67.820000	13.560000	22.525000	0.601998
R004bc2008.D09	metabat2.1	R004bc2008.D09_metabat2.1	Takara PrimeSTAR LongSeq 1x 150 ng	Pseudomonas aeruginosa	u3357ctg_len-4070619_circular-no_depth-13-13-13_duplicated-no	2725000	2750000	25000	67.672000	19.440000	22.525000	0.863041
R004bc2008.D09	metabat2.1	R004bc2008.D09_metabat2.1	Takara PrimeSTAR LongSeq 1x 150 ng	Pseudomonas aeruginosa	u3357ctg_len-4070619_circular-no_depth-13-13-13_duplicated-no	2750000	2775000	25000	68.208000	11.970000	22.525000	0.531410
R004bc2008.D09	metabat2.1	R004bc2008.D09_metabat2.1	Takara PrimeSTAR LongSeq 1x 150 ng	Pseudomonas aeruginosa	u3357ctg_len-4070619_circular-no_depth-13-13-13_duplicated-no	2775000	2800000	25000	66.272000	16.330000	22.525000	0.724972
R004bc2008.D09	metabat2.1	R004bc2008.D09_metabat2.1	Takara PrimeSTAR LongSeq 1x 150 ng	Pseudomonas aeruginosa	u3357ctg_len-4070619_circular-no_depth-13-13-13_duplicated-no	2800000	2825000	25000	66.200000	15.860000	22.525000	0.704107
R004bc2008.D09	metabat2.1	R004bc2008.D09_metabat2.1	Takara PrimeSTAR LongSeq 1x 150 ng	Pseudomonas aeruginosa	u3357ctg_len-4070619_circular-no_depth-13-13-13_duplicated-no	2825000	2850000	25000	63.248000	14.980000	22.525000	0.665039
R004bc2008.D09	metabat2.1	R004bc2008.D09_metabat2.1	Takara PrimeSTAR LongSeq 1x 150 ng	Pseudomonas aeruginosa	u3357ctg_len-4070619_circular-no_depth-13-13-13_duplicated-no	2850000	2875000	25000	65.556000	18.050000	22.525000	0.801332
R004bc2008.D09	metabat2.1	R004bc2008.D09_metabat2.1	Takara PrimeSTAR LongSeq 1x 150 ng	Pseudomonas aeruginosa	u3357ctg_len-4070619_circular-no_depth-13-13-13_duplicated-no	2875000	2900000	25000	64.080000	19.100000	22.525000	0.847947
R004bc2008.D09	metabat2.1	R004bc2008.D09_metabat2.1	Takara PrimeSTAR LongSeq 1x 150 ng	Pseudomonas aeruginosa	u3357ctg_len-4070619_circular-no_depth-13-13-13_duplicated-no	2900000	2925000	25000	66.176000	19.890000	22.525000	0.883019
R004bc2008.D09	metabat2.1	R004bc2008.D09_metabat2.1	Takara PrimeSTAR LongSeq 1x 150 ng	Pseudomonas aeruginosa	u3357ctg_len-4070619_circular-no_depth-13-13-13_duplicated-no	2925000	2950000	25000	67.244000	13.690000	22.525000	0.607769
R004bc2008.D09	metabat2.1	R004bc2008.D09_metabat2.1	Takara PrimeSTAR LongSeq 1x 150 ng	Pseudomonas aeruginosa	u3357ctg_len-4070619_circular-no_depth-13-13-13_duplicated-no	2950000	2975000	25000	66.664000	16.390000	22.525000	0.727636
R004bc2008.D09	metabat2.1	R004bc2008.D09_metabat2.1	Takara PrimeSTAR LongSeq 1x 150 ng	Pseudomonas aeruginosa	u3357ctg_len-4070619_circular-no_depth-13-13-13_duplicated-no	2975000	3000000	25000	65.628000	18.090000	22.525000	0.803108
R004bc2008.D09	metabat2.1	R004bc2008.D09_metabat2.1	Takara PrimeSTAR LongSeq 1x 150 ng	Pseudomonas aeruginosa	u3357ctg_len-4070619_circular-no_depth-13-13-13_duplicated-no	3000000	3025000	25000	68.156000	13.990000	22.525000	0.621088
R004bc2008.D09	metabat2.1	R004bc2008.D09_metabat2.1	Takara PrimeSTAR LongSeq 1x 150 ng	Pseudomonas aeruginosa	u3357ctg_len-4070619_circular-no_depth-13-13-13_duplicated-no	3025000	3050000	25000	67.268000	20.140000	22.525000	0.894118
R004bc2008.D09	metabat2.1	R004bc2008.D09_metabat2.1	Takara PrimeSTAR LongSeq 1x 150 ng	Pseudomonas aeruginosa	u3357ctg_len-4070619_circular-no_depth-13-13-13_duplicated-no	3050000	3075000	25000	64.680000	20.320000	22.525000	0.902109
R004bc2008.D09	metabat2.1	R004bc2008.D09_metabat2.1	Takara PrimeSTAR LongSeq 1x 150 ng	Pseudomonas aeruginosa	u3357ctg_len-4070619_circular-no_depth-13-13-13_duplicated-no	3075000	3100000	25000	66.976000	21.740000	22.525000	0.965150
R004bc2008.D09	metabat2.1	R004bc2008.D09_metabat2.1	Takara PrimeSTAR LongSeq 1x 150 ng	Pseudomonas aeruginosa	u3357ctg_len-4070619_circular-no_depth-13-13-13_duplicated-no	3100000	3125000	25000	65.296000	21.250000	22.525000	0.943396
R004bc2008.D09	metabat2.1	R004bc2008.D09_metabat2.1	Takara PrimeSTAR LongSeq 1x 150 ng	Pseudomonas aeruginosa	u3357ctg_len-4070619_circular-no_depth-13-13-13_duplicated-no	3125000	3150000	25000	65.300000	17.620000	22.525000	0.782242
R004bc2008.D09	metabat2.1	R004bc2008.D09_metabat2.1	Takara PrimeSTAR LongSeq 1x 150 ng	Pseudomonas aeruginosa	u3357ctg_len-4070619_circular-no_depth-13-13-13_duplicated-no	3150000	3175000	25000	65.244000	19.590000	22.525000	0.869700
R004bc2008.D09	metabat2.1	R004bc2008.D09_metabat2.1	Takara PrimeSTAR LongSeq 1x 150 ng	Pseudomonas aeruginosa	u3357ctg_len-4070619_circular-no_depth-13-13-13_duplicated-no	3175000	3200000	25000	68.240000	23.050000	22.525000	1.023307
R004bc2008.D09	metabat2.1	R004bc2008.D09_metabat2.1	Takara PrimeSTAR LongSeq 1x 150 ng	Pseudomonas aeruginosa	u3357ctg_len-4070619_circular-no_depth-13-13-13_duplicated-no	3200000	3225000	25000	66.704000	16.530000	22.525000	0.733851
R004bc2008.D09	metabat2.1	R004bc2008.D09_metabat2.1	Takara PrimeSTAR LongSeq 1x 150 ng	Pseudomonas aeruginosa	u3357ctg_len-4070619_circular-no_depth-13-13-13_duplicated-no	3225000	3250000	25000	66.900000	17.840000	22.525000	0.792009
R004bc2008.D09	metabat2.1	R004bc2008.D09_metabat2.1	Takara PrimeSTAR LongSeq 1x 150 ng	Pseudomonas aeruginosa	u3357ctg_len-4070619_circular-no_depth-13-13-13_duplicated-no	3250000	3275000	25000	69.168000	16.670000	22.525000	0.740067
R004bc2008.D09	metabat2.1	R004bc2008.D09_metabat2.1	Takara PrimeSTAR LongSeq 1x 150 ng	Pseudomonas aeruginosa	u3357ctg_len-4070619_circular-no_depth-13-13-13_duplicated-no	3275000	3300000	25000	60.656000	25.600000	22.525000	1.136515
R004bc2008.D09	metabat2.1	R004bc2008.D09_metabat2.1	Takara PrimeSTAR LongSeq 1x 150 ng	Pseudomonas aeruginosa	u3357ctg_len-4070619_circular-no_depth-13-13-13_duplicated-no	3300000	3325000	25000	61.568000	24.080000	22.525000	1.069034
R004bc2008.D09	metabat2.1	R004bc2008.D09_metabat2.1	Takara PrimeSTAR LongSeq 1x 150 ng	Pseudomonas aeruginosa	u3357ctg_len-4070619_circular-no_depth-13-13-13_duplicated-no	3325000	3350000	25000	67.272000	17.070000	22.525000	0.757825
R004bc2008.D09	metabat2.1	R004bc2008.D09_metabat2.1	Takara PrimeSTAR LongSeq 1x 150 ng	Pseudomonas aeruginosa	u3357ctg_len-4070619_circular-no_depth-13-13-13_duplicated-no	3350000	3375000	25000	66.676000	21.010000	22.525000	0.932741
R004bc2008.D09	metabat2.1	R004bc2008.D09_metabat2.1	Takara PrimeSTAR LongSeq 1x 150 ng	Pseudomonas aeruginosa	u3357ctg_len-4070619_circular-no_depth-13-13-13_duplicated-no	3375000	3400000	25000	67.144000	22.430000	22.525000	0.995782
R004bc2008.D09	metabat2.1	R004bc2008.D09_metabat2.1	Takara PrimeSTAR LongSeq 1x 150 ng	Pseudomonas aeruginosa	u3357ctg_len-4070619_circular-no_depth-13-13-13_duplicated-no	3400000	3425000	25000	71.332000	16.750000	22.525000	0.743618
R004bc2008.D09	metabat2.1	R004bc2008.D09_metabat2.1	Takara PrimeSTAR LongSeq 1x 150 ng	Pseudomonas aeruginosa	u3357ctg_len-4070619_circular-no_depth-13-13-13_duplicated-no	3425000	3450000	25000	68.260000	17.430000	22.525000	0.773807
R004bc2008.D09	metabat2.1	R004bc2008.D09_metabat2.1	Takara PrimeSTAR LongSeq 1x 150 ng	Pseudomonas aeruginosa	u3357ctg_len-4070619_circular-no_depth-13-13-13_duplicated-no	3450000	3475000	25000	69.160000	18.490000	22.525000	0.820866
R004bc2008.D09	metabat2.1	R004bc2008.D09_metabat2.1	Takara PrimeSTAR LongSeq 1x 150 ng	Pseudomonas aeruginosa	u3357ctg_len-4070619_circular-no_depth-13-13-13_duplicated-no	3475000	3500000	25000	67.488000	17.550000	22.525000	0.779134
R004bc2008.D09	metabat2.1	R004bc2008.D09_metabat2.1	Takara PrimeSTAR LongSeq 1x 150 ng	Pseudomonas aeruginosa	u3357ctg_len-4070619_circular-no_depth-13-13-13_duplicated-no	3500000	3525000	25000	67.240000	19.190000	22.525000	0.851942
R004bc2008.D09	metabat2.1	R004bc2008.D09_metabat2.1	Takara PrimeSTAR LongSeq 1x 150 ng	Pseudomonas aeruginosa	u3357ctg_len-4070619_circular-no_depth-13-13-13_duplicated-no	3525000	3550000	25000	62.924000	20.180000	22.525000	0.895893
R004bc2008.D09	metabat2.1	R004bc2008.D09_metabat2.1	Takara PrimeSTAR LongSeq 1x 150 ng	Pseudomonas aeruginosa	u3357ctg_len-4070619_circular-no_depth-13-13-13_duplicated-no	3550000	3575000	25000	68.376000	17.680000	22.525000	0.784906
R004bc2008.D09	metabat2.1	R004bc2008.D09_metabat2.1	Takara PrimeSTAR LongSeq 1x 150 ng	Pseudomonas aeruginosa	u3357ctg_len-4070619_circular-no_depth-13-13-13_duplicated-no	3575000	3600000	25000	67.036000	20.510000	22.525000	0.910544
R004bc2008.D09	metabat2.1	R004bc2008.D09_metabat2.1	Takara PrimeSTAR LongSeq 1x 150 ng	Pseudomonas aeruginosa	u3357ctg_len-4070619_circular-no_depth-13-13-13_duplicated-no	3600000	3625000	25000	65.500000	20.120000	22.525000	0.893230
R004bc2008.D09	metabat2.1	R004bc2008.D09_metabat2.1	Takara PrimeSTAR LongSeq 1x 150 ng	Pseudomonas aeruginosa	u3357ctg_len-4070619_circular-no_depth-13-13-13_duplicated-no	3625000	3650000	25000	66.000000	20.050000	22.525000	0.890122
R004bc2008.D09	metabat2.1	R004bc2008.D09_metabat2.1	Takara PrimeSTAR LongSeq 1x 150 ng	Pseudomonas aeruginosa	u3357ctg_len-4070619_circular-no_depth-13-13-13_duplicated-no	3650000	3675000	25000	66.920000	21.540000	22.525000	0.956271
R004bc2008.D09	metabat2.1	R004bc2008.D09_metabat2.1	Takara PrimeSTAR LongSeq 1x 150 ng	Pseudomonas aeruginosa	u3357ctg_len-4070619_circular-no_depth-13-13-13_duplicated-no	3675000	3700000	25000	66.532000	25.510000	22.525000	1.132519
R004bc2008.D09	metabat2.1	R004bc2008.D09_metabat2.1	Takara PrimeSTAR LongSeq 1x 150 ng	Pseudomonas aeruginosa	u3357ctg_len-4070619_circular-no_depth-13-13-13_duplicated-no	3700000	3725000	25000	62.660000	25.020000	22.525000	1.110766
R004bc2008.D09	metabat2.1	R004bc2008.D09_metabat2.1	Takara PrimeSTAR LongSeq 1x 150 ng	Pseudomonas aeruginosa	u3357ctg_len-4070619_circular-no_depth-13-13-13_duplicated-no	3725000	3750000	25000	58.948000	30.010000	22.525000	1.332297
R004bc2008.D09	metabat2.1	R004bc2008.D09_metabat2.1	Takara PrimeSTAR LongSeq 1x 150 ng	Pseudomonas aeruginosa	u3357ctg_len-4070619_circular-no_depth-13-13-13_duplicated-no	3750000	3775000	25000	63.760000	22.510000	22.525000	0.999334
R004bc2008.D09	metabat2.1	R004bc2008.D09_metabat2.1	Takara PrimeSTAR LongSeq 1x 150 ng	Pseudomonas aeruginosa	u3357ctg_len-4070619_circular-no_depth-13-13-13_duplicated-no	3775000	3800000	25000	65.888000	20.220000	22.525000	0.897669
R004bc2008.D09	metabat2.1	R004bc2008.D09_metabat2.1	Takara PrimeSTAR LongSeq 1x 150 ng	Pseudomonas aeruginosa	u3357ctg_len-4070619_circular-no_depth-13-13-13_duplicated-no	3800000	3825000	25000	65.692000	17.120000	22.525000	0.760044
R004bc2008.D09	metabat2.1	R004bc2008.D09_metabat2.1	Takara PrimeSTAR LongSeq 1x 150 ng	Pseudomonas aeruginosa	u3357ctg_len-4070619_circular-no_depth-13-13-13_duplicated-no	3825000	3850000	25000	66.908000	19.430000	22.525000	0.862597
R004bc2008.D09	metabat2.1	R004bc2008.D09_metabat2.1	Takara PrimeSTAR LongSeq 1x 150 ng	Pseudomonas aeruginosa	u3357ctg_len-4070619_circular-no_depth-13-13-13_duplicated-no	3850000	3875000	25000	66.180000	22.260000	22.525000	0.988235
R004bc2008.D09	metabat2.1	R004bc2008.D09_metabat2.1	Takara PrimeSTAR LongSeq 1x 150 ng	Pseudomonas aeruginosa	u3357ctg_len-4070619_circular-no_depth-13-13-13_duplicated-no	3875000	3900000	25000	65.008000	19.700000	22.525000	0.874584
R004bc2008.D09	metabat2.1	R004bc2008.D09_metabat2.1	Takara PrimeSTAR LongSeq 1x 150 ng	Pseudomonas aeruginosa	u3357ctg_len-4070619_circular-no_depth-13-13-13_duplicated-no	3900000	3925000	25000	68.216000	20.790000	22.525000	0.922974
R004bc2008.D09	metabat2.1	R004bc2008.D09_metabat2.1	Takara PrimeSTAR LongSeq 1x 150 ng	Pseudomonas aeruginosa	u3357ctg_len-4070619_circular-no_depth-13-13-13_duplicated-no	3925000	3950000	25000	67.264000	21.040000	22.525000	0.934073
R004bc2008.D09	metabat2.1	R004bc2008.D09_metabat2.1	Takara PrimeSTAR LongSeq 1x 150 ng	Pseudomonas aeruginosa	u3357ctg_len-4070619_circular-no_depth-13-13-13_duplicated-no	3950000	3975000	25000	66.332000	22.860000	22.525000	1.014872
R004bc2008.D09	metabat2.1	R004bc2008.D09_metabat2.1	Takara PrimeSTAR LongSeq 1x 150 ng	Pseudomonas aeruginosa	u3357ctg_len-4070619_circular-no_depth-13-13-13_duplicated-no	3975000	4000000	25000	65.920000	27.080000	22.525000	1.202220
R004bc2008.D09	metabat2.1	R004bc2008.D09_metabat2.1	Takara PrimeSTAR LongSeq 1x 150 ng	Pseudomonas aeruginosa	u3357ctg_len-4070619_circular-no_depth-13-13-13_duplicated-no	4000000	4025000	25000	63.096000	23.640000	22.525000	1.049501
R004bc2008.D09	metabat2.1	R004bc2008.D09_metabat2.1	Takara PrimeSTAR LongSeq 1x 150 ng	Pseudomonas aeruginosa	u3357ctg_len-4070619_circular-no_depth-13-13-13_duplicated-no	4025000	4050000	25000	67.028000	20.450000	22.525000	0.907880
R005bc2008.D09	metabat2.1	R005bc2008.D09_metabat2.1	Takara PrimeSTAR LongSeq 1x 150 ng (Q)	Acinetobacter baumannii	u41198ctg_len-46354_circular-no_depth-39-39-39_duplicated-no	0	25000	25000	42.248000	30.490000	43.230000	0.705297
R005bc2008.D09	metabat2.1	R005bc2008.D09_metabat2.1	Takara PrimeSTAR LongSeq 1x 150 ng (Q)	Acinetobacter baumannii	u52230ctg_len-2238789_circular-no_depth-30-30-30_duplicated-no	0	25000	25000	36.644000	26.160000	43.230000	0.605135
R005bc2008.D09	metabat2.1	R005bc2008.D09_metabat2.1	Takara PrimeSTAR LongSeq 1x 150 ng (Q)	Acinetobacter baumannii	u52230ctg_len-2238789_circular-no_depth-30-30-30_duplicated-no	25000	50000	25000	37.648000	33.420000	43.230000	0.773074
R005bc2008.D09	metabat2.1	R005bc2008.D09_metabat2.1	Takara PrimeSTAR LongSeq 1x 150 ng (Q)	Acinetobacter baumannii	u52230ctg_len-2238789_circular-no_depth-30-30-30_duplicated-no	50000	75000	25000	38.112000	38.520000	43.230000	0.891048
R005bc2008.D09	metabat2.1	R005bc2008.D09_metabat2.1	Takara PrimeSTAR LongSeq 1x 150 ng (Q)	Acinetobacter baumannii	u52230ctg_len-2238789_circular-no_depth-30-30-30_duplicated-no	75000	100000	25000	37.640000	37.930000	43.230000	0.877400
R005bc2008.D09	metabat2.1	R005bc2008.D09_metabat2.1	Takara PrimeSTAR LongSeq 1x 150 ng (Q)	Acinetobacter baumannii	u52230ctg_len-2238789_circular-no_depth-30-30-30_duplicated-no	100000	125000	25000	38.992000	37.960000	43.230000	0.878094
R005bc2008.D09	metabat2.1	R005bc2008.D09_metabat2.1	Takara PrimeSTAR LongSeq 1x 150 ng (Q)	Acinetobacter baumannii	u52230ctg_len-2238789_circular-no_depth-30-30-30_duplicated-no	125000	150000	25000	37.820000	36.980000	43.230000	0.855424
R005bc2008.D09	metabat2.1	R005bc2008.D09_metabat2.1	Takara PrimeSTAR LongSeq 1x 150 ng (Q)	Acinetobacter baumannii	u52230ctg_len-2238789_circular-no_depth-30-30-30_duplicated-no	150000	175000	25000	41.100000	35.560000	43.230000	0.822577
R005bc2008.D09	metabat2.1	R005bc2008.D09_metabat2.1	Takara PrimeSTAR LongSeq 1x 150 ng (Q)	Acinetobacter baumannii	u52230ctg_len-2238789_circular-no_depth-30-30-30_duplicated-no	175000	200000	25000	40.420000	39.290000	43.230000	0.908860
R005bc2008.D09	metabat2.1	R005bc2008.D09_metabat2.1	Takara PrimeSTAR LongSeq 1x 150 ng (Q)	Acinetobacter baumannii	u52230ctg_len-2238789_circular-no_depth-30-30-30_duplicated-no	200000	225000	25000	37.972000	35.460000	43.230000	0.820264
R005bc2008.D09	metabat2.1	R005bc2008.D09_metabat2.1	Takara PrimeSTAR LongSeq 1x 150 ng (Q)	Acinetobacter baumannii	u52230ctg_len-2238789_circular-no_depth-30-30-30_duplicated-no	225000	250000	25000	40.896000	40.990000	43.230000	0.948184
R005bc2008.D09	metabat2.1	R005bc2008.D09_metabat2.1	Takara PrimeSTAR LongSeq 1x 150 ng (Q)	Acinetobacter baumannii	u52230ctg_len-2238789_circular-no_depth-30-30-30_duplicated-no	250000	275000	25000	40.692000	33.940000	43.230000	0.785103
R005bc2008.D09	metabat2.1	R005bc2008.D09_metabat2.1	Takara PrimeSTAR LongSeq 1x 150 ng (Q)	Acinetobacter baumannii	u52230ctg_len-2238789_circular-no_depth-30-30-30_duplicated-no	275000	300000	25000	39.020000	33.350000	43.230000	0.771455
R005bc2008.D09	metabat2.1	R005bc2008.D09_metabat2.1	Takara PrimeSTAR LongSeq 1x 150 ng (Q)	Acinetobacter baumannii	u52230ctg_len-2238789_circular-no_depth-30-30-30_duplicated-no	300000	325000	25000	38.448000	38.920000	43.230000	0.900301
R005bc2008.D09	metabat2.1	R005bc2008.D09_metabat2.1	Takara PrimeSTAR LongSeq 1x 150 ng (Q)	Acinetobacter baumannii	u52230ctg_len-2238789_circular-no_depth-30-30-30_duplicated-no	325000	350000	25000	35.912000	34.900000	43.230000	0.807310
R005bc2008.D09	metabat2.1	R005bc2008.D09_metabat2.1	Takara PrimeSTAR LongSeq 1x 150 ng (Q)	Acinetobacter baumannii	u52230ctg_len-2238789_circular-no_depth-30-30-30_duplicated-no	350000	375000	25000	35.620000	34.740000	43.230000	0.803609
R005bc2008.D09	metabat2.1	R005bc2008.D09_metabat2.1	Takara PrimeSTAR LongSeq 1x 150 ng (Q)	Acinetobacter baumannii	u52230ctg_len-2238789_circular-no_depth-30-30-30_duplicated-no	375000	400000	25000	37.156000	35.630000	43.230000	0.824196
R005bc2008.D09	metabat2.1	R005bc2008.D09_metabat2.1	Takara PrimeSTAR LongSeq 1x 150 ng (Q)	Acinetobacter baumannii	u52230ctg_len-2238789_circular-no_depth-30-30-30_duplicated-no	400000	425000	25000	37.688000	32.570000	43.230000	0.753412
R005bc2008.D09	metabat2.1	R005bc2008.D09_metabat2.1	Takara PrimeSTAR LongSeq 1x 150 ng (Q)	Acinetobacter baumannii	u52230ctg_len-2238789_circular-no_depth-30-30-30_duplicated-no	425000	450000	25000	37.364000	36.050000	43.230000	0.833912
R005bc2008.D09	metabat2.1	R005bc2008.D09_metabat2.1	Takara PrimeSTAR LongSeq 1x 150 ng (Q)	Acinetobacter baumannii	u52230ctg_len-2238789_circular-no_depth-30-30-30_duplicated-no	450000	475000	25000	38.152000	31.780000	43.230000	0.735138
R005bc2008.D09	metabat2.1	R005bc2008.D09_metabat2.1	Takara PrimeSTAR LongSeq 1x 150 ng (Q)	Acinetobacter baumannii	u52230ctg_len-2238789_circular-no_depth-30-30-30_duplicated-no	475000	500000	25000	36.888000	34.340000	43.230000	0.794356
R005bc2008.D09	metabat2.1	R005bc2008.D09_metabat2.1	Takara PrimeSTAR LongSeq 1x 150 ng (Q)	Acinetobacter baumannii	u52230ctg_len-2238789_circular-no_depth-30-30-30_duplicated-no	500000	525000	25000	37.100000	30.430000	43.230000	0.703909
R005bc2008.D09	metabat2.1	R005bc2008.D09_metabat2.1	Takara PrimeSTAR LongSeq 1x 150 ng (Q)	Acinetobacter baumannii	u52230ctg_len-2238789_circular-no_depth-30-30-30_duplicated-no	525000	550000	25000	37.896000	29.150000	43.230000	0.674300
R005bc2008.D09	metabat2.1	R005bc2008.D09_metabat2.1	Takara PrimeSTAR LongSeq 1x 150 ng (Q)	Acinetobacter baumannii	u52230ctg_len-2238789_circular-no_depth-30-30-30_duplicated-no	550000	575000	25000	39.212000	34.520000	43.230000	0.798520
R005bc2008.D09	metabat2.1	R005bc2008.D09_metabat2.1	Takara PrimeSTAR LongSeq 1x 150 ng (Q)	Acinetobacter baumannii	u52230ctg_len-2238789_circular-no_depth-30-30-30_duplicated-no	575000	600000	25000	36.508000	31.920000	43.230000	0.738376
R005bc2008.D09	metabat2.1	R005bc2008.D09_metabat2.1	Takara PrimeSTAR LongSeq 1x 150 ng (Q)	Acinetobacter baumannii	u52230ctg_len-2238789_circular-no_depth-30-30-30_duplicated-no	600000	625000	25000	36.308000	36.760000	43.230000	0.850335
R005bc2008.D09	metabat2.1	R005bc2008.D09_metabat2.1	Takara PrimeSTAR LongSeq 1x 150 ng (Q)	Acinetobacter baumannii	u52230ctg_len-2238789_circular-no_depth-30-30-30_duplicated-no	625000	650000	25000	37.664000	35.510000	43.230000	0.821420
R005bc2008.D09	metabat2.1	R005bc2008.D09_metabat2.1	Takara PrimeSTAR LongSeq 1x 150 ng (Q)	Acinetobacter baumannii	u52230ctg_len-2238789_circular-no_depth-30-30-30_duplicated-no	650000	675000	25000	35.548000	32.720000	43.230000	0.756882
R005bc2008.D09	metabat2.1	R005bc2008.D09_metabat2.1	Takara PrimeSTAR LongSeq 1x 150 ng (Q)	Acinetobacter baumannii	u52230ctg_len-2238789_circular-no_depth-30-30-30_duplicated-no	675000	700000	25000	38.840000	30.660000	43.230000	0.709230
R005bc2008.D09	metabat2.1	R005bc2008.D09_metabat2.1	Takara PrimeSTAR LongSeq 1x 150 ng (Q)	Acinetobacter baumannii	u52230ctg_len-2238789_circular-no_depth-30-30-30_duplicated-no	700000	725000	25000	38.348000	33.880000	43.230000	0.783715
R005bc2008.D09	metabat2.1	R005bc2008.D09_metabat2.1	Takara PrimeSTAR LongSeq 1x 150 ng (Q)	Acinetobacter baumannii	u52230ctg_len-2238789_circular-no_depth-30-30-30_duplicated-no	725000	750000	25000	39.576000	38.030000	43.230000	0.879713
R005bc2008.D09	metabat2.1	R005bc2008.D09_metabat2.1	Takara PrimeSTAR LongSeq 1x 150 ng (Q)	Acinetobacter baumannii	u52230ctg_len-2238789_circular-no_depth-30-30-30_duplicated-no	750000	775000	25000	40.804000	37.490000	43.230000	0.867222
R005bc2008.D09	metabat2.1	R005bc2008.D09_metabat2.1	Takara PrimeSTAR LongSeq 1x 150 ng (Q)	Acinetobacter baumannii	u52230ctg_len-2238789_circular-no_depth-30-30-30_duplicated-no	775000	800000	25000	39.496000	38.490000	43.230000	0.890354
R005bc2008.D09	metabat2.1	R005bc2008.D09_metabat2.1	Takara PrimeSTAR LongSeq 1x 150 ng (Q)	Acinetobacter baumannii	u52230ctg_len-2238789_circular-no_depth-30-30-30_duplicated-no	800000	825000	25000	39.740000	35.480000	43.230000	0.820726
R005bc2008.D09	metabat2.1	R005bc2008.D09_metabat2.1	Takara PrimeSTAR LongSeq 1x 150 ng (Q)	Acinetobacter baumannii	u52230ctg_len-2238789_circular-no_depth-30-30-30_duplicated-no	825000	850000	25000	38.848000	35.930000	43.230000	0.831136
R005bc2008.D09	metabat2.1	R005bc2008.D09_metabat2.1	Takara PrimeSTAR LongSeq 1x 150 ng (Q)	Acinetobacter baumannii	u52230ctg_len-2238789_circular-no_depth-30-30-30_duplicated-no	850000	875000	25000	36.288000	31.420000	43.230000	0.726810
R005bc2008.D09	metabat2.1	R005bc2008.D09_metabat2.1	Takara PrimeSTAR LongSeq 1x 150 ng (Q)	Acinetobacter baumannii	u52230ctg_len-2238789_circular-no_depth-30-30-30_duplicated-no	875000	900000	25000	35.800000	36.740000	43.230000	0.849873
R005bc2008.D09	metabat2.1	R005bc2008.D09_metabat2.1	Takara PrimeSTAR LongSeq 1x 150 ng (Q)	Acinetobacter baumannii	u52230ctg_len-2238789_circular-no_depth-30-30-30_duplicated-no	900000	925000	25000	38.312000	38.620000	43.230000	0.893361
R005bc2008.D09	metabat2.1	R005bc2008.D09_metabat2.1	Takara PrimeSTAR LongSeq 1x 150 ng (Q)	Acinetobacter baumannii	u52230ctg_len-2238789_circular-no_depth-30-30-30_duplicated-no	925000	950000	25000	38.596000	35.930000	43.230000	0.831136
R005bc2008.D09	metabat2.1	R005bc2008.D09_metabat2.1	Takara PrimeSTAR LongSeq 1x 150 ng (Q)	Acinetobacter baumannii	u52230ctg_len-2238789_circular-no_depth-30-30-30_duplicated-no	950000	975000	25000	39.360000	37.900000	43.230000	0.876706
R005bc2008.D09	metabat2.1	R005bc2008.D09_metabat2.1	Takara PrimeSTAR LongSeq 1x 150 ng (Q)	Acinetobacter baumannii	u52230ctg_len-2238789_circular-no_depth-30-30-30_duplicated-no	975000	1000000	25000	35.536000	37.690000	43.230000	0.871848
R005bc2008.D09	metabat2.1	R005bc2008.D09_metabat2.1	Takara PrimeSTAR LongSeq 1x 150 ng (Q)	Acinetobacter baumannii	u52230ctg_len-2238789_circular-no_depth-30-30-30_duplicated-no	1000000	1025000	25000	39.488000	37.450000	43.230000	0.866297
R005bc2008.D09	metabat2.1	R005bc2008.D09_metabat2.1	Takara PrimeSTAR LongSeq 1x 150 ng (Q)	Acinetobacter baumannii	u52230ctg_len-2238789_circular-no_depth-30-30-30_duplicated-no	1025000	1050000	25000	37.496000	40.090000	43.230000	0.927365
R005bc2008.D09	metabat2.1	R005bc2008.D09_metabat2.1	Takara PrimeSTAR LongSeq 1x 150 ng (Q)	Acinetobacter baumannii	u52230ctg_len-2238789_circular-no_depth-30-30-30_duplicated-no	1050000	1075000	25000	39.364000	34.370000	43.230000	0.795050
R005bc2008.D09	metabat2.1	R005bc2008.D09_metabat2.1	Takara PrimeSTAR LongSeq 1x 150 ng (Q)	Acinetobacter baumannii	u52230ctg_len-2238789_circular-no_depth-30-30-30_duplicated-no	1075000	1100000	25000	38.984000	38.490000	43.230000	0.890354
R005bc2008.D09	metabat2.1	R005bc2008.D09_metabat2.1	Takara PrimeSTAR LongSeq 1x 150 ng (Q)	Acinetobacter baumannii	u52230ctg_len-2238789_circular-no_depth-30-30-30_duplicated-no	1100000	1125000	25000	37.980000	37.950000	43.230000	0.877863
R005bc2008.D09	metabat2.1	R005bc2008.D09_metabat2.1	Takara PrimeSTAR LongSeq 1x 150 ng (Q)	Acinetobacter baumannii	u52230ctg_len-2238789_circular-no_depth-30-30-30_duplicated-no	1125000	1150000	25000	37.504000	32.340000	43.230000	0.748092
R005bc2008.D09	metabat2.1	R005bc2008.D09_metabat2.1	Takara PrimeSTAR LongSeq 1x 150 ng (Q)	Acinetobacter baumannii	u52230ctg_len-2238789_circular-no_depth-30-30-30_duplicated-no	1150000	1175000	25000	36.352000	41.640000	43.230000	0.963220
R005bc2008.D09	metabat2.1	R005bc2008.D09_metabat2.1	Takara PrimeSTAR LongSeq 1x 150 ng (Q)	Acinetobacter baumannii	u52230ctg_len-2238789_circular-no_depth-30-30-30_duplicated-no	1175000	1200000	25000	38.640000	42.410000	43.230000	0.981032
R005bc2008.D09	metabat2.1	R005bc2008.D09_metabat2.1	Takara PrimeSTAR LongSeq 1x 150 ng (Q)	Acinetobacter baumannii	u52230ctg_len-2238789_circular-no_depth-30-30-30_duplicated-no	1200000	1225000	25000	38.868000	43.230000	43.230000	1.000000
R005bc2008.D09	metabat2.1	R005bc2008.D09_metabat2.1	Takara PrimeSTAR LongSeq 1x 150 ng (Q)	Acinetobacter baumannii	u52230ctg_len-2238789_circular-no_depth-30-30-30_duplicated-no	1225000	1250000	25000	40.360000	37.590000	43.230000	0.869535
R005bc2008.D09	metabat2.1	R005bc2008.D09_metabat2.1	Takara PrimeSTAR LongSeq 1x 150 ng (Q)	Acinetobacter baumannii	u52230ctg_len-2238789_circular-no_depth-30-30-30_duplicated-no	1250000	1275000	25000	39.808000	41.350000	43.230000	0.956512
R005bc2008.D09	metabat2.1	R005bc2008.D09_metabat2.1	Takara PrimeSTAR LongSeq 1x 150 ng (Q)	Acinetobacter baumannii	u52230ctg_len-2238789_circular-no_depth-30-30-30_duplicated-no	1275000	1300000	25000	39.716000	38.200000	43.230000	0.883646
R005bc2008.D09	metabat2.1	R005bc2008.D09_metabat2.1	Takara PrimeSTAR LongSeq 1x 150 ng (Q)	Acinetobacter baumannii	u52230ctg_len-2238789_circular-no_depth-30-30-30_duplicated-no	1300000	1325000	25000	39.084000	41.670000	43.230000	0.963914
R005bc2008.D09	metabat2.1	R005bc2008.D09_metabat2.1	Takara PrimeSTAR LongSeq 1x 150 ng (Q)	Acinetobacter baumannii	u52230ctg_len-2238789_circular-no_depth-30-30-30_duplicated-no	1325000	1350000	25000	38.336000	34.390000	43.230000	0.795512
R005bc2008.D09	metabat2.1	R005bc2008.D09_metabat2.1	Takara PrimeSTAR LongSeq 1x 150 ng (Q)	Acinetobacter baumannii	u52230ctg_len-2238789_circular-no_depth-30-30-30_duplicated-no	1350000	1375000	25000	39.176000	42.410000	43.230000	0.981032
R005bc2008.D09	metabat2.1	R005bc2008.D09_metabat2.1	Takara PrimeSTAR LongSeq 1x 150 ng (Q)	Acinetobacter baumannii	u52230ctg_len-2238789_circular-no_depth-30-30-30_duplicated-no	1375000	1400000	25000	38.300000	43.290000	43.230000	1.001388
R005bc2008.D09	metabat2.1	R005bc2008.D09_metabat2.1	Takara PrimeSTAR LongSeq 1x 150 ng (Q)	Acinetobacter baumannii	u52230ctg_len-2238789_circular-no_depth-30-30-30_duplicated-no	1400000	1425000	25000	38.960000	44.590000	43.230000	1.031460
R005bc2008.D09	metabat2.1	R005bc2008.D09_metabat2.1	Takara PrimeSTAR LongSeq 1x 150 ng (Q)	Acinetobacter baumannii	u52230ctg_len-2238789_circular-no_depth-30-30-30_duplicated-no	1425000	1450000	25000	39.064000	43.470000	43.230000	1.005552
R005bc2008.D09	metabat2.1	R005bc2008.D09_metabat2.1	Takara PrimeSTAR LongSeq 1x 150 ng (Q)	Acinetobacter baumannii	u52230ctg_len-2238789_circular-no_depth-30-30-30_duplicated-no	1450000	1475000	25000	38.928000	42.480000	43.230000	0.982651
R005bc2008.D09	metabat2.1	R005bc2008.D09_metabat2.1	Takara PrimeSTAR LongSeq 1x 150 ng (Q)	Acinetobacter baumannii	u52230ctg_len-2238789_circular-no_depth-30-30-30_duplicated-no	1475000	1500000	25000	38.212000	44.940000	43.230000	1.039556
R005bc2008.D09	metabat2.1	R005bc2008.D09_metabat2.1	Takara PrimeSTAR LongSeq 1x 150 ng (Q)	Acinetobacter baumannii	u52230ctg_len-2238789_circular-no_depth-30-30-30_duplicated-no	1500000	1525000	25000	36.764000	42.850000	43.230000	0.991210
R005bc2008.D09	metabat2.1	R005bc2008.D09_metabat2.1	Takara PrimeSTAR LongSeq 1x 150 ng (Q)	Acinetobacter baumannii	u52230ctg_len-2238789_circular-no_depth-30-30-30_duplicated-no	1525000	1550000	25000	39.644000	45.990000	43.230000	1.063845
R005bc2008.D09	metabat2.1	R005bc2008.D09_metabat2.1	Takara PrimeSTAR LongSeq 1x 150 ng (Q)	Acinetobacter baumannii	u52230ctg_len-2238789_circular-no_depth-30-30-30_duplicated-no	1550000	1575000	25000	38.624000	48.340000	43.230000	1.118205
R005bc2008.D09	metabat2.1	R005bc2008.D09_metabat2.1	Takara PrimeSTAR LongSeq 1x 150 ng (Q)	Acinetobacter baumannii	u52230ctg_len-2238789_circular-no_depth-30-30-30_duplicated-no	1575000	1600000	25000	37.620000	47.410000	43.230000	1.096692
R005bc2008.D09	metabat2.1	R005bc2008.D09_metabat2.1	Takara PrimeSTAR LongSeq 1x 150 ng (Q)	Acinetobacter baumannii	u52230ctg_len-2238789_circular-no_depth-30-30-30_duplicated-no	1600000	1625000	25000	37.512000	42.520000	43.230000	0.983576
R005bc2008.D09	metabat2.1	R005bc2008.D09_metabat2.1	Takara PrimeSTAR LongSeq 1x 150 ng (Q)	Acinetobacter baumannii	u52230ctg_len-2238789_circular-no_depth-30-30-30_duplicated-no	1625000	1650000	25000	38.520000	48.490000	43.230000	1.121675
R005bc2008.D09	metabat2.1	R005bc2008.D09_metabat2.1	Takara PrimeSTAR LongSeq 1x 150 ng (Q)	Acinetobacter baumannii	u52230ctg_len-2238789_circular-no_depth-30-30-30_duplicated-no	1650000	1675000	25000	38.280000	45.140000	43.230000	1.044182
R005bc2008.D09	metabat2.1	R005bc2008.D09_metabat2.1	Takara PrimeSTAR LongSeq 1x 150 ng (Q)	Acinetobacter baumannii	u52230ctg_len-2238789_circular-no_depth-30-30-30_duplicated-no	1675000	1700000	25000	43.284000	42.100000	43.230000	0.973861
R005bc2008.D09	metabat2.1	R005bc2008.D09_metabat2.1	Takara PrimeSTAR LongSeq 1x 150 ng (Q)	Acinetobacter baumannii	u52230ctg_len-2238789_circular-no_depth-30-30-30_duplicated-no	1700000	1725000	25000	40.924000	39.520000	43.230000	0.914180
R005bc2008.D09	metabat2.1	R005bc2008.D09_metabat2.1	Takara PrimeSTAR LongSeq 1x 150 ng (Q)	Acinetobacter baumannii	u52230ctg_len-2238789_circular-no_depth-30-30-30_duplicated-no	1725000	1750000	25000	39.468000	47.950000	43.230000	1.109183
R005bc2008.D09	metabat2.1	R005bc2008.D09_metabat2.1	Takara PrimeSTAR LongSeq 1x 150 ng (Q)	Acinetobacter baumannii	u52230ctg_len-2238789_circular-no_depth-30-30-30_duplicated-no	1750000	1775000	25000	38.728000	53.600000	43.230000	1.239880
R005bc2008.D09	metabat2.1	R005bc2008.D09_metabat2.1	Takara PrimeSTAR LongSeq 1x 150 ng (Q)	Acinetobacter baumannii	u52230ctg_len-2238789_circular-no_depth-30-30-30_duplicated-no	1775000	1800000	25000	39.020000	52.340000	43.230000	1.210733
R005bc2008.D09	metabat2.1	R005bc2008.D09_metabat2.1	Takara PrimeSTAR LongSeq 1x 150 ng (Q)	Acinetobacter baumannii	u52230ctg_len-2238789_circular-no_depth-30-30-30_duplicated-no	1800000	1825000	25000	38.812000	50.780000	43.230000	1.174647
R005bc2008.D09	metabat2.1	R005bc2008.D09_metabat2.1	Takara PrimeSTAR LongSeq 1x 150 ng (Q)	Acinetobacter baumannii	u52230ctg_len-2238789_circular-no_depth-30-30-30_duplicated-no	1825000	1850000	25000	38.560000	44.170000	43.230000	1.021744
R005bc2008.D09	metabat2.1	R005bc2008.D09_metabat2.1	Takara PrimeSTAR LongSeq 1x 150 ng (Q)	Acinetobacter baumannii	u52230ctg_len-2238789_circular-no_depth-30-30-30_duplicated-no	1850000	1875000	25000	39.996000	48.870000	43.230000	1.130465
R005bc2008.D09	metabat2.1	R005bc2008.D09_metabat2.1	Takara PrimeSTAR LongSeq 1x 150 ng (Q)	Acinetobacter baumannii	u52230ctg_len-2238789_circular-no_depth-30-30-30_duplicated-no	1875000	1900000	25000	39.800000	55.300000	43.230000	1.279204
R005bc2008.D09	metabat2.1	R005bc2008.D09_metabat2.1	Takara PrimeSTAR LongSeq 1x 150 ng (Q)	Acinetobacter baumannii	u52230ctg_len-2238789_circular-no_depth-30-30-30_duplicated-no	1900000	1925000	25000	38.712000	51.100000	43.230000	1.182050
R005bc2008.D09	metabat2.1	R005bc2008.D09_metabat2.1	Takara PrimeSTAR LongSeq 1x 150 ng (Q)	Acinetobacter baumannii	u52230ctg_len-2238789_circular-no_depth-30-30-30_duplicated-no	1925000	1950000	25000	39.524000	49.030000	43.230000	1.134166
R005bc2008.D09	metabat2.1	R005bc2008.D09_metabat2.1	Takara PrimeSTAR LongSeq 1x 150 ng (Q)	Acinetobacter baumannii	u52230ctg_len-2238789_circular-no_depth-30-30-30_duplicated-no	1950000	1975000	25000	40.712000	33.240000	43.230000	0.768910
R005bc2008.D09	metabat2.1	R005bc2008.D09_metabat2.1	Takara PrimeSTAR LongSeq 1x 150 ng (Q)	Acinetobacter baumannii	u52230ctg_len-2238789_circular-no_depth-30-30-30_duplicated-no	1975000	2000000	25000	38.420000	46.280000	43.230000	1.070553
R005bc2008.D09	metabat2.1	R005bc2008.D09_metabat2.1	Takara PrimeSTAR LongSeq 1x 150 ng (Q)	Acinetobacter baumannii	u52230ctg_len-2238789_circular-no_depth-30-30-30_duplicated-no	2000000	2025000	25000	40.988000	53.930000	43.230000	1.247513
R005bc2008.D09	metabat2.1	R005bc2008.D09_metabat2.1	Takara PrimeSTAR LongSeq 1x 150 ng (Q)	Acinetobacter baumannii	u52230ctg_len-2238789_circular-no_depth-30-30-30_duplicated-no	2025000	2050000	25000	40.592000	50.220000	43.230000	1.161693
R005bc2008.D09	metabat2.1	R005bc2008.D09_metabat2.1	Takara PrimeSTAR LongSeq 1x 150 ng (Q)	Acinetobacter baumannii	u52230ctg_len-2238789_circular-no_depth-30-30-30_duplicated-no	2050000	2075000	25000	39.372000	57.610000	43.230000	1.332639
R005bc2008.D09	metabat2.1	R005bc2008.D09_metabat2.1	Takara PrimeSTAR LongSeq 1x 150 ng (Q)	Acinetobacter baumannii	u52230ctg_len-2238789_circular-no_depth-30-30-30_duplicated-no	2075000	2100000	25000	37.432000	51.340000	43.230000	1.187601
R005bc2008.D09	metabat2.1	R005bc2008.D09_metabat2.1	Takara PrimeSTAR LongSeq 1x 150 ng (Q)	Acinetobacter baumannii	u52230ctg_len-2238789_circular-no_depth-30-30-30_duplicated-no	2100000	2125000	25000	38.396000	49.570000	43.230000	1.146657
R005bc2008.D09	metabat2.1	R005bc2008.D09_metabat2.1	Takara PrimeSTAR LongSeq 1x 150 ng (Q)	Acinetobacter baumannii	u52230ctg_len-2238789_circular-no_depth-30-30-30_duplicated-no	2125000	2150000	25000	41.164000	51.970000	43.230000	1.202174
R005bc2008.D09	metabat2.1	R005bc2008.D09_metabat2.1	Takara PrimeSTAR LongSeq 1x 150 ng (Q)	Acinetobacter baumannii	u52230ctg_len-2238789_circular-no_depth-30-30-30_duplicated-no	2150000	2175000	25000	39.816000	58.350000	43.230000	1.349757
R005bc2008.D09	metabat2.1	R005bc2008.D09_metabat2.1	Takara PrimeSTAR LongSeq 1x 150 ng (Q)	Acinetobacter baumannii	u52230ctg_len-2238789_circular-no_depth-30-30-30_duplicated-no	2175000	2200000	25000	40.584000	56.250000	43.230000	1.301180
R005bc2008.D09	metabat2.1	R005bc2008.D09_metabat2.1	Takara PrimeSTAR LongSeq 1x 150 ng (Q)	Acinetobacter baumannii	u52230ctg_len-2238789_circular-no_depth-30-30-30_duplicated-no	2200000	2225000	25000	38.276000	56.130000	43.230000	1.298404
R005bc2008.D09	metabat2.1	R005bc2008.D09_metabat2.1	Takara PrimeSTAR LongSeq 1x 150 ng (Q)	Acinetobacter baumannii	u55383ctg_len-1724509_circular-no_depth-36-36-36_duplicated-no	0	25000	25000	37.632000	24.970000	43.230000	0.577608
R005bc2008.D09	metabat2.1	R005bc2008.D09_metabat2.1	Takara PrimeSTAR LongSeq 1x 150 ng (Q)	Acinetobacter baumannii	u55383ctg_len-1724509_circular-no_depth-36-36-36_duplicated-no	25000	50000	25000	41.116000	36.510000	43.230000	0.844552
R005bc2008.D09	metabat2.1	R005bc2008.D09_metabat2.1	Takara PrimeSTAR LongSeq 1x 150 ng (Q)	Acinetobacter baumannii	u55383ctg_len-1724509_circular-no_depth-36-36-36_duplicated-no	50000	75000	25000	34.108000	40.430000	43.230000	0.935230
R005bc2008.D09	metabat2.1	R005bc2008.D09_metabat2.1	Takara PrimeSTAR LongSeq 1x 150 ng (Q)	Acinetobacter baumannii	u55383ctg_len-1724509_circular-no_depth-36-36-36_duplicated-no	75000	100000	25000	39.864000	40.850000	43.230000	0.944946
R005bc2008.D09	metabat2.1	R005bc2008.D09_metabat2.1	Takara PrimeSTAR LongSeq 1x 150 ng (Q)	Acinetobacter baumannii	u55383ctg_len-1724509_circular-no_depth-36-36-36_duplicated-no	100000	125000	25000	36.168000	43.230000	43.230000	1.000000
R005bc2008.D09	metabat2.1	R005bc2008.D09_metabat2.1	Takara PrimeSTAR LongSeq 1x 150 ng (Q)	Acinetobacter baumannii	u55383ctg_len-1724509_circular-no_depth-36-36-36_duplicated-no	125000	150000	25000	39.436000	47.530000	43.230000	1.099468
R005bc2008.D09	metabat2.1	R005bc2008.D09_metabat2.1	Takara PrimeSTAR LongSeq 1x 150 ng (Q)	Acinetobacter baumannii	u55383ctg_len-1724509_circular-no_depth-36-36-36_duplicated-no	150000	175000	25000	41.116000	40.520000	43.230000	0.937312
R005bc2008.D09	metabat2.1	R005bc2008.D09_metabat2.1	Takara PrimeSTAR LongSeq 1x 150 ng (Q)	Acinetobacter baumannii	u55383ctg_len-1724509_circular-no_depth-36-36-36_duplicated-no	175000	200000	25000	38.724000	36.940000	43.230000	0.854499
R005bc2008.D09	metabat2.1	R005bc2008.D09_metabat2.1	Takara PrimeSTAR LongSeq 1x 150 ng (Q)	Acinetobacter baumannii	u55383ctg_len-1724509_circular-no_depth-36-36-36_duplicated-no	200000	225000	25000	41.836000	38.860000	43.230000	0.898913
R005bc2008.D09	metabat2.1	R005bc2008.D09_metabat2.1	Takara PrimeSTAR LongSeq 1x 150 ng (Q)	Acinetobacter baumannii	u55383ctg_len-1724509_circular-no_depth-36-36-36_duplicated-no	225000	250000	25000	38.588000	42.710000	43.230000	0.987971
R005bc2008.D09	metabat2.1	R005bc2008.D09_metabat2.1	Takara PrimeSTAR LongSeq 1x 150 ng (Q)	Acinetobacter baumannii	u55383ctg_len-1724509_circular-no_depth-36-36-36_duplicated-no	250000	275000	25000	40.268000	34.750000	43.230000	0.803840
R005bc2008.D09	metabat2.1	R005bc2008.D09_metabat2.1	Takara PrimeSTAR LongSeq 1x 150 ng (Q)	Acinetobacter baumannii	u55383ctg_len-1724509_circular-no_depth-36-36-36_duplicated-no	275000	300000	25000	44.940000	39.870000	43.230000	0.922276
R005bc2008.D09	metabat2.1	R005bc2008.D09_metabat2.1	Takara PrimeSTAR LongSeq 1x 150 ng (Q)	Acinetobacter baumannii	u55383ctg_len-1724509_circular-no_depth-36-36-36_duplicated-no	300000	325000	25000	38.984000	40.670000	43.230000	0.940782
R005bc2008.D09	metabat2.1	R005bc2008.D09_metabat2.1	Takara PrimeSTAR LongSeq 1x 150 ng (Q)	Acinetobacter baumannii	u55383ctg_len-1724509_circular-no_depth-36-36-36_duplicated-no	325000	350000	25000	38.452000	41.130000	43.230000	0.951423
R005bc2008.D09	metabat2.1	R005bc2008.D09_metabat2.1	Takara PrimeSTAR LongSeq 1x 150 ng (Q)	Acinetobacter baumannii	u55383ctg_len-1724509_circular-no_depth-36-36-36_duplicated-no	350000	375000	25000	38.384000	41.250000	43.230000	0.954198
R005bc2008.D09	metabat2.1	R005bc2008.D09_metabat2.1	Takara PrimeSTAR LongSeq 1x 150 ng (Q)	Acinetobacter baumannii	u55383ctg_len-1724509_circular-no_depth-36-36-36_duplicated-no	375000	400000	25000	38.156000	44.950000	43.230000	1.039787
R005bc2008.D09	metabat2.1	R005bc2008.D09_metabat2.1	Takara PrimeSTAR LongSeq 1x 150 ng (Q)	Acinetobacter baumannii	u55383ctg_len-1724509_circular-no_depth-36-36-36_duplicated-no	400000	425000	25000	39.016000	41.500000	43.230000	0.959981
R005bc2008.D09	metabat2.1	R005bc2008.D09_metabat2.1	Takara PrimeSTAR LongSeq 1x 150 ng (Q)	Acinetobacter baumannii	u55383ctg_len-1724509_circular-no_depth-36-36-36_duplicated-no	425000	450000	25000	38.096000	43.370000	43.230000	1.003238
R005bc2008.D09	metabat2.1	R005bc2008.D09_metabat2.1	Takara PrimeSTAR LongSeq 1x 150 ng (Q)	Acinetobacter baumannii	u55383ctg_len-1724509_circular-no_depth-36-36-36_duplicated-no	450000	475000	25000	40.420000	37.870000	43.230000	0.876012
R005bc2008.D09	metabat2.1	R005bc2008.D09_metabat2.1	Takara PrimeSTAR LongSeq 1x 150 ng (Q)	Acinetobacter baumannii	u55383ctg_len-1724509_circular-no_depth-36-36-36_duplicated-no	475000	500000	25000	40.892000	39.720000	43.230000	0.918806
R005bc2008.D09	metabat2.1	R005bc2008.D09_metabat2.1	Takara PrimeSTAR LongSeq 1x 150 ng (Q)	Acinetobacter baumannii	u55383ctg_len-1724509_circular-no_depth-36-36-36_duplicated-no	500000	525000	25000	39.336000	43.530000	43.230000	1.006940
R005bc2008.D09	metabat2.1	R005bc2008.D09_metabat2.1	Takara PrimeSTAR LongSeq 1x 150 ng (Q)	Acinetobacter baumannii	u55383ctg_len-1724509_circular-no_depth-36-36-36_duplicated-no	525000	550000	25000	35.740000	43.960000	43.230000	1.016886
R005bc2008.D09	metabat2.1	R005bc2008.D09_metabat2.1	Takara PrimeSTAR LongSeq 1x 150 ng (Q)	Acinetobacter baumannii	u55383ctg_len-1724509_circular-no_depth-36-36-36_duplicated-no	550000	575000	25000	39.660000	45.550000	43.230000	1.053666
R005bc2008.D09	metabat2.1	R005bc2008.D09_metabat2.1	Takara PrimeSTAR LongSeq 1x 150 ng (Q)	Acinetobacter baumannii	u55383ctg_len-1724509_circular-no_depth-36-36-36_duplicated-no	575000	600000	25000	39.468000	45.240000	43.230000	1.046495
R005bc2008.D09	metabat2.1	R005bc2008.D09_metabat2.1	Takara PrimeSTAR LongSeq 1x 150 ng (Q)	Acinetobacter baumannii	u55383ctg_len-1724509_circular-no_depth-36-36-36_duplicated-no	600000	625000	25000	39.452000	44.170000	43.230000	1.021744
R005bc2008.D09	metabat2.1	R005bc2008.D09_metabat2.1	Takara PrimeSTAR LongSeq 1x 150 ng (Q)	Acinetobacter baumannii	u55383ctg_len-1724509_circular-no_depth-36-36-36_duplicated-no	625000	650000	25000	39.964000	43.200000	43.230000	0.999306
R005bc2008.D09	metabat2.1	R005bc2008.D09_metabat2.1	Takara PrimeSTAR LongSeq 1x 150 ng (Q)	Acinetobacter baumannii	u55383ctg_len-1724509_circular-no_depth-36-36-36_duplicated-no	650000	675000	25000	38.956000	47.890000	43.230000	1.107796
R005bc2008.D09	metabat2.1	R005bc2008.D09_metabat2.1	Takara PrimeSTAR LongSeq 1x 150 ng (Q)	Acinetobacter baumannii	u55383ctg_len-1724509_circular-no_depth-36-36-36_duplicated-no	675000	700000	25000	38.680000	48.820000	43.230000	1.129308
R005bc2008.D09	metabat2.1	R005bc2008.D09_metabat2.1	Takara PrimeSTAR LongSeq 1x 150 ng (Q)	Acinetobacter baumannii	u55383ctg_len-1724509_circular-no_depth-36-36-36_duplicated-no	700000	725000	25000	41.276000	49.660000	43.230000	1.148739
R005bc2008.D09	metabat2.1	R005bc2008.D09_metabat2.1	Takara PrimeSTAR LongSeq 1x 150 ng (Q)	Acinetobacter baumannii	u55383ctg_len-1724509_circular-no_depth-36-36-36_duplicated-no	725000	750000	25000	38.280000	47.180000	43.230000	1.091372
R005bc2008.D09	metabat2.1	R005bc2008.D09_metabat2.1	Takara PrimeSTAR LongSeq 1x 150 ng (Q)	Acinetobacter baumannii	u55383ctg_len-1724509_circular-no_depth-36-36-36_duplicated-no	750000	775000	25000	41.008000	47.190000	43.230000	1.091603
R005bc2008.D09	metabat2.1	R005bc2008.D09_metabat2.1	Takara PrimeSTAR LongSeq 1x 150 ng (Q)	Acinetobacter baumannii	u55383ctg_len-1724509_circular-no_depth-36-36-36_duplicated-no	775000	800000	25000	38.056000	53.070000	43.230000	1.227620
R005bc2008.D09	metabat2.1	R005bc2008.D09_metabat2.1	Takara PrimeSTAR LongSeq 1x 150 ng (Q)	Acinetobacter baumannii	u55383ctg_len-1724509_circular-no_depth-36-36-36_duplicated-no	800000	825000	25000	40.860000	47.810000	43.230000	1.105945
R005bc2008.D09	metabat2.1	R005bc2008.D09_metabat2.1	Takara PrimeSTAR LongSeq 1x 150 ng (Q)	Acinetobacter baumannii	u55383ctg_len-1724509_circular-no_depth-36-36-36_duplicated-no	825000	850000	25000	39.676000	54.510000	43.230000	1.260930
R005bc2008.D09	metabat2.1	R005bc2008.D09_metabat2.1	Takara PrimeSTAR LongSeq 1x 150 ng (Q)	Acinetobacter baumannii	u55383ctg_len-1724509_circular-no_depth-36-36-36_duplicated-no	850000	875000	25000	39.932000	47.480000	43.230000	1.098311
R005bc2008.D09	metabat2.1	R005bc2008.D09_metabat2.1	Takara PrimeSTAR LongSeq 1x 150 ng (Q)	Acinetobacter baumannii	u55383ctg_len-1724509_circular-no_depth-36-36-36_duplicated-no	875000	900000	25000	39.724000	50.050000	43.230000	1.157761
R005bc2008.D09	metabat2.1	R005bc2008.D09_metabat2.1	Takara PrimeSTAR LongSeq 1x 150 ng (Q)	Acinetobacter baumannii	u55383ctg_len-1724509_circular-no_depth-36-36-36_duplicated-no	900000	925000	25000	40.708000	48.260000	43.230000	1.116354
R005bc2008.D09	metabat2.1	R005bc2008.D09_metabat2.1	Takara PrimeSTAR LongSeq 1x 150 ng (Q)	Acinetobacter baumannii	u55383ctg_len-1724509_circular-no_depth-36-36-36_duplicated-no	925000	950000	25000	40.536000	46.390000	43.230000	1.073097
R005bc2008.D09	metabat2.1	R005bc2008.D09_metabat2.1	Takara PrimeSTAR LongSeq 1x 150 ng (Q)	Acinetobacter baumannii	u55383ctg_len-1724509_circular-no_depth-36-36-36_duplicated-no	950000	975000	25000	39.172000	43.700000	43.230000	1.010872
R005bc2008.D09	metabat2.1	R005bc2008.D09_metabat2.1	Takara PrimeSTAR LongSeq 1x 150 ng (Q)	Acinetobacter baumannii	u55383ctg_len-1724509_circular-no_depth-36-36-36_duplicated-no	975000	1000000	25000	39.852000	52.690000	43.230000	1.218830
R005bc2008.D09	metabat2.1	R005bc2008.D09_metabat2.1	Takara PrimeSTAR LongSeq 1x 150 ng (Q)	Acinetobacter baumannii	u55383ctg_len-1724509_circular-no_depth-36-36-36_duplicated-no	1000000	1025000	25000	39.292000	56.230000	43.230000	1.300717
R005bc2008.D09	metabat2.1	R005bc2008.D09_metabat2.1	Takara PrimeSTAR LongSeq 1x 150 ng (Q)	Acinetobacter baumannii	u55383ctg_len-1724509_circular-no_depth-36-36-36_duplicated-no	1025000	1050000	25000	40.872000	51.590000	43.230000	1.193384
R005bc2008.D09	metabat2.1	R005bc2008.D09_metabat2.1	Takara PrimeSTAR LongSeq 1x 150 ng (Q)	Acinetobacter baumannii	u55383ctg_len-1724509_circular-no_depth-36-36-36_duplicated-no	1050000	1075000	25000	40.420000	52.600000	43.230000	1.216748
R005bc2008.D09	metabat2.1	R005bc2008.D09_metabat2.1	Takara PrimeSTAR LongSeq 1x 150 ng (Q)	Acinetobacter baumannii	u55383ctg_len-1724509_circular-no_depth-36-36-36_duplicated-no	1075000	1100000	25000	41.660000	47.750000	43.230000	1.104557
R005bc2008.D09	metabat2.1	R005bc2008.D09_metabat2.1	Takara PrimeSTAR LongSeq 1x 150 ng (Q)	Acinetobacter baumannii	u55383ctg_len-1724509_circular-no_depth-36-36-36_duplicated-no	1100000	1125000	25000	40.780000	52.370000	43.230000	1.211427
R005bc2008.D09	metabat2.1	R005bc2008.D09_metabat2.1	Takara PrimeSTAR LongSeq 1x 150 ng (Q)	Acinetobacter baumannii	u55383ctg_len-1724509_circular-no_depth-36-36-36_duplicated-no	1125000	1150000	25000	38.452000	55.650000	43.230000	1.287300
R005bc2008.D09	metabat2.1	R005bc2008.D09_metabat2.1	Takara PrimeSTAR LongSeq 1x 150 ng (Q)	Acinetobacter baumannii	u55383ctg_len-1724509_circular-no_depth-36-36-36_duplicated-no	1150000	1175000	25000	40.764000	54.190000	43.230000	1.253528
R005bc2008.D09	metabat2.1	R005bc2008.D09_metabat2.1	Takara PrimeSTAR LongSeq 1x 150 ng (Q)	Acinetobacter baumannii	u55383ctg_len-1724509_circular-no_depth-36-36-36_duplicated-no	1175000	1200000	25000	40.624000	58.920000	43.230000	1.362942
R005bc2008.D09	metabat2.1	R005bc2008.D09_metabat2.1	Takara PrimeSTAR LongSeq 1x 150 ng (Q)	Acinetobacter baumannii	u55383ctg_len-1724509_circular-no_depth-36-36-36_duplicated-no	1200000	1225000	25000	40.804000	52.590000	43.230000	1.216516
R005bc2008.D09	metabat2.1	R005bc2008.D09_metabat2.1	Takara PrimeSTAR LongSeq 1x 150 ng (Q)	Acinetobacter baumannii	u55383ctg_len-1724509_circular-no_depth-36-36-36_duplicated-no	1225000	1250000	25000	39.084000	61.860000	43.230000	1.430951
R005bc2008.D09	metabat2.1	R005bc2008.D09_metabat2.1	Takara PrimeSTAR LongSeq 1x 150 ng (Q)	Acinetobacter baumannii	u55383ctg_len-1724509_circular-no_depth-36-36-36_duplicated-no	1250000	1275000	25000	41.344000	49.230000	43.230000	1.138793
R005bc2008.D09	metabat2.1	R005bc2008.D09_metabat2.1	Takara PrimeSTAR LongSeq 1x 150 ng (Q)	Acinetobacter baumannii	u55383ctg_len-1724509_circular-no_depth-36-36-36_duplicated-no	1275000	1300000	25000	39.900000	54.730000	43.230000	1.266019
R005bc2008.D09	metabat2.1	R005bc2008.D09_metabat2.1	Takara PrimeSTAR LongSeq 1x 150 ng (Q)	Acinetobacter baumannii	u55383ctg_len-1724509_circular-no_depth-36-36-36_duplicated-no	1300000	1325000	25000	42.008000	57.110000	43.230000	1.321073
R005bc2008.D09	metabat2.1	R005bc2008.D09_metabat2.1	Takara PrimeSTAR LongSeq 1x 150 ng (Q)	Acinetobacter baumannii	u55383ctg_len-1724509_circular-no_depth-36-36-36_duplicated-no	1325000	1350000	25000	40.696000	62.730000	43.230000	1.451076
R005bc2008.D09	metabat2.1	R005bc2008.D09_metabat2.1	Takara PrimeSTAR LongSeq 1x 150 ng (Q)	Acinetobacter baumannii	u55383ctg_len-1724509_circular-no_depth-36-36-36_duplicated-no	1350000	1375000	25000	40.744000	53.600000	43.230000	1.239880
R005bc2008.D09	metabat2.1	R005bc2008.D09_metabat2.1	Takara PrimeSTAR LongSeq 1x 150 ng (Q)	Acinetobacter baumannii	u55383ctg_len-1724509_circular-no_depth-36-36-36_duplicated-no	1375000	1400000	25000	35.548000	52.480000	43.230000	1.213972
R005bc2008.D09	metabat2.1	R005bc2008.D09_metabat2.1	Takara PrimeSTAR LongSeq 1x 150 ng (Q)	Acinetobacter baumannii	u55383ctg_len-1724509_circular-no_depth-36-36-36_duplicated-no	1400000	1425000	25000	45.380000	43.380000	43.230000	1.003470
R005bc2008.D09	metabat2.1	R005bc2008.D09_metabat2.1	Takara PrimeSTAR LongSeq 1x 150 ng (Q)	Acinetobacter baumannii	u55383ctg_len-1724509_circular-no_depth-36-36-36_duplicated-no	1425000	1450000	25000	42.160000	47.750000	43.230000	1.104557
R005bc2008.D09	metabat2.1	R005bc2008.D09_metabat2.1	Takara PrimeSTAR LongSeq 1x 150 ng (Q)	Acinetobacter baumannii	u55383ctg_len-1724509_circular-no_depth-36-36-36_duplicated-no	1450000	1475000	25000	41.420000	53.880000	43.230000	1.246357
R005bc2008.D09	metabat2.1	R005bc2008.D09_metabat2.1	Takara PrimeSTAR LongSeq 1x 150 ng (Q)	Acinetobacter baumannii	u55383ctg_len-1724509_circular-no_depth-36-36-36_duplicated-no	1475000	1500000	25000	38.384000	65.740000	43.230000	1.520703
R005bc2008.D09	metabat2.1	R005bc2008.D09_metabat2.1	Takara PrimeSTAR LongSeq 1x 150 ng (Q)	Acinetobacter baumannii	u55383ctg_len-1724509_circular-no_depth-36-36-36_duplicated-no	1500000	1525000	25000	40.812000	48.480000	43.230000	1.121443
R005bc2008.D09	metabat2.1	R005bc2008.D09_metabat2.1	Takara PrimeSTAR LongSeq 1x 150 ng (Q)	Acinetobacter baumannii	u55383ctg_len-1724509_circular-no_depth-36-36-36_duplicated-no	1525000	1550000	25000	41.292000	46.100000	43.230000	1.066389
R005bc2008.D09	metabat2.1	R005bc2008.D09_metabat2.1	Takara PrimeSTAR LongSeq 1x 150 ng (Q)	Acinetobacter baumannii	u55383ctg_len-1724509_circular-no_depth-36-36-36_duplicated-no	1550000	1575000	25000	40.056000	57.690000	43.230000	1.334490
R005bc2008.D09	metabat2.1	R005bc2008.D09_metabat2.1	Takara PrimeSTAR LongSeq 1x 150 ng (Q)	Acinetobacter baumannii	u55383ctg_len-1724509_circular-no_depth-36-36-36_duplicated-no	1575000	1600000	25000	40.504000	57.060000	43.230000	1.319917
R005bc2008.D09	metabat2.1	R005bc2008.D09_metabat2.1	Takara PrimeSTAR LongSeq 1x 150 ng (Q)	Acinetobacter baumannii	u55383ctg_len-1724509_circular-no_depth-36-36-36_duplicated-no	1600000	1625000	25000	40.356000	56.950000	43.230000	1.317372
R005bc2008.D09	metabat2.1	R005bc2008.D09_metabat2.1	Takara PrimeSTAR LongSeq 1x 150 ng (Q)	Acinetobacter baumannii	u55383ctg_len-1724509_circular-no_depth-36-36-36_duplicated-no	1625000	1650000	25000	38.960000	53.030000	43.230000	1.226694
R005bc2008.D09	metabat2.1	R005bc2008.D09_metabat2.1	Takara PrimeSTAR LongSeq 1x 150 ng (Q)	Acinetobacter baumannii	u55383ctg_len-1724509_circular-no_depth-36-36-36_duplicated-no	1650000	1675000	25000	40.856000	52.290000	43.230000	1.209577
R005bc2008.D09	metabat2.1	R005bc2008.D09_metabat2.1	Takara PrimeSTAR LongSeq 1x 150 ng (Q)	Acinetobacter baumannii	u55383ctg_len-1724509_circular-no_depth-36-36-36_duplicated-no	1675000	1700000	25000	40.600000	52.740000	43.230000	1.219986
R004bc2008.D09	metabat2.2	R004bc2008.D09_metabat2.2	Takara PrimeSTAR LongSeq 1x 150 ng	Acinetobacter baumannii	u62938ctg_len-1731538_circular-no_depth-40-40-40_duplicated-no	0	25000	25000	36.916000	38.060000	48.630000	0.782644
R004bc2008.D09	metabat2.2	R004bc2008.D09_metabat2.2	Takara PrimeSTAR LongSeq 1x 150 ng	Acinetobacter baumannii	u62938ctg_len-1731538_circular-no_depth-40-40-40_duplicated-no	25000	50000	25000	39.900000	64.560000	48.630000	1.327576
R004bc2008.D09	metabat2.2	R004bc2008.D09_metabat2.2	Takara PrimeSTAR LongSeq 1x 150 ng	Acinetobacter baumannii	u62938ctg_len-1731538_circular-no_depth-40-40-40_duplicated-no	50000	75000	25000	41.136000	64.580000	48.630000	1.327987
R004bc2008.D09	metabat2.2	R004bc2008.D09_metabat2.2	Takara PrimeSTAR LongSeq 1x 150 ng	Acinetobacter baumannii	u62938ctg_len-1731538_circular-no_depth-40-40-40_duplicated-no	75000	100000	25000	39.876000	68.500000	48.630000	1.408596
R004bc2008.D09	metabat2.2	R004bc2008.D09_metabat2.2	Takara PrimeSTAR LongSeq 1x 150 ng	Acinetobacter baumannii	u62938ctg_len-1731538_circular-no_depth-40-40-40_duplicated-no	100000	125000	25000	39.396000	69.370000	48.630000	1.426486
R004bc2008.D09	metabat2.2	R004bc2008.D09_metabat2.2	Takara PrimeSTAR LongSeq 1x 150 ng	Acinetobacter baumannii	u62938ctg_len-1731538_circular-no_depth-40-40-40_duplicated-no	125000	150000	25000	40.472000	61.440000	48.630000	1.263418
R004bc2008.D09	metabat2.2	R004bc2008.D09_metabat2.2	Takara PrimeSTAR LongSeq 1x 150 ng	Acinetobacter baumannii	u62938ctg_len-1731538_circular-no_depth-40-40-40_duplicated-no	150000	175000	25000	39.964000	62.720000	48.630000	1.289739
R004bc2008.D09	metabat2.2	R004bc2008.D09_metabat2.2	Takara PrimeSTAR LongSeq 1x 150 ng	Acinetobacter baumannii	u62938ctg_len-1731538_circular-no_depth-40-40-40_duplicated-no	175000	200000	25000	41.544000	58.690000	48.630000	1.206868
R004bc2008.D09	metabat2.2	R004bc2008.D09_metabat2.2	Takara PrimeSTAR LongSeq 1x 150 ng	Acinetobacter baumannii	u62938ctg_len-1731538_circular-no_depth-40-40-40_duplicated-no	200000	225000	25000	40.724000	58.620000	48.630000	1.205429
R004bc2008.D09	metabat2.2	R004bc2008.D09_metabat2.2	Takara PrimeSTAR LongSeq 1x 150 ng	Acinetobacter baumannii	u62938ctg_len-1731538_circular-no_depth-40-40-40_duplicated-no	225000	250000	25000	39.312000	65.350000	48.630000	1.343821
R004bc2008.D09	metabat2.2	R004bc2008.D09_metabat2.2	Takara PrimeSTAR LongSeq 1x 150 ng	Acinetobacter baumannii	u62938ctg_len-1731538_circular-no_depth-40-40-40_duplicated-no	250000	275000	25000	40.096000	56.050000	48.630000	1.152581
R004bc2008.D09	metabat2.2	R004bc2008.D09_metabat2.2	Takara PrimeSTAR LongSeq 1x 150 ng	Acinetobacter baumannii	u62938ctg_len-1731538_circular-no_depth-40-40-40_duplicated-no	275000	300000	25000	39.908000	61.530000	48.630000	1.265268
R004bc2008.D09	metabat2.2	R004bc2008.D09_metabat2.2	Takara PrimeSTAR LongSeq 1x 150 ng	Acinetobacter baumannii	u62938ctg_len-1731538_circular-no_depth-40-40-40_duplicated-no	300000	325000	25000	48.640000	53.840000	48.630000	1.107136
R004bc2008.D09	metabat2.2	R004bc2008.D09_metabat2.2	Takara PrimeSTAR LongSeq 1x 150 ng	Acinetobacter baumannii	u62938ctg_len-1731538_circular-no_depth-40-40-40_duplicated-no	325000	350000	25000	35.852000	61.800000	48.630000	1.270820
R004bc2008.D09	metabat2.2	R004bc2008.D09_metabat2.2	Takara PrimeSTAR LongSeq 1x 150 ng	Acinetobacter baumannii	u62938ctg_len-1731538_circular-no_depth-40-40-40_duplicated-no	350000	375000	25000	39.760000	60.010000	48.630000	1.234012
R004bc2008.D09	metabat2.2	R004bc2008.D09_metabat2.2	Takara PrimeSTAR LongSeq 1x 150 ng	Acinetobacter baumannii	u62938ctg_len-1731538_circular-no_depth-40-40-40_duplicated-no	375000	400000	25000	40.028000	62.490000	48.630000	1.285009
R004bc2008.D09	metabat2.2	R004bc2008.D09_metabat2.2	Takara PrimeSTAR LongSeq 1x 150 ng	Acinetobacter baumannii	u62938ctg_len-1731538_circular-no_depth-40-40-40_duplicated-no	400000	425000	25000	42.472000	53.140000	48.630000	1.092741
R004bc2008.D09	metabat2.2	R004bc2008.D09_metabat2.2	Takara PrimeSTAR LongSeq 1x 150 ng	Acinetobacter baumannii	u62938ctg_len-1731538_circular-no_depth-40-40-40_duplicated-no	425000	450000	25000	39.564000	58.010000	48.630000	1.192885
R004bc2008.D09	metabat2.2	R004bc2008.D09_metabat2.2	Takara PrimeSTAR LongSeq 1x 150 ng	Acinetobacter baumannii	u62938ctg_len-1731538_circular-no_depth-40-40-40_duplicated-no	450000	475000	25000	40.900000	62.000000	48.630000	1.274933
R004bc2008.D09	metabat2.2	R004bc2008.D09_metabat2.2	Takara PrimeSTAR LongSeq 1x 150 ng	Acinetobacter baumannii	u62938ctg_len-1731538_circular-no_depth-40-40-40_duplicated-no	475000	500000	25000	40.400000	60.290000	48.630000	1.239770
R004bc2008.D09	metabat2.2	R004bc2008.D09_metabat2.2	Takara PrimeSTAR LongSeq 1x 150 ng	Acinetobacter baumannii	u62938ctg_len-1731538_circular-no_depth-40-40-40_duplicated-no	500000	525000	25000	40.392000	61.350000	48.630000	1.261567
R004bc2008.D09	metabat2.2	R004bc2008.D09_metabat2.2	Takara PrimeSTAR LongSeq 1x 150 ng	Acinetobacter baumannii	u62938ctg_len-1731538_circular-no_depth-40-40-40_duplicated-no	525000	550000	25000	40.768000	57.270000	48.630000	1.177668
R004bc2008.D09	metabat2.2	R004bc2008.D09_metabat2.2	Takara PrimeSTAR LongSeq 1x 150 ng	Acinetobacter baumannii	u62938ctg_len-1731538_circular-no_depth-40-40-40_duplicated-no	550000	575000	25000	40.048000	60.080000	48.630000	1.235451
R004bc2008.D09	metabat2.2	R004bc2008.D09_metabat2.2	Takara PrimeSTAR LongSeq 1x 150 ng	Acinetobacter baumannii	u62938ctg_len-1731538_circular-no_depth-40-40-40_duplicated-no	575000	600000	25000	38.972000	60.740000	48.630000	1.249023
R004bc2008.D09	metabat2.2	R004bc2008.D09_metabat2.2	Takara PrimeSTAR LongSeq 1x 150 ng	Acinetobacter baumannii	u62938ctg_len-1731538_circular-no_depth-40-40-40_duplicated-no	600000	625000	25000	40.368000	61.590000	48.630000	1.266502
R004bc2008.D09	metabat2.2	R004bc2008.D09_metabat2.2	Takara PrimeSTAR LongSeq 1x 150 ng	Acinetobacter baumannii	u62938ctg_len-1731538_circular-no_depth-40-40-40_duplicated-no	625000	650000	25000	41.840000	55.470000	48.630000	1.140654
R004bc2008.D09	metabat2.2	R004bc2008.D09_metabat2.2	Takara PrimeSTAR LongSeq 1x 150 ng	Acinetobacter baumannii	u62938ctg_len-1731538_circular-no_depth-40-40-40_duplicated-no	650000	675000	25000	40.584000	57.900000	48.630000	1.190623
R004bc2008.D09	metabat2.2	R004bc2008.D09_metabat2.2	Takara PrimeSTAR LongSeq 1x 150 ng	Acinetobacter baumannii	u62938ctg_len-1731538_circular-no_depth-40-40-40_duplicated-no	675000	700000	25000	40.852000	48.630000	48.630000	1.000000
R004bc2008.D09	metabat2.2	R004bc2008.D09_metabat2.2	Takara PrimeSTAR LongSeq 1x 150 ng	Acinetobacter baumannii	u62938ctg_len-1731538_circular-no_depth-40-40-40_duplicated-no	700000	725000	25000	39.720000	62.550000	48.630000	1.286243
R004bc2008.D09	metabat2.2	R004bc2008.D09_metabat2.2	Takara PrimeSTAR LongSeq 1x 150 ng	Acinetobacter baumannii	u62938ctg_len-1731538_circular-no_depth-40-40-40_duplicated-no	725000	750000	25000	39.664000	58.210000	48.630000	1.196998
R004bc2008.D09	metabat2.2	R004bc2008.D09_metabat2.2	Takara PrimeSTAR LongSeq 1x 150 ng	Acinetobacter baumannii	u62938ctg_len-1731538_circular-no_depth-40-40-40_duplicated-no	750000	775000	25000	39.188000	56.720000	48.630000	1.166358
R004bc2008.D09	metabat2.2	R004bc2008.D09_metabat2.2	Takara PrimeSTAR LongSeq 1x 150 ng	Acinetobacter baumannii	u62938ctg_len-1731538_circular-no_depth-40-40-40_duplicated-no	775000	800000	25000	40.104000	58.360000	48.630000	1.200082
R004bc2008.D09	metabat2.2	R004bc2008.D09_metabat2.2	Takara PrimeSTAR LongSeq 1x 150 ng	Acinetobacter baumannii	u62938ctg_len-1731538_circular-no_depth-40-40-40_duplicated-no	800000	825000	25000	40.916000	56.590000	48.630000	1.163685
R004bc2008.D09	metabat2.2	R004bc2008.D09_metabat2.2	Takara PrimeSTAR LongSeq 1x 150 ng	Acinetobacter baumannii	u62938ctg_len-1731538_circular-no_depth-40-40-40_duplicated-no	825000	850000	25000	39.616000	55.680000	48.630000	1.144972
R004bc2008.D09	metabat2.2	R004bc2008.D09_metabat2.2	Takara PrimeSTAR LongSeq 1x 150 ng	Acinetobacter baumannii	u62938ctg_len-1731538_circular-no_depth-40-40-40_duplicated-no	850000	875000	25000	40.308000	51.750000	48.630000	1.064158
R004bc2008.D09	metabat2.2	R004bc2008.D09_metabat2.2	Takara PrimeSTAR LongSeq 1x 150 ng	Acinetobacter baumannii	u62938ctg_len-1731538_circular-no_depth-40-40-40_duplicated-no	875000	900000	25000	39.744000	56.370000	48.630000	1.159161
R004bc2008.D09	metabat2.2	R004bc2008.D09_metabat2.2	Takara PrimeSTAR LongSeq 1x 150 ng	Acinetobacter baumannii	u62938ctg_len-1731538_circular-no_depth-40-40-40_duplicated-no	900000	925000	25000	39.944000	49.450000	48.630000	1.016862
R004bc2008.D09	metabat2.2	R004bc2008.D09_metabat2.2	Takara PrimeSTAR LongSeq 1x 150 ng	Acinetobacter baumannii	u62938ctg_len-1731538_circular-no_depth-40-40-40_duplicated-no	925000	950000	25000	39.196000	53.560000	48.630000	1.101378
R004bc2008.D09	metabat2.2	R004bc2008.D09_metabat2.2	Takara PrimeSTAR LongSeq 1x 150 ng	Acinetobacter baumannii	u62938ctg_len-1731538_circular-no_depth-40-40-40_duplicated-no	950000	975000	25000	40.744000	53.270000	48.630000	1.095414
R004bc2008.D09	metabat2.2	R004bc2008.D09_metabat2.2	Takara PrimeSTAR LongSeq 1x 150 ng	Acinetobacter baumannii	u62938ctg_len-1731538_circular-no_depth-40-40-40_duplicated-no	975000	1000000	25000	38.228000	52.280000	48.630000	1.075057
R004bc2008.D09	metabat2.2	R004bc2008.D09_metabat2.2	Takara PrimeSTAR LongSeq 1x 150 ng	Acinetobacter baumannii	u62938ctg_len-1731538_circular-no_depth-40-40-40_duplicated-no	1000000	1025000	25000	41.108000	49.170000	48.630000	1.011104
R004bc2008.D09	metabat2.2	R004bc2008.D09_metabat2.2	Takara PrimeSTAR LongSeq 1x 150 ng	Acinetobacter baumannii	u62938ctg_len-1731538_circular-no_depth-40-40-40_duplicated-no	1025000	1050000	25000	38.640000	47.240000	48.630000	0.971417
R004bc2008.D09	metabat2.2	R004bc2008.D09_metabat2.2	Takara PrimeSTAR LongSeq 1x 150 ng	Acinetobacter baumannii	u62938ctg_len-1731538_circular-no_depth-40-40-40_duplicated-no	1050000	1075000	25000	39.252000	51.750000	48.630000	1.064158
R004bc2008.D09	metabat2.2	R004bc2008.D09_metabat2.2	Takara PrimeSTAR LongSeq 1x 150 ng	Acinetobacter baumannii	u62938ctg_len-1731538_circular-no_depth-40-40-40_duplicated-no	1075000	1100000	25000	39.456000	49.710000	48.630000	1.022209
R004bc2008.D09	metabat2.2	R004bc2008.D09_metabat2.2	Takara PrimeSTAR LongSeq 1x 150 ng	Acinetobacter baumannii	u62938ctg_len-1731538_circular-no_depth-40-40-40_duplicated-no	1100000	1125000	25000	39.664000	50.770000	48.630000	1.044006
R004bc2008.D09	metabat2.2	R004bc2008.D09_metabat2.2	Takara PrimeSTAR LongSeq 1x 150 ng	Acinetobacter baumannii	u62938ctg_len-1731538_circular-no_depth-40-40-40_duplicated-no	1125000	1150000	25000	39.296000	51.990000	48.630000	1.069093
R004bc2008.D09	metabat2.2	R004bc2008.D09_metabat2.2	Takara PrimeSTAR LongSeq 1x 150 ng	Acinetobacter baumannii	u62938ctg_len-1731538_circular-no_depth-40-40-40_duplicated-no	1150000	1175000	25000	41.232000	50.630000	48.630000	1.041127
R004bc2008.D09	metabat2.2	R004bc2008.D09_metabat2.2	Takara PrimeSTAR LongSeq 1x 150 ng	Acinetobacter baumannii	u62938ctg_len-1731538_circular-no_depth-40-40-40_duplicated-no	1175000	1200000	25000	34.508000	46.590000	48.630000	0.958051
R004bc2008.D09	metabat2.2	R004bc2008.D09_metabat2.2	Takara PrimeSTAR LongSeq 1x 150 ng	Acinetobacter baumannii	u62938ctg_len-1731538_circular-no_depth-40-40-40_duplicated-no	1200000	1225000	25000	39.132000	43.200000	48.630000	0.888341
R004bc2008.D09	metabat2.2	R004bc2008.D09_metabat2.2	Takara PrimeSTAR LongSeq 1x 150 ng	Acinetobacter baumannii	u62938ctg_len-1731538_circular-no_depth-40-40-40_duplicated-no	1225000	1250000	25000	40.236000	45.380000	48.630000	0.933169
R004bc2008.D09	metabat2.2	R004bc2008.D09_metabat2.2	Takara PrimeSTAR LongSeq 1x 150 ng	Acinetobacter baumannii	u62938ctg_len-1731538_circular-no_depth-40-40-40_duplicated-no	1250000	1275000	25000	41.400000	46.240000	48.630000	0.950853
R004bc2008.D09	metabat2.2	R004bc2008.D09_metabat2.2	Takara PrimeSTAR LongSeq 1x 150 ng	Acinetobacter baumannii	u62938ctg_len-1731538_circular-no_depth-40-40-40_duplicated-no	1275000	1300000	25000	38.428000	52.490000	48.630000	1.079375
R004bc2008.D09	metabat2.2	R004bc2008.D09_metabat2.2	Takara PrimeSTAR LongSeq 1x 150 ng	Acinetobacter baumannii	u62938ctg_len-1731538_circular-no_depth-40-40-40_duplicated-no	1300000	1325000	25000	38.456000	50.500000	48.630000	1.038454
R004bc2008.D09	metabat2.2	R004bc2008.D09_metabat2.2	Takara PrimeSTAR LongSeq 1x 150 ng	Acinetobacter baumannii	u62938ctg_len-1731538_circular-no_depth-40-40-40_duplicated-no	1325000	1350000	25000	38.620000	46.880000	48.630000	0.964014
R004bc2008.D09	metabat2.2	R004bc2008.D09_metabat2.2	Takara PrimeSTAR LongSeq 1x 150 ng	Acinetobacter baumannii	u62938ctg_len-1731538_circular-no_depth-40-40-40_duplicated-no	1350000	1375000	25000	37.920000	41.970000	48.630000	0.863048
R004bc2008.D09	metabat2.2	R004bc2008.D09_metabat2.2	Takara PrimeSTAR LongSeq 1x 150 ng	Acinetobacter baumannii	u62938ctg_len-1731538_circular-no_depth-40-40-40_duplicated-no	1375000	1400000	25000	38.332000	43.330000	48.630000	0.891014
R004bc2008.D09	metabat2.2	R004bc2008.D09_metabat2.2	Takara PrimeSTAR LongSeq 1x 150 ng	Acinetobacter baumannii	u62938ctg_len-1731538_circular-no_depth-40-40-40_duplicated-no	1400000	1425000	25000	39.268000	46.460000	48.630000	0.955377
R004bc2008.D09	metabat2.2	R004bc2008.D09_metabat2.2	Takara PrimeSTAR LongSeq 1x 150 ng	Acinetobacter baumannii	u62938ctg_len-1731538_circular-no_depth-40-40-40_duplicated-no	1425000	1450000	25000	40.996000	45.210000	48.630000	0.929673
R004bc2008.D09	metabat2.2	R004bc2008.D09_metabat2.2	Takara PrimeSTAR LongSeq 1x 150 ng	Acinetobacter baumannii	u62938ctg_len-1731538_circular-no_depth-40-40-40_duplicated-no	1450000	1475000	25000	44.452000	42.320000	48.630000	0.870245
R004bc2008.D09	metabat2.2	R004bc2008.D09_metabat2.2	Takara PrimeSTAR LongSeq 1x 150 ng	Acinetobacter baumannii	u62938ctg_len-1731538_circular-no_depth-40-40-40_duplicated-no	1475000	1500000	25000	38.036000	45.670000	48.630000	0.939132
R004bc2008.D09	metabat2.2	R004bc2008.D09_metabat2.2	Takara PrimeSTAR LongSeq 1x 150 ng	Acinetobacter baumannii	u62938ctg_len-1731538_circular-no_depth-40-40-40_duplicated-no	1500000	1525000	25000	41.608000	47.330000	48.630000	0.973268
R004bc2008.D09	metabat2.2	R004bc2008.D09_metabat2.2	Takara PrimeSTAR LongSeq 1x 150 ng	Acinetobacter baumannii	u62938ctg_len-1731538_circular-no_depth-40-40-40_duplicated-no	1525000	1550000	25000	39.128000	44.650000	48.630000	0.918158
R004bc2008.D09	metabat2.2	R004bc2008.D09_metabat2.2	Takara PrimeSTAR LongSeq 1x 150 ng	Acinetobacter baumannii	u62938ctg_len-1731538_circular-no_depth-40-40-40_duplicated-no	1550000	1575000	25000	40.856000	43.480000	48.630000	0.894098
R004bc2008.D09	metabat2.2	R004bc2008.D09_metabat2.2	Takara PrimeSTAR LongSeq 1x 150 ng	Acinetobacter baumannii	u62938ctg_len-1731538_circular-no_depth-40-40-40_duplicated-no	1575000	1600000	25000	39.744000	49.020000	48.630000	1.008020
R004bc2008.D09	metabat2.2	R004bc2008.D09_metabat2.2	Takara PrimeSTAR LongSeq 1x 150 ng	Acinetobacter baumannii	u62938ctg_len-1731538_circular-no_depth-40-40-40_duplicated-no	1600000	1625000	25000	36.448000	43.340000	48.630000	0.891219
R004bc2008.D09	metabat2.2	R004bc2008.D09_metabat2.2	Takara PrimeSTAR LongSeq 1x 150 ng	Acinetobacter baumannii	u62938ctg_len-1731538_circular-no_depth-40-40-40_duplicated-no	1625000	1650000	25000	40.228000	46.880000	48.630000	0.964014
R004bc2008.D09	metabat2.2	R004bc2008.D09_metabat2.2	Takara PrimeSTAR LongSeq 1x 150 ng	Acinetobacter baumannii	u62938ctg_len-1731538_circular-no_depth-40-40-40_duplicated-no	1650000	1675000	25000	33.720000	43.150000	48.630000	0.887312
R004bc2008.D09	metabat2.2	R004bc2008.D09_metabat2.2	Takara PrimeSTAR LongSeq 1x 150 ng	Acinetobacter baumannii	u62938ctg_len-1731538_circular-no_depth-40-40-40_duplicated-no	1675000	1700000	25000	40.792000	39.800000	48.630000	0.818425
R004bc2008.D09	metabat2.2	R004bc2008.D09_metabat2.2	Takara PrimeSTAR LongSeq 1x 150 ng	Acinetobacter baumannii	u62938ctg_len-1731538_circular-no_depth-40-40-40_duplicated-no	1700000	1725000	25000	39.144000	42.330000	48.630000	0.870450
R004bc2008.D09	metabat2.2	R004bc2008.D09_metabat2.2	Takara PrimeSTAR LongSeq 1x 150 ng	Acinetobacter baumannii	u8478ctg_len-2269899_circular-no_depth-33-33-33_duplicated-no	0	25000	25000	37.672000	38.590000	48.630000	0.793543
R004bc2008.D09	metabat2.2	R004bc2008.D09_metabat2.2	Takara PrimeSTAR LongSeq 1x 150 ng	Acinetobacter baumannii	u8478ctg_len-2269899_circular-no_depth-33-33-33_duplicated-no	25000	50000	25000	38.416000	62.660000	48.630000	1.288505
R004bc2008.D09	metabat2.2	R004bc2008.D09_metabat2.2	Takara PrimeSTAR LongSeq 1x 150 ng	Acinetobacter baumannii	u8478ctg_len-2269899_circular-no_depth-33-33-33_duplicated-no	50000	75000	25000	40.076000	63.360000	48.630000	1.302899
R004bc2008.D09	metabat2.2	R004bc2008.D09_metabat2.2	Takara PrimeSTAR LongSeq 1x 150 ng	Acinetobacter baumannii	u8478ctg_len-2269899_circular-no_depth-33-33-33_duplicated-no	75000	100000	25000	40.428000	74.230000	48.630000	1.526424
R004bc2008.D09	metabat2.2	R004bc2008.D09_metabat2.2	Takara PrimeSTAR LongSeq 1x 150 ng	Acinetobacter baumannii	u8478ctg_len-2269899_circular-no_depth-33-33-33_duplicated-no	100000	125000	25000	38.980000	60.830000	48.630000	1.250874
R004bc2008.D09	metabat2.2	R004bc2008.D09_metabat2.2	Takara PrimeSTAR LongSeq 1x 150 ng	Acinetobacter baumannii	u8478ctg_len-2269899_circular-no_depth-33-33-33_duplicated-no	125000	150000	25000	38.976000	63.800000	48.630000	1.311947
R004bc2008.D09	metabat2.2	R004bc2008.D09_metabat2.2	Takara PrimeSTAR LongSeq 1x 150 ng	Acinetobacter baumannii	u8478ctg_len-2269899_circular-no_depth-33-33-33_duplicated-no	150000	175000	25000	38.036000	63.090000	48.630000	1.297347
R004bc2008.D09	metabat2.2	R004bc2008.D09_metabat2.2	Takara PrimeSTAR LongSeq 1x 150 ng	Acinetobacter baumannii	u8478ctg_len-2269899_circular-no_depth-33-33-33_duplicated-no	175000	200000	25000	40.504000	60.230000	48.630000	1.238536
R004bc2008.D09	metabat2.2	R004bc2008.D09_metabat2.2	Takara PrimeSTAR LongSeq 1x 150 ng	Acinetobacter baumannii	u8478ctg_len-2269899_circular-no_depth-33-33-33_duplicated-no	200000	225000	25000	40.436000	54.820000	48.630000	1.127288
R004bc2008.D09	metabat2.2	R004bc2008.D09_metabat2.2	Takara PrimeSTAR LongSeq 1x 150 ng	Acinetobacter baumannii	u8478ctg_len-2269899_circular-no_depth-33-33-33_duplicated-no	225000	250000	25000	40.492000	51.800000	48.630000	1.065186
R004bc2008.D09	metabat2.2	R004bc2008.D09_metabat2.2	Takara PrimeSTAR LongSeq 1x 150 ng	Acinetobacter baumannii	u8478ctg_len-2269899_circular-no_depth-33-33-33_duplicated-no	250000	275000	25000	38.748000	57.400000	48.630000	1.180341
R004bc2008.D09	metabat2.2	R004bc2008.D09_metabat2.2	Takara PrimeSTAR LongSeq 1x 150 ng	Acinetobacter baumannii	u8478ctg_len-2269899_circular-no_depth-33-33-33_duplicated-no	275000	300000	25000	41.792000	59.400000	48.630000	1.221468
R004bc2008.D09	metabat2.2	R004bc2008.D09_metabat2.2	Takara PrimeSTAR LongSeq 1x 150 ng	Acinetobacter baumannii	u8478ctg_len-2269899_circular-no_depth-33-33-33_duplicated-no	300000	325000	25000	40.076000	58.290000	48.630000	1.198643
R004bc2008.D09	metabat2.2	R004bc2008.D09_metabat2.2	Takara PrimeSTAR LongSeq 1x 150 ng	Acinetobacter baumannii	u8478ctg_len-2269899_circular-no_depth-33-33-33_duplicated-no	325000	350000	25000	38.316000	54.510000	48.630000	1.120913
R004bc2008.D09	metabat2.2	R004bc2008.D09_metabat2.2	Takara PrimeSTAR LongSeq 1x 150 ng	Acinetobacter baumannii	u8478ctg_len-2269899_circular-no_depth-33-33-33_duplicated-no	350000	375000	25000	39.784000	54.740000	48.630000	1.125643
R004bc2008.D09	metabat2.2	R004bc2008.D09_metabat2.2	Takara PrimeSTAR LongSeq 1x 150 ng	Acinetobacter baumannii	u8478ctg_len-2269899_circular-no_depth-33-33-33_duplicated-no	375000	400000	25000	40.308000	54.210000	48.630000	1.114744
R004bc2008.D09	metabat2.2	R004bc2008.D09_metabat2.2	Takara PrimeSTAR LongSeq 1x 150 ng	Acinetobacter baumannii	u8478ctg_len-2269899_circular-no_depth-33-33-33_duplicated-no	400000	425000	25000	39.504000	55.180000	48.630000	1.134691
R004bc2008.D09	metabat2.2	R004bc2008.D09_metabat2.2	Takara PrimeSTAR LongSeq 1x 150 ng	Acinetobacter baumannii	u8478ctg_len-2269899_circular-no_depth-33-33-33_duplicated-no	425000	450000	25000	38.208000	55.320000	48.630000	1.137569
R004bc2008.D09	metabat2.2	R004bc2008.D09_metabat2.2	Takara PrimeSTAR LongSeq 1x 150 ng	Acinetobacter baumannii	u8478ctg_len-2269899_circular-no_depth-33-33-33_duplicated-no	450000	475000	25000	39.644000	56.690000	48.630000	1.165741
R004bc2008.D09	metabat2.2	R004bc2008.D09_metabat2.2	Takara PrimeSTAR LongSeq 1x 150 ng	Acinetobacter baumannii	u8478ctg_len-2269899_circular-no_depth-33-33-33_duplicated-no	475000	500000	25000	38.336000	50.100000	48.630000	1.030228
R004bc2008.D09	metabat2.2	R004bc2008.D09_metabat2.2	Takara PrimeSTAR LongSeq 1x 150 ng	Acinetobacter baumannii	u8478ctg_len-2269899_circular-no_depth-33-33-33_duplicated-no	500000	525000	25000	39.248000	55.810000	48.630000	1.147645
R004bc2008.D09	metabat2.2	R004bc2008.D09_metabat2.2	Takara PrimeSTAR LongSeq 1x 150 ng	Acinetobacter baumannii	u8478ctg_len-2269899_circular-no_depth-33-33-33_duplicated-no	525000	550000	25000	39.096000	53.680000	48.630000	1.103845
R004bc2008.D09	metabat2.2	R004bc2008.D09_metabat2.2	Takara PrimeSTAR LongSeq 1x 150 ng	Acinetobacter baumannii	u8478ctg_len-2269899_circular-no_depth-33-33-33_duplicated-no	550000	575000	25000	43.952000	44.580000	48.630000	0.916718
R004bc2008.D09	metabat2.2	R004bc2008.D09_metabat2.2	Takara PrimeSTAR LongSeq 1x 150 ng	Acinetobacter baumannii	u8478ctg_len-2269899_circular-no_depth-33-33-33_duplicated-no	575000	600000	25000	40.028000	46.640000	48.630000	0.959079
R004bc2008.D09	metabat2.2	R004bc2008.D09_metabat2.2	Takara PrimeSTAR LongSeq 1x 150 ng	Acinetobacter baumannii	u8478ctg_len-2269899_circular-no_depth-33-33-33_duplicated-no	600000	625000	25000	37.900000	48.700000	48.630000	1.001439
R004bc2008.D09	metabat2.2	R004bc2008.D09_metabat2.2	Takara PrimeSTAR LongSeq 1x 150 ng	Acinetobacter baumannii	u8478ctg_len-2269899_circular-no_depth-33-33-33_duplicated-no	625000	650000	25000	36.156000	54.780000	48.630000	1.126465
R004bc2008.D09	metabat2.2	R004bc2008.D09_metabat2.2	Takara PrimeSTAR LongSeq 1x 150 ng	Acinetobacter baumannii	u8478ctg_len-2269899_circular-no_depth-33-33-33_duplicated-no	650000	675000	25000	40.316000	52.710000	48.630000	1.083899
R004bc2008.D09	metabat2.2	R004bc2008.D09_metabat2.2	Takara PrimeSTAR LongSeq 1x 150 ng	Acinetobacter baumannii	u8478ctg_len-2269899_circular-no_depth-33-33-33_duplicated-no	675000	700000	25000	37.676000	54.210000	48.630000	1.114744
R004bc2008.D09	metabat2.2	R004bc2008.D09_metabat2.2	Takara PrimeSTAR LongSeq 1x 150 ng	Acinetobacter baumannii	u8478ctg_len-2269899_circular-no_depth-33-33-33_duplicated-no	700000	725000	25000	38.732000	56.790000	48.630000	1.167798
R004bc2008.D09	metabat2.2	R004bc2008.D09_metabat2.2	Takara PrimeSTAR LongSeq 1x 150 ng	Acinetobacter baumannii	u8478ctg_len-2269899_circular-no_depth-33-33-33_duplicated-no	725000	750000	25000	39.408000	54.690000	48.630000	1.124614
R004bc2008.D09	metabat2.2	R004bc2008.D09_metabat2.2	Takara PrimeSTAR LongSeq 1x 150 ng	Acinetobacter baumannii	u8478ctg_len-2269899_circular-no_depth-33-33-33_duplicated-no	750000	775000	25000	36.840000	48.590000	48.630000	0.999177
R004bc2008.D09	metabat2.2	R004bc2008.D09_metabat2.2	Takara PrimeSTAR LongSeq 1x 150 ng	Acinetobacter baumannii	u8478ctg_len-2269899_circular-no_depth-33-33-33_duplicated-no	775000	800000	25000	38.188000	47.530000	48.630000	0.977380
R004bc2008.D09	metabat2.2	R004bc2008.D09_metabat2.2	Takara PrimeSTAR LongSeq 1x 150 ng	Acinetobacter baumannii	u8478ctg_len-2269899_circular-no_depth-33-33-33_duplicated-no	800000	825000	25000	38.584000	52.260000	48.630000	1.074645
R004bc2008.D09	metabat2.2	R004bc2008.D09_metabat2.2	Takara PrimeSTAR LongSeq 1x 150 ng	Acinetobacter baumannii	u8478ctg_len-2269899_circular-no_depth-33-33-33_duplicated-no	825000	850000	25000	39.324000	51.200000	48.630000	1.052848
R004bc2008.D09	metabat2.2	R004bc2008.D09_metabat2.2	Takara PrimeSTAR LongSeq 1x 150 ng	Acinetobacter baumannii	u8478ctg_len-2269899_circular-no_depth-33-33-33_duplicated-no	850000	875000	25000	38.188000	49.900000	48.630000	1.026116
R004bc2008.D09	metabat2.2	R004bc2008.D09_metabat2.2	Takara PrimeSTAR LongSeq 1x 150 ng	Acinetobacter baumannii	u8478ctg_len-2269899_circular-no_depth-33-33-33_duplicated-no	875000	900000	25000	39.212000	42.410000	48.630000	0.872095
R004bc2008.D09	metabat2.2	R004bc2008.D09_metabat2.2	Takara PrimeSTAR LongSeq 1x 150 ng	Acinetobacter baumannii	u8478ctg_len-2269899_circular-no_depth-33-33-33_duplicated-no	900000	925000	25000	39.252000	45.930000	48.630000	0.944479
R004bc2008.D09	metabat2.2	R004bc2008.D09_metabat2.2	Takara PrimeSTAR LongSeq 1x 150 ng	Acinetobacter baumannii	u8478ctg_len-2269899_circular-no_depth-33-33-33_duplicated-no	925000	950000	25000	38.652000	41.560000	48.630000	0.854616
R004bc2008.D09	metabat2.2	R004bc2008.D09_metabat2.2	Takara PrimeSTAR LongSeq 1x 150 ng	Acinetobacter baumannii	u8478ctg_len-2269899_circular-no_depth-33-33-33_duplicated-no	950000	975000	25000	38.568000	44.210000	48.630000	0.909110
R004bc2008.D09	metabat2.2	R004bc2008.D09_metabat2.2	Takara PrimeSTAR LongSeq 1x 150 ng	Acinetobacter baumannii	u8478ctg_len-2269899_circular-no_depth-33-33-33_duplicated-no	975000	1000000	25000	40.152000	41.940000	48.630000	0.862431
R004bc2008.D09	metabat2.2	R004bc2008.D09_metabat2.2	Takara PrimeSTAR LongSeq 1x 150 ng	Acinetobacter baumannii	u8478ctg_len-2269899_circular-no_depth-33-33-33_duplicated-no	1000000	1025000	25000	39.716000	43.310000	48.630000	0.890603
R004bc2008.D09	metabat2.2	R004bc2008.D09_metabat2.2	Takara PrimeSTAR LongSeq 1x 150 ng	Acinetobacter baumannii	u8478ctg_len-2269899_circular-no_depth-33-33-33_duplicated-no	1025000	1050000	25000	40.124000	45.340000	48.630000	0.932346
R004bc2008.D09	metabat2.2	R004bc2008.D09_metabat2.2	Takara PrimeSTAR LongSeq 1x 150 ng	Acinetobacter baumannii	u8478ctg_len-2269899_circular-no_depth-33-33-33_duplicated-no	1050000	1075000	25000	38.576000	46.220000	48.630000	0.950442
R004bc2008.D09	metabat2.2	R004bc2008.D09_metabat2.2	Takara PrimeSTAR LongSeq 1x 150 ng	Acinetobacter baumannii	u8478ctg_len-2269899_circular-no_depth-33-33-33_duplicated-no	1075000	1100000	25000	38.988000	40.720000	48.630000	0.837343
R004bc2008.D09	metabat2.2	R004bc2008.D09_metabat2.2	Takara PrimeSTAR LongSeq 1x 150 ng	Acinetobacter baumannii	u8478ctg_len-2269899_circular-no_depth-33-33-33_duplicated-no	1100000	1125000	25000	34.952000	48.880000	48.630000	1.005141
R004bc2008.D09	metabat2.2	R004bc2008.D09_metabat2.2	Takara PrimeSTAR LongSeq 1x 150 ng	Acinetobacter baumannii	u8478ctg_len-2269899_circular-no_depth-33-33-33_duplicated-no	1125000	1150000	25000	38.436000	45.590000	48.630000	0.937487
R004bc2008.D09	metabat2.2	R004bc2008.D09_metabat2.2	Takara PrimeSTAR LongSeq 1x 150 ng	Acinetobacter baumannii	u8478ctg_len-2269899_circular-no_depth-33-33-33_duplicated-no	1150000	1175000	25000	38.516000	46.350000	48.630000	0.953115
R004bc2008.D09	metabat2.2	R004bc2008.D09_metabat2.2	Takara PrimeSTAR LongSeq 1x 150 ng	Acinetobacter baumannii	u8478ctg_len-2269899_circular-no_depth-33-33-33_duplicated-no	1175000	1200000	25000	39.104000	44.440000	48.630000	0.913839
R004bc2008.D09	metabat2.2	R004bc2008.D09_metabat2.2	Takara PrimeSTAR LongSeq 1x 150 ng	Acinetobacter baumannii	u8478ctg_len-2269899_circular-no_depth-33-33-33_duplicated-no	1200000	1225000	25000	39.004000	44.920000	48.630000	0.923710
R004bc2008.D09	metabat2.2	R004bc2008.D09_metabat2.2	Takara PrimeSTAR LongSeq 1x 150 ng	Acinetobacter baumannii	u8478ctg_len-2269899_circular-no_depth-33-33-33_duplicated-no	1225000	1250000	25000	37.724000	49.310000	48.630000	1.013983
R004bc2008.D09	metabat2.2	R004bc2008.D09_metabat2.2	Takara PrimeSTAR LongSeq 1x 150 ng	Acinetobacter baumannii	u8478ctg_len-2269899_circular-no_depth-33-33-33_duplicated-no	1250000	1275000	25000	38.708000	44.760000	48.630000	0.920419
R004bc2008.D09	metabat2.2	R004bc2008.D09_metabat2.2	Takara PrimeSTAR LongSeq 1x 150 ng	Acinetobacter baumannii	u8478ctg_len-2269899_circular-no_depth-33-33-33_duplicated-no	1275000	1300000	25000	35.904000	40.620000	48.630000	0.835287
R004bc2008.D09	metabat2.2	R004bc2008.D09_metabat2.2	Takara PrimeSTAR LongSeq 1x 150 ng	Acinetobacter baumannii	u8478ctg_len-2269899_circular-no_depth-33-33-33_duplicated-no	1300000	1325000	25000	38.684000	40.090000	48.630000	0.824388
R004bc2008.D09	metabat2.2	R004bc2008.D09_metabat2.2	Takara PrimeSTAR LongSeq 1x 150 ng	Acinetobacter baumannii	u8478ctg_len-2269899_circular-no_depth-33-33-33_duplicated-no	1325000	1350000	25000	39.592000	38.970000	48.630000	0.801357
R004bc2008.D09	metabat2.2	R004bc2008.D09_metabat2.2	Takara PrimeSTAR LongSeq 1x 150 ng	Acinetobacter baumannii	u8478ctg_len-2269899_circular-no_depth-33-33-33_duplicated-no	1350000	1375000	25000	37.996000	37.390000	48.630000	0.768867
R004bc2008.D09	metabat2.2	R004bc2008.D09_metabat2.2	Takara PrimeSTAR LongSeq 1x 150 ng	Acinetobacter baumannii	u8478ctg_len-2269899_circular-no_depth-33-33-33_duplicated-no	1375000	1400000	25000	34.712000	42.220000	48.630000	0.868188
R004bc2008.D09	metabat2.2	R004bc2008.D09_metabat2.2	Takara PrimeSTAR LongSeq 1x 150 ng	Acinetobacter baumannii	u8478ctg_len-2269899_circular-no_depth-33-33-33_duplicated-no	1400000	1425000	25000	37.484000	38.750000	48.630000	0.796833
R004bc2008.D09	metabat2.2	R004bc2008.D09_metabat2.2	Takara PrimeSTAR LongSeq 1x 150 ng	Acinetobacter baumannii	u8478ctg_len-2269899_circular-no_depth-33-33-33_duplicated-no	1425000	1450000	25000	38.792000	43.230000	48.630000	0.888957
R004bc2008.D09	metabat2.2	R004bc2008.D09_metabat2.2	Takara PrimeSTAR LongSeq 1x 150 ng	Acinetobacter baumannii	u8478ctg_len-2269899_circular-no_depth-33-33-33_duplicated-no	1450000	1475000	25000	40.240000	32.810000	48.630000	0.674686
R004bc2008.D09	metabat2.2	R004bc2008.D09_metabat2.2	Takara PrimeSTAR LongSeq 1x 150 ng	Acinetobacter baumannii	u8478ctg_len-2269899_circular-no_depth-33-33-33_duplicated-no	1475000	1500000	25000	38.904000	44.040000	48.630000	0.905614
R004bc2008.D09	metabat2.2	R004bc2008.D09_metabat2.2	Takara PrimeSTAR LongSeq 1x 150 ng	Acinetobacter baumannii	u8478ctg_len-2269899_circular-no_depth-33-33-33_duplicated-no	1500000	1525000	25000	41.200000	35.090000	48.630000	0.721571
R004bc2008.D09	metabat2.2	R004bc2008.D09_metabat2.2	Takara PrimeSTAR LongSeq 1x 150 ng	Acinetobacter baumannii	u8478ctg_len-2269899_circular-no_depth-33-33-33_duplicated-no	1525000	1550000	25000	38.692000	37.590000	48.630000	0.772980
R004bc2008.D09	metabat2.2	R004bc2008.D09_metabat2.2	Takara PrimeSTAR LongSeq 1x 150 ng	Acinetobacter baumannii	u8478ctg_len-2269899_circular-no_depth-33-33-33_duplicated-no	1550000	1575000	25000	39.172000	34.020000	48.630000	0.699568
R004bc2008.D09	metabat2.2	R004bc2008.D09_metabat2.2	Takara PrimeSTAR LongSeq 1x 150 ng	Acinetobacter baumannii	u8478ctg_len-2269899_circular-no_depth-33-33-33_duplicated-no	1575000	1600000	25000	37.188000	46.800000	48.630000	0.962369
R004bc2008.D09	metabat2.2	R004bc2008.D09_metabat2.2	Takara PrimeSTAR LongSeq 1x 150 ng	Acinetobacter baumannii	u8478ctg_len-2269899_circular-no_depth-33-33-33_duplicated-no	1600000	1625000	25000	37.276000	36.970000	48.630000	0.760230
R004bc2008.D09	metabat2.2	R004bc2008.D09_metabat2.2	Takara PrimeSTAR LongSeq 1x 150 ng	Acinetobacter baumannii	u8478ctg_len-2269899_circular-no_depth-33-33-33_duplicated-no	1625000	1650000	25000	36.032000	43.560000	48.630000	0.895743
R004bc2008.D09	metabat2.2	R004bc2008.D09_metabat2.2	Takara PrimeSTAR LongSeq 1x 150 ng	Acinetobacter baumannii	u8478ctg_len-2269899_circular-no_depth-33-33-33_duplicated-no	1650000	1675000	25000	38.280000	37.710000	48.630000	0.775447
R004bc2008.D09	metabat2.2	R004bc2008.D09_metabat2.2	Takara PrimeSTAR LongSeq 1x 150 ng	Acinetobacter baumannii	u8478ctg_len-2269899_circular-no_depth-33-33-33_duplicated-no	1675000	1700000	25000	35.760000	38.610000	48.630000	0.793954
R004bc2008.D09	metabat2.2	R004bc2008.D09_metabat2.2	Takara PrimeSTAR LongSeq 1x 150 ng	Acinetobacter baumannii	u8478ctg_len-2269899_circular-no_depth-33-33-33_duplicated-no	1700000	1725000	25000	40.544000	42.480000	48.630000	0.873535
R004bc2008.D09	metabat2.2	R004bc2008.D09_metabat2.2	Takara PrimeSTAR LongSeq 1x 150 ng	Acinetobacter baumannii	u8478ctg_len-2269899_circular-no_depth-33-33-33_duplicated-no	1725000	1750000	25000	36.596000	39.950000	48.630000	0.821509
R004bc2008.D09	metabat2.2	R004bc2008.D09_metabat2.2	Takara PrimeSTAR LongSeq 1x 150 ng	Acinetobacter baumannii	u8478ctg_len-2269899_circular-no_depth-33-33-33_duplicated-no	1750000	1775000	25000	36.780000	41.890000	48.630000	0.861402
R004bc2008.D09	metabat2.2	R004bc2008.D09_metabat2.2	Takara PrimeSTAR LongSeq 1x 150 ng	Acinetobacter baumannii	u8478ctg_len-2269899_circular-no_depth-33-33-33_duplicated-no	1775000	1800000	25000	37.352000	35.480000	48.630000	0.729591
R004bc2008.D09	metabat2.2	R004bc2008.D09_metabat2.2	Takara PrimeSTAR LongSeq 1x 150 ng	Acinetobacter baumannii	u8478ctg_len-2269899_circular-no_depth-33-33-33_duplicated-no	1800000	1825000	25000	37.688000	33.830000	48.630000	0.695661
R004bc2008.D09	metabat2.2	R004bc2008.D09_metabat2.2	Takara PrimeSTAR LongSeq 1x 150 ng	Acinetobacter baumannii	u8478ctg_len-2269899_circular-no_depth-33-33-33_duplicated-no	1825000	1850000	25000	37.408000	40.150000	48.630000	0.825622
R004bc2008.D09	metabat2.2	R004bc2008.D09_metabat2.2	Takara PrimeSTAR LongSeq 1x 150 ng	Acinetobacter baumannii	u8478ctg_len-2269899_circular-no_depth-33-33-33_duplicated-no	1850000	1875000	25000	37.524000	35.960000	48.630000	0.739461
R004bc2008.D09	metabat2.2	R004bc2008.D09_metabat2.2	Takara PrimeSTAR LongSeq 1x 150 ng	Acinetobacter baumannii	u8478ctg_len-2269899_circular-no_depth-33-33-33_duplicated-no	1875000	1900000	25000	37.864000	36.230000	48.630000	0.745013
R004bc2008.D09	metabat2.2	R004bc2008.D09_metabat2.2	Takara PrimeSTAR LongSeq 1x 150 ng	Acinetobacter baumannii	u8478ctg_len-2269899_circular-no_depth-33-33-33_duplicated-no	1900000	1925000	25000	34.528000	35.510000	48.630000	0.730208
R004bc2008.D09	metabat2.2	R004bc2008.D09_metabat2.2	Takara PrimeSTAR LongSeq 1x 150 ng	Acinetobacter baumannii	u8478ctg_len-2269899_circular-no_depth-33-33-33_duplicated-no	1925000	1950000	25000	36.720000	39.990000	48.630000	0.822332
R004bc2008.D09	metabat2.2	R004bc2008.D09_metabat2.2	Takara PrimeSTAR LongSeq 1x 150 ng	Acinetobacter baumannii	u8478ctg_len-2269899_circular-no_depth-33-33-33_duplicated-no	1950000	1975000	25000	38.884000	33.330000	48.630000	0.685379
R004bc2008.D09	metabat2.2	R004bc2008.D09_metabat2.2	Takara PrimeSTAR LongSeq 1x 150 ng	Acinetobacter baumannii	u8478ctg_len-2269899_circular-no_depth-33-33-33_duplicated-no	1975000	2000000	25000	38.792000	37.970000	48.630000	0.780794
R004bc2008.D09	metabat2.2	R004bc2008.D09_metabat2.2	Takara PrimeSTAR LongSeq 1x 150 ng	Acinetobacter baumannii	u8478ctg_len-2269899_circular-no_depth-33-33-33_duplicated-no	2000000	2025000	25000	41.020000	38.460000	48.630000	0.790870
R004bc2008.D09	metabat2.2	R004bc2008.D09_metabat2.2	Takara PrimeSTAR LongSeq 1x 150 ng	Acinetobacter baumannii	u8478ctg_len-2269899_circular-no_depth-33-33-33_duplicated-no	2025000	2050000	25000	39.604000	35.860000	48.630000	0.737405
R004bc2008.D09	metabat2.2	R004bc2008.D09_metabat2.2	Takara PrimeSTAR LongSeq 1x 150 ng	Acinetobacter baumannii	u8478ctg_len-2269899_circular-no_depth-33-33-33_duplicated-no	2050000	2075000	25000	39.756000	33.740000	48.630000	0.693810
R004bc2008.D09	metabat2.2	R004bc2008.D09_metabat2.2	Takara PrimeSTAR LongSeq 1x 150 ng	Acinetobacter baumannii	u8478ctg_len-2269899_circular-no_depth-33-33-33_duplicated-no	2075000	2100000	25000	40.312000	34.530000	48.630000	0.710056
R004bc2008.D09	metabat2.2	R004bc2008.D09_metabat2.2	Takara PrimeSTAR LongSeq 1x 150 ng	Acinetobacter baumannii	u8478ctg_len-2269899_circular-no_depth-33-33-33_duplicated-no	2100000	2125000	25000	40.808000	35.460000	48.630000	0.729180
R004bc2008.D09	metabat2.2	R004bc2008.D09_metabat2.2	Takara PrimeSTAR LongSeq 1x 150 ng	Acinetobacter baumannii	u8478ctg_len-2269899_circular-no_depth-33-33-33_duplicated-no	2125000	2150000	25000	38.004000	39.550000	48.630000	0.813284
R004bc2008.D09	metabat2.2	R004bc2008.D09_metabat2.2	Takara PrimeSTAR LongSeq 1x 150 ng	Acinetobacter baumannii	u8478ctg_len-2269899_circular-no_depth-33-33-33_duplicated-no	2150000	2175000	25000	38.564000	39.010000	48.630000	0.802180
R004bc2008.D09	metabat2.2	R004bc2008.D09_metabat2.2	Takara PrimeSTAR LongSeq 1x 150 ng	Acinetobacter baumannii	u8478ctg_len-2269899_circular-no_depth-33-33-33_duplicated-no	2175000	2200000	25000	36.984000	42.190000	48.630000	0.867571
R004bc2008.D09	metabat2.2	R004bc2008.D09_metabat2.2	Takara PrimeSTAR LongSeq 1x 150 ng	Acinetobacter baumannii	u8478ctg_len-2269899_circular-no_depth-33-33-33_duplicated-no	2200000	2225000	25000	38.184000	32.210000	48.630000	0.662348
R004bc2008.D09	metabat2.2	R004bc2008.D09_metabat2.2	Takara PrimeSTAR LongSeq 1x 150 ng	Acinetobacter baumannii	u8478ctg_len-2269899_circular-no_depth-33-33-33_duplicated-no	2225000	2250000	25000	37.720000	40.080000	48.630000	0.824183
R004bc2008.H09	metabat2.2	R004bc2008.H09_metabat2.2	NEB Q5 XT 1x 150 ng	Acinetobacter baumannii	u10275ctg_len-210383_circular-yes_depth-51-51-51_duplicated-no	0	25000	25000	42.244000	56.170000	47.670000	1.178309
R004bc2008.H09	metabat2.2	R004bc2008.H09_metabat2.2	NEB Q5 XT 1x 150 ng	Acinetobacter baumannii	u10275ctg_len-210383_circular-yes_depth-51-51-51_duplicated-no	25000	50000	25000	48.096000	56.790000	47.670000	1.191315
R004bc2008.H09	metabat2.2	R004bc2008.H09_metabat2.2	NEB Q5 XT 1x 150 ng	Acinetobacter baumannii	u10275ctg_len-210383_circular-yes_depth-51-51-51_duplicated-no	50000	75000	25000	39.228000	71.990000	47.670000	1.510174
R004bc2008.H09	metabat2.2	R004bc2008.H09_metabat2.2	NEB Q5 XT 1x 150 ng	Acinetobacter baumannii	u10275ctg_len-210383_circular-yes_depth-51-51-51_duplicated-no	75000	100000	25000	35.796000	69.200000	47.670000	1.451647
R004bc2008.H09	metabat2.2	R004bc2008.H09_metabat2.2	NEB Q5 XT 1x 150 ng	Acinetobacter baumannii	u10275ctg_len-210383_circular-yes_depth-51-51-51_duplicated-no	100000	125000	25000	40.296000	68.190000	47.670000	1.430459
R004bc2008.H09	metabat2.2	R004bc2008.H09_metabat2.2	NEB Q5 XT 1x 150 ng	Acinetobacter baumannii	u10275ctg_len-210383_circular-yes_depth-51-51-51_duplicated-no	125000	150000	25000	41.364000	62.170000	47.670000	1.304175
R004bc2008.H09	metabat2.2	R004bc2008.H09_metabat2.2	NEB Q5 XT 1x 150 ng	Acinetobacter baumannii	u10275ctg_len-210383_circular-yes_depth-51-51-51_duplicated-no	150000	175000	25000	41.548000	62.770000	47.670000	1.316761
R004bc2008.H09	metabat2.2	R004bc2008.H09_metabat2.2	NEB Q5 XT 1x 150 ng	Acinetobacter baumannii	u10275ctg_len-210383_circular-yes_depth-51-51-51_duplicated-no	175000	200000	25000	39.992000	63.990000	47.670000	1.342354
R004bc2008.H09	metabat2.2	R004bc2008.H09_metabat2.2	NEB Q5 XT 1x 150 ng	Acinetobacter baumannii	u25499ctg_len-472945_circular-possibly_depth-48-48-48_duplicated-no	0	25000	25000	41.992000	57.150000	47.670000	1.198867
R004bc2008.H09	metabat2.2	R004bc2008.H09_metabat2.2	NEB Q5 XT 1x 150 ng	Acinetobacter baumannii	u25499ctg_len-472945_circular-possibly_depth-48-48-48_duplicated-no	25000	50000	25000	41.208000	69.280000	47.670000	1.453325
R004bc2008.H09	metabat2.2	R004bc2008.H09_metabat2.2	NEB Q5 XT 1x 150 ng	Acinetobacter baumannii	u25499ctg_len-472945_circular-possibly_depth-48-48-48_duplicated-no	50000	75000	25000	39.780000	61.730000	47.670000	1.294944
R004bc2008.H09	metabat2.2	R004bc2008.H09_metabat2.2	NEB Q5 XT 1x 150 ng	Acinetobacter baumannii	u25499ctg_len-472945_circular-possibly_depth-48-48-48_duplicated-no	75000	100000	25000	40.428000	70.610000	47.670000	1.481225
R004bc2008.H09	metabat2.2	R004bc2008.H09_metabat2.2	NEB Q5 XT 1x 150 ng	Acinetobacter baumannii	u25499ctg_len-472945_circular-possibly_depth-48-48-48_duplicated-no	100000	125000	25000	39.604000	64.480000	47.670000	1.352633
R004bc2008.H09	metabat2.2	R004bc2008.H09_metabat2.2	NEB Q5 XT 1x 150 ng	Acinetobacter baumannii	u25499ctg_len-472945_circular-possibly_depth-48-48-48_duplicated-no	125000	150000	25000	40.640000	61.480000	47.670000	1.289700
R004bc2008.H09	metabat2.2	R004bc2008.H09_metabat2.2	NEB Q5 XT 1x 150 ng	Acinetobacter baumannii	u25499ctg_len-472945_circular-possibly_depth-48-48-48_duplicated-no	150000	175000	25000	40.024000	64.100000	47.670000	1.344661
R004bc2008.H09	metabat2.2	R004bc2008.H09_metabat2.2	NEB Q5 XT 1x 150 ng	Acinetobacter baumannii	u25499ctg_len-472945_circular-possibly_depth-48-48-48_duplicated-no	175000	200000	25000	39.412000	57.740000	47.670000	1.211244
R004bc2008.H09	metabat2.2	R004bc2008.H09_metabat2.2	NEB Q5 XT 1x 150 ng	Acinetobacter baumannii	u25499ctg_len-472945_circular-possibly_depth-48-48-48_duplicated-no	200000	225000	25000	37.848000	48.920000	47.670000	1.026222
R004bc2008.H09	metabat2.2	R004bc2008.H09_metabat2.2	NEB Q5 XT 1x 150 ng	Acinetobacter baumannii	u25499ctg_len-472945_circular-possibly_depth-48-48-48_duplicated-no	225000	250000	25000	38.524000	56.710000	47.670000	1.189637
R004bc2008.H09	metabat2.2	R004bc2008.H09_metabat2.2	NEB Q5 XT 1x 150 ng	Acinetobacter baumannii	u25499ctg_len-472945_circular-possibly_depth-48-48-48_duplicated-no	250000	275000	25000	40.100000	53.400000	47.670000	1.120201
R004bc2008.H09	metabat2.2	R004bc2008.H09_metabat2.2	NEB Q5 XT 1x 150 ng	Acinetobacter baumannii	u25499ctg_len-472945_circular-possibly_depth-48-48-48_duplicated-no	275000	300000	25000	40.312000	58.760000	47.670000	1.232641
R004bc2008.H09	metabat2.2	R004bc2008.H09_metabat2.2	NEB Q5 XT 1x 150 ng	Acinetobacter baumannii	u25499ctg_len-472945_circular-possibly_depth-48-48-48_duplicated-no	300000	325000	25000	38.908000	60.350000	47.670000	1.265995
R004bc2008.H09	metabat2.2	R004bc2008.H09_metabat2.2	NEB Q5 XT 1x 150 ng	Acinetobacter baumannii	u25499ctg_len-472945_circular-possibly_depth-48-48-48_duplicated-no	325000	350000	25000	38.920000	55.400000	47.670000	1.162156
R004bc2008.H09	metabat2.2	R004bc2008.H09_metabat2.2	NEB Q5 XT 1x 150 ng	Acinetobacter baumannii	u25499ctg_len-472945_circular-possibly_depth-48-48-48_duplicated-no	350000	375000	25000	38.224000	61.420000	47.670000	1.288441
R004bc2008.H09	metabat2.2	R004bc2008.H09_metabat2.2	NEB Q5 XT 1x 150 ng	Acinetobacter baumannii	u25499ctg_len-472945_circular-possibly_depth-48-48-48_duplicated-no	375000	400000	25000	40.296000	59.380000	47.670000	1.245647
R004bc2008.H09	metabat2.2	R004bc2008.H09_metabat2.2	NEB Q5 XT 1x 150 ng	Acinetobacter baumannii	u25499ctg_len-472945_circular-possibly_depth-48-48-48_duplicated-no	400000	425000	25000	40.576000	56.130000	47.670000	1.177470
R004bc2008.H09	metabat2.2	R004bc2008.H09_metabat2.2	NEB Q5 XT 1x 150 ng	Acinetobacter baumannii	u25499ctg_len-472945_circular-possibly_depth-48-48-48_duplicated-no	425000	450000	25000	40.528000	59.110000	47.670000	1.239983
R004bc2008.H09	metabat2.2	R004bc2008.H09_metabat2.2	NEB Q5 XT 1x 150 ng	Acinetobacter baumannii	u57229ctg_len-32220_circular-yes_depth-40-40-40_duplicated-no	0	25000	25000	41.044000	46.860000	47.670000	0.983008
R004bc2008.H09	metabat2.2	R004bc2008.H09_metabat2.2	NEB Q5 XT 1x 150 ng	Acinetobacter baumannii	u61978ctg_len-60313_circular-no_depth-48-48-48_duplicated-no	0	25000	25000	40.040000	53.850000	47.670000	1.129641
R004bc2008.H09	metabat2.2	R004bc2008.H09_metabat2.2	NEB Q5 XT 1x 150 ng	Acinetobacter baumannii	u61978ctg_len-60313_circular-no_depth-48-48-48_duplicated-no	25000	50000	25000	39.384000	67.360000	47.670000	1.413048
R004bc2008.H09	metabat2.2	R004bc2008.H09_metabat2.2	NEB Q5 XT 1x 150 ng	Acinetobacter baumannii	u96710ctg_len-3214412_circular-no_depth-35-35-35_duplicated-no	0	25000	25000	40.932000	52.780000	47.670000	1.107195
R004bc2008.H09	metabat2.2	R004bc2008.H09_metabat2.2	NEB Q5 XT 1x 150 ng	Acinetobacter baumannii	u96710ctg_len-3214412_circular-no_depth-35-35-35_duplicated-no	25000	50000	25000	40.476000	63.730000	47.670000	1.336900
R004bc2008.H09	metabat2.2	R004bc2008.H09_metabat2.2	NEB Q5 XT 1x 150 ng	Acinetobacter baumannii	u96710ctg_len-3214412_circular-no_depth-35-35-35_duplicated-no	50000	75000	25000	40.632000	59.380000	47.670000	1.245647
R004bc2008.H09	metabat2.2	R004bc2008.H09_metabat2.2	NEB Q5 XT 1x 150 ng	Acinetobacter baumannii	u96710ctg_len-3214412_circular-no_depth-35-35-35_duplicated-no	75000	100000	25000	39.928000	62.920000	47.670000	1.319908
R004bc2008.H09	metabat2.2	R004bc2008.H09_metabat2.2	NEB Q5 XT 1x 150 ng	Acinetobacter baumannii	u96710ctg_len-3214412_circular-no_depth-35-35-35_duplicated-no	100000	125000	25000	39.484000	61.940000	47.670000	1.299350
R004bc2008.H09	metabat2.2	R004bc2008.H09_metabat2.2	NEB Q5 XT 1x 150 ng	Acinetobacter baumannii	u96710ctg_len-3214412_circular-no_depth-35-35-35_duplicated-no	125000	150000	25000	39.956000	60.900000	47.670000	1.277533
R004bc2008.H09	metabat2.2	R004bc2008.H09_metabat2.2	NEB Q5 XT 1x 150 ng	Acinetobacter baumannii	u96710ctg_len-3214412_circular-no_depth-35-35-35_duplicated-no	150000	175000	25000	41.756000	55.030000	47.670000	1.154395
R004bc2008.H09	metabat2.2	R004bc2008.H09_metabat2.2	NEB Q5 XT 1x 150 ng	Acinetobacter baumannii	u96710ctg_len-3214412_circular-no_depth-35-35-35_duplicated-no	175000	200000	25000	40.688000	61.470000	47.670000	1.289490
R004bc2008.H09	metabat2.2	R004bc2008.H09_metabat2.2	NEB Q5 XT 1x 150 ng	Acinetobacter baumannii	u96710ctg_len-3214412_circular-no_depth-35-35-35_duplicated-no	200000	225000	25000	40.604000	58.330000	47.670000	1.223621
R004bc2008.H09	metabat2.2	R004bc2008.H09_metabat2.2	NEB Q5 XT 1x 150 ng	Acinetobacter baumannii	u96710ctg_len-3214412_circular-no_depth-35-35-35_duplicated-no	225000	250000	25000	39.832000	65.140000	47.670000	1.366478
R004bc2008.H09	metabat2.2	R004bc2008.H09_metabat2.2	NEB Q5 XT 1x 150 ng	Acinetobacter baumannii	u96710ctg_len-3214412_circular-no_depth-35-35-35_duplicated-no	250000	275000	25000	39.804000	61.510000	47.670000	1.290329
R004bc2008.H09	metabat2.2	R004bc2008.H09_metabat2.2	NEB Q5 XT 1x 150 ng	Acinetobacter baumannii	u96710ctg_len-3214412_circular-no_depth-35-35-35_duplicated-no	275000	300000	25000	39.320000	55.750000	47.670000	1.169499
R004bc2008.H09	metabat2.2	R004bc2008.H09_metabat2.2	NEB Q5 XT 1x 150 ng	Acinetobacter baumannii	u96710ctg_len-3214412_circular-no_depth-35-35-35_duplicated-no	300000	325000	25000	39.648000	59.840000	47.670000	1.255297
R004bc2008.H09	metabat2.2	R004bc2008.H09_metabat2.2	NEB Q5 XT 1x 150 ng	Acinetobacter baumannii	u96710ctg_len-3214412_circular-no_depth-35-35-35_duplicated-no	325000	350000	25000	41.328000	54.560000	47.670000	1.144535
R004bc2008.H09	metabat2.2	R004bc2008.H09_metabat2.2	NEB Q5 XT 1x 150 ng	Acinetobacter baumannii	u96710ctg_len-3214412_circular-no_depth-35-35-35_duplicated-no	350000	375000	25000	39.584000	56.930000	47.670000	1.194252
R004bc2008.H09	metabat2.2	R004bc2008.H09_metabat2.2	NEB Q5 XT 1x 150 ng	Acinetobacter baumannii	u96710ctg_len-3214412_circular-no_depth-35-35-35_duplicated-no	375000	400000	25000	40.240000	50.520000	47.670000	1.059786
R004bc2008.H09	metabat2.2	R004bc2008.H09_metabat2.2	NEB Q5 XT 1x 150 ng	Acinetobacter baumannii	u96710ctg_len-3214412_circular-no_depth-35-35-35_duplicated-no	400000	425000	25000	39.728000	51.790000	47.670000	1.086428
R004bc2008.H09	metabat2.2	R004bc2008.H09_metabat2.2	NEB Q5 XT 1x 150 ng	Acinetobacter baumannii	u96710ctg_len-3214412_circular-no_depth-35-35-35_duplicated-no	425000	450000	25000	39.504000	54.890000	47.670000	1.151458
R004bc2008.H09	metabat2.2	R004bc2008.H09_metabat2.2	NEB Q5 XT 1x 150 ng	Acinetobacter baumannii	u96710ctg_len-3214412_circular-no_depth-35-35-35_duplicated-no	450000	475000	25000	39.704000	58.040000	47.670000	1.217537
R004bc2008.H09	metabat2.2	R004bc2008.H09_metabat2.2	NEB Q5 XT 1x 150 ng	Acinetobacter baumannii	u96710ctg_len-3214412_circular-no_depth-35-35-35_duplicated-no	475000	500000	25000	40.624000	50.370000	47.670000	1.056639
R004bc2008.H09	metabat2.2	R004bc2008.H09_metabat2.2	NEB Q5 XT 1x 150 ng	Acinetobacter baumannii	u96710ctg_len-3214412_circular-no_depth-35-35-35_duplicated-no	500000	525000	25000	38.300000	43.830000	47.670000	0.919446
R004bc2008.H09	metabat2.2	R004bc2008.H09_metabat2.2	NEB Q5 XT 1x 150 ng	Acinetobacter baumannii	u96710ctg_len-3214412_circular-no_depth-35-35-35_duplicated-no	525000	550000	25000	41.228000	52.270000	47.670000	1.096497
R004bc2008.H09	metabat2.2	R004bc2008.H09_metabat2.2	NEB Q5 XT 1x 150 ng	Acinetobacter baumannii	u96710ctg_len-3214412_circular-no_depth-35-35-35_duplicated-no	550000	575000	25000	38.548000	53.580000	47.670000	1.123977
R004bc2008.H09	metabat2.2	R004bc2008.H09_metabat2.2	NEB Q5 XT 1x 150 ng	Acinetobacter baumannii	u96710ctg_len-3214412_circular-no_depth-35-35-35_duplicated-no	575000	600000	25000	39.224000	54.380000	47.670000	1.140759
R004bc2008.H09	metabat2.2	R004bc2008.H09_metabat2.2	NEB Q5 XT 1x 150 ng	Acinetobacter baumannii	u96710ctg_len-3214412_circular-no_depth-35-35-35_duplicated-no	600000	625000	25000	39.652000	46.350000	47.670000	0.972310
R004bc2008.H09	metabat2.2	R004bc2008.H09_metabat2.2	NEB Q5 XT 1x 150 ng	Acinetobacter baumannii	u96710ctg_len-3214412_circular-no_depth-35-35-35_duplicated-no	625000	650000	25000	39.736000	51.850000	47.670000	1.087686
R004bc2008.H09	metabat2.2	R004bc2008.H09_metabat2.2	NEB Q5 XT 1x 150 ng	Acinetobacter baumannii	u96710ctg_len-3214412_circular-no_depth-35-35-35_duplicated-no	650000	675000	25000	38.916000	49.540000	47.670000	1.039228
R004bc2008.H09	metabat2.2	R004bc2008.H09_metabat2.2	NEB Q5 XT 1x 150 ng	Acinetobacter baumannii	u96710ctg_len-3214412_circular-no_depth-35-35-35_duplicated-no	675000	700000	25000	41.920000	49.850000	47.670000	1.045731
R004bc2008.H09	metabat2.2	R004bc2008.H09_metabat2.2	NEB Q5 XT 1x 150 ng	Acinetobacter baumannii	u96710ctg_len-3214412_circular-no_depth-35-35-35_duplicated-no	700000	725000	25000	34.816000	50.340000	47.670000	1.056010
R004bc2008.H09	metabat2.2	R004bc2008.H09_metabat2.2	NEB Q5 XT 1x 150 ng	Acinetobacter baumannii	u96710ctg_len-3214412_circular-no_depth-35-35-35_duplicated-no	725000	750000	25000	37.904000	46.780000	47.670000	0.981330
R004bc2008.H09	metabat2.2	R004bc2008.H09_metabat2.2	NEB Q5 XT 1x 150 ng	Acinetobacter baumannii	u96710ctg_len-3214412_circular-no_depth-35-35-35_duplicated-no	750000	775000	25000	40.424000	47.010000	47.670000	0.986155
R004bc2008.H09	metabat2.2	R004bc2008.H09_metabat2.2	NEB Q5 XT 1x 150 ng	Acinetobacter baumannii	u96710ctg_len-3214412_circular-no_depth-35-35-35_duplicated-no	775000	800000	25000	41.696000	48.630000	47.670000	1.020138
R004bc2008.H09	metabat2.2	R004bc2008.H09_metabat2.2	NEB Q5 XT 1x 150 ng	Acinetobacter baumannii	u96710ctg_len-3214412_circular-no_depth-35-35-35_duplicated-no	800000	825000	25000	38.528000	45.540000	47.670000	0.955318
R004bc2008.H09	metabat2.2	R004bc2008.H09_metabat2.2	NEB Q5 XT 1x 150 ng	Acinetobacter baumannii	u96710ctg_len-3214412_circular-no_depth-35-35-35_duplicated-no	825000	850000	25000	38.284000	48.300000	47.670000	1.013216
R004bc2008.H09	metabat2.2	R004bc2008.H09_metabat2.2	NEB Q5 XT 1x 150 ng	Acinetobacter baumannii	u96710ctg_len-3214412_circular-no_depth-35-35-35_duplicated-no	850000	875000	25000	38.548000	39.780000	47.670000	0.834487
R004bc2008.H09	metabat2.2	R004bc2008.H09_metabat2.2	NEB Q5 XT 1x 150 ng	Acinetobacter baumannii	u96710ctg_len-3214412_circular-no_depth-35-35-35_duplicated-no	875000	900000	25000	38.096000	46.910000	47.670000	0.984057
R004bc2008.H09	metabat2.2	R004bc2008.H09_metabat2.2	NEB Q5 XT 1x 150 ng	Acinetobacter baumannii	u96710ctg_len-3214412_circular-no_depth-35-35-35_duplicated-no	900000	925000	25000	38.340000	41.920000	47.670000	0.879379
R004bc2008.H09	metabat2.2	R004bc2008.H09_metabat2.2	NEB Q5 XT 1x 150 ng	Acinetobacter baumannii	u96710ctg_len-3214412_circular-no_depth-35-35-35_duplicated-no	925000	950000	25000	39.376000	41.830000	47.670000	0.877491
R004bc2008.H09	metabat2.2	R004bc2008.H09_metabat2.2	NEB Q5 XT 1x 150 ng	Acinetobacter baumannii	u96710ctg_len-3214412_circular-no_depth-35-35-35_duplicated-no	950000	975000	25000	39.788000	48.740000	47.670000	1.022446
R004bc2008.H09	metabat2.2	R004bc2008.H09_metabat2.2	NEB Q5 XT 1x 150 ng	Acinetobacter baumannii	u96710ctg_len-3214412_circular-no_depth-35-35-35_duplicated-no	975000	1000000	25000	46.000000	43.000000	47.670000	0.902035
R004bc2008.H09	metabat2.2	R004bc2008.H09_metabat2.2	NEB Q5 XT 1x 150 ng	Acinetobacter baumannii	u96710ctg_len-3214412_circular-no_depth-35-35-35_duplicated-no	1000000	1025000	25000	37.472000	44.140000	47.670000	0.925949
R004bc2008.H09	metabat2.2	R004bc2008.H09_metabat2.2	NEB Q5 XT 1x 150 ng	Acinetobacter baumannii	u96710ctg_len-3214412_circular-no_depth-35-35-35_duplicated-no	1025000	1050000	25000	41.304000	45.530000	47.670000	0.955108
R004bc2008.H09	metabat2.2	R004bc2008.H09_metabat2.2	NEB Q5 XT 1x 150 ng	Acinetobacter baumannii	u96710ctg_len-3214412_circular-no_depth-35-35-35_duplicated-no	1050000	1075000	25000	39.440000	39.050000	47.670000	0.819173
R004bc2008.H09	metabat2.2	R004bc2008.H09_metabat2.2	NEB Q5 XT 1x 150 ng	Acinetobacter baumannii	u96710ctg_len-3214412_circular-no_depth-35-35-35_duplicated-no	1075000	1100000	25000	40.724000	44.210000	47.670000	0.927418
R004bc2008.H09	metabat2.2	R004bc2008.H09_metabat2.2	NEB Q5 XT 1x 150 ng	Acinetobacter baumannii	u96710ctg_len-3214412_circular-no_depth-35-35-35_duplicated-no	1100000	1125000	25000	39.984000	42.220000	47.670000	0.885672
R004bc2008.H09	metabat2.2	R004bc2008.H09_metabat2.2	NEB Q5 XT 1x 150 ng	Acinetobacter baumannii	u96710ctg_len-3214412_circular-no_depth-35-35-35_duplicated-no	1125000	1150000	25000	36.536000	49.230000	47.670000	1.032725
R004bc2008.H09	metabat2.2	R004bc2008.H09_metabat2.2	NEB Q5 XT 1x 150 ng	Acinetobacter baumannii	u96710ctg_len-3214412_circular-no_depth-35-35-35_duplicated-no	1150000	1175000	25000	39.756000	43.890000	47.670000	0.920705
R004bc2008.H09	metabat2.2	R004bc2008.H09_metabat2.2	NEB Q5 XT 1x 150 ng	Acinetobacter baumannii	u96710ctg_len-3214412_circular-no_depth-35-35-35_duplicated-no	1175000	1200000	25000	34.624000	44.810000	47.670000	0.940004
R004bc2008.H09	metabat2.2	R004bc2008.H09_metabat2.2	NEB Q5 XT 1x 150 ng	Acinetobacter baumannii	u96710ctg_len-3214412_circular-no_depth-35-35-35_duplicated-no	1200000	1225000	25000	40.108000	40.230000	47.670000	0.843927
R004bc2008.H09	metabat2.2	R004bc2008.H09_metabat2.2	NEB Q5 XT 1x 150 ng	Acinetobacter baumannii	u96710ctg_len-3214412_circular-no_depth-35-35-35_duplicated-no	1225000	1250000	25000	39.572000	37.740000	47.670000	0.791693
R004bc2008.H09	metabat2.2	R004bc2008.H09_metabat2.2	NEB Q5 XT 1x 150 ng	Acinetobacter baumannii	u96710ctg_len-3214412_circular-no_depth-35-35-35_duplicated-no	1250000	1275000	25000	36.460000	34.810000	47.670000	0.730229
R004bc2008.H09	metabat2.2	R004bc2008.H09_metabat2.2	NEB Q5 XT 1x 150 ng	Acinetobacter baumannii	u96710ctg_len-3214412_circular-no_depth-35-35-35_duplicated-no	1275000	1300000	25000	37.792000	41.400000	47.670000	0.868471
R004bc2008.H09	metabat2.2	R004bc2008.H09_metabat2.2	NEB Q5 XT 1x 150 ng	Acinetobacter baumannii	u96710ctg_len-3214412_circular-no_depth-35-35-35_duplicated-no	1300000	1325000	25000	38.440000	40.520000	47.670000	0.850010
R004bc2008.H09	metabat2.2	R004bc2008.H09_metabat2.2	NEB Q5 XT 1x 150 ng	Acinetobacter baumannii	u96710ctg_len-3214412_circular-no_depth-35-35-35_duplicated-no	1325000	1350000	25000	37.096000	39.980000	47.670000	0.838683
R004bc2008.H09	metabat2.2	R004bc2008.H09_metabat2.2	NEB Q5 XT 1x 150 ng	Acinetobacter baumannii	u96710ctg_len-3214412_circular-no_depth-35-35-35_duplicated-no	1350000	1375000	25000	38.872000	42.900000	47.670000	0.899937
R004bc2008.H09	metabat2.2	R004bc2008.H09_metabat2.2	NEB Q5 XT 1x 150 ng	Acinetobacter baumannii	u96710ctg_len-3214412_circular-no_depth-35-35-35_duplicated-no	1375000	1400000	25000	37.864000	41.370000	47.670000	0.867841
R004bc2008.H09	metabat2.2	R004bc2008.H09_metabat2.2	NEB Q5 XT 1x 150 ng	Acinetobacter baumannii	u96710ctg_len-3214412_circular-no_depth-35-35-35_duplicated-no	1400000	1425000	25000	40.988000	36.420000	47.670000	0.764003
R004bc2008.H09	metabat2.2	R004bc2008.H09_metabat2.2	NEB Q5 XT 1x 150 ng	Acinetobacter baumannii	u96710ctg_len-3214412_circular-no_depth-35-35-35_duplicated-no	1425000	1450000	25000	40.408000	40.960000	47.670000	0.859241
R004bc2008.H09	metabat2.2	R004bc2008.H09_metabat2.2	NEB Q5 XT 1x 150 ng	Acinetobacter baumannii	u96710ctg_len-3214412_circular-no_depth-35-35-35_duplicated-no	1450000	1475000	25000	38.764000	41.520000	47.670000	0.870988
R004bc2008.H09	metabat2.2	R004bc2008.H09_metabat2.2	NEB Q5 XT 1x 150 ng	Acinetobacter baumannii	u96710ctg_len-3214412_circular-no_depth-35-35-35_duplicated-no	1475000	1500000	25000	40.204000	38.880000	47.670000	0.815607
R004bc2008.H09	metabat2.2	R004bc2008.H09_metabat2.2	NEB Q5 XT 1x 150 ng	Acinetobacter baumannii	u96710ctg_len-3214412_circular-no_depth-35-35-35_duplicated-no	1500000	1525000	25000	40.852000	39.150000	47.670000	0.821271
R004bc2008.H09	metabat2.2	R004bc2008.H09_metabat2.2	NEB Q5 XT 1x 150 ng	Acinetobacter baumannii	u96710ctg_len-3214412_circular-no_depth-35-35-35_duplicated-no	1525000	1550000	25000	38.884000	40.270000	47.670000	0.844766
R004bc2008.H09	metabat2.2	R004bc2008.H09_metabat2.2	NEB Q5 XT 1x 150 ng	Acinetobacter baumannii	u96710ctg_len-3214412_circular-no_depth-35-35-35_duplicated-no	1550000	1575000	25000	38.564000	36.890000	47.670000	0.773862
R004bc2008.H09	metabat2.2	R004bc2008.H09_metabat2.2	NEB Q5 XT 1x 150 ng	Acinetobacter baumannii	u96710ctg_len-3214412_circular-no_depth-35-35-35_duplicated-no	1575000	1600000	25000	36.136000	35.930000	47.670000	0.753724
R004bc2008.H09	metabat2.2	R004bc2008.H09_metabat2.2	NEB Q5 XT 1x 150 ng	Acinetobacter baumannii	u96710ctg_len-3214412_circular-no_depth-35-35-35_duplicated-no	1600000	1625000	25000	35.440000	42.630000	47.670000	0.894273
R004bc2008.H09	metabat2.2	R004bc2008.H09_metabat2.2	NEB Q5 XT 1x 150 ng	Acinetobacter baumannii	u96710ctg_len-3214412_circular-no_depth-35-35-35_duplicated-no	1625000	1650000	25000	37.328000	41.340000	47.670000	0.867212
R004bc2008.H09	metabat2.2	R004bc2008.H09_metabat2.2	NEB Q5 XT 1x 150 ng	Acinetobacter baumannii	u96710ctg_len-3214412_circular-no_depth-35-35-35_duplicated-no	1650000	1675000	25000	37.580000	36.120000	47.670000	0.757709
R004bc2008.H09	metabat2.2	R004bc2008.H09_metabat2.2	NEB Q5 XT 1x 150 ng	Acinetobacter baumannii	u96710ctg_len-3214412_circular-no_depth-35-35-35_duplicated-no	1675000	1700000	25000	37.224000	38.000000	47.670000	0.797147
R004bc2008.H09	metabat2.2	R004bc2008.H09_metabat2.2	NEB Q5 XT 1x 150 ng	Acinetobacter baumannii	u96710ctg_len-3214412_circular-no_depth-35-35-35_duplicated-no	1700000	1725000	25000	38.056000	33.160000	47.670000	0.695616
R004bc2008.H09	metabat2.2	R004bc2008.H09_metabat2.2	NEB Q5 XT 1x 150 ng	Acinetobacter baumannii	u96710ctg_len-3214412_circular-no_depth-35-35-35_duplicated-no	1725000	1750000	25000	37.080000	36.390000	47.670000	0.763373
R004bc2008.H09	metabat2.2	R004bc2008.H09_metabat2.2	NEB Q5 XT 1x 150 ng	Acinetobacter baumannii	u96710ctg_len-3214412_circular-no_depth-35-35-35_duplicated-no	1750000	1775000	25000	37.168000	39.910000	47.670000	0.837214
R004bc2008.H09	metabat2.2	R004bc2008.H09_metabat2.2	NEB Q5 XT 1x 150 ng	Acinetobacter baumannii	u96710ctg_len-3214412_circular-no_depth-35-35-35_duplicated-no	1775000	1800000	25000	37.564000	35.270000	47.670000	0.739878
R004bc2008.H09	metabat2.2	R004bc2008.H09_metabat2.2	NEB Q5 XT 1x 150 ng	Acinetobacter baumannii	u96710ctg_len-3214412_circular-no_depth-35-35-35_duplicated-no	1800000	1825000	25000	39.504000	36.280000	47.670000	0.761066
R004bc2008.H09	metabat2.2	R004bc2008.H09_metabat2.2	NEB Q5 XT 1x 150 ng	Acinetobacter baumannii	u96710ctg_len-3214412_circular-no_depth-35-35-35_duplicated-no	1825000	1850000	25000	36.592000	37.720000	47.670000	0.791273
R004bc2008.H09	metabat2.2	R004bc2008.H09_metabat2.2	NEB Q5 XT 1x 150 ng	Acinetobacter baumannii	u96710ctg_len-3214412_circular-no_depth-35-35-35_duplicated-no	1850000	1875000	25000	36.412000	41.190000	47.670000	0.864065
R004bc2008.H09	metabat2.2	R004bc2008.H09_metabat2.2	NEB Q5 XT 1x 150 ng	Acinetobacter baumannii	u96710ctg_len-3214412_circular-no_depth-35-35-35_duplicated-no	1875000	1900000	25000	37.392000	42.420000	47.670000	0.889868
R004bc2008.H09	metabat2.2	R004bc2008.H09_metabat2.2	NEB Q5 XT 1x 150 ng	Acinetobacter baumannii	u96710ctg_len-3214412_circular-no_depth-35-35-35_duplicated-no	1900000	1925000	25000	35.936000	44.010000	47.670000	0.923222
R004bc2008.H09	metabat2.2	R004bc2008.H09_metabat2.2	NEB Q5 XT 1x 150 ng	Acinetobacter baumannii	u96710ctg_len-3214412_circular-no_depth-35-35-35_duplicated-no	1925000	1950000	25000	38.456000	41.560000	47.670000	0.871827
R004bc2008.H09	metabat2.2	R004bc2008.H09_metabat2.2	NEB Q5 XT 1x 150 ng	Acinetobacter baumannii	u96710ctg_len-3214412_circular-no_depth-35-35-35_duplicated-no	1950000	1975000	25000	38.280000	40.940000	47.670000	0.858821
R004bc2008.H09	metabat2.2	R004bc2008.H09_metabat2.2	NEB Q5 XT 1x 150 ng	Acinetobacter baumannii	u96710ctg_len-3214412_circular-no_depth-35-35-35_duplicated-no	1975000	2000000	25000	39.740000	34.390000	47.670000	0.721418
R004bc2008.H09	metabat2.2	R004bc2008.H09_metabat2.2	NEB Q5 XT 1x 150 ng	Acinetobacter baumannii	u96710ctg_len-3214412_circular-no_depth-35-35-35_duplicated-no	2000000	2025000	25000	40.700000	42.920000	47.670000	0.900357
R004bc2008.H09	metabat2.2	R004bc2008.H09_metabat2.2	NEB Q5 XT 1x 150 ng	Acinetobacter baumannii	u96710ctg_len-3214412_circular-no_depth-35-35-35_duplicated-no	2025000	2050000	25000	39.372000	40.890000	47.670000	0.857772
R004bc2008.H09	metabat2.2	R004bc2008.H09_metabat2.2	NEB Q5 XT 1x 150 ng	Acinetobacter baumannii	u96710ctg_len-3214412_circular-no_depth-35-35-35_duplicated-no	2050000	2075000	25000	39.976000	42.550000	47.670000	0.892595
R004bc2008.H09	metabat2.2	R004bc2008.H09_metabat2.2	NEB Q5 XT 1x 150 ng	Acinetobacter baumannii	u96710ctg_len-3214412_circular-no_depth-35-35-35_duplicated-no	2075000	2100000	25000	38.708000	39.530000	47.670000	0.829243
R004bc2008.H09	metabat2.2	R004bc2008.H09_metabat2.2	NEB Q5 XT 1x 150 ng	Acinetobacter baumannii	u96710ctg_len-3214412_circular-no_depth-35-35-35_duplicated-no	2100000	2125000	25000	36.324000	44.320000	47.670000	0.929725
R004bc2008.H09	metabat2.2	R004bc2008.H09_metabat2.2	NEB Q5 XT 1x 150 ng	Acinetobacter baumannii	u96710ctg_len-3214412_circular-no_depth-35-35-35_duplicated-no	2125000	2150000	25000	35.688000	37.410000	47.670000	0.784770
R004bc2008.H09	metabat2.2	R004bc2008.H09_metabat2.2	NEB Q5 XT 1x 150 ng	Acinetobacter baumannii	u96710ctg_len-3214412_circular-no_depth-35-35-35_duplicated-no	2150000	2175000	25000	38.500000	41.420000	47.670000	0.868890
R004bc2008.H09	metabat2.2	R004bc2008.H09_metabat2.2	NEB Q5 XT 1x 150 ng	Acinetobacter baumannii	u96710ctg_len-3214412_circular-no_depth-35-35-35_duplicated-no	2175000	2200000	25000	38.480000	40.830000	47.670000	0.856514
R004bc2008.H09	metabat2.2	R004bc2008.H09_metabat2.2	NEB Q5 XT 1x 150 ng	Acinetobacter baumannii	u96710ctg_len-3214412_circular-no_depth-35-35-35_duplicated-no	2200000	2225000	25000	39.396000	40.630000	47.670000	0.852318
R004bc2008.H09	metabat2.2	R004bc2008.H09_metabat2.2	NEB Q5 XT 1x 150 ng	Acinetobacter baumannii	u96710ctg_len-3214412_circular-no_depth-35-35-35_duplicated-no	2225000	2250000	25000	35.524000	47.920000	47.670000	1.005244
R004bc2008.H09	metabat2.2	R004bc2008.H09_metabat2.2	NEB Q5 XT 1x 150 ng	Acinetobacter baumannii	u96710ctg_len-3214412_circular-no_depth-35-35-35_duplicated-no	2250000	2275000	25000	39.328000	45.150000	47.670000	0.947137
R004bc2008.H09	metabat2.2	R004bc2008.H09_metabat2.2	NEB Q5 XT 1x 150 ng	Acinetobacter baumannii	u96710ctg_len-3214412_circular-no_depth-35-35-35_duplicated-no	2275000	2300000	25000	37.708000	40.050000	47.670000	0.840151
R004bc2008.H09	metabat2.2	R004bc2008.H09_metabat2.2	NEB Q5 XT 1x 150 ng	Acinetobacter baumannii	u96710ctg_len-3214412_circular-no_depth-35-35-35_duplicated-no	2300000	2325000	25000	39.264000	45.120000	47.670000	0.946507
R004bc2008.H09	metabat2.2	R004bc2008.H09_metabat2.2	NEB Q5 XT 1x 150 ng	Acinetobacter baumannii	u96710ctg_len-3214412_circular-no_depth-35-35-35_duplicated-no	2325000	2350000	25000	38.984000	46.330000	47.670000	0.971890
R004bc2008.H09	metabat2.2	R004bc2008.H09_metabat2.2	NEB Q5 XT 1x 150 ng	Acinetobacter baumannii	u96710ctg_len-3214412_circular-no_depth-35-35-35_duplicated-no	2350000	2375000	25000	37.880000	43.780000	47.670000	0.918397
R004bc2008.H09	metabat2.2	R004bc2008.H09_metabat2.2	NEB Q5 XT 1x 150 ng	Acinetobacter baumannii	u96710ctg_len-3214412_circular-no_depth-35-35-35_duplicated-no	2375000	2400000	25000	37.896000	38.490000	47.670000	0.807426
R004bc2008.H09	metabat2.2	R004bc2008.H09_metabat2.2	NEB Q5 XT 1x 150 ng	Acinetobacter baumannii	u96710ctg_len-3214412_circular-no_depth-35-35-35_duplicated-no	2400000	2425000	25000	35.916000	47.790000	47.670000	1.002517
R004bc2008.H09	metabat2.2	R004bc2008.H09_metabat2.2	NEB Q5 XT 1x 150 ng	Acinetobacter baumannii	u96710ctg_len-3214412_circular-no_depth-35-35-35_duplicated-no	2425000	2450000	25000	38.944000	45.760000	47.670000	0.959933
R004bc2008.H09	metabat2.2	R004bc2008.H09_metabat2.2	NEB Q5 XT 1x 150 ng	Acinetobacter baumannii	u96710ctg_len-3214412_circular-no_depth-35-35-35_duplicated-no	2450000	2475000	25000	38.680000	44.900000	47.670000	0.941892
R004bc2008.H09	metabat2.2	R004bc2008.H09_metabat2.2	NEB Q5 XT 1x 150 ng	Acinetobacter baumannii	u96710ctg_len-3214412_circular-no_depth-35-35-35_duplicated-no	2475000	2500000	25000	40.556000	41.960000	47.670000	0.880218
R004bc2008.H09	metabat2.2	R004bc2008.H09_metabat2.2	NEB Q5 XT 1x 150 ng	Acinetobacter baumannii	u96710ctg_len-3214412_circular-no_depth-35-35-35_duplicated-no	2500000	2525000	25000	39.604000	40.530000	47.670000	0.850220
R004bc2008.H09	metabat2.2	R004bc2008.H09_metabat2.2	NEB Q5 XT 1x 150 ng	Acinetobacter baumannii	u96710ctg_len-3214412_circular-no_depth-35-35-35_duplicated-no	2525000	2550000	25000	39.868000	45.150000	47.670000	0.947137
R004bc2008.H09	metabat2.2	R004bc2008.H09_metabat2.2	NEB Q5 XT 1x 150 ng	Acinetobacter baumannii	u96710ctg_len-3214412_circular-no_depth-35-35-35_duplicated-no	2550000	2575000	25000	38.884000	47.670000	47.670000	1.000000
R004bc2008.H09	metabat2.2	R004bc2008.H09_metabat2.2	NEB Q5 XT 1x 150 ng	Acinetobacter baumannii	u96710ctg_len-3214412_circular-no_depth-35-35-35_duplicated-no	2575000	2600000	25000	38.352000	45.820000	47.670000	0.961192
R004bc2008.H09	metabat2.2	R004bc2008.H09_metabat2.2	NEB Q5 XT 1x 150 ng	Acinetobacter baumannii	u96710ctg_len-3214412_circular-no_depth-35-35-35_duplicated-no	2600000	2625000	25000	39.272000	41.870000	47.670000	0.878330
R004bc2008.H09	metabat2.2	R004bc2008.H09_metabat2.2	NEB Q5 XT 1x 150 ng	Acinetobacter baumannii	u96710ctg_len-3214412_circular-no_depth-35-35-35_duplicated-no	2625000	2650000	25000	38.768000	46.530000	47.670000	0.976086
R004bc2008.H09	metabat2.2	R004bc2008.H09_metabat2.2	NEB Q5 XT 1x 150 ng	Acinetobacter baumannii	u96710ctg_len-3214412_circular-no_depth-35-35-35_duplicated-no	2650000	2675000	25000	38.332000	47.500000	47.670000	0.996434
R004bc2008.H09	metabat2.2	R004bc2008.H09_metabat2.2	NEB Q5 XT 1x 150 ng	Acinetobacter baumannii	u96710ctg_len-3214412_circular-no_depth-35-35-35_duplicated-no	2675000	2700000	25000	39.208000	47.050000	47.670000	0.986994
R004bc2008.H09	metabat2.2	R004bc2008.H09_metabat2.2	NEB Q5 XT 1x 150 ng	Acinetobacter baumannii	u96710ctg_len-3214412_circular-no_depth-35-35-35_duplicated-no	2700000	2725000	25000	38.768000	56.020000	47.670000	1.175163
R004bc2008.H09	metabat2.2	R004bc2008.H09_metabat2.2	NEB Q5 XT 1x 150 ng	Acinetobacter baumannii	u96710ctg_len-3214412_circular-no_depth-35-35-35_duplicated-no	2725000	2750000	25000	38.664000	57.240000	47.670000	1.200755
R004bc2008.H09	metabat2.2	R004bc2008.H09_metabat2.2	NEB Q5 XT 1x 150 ng	Acinetobacter baumannii	u96710ctg_len-3214412_circular-no_depth-35-35-35_duplicated-no	2750000	2775000	25000	36.476000	49.620000	47.670000	1.040906
R004bc2008.H09	metabat2.2	R004bc2008.H09_metabat2.2	NEB Q5 XT 1x 150 ng	Acinetobacter baumannii	u96710ctg_len-3214412_circular-no_depth-35-35-35_duplicated-no	2775000	2800000	25000	39.544000	50.230000	47.670000	1.053703
R004bc2008.H09	metabat2.2	R004bc2008.H09_metabat2.2	NEB Q5 XT 1x 150 ng	Acinetobacter baumannii	u96710ctg_len-3214412_circular-no_depth-35-35-35_duplicated-no	2800000	2825000	25000	38.832000	52.220000	47.670000	1.095448
R004bc2008.H09	metabat2.2	R004bc2008.H09_metabat2.2	NEB Q5 XT 1x 150 ng	Acinetobacter baumannii	u96710ctg_len-3214412_circular-no_depth-35-35-35_duplicated-no	2825000	2850000	25000	37.588000	46.630000	47.670000	0.978183
R004bc2008.H09	metabat2.2	R004bc2008.H09_metabat2.2	NEB Q5 XT 1x 150 ng	Acinetobacter baumannii	u96710ctg_len-3214412_circular-no_depth-35-35-35_duplicated-no	2850000	2875000	25000	37.780000	44.240000	47.670000	0.928047
R004bc2008.H09	metabat2.2	R004bc2008.H09_metabat2.2	NEB Q5 XT 1x 150 ng	Acinetobacter baumannii	u96710ctg_len-3214412_circular-no_depth-35-35-35_duplicated-no	2875000	2900000	25000	38.116000	56.830000	47.670000	1.192154
R004bc2008.H09	metabat2.2	R004bc2008.H09_metabat2.2	NEB Q5 XT 1x 150 ng	Acinetobacter baumannii	u96710ctg_len-3214412_circular-no_depth-35-35-35_duplicated-no	2900000	2925000	25000	38.432000	56.130000	47.670000	1.177470
R004bc2008.H09	metabat2.2	R004bc2008.H09_metabat2.2	NEB Q5 XT 1x 150 ng	Acinetobacter baumannii	u96710ctg_len-3214412_circular-no_depth-35-35-35_duplicated-no	2925000	2950000	25000	42.408000	47.070000	47.670000	0.987413
R004bc2008.H09	metabat2.2	R004bc2008.H09_metabat2.2	NEB Q5 XT 1x 150 ng	Acinetobacter baumannii	u96710ctg_len-3214412_circular-no_depth-35-35-35_duplicated-no	2950000	2975000	25000	41.592000	50.890000	47.670000	1.067548
R004bc2008.H09	metabat2.2	R004bc2008.H09_metabat2.2	NEB Q5 XT 1x 150 ng	Acinetobacter baumannii	u96710ctg_len-3214412_circular-no_depth-35-35-35_duplicated-no	2975000	3000000	25000	39.340000	48.290000	47.670000	1.013006
R004bc2008.H09	metabat2.2	R004bc2008.H09_metabat2.2	NEB Q5 XT 1x 150 ng	Acinetobacter baumannii	u96710ctg_len-3214412_circular-no_depth-35-35-35_duplicated-no	3000000	3025000	25000	38.928000	52.630000	47.670000	1.104049
R004bc2008.H09	metabat2.2	R004bc2008.H09_metabat2.2	NEB Q5 XT 1x 150 ng	Acinetobacter baumannii	u96710ctg_len-3214412_circular-no_depth-35-35-35_duplicated-no	3025000	3050000	25000	38.836000	56.940000	47.670000	1.194462
R004bc2008.H09	metabat2.2	R004bc2008.H09_metabat2.2	NEB Q5 XT 1x 150 ng	Acinetobacter baumannii	u96710ctg_len-3214412_circular-no_depth-35-35-35_duplicated-no	3050000	3075000	25000	38.856000	56.730000	47.670000	1.190057
R004bc2008.H09	metabat2.2	R004bc2008.H09_metabat2.2	NEB Q5 XT 1x 150 ng	Acinetobacter baumannii	u96710ctg_len-3214412_circular-no_depth-35-35-35_duplicated-no	3075000	3100000	25000	38.676000	56.620000	47.670000	1.187749
R004bc2008.H09	metabat2.2	R004bc2008.H09_metabat2.2	NEB Q5 XT 1x 150 ng	Acinetobacter baumannii	u96710ctg_len-3214412_circular-no_depth-35-35-35_duplicated-no	3100000	3125000	25000	39.864000	55.250000	47.670000	1.159010
R004bc2008.H09	metabat2.2	R004bc2008.H09_metabat2.2	NEB Q5 XT 1x 150 ng	Acinetobacter baumannii	u96710ctg_len-3214412_circular-no_depth-35-35-35_duplicated-no	3125000	3150000	25000	39.996000	48.800000	47.670000	1.023705
R004bc2008.H09	metabat2.2	R004bc2008.H09_metabat2.2	NEB Q5 XT 1x 150 ng	Acinetobacter baumannii	u96710ctg_len-3214412_circular-no_depth-35-35-35_duplicated-no	3150000	3175000	25000	38.732000	56.440000	47.670000	1.183973
R004bc2008.H09	metabat2.2	R004bc2008.H09_metabat2.2	NEB Q5 XT 1x 150 ng	Acinetobacter baumannii	u96710ctg_len-3214412_circular-no_depth-35-35-35_duplicated-no	3175000	3200000	25000	39.320000	57.750000	47.670000	1.211454
R005bc2008.H09	metabat2.2	R005bc2008.H09_metabat2.2	NEB Q5 XT 1x 150 ng (Q)	Acinetobacter baumannii	u25356ctg_len-210383_circular-yes_depth-43-43-43_duplicated-no	0	25000	25000	42.276000	42.420000	42.360000	1.001416
R005bc2008.H09	metabat2.2	R005bc2008.H09_metabat2.2	NEB Q5 XT 1x 150 ng (Q)	Acinetobacter baumannii	u25356ctg_len-210383_circular-yes_depth-43-43-43_duplicated-no	25000	50000	25000	48.144000	48.080000	42.360000	1.135033
R005bc2008.H09	metabat2.2	R005bc2008.H09_metabat2.2	NEB Q5 XT 1x 150 ng (Q)	Acinetobacter baumannii	u25356ctg_len-210383_circular-yes_depth-43-43-43_duplicated-no	50000	75000	25000	39.156000	50.860000	42.360000	1.200661
R005bc2008.H09	metabat2.2	R005bc2008.H09_metabat2.2	NEB Q5 XT 1x 150 ng (Q)	Acinetobacter baumannii	u25356ctg_len-210383_circular-yes_depth-43-43-43_duplicated-no	75000	100000	25000	35.836000	57.190000	42.360000	1.350094
R005bc2008.H09	metabat2.2	R005bc2008.H09_metabat2.2	NEB Q5 XT 1x 150 ng (Q)	Acinetobacter baumannii	u25356ctg_len-210383_circular-yes_depth-43-43-43_duplicated-no	100000	125000	25000	40.272000	54.920000	42.360000	1.296506
R005bc2008.H09	metabat2.2	R005bc2008.H09_metabat2.2	NEB Q5 XT 1x 150 ng (Q)	Acinetobacter baumannii	u25356ctg_len-210383_circular-yes_depth-43-43-43_duplicated-no	125000	150000	25000	41.348000	55.860000	42.360000	1.318697
R005bc2008.H09	metabat2.2	R005bc2008.H09_metabat2.2	NEB Q5 XT 1x 150 ng (Q)	Acinetobacter baumannii	u25356ctg_len-210383_circular-yes_depth-43-43-43_duplicated-no	150000	175000	25000	41.540000	56.850000	42.360000	1.342068
R005bc2008.H09	metabat2.2	R005bc2008.H09_metabat2.2	NEB Q5 XT 1x 150 ng (Q)	Acinetobacter baumannii	u25356ctg_len-210383_circular-yes_depth-43-43-43_duplicated-no	175000	200000	25000	40.036000	53.340000	42.360000	1.259207
R005bc2008.H09	metabat2.2	R005bc2008.H09_metabat2.2	NEB Q5 XT 1x 150 ng (Q)	Acinetobacter baumannii	u419ctg_len-264111_circular-no_depth-42-42-42_duplicated-no	0	25000	25000	39.880000	46.550000	42.360000	1.098914
R005bc2008.H09	metabat2.2	R005bc2008.H09_metabat2.2	NEB Q5 XT 1x 150 ng (Q)	Acinetobacter baumannii	u419ctg_len-264111_circular-no_depth-42-42-42_duplicated-no	25000	50000	25000	39.352000	58.270000	42.360000	1.375590
R005bc2008.H09	metabat2.2	R005bc2008.H09_metabat2.2	NEB Q5 XT 1x 150 ng (Q)	Acinetobacter baumannii	u419ctg_len-264111_circular-no_depth-42-42-42_duplicated-no	50000	75000	25000	40.848000	55.760000	42.360000	1.316336
R005bc2008.H09	metabat2.2	R005bc2008.H09_metabat2.2	NEB Q5 XT 1x 150 ng (Q)	Acinetobacter baumannii	u419ctg_len-264111_circular-no_depth-42-42-42_duplicated-no	75000	100000	25000	41.540000	52.780000	42.360000	1.245987
R005bc2008.H09	metabat2.2	R005bc2008.H09_metabat2.2	NEB Q5 XT 1x 150 ng (Q)	Acinetobacter baumannii	u419ctg_len-264111_circular-no_depth-42-42-42_duplicated-no	100000	125000	25000	39.760000	56.790000	42.360000	1.340652
R005bc2008.H09	metabat2.2	R005bc2008.H09_metabat2.2	NEB Q5 XT 1x 150 ng (Q)	Acinetobacter baumannii	u419ctg_len-264111_circular-no_depth-42-42-42_duplicated-no	125000	150000	25000	40.492000	53.100000	42.360000	1.253541
R005bc2008.H09	metabat2.2	R005bc2008.H09_metabat2.2	NEB Q5 XT 1x 150 ng (Q)	Acinetobacter baumannii	u419ctg_len-264111_circular-no_depth-42-42-42_duplicated-no	150000	175000	25000	39.612000	52.840000	42.360000	1.247403
R005bc2008.H09	metabat2.2	R005bc2008.H09_metabat2.2	NEB Q5 XT 1x 150 ng (Q)	Acinetobacter baumannii	u419ctg_len-264111_circular-no_depth-42-42-42_duplicated-no	175000	200000	25000	40.220000	56.800000	42.360000	1.340888
R005bc2008.H09	metabat2.2	R005bc2008.H09_metabat2.2	NEB Q5 XT 1x 150 ng (Q)	Acinetobacter baumannii	u419ctg_len-264111_circular-no_depth-42-42-42_duplicated-no	200000	225000	25000	40.712000	52.160000	42.360000	1.231350
R005bc2008.H09	metabat2.2	R005bc2008.H09_metabat2.2	NEB Q5 XT 1x 150 ng (Q)	Acinetobacter baumannii	u419ctg_len-264111_circular-no_depth-42-42-42_duplicated-no	225000	250000	25000	40.092000	47.900000	42.360000	1.130784
R005bc2008.H09	metabat2.2	R005bc2008.H09_metabat2.2	NEB Q5 XT 1x 150 ng (Q)	Acinetobacter baumannii	u50079ctg_len-1259082_circular-no_depth-33-33-33_duplicated-no	0	25000	25000	40.652000	53.110000	42.360000	1.253777
R005bc2008.H09	metabat2.2	R005bc2008.H09_metabat2.2	NEB Q5 XT 1x 150 ng (Q)	Acinetobacter baumannii	u50079ctg_len-1259082_circular-no_depth-33-33-33_duplicated-no	25000	50000	25000	40.448000	50.480000	42.360000	1.191690
R005bc2008.H09	metabat2.2	R005bc2008.H09_metabat2.2	NEB Q5 XT 1x 150 ng (Q)	Acinetobacter baumannii	u50079ctg_len-1259082_circular-no_depth-33-33-33_duplicated-no	50000	75000	25000	40.664000	49.280000	42.360000	1.163362
R005bc2008.H09	metabat2.2	R005bc2008.H09_metabat2.2	NEB Q5 XT 1x 150 ng (Q)	Acinetobacter baumannii	u50079ctg_len-1259082_circular-no_depth-33-33-33_duplicated-no	75000	100000	25000	39.944000	52.700000	42.360000	1.244098
R005bc2008.H09	metabat2.2	R005bc2008.H09_metabat2.2	NEB Q5 XT 1x 150 ng (Q)	Acinetobacter baumannii	u50079ctg_len-1259082_circular-no_depth-33-33-33_duplicated-no	100000	125000	25000	39.368000	51.790000	42.360000	1.222616
R005bc2008.H09	metabat2.2	R005bc2008.H09_metabat2.2	NEB Q5 XT 1x 150 ng (Q)	Acinetobacter baumannii	u50079ctg_len-1259082_circular-no_depth-33-33-33_duplicated-no	125000	150000	25000	40.012000	54.790000	42.360000	1.293437
R005bc2008.H09	metabat2.2	R005bc2008.H09_metabat2.2	NEB Q5 XT 1x 150 ng (Q)	Acinetobacter baumannii	u50079ctg_len-1259082_circular-no_depth-33-33-33_duplicated-no	150000	175000	25000	41.812000	47.640000	42.360000	1.124646
R005bc2008.H09	metabat2.2	R005bc2008.H09_metabat2.2	NEB Q5 XT 1x 150 ng (Q)	Acinetobacter baumannii	u50079ctg_len-1259082_circular-no_depth-33-33-33_duplicated-no	175000	200000	25000	40.672000	48.000000	42.360000	1.133144
R005bc2008.H09	metabat2.2	R005bc2008.H09_metabat2.2	NEB Q5 XT 1x 150 ng (Q)	Acinetobacter baumannii	u50079ctg_len-1259082_circular-no_depth-33-33-33_duplicated-no	200000	225000	25000	40.760000	49.170000	42.360000	1.160765
R005bc2008.H09	metabat2.2	R005bc2008.H09_metabat2.2	NEB Q5 XT 1x 150 ng (Q)	Acinetobacter baumannii	u50079ctg_len-1259082_circular-no_depth-33-33-33_duplicated-no	225000	250000	25000	39.664000	51.940000	42.360000	1.226157
R005bc2008.H09	metabat2.2	R005bc2008.H09_metabat2.2	NEB Q5 XT 1x 150 ng (Q)	Acinetobacter baumannii	u50079ctg_len-1259082_circular-no_depth-33-33-33_duplicated-no	250000	275000	25000	39.712000	46.120000	42.360000	1.088763
R005bc2008.H09	metabat2.2	R005bc2008.H09_metabat2.2	NEB Q5 XT 1x 150 ng (Q)	Acinetobacter baumannii	u50079ctg_len-1259082_circular-no_depth-33-33-33_duplicated-no	275000	300000	25000	39.332000	44.530000	42.360000	1.051228
R005bc2008.H09	metabat2.2	R005bc2008.H09_metabat2.2	NEB Q5 XT 1x 150 ng (Q)	Acinetobacter baumannii	u50079ctg_len-1259082_circular-no_depth-33-33-33_duplicated-no	300000	325000	25000	39.908000	47.370000	42.360000	1.118272
R005bc2008.H09	metabat2.2	R005bc2008.H09_metabat2.2	NEB Q5 XT 1x 150 ng (Q)	Acinetobacter baumannii	u50079ctg_len-1259082_circular-no_depth-33-33-33_duplicated-no	325000	350000	25000	41.088000	48.890000	42.360000	1.154155
R005bc2008.H09	metabat2.2	R005bc2008.H09_metabat2.2	NEB Q5 XT 1x 150 ng (Q)	Acinetobacter baumannii	u50079ctg_len-1259082_circular-no_depth-33-33-33_duplicated-no	350000	375000	25000	39.668000	48.680000	42.360000	1.149197
R005bc2008.H09	metabat2.2	R005bc2008.H09_metabat2.2	NEB Q5 XT 1x 150 ng (Q)	Acinetobacter baumannii	u50079ctg_len-1259082_circular-no_depth-33-33-33_duplicated-no	375000	400000	25000	40.180000	51.040000	42.360000	1.204910
R005bc2008.H09	metabat2.2	R005bc2008.H09_metabat2.2	NEB Q5 XT 1x 150 ng (Q)	Acinetobacter baumannii	u50079ctg_len-1259082_circular-no_depth-33-33-33_duplicated-no	400000	425000	25000	39.748000	52.440000	42.360000	1.237960
R005bc2008.H09	metabat2.2	R005bc2008.H09_metabat2.2	NEB Q5 XT 1x 150 ng (Q)	Acinetobacter baumannii	u50079ctg_len-1259082_circular-no_depth-33-33-33_duplicated-no	425000	450000	25000	39.844000	47.340000	42.360000	1.117564
R005bc2008.H09	metabat2.2	R005bc2008.H09_metabat2.2	NEB Q5 XT 1x 150 ng (Q)	Acinetobacter baumannii	u50079ctg_len-1259082_circular-no_depth-33-33-33_duplicated-no	450000	475000	25000	39.308000	50.210000	42.360000	1.185316
R005bc2008.H09	metabat2.2	R005bc2008.H09_metabat2.2	NEB Q5 XT 1x 150 ng (Q)	Acinetobacter baumannii	u50079ctg_len-1259082_circular-no_depth-33-33-33_duplicated-no	475000	500000	25000	40.712000	48.650000	42.360000	1.148489
R005bc2008.H09	metabat2.2	R005bc2008.H09_metabat2.2	NEB Q5 XT 1x 150 ng (Q)	Acinetobacter baumannii	u50079ctg_len-1259082_circular-no_depth-33-33-33_duplicated-no	500000	525000	25000	38.296000	41.390000	42.360000	0.977101
R005bc2008.H09	metabat2.2	R005bc2008.H09_metabat2.2	NEB Q5 XT 1x 150 ng (Q)	Acinetobacter baumannii	u50079ctg_len-1259082_circular-no_depth-33-33-33_duplicated-no	525000	550000	25000	41.216000	48.040000	42.360000	1.134089
R005bc2008.H09	metabat2.2	R005bc2008.H09_metabat2.2	NEB Q5 XT 1x 150 ng (Q)	Acinetobacter baumannii	u50079ctg_len-1259082_circular-no_depth-33-33-33_duplicated-no	550000	575000	25000	38.396000	43.610000	42.360000	1.029509
R005bc2008.H09	metabat2.2	R005bc2008.H09_metabat2.2	NEB Q5 XT 1x 150 ng (Q)	Acinetobacter baumannii	u50079ctg_len-1259082_circular-no_depth-33-33-33_duplicated-no	575000	600000	25000	39.372000	45.910000	42.360000	1.083805
R005bc2008.H09	metabat2.2	R005bc2008.H09_metabat2.2	NEB Q5 XT 1x 150 ng (Q)	Acinetobacter baumannii	u50079ctg_len-1259082_circular-no_depth-33-33-33_duplicated-no	600000	625000	25000	39.532000	37.170000	42.360000	0.877479
R005bc2008.H09	metabat2.2	R005bc2008.H09_metabat2.2	NEB Q5 XT 1x 150 ng (Q)	Acinetobacter baumannii	u50079ctg_len-1259082_circular-no_depth-33-33-33_duplicated-no	625000	650000	25000	39.660000	48.860000	42.360000	1.153447
R005bc2008.H09	metabat2.2	R005bc2008.H09_metabat2.2	NEB Q5 XT 1x 150 ng (Q)	Acinetobacter baumannii	u50079ctg_len-1259082_circular-no_depth-33-33-33_duplicated-no	650000	675000	25000	39.096000	48.120000	42.360000	1.135977
R005bc2008.H09	metabat2.2	R005bc2008.H09_metabat2.2	NEB Q5 XT 1x 150 ng (Q)	Acinetobacter baumannii	u50079ctg_len-1259082_circular-no_depth-33-33-33_duplicated-no	675000	700000	25000	41.660000	45.220000	42.360000	1.067517
R005bc2008.H09	metabat2.2	R005bc2008.H09_metabat2.2	NEB Q5 XT 1x 150 ng (Q)	Acinetobacter baumannii	u50079ctg_len-1259082_circular-no_depth-33-33-33_duplicated-no	700000	725000	25000	34.740000	41.670000	42.360000	0.983711
R005bc2008.H09	metabat2.2	R005bc2008.H09_metabat2.2	NEB Q5 XT 1x 150 ng (Q)	Acinetobacter baumannii	u50079ctg_len-1259082_circular-no_depth-33-33-33_duplicated-no	725000	750000	25000	38.408000	41.170000	42.360000	0.971907
R005bc2008.H09	metabat2.2	R005bc2008.H09_metabat2.2	NEB Q5 XT 1x 150 ng (Q)	Acinetobacter baumannii	u50079ctg_len-1259082_circular-no_depth-33-33-33_duplicated-no	750000	775000	25000	40.340000	40.320000	42.360000	0.951841
R005bc2008.H09	metabat2.2	R005bc2008.H09_metabat2.2	NEB Q5 XT 1x 150 ng (Q)	Acinetobacter baumannii	u50079ctg_len-1259082_circular-no_depth-33-33-33_duplicated-no	775000	800000	25000	41.628000	43.710000	42.360000	1.031870
R005bc2008.H09	metabat2.2	R005bc2008.H09_metabat2.2	NEB Q5 XT 1x 150 ng (Q)	Acinetobacter baumannii	u50079ctg_len-1259082_circular-no_depth-33-33-33_duplicated-no	800000	825000	25000	38.512000	46.970000	42.360000	1.108829
R005bc2008.H09	metabat2.2	R005bc2008.H09_metabat2.2	NEB Q5 XT 1x 150 ng (Q)	Acinetobacter baumannii	u50079ctg_len-1259082_circular-no_depth-33-33-33_duplicated-no	825000	850000	25000	38.308000	41.780000	42.360000	0.986308
R005bc2008.H09	metabat2.2	R005bc2008.H09_metabat2.2	NEB Q5 XT 1x 150 ng (Q)	Acinetobacter baumannii	u50079ctg_len-1259082_circular-no_depth-33-33-33_duplicated-no	850000	875000	25000	38.532000	38.490000	42.360000	0.908640
R005bc2008.H09	metabat2.2	R005bc2008.H09_metabat2.2	NEB Q5 XT 1x 150 ng (Q)	Acinetobacter baumannii	u50079ctg_len-1259082_circular-no_depth-33-33-33_duplicated-no	875000	900000	25000	37.904000	37.860000	42.360000	0.893768
R005bc2008.H09	metabat2.2	R005bc2008.H09_metabat2.2	NEB Q5 XT 1x 150 ng (Q)	Acinetobacter baumannii	u50079ctg_len-1259082_circular-no_depth-33-33-33_duplicated-no	900000	925000	25000	38.484000	47.410000	42.360000	1.119216
R005bc2008.H09	metabat2.2	R005bc2008.H09_metabat2.2	NEB Q5 XT 1x 150 ng (Q)	Acinetobacter baumannii	u50079ctg_len-1259082_circular-no_depth-33-33-33_duplicated-no	925000	950000	25000	39.296000	43.490000	42.360000	1.026676
R005bc2008.H09	metabat2.2	R005bc2008.H09_metabat2.2	NEB Q5 XT 1x 150 ng (Q)	Acinetobacter baumannii	u50079ctg_len-1259082_circular-no_depth-33-33-33_duplicated-no	950000	975000	25000	40.212000	42.650000	42.360000	1.006846
R005bc2008.H09	metabat2.2	R005bc2008.H09_metabat2.2	NEB Q5 XT 1x 150 ng (Q)	Acinetobacter baumannii	u50079ctg_len-1259082_circular-no_depth-33-33-33_duplicated-no	975000	1000000	25000	45.544000	40.630000	42.360000	0.959160
R005bc2008.H09	metabat2.2	R005bc2008.H09_metabat2.2	NEB Q5 XT 1x 150 ng (Q)	Acinetobacter baumannii	u50079ctg_len-1259082_circular-no_depth-33-33-33_duplicated-no	1000000	1025000	25000	37.612000	39.750000	42.360000	0.938385
R005bc2008.H09	metabat2.2	R005bc2008.H09_metabat2.2	NEB Q5 XT 1x 150 ng (Q)	Acinetobacter baumannii	u50079ctg_len-1259082_circular-no_depth-33-33-33_duplicated-no	1025000	1050000	25000	41.356000	36.800000	42.360000	0.868744
R005bc2008.H09	metabat2.2	R005bc2008.H09_metabat2.2	NEB Q5 XT 1x 150 ng (Q)	Acinetobacter baumannii	u50079ctg_len-1259082_circular-no_depth-33-33-33_duplicated-no	1050000	1075000	25000	39.368000	33.400000	42.360000	0.788480
R005bc2008.H09	metabat2.2	R005bc2008.H09_metabat2.2	NEB Q5 XT 1x 150 ng (Q)	Acinetobacter baumannii	u50079ctg_len-1259082_circular-no_depth-33-33-33_duplicated-no	1075000	1100000	25000	40.780000	35.330000	42.360000	0.834042
R005bc2008.H09	metabat2.2	R005bc2008.H09_metabat2.2	NEB Q5 XT 1x 150 ng (Q)	Acinetobacter baumannii	u50079ctg_len-1259082_circular-no_depth-33-33-33_duplicated-no	1100000	1125000	25000	39.964000	39.880000	42.360000	0.941454
R005bc2008.H09	metabat2.2	R005bc2008.H09_metabat2.2	NEB Q5 XT 1x 150 ng (Q)	Acinetobacter baumannii	u50079ctg_len-1259082_circular-no_depth-33-33-33_duplicated-no	1125000	1150000	25000	36.384000	37.270000	42.360000	0.879839
R005bc2008.H09	metabat2.2	R005bc2008.H09_metabat2.2	NEB Q5 XT 1x 150 ng (Q)	Acinetobacter baumannii	u50079ctg_len-1259082_circular-no_depth-33-33-33_duplicated-no	1150000	1175000	25000	39.936000	38.760000	42.360000	0.915014
R005bc2008.H09	metabat2.2	R005bc2008.H09_metabat2.2	NEB Q5 XT 1x 150 ng (Q)	Acinetobacter baumannii	u50079ctg_len-1259082_circular-no_depth-33-33-33_duplicated-no	1175000	1200000	25000	34.284000	36.690000	42.360000	0.866147
R005bc2008.H09	metabat2.2	R005bc2008.H09_metabat2.2	NEB Q5 XT 1x 150 ng (Q)	Acinetobacter baumannii	u50079ctg_len-1259082_circular-no_depth-33-33-33_duplicated-no	1200000	1225000	25000	40.372000	34.900000	42.360000	0.823890
R005bc2008.H09	metabat2.2	R005bc2008.H09_metabat2.2	NEB Q5 XT 1x 150 ng (Q)	Acinetobacter baumannii	u50079ctg_len-1259082_circular-no_depth-33-33-33_duplicated-no	1225000	1250000	25000	39.372000	36.580000	42.360000	0.863551
R005bc2008.H09	metabat2.2	R005bc2008.H09_metabat2.2	NEB Q5 XT 1x 150 ng (Q)	Acinetobacter baumannii	u71339ctg_len-276058_circular-no_depth-37-37-37_duplicated-no	0	25000	25000	38.132000	44.420000	42.360000	1.048631
R005bc2008.H09	metabat2.2	R005bc2008.H09_metabat2.2	NEB Q5 XT 1x 150 ng (Q)	Acinetobacter baumannii	u71339ctg_len-276058_circular-no_depth-37-37-37_duplicated-no	25000	50000	25000	38.428000	47.310000	42.360000	1.116856
R005bc2008.H09	metabat2.2	R005bc2008.H09_metabat2.2	NEB Q5 XT 1x 150 ng (Q)	Acinetobacter baumannii	u71339ctg_len-276058_circular-no_depth-37-37-37_duplicated-no	50000	75000	25000	40.356000	48.960000	42.360000	1.155807
R005bc2008.H09	metabat2.2	R005bc2008.H09_metabat2.2	NEB Q5 XT 1x 150 ng (Q)	Acinetobacter baumannii	u71339ctg_len-276058_circular-no_depth-37-37-37_duplicated-no	75000	100000	25000	40.140000	54.930000	42.360000	1.296742
R005bc2008.H09	metabat2.2	R005bc2008.H09_metabat2.2	NEB Q5 XT 1x 150 ng (Q)	Acinetobacter baumannii	u71339ctg_len-276058_circular-no_depth-37-37-37_duplicated-no	100000	125000	25000	38.948000	53.430000	42.360000	1.261331
R005bc2008.H09	metabat2.2	R005bc2008.H09_metabat2.2	NEB Q5 XT 1x 150 ng (Q)	Acinetobacter baumannii	u71339ctg_len-276058_circular-no_depth-37-37-37_duplicated-no	125000	150000	25000	38.760000	50.410000	42.360000	1.190038
R005bc2008.H09	metabat2.2	R005bc2008.H09_metabat2.2	NEB Q5 XT 1x 150 ng (Q)	Acinetobacter baumannii	u71339ctg_len-276058_circular-no_depth-37-37-37_duplicated-no	150000	175000	25000	38.644000	54.240000	42.360000	1.280453
R005bc2008.H09	metabat2.2	R005bc2008.H09_metabat2.2	NEB Q5 XT 1x 150 ng (Q)	Acinetobacter baumannii	u71339ctg_len-276058_circular-no_depth-37-37-37_duplicated-no	175000	200000	25000	39.956000	61.420000	42.360000	1.449953
R005bc2008.H09	metabat2.2	R005bc2008.H09_metabat2.2	NEB Q5 XT 1x 150 ng (Q)	Acinetobacter baumannii	u71339ctg_len-276058_circular-no_depth-37-37-37_duplicated-no	200000	225000	25000	41.036000	54.340000	42.360000	1.282814
R005bc2008.H09	metabat2.2	R005bc2008.H09_metabat2.2	NEB Q5 XT 1x 150 ng (Q)	Acinetobacter baumannii	u71339ctg_len-276058_circular-no_depth-37-37-37_duplicated-no	225000	250000	25000	39.420000	56.920000	42.360000	1.343720
R005bc2008.H09	metabat2.2	R005bc2008.H09_metabat2.2	NEB Q5 XT 1x 150 ng (Q)	Acinetobacter baumannii	u71339ctg_len-276058_circular-no_depth-37-37-37_duplicated-no	250000	275000	25000	40.344000	46.910000	42.360000	1.107413
R005bc2008.H09	metabat2.2	R005bc2008.H09_metabat2.2	NEB Q5 XT 1x 150 ng (Q)	Acinetobacter baumannii	u83733ctg_len-1995820_circular-no_depth-28-28-28_duplicated-no	0	25000	25000	42.364000	38.640000	42.360000	0.912181
R005bc2008.H09	metabat2.2	R005bc2008.H09_metabat2.2	NEB Q5 XT 1x 150 ng (Q)	Acinetobacter baumannii	u83733ctg_len-1995820_circular-no_depth-28-28-28_duplicated-no	25000	50000	25000	39.796000	47.190000	42.360000	1.114023
R005bc2008.H09	metabat2.2	R005bc2008.H09_metabat2.2	NEB Q5 XT 1x 150 ng (Q)	Acinetobacter baumannii	u83733ctg_len-1995820_circular-no_depth-28-28-28_duplicated-no	50000	75000	25000	38.800000	47.680000	42.360000	1.125590
R005bc2008.H09	metabat2.2	R005bc2008.H09_metabat2.2	NEB Q5 XT 1x 150 ng (Q)	Acinetobacter baumannii	u83733ctg_len-1995820_circular-no_depth-28-28-28_duplicated-no	75000	100000	25000	39.084000	42.300000	42.360000	0.998584
R005bc2008.H09	metabat2.2	R005bc2008.H09_metabat2.2	NEB Q5 XT 1x 150 ng (Q)	Acinetobacter baumannii	u83733ctg_len-1995820_circular-no_depth-28-28-28_duplicated-no	100000	125000	25000	40.540000	51.330000	42.360000	1.211756
R005bc2008.H09	metabat2.2	R005bc2008.H09_metabat2.2	NEB Q5 XT 1x 150 ng (Q)	Acinetobacter baumannii	u83733ctg_len-1995820_circular-no_depth-28-28-28_duplicated-no	125000	150000	25000	39.648000	51.120000	42.360000	1.206799
R005bc2008.H09	metabat2.2	R005bc2008.H09_metabat2.2	NEB Q5 XT 1x 150 ng (Q)	Acinetobacter baumannii	u83733ctg_len-1995820_circular-no_depth-28-28-28_duplicated-no	150000	175000	25000	38.524000	41.950000	42.360000	0.990321
R005bc2008.H09	metabat2.2	R005bc2008.H09_metabat2.2	NEB Q5 XT 1x 150 ng (Q)	Acinetobacter baumannii	u83733ctg_len-1995820_circular-no_depth-28-28-28_duplicated-no	175000	200000	25000	39.136000	51.590000	42.360000	1.217894
R005bc2008.H09	metabat2.2	R005bc2008.H09_metabat2.2	NEB Q5 XT 1x 150 ng (Q)	Acinetobacter baumannii	u83733ctg_len-1995820_circular-no_depth-28-28-28_duplicated-no	200000	225000	25000	38.624000	50.210000	42.360000	1.185316
R005bc2008.H09	metabat2.2	R005bc2008.H09_metabat2.2	NEB Q5 XT 1x 150 ng (Q)	Acinetobacter baumannii	u83733ctg_len-1995820_circular-no_depth-28-28-28_duplicated-no	225000	250000	25000	39.132000	43.550000	42.360000	1.028093
R005bc2008.H09	metabat2.2	R005bc2008.H09_metabat2.2	NEB Q5 XT 1x 150 ng (Q)	Acinetobacter baumannii	u83733ctg_len-1995820_circular-no_depth-28-28-28_duplicated-no	250000	275000	25000	38.852000	44.410000	42.360000	1.048395
R005bc2008.H09	metabat2.2	R005bc2008.H09_metabat2.2	NEB Q5 XT 1x 150 ng (Q)	Acinetobacter baumannii	u83733ctg_len-1995820_circular-no_depth-28-28-28_duplicated-no	275000	300000	25000	42.904000	48.480000	42.360000	1.144476
R005bc2008.H09	metabat2.2	R005bc2008.H09_metabat2.2	NEB Q5 XT 1x 150 ng (Q)	Acinetobacter baumannii	u83733ctg_len-1995820_circular-no_depth-28-28-28_duplicated-no	300000	325000	25000	41.368000	45.660000	42.360000	1.077904
R005bc2008.H09	metabat2.2	R005bc2008.H09_metabat2.2	NEB Q5 XT 1x 150 ng (Q)	Acinetobacter baumannii	u83733ctg_len-1995820_circular-no_depth-28-28-28_duplicated-no	325000	350000	25000	38.268000	48.590000	42.360000	1.147073
R005bc2008.H09	metabat2.2	R005bc2008.H09_metabat2.2	NEB Q5 XT 1x 150 ng (Q)	Acinetobacter baumannii	u83733ctg_len-1995820_circular-no_depth-28-28-28_duplicated-no	350000	375000	25000	37.064000	50.080000	42.360000	1.182247
R005bc2008.H09	metabat2.2	R005bc2008.H09_metabat2.2	NEB Q5 XT 1x 150 ng (Q)	Acinetobacter baumannii	u83733ctg_len-1995820_circular-no_depth-28-28-28_duplicated-no	375000	400000	25000	39.000000	48.500000	42.360000	1.144948
R005bc2008.H09	metabat2.2	R005bc2008.H09_metabat2.2	NEB Q5 XT 1x 150 ng (Q)	Acinetobacter baumannii	u83733ctg_len-1995820_circular-no_depth-28-28-28_duplicated-no	400000	425000	25000	37.628000	42.760000	42.360000	1.009443
R005bc2008.H09	metabat2.2	R005bc2008.H09_metabat2.2	NEB Q5 XT 1x 150 ng (Q)	Acinetobacter baumannii	u83733ctg_len-1995820_circular-no_depth-28-28-28_duplicated-no	425000	450000	25000	38.984000	49.880000	42.360000	1.177526
R005bc2008.H09	metabat2.2	R005bc2008.H09_metabat2.2	NEB Q5 XT 1x 150 ng (Q)	Acinetobacter baumannii	u83733ctg_len-1995820_circular-no_depth-28-28-28_duplicated-no	450000	475000	25000	39.332000	46.070000	42.360000	1.087583
R005bc2008.H09	metabat2.2	R005bc2008.H09_metabat2.2	NEB Q5 XT 1x 150 ng (Q)	Acinetobacter baumannii	u83733ctg_len-1995820_circular-no_depth-28-28-28_duplicated-no	475000	500000	25000	36.728000	41.890000	42.360000	0.988905
R005bc2008.H09	metabat2.2	R005bc2008.H09_metabat2.2	NEB Q5 XT 1x 150 ng (Q)	Acinetobacter baumannii	u83733ctg_len-1995820_circular-no_depth-28-28-28_duplicated-no	500000	525000	25000	38.544000	40.230000	42.360000	0.949717
R005bc2008.H09	metabat2.2	R005bc2008.H09_metabat2.2	NEB Q5 XT 1x 150 ng (Q)	Acinetobacter baumannii	u83733ctg_len-1995820_circular-no_depth-28-28-28_duplicated-no	525000	550000	25000	38.548000	42.190000	42.360000	0.995987
R005bc2008.H09	metabat2.2	R005bc2008.H09_metabat2.2	NEB Q5 XT 1x 150 ng (Q)	Acinetobacter baumannii	u83733ctg_len-1995820_circular-no_depth-28-28-28_duplicated-no	550000	575000	25000	39.256000	37.330000	42.360000	0.881256
R005bc2008.H09	metabat2.2	R005bc2008.H09_metabat2.2	NEB Q5 XT 1x 150 ng (Q)	Acinetobacter baumannii	u83733ctg_len-1995820_circular-no_depth-28-28-28_duplicated-no	575000	600000	25000	38.108000	40.920000	42.360000	0.966006
R005bc2008.H09	metabat2.2	R005bc2008.H09_metabat2.2	NEB Q5 XT 1x 150 ng (Q)	Acinetobacter baumannii	u83733ctg_len-1995820_circular-no_depth-28-28-28_duplicated-no	600000	625000	25000	39.060000	37.310000	42.360000	0.880784
R005bc2008.H09	metabat2.2	R005bc2008.H09_metabat2.2	NEB Q5 XT 1x 150 ng (Q)	Acinetobacter baumannii	u83733ctg_len-1995820_circular-no_depth-28-28-28_duplicated-no	625000	650000	25000	39.312000	39.320000	42.360000	0.928234
R005bc2008.H09	metabat2.2	R005bc2008.H09_metabat2.2	NEB Q5 XT 1x 150 ng (Q)	Acinetobacter baumannii	u83733ctg_len-1995820_circular-no_depth-28-28-28_duplicated-no	650000	675000	25000	38.416000	38.910000	42.360000	0.918555
R005bc2008.H09	metabat2.2	R005bc2008.H09_metabat2.2	NEB Q5 XT 1x 150 ng (Q)	Acinetobacter baumannii	u83733ctg_len-1995820_circular-no_depth-28-28-28_duplicated-no	675000	700000	25000	38.652000	40.730000	42.360000	0.961520
R005bc2008.H09	metabat2.2	R005bc2008.H09_metabat2.2	NEB Q5 XT 1x 150 ng (Q)	Acinetobacter baumannii	u83733ctg_len-1995820_circular-no_depth-28-28-28_duplicated-no	700000	725000	25000	40.256000	35.950000	42.360000	0.848678
R005bc2008.H09	metabat2.2	R005bc2008.H09_metabat2.2	NEB Q5 XT 1x 150 ng (Q)	Acinetobacter baumannii	u83733ctg_len-1995820_circular-no_depth-28-28-28_duplicated-no	725000	750000	25000	39.276000	47.440000	42.360000	1.119924
R005bc2008.H09	metabat2.2	R005bc2008.H09_metabat2.2	NEB Q5 XT 1x 150 ng (Q)	Acinetobacter baumannii	u83733ctg_len-1995820_circular-no_depth-28-28-28_duplicated-no	750000	775000	25000	40.408000	34.740000	42.360000	0.820113
R005bc2008.H09	metabat2.2	R005bc2008.H09_metabat2.2	NEB Q5 XT 1x 150 ng (Q)	Acinetobacter baumannii	u83733ctg_len-1995820_circular-no_depth-28-28-28_duplicated-no	775000	800000	25000	38.780000	38.370000	42.360000	0.905807
R005bc2008.H09	metabat2.2	R005bc2008.H09_metabat2.2	NEB Q5 XT 1x 150 ng (Q)	Acinetobacter baumannii	u83733ctg_len-1995820_circular-no_depth-28-28-28_duplicated-no	800000	825000	25000	38.684000	43.410000	42.360000	1.024788
R005bc2008.H09	metabat2.2	R005bc2008.H09_metabat2.2	NEB Q5 XT 1x 150 ng (Q)	Acinetobacter baumannii	u83733ctg_len-1995820_circular-no_depth-28-28-28_duplicated-no	825000	850000	25000	35.772000	33.220000	42.360000	0.784230
R005bc2008.H09	metabat2.2	R005bc2008.H09_metabat2.2	NEB Q5 XT 1x 150 ng (Q)	Acinetobacter baumannii	u83733ctg_len-1995820_circular-no_depth-28-28-28_duplicated-no	850000	875000	25000	38.344000	37.330000	42.360000	0.881256
R005bc2008.H09	metabat2.2	R005bc2008.H09_metabat2.2	NEB Q5 XT 1x 150 ng (Q)	Acinetobacter baumannii	u83733ctg_len-1995820_circular-no_depth-28-28-28_duplicated-no	875000	900000	25000	37.908000	44.660000	42.360000	1.054297
R005bc2008.H09	metabat2.2	R005bc2008.H09_metabat2.2	NEB Q5 XT 1x 150 ng (Q)	Acinetobacter baumannii	u83733ctg_len-1995820_circular-no_depth-28-28-28_duplicated-no	900000	925000	25000	39.140000	35.940000	42.360000	0.848442
R005bc2008.H09	metabat2.2	R005bc2008.H09_metabat2.2	NEB Q5 XT 1x 150 ng (Q)	Acinetobacter baumannii	u83733ctg_len-1995820_circular-no_depth-28-28-28_duplicated-no	925000	950000	25000	39.088000	42.020000	42.360000	0.991974
R005bc2008.H09	metabat2.2	R005bc2008.H09_metabat2.2	NEB Q5 XT 1x 150 ng (Q)	Acinetobacter baumannii	u83733ctg_len-1995820_circular-no_depth-28-28-28_duplicated-no	950000	975000	25000	37.468000	36.130000	42.360000	0.852927
R005bc2008.H09	metabat2.2	R005bc2008.H09_metabat2.2	NEB Q5 XT 1x 150 ng (Q)	Acinetobacter baumannii	u83733ctg_len-1995820_circular-no_depth-28-28-28_duplicated-no	975000	1000000	25000	39.568000	37.370000	42.360000	0.882200
R005bc2008.H09	metabat2.2	R005bc2008.H09_metabat2.2	NEB Q5 XT 1x 150 ng (Q)	Acinetobacter baumannii	u83733ctg_len-1995820_circular-no_depth-28-28-28_duplicated-no	1000000	1025000	25000	35.468000	34.770000	42.360000	0.820822
R005bc2008.H09	metabat2.2	R005bc2008.H09_metabat2.2	NEB Q5 XT 1x 150 ng (Q)	Acinetobacter baumannii	u83733ctg_len-1995820_circular-no_depth-28-28-28_duplicated-no	1025000	1050000	25000	39.440000	36.440000	42.360000	0.860246
R005bc2008.H09	metabat2.2	R005bc2008.H09_metabat2.2	NEB Q5 XT 1x 150 ng (Q)	Acinetobacter baumannii	u83733ctg_len-1995820_circular-no_depth-28-28-28_duplicated-no	1050000	1075000	25000	38.664000	34.480000	42.360000	0.813975
R005bc2008.H09	metabat2.2	R005bc2008.H09_metabat2.2	NEB Q5 XT 1x 150 ng (Q)	Acinetobacter baumannii	u83733ctg_len-1995820_circular-no_depth-28-28-28_duplicated-no	1075000	1100000	25000	38.360000	34.430000	42.360000	0.812795
R005bc2008.H09	metabat2.2	R005bc2008.H09_metabat2.2	NEB Q5 XT 1x 150 ng (Q)	Acinetobacter baumannii	u83733ctg_len-1995820_circular-no_depth-28-28-28_duplicated-no	1100000	1125000	25000	35.568000	34.480000	42.360000	0.813975
R005bc2008.H09	metabat2.2	R005bc2008.H09_metabat2.2	NEB Q5 XT 1x 150 ng (Q)	Acinetobacter baumannii	u83733ctg_len-1995820_circular-no_depth-28-28-28_duplicated-no	1125000	1150000	25000	36.684000	32.640000	42.360000	0.770538
R005bc2008.H09	metabat2.2	R005bc2008.H09_metabat2.2	NEB Q5 XT 1x 150 ng (Q)	Acinetobacter baumannii	u83733ctg_len-1995820_circular-no_depth-28-28-28_duplicated-no	1150000	1175000	25000	38.400000	33.750000	42.360000	0.796742
R005bc2008.H09	metabat2.2	R005bc2008.H09_metabat2.2	NEB Q5 XT 1x 150 ng (Q)	Acinetobacter baumannii	u83733ctg_len-1995820_circular-no_depth-28-28-28_duplicated-no	1175000	1200000	25000	40.176000	32.720000	42.360000	0.772427
R005bc2008.H09	metabat2.2	R005bc2008.H09_metabat2.2	NEB Q5 XT 1x 150 ng (Q)	Acinetobacter baumannii	u83733ctg_len-1995820_circular-no_depth-28-28-28_duplicated-no	1200000	1225000	25000	39.036000	32.150000	42.360000	0.758971
R005bc2008.H09	metabat2.2	R005bc2008.H09_metabat2.2	NEB Q5 XT 1x 150 ng (Q)	Acinetobacter baumannii	u83733ctg_len-1995820_circular-no_depth-28-28-28_duplicated-no	1225000	1250000	25000	41.100000	35.710000	42.360000	0.843012
R005bc2008.H09	metabat2.2	R005bc2008.H09_metabat2.2	NEB Q5 XT 1x 150 ng (Q)	Acinetobacter baumannii	u83733ctg_len-1995820_circular-no_depth-28-28-28_duplicated-no	1250000	1275000	25000	39.056000	38.230000	42.360000	0.902502
R005bc2008.H09	metabat2.2	R005bc2008.H09_metabat2.2	NEB Q5 XT 1x 150 ng (Q)	Acinetobacter baumannii	u83733ctg_len-1995820_circular-no_depth-28-28-28_duplicated-no	1275000	1300000	25000	38.888000	37.050000	42.360000	0.874646
R005bc2008.H09	metabat2.2	R005bc2008.H09_metabat2.2	NEB Q5 XT 1x 150 ng (Q)	Acinetobacter baumannii	u83733ctg_len-1995820_circular-no_depth-28-28-28_duplicated-no	1300000	1325000	25000	37.824000	35.090000	42.360000	0.828376
R005bc2008.H09	metabat2.2	R005bc2008.H09_metabat2.2	NEB Q5 XT 1x 150 ng (Q)	Acinetobacter baumannii	u83733ctg_len-1995820_circular-no_depth-28-28-28_duplicated-no	1325000	1350000	25000	36.788000	29.380000	42.360000	0.693579
R005bc2008.H09	metabat2.2	R005bc2008.H09_metabat2.2	NEB Q5 XT 1x 150 ng (Q)	Acinetobacter baumannii	u83733ctg_len-1995820_circular-no_depth-28-28-28_duplicated-no	1350000	1375000	25000	36.336000	37.600000	42.360000	0.887630
R005bc2008.H09	metabat2.2	R005bc2008.H09_metabat2.2	NEB Q5 XT 1x 150 ng (Q)	Acinetobacter baumannii	u83733ctg_len-1995820_circular-no_depth-28-28-28_duplicated-no	1375000	1400000	25000	37.264000	36.910000	42.360000	0.871341
R005bc2008.H09	metabat2.2	R005bc2008.H09_metabat2.2	NEB Q5 XT 1x 150 ng (Q)	Acinetobacter baumannii	u83733ctg_len-1995820_circular-no_depth-28-28-28_duplicated-no	1400000	1425000	25000	36.452000	34.400000	42.360000	0.812087
R005bc2008.H09	metabat2.2	R005bc2008.H09_metabat2.2	NEB Q5 XT 1x 150 ng (Q)	Acinetobacter baumannii	u83733ctg_len-1995820_circular-no_depth-28-28-28_duplicated-no	1425000	1450000	25000	39.860000	32.970000	42.360000	0.778329
R005bc2008.H09	metabat2.2	R005bc2008.H09_metabat2.2	NEB Q5 XT 1x 150 ng (Q)	Acinetobacter baumannii	u83733ctg_len-1995820_circular-no_depth-28-28-28_duplicated-no	1450000	1475000	25000	37.192000	34.610000	42.360000	0.817044
R005bc2008.H09	metabat2.2	R005bc2008.H09_metabat2.2	NEB Q5 XT 1x 150 ng (Q)	Acinetobacter baumannii	u83733ctg_len-1995820_circular-no_depth-28-28-28_duplicated-no	1475000	1500000	25000	36.976000	35.450000	42.360000	0.836874
R005bc2008.H09	metabat2.2	R005bc2008.H09_metabat2.2	NEB Q5 XT 1x 150 ng (Q)	Acinetobacter baumannii	u83733ctg_len-1995820_circular-no_depth-28-28-28_duplicated-no	1500000	1525000	25000	37.084000	33.370000	42.360000	0.787771
R005bc2008.H09	metabat2.2	R005bc2008.H09_metabat2.2	NEB Q5 XT 1x 150 ng (Q)	Acinetobacter baumannii	u83733ctg_len-1995820_circular-no_depth-28-28-28_duplicated-no	1525000	1550000	25000	37.744000	28.430000	42.360000	0.671152
R005bc2008.H09	metabat2.2	R005bc2008.H09_metabat2.2	NEB Q5 XT 1x 150 ng (Q)	Acinetobacter baumannii	u83733ctg_len-1995820_circular-no_depth-28-28-28_duplicated-no	1550000	1575000	25000	37.628000	30.770000	42.360000	0.726393
R005bc2008.H09	metabat2.2	R005bc2008.H09_metabat2.2	NEB Q5 XT 1x 150 ng (Q)	Acinetobacter baumannii	u83733ctg_len-1995820_circular-no_depth-28-28-28_duplicated-no	1575000	1600000	25000	37.432000	35.190000	42.360000	0.830737
R005bc2008.H09	metabat2.2	R005bc2008.H09_metabat2.2	NEB Q5 XT 1x 150 ng (Q)	Acinetobacter baumannii	u83733ctg_len-1995820_circular-no_depth-28-28-28_duplicated-no	1600000	1625000	25000	37.660000	33.160000	42.360000	0.782814
R005bc2008.H09	metabat2.2	R005bc2008.H09_metabat2.2	NEB Q5 XT 1x 150 ng (Q)	Acinetobacter baumannii	u83733ctg_len-1995820_circular-no_depth-28-28-28_duplicated-no	1625000	1650000	25000	35.196000	36.640000	42.360000	0.864967
R005bc2008.H09	metabat2.2	R005bc2008.H09_metabat2.2	NEB Q5 XT 1x 150 ng (Q)	Acinetobacter baumannii	u83733ctg_len-1995820_circular-no_depth-28-28-28_duplicated-no	1650000	1675000	25000	36.420000	36.670000	42.360000	0.865675
R005bc2008.H09	metabat2.2	R005bc2008.H09_metabat2.2	NEB Q5 XT 1x 150 ng (Q)	Acinetobacter baumannii	u83733ctg_len-1995820_circular-no_depth-28-28-28_duplicated-no	1675000	1700000	25000	38.252000	34.770000	42.360000	0.820822
R005bc2008.H09	metabat2.2	R005bc2008.H09_metabat2.2	NEB Q5 XT 1x 150 ng (Q)	Acinetobacter baumannii	u83733ctg_len-1995820_circular-no_depth-28-28-28_duplicated-no	1700000	1725000	25000	39.024000	35.830000	42.360000	0.845845
R005bc2008.H09	metabat2.2	R005bc2008.H09_metabat2.2	NEB Q5 XT 1x 150 ng (Q)	Acinetobacter baumannii	u83733ctg_len-1995820_circular-no_depth-28-28-28_duplicated-no	1725000	1750000	25000	41.008000	29.270000	42.360000	0.690982
R005bc2008.H09	metabat2.2	R005bc2008.H09_metabat2.2	NEB Q5 XT 1x 150 ng (Q)	Acinetobacter baumannii	u83733ctg_len-1995820_circular-no_depth-28-28-28_duplicated-no	1750000	1775000	25000	40.052000	28.500000	42.360000	0.672805
R005bc2008.H09	metabat2.2	R005bc2008.H09_metabat2.2	NEB Q5 XT 1x 150 ng (Q)	Acinetobacter baumannii	u83733ctg_len-1995820_circular-no_depth-28-28-28_duplicated-no	1775000	1800000	25000	39.148000	32.780000	42.360000	0.773843
R005bc2008.H09	metabat2.2	R005bc2008.H09_metabat2.2	NEB Q5 XT 1x 150 ng (Q)	Acinetobacter baumannii	u83733ctg_len-1995820_circular-no_depth-28-28-28_duplicated-no	1800000	1825000	25000	40.344000	29.770000	42.360000	0.702786
R005bc2008.H09	metabat2.2	R005bc2008.H09_metabat2.2	NEB Q5 XT 1x 150 ng (Q)	Acinetobacter baumannii	u83733ctg_len-1995820_circular-no_depth-28-28-28_duplicated-no	1825000	1850000	25000	40.800000	35.910000	42.360000	0.847734
R005bc2008.H09	metabat2.2	R005bc2008.H09_metabat2.2	NEB Q5 XT 1x 150 ng (Q)	Acinetobacter baumannii	u83733ctg_len-1995820_circular-no_depth-28-28-28_duplicated-no	1850000	1875000	25000	38.048000	28.360000	42.360000	0.669500
R005bc2008.H09	metabat2.2	R005bc2008.H09_metabat2.2	NEB Q5 XT 1x 150 ng (Q)	Acinetobacter baumannii	u83733ctg_len-1995820_circular-no_depth-28-28-28_duplicated-no	1875000	1900000	25000	38.664000	31.330000	42.360000	0.739613
R005bc2008.H09	metabat2.2	R005bc2008.H09_metabat2.2	NEB Q5 XT 1x 150 ng (Q)	Acinetobacter baumannii	u83733ctg_len-1995820_circular-no_depth-28-28-28_duplicated-no	1900000	1925000	25000	36.804000	32.790000	42.360000	0.774079
R005bc2008.H09	metabat2.2	R005bc2008.H09_metabat2.2	NEB Q5 XT 1x 150 ng (Q)	Acinetobacter baumannii	u83733ctg_len-1995820_circular-no_depth-28-28-28_duplicated-no	1925000	1950000	25000	38.744000	40.700000	42.360000	0.960812
R005bc2008.H09	metabat2.2	R005bc2008.H09_metabat2.2	NEB Q5 XT 1x 150 ng (Q)	Acinetobacter baumannii	u83733ctg_len-1995820_circular-no_depth-28-28-28_duplicated-no	1950000	1975000	25000	37.492000	31.610000	42.360000	0.746223
R004bc2008.H09	metabat2.3	R004bc2008.H09_metabat2.3	NEB Q5 XT 1x 150 ng	Klebsiella pneumoniae	u37979ctg_len-463255_circular-no_depth-13-13-13_duplicated-no	0	25000	25000	61.804000	16.770000	20.030000	0.837244
R004bc2008.H09	metabat2.3	R004bc2008.H09_metabat2.3	NEB Q5 XT 1x 150 ng	Klebsiella pneumoniae	u37979ctg_len-463255_circular-no_depth-13-13-13_duplicated-no	25000	50000	25000	58.344000	25.690000	20.030000	1.282576
R004bc2008.H09	metabat2.3	R004bc2008.H09_metabat2.3	NEB Q5 XT 1x 150 ng	Klebsiella pneumoniae	u37979ctg_len-463255_circular-no_depth-13-13-13_duplicated-no	50000	75000	25000	54.972000	20.290000	20.030000	1.012981
R004bc2008.H09	metabat2.3	R004bc2008.H09_metabat2.3	NEB Q5 XT 1x 150 ng	Klebsiella pneumoniae	u37979ctg_len-463255_circular-no_depth-13-13-13_duplicated-no	75000	100000	25000	57.856000	22.430000	20.030000	1.119820
R004bc2008.H09	metabat2.3	R004bc2008.H09_metabat2.3	NEB Q5 XT 1x 150 ng	Klebsiella pneumoniae	u37979ctg_len-463255_circular-no_depth-13-13-13_duplicated-no	100000	125000	25000	58.740000	22.590000	20.030000	1.127808
R004bc2008.H09	metabat2.3	R004bc2008.H09_metabat2.3	NEB Q5 XT 1x 150 ng	Klebsiella pneumoniae	u37979ctg_len-463255_circular-no_depth-13-13-13_duplicated-no	125000	150000	25000	57.364000	21.130000	20.030000	1.054918
R004bc2008.H09	metabat2.3	R004bc2008.H09_metabat2.3	NEB Q5 XT 1x 150 ng	Klebsiella pneumoniae	u37979ctg_len-463255_circular-no_depth-13-13-13_duplicated-no	150000	175000	25000	59.188000	27.160000	20.030000	1.355966
R004bc2008.H09	metabat2.3	R004bc2008.H09_metabat2.3	NEB Q5 XT 1x 150 ng	Klebsiella pneumoniae	u37979ctg_len-463255_circular-no_depth-13-13-13_duplicated-no	175000	200000	25000	60.544000	19.210000	20.030000	0.959061
R004bc2008.H09	metabat2.3	R004bc2008.H09_metabat2.3	NEB Q5 XT 1x 150 ng	Klebsiella pneumoniae	u37979ctg_len-463255_circular-no_depth-13-13-13_duplicated-no	200000	225000	25000	59.352000	17.250000	20.030000	0.861208
R004bc2008.H09	metabat2.3	R004bc2008.H09_metabat2.3	NEB Q5 XT 1x 150 ng	Klebsiella pneumoniae	u37979ctg_len-463255_circular-no_depth-13-13-13_duplicated-no	225000	250000	25000	60.748000	20.050000	20.030000	1.000999
R004bc2008.H09	metabat2.3	R004bc2008.H09_metabat2.3	NEB Q5 XT 1x 150 ng	Klebsiella pneumoniae	u37979ctg_len-463255_circular-no_depth-13-13-13_duplicated-no	250000	275000	25000	57.800000	24.520000	20.030000	1.224164
R004bc2008.H09	metabat2.3	R004bc2008.H09_metabat2.3	NEB Q5 XT 1x 150 ng	Klebsiella pneumoniae	u37979ctg_len-463255_circular-no_depth-13-13-13_duplicated-no	275000	300000	25000	57.992000	18.940000	20.030000	0.945582
R004bc2008.H09	metabat2.3	R004bc2008.H09_metabat2.3	NEB Q5 XT 1x 150 ng	Klebsiella pneumoniae	u37979ctg_len-463255_circular-no_depth-13-13-13_duplicated-no	300000	325000	25000	58.420000	13.410000	20.030000	0.669496
R004bc2008.H09	metabat2.3	R004bc2008.H09_metabat2.3	NEB Q5 XT 1x 150 ng	Klebsiella pneumoniae	u37979ctg_len-463255_circular-no_depth-13-13-13_duplicated-no	325000	350000	25000	58.128000	21.540000	20.030000	1.075387
R004bc2008.H09	metabat2.3	R004bc2008.H09_metabat2.3	NEB Q5 XT 1x 150 ng	Klebsiella pneumoniae	u37979ctg_len-463255_circular-no_depth-13-13-13_duplicated-no	350000	375000	25000	53.676000	22.870000	20.030000	1.141787
R004bc2008.H09	metabat2.3	R004bc2008.H09_metabat2.3	NEB Q5 XT 1x 150 ng	Klebsiella pneumoniae	u37979ctg_len-463255_circular-no_depth-13-13-13_duplicated-no	375000	400000	25000	53.396000	24.130000	20.030000	1.204693
R004bc2008.H09	metabat2.3	R004bc2008.H09_metabat2.3	NEB Q5 XT 1x 150 ng	Klebsiella pneumoniae	u37979ctg_len-463255_circular-no_depth-13-13-13_duplicated-no	400000	425000	25000	56.248000	25.830000	20.030000	1.289566
R004bc2008.H09	metabat2.3	R004bc2008.H09_metabat2.3	NEB Q5 XT 1x 150 ng	Klebsiella pneumoniae	u37979ctg_len-463255_circular-no_depth-13-13-13_duplicated-no	425000	450000	25000	56.196000	23.270000	20.030000	1.161757
R004bc2008.H09	metabat2.3	R004bc2008.H09_metabat2.3	NEB Q5 XT 1x 150 ng	Klebsiella pneumoniae	u40521ctg_len-700054_circular-no_depth-14-14-14_duplicated-no	0	25000	25000	58.472000	31.010000	20.030000	1.548178
R004bc2008.H09	metabat2.3	R004bc2008.H09_metabat2.3	NEB Q5 XT 1x 150 ng	Klebsiella pneumoniae	u40521ctg_len-700054_circular-no_depth-14-14-14_duplicated-no	25000	50000	25000	57.816000	22.380000	20.030000	1.117324
R004bc2008.H09	metabat2.3	R004bc2008.H09_metabat2.3	NEB Q5 XT 1x 150 ng	Klebsiella pneumoniae	u40521ctg_len-700054_circular-no_depth-14-14-14_duplicated-no	50000	75000	25000	56.356000	23.500000	20.030000	1.173240
R004bc2008.H09	metabat2.3	R004bc2008.H09_metabat2.3	NEB Q5 XT 1x 150 ng	Klebsiella pneumoniae	u40521ctg_len-700054_circular-no_depth-14-14-14_duplicated-no	75000	100000	25000	54.396000	23.770000	20.030000	1.186720
R004bc2008.H09	metabat2.3	R004bc2008.H09_metabat2.3	NEB Q5 XT 1x 150 ng	Klebsiella pneumoniae	u40521ctg_len-700054_circular-no_depth-14-14-14_duplicated-no	100000	125000	25000	54.576000	26.290000	20.030000	1.312531
R004bc2008.H09	metabat2.3	R004bc2008.H09_metabat2.3	NEB Q5 XT 1x 150 ng	Klebsiella pneumoniae	u40521ctg_len-700054_circular-no_depth-14-14-14_duplicated-no	125000	150000	25000	57.496000	22.420000	20.030000	1.119321
R004bc2008.H09	metabat2.3	R004bc2008.H09_metabat2.3	NEB Q5 XT 1x 150 ng	Klebsiella pneumoniae	u40521ctg_len-700054_circular-no_depth-14-14-14_duplicated-no	150000	175000	25000	58.380000	16.530000	20.030000	0.825262
R004bc2008.H09	metabat2.3	R004bc2008.H09_metabat2.3	NEB Q5 XT 1x 150 ng	Klebsiella pneumoniae	u40521ctg_len-700054_circular-no_depth-14-14-14_duplicated-no	175000	200000	25000	57.960000	19.390000	20.030000	0.968048
R004bc2008.H09	metabat2.3	R004bc2008.H09_metabat2.3	NEB Q5 XT 1x 150 ng	Klebsiella pneumoniae	u40521ctg_len-700054_circular-no_depth-14-14-14_duplicated-no	200000	225000	25000	55.708000	26.490000	20.030000	1.322516
R004bc2008.H09	metabat2.3	R004bc2008.H09_metabat2.3	NEB Q5 XT 1x 150 ng	Klebsiella pneumoniae	u40521ctg_len-700054_circular-no_depth-14-14-14_duplicated-no	225000	250000	25000	56.708000	24.380000	20.030000	1.217174
R004bc2008.H09	metabat2.3	R004bc2008.H09_metabat2.3	NEB Q5 XT 1x 150 ng	Klebsiella pneumoniae	u40521ctg_len-700054_circular-no_depth-14-14-14_duplicated-no	250000	275000	25000	57.844000	20.010000	20.030000	0.999001
R004bc2008.H09	metabat2.3	R004bc2008.H09_metabat2.3	NEB Q5 XT 1x 150 ng	Klebsiella pneumoniae	u40521ctg_len-700054_circular-no_depth-14-14-14_duplicated-no	275000	300000	25000	57.308000	23.890000	20.030000	1.192711
R004bc2008.H09	metabat2.3	R004bc2008.H09_metabat2.3	NEB Q5 XT 1x 150 ng	Klebsiella pneumoniae	u40521ctg_len-700054_circular-no_depth-14-14-14_duplicated-no	300000	325000	25000	52.928000	28.290000	20.030000	1.412381
R004bc2008.H09	metabat2.3	R004bc2008.H09_metabat2.3	NEB Q5 XT 1x 150 ng	Klebsiella pneumoniae	u40521ctg_len-700054_circular-no_depth-14-14-14_duplicated-no	325000	350000	25000	57.468000	21.000000	20.030000	1.048427
R004bc2008.H09	metabat2.3	R004bc2008.H09_metabat2.3	NEB Q5 XT 1x 150 ng	Klebsiella pneumoniae	u40521ctg_len-700054_circular-no_depth-14-14-14_duplicated-no	350000	375000	25000	57.188000	19.180000	20.030000	0.957564
R004bc2008.H09	metabat2.3	R004bc2008.H09_metabat2.3	NEB Q5 XT 1x 150 ng	Klebsiella pneumoniae	u40521ctg_len-700054_circular-no_depth-14-14-14_duplicated-no	375000	400000	25000	56.720000	25.990000	20.030000	1.297554
R004bc2008.H09	metabat2.3	R004bc2008.H09_metabat2.3	NEB Q5 XT 1x 150 ng	Klebsiella pneumoniae	u40521ctg_len-700054_circular-no_depth-14-14-14_duplicated-no	400000	425000	25000	56.664000	22.770000	20.030000	1.136795
R004bc2008.H09	metabat2.3	R004bc2008.H09_metabat2.3	NEB Q5 XT 1x 150 ng	Klebsiella pneumoniae	u40521ctg_len-700054_circular-no_depth-14-14-14_duplicated-no	425000	450000	25000	55.860000	25.900000	20.030000	1.293060
R004bc2008.H09	metabat2.3	R004bc2008.H09_metabat2.3	NEB Q5 XT 1x 150 ng	Klebsiella pneumoniae	u40521ctg_len-700054_circular-no_depth-14-14-14_duplicated-no	450000	475000	25000	60.292000	17.400000	20.030000	0.868697
R004bc2008.H09	metabat2.3	R004bc2008.H09_metabat2.3	NEB Q5 XT 1x 150 ng	Klebsiella pneumoniae	u40521ctg_len-700054_circular-no_depth-14-14-14_duplicated-no	475000	500000	25000	57.992000	17.210000	20.030000	0.859211
R004bc2008.H09	metabat2.3	R004bc2008.H09_metabat2.3	NEB Q5 XT 1x 150 ng	Klebsiella pneumoniae	u40521ctg_len-700054_circular-no_depth-14-14-14_duplicated-no	500000	525000	25000	51.912000	23.030000	20.030000	1.149775
R004bc2008.H09	metabat2.3	R004bc2008.H09_metabat2.3	NEB Q5 XT 1x 150 ng	Klebsiella pneumoniae	u40521ctg_len-700054_circular-no_depth-14-14-14_duplicated-no	525000	550000	25000	58.340000	22.460000	20.030000	1.121318
R004bc2008.H09	metabat2.3	R004bc2008.H09_metabat2.3	NEB Q5 XT 1x 150 ng	Klebsiella pneumoniae	u40521ctg_len-700054_circular-no_depth-14-14-14_duplicated-no	550000	575000	25000	57.584000	21.440000	20.030000	1.070394
R004bc2008.H09	metabat2.3	R004bc2008.H09_metabat2.3	NEB Q5 XT 1x 150 ng	Klebsiella pneumoniae	u40521ctg_len-700054_circular-no_depth-14-14-14_duplicated-no	575000	600000	25000	57.388000	21.500000	20.030000	1.073390
R004bc2008.H09	metabat2.3	R004bc2008.H09_metabat2.3	NEB Q5 XT 1x 150 ng	Klebsiella pneumoniae	u40521ctg_len-700054_circular-no_depth-14-14-14_duplicated-no	600000	625000	25000	59.380000	19.480000	20.030000	0.972541
R004bc2008.H09	metabat2.3	R004bc2008.H09_metabat2.3	NEB Q5 XT 1x 150 ng	Klebsiella pneumoniae	u40521ctg_len-700054_circular-no_depth-14-14-14_duplicated-no	625000	650000	25000	57.184000	23.610000	20.030000	1.178732
R004bc2008.H09	metabat2.3	R004bc2008.H09_metabat2.3	NEB Q5 XT 1x 150 ng	Klebsiella pneumoniae	u40521ctg_len-700054_circular-no_depth-14-14-14_duplicated-no	650000	675000	25000	56.636000	20.840000	20.030000	1.040439
R004bc2008.H09	metabat2.3	R004bc2008.H09_metabat2.3	NEB Q5 XT 1x 150 ng	Klebsiella pneumoniae	u40521ctg_len-700054_circular-no_depth-14-14-14_duplicated-no	675000	700000	25000	53.580000	29.390000	20.030000	1.467299
R004bc2008.H09	metabat2.3	R004bc2008.H09_metabat2.3	NEB Q5 XT 1x 150 ng	Klebsiella pneumoniae	u4616ctg_len-331157_circular-no_depth-11-11-11_duplicated-no	0	25000	25000	55.928000	23.370000	20.030000	1.166750
R004bc2008.H09	metabat2.3	R004bc2008.H09_metabat2.3	NEB Q5 XT 1x 150 ng	Klebsiella pneumoniae	u4616ctg_len-331157_circular-no_depth-11-11-11_duplicated-no	25000	50000	25000	54.428000	21.650000	20.030000	1.080879
R004bc2008.H09	metabat2.3	R004bc2008.H09_metabat2.3	NEB Q5 XT 1x 150 ng	Klebsiella pneumoniae	u4616ctg_len-331157_circular-no_depth-11-11-11_duplicated-no	50000	75000	25000	58.432000	14.230000	20.030000	0.710434
R004bc2008.H09	metabat2.3	R004bc2008.H09_metabat2.3	NEB Q5 XT 1x 150 ng	Klebsiella pneumoniae	u4616ctg_len-331157_circular-no_depth-11-11-11_duplicated-no	75000	100000	25000	60.640000	16.240000	20.030000	0.810784
R004bc2008.H09	metabat2.3	R004bc2008.H09_metabat2.3	NEB Q5 XT 1x 150 ng	Klebsiella pneumoniae	u4616ctg_len-331157_circular-no_depth-11-11-11_duplicated-no	100000	125000	25000	56.400000	20.430000	20.030000	1.019970
R004bc2008.H09	metabat2.3	R004bc2008.H09_metabat2.3	NEB Q5 XT 1x 150 ng	Klebsiella pneumoniae	u4616ctg_len-331157_circular-no_depth-11-11-11_duplicated-no	125000	150000	25000	55.420000	19.690000	20.030000	0.983025
R004bc2008.H09	metabat2.3	R004bc2008.H09_metabat2.3	NEB Q5 XT 1x 150 ng	Klebsiella pneumoniae	u4616ctg_len-331157_circular-no_depth-11-11-11_duplicated-no	150000	175000	25000	59.872000	19.170000	20.030000	0.957064
R004bc2008.H09	metabat2.3	R004bc2008.H09_metabat2.3	NEB Q5 XT 1x 150 ng	Klebsiella pneumoniae	u4616ctg_len-331157_circular-no_depth-11-11-11_duplicated-no	175000	200000	25000	56.240000	17.750000	20.030000	0.886171
R004bc2008.H09	metabat2.3	R004bc2008.H09_metabat2.3	NEB Q5 XT 1x 150 ng	Klebsiella pneumoniae	u4616ctg_len-331157_circular-no_depth-11-11-11_duplicated-no	200000	225000	25000	56.644000	22.390000	20.030000	1.117823
R004bc2008.H09	metabat2.3	R004bc2008.H09_metabat2.3	NEB Q5 XT 1x 150 ng	Klebsiella pneumoniae	u4616ctg_len-331157_circular-no_depth-11-11-11_duplicated-no	225000	250000	25000	60.224000	16.840000	20.030000	0.840739
R004bc2008.H09	metabat2.3	R004bc2008.H09_metabat2.3	NEB Q5 XT 1x 150 ng	Klebsiella pneumoniae	u4616ctg_len-331157_circular-no_depth-11-11-11_duplicated-no	250000	275000	25000	62.092000	21.570000	20.030000	1.076885
R004bc2008.H09	metabat2.3	R004bc2008.H09_metabat2.3	NEB Q5 XT 1x 150 ng	Klebsiella pneumoniae	u4616ctg_len-331157_circular-no_depth-11-11-11_duplicated-no	275000	300000	25000	61.956000	15.160000	20.030000	0.756865
R004bc2008.H09	metabat2.3	R004bc2008.H09_metabat2.3	NEB Q5 XT 1x 150 ng	Klebsiella pneumoniae	u4616ctg_len-331157_circular-no_depth-11-11-11_duplicated-no	300000	325000	25000	61.312000	19.400000	20.030000	0.968547
R004bc2008.H09	metabat2.3	R004bc2008.H09_metabat2.3	NEB Q5 XT 1x 150 ng	Klebsiella pneumoniae	u49174ctg_len-708486_circular-no_depth-13-13-13_duplicated-no	0	25000	25000	55.444000	14.220000	20.030000	0.709935
R004bc2008.H09	metabat2.3	R004bc2008.H09_metabat2.3	NEB Q5 XT 1x 150 ng	Klebsiella pneumoniae	u49174ctg_len-708486_circular-no_depth-13-13-13_duplicated-no	25000	50000	25000	58.252000	16.820000	20.030000	0.839740
R004bc2008.H09	metabat2.3	R004bc2008.H09_metabat2.3	NEB Q5 XT 1x 150 ng	Klebsiella pneumoniae	u49174ctg_len-708486_circular-no_depth-13-13-13_duplicated-no	50000	75000	25000	60.416000	17.990000	20.030000	0.898153
R004bc2008.H09	metabat2.3	R004bc2008.H09_metabat2.3	NEB Q5 XT 1x 150 ng	Klebsiella pneumoniae	u49174ctg_len-708486_circular-no_depth-13-13-13_duplicated-no	75000	100000	25000	56.740000	21.430000	20.030000	1.069895
R004bc2008.H09	metabat2.3	R004bc2008.H09_metabat2.3	NEB Q5 XT 1x 150 ng	Klebsiella pneumoniae	u49174ctg_len-708486_circular-no_depth-13-13-13_duplicated-no	100000	125000	25000	49.728000	24.300000	20.030000	1.213180
R004bc2008.H09	metabat2.3	R004bc2008.H09_metabat2.3	NEB Q5 XT 1x 150 ng	Klebsiella pneumoniae	u49174ctg_len-708486_circular-no_depth-13-13-13_duplicated-no	125000	150000	25000	54.600000	21.980000	20.030000	1.097354
R004bc2008.H09	metabat2.3	R004bc2008.H09_metabat2.3	NEB Q5 XT 1x 150 ng	Klebsiella pneumoniae	u49174ctg_len-708486_circular-no_depth-13-13-13_duplicated-no	150000	175000	25000	51.568000	26.460000	20.030000	1.321018
R004bc2008.H09	metabat2.3	R004bc2008.H09_metabat2.3	NEB Q5 XT 1x 150 ng	Klebsiella pneumoniae	u49174ctg_len-708486_circular-no_depth-13-13-13_duplicated-no	175000	200000	25000	51.476000	22.420000	20.030000	1.119321
R004bc2008.H09	metabat2.3	R004bc2008.H09_metabat2.3	NEB Q5 XT 1x 150 ng	Klebsiella pneumoniae	u49174ctg_len-708486_circular-no_depth-13-13-13_duplicated-no	200000	225000	25000	59.120000	20.050000	20.030000	1.000999
R004bc2008.H09	metabat2.3	R004bc2008.H09_metabat2.3	NEB Q5 XT 1x 150 ng	Klebsiella pneumoniae	u49174ctg_len-708486_circular-no_depth-13-13-13_duplicated-no	225000	250000	25000	57.408000	17.610000	20.030000	0.879181
R004bc2008.H09	metabat2.3	R004bc2008.H09_metabat2.3	NEB Q5 XT 1x 150 ng	Klebsiella pneumoniae	u49174ctg_len-708486_circular-no_depth-13-13-13_duplicated-no	250000	275000	25000	57.228000	20.500000	20.030000	1.023465
R004bc2008.H09	metabat2.3	R004bc2008.H09_metabat2.3	NEB Q5 XT 1x 150 ng	Klebsiella pneumoniae	u49174ctg_len-708486_circular-no_depth-13-13-13_duplicated-no	275000	300000	25000	55.504000	19.360000	20.030000	0.966550
R004bc2008.H09	metabat2.3	R004bc2008.H09_metabat2.3	NEB Q5 XT 1x 150 ng	Klebsiella pneumoniae	u49174ctg_len-708486_circular-no_depth-13-13-13_duplicated-no	300000	325000	25000	59.896000	20.590000	20.030000	1.027958
R004bc2008.H09	metabat2.3	R004bc2008.H09_metabat2.3	NEB Q5 XT 1x 150 ng	Klebsiella pneumoniae	u49174ctg_len-708486_circular-no_depth-13-13-13_duplicated-no	325000	350000	25000	57.348000	18.440000	20.030000	0.920619
R004bc2008.H09	metabat2.3	R004bc2008.H09_metabat2.3	NEB Q5 XT 1x 150 ng	Klebsiella pneumoniae	u49174ctg_len-708486_circular-no_depth-13-13-13_duplicated-no	350000	375000	25000	59.216000	15.580000	20.030000	0.777833
R004bc2008.H09	metabat2.3	R004bc2008.H09_metabat2.3	NEB Q5 XT 1x 150 ng	Klebsiella pneumoniae	u49174ctg_len-708486_circular-no_depth-13-13-13_duplicated-no	375000	400000	25000	60.676000	16.770000	20.030000	0.837244
R004bc2008.H09	metabat2.3	R004bc2008.H09_metabat2.3	NEB Q5 XT 1x 150 ng	Klebsiella pneumoniae	u49174ctg_len-708486_circular-no_depth-13-13-13_duplicated-no	400000	425000	25000	54.744000	22.520000	20.030000	1.124314
R004bc2008.H09	metabat2.3	R004bc2008.H09_metabat2.3	NEB Q5 XT 1x 150 ng	Klebsiella pneumoniae	u49174ctg_len-708486_circular-no_depth-13-13-13_duplicated-no	425000	450000	25000	57.536000	18.840000	20.030000	0.940589
R004bc2008.H09	metabat2.3	R004bc2008.H09_metabat2.3	NEB Q5 XT 1x 150 ng	Klebsiella pneumoniae	u49174ctg_len-708486_circular-no_depth-13-13-13_duplicated-no	450000	475000	25000	55.580000	21.810000	20.030000	1.088867
R004bc2008.H09	metabat2.3	R004bc2008.H09_metabat2.3	NEB Q5 XT 1x 150 ng	Klebsiella pneumoniae	u49174ctg_len-708486_circular-no_depth-13-13-13_duplicated-no	475000	500000	25000	56.916000	19.670000	20.030000	0.982027
R004bc2008.H09	metabat2.3	R004bc2008.H09_metabat2.3	NEB Q5 XT 1x 150 ng	Klebsiella pneumoniae	u49174ctg_len-708486_circular-no_depth-13-13-13_duplicated-no	500000	525000	25000	57.164000	19.240000	20.030000	0.960559
R004bc2008.H09	metabat2.3	R004bc2008.H09_metabat2.3	NEB Q5 XT 1x 150 ng	Klebsiella pneumoniae	u49174ctg_len-708486_circular-no_depth-13-13-13_duplicated-no	525000	550000	25000	61.764000	14.070000	20.030000	0.702446
R004bc2008.H09	metabat2.3	R004bc2008.H09_metabat2.3	NEB Q5 XT 1x 150 ng	Klebsiella pneumoniae	u49174ctg_len-708486_circular-no_depth-13-13-13_duplicated-no	550000	575000	25000	57.964000	23.110000	20.030000	1.153769
R004bc2008.H09	metabat2.3	R004bc2008.H09_metabat2.3	NEB Q5 XT 1x 150 ng	Klebsiella pneumoniae	u49174ctg_len-708486_circular-no_depth-13-13-13_duplicated-no	575000	600000	25000	57.124000	22.030000	20.030000	1.099850
R004bc2008.H09	metabat2.3	R004bc2008.H09_metabat2.3	NEB Q5 XT 1x 150 ng	Klebsiella pneumoniae	u49174ctg_len-708486_circular-no_depth-13-13-13_duplicated-no	600000	625000	25000	57.360000	22.360000	20.030000	1.116326
R004bc2008.H09	metabat2.3	R004bc2008.H09_metabat2.3	NEB Q5 XT 1x 150 ng	Klebsiella pneumoniae	u49174ctg_len-708486_circular-no_depth-13-13-13_duplicated-no	625000	650000	25000	56.240000	22.120000	20.030000	1.104343
R004bc2008.H09	metabat2.3	R004bc2008.H09_metabat2.3	NEB Q5 XT 1x 150 ng	Klebsiella pneumoniae	u49174ctg_len-708486_circular-no_depth-13-13-13_duplicated-no	650000	675000	25000	58.960000	18.320000	20.030000	0.914628
R004bc2008.H09	metabat2.3	R004bc2008.H09_metabat2.3	NEB Q5 XT 1x 150 ng	Klebsiella pneumoniae	u49174ctg_len-708486_circular-no_depth-13-13-13_duplicated-no	675000	700000	25000	57.120000	21.340000	20.030000	1.065402
R004bc2008.H09	metabat2.3	R004bc2008.H09_metabat2.3	NEB Q5 XT 1x 150 ng	Klebsiella pneumoniae	u50116ctg_len-79583_circular-no_depth-11-11-11_duplicated-no	0	25000	25000	58.016000	25.770000	20.030000	1.286570
R004bc2008.H09	metabat2.3	R004bc2008.H09_metabat2.3	NEB Q5 XT 1x 150 ng	Klebsiella pneumoniae	u50116ctg_len-79583_circular-no_depth-11-11-11_duplicated-no	25000	50000	25000	57.368000	16.620000	20.030000	0.829755
R004bc2008.H09	metabat2.3	R004bc2008.H09_metabat2.3	NEB Q5 XT 1x 150 ng	Klebsiella pneumoniae	u50116ctg_len-79583_circular-no_depth-11-11-11_duplicated-no	50000	75000	25000	57.748000	15.750000	20.030000	0.786321
R004bc2008.H09	metabat2.3	R004bc2008.H09_metabat2.3	NEB Q5 XT 1x 150 ng	Klebsiella pneumoniae	u55889ctg_len-410797_circular-no_depth-12-12-12_duplicated-no	0	25000	25000	58.664000	19.820000	20.030000	0.989516
R004bc2008.H09	metabat2.3	R004bc2008.H09_metabat2.3	NEB Q5 XT 1x 150 ng	Klebsiella pneumoniae	u55889ctg_len-410797_circular-no_depth-12-12-12_duplicated-no	25000	50000	25000	58.540000	17.900000	20.030000	0.893660
R004bc2008.H09	metabat2.3	R004bc2008.H09_metabat2.3	NEB Q5 XT 1x 150 ng	Klebsiella pneumoniae	u55889ctg_len-410797_circular-no_depth-12-12-12_duplicated-no	50000	75000	25000	59.240000	17.840000	20.030000	0.890664
R004bc2008.H09	metabat2.3	R004bc2008.H09_metabat2.3	NEB Q5 XT 1x 150 ng	Klebsiella pneumoniae	u55889ctg_len-410797_circular-no_depth-12-12-12_duplicated-no	75000	100000	25000	58.628000	18.430000	20.030000	0.920120
R004bc2008.H09	metabat2.3	R004bc2008.H09_metabat2.3	NEB Q5 XT 1x 150 ng	Klebsiella pneumoniae	u55889ctg_len-410797_circular-no_depth-12-12-12_duplicated-no	100000	125000	25000	57.116000	17.550000	20.030000	0.876186
R004bc2008.H09	metabat2.3	R004bc2008.H09_metabat2.3	NEB Q5 XT 1x 150 ng	Klebsiella pneumoniae	u55889ctg_len-410797_circular-no_depth-12-12-12_duplicated-no	125000	150000	25000	62.676000	15.880000	20.030000	0.792811
R004bc2008.H09	metabat2.3	R004bc2008.H09_metabat2.3	NEB Q5 XT 1x 150 ng	Klebsiella pneumoniae	u55889ctg_len-410797_circular-no_depth-12-12-12_duplicated-no	150000	175000	25000	58.720000	13.580000	20.030000	0.677983
R004bc2008.H09	metabat2.3	R004bc2008.H09_metabat2.3	NEB Q5 XT 1x 150 ng	Klebsiella pneumoniae	u55889ctg_len-410797_circular-no_depth-12-12-12_duplicated-no	175000	200000	25000	56.128000	20.040000	20.030000	1.000499
R004bc2008.H09	metabat2.3	R004bc2008.H09_metabat2.3	NEB Q5 XT 1x 150 ng	Klebsiella pneumoniae	u55889ctg_len-410797_circular-no_depth-12-12-12_duplicated-no	200000	225000	25000	59.136000	20.350000	20.030000	1.015976
R004bc2008.H09	metabat2.3	R004bc2008.H09_metabat2.3	NEB Q5 XT 1x 150 ng	Klebsiella pneumoniae	u55889ctg_len-410797_circular-no_depth-12-12-12_duplicated-no	225000	250000	25000	57.952000	20.060000	20.030000	1.001498
R004bc2008.H09	metabat2.3	R004bc2008.H09_metabat2.3	NEB Q5 XT 1x 150 ng	Klebsiella pneumoniae	u55889ctg_len-410797_circular-no_depth-12-12-12_duplicated-no	250000	275000	25000	58.296000	19.070000	20.030000	0.952072
R004bc2008.H09	metabat2.3	R004bc2008.H09_metabat2.3	NEB Q5 XT 1x 150 ng	Klebsiella pneumoniae	u55889ctg_len-410797_circular-no_depth-12-12-12_duplicated-no	275000	300000	25000	56.632000	19.170000	20.030000	0.957064
R004bc2008.H09	metabat2.3	R004bc2008.H09_metabat2.3	NEB Q5 XT 1x 150 ng	Klebsiella pneumoniae	u55889ctg_len-410797_circular-no_depth-12-12-12_duplicated-no	300000	325000	25000	60.084000	16.360000	20.030000	0.816775
R004bc2008.H09	metabat2.3	R004bc2008.H09_metabat2.3	NEB Q5 XT 1x 150 ng	Klebsiella pneumoniae	u55889ctg_len-410797_circular-no_depth-12-12-12_duplicated-no	325000	350000	25000	57.076000	24.280000	20.030000	1.212182
R004bc2008.H09	metabat2.3	R004bc2008.H09_metabat2.3	NEB Q5 XT 1x 150 ng	Klebsiella pneumoniae	u55889ctg_len-410797_circular-no_depth-12-12-12_duplicated-no	350000	375000	25000	57.092000	18.220000	20.030000	0.909636
R004bc2008.H09	metabat2.3	R004bc2008.H09_metabat2.3	NEB Q5 XT 1x 150 ng	Klebsiella pneumoniae	u55889ctg_len-410797_circular-no_depth-12-12-12_duplicated-no	375000	400000	25000	57.888000	21.100000	20.030000	1.053420
R004bc2008.H09	metabat2.3	R004bc2008.H09_metabat2.3	NEB Q5 XT 1x 150 ng	Klebsiella pneumoniae	u80559ctg_len-102788_circular-no_depth-10-10-10_duplicated-no	0	25000	25000	60.444000	18.380000	20.030000	0.917624
R004bc2008.H09	metabat2.3	R004bc2008.H09_metabat2.3	NEB Q5 XT 1x 150 ng	Klebsiella pneumoniae	u80559ctg_len-102788_circular-no_depth-10-10-10_duplicated-no	25000	50000	25000	59.544000	16.170000	20.030000	0.807289
R004bc2008.H09	metabat2.3	R004bc2008.H09_metabat2.3	NEB Q5 XT 1x 150 ng	Klebsiella pneumoniae	u80559ctg_len-102788_circular-no_depth-10-10-10_duplicated-no	50000	75000	25000	59.864000	15.500000	20.030000	0.773839
R004bc2008.H09	metabat2.3	R004bc2008.H09_metabat2.3	NEB Q5 XT 1x 150 ng	Klebsiella pneumoniae	u80559ctg_len-102788_circular-no_depth-10-10-10_duplicated-no	75000	100000	25000	60.488000	16.690000	20.030000	0.833250
R004bc2008.H09	metabat2.3	R004bc2008.H09_metabat2.3	NEB Q5 XT 1x 150 ng	Klebsiella pneumoniae	u82160ctg_len-1149035_circular-no_depth-12-12-12_duplicated-no	0	25000	25000	60.220000	20.510000	20.030000	1.023964
R004bc2008.H09	metabat2.3	R004bc2008.H09_metabat2.3	NEB Q5 XT 1x 150 ng	Klebsiella pneumoniae	u82160ctg_len-1149035_circular-no_depth-12-12-12_duplicated-no	25000	50000	25000	55.916000	20.120000	20.030000	1.004493
R004bc2008.H09	metabat2.3	R004bc2008.H09_metabat2.3	NEB Q5 XT 1x 150 ng	Klebsiella pneumoniae	u82160ctg_len-1149035_circular-no_depth-12-12-12_duplicated-no	50000	75000	25000	56.396000	13.980000	20.030000	0.697953
R004bc2008.H09	metabat2.3	R004bc2008.H09_metabat2.3	NEB Q5 XT 1x 150 ng	Klebsiella pneumoniae	u82160ctg_len-1149035_circular-no_depth-12-12-12_duplicated-no	75000	100000	25000	57.068000	20.470000	20.030000	1.021967
R004bc2008.H09	metabat2.3	R004bc2008.H09_metabat2.3	NEB Q5 XT 1x 150 ng	Klebsiella pneumoniae	u82160ctg_len-1149035_circular-no_depth-12-12-12_duplicated-no	100000	125000	25000	55.160000	23.930000	20.030000	1.194708
R004bc2008.H09	metabat2.3	R004bc2008.H09_metabat2.3	NEB Q5 XT 1x 150 ng	Klebsiella pneumoniae	u82160ctg_len-1149035_circular-no_depth-12-12-12_duplicated-no	125000	150000	25000	60.188000	20.730000	20.030000	1.034948
R004bc2008.H09	metabat2.3	R004bc2008.H09_metabat2.3	NEB Q5 XT 1x 150 ng	Klebsiella pneumoniae	u82160ctg_len-1149035_circular-no_depth-12-12-12_duplicated-no	150000	175000	25000	58.632000	18.620000	20.030000	0.929606
R004bc2008.H09	metabat2.3	R004bc2008.H09_metabat2.3	NEB Q5 XT 1x 150 ng	Klebsiella pneumoniae	u82160ctg_len-1149035_circular-no_depth-12-12-12_duplicated-no	175000	200000	25000	58.412000	29.490000	20.030000	1.472292
R004bc2008.H09	metabat2.3	R004bc2008.H09_metabat2.3	NEB Q5 XT 1x 150 ng	Klebsiella pneumoniae	u82160ctg_len-1149035_circular-no_depth-12-12-12_duplicated-no	200000	225000	25000	58.736000	14.480000	20.030000	0.722916
R004bc2008.H09	metabat2.3	R004bc2008.H09_metabat2.3	NEB Q5 XT 1x 150 ng	Klebsiella pneumoniae	u82160ctg_len-1149035_circular-no_depth-12-12-12_duplicated-no	225000	250000	25000	57.440000	25.120000	20.030000	1.254119
R004bc2008.H09	metabat2.3	R004bc2008.H09_metabat2.3	NEB Q5 XT 1x 150 ng	Klebsiella pneumoniae	u82160ctg_len-1149035_circular-no_depth-12-12-12_duplicated-no	250000	275000	25000	61.136000	22.500000	20.030000	1.123315
R004bc2008.H09	metabat2.3	R004bc2008.H09_metabat2.3	NEB Q5 XT 1x 150 ng	Klebsiella pneumoniae	u82160ctg_len-1149035_circular-no_depth-12-12-12_duplicated-no	275000	300000	25000	57.312000	19.940000	20.030000	0.995507
R004bc2008.H09	metabat2.3	R004bc2008.H09_metabat2.3	NEB Q5 XT 1x 150 ng	Klebsiella pneumoniae	u82160ctg_len-1149035_circular-no_depth-12-12-12_duplicated-no	300000	325000	25000	52.568000	19.330000	20.030000	0.965052
R004bc2008.H09	metabat2.3	R004bc2008.H09_metabat2.3	NEB Q5 XT 1x 150 ng	Klebsiella pneumoniae	u82160ctg_len-1149035_circular-no_depth-12-12-12_duplicated-no	325000	350000	25000	59.584000	15.750000	20.030000	0.786321
R004bc2008.H09	metabat2.3	R004bc2008.H09_metabat2.3	NEB Q5 XT 1x 150 ng	Klebsiella pneumoniae	u82160ctg_len-1149035_circular-no_depth-12-12-12_duplicated-no	350000	375000	25000	45.972000	23.350000	20.030000	1.165751
R004bc2008.H09	metabat2.3	R004bc2008.H09_metabat2.3	NEB Q5 XT 1x 150 ng	Klebsiella pneumoniae	u82160ctg_len-1149035_circular-no_depth-12-12-12_duplicated-no	375000	400000	25000	44.892000	24.430000	20.030000	1.219670
R004bc2008.H09	metabat2.3	R004bc2008.H09_metabat2.3	NEB Q5 XT 1x 150 ng	Klebsiella pneumoniae	u82160ctg_len-1149035_circular-no_depth-12-12-12_duplicated-no	400000	425000	25000	60.628000	20.110000	20.030000	1.003994
R004bc2008.H09	metabat2.3	R004bc2008.H09_metabat2.3	NEB Q5 XT 1x 150 ng	Klebsiella pneumoniae	u82160ctg_len-1149035_circular-no_depth-12-12-12_duplicated-no	425000	450000	25000	52.752000	21.930000	20.030000	1.094858
R004bc2008.H09	metabat2.3	R004bc2008.H09_metabat2.3	NEB Q5 XT 1x 150 ng	Klebsiella pneumoniae	u82160ctg_len-1149035_circular-no_depth-12-12-12_duplicated-no	450000	475000	25000	55.080000	23.210000	20.030000	1.158762
R004bc2008.H09	metabat2.3	R004bc2008.H09_metabat2.3	NEB Q5 XT 1x 150 ng	Klebsiella pneumoniae	u82160ctg_len-1149035_circular-no_depth-12-12-12_duplicated-no	475000	500000	25000	48.596000	38.150000	20.030000	1.904643
R004bc2008.H09	metabat2.3	R004bc2008.H09_metabat2.3	NEB Q5 XT 1x 150 ng	Klebsiella pneumoniae	u82160ctg_len-1149035_circular-no_depth-12-12-12_duplicated-no	500000	525000	25000	58.340000	26.740000	20.030000	1.334998
R004bc2008.H09	metabat2.3	R004bc2008.H09_metabat2.3	NEB Q5 XT 1x 150 ng	Klebsiella pneumoniae	u82160ctg_len-1149035_circular-no_depth-12-12-12_duplicated-no	525000	550000	25000	49.500000	25.520000	20.030000	1.274089
R004bc2008.H09	metabat2.3	R004bc2008.H09_metabat2.3	NEB Q5 XT 1x 150 ng	Klebsiella pneumoniae	u82160ctg_len-1149035_circular-no_depth-12-12-12_duplicated-no	550000	575000	25000	52.316000	17.430000	20.030000	0.870195
R004bc2008.H09	metabat2.3	R004bc2008.H09_metabat2.3	NEB Q5 XT 1x 150 ng	Klebsiella pneumoniae	u82160ctg_len-1149035_circular-no_depth-12-12-12_duplicated-no	575000	600000	25000	55.404000	17.450000	20.030000	0.871193
R004bc2008.H09	metabat2.3	R004bc2008.H09_metabat2.3	NEB Q5 XT 1x 150 ng	Klebsiella pneumoniae	u82160ctg_len-1149035_circular-no_depth-12-12-12_duplicated-no	600000	625000	25000	55.928000	19.260000	20.030000	0.961558
R004bc2008.H09	metabat2.3	R004bc2008.H09_metabat2.3	NEB Q5 XT 1x 150 ng	Klebsiella pneumoniae	u82160ctg_len-1149035_circular-no_depth-12-12-12_duplicated-no	625000	650000	25000	58.528000	18.200000	20.030000	0.908637
R004bc2008.H09	metabat2.3	R004bc2008.H09_metabat2.3	NEB Q5 XT 1x 150 ng	Klebsiella pneumoniae	u82160ctg_len-1149035_circular-no_depth-12-12-12_duplicated-no	650000	675000	25000	56.600000	19.470000	20.030000	0.972042
R004bc2008.H09	metabat2.3	R004bc2008.H09_metabat2.3	NEB Q5 XT 1x 150 ng	Klebsiella pneumoniae	u82160ctg_len-1149035_circular-no_depth-12-12-12_duplicated-no	675000	700000	25000	57.724000	15.620000	20.030000	0.779830
R004bc2008.H09	metabat2.3	R004bc2008.H09_metabat2.3	NEB Q5 XT 1x 150 ng	Klebsiella pneumoniae	u82160ctg_len-1149035_circular-no_depth-12-12-12_duplicated-no	700000	725000	25000	59.096000	17.430000	20.030000	0.870195
R004bc2008.H09	metabat2.3	R004bc2008.H09_metabat2.3	NEB Q5 XT 1x 150 ng	Klebsiella pneumoniae	u82160ctg_len-1149035_circular-no_depth-12-12-12_duplicated-no	725000	750000	25000	60.396000	20.700000	20.030000	1.033450
R004bc2008.H09	metabat2.3	R004bc2008.H09_metabat2.3	NEB Q5 XT 1x 150 ng	Klebsiella pneumoniae	u82160ctg_len-1149035_circular-no_depth-12-12-12_duplicated-no	750000	775000	25000	52.320000	17.450000	20.030000	0.871193
R004bc2008.H09	metabat2.3	R004bc2008.H09_metabat2.3	NEB Q5 XT 1x 150 ng	Klebsiella pneumoniae	u82160ctg_len-1149035_circular-no_depth-12-12-12_duplicated-no	775000	800000	25000	60.212000	15.440000	20.030000	0.770844
R004bc2008.H09	metabat2.3	R004bc2008.H09_metabat2.3	NEB Q5 XT 1x 150 ng	Klebsiella pneumoniae	u82160ctg_len-1149035_circular-no_depth-12-12-12_duplicated-no	800000	825000	25000	57.676000	15.020000	20.030000	0.749875
R004bc2008.H09	metabat2.3	R004bc2008.H09_metabat2.3	NEB Q5 XT 1x 150 ng	Klebsiella pneumoniae	u82160ctg_len-1149035_circular-no_depth-12-12-12_duplicated-no	825000	850000	25000	53.464000	22.460000	20.030000	1.121318
R004bc2008.H09	metabat2.3	R004bc2008.H09_metabat2.3	NEB Q5 XT 1x 150 ng	Klebsiella pneumoniae	u82160ctg_len-1149035_circular-no_depth-12-12-12_duplicated-no	850000	875000	25000	57.760000	17.640000	20.030000	0.880679
R004bc2008.H09	metabat2.3	R004bc2008.H09_metabat2.3	NEB Q5 XT 1x 150 ng	Klebsiella pneumoniae	u82160ctg_len-1149035_circular-no_depth-12-12-12_duplicated-no	875000	900000	25000	59.652000	15.530000	20.030000	0.775337
R004bc2008.H09	metabat2.3	R004bc2008.H09_metabat2.3	NEB Q5 XT 1x 150 ng	Klebsiella pneumoniae	u82160ctg_len-1149035_circular-no_depth-12-12-12_duplicated-no	900000	925000	25000	63.992000	15.790000	20.030000	0.788318
R004bc2008.H09	metabat2.3	R004bc2008.H09_metabat2.3	NEB Q5 XT 1x 150 ng	Klebsiella pneumoniae	u82160ctg_len-1149035_circular-no_depth-12-12-12_duplicated-no	925000	950000	25000	60.816000	14.570000	20.030000	0.727409
R004bc2008.H09	metabat2.3	R004bc2008.H09_metabat2.3	NEB Q5 XT 1x 150 ng	Klebsiella pneumoniae	u82160ctg_len-1149035_circular-no_depth-12-12-12_duplicated-no	950000	975000	25000	55.244000	15.460000	20.030000	0.771842
R004bc2008.H09	metabat2.3	R004bc2008.H09_metabat2.3	NEB Q5 XT 1x 150 ng	Klebsiella pneumoniae	u82160ctg_len-1149035_circular-no_depth-12-12-12_duplicated-no	975000	1000000	25000	59.772000	18.750000	20.030000	0.936096
R004bc2008.H09	metabat2.3	R004bc2008.H09_metabat2.3	NEB Q5 XT 1x 150 ng	Klebsiella pneumoniae	u82160ctg_len-1149035_circular-no_depth-12-12-12_duplicated-no	1000000	1025000	25000	60.048000	18.020000	20.030000	0.899651
R004bc2008.H09	metabat2.3	R004bc2008.H09_metabat2.3	NEB Q5 XT 1x 150 ng	Klebsiella pneumoniae	u82160ctg_len-1149035_circular-no_depth-12-12-12_duplicated-no	1025000	1050000	25000	56.684000	20.490000	20.030000	1.022966
R004bc2008.H09	metabat2.3	R004bc2008.H09_metabat2.3	NEB Q5 XT 1x 150 ng	Klebsiella pneumoniae	u82160ctg_len-1149035_circular-no_depth-12-12-12_duplicated-no	1050000	1075000	25000	57.128000	14.760000	20.030000	0.736895
R004bc2008.H09	metabat2.3	R004bc2008.H09_metabat2.3	NEB Q5 XT 1x 150 ng	Klebsiella pneumoniae	u82160ctg_len-1149035_circular-no_depth-12-12-12_duplicated-no	1075000	1100000	25000	58.508000	16.540000	20.030000	0.825761
R004bc2008.H09	metabat2.3	R004bc2008.H09_metabat2.3	NEB Q5 XT 1x 150 ng	Klebsiella pneumoniae	u82160ctg_len-1149035_circular-no_depth-12-12-12_duplicated-no	1100000	1125000	25000	58.732000	16.640000	20.030000	0.830754
R004bc2008.H09	metabat2.3	R004bc2008.H09_metabat2.3	NEB Q5 XT 1x 150 ng	Klebsiella pneumoniae	u84086ctg_len-200179_circular-no_depth-12-12-12_duplicated-no	0	25000	25000	59.348000	18.630000	20.030000	0.930105
R004bc2008.H09	metabat2.3	R004bc2008.H09_metabat2.3	NEB Q5 XT 1x 150 ng	Klebsiella pneumoniae	u84086ctg_len-200179_circular-no_depth-12-12-12_duplicated-no	25000	50000	25000	56.188000	17.540000	20.030000	0.875686
R004bc2008.H09	metabat2.3	R004bc2008.H09_metabat2.3	NEB Q5 XT 1x 150 ng	Klebsiella pneumoniae	u84086ctg_len-200179_circular-no_depth-12-12-12_duplicated-no	50000	75000	25000	59.672000	21.640000	20.030000	1.080379
R004bc2008.H09	metabat2.3	R004bc2008.H09_metabat2.3	NEB Q5 XT 1x 150 ng	Klebsiella pneumoniae	u84086ctg_len-200179_circular-no_depth-12-12-12_duplicated-no	75000	100000	25000	58.084000	19.130000	20.030000	0.955067
R004bc2008.H09	metabat2.3	R004bc2008.H09_metabat2.3	NEB Q5 XT 1x 150 ng	Klebsiella pneumoniae	u84086ctg_len-200179_circular-no_depth-12-12-12_duplicated-no	100000	125000	25000	57.612000	14.710000	20.030000	0.734398
R004bc2008.H09	metabat2.3	R004bc2008.H09_metabat2.3	NEB Q5 XT 1x 150 ng	Klebsiella pneumoniae	u84086ctg_len-200179_circular-no_depth-12-12-12_duplicated-no	125000	150000	25000	55.600000	19.220000	20.030000	0.959561
R004bc2008.H09	metabat2.3	R004bc2008.H09_metabat2.3	NEB Q5 XT 1x 150 ng	Klebsiella pneumoniae	u84086ctg_len-200179_circular-no_depth-12-12-12_duplicated-no	150000	175000	25000	53.168000	21.320000	20.030000	1.064403
R004bc2008.H09	metabat2.3	R004bc2008.H09_metabat2.3	NEB Q5 XT 1x 150 ng	Klebsiella pneumoniae	u84086ctg_len-200179_circular-no_depth-12-12-12_duplicated-no	175000	200000	25000	57.972000	16.910000	20.030000	0.844234
R004bc2008.H09	metabat2.3	R004bc2008.H09_metabat2.3	NEB Q5 XT 1x 150 ng	Klebsiella pneumoniae	u86489ctg_len-270245_circular-no_depth-12-12-12_duplicated-no	0	25000	25000	60.384000	20.030000	20.030000	1.000000
R004bc2008.H09	metabat2.3	R004bc2008.H09_metabat2.3	NEB Q5 XT 1x 150 ng	Klebsiella pneumoniae	u86489ctg_len-270245_circular-no_depth-12-12-12_duplicated-no	25000	50000	25000	61.352000	16.610000	20.030000	0.829256
R004bc2008.H09	metabat2.3	R004bc2008.H09_metabat2.3	NEB Q5 XT 1x 150 ng	Klebsiella pneumoniae	u86489ctg_len-270245_circular-no_depth-12-12-12_duplicated-no	50000	75000	25000	61.388000	22.660000	20.030000	1.131303
R004bc2008.H09	metabat2.3	R004bc2008.H09_metabat2.3	NEB Q5 XT 1x 150 ng	Klebsiella pneumoniae	u86489ctg_len-270245_circular-no_depth-12-12-12_duplicated-no	75000	100000	25000	61.052000	16.960000	20.030000	0.846730
R004bc2008.H09	metabat2.3	R004bc2008.H09_metabat2.3	NEB Q5 XT 1x 150 ng	Klebsiella pneumoniae	u86489ctg_len-270245_circular-no_depth-12-12-12_duplicated-no	100000	125000	25000	57.536000	21.220000	20.030000	1.059411
R004bc2008.H09	metabat2.3	R004bc2008.H09_metabat2.3	NEB Q5 XT 1x 150 ng	Klebsiella pneumoniae	u86489ctg_len-270245_circular-no_depth-12-12-12_duplicated-no	125000	150000	25000	59.192000	17.550000	20.030000	0.876186
R004bc2008.H09	metabat2.3	R004bc2008.H09_metabat2.3	NEB Q5 XT 1x 150 ng	Klebsiella pneumoniae	u86489ctg_len-270245_circular-no_depth-12-12-12_duplicated-no	150000	175000	25000	46.280000	27.250000	20.030000	1.360459
R004bc2008.H09	metabat2.3	R004bc2008.H09_metabat2.3	NEB Q5 XT 1x 150 ng	Klebsiella pneumoniae	u86489ctg_len-270245_circular-no_depth-12-12-12_duplicated-no	175000	200000	25000	59.532000	16.210000	20.030000	0.809286
R004bc2008.H09	metabat2.3	R004bc2008.H09_metabat2.3	NEB Q5 XT 1x 150 ng	Klebsiella pneumoniae	u86489ctg_len-270245_circular-no_depth-12-12-12_duplicated-no	200000	225000	25000	60.724000	20.650000	20.030000	1.030954
R004bc2008.H09	metabat2.3	R004bc2008.H09_metabat2.3	NEB Q5 XT 1x 150 ng	Klebsiella pneumoniae	u86489ctg_len-270245_circular-no_depth-12-12-12_duplicated-no	225000	250000	25000	58.328000	17.750000	20.030000	0.886171
R004bc2008.H09	metabat2.3	R004bc2008.H09_metabat2.3	NEB Q5 XT 1x 150 ng	Klebsiella pneumoniae	u86529ctg_len-410733_circular-no_depth-14-14-14_duplicated-no	0	25000	25000	57.792000	20.320000	20.030000	1.014478
R004bc2008.H09	metabat2.3	R004bc2008.H09_metabat2.3	NEB Q5 XT 1x 150 ng	Klebsiella pneumoniae	u86529ctg_len-410733_circular-no_depth-14-14-14_duplicated-no	25000	50000	25000	55.764000	20.090000	20.030000	1.002996
R004bc2008.H09	metabat2.3	R004bc2008.H09_metabat2.3	NEB Q5 XT 1x 150 ng	Klebsiella pneumoniae	u86529ctg_len-410733_circular-no_depth-14-14-14_duplicated-no	50000	75000	25000	56.592000	22.370000	20.030000	1.116825
R004bc2008.H09	metabat2.3	R004bc2008.H09_metabat2.3	NEB Q5 XT 1x 150 ng	Klebsiella pneumoniae	u86529ctg_len-410733_circular-no_depth-14-14-14_duplicated-no	75000	100000	25000	52.372000	24.260000	20.030000	1.211183
R004bc2008.H09	metabat2.3	R004bc2008.H09_metabat2.3	NEB Q5 XT 1x 150 ng	Klebsiella pneumoniae	u86529ctg_len-410733_circular-no_depth-14-14-14_duplicated-no	100000	125000	25000	58.336000	17.890000	20.030000	0.893160
R004bc2008.H09	metabat2.3	R004bc2008.H09_metabat2.3	NEB Q5 XT 1x 150 ng	Klebsiella pneumoniae	u86529ctg_len-410733_circular-no_depth-14-14-14_duplicated-no	125000	150000	25000	58.192000	19.620000	20.030000	0.979531
R004bc2008.H09	metabat2.3	R004bc2008.H09_metabat2.3	NEB Q5 XT 1x 150 ng	Klebsiella pneumoniae	u86529ctg_len-410733_circular-no_depth-14-14-14_duplicated-no	150000	175000	25000	57.464000	20.460000	20.030000	1.021468
R004bc2008.H09	metabat2.3	R004bc2008.H09_metabat2.3	NEB Q5 XT 1x 150 ng	Klebsiella pneumoniae	u86529ctg_len-410733_circular-no_depth-14-14-14_duplicated-no	175000	200000	25000	57.300000	20.320000	20.030000	1.014478
R004bc2008.H09	metabat2.3	R004bc2008.H09_metabat2.3	NEB Q5 XT 1x 150 ng	Klebsiella pneumoniae	u86529ctg_len-410733_circular-no_depth-14-14-14_duplicated-no	200000	225000	25000	58.896000	22.720000	20.030000	1.134299
R004bc2008.H09	metabat2.3	R004bc2008.H09_metabat2.3	NEB Q5 XT 1x 150 ng	Klebsiella pneumoniae	u86529ctg_len-410733_circular-no_depth-14-14-14_duplicated-no	225000	250000	25000	57.660000	27.890000	20.030000	1.392411
R004bc2008.H09	metabat2.3	R004bc2008.H09_metabat2.3	NEB Q5 XT 1x 150 ng	Klebsiella pneumoniae	u86529ctg_len-410733_circular-no_depth-14-14-14_duplicated-no	250000	275000	25000	52.348000	24.920000	20.030000	1.244134
R004bc2008.H09	metabat2.3	R004bc2008.H09_metabat2.3	NEB Q5 XT 1x 150 ng	Klebsiella pneumoniae	u86529ctg_len-410733_circular-no_depth-14-14-14_duplicated-no	275000	300000	25000	53.612000	28.160000	20.030000	1.405891
R004bc2008.H09	metabat2.3	R004bc2008.H09_metabat2.3	NEB Q5 XT 1x 150 ng	Klebsiella pneumoniae	u86529ctg_len-410733_circular-no_depth-14-14-14_duplicated-no	300000	325000	25000	61.148000	13.870000	20.030000	0.692461
R004bc2008.H09	metabat2.3	R004bc2008.H09_metabat2.3	NEB Q5 XT 1x 150 ng	Klebsiella pneumoniae	u86529ctg_len-410733_circular-no_depth-14-14-14_duplicated-no	325000	350000	25000	56.404000	19.900000	20.030000	0.993510
R004bc2008.H09	metabat2.3	R004bc2008.H09_metabat2.3	NEB Q5 XT 1x 150 ng	Klebsiella pneumoniae	u86529ctg_len-410733_circular-no_depth-14-14-14_duplicated-no	350000	375000	25000	57.120000	15.030000	20.030000	0.750374
R004bc2008.H09	metabat2.3	R004bc2008.H09_metabat2.3	NEB Q5 XT 1x 150 ng	Klebsiella pneumoniae	u86529ctg_len-410733_circular-no_depth-14-14-14_duplicated-no	375000	400000	25000	54.324000	23.200000	20.030000	1.158263
R004bc2008.H09	metabat2.3	R004bc2008.H09_metabat2.3	NEB Q5 XT 1x 150 ng	Klebsiella pneumoniae	u91845ctg_len-117231_circular-no_depth-12-12-12_duplicated-no	0	25000	25000	58.088000	25.370000	20.030000	1.266600
R004bc2008.H09	metabat2.3	R004bc2008.H09_metabat2.3	NEB Q5 XT 1x 150 ng	Klebsiella pneumoniae	u91845ctg_len-117231_circular-no_depth-12-12-12_duplicated-no	25000	50000	25000	55.464000	19.870000	20.030000	0.992012
R004bc2008.H09	metabat2.3	R004bc2008.H09_metabat2.3	NEB Q5 XT 1x 150 ng	Klebsiella pneumoniae	u91845ctg_len-117231_circular-no_depth-12-12-12_duplicated-no	50000	75000	25000	58.136000	24.810000	20.030000	1.238642
R004bc2008.H09	metabat2.3	R004bc2008.H09_metabat2.3	NEB Q5 XT 1x 150 ng	Klebsiella pneumoniae	u91845ctg_len-117231_circular-no_depth-12-12-12_duplicated-no	75000	100000	25000	57.716000	16.060000	20.030000	0.801797
R004bc2008.H09	metabat2.3	R004bc2008.H09_metabat2.3	NEB Q5 XT 1x 150 ng	Klebsiella pneumoniae	u9684ctg_len-371287_circular-no_depth-12-12-12_duplicated-no	0	25000	25000	59.592000	17.190000	20.030000	0.858213
R004bc2008.H09	metabat2.3	R004bc2008.H09_metabat2.3	NEB Q5 XT 1x 150 ng	Klebsiella pneumoniae	u9684ctg_len-371287_circular-no_depth-12-12-12_duplicated-no	25000	50000	25000	59.308000	17.600000	20.030000	0.878682
R004bc2008.H09	metabat2.3	R004bc2008.H09_metabat2.3	NEB Q5 XT 1x 150 ng	Klebsiella pneumoniae	u9684ctg_len-371287_circular-no_depth-12-12-12_duplicated-no	50000	75000	25000	56.196000	18.020000	20.030000	0.899651
R004bc2008.H09	metabat2.3	R004bc2008.H09_metabat2.3	NEB Q5 XT 1x 150 ng	Klebsiella pneumoniae	u9684ctg_len-371287_circular-no_depth-12-12-12_duplicated-no	75000	100000	25000	59.768000	20.380000	20.030000	1.017474
R004bc2008.H09	metabat2.3	R004bc2008.H09_metabat2.3	NEB Q5 XT 1x 150 ng	Klebsiella pneumoniae	u9684ctg_len-371287_circular-no_depth-12-12-12_duplicated-no	100000	125000	25000	57.756000	16.020000	20.030000	0.799800
R004bc2008.H09	metabat2.3	R004bc2008.H09_metabat2.3	NEB Q5 XT 1x 150 ng	Klebsiella pneumoniae	u9684ctg_len-371287_circular-no_depth-12-12-12_duplicated-no	125000	150000	25000	61.012000	19.650000	20.030000	0.981028
R004bc2008.H09	metabat2.3	R004bc2008.H09_metabat2.3	NEB Q5 XT 1x 150 ng	Klebsiella pneumoniae	u9684ctg_len-371287_circular-no_depth-12-12-12_duplicated-no	150000	175000	25000	57.056000	19.460000	20.030000	0.971543
R004bc2008.H09	metabat2.3	R004bc2008.H09_metabat2.3	NEB Q5 XT 1x 150 ng	Klebsiella pneumoniae	u9684ctg_len-371287_circular-no_depth-12-12-12_duplicated-no	175000	200000	25000	53.380000	23.830000	20.030000	1.189715
R004bc2008.H09	metabat2.3	R004bc2008.H09_metabat2.3	NEB Q5 XT 1x 150 ng	Klebsiella pneumoniae	u9684ctg_len-371287_circular-no_depth-12-12-12_duplicated-no	200000	225000	25000	53.964000	21.750000	20.030000	1.085871
R004bc2008.H09	metabat2.3	R004bc2008.H09_metabat2.3	NEB Q5 XT 1x 150 ng	Klebsiella pneumoniae	u9684ctg_len-371287_circular-no_depth-12-12-12_duplicated-no	225000	250000	25000	57.056000	20.030000	20.030000	1.000000
R004bc2008.H09	metabat2.3	R004bc2008.H09_metabat2.3	NEB Q5 XT 1x 150 ng	Klebsiella pneumoniae	u9684ctg_len-371287_circular-no_depth-12-12-12_duplicated-no	250000	275000	25000	57.440000	20.440000	20.030000	1.020469
R004bc2008.H09	metabat2.3	R004bc2008.H09_metabat2.3	NEB Q5 XT 1x 150 ng	Klebsiella pneumoniae	u9684ctg_len-371287_circular-no_depth-12-12-12_duplicated-no	275000	300000	25000	61.724000	12.740000	20.030000	0.636046
R004bc2008.H09	metabat2.3	R004bc2008.H09_metabat2.3	NEB Q5 XT 1x 150 ng	Klebsiella pneumoniae	u9684ctg_len-371287_circular-no_depth-12-12-12_duplicated-no	300000	325000	25000	57.920000	17.940000	20.030000	0.895657
R004bc2008.H09	metabat2.3	R004bc2008.H09_metabat2.3	NEB Q5 XT 1x 150 ng	Klebsiella pneumoniae	u9684ctg_len-371287_circular-no_depth-12-12-12_duplicated-no	325000	350000	25000	59.300000	18.570000	20.030000	0.927109
R004bc2008.D10	metabat2.5	R004bc2008.D10_metabat2.5	Kura Decodifi 1x 150 ng	Acinetobacter baumannii	u78963ctg_len-534398_circular-no_depth-38-38-38_duplicated-no	0	25000	25000	39.360000	50.840000	40.515000	1.254844
R004bc2008.D10	metabat2.5	R004bc2008.D10_metabat2.5	Kura Decodifi 1x 150 ng	Acinetobacter baumannii	u78963ctg_len-534398_circular-no_depth-38-38-38_duplicated-no	25000	50000	25000	39.360000	59.190000	40.515000	1.460940
R004bc2008.D10	metabat2.5	R004bc2008.D10_metabat2.5	Kura Decodifi 1x 150 ng	Acinetobacter baumannii	u78963ctg_len-534398_circular-no_depth-38-38-38_duplicated-no	50000	75000	25000	41.240000	48.840000	40.515000	1.205479
R004bc2008.D10	metabat2.5	R004bc2008.D10_metabat2.5	Kura Decodifi 1x 150 ng	Acinetobacter baumannii	u78963ctg_len-534398_circular-no_depth-38-38-38_duplicated-no	75000	100000	25000	41.460000	54.160000	40.515000	1.336789
R004bc2008.D10	metabat2.5	R004bc2008.D10_metabat2.5	Kura Decodifi 1x 150 ng	Acinetobacter baumannii	u78963ctg_len-534398_circular-no_depth-38-38-38_duplicated-no	100000	125000	25000	40.372000	45.280000	40.515000	1.117611
R004bc2008.D10	metabat2.5	R004bc2008.D10_metabat2.5	Kura Decodifi 1x 150 ng	Acinetobacter baumannii	u78963ctg_len-534398_circular-no_depth-38-38-38_duplicated-no	125000	150000	25000	39.808000	52.090000	40.515000	1.285697
R004bc2008.D10	metabat2.5	R004bc2008.D10_metabat2.5	Kura Decodifi 1x 150 ng	Acinetobacter baumannii	u78963ctg_len-534398_circular-no_depth-38-38-38_duplicated-no	150000	175000	25000	39.888000	55.580000	40.515000	1.371838
R004bc2008.D10	metabat2.5	R004bc2008.D10_metabat2.5	Kura Decodifi 1x 150 ng	Acinetobacter baumannii	u78963ctg_len-534398_circular-no_depth-38-38-38_duplicated-no	175000	200000	25000	39.884000	58.380000	40.515000	1.440948
R004bc2008.D10	metabat2.5	R004bc2008.D10_metabat2.5	Kura Decodifi 1x 150 ng	Acinetobacter baumannii	u78963ctg_len-534398_circular-no_depth-38-38-38_duplicated-no	200000	225000	25000	40.864000	56.790000	40.515000	1.401703
R004bc2008.D10	metabat2.5	R004bc2008.D10_metabat2.5	Kura Decodifi 1x 150 ng	Acinetobacter baumannii	u78963ctg_len-534398_circular-no_depth-38-38-38_duplicated-no	225000	250000	25000	39.904000	50.510000	40.515000	1.246699
R004bc2008.D10	metabat2.5	R004bc2008.D10_metabat2.5	Kura Decodifi 1x 150 ng	Acinetobacter baumannii	u78963ctg_len-534398_circular-no_depth-38-38-38_duplicated-no	250000	275000	25000	37.276000	39.670000	40.515000	0.979144
R004bc2008.D10	metabat2.5	R004bc2008.D10_metabat2.5	Kura Decodifi 1x 150 ng	Acinetobacter baumannii	u78963ctg_len-534398_circular-no_depth-38-38-38_duplicated-no	275000	300000	25000	38.212000	48.860000	40.515000	1.205973
R004bc2008.D10	metabat2.5	R004bc2008.D10_metabat2.5	Kura Decodifi 1x 150 ng	Acinetobacter baumannii	u78963ctg_len-534398_circular-no_depth-38-38-38_duplicated-no	300000	325000	25000	39.736000	48.010000	40.515000	1.184993
R004bc2008.D10	metabat2.5	R004bc2008.D10_metabat2.5	Kura Decodifi 1x 150 ng	Acinetobacter baumannii	u78963ctg_len-534398_circular-no_depth-38-38-38_duplicated-no	325000	350000	25000	40.780000	51.870000	40.515000	1.280267
R004bc2008.D10	metabat2.5	R004bc2008.D10_metabat2.5	Kura Decodifi 1x 150 ng	Acinetobacter baumannii	u78963ctg_len-534398_circular-no_depth-38-38-38_duplicated-no	350000	375000	25000	39.264000	61.210000	40.515000	1.510798
R004bc2008.D10	metabat2.5	R004bc2008.D10_metabat2.5	Kura Decodifi 1x 150 ng	Acinetobacter baumannii	u78963ctg_len-534398_circular-no_depth-38-38-38_duplicated-no	375000	400000	25000	39.344000	55.720000	40.515000	1.375293
R004bc2008.D10	metabat2.5	R004bc2008.D10_metabat2.5	Kura Decodifi 1x 150 ng	Acinetobacter baumannii	u78963ctg_len-534398_circular-no_depth-38-38-38_duplicated-no	400000	425000	25000	37.836000	45.960000	40.515000	1.134395
R004bc2008.D10	metabat2.5	R004bc2008.D10_metabat2.5	Kura Decodifi 1x 150 ng	Acinetobacter baumannii	u78963ctg_len-534398_circular-no_depth-38-38-38_duplicated-no	425000	450000	25000	39.676000	52.180000	40.515000	1.287918
R004bc2008.D10	metabat2.5	R004bc2008.D10_metabat2.5	Kura Decodifi 1x 150 ng	Acinetobacter baumannii	u78963ctg_len-534398_circular-no_depth-38-38-38_duplicated-no	450000	475000	25000	40.216000	42.370000	40.515000	1.045786
R004bc2008.D10	metabat2.5	R004bc2008.D10_metabat2.5	Kura Decodifi 1x 150 ng	Acinetobacter baumannii	u78963ctg_len-534398_circular-no_depth-38-38-38_duplicated-no	475000	500000	25000	41.068000	42.290000	40.515000	1.043811
R004bc2008.D10	metabat2.5	R004bc2008.D10_metabat2.5	Kura Decodifi 1x 150 ng	Acinetobacter baumannii	u78963ctg_len-534398_circular-no_depth-38-38-38_duplicated-no	500000	525000	25000	38.408000	52.680000	40.515000	1.300259
R004bc2008.D10	metabat2.5	R004bc2008.D10_metabat2.5	Kura Decodifi 1x 150 ng	Acinetobacter baumannii	u83377ctg_len-210239_circular-possibly_depth-39-39-39_duplicated-no	0	25000	25000	41.824000	40.210000	40.515000	0.992472
R004bc2008.D10	metabat2.5	R004bc2008.D10_metabat2.5	Kura Decodifi 1x 150 ng	Acinetobacter baumannii	u83377ctg_len-210239_circular-possibly_depth-39-39-39_duplicated-no	25000	50000	25000	39.600000	57.290000	40.515000	1.414044
R004bc2008.D10	metabat2.5	R004bc2008.D10_metabat2.5	Kura Decodifi 1x 150 ng	Acinetobacter baumannii	u83377ctg_len-210239_circular-possibly_depth-39-39-39_duplicated-no	50000	75000	25000	42.384000	47.920000	40.515000	1.182772
R004bc2008.D10	metabat2.5	R004bc2008.D10_metabat2.5	Kura Decodifi 1x 150 ng	Acinetobacter baumannii	u83377ctg_len-210239_circular-possibly_depth-39-39-39_duplicated-no	75000	100000	25000	40.652000	54.670000	40.515000	1.349377
R004bc2008.D10	metabat2.5	R004bc2008.D10_metabat2.5	Kura Decodifi 1x 150 ng	Acinetobacter baumannii	u83377ctg_len-210239_circular-possibly_depth-39-39-39_duplicated-no	100000	125000	25000	40.316000	53.490000	40.515000	1.320252
R004bc2008.D10	metabat2.5	R004bc2008.D10_metabat2.5	Kura Decodifi 1x 150 ng	Acinetobacter baumannii	u83377ctg_len-210239_circular-possibly_depth-39-39-39_duplicated-no	125000	150000	25000	35.684000	50.000000	40.515000	1.234111
R004bc2008.D10	metabat2.5	R004bc2008.D10_metabat2.5	Kura Decodifi 1x 150 ng	Acinetobacter baumannii	u83377ctg_len-210239_circular-possibly_depth-39-39-39_duplicated-no	150000	175000	25000	46.092000	49.500000	40.515000	1.221770
R004bc2008.D10	metabat2.5	R004bc2008.D10_metabat2.5	Kura Decodifi 1x 150 ng	Acinetobacter baumannii	u83377ctg_len-210239_circular-possibly_depth-39-39-39_duplicated-no	175000	200000	25000	41.820000	48.600000	40.515000	1.199556
R004bc2008.D10	metabat2.5	R004bc2008.D10_metabat2.5	Kura Decodifi 1x 150 ng	Acinetobacter baumannii	u87225ctg_len-3248410_circular-no_depth-28-28-28_duplicated-no	0	25000	25000	40.600000	41.600000	40.515000	1.026780
R004bc2008.D10	metabat2.5	R004bc2008.D10_metabat2.5	Kura Decodifi 1x 150 ng	Acinetobacter baumannii	u87225ctg_len-3248410_circular-no_depth-28-28-28_duplicated-no	25000	50000	25000	40.528000	63.610000	40.515000	1.570036
R004bc2008.D10	metabat2.5	R004bc2008.D10_metabat2.5	Kura Decodifi 1x 150 ng	Acinetobacter baumannii	u87225ctg_len-3248410_circular-no_depth-28-28-28_duplicated-no	50000	75000	25000	40.880000	46.660000	40.515000	1.151672
R004bc2008.D10	metabat2.5	R004bc2008.D10_metabat2.5	Kura Decodifi 1x 150 ng	Acinetobacter baumannii	u87225ctg_len-3248410_circular-no_depth-28-28-28_duplicated-no	75000	100000	25000	39.820000	54.970000	40.515000	1.356781
R004bc2008.D10	metabat2.5	R004bc2008.D10_metabat2.5	Kura Decodifi 1x 150 ng	Acinetobacter baumannii	u87225ctg_len-3248410_circular-no_depth-28-28-28_duplicated-no	100000	125000	25000	39.656000	49.890000	40.515000	1.231396
R004bc2008.D10	metabat2.5	R004bc2008.D10_metabat2.5	Kura Decodifi 1x 150 ng	Acinetobacter baumannii	u87225ctg_len-3248410_circular-no_depth-28-28-28_duplicated-no	125000	150000	25000	39.596000	52.010000	40.515000	1.283722
R004bc2008.D10	metabat2.5	R004bc2008.D10_metabat2.5	Kura Decodifi 1x 150 ng	Acinetobacter baumannii	u87225ctg_len-3248410_circular-no_depth-28-28-28_duplicated-no	150000	175000	25000	41.700000	53.810000	40.515000	1.328150
R004bc2008.D10	metabat2.5	R004bc2008.D10_metabat2.5	Kura Decodifi 1x 150 ng	Acinetobacter baumannii	u87225ctg_len-3248410_circular-no_depth-28-28-28_duplicated-no	175000	200000	25000	41.184000	56.840000	40.515000	1.402937
R004bc2008.D10	metabat2.5	R004bc2008.D10_metabat2.5	Kura Decodifi 1x 150 ng	Acinetobacter baumannii	u87225ctg_len-3248410_circular-no_depth-28-28-28_duplicated-no	200000	225000	25000	40.124000	49.300000	40.515000	1.216833
R004bc2008.D10	metabat2.5	R004bc2008.D10_metabat2.5	Kura Decodifi 1x 150 ng	Acinetobacter baumannii	u87225ctg_len-3248410_circular-no_depth-28-28-28_duplicated-no	225000	250000	25000	40.188000	46.070000	40.515000	1.137110
R004bc2008.D10	metabat2.5	R004bc2008.D10_metabat2.5	Kura Decodifi 1x 150 ng	Acinetobacter baumannii	u87225ctg_len-3248410_circular-no_depth-28-28-28_duplicated-no	250000	275000	25000	39.624000	49.200000	40.515000	1.214365
R004bc2008.D10	metabat2.5	R004bc2008.D10_metabat2.5	Kura Decodifi 1x 150 ng	Acinetobacter baumannii	u87225ctg_len-3248410_circular-no_depth-28-28-28_duplicated-no	275000	300000	25000	39.424000	38.800000	40.515000	0.957670
R004bc2008.D10	metabat2.5	R004bc2008.D10_metabat2.5	Kura Decodifi 1x 150 ng	Acinetobacter baumannii	u87225ctg_len-3248410_circular-no_depth-28-28-28_duplicated-no	300000	325000	25000	39.652000	52.500000	40.515000	1.295816
R004bc2008.D10	metabat2.5	R004bc2008.D10_metabat2.5	Kura Decodifi 1x 150 ng	Acinetobacter baumannii	u87225ctg_len-3248410_circular-no_depth-28-28-28_duplicated-no	325000	350000	25000	41.212000	43.510000	40.515000	1.073923
R004bc2008.D10	metabat2.5	R004bc2008.D10_metabat2.5	Kura Decodifi 1x 150 ng	Acinetobacter baumannii	u87225ctg_len-3248410_circular-no_depth-28-28-28_duplicated-no	350000	375000	25000	39.988000	46.750000	40.515000	1.153894
R004bc2008.D10	metabat2.5	R004bc2008.D10_metabat2.5	Kura Decodifi 1x 150 ng	Acinetobacter baumannii	u87225ctg_len-3248410_circular-no_depth-28-28-28_duplicated-no	375000	400000	25000	39.960000	50.200000	40.515000	1.239047
R004bc2008.D10	metabat2.5	R004bc2008.D10_metabat2.5	Kura Decodifi 1x 150 ng	Acinetobacter baumannii	u87225ctg_len-3248410_circular-no_depth-28-28-28_duplicated-no	400000	425000	25000	39.448000	47.790000	40.515000	1.179563
R004bc2008.D10	metabat2.5	R004bc2008.D10_metabat2.5	Kura Decodifi 1x 150 ng	Acinetobacter baumannii	u87225ctg_len-3248410_circular-no_depth-28-28-28_duplicated-no	425000	450000	25000	39.376000	48.120000	40.515000	1.187708
R004bc2008.D10	metabat2.5	R004bc2008.D10_metabat2.5	Kura Decodifi 1x 150 ng	Acinetobacter baumannii	u87225ctg_len-3248410_circular-no_depth-28-28-28_duplicated-no	450000	475000	25000	39.856000	44.570000	40.515000	1.100086
R004bc2008.D10	metabat2.5	R004bc2008.D10_metabat2.5	Kura Decodifi 1x 150 ng	Acinetobacter baumannii	u87225ctg_len-3248410_circular-no_depth-28-28-28_duplicated-no	475000	500000	25000	40.372000	40.590000	40.515000	1.001851
R004bc2008.D10	metabat2.5	R004bc2008.D10_metabat2.5	Kura Decodifi 1x 150 ng	Acinetobacter baumannii	u87225ctg_len-3248410_circular-no_depth-28-28-28_duplicated-no	500000	525000	25000	38.660000	42.530000	40.515000	1.049735
R004bc2008.D10	metabat2.5	R004bc2008.D10_metabat2.5	Kura Decodifi 1x 150 ng	Acinetobacter baumannii	u87225ctg_len-3248410_circular-no_depth-28-28-28_duplicated-no	525000	550000	25000	41.504000	46.490000	40.515000	1.147476
R004bc2008.D10	metabat2.5	R004bc2008.D10_metabat2.5	Kura Decodifi 1x 150 ng	Acinetobacter baumannii	u87225ctg_len-3248410_circular-no_depth-28-28-28_duplicated-no	550000	575000	25000	38.308000	45.770000	40.515000	1.129705
R004bc2008.D10	metabat2.5	R004bc2008.D10_metabat2.5	Kura Decodifi 1x 150 ng	Acinetobacter baumannii	u87225ctg_len-3248410_circular-no_depth-28-28-28_duplicated-no	575000	600000	25000	39.380000	37.820000	40.515000	0.933481
R004bc2008.D10	metabat2.5	R004bc2008.D10_metabat2.5	Kura Decodifi 1x 150 ng	Acinetobacter baumannii	u87225ctg_len-3248410_circular-no_depth-28-28-28_duplicated-no	600000	625000	25000	39.340000	46.080000	40.515000	1.137357
R004bc2008.D10	metabat2.5	R004bc2008.D10_metabat2.5	Kura Decodifi 1x 150 ng	Acinetobacter baumannii	u87225ctg_len-3248410_circular-no_depth-28-28-28_duplicated-no	625000	650000	25000	40.180000	44.580000	40.515000	1.100333
R004bc2008.D10	metabat2.5	R004bc2008.D10_metabat2.5	Kura Decodifi 1x 150 ng	Acinetobacter baumannii	u87225ctg_len-3248410_circular-no_depth-28-28-28_duplicated-no	650000	675000	25000	38.448000	41.870000	40.515000	1.033444
R004bc2008.D10	metabat2.5	R004bc2008.D10_metabat2.5	Kura Decodifi 1x 150 ng	Acinetobacter baumannii	u87225ctg_len-3248410_circular-no_depth-28-28-28_duplicated-no	675000	700000	25000	41.936000	35.150000	40.515000	0.867580
R004bc2008.D10	metabat2.5	R004bc2008.D10_metabat2.5	Kura Decodifi 1x 150 ng	Acinetobacter baumannii	u87225ctg_len-3248410_circular-no_depth-28-28-28_duplicated-no	700000	725000	25000	35.664000	43.890000	40.515000	1.083302
R004bc2008.D10	metabat2.5	R004bc2008.D10_metabat2.5	Kura Decodifi 1x 150 ng	Acinetobacter baumannii	u87225ctg_len-3248410_circular-no_depth-28-28-28_duplicated-no	725000	750000	25000	37.088000	38.700000	40.515000	0.955202
R004bc2008.D10	metabat2.5	R004bc2008.D10_metabat2.5	Kura Decodifi 1x 150 ng	Acinetobacter baumannii	u87225ctg_len-3248410_circular-no_depth-28-28-28_duplicated-no	750000	775000	25000	40.360000	44.810000	40.515000	1.106010
R004bc2008.D10	metabat2.5	R004bc2008.D10_metabat2.5	Kura Decodifi 1x 150 ng	Acinetobacter baumannii	u87225ctg_len-3248410_circular-no_depth-28-28-28_duplicated-no	775000	800000	25000	41.968000	43.990000	40.515000	1.085771
R004bc2008.D10	metabat2.5	R004bc2008.D10_metabat2.5	Kura Decodifi 1x 150 ng	Acinetobacter baumannii	u87225ctg_len-3248410_circular-no_depth-28-28-28_duplicated-no	800000	825000	25000	38.356000	36.510000	40.515000	0.901148
R004bc2008.D10	metabat2.5	R004bc2008.D10_metabat2.5	Kura Decodifi 1x 150 ng	Acinetobacter baumannii	u87225ctg_len-3248410_circular-no_depth-28-28-28_duplicated-no	825000	850000	25000	38.148000	37.390000	40.515000	0.922868
R004bc2008.D10	metabat2.5	R004bc2008.D10_metabat2.5	Kura Decodifi 1x 150 ng	Acinetobacter baumannii	u87225ctg_len-3248410_circular-no_depth-28-28-28_duplicated-no	850000	875000	25000	39.148000	36.620000	40.515000	0.903863
R004bc2008.D10	metabat2.5	R004bc2008.D10_metabat2.5	Kura Decodifi 1x 150 ng	Acinetobacter baumannii	u87225ctg_len-3248410_circular-no_depth-28-28-28_duplicated-no	875000	900000	25000	37.584000	41.220000	40.515000	1.017401
R004bc2008.D10	metabat2.5	R004bc2008.D10_metabat2.5	Kura Decodifi 1x 150 ng	Acinetobacter baumannii	u87225ctg_len-3248410_circular-no_depth-28-28-28_duplicated-no	900000	925000	25000	38.884000	31.960000	40.515000	0.788844
R004bc2008.D10	metabat2.5	R004bc2008.D10_metabat2.5	Kura Decodifi 1x 150 ng	Acinetobacter baumannii	u87225ctg_len-3248410_circular-no_depth-28-28-28_duplicated-no	925000	950000	25000	38.980000	35.570000	40.515000	0.877946
R004bc2008.D10	metabat2.5	R004bc2008.D10_metabat2.5	Kura Decodifi 1x 150 ng	Acinetobacter baumannii	u87225ctg_len-3248410_circular-no_depth-28-28-28_duplicated-no	950000	975000	25000	39.320000	35.480000	40.515000	0.875725
R004bc2008.D10	metabat2.5	R004bc2008.D10_metabat2.5	Kura Decodifi 1x 150 ng	Acinetobacter baumannii	u87225ctg_len-3248410_circular-no_depth-28-28-28_duplicated-no	975000	1000000	25000	46.836000	41.590000	40.515000	1.026533
R004bc2008.D10	metabat2.5	R004bc2008.D10_metabat2.5	Kura Decodifi 1x 150 ng	Acinetobacter baumannii	u87225ctg_len-3248410_circular-no_depth-28-28-28_duplicated-no	1000000	1025000	25000	36.900000	42.470000	40.515000	1.048254
R004bc2008.D10	metabat2.5	R004bc2008.D10_metabat2.5	Kura Decodifi 1x 150 ng	Acinetobacter baumannii	u87225ctg_len-3248410_circular-no_depth-28-28-28_duplicated-no	1025000	1050000	25000	41.524000	35.200000	40.515000	0.868814
R004bc2008.D10	metabat2.5	R004bc2008.D10_metabat2.5	Kura Decodifi 1x 150 ng	Acinetobacter baumannii	u87225ctg_len-3248410_circular-no_depth-28-28-28_duplicated-no	1050000	1075000	25000	39.516000	34.850000	40.515000	0.860175
R004bc2008.D10	metabat2.5	R004bc2008.D10_metabat2.5	Kura Decodifi 1x 150 ng	Acinetobacter baumannii	u87225ctg_len-3248410_circular-no_depth-28-28-28_duplicated-no	1075000	1100000	25000	40.720000	37.370000	40.515000	0.922374
R004bc2008.D10	metabat2.5	R004bc2008.D10_metabat2.5	Kura Decodifi 1x 150 ng	Acinetobacter baumannii	u87225ctg_len-3248410_circular-no_depth-28-28-28_duplicated-no	1100000	1125000	25000	39.880000	41.200000	40.515000	1.016907
R004bc2008.D10	metabat2.5	R004bc2008.D10_metabat2.5	Kura Decodifi 1x 150 ng	Acinetobacter baumannii	u87225ctg_len-3248410_circular-no_depth-28-28-28_duplicated-no	1125000	1150000	25000	36.860000	39.530000	40.515000	0.975688
R004bc2008.D10	metabat2.5	R004bc2008.D10_metabat2.5	Kura Decodifi 1x 150 ng	Acinetobacter baumannii	u87225ctg_len-3248410_circular-no_depth-28-28-28_duplicated-no	1150000	1175000	25000	39.408000	39.800000	40.515000	0.982352
R004bc2008.D10	metabat2.5	R004bc2008.D10_metabat2.5	Kura Decodifi 1x 150 ng	Acinetobacter baumannii	u87225ctg_len-3248410_circular-no_depth-28-28-28_duplicated-no	1175000	1200000	25000	35.348000	36.500000	40.515000	0.900901
R004bc2008.D10	metabat2.5	R004bc2008.D10_metabat2.5	Kura Decodifi 1x 150 ng	Acinetobacter baumannii	u87225ctg_len-3248410_circular-no_depth-28-28-28_duplicated-no	1200000	1225000	25000	39.216000	33.340000	40.515000	0.822905
R004bc2008.D10	metabat2.5	R004bc2008.D10_metabat2.5	Kura Decodifi 1x 150 ng	Acinetobacter baumannii	u87225ctg_len-3248410_circular-no_depth-28-28-28_duplicated-no	1225000	1250000	25000	40.392000	34.480000	40.515000	0.851043
R004bc2008.D10	metabat2.5	R004bc2008.D10_metabat2.5	Kura Decodifi 1x 150 ng	Acinetobacter baumannii	u87225ctg_len-3248410_circular-no_depth-28-28-28_duplicated-no	1250000	1275000	25000	36.080000	31.030000	40.515000	0.765889
R004bc2008.D10	metabat2.5	R004bc2008.D10_metabat2.5	Kura Decodifi 1x 150 ng	Acinetobacter baumannii	u87225ctg_len-3248410_circular-no_depth-28-28-28_duplicated-no	1275000	1300000	25000	37.520000	37.260000	40.515000	0.919659
R004bc2008.D10	metabat2.5	R004bc2008.D10_metabat2.5	Kura Decodifi 1x 150 ng	Acinetobacter baumannii	u87225ctg_len-3248410_circular-no_depth-28-28-28_duplicated-no	1300000	1325000	25000	38.760000	32.340000	40.515000	0.798223
R004bc2008.D10	metabat2.5	R004bc2008.D10_metabat2.5	Kura Decodifi 1x 150 ng	Acinetobacter baumannii	u87225ctg_len-3248410_circular-no_depth-28-28-28_duplicated-no	1325000	1350000	25000	36.800000	39.340000	40.515000	0.970998
R004bc2008.D10	metabat2.5	R004bc2008.D10_metabat2.5	Kura Decodifi 1x 150 ng	Acinetobacter baumannii	u87225ctg_len-3248410_circular-no_depth-28-28-28_duplicated-no	1350000	1375000	25000	38.632000	33.710000	40.515000	0.832038
R004bc2008.D10	metabat2.5	R004bc2008.D10_metabat2.5	Kura Decodifi 1x 150 ng	Acinetobacter baumannii	u87225ctg_len-3248410_circular-no_depth-28-28-28_duplicated-no	1375000	1400000	25000	38.068000	36.100000	40.515000	0.891028
R004bc2008.D10	metabat2.5	R004bc2008.D10_metabat2.5	Kura Decodifi 1x 150 ng	Acinetobacter baumannii	u87225ctg_len-3248410_circular-no_depth-28-28-28_duplicated-no	1400000	1425000	25000	40.852000	32.980000	40.515000	0.814019
R004bc2008.D10	metabat2.5	R004bc2008.D10_metabat2.5	Kura Decodifi 1x 150 ng	Acinetobacter baumannii	u87225ctg_len-3248410_circular-no_depth-28-28-28_duplicated-no	1425000	1450000	25000	40.304000	32.480000	40.515000	0.801678
R004bc2008.D10	metabat2.5	R004bc2008.D10_metabat2.5	Kura Decodifi 1x 150 ng	Acinetobacter baumannii	u87225ctg_len-3248410_circular-no_depth-28-28-28_duplicated-no	1450000	1475000	25000	39.160000	30.800000	40.515000	0.760212
R004bc2008.D10	metabat2.5	R004bc2008.D10_metabat2.5	Kura Decodifi 1x 150 ng	Acinetobacter baumannii	u87225ctg_len-3248410_circular-no_depth-28-28-28_duplicated-no	1475000	1500000	25000	39.960000	33.520000	40.515000	0.827348
R004bc2008.D10	metabat2.5	R004bc2008.D10_metabat2.5	Kura Decodifi 1x 150 ng	Acinetobacter baumannii	u87225ctg_len-3248410_circular-no_depth-28-28-28_duplicated-no	1500000	1525000	25000	41.084000	30.280000	40.515000	0.747378
R004bc2008.D10	metabat2.5	R004bc2008.D10_metabat2.5	Kura Decodifi 1x 150 ng	Acinetobacter baumannii	u87225ctg_len-3248410_circular-no_depth-28-28-28_duplicated-no	1525000	1550000	25000	39.032000	34.040000	40.515000	0.840183
R004bc2008.D10	metabat2.5	R004bc2008.D10_metabat2.5	Kura Decodifi 1x 150 ng	Acinetobacter baumannii	u87225ctg_len-3248410_circular-no_depth-28-28-28_duplicated-no	1550000	1575000	25000	38.232000	32.510000	40.515000	0.802419
R004bc2008.D10	metabat2.5	R004bc2008.D10_metabat2.5	Kura Decodifi 1x 150 ng	Acinetobacter baumannii	u87225ctg_len-3248410_circular-no_depth-28-28-28_duplicated-no	1575000	1600000	25000	36.416000	36.550000	40.515000	0.902135
R004bc2008.D10	metabat2.5	R004bc2008.D10_metabat2.5	Kura Decodifi 1x 150 ng	Acinetobacter baumannii	u87225ctg_len-3248410_circular-no_depth-28-28-28_duplicated-no	1600000	1625000	25000	35.200000	37.230000	40.515000	0.918919
R004bc2008.D10	metabat2.5	R004bc2008.D10_metabat2.5	Kura Decodifi 1x 150 ng	Acinetobacter baumannii	u87225ctg_len-3248410_circular-no_depth-28-28-28_duplicated-no	1625000	1650000	25000	37.596000	33.570000	40.515000	0.828582
R004bc2008.D10	metabat2.5	R004bc2008.D10_metabat2.5	Kura Decodifi 1x 150 ng	Acinetobacter baumannii	u87225ctg_len-3248410_circular-no_depth-28-28-28_duplicated-no	1650000	1675000	25000	37.520000	32.230000	40.515000	0.795508
R004bc2008.D10	metabat2.5	R004bc2008.D10_metabat2.5	Kura Decodifi 1x 150 ng	Acinetobacter baumannii	u87225ctg_len-3248410_circular-no_depth-28-28-28_duplicated-no	1675000	1700000	25000	37.580000	30.650000	40.515000	0.756510
R004bc2008.D10	metabat2.5	R004bc2008.D10_metabat2.5	Kura Decodifi 1x 150 ng	Acinetobacter baumannii	u87225ctg_len-3248410_circular-no_depth-28-28-28_duplicated-no	1700000	1725000	25000	37.760000	27.630000	40.515000	0.681970
R004bc2008.D10	metabat2.5	R004bc2008.D10_metabat2.5	Kura Decodifi 1x 150 ng	Acinetobacter baumannii	u87225ctg_len-3248410_circular-no_depth-28-28-28_duplicated-no	1725000	1750000	25000	37.124000	29.350000	40.515000	0.724423
R004bc2008.D10	metabat2.5	R004bc2008.D10_metabat2.5	Kura Decodifi 1x 150 ng	Acinetobacter baumannii	u87225ctg_len-3248410_circular-no_depth-28-28-28_duplicated-no	1750000	1775000	25000	36.944000	39.200000	40.515000	0.967543
R004bc2008.D10	metabat2.5	R004bc2008.D10_metabat2.5	Kura Decodifi 1x 150 ng	Acinetobacter baumannii	u87225ctg_len-3248410_circular-no_depth-28-28-28_duplicated-no	1775000	1800000	25000	37.220000	35.620000	40.515000	0.879181
R004bc2008.D10	metabat2.5	R004bc2008.D10_metabat2.5	Kura Decodifi 1x 150 ng	Acinetobacter baumannii	u87225ctg_len-3248410_circular-no_depth-28-28-28_duplicated-no	1800000	1825000	25000	39.828000	30.240000	40.515000	0.746390
R004bc2008.D10	metabat2.5	R004bc2008.D10_metabat2.5	Kura Decodifi 1x 150 ng	Acinetobacter baumannii	u87225ctg_len-3248410_circular-no_depth-28-28-28_duplicated-no	1825000	1850000	25000	36.504000	28.600000	40.515000	0.705911
R004bc2008.D10	metabat2.5	R004bc2008.D10_metabat2.5	Kura Decodifi 1x 150 ng	Acinetobacter baumannii	u87225ctg_len-3248410_circular-no_depth-28-28-28_duplicated-no	1850000	1875000	25000	37.216000	34.210000	40.515000	0.844379
R004bc2008.D10	metabat2.5	R004bc2008.D10_metabat2.5	Kura Decodifi 1x 150 ng	Acinetobacter baumannii	u87225ctg_len-3248410_circular-no_depth-28-28-28_duplicated-no	1875000	1900000	25000	36.324000	35.980000	40.515000	0.888066
R004bc2008.D10	metabat2.5	R004bc2008.D10_metabat2.5	Kura Decodifi 1x 150 ng	Acinetobacter baumannii	u87225ctg_len-3248410_circular-no_depth-28-28-28_duplicated-no	1900000	1925000	25000	36.760000	32.890000	40.515000	0.811798
R004bc2008.D10	metabat2.5	R004bc2008.D10_metabat2.5	Kura Decodifi 1x 150 ng	Acinetobacter baumannii	u87225ctg_len-3248410_circular-no_depth-28-28-28_duplicated-no	1925000	1950000	25000	37.864000	35.190000	40.515000	0.868567
R004bc2008.D10	metabat2.5	R004bc2008.D10_metabat2.5	Kura Decodifi 1x 150 ng	Acinetobacter baumannii	u87225ctg_len-3248410_circular-no_depth-28-28-28_duplicated-no	1950000	1975000	25000	38.868000	37.870000	40.515000	0.934716
R004bc2008.D10	metabat2.5	R004bc2008.D10_metabat2.5	Kura Decodifi 1x 150 ng	Acinetobacter baumannii	u87225ctg_len-3248410_circular-no_depth-28-28-28_duplicated-no	1975000	2000000	25000	39.088000	34.390000	40.515000	0.848821
R004bc2008.D10	metabat2.5	R004bc2008.D10_metabat2.5	Kura Decodifi 1x 150 ng	Acinetobacter baumannii	u87225ctg_len-3248410_circular-no_depth-28-28-28_duplicated-no	2000000	2025000	25000	41.100000	39.910000	40.515000	0.985067
R004bc2008.D10	metabat2.5	R004bc2008.D10_metabat2.5	Kura Decodifi 1x 150 ng	Acinetobacter baumannii	u87225ctg_len-3248410_circular-no_depth-28-28-28_duplicated-no	2025000	2050000	25000	39.048000	31.760000	40.515000	0.783907
R004bc2008.D10	metabat2.5	R004bc2008.D10_metabat2.5	Kura Decodifi 1x 150 ng	Acinetobacter baumannii	u87225ctg_len-3248410_circular-no_depth-28-28-28_duplicated-no	2050000	2075000	25000	40.128000	31.930000	40.515000	0.788103
R004bc2008.D10	metabat2.5	R004bc2008.D10_metabat2.5	Kura Decodifi 1x 150 ng	Acinetobacter baumannii	u87225ctg_len-3248410_circular-no_depth-28-28-28_duplicated-no	2075000	2100000	25000	38.432000	33.120000	40.515000	0.817475
R004bc2008.D10	metabat2.5	R004bc2008.D10_metabat2.5	Kura Decodifi 1x 150 ng	Acinetobacter baumannii	u87225ctg_len-3248410_circular-no_depth-28-28-28_duplicated-no	2100000	2125000	25000	36.660000	32.520000	40.515000	0.802666
R004bc2008.D10	metabat2.5	R004bc2008.D10_metabat2.5	Kura Decodifi 1x 150 ng	Acinetobacter baumannii	u87225ctg_len-3248410_circular-no_depth-28-28-28_duplicated-no	2125000	2150000	25000	35.580000	36.760000	40.515000	0.907318
R004bc2008.D10	metabat2.5	R004bc2008.D10_metabat2.5	Kura Decodifi 1x 150 ng	Acinetobacter baumannii	u87225ctg_len-3248410_circular-no_depth-28-28-28_duplicated-no	2150000	2175000	25000	38.344000	39.080000	40.515000	0.964581
R004bc2008.D10	metabat2.5	R004bc2008.D10_metabat2.5	Kura Decodifi 1x 150 ng	Acinetobacter baumannii	u87225ctg_len-3248410_circular-no_depth-28-28-28_duplicated-no	2175000	2200000	25000	38.712000	35.980000	40.515000	0.888066
R004bc2008.D10	metabat2.5	R004bc2008.D10_metabat2.5	Kura Decodifi 1x 150 ng	Acinetobacter baumannii	u87225ctg_len-3248410_circular-no_depth-28-28-28_duplicated-no	2200000	2225000	25000	39.416000	27.980000	40.515000	0.690608
R004bc2008.D10	metabat2.5	R004bc2008.D10_metabat2.5	Kura Decodifi 1x 150 ng	Acinetobacter baumannii	u87225ctg_len-3248410_circular-no_depth-28-28-28_duplicated-no	2225000	2250000	25000	35.476000	35.430000	40.515000	0.874491
R004bc2008.D10	metabat2.5	R004bc2008.D10_metabat2.5	Kura Decodifi 1x 150 ng	Acinetobacter baumannii	u87225ctg_len-3248410_circular-no_depth-28-28-28_duplicated-no	2250000	2275000	25000	39.584000	34.650000	40.515000	0.855239
R004bc2008.D10	metabat2.5	R004bc2008.D10_metabat2.5	Kura Decodifi 1x 150 ng	Acinetobacter baumannii	u87225ctg_len-3248410_circular-no_depth-28-28-28_duplicated-no	2275000	2300000	25000	37.380000	37.000000	40.515000	0.913242
R004bc2008.D10	metabat2.5	R004bc2008.D10_metabat2.5	Kura Decodifi 1x 150 ng	Acinetobacter baumannii	u87225ctg_len-3248410_circular-no_depth-28-28-28_duplicated-no	2300000	2325000	25000	39.080000	40.390000	40.515000	0.996915
R004bc2008.D10	metabat2.5	R004bc2008.D10_metabat2.5	Kura Decodifi 1x 150 ng	Acinetobacter baumannii	u87225ctg_len-3248410_circular-no_depth-28-28-28_duplicated-no	2325000	2350000	25000	39.144000	37.200000	40.515000	0.918178
R004bc2008.D10	metabat2.5	R004bc2008.D10_metabat2.5	Kura Decodifi 1x 150 ng	Acinetobacter baumannii	u87225ctg_len-3248410_circular-no_depth-28-28-28_duplicated-no	2350000	2375000	25000	37.908000	36.780000	40.515000	0.907812
R004bc2008.D10	metabat2.5	R004bc2008.D10_metabat2.5	Kura Decodifi 1x 150 ng	Acinetobacter baumannii	u87225ctg_len-3248410_circular-no_depth-28-28-28_duplicated-no	2375000	2400000	25000	38.384000	34.290000	40.515000	0.846353
R004bc2008.D10	metabat2.5	R004bc2008.D10_metabat2.5	Kura Decodifi 1x 150 ng	Acinetobacter baumannii	u87225ctg_len-3248410_circular-no_depth-28-28-28_duplicated-no	2400000	2425000	25000	35.580000	35.700000	40.515000	0.881155
R004bc2008.D10	metabat2.5	R004bc2008.D10_metabat2.5	Kura Decodifi 1x 150 ng	Acinetobacter baumannii	u87225ctg_len-3248410_circular-no_depth-28-28-28_duplicated-no	2425000	2450000	25000	38.848000	36.550000	40.515000	0.902135
R004bc2008.D10	metabat2.5	R004bc2008.D10_metabat2.5	Kura Decodifi 1x 150 ng	Acinetobacter baumannii	u87225ctg_len-3248410_circular-no_depth-28-28-28_duplicated-no	2450000	2475000	25000	38.744000	34.980000	40.515000	0.863384
R004bc2008.D10	metabat2.5	R004bc2008.D10_metabat2.5	Kura Decodifi 1x 150 ng	Acinetobacter baumannii	u87225ctg_len-3248410_circular-no_depth-28-28-28_duplicated-no	2475000	2500000	25000	40.452000	40.440000	40.515000	0.998149
R004bc2008.D10	metabat2.5	R004bc2008.D10_metabat2.5	Kura Decodifi 1x 150 ng	Acinetobacter baumannii	u87225ctg_len-3248410_circular-no_depth-28-28-28_duplicated-no	2500000	2525000	25000	39.260000	41.000000	40.515000	1.011971
R004bc2008.D10	metabat2.5	R004bc2008.D10_metabat2.5	Kura Decodifi 1x 150 ng	Acinetobacter baumannii	u87225ctg_len-3248410_circular-no_depth-28-28-28_duplicated-no	2525000	2550000	25000	40.212000	46.630000	40.515000	1.150932
R004bc2008.D10	metabat2.5	R004bc2008.D10_metabat2.5	Kura Decodifi 1x 150 ng	Acinetobacter baumannii	u87225ctg_len-3248410_circular-no_depth-28-28-28_duplicated-no	2550000	2575000	25000	38.664000	41.790000	40.515000	1.031470
R004bc2008.D10	metabat2.5	R004bc2008.D10_metabat2.5	Kura Decodifi 1x 150 ng	Acinetobacter baumannii	u87225ctg_len-3248410_circular-no_depth-28-28-28_duplicated-no	2575000	2600000	25000	38.424000	36.480000	40.515000	0.900407
R004bc2008.D10	metabat2.5	R004bc2008.D10_metabat2.5	Kura Decodifi 1x 150 ng	Acinetobacter baumannii	u87225ctg_len-3248410_circular-no_depth-28-28-28_duplicated-no	2600000	2625000	25000	39.320000	44.840000	40.515000	1.106751
R004bc2008.D10	metabat2.5	R004bc2008.D10_metabat2.5	Kura Decodifi 1x 150 ng	Acinetobacter baumannii	u87225ctg_len-3248410_circular-no_depth-28-28-28_duplicated-no	2625000	2650000	25000	38.992000	41.650000	40.515000	1.028014
R004bc2008.D10	metabat2.5	R004bc2008.D10_metabat2.5	Kura Decodifi 1x 150 ng	Acinetobacter baumannii	u87225ctg_len-3248410_circular-no_depth-28-28-28_duplicated-no	2650000	2675000	25000	38.164000	36.690000	40.515000	0.905591
R004bc2008.D10	metabat2.5	R004bc2008.D10_metabat2.5	Kura Decodifi 1x 150 ng	Acinetobacter baumannii	u87225ctg_len-3248410_circular-no_depth-28-28-28_duplicated-no	2675000	2700000	25000	39.268000	39.140000	40.515000	0.966062
R004bc2008.D10	metabat2.5	R004bc2008.D10_metabat2.5	Kura Decodifi 1x 150 ng	Acinetobacter baumannii	u87225ctg_len-3248410_circular-no_depth-28-28-28_duplicated-no	2700000	2725000	25000	38.544000	41.740000	40.515000	1.030236
R004bc2008.D10	metabat2.5	R004bc2008.D10_metabat2.5	Kura Decodifi 1x 150 ng	Acinetobacter baumannii	u87225ctg_len-3248410_circular-no_depth-28-28-28_duplicated-no	2725000	2750000	25000	38.536000	35.490000	40.515000	0.875972
R004bc2008.D10	metabat2.5	R004bc2008.D10_metabat2.5	Kura Decodifi 1x 150 ng	Acinetobacter baumannii	u87225ctg_len-3248410_circular-no_depth-28-28-28_duplicated-no	2750000	2775000	25000	36.708000	39.060000	40.515000	0.964087
R004bc2008.D10	metabat2.5	R004bc2008.D10_metabat2.5	Kura Decodifi 1x 150 ng	Acinetobacter baumannii	u87225ctg_len-3248410_circular-no_depth-28-28-28_duplicated-no	2775000	2800000	25000	39.392000	35.240000	40.515000	0.869801
R004bc2008.D10	metabat2.5	R004bc2008.D10_metabat2.5	Kura Decodifi 1x 150 ng	Acinetobacter baumannii	u87225ctg_len-3248410_circular-no_depth-28-28-28_duplicated-no	2800000	2825000	25000	38.928000	40.340000	40.515000	0.995681
R004bc2008.D10	metabat2.5	R004bc2008.D10_metabat2.5	Kura Decodifi 1x 150 ng	Acinetobacter baumannii	u87225ctg_len-3248410_circular-no_depth-28-28-28_duplicated-no	2825000	2850000	25000	37.696000	41.640000	40.515000	1.027767
R004bc2008.D10	metabat2.5	R004bc2008.D10_metabat2.5	Kura Decodifi 1x 150 ng	Acinetobacter baumannii	u87225ctg_len-3248410_circular-no_depth-28-28-28_duplicated-no	2850000	2875000	25000	38.860000	39.360000	40.515000	0.971492
R004bc2008.D10	metabat2.5	R004bc2008.D10_metabat2.5	Kura Decodifi 1x 150 ng	Acinetobacter baumannii	u87225ctg_len-3248410_circular-no_depth-28-28-28_duplicated-no	2875000	2900000	25000	37.164000	47.080000	40.515000	1.162039
R004bc2008.D10	metabat2.5	R004bc2008.D10_metabat2.5	Kura Decodifi 1x 150 ng	Acinetobacter baumannii	u87225ctg_len-3248410_circular-no_depth-28-28-28_duplicated-no	2900000	2925000	25000	38.312000	41.050000	40.515000	1.013205
R004bc2008.D10	metabat2.5	R004bc2008.D10_metabat2.5	Kura Decodifi 1x 150 ng	Acinetobacter baumannii	u87225ctg_len-3248410_circular-no_depth-28-28-28_duplicated-no	2925000	2950000	25000	41.352000	34.900000	40.515000	0.861409
R004bc2008.D10	metabat2.5	R004bc2008.D10_metabat2.5	Kura Decodifi 1x 150 ng	Acinetobacter baumannii	u87225ctg_len-3248410_circular-no_depth-28-28-28_duplicated-no	2950000	2975000	25000	42.892000	42.460000	40.515000	1.048007
R004bc2008.D10	metabat2.5	R004bc2008.D10_metabat2.5	Kura Decodifi 1x 150 ng	Acinetobacter baumannii	u87225ctg_len-3248410_circular-no_depth-28-28-28_duplicated-no	2975000	3000000	25000	38.844000	41.740000	40.515000	1.030236
R004bc2008.D10	metabat2.5	R004bc2008.D10_metabat2.5	Kura Decodifi 1x 150 ng	Acinetobacter baumannii	u87225ctg_len-3248410_circular-no_depth-28-28-28_duplicated-no	3000000	3025000	25000	39.172000	44.020000	40.515000	1.086511
R004bc2008.D10	metabat2.5	R004bc2008.D10_metabat2.5	Kura Decodifi 1x 150 ng	Acinetobacter baumannii	u87225ctg_len-3248410_circular-no_depth-28-28-28_duplicated-no	3025000	3050000	25000	38.600000	45.130000	40.515000	1.113908
R004bc2008.D10	metabat2.5	R004bc2008.D10_metabat2.5	Kura Decodifi 1x 150 ng	Acinetobacter baumannii	u87225ctg_len-3248410_circular-no_depth-28-28-28_duplicated-no	3050000	3075000	25000	39.124000	50.070000	40.515000	1.235839
R004bc2008.D10	metabat2.5	R004bc2008.D10_metabat2.5	Kura Decodifi 1x 150 ng	Acinetobacter baumannii	u87225ctg_len-3248410_circular-no_depth-28-28-28_duplicated-no	3075000	3100000	25000	38.512000	46.100000	40.515000	1.137850
R004bc2008.D10	metabat2.5	R004bc2008.D10_metabat2.5	Kura Decodifi 1x 150 ng	Acinetobacter baumannii	u87225ctg_len-3248410_circular-no_depth-28-28-28_duplicated-no	3100000	3125000	25000	39.684000	49.260000	40.515000	1.215846
R004bc2008.D10	metabat2.5	R004bc2008.D10_metabat2.5	Kura Decodifi 1x 150 ng	Acinetobacter baumannii	u87225ctg_len-3248410_circular-no_depth-28-28-28_duplicated-no	3125000	3150000	25000	40.488000	46.130000	40.515000	1.138591
R004bc2008.D10	metabat2.5	R004bc2008.D10_metabat2.5	Kura Decodifi 1x 150 ng	Acinetobacter baumannii	u87225ctg_len-3248410_circular-no_depth-28-28-28_duplicated-no	3150000	3175000	25000	39.088000	50.650000	40.515000	1.250154
R004bc2008.D10	metabat2.5	R004bc2008.D10_metabat2.5	Kura Decodifi 1x 150 ng	Acinetobacter baumannii	u87225ctg_len-3248410_circular-no_depth-28-28-28_duplicated-no	3175000	3200000	25000	38.824000	51.630000	40.515000	1.274343
R004bc2008.D10	metabat2.5	R004bc2008.D10_metabat2.5	Kura Decodifi 1x 150 ng	Acinetobacter baumannii	u87225ctg_len-3248410_circular-no_depth-28-28-28_duplicated-no	3200000	3225000	25000	39.784000	53.110000	40.515000	1.310873
R005bc2008.D10	metabat2.5	R005bc2008.D10_metabat2.5	Kura Decodifi 1x 150 ng (Q)	Enterococcus_B lactis	u46252ctg_len-200141_circular-possibly_depth-21-21-20_duplicated-no	0	25000	25000	39.748000	24.950000	27.810000	0.897159
R005bc2008.D10	metabat2.5	R005bc2008.D10_metabat2.5	Kura Decodifi 1x 150 ng (Q)	Enterococcus_B lactis	u46252ctg_len-200141_circular-possibly_depth-21-21-20_duplicated-no	25000	50000	25000	39.584000	29.530000	27.810000	1.061848
R005bc2008.D10	metabat2.5	R005bc2008.D10_metabat2.5	Kura Decodifi 1x 150 ng (Q)	Enterococcus_B lactis	u46252ctg_len-200141_circular-possibly_depth-21-21-20_duplicated-no	50000	75000	25000	39.856000	30.120000	27.810000	1.083064
R005bc2008.D10	metabat2.5	R005bc2008.D10_metabat2.5	Kura Decodifi 1x 150 ng (Q)	Enterococcus_B lactis	u46252ctg_len-200141_circular-possibly_depth-21-21-20_duplicated-no	75000	100000	25000	34.348000	32.950000	27.810000	1.184826
R005bc2008.D10	metabat2.5	R005bc2008.D10_metabat2.5	Kura Decodifi 1x 150 ng (Q)	Enterococcus_B lactis	u46252ctg_len-200141_circular-possibly_depth-21-21-20_duplicated-no	100000	125000	25000	39.108000	28.230000	27.810000	1.015102
R005bc2008.D10	metabat2.5	R005bc2008.D10_metabat2.5	Kura Decodifi 1x 150 ng (Q)	Enterococcus_B lactis	u46252ctg_len-200141_circular-possibly_depth-21-21-20_duplicated-no	125000	150000	25000	40.040000	28.880000	27.810000	1.038475
R005bc2008.D10	metabat2.5	R005bc2008.D10_metabat2.5	Kura Decodifi 1x 150 ng (Q)	Enterococcus_B lactis	u46252ctg_len-200141_circular-possibly_depth-21-21-20_duplicated-no	150000	175000	25000	40.024000	23.270000	27.810000	0.836749
R005bc2008.D10	metabat2.5	R005bc2008.D10_metabat2.5	Kura Decodifi 1x 150 ng (Q)	Enterococcus_B lactis	u46252ctg_len-200141_circular-possibly_depth-21-21-20_duplicated-no	175000	200000	25000	39.732000	28.380000	27.810000	1.020496
R005bc2008.D10	metabat2.5	R005bc2008.D10_metabat2.5	Kura Decodifi 1x 150 ng (Q)	Enterococcus_B lactis	u68613ctg_len-2389469_circular-no_depth-20-20-20_duplicated-no	0	25000	25000	41.288000	26.620000	27.810000	0.957210
R005bc2008.D10	metabat2.5	R005bc2008.D10_metabat2.5	Kura Decodifi 1x 150 ng (Q)	Enterococcus_B lactis	u68613ctg_len-2389469_circular-no_depth-20-20-20_duplicated-no	25000	50000	25000	37.824000	31.090000	27.810000	1.117943
R005bc2008.D10	metabat2.5	R005bc2008.D10_metabat2.5	Kura Decodifi 1x 150 ng (Q)	Enterococcus_B lactis	u68613ctg_len-2389469_circular-no_depth-20-20-20_duplicated-no	50000	75000	25000	38.772000	33.960000	27.810000	1.221143
R005bc2008.D10	metabat2.5	R005bc2008.D10_metabat2.5	Kura Decodifi 1x 150 ng (Q)	Enterococcus_B lactis	u68613ctg_len-2389469_circular-no_depth-20-20-20_duplicated-no	75000	100000	25000	39.336000	28.380000	27.810000	1.020496
R005bc2008.D10	metabat2.5	R005bc2008.D10_metabat2.5	Kura Decodifi 1x 150 ng (Q)	Enterococcus_B lactis	u68613ctg_len-2389469_circular-no_depth-20-20-20_duplicated-no	100000	125000	25000	38.988000	24.190000	27.810000	0.869831
R005bc2008.D10	metabat2.5	R005bc2008.D10_metabat2.5	Kura Decodifi 1x 150 ng (Q)	Enterococcus_B lactis	u68613ctg_len-2389469_circular-no_depth-20-20-20_duplicated-no	125000	150000	25000	38.536000	32.170000	27.810000	1.156778
R005bc2008.D10	metabat2.5	R005bc2008.D10_metabat2.5	Kura Decodifi 1x 150 ng (Q)	Enterococcus_B lactis	u68613ctg_len-2389469_circular-no_depth-20-20-20_duplicated-no	150000	175000	25000	37.580000	34.380000	27.810000	1.236246
R005bc2008.D10	metabat2.5	R005bc2008.D10_metabat2.5	Kura Decodifi 1x 150 ng (Q)	Enterococcus_B lactis	u68613ctg_len-2389469_circular-no_depth-20-20-20_duplicated-no	175000	200000	25000	38.320000	30.010000	27.810000	1.079108
R005bc2008.D10	metabat2.5	R005bc2008.D10_metabat2.5	Kura Decodifi 1x 150 ng (Q)	Enterococcus_B lactis	u68613ctg_len-2389469_circular-no_depth-20-20-20_duplicated-no	200000	225000	25000	38.236000	26.480000	27.810000	0.952175
R005bc2008.D10	metabat2.5	R005bc2008.D10_metabat2.5	Kura Decodifi 1x 150 ng (Q)	Enterococcus_B lactis	u68613ctg_len-2389469_circular-no_depth-20-20-20_duplicated-no	225000	250000	25000	38.128000	28.640000	27.810000	1.029845
R005bc2008.D10	metabat2.5	R005bc2008.D10_metabat2.5	Kura Decodifi 1x 150 ng (Q)	Enterococcus_B lactis	u68613ctg_len-2389469_circular-no_depth-20-20-20_duplicated-no	250000	275000	25000	38.376000	26.610000	27.810000	0.956850
R005bc2008.D10	metabat2.5	R005bc2008.D10_metabat2.5	Kura Decodifi 1x 150 ng (Q)	Enterococcus_B lactis	u68613ctg_len-2389469_circular-no_depth-20-20-20_duplicated-no	275000	300000	25000	38.384000	28.250000	27.810000	1.015822
R005bc2008.D10	metabat2.5	R005bc2008.D10_metabat2.5	Kura Decodifi 1x 150 ng (Q)	Enterococcus_B lactis	u68613ctg_len-2389469_circular-no_depth-20-20-20_duplicated-no	300000	325000	25000	38.344000	25.410000	27.810000	0.913700
R005bc2008.D10	metabat2.5	R005bc2008.D10_metabat2.5	Kura Decodifi 1x 150 ng (Q)	Enterococcus_B lactis	u68613ctg_len-2389469_circular-no_depth-20-20-20_duplicated-no	325000	350000	25000	37.928000	28.670000	27.810000	1.030924
R005bc2008.D10	metabat2.5	R005bc2008.D10_metabat2.5	Kura Decodifi 1x 150 ng (Q)	Enterococcus_B lactis	u68613ctg_len-2389469_circular-no_depth-20-20-20_duplicated-no	350000	375000	25000	39.224000	28.060000	27.810000	1.008990
R005bc2008.D10	metabat2.5	R005bc2008.D10_metabat2.5	Kura Decodifi 1x 150 ng (Q)	Enterococcus_B lactis	u68613ctg_len-2389469_circular-no_depth-20-20-20_duplicated-no	375000	400000	25000	38.972000	30.570000	27.810000	1.099245
R005bc2008.D10	metabat2.5	R005bc2008.D10_metabat2.5	Kura Decodifi 1x 150 ng (Q)	Enterococcus_B lactis	u68613ctg_len-2389469_circular-no_depth-20-20-20_duplicated-no	400000	425000	25000	38.200000	27.270000	27.810000	0.980583
R005bc2008.D10	metabat2.5	R005bc2008.D10_metabat2.5	Kura Decodifi 1x 150 ng (Q)	Enterococcus_B lactis	u68613ctg_len-2389469_circular-no_depth-20-20-20_duplicated-no	425000	450000	25000	37.188000	26.420000	27.810000	0.950018
R005bc2008.D10	metabat2.5	R005bc2008.D10_metabat2.5	Kura Decodifi 1x 150 ng (Q)	Enterococcus_B lactis	u68613ctg_len-2389469_circular-no_depth-20-20-20_duplicated-no	450000	475000	25000	38.856000	34.800000	27.810000	1.251348
R005bc2008.D10	metabat2.5	R005bc2008.D10_metabat2.5	Kura Decodifi 1x 150 ng (Q)	Enterococcus_B lactis	u68613ctg_len-2389469_circular-no_depth-20-20-20_duplicated-no	475000	500000	25000	38.724000	27.240000	27.810000	0.979504
R005bc2008.D10	metabat2.5	R005bc2008.D10_metabat2.5	Kura Decodifi 1x 150 ng (Q)	Enterococcus_B lactis	u68613ctg_len-2389469_circular-no_depth-20-20-20_duplicated-no	500000	525000	25000	38.008000	24.690000	27.810000	0.887810
R005bc2008.D10	metabat2.5	R005bc2008.D10_metabat2.5	Kura Decodifi 1x 150 ng (Q)	Enterococcus_B lactis	u68613ctg_len-2389469_circular-no_depth-20-20-20_duplicated-no	525000	550000	25000	35.028000	25.490000	27.810000	0.916577
R005bc2008.D10	metabat2.5	R005bc2008.D10_metabat2.5	Kura Decodifi 1x 150 ng (Q)	Enterococcus_B lactis	u68613ctg_len-2389469_circular-no_depth-20-20-20_duplicated-no	550000	575000	25000	36.388000	27.420000	27.810000	0.985976
R005bc2008.D10	metabat2.5	R005bc2008.D10_metabat2.5	Kura Decodifi 1x 150 ng (Q)	Enterococcus_B lactis	u68613ctg_len-2389469_circular-no_depth-20-20-20_duplicated-no	575000	600000	25000	39.308000	27.150000	27.810000	0.976268
R005bc2008.D10	metabat2.5	R005bc2008.D10_metabat2.5	Kura Decodifi 1x 150 ng (Q)	Enterococcus_B lactis	u68613ctg_len-2389469_circular-no_depth-20-20-20_duplicated-no	600000	625000	25000	38.856000	25.830000	27.810000	0.928803
R005bc2008.D10	metabat2.5	R005bc2008.D10_metabat2.5	Kura Decodifi 1x 150 ng (Q)	Enterococcus_B lactis	u68613ctg_len-2389469_circular-no_depth-20-20-20_duplicated-no	625000	650000	25000	40.300000	28.070000	27.810000	1.009349
R005bc2008.D10	metabat2.5	R005bc2008.D10_metabat2.5	Kura Decodifi 1x 150 ng (Q)	Enterococcus_B lactis	u68613ctg_len-2389469_circular-no_depth-20-20-20_duplicated-no	650000	675000	25000	38.544000	30.280000	27.810000	1.088817
R005bc2008.D10	metabat2.5	R005bc2008.D10_metabat2.5	Kura Decodifi 1x 150 ng (Q)	Enterococcus_B lactis	u68613ctg_len-2389469_circular-no_depth-20-20-20_duplicated-no	675000	700000	25000	38.760000	28.770000	27.810000	1.034520
R005bc2008.D10	metabat2.5	R005bc2008.D10_metabat2.5	Kura Decodifi 1x 150 ng (Q)	Enterococcus_B lactis	u68613ctg_len-2389469_circular-no_depth-20-20-20_duplicated-no	700000	725000	25000	38.236000	23.080000	27.810000	0.829917
R005bc2008.D10	metabat2.5	R005bc2008.D10_metabat2.5	Kura Decodifi 1x 150 ng (Q)	Enterococcus_B lactis	u68613ctg_len-2389469_circular-no_depth-20-20-20_duplicated-no	725000	750000	25000	38.192000	25.620000	27.810000	0.921251
R005bc2008.D10	metabat2.5	R005bc2008.D10_metabat2.5	Kura Decodifi 1x 150 ng (Q)	Enterococcus_B lactis	u68613ctg_len-2389469_circular-no_depth-20-20-20_duplicated-no	750000	775000	25000	38.384000	26.990000	27.810000	0.970514
R005bc2008.D10	metabat2.5	R005bc2008.D10_metabat2.5	Kura Decodifi 1x 150 ng (Q)	Enterococcus_B lactis	u68613ctg_len-2389469_circular-no_depth-20-20-20_duplicated-no	775000	800000	25000	39.876000	29.700000	27.810000	1.067961
R005bc2008.D10	metabat2.5	R005bc2008.D10_metabat2.5	Kura Decodifi 1x 150 ng (Q)	Enterococcus_B lactis	u68613ctg_len-2389469_circular-no_depth-20-20-20_duplicated-no	800000	825000	25000	39.276000	25.000000	27.810000	0.898957
R005bc2008.D10	metabat2.5	R005bc2008.D10_metabat2.5	Kura Decodifi 1x 150 ng (Q)	Enterococcus_B lactis	u68613ctg_len-2389469_circular-no_depth-20-20-20_duplicated-no	825000	850000	25000	38.136000	25.580000	27.810000	0.919813
R005bc2008.D10	metabat2.5	R005bc2008.D10_metabat2.5	Kura Decodifi 1x 150 ng (Q)	Enterococcus_B lactis	u68613ctg_len-2389469_circular-no_depth-20-20-20_duplicated-no	850000	875000	25000	37.140000	26.080000	27.810000	0.937792
R005bc2008.D10	metabat2.5	R005bc2008.D10_metabat2.5	Kura Decodifi 1x 150 ng (Q)	Enterococcus_B lactis	u68613ctg_len-2389469_circular-no_depth-20-20-20_duplicated-no	875000	900000	25000	39.048000	30.610000	27.810000	1.100683
R005bc2008.D10	metabat2.5	R005bc2008.D10_metabat2.5	Kura Decodifi 1x 150 ng (Q)	Enterococcus_B lactis	u68613ctg_len-2389469_circular-no_depth-20-20-20_duplicated-no	900000	925000	25000	38.792000	25.090000	27.810000	0.902193
R005bc2008.D10	metabat2.5	R005bc2008.D10_metabat2.5	Kura Decodifi 1x 150 ng (Q)	Enterococcus_B lactis	u68613ctg_len-2389469_circular-no_depth-20-20-20_duplicated-no	925000	950000	25000	39.332000	24.030000	27.810000	0.864078
R005bc2008.D10	metabat2.5	R005bc2008.D10_metabat2.5	Kura Decodifi 1x 150 ng (Q)	Enterococcus_B lactis	u68613ctg_len-2389469_circular-no_depth-20-20-20_duplicated-no	950000	975000	25000	37.704000	25.390000	27.810000	0.912981
R005bc2008.D10	metabat2.5	R005bc2008.D10_metabat2.5	Kura Decodifi 1x 150 ng (Q)	Enterococcus_B lactis	u68613ctg_len-2389469_circular-no_depth-20-20-20_duplicated-no	975000	1000000	25000	37.080000	30.670000	27.810000	1.102841
R005bc2008.D10	metabat2.5	R005bc2008.D10_metabat2.5	Kura Decodifi 1x 150 ng (Q)	Enterococcus_B lactis	u68613ctg_len-2389469_circular-no_depth-20-20-20_duplicated-no	1000000	1025000	25000	37.484000	28.080000	27.810000	1.009709
R005bc2008.D10	metabat2.5	R005bc2008.D10_metabat2.5	Kura Decodifi 1x 150 ng (Q)	Enterococcus_B lactis	u68613ctg_len-2389469_circular-no_depth-20-20-20_duplicated-no	1025000	1050000	25000	37.276000	26.480000	27.810000	0.952175
R005bc2008.D10	metabat2.5	R005bc2008.D10_metabat2.5	Kura Decodifi 1x 150 ng (Q)	Enterococcus_B lactis	u68613ctg_len-2389469_circular-no_depth-20-20-20_duplicated-no	1050000	1075000	25000	37.316000	25.890000	27.810000	0.930960
R005bc2008.D10	metabat2.5	R005bc2008.D10_metabat2.5	Kura Decodifi 1x 150 ng (Q)	Enterococcus_B lactis	u68613ctg_len-2389469_circular-no_depth-20-20-20_duplicated-no	1075000	1100000	25000	36.444000	28.490000	27.810000	1.024452
R005bc2008.D10	metabat2.5	R005bc2008.D10_metabat2.5	Kura Decodifi 1x 150 ng (Q)	Enterococcus_B lactis	u68613ctg_len-2389469_circular-no_depth-20-20-20_duplicated-no	1100000	1125000	25000	34.556000	23.330000	27.810000	0.838907
R005bc2008.D10	metabat2.5	R005bc2008.D10_metabat2.5	Kura Decodifi 1x 150 ng (Q)	Enterococcus_B lactis	u68613ctg_len-2389469_circular-no_depth-20-20-20_duplicated-no	1125000	1150000	25000	39.576000	21.260000	27.810000	0.764473
R005bc2008.D10	metabat2.5	R005bc2008.D10_metabat2.5	Kura Decodifi 1x 150 ng (Q)	Enterococcus_B lactis	u68613ctg_len-2389469_circular-no_depth-20-20-20_duplicated-no	1150000	1175000	25000	39.636000	24.080000	27.810000	0.865876
R005bc2008.D10	metabat2.5	R005bc2008.D10_metabat2.5	Kura Decodifi 1x 150 ng (Q)	Enterococcus_B lactis	u68613ctg_len-2389469_circular-no_depth-20-20-20_duplicated-no	1175000	1200000	25000	40.068000	22.100000	27.810000	0.794678
R005bc2008.D10	metabat2.5	R005bc2008.D10_metabat2.5	Kura Decodifi 1x 150 ng (Q)	Enterococcus_B lactis	u68613ctg_len-2389469_circular-no_depth-20-20-20_duplicated-no	1200000	1225000	25000	38.892000	21.180000	27.810000	0.761597
R005bc2008.D10	metabat2.5	R005bc2008.D10_metabat2.5	Kura Decodifi 1x 150 ng (Q)	Enterococcus_B lactis	u68613ctg_len-2389469_circular-no_depth-20-20-20_duplicated-no	1225000	1250000	25000	38.688000	25.380000	27.810000	0.912621
R005bc2008.D10	metabat2.5	R005bc2008.D10_metabat2.5	Kura Decodifi 1x 150 ng (Q)	Enterococcus_B lactis	u68613ctg_len-2389469_circular-no_depth-20-20-20_duplicated-no	1250000	1275000	25000	33.856000	26.480000	27.810000	0.952175
R005bc2008.D10	metabat2.5	R005bc2008.D10_metabat2.5	Kura Decodifi 1x 150 ng (Q)	Enterococcus_B lactis	u68613ctg_len-2389469_circular-no_depth-20-20-20_duplicated-no	1275000	1300000	25000	39.340000	23.780000	27.810000	0.855088
R005bc2008.D10	metabat2.5	R005bc2008.D10_metabat2.5	Kura Decodifi 1x 150 ng (Q)	Enterococcus_B lactis	u68613ctg_len-2389469_circular-no_depth-20-20-20_duplicated-no	1300000	1325000	25000	38.676000	26.170000	27.810000	0.941028
R005bc2008.D10	metabat2.5	R005bc2008.D10_metabat2.5	Kura Decodifi 1x 150 ng (Q)	Enterococcus_B lactis	u68613ctg_len-2389469_circular-no_depth-20-20-20_duplicated-no	1325000	1350000	25000	35.796000	26.340000	27.810000	0.947141
R005bc2008.D10	metabat2.5	R005bc2008.D10_metabat2.5	Kura Decodifi 1x 150 ng (Q)	Enterococcus_B lactis	u68613ctg_len-2389469_circular-no_depth-20-20-20_duplicated-no	1350000	1375000	25000	36.080000	30.970000	27.810000	1.113628
R005bc2008.D10	metabat2.5	R005bc2008.D10_metabat2.5	Kura Decodifi 1x 150 ng (Q)	Enterococcus_B lactis	u68613ctg_len-2389469_circular-no_depth-20-20-20_duplicated-no	1375000	1400000	25000	36.156000	29.730000	27.810000	1.069040
R005bc2008.D10	metabat2.5	R005bc2008.D10_metabat2.5	Kura Decodifi 1x 150 ng (Q)	Enterococcus_B lactis	u68613ctg_len-2389469_circular-no_depth-20-20-20_duplicated-no	1400000	1425000	25000	37.916000	30.160000	27.810000	1.084502
R005bc2008.D10	metabat2.5	R005bc2008.D10_metabat2.5	Kura Decodifi 1x 150 ng (Q)	Enterococcus_B lactis	u68613ctg_len-2389469_circular-no_depth-20-20-20_duplicated-no	1425000	1450000	25000	39.048000	23.640000	27.810000	0.850054
R005bc2008.D10	metabat2.5	R005bc2008.D10_metabat2.5	Kura Decodifi 1x 150 ng (Q)	Enterococcus_B lactis	u68613ctg_len-2389469_circular-no_depth-20-20-20_duplicated-no	1450000	1475000	25000	35.876000	24.590000	27.810000	0.884214
R005bc2008.D10	metabat2.5	R005bc2008.D10_metabat2.5	Kura Decodifi 1x 150 ng (Q)	Enterococcus_B lactis	u68613ctg_len-2389469_circular-no_depth-20-20-20_duplicated-no	1475000	1500000	25000	39.692000	24.490000	27.810000	0.880618
R005bc2008.D10	metabat2.5	R005bc2008.D10_metabat2.5	Kura Decodifi 1x 150 ng (Q)	Enterococcus_B lactis	u68613ctg_len-2389469_circular-no_depth-20-20-20_duplicated-no	1500000	1525000	25000	38.468000	27.970000	27.810000	1.005753
R005bc2008.D10	metabat2.5	R005bc2008.D10_metabat2.5	Kura Decodifi 1x 150 ng (Q)	Enterococcus_B lactis	u68613ctg_len-2389469_circular-no_depth-20-20-20_duplicated-no	1525000	1550000	25000	39.072000	20.800000	27.810000	0.747932
R005bc2008.D10	metabat2.5	R005bc2008.D10_metabat2.5	Kura Decodifi 1x 150 ng (Q)	Enterococcus_B lactis	u68613ctg_len-2389469_circular-no_depth-20-20-20_duplicated-no	1550000	1575000	25000	39.248000	23.390000	27.810000	0.841064
R005bc2008.D10	metabat2.5	R005bc2008.D10_metabat2.5	Kura Decodifi 1x 150 ng (Q)	Enterococcus_B lactis	u68613ctg_len-2389469_circular-no_depth-20-20-20_duplicated-no	1575000	1600000	25000	38.472000	25.250000	27.810000	0.907947
R005bc2008.D10	metabat2.5	R005bc2008.D10_metabat2.5	Kura Decodifi 1x 150 ng (Q)	Enterococcus_B lactis	u68613ctg_len-2389469_circular-no_depth-20-20-20_duplicated-no	1600000	1625000	25000	37.696000	30.960000	27.810000	1.113269
R005bc2008.D10	metabat2.5	R005bc2008.D10_metabat2.5	Kura Decodifi 1x 150 ng (Q)	Enterococcus_B lactis	u68613ctg_len-2389469_circular-no_depth-20-20-20_duplicated-no	1625000	1650000	25000	38.072000	29.050000	27.810000	1.044588
R005bc2008.D10	metabat2.5	R005bc2008.D10_metabat2.5	Kura Decodifi 1x 150 ng (Q)	Enterococcus_B lactis	u68613ctg_len-2389469_circular-no_depth-20-20-20_duplicated-no	1650000	1675000	25000	35.512000	24.600000	27.810000	0.884574
R005bc2008.D10	metabat2.5	R005bc2008.D10_metabat2.5	Kura Decodifi 1x 150 ng (Q)	Enterococcus_B lactis	u68613ctg_len-2389469_circular-no_depth-20-20-20_duplicated-no	1675000	1700000	25000	38.496000	24.880000	27.810000	0.894642
R005bc2008.D10	metabat2.5	R005bc2008.D10_metabat2.5	Kura Decodifi 1x 150 ng (Q)	Enterococcus_B lactis	u68613ctg_len-2389469_circular-no_depth-20-20-20_duplicated-no	1700000	1725000	25000	38.400000	28.390000	27.810000	1.020856
R005bc2008.D10	metabat2.5	R005bc2008.D10_metabat2.5	Kura Decodifi 1x 150 ng (Q)	Enterococcus_B lactis	u68613ctg_len-2389469_circular-no_depth-20-20-20_duplicated-no	1725000	1750000	25000	38.284000	30.920000	27.810000	1.111830
R005bc2008.D10	metabat2.5	R005bc2008.D10_metabat2.5	Kura Decodifi 1x 150 ng (Q)	Enterococcus_B lactis	u68613ctg_len-2389469_circular-no_depth-20-20-20_duplicated-no	1750000	1775000	25000	34.712000	31.890000	27.810000	1.146710
R005bc2008.D10	metabat2.5	R005bc2008.D10_metabat2.5	Kura Decodifi 1x 150 ng (Q)	Enterococcus_B lactis	u68613ctg_len-2389469_circular-no_depth-20-20-20_duplicated-no	1775000	1800000	25000	38.152000	27.810000	27.810000	1.000000
R005bc2008.D10	metabat2.5	R005bc2008.D10_metabat2.5	Kura Decodifi 1x 150 ng (Q)	Enterococcus_B lactis	u68613ctg_len-2389469_circular-no_depth-20-20-20_duplicated-no	1800000	1825000	25000	39.056000	31.150000	27.810000	1.120101
R005bc2008.D10	metabat2.5	R005bc2008.D10_metabat2.5	Kura Decodifi 1x 150 ng (Q)	Enterococcus_B lactis	u68613ctg_len-2389469_circular-no_depth-20-20-20_duplicated-no	1825000	1850000	25000	38.964000	31.820000	27.810000	1.144193
R005bc2008.D10	metabat2.5	R005bc2008.D10_metabat2.5	Kura Decodifi 1x 150 ng (Q)	Enterococcus_B lactis	u68613ctg_len-2389469_circular-no_depth-20-20-20_duplicated-no	1850000	1875000	25000	38.980000	28.980000	27.810000	1.042071
R005bc2008.D10	metabat2.5	R005bc2008.D10_metabat2.5	Kura Decodifi 1x 150 ng (Q)	Enterococcus_B lactis	u68613ctg_len-2389469_circular-no_depth-20-20-20_duplicated-no	1875000	1900000	25000	40.704000	30.020000	27.810000	1.079468
R005bc2008.D10	metabat2.5	R005bc2008.D10_metabat2.5	Kura Decodifi 1x 150 ng (Q)	Enterococcus_B lactis	u68613ctg_len-2389469_circular-no_depth-20-20-20_duplicated-no	1900000	1925000	25000	37.872000	29.910000	27.810000	1.075512
R005bc2008.D10	metabat2.5	R005bc2008.D10_metabat2.5	Kura Decodifi 1x 150 ng (Q)	Enterococcus_B lactis	u68613ctg_len-2389469_circular-no_depth-20-20-20_duplicated-no	1925000	1950000	25000	37.812000	28.610000	27.810000	1.028767
R005bc2008.D10	metabat2.5	R005bc2008.D10_metabat2.5	Kura Decodifi 1x 150 ng (Q)	Enterococcus_B lactis	u68613ctg_len-2389469_circular-no_depth-20-20-20_duplicated-no	1950000	1975000	25000	39.200000	29.340000	27.810000	1.055016
R005bc2008.D10	metabat2.5	R005bc2008.D10_metabat2.5	Kura Decodifi 1x 150 ng (Q)	Enterococcus_B lactis	u68613ctg_len-2389469_circular-no_depth-20-20-20_duplicated-no	1975000	2000000	25000	39.368000	29.690000	27.810000	1.067602
R005bc2008.D10	metabat2.5	R005bc2008.D10_metabat2.5	Kura Decodifi 1x 150 ng (Q)	Enterococcus_B lactis	u68613ctg_len-2389469_circular-no_depth-20-20-20_duplicated-no	2000000	2025000	25000	38.024000	28.250000	27.810000	1.015822
R005bc2008.D10	metabat2.5	R005bc2008.D10_metabat2.5	Kura Decodifi 1x 150 ng (Q)	Enterococcus_B lactis	u68613ctg_len-2389469_circular-no_depth-20-20-20_duplicated-no	2025000	2050000	25000	38.020000	29.500000	27.810000	1.060770
R005bc2008.D10	metabat2.5	R005bc2008.D10_metabat2.5	Kura Decodifi 1x 150 ng (Q)	Enterococcus_B lactis	u68613ctg_len-2389469_circular-no_depth-20-20-20_duplicated-no	2050000	2075000	25000	36.808000	22.680000	27.810000	0.815534
R005bc2008.D10	metabat2.5	R005bc2008.D10_metabat2.5	Kura Decodifi 1x 150 ng (Q)	Enterococcus_B lactis	u68613ctg_len-2389469_circular-no_depth-20-20-20_duplicated-no	2075000	2100000	25000	38.188000	31.330000	27.810000	1.126573
R005bc2008.D10	metabat2.5	R005bc2008.D10_metabat2.5	Kura Decodifi 1x 150 ng (Q)	Enterococcus_B lactis	u68613ctg_len-2389469_circular-no_depth-20-20-20_duplicated-no	2100000	2125000	25000	40.060000	25.990000	27.810000	0.934556
R005bc2008.D10	metabat2.5	R005bc2008.D10_metabat2.5	Kura Decodifi 1x 150 ng (Q)	Enterococcus_B lactis	u68613ctg_len-2389469_circular-no_depth-20-20-20_duplicated-no	2125000	2150000	25000	39.844000	23.400000	27.810000	0.841424
R005bc2008.D10	metabat2.5	R005bc2008.D10_metabat2.5	Kura Decodifi 1x 150 ng (Q)	Enterococcus_B lactis	u68613ctg_len-2389469_circular-no_depth-20-20-20_duplicated-no	2150000	2175000	25000	39.624000	25.340000	27.810000	0.911183
R005bc2008.D10	metabat2.5	R005bc2008.D10_metabat2.5	Kura Decodifi 1x 150 ng (Q)	Enterococcus_B lactis	u68613ctg_len-2389469_circular-no_depth-20-20-20_duplicated-no	2175000	2200000	25000	36.808000	24.220000	27.810000	0.870910
R005bc2008.D10	metabat2.5	R005bc2008.D10_metabat2.5	Kura Decodifi 1x 150 ng (Q)	Enterococcus_B lactis	u68613ctg_len-2389469_circular-no_depth-20-20-20_duplicated-no	2200000	2225000	25000	38.852000	30.950000	27.810000	1.112909
R005bc2008.D10	metabat2.5	R005bc2008.D10_metabat2.5	Kura Decodifi 1x 150 ng (Q)	Enterococcus_B lactis	u68613ctg_len-2389469_circular-no_depth-20-20-20_duplicated-no	2225000	2250000	25000	38.152000	27.590000	27.810000	0.992089
R005bc2008.D10	metabat2.5	R005bc2008.D10_metabat2.5	Kura Decodifi 1x 150 ng (Q)	Enterococcus_B lactis	u68613ctg_len-2389469_circular-no_depth-20-20-20_duplicated-no	2250000	2275000	25000	39.736000	28.060000	27.810000	1.008990
R005bc2008.D10	metabat2.5	R005bc2008.D10_metabat2.5	Kura Decodifi 1x 150 ng (Q)	Enterococcus_B lactis	u68613ctg_len-2389469_circular-no_depth-20-20-20_duplicated-no	2275000	2300000	25000	40.092000	34.140000	27.810000	1.227616
R005bc2008.D10	metabat2.5	R005bc2008.D10_metabat2.5	Kura Decodifi 1x 150 ng (Q)	Enterococcus_B lactis	u68613ctg_len-2389469_circular-no_depth-20-20-20_duplicated-no	2300000	2325000	25000	37.848000	25.810000	27.810000	0.928083
R005bc2008.D10	metabat2.5	R005bc2008.D10_metabat2.5	Kura Decodifi 1x 150 ng (Q)	Enterococcus_B lactis	u68613ctg_len-2389469_circular-no_depth-20-20-20_duplicated-no	2325000	2350000	25000	37.444000	30.290000	27.810000	1.089177
R005bc2008.D10	metabat2.5	R005bc2008.D10_metabat2.5	Kura Decodifi 1x 150 ng (Q)	Enterococcus_B lactis	u68613ctg_len-2389469_circular-no_depth-20-20-20_duplicated-no	2350000	2375000	25000	38.728000	30.080000	27.810000	1.081625
R005bc2008.D10	metabat2.6	R005bc2008.D10_metabat2.6	Kura Decodifi 1x 150 ng (Q)	Acinetobacter baumannii	u37618ctg_len-3246470_circular-no_depth-24-24-24_duplicated-no	0	25000	25000	41.884000	41.290000	35.610000	1.159506
R005bc2008.D10	metabat2.6	R005bc2008.D10_metabat2.6	Kura Decodifi 1x 150 ng (Q)	Acinetobacter baumannii	u37618ctg_len-3246470_circular-no_depth-24-24-24_duplicated-no	25000	50000	25000	40.044000	42.980000	35.610000	1.206964
R005bc2008.D10	metabat2.6	R005bc2008.D10_metabat2.6	Kura Decodifi 1x 150 ng (Q)	Acinetobacter baumannii	u37618ctg_len-3246470_circular-no_depth-24-24-24_duplicated-no	50000	75000	25000	38.352000	39.900000	35.610000	1.120472
R005bc2008.D10	metabat2.6	R005bc2008.D10_metabat2.6	Kura Decodifi 1x 150 ng (Q)	Acinetobacter baumannii	u37618ctg_len-3246470_circular-no_depth-24-24-24_duplicated-no	75000	100000	25000	39.744000	44.090000	35.610000	1.238135
R005bc2008.D10	metabat2.6	R005bc2008.D10_metabat2.6	Kura Decodifi 1x 150 ng (Q)	Acinetobacter baumannii	u37618ctg_len-3246470_circular-no_depth-24-24-24_duplicated-no	100000	125000	25000	40.372000	37.390000	35.610000	1.049986
R005bc2008.D10	metabat2.6	R005bc2008.D10_metabat2.6	Kura Decodifi 1x 150 ng (Q)	Acinetobacter baumannii	u37618ctg_len-3246470_circular-no_depth-24-24-24_duplicated-no	125000	150000	25000	39.552000	43.180000	35.610000	1.212581
R005bc2008.D10	metabat2.6	R005bc2008.D10_metabat2.6	Kura Decodifi 1x 150 ng (Q)	Acinetobacter baumannii	u37618ctg_len-3246470_circular-no_depth-24-24-24_duplicated-no	150000	175000	25000	38.008000	44.330000	35.610000	1.244875
R005bc2008.D10	metabat2.6	R005bc2008.D10_metabat2.6	Kura Decodifi 1x 150 ng (Q)	Acinetobacter baumannii	u37618ctg_len-3246470_circular-no_depth-24-24-24_duplicated-no	175000	200000	25000	39.800000	40.370000	35.610000	1.133670
R005bc2008.D10	metabat2.6	R005bc2008.D10_metabat2.6	Kura Decodifi 1x 150 ng (Q)	Acinetobacter baumannii	u37618ctg_len-3246470_circular-no_depth-24-24-24_duplicated-no	200000	225000	25000	38.340000	37.270000	35.610000	1.046616
R005bc2008.D10	metabat2.6	R005bc2008.D10_metabat2.6	Kura Decodifi 1x 150 ng (Q)	Acinetobacter baumannii	u37618ctg_len-3246470_circular-no_depth-24-24-24_duplicated-no	225000	250000	25000	39.228000	34.600000	35.610000	0.971637
R005bc2008.D10	metabat2.6	R005bc2008.D10_metabat2.6	Kura Decodifi 1x 150 ng (Q)	Acinetobacter baumannii	u37618ctg_len-3246470_circular-no_depth-24-24-24_duplicated-no	250000	275000	25000	39.092000	36.600000	35.610000	1.027801
R005bc2008.D10	metabat2.6	R005bc2008.D10_metabat2.6	Kura Decodifi 1x 150 ng (Q)	Acinetobacter baumannii	u37618ctg_len-3246470_circular-no_depth-24-24-24_duplicated-no	275000	300000	25000	43.864000	29.970000	35.610000	0.841618
R005bc2008.D10	metabat2.6	R005bc2008.D10_metabat2.6	Kura Decodifi 1x 150 ng (Q)	Acinetobacter baumannii	u37618ctg_len-3246470_circular-no_depth-24-24-24_duplicated-no	300000	325000	25000	40.176000	36.050000	35.610000	1.012356
R005bc2008.D10	metabat2.6	R005bc2008.D10_metabat2.6	Kura Decodifi 1x 150 ng (Q)	Acinetobacter baumannii	u37618ctg_len-3246470_circular-no_depth-24-24-24_duplicated-no	325000	350000	25000	37.852000	35.580000	35.610000	0.999158
R005bc2008.D10	metabat2.6	R005bc2008.D10_metabat2.6	Kura Decodifi 1x 150 ng (Q)	Acinetobacter baumannii	u37618ctg_len-3246470_circular-no_depth-24-24-24_duplicated-no	350000	375000	25000	36.192000	32.770000	35.610000	0.920247
R005bc2008.D10	metabat2.6	R005bc2008.D10_metabat2.6	Kura Decodifi 1x 150 ng (Q)	Acinetobacter baumannii	u37618ctg_len-3246470_circular-no_depth-24-24-24_duplicated-no	375000	400000	25000	40.264000	37.190000	35.610000	1.044370
R005bc2008.D10	metabat2.6	R005bc2008.D10_metabat2.6	Kura Decodifi 1x 150 ng (Q)	Acinetobacter baumannii	u37618ctg_len-3246470_circular-no_depth-24-24-24_duplicated-no	400000	425000	25000	37.692000	34.470000	35.610000	0.967987
R005bc2008.D10	metabat2.6	R005bc2008.D10_metabat2.6	Kura Decodifi 1x 150 ng (Q)	Acinetobacter baumannii	u37618ctg_len-3246470_circular-no_depth-24-24-24_duplicated-no	425000	450000	25000	38.708000	36.660000	35.610000	1.029486
R005bc2008.D10	metabat2.6	R005bc2008.D10_metabat2.6	Kura Decodifi 1x 150 ng (Q)	Acinetobacter baumannii	u37618ctg_len-3246470_circular-no_depth-24-24-24_duplicated-no	450000	475000	25000	39.444000	36.860000	35.610000	1.035102
R005bc2008.D10	metabat2.6	R005bc2008.D10_metabat2.6	Kura Decodifi 1x 150 ng (Q)	Acinetobacter baumannii	u37618ctg_len-3246470_circular-no_depth-24-24-24_duplicated-no	475000	500000	25000	36.796000	40.900000	35.610000	1.148554
R005bc2008.D10	metabat2.6	R005bc2008.D10_metabat2.6	Kura Decodifi 1x 150 ng (Q)	Acinetobacter baumannii	u37618ctg_len-3246470_circular-no_depth-24-24-24_duplicated-no	500000	525000	25000	38.192000	35.770000	35.610000	1.004493
R005bc2008.D10	metabat2.6	R005bc2008.D10_metabat2.6	Kura Decodifi 1x 150 ng (Q)	Acinetobacter baumannii	u37618ctg_len-3246470_circular-no_depth-24-24-24_duplicated-no	525000	550000	25000	38.600000	38.690000	35.610000	1.086493
R005bc2008.D10	metabat2.6	R005bc2008.D10_metabat2.6	Kura Decodifi 1x 150 ng (Q)	Acinetobacter baumannii	u37618ctg_len-3246470_circular-no_depth-24-24-24_duplicated-no	550000	575000	25000	39.332000	38.020000	35.610000	1.067678
R005bc2008.D10	metabat2.6	R005bc2008.D10_metabat2.6	Kura Decodifi 1x 150 ng (Q)	Acinetobacter baumannii	u37618ctg_len-3246470_circular-no_depth-24-24-24_duplicated-no	575000	600000	25000	38.160000	32.760000	35.610000	0.919966
R005bc2008.D10	metabat2.6	R005bc2008.D10_metabat2.6	Kura Decodifi 1x 150 ng (Q)	Acinetobacter baumannii	u37618ctg_len-3246470_circular-no_depth-24-24-24_duplicated-no	600000	625000	25000	39.260000	30.590000	35.610000	0.859028
R005bc2008.D10	metabat2.6	R005bc2008.D10_metabat2.6	Kura Decodifi 1x 150 ng (Q)	Acinetobacter baumannii	u37618ctg_len-3246470_circular-no_depth-24-24-24_duplicated-no	625000	650000	25000	39.208000	31.780000	35.610000	0.892446
R005bc2008.D10	metabat2.6	R005bc2008.D10_metabat2.6	Kura Decodifi 1x 150 ng (Q)	Acinetobacter baumannii	u37618ctg_len-3246470_circular-no_depth-24-24-24_duplicated-no	650000	675000	25000	38.636000	33.980000	35.610000	0.954226
R005bc2008.D10	metabat2.6	R005bc2008.D10_metabat2.6	Kura Decodifi 1x 150 ng (Q)	Acinetobacter baumannii	u37618ctg_len-3246470_circular-no_depth-24-24-24_duplicated-no	675000	700000	25000	38.584000	30.110000	35.610000	0.845549
R005bc2008.D10	metabat2.6	R005bc2008.D10_metabat2.6	Kura Decodifi 1x 150 ng (Q)	Acinetobacter baumannii	u37618ctg_len-3246470_circular-no_depth-24-24-24_duplicated-no	700000	725000	25000	40.220000	27.760000	35.610000	0.779556
R005bc2008.D10	metabat2.6	R005bc2008.D10_metabat2.6	Kura Decodifi 1x 150 ng (Q)	Acinetobacter baumannii	u37618ctg_len-3246470_circular-no_depth-24-24-24_duplicated-no	725000	750000	25000	39.604000	31.690000	35.610000	0.889919
R005bc2008.D10	metabat2.6	R005bc2008.D10_metabat2.6	Kura Decodifi 1x 150 ng (Q)	Acinetobacter baumannii	u37618ctg_len-3246470_circular-no_depth-24-24-24_duplicated-no	750000	775000	25000	40.208000	36.390000	35.610000	1.021904
R005bc2008.D10	metabat2.6	R005bc2008.D10_metabat2.6	Kura Decodifi 1x 150 ng (Q)	Acinetobacter baumannii	u37618ctg_len-3246470_circular-no_depth-24-24-24_duplicated-no	775000	800000	25000	38.596000	32.620000	35.610000	0.916035
R005bc2008.D10	metabat2.6	R005bc2008.D10_metabat2.6	Kura Decodifi 1x 150 ng (Q)	Acinetobacter baumannii	u37618ctg_len-3246470_circular-no_depth-24-24-24_duplicated-no	800000	825000	25000	38.892000	35.640000	35.610000	1.000842
R005bc2008.D10	metabat2.6	R005bc2008.D10_metabat2.6	Kura Decodifi 1x 150 ng (Q)	Acinetobacter baumannii	u37618ctg_len-3246470_circular-no_depth-24-24-24_duplicated-no	825000	850000	25000	35.012000	32.040000	35.610000	0.899747
R005bc2008.D10	metabat2.6	R005bc2008.D10_metabat2.6	Kura Decodifi 1x 150 ng (Q)	Acinetobacter baumannii	u37618ctg_len-3246470_circular-no_depth-24-24-24_duplicated-no	850000	875000	25000	38.420000	30.340000	35.610000	0.852008
R005bc2008.D10	metabat2.6	R005bc2008.D10_metabat2.6	Kura Decodifi 1x 150 ng (Q)	Acinetobacter baumannii	u37618ctg_len-3246470_circular-no_depth-24-24-24_duplicated-no	875000	900000	25000	38.508000	37.430000	35.610000	1.051109
R005bc2008.D10	metabat2.6	R005bc2008.D10_metabat2.6	Kura Decodifi 1x 150 ng (Q)	Acinetobacter baumannii	u37618ctg_len-3246470_circular-no_depth-24-24-24_duplicated-no	900000	925000	25000	39.148000	35.770000	35.610000	1.004493
R005bc2008.D10	metabat2.6	R005bc2008.D10_metabat2.6	Kura Decodifi 1x 150 ng (Q)	Acinetobacter baumannii	u37618ctg_len-3246470_circular-no_depth-24-24-24_duplicated-no	925000	950000	25000	38.948000	33.690000	35.610000	0.946083
R005bc2008.D10	metabat2.6	R005bc2008.D10_metabat2.6	Kura Decodifi 1x 150 ng (Q)	Acinetobacter baumannii	u37618ctg_len-3246470_circular-no_depth-24-24-24_duplicated-no	950000	975000	25000	37.696000	41.020000	35.610000	1.151924
R005bc2008.D10	metabat2.6	R005bc2008.D10_metabat2.6	Kura Decodifi 1x 150 ng (Q)	Acinetobacter baumannii	u37618ctg_len-3246470_circular-no_depth-24-24-24_duplicated-no	975000	1000000	25000	38.808000	32.820000	35.610000	0.921651
R005bc2008.D10	metabat2.6	R005bc2008.D10_metabat2.6	Kura Decodifi 1x 150 ng (Q)	Acinetobacter baumannii	u37618ctg_len-3246470_circular-no_depth-24-24-24_duplicated-no	1000000	1025000	25000	35.968000	28.370000	35.610000	0.796686
R005bc2008.D10	metabat2.6	R005bc2008.D10_metabat2.6	Kura Decodifi 1x 150 ng (Q)	Acinetobacter baumannii	u37618ctg_len-3246470_circular-no_depth-24-24-24_duplicated-no	1025000	1050000	25000	38.636000	33.230000	35.610000	0.933165
R005bc2008.D10	metabat2.6	R005bc2008.D10_metabat2.6	Kura Decodifi 1x 150 ng (Q)	Acinetobacter baumannii	u37618ctg_len-3246470_circular-no_depth-24-24-24_duplicated-no	1050000	1075000	25000	39.544000	27.150000	35.610000	0.762426
R005bc2008.D10	metabat2.6	R005bc2008.D10_metabat2.6	Kura Decodifi 1x 150 ng (Q)	Acinetobacter baumannii	u37618ctg_len-3246470_circular-no_depth-24-24-24_duplicated-no	1075000	1100000	25000	37.992000	28.750000	35.610000	0.807357
R005bc2008.D10	metabat2.6	R005bc2008.D10_metabat2.6	Kura Decodifi 1x 150 ng (Q)	Acinetobacter baumannii	u37618ctg_len-3246470_circular-no_depth-24-24-24_duplicated-no	1100000	1125000	25000	34.848000	34.790000	35.610000	0.976973
R005bc2008.D10	metabat2.6	R005bc2008.D10_metabat2.6	Kura Decodifi 1x 150 ng (Q)	Acinetobacter baumannii	u37618ctg_len-3246470_circular-no_depth-24-24-24_duplicated-no	1125000	1150000	25000	37.300000	25.040000	35.610000	0.703173
R005bc2008.D10	metabat2.6	R005bc2008.D10_metabat2.6	Kura Decodifi 1x 150 ng (Q)	Acinetobacter baumannii	u37618ctg_len-3246470_circular-no_depth-24-24-24_duplicated-no	1150000	1175000	25000	38.892000	31.500000	35.610000	0.884583
R005bc2008.D10	metabat2.6	R005bc2008.D10_metabat2.6	Kura Decodifi 1x 150 ng (Q)	Acinetobacter baumannii	u37618ctg_len-3246470_circular-no_depth-24-24-24_duplicated-no	1175000	1200000	25000	40.304000	32.680000	35.610000	0.917720
R005bc2008.D10	metabat2.6	R005bc2008.D10_metabat2.6	Kura Decodifi 1x 150 ng (Q)	Acinetobacter baumannii	u37618ctg_len-3246470_circular-no_depth-24-24-24_duplicated-no	1200000	1225000	25000	38.852000	28.140000	35.610000	0.790227
R005bc2008.D10	metabat2.6	R005bc2008.D10_metabat2.6	Kura Decodifi 1x 150 ng (Q)	Acinetobacter baumannii	u37618ctg_len-3246470_circular-no_depth-24-24-24_duplicated-no	1225000	1250000	25000	41.128000	26.890000	35.610000	0.755125
R005bc2008.D10	metabat2.6	R005bc2008.D10_metabat2.6	Kura Decodifi 1x 150 ng (Q)	Acinetobacter baumannii	u37618ctg_len-3246470_circular-no_depth-24-24-24_duplicated-no	1250000	1275000	25000	38.684000	28.340000	35.610000	0.795844
R005bc2008.D10	metabat2.6	R005bc2008.D10_metabat2.6	Kura Decodifi 1x 150 ng (Q)	Acinetobacter baumannii	u37618ctg_len-3246470_circular-no_depth-24-24-24_duplicated-no	1275000	1300000	25000	39.172000	27.820000	35.610000	0.781241
R005bc2008.D10	metabat2.6	R005bc2008.D10_metabat2.6	Kura Decodifi 1x 150 ng (Q)	Acinetobacter baumannii	u37618ctg_len-3246470_circular-no_depth-24-24-24_duplicated-no	1300000	1325000	25000	37.220000	29.500000	35.610000	0.828419
R005bc2008.D10	metabat2.6	R005bc2008.D10_metabat2.6	Kura Decodifi 1x 150 ng (Q)	Acinetobacter baumannii	u37618ctg_len-3246470_circular-no_depth-24-24-24_duplicated-no	1325000	1350000	25000	37.248000	29.870000	35.610000	0.838809
R005bc2008.D10	metabat2.6	R005bc2008.D10_metabat2.6	Kura Decodifi 1x 150 ng (Q)	Acinetobacter baumannii	u37618ctg_len-3246470_circular-no_depth-24-24-24_duplicated-no	1350000	1375000	25000	36.036000	32.200000	35.610000	0.904240
R005bc2008.D10	metabat2.6	R005bc2008.D10_metabat2.6	Kura Decodifi 1x 150 ng (Q)	Acinetobacter baumannii	u37618ctg_len-3246470_circular-no_depth-24-24-24_duplicated-no	1375000	1400000	25000	38.288000	24.710000	35.610000	0.693906
R005bc2008.D10	metabat2.6	R005bc2008.D10_metabat2.6	Kura Decodifi 1x 150 ng (Q)	Acinetobacter baumannii	u37618ctg_len-3246470_circular-no_depth-24-24-24_duplicated-no	1400000	1425000	25000	35.744000	29.750000	35.610000	0.835439
R005bc2008.D10	metabat2.6	R005bc2008.D10_metabat2.6	Kura Decodifi 1x 150 ng (Q)	Acinetobacter baumannii	u37618ctg_len-3246470_circular-no_depth-24-24-24_duplicated-no	1425000	1450000	25000	40.548000	32.920000	35.610000	0.924459
R005bc2008.D10	metabat2.6	R005bc2008.D10_metabat2.6	Kura Decodifi 1x 150 ng (Q)	Acinetobacter baumannii	u37618ctg_len-3246470_circular-no_depth-24-24-24_duplicated-no	1450000	1475000	25000	36.532000	34.390000	35.610000	0.965740
R005bc2008.D10	metabat2.6	R005bc2008.D10_metabat2.6	Kura Decodifi 1x 150 ng (Q)	Acinetobacter baumannii	u37618ctg_len-3246470_circular-no_depth-24-24-24_duplicated-no	1475000	1500000	25000	36.860000	33.090000	35.610000	0.929233
R005bc2008.D10	metabat2.6	R005bc2008.D10_metabat2.6	Kura Decodifi 1x 150 ng (Q)	Acinetobacter baumannii	u37618ctg_len-3246470_circular-no_depth-24-24-24_duplicated-no	1500000	1525000	25000	37.308000	30.310000	35.610000	0.851165
R005bc2008.D10	metabat2.6	R005bc2008.D10_metabat2.6	Kura Decodifi 1x 150 ng (Q)	Acinetobacter baumannii	u37618ctg_len-3246470_circular-no_depth-24-24-24_duplicated-no	1525000	1550000	25000	37.716000	26.260000	35.610000	0.737433
R005bc2008.D10	metabat2.6	R005bc2008.D10_metabat2.6	Kura Decodifi 1x 150 ng (Q)	Acinetobacter baumannii	u37618ctg_len-3246470_circular-no_depth-24-24-24_duplicated-no	1550000	1575000	25000	37.424000	28.850000	35.610000	0.810166
R005bc2008.D10	metabat2.6	R005bc2008.D10_metabat2.6	Kura Decodifi 1x 150 ng (Q)	Acinetobacter baumannii	u37618ctg_len-3246470_circular-no_depth-24-24-24_duplicated-no	1575000	1600000	25000	37.504000	30.660000	35.610000	0.860994
R005bc2008.D10	metabat2.6	R005bc2008.D10_metabat2.6	Kura Decodifi 1x 150 ng (Q)	Acinetobacter baumannii	u37618ctg_len-3246470_circular-no_depth-24-24-24_duplicated-no	1600000	1625000	25000	37.900000	25.960000	35.610000	0.729009
R005bc2008.D10	metabat2.6	R005bc2008.D10_metabat2.6	Kura Decodifi 1x 150 ng (Q)	Acinetobacter baumannii	u37618ctg_len-3246470_circular-no_depth-24-24-24_duplicated-no	1625000	1650000	25000	34.480000	26.940000	35.610000	0.756529
R005bc2008.D10	metabat2.6	R005bc2008.D10_metabat2.6	Kura Decodifi 1x 150 ng (Q)	Acinetobacter baumannii	u37618ctg_len-3246470_circular-no_depth-24-24-24_duplicated-no	1650000	1675000	25000	36.736000	36.450000	35.610000	1.023589
R005bc2008.D10	metabat2.6	R005bc2008.D10_metabat2.6	Kura Decodifi 1x 150 ng (Q)	Acinetobacter baumannii	u37618ctg_len-3246470_circular-no_depth-24-24-24_duplicated-no	1675000	1700000	25000	38.856000	30.200000	35.610000	0.848076
R005bc2008.D10	metabat2.6	R005bc2008.D10_metabat2.6	Kura Decodifi 1x 150 ng (Q)	Acinetobacter baumannii	u37618ctg_len-3246470_circular-no_depth-24-24-24_duplicated-no	1700000	1725000	25000	38.860000	22.600000	35.610000	0.634653
R005bc2008.D10	metabat2.6	R005bc2008.D10_metabat2.6	Kura Decodifi 1x 150 ng (Q)	Acinetobacter baumannii	u37618ctg_len-3246470_circular-no_depth-24-24-24_duplicated-no	1725000	1750000	25000	41.020000	28.130000	35.610000	0.789947
R005bc2008.D10	metabat2.6	R005bc2008.D10_metabat2.6	Kura Decodifi 1x 150 ng (Q)	Acinetobacter baumannii	u37618ctg_len-3246470_circular-no_depth-24-24-24_duplicated-no	1750000	1775000	25000	39.560000	29.140000	35.610000	0.818309
R005bc2008.D10	metabat2.6	R005bc2008.D10_metabat2.6	Kura Decodifi 1x 150 ng (Q)	Acinetobacter baumannii	u37618ctg_len-3246470_circular-no_depth-24-24-24_duplicated-no	1775000	1800000	25000	39.784000	29.540000	35.610000	0.829542
R005bc2008.D10	metabat2.6	R005bc2008.D10_metabat2.6	Kura Decodifi 1x 150 ng (Q)	Acinetobacter baumannii	u37618ctg_len-3246470_circular-no_depth-24-24-24_duplicated-no	1800000	1825000	25000	40.276000	26.860000	35.610000	0.754283
R005bc2008.D10	metabat2.6	R005bc2008.D10_metabat2.6	Kura Decodifi 1x 150 ng (Q)	Acinetobacter baumannii	u37618ctg_len-3246470_circular-no_depth-24-24-24_duplicated-no	1825000	1850000	25000	40.892000	31.290000	35.610000	0.878686
R005bc2008.D10	metabat2.6	R005bc2008.D10_metabat2.6	Kura Decodifi 1x 150 ng (Q)	Acinetobacter baumannii	u37618ctg_len-3246470_circular-no_depth-24-24-24_duplicated-no	1850000	1875000	25000	37.964000	26.860000	35.610000	0.754283
R005bc2008.D10	metabat2.6	R005bc2008.D10_metabat2.6	Kura Decodifi 1x 150 ng (Q)	Acinetobacter baumannii	u37618ctg_len-3246470_circular-no_depth-24-24-24_duplicated-no	1875000	1900000	25000	38.544000	28.090000	35.610000	0.788823
R005bc2008.D10	metabat2.6	R005bc2008.D10_metabat2.6	Kura Decodifi 1x 150 ng (Q)	Acinetobacter baumannii	u37618ctg_len-3246470_circular-no_depth-24-24-24_duplicated-no	1900000	1925000	25000	37.028000	26.430000	35.610000	0.742207
R005bc2008.D10	metabat2.6	R005bc2008.D10_metabat2.6	Kura Decodifi 1x 150 ng (Q)	Acinetobacter baumannii	u37618ctg_len-3246470_circular-no_depth-24-24-24_duplicated-no	1925000	1950000	25000	38.236000	27.240000	35.610000	0.764954
R005bc2008.D10	metabat2.6	R005bc2008.D10_metabat2.6	Kura Decodifi 1x 150 ng (Q)	Acinetobacter baumannii	u37618ctg_len-3246470_circular-no_depth-24-24-24_duplicated-no	1950000	1975000	25000	37.672000	30.410000	35.610000	0.853974
R005bc2008.D10	metabat2.6	R005bc2008.D10_metabat2.6	Kura Decodifi 1x 150 ng (Q)	Acinetobacter baumannii	u37618ctg_len-3246470_circular-no_depth-24-24-24_duplicated-no	1975000	2000000	25000	36.184000	23.590000	35.610000	0.662454
R005bc2008.D10	metabat2.6	R005bc2008.D10_metabat2.6	Kura Decodifi 1x 150 ng (Q)	Acinetobacter baumannii	u37618ctg_len-3246470_circular-no_depth-24-24-24_duplicated-no	2000000	2025000	25000	40.904000	30.350000	35.610000	0.852289
R005bc2008.D10	metabat2.6	R005bc2008.D10_metabat2.6	Kura Decodifi 1x 150 ng (Q)	Acinetobacter baumannii	u37618ctg_len-3246470_circular-no_depth-24-24-24_duplicated-no	2025000	2050000	25000	37.864000	36.330000	35.610000	1.020219
R005bc2008.D10	metabat2.6	R005bc2008.D10_metabat2.6	Kura Decodifi 1x 150 ng (Q)	Acinetobacter baumannii	u37618ctg_len-3246470_circular-no_depth-24-24-24_duplicated-no	2050000	2075000	25000	36.596000	29.680000	35.610000	0.833474
R005bc2008.D10	metabat2.6	R005bc2008.D10_metabat2.6	Kura Decodifi 1x 150 ng (Q)	Acinetobacter baumannii	u37618ctg_len-3246470_circular-no_depth-24-24-24_duplicated-no	2075000	2100000	25000	38.120000	35.990000	35.610000	1.010671
R005bc2008.D10	metabat2.6	R005bc2008.D10_metabat2.6	Kura Decodifi 1x 150 ng (Q)	Acinetobacter baumannii	u37618ctg_len-3246470_circular-no_depth-24-24-24_duplicated-no	2100000	2125000	25000	37.800000	31.050000	35.610000	0.871946
R005bc2008.D10	metabat2.6	R005bc2008.D10_metabat2.6	Kura Decodifi 1x 150 ng (Q)	Acinetobacter baumannii	u37618ctg_len-3246470_circular-no_depth-24-24-24_duplicated-no	2125000	2150000	25000	40.208000	29.570000	35.610000	0.830385
R005bc2008.D10	metabat2.6	R005bc2008.D10_metabat2.6	Kura Decodifi 1x 150 ng (Q)	Acinetobacter baumannii	u37618ctg_len-3246470_circular-no_depth-24-24-24_duplicated-no	2150000	2175000	25000	40.400000	27.550000	35.610000	0.773659
R005bc2008.D10	metabat2.6	R005bc2008.D10_metabat2.6	Kura Decodifi 1x 150 ng (Q)	Acinetobacter baumannii	u37618ctg_len-3246470_circular-no_depth-24-24-24_duplicated-no	2175000	2200000	25000	39.520000	27.630000	35.610000	0.775906
R005bc2008.D10	metabat2.6	R005bc2008.D10_metabat2.6	Kura Decodifi 1x 150 ng (Q)	Acinetobacter baumannii	u37618ctg_len-3246470_circular-no_depth-24-24-24_duplicated-no	2200000	2225000	25000	41.452000	29.010000	35.610000	0.814659
R005bc2008.D10	metabat2.6	R005bc2008.D10_metabat2.6	Kura Decodifi 1x 150 ng (Q)	Acinetobacter baumannii	u37618ctg_len-3246470_circular-no_depth-24-24-24_duplicated-no	2225000	2250000	25000	36.112000	38.440000	35.610000	1.079472
R005bc2008.D10	metabat2.6	R005bc2008.D10_metabat2.6	Kura Decodifi 1x 150 ng (Q)	Acinetobacter baumannii	u37618ctg_len-3246470_circular-no_depth-24-24-24_duplicated-no	2250000	2275000	25000	47.964000	29.980000	35.610000	0.841898
R005bc2008.D10	metabat2.6	R005bc2008.D10_metabat2.6	Kura Decodifi 1x 150 ng (Q)	Acinetobacter baumannii	u37618ctg_len-3246470_circular-no_depth-24-24-24_duplicated-no	2275000	2300000	25000	38.932000	28.710000	35.610000	0.806234
R005bc2008.D10	metabat2.6	R005bc2008.D10_metabat2.6	Kura Decodifi 1x 150 ng (Q)	Acinetobacter baumannii	u37618ctg_len-3246470_circular-no_depth-24-24-24_duplicated-no	2300000	2325000	25000	38.024000	32.080000	35.610000	0.900871
R005bc2008.D10	metabat2.6	R005bc2008.D10_metabat2.6	Kura Decodifi 1x 150 ng (Q)	Acinetobacter baumannii	u37618ctg_len-3246470_circular-no_depth-24-24-24_duplicated-no	2325000	2350000	25000	40.088000	37.140000	35.610000	1.042965
R005bc2008.D10	metabat2.6	R005bc2008.D10_metabat2.6	Kura Decodifi 1x 150 ng (Q)	Acinetobacter baumannii	u37618ctg_len-3246470_circular-no_depth-24-24-24_duplicated-no	2350000	2375000	25000	36.992000	31.080000	35.610000	0.872789
R005bc2008.D10	metabat2.6	R005bc2008.D10_metabat2.6	Kura Decodifi 1x 150 ng (Q)	Acinetobacter baumannii	u37618ctg_len-3246470_circular-no_depth-24-24-24_duplicated-no	2375000	2400000	25000	39.824000	32.770000	35.610000	0.920247
R005bc2008.D10	metabat2.6	R005bc2008.D10_metabat2.6	Kura Decodifi 1x 150 ng (Q)	Acinetobacter baumannii	u37618ctg_len-3246470_circular-no_depth-24-24-24_duplicated-no	2400000	2425000	25000	37.608000	34.080000	35.610000	0.957035
R005bc2008.D10	metabat2.6	R005bc2008.D10_metabat2.6	Kura Decodifi 1x 150 ng (Q)	Acinetobacter baumannii	u37618ctg_len-3246470_circular-no_depth-24-24-24_duplicated-no	2425000	2450000	25000	38.972000	35.100000	35.610000	0.985678
R005bc2008.D10	metabat2.6	R005bc2008.D10_metabat2.6	Kura Decodifi 1x 150 ng (Q)	Acinetobacter baumannii	u37618ctg_len-3246470_circular-no_depth-24-24-24_duplicated-no	2450000	2475000	25000	41.964000	36.210000	35.610000	1.016849
R005bc2008.D10	metabat2.6	R005bc2008.D10_metabat2.6	Kura Decodifi 1x 150 ng (Q)	Acinetobacter baumannii	u37618ctg_len-3246470_circular-no_depth-24-24-24_duplicated-no	2475000	2500000	25000	39.888000	39.760000	35.610000	1.116540
R005bc2008.D10	metabat2.6	R005bc2008.D10_metabat2.6	Kura Decodifi 1x 150 ng (Q)	Acinetobacter baumannii	u37618ctg_len-3246470_circular-no_depth-24-24-24_duplicated-no	2500000	2525000	25000	36.584000	33.900000	35.610000	0.951980
R005bc2008.D10	metabat2.6	R005bc2008.D10_metabat2.6	Kura Decodifi 1x 150 ng (Q)	Acinetobacter baumannii	u37618ctg_len-3246470_circular-no_depth-24-24-24_duplicated-no	2525000	2550000	25000	36.384000	40.010000	35.610000	1.123561
R005bc2008.D10	metabat2.6	R005bc2008.D10_metabat2.6	Kura Decodifi 1x 150 ng (Q)	Acinetobacter baumannii	u37618ctg_len-3246470_circular-no_depth-24-24-24_duplicated-no	2550000	2575000	25000	41.864000	36.730000	35.610000	1.031452
R005bc2008.D10	metabat2.6	R005bc2008.D10_metabat2.6	Kura Decodifi 1x 150 ng (Q)	Acinetobacter baumannii	u37618ctg_len-3246470_circular-no_depth-24-24-24_duplicated-no	2575000	2600000	25000	38.824000	35.370000	35.610000	0.993260
R005bc2008.D10	metabat2.6	R005bc2008.D10_metabat2.6	Kura Decodifi 1x 150 ng (Q)	Acinetobacter baumannii	u37618ctg_len-3246470_circular-no_depth-24-24-24_duplicated-no	2600000	2625000	25000	39.804000	40.640000	35.610000	1.141252
R005bc2008.D10	metabat2.6	R005bc2008.D10_metabat2.6	Kura Decodifi 1x 150 ng (Q)	Acinetobacter baumannii	u37618ctg_len-3246470_circular-no_depth-24-24-24_duplicated-no	2625000	2650000	25000	39.476000	34.670000	35.610000	0.973603
R005bc2008.D10	metabat2.6	R005bc2008.D10_metabat2.6	Kura Decodifi 1x 150 ng (Q)	Acinetobacter baumannii	u37618ctg_len-3246470_circular-no_depth-24-24-24_duplicated-no	2650000	2675000	25000	39.156000	32.680000	35.610000	0.917720
R005bc2008.D10	metabat2.6	R005bc2008.D10_metabat2.6	Kura Decodifi 1x 150 ng (Q)	Acinetobacter baumannii	u37618ctg_len-3246470_circular-no_depth-24-24-24_duplicated-no	2675000	2700000	25000	38.424000	35.180000	35.610000	0.987925
R005bc2008.D10	metabat2.6	R005bc2008.D10_metabat2.6	Kura Decodifi 1x 150 ng (Q)	Acinetobacter baumannii	u37618ctg_len-3246470_circular-no_depth-24-24-24_duplicated-no	2700000	2725000	25000	41.848000	38.810000	35.610000	1.089862
R005bc2008.D10	metabat2.6	R005bc2008.D10_metabat2.6	Kura Decodifi 1x 150 ng (Q)	Acinetobacter baumannii	u37618ctg_len-3246470_circular-no_depth-24-24-24_duplicated-no	2725000	2750000	25000	38.212000	38.510000	35.610000	1.081438
R005bc2008.D10	metabat2.6	R005bc2008.D10_metabat2.6	Kura Decodifi 1x 150 ng (Q)	Acinetobacter baumannii	u37618ctg_len-3246470_circular-no_depth-24-24-24_duplicated-no	2750000	2775000	25000	40.336000	42.410000	35.610000	1.190958
R005bc2008.D10	metabat2.6	R005bc2008.D10_metabat2.6	Kura Decodifi 1x 150 ng (Q)	Acinetobacter baumannii	u37618ctg_len-3246470_circular-no_depth-24-24-24_duplicated-no	2775000	2800000	25000	39.884000	35.150000	35.610000	0.987082
R005bc2008.D10	metabat2.6	R005bc2008.D10_metabat2.6	Kura Decodifi 1x 150 ng (Q)	Acinetobacter baumannii	u37618ctg_len-3246470_circular-no_depth-24-24-24_duplicated-no	2800000	2825000	25000	39.088000	40.080000	35.610000	1.125527
R005bc2008.D10	metabat2.6	R005bc2008.D10_metabat2.6	Kura Decodifi 1x 150 ng (Q)	Acinetobacter baumannii	u37618ctg_len-3246470_circular-no_depth-24-24-24_duplicated-no	2825000	2850000	25000	39.840000	37.190000	35.610000	1.044370
R005bc2008.D10	metabat2.6	R005bc2008.D10_metabat2.6	Kura Decodifi 1x 150 ng (Q)	Acinetobacter baumannii	u37618ctg_len-3246470_circular-no_depth-24-24-24_duplicated-no	2850000	2875000	25000	39.516000	51.550000	35.610000	1.447627
R005bc2008.D10	metabat2.6	R005bc2008.D10_metabat2.6	Kura Decodifi 1x 150 ng (Q)	Acinetobacter baumannii	u37618ctg_len-3246470_circular-no_depth-24-24-24_duplicated-no	2875000	2900000	25000	40.492000	46.520000	35.610000	1.306375
R005bc2008.D10	metabat2.6	R005bc2008.D10_metabat2.6	Kura Decodifi 1x 150 ng (Q)	Acinetobacter baumannii	u37618ctg_len-3246470_circular-no_depth-24-24-24_duplicated-no	2900000	2925000	25000	41.460000	43.440000	35.610000	1.219882
R005bc2008.D10	metabat2.6	R005bc2008.D10_metabat2.6	Kura Decodifi 1x 150 ng (Q)	Acinetobacter baumannii	u37618ctg_len-3246470_circular-no_depth-24-24-24_duplicated-no	2925000	2950000	25000	39.640000	42.070000	35.610000	1.181410
R005bc2008.D10	metabat2.6	R005bc2008.D10_metabat2.6	Kura Decodifi 1x 150 ng (Q)	Acinetobacter baumannii	u37618ctg_len-3246470_circular-no_depth-24-24-24_duplicated-no	2950000	2975000	25000	39.076000	42.030000	35.610000	1.180286
R005bc2008.D10	metabat2.6	R005bc2008.D10_metabat2.6	Kura Decodifi 1x 150 ng (Q)	Acinetobacter baumannii	u37618ctg_len-3246470_circular-no_depth-24-24-24_duplicated-no	2975000	3000000	25000	39.852000	43.330000	35.610000	1.216793
R005bc2008.D10	metabat2.6	R005bc2008.D10_metabat2.6	Kura Decodifi 1x 150 ng (Q)	Acinetobacter baumannii	u37618ctg_len-3246470_circular-no_depth-24-24-24_duplicated-no	3000000	3025000	25000	39.984000	49.340000	35.610000	1.385566
R005bc2008.D10	metabat2.6	R005bc2008.D10_metabat2.6	Kura Decodifi 1x 150 ng (Q)	Acinetobacter baumannii	u37618ctg_len-3246470_circular-no_depth-24-24-24_duplicated-no	3025000	3050000	25000	40.384000	42.810000	35.610000	1.202190
R005bc2008.D10	metabat2.6	R005bc2008.D10_metabat2.6	Kura Decodifi 1x 150 ng (Q)	Acinetobacter baumannii	u37618ctg_len-3246470_circular-no_depth-24-24-24_duplicated-no	3050000	3075000	25000	41.012000	50.210000	35.610000	1.409997
R005bc2008.D10	metabat2.6	R005bc2008.D10_metabat2.6	Kura Decodifi 1x 150 ng (Q)	Acinetobacter baumannii	u37618ctg_len-3246470_circular-no_depth-24-24-24_duplicated-no	3075000	3100000	25000	41.752000	46.060000	35.610000	1.293457
R005bc2008.D10	metabat2.6	R005bc2008.D10_metabat2.6	Kura Decodifi 1x 150 ng (Q)	Acinetobacter baumannii	u37618ctg_len-3246470_circular-no_depth-24-24-24_duplicated-no	3100000	3125000	25000	39.912000	49.050000	35.610000	1.377422
R005bc2008.D10	metabat2.6	R005bc2008.D10_metabat2.6	Kura Decodifi 1x 150 ng (Q)	Acinetobacter baumannii	u37618ctg_len-3246470_circular-no_depth-24-24-24_duplicated-no	3125000	3150000	25000	39.484000	42.700000	35.610000	1.199101
R005bc2008.D10	metabat2.6	R005bc2008.D10_metabat2.6	Kura Decodifi 1x 150 ng (Q)	Acinetobacter baumannii	u37618ctg_len-3246470_circular-no_depth-24-24-24_duplicated-no	3150000	3175000	25000	39.692000	45.610000	35.610000	1.280820
R005bc2008.D10	metabat2.6	R005bc2008.D10_metabat2.6	Kura Decodifi 1x 150 ng (Q)	Acinetobacter baumannii	u37618ctg_len-3246470_circular-no_depth-24-24-24_duplicated-no	3175000	3200000	25000	40.888000	47.150000	35.610000	1.324066
R005bc2008.D10	metabat2.6	R005bc2008.D10_metabat2.6	Kura Decodifi 1x 150 ng (Q)	Acinetobacter baumannii	u37618ctg_len-3246470_circular-no_depth-24-24-24_duplicated-no	3200000	3225000	25000	40.480000	55.740000	35.610000	1.565291
R005bc2008.D10	metabat2.6	R005bc2008.D10_metabat2.6	Kura Decodifi 1x 150 ng (Q)	Acinetobacter baumannii	u44246ctg_len-65151_circular-no_depth-37-37-37_duplicated-no	0	25000	25000	39.868000	39.370000	35.610000	1.105588
R005bc2008.D10	metabat2.6	R005bc2008.D10_metabat2.6	Kura Decodifi 1x 150 ng (Q)	Acinetobacter baumannii	u44246ctg_len-65151_circular-no_depth-37-37-37_duplicated-no	25000	50000	25000	39.416000	54.970000	35.610000	1.543668
R005bc2008.D10	metabat2.6	R005bc2008.D10_metabat2.6	Kura Decodifi 1x 150 ng (Q)	Acinetobacter baumannii	u61633ctg_len-215275_circular-no_depth-34-34-34_duplicated-no	0	25000	25000	41.832000	39.410000	35.610000	1.106712
R005bc2008.D10	metabat2.6	R005bc2008.D10_metabat2.6	Kura Decodifi 1x 150 ng (Q)	Acinetobacter baumannii	u61633ctg_len-215275_circular-no_depth-34-34-34_duplicated-no	25000	50000	25000	39.592000	47.830000	35.610000	1.343162
R005bc2008.D10	metabat2.6	R005bc2008.D10_metabat2.6	Kura Decodifi 1x 150 ng (Q)	Acinetobacter baumannii	u61633ctg_len-215275_circular-no_depth-34-34-34_duplicated-no	50000	75000	25000	42.396000	38.900000	35.610000	1.092390
R005bc2008.D10	metabat2.6	R005bc2008.D10_metabat2.6	Kura Decodifi 1x 150 ng (Q)	Acinetobacter baumannii	u61633ctg_len-215275_circular-no_depth-34-34-34_duplicated-no	75000	100000	25000	40.568000	49.000000	35.610000	1.376018
R005bc2008.D10	metabat2.6	R005bc2008.D10_metabat2.6	Kura Decodifi 1x 150 ng (Q)	Acinetobacter baumannii	u61633ctg_len-215275_circular-no_depth-34-34-34_duplicated-no	100000	125000	25000	40.384000	47.850000	35.610000	1.343724
R005bc2008.D10	metabat2.6	R005bc2008.D10_metabat2.6	Kura Decodifi 1x 150 ng (Q)	Acinetobacter baumannii	u61633ctg_len-215275_circular-no_depth-34-34-34_duplicated-no	125000	150000	25000	35.684000	42.590000	35.610000	1.196012
R005bc2008.D10	metabat2.6	R005bc2008.D10_metabat2.6	Kura Decodifi 1x 150 ng (Q)	Acinetobacter baumannii	u61633ctg_len-215275_circular-no_depth-34-34-34_duplicated-no	150000	175000	25000	46.156000	46.280000	35.610000	1.299635
R005bc2008.D10	metabat2.6	R005bc2008.D10_metabat2.6	Kura Decodifi 1x 150 ng (Q)	Acinetobacter baumannii	u61633ctg_len-215275_circular-no_depth-34-34-34_duplicated-no	175000	200000	25000	41.804000	47.990000	35.610000	1.347655
R005bc2008.D10	metabat2.6	R005bc2008.D10_metabat2.6	Kura Decodifi 1x 150 ng (Q)	Acinetobacter baumannii	u91730ctg_len-475344_circular-no_depth-32-32-32_duplicated-no	0	25000	25000	39.996000	34.470000	35.610000	0.967987
R005bc2008.D10	metabat2.6	R005bc2008.D10_metabat2.6	Kura Decodifi 1x 150 ng (Q)	Acinetobacter baumannii	u91730ctg_len-475344_circular-no_depth-32-32-32_duplicated-no	25000	50000	25000	39.664000	33.750000	35.610000	0.947767
R005bc2008.D10	metabat2.6	R005bc2008.D10_metabat2.6	Kura Decodifi 1x 150 ng (Q)	Acinetobacter baumannii	u91730ctg_len-475344_circular-no_depth-32-32-32_duplicated-no	50000	75000	25000	40.852000	38.570000	35.610000	1.083123
R005bc2008.D10	metabat2.6	R005bc2008.D10_metabat2.6	Kura Decodifi 1x 150 ng (Q)	Acinetobacter baumannii	u91730ctg_len-475344_circular-no_depth-32-32-32_duplicated-no	75000	100000	25000	40.216000	44.200000	35.610000	1.241224
R005bc2008.D10	metabat2.6	R005bc2008.D10_metabat2.6	Kura Decodifi 1x 150 ng (Q)	Acinetobacter baumannii	u91730ctg_len-475344_circular-no_depth-32-32-32_duplicated-no	100000	125000	25000	38.560000	47.520000	35.610000	1.334457
R005bc2008.D10	metabat2.6	R005bc2008.D10_metabat2.6	Kura Decodifi 1x 150 ng (Q)	Acinetobacter baumannii	u91730ctg_len-475344_circular-no_depth-32-32-32_duplicated-no	125000	150000	25000	38.756000	46.910000	35.610000	1.317327
R005bc2008.D10	metabat2.6	R005bc2008.D10_metabat2.6	Kura Decodifi 1x 150 ng (Q)	Acinetobacter baumannii	u91730ctg_len-475344_circular-no_depth-32-32-32_duplicated-no	150000	175000	25000	38.900000	53.110000	35.610000	1.491435
R005bc2008.D10	metabat2.6	R005bc2008.D10_metabat2.6	Kura Decodifi 1x 150 ng (Q)	Acinetobacter baumannii	u91730ctg_len-475344_circular-no_depth-32-32-32_duplicated-no	175000	200000	25000	40.096000	46.110000	35.610000	1.294861
R005bc2008.D10	metabat2.6	R005bc2008.D10_metabat2.6	Kura Decodifi 1x 150 ng (Q)	Acinetobacter baumannii	u91730ctg_len-475344_circular-no_depth-32-32-32_duplicated-no	200000	225000	25000	40.408000	44.000000	35.610000	1.235608
R005bc2008.D10	metabat2.6	R005bc2008.D10_metabat2.6	Kura Decodifi 1x 150 ng (Q)	Acinetobacter baumannii	u91730ctg_len-475344_circular-no_depth-32-32-32_duplicated-no	225000	250000	25000	38.412000	41.070000	35.610000	1.153328
R005bc2008.D10	metabat2.6	R005bc2008.D10_metabat2.6	Kura Decodifi 1x 150 ng (Q)	Acinetobacter baumannii	u91730ctg_len-475344_circular-no_depth-32-32-32_duplicated-no	250000	275000	25000	38.048000	34.840000	35.610000	0.978377
R005bc2008.D10	metabat2.6	R005bc2008.D10_metabat2.6	Kura Decodifi 1x 150 ng (Q)	Acinetobacter baumannii	u91730ctg_len-475344_circular-no_depth-32-32-32_duplicated-no	275000	300000	25000	38.972000	42.280000	35.610000	1.187307
R005bc2008.D10	metabat2.6	R005bc2008.D10_metabat2.6	Kura Decodifi 1x 150 ng (Q)	Acinetobacter baumannii	u91730ctg_len-475344_circular-no_depth-32-32-32_duplicated-no	300000	325000	25000	40.172000	42.330000	35.610000	1.188711
R005bc2008.D10	metabat2.6	R005bc2008.D10_metabat2.6	Kura Decodifi 1x 150 ng (Q)	Acinetobacter baumannii	u91730ctg_len-475344_circular-no_depth-32-32-32_duplicated-no	325000	350000	25000	40.648000	43.730000	35.610000	1.228026
R005bc2008.D10	metabat2.6	R005bc2008.D10_metabat2.6	Kura Decodifi 1x 150 ng (Q)	Acinetobacter baumannii	u91730ctg_len-475344_circular-no_depth-32-32-32_duplicated-no	350000	375000	25000	39.348000	44.870000	35.610000	1.260039
R005bc2008.D10	metabat2.6	R005bc2008.D10_metabat2.6	Kura Decodifi 1x 150 ng (Q)	Acinetobacter baumannii	u91730ctg_len-475344_circular-no_depth-32-32-32_duplicated-no	375000	400000	25000	40.584000	48.460000	35.610000	1.360854
R005bc2008.D10	metabat2.6	R005bc2008.D10_metabat2.6	Kura Decodifi 1x 150 ng (Q)	Acinetobacter baumannii	u91730ctg_len-475344_circular-no_depth-32-32-32_duplicated-no	400000	425000	25000	39.956000	42.020000	35.610000	1.180006
R005bc2008.D10	metabat2.6	R005bc2008.D10_metabat2.6	Kura Decodifi 1x 150 ng (Q)	Acinetobacter baumannii	u91730ctg_len-475344_circular-no_depth-32-32-32_duplicated-no	425000	450000	25000	40.948000	47.250000	35.610000	1.326874
R005bc2008.D10	metabat2.6	R005bc2008.D10_metabat2.6	Kura Decodifi 1x 150 ng (Q)	Acinetobacter baumannii	u91730ctg_len-475344_circular-no_depth-32-32-32_duplicated-no	450000	475000	25000	41.420000	38.930000	35.610000	1.093232
R005bc2008.D10	metabat2.8	R005bc2008.D10_metabat2.8	Kura Decodifi 1x 150 ng (Q)	Klebsiella pneumoniae	u10835ctg_len-172346_circular-no_depth-13-13-13_duplicated-no	0	25000	25000	54.812000	18.980000	18.040000	1.052106
R005bc2008.D10	metabat2.8	R005bc2008.D10_metabat2.8	Kura Decodifi 1x 150 ng (Q)	Klebsiella pneumoniae	u10835ctg_len-172346_circular-no_depth-13-13-13_duplicated-no	25000	50000	25000	55.908000	16.440000	18.040000	0.911308
R005bc2008.D10	metabat2.8	R005bc2008.D10_metabat2.8	Kura Decodifi 1x 150 ng (Q)	Klebsiella pneumoniae	u10835ctg_len-172346_circular-no_depth-13-13-13_duplicated-no	50000	75000	25000	56.484000	17.920000	18.040000	0.993348
R005bc2008.D10	metabat2.8	R005bc2008.D10_metabat2.8	Kura Decodifi 1x 150 ng (Q)	Klebsiella pneumoniae	u10835ctg_len-172346_circular-no_depth-13-13-13_duplicated-no	75000	100000	25000	59.596000	19.580000	18.040000	1.085366
R005bc2008.D10	metabat2.8	R005bc2008.D10_metabat2.8	Kura Decodifi 1x 150 ng (Q)	Klebsiella pneumoniae	u10835ctg_len-172346_circular-no_depth-13-13-13_duplicated-no	100000	125000	25000	58.812000	18.670000	18.040000	1.034922
R005bc2008.D10	metabat2.8	R005bc2008.D10_metabat2.8	Kura Decodifi 1x 150 ng (Q)	Klebsiella pneumoniae	u10835ctg_len-172346_circular-no_depth-13-13-13_duplicated-no	125000	150000	25000	48.548000	19.880000	18.040000	1.101996
R005bc2008.D10	metabat2.8	R005bc2008.D10_metabat2.8	Kura Decodifi 1x 150 ng (Q)	Klebsiella pneumoniae	u13709ctg_len-55508_circular-no_depth-9-9-9_duplicated-no	0	25000	25000	55.692000	12.740000	18.040000	0.706208
R005bc2008.D10	metabat2.8	R005bc2008.D10_metabat2.8	Kura Decodifi 1x 150 ng (Q)	Klebsiella pneumoniae	u13709ctg_len-55508_circular-no_depth-9-9-9_duplicated-no	25000	50000	25000	56.304000	17.820000	18.040000	0.987805
R005bc2008.D10	metabat2.8	R005bc2008.D10_metabat2.8	Kura Decodifi 1x 150 ng (Q)	Klebsiella pneumoniae	u35264ctg_len-1051363_circular-no_depth-9-9-9_duplicated-no	0	25000	25000	59.848000	17.120000	18.040000	0.949002
R005bc2008.D10	metabat2.8	R005bc2008.D10_metabat2.8	Kura Decodifi 1x 150 ng (Q)	Klebsiella pneumoniae	u35264ctg_len-1051363_circular-no_depth-9-9-9_duplicated-no	25000	50000	25000	60.092000	17.430000	18.040000	0.966186
R005bc2008.D10	metabat2.8	R005bc2008.D10_metabat2.8	Kura Decodifi 1x 150 ng (Q)	Klebsiella pneumoniae	u35264ctg_len-1051363_circular-no_depth-9-9-9_duplicated-no	50000	75000	25000	59.680000	16.210000	18.040000	0.898559
R005bc2008.D10	metabat2.8	R005bc2008.D10_metabat2.8	Kura Decodifi 1x 150 ng (Q)	Klebsiella pneumoniae	u35264ctg_len-1051363_circular-no_depth-9-9-9_duplicated-no	75000	100000	25000	60.328000	13.340000	18.040000	0.739468
R005bc2008.D10	metabat2.8	R005bc2008.D10_metabat2.8	Kura Decodifi 1x 150 ng (Q)	Klebsiella pneumoniae	u35264ctg_len-1051363_circular-no_depth-9-9-9_duplicated-no	100000	125000	25000	59.192000	19.650000	18.040000	1.089246
R005bc2008.D10	metabat2.8	R005bc2008.D10_metabat2.8	Kura Decodifi 1x 150 ng (Q)	Klebsiella pneumoniae	u35264ctg_len-1051363_circular-no_depth-9-9-9_duplicated-no	125000	150000	25000	60.048000	15.530000	18.040000	0.860865
R005bc2008.D10	metabat2.8	R005bc2008.D10_metabat2.8	Kura Decodifi 1x 150 ng (Q)	Klebsiella pneumoniae	u35264ctg_len-1051363_circular-no_depth-9-9-9_duplicated-no	150000	175000	25000	57.548000	15.430000	18.040000	0.855322
R005bc2008.D10	metabat2.8	R005bc2008.D10_metabat2.8	Kura Decodifi 1x 150 ng (Q)	Klebsiella pneumoniae	u35264ctg_len-1051363_circular-no_depth-9-9-9_duplicated-no	175000	200000	25000	56.960000	19.110000	18.040000	1.059313
R005bc2008.D10	metabat2.8	R005bc2008.D10_metabat2.8	Kura Decodifi 1x 150 ng (Q)	Klebsiella pneumoniae	u35264ctg_len-1051363_circular-no_depth-9-9-9_duplicated-no	200000	225000	25000	59.300000	22.030000	18.040000	1.221175
R005bc2008.D10	metabat2.8	R005bc2008.D10_metabat2.8	Kura Decodifi 1x 150 ng (Q)	Klebsiella pneumoniae	u35264ctg_len-1051363_circular-no_depth-9-9-9_duplicated-no	225000	250000	25000	58.500000	19.020000	18.040000	1.054324
R005bc2008.D10	metabat2.8	R005bc2008.D10_metabat2.8	Kura Decodifi 1x 150 ng (Q)	Klebsiella pneumoniae	u35264ctg_len-1051363_circular-no_depth-9-9-9_duplicated-no	250000	275000	25000	58.604000	17.160000	18.040000	0.951220
R005bc2008.D10	metabat2.8	R005bc2008.D10_metabat2.8	Kura Decodifi 1x 150 ng (Q)	Klebsiella pneumoniae	u35264ctg_len-1051363_circular-no_depth-9-9-9_duplicated-no	275000	300000	25000	58.212000	18.550000	18.040000	1.028271
R005bc2008.D10	metabat2.8	R005bc2008.D10_metabat2.8	Kura Decodifi 1x 150 ng (Q)	Klebsiella pneumoniae	u35264ctg_len-1051363_circular-no_depth-9-9-9_duplicated-no	300000	325000	25000	52.688000	18.340000	18.040000	1.016630
R005bc2008.D10	metabat2.8	R005bc2008.D10_metabat2.8	Kura Decodifi 1x 150 ng (Q)	Klebsiella pneumoniae	u35264ctg_len-1051363_circular-no_depth-9-9-9_duplicated-no	325000	350000	25000	53.432000	20.010000	18.040000	1.109202
R005bc2008.D10	metabat2.8	R005bc2008.D10_metabat2.8	Kura Decodifi 1x 150 ng (Q)	Klebsiella pneumoniae	u35264ctg_len-1051363_circular-no_depth-9-9-9_duplicated-no	350000	375000	25000	59.464000	15.390000	18.040000	0.853104
R005bc2008.D10	metabat2.8	R005bc2008.D10_metabat2.8	Kura Decodifi 1x 150 ng (Q)	Klebsiella pneumoniae	u35264ctg_len-1051363_circular-no_depth-9-9-9_duplicated-no	375000	400000	25000	57.344000	15.300000	18.040000	0.848115
R005bc2008.D10	metabat2.8	R005bc2008.D10_metabat2.8	Kura Decodifi 1x 150 ng (Q)	Klebsiella pneumoniae	u35264ctg_len-1051363_circular-no_depth-9-9-9_duplicated-no	400000	425000	25000	61.472000	17.100000	18.040000	0.947894
R005bc2008.D10	metabat2.8	R005bc2008.D10_metabat2.8	Kura Decodifi 1x 150 ng (Q)	Klebsiella pneumoniae	u35264ctg_len-1051363_circular-no_depth-9-9-9_duplicated-no	425000	450000	25000	57.412000	17.510000	18.040000	0.970621
R005bc2008.D10	metabat2.8	R005bc2008.D10_metabat2.8	Kura Decodifi 1x 150 ng (Q)	Klebsiella pneumoniae	u35264ctg_len-1051363_circular-no_depth-9-9-9_duplicated-no	450000	475000	25000	59.552000	19.340000	18.040000	1.072062
R005bc2008.D10	metabat2.8	R005bc2008.D10_metabat2.8	Kura Decodifi 1x 150 ng (Q)	Klebsiella pneumoniae	u35264ctg_len-1051363_circular-no_depth-9-9-9_duplicated-no	475000	500000	25000	60.064000	14.400000	18.040000	0.798226
R005bc2008.D10	metabat2.8	R005bc2008.D10_metabat2.8	Kura Decodifi 1x 150 ng (Q)	Klebsiella pneumoniae	u35264ctg_len-1051363_circular-no_depth-9-9-9_duplicated-no	500000	525000	25000	59.568000	22.200000	18.040000	1.230599
R005bc2008.D10	metabat2.8	R005bc2008.D10_metabat2.8	Kura Decodifi 1x 150 ng (Q)	Klebsiella pneumoniae	u35264ctg_len-1051363_circular-no_depth-9-9-9_duplicated-no	525000	550000	25000	58.636000	16.930000	18.040000	0.938470
R005bc2008.D10	metabat2.8	R005bc2008.D10_metabat2.8	Kura Decodifi 1x 150 ng (Q)	Klebsiella pneumoniae	u35264ctg_len-1051363_circular-no_depth-9-9-9_duplicated-no	550000	575000	25000	58.752000	16.380000	18.040000	0.907982
R005bc2008.D10	metabat2.8	R005bc2008.D10_metabat2.8	Kura Decodifi 1x 150 ng (Q)	Klebsiella pneumoniae	u35264ctg_len-1051363_circular-no_depth-9-9-9_duplicated-no	575000	600000	25000	56.020000	18.860000	18.040000	1.045455
R005bc2008.D10	metabat2.8	R005bc2008.D10_metabat2.8	Kura Decodifi 1x 150 ng (Q)	Klebsiella pneumoniae	u35264ctg_len-1051363_circular-no_depth-9-9-9_duplicated-no	600000	625000	25000	57.432000	18.700000	18.040000	1.036585
R005bc2008.D10	metabat2.8	R005bc2008.D10_metabat2.8	Kura Decodifi 1x 150 ng (Q)	Klebsiella pneumoniae	u35264ctg_len-1051363_circular-no_depth-9-9-9_duplicated-no	625000	650000	25000	61.016000	15.250000	18.040000	0.845344
R005bc2008.D10	metabat2.8	R005bc2008.D10_metabat2.8	Kura Decodifi 1x 150 ng (Q)	Klebsiella pneumoniae	u35264ctg_len-1051363_circular-no_depth-9-9-9_duplicated-no	650000	675000	25000	53.320000	14.380000	18.040000	0.797118
R005bc2008.D10	metabat2.8	R005bc2008.D10_metabat2.8	Kura Decodifi 1x 150 ng (Q)	Klebsiella pneumoniae	u35264ctg_len-1051363_circular-no_depth-9-9-9_duplicated-no	675000	700000	25000	61.480000	16.040000	18.040000	0.889135
R005bc2008.D10	metabat2.8	R005bc2008.D10_metabat2.8	Kura Decodifi 1x 150 ng (Q)	Klebsiella pneumoniae	u35264ctg_len-1051363_circular-no_depth-9-9-9_duplicated-no	700000	725000	25000	62.852000	13.160000	18.040000	0.729490
R005bc2008.D10	metabat2.8	R005bc2008.D10_metabat2.8	Kura Decodifi 1x 150 ng (Q)	Klebsiella pneumoniae	u35264ctg_len-1051363_circular-no_depth-9-9-9_duplicated-no	725000	750000	25000	60.308000	14.020000	18.040000	0.777162
R005bc2008.D10	metabat2.8	R005bc2008.D10_metabat2.8	Kura Decodifi 1x 150 ng (Q)	Klebsiella pneumoniae	u35264ctg_len-1051363_circular-no_depth-9-9-9_duplicated-no	750000	775000	25000	59.688000	15.630000	18.040000	0.866408
R005bc2008.D10	metabat2.8	R005bc2008.D10_metabat2.8	Kura Decodifi 1x 150 ng (Q)	Klebsiella pneumoniae	u35264ctg_len-1051363_circular-no_depth-9-9-9_duplicated-no	775000	800000	25000	56.176000	19.740000	18.040000	1.094235
R005bc2008.D10	metabat2.8	R005bc2008.D10_metabat2.8	Kura Decodifi 1x 150 ng (Q)	Klebsiella pneumoniae	u35264ctg_len-1051363_circular-no_depth-9-9-9_duplicated-no	800000	825000	25000	54.068000	16.620000	18.040000	0.921286
R005bc2008.D10	metabat2.8	R005bc2008.D10_metabat2.8	Kura Decodifi 1x 150 ng (Q)	Klebsiella pneumoniae	u35264ctg_len-1051363_circular-no_depth-9-9-9_duplicated-no	825000	850000	25000	61.088000	14.550000	18.040000	0.806541
R005bc2008.D10	metabat2.8	R005bc2008.D10_metabat2.8	Kura Decodifi 1x 150 ng (Q)	Klebsiella pneumoniae	u35264ctg_len-1051363_circular-no_depth-9-9-9_duplicated-no	850000	875000	25000	59.440000	16.720000	18.040000	0.926829
R005bc2008.D10	metabat2.8	R005bc2008.D10_metabat2.8	Kura Decodifi 1x 150 ng (Q)	Klebsiella pneumoniae	u35264ctg_len-1051363_circular-no_depth-9-9-9_duplicated-no	875000	900000	25000	52.264000	18.580000	18.040000	1.029933
R005bc2008.D10	metabat2.8	R005bc2008.D10_metabat2.8	Kura Decodifi 1x 150 ng (Q)	Klebsiella pneumoniae	u35264ctg_len-1051363_circular-no_depth-9-9-9_duplicated-no	900000	925000	25000	59.144000	13.970000	18.040000	0.774390
R005bc2008.D10	metabat2.8	R005bc2008.D10_metabat2.8	Kura Decodifi 1x 150 ng (Q)	Klebsiella pneumoniae	u35264ctg_len-1051363_circular-no_depth-9-9-9_duplicated-no	925000	950000	25000	59.384000	18.660000	18.040000	1.034368
R005bc2008.D10	metabat2.8	R005bc2008.D10_metabat2.8	Kura Decodifi 1x 150 ng (Q)	Klebsiella pneumoniae	u35264ctg_len-1051363_circular-no_depth-9-9-9_duplicated-no	950000	975000	25000	56.380000	20.540000	18.040000	1.138581
R005bc2008.D10	metabat2.8	R005bc2008.D10_metabat2.8	Kura Decodifi 1x 150 ng (Q)	Klebsiella pneumoniae	u35264ctg_len-1051363_circular-no_depth-9-9-9_duplicated-no	975000	1000000	25000	58.032000	18.960000	18.040000	1.050998
R005bc2008.D10	metabat2.8	R005bc2008.D10_metabat2.8	Kura Decodifi 1x 150 ng (Q)	Klebsiella pneumoniae	u35264ctg_len-1051363_circular-no_depth-9-9-9_duplicated-no	1000000	1025000	25000	58.020000	16.360000	18.040000	0.906874
R005bc2008.D10	metabat2.8	R005bc2008.D10_metabat2.8	Kura Decodifi 1x 150 ng (Q)	Klebsiella pneumoniae	u35264ctg_len-1051363_circular-no_depth-9-9-9_duplicated-no	1025000	1050000	25000	54.756000	13.320000	18.040000	0.738359
R005bc2008.D10	metabat2.8	R005bc2008.D10_metabat2.8	Kura Decodifi 1x 150 ng (Q)	Klebsiella pneumoniae	u36748ctg_len-60075_circular-no_depth-14-14-14_duplicated-no	0	25000	25000	57.824000	24.060000	18.040000	1.333703
R005bc2008.D10	metabat2.8	R005bc2008.D10_metabat2.8	Kura Decodifi 1x 150 ng (Q)	Klebsiella pneumoniae	u36748ctg_len-60075_circular-no_depth-14-14-14_duplicated-no	25000	50000	25000	51.824000	20.080000	18.040000	1.113082
R005bc2008.D10	metabat2.8	R005bc2008.D10_metabat2.8	Kura Decodifi 1x 150 ng (Q)	Klebsiella pneumoniae	u52587ctg_len-441906_circular-no_depth-10-10-10_duplicated-no	0	25000	25000	60.816000	12.240000	18.040000	0.678492
R005bc2008.D10	metabat2.8	R005bc2008.D10_metabat2.8	Kura Decodifi 1x 150 ng (Q)	Klebsiella pneumoniae	u52587ctg_len-441906_circular-no_depth-10-10-10_duplicated-no	25000	50000	25000	61.864000	18.140000	18.040000	1.005543
R005bc2008.D10	metabat2.8	R005bc2008.D10_metabat2.8	Kura Decodifi 1x 150 ng (Q)	Klebsiella pneumoniae	u52587ctg_len-441906_circular-no_depth-10-10-10_duplicated-no	50000	75000	25000	60.244000	16.410000	18.040000	0.909645
R005bc2008.D10	metabat2.8	R005bc2008.D10_metabat2.8	Kura Decodifi 1x 150 ng (Q)	Klebsiella pneumoniae	u52587ctg_len-441906_circular-no_depth-10-10-10_duplicated-no	75000	100000	25000	57.928000	16.930000	18.040000	0.938470
R005bc2008.D10	metabat2.8	R005bc2008.D10_metabat2.8	Kura Decodifi 1x 150 ng (Q)	Klebsiella pneumoniae	u52587ctg_len-441906_circular-no_depth-10-10-10_duplicated-no	100000	125000	25000	55.472000	17.670000	18.040000	0.979490
R005bc2008.D10	metabat2.8	R005bc2008.D10_metabat2.8	Kura Decodifi 1x 150 ng (Q)	Klebsiella pneumoniae	u52587ctg_len-441906_circular-no_depth-10-10-10_duplicated-no	125000	150000	25000	49.524000	18.570000	18.040000	1.029379
R005bc2008.D10	metabat2.8	R005bc2008.D10_metabat2.8	Kura Decodifi 1x 150 ng (Q)	Klebsiella pneumoniae	u52587ctg_len-441906_circular-no_depth-10-10-10_duplicated-no	150000	175000	25000	60.472000	20.340000	18.040000	1.127494
R005bc2008.D10	metabat2.8	R005bc2008.D10_metabat2.8	Kura Decodifi 1x 150 ng (Q)	Klebsiella pneumoniae	u52587ctg_len-441906_circular-no_depth-10-10-10_duplicated-no	175000	200000	25000	60.492000	17.230000	18.040000	0.955100
R005bc2008.D10	metabat2.8	R005bc2008.D10_metabat2.8	Kura Decodifi 1x 150 ng (Q)	Klebsiella pneumoniae	u52587ctg_len-441906_circular-no_depth-10-10-10_duplicated-no	200000	225000	25000	58.124000	17.330000	18.040000	0.960643
R005bc2008.D10	metabat2.8	R005bc2008.D10_metabat2.8	Kura Decodifi 1x 150 ng (Q)	Klebsiella pneumoniae	u52587ctg_len-441906_circular-no_depth-10-10-10_duplicated-no	225000	250000	25000	56.300000	18.900000	18.040000	1.047672
R005bc2008.D10	metabat2.8	R005bc2008.D10_metabat2.8	Kura Decodifi 1x 150 ng (Q)	Klebsiella pneumoniae	u52587ctg_len-441906_circular-no_depth-10-10-10_duplicated-no	250000	275000	25000	58.276000	13.340000	18.040000	0.739468
R005bc2008.D10	metabat2.8	R005bc2008.D10_metabat2.8	Kura Decodifi 1x 150 ng (Q)	Klebsiella pneumoniae	u52587ctg_len-441906_circular-no_depth-10-10-10_duplicated-no	275000	300000	25000	54.308000	14.800000	18.040000	0.820399
R005bc2008.D10	metabat2.8	R005bc2008.D10_metabat2.8	Kura Decodifi 1x 150 ng (Q)	Klebsiella pneumoniae	u52587ctg_len-441906_circular-no_depth-10-10-10_duplicated-no	300000	325000	25000	55.572000	13.920000	18.040000	0.771619
R005bc2008.D10	metabat2.8	R005bc2008.D10_metabat2.8	Kura Decodifi 1x 150 ng (Q)	Klebsiella pneumoniae	u52587ctg_len-441906_circular-no_depth-10-10-10_duplicated-no	325000	350000	25000	58.028000	16.310000	18.040000	0.904102
R005bc2008.D10	metabat2.8	R005bc2008.D10_metabat2.8	Kura Decodifi 1x 150 ng (Q)	Klebsiella pneumoniae	u52587ctg_len-441906_circular-no_depth-10-10-10_duplicated-no	350000	375000	25000	57.800000	16.640000	18.040000	0.922395
R005bc2008.D10	metabat2.8	R005bc2008.D10_metabat2.8	Kura Decodifi 1x 150 ng (Q)	Klebsiella pneumoniae	u52587ctg_len-441906_circular-no_depth-10-10-10_duplicated-no	375000	400000	25000	59.244000	17.520000	18.040000	0.971175
R005bc2008.D10	metabat2.8	R005bc2008.D10_metabat2.8	Kura Decodifi 1x 150 ng (Q)	Klebsiella pneumoniae	u52587ctg_len-441906_circular-no_depth-10-10-10_duplicated-no	400000	425000	25000	56.216000	17.370000	18.040000	0.962860
R005bc2008.D10	metabat2.8	R005bc2008.D10_metabat2.8	Kura Decodifi 1x 150 ng (Q)	Klebsiella pneumoniae	u53166ctg_len-793935_circular-no_depth-11-11-11_duplicated-no	0	25000	25000	53.964000	19.150000	18.040000	1.061530
R005bc2008.D10	metabat2.8	R005bc2008.D10_metabat2.8	Kura Decodifi 1x 150 ng (Q)	Klebsiella pneumoniae	u53166ctg_len-793935_circular-no_depth-11-11-11_duplicated-no	25000	50000	25000	59.296000	17.350000	18.040000	0.961752
R005bc2008.D10	metabat2.8	R005bc2008.D10_metabat2.8	Kura Decodifi 1x 150 ng (Q)	Klebsiella pneumoniae	u53166ctg_len-793935_circular-no_depth-11-11-11_duplicated-no	50000	75000	25000	57.688000	18.870000	18.040000	1.046009
R005bc2008.D10	metabat2.8	R005bc2008.D10_metabat2.8	Kura Decodifi 1x 150 ng (Q)	Klebsiella pneumoniae	u53166ctg_len-793935_circular-no_depth-11-11-11_duplicated-no	75000	100000	25000	57.060000	18.870000	18.040000	1.046009
R005bc2008.D10	metabat2.8	R005bc2008.D10_metabat2.8	Kura Decodifi 1x 150 ng (Q)	Klebsiella pneumoniae	u53166ctg_len-793935_circular-no_depth-11-11-11_duplicated-no	100000	125000	25000	55.604000	22.980000	18.040000	1.273836
R005bc2008.D10	metabat2.8	R005bc2008.D10_metabat2.8	Kura Decodifi 1x 150 ng (Q)	Klebsiella pneumoniae	u53166ctg_len-793935_circular-no_depth-11-11-11_duplicated-no	125000	150000	25000	57.368000	17.900000	18.040000	0.992239
R005bc2008.D10	metabat2.8	R005bc2008.D10_metabat2.8	Kura Decodifi 1x 150 ng (Q)	Klebsiella pneumoniae	u53166ctg_len-793935_circular-no_depth-11-11-11_duplicated-no	150000	175000	25000	58.100000	20.940000	18.040000	1.160754
R005bc2008.D10	metabat2.8	R005bc2008.D10_metabat2.8	Kura Decodifi 1x 150 ng (Q)	Klebsiella pneumoniae	u53166ctg_len-793935_circular-no_depth-11-11-11_duplicated-no	175000	200000	25000	55.396000	25.680000	18.040000	1.423503
R005bc2008.D10	metabat2.8	R005bc2008.D10_metabat2.8	Kura Decodifi 1x 150 ng (Q)	Klebsiella pneumoniae	u53166ctg_len-793935_circular-no_depth-11-11-11_duplicated-no	200000	225000	25000	55.216000	23.880000	18.040000	1.323725
R005bc2008.D10	metabat2.8	R005bc2008.D10_metabat2.8	Kura Decodifi 1x 150 ng (Q)	Klebsiella pneumoniae	u53166ctg_len-793935_circular-no_depth-11-11-11_duplicated-no	225000	250000	25000	56.572000	20.780000	18.040000	1.151885
R005bc2008.D10	metabat2.8	R005bc2008.D10_metabat2.8	Kura Decodifi 1x 150 ng (Q)	Klebsiella pneumoniae	u53166ctg_len-793935_circular-no_depth-11-11-11_duplicated-no	250000	275000	25000	56.420000	23.340000	18.040000	1.293792
R005bc2008.D10	metabat2.8	R005bc2008.D10_metabat2.8	Kura Decodifi 1x 150 ng (Q)	Klebsiella pneumoniae	u53166ctg_len-793935_circular-no_depth-11-11-11_duplicated-no	275000	300000	25000	58.364000	21.900000	18.040000	1.213969
R005bc2008.D10	metabat2.8	R005bc2008.D10_metabat2.8	Kura Decodifi 1x 150 ng (Q)	Klebsiella pneumoniae	u53166ctg_len-793935_circular-no_depth-11-11-11_duplicated-no	300000	325000	25000	55.396000	22.630000	18.040000	1.254435
R005bc2008.D10	metabat2.8	R005bc2008.D10_metabat2.8	Kura Decodifi 1x 150 ng (Q)	Klebsiella pneumoniae	u53166ctg_len-793935_circular-no_depth-11-11-11_duplicated-no	325000	350000	25000	56.832000	20.810000	18.040000	1.153548
R005bc2008.D10	metabat2.8	R005bc2008.D10_metabat2.8	Kura Decodifi 1x 150 ng (Q)	Klebsiella pneumoniae	u53166ctg_len-793935_circular-no_depth-11-11-11_duplicated-no	350000	375000	25000	60.204000	13.000000	18.040000	0.720621
R005bc2008.D10	metabat2.8	R005bc2008.D10_metabat2.8	Kura Decodifi 1x 150 ng (Q)	Klebsiella pneumoniae	u53166ctg_len-793935_circular-no_depth-11-11-11_duplicated-no	375000	400000	25000	54.800000	16.980000	18.040000	0.941242
R005bc2008.D10	metabat2.8	R005bc2008.D10_metabat2.8	Kura Decodifi 1x 150 ng (Q)	Klebsiella pneumoniae	u53166ctg_len-793935_circular-no_depth-11-11-11_duplicated-no	400000	425000	25000	55.052000	19.310000	18.040000	1.070399
R005bc2008.D10	metabat2.8	R005bc2008.D10_metabat2.8	Kura Decodifi 1x 150 ng (Q)	Klebsiella pneumoniae	u53166ctg_len-793935_circular-no_depth-11-11-11_duplicated-no	425000	450000	25000	58.168000	18.070000	18.040000	1.001663
R005bc2008.D10	metabat2.8	R005bc2008.D10_metabat2.8	Kura Decodifi 1x 150 ng (Q)	Klebsiella pneumoniae	u53166ctg_len-793935_circular-no_depth-11-11-11_duplicated-no	450000	475000	25000	57.808000	20.520000	18.040000	1.137472
R005bc2008.D10	metabat2.8	R005bc2008.D10_metabat2.8	Kura Decodifi 1x 150 ng (Q)	Klebsiella pneumoniae	u53166ctg_len-793935_circular-no_depth-11-11-11_duplicated-no	475000	500000	25000	57.752000	20.030000	18.040000	1.110310
R005bc2008.D10	metabat2.8	R005bc2008.D10_metabat2.8	Kura Decodifi 1x 150 ng (Q)	Klebsiella pneumoniae	u53166ctg_len-793935_circular-no_depth-11-11-11_duplicated-no	500000	525000	25000	56.848000	15.370000	18.040000	0.851996
R005bc2008.D10	metabat2.8	R005bc2008.D10_metabat2.8	Kura Decodifi 1x 150 ng (Q)	Klebsiella pneumoniae	u53166ctg_len-793935_circular-no_depth-11-11-11_duplicated-no	525000	550000	25000	60.048000	20.140000	18.040000	1.116408
R005bc2008.D10	metabat2.8	R005bc2008.D10_metabat2.8	Kura Decodifi 1x 150 ng (Q)	Klebsiella pneumoniae	u53166ctg_len-793935_circular-no_depth-11-11-11_duplicated-no	550000	575000	25000	53.720000	23.050000	18.040000	1.277716
R005bc2008.D10	metabat2.8	R005bc2008.D10_metabat2.8	Kura Decodifi 1x 150 ng (Q)	Klebsiella pneumoniae	u53166ctg_len-793935_circular-no_depth-11-11-11_duplicated-no	575000	600000	25000	57.184000	17.930000	18.040000	0.993902
R005bc2008.D10	metabat2.8	R005bc2008.D10_metabat2.8	Kura Decodifi 1x 150 ng (Q)	Klebsiella pneumoniae	u53166ctg_len-793935_circular-no_depth-11-11-11_duplicated-no	600000	625000	25000	56.544000	17.940000	18.040000	0.994457
R005bc2008.D10	metabat2.8	R005bc2008.D10_metabat2.8	Kura Decodifi 1x 150 ng (Q)	Klebsiella pneumoniae	u53166ctg_len-793935_circular-no_depth-11-11-11_duplicated-no	625000	650000	25000	57.988000	18.010000	18.040000	0.998337
R005bc2008.D10	metabat2.8	R005bc2008.D10_metabat2.8	Kura Decodifi 1x 150 ng (Q)	Klebsiella pneumoniae	u53166ctg_len-793935_circular-no_depth-11-11-11_duplicated-no	650000	675000	25000	58.628000	18.490000	18.040000	1.024945
R005bc2008.D10	metabat2.8	R005bc2008.D10_metabat2.8	Kura Decodifi 1x 150 ng (Q)	Klebsiella pneumoniae	u53166ctg_len-793935_circular-no_depth-11-11-11_duplicated-no	675000	700000	25000	55.336000	17.940000	18.040000	0.994457
R005bc2008.D10	metabat2.8	R005bc2008.D10_metabat2.8	Kura Decodifi 1x 150 ng (Q)	Klebsiella pneumoniae	u53166ctg_len-793935_circular-no_depth-11-11-11_duplicated-no	700000	725000	25000	57.780000	20.820000	18.040000	1.154102
R005bc2008.D10	metabat2.8	R005bc2008.D10_metabat2.8	Kura Decodifi 1x 150 ng (Q)	Klebsiella pneumoniae	u53166ctg_len-793935_circular-no_depth-11-11-11_duplicated-no	725000	750000	25000	56.956000	17.150000	18.040000	0.950665
R005bc2008.D10	metabat2.8	R005bc2008.D10_metabat2.8	Kura Decodifi 1x 150 ng (Q)	Klebsiella pneumoniae	u53166ctg_len-793935_circular-no_depth-11-11-11_duplicated-no	750000	775000	25000	57.680000	18.040000	18.040000	1.000000
R005bc2008.D10	metabat2.8	R005bc2008.D10_metabat2.8	Kura Decodifi 1x 150 ng (Q)	Klebsiella pneumoniae	u55077ctg_len-64846_circular-no_depth-8-8-8_duplicated-no	0	25000	25000	57.964000	17.890000	18.040000	0.991685
R005bc2008.D10	metabat2.8	R005bc2008.D10_metabat2.8	Kura Decodifi 1x 150 ng (Q)	Klebsiella pneumoniae	u55077ctg_len-64846_circular-no_depth-8-8-8_duplicated-no	25000	50000	25000	58.548000	14.160000	18.040000	0.784922
R005bc2008.D10	metabat2.8	R005bc2008.D10_metabat2.8	Kura Decodifi 1x 150 ng (Q)	Klebsiella pneumoniae	u58227ctg_len-369214_circular-no_depth-10-10-10_duplicated-no	0	25000	25000	55.148000	19.860000	18.040000	1.100887
R005bc2008.D10	metabat2.8	R005bc2008.D10_metabat2.8	Kura Decodifi 1x 150 ng (Q)	Klebsiella pneumoniae	u58227ctg_len-369214_circular-no_depth-10-10-10_duplicated-no	25000	50000	25000	58.208000	17.490000	18.040000	0.969512
R005bc2008.D10	metabat2.8	R005bc2008.D10_metabat2.8	Kura Decodifi 1x 150 ng (Q)	Klebsiella pneumoniae	u58227ctg_len-369214_circular-no_depth-10-10-10_duplicated-no	50000	75000	25000	55.620000	20.840000	18.040000	1.155211
R005bc2008.D10	metabat2.8	R005bc2008.D10_metabat2.8	Kura Decodifi 1x 150 ng (Q)	Klebsiella pneumoniae	u58227ctg_len-369214_circular-no_depth-10-10-10_duplicated-no	75000	100000	25000	61.732000	16.060000	18.040000	0.890244
R005bc2008.D10	metabat2.8	R005bc2008.D10_metabat2.8	Kura Decodifi 1x 150 ng (Q)	Klebsiella pneumoniae	u58227ctg_len-369214_circular-no_depth-10-10-10_duplicated-no	100000	125000	25000	59.228000	17.070000	18.040000	0.946231
R005bc2008.D10	metabat2.8	R005bc2008.D10_metabat2.8	Kura Decodifi 1x 150 ng (Q)	Klebsiella pneumoniae	u58227ctg_len-369214_circular-no_depth-10-10-10_duplicated-no	125000	150000	25000	56.388000	18.900000	18.040000	1.047672
R005bc2008.D10	metabat2.8	R005bc2008.D10_metabat2.8	Kura Decodifi 1x 150 ng (Q)	Klebsiella pneumoniae	u58227ctg_len-369214_circular-no_depth-10-10-10_duplicated-no	150000	175000	25000	55.964000	16.280000	18.040000	0.902439
R005bc2008.D10	metabat2.8	R005bc2008.D10_metabat2.8	Kura Decodifi 1x 150 ng (Q)	Klebsiella pneumoniae	u58227ctg_len-369214_circular-no_depth-10-10-10_duplicated-no	175000	200000	25000	56.852000	18.160000	18.040000	1.006652
R005bc2008.D10	metabat2.8	R005bc2008.D10_metabat2.8	Kura Decodifi 1x 150 ng (Q)	Klebsiella pneumoniae	u58227ctg_len-369214_circular-no_depth-10-10-10_duplicated-no	200000	225000	25000	56.676000	21.550000	18.040000	1.194568
R005bc2008.D10	metabat2.8	R005bc2008.D10_metabat2.8	Kura Decodifi 1x 150 ng (Q)	Klebsiella pneumoniae	u58227ctg_len-369214_circular-no_depth-10-10-10_duplicated-no	225000	250000	25000	56.112000	21.670000	18.040000	1.201220
R005bc2008.D10	metabat2.8	R005bc2008.D10_metabat2.8	Kura Decodifi 1x 150 ng (Q)	Klebsiella pneumoniae	u58227ctg_len-369214_circular-no_depth-10-10-10_duplicated-no	250000	275000	25000	60.944000	16.220000	18.040000	0.899113
R005bc2008.D10	metabat2.8	R005bc2008.D10_metabat2.8	Kura Decodifi 1x 150 ng (Q)	Klebsiella pneumoniae	u58227ctg_len-369214_circular-no_depth-10-10-10_duplicated-no	275000	300000	25000	58.956000	17.060000	18.040000	0.945676
R005bc2008.D10	metabat2.8	R005bc2008.D10_metabat2.8	Kura Decodifi 1x 150 ng (Q)	Klebsiella pneumoniae	u58227ctg_len-369214_circular-no_depth-10-10-10_duplicated-no	300000	325000	25000	57.300000	18.930000	18.040000	1.049335
R005bc2008.D10	metabat2.8	R005bc2008.D10_metabat2.8	Kura Decodifi 1x 150 ng (Q)	Klebsiella pneumoniae	u58227ctg_len-369214_circular-no_depth-10-10-10_duplicated-no	325000	350000	25000	58.464000	15.840000	18.040000	0.878049
R005bc2008.D10	metabat2.8	R005bc2008.D10_metabat2.8	Kura Decodifi 1x 150 ng (Q)	Klebsiella pneumoniae	u62656ctg_len-169810_circular-no_depth-10-10-10_duplicated-no	0	25000	25000	56.784000	17.280000	18.040000	0.957871
R005bc2008.D10	metabat2.8	R005bc2008.D10_metabat2.8	Kura Decodifi 1x 150 ng (Q)	Klebsiella pneumoniae	u62656ctg_len-169810_circular-no_depth-10-10-10_duplicated-no	25000	50000	25000	58.852000	18.630000	18.040000	1.032705
R005bc2008.D10	metabat2.8	R005bc2008.D10_metabat2.8	Kura Decodifi 1x 150 ng (Q)	Klebsiella pneumoniae	u62656ctg_len-169810_circular-no_depth-10-10-10_duplicated-no	50000	75000	25000	56.740000	18.740000	18.040000	1.038803
R005bc2008.D10	metabat2.8	R005bc2008.D10_metabat2.8	Kura Decodifi 1x 150 ng (Q)	Klebsiella pneumoniae	u62656ctg_len-169810_circular-no_depth-10-10-10_duplicated-no	75000	100000	25000	56.108000	23.700000	18.040000	1.313747
R005bc2008.D10	metabat2.8	R005bc2008.D10_metabat2.8	Kura Decodifi 1x 150 ng (Q)	Klebsiella pneumoniae	u62656ctg_len-169810_circular-no_depth-10-10-10_duplicated-no	100000	125000	25000	59.532000	20.110000	18.040000	1.114745
R005bc2008.D10	metabat2.8	R005bc2008.D10_metabat2.8	Kura Decodifi 1x 150 ng (Q)	Klebsiella pneumoniae	u62656ctg_len-169810_circular-no_depth-10-10-10_duplicated-no	125000	150000	25000	60.176000	19.260000	18.040000	1.067627
R005bc2008.D10	metabat2.8	R005bc2008.D10_metabat2.8	Kura Decodifi 1x 150 ng (Q)	Klebsiella pneumoniae	u66490ctg_len-94942_circular-no_depth-10-10-10_duplicated-no	0	25000	25000	56.880000	19.170000	18.040000	1.062639
R005bc2008.D10	metabat2.8	R005bc2008.D10_metabat2.8	Kura Decodifi 1x 150 ng (Q)	Klebsiella pneumoniae	u66490ctg_len-94942_circular-no_depth-10-10-10_duplicated-no	25000	50000	25000	59.224000	15.280000	18.040000	0.847007
R005bc2008.D10	metabat2.8	R005bc2008.D10_metabat2.8	Kura Decodifi 1x 150 ng (Q)	Klebsiella pneumoniae	u66490ctg_len-94942_circular-no_depth-10-10-10_duplicated-no	50000	75000	25000	56.056000	18.990000	18.040000	1.052661
R005bc2008.D10	metabat2.8	R005bc2008.D10_metabat2.8	Kura Decodifi 1x 150 ng (Q)	Klebsiella pneumoniae	u66907ctg_len-53752_circular-no_depth-8-8-8_duplicated-no	0	25000	25000	58.020000	19.190000	18.040000	1.063747
R005bc2008.D10	metabat2.8	R005bc2008.D10_metabat2.8	Kura Decodifi 1x 150 ng (Q)	Klebsiella pneumoniae	u66907ctg_len-53752_circular-no_depth-8-8-8_duplicated-no	25000	50000	25000	56.000000	21.010000	18.040000	1.164634
R005bc2008.D10	metabat2.8	R005bc2008.D10_metabat2.8	Kura Decodifi 1x 150 ng (Q)	Klebsiella pneumoniae	u69724ctg_len-92175_circular-no_depth-11-11-11_duplicated-no	0	25000	25000	58.332000	21.860000	18.040000	1.211752
R005bc2008.D10	metabat2.8	R005bc2008.D10_metabat2.8	Kura Decodifi 1x 150 ng (Q)	Klebsiella pneumoniae	u69724ctg_len-92175_circular-no_depth-11-11-11_duplicated-no	25000	50000	25000	60.400000	18.300000	18.040000	1.014412
R005bc2008.D10	metabat2.8	R005bc2008.D10_metabat2.8	Kura Decodifi 1x 150 ng (Q)	Klebsiella pneumoniae	u69724ctg_len-92175_circular-no_depth-11-11-11_duplicated-no	50000	75000	25000	55.480000	17.580000	18.040000	0.974501
R005bc2008.D10	metabat2.8	R005bc2008.D10_metabat2.8	Kura Decodifi 1x 150 ng (Q)	Klebsiella pneumoniae	u71305ctg_len-225710_circular-no_depth-11-11-11_duplicated-no	0	25000	25000	59.924000	16.210000	18.040000	0.898559
R005bc2008.D10	metabat2.8	R005bc2008.D10_metabat2.8	Kura Decodifi 1x 150 ng (Q)	Klebsiella pneumoniae	u71305ctg_len-225710_circular-no_depth-11-11-11_duplicated-no	25000	50000	25000	58.052000	18.090000	18.040000	1.002772
R005bc2008.D10	metabat2.8	R005bc2008.D10_metabat2.8	Kura Decodifi 1x 150 ng (Q)	Klebsiella pneumoniae	u71305ctg_len-225710_circular-no_depth-11-11-11_duplicated-no	50000	75000	25000	57.204000	17.470000	18.040000	0.968404
R005bc2008.D10	metabat2.8	R005bc2008.D10_metabat2.8	Kura Decodifi 1x 150 ng (Q)	Klebsiella pneumoniae	u71305ctg_len-225710_circular-no_depth-11-11-11_duplicated-no	75000	100000	25000	56.792000	22.610000	18.040000	1.253326
R005bc2008.D10	metabat2.8	R005bc2008.D10_metabat2.8	Kura Decodifi 1x 150 ng (Q)	Klebsiella pneumoniae	u71305ctg_len-225710_circular-no_depth-11-11-11_duplicated-no	100000	125000	25000	57.880000	16.040000	18.040000	0.889135
R005bc2008.D10	metabat2.8	R005bc2008.D10_metabat2.8	Kura Decodifi 1x 150 ng (Q)	Klebsiella pneumoniae	u71305ctg_len-225710_circular-no_depth-11-11-11_duplicated-no	125000	150000	25000	59.328000	21.390000	18.040000	1.185698
R005bc2008.D10	metabat2.8	R005bc2008.D10_metabat2.8	Kura Decodifi 1x 150 ng (Q)	Klebsiella pneumoniae	u71305ctg_len-225710_circular-no_depth-11-11-11_duplicated-no	150000	175000	25000	49.800000	19.130000	18.040000	1.060421
R005bc2008.D10	metabat2.8	R005bc2008.D10_metabat2.8	Kura Decodifi 1x 150 ng (Q)	Klebsiella pneumoniae	u71305ctg_len-225710_circular-no_depth-11-11-11_duplicated-no	175000	200000	25000	58.396000	17.490000	18.040000	0.969512
R005bc2008.D10	metabat2.8	R005bc2008.D10_metabat2.8	Kura Decodifi 1x 150 ng (Q)	Klebsiella pneumoniae	u71305ctg_len-225710_circular-no_depth-11-11-11_duplicated-no	200000	225000	25000	56.272000	18.070000	18.040000	1.001663
R005bc2008.D10	metabat2.8	R005bc2008.D10_metabat2.8	Kura Decodifi 1x 150 ng (Q)	Klebsiella pneumoniae	u74350ctg_len-114295_circular-no_depth-12-12-12_duplicated-no	0	25000	25000	58.408000	17.910000	18.040000	0.992794
R005bc2008.D10	metabat2.8	R005bc2008.D10_metabat2.8	Kura Decodifi 1x 150 ng (Q)	Klebsiella pneumoniae	u74350ctg_len-114295_circular-no_depth-12-12-12_duplicated-no	25000	50000	25000	58.312000	21.290000	18.040000	1.180155
R005bc2008.D10	metabat2.8	R005bc2008.D10_metabat2.8	Kura Decodifi 1x 150 ng (Q)	Klebsiella pneumoniae	u74350ctg_len-114295_circular-no_depth-12-12-12_duplicated-no	50000	75000	25000	57.684000	21.750000	18.040000	1.205654
R005bc2008.D10	metabat2.8	R005bc2008.D10_metabat2.8	Kura Decodifi 1x 150 ng (Q)	Klebsiella pneumoniae	u74350ctg_len-114295_circular-no_depth-12-12-12_duplicated-no	75000	100000	25000	59.876000	19.490000	18.040000	1.080377
R005bc2008.D10	metabat2.8	R005bc2008.D10_metabat2.8	Kura Decodifi 1x 150 ng (Q)	Klebsiella pneumoniae	u75629ctg_len-95938_circular-no_depth-9-9-9_duplicated-no	0	25000	25000	60.676000	21.000000	18.040000	1.164080
R005bc2008.D10	metabat2.8	R005bc2008.D10_metabat2.8	Kura Decodifi 1x 150 ng (Q)	Klebsiella pneumoniae	u75629ctg_len-95938_circular-no_depth-9-9-9_duplicated-no	25000	50000	25000	58.524000	15.560000	18.040000	0.862528
R005bc2008.D10	metabat2.8	R005bc2008.D10_metabat2.8	Kura Decodifi 1x 150 ng (Q)	Klebsiella pneumoniae	u75629ctg_len-95938_circular-no_depth-9-9-9_duplicated-no	50000	75000	25000	50.644000	20.870000	18.040000	1.156874
R005bc2008.D10	metabat2.8	R005bc2008.D10_metabat2.8	Kura Decodifi 1x 150 ng (Q)	Klebsiella pneumoniae	u75986ctg_len-58097_circular-no_depth-10-10-10_duplicated-no	0	25000	25000	58.368000	17.000000	18.040000	0.942350
R005bc2008.D10	metabat2.8	R005bc2008.D10_metabat2.8	Kura Decodifi 1x 150 ng (Q)	Klebsiella pneumoniae	u75986ctg_len-58097_circular-no_depth-10-10-10_duplicated-no	25000	50000	25000	57.944000	19.000000	18.040000	1.053215
R005bc2008.D10	metabat2.8	R005bc2008.D10_metabat2.8	Kura Decodifi 1x 150 ng (Q)	Klebsiella pneumoniae	u77373ctg_len-112815_circular-no_depth-12-12-12_duplicated-no	0	25000	25000	58.456000	19.200000	18.040000	1.064302
R005bc2008.D10	metabat2.8	R005bc2008.D10_metabat2.8	Kura Decodifi 1x 150 ng (Q)	Klebsiella pneumoniae	u77373ctg_len-112815_circular-no_depth-12-12-12_duplicated-no	25000	50000	25000	60.360000	16.130000	18.040000	0.894124
R005bc2008.D10	metabat2.8	R005bc2008.D10_metabat2.8	Kura Decodifi 1x 150 ng (Q)	Klebsiella pneumoniae	u77373ctg_len-112815_circular-no_depth-12-12-12_duplicated-no	50000	75000	25000	55.608000	21.000000	18.040000	1.164080
R005bc2008.D10	metabat2.8	R005bc2008.D10_metabat2.8	Kura Decodifi 1x 150 ng (Q)	Klebsiella pneumoniae	u77373ctg_len-112815_circular-no_depth-12-12-12_duplicated-no	75000	100000	25000	56.716000	17.620000	18.040000	0.976718
R005bc2008.D10	metabat2.8	R005bc2008.D10_metabat2.8	Kura Decodifi 1x 150 ng (Q)	Klebsiella pneumoniae	u82979ctg_len-85837_circular-no_depth-13-13-12_duplicated-no	0	25000	25000	57.420000	19.030000	18.040000	1.054878
R005bc2008.D10	metabat2.8	R005bc2008.D10_metabat2.8	Kura Decodifi 1x 150 ng (Q)	Klebsiella pneumoniae	u82979ctg_len-85837_circular-no_depth-13-13-12_duplicated-no	25000	50000	25000	56.512000	19.420000	18.040000	1.076497
R005bc2008.D10	metabat2.8	R005bc2008.D10_metabat2.8	Kura Decodifi 1x 150 ng (Q)	Klebsiella pneumoniae	u82979ctg_len-85837_circular-no_depth-13-13-12_duplicated-no	50000	75000	25000	54.552000	20.960000	18.040000	1.161863
R005bc2008.D10	metabat2.8	R005bc2008.D10_metabat2.8	Kura Decodifi 1x 150 ng (Q)	Klebsiella pneumoniae	u86567ctg_len-69039_circular-no_depth-12-12-12_duplicated-no	0	25000	25000	56.760000	16.860000	18.040000	0.934590
R005bc2008.D10	metabat2.8	R005bc2008.D10_metabat2.8	Kura Decodifi 1x 150 ng (Q)	Klebsiella pneumoniae	u86567ctg_len-69039_circular-no_depth-12-12-12_duplicated-no	25000	50000	25000	56.548000	21.650000	18.040000	1.200111
R005bc2008.D10	metabat2.8	R005bc2008.D10_metabat2.8	Kura Decodifi 1x 150 ng (Q)	Klebsiella pneumoniae	u94465ctg_len-418976_circular-no_depth-9-9-9_duplicated-no	0	25000	25000	57.736000	14.730000	18.040000	0.816519
R005bc2008.D10	metabat2.8	R005bc2008.D10_metabat2.8	Kura Decodifi 1x 150 ng (Q)	Klebsiella pneumoniae	u94465ctg_len-418976_circular-no_depth-9-9-9_duplicated-no	25000	50000	25000	56.656000	11.630000	18.040000	0.644678
R005bc2008.D10	metabat2.8	R005bc2008.D10_metabat2.8	Kura Decodifi 1x 150 ng (Q)	Klebsiella pneumoniae	u94465ctg_len-418976_circular-no_depth-9-9-9_duplicated-no	50000	75000	25000	56.300000	19.790000	18.040000	1.097007
R005bc2008.D10	metabat2.8	R005bc2008.D10_metabat2.8	Kura Decodifi 1x 150 ng (Q)	Klebsiella pneumoniae	u94465ctg_len-418976_circular-no_depth-9-9-9_duplicated-no	75000	100000	25000	58.332000	18.030000	18.040000	0.999446
R005bc2008.D10	metabat2.8	R005bc2008.D10_metabat2.8	Kura Decodifi 1x 150 ng (Q)	Klebsiella pneumoniae	u94465ctg_len-418976_circular-no_depth-9-9-9_duplicated-no	100000	125000	25000	59.672000	16.200000	18.040000	0.898004
R005bc2008.D10	metabat2.8	R005bc2008.D10_metabat2.8	Kura Decodifi 1x 150 ng (Q)	Klebsiella pneumoniae	u94465ctg_len-418976_circular-no_depth-9-9-9_duplicated-no	125000	150000	25000	56.612000	16.110000	18.040000	0.893016
R005bc2008.D10	metabat2.8	R005bc2008.D10_metabat2.8	Kura Decodifi 1x 150 ng (Q)	Klebsiella pneumoniae	u94465ctg_len-418976_circular-no_depth-9-9-9_duplicated-no	150000	175000	25000	58.504000	20.400000	18.040000	1.130820
R005bc2008.D10	metabat2.8	R005bc2008.D10_metabat2.8	Kura Decodifi 1x 150 ng (Q)	Klebsiella pneumoniae	u94465ctg_len-418976_circular-no_depth-9-9-9_duplicated-no	175000	200000	25000	58.928000	17.480000	18.040000	0.968958
R005bc2008.D10	metabat2.8	R005bc2008.D10_metabat2.8	Kura Decodifi 1x 150 ng (Q)	Klebsiella pneumoniae	u94465ctg_len-418976_circular-no_depth-9-9-9_duplicated-no	200000	225000	25000	56.388000	19.670000	18.040000	1.090355
R005bc2008.D10	metabat2.8	R005bc2008.D10_metabat2.8	Kura Decodifi 1x 150 ng (Q)	Klebsiella pneumoniae	u94465ctg_len-418976_circular-no_depth-9-9-9_duplicated-no	225000	250000	25000	59.644000	20.790000	18.040000	1.152439
R005bc2008.D10	metabat2.8	R005bc2008.D10_metabat2.8	Kura Decodifi 1x 150 ng (Q)	Klebsiella pneumoniae	u94465ctg_len-418976_circular-no_depth-9-9-9_duplicated-no	250000	275000	25000	58.736000	13.770000	18.040000	0.763304
R005bc2008.D10	metabat2.8	R005bc2008.D10_metabat2.8	Kura Decodifi 1x 150 ng (Q)	Klebsiella pneumoniae	u94465ctg_len-418976_circular-no_depth-9-9-9_duplicated-no	275000	300000	25000	60.452000	17.920000	18.040000	0.993348
R005bc2008.D10	metabat2.8	R005bc2008.D10_metabat2.8	Kura Decodifi 1x 150 ng (Q)	Klebsiella pneumoniae	u94465ctg_len-418976_circular-no_depth-9-9-9_duplicated-no	300000	325000	25000	58.812000	19.010000	18.040000	1.053769
R005bc2008.D10	metabat2.8	R005bc2008.D10_metabat2.8	Kura Decodifi 1x 150 ng (Q)	Klebsiella pneumoniae	u94465ctg_len-418976_circular-no_depth-9-9-9_duplicated-no	325000	350000	25000	57.088000	16.860000	18.040000	0.934590
R005bc2008.D10	metabat2.8	R005bc2008.D10_metabat2.8	Kura Decodifi 1x 150 ng (Q)	Klebsiella pneumoniae	u94465ctg_len-418976_circular-no_depth-9-9-9_duplicated-no	350000	375000	25000	61.184000	17.210000	18.040000	0.953991
R005bc2008.D10	metabat2.8	R005bc2008.D10_metabat2.8	Kura Decodifi 1x 150 ng (Q)	Klebsiella pneumoniae	u94465ctg_len-418976_circular-no_depth-9-9-9_duplicated-no	375000	400000	25000	56.600000	16.210000	18.040000	0.898559
R004bc2008.D10	semibin2_0	R004bc2008.D10_semibin2_0	Kura Decodifi 1x 150 ng	Klebsiella pneumoniae	u100162ctg_len-245951_circular-no_depth-11-11-11_duplicated-no	0	25000	25000	56.888000	24.510000	18.390000	1.332790
R004bc2008.D10	semibin2_0	R004bc2008.D10_semibin2_0	Kura Decodifi 1x 150 ng	Klebsiella pneumoniae	u100162ctg_len-245951_circular-no_depth-11-11-11_duplicated-no	25000	50000	25000	56.276000	25.840000	18.390000	1.405111
R004bc2008.D10	semibin2_0	R004bc2008.D10_semibin2_0	Kura Decodifi 1x 150 ng	Klebsiella pneumoniae	u100162ctg_len-245951_circular-no_depth-11-11-11_duplicated-no	50000	75000	25000	54.528000	18.580000	18.390000	1.010332
R004bc2008.D10	semibin2_0	R004bc2008.D10_semibin2_0	Kura Decodifi 1x 150 ng	Klebsiella pneumoniae	u100162ctg_len-245951_circular-no_depth-11-11-11_duplicated-no	75000	100000	25000	52.160000	19.110000	18.390000	1.039152
R004bc2008.D10	semibin2_0	R004bc2008.D10_semibin2_0	Kura Decodifi 1x 150 ng	Klebsiella pneumoniae	u100162ctg_len-245951_circular-no_depth-11-11-11_duplicated-no	100000	125000	25000	56.648000	21.960000	18.390000	1.194127
R004bc2008.D10	semibin2_0	R004bc2008.D10_semibin2_0	Kura Decodifi 1x 150 ng	Klebsiella pneumoniae	u100162ctg_len-245951_circular-no_depth-11-11-11_duplicated-no	125000	150000	25000	58.264000	20.670000	18.390000	1.123980
R004bc2008.D10	semibin2_0	R004bc2008.D10_semibin2_0	Kura Decodifi 1x 150 ng	Klebsiella pneumoniae	u100162ctg_len-245951_circular-no_depth-11-11-11_duplicated-no	150000	175000	25000	57.724000	17.160000	18.390000	0.933116
R004bc2008.D10	semibin2_0	R004bc2008.D10_semibin2_0	Kura Decodifi 1x 150 ng	Klebsiella pneumoniae	u100162ctg_len-245951_circular-no_depth-11-11-11_duplicated-no	175000	200000	25000	58.496000	20.880000	18.390000	1.135400
R004bc2008.D10	semibin2_0	R004bc2008.D10_semibin2_0	Kura Decodifi 1x 150 ng	Klebsiella pneumoniae	u100162ctg_len-245951_circular-no_depth-11-11-11_duplicated-no	200000	225000	25000	59.484000	20.450000	18.390000	1.112017
R004bc2008.D10	semibin2_0	R004bc2008.D10_semibin2_0	Kura Decodifi 1x 150 ng	Klebsiella pneumoniae	u13947ctg_len-271857_circular-no_depth-12-12-12_duplicated-no	0	25000	25000	56.748000	16.260000	18.390000	0.884176
R004bc2008.D10	semibin2_0	R004bc2008.D10_semibin2_0	Kura Decodifi 1x 150 ng	Klebsiella pneumoniae	u13947ctg_len-271857_circular-no_depth-12-12-12_duplicated-no	25000	50000	25000	56.732000	22.900000	18.390000	1.245242
R004bc2008.D10	semibin2_0	R004bc2008.D10_semibin2_0	Kura Decodifi 1x 150 ng	Klebsiella pneumoniae	u13947ctg_len-271857_circular-no_depth-12-12-12_duplicated-no	50000	75000	25000	56.728000	21.080000	18.390000	1.146275
R004bc2008.D10	semibin2_0	R004bc2008.D10_semibin2_0	Kura Decodifi 1x 150 ng	Klebsiella pneumoniae	u13947ctg_len-271857_circular-no_depth-12-12-12_duplicated-no	75000	100000	25000	55.660000	25.320000	18.390000	1.376835
R004bc2008.D10	semibin2_0	R004bc2008.D10_semibin2_0	Kura Decodifi 1x 150 ng	Klebsiella pneumoniae	u13947ctg_len-271857_circular-no_depth-12-12-12_duplicated-no	100000	125000	25000	60.224000	19.950000	18.390000	1.084829
R004bc2008.D10	semibin2_0	R004bc2008.D10_semibin2_0	Kura Decodifi 1x 150 ng	Klebsiella pneumoniae	u13947ctg_len-271857_circular-no_depth-12-12-12_duplicated-no	125000	150000	25000	58.376000	21.150000	18.390000	1.150082
R004bc2008.D10	semibin2_0	R004bc2008.D10_semibin2_0	Kura Decodifi 1x 150 ng	Klebsiella pneumoniae	u13947ctg_len-271857_circular-no_depth-12-12-12_duplicated-no	150000	175000	25000	51.572000	21.970000	18.390000	1.194671
R004bc2008.D10	semibin2_0	R004bc2008.D10_semibin2_0	Kura Decodifi 1x 150 ng	Klebsiella pneumoniae	u13947ctg_len-271857_circular-no_depth-12-12-12_duplicated-no	175000	200000	25000	58.296000	21.890000	18.390000	1.190321
R004bc2008.D10	semibin2_0	R004bc2008.D10_semibin2_0	Kura Decodifi 1x 150 ng	Klebsiella pneumoniae	u13947ctg_len-271857_circular-no_depth-12-12-12_duplicated-no	200000	225000	25000	58.180000	23.210000	18.390000	1.262099
R004bc2008.D10	semibin2_0	R004bc2008.D10_semibin2_0	Kura Decodifi 1x 150 ng	Klebsiella pneumoniae	u13947ctg_len-271857_circular-no_depth-12-12-12_duplicated-no	225000	250000	25000	57.088000	20.530000	18.390000	1.116368
R004bc2008.D10	semibin2_0	R004bc2008.D10_semibin2_0	Kura Decodifi 1x 150 ng	Klebsiella pneumoniae	u16090ctg_len-399486_circular-no_depth-11-11-11_duplicated-no	0	25000	25000	55.024000	19.770000	18.390000	1.075041
R004bc2008.D10	semibin2_0	R004bc2008.D10_semibin2_0	Kura Decodifi 1x 150 ng	Klebsiella pneumoniae	u16090ctg_len-399486_circular-no_depth-11-11-11_duplicated-no	25000	50000	25000	55.728000	18.490000	18.390000	1.005438
R004bc2008.D10	semibin2_0	R004bc2008.D10_semibin2_0	Kura Decodifi 1x 150 ng	Klebsiella pneumoniae	u16090ctg_len-399486_circular-no_depth-11-11-11_duplicated-no	50000	75000	25000	56.568000	18.100000	18.390000	0.984231
R004bc2008.D10	semibin2_0	R004bc2008.D10_semibin2_0	Kura Decodifi 1x 150 ng	Klebsiella pneumoniae	u16090ctg_len-399486_circular-no_depth-11-11-11_duplicated-no	75000	100000	25000	59.408000	22.770000	18.390000	1.238173
R004bc2008.D10	semibin2_0	R004bc2008.D10_semibin2_0	Kura Decodifi 1x 150 ng	Klebsiella pneumoniae	u16090ctg_len-399486_circular-no_depth-11-11-11_duplicated-no	100000	125000	25000	59.368000	21.480000	18.390000	1.168026
R004bc2008.D10	semibin2_0	R004bc2008.D10_semibin2_0	Kura Decodifi 1x 150 ng	Klebsiella pneumoniae	u16090ctg_len-399486_circular-no_depth-11-11-11_duplicated-no	125000	150000	25000	48.280000	21.340000	18.390000	1.160413
R004bc2008.D10	semibin2_0	R004bc2008.D10_semibin2_0	Kura Decodifi 1x 150 ng	Klebsiella pneumoniae	u16090ctg_len-399486_circular-no_depth-11-11-11_duplicated-no	150000	175000	25000	56.280000	21.730000	18.390000	1.181620
R004bc2008.D10	semibin2_0	R004bc2008.D10_semibin2_0	Kura Decodifi 1x 150 ng	Klebsiella pneumoniae	u16090ctg_len-399486_circular-no_depth-11-11-11_duplicated-no	175000	200000	25000	60.028000	19.240000	18.390000	1.046221
R004bc2008.D10	semibin2_0	R004bc2008.D10_semibin2_0	Kura Decodifi 1x 150 ng	Klebsiella pneumoniae	u16090ctg_len-399486_circular-no_depth-11-11-11_duplicated-no	200000	225000	25000	58.004000	18.040000	18.390000	0.980968
R004bc2008.D10	semibin2_0	R004bc2008.D10_semibin2_0	Kura Decodifi 1x 150 ng	Klebsiella pneumoniae	u16090ctg_len-399486_circular-no_depth-11-11-11_duplicated-no	225000	250000	25000	57.180000	16.060000	18.390000	0.873301
R004bc2008.D10	semibin2_0	R004bc2008.D10_semibin2_0	Kura Decodifi 1x 150 ng	Klebsiella pneumoniae	u16090ctg_len-399486_circular-no_depth-11-11-11_duplicated-no	250000	275000	25000	57.136000	15.240000	18.390000	0.828711
R004bc2008.D10	semibin2_0	R004bc2008.D10_semibin2_0	Kura Decodifi 1x 150 ng	Klebsiella pneumoniae	u16090ctg_len-399486_circular-no_depth-11-11-11_duplicated-no	275000	300000	25000	57.640000	19.190000	18.390000	1.043502
R004bc2008.D10	semibin2_0	R004bc2008.D10_semibin2_0	Kura Decodifi 1x 150 ng	Klebsiella pneumoniae	u16090ctg_len-399486_circular-no_depth-11-11-11_duplicated-no	300000	325000	25000	59.292000	22.430000	18.390000	1.219685
R004bc2008.D10	semibin2_0	R004bc2008.D10_semibin2_0	Kura Decodifi 1x 150 ng	Klebsiella pneumoniae	u16090ctg_len-399486_circular-no_depth-11-11-11_duplicated-no	325000	350000	25000	49.872000	22.430000	18.390000	1.219685
R004bc2008.D10	semibin2_0	R004bc2008.D10_semibin2_0	Kura Decodifi 1x 150 ng	Klebsiella pneumoniae	u16090ctg_len-399486_circular-no_depth-11-11-11_duplicated-no	350000	375000	25000	57.948000	17.820000	18.390000	0.969005
R004bc2008.D10	semibin2_0	R004bc2008.D10_semibin2_0	Kura Decodifi 1x 150 ng	Klebsiella pneumoniae	u19719ctg_len-313186_circular-no_depth-11-11-11_duplicated-no	0	25000	25000	60.408000	16.070000	18.390000	0.873844
R004bc2008.D10	semibin2_0	R004bc2008.D10_semibin2_0	Kura Decodifi 1x 150 ng	Klebsiella pneumoniae	u19719ctg_len-313186_circular-no_depth-11-11-11_duplicated-no	25000	50000	25000	61.060000	16.440000	18.390000	0.893964
R004bc2008.D10	semibin2_0	R004bc2008.D10_semibin2_0	Kura Decodifi 1x 150 ng	Klebsiella pneumoniae	u19719ctg_len-313186_circular-no_depth-11-11-11_duplicated-no	50000	75000	25000	58.368000	22.830000	18.390000	1.241436
R004bc2008.D10	semibin2_0	R004bc2008.D10_semibin2_0	Kura Decodifi 1x 150 ng	Klebsiella pneumoniae	u19719ctg_len-313186_circular-no_depth-11-11-11_duplicated-no	75000	100000	25000	57.292000	16.790000	18.390000	0.912996
R004bc2008.D10	semibin2_0	R004bc2008.D10_semibin2_0	Kura Decodifi 1x 150 ng	Klebsiella pneumoniae	u19719ctg_len-313186_circular-no_depth-11-11-11_duplicated-no	100000	125000	25000	58.300000	19.190000	18.390000	1.043502
R004bc2008.D10	semibin2_0	R004bc2008.D10_semibin2_0	Kura Decodifi 1x 150 ng	Klebsiella pneumoniae	u19719ctg_len-313186_circular-no_depth-11-11-11_duplicated-no	125000	150000	25000	56.152000	20.680000	18.390000	1.124524
R004bc2008.D10	semibin2_0	R004bc2008.D10_semibin2_0	Kura Decodifi 1x 150 ng	Klebsiella pneumoniae	u19719ctg_len-313186_circular-no_depth-11-11-11_duplicated-no	150000	175000	25000	56.972000	18.200000	18.390000	0.989668
R004bc2008.D10	semibin2_0	R004bc2008.D10_semibin2_0	Kura Decodifi 1x 150 ng	Klebsiella pneumoniae	u19719ctg_len-313186_circular-no_depth-11-11-11_duplicated-no	175000	200000	25000	53.736000	18.470000	18.390000	1.004350
R004bc2008.D10	semibin2_0	R004bc2008.D10_semibin2_0	Kura Decodifi 1x 150 ng	Klebsiella pneumoniae	u19719ctg_len-313186_circular-no_depth-11-11-11_duplicated-no	200000	225000	25000	53.892000	20.170000	18.390000	1.096792
R004bc2008.D10	semibin2_0	R004bc2008.D10_semibin2_0	Kura Decodifi 1x 150 ng	Klebsiella pneumoniae	u19719ctg_len-313186_circular-no_depth-11-11-11_duplicated-no	225000	250000	25000	55.556000	20.290000	18.390000	1.103317
R004bc2008.D10	semibin2_0	R004bc2008.D10_semibin2_0	Kura Decodifi 1x 150 ng	Klebsiella pneumoniae	u19719ctg_len-313186_circular-no_depth-11-11-11_duplicated-no	250000	275000	25000	54.800000	18.650000	18.390000	1.014138
R004bc2008.D10	semibin2_0	R004bc2008.D10_semibin2_0	Kura Decodifi 1x 150 ng	Klebsiella pneumoniae	u19719ctg_len-313186_circular-no_depth-11-11-11_duplicated-no	275000	300000	25000	51.112000	32.820000	18.390000	1.784666
R004bc2008.D10	semibin2_0	R004bc2008.D10_semibin2_0	Kura Decodifi 1x 150 ng	Klebsiella pneumoniae	u22202ctg_len-213426_circular-no_depth-10-10-10_duplicated-no	0	25000	25000	58.628000	14.740000	18.390000	0.801523
R004bc2008.D10	semibin2_0	R004bc2008.D10_semibin2_0	Kura Decodifi 1x 150 ng	Klebsiella pneumoniae	u22202ctg_len-213426_circular-no_depth-10-10-10_duplicated-no	25000	50000	25000	62.680000	15.980000	18.390000	0.868951
R004bc2008.D10	semibin2_0	R004bc2008.D10_semibin2_0	Kura Decodifi 1x 150 ng	Klebsiella pneumoniae	u22202ctg_len-213426_circular-no_depth-10-10-10_duplicated-no	50000	75000	25000	61.004000	15.410000	18.390000	0.837955
R004bc2008.D10	semibin2_0	R004bc2008.D10_semibin2_0	Kura Decodifi 1x 150 ng	Klebsiella pneumoniae	u22202ctg_len-213426_circular-no_depth-10-10-10_duplicated-no	75000	100000	25000	60.940000	14.710000	18.390000	0.799891
R004bc2008.D10	semibin2_0	R004bc2008.D10_semibin2_0	Kura Decodifi 1x 150 ng	Klebsiella pneumoniae	u22202ctg_len-213426_circular-no_depth-10-10-10_duplicated-no	100000	125000	25000	59.956000	22.090000	18.390000	1.201196
R004bc2008.D10	semibin2_0	R004bc2008.D10_semibin2_0	Kura Decodifi 1x 150 ng	Klebsiella pneumoniae	u22202ctg_len-213426_circular-no_depth-10-10-10_duplicated-no	125000	150000	25000	57.608000	18.460000	18.390000	1.003806
R004bc2008.D10	semibin2_0	R004bc2008.D10_semibin2_0	Kura Decodifi 1x 150 ng	Klebsiella pneumoniae	u22202ctg_len-213426_circular-no_depth-10-10-10_duplicated-no	150000	175000	25000	46.792000	25.970000	18.390000	1.412181
R004bc2008.D10	semibin2_0	R004bc2008.D10_semibin2_0	Kura Decodifi 1x 150 ng	Klebsiella pneumoniae	u22202ctg_len-213426_circular-no_depth-10-10-10_duplicated-no	175000	200000	25000	57.852000	16.560000	18.390000	0.900489
R004bc2008.D10	semibin2_0	R004bc2008.D10_semibin2_0	Kura Decodifi 1x 150 ng	Klebsiella pneumoniae	u23109ctg_len-139437_circular-no_depth-9-9-9_duplicated-no	0	25000	25000	56.988000	12.830000	18.390000	0.697662
R004bc2008.D10	semibin2_0	R004bc2008.D10_semibin2_0	Kura Decodifi 1x 150 ng	Klebsiella pneumoniae	u23109ctg_len-139437_circular-no_depth-9-9-9_duplicated-no	25000	50000	25000	57.488000	21.530000	18.390000	1.170745
R004bc2008.D10	semibin2_0	R004bc2008.D10_semibin2_0	Kura Decodifi 1x 150 ng	Klebsiella pneumoniae	u23109ctg_len-139437_circular-no_depth-9-9-9_duplicated-no	50000	75000	25000	62.328000	17.490000	18.390000	0.951060
R004bc2008.D10	semibin2_0	R004bc2008.D10_semibin2_0	Kura Decodifi 1x 150 ng	Klebsiella pneumoniae	u23109ctg_len-139437_circular-no_depth-9-9-9_duplicated-no	75000	100000	25000	63.080000	15.710000	18.390000	0.854269
R004bc2008.D10	semibin2_0	R004bc2008.D10_semibin2_0	Kura Decodifi 1x 150 ng	Klebsiella pneumoniae	u23109ctg_len-139437_circular-no_depth-9-9-9_duplicated-no	100000	125000	25000	60.924000	18.770000	18.390000	1.020663
R004bc2008.D10	semibin2_0	R004bc2008.D10_semibin2_0	Kura Decodifi 1x 150 ng	Klebsiella pneumoniae	u34649ctg_len-114159_circular-no_depth-9-9-9_duplicated-no	0	25000	25000	60.052000	16.030000	18.390000	0.871669
R004bc2008.D10	semibin2_0	R004bc2008.D10_semibin2_0	Kura Decodifi 1x 150 ng	Klebsiella pneumoniae	u34649ctg_len-114159_circular-no_depth-9-9-9_duplicated-no	25000	50000	25000	59.412000	16.580000	18.390000	0.901577
R004bc2008.D10	semibin2_0	R004bc2008.D10_semibin2_0	Kura Decodifi 1x 150 ng	Klebsiella pneumoniae	u34649ctg_len-114159_circular-no_depth-9-9-9_duplicated-no	50000	75000	25000	57.212000	16.950000	18.390000	0.921697
R004bc2008.D10	semibin2_0	R004bc2008.D10_semibin2_0	Kura Decodifi 1x 150 ng	Klebsiella pneumoniae	u34649ctg_len-114159_circular-no_depth-9-9-9_duplicated-no	75000	100000	25000	57.548000	14.110000	18.390000	0.767265
R004bc2008.D10	semibin2_0	R004bc2008.D10_semibin2_0	Kura Decodifi 1x 150 ng	Klebsiella pneumoniae	u427ctg_len-56684_circular-no_depth-13-13-13_duplicated-no	0	25000	25000	56.688000	16.980000	18.390000	0.923328
R004bc2008.D10	semibin2_0	R004bc2008.D10_semibin2_0	Kura Decodifi 1x 150 ng	Klebsiella pneumoniae	u427ctg_len-56684_circular-no_depth-13-13-13_duplicated-no	25000	50000	25000	54.252000	23.660000	18.390000	1.286569
R004bc2008.D10	semibin2_0	R004bc2008.D10_semibin2_0	Kura Decodifi 1x 150 ng	Klebsiella pneumoniae	u44568ctg_len-80456_circular-no_depth-10-10-10_duplicated-no	0	25000	25000	56.896000	12.200000	18.390000	0.663404
R004bc2008.D10	semibin2_0	R004bc2008.D10_semibin2_0	Kura Decodifi 1x 150 ng	Klebsiella pneumoniae	u44568ctg_len-80456_circular-no_depth-10-10-10_duplicated-no	25000	50000	25000	59.488000	20.030000	18.390000	1.089179
R004bc2008.D10	semibin2_0	R004bc2008.D10_semibin2_0	Kura Decodifi 1x 150 ng	Klebsiella pneumoniae	u44568ctg_len-80456_circular-no_depth-10-10-10_duplicated-no	50000	75000	25000	49.860000	18.690000	18.390000	1.016313
R004bc2008.D10	semibin2_0	R004bc2008.D10_semibin2_0	Kura Decodifi 1x 150 ng	Klebsiella pneumoniae	u55178ctg_len-34561_circular-no_depth-9-9-9_duplicated-no	0	25000	25000	61.796000	16.940000	18.390000	0.921153
R004bc2008.D10	semibin2_0	R004bc2008.D10_semibin2_0	Kura Decodifi 1x 150 ng	Klebsiella pneumoniae	u5519ctg_len-347591_circular-no_depth-11-11-11_duplicated-no	0	25000	25000	59.352000	17.960000	18.390000	0.976618
R004bc2008.D10	semibin2_0	R004bc2008.D10_semibin2_0	Kura Decodifi 1x 150 ng	Klebsiella pneumoniae	u5519ctg_len-347591_circular-no_depth-11-11-11_duplicated-no	25000	50000	25000	48.364000	20.670000	18.390000	1.123980
R004bc2008.D10	semibin2_0	R004bc2008.D10_semibin2_0	Kura Decodifi 1x 150 ng	Klebsiella pneumoniae	u5519ctg_len-347591_circular-no_depth-11-11-11_duplicated-no	50000	75000	25000	53.528000	21.550000	18.390000	1.171833
R004bc2008.D10	semibin2_0	R004bc2008.D10_semibin2_0	Kura Decodifi 1x 150 ng	Klebsiella pneumoniae	u5519ctg_len-347591_circular-no_depth-11-11-11_duplicated-no	75000	100000	25000	54.956000	19.820000	18.390000	1.077760
R004bc2008.D10	semibin2_0	R004bc2008.D10_semibin2_0	Kura Decodifi 1x 150 ng	Klebsiella pneumoniae	u5519ctg_len-347591_circular-no_depth-11-11-11_duplicated-no	100000	125000	25000	56.452000	15.810000	18.390000	0.859706
R004bc2008.D10	semibin2_0	R004bc2008.D10_semibin2_0	Kura Decodifi 1x 150 ng	Klebsiella pneumoniae	u5519ctg_len-347591_circular-no_depth-11-11-11_duplicated-no	125000	150000	25000	58.300000	18.490000	18.390000	1.005438
R004bc2008.D10	semibin2_0	R004bc2008.D10_semibin2_0	Kura Decodifi 1x 150 ng	Klebsiella pneumoniae	u5519ctg_len-347591_circular-no_depth-11-11-11_duplicated-no	150000	175000	25000	56.420000	20.520000	18.390000	1.115824
R004bc2008.D10	semibin2_0	R004bc2008.D10_semibin2_0	Kura Decodifi 1x 150 ng	Klebsiella pneumoniae	u5519ctg_len-347591_circular-no_depth-11-11-11_duplicated-no	175000	200000	25000	57.532000	21.580000	18.390000	1.173464
R004bc2008.D10	semibin2_0	R004bc2008.D10_semibin2_0	Kura Decodifi 1x 150 ng	Klebsiella pneumoniae	u5519ctg_len-347591_circular-no_depth-11-11-11_duplicated-no	200000	225000	25000	60.220000	12.520000	18.390000	0.680805
R004bc2008.D10	semibin2_0	R004bc2008.D10_semibin2_0	Kura Decodifi 1x 150 ng	Klebsiella pneumoniae	u5519ctg_len-347591_circular-no_depth-11-11-11_duplicated-no	225000	250000	25000	58.796000	16.880000	18.390000	0.917890
R004bc2008.D10	semibin2_0	R004bc2008.D10_semibin2_0	Kura Decodifi 1x 150 ng	Klebsiella pneumoniae	u5519ctg_len-347591_circular-no_depth-11-11-11_duplicated-no	250000	275000	25000	53.292000	17.730000	18.390000	0.964111
R004bc2008.D10	semibin2_0	R004bc2008.D10_semibin2_0	Kura Decodifi 1x 150 ng	Klebsiella pneumoniae	u5519ctg_len-347591_circular-no_depth-11-11-11_duplicated-no	275000	300000	25000	61.220000	14.640000	18.390000	0.796085
R004bc2008.D10	semibin2_0	R004bc2008.D10_semibin2_0	Kura Decodifi 1x 150 ng	Klebsiella pneumoniae	u5519ctg_len-347591_circular-no_depth-11-11-11_duplicated-no	300000	325000	25000	55.264000	15.310000	18.390000	0.832518
R004bc2008.D10	semibin2_0	R004bc2008.D10_semibin2_0	Kura Decodifi 1x 150 ng	Klebsiella pneumoniae	u58543ctg_len-199985_circular-no_depth-9-9-9_duplicated-no	0	25000	25000	60.380000	15.570000	18.390000	0.846656
R004bc2008.D10	semibin2_0	R004bc2008.D10_semibin2_0	Kura Decodifi 1x 150 ng	Klebsiella pneumoniae	u58543ctg_len-199985_circular-no_depth-9-9-9_duplicated-no	25000	50000	25000	57.348000	14.570000	18.390000	0.792278
R004bc2008.D10	semibin2_0	R004bc2008.D10_semibin2_0	Kura Decodifi 1x 150 ng	Klebsiella pneumoniae	u58543ctg_len-199985_circular-no_depth-9-9-9_duplicated-no	50000	75000	25000	58.768000	15.190000	18.390000	0.825992
R004bc2008.D10	semibin2_0	R004bc2008.D10_semibin2_0	Kura Decodifi 1x 150 ng	Klebsiella pneumoniae	u58543ctg_len-199985_circular-no_depth-9-9-9_duplicated-no	75000	100000	25000	57.764000	20.570000	18.390000	1.118543
R004bc2008.D10	semibin2_0	R004bc2008.D10_semibin2_0	Kura Decodifi 1x 150 ng	Klebsiella pneumoniae	u58543ctg_len-199985_circular-no_depth-9-9-9_duplicated-no	100000	125000	25000	59.652000	17.580000	18.390000	0.955954
R004bc2008.D10	semibin2_0	R004bc2008.D10_semibin2_0	Kura Decodifi 1x 150 ng	Klebsiella pneumoniae	u58543ctg_len-199985_circular-no_depth-9-9-9_duplicated-no	125000	150000	25000	60.276000	19.200000	18.390000	1.044046
R004bc2008.D10	semibin2_0	R004bc2008.D10_semibin2_0	Kura Decodifi 1x 150 ng	Klebsiella pneumoniae	u58543ctg_len-199985_circular-no_depth-9-9-9_duplicated-no	150000	175000	25000	52.504000	20.650000	18.390000	1.122893
R004bc2008.D10	semibin2_0	R004bc2008.D10_semibin2_0	Kura Decodifi 1x 150 ng	Klebsiella pneumoniae	u62156ctg_len-217624_circular-no_depth-11-11-11_duplicated-no	0	25000	25000	55.380000	18.400000	18.390000	1.000544
R004bc2008.D10	semibin2_0	R004bc2008.D10_semibin2_0	Kura Decodifi 1x 150 ng	Klebsiella pneumoniae	u62156ctg_len-217624_circular-no_depth-11-11-11_duplicated-no	25000	50000	25000	58.288000	16.460000	18.390000	0.895052
R004bc2008.D10	semibin2_0	R004bc2008.D10_semibin2_0	Kura Decodifi 1x 150 ng	Klebsiella pneumoniae	u62156ctg_len-217624_circular-no_depth-11-11-11_duplicated-no	50000	75000	25000	60.412000	17.050000	18.390000	0.927134
R004bc2008.D10	semibin2_0	R004bc2008.D10_semibin2_0	Kura Decodifi 1x 150 ng	Klebsiella pneumoniae	u62156ctg_len-217624_circular-no_depth-11-11-11_duplicated-no	75000	100000	25000	56.672000	19.690000	18.390000	1.070691
R004bc2008.D10	semibin2_0	R004bc2008.D10_semibin2_0	Kura Decodifi 1x 150 ng	Klebsiella pneumoniae	u62156ctg_len-217624_circular-no_depth-11-11-11_duplicated-no	100000	125000	25000	49.664000	21.540000	18.390000	1.171289
R004bc2008.D10	semibin2_0	R004bc2008.D10_semibin2_0	Kura Decodifi 1x 150 ng	Klebsiella pneumoniae	u62156ctg_len-217624_circular-no_depth-11-11-11_duplicated-no	125000	150000	25000	54.572000	16.360000	18.390000	0.889614
R004bc2008.D10	semibin2_0	R004bc2008.D10_semibin2_0	Kura Decodifi 1x 150 ng	Klebsiella pneumoniae	u62156ctg_len-217624_circular-no_depth-11-11-11_duplicated-no	150000	175000	25000	51.672000	22.620000	18.390000	1.230016
R004bc2008.D10	semibin2_0	R004bc2008.D10_semibin2_0	Kura Decodifi 1x 150 ng	Klebsiella pneumoniae	u62156ctg_len-217624_circular-no_depth-11-11-11_duplicated-no	175000	200000	25000	51.456000	26.100000	18.390000	1.419250
R004bc2008.D10	semibin2_0	R004bc2008.D10_semibin2_0	Kura Decodifi 1x 150 ng	Klebsiella pneumoniae	u64526ctg_len-138926_circular-no_depth-10-10-10_duplicated-no	0	25000	25000	60.248000	17.930000	18.390000	0.974986
R004bc2008.D10	semibin2_0	R004bc2008.D10_semibin2_0	Kura Decodifi 1x 150 ng	Klebsiella pneumoniae	u64526ctg_len-138926_circular-no_depth-10-10-10_duplicated-no	25000	50000	25000	55.876000	19.520000	18.390000	1.061446
R004bc2008.D10	semibin2_0	R004bc2008.D10_semibin2_0	Kura Decodifi 1x 150 ng	Klebsiella pneumoniae	u64526ctg_len-138926_circular-no_depth-10-10-10_duplicated-no	50000	75000	25000	56.348000	17.310000	18.390000	0.941272
R004bc2008.D10	semibin2_0	R004bc2008.D10_semibin2_0	Kura Decodifi 1x 150 ng	Klebsiella pneumoniae	u64526ctg_len-138926_circular-no_depth-10-10-10_duplicated-no	75000	100000	25000	56.956000	20.440000	18.390000	1.111474
R004bc2008.D10	semibin2_0	R004bc2008.D10_semibin2_0	Kura Decodifi 1x 150 ng	Klebsiella pneumoniae	u64526ctg_len-138926_circular-no_depth-10-10-10_duplicated-no	100000	125000	25000	55.292000	18.300000	18.390000	0.995106
R004bc2008.D10	semibin2_0	R004bc2008.D10_semibin2_0	Kura Decodifi 1x 150 ng	Klebsiella pneumoniae	u71292ctg_len-463991_circular-no_depth-9-9-9_duplicated-no	0	25000	25000	57.892000	19.900000	18.390000	1.082110
R004bc2008.D10	semibin2_0	R004bc2008.D10_semibin2_0	Kura Decodifi 1x 150 ng	Klebsiella pneumoniae	u71292ctg_len-463991_circular-no_depth-9-9-9_duplicated-no	25000	50000	25000	60.192000	18.640000	18.390000	1.013594
R004bc2008.D10	semibin2_0	R004bc2008.D10_semibin2_0	Kura Decodifi 1x 150 ng	Klebsiella pneumoniae	u71292ctg_len-463991_circular-no_depth-9-9-9_duplicated-no	50000	75000	25000	60.636000	14.440000	18.390000	0.785209
R004bc2008.D10	semibin2_0	R004bc2008.D10_semibin2_0	Kura Decodifi 1x 150 ng	Klebsiella pneumoniae	u71292ctg_len-463991_circular-no_depth-9-9-9_duplicated-no	75000	100000	25000	58.740000	17.120000	18.390000	0.930941
R004bc2008.D10	semibin2_0	R004bc2008.D10_semibin2_0	Kura Decodifi 1x 150 ng	Klebsiella pneumoniae	u71292ctg_len-463991_circular-no_depth-9-9-9_duplicated-no	100000	125000	25000	52.720000	16.760000	18.390000	0.911365
R004bc2008.D10	semibin2_0	R004bc2008.D10_semibin2_0	Kura Decodifi 1x 150 ng	Klebsiella pneumoniae	u71292ctg_len-463991_circular-no_depth-9-9-9_duplicated-no	125000	150000	25000	53.652000	18.380000	18.390000	0.999456
R004bc2008.D10	semibin2_0	R004bc2008.D10_semibin2_0	Kura Decodifi 1x 150 ng	Klebsiella pneumoniae	u71292ctg_len-463991_circular-no_depth-9-9-9_duplicated-no	150000	175000	25000	57.096000	18.530000	18.390000	1.007613
R004bc2008.D10	semibin2_0	R004bc2008.D10_semibin2_0	Kura Decodifi 1x 150 ng	Klebsiella pneumoniae	u71292ctg_len-463991_circular-no_depth-9-9-9_duplicated-no	175000	200000	25000	56.800000	17.360000	18.390000	0.943991
R004bc2008.D10	semibin2_0	R004bc2008.D10_semibin2_0	Kura Decodifi 1x 150 ng	Klebsiella pneumoniae	u71292ctg_len-463991_circular-no_depth-9-9-9_duplicated-no	200000	225000	25000	59.116000	18.500000	18.390000	1.005982
R004bc2008.D10	semibin2_0	R004bc2008.D10_semibin2_0	Kura Decodifi 1x 150 ng	Klebsiella pneumoniae	u71292ctg_len-463991_circular-no_depth-9-9-9_duplicated-no	225000	250000	25000	59.440000	18.190000	18.390000	0.989125
R004bc2008.D10	semibin2_0	R004bc2008.D10_semibin2_0	Kura Decodifi 1x 150 ng	Klebsiella pneumoniae	u71292ctg_len-463991_circular-no_depth-9-9-9_duplicated-no	250000	275000	25000	58.428000	18.140000	18.390000	0.986406
R004bc2008.D10	semibin2_0	R004bc2008.D10_semibin2_0	Kura Decodifi 1x 150 ng	Klebsiella pneumoniae	u71292ctg_len-463991_circular-no_depth-9-9-9_duplicated-no	275000	300000	25000	57.712000	14.560000	18.390000	0.791735
R004bc2008.D10	semibin2_0	R004bc2008.D10_semibin2_0	Kura Decodifi 1x 150 ng	Klebsiella pneumoniae	u71292ctg_len-463991_circular-no_depth-9-9-9_duplicated-no	300000	325000	25000	58.188000	17.360000	18.390000	0.943991
R004bc2008.D10	semibin2_0	R004bc2008.D10_semibin2_0	Kura Decodifi 1x 150 ng	Klebsiella pneumoniae	u71292ctg_len-463991_circular-no_depth-9-9-9_duplicated-no	325000	350000	25000	59.976000	13.400000	18.390000	0.728657
R004bc2008.D10	semibin2_0	R004bc2008.D10_semibin2_0	Kura Decodifi 1x 150 ng	Klebsiella pneumoniae	u71292ctg_len-463991_circular-no_depth-9-9-9_duplicated-no	350000	375000	25000	59.352000	17.870000	18.390000	0.971724
R004bc2008.D10	semibin2_0	R004bc2008.D10_semibin2_0	Kura Decodifi 1x 150 ng	Klebsiella pneumoniae	u71292ctg_len-463991_circular-no_depth-9-9-9_duplicated-no	375000	400000	25000	59.988000	18.270000	18.390000	0.993475
R004bc2008.D10	semibin2_0	R004bc2008.D10_semibin2_0	Kura Decodifi 1x 150 ng	Klebsiella pneumoniae	u71292ctg_len-463991_circular-no_depth-9-9-9_duplicated-no	400000	425000	25000	60.908000	16.860000	18.390000	0.916803
R004bc2008.D10	semibin2_0	R004bc2008.D10_semibin2_0	Kura Decodifi 1x 150 ng	Klebsiella pneumoniae	u71292ctg_len-463991_circular-no_depth-9-9-9_duplicated-no	425000	450000	25000	58.644000	17.430000	18.390000	0.947798
R004bc2008.D10	semibin2_0	R004bc2008.D10_semibin2_0	Kura Decodifi 1x 150 ng	Klebsiella pneumoniae	u72113ctg_len-131644_circular-no_depth-9-9-9_duplicated-no	0	25000	25000	57.148000	19.210000	18.390000	1.044589
R004bc2008.D10	semibin2_0	R004bc2008.D10_semibin2_0	Kura Decodifi 1x 150 ng	Klebsiella pneumoniae	u72113ctg_len-131644_circular-no_depth-9-9-9_duplicated-no	25000	50000	25000	58.456000	16.450000	18.390000	0.894508
R004bc2008.D10	semibin2_0	R004bc2008.D10_semibin2_0	Kura Decodifi 1x 150 ng	Klebsiella pneumoniae	u72113ctg_len-131644_circular-no_depth-9-9-9_duplicated-no	50000	75000	25000	58.796000	14.000000	18.390000	0.761283
R004bc2008.D10	semibin2_0	R004bc2008.D10_semibin2_0	Kura Decodifi 1x 150 ng	Klebsiella pneumoniae	u72113ctg_len-131644_circular-no_depth-9-9-9_duplicated-no	75000	100000	25000	60.260000	18.170000	18.390000	0.988037
R004bc2008.D10	semibin2_0	R004bc2008.D10_semibin2_0	Kura Decodifi 1x 150 ng	Klebsiella pneumoniae	u72113ctg_len-131644_circular-no_depth-9-9-9_duplicated-no	100000	125000	25000	59.248000	15.250000	18.390000	0.829255
R004bc2008.D10	semibin2_0	R004bc2008.D10_semibin2_0	Kura Decodifi 1x 150 ng	Klebsiella pneumoniae	u74274ctg_len-184866_circular-no_depth-11-11-11_duplicated-no	0	25000	25000	59.944000	18.100000	18.390000	0.984231
R004bc2008.D10	semibin2_0	R004bc2008.D10_semibin2_0	Kura Decodifi 1x 150 ng	Klebsiella pneumoniae	u74274ctg_len-184866_circular-no_depth-11-11-11_duplicated-no	25000	50000	25000	57.800000	17.470000	18.390000	0.949973
R004bc2008.D10	semibin2_0	R004bc2008.D10_semibin2_0	Kura Decodifi 1x 150 ng	Klebsiella pneumoniae	u74274ctg_len-184866_circular-no_depth-11-11-11_duplicated-no	50000	75000	25000	56.380000	17.340000	18.390000	0.942904
R004bc2008.D10	semibin2_0	R004bc2008.D10_semibin2_0	Kura Decodifi 1x 150 ng	Klebsiella pneumoniae	u74274ctg_len-184866_circular-no_depth-11-11-11_duplicated-no	75000	100000	25000	57.920000	17.750000	18.390000	0.965198
R004bc2008.D10	semibin2_0	R004bc2008.D10_semibin2_0	Kura Decodifi 1x 150 ng	Klebsiella pneumoniae	u74274ctg_len-184866_circular-no_depth-11-11-11_duplicated-no	100000	125000	25000	54.836000	21.860000	18.390000	1.188690
R004bc2008.D10	semibin2_0	R004bc2008.D10_semibin2_0	Kura Decodifi 1x 150 ng	Klebsiella pneumoniae	u74274ctg_len-184866_circular-no_depth-11-11-11_duplicated-no	125000	150000	25000	58.516000	15.520000	18.390000	0.843937
R004bc2008.D10	semibin2_0	R004bc2008.D10_semibin2_0	Kura Decodifi 1x 150 ng	Klebsiella pneumoniae	u74274ctg_len-184866_circular-no_depth-11-11-11_duplicated-no	150000	175000	25000	58.516000	17.820000	18.390000	0.969005
R004bc2008.D10	semibin2_0	R004bc2008.D10_semibin2_0	Kura Decodifi 1x 150 ng	Klebsiella pneumoniae	u78125ctg_len-490604_circular-no_depth-10-10-10_duplicated-no	0	25000	25000	58.664000	12.820000	18.390000	0.697118
R004bc2008.D10	semibin2_0	R004bc2008.D10_semibin2_0	Kura Decodifi 1x 150 ng	Klebsiella pneumoniae	u78125ctg_len-490604_circular-no_depth-10-10-10_duplicated-no	25000	50000	25000	58.300000	15.900000	18.390000	0.864600
R004bc2008.D10	semibin2_0	R004bc2008.D10_semibin2_0	Kura Decodifi 1x 150 ng	Klebsiella pneumoniae	u78125ctg_len-490604_circular-no_depth-10-10-10_duplicated-no	50000	75000	25000	59.440000	18.130000	18.390000	0.985862
R004bc2008.D10	semibin2_0	R004bc2008.D10_semibin2_0	Kura Decodifi 1x 150 ng	Klebsiella pneumoniae	u78125ctg_len-490604_circular-no_depth-10-10-10_duplicated-no	75000	100000	25000	58.548000	20.240000	18.390000	1.100598
R004bc2008.D10	semibin2_0	R004bc2008.D10_semibin2_0	Kura Decodifi 1x 150 ng	Klebsiella pneumoniae	u78125ctg_len-490604_circular-no_depth-10-10-10_duplicated-no	100000	125000	25000	57.172000	23.310000	18.390000	1.267537
R004bc2008.D10	semibin2_0	R004bc2008.D10_semibin2_0	Kura Decodifi 1x 150 ng	Klebsiella pneumoniae	u78125ctg_len-490604_circular-no_depth-10-10-10_duplicated-no	125000	150000	25000	62.592000	14.090000	18.390000	0.766177
R004bc2008.D10	semibin2_0	R004bc2008.D10_semibin2_0	Kura Decodifi 1x 150 ng	Klebsiella pneumoniae	u78125ctg_len-490604_circular-no_depth-10-10-10_duplicated-no	150000	175000	25000	58.876000	16.810000	18.390000	0.914084
R004bc2008.D10	semibin2_0	R004bc2008.D10_semibin2_0	Kura Decodifi 1x 150 ng	Klebsiella pneumoniae	u78125ctg_len-490604_circular-no_depth-10-10-10_duplicated-no	175000	200000	25000	55.808000	20.200000	18.390000	1.098423
R004bc2008.D10	semibin2_0	R004bc2008.D10_semibin2_0	Kura Decodifi 1x 150 ng	Klebsiella pneumoniae	u78125ctg_len-490604_circular-no_depth-10-10-10_duplicated-no	200000	225000	25000	59.372000	14.990000	18.390000	0.815117
R004bc2008.D10	semibin2_0	R004bc2008.D10_semibin2_0	Kura Decodifi 1x 150 ng	Klebsiella pneumoniae	u78125ctg_len-490604_circular-no_depth-10-10-10_duplicated-no	225000	250000	25000	57.832000	21.140000	18.390000	1.149538
R004bc2008.D10	semibin2_0	R004bc2008.D10_semibin2_0	Kura Decodifi 1x 150 ng	Klebsiella pneumoniae	u78125ctg_len-490604_circular-no_depth-10-10-10_duplicated-no	250000	275000	25000	58.224000	17.300000	18.390000	0.940729
R004bc2008.D10	semibin2_0	R004bc2008.D10_semibin2_0	Kura Decodifi 1x 150 ng	Klebsiella pneumoniae	u78125ctg_len-490604_circular-no_depth-10-10-10_duplicated-no	275000	300000	25000	56.788000	21.710000	18.390000	1.180533
R004bc2008.D10	semibin2_0	R004bc2008.D10_semibin2_0	Kura Decodifi 1x 150 ng	Klebsiella pneumoniae	u78125ctg_len-490604_circular-no_depth-10-10-10_duplicated-no	300000	325000	25000	59.992000	18.750000	18.390000	1.019576
R004bc2008.D10	semibin2_0	R004bc2008.D10_semibin2_0	Kura Decodifi 1x 150 ng	Klebsiella pneumoniae	u78125ctg_len-490604_circular-no_depth-10-10-10_duplicated-no	325000	350000	25000	56.896000	20.330000	18.390000	1.105492
R004bc2008.D10	semibin2_0	R004bc2008.D10_semibin2_0	Kura Decodifi 1x 150 ng	Klebsiella pneumoniae	u78125ctg_len-490604_circular-no_depth-10-10-10_duplicated-no	350000	375000	25000	57.064000	16.290000	18.390000	0.885808
R004bc2008.D10	semibin2_0	R004bc2008.D10_semibin2_0	Kura Decodifi 1x 150 ng	Klebsiella pneumoniae	u78125ctg_len-490604_circular-no_depth-10-10-10_duplicated-no	375000	400000	25000	58.196000	17.500000	18.390000	0.951604
R004bc2008.D10	semibin2_0	R004bc2008.D10_semibin2_0	Kura Decodifi 1x 150 ng	Klebsiella pneumoniae	u78125ctg_len-490604_circular-no_depth-10-10-10_duplicated-no	400000	425000	25000	56.736000	17.750000	18.390000	0.965198
R004bc2008.D10	semibin2_0	R004bc2008.D10_semibin2_0	Kura Decodifi 1x 150 ng	Klebsiella pneumoniae	u78125ctg_len-490604_circular-no_depth-10-10-10_duplicated-no	425000	450000	25000	57.824000	17.970000	18.390000	0.977162
R004bc2008.D10	semibin2_0	R004bc2008.D10_semibin2_0	Kura Decodifi 1x 150 ng	Klebsiella pneumoniae	u78125ctg_len-490604_circular-no_depth-10-10-10_duplicated-no	450000	475000	25000	57.772000	16.220000	18.390000	0.882001
R004bc2008.D10	semibin2_0	R004bc2008.D10_semibin2_0	Kura Decodifi 1x 150 ng	Klebsiella pneumoniae	u83055ctg_len-235716_circular-no_depth-11-11-11_duplicated-no	0	25000	25000	53.372000	24.540000	18.390000	1.334421
R004bc2008.D10	semibin2_0	R004bc2008.D10_semibin2_0	Kura Decodifi 1x 150 ng	Klebsiella pneumoniae	u83055ctg_len-235716_circular-no_depth-11-11-11_duplicated-no	25000	50000	25000	58.512000	16.240000	18.390000	0.883089
R004bc2008.D10	semibin2_0	R004bc2008.D10_semibin2_0	Kura Decodifi 1x 150 ng	Klebsiella pneumoniae	u83055ctg_len-235716_circular-no_depth-11-11-11_duplicated-no	50000	75000	25000	54.936000	25.250000	18.390000	1.373029
R004bc2008.D10	semibin2_0	R004bc2008.D10_semibin2_0	Kura Decodifi 1x 150 ng	Klebsiella pneumoniae	u83055ctg_len-235716_circular-no_depth-11-11-11_duplicated-no	75000	100000	25000	57.300000	17.970000	18.390000	0.977162
R004bc2008.D10	semibin2_0	R004bc2008.D10_semibin2_0	Kura Decodifi 1x 150 ng	Klebsiella pneumoniae	u83055ctg_len-235716_circular-no_depth-11-11-11_duplicated-no	100000	125000	25000	58.272000	20.050000	18.390000	1.090266
R004bc2008.D10	semibin2_0	R004bc2008.D10_semibin2_0	Kura Decodifi 1x 150 ng	Klebsiella pneumoniae	u83055ctg_len-235716_circular-no_depth-11-11-11_duplicated-no	125000	150000	25000	61.940000	16.780000	18.390000	0.912452
R004bc2008.D10	semibin2_0	R004bc2008.D10_semibin2_0	Kura Decodifi 1x 150 ng	Klebsiella pneumoniae	u83055ctg_len-235716_circular-no_depth-11-11-11_duplicated-no	150000	175000	25000	56.936000	18.600000	18.390000	1.011419
R004bc2008.D10	semibin2_0	R004bc2008.D10_semibin2_0	Kura Decodifi 1x 150 ng	Klebsiella pneumoniae	u83055ctg_len-235716_circular-no_depth-11-11-11_duplicated-no	175000	200000	25000	56.588000	17.850000	18.390000	0.970636
R004bc2008.D10	semibin2_0	R004bc2008.D10_semibin2_0	Kura Decodifi 1x 150 ng	Klebsiella pneumoniae	u83055ctg_len-235716_circular-no_depth-11-11-11_duplicated-no	200000	225000	25000	56.808000	19.760000	18.390000	1.074497
R004bc2008.D10	semibin2_0	R004bc2008.D10_semibin2_0	Kura Decodifi 1x 150 ng	Klebsiella pneumoniae	u83221ctg_len-199230_circular-no_depth-11-11-11_duplicated-no	0	25000	25000	56.844000	19.870000	18.390000	1.080479
R004bc2008.D10	semibin2_0	R004bc2008.D10_semibin2_0	Kura Decodifi 1x 150 ng	Klebsiella pneumoniae	u83221ctg_len-199230_circular-no_depth-11-11-11_duplicated-no	25000	50000	25000	59.836000	19.940000	18.390000	1.084285
R004bc2008.D10	semibin2_0	R004bc2008.D10_semibin2_0	Kura Decodifi 1x 150 ng	Klebsiella pneumoniae	u83221ctg_len-199230_circular-no_depth-11-11-11_duplicated-no	50000	75000	25000	60.144000	18.000000	18.390000	0.978793
R004bc2008.D10	semibin2_0	R004bc2008.D10_semibin2_0	Kura Decodifi 1x 150 ng	Klebsiella pneumoniae	u83221ctg_len-199230_circular-no_depth-11-11-11_duplicated-no	75000	100000	25000	54.784000	16.320000	18.390000	0.887439
R004bc2008.D10	semibin2_0	R004bc2008.D10_semibin2_0	Kura Decodifi 1x 150 ng	Klebsiella pneumoniae	u83221ctg_len-199230_circular-no_depth-11-11-11_duplicated-no	100000	125000	25000	60.740000	12.950000	18.390000	0.704187
R004bc2008.D10	semibin2_0	R004bc2008.D10_semibin2_0	Kura Decodifi 1x 150 ng	Klebsiella pneumoniae	u83221ctg_len-199230_circular-no_depth-11-11-11_duplicated-no	125000	150000	25000	64.240000	16.860000	18.390000	0.916803
R004bc2008.D10	semibin2_0	R004bc2008.D10_semibin2_0	Kura Decodifi 1x 150 ng	Klebsiella pneumoniae	u83221ctg_len-199230_circular-no_depth-11-11-11_duplicated-no	150000	175000	25000	59.664000	16.340000	18.390000	0.888526
R004bc2008.D10	semibin2_0	R004bc2008.D10_semibin2_0	Kura Decodifi 1x 150 ng	Klebsiella pneumoniae	u83745ctg_len-95656_circular-no_depth-11-11-11_duplicated-no	0	25000	25000	55.964000	20.380000	18.390000	1.108211
R004bc2008.D10	semibin2_0	R004bc2008.D10_semibin2_0	Kura Decodifi 1x 150 ng	Klebsiella pneumoniae	u83745ctg_len-95656_circular-no_depth-11-11-11_duplicated-no	25000	50000	25000	54.368000	21.630000	18.390000	1.176183
R004bc2008.D10	semibin2_0	R004bc2008.D10_semibin2_0	Kura Decodifi 1x 150 ng	Klebsiella pneumoniae	u83745ctg_len-95656_circular-no_depth-11-11-11_duplicated-no	50000	75000	25000	58.468000	19.170000	18.390000	1.042414
R004bc2008.D10	semibin2_0	R004bc2008.D10_semibin2_0	Kura Decodifi 1x 150 ng	Klebsiella pneumoniae	u92236ctg_len-96030_circular-no_depth-11-11-11_duplicated-no	0	25000	25000	56.740000	21.160000	18.390000	1.150625
R004bc2008.D10	semibin2_0	R004bc2008.D10_semibin2_0	Kura Decodifi 1x 150 ng	Klebsiella pneumoniae	u92236ctg_len-96030_circular-no_depth-11-11-11_duplicated-no	25000	50000	25000	59.212000	19.040000	18.390000	1.035345
R004bc2008.D10	semibin2_0	R004bc2008.D10_semibin2_0	Kura Decodifi 1x 150 ng	Klebsiella pneumoniae	u92236ctg_len-96030_circular-no_depth-11-11-11_duplicated-no	50000	75000	25000	56.200000	16.550000	18.390000	0.899946
R004bc2008.D10	semibin2_0	R004bc2008.D10_semibin2_0	Kura Decodifi 1x 150 ng	Klebsiella pneumoniae	u95333ctg_len-298027_circular-no_depth-11-11-11_duplicated-no	0	25000	25000	57.420000	16.110000	18.390000	0.876020
R004bc2008.D10	semibin2_0	R004bc2008.D10_semibin2_0	Kura Decodifi 1x 150 ng	Klebsiella pneumoniae	u95333ctg_len-298027_circular-no_depth-11-11-11_duplicated-no	25000	50000	25000	57.984000	16.530000	18.390000	0.898858
R004bc2008.D10	semibin2_0	R004bc2008.D10_semibin2_0	Kura Decodifi 1x 150 ng	Klebsiella pneumoniae	u95333ctg_len-298027_circular-no_depth-11-11-11_duplicated-no	50000	75000	25000	56.728000	19.470000	18.390000	1.058728
R004bc2008.D10	semibin2_0	R004bc2008.D10_semibin2_0	Kura Decodifi 1x 150 ng	Klebsiella pneumoniae	u95333ctg_len-298027_circular-no_depth-11-11-11_duplicated-no	75000	100000	25000	55.868000	27.160000	18.390000	1.476890
R004bc2008.D10	semibin2_0	R004bc2008.D10_semibin2_0	Kura Decodifi 1x 150 ng	Klebsiella pneumoniae	u95333ctg_len-298027_circular-no_depth-11-11-11_duplicated-no	100000	125000	25000	57.788000	15.710000	18.390000	0.854269
R004bc2008.D10	semibin2_0	R004bc2008.D10_semibin2_0	Kura Decodifi 1x 150 ng	Klebsiella pneumoniae	u95333ctg_len-298027_circular-no_depth-11-11-11_duplicated-no	125000	150000	25000	58.668000	19.140000	18.390000	1.040783
R004bc2008.D10	semibin2_0	R004bc2008.D10_semibin2_0	Kura Decodifi 1x 150 ng	Klebsiella pneumoniae	u95333ctg_len-298027_circular-no_depth-11-11-11_duplicated-no	150000	175000	25000	57.212000	18.450000	18.390000	1.003263
R004bc2008.D10	semibin2_0	R004bc2008.D10_semibin2_0	Kura Decodifi 1x 150 ng	Klebsiella pneumoniae	u95333ctg_len-298027_circular-no_depth-11-11-11_duplicated-no	175000	200000	25000	54.480000	19.770000	18.390000	1.075041
R004bc2008.D10	semibin2_0	R004bc2008.D10_semibin2_0	Kura Decodifi 1x 150 ng	Klebsiella pneumoniae	u95333ctg_len-298027_circular-no_depth-11-11-11_duplicated-no	200000	225000	25000	54.432000	22.830000	18.390000	1.241436
R004bc2008.D10	semibin2_0	R004bc2008.D10_semibin2_0	Kura Decodifi 1x 150 ng	Klebsiella pneumoniae	u95333ctg_len-298027_circular-no_depth-11-11-11_duplicated-no	225000	250000	25000	56.468000	16.650000	18.390000	0.905383
R004bc2008.D10	semibin2_0	R004bc2008.D10_semibin2_0	Kura Decodifi 1x 150 ng	Klebsiella pneumoniae	u95333ctg_len-298027_circular-no_depth-11-11-11_duplicated-no	250000	275000	25000	57.948000	16.100000	18.390000	0.875476
R004bc2008.D10	semibin2_0	R004bc2008.D10_semibin2_0	Kura Decodifi 1x 150 ng	Klebsiella pneumoniae	u9601ctg_len-54494_circular-no_depth-11-11-11_duplicated-no	0	25000	25000	56.920000	19.910000	18.390000	1.082654
R004bc2008.D10	semibin2_0	R004bc2008.D10_semibin2_0	Kura Decodifi 1x 150 ng	Klebsiella pneumoniae	u9601ctg_len-54494_circular-no_depth-11-11-11_duplicated-no	25000	50000	25000	57.464000	18.270000	18.390000	0.993475
R004bc2008.D10	semibin2_0	R004bc2008.D10_semibin2_0	Kura Decodifi 1x 150 ng	Klebsiella pneumoniae	u99274ctg_len-269508_circular-no_depth-11-11-11_duplicated-no	0	25000	25000	60.732000	18.640000	18.390000	1.013594
R004bc2008.D10	semibin2_0	R004bc2008.D10_semibin2_0	Kura Decodifi 1x 150 ng	Klebsiella pneumoniae	u99274ctg_len-269508_circular-no_depth-11-11-11_duplicated-no	25000	50000	25000	57.984000	19.340000	18.390000	1.051659
R004bc2008.D10	semibin2_0	R004bc2008.D10_semibin2_0	Kura Decodifi 1x 150 ng	Klebsiella pneumoniae	u99274ctg_len-269508_circular-no_depth-11-11-11_duplicated-no	50000	75000	25000	56.644000	20.210000	18.390000	1.098967
R004bc2008.D10	semibin2_0	R004bc2008.D10_semibin2_0	Kura Decodifi 1x 150 ng	Klebsiella pneumoniae	u99274ctg_len-269508_circular-no_depth-11-11-11_duplicated-no	75000	100000	25000	59.208000	21.470000	18.390000	1.167482
R004bc2008.D10	semibin2_0	R004bc2008.D10_semibin2_0	Kura Decodifi 1x 150 ng	Klebsiella pneumoniae	u99274ctg_len-269508_circular-no_depth-11-11-11_duplicated-no	100000	125000	25000	53.380000	16.780000	18.390000	0.912452
R004bc2008.D10	semibin2_0	R004bc2008.D10_semibin2_0	Kura Decodifi 1x 150 ng	Klebsiella pneumoniae	u99274ctg_len-269508_circular-no_depth-11-11-11_duplicated-no	125000	150000	25000	55.396000	19.790000	18.390000	1.076128
R004bc2008.D10	semibin2_0	R004bc2008.D10_semibin2_0	Kura Decodifi 1x 150 ng	Klebsiella pneumoniae	u99274ctg_len-269508_circular-no_depth-11-11-11_duplicated-no	150000	175000	25000	58.520000	16.080000	18.390000	0.874388
R004bc2008.D10	semibin2_0	R004bc2008.D10_semibin2_0	Kura Decodifi 1x 150 ng	Klebsiella pneumoniae	u99274ctg_len-269508_circular-no_depth-11-11-11_duplicated-no	175000	200000	25000	57.324000	19.200000	18.390000	1.044046
R004bc2008.D10	semibin2_0	R004bc2008.D10_semibin2_0	Kura Decodifi 1x 150 ng	Klebsiella pneumoniae	u99274ctg_len-269508_circular-no_depth-11-11-11_duplicated-no	200000	225000	25000	60.012000	17.880000	18.390000	0.972268
R004bc2008.D10	semibin2_0	R004bc2008.D10_semibin2_0	Kura Decodifi 1x 150 ng	Klebsiella pneumoniae	u99274ctg_len-269508_circular-no_depth-11-11-11_duplicated-no	225000	250000	25000	55.828000	20.370000	18.390000	1.107667
R005bc2008.H09	semibin2_0	R005bc2008.H09_semibin2_0	NEB Q5 XT 1x 150 ng (Q)	Klebsiella pneumoniae	u11624ctg_len-319093_circular-no_depth-11-11-11_duplicated-no	0	25000	25000	58.484000	13.610000	19.425000	0.700644
R005bc2008.H09	semibin2_0	R005bc2008.H09_semibin2_0	NEB Q5 XT 1x 150 ng (Q)	Klebsiella pneumoniae	u11624ctg_len-319093_circular-no_depth-11-11-11_duplicated-no	25000	50000	25000	59.912000	21.950000	19.425000	1.129987
R005bc2008.H09	semibin2_0	R005bc2008.H09_semibin2_0	NEB Q5 XT 1x 150 ng (Q)	Klebsiella pneumoniae	u11624ctg_len-319093_circular-no_depth-11-11-11_duplicated-no	50000	75000	25000	58.948000	14.390000	19.425000	0.740798
R005bc2008.H09	semibin2_0	R005bc2008.H09_semibin2_0	NEB Q5 XT 1x 150 ng (Q)	Klebsiella pneumoniae	u11624ctg_len-319093_circular-no_depth-11-11-11_duplicated-no	75000	100000	25000	56.140000	19.300000	19.425000	0.993565
R005bc2008.H09	semibin2_0	R005bc2008.H09_semibin2_0	NEB Q5 XT 1x 150 ng (Q)	Klebsiella pneumoniae	u11624ctg_len-319093_circular-no_depth-11-11-11_duplicated-no	100000	125000	25000	59.704000	20.200000	19.425000	1.039897
R005bc2008.H09	semibin2_0	R005bc2008.H09_semibin2_0	NEB Q5 XT 1x 150 ng (Q)	Klebsiella pneumoniae	u11624ctg_len-319093_circular-no_depth-11-11-11_duplicated-no	125000	150000	25000	57.924000	18.490000	19.425000	0.951866
R005bc2008.H09	semibin2_0	R005bc2008.H09_semibin2_0	NEB Q5 XT 1x 150 ng (Q)	Klebsiella pneumoniae	u11624ctg_len-319093_circular-no_depth-11-11-11_duplicated-no	150000	175000	25000	60.852000	18.100000	19.425000	0.931789
R005bc2008.H09	semibin2_0	R005bc2008.H09_semibin2_0	NEB Q5 XT 1x 150 ng (Q)	Klebsiella pneumoniae	u11624ctg_len-319093_circular-no_depth-11-11-11_duplicated-no	175000	200000	25000	57.204000	17.420000	19.425000	0.896782
R005bc2008.H09	semibin2_0	R005bc2008.H09_semibin2_0	NEB Q5 XT 1x 150 ng (Q)	Klebsiella pneumoniae	u11624ctg_len-319093_circular-no_depth-11-11-11_duplicated-no	200000	225000	25000	53.404000	20.800000	19.425000	1.070785
R005bc2008.H09	semibin2_0	R005bc2008.H09_semibin2_0	NEB Q5 XT 1x 150 ng (Q)	Klebsiella pneumoniae	u11624ctg_len-319093_circular-no_depth-11-11-11_duplicated-no	225000	250000	25000	53.828000	16.570000	19.425000	0.853024
R005bc2008.H09	semibin2_0	R005bc2008.H09_semibin2_0	NEB Q5 XT 1x 150 ng (Q)	Klebsiella pneumoniae	u11624ctg_len-319093_circular-no_depth-11-11-11_duplicated-no	250000	275000	25000	57.432000	21.090000	19.425000	1.085714
R005bc2008.H09	semibin2_0	R005bc2008.H09_semibin2_0	NEB Q5 XT 1x 150 ng (Q)	Klebsiella pneumoniae	u11624ctg_len-319093_circular-no_depth-11-11-11_duplicated-no	275000	300000	25000	57.300000	17.120000	19.425000	0.881338
R005bc2008.H09	semibin2_0	R005bc2008.H09_semibin2_0	NEB Q5 XT 1x 150 ng (Q)	Klebsiella pneumoniae	u20565ctg_len-243670_circular-no_depth-14-14-14_duplicated-no	0	25000	25000	55.360000	18.770000	19.425000	0.966281
R005bc2008.H09	semibin2_0	R005bc2008.H09_semibin2_0	NEB Q5 XT 1x 150 ng (Q)	Klebsiella pneumoniae	u20565ctg_len-243670_circular-no_depth-14-14-14_duplicated-no	25000	50000	25000	57.004000	22.640000	19.425000	1.165508
R005bc2008.H09	semibin2_0	R005bc2008.H09_semibin2_0	NEB Q5 XT 1x 150 ng (Q)	Klebsiella pneumoniae	u20565ctg_len-243670_circular-no_depth-14-14-14_duplicated-no	50000	75000	25000	56.152000	25.570000	19.425000	1.316345
R005bc2008.H09	semibin2_0	R005bc2008.H09_semibin2_0	NEB Q5 XT 1x 150 ng (Q)	Klebsiella pneumoniae	u20565ctg_len-243670_circular-no_depth-14-14-14_duplicated-no	75000	100000	25000	54.572000	23.490000	19.425000	1.209266
R005bc2008.H09	semibin2_0	R005bc2008.H09_semibin2_0	NEB Q5 XT 1x 150 ng (Q)	Klebsiella pneumoniae	u20565ctg_len-243670_circular-no_depth-14-14-14_duplicated-no	100000	125000	25000	56.500000	19.980000	19.425000	1.028571
R005bc2008.H09	semibin2_0	R005bc2008.H09_semibin2_0	NEB Q5 XT 1x 150 ng (Q)	Klebsiella pneumoniae	u20565ctg_len-243670_circular-no_depth-14-14-14_duplicated-no	125000	150000	25000	56.052000	25.800000	19.425000	1.328185
R005bc2008.H09	semibin2_0	R005bc2008.H09_semibin2_0	NEB Q5 XT 1x 150 ng (Q)	Klebsiella pneumoniae	u20565ctg_len-243670_circular-no_depth-14-14-14_duplicated-no	150000	175000	25000	60.600000	15.770000	19.425000	0.811840
R005bc2008.H09	semibin2_0	R005bc2008.H09_semibin2_0	NEB Q5 XT 1x 150 ng (Q)	Klebsiella pneumoniae	u20565ctg_len-243670_circular-no_depth-14-14-14_duplicated-no	175000	200000	25000	56.400000	21.880000	19.425000	1.126384
R005bc2008.H09	semibin2_0	R005bc2008.H09_semibin2_0	NEB Q5 XT 1x 150 ng (Q)	Klebsiella pneumoniae	u20565ctg_len-243670_circular-no_depth-14-14-14_duplicated-no	200000	225000	25000	49.968000	22.290000	19.425000	1.147490
R005bc2008.H09	semibin2_0	R005bc2008.H09_semibin2_0	NEB Q5 XT 1x 150 ng (Q)	Klebsiella pneumoniae	u27436ctg_len-436578_circular-no_depth-12-12-12_duplicated-no	0	25000	25000	56.100000	22.360000	19.425000	1.151094
R005bc2008.H09	semibin2_0	R005bc2008.H09_semibin2_0	NEB Q5 XT 1x 150 ng (Q)	Klebsiella pneumoniae	u27436ctg_len-436578_circular-no_depth-12-12-12_duplicated-no	25000	50000	25000	59.960000	22.370000	19.425000	1.151609
R005bc2008.H09	semibin2_0	R005bc2008.H09_semibin2_0	NEB Q5 XT 1x 150 ng (Q)	Klebsiella pneumoniae	u27436ctg_len-436578_circular-no_depth-12-12-12_duplicated-no	50000	75000	25000	57.104000	17.770000	19.425000	0.914801
R005bc2008.H09	semibin2_0	R005bc2008.H09_semibin2_0	NEB Q5 XT 1x 150 ng (Q)	Klebsiella pneumoniae	u27436ctg_len-436578_circular-no_depth-12-12-12_duplicated-no	75000	100000	25000	58.832000	19.810000	19.425000	1.019820
R005bc2008.H09	semibin2_0	R005bc2008.H09_semibin2_0	NEB Q5 XT 1x 150 ng (Q)	Klebsiella pneumoniae	u27436ctg_len-436578_circular-no_depth-12-12-12_duplicated-no	100000	125000	25000	61.532000	15.120000	19.425000	0.778378
R005bc2008.H09	semibin2_0	R005bc2008.H09_semibin2_0	NEB Q5 XT 1x 150 ng (Q)	Klebsiella pneumoniae	u27436ctg_len-436578_circular-no_depth-12-12-12_duplicated-no	125000	150000	25000	55.172000	21.520000	19.425000	1.107851
R005bc2008.H09	semibin2_0	R005bc2008.H09_semibin2_0	NEB Q5 XT 1x 150 ng (Q)	Klebsiella pneumoniae	u27436ctg_len-436578_circular-no_depth-12-12-12_duplicated-no	150000	175000	25000	56.640000	17.620000	19.425000	0.907079
R005bc2008.H09	semibin2_0	R005bc2008.H09_semibin2_0	NEB Q5 XT 1x 150 ng (Q)	Klebsiella pneumoniae	u27436ctg_len-436578_circular-no_depth-12-12-12_duplicated-no	175000	200000	25000	56.248000	18.740000	19.425000	0.964736
R005bc2008.H09	semibin2_0	R005bc2008.H09_semibin2_0	NEB Q5 XT 1x 150 ng (Q)	Klebsiella pneumoniae	u27436ctg_len-436578_circular-no_depth-12-12-12_duplicated-no	200000	225000	25000	56.684000	18.540000	19.425000	0.954440
R005bc2008.H09	semibin2_0	R005bc2008.H09_semibin2_0	NEB Q5 XT 1x 150 ng (Q)	Klebsiella pneumoniae	u27436ctg_len-436578_circular-no_depth-12-12-12_duplicated-no	225000	250000	25000	56.232000	20.870000	19.425000	1.074389
R005bc2008.H09	semibin2_0	R005bc2008.H09_semibin2_0	NEB Q5 XT 1x 150 ng (Q)	Klebsiella pneumoniae	u27436ctg_len-436578_circular-no_depth-12-12-12_duplicated-no	250000	275000	25000	61.260000	18.510000	19.425000	0.952896
R005bc2008.H09	semibin2_0	R005bc2008.H09_semibin2_0	NEB Q5 XT 1x 150 ng (Q)	Klebsiella pneumoniae	u27436ctg_len-436578_circular-no_depth-12-12-12_duplicated-no	275000	300000	25000	59.352000	16.770000	19.425000	0.863320
R005bc2008.H09	semibin2_0	R005bc2008.H09_semibin2_0	NEB Q5 XT 1x 150 ng (Q)	Klebsiella pneumoniae	u27436ctg_len-436578_circular-no_depth-12-12-12_duplicated-no	300000	325000	25000	56.720000	22.720000	19.425000	1.169627
R005bc2008.H09	semibin2_0	R005bc2008.H09_semibin2_0	NEB Q5 XT 1x 150 ng (Q)	Klebsiella pneumoniae	u27436ctg_len-436578_circular-no_depth-12-12-12_duplicated-no	325000	350000	25000	57.984000	19.210000	19.425000	0.988932
R005bc2008.H09	semibin2_0	R005bc2008.H09_semibin2_0	NEB Q5 XT 1x 150 ng (Q)	Klebsiella pneumoniae	u27436ctg_len-436578_circular-no_depth-12-12-12_duplicated-no	350000	375000	25000	55.268000	19.040000	19.425000	0.980180
R005bc2008.H09	semibin2_0	R005bc2008.H09_semibin2_0	NEB Q5 XT 1x 150 ng (Q)	Klebsiella pneumoniae	u27436ctg_len-436578_circular-no_depth-12-12-12_duplicated-no	375000	400000	25000	59.272000	15.620000	19.425000	0.804118
R005bc2008.H09	semibin2_0	R005bc2008.H09_semibin2_0	NEB Q5 XT 1x 150 ng (Q)	Klebsiella pneumoniae	u27436ctg_len-436578_circular-no_depth-12-12-12_duplicated-no	400000	425000	25000	57.696000	16.780000	19.425000	0.863835
R005bc2008.H09	semibin2_0	R005bc2008.H09_semibin2_0	NEB Q5 XT 1x 150 ng (Q)	Klebsiella pneumoniae	u29196ctg_len-113238_circular-no_depth-12-12-12_duplicated-no	0	25000	25000	59.388000	17.460000	19.425000	0.898842
R005bc2008.H09	semibin2_0	R005bc2008.H09_semibin2_0	NEB Q5 XT 1x 150 ng (Q)	Klebsiella pneumoniae	u29196ctg_len-113238_circular-no_depth-12-12-12_duplicated-no	25000	50000	25000	58.948000	21.010000	19.425000	1.081596
R005bc2008.H09	semibin2_0	R005bc2008.H09_semibin2_0	NEB Q5 XT 1x 150 ng (Q)	Klebsiella pneumoniae	u29196ctg_len-113238_circular-no_depth-12-12-12_duplicated-no	50000	75000	25000	57.948000	17.350000	19.425000	0.893179
R005bc2008.H09	semibin2_0	R005bc2008.H09_semibin2_0	NEB Q5 XT 1x 150 ng (Q)	Klebsiella pneumoniae	u29196ctg_len-113238_circular-no_depth-12-12-12_duplicated-no	75000	100000	25000	58.304000	21.990000	19.425000	1.132046
R005bc2008.H09	semibin2_0	R005bc2008.H09_semibin2_0	NEB Q5 XT 1x 150 ng (Q)	Klebsiella pneumoniae	u30560ctg_len-385010_circular-no_depth-12-12-12_duplicated-no	0	25000	25000	52.784000	25.500000	19.425000	1.312741
R005bc2008.H09	semibin2_0	R005bc2008.H09_semibin2_0	NEB Q5 XT 1x 150 ng (Q)	Klebsiella pneumoniae	u30560ctg_len-385010_circular-no_depth-12-12-12_duplicated-no	25000	50000	25000	57.576000	20.130000	19.425000	1.036293
R005bc2008.H09	semibin2_0	R005bc2008.H09_semibin2_0	NEB Q5 XT 1x 150 ng (Q)	Klebsiella pneumoniae	u30560ctg_len-385010_circular-no_depth-12-12-12_duplicated-no	50000	75000	25000	58.132000	19.760000	19.425000	1.017246
R005bc2008.H09	semibin2_0	R005bc2008.H09_semibin2_0	NEB Q5 XT 1x 150 ng (Q)	Klebsiella pneumoniae	u30560ctg_len-385010_circular-no_depth-12-12-12_duplicated-no	75000	100000	25000	57.932000	20.290000	19.425000	1.044530
R005bc2008.H09	semibin2_0	R005bc2008.H09_semibin2_0	NEB Q5 XT 1x 150 ng (Q)	Klebsiella pneumoniae	u30560ctg_len-385010_circular-no_depth-12-12-12_duplicated-no	100000	125000	25000	56.868000	20.920000	19.425000	1.076963
R005bc2008.H09	semibin2_0	R005bc2008.H09_semibin2_0	NEB Q5 XT 1x 150 ng (Q)	Klebsiella pneumoniae	u30560ctg_len-385010_circular-no_depth-12-12-12_duplicated-no	125000	150000	25000	56.428000	20.470000	19.425000	1.053797
R005bc2008.H09	semibin2_0	R005bc2008.H09_semibin2_0	NEB Q5 XT 1x 150 ng (Q)	Klebsiella pneumoniae	u30560ctg_len-385010_circular-no_depth-12-12-12_duplicated-no	150000	175000	25000	57.088000	21.680000	19.425000	1.116088
R005bc2008.H09	semibin2_0	R005bc2008.H09_semibin2_0	NEB Q5 XT 1x 150 ng (Q)	Klebsiella pneumoniae	u30560ctg_len-385010_circular-no_depth-12-12-12_duplicated-no	175000	200000	25000	58.296000	17.230000	19.425000	0.887001
R005bc2008.H09	semibin2_0	R005bc2008.H09_semibin2_0	NEB Q5 XT 1x 150 ng (Q)	Klebsiella pneumoniae	u30560ctg_len-385010_circular-no_depth-12-12-12_duplicated-no	200000	225000	25000	59.772000	18.970000	19.425000	0.976577
R005bc2008.H09	semibin2_0	R005bc2008.H09_semibin2_0	NEB Q5 XT 1x 150 ng (Q)	Klebsiella pneumoniae	u30560ctg_len-385010_circular-no_depth-12-12-12_duplicated-no	225000	250000	25000	56.736000	22.030000	19.425000	1.134106
R005bc2008.H09	semibin2_0	R005bc2008.H09_semibin2_0	NEB Q5 XT 1x 150 ng (Q)	Klebsiella pneumoniae	u30560ctg_len-385010_circular-no_depth-12-12-12_duplicated-no	250000	275000	25000	57.956000	17.500000	19.425000	0.900901
R005bc2008.H09	semibin2_0	R005bc2008.H09_semibin2_0	NEB Q5 XT 1x 150 ng (Q)	Klebsiella pneumoniae	u30560ctg_len-385010_circular-no_depth-12-12-12_duplicated-no	275000	300000	25000	58.500000	19.280000	19.425000	0.992535
R005bc2008.H09	semibin2_0	R005bc2008.H09_semibin2_0	NEB Q5 XT 1x 150 ng (Q)	Klebsiella pneumoniae	u30560ctg_len-385010_circular-no_depth-12-12-12_duplicated-no	300000	325000	25000	58.520000	20.660000	19.425000	1.063578
R005bc2008.H09	semibin2_0	R005bc2008.H09_semibin2_0	NEB Q5 XT 1x 150 ng (Q)	Klebsiella pneumoniae	u30560ctg_len-385010_circular-no_depth-12-12-12_duplicated-no	325000	350000	25000	57.384000	19.730000	19.425000	1.015701
R005bc2008.H09	semibin2_0	R005bc2008.H09_semibin2_0	NEB Q5 XT 1x 150 ng (Q)	Klebsiella pneumoniae	u30560ctg_len-385010_circular-no_depth-12-12-12_duplicated-no	350000	375000	25000	58.376000	14.640000	19.425000	0.753668
R005bc2008.H09	semibin2_0	R005bc2008.H09_semibin2_0	NEB Q5 XT 1x 150 ng (Q)	Klebsiella pneumoniae	u45903ctg_len-270204_circular-no_depth-13-13-13_duplicated-no	0	25000	25000	58.076000	23.780000	19.425000	1.224196
R005bc2008.H09	semibin2_0	R005bc2008.H09_semibin2_0	NEB Q5 XT 1x 150 ng (Q)	Klebsiella pneumoniae	u45903ctg_len-270204_circular-no_depth-13-13-13_duplicated-no	25000	50000	25000	58.384000	21.170000	19.425000	1.089833
R005bc2008.H09	semibin2_0	R005bc2008.H09_semibin2_0	NEB Q5 XT 1x 150 ng (Q)	Klebsiella pneumoniae	u45903ctg_len-270204_circular-no_depth-13-13-13_duplicated-no	50000	75000	25000	61.388000	18.000000	19.425000	0.926641
R005bc2008.H09	semibin2_0	R005bc2008.H09_semibin2_0	NEB Q5 XT 1x 150 ng (Q)	Klebsiella pneumoniae	u45903ctg_len-270204_circular-no_depth-13-13-13_duplicated-no	75000	100000	25000	59.316000	19.460000	19.425000	1.001802
R005bc2008.H09	semibin2_0	R005bc2008.H09_semibin2_0	NEB Q5 XT 1x 150 ng (Q)	Klebsiella pneumoniae	u45903ctg_len-270204_circular-no_depth-13-13-13_duplicated-no	100000	125000	25000	45.892000	23.730000	19.425000	1.221622
R005bc2008.H09	semibin2_0	R005bc2008.H09_semibin2_0	NEB Q5 XT 1x 150 ng (Q)	Klebsiella pneumoniae	u45903ctg_len-270204_circular-no_depth-13-13-13_duplicated-no	125000	150000	25000	58.016000	17.670000	19.425000	0.909653
R005bc2008.H09	semibin2_0	R005bc2008.H09_semibin2_0	NEB Q5 XT 1x 150 ng (Q)	Klebsiella pneumoniae	u45903ctg_len-270204_circular-no_depth-13-13-13_duplicated-no	150000	175000	25000	58.636000	18.240000	19.425000	0.938996
R005bc2008.H09	semibin2_0	R005bc2008.H09_semibin2_0	NEB Q5 XT 1x 150 ng (Q)	Klebsiella pneumoniae	u45903ctg_len-270204_circular-no_depth-13-13-13_duplicated-no	175000	200000	25000	60.796000	14.410000	19.425000	0.741828
R005bc2008.H09	semibin2_0	R005bc2008.H09_semibin2_0	NEB Q5 XT 1x 150 ng (Q)	Klebsiella pneumoniae	u45903ctg_len-270204_circular-no_depth-13-13-13_duplicated-no	200000	225000	25000	61.312000	21.150000	19.425000	1.088803
R005bc2008.H09	semibin2_0	R005bc2008.H09_semibin2_0	NEB Q5 XT 1x 150 ng (Q)	Klebsiella pneumoniae	u45903ctg_len-270204_circular-no_depth-13-13-13_duplicated-no	225000	250000	25000	62.432000	15.880000	19.425000	0.817503
R005bc2008.H09	semibin2_0	R005bc2008.H09_semibin2_0	NEB Q5 XT 1x 150 ng (Q)	Klebsiella pneumoniae	u59146ctg_len-102878_circular-no_depth-13-13-13_duplicated-no	0	25000	25000	60.492000	18.700000	19.425000	0.962677
R005bc2008.H09	semibin2_0	R005bc2008.H09_semibin2_0	NEB Q5 XT 1x 150 ng (Q)	Klebsiella pneumoniae	u59146ctg_len-102878_circular-no_depth-13-13-13_duplicated-no	25000	50000	25000	59.808000	21.360000	19.425000	1.099614
R005bc2008.H09	semibin2_0	R005bc2008.H09_semibin2_0	NEB Q5 XT 1x 150 ng (Q)	Klebsiella pneumoniae	u59146ctg_len-102878_circular-no_depth-13-13-13_duplicated-no	50000	75000	25000	60.016000	13.890000	19.425000	0.715058
R005bc2008.H09	semibin2_0	R005bc2008.H09_semibin2_0	NEB Q5 XT 1x 150 ng (Q)	Klebsiella pneumoniae	u59146ctg_len-102878_circular-no_depth-13-13-13_duplicated-no	75000	100000	25000	59.672000	22.030000	19.425000	1.134106
R005bc2008.H09	semibin2_0	R005bc2008.H09_semibin2_0	NEB Q5 XT 1x 150 ng (Q)	Klebsiella pneumoniae	u59160ctg_len-226279_circular-no_depth-13-13-13_duplicated-no	0	25000	25000	56.392000	20.670000	19.425000	1.064093
R005bc2008.H09	semibin2_0	R005bc2008.H09_semibin2_0	NEB Q5 XT 1x 150 ng (Q)	Klebsiella pneumoniae	u59160ctg_len-226279_circular-no_depth-13-13-13_duplicated-no	25000	50000	25000	58.240000	17.290000	19.425000	0.890090
R005bc2008.H09	semibin2_0	R005bc2008.H09_semibin2_0	NEB Q5 XT 1x 150 ng (Q)	Klebsiella pneumoniae	u59160ctg_len-226279_circular-no_depth-13-13-13_duplicated-no	50000	75000	25000	49.796000	24.050000	19.425000	1.238095
R005bc2008.H09	semibin2_0	R005bc2008.H09_semibin2_0	NEB Q5 XT 1x 150 ng (Q)	Klebsiella pneumoniae	u59160ctg_len-226279_circular-no_depth-13-13-13_duplicated-no	75000	100000	25000	59.264000	22.520000	19.425000	1.159331
R005bc2008.H09	semibin2_0	R005bc2008.H09_semibin2_0	NEB Q5 XT 1x 150 ng (Q)	Klebsiella pneumoniae	u59160ctg_len-226279_circular-no_depth-13-13-13_duplicated-no	100000	125000	25000	57.720000	17.710000	19.425000	0.911712
R005bc2008.H09	semibin2_0	R005bc2008.H09_semibin2_0	NEB Q5 XT 1x 150 ng (Q)	Klebsiella pneumoniae	u59160ctg_len-226279_circular-no_depth-13-13-13_duplicated-no	125000	150000	25000	56.984000	18.940000	19.425000	0.975032
R005bc2008.H09	semibin2_0	R005bc2008.H09_semibin2_0	NEB Q5 XT 1x 150 ng (Q)	Klebsiella pneumoniae	u59160ctg_len-226279_circular-no_depth-13-13-13_duplicated-no	150000	175000	25000	57.104000	18.260000	19.425000	0.940026
R005bc2008.H09	semibin2_0	R005bc2008.H09_semibin2_0	NEB Q5 XT 1x 150 ng (Q)	Klebsiella pneumoniae	u59160ctg_len-226279_circular-no_depth-13-13-13_duplicated-no	175000	200000	25000	58.140000	17.400000	19.425000	0.895753
R005bc2008.H09	semibin2_0	R005bc2008.H09_semibin2_0	NEB Q5 XT 1x 150 ng (Q)	Klebsiella pneumoniae	u59160ctg_len-226279_circular-no_depth-13-13-13_duplicated-no	200000	225000	25000	60.008000	17.300000	19.425000	0.890605
R005bc2008.H09	semibin2_0	R005bc2008.H09_semibin2_0	NEB Q5 XT 1x 150 ng (Q)	Klebsiella pneumoniae	u68245ctg_len-66938_circular-no_depth-13-13-13_duplicated-no	0	25000	25000	52.996000	19.080000	19.425000	0.982239
R005bc2008.H09	semibin2_0	R005bc2008.H09_semibin2_0	NEB Q5 XT 1x 150 ng (Q)	Klebsiella pneumoniae	u68245ctg_len-66938_circular-no_depth-13-13-13_duplicated-no	25000	50000	25000	53.916000	25.100000	19.425000	1.292149
R005bc2008.H09	semibin2_0	R005bc2008.H09_semibin2_0	NEB Q5 XT 1x 150 ng (Q)	Klebsiella pneumoniae	u70136ctg_len-544168_circular-no_depth-12-12-12_duplicated-no	0	25000	25000	60.056000	18.110000	19.425000	0.932304
R005bc2008.H09	semibin2_0	R005bc2008.H09_semibin2_0	NEB Q5 XT 1x 150 ng (Q)	Klebsiella pneumoniae	u70136ctg_len-544168_circular-no_depth-12-12-12_duplicated-no	25000	50000	25000	50.288000	18.960000	19.425000	0.976062
R005bc2008.H09	semibin2_0	R005bc2008.H09_semibin2_0	NEB Q5 XT 1x 150 ng (Q)	Klebsiella pneumoniae	u70136ctg_len-544168_circular-no_depth-12-12-12_duplicated-no	50000	75000	25000	60.352000	16.430000	19.425000	0.845817
R005bc2008.H09	semibin2_0	R005bc2008.H09_semibin2_0	NEB Q5 XT 1x 150 ng (Q)	Klebsiella pneumoniae	u70136ctg_len-544168_circular-no_depth-12-12-12_duplicated-no	75000	100000	25000	60.060000	24.440000	19.425000	1.258172
R005bc2008.H09	semibin2_0	R005bc2008.H09_semibin2_0	NEB Q5 XT 1x 150 ng (Q)	Klebsiella pneumoniae	u70136ctg_len-544168_circular-no_depth-12-12-12_duplicated-no	100000	125000	25000	57.660000	21.820000	19.425000	1.123295
R005bc2008.H09	semibin2_0	R005bc2008.H09_semibin2_0	NEB Q5 XT 1x 150 ng (Q)	Klebsiella pneumoniae	u70136ctg_len-544168_circular-no_depth-12-12-12_duplicated-no	125000	150000	25000	58.776000	15.680000	19.425000	0.807207
R005bc2008.H09	semibin2_0	R005bc2008.H09_semibin2_0	NEB Q5 XT 1x 150 ng (Q)	Klebsiella pneumoniae	u70136ctg_len-544168_circular-no_depth-12-12-12_duplicated-no	150000	175000	25000	57.676000	24.270000	19.425000	1.249421
R005bc2008.H09	semibin2_0	R005bc2008.H09_semibin2_0	NEB Q5 XT 1x 150 ng (Q)	Klebsiella pneumoniae	u70136ctg_len-544168_circular-no_depth-12-12-12_duplicated-no	175000	200000	25000	59.348000	20.830000	19.425000	1.072329
R005bc2008.H09	semibin2_0	R005bc2008.H09_semibin2_0	NEB Q5 XT 1x 150 ng (Q)	Klebsiella pneumoniae	u70136ctg_len-544168_circular-no_depth-12-12-12_duplicated-no	200000	225000	25000	58.472000	19.200000	19.425000	0.988417
R005bc2008.H09	semibin2_0	R005bc2008.H09_semibin2_0	NEB Q5 XT 1x 150 ng (Q)	Klebsiella pneumoniae	u70136ctg_len-544168_circular-no_depth-12-12-12_duplicated-no	225000	250000	25000	54.024000	23.150000	19.425000	1.191763
R005bc2008.H09	semibin2_0	R005bc2008.H09_semibin2_0	NEB Q5 XT 1x 150 ng (Q)	Klebsiella pneumoniae	u70136ctg_len-544168_circular-no_depth-12-12-12_duplicated-no	250000	275000	25000	59.168000	21.390000	19.425000	1.101158
R005bc2008.H09	semibin2_0	R005bc2008.H09_semibin2_0	NEB Q5 XT 1x 150 ng (Q)	Klebsiella pneumoniae	u70136ctg_len-544168_circular-no_depth-12-12-12_duplicated-no	275000	300000	25000	55.100000	16.990000	19.425000	0.874646
R005bc2008.H09	semibin2_0	R005bc2008.H09_semibin2_0	NEB Q5 XT 1x 150 ng (Q)	Klebsiella pneumoniae	u70136ctg_len-544168_circular-no_depth-12-12-12_duplicated-no	300000	325000	25000	57.108000	19.070000	19.425000	0.981725
R005bc2008.H09	semibin2_0	R005bc2008.H09_semibin2_0	NEB Q5 XT 1x 150 ng (Q)	Klebsiella pneumoniae	u70136ctg_len-544168_circular-no_depth-12-12-12_duplicated-no	325000	350000	25000	61.500000	19.750000	19.425000	1.016731
R005bc2008.H09	semibin2_0	R005bc2008.H09_semibin2_0	NEB Q5 XT 1x 150 ng (Q)	Klebsiella pneumoniae	u70136ctg_len-544168_circular-no_depth-12-12-12_duplicated-no	350000	375000	25000	58.000000	15.870000	19.425000	0.816988
R005bc2008.H09	semibin2_0	R005bc2008.H09_semibin2_0	NEB Q5 XT 1x 150 ng (Q)	Klebsiella pneumoniae	u70136ctg_len-544168_circular-no_depth-12-12-12_duplicated-no	375000	400000	25000	56.768000	17.230000	19.425000	0.887001
R005bc2008.H09	semibin2_0	R005bc2008.H09_semibin2_0	NEB Q5 XT 1x 150 ng (Q)	Klebsiella pneumoniae	u70136ctg_len-544168_circular-no_depth-12-12-12_duplicated-no	400000	425000	25000	59.728000	20.380000	19.425000	1.049163
R005bc2008.H09	semibin2_0	R005bc2008.H09_semibin2_0	NEB Q5 XT 1x 150 ng (Q)	Klebsiella pneumoniae	u70136ctg_len-544168_circular-no_depth-12-12-12_duplicated-no	425000	450000	25000	58.016000	18.610000	19.425000	0.958044
R005bc2008.H09	semibin2_0	R005bc2008.H09_semibin2_0	NEB Q5 XT 1x 150 ng (Q)	Klebsiella pneumoniae	u70136ctg_len-544168_circular-no_depth-12-12-12_duplicated-no	450000	475000	25000	56.788000	18.070000	19.425000	0.930245
R005bc2008.H09	semibin2_0	R005bc2008.H09_semibin2_0	NEB Q5 XT 1x 150 ng (Q)	Klebsiella pneumoniae	u70136ctg_len-544168_circular-no_depth-12-12-12_duplicated-no	475000	500000	25000	55.616000	15.140000	19.425000	0.779408
R005bc2008.H09	semibin2_0	R005bc2008.H09_semibin2_0	NEB Q5 XT 1x 150 ng (Q)	Klebsiella pneumoniae	u70136ctg_len-544168_circular-no_depth-12-12-12_duplicated-no	500000	525000	25000	53.892000	17.010000	19.425000	0.875676
R005bc2008.H09	semibin2_0	R005bc2008.H09_semibin2_0	NEB Q5 XT 1x 150 ng (Q)	Klebsiella pneumoniae	u71944ctg_len-573423_circular-no_depth-12-12-12_duplicated-no	0	25000	25000	56.920000	14.700000	19.425000	0.756757
R005bc2008.H09	semibin2_0	R005bc2008.H09_semibin2_0	NEB Q5 XT 1x 150 ng (Q)	Klebsiella pneumoniae	u71944ctg_len-573423_circular-no_depth-12-12-12_duplicated-no	25000	50000	25000	57.524000	19.910000	19.425000	1.024968
R005bc2008.H09	semibin2_0	R005bc2008.H09_semibin2_0	NEB Q5 XT 1x 150 ng (Q)	Klebsiella pneumoniae	u71944ctg_len-573423_circular-no_depth-12-12-12_duplicated-no	50000	75000	25000	59.088000	21.110000	19.425000	1.086744
R005bc2008.H09	semibin2_0	R005bc2008.H09_semibin2_0	NEB Q5 XT 1x 150 ng (Q)	Klebsiella pneumoniae	u71944ctg_len-573423_circular-no_depth-12-12-12_duplicated-no	75000	100000	25000	50.752000	21.960000	19.425000	1.130502
R005bc2008.H09	semibin2_0	R005bc2008.H09_semibin2_0	NEB Q5 XT 1x 150 ng (Q)	Klebsiella pneumoniae	u71944ctg_len-573423_circular-no_depth-12-12-12_duplicated-no	100000	125000	25000	51.740000	22.710000	19.425000	1.169112
R005bc2008.H09	semibin2_0	R005bc2008.H09_semibin2_0	NEB Q5 XT 1x 150 ng (Q)	Klebsiella pneumoniae	u71944ctg_len-573423_circular-no_depth-12-12-12_duplicated-no	125000	150000	25000	54.184000	19.610000	19.425000	1.009524
R005bc2008.H09	semibin2_0	R005bc2008.H09_semibin2_0	NEB Q5 XT 1x 150 ng (Q)	Klebsiella pneumoniae	u71944ctg_len-573423_circular-no_depth-12-12-12_duplicated-no	150000	175000	25000	50.092000	25.070000	19.425000	1.290605
R005bc2008.H09	semibin2_0	R005bc2008.H09_semibin2_0	NEB Q5 XT 1x 150 ng (Q)	Klebsiella pneumoniae	u71944ctg_len-573423_circular-no_depth-12-12-12_duplicated-no	175000	200000	25000	57.044000	23.350000	19.425000	1.202059
R005bc2008.H09	semibin2_0	R005bc2008.H09_semibin2_0	NEB Q5 XT 1x 150 ng (Q)	Klebsiella pneumoniae	u71944ctg_len-573423_circular-no_depth-12-12-12_duplicated-no	200000	225000	25000	60.420000	18.160000	19.425000	0.934878
R005bc2008.H09	semibin2_0	R005bc2008.H09_semibin2_0	NEB Q5 XT 1x 150 ng (Q)	Klebsiella pneumoniae	u71944ctg_len-573423_circular-no_depth-12-12-12_duplicated-no	225000	250000	25000	57.680000	21.960000	19.425000	1.130502
R005bc2008.H09	semibin2_0	R005bc2008.H09_semibin2_0	NEB Q5 XT 1x 150 ng (Q)	Klebsiella pneumoniae	u71944ctg_len-573423_circular-no_depth-12-12-12_duplicated-no	250000	275000	25000	56.780000	17.820000	19.425000	0.917375
R005bc2008.H09	semibin2_0	R005bc2008.H09_semibin2_0	NEB Q5 XT 1x 150 ng (Q)	Klebsiella pneumoniae	u71944ctg_len-573423_circular-no_depth-12-12-12_duplicated-no	275000	300000	25000	62.480000	15.010000	19.425000	0.772716
R005bc2008.H09	semibin2_0	R005bc2008.H09_semibin2_0	NEB Q5 XT 1x 150 ng (Q)	Klebsiella pneumoniae	u71944ctg_len-573423_circular-no_depth-12-12-12_duplicated-no	300000	325000	25000	60.708000	18.320000	19.425000	0.943115
R005bc2008.H09	semibin2_0	R005bc2008.H09_semibin2_0	NEB Q5 XT 1x 150 ng (Q)	Klebsiella pneumoniae	u71944ctg_len-573423_circular-no_depth-12-12-12_duplicated-no	325000	350000	25000	62.588000	14.840000	19.425000	0.763964
R005bc2008.H09	semibin2_0	R005bc2008.H09_semibin2_0	NEB Q5 XT 1x 150 ng (Q)	Klebsiella pneumoniae	u71944ctg_len-573423_circular-no_depth-12-12-12_duplicated-no	350000	375000	25000	61.200000	15.030000	19.425000	0.773745
R005bc2008.H09	semibin2_0	R005bc2008.H09_semibin2_0	NEB Q5 XT 1x 150 ng (Q)	Klebsiella pneumoniae	u71944ctg_len-573423_circular-no_depth-12-12-12_duplicated-no	375000	400000	25000	56.900000	23.810000	19.425000	1.225740
R005bc2008.H09	semibin2_0	R005bc2008.H09_semibin2_0	NEB Q5 XT 1x 150 ng (Q)	Klebsiella pneumoniae	u71944ctg_len-573423_circular-no_depth-12-12-12_duplicated-no	400000	425000	25000	56.176000	22.830000	19.425000	1.175290
R005bc2008.H09	semibin2_0	R005bc2008.H09_semibin2_0	NEB Q5 XT 1x 150 ng (Q)	Klebsiella pneumoniae	u71944ctg_len-573423_circular-no_depth-12-12-12_duplicated-no	425000	450000	25000	59.124000	19.240000	19.425000	0.990476
R005bc2008.H09	semibin2_0	R005bc2008.H09_semibin2_0	NEB Q5 XT 1x 150 ng (Q)	Klebsiella pneumoniae	u71944ctg_len-573423_circular-no_depth-12-12-12_duplicated-no	450000	475000	25000	55.980000	18.940000	19.425000	0.975032
R005bc2008.H09	semibin2_0	R005bc2008.H09_semibin2_0	NEB Q5 XT 1x 150 ng (Q)	Klebsiella pneumoniae	u71944ctg_len-573423_circular-no_depth-12-12-12_duplicated-no	475000	500000	25000	56.148000	18.560000	19.425000	0.955470
R005bc2008.H09	semibin2_0	R005bc2008.H09_semibin2_0	NEB Q5 XT 1x 150 ng (Q)	Klebsiella pneumoniae	u71944ctg_len-573423_circular-no_depth-12-12-12_duplicated-no	500000	525000	25000	60.432000	19.950000	19.425000	1.027027
R005bc2008.H09	semibin2_0	R005bc2008.H09_semibin2_0	NEB Q5 XT 1x 150 ng (Q)	Klebsiella pneumoniae	u71944ctg_len-573423_circular-no_depth-12-12-12_duplicated-no	525000	550000	25000	57.944000	20.750000	19.425000	1.068211
R005bc2008.H09	semibin2_0	R005bc2008.H09_semibin2_0	NEB Q5 XT 1x 150 ng (Q)	Klebsiella pneumoniae	u76991ctg_len-203722_circular-no_depth-14-14-14_duplicated-no	0	25000	25000	57.756000	17.210000	19.425000	0.885972
R005bc2008.H09	semibin2_0	R005bc2008.H09_semibin2_0	NEB Q5 XT 1x 150 ng (Q)	Klebsiella pneumoniae	u76991ctg_len-203722_circular-no_depth-14-14-14_duplicated-no	25000	50000	25000	57.528000	22.190000	19.425000	1.142342
R005bc2008.H09	semibin2_0	R005bc2008.H09_semibin2_0	NEB Q5 XT 1x 150 ng (Q)	Klebsiella pneumoniae	u76991ctg_len-203722_circular-no_depth-14-14-14_duplicated-no	50000	75000	25000	54.024000	25.210000	19.425000	1.297812
R005bc2008.H09	semibin2_0	R005bc2008.H09_semibin2_0	NEB Q5 XT 1x 150 ng (Q)	Klebsiella pneumoniae	u76991ctg_len-203722_circular-no_depth-14-14-14_duplicated-no	75000	100000	25000	54.444000	20.930000	19.425000	1.077477
R005bc2008.H09	semibin2_0	R005bc2008.H09_semibin2_0	NEB Q5 XT 1x 150 ng (Q)	Klebsiella pneumoniae	u76991ctg_len-203722_circular-no_depth-14-14-14_duplicated-no	100000	125000	25000	55.364000	23.550000	19.425000	1.212355
R005bc2008.H09	semibin2_0	R005bc2008.H09_semibin2_0	NEB Q5 XT 1x 150 ng (Q)	Klebsiella pneumoniae	u76991ctg_len-203722_circular-no_depth-14-14-14_duplicated-no	125000	150000	25000	54.980000	20.350000	19.425000	1.047619
R005bc2008.H09	semibin2_0	R005bc2008.H09_semibin2_0	NEB Q5 XT 1x 150 ng (Q)	Klebsiella pneumoniae	u76991ctg_len-203722_circular-no_depth-14-14-14_duplicated-no	150000	175000	25000	50.844000	28.350000	19.425000	1.459459
R005bc2008.H09	semibin2_0	R005bc2008.H09_semibin2_0	NEB Q5 XT 1x 150 ng (Q)	Klebsiella pneumoniae	u76991ctg_len-203722_circular-no_depth-14-14-14_duplicated-no	175000	200000	25000	54.680000	32.400000	19.425000	1.667954
R005bc2008.H09	semibin2_0	R005bc2008.H09_semibin2_0	NEB Q5 XT 1x 150 ng (Q)	Klebsiella pneumoniae	u77779ctg_len-134972_circular-no_depth-13-13-13_duplicated-no	0	25000	25000	58.664000	21.340000	19.425000	1.098584
R005bc2008.H09	semibin2_0	R005bc2008.H09_semibin2_0	NEB Q5 XT 1x 150 ng (Q)	Klebsiella pneumoniae	u77779ctg_len-134972_circular-no_depth-13-13-13_duplicated-no	25000	50000	25000	58.540000	15.290000	19.425000	0.787130
R005bc2008.H09	semibin2_0	R005bc2008.H09_semibin2_0	NEB Q5 XT 1x 150 ng (Q)	Klebsiella pneumoniae	u77779ctg_len-134972_circular-no_depth-13-13-13_duplicated-no	50000	75000	25000	59.232000	22.060000	19.425000	1.135650
R005bc2008.H09	semibin2_0	R005bc2008.H09_semibin2_0	NEB Q5 XT 1x 150 ng (Q)	Klebsiella pneumoniae	u77779ctg_len-134972_circular-no_depth-13-13-13_duplicated-no	75000	100000	25000	58.636000	19.290000	19.425000	0.993050
R005bc2008.H09	semibin2_0	R005bc2008.H09_semibin2_0	NEB Q5 XT 1x 150 ng (Q)	Klebsiella pneumoniae	u77779ctg_len-134972_circular-no_depth-13-13-13_duplicated-no	100000	125000	25000	57.108000	18.940000	19.425000	0.975032
R005bc2008.H09	semibin2_0	R005bc2008.H09_semibin2_0	NEB Q5 XT 1x 150 ng (Q)	Klebsiella pneumoniae	u78592ctg_len-705646_circular-no_depth-11-11-11_duplicated-no	0	25000	25000	51.920000	19.160000	19.425000	0.986358
R005bc2008.H09	semibin2_0	R005bc2008.H09_semibin2_0	NEB Q5 XT 1x 150 ng (Q)	Klebsiella pneumoniae	u78592ctg_len-705646_circular-no_depth-11-11-11_duplicated-no	25000	50000	25000	49.320000	22.950000	19.425000	1.181467
R005bc2008.H09	semibin2_0	R005bc2008.H09_semibin2_0	NEB Q5 XT 1x 150 ng (Q)	Klebsiella pneumoniae	u78592ctg_len-705646_circular-no_depth-11-11-11_duplicated-no	50000	75000	25000	56.580000	21.260000	19.425000	1.094466
R005bc2008.H09	semibin2_0	R005bc2008.H09_semibin2_0	NEB Q5 XT 1x 150 ng (Q)	Klebsiella pneumoniae	u78592ctg_len-705646_circular-no_depth-11-11-11_duplicated-no	75000	100000	25000	55.356000	16.200000	19.425000	0.833977
R005bc2008.H09	semibin2_0	R005bc2008.H09_semibin2_0	NEB Q5 XT 1x 150 ng (Q)	Klebsiella pneumoniae	u78592ctg_len-705646_circular-no_depth-11-11-11_duplicated-no	100000	125000	25000	57.960000	19.310000	19.425000	0.994080
R005bc2008.H09	semibin2_0	R005bc2008.H09_semibin2_0	NEB Q5 XT 1x 150 ng (Q)	Klebsiella pneumoniae	u78592ctg_len-705646_circular-no_depth-11-11-11_duplicated-no	125000	150000	25000	58.020000	20.930000	19.425000	1.077477
R005bc2008.H09	semibin2_0	R005bc2008.H09_semibin2_0	NEB Q5 XT 1x 150 ng (Q)	Klebsiella pneumoniae	u78592ctg_len-705646_circular-no_depth-11-11-11_duplicated-no	150000	175000	25000	57.112000	17.220000	19.425000	0.886486
R005bc2008.H09	semibin2_0	R005bc2008.H09_semibin2_0	NEB Q5 XT 1x 150 ng (Q)	Klebsiella pneumoniae	u78592ctg_len-705646_circular-no_depth-11-11-11_duplicated-no	175000	200000	25000	58.908000	14.110000	19.425000	0.726384
R005bc2008.H09	semibin2_0	R005bc2008.H09_semibin2_0	NEB Q5 XT 1x 150 ng (Q)	Klebsiella pneumoniae	u78592ctg_len-705646_circular-no_depth-11-11-11_duplicated-no	200000	225000	25000	59.664000	19.040000	19.425000	0.980180
R005bc2008.H09	semibin2_0	R005bc2008.H09_semibin2_0	NEB Q5 XT 1x 150 ng (Q)	Klebsiella pneumoniae	u78592ctg_len-705646_circular-no_depth-11-11-11_duplicated-no	225000	250000	25000	52.368000	19.010000	19.425000	0.978636
R005bc2008.H09	semibin2_0	R005bc2008.H09_semibin2_0	NEB Q5 XT 1x 150 ng (Q)	Klebsiella pneumoniae	u78592ctg_len-705646_circular-no_depth-11-11-11_duplicated-no	250000	275000	25000	59.276000	18.110000	19.425000	0.932304
R005bc2008.H09	semibin2_0	R005bc2008.H09_semibin2_0	NEB Q5 XT 1x 150 ng (Q)	Klebsiella pneumoniae	u78592ctg_len-705646_circular-no_depth-11-11-11_duplicated-no	275000	300000	25000	60.380000	15.810000	19.425000	0.813900
R005bc2008.H09	semibin2_0	R005bc2008.H09_semibin2_0	NEB Q5 XT 1x 150 ng (Q)	Klebsiella pneumoniae	u78592ctg_len-705646_circular-no_depth-11-11-11_duplicated-no	300000	325000	25000	53.320000	21.630000	19.425000	1.113514
R005bc2008.H09	semibin2_0	R005bc2008.H09_semibin2_0	NEB Q5 XT 1x 150 ng (Q)	Klebsiella pneumoniae	u78592ctg_len-705646_circular-no_depth-11-11-11_duplicated-no	325000	350000	25000	56.924000	19.030000	19.425000	0.979665
R005bc2008.H09	semibin2_0	R005bc2008.H09_semibin2_0	NEB Q5 XT 1x 150 ng (Q)	Klebsiella pneumoniae	u78592ctg_len-705646_circular-no_depth-11-11-11_duplicated-no	350000	375000	25000	59.816000	15.370000	19.425000	0.791248
R005bc2008.H09	semibin2_0	R005bc2008.H09_semibin2_0	NEB Q5 XT 1x 150 ng (Q)	Klebsiella pneumoniae	u78592ctg_len-705646_circular-no_depth-11-11-11_duplicated-no	375000	400000	25000	62.288000	15.030000	19.425000	0.773745
R005bc2008.H09	semibin2_0	R005bc2008.H09_semibin2_0	NEB Q5 XT 1x 150 ng (Q)	Klebsiella pneumoniae	u78592ctg_len-705646_circular-no_depth-11-11-11_duplicated-no	400000	425000	25000	61.692000	12.590000	19.425000	0.648134
R005bc2008.H09	semibin2_0	R005bc2008.H09_semibin2_0	NEB Q5 XT 1x 150 ng (Q)	Klebsiella pneumoniae	u78592ctg_len-705646_circular-no_depth-11-11-11_duplicated-no	425000	450000	25000	58.368000	15.780000	19.425000	0.812355
R005bc2008.H09	semibin2_0	R005bc2008.H09_semibin2_0	NEB Q5 XT 1x 150 ng (Q)	Klebsiella pneumoniae	u78592ctg_len-705646_circular-no_depth-11-11-11_duplicated-no	450000	475000	25000	56.056000	14.740000	19.425000	0.758816
R005bc2008.H09	semibin2_0	R005bc2008.H09_semibin2_0	NEB Q5 XT 1x 150 ng (Q)	Klebsiella pneumoniae	u78592ctg_len-705646_circular-no_depth-11-11-11_duplicated-no	475000	500000	25000	61.500000	12.010000	19.425000	0.618275
R005bc2008.H09	semibin2_0	R005bc2008.H09_semibin2_0	NEB Q5 XT 1x 150 ng (Q)	Klebsiella pneumoniae	u78592ctg_len-705646_circular-no_depth-11-11-11_duplicated-no	500000	525000	25000	55.872000	22.930000	19.425000	1.180438
R005bc2008.H09	semibin2_0	R005bc2008.H09_semibin2_0	NEB Q5 XT 1x 150 ng (Q)	Klebsiella pneumoniae	u78592ctg_len-705646_circular-no_depth-11-11-11_duplicated-no	525000	550000	25000	57.536000	18.520000	19.425000	0.953411
R005bc2008.H09	semibin2_0	R005bc2008.H09_semibin2_0	NEB Q5 XT 1x 150 ng (Q)	Klebsiella pneumoniae	u78592ctg_len-705646_circular-no_depth-11-11-11_duplicated-no	550000	575000	25000	58.056000	19.970000	19.425000	1.028057
R005bc2008.H09	semibin2_0	R005bc2008.H09_semibin2_0	NEB Q5 XT 1x 150 ng (Q)	Klebsiella pneumoniae	u78592ctg_len-705646_circular-no_depth-11-11-11_duplicated-no	575000	600000	25000	58.672000	18.240000	19.425000	0.938996
R005bc2008.H09	semibin2_0	R005bc2008.H09_semibin2_0	NEB Q5 XT 1x 150 ng (Q)	Klebsiella pneumoniae	u78592ctg_len-705646_circular-no_depth-11-11-11_duplicated-no	600000	625000	25000	59.568000	14.000000	19.425000	0.720721
R005bc2008.H09	semibin2_0	R005bc2008.H09_semibin2_0	NEB Q5 XT 1x 150 ng (Q)	Klebsiella pneumoniae	u78592ctg_len-705646_circular-no_depth-11-11-11_duplicated-no	625000	650000	25000	60.352000	17.030000	19.425000	0.876705
R005bc2008.H09	semibin2_0	R005bc2008.H09_semibin2_0	NEB Q5 XT 1x 150 ng (Q)	Klebsiella pneumoniae	u78592ctg_len-705646_circular-no_depth-11-11-11_duplicated-no	650000	675000	25000	59.240000	18.980000	19.425000	0.977091
R005bc2008.H09	semibin2_0	R005bc2008.H09_semibin2_0	NEB Q5 XT 1x 150 ng (Q)	Klebsiella pneumoniae	u78592ctg_len-705646_circular-no_depth-11-11-11_duplicated-no	675000	700000	25000	57.860000	18.970000	19.425000	0.976577
R005bc2008.H09	semibin2_0	R005bc2008.H09_semibin2_0	NEB Q5 XT 1x 150 ng (Q)	Klebsiella pneumoniae	u81397ctg_len-59780_circular-no_depth-14-14-14_duplicated-no	0	25000	25000	54.756000	19.620000	19.425000	1.010039
R005bc2008.H09	semibin2_0	R005bc2008.H09_semibin2_0	NEB Q5 XT 1x 150 ng (Q)	Klebsiella pneumoniae	u81397ctg_len-59780_circular-no_depth-14-14-14_duplicated-no	25000	50000	25000	58.316000	16.840000	19.425000	0.866924
R005bc2008.H09	semibin2_0	R005bc2008.H09_semibin2_0	NEB Q5 XT 1x 150 ng (Q)	Klebsiella pneumoniae	u83380ctg_len-215689_circular-no_depth-13-13-13_duplicated-no	0	25000	25000	60.404000	19.080000	19.425000	0.982239
R005bc2008.H09	semibin2_0	R005bc2008.H09_semibin2_0	NEB Q5 XT 1x 150 ng (Q)	Klebsiella pneumoniae	u83380ctg_len-215689_circular-no_depth-13-13-13_duplicated-no	25000	50000	25000	61.056000	14.440000	19.425000	0.743372
R005bc2008.H09	semibin2_0	R005bc2008.H09_semibin2_0	NEB Q5 XT 1x 150 ng (Q)	Klebsiella pneumoniae	u83380ctg_len-215689_circular-no_depth-13-13-13_duplicated-no	50000	75000	25000	58.376000	23.910000	19.425000	1.230888
R005bc2008.H09	semibin2_0	R005bc2008.H09_semibin2_0	NEB Q5 XT 1x 150 ng (Q)	Klebsiella pneumoniae	u83380ctg_len-215689_circular-no_depth-13-13-13_duplicated-no	75000	100000	25000	57.284000	21.340000	19.425000	1.098584
R005bc2008.H09	semibin2_0	R005bc2008.H09_semibin2_0	NEB Q5 XT 1x 150 ng (Q)	Klebsiella pneumoniae	u83380ctg_len-215689_circular-no_depth-13-13-13_duplicated-no	100000	125000	25000	58.296000	22.400000	19.425000	1.153153
R005bc2008.H09	semibin2_0	R005bc2008.H09_semibin2_0	NEB Q5 XT 1x 150 ng (Q)	Klebsiella pneumoniae	u83380ctg_len-215689_circular-no_depth-13-13-13_duplicated-no	125000	150000	25000	56.172000	20.280000	19.425000	1.044015
R005bc2008.H09	semibin2_0	R005bc2008.H09_semibin2_0	NEB Q5 XT 1x 150 ng (Q)	Klebsiella pneumoniae	u83380ctg_len-215689_circular-no_depth-13-13-13_duplicated-no	150000	175000	25000	56.956000	27.260000	19.425000	1.403346
R005bc2008.H09	semibin2_0	R005bc2008.H09_semibin2_0	NEB Q5 XT 1x 150 ng (Q)	Klebsiella pneumoniae	u83380ctg_len-215689_circular-no_depth-13-13-13_duplicated-no	175000	200000	25000	59.512000	22.720000	19.425000	1.169627
R005bc2008.H09	semibin2_0	R005bc2008.H09_semibin2_0	NEB Q5 XT 1x 150 ng (Q)	Klebsiella pneumoniae	u86865ctg_len-700101_circular-no_depth-13-13-13_duplicated-no	0	25000	25000	58.400000	21.640000	19.425000	1.114028
R005bc2008.H09	semibin2_0	R005bc2008.H09_semibin2_0	NEB Q5 XT 1x 150 ng (Q)	Klebsiella pneumoniae	u86865ctg_len-700101_circular-no_depth-13-13-13_duplicated-no	25000	50000	25000	57.808000	17.970000	19.425000	0.925097
R005bc2008.H09	semibin2_0	R005bc2008.H09_semibin2_0	NEB Q5 XT 1x 150 ng (Q)	Klebsiella pneumoniae	u86865ctg_len-700101_circular-no_depth-13-13-13_duplicated-no	50000	75000	25000	56.392000	22.500000	19.425000	1.158301
R005bc2008.H09	semibin2_0	R005bc2008.H09_semibin2_0	NEB Q5 XT 1x 150 ng (Q)	Klebsiella pneumoniae	u86865ctg_len-700101_circular-no_depth-13-13-13_duplicated-no	75000	100000	25000	54.484000	23.680000	19.425000	1.219048
R005bc2008.H09	semibin2_0	R005bc2008.H09_semibin2_0	NEB Q5 XT 1x 150 ng (Q)	Klebsiella pneumoniae	u86865ctg_len-700101_circular-no_depth-13-13-13_duplicated-no	100000	125000	25000	54.476000	27.740000	19.425000	1.428057
R005bc2008.H09	semibin2_0	R005bc2008.H09_semibin2_0	NEB Q5 XT 1x 150 ng (Q)	Klebsiella pneumoniae	u86865ctg_len-700101_circular-no_depth-13-13-13_duplicated-no	125000	150000	25000	57.520000	21.640000	19.425000	1.114028
R005bc2008.H09	semibin2_0	R005bc2008.H09_semibin2_0	NEB Q5 XT 1x 150 ng (Q)	Klebsiella pneumoniae	u86865ctg_len-700101_circular-no_depth-13-13-13_duplicated-no	150000	175000	25000	58.380000	22.840000	19.425000	1.175804
R005bc2008.H09	semibin2_0	R005bc2008.H09_semibin2_0	NEB Q5 XT 1x 150 ng (Q)	Klebsiella pneumoniae	u86865ctg_len-700101_circular-no_depth-13-13-13_duplicated-no	175000	200000	25000	57.968000	21.940000	19.425000	1.129472
R005bc2008.H09	semibin2_0	R005bc2008.H09_semibin2_0	NEB Q5 XT 1x 150 ng (Q)	Klebsiella pneumoniae	u86865ctg_len-700101_circular-no_depth-13-13-13_duplicated-no	200000	225000	25000	55.740000	26.690000	19.425000	1.374003
R005bc2008.H09	semibin2_0	R005bc2008.H09_semibin2_0	NEB Q5 XT 1x 150 ng (Q)	Klebsiella pneumoniae	u86865ctg_len-700101_circular-no_depth-13-13-13_duplicated-no	225000	250000	25000	56.672000	21.530000	19.425000	1.108366
R005bc2008.H09	semibin2_0	R005bc2008.H09_semibin2_0	NEB Q5 XT 1x 150 ng (Q)	Klebsiella pneumoniae	u86865ctg_len-700101_circular-no_depth-13-13-13_duplicated-no	250000	275000	25000	57.928000	17.660000	19.425000	0.909138
R005bc2008.H09	semibin2_0	R005bc2008.H09_semibin2_0	NEB Q5 XT 1x 150 ng (Q)	Klebsiella pneumoniae	u86865ctg_len-700101_circular-no_depth-13-13-13_duplicated-no	275000	300000	25000	57.252000	20.040000	19.425000	1.031660
R005bc2008.H09	semibin2_0	R005bc2008.H09_semibin2_0	NEB Q5 XT 1x 150 ng (Q)	Klebsiella pneumoniae	u86865ctg_len-700101_circular-no_depth-13-13-13_duplicated-no	300000	325000	25000	52.936000	24.200000	19.425000	1.245817
R005bc2008.H09	semibin2_0	R005bc2008.H09_semibin2_0	NEB Q5 XT 1x 150 ng (Q)	Klebsiella pneumoniae	u86865ctg_len-700101_circular-no_depth-13-13-13_duplicated-no	325000	350000	25000	57.512000	19.370000	19.425000	0.997169
R005bc2008.H09	semibin2_0	R005bc2008.H09_semibin2_0	NEB Q5 XT 1x 150 ng (Q)	Klebsiella pneumoniae	u86865ctg_len-700101_circular-no_depth-13-13-13_duplicated-no	350000	375000	25000	57.148000	19.000000	19.425000	0.978121
R005bc2008.H09	semibin2_0	R005bc2008.H09_semibin2_0	NEB Q5 XT 1x 150 ng (Q)	Klebsiella pneumoniae	u86865ctg_len-700101_circular-no_depth-13-13-13_duplicated-no	375000	400000	25000	56.768000	20.720000	19.425000	1.066667
R005bc2008.H09	semibin2_0	R005bc2008.H09_semibin2_0	NEB Q5 XT 1x 150 ng (Q)	Klebsiella pneumoniae	u86865ctg_len-700101_circular-no_depth-13-13-13_duplicated-no	400000	425000	25000	56.660000	20.460000	19.425000	1.053282
R005bc2008.H09	semibin2_0	R005bc2008.H09_semibin2_0	NEB Q5 XT 1x 150 ng (Q)	Klebsiella pneumoniae	u86865ctg_len-700101_circular-no_depth-13-13-13_duplicated-no	425000	450000	25000	55.836000	23.570000	19.425000	1.213385
R005bc2008.H09	semibin2_0	R005bc2008.H09_semibin2_0	NEB Q5 XT 1x 150 ng (Q)	Klebsiella pneumoniae	u86865ctg_len-700101_circular-no_depth-13-13-13_duplicated-no	450000	475000	25000	60.276000	18.630000	19.425000	0.959073
R005bc2008.H09	semibin2_0	R005bc2008.H09_semibin2_0	NEB Q5 XT 1x 150 ng (Q)	Klebsiella pneumoniae	u86865ctg_len-700101_circular-no_depth-13-13-13_duplicated-no	475000	500000	25000	58.064000	21.900000	19.425000	1.127413
R005bc2008.H09	semibin2_0	R005bc2008.H09_semibin2_0	NEB Q5 XT 1x 150 ng (Q)	Klebsiella pneumoniae	u86865ctg_len-700101_circular-no_depth-13-13-13_duplicated-no	500000	525000	25000	51.876000	21.190000	19.425000	1.090862
R005bc2008.H09	semibin2_0	R005bc2008.H09_semibin2_0	NEB Q5 XT 1x 150 ng (Q)	Klebsiella pneumoniae	u86865ctg_len-700101_circular-no_depth-13-13-13_duplicated-no	525000	550000	25000	58.400000	22.040000	19.425000	1.134620
R005bc2008.H09	semibin2_0	R005bc2008.H09_semibin2_0	NEB Q5 XT 1x 150 ng (Q)	Klebsiella pneumoniae	u86865ctg_len-700101_circular-no_depth-13-13-13_duplicated-no	550000	575000	25000	57.712000	19.390000	19.425000	0.998198
R005bc2008.H09	semibin2_0	R005bc2008.H09_semibin2_0	NEB Q5 XT 1x 150 ng (Q)	Klebsiella pneumoniae	u86865ctg_len-700101_circular-no_depth-13-13-13_duplicated-no	575000	600000	25000	57.280000	17.650000	19.425000	0.908623
R005bc2008.H09	semibin2_0	R005bc2008.H09_semibin2_0	NEB Q5 XT 1x 150 ng (Q)	Klebsiella pneumoniae	u86865ctg_len-700101_circular-no_depth-13-13-13_duplicated-no	600000	625000	25000	59.404000	25.020000	19.425000	1.288031
R005bc2008.H09	semibin2_0	R005bc2008.H09_semibin2_0	NEB Q5 XT 1x 150 ng (Q)	Klebsiella pneumoniae	u86865ctg_len-700101_circular-no_depth-13-13-13_duplicated-no	625000	650000	25000	57.204000	17.310000	19.425000	0.891120
R005bc2008.H09	semibin2_0	R005bc2008.H09_semibin2_0	NEB Q5 XT 1x 150 ng (Q)	Klebsiella pneumoniae	u86865ctg_len-700101_circular-no_depth-13-13-13_duplicated-no	650000	675000	25000	56.628000	21.260000	19.425000	1.094466
R005bc2008.H09	semibin2_0	R005bc2008.H09_semibin2_0	NEB Q5 XT 1x 150 ng (Q)	Klebsiella pneumoniae	u86865ctg_len-700101_circular-no_depth-13-13-13_duplicated-no	675000	700000	25000	53.552000	22.850000	19.425000	1.176319
R004bc2008.H09	semibin2_1	R004bc2008.H09_semibin2_1	NEB Q5 XT 1x 150 ng	Pseudomonas aeruginosa	u10782ctg_len-35566_circular-no_depth-6-6-6_duplicated-no	0	25000	25000	66.696000	13.110000	19.300000	0.679275
R004bc2008.H09	semibin2_1	R004bc2008.H09_semibin2_1	NEB Q5 XT 1x 150 ng	Pseudomonas aeruginosa	u14370ctg_len-40231_circular-no_depth-14-14-14_duplicated-no	0	25000	25000	65.996000	19.010000	19.300000	0.984974
R004bc2008.H09	semibin2_1	R004bc2008.H09_semibin2_1	NEB Q5 XT 1x 150 ng	Pseudomonas aeruginosa	u15027ctg_len-41705_circular-no_depth-6-6-6_duplicated-no	0	25000	25000	68.484000	14.020000	19.300000	0.726425
R004bc2008.H09	semibin2_1	R004bc2008.H09_semibin2_1	NEB Q5 XT 1x 150 ng	Pseudomonas aeruginosa	u16648ctg_len-55709_circular-no_depth-7-7-7_duplicated-no	0	25000	25000	67.396000	18.410000	19.300000	0.953886
R004bc2008.H09	semibin2_1	R004bc2008.H09_semibin2_1	NEB Q5 XT 1x 150 ng	Pseudomonas aeruginosa	u16648ctg_len-55709_circular-no_depth-7-7-7_duplicated-no	25000	50000	25000	67.184000	15.040000	19.300000	0.779275
R004bc2008.H09	semibin2_1	R004bc2008.H09_semibin2_1	NEB Q5 XT 1x 150 ng	Pseudomonas aeruginosa	u17322ctg_len-145271_circular-no_depth-6-6-6_duplicated-no	0	25000	25000	65.460000	14.500000	19.300000	0.751295
R004bc2008.H09	semibin2_1	R004bc2008.H09_semibin2_1	NEB Q5 XT 1x 150 ng	Pseudomonas aeruginosa	u17322ctg_len-145271_circular-no_depth-6-6-6_duplicated-no	25000	50000	25000	67.296000	18.690000	19.300000	0.968394
R004bc2008.H09	semibin2_1	R004bc2008.H09_semibin2_1	NEB Q5 XT 1x 150 ng	Pseudomonas aeruginosa	u17322ctg_len-145271_circular-no_depth-6-6-6_duplicated-no	50000	75000	25000	68.852000	14.370000	19.300000	0.744560
R004bc2008.H09	semibin2_1	R004bc2008.H09_semibin2_1	NEB Q5 XT 1x 150 ng	Pseudomonas aeruginosa	u17322ctg_len-145271_circular-no_depth-6-6-6_duplicated-no	75000	100000	25000	68.576000	6.370000	19.300000	0.330052
R004bc2008.H09	semibin2_1	R004bc2008.H09_semibin2_1	NEB Q5 XT 1x 150 ng	Pseudomonas aeruginosa	u17322ctg_len-145271_circular-no_depth-6-6-6_duplicated-no	100000	125000	25000	67.040000	10.210000	19.300000	0.529016
R004bc2008.H09	semibin2_1	R004bc2008.H09_semibin2_1	NEB Q5 XT 1x 150 ng	Pseudomonas aeruginosa	u18447ctg_len-246383_circular-no_depth-13-13-13_duplicated-no	0	25000	25000	63.948000	24.170000	19.300000	1.252332
R004bc2008.H09	semibin2_1	R004bc2008.H09_semibin2_1	NEB Q5 XT 1x 150 ng	Pseudomonas aeruginosa	u18447ctg_len-246383_circular-no_depth-13-13-13_duplicated-no	25000	50000	25000	60.824000	30.880000	19.300000	1.600000
R004bc2008.H09	semibin2_1	R004bc2008.H09_semibin2_1	NEB Q5 XT 1x 150 ng	Pseudomonas aeruginosa	u18447ctg_len-246383_circular-no_depth-13-13-13_duplicated-no	50000	75000	25000	60.800000	26.390000	19.300000	1.367358
R004bc2008.H09	semibin2_1	R004bc2008.H09_semibin2_1	NEB Q5 XT 1x 150 ng	Pseudomonas aeruginosa	u18447ctg_len-246383_circular-no_depth-13-13-13_duplicated-no	75000	100000	25000	66.656000	16.180000	19.300000	0.838342
R004bc2008.H09	semibin2_1	R004bc2008.H09_semibin2_1	NEB Q5 XT 1x 150 ng	Pseudomonas aeruginosa	u18447ctg_len-246383_circular-no_depth-13-13-13_duplicated-no	100000	125000	25000	66.632000	23.980000	19.300000	1.242487
R004bc2008.H09	semibin2_1	R004bc2008.H09_semibin2_1	NEB Q5 XT 1x 150 ng	Pseudomonas aeruginosa	u18447ctg_len-246383_circular-no_depth-13-13-13_duplicated-no	125000	150000	25000	66.180000	18.520000	19.300000	0.959585
R004bc2008.H09	semibin2_1	R004bc2008.H09_semibin2_1	NEB Q5 XT 1x 150 ng	Pseudomonas aeruginosa	u18447ctg_len-246383_circular-no_depth-13-13-13_duplicated-no	150000	175000	25000	65.180000	23.480000	19.300000	1.216580
R004bc2008.H09	semibin2_1	R004bc2008.H09_semibin2_1	NEB Q5 XT 1x 150 ng	Pseudomonas aeruginosa	u18447ctg_len-246383_circular-no_depth-13-13-13_duplicated-no	175000	200000	25000	67.168000	14.890000	19.300000	0.771503
R004bc2008.H09	semibin2_1	R004bc2008.H09_semibin2_1	NEB Q5 XT 1x 150 ng	Pseudomonas aeruginosa	u18447ctg_len-246383_circular-no_depth-13-13-13_duplicated-no	200000	225000	25000	68.220000	15.710000	19.300000	0.813990
R004bc2008.H09	semibin2_1	R004bc2008.H09_semibin2_1	NEB Q5 XT 1x 150 ng	Pseudomonas aeruginosa	u19588ctg_len-219357_circular-no_depth-12-12-12_duplicated-no	0	25000	25000	66.408000	20.890000	19.300000	1.082383
R004bc2008.H09	semibin2_1	R004bc2008.H09_semibin2_1	NEB Q5 XT 1x 150 ng	Pseudomonas aeruginosa	u19588ctg_len-219357_circular-no_depth-12-12-12_duplicated-no	25000	50000	25000	66.280000	21.720000	19.300000	1.125389
R004bc2008.H09	semibin2_1	R004bc2008.H09_semibin2_1	NEB Q5 XT 1x 150 ng	Pseudomonas aeruginosa	u19588ctg_len-219357_circular-no_depth-12-12-12_duplicated-no	50000	75000	25000	66.684000	17.140000	19.300000	0.888083
R004bc2008.H09	semibin2_1	R004bc2008.H09_semibin2_1	NEB Q5 XT 1x 150 ng	Pseudomonas aeruginosa	u19588ctg_len-219357_circular-no_depth-12-12-12_duplicated-no	75000	100000	25000	67.944000	21.400000	19.300000	1.108808
R004bc2008.H09	semibin2_1	R004bc2008.H09_semibin2_1	NEB Q5 XT 1x 150 ng	Pseudomonas aeruginosa	u19588ctg_len-219357_circular-no_depth-12-12-12_duplicated-no	100000	125000	25000	66.032000	27.000000	19.300000	1.398964
R004bc2008.H09	semibin2_1	R004bc2008.H09_semibin2_1	NEB Q5 XT 1x 150 ng	Pseudomonas aeruginosa	u19588ctg_len-219357_circular-no_depth-12-12-12_duplicated-no	125000	150000	25000	65.436000	18.030000	19.300000	0.934197
R004bc2008.H09	semibin2_1	R004bc2008.H09_semibin2_1	NEB Q5 XT 1x 150 ng	Pseudomonas aeruginosa	u19588ctg_len-219357_circular-no_depth-12-12-12_duplicated-no	150000	175000	25000	65.636000	19.630000	19.300000	1.017098
R004bc2008.H09	semibin2_1	R004bc2008.H09_semibin2_1	NEB Q5 XT 1x 150 ng	Pseudomonas aeruginosa	u19588ctg_len-219357_circular-no_depth-12-12-12_duplicated-no	175000	200000	25000	67.852000	14.780000	19.300000	0.765803
R004bc2008.H09	semibin2_1	R004bc2008.H09_semibin2_1	NEB Q5 XT 1x 150 ng	Pseudomonas aeruginosa	u20249ctg_len-52891_circular-no_depth-5-5-5_duplicated-no	0	25000	25000	66.500000	13.040000	19.300000	0.675648
R004bc2008.H09	semibin2_1	R004bc2008.H09_semibin2_1	NEB Q5 XT 1x 150 ng	Pseudomonas aeruginosa	u20249ctg_len-52891_circular-no_depth-5-5-5_duplicated-no	25000	50000	25000	68.636000	13.820000	19.300000	0.716062
R004bc2008.H09	semibin2_1	R004bc2008.H09_semibin2_1	NEB Q5 XT 1x 150 ng	Pseudomonas aeruginosa	u21327ctg_len-64061_circular-no_depth-8-8-8_duplicated-no	0	25000	25000	68.360000	15.520000	19.300000	0.804145
R004bc2008.H09	semibin2_1	R004bc2008.H09_semibin2_1	NEB Q5 XT 1x 150 ng	Pseudomonas aeruginosa	u21327ctg_len-64061_circular-no_depth-8-8-8_duplicated-no	25000	50000	25000	67.112000	17.890000	19.300000	0.926943
R004bc2008.H09	semibin2_1	R004bc2008.H09_semibin2_1	NEB Q5 XT 1x 150 ng	Pseudomonas aeruginosa	u24815ctg_len-43630_circular-no_depth-9-9-9_duplicated-no	0	25000	25000	65.312000	12.460000	19.300000	0.645596
R004bc2008.H09	semibin2_1	R004bc2008.H09_semibin2_1	NEB Q5 XT 1x 150 ng	Pseudomonas aeruginosa	u26055ctg_len-55074_circular-no_depth-7-7-7_duplicated-no	0	25000	25000	66.900000	16.120000	19.300000	0.835233
R004bc2008.H09	semibin2_1	R004bc2008.H09_semibin2_1	NEB Q5 XT 1x 150 ng	Pseudomonas aeruginosa	u26055ctg_len-55074_circular-no_depth-7-7-7_duplicated-no	25000	50000	25000	68.608000	12.880000	19.300000	0.667358
R004bc2008.H09	semibin2_1	R004bc2008.H09_semibin2_1	NEB Q5 XT 1x 150 ng	Pseudomonas aeruginosa	u26896ctg_len-47011_circular-no_depth-7-7-7_duplicated-no	0	25000	25000	68.872000	13.370000	19.300000	0.692746
R004bc2008.H09	semibin2_1	R004bc2008.H09_semibin2_1	NEB Q5 XT 1x 150 ng	Pseudomonas aeruginosa	u28095ctg_len-42420_circular-no_depth-9-9-9_duplicated-no	0	25000	25000	67.784000	19.830000	19.300000	1.027461
R004bc2008.H09	semibin2_1	R004bc2008.H09_semibin2_1	NEB Q5 XT 1x 150 ng	Pseudomonas aeruginosa	u32470ctg_len-33367_circular-no_depth-4-4-4_duplicated-no	0	25000	25000	67.700000	16.000000	19.300000	0.829016
R004bc2008.H09	semibin2_1	R004bc2008.H09_semibin2_1	NEB Q5 XT 1x 150 ng	Pseudomonas aeruginosa	u33266ctg_len-122734_circular-no_depth-9-9-9_duplicated-no	0	25000	25000	67.396000	13.300000	19.300000	0.689119
R004bc2008.H09	semibin2_1	R004bc2008.H09_semibin2_1	NEB Q5 XT 1x 150 ng	Pseudomonas aeruginosa	u33266ctg_len-122734_circular-no_depth-9-9-9_duplicated-no	25000	50000	25000	67.812000	9.810000	19.300000	0.508290
R004bc2008.H09	semibin2_1	R004bc2008.H09_semibin2_1	NEB Q5 XT 1x 150 ng	Pseudomonas aeruginosa	u33266ctg_len-122734_circular-no_depth-9-9-9_duplicated-no	50000	75000	25000	68.020000	17.770000	19.300000	0.920725
R004bc2008.H09	semibin2_1	R004bc2008.H09_semibin2_1	NEB Q5 XT 1x 150 ng	Pseudomonas aeruginosa	u33266ctg_len-122734_circular-no_depth-9-9-9_duplicated-no	75000	100000	25000	66.848000	17.060000	19.300000	0.883938
R004bc2008.H09	semibin2_1	R004bc2008.H09_semibin2_1	NEB Q5 XT 1x 150 ng	Pseudomonas aeruginosa	u37178ctg_len-64726_circular-no_depth-14-14-14_duplicated-no	0	25000	25000	66.260000	20.630000	19.300000	1.068912
R004bc2008.H09	semibin2_1	R004bc2008.H09_semibin2_1	NEB Q5 XT 1x 150 ng	Pseudomonas aeruginosa	u37178ctg_len-64726_circular-no_depth-14-14-14_duplicated-no	25000	50000	25000	67.116000	19.080000	19.300000	0.988601
R004bc2008.H09	semibin2_1	R004bc2008.H09_semibin2_1	NEB Q5 XT 1x 150 ng	Pseudomonas aeruginosa	u37546ctg_len-150314_circular-no_depth-14-14-14_duplicated-no	0	25000	25000	64.124000	19.930000	19.300000	1.032642
R004bc2008.H09	semibin2_1	R004bc2008.H09_semibin2_1	NEB Q5 XT 1x 150 ng	Pseudomonas aeruginosa	u37546ctg_len-150314_circular-no_depth-14-14-14_duplicated-no	25000	50000	25000	65.684000	27.230000	19.300000	1.410881
R004bc2008.H09	semibin2_1	R004bc2008.H09_semibin2_1	NEB Q5 XT 1x 150 ng	Pseudomonas aeruginosa	u37546ctg_len-150314_circular-no_depth-14-14-14_duplicated-no	50000	75000	25000	63.224000	23.360000	19.300000	1.210363
R004bc2008.H09	semibin2_1	R004bc2008.H09_semibin2_1	NEB Q5 XT 1x 150 ng	Pseudomonas aeruginosa	u37546ctg_len-150314_circular-no_depth-14-14-14_duplicated-no	75000	100000	25000	65.940000	21.810000	19.300000	1.130052
R004bc2008.H09	semibin2_1	R004bc2008.H09_semibin2_1	NEB Q5 XT 1x 150 ng	Pseudomonas aeruginosa	u37546ctg_len-150314_circular-no_depth-14-14-14_duplicated-no	100000	125000	25000	66.280000	20.620000	19.300000	1.068394
R004bc2008.H09	semibin2_1	R004bc2008.H09_semibin2_1	NEB Q5 XT 1x 150 ng	Pseudomonas aeruginosa	u37546ctg_len-150314_circular-no_depth-14-14-14_duplicated-no	125000	150000	25000	68.196000	12.170000	19.300000	0.630570
R004bc2008.H09	semibin2_1	R004bc2008.H09_semibin2_1	NEB Q5 XT 1x 150 ng	Pseudomonas aeruginosa	u38109ctg_len-264126_circular-no_depth-12-12-12_duplicated-no	0	25000	25000	67.564000	16.780000	19.300000	0.869430
R004bc2008.H09	semibin2_1	R004bc2008.H09_semibin2_1	NEB Q5 XT 1x 150 ng	Pseudomonas aeruginosa	u38109ctg_len-264126_circular-no_depth-12-12-12_duplicated-no	25000	50000	25000	60.952000	18.010000	19.300000	0.933161
R004bc2008.H09	semibin2_1	R004bc2008.H09_semibin2_1	NEB Q5 XT 1x 150 ng	Pseudomonas aeruginosa	u38109ctg_len-264126_circular-no_depth-12-12-12_duplicated-no	50000	75000	25000	67.700000	18.050000	19.300000	0.935233
R004bc2008.H09	semibin2_1	R004bc2008.H09_semibin2_1	NEB Q5 XT 1x 150 ng	Pseudomonas aeruginosa	u38109ctg_len-264126_circular-no_depth-12-12-12_duplicated-no	75000	100000	25000	66.060000	22.930000	19.300000	1.188083
R004bc2008.H09	semibin2_1	R004bc2008.H09_semibin2_1	NEB Q5 XT 1x 150 ng	Pseudomonas aeruginosa	u38109ctg_len-264126_circular-no_depth-12-12-12_duplicated-no	100000	125000	25000	67.732000	19.830000	19.300000	1.027461
R004bc2008.H09	semibin2_1	R004bc2008.H09_semibin2_1	NEB Q5 XT 1x 150 ng	Pseudomonas aeruginosa	u38109ctg_len-264126_circular-no_depth-12-12-12_duplicated-no	125000	150000	25000	66.752000	19.290000	19.300000	0.999482
R004bc2008.H09	semibin2_1	R004bc2008.H09_semibin2_1	NEB Q5 XT 1x 150 ng	Pseudomonas aeruginosa	u38109ctg_len-264126_circular-no_depth-12-12-12_duplicated-no	150000	175000	25000	65.404000	29.600000	19.300000	1.533679
R004bc2008.H09	semibin2_1	R004bc2008.H09_semibin2_1	NEB Q5 XT 1x 150 ng	Pseudomonas aeruginosa	u38109ctg_len-264126_circular-no_depth-12-12-12_duplicated-no	175000	200000	25000	66.776000	24.210000	19.300000	1.254404
R004bc2008.H09	semibin2_1	R004bc2008.H09_semibin2_1	NEB Q5 XT 1x 150 ng	Pseudomonas aeruginosa	u38109ctg_len-264126_circular-no_depth-12-12-12_duplicated-no	200000	225000	25000	66.684000	25.640000	19.300000	1.328497
R004bc2008.H09	semibin2_1	R004bc2008.H09_semibin2_1	NEB Q5 XT 1x 150 ng	Pseudomonas aeruginosa	u38109ctg_len-264126_circular-no_depth-12-12-12_duplicated-no	225000	250000	25000	65.512000	27.640000	19.300000	1.432124
R004bc2008.H09	semibin2_1	R004bc2008.H09_semibin2_1	NEB Q5 XT 1x 150 ng	Pseudomonas aeruginosa	u40169ctg_len-33444_circular-no_depth-9-9-9_duplicated-no	0	25000	25000	66.472000	23.770000	19.300000	1.231606
R004bc2008.H09	semibin2_1	R004bc2008.H09_semibin2_1	NEB Q5 XT 1x 150 ng	Pseudomonas aeruginosa	u41815ctg_len-90668_circular-no_depth-13-13-13_duplicated-no	0	25000	25000	67.304000	24.090000	19.300000	1.248187
R004bc2008.H09	semibin2_1	R004bc2008.H09_semibin2_1	NEB Q5 XT 1x 150 ng	Pseudomonas aeruginosa	u41815ctg_len-90668_circular-no_depth-13-13-13_duplicated-no	25000	50000	25000	66.984000	19.410000	19.300000	1.005699
R004bc2008.H09	semibin2_1	R004bc2008.H09_semibin2_1	NEB Q5 XT 1x 150 ng	Pseudomonas aeruginosa	u41815ctg_len-90668_circular-no_depth-13-13-13_duplicated-no	50000	75000	25000	67.224000	16.060000	19.300000	0.832124
R004bc2008.H09	semibin2_1	R004bc2008.H09_semibin2_1	NEB Q5 XT 1x 150 ng	Pseudomonas aeruginosa	u44851ctg_len-35563_circular-no_depth-4-4-4_duplicated-no	0	25000	25000	67.476000	16.930000	19.300000	0.877202
R004bc2008.H09	semibin2_1	R004bc2008.H09_semibin2_1	NEB Q5 XT 1x 150 ng	Pseudomonas aeruginosa	u47896ctg_len-36479_circular-no_depth-11-11-11_duplicated-no	0	25000	25000	62.940000	20.030000	19.300000	1.037824
R004bc2008.H09	semibin2_1	R004bc2008.H09_semibin2_1	NEB Q5 XT 1x 150 ng	Pseudomonas aeruginosa	u50120ctg_len-91896_circular-no_depth-7-7-7_duplicated-no	0	25000	25000	68.080000	13.270000	19.300000	0.687565
R004bc2008.H09	semibin2_1	R004bc2008.H09_semibin2_1	NEB Q5 XT 1x 150 ng	Pseudomonas aeruginosa	u50120ctg_len-91896_circular-no_depth-7-7-7_duplicated-no	25000	50000	25000	66.032000	14.470000	19.300000	0.749741
R004bc2008.H09	semibin2_1	R004bc2008.H09_semibin2_1	NEB Q5 XT 1x 150 ng	Pseudomonas aeruginosa	u50120ctg_len-91896_circular-no_depth-7-7-7_duplicated-no	50000	75000	25000	66.820000	16.220000	19.300000	0.840415
R004bc2008.H09	semibin2_1	R004bc2008.H09_semibin2_1	NEB Q5 XT 1x 150 ng	Pseudomonas aeruginosa	u51958ctg_len-35447_circular-no_depth-4-4-4_duplicated-no	0	25000	25000	68.104000	11.350000	19.300000	0.588083
R004bc2008.H09	semibin2_1	R004bc2008.H09_semibin2_1	NEB Q5 XT 1x 150 ng	Pseudomonas aeruginosa	u53882ctg_len-37568_circular-no_depth-6-6-6_duplicated-no	0	25000	25000	66.800000	12.400000	19.300000	0.642487
R004bc2008.H09	semibin2_1	R004bc2008.H09_semibin2_1	NEB Q5 XT 1x 150 ng	Pseudomonas aeruginosa	u56798ctg_len-127959_circular-no_depth-15-15-15_duplicated-no	0	25000	25000	65.040000	19.280000	19.300000	0.998964
R004bc2008.H09	semibin2_1	R004bc2008.H09_semibin2_1	NEB Q5 XT 1x 150 ng	Pseudomonas aeruginosa	u56798ctg_len-127959_circular-no_depth-15-15-15_duplicated-no	25000	50000	25000	64.160000	31.460000	19.300000	1.630052
R004bc2008.H09	semibin2_1	R004bc2008.H09_semibin2_1	NEB Q5 XT 1x 150 ng	Pseudomonas aeruginosa	u56798ctg_len-127959_circular-no_depth-15-15-15_duplicated-no	50000	75000	25000	65.440000	20.350000	19.300000	1.054404
R004bc2008.H09	semibin2_1	R004bc2008.H09_semibin2_1	NEB Q5 XT 1x 150 ng	Pseudomonas aeruginosa	u56798ctg_len-127959_circular-no_depth-15-15-15_duplicated-no	75000	100000	25000	65.720000	25.630000	19.300000	1.327979
R004bc2008.H09	semibin2_1	R004bc2008.H09_semibin2_1	NEB Q5 XT 1x 150 ng	Pseudomonas aeruginosa	u56798ctg_len-127959_circular-no_depth-15-15-15_duplicated-no	100000	125000	25000	66.576000	18.130000	19.300000	0.939378
R004bc2008.H09	semibin2_1	R004bc2008.H09_semibin2_1	NEB Q5 XT 1x 150 ng	Pseudomonas aeruginosa	u58094ctg_len-31295_circular-no_depth-4-4-4_duplicated-no	0	25000	25000	69.120000	8.130000	19.300000	0.421244
R004bc2008.H09	semibin2_1	R004bc2008.H09_semibin2_1	NEB Q5 XT 1x 150 ng	Pseudomonas aeruginosa	u59192ctg_len-226714_circular-no_depth-20-20-20_duplicated-no	0	25000	25000	66.648000	24.910000	19.300000	1.290674
R004bc2008.H09	semibin2_1	R004bc2008.H09_semibin2_1	NEB Q5 XT 1x 150 ng	Pseudomonas aeruginosa	u59192ctg_len-226714_circular-no_depth-20-20-20_duplicated-no	25000	50000	25000	67.540000	21.620000	19.300000	1.120207
R004bc2008.H09	semibin2_1	R004bc2008.H09_semibin2_1	NEB Q5 XT 1x 150 ng	Pseudomonas aeruginosa	u59192ctg_len-226714_circular-no_depth-20-20-20_duplicated-no	50000	75000	25000	66.960000	24.400000	19.300000	1.264249
R004bc2008.H09	semibin2_1	R004bc2008.H09_semibin2_1	NEB Q5 XT 1x 150 ng	Pseudomonas aeruginosa	u59192ctg_len-226714_circular-no_depth-20-20-20_duplicated-no	75000	100000	25000	64.636000	29.280000	19.300000	1.517098
R004bc2008.H09	semibin2_1	R004bc2008.H09_semibin2_1	NEB Q5 XT 1x 150 ng	Pseudomonas aeruginosa	u59192ctg_len-226714_circular-no_depth-20-20-20_duplicated-no	100000	125000	25000	65.108000	36.960000	19.300000	1.915026
R004bc2008.H09	semibin2_1	R004bc2008.H09_semibin2_1	NEB Q5 XT 1x 150 ng	Pseudomonas aeruginosa	u59192ctg_len-226714_circular-no_depth-20-20-20_duplicated-no	125000	150000	25000	64.464000	30.390000	19.300000	1.574611
R004bc2008.H09	semibin2_1	R004bc2008.H09_semibin2_1	NEB Q5 XT 1x 150 ng	Pseudomonas aeruginosa	u59192ctg_len-226714_circular-no_depth-20-20-20_duplicated-no	150000	175000	25000	61.428000	40.010000	19.300000	2.073057
R004bc2008.H09	semibin2_1	R004bc2008.H09_semibin2_1	NEB Q5 XT 1x 150 ng	Pseudomonas aeruginosa	u59192ctg_len-226714_circular-no_depth-20-20-20_duplicated-no	175000	200000	25000	59.868000	43.140000	19.300000	2.235233
R004bc2008.H09	semibin2_1	R004bc2008.H09_semibin2_1	NEB Q5 XT 1x 150 ng	Pseudomonas aeruginosa	u59192ctg_len-226714_circular-no_depth-20-20-20_duplicated-no	200000	225000	25000	63.532000	21.390000	19.300000	1.108290
R004bc2008.H09	semibin2_1	R004bc2008.H09_semibin2_1	NEB Q5 XT 1x 150 ng	Pseudomonas aeruginosa	u59864ctg_len-253176_circular-no_depth-13-13-13_duplicated-no	0	25000	25000	67.964000	14.630000	19.300000	0.758031
R004bc2008.H09	semibin2_1	R004bc2008.H09_semibin2_1	NEB Q5 XT 1x 150 ng	Pseudomonas aeruginosa	u59864ctg_len-253176_circular-no_depth-13-13-13_duplicated-no	25000	50000	25000	65.616000	19.850000	19.300000	1.028497
R004bc2008.H09	semibin2_1	R004bc2008.H09_semibin2_1	NEB Q5 XT 1x 150 ng	Pseudomonas aeruginosa	u59864ctg_len-253176_circular-no_depth-13-13-13_duplicated-no	50000	75000	25000	67.060000	23.070000	19.300000	1.195337
R004bc2008.H09	semibin2_1	R004bc2008.H09_semibin2_1	NEB Q5 XT 1x 150 ng	Pseudomonas aeruginosa	u59864ctg_len-253176_circular-no_depth-13-13-13_duplicated-no	75000	100000	25000	62.936000	44.580000	19.300000	2.309845
R004bc2008.H09	semibin2_1	R004bc2008.H09_semibin2_1	NEB Q5 XT 1x 150 ng	Pseudomonas aeruginosa	u59864ctg_len-253176_circular-no_depth-13-13-13_duplicated-no	100000	125000	25000	65.172000	37.760000	19.300000	1.956477
R004bc2008.H09	semibin2_1	R004bc2008.H09_semibin2_1	NEB Q5 XT 1x 150 ng	Pseudomonas aeruginosa	u59864ctg_len-253176_circular-no_depth-13-13-13_duplicated-no	125000	150000	25000	66.356000	25.600000	19.300000	1.326425
R004bc2008.H09	semibin2_1	R004bc2008.H09_semibin2_1	NEB Q5 XT 1x 150 ng	Pseudomonas aeruginosa	u59864ctg_len-253176_circular-no_depth-13-13-13_duplicated-no	150000	175000	25000	66.492000	26.370000	19.300000	1.366321
R004bc2008.H09	semibin2_1	R004bc2008.H09_semibin2_1	NEB Q5 XT 1x 150 ng	Pseudomonas aeruginosa	u59864ctg_len-253176_circular-no_depth-13-13-13_duplicated-no	175000	200000	25000	66.700000	22.500000	19.300000	1.165803
R004bc2008.H09	semibin2_1	R004bc2008.H09_semibin2_1	NEB Q5 XT 1x 150 ng	Pseudomonas aeruginosa	u59864ctg_len-253176_circular-no_depth-13-13-13_duplicated-no	200000	225000	25000	66.520000	37.410000	19.300000	1.938342
R004bc2008.H09	semibin2_1	R004bc2008.H09_semibin2_1	NEB Q5 XT 1x 150 ng	Pseudomonas aeruginosa	u59864ctg_len-253176_circular-no_depth-13-13-13_duplicated-no	225000	250000	25000	67.752000	18.670000	19.300000	0.967358
R004bc2008.H09	semibin2_1	R004bc2008.H09_semibin2_1	NEB Q5 XT 1x 150 ng	Pseudomonas aeruginosa	u60519ctg_len-308263_circular-no_depth-12-12-12_duplicated-no	0	25000	25000	65.160000	24.540000	19.300000	1.271503
R004bc2008.H09	semibin2_1	R004bc2008.H09_semibin2_1	NEB Q5 XT 1x 150 ng	Pseudomonas aeruginosa	u60519ctg_len-308263_circular-no_depth-12-12-12_duplicated-no	25000	50000	25000	64.140000	31.140000	19.300000	1.613472
R004bc2008.H09	semibin2_1	R004bc2008.H09_semibin2_1	NEB Q5 XT 1x 150 ng	Pseudomonas aeruginosa	u60519ctg_len-308263_circular-no_depth-12-12-12_duplicated-no	50000	75000	25000	66.644000	19.820000	19.300000	1.026943
R004bc2008.H09	semibin2_1	R004bc2008.H09_semibin2_1	NEB Q5 XT 1x 150 ng	Pseudomonas aeruginosa	u60519ctg_len-308263_circular-no_depth-12-12-12_duplicated-no	75000	100000	25000	61.108000	30.970000	19.300000	1.604663
R004bc2008.H09	semibin2_1	R004bc2008.H09_semibin2_1	NEB Q5 XT 1x 150 ng	Pseudomonas aeruginosa	u60519ctg_len-308263_circular-no_depth-12-12-12_duplicated-no	100000	125000	25000	67.516000	31.910000	19.300000	1.653368
R004bc2008.H09	semibin2_1	R004bc2008.H09_semibin2_1	NEB Q5 XT 1x 150 ng	Pseudomonas aeruginosa	u60519ctg_len-308263_circular-no_depth-12-12-12_duplicated-no	125000	150000	25000	66.280000	28.590000	19.300000	1.481347
R004bc2008.H09	semibin2_1	R004bc2008.H09_semibin2_1	NEB Q5 XT 1x 150 ng	Pseudomonas aeruginosa	u60519ctg_len-308263_circular-no_depth-12-12-12_duplicated-no	150000	175000	25000	66.520000	32.510000	19.300000	1.684456
R004bc2008.H09	semibin2_1	R004bc2008.H09_semibin2_1	NEB Q5 XT 1x 150 ng	Pseudomonas aeruginosa	u60519ctg_len-308263_circular-no_depth-12-12-12_duplicated-no	175000	200000	25000	66.940000	31.630000	19.300000	1.638860
R004bc2008.H09	semibin2_1	R004bc2008.H09_semibin2_1	NEB Q5 XT 1x 150 ng	Pseudomonas aeruginosa	u60519ctg_len-308263_circular-no_depth-12-12-12_duplicated-no	200000	225000	25000	64.892000	28.400000	19.300000	1.471503
R004bc2008.H09	semibin2_1	R004bc2008.H09_semibin2_1	NEB Q5 XT 1x 150 ng	Pseudomonas aeruginosa	u60519ctg_len-308263_circular-no_depth-12-12-12_duplicated-no	225000	250000	25000	65.364000	24.800000	19.300000	1.284974
R004bc2008.H09	semibin2_1	R004bc2008.H09_semibin2_1	NEB Q5 XT 1x 150 ng	Pseudomonas aeruginosa	u60519ctg_len-308263_circular-no_depth-12-12-12_duplicated-no	250000	275000	25000	68.128000	16.890000	19.300000	0.875130
R004bc2008.H09	semibin2_1	R004bc2008.H09_semibin2_1	NEB Q5 XT 1x 150 ng	Pseudomonas aeruginosa	u60519ctg_len-308263_circular-no_depth-12-12-12_duplicated-no	275000	300000	25000	66.576000	24.470000	19.300000	1.267876
R004bc2008.H09	semibin2_1	R004bc2008.H09_semibin2_1	NEB Q5 XT 1x 150 ng	Pseudomonas aeruginosa	u61091ctg_len-40442_circular-no_depth-15-15-15_duplicated-no	0	25000	25000	67.404000	23.010000	19.300000	1.192228
R004bc2008.H09	semibin2_1	R004bc2008.H09_semibin2_1	NEB Q5 XT 1x 150 ng	Pseudomonas aeruginosa	u61117ctg_len-136543_circular-no_depth-11-11-11_duplicated-no	0	25000	25000	66.056000	20.310000	19.300000	1.052332
R004bc2008.H09	semibin2_1	R004bc2008.H09_semibin2_1	NEB Q5 XT 1x 150 ng	Pseudomonas aeruginosa	u61117ctg_len-136543_circular-no_depth-11-11-11_duplicated-no	25000	50000	25000	67.572000	15.920000	19.300000	0.824870
R004bc2008.H09	semibin2_1	R004bc2008.H09_semibin2_1	NEB Q5 XT 1x 150 ng	Pseudomonas aeruginosa	u61117ctg_len-136543_circular-no_depth-11-11-11_duplicated-no	50000	75000	25000	66.940000	16.590000	19.300000	0.859585
R004bc2008.H09	semibin2_1	R004bc2008.H09_semibin2_1	NEB Q5 XT 1x 150 ng	Pseudomonas aeruginosa	u61117ctg_len-136543_circular-no_depth-11-11-11_duplicated-no	75000	100000	25000	63.592000	16.090000	19.300000	0.833679
R004bc2008.H09	semibin2_1	R004bc2008.H09_semibin2_1	NEB Q5 XT 1x 150 ng	Pseudomonas aeruginosa	u61117ctg_len-136543_circular-no_depth-11-11-11_duplicated-no	100000	125000	25000	64.100000	26.150000	19.300000	1.354922
R004bc2008.H09	semibin2_1	R004bc2008.H09_semibin2_1	NEB Q5 XT 1x 150 ng	Pseudomonas aeruginosa	u61261ctg_len-51795_circular-no_depth-12-12-12_duplicated-no	0	25000	25000	68.328000	12.120000	19.300000	0.627979
R004bc2008.H09	semibin2_1	R004bc2008.H09_semibin2_1	NEB Q5 XT 1x 150 ng	Pseudomonas aeruginosa	u61261ctg_len-51795_circular-no_depth-12-12-12_duplicated-no	25000	50000	25000	66.804000	24.650000	19.300000	1.277202
R004bc2008.H09	semibin2_1	R004bc2008.H09_semibin2_1	NEB Q5 XT 1x 150 ng	Pseudomonas aeruginosa	u63101ctg_len-41655_circular-no_depth-11-11-11_duplicated-no	0	25000	25000	65.924000	17.840000	19.300000	0.924352
R004bc2008.H09	semibin2_1	R004bc2008.H09_semibin2_1	NEB Q5 XT 1x 150 ng	Pseudomonas aeruginosa	u64284ctg_len-25657_circular-no_depth-7-7-7_duplicated-no	0	25000	25000	61.432000	22.520000	19.300000	1.166839
R004bc2008.H09	semibin2_1	R004bc2008.H09_semibin2_1	NEB Q5 XT 1x 150 ng	Pseudomonas aeruginosa	u65248ctg_len-64714_circular-no_depth-9-9-9_duplicated-no	0	25000	25000	67.756000	13.190000	19.300000	0.683420
R004bc2008.H09	semibin2_1	R004bc2008.H09_semibin2_1	NEB Q5 XT 1x 150 ng	Pseudomonas aeruginosa	u65248ctg_len-64714_circular-no_depth-9-9-9_duplicated-no	25000	50000	25000	68.600000	9.280000	19.300000	0.480829
R004bc2008.H09	semibin2_1	R004bc2008.H09_semibin2_1	NEB Q5 XT 1x 150 ng	Pseudomonas aeruginosa	u65992ctg_len-247741_circular-no_depth-13-13-13_duplicated-no	0	25000	25000	66.664000	8.590000	19.300000	0.445078
R004bc2008.H09	semibin2_1	R004bc2008.H09_semibin2_1	NEB Q5 XT 1x 150 ng	Pseudomonas aeruginosa	u65992ctg_len-247741_circular-no_depth-13-13-13_duplicated-no	25000	50000	25000	65.380000	24.950000	19.300000	1.292746
R004bc2008.H09	semibin2_1	R004bc2008.H09_semibin2_1	NEB Q5 XT 1x 150 ng	Pseudomonas aeruginosa	u65992ctg_len-247741_circular-no_depth-13-13-13_duplicated-no	50000	75000	25000	64.260000	23.780000	19.300000	1.232124
R004bc2008.H09	semibin2_1	R004bc2008.H09_semibin2_1	NEB Q5 XT 1x 150 ng	Pseudomonas aeruginosa	u65992ctg_len-247741_circular-no_depth-13-13-13_duplicated-no	75000	100000	25000	64.716000	24.620000	19.300000	1.275648
R004bc2008.H09	semibin2_1	R004bc2008.H09_semibin2_1	NEB Q5 XT 1x 150 ng	Pseudomonas aeruginosa	u65992ctg_len-247741_circular-no_depth-13-13-13_duplicated-no	100000	125000	25000	65.652000	28.300000	19.300000	1.466321
R004bc2008.H09	semibin2_1	R004bc2008.H09_semibin2_1	NEB Q5 XT 1x 150 ng	Pseudomonas aeruginosa	u65992ctg_len-247741_circular-no_depth-13-13-13_duplicated-no	125000	150000	25000	66.820000	18.810000	19.300000	0.974611
R004bc2008.H09	semibin2_1	R004bc2008.H09_semibin2_1	NEB Q5 XT 1x 150 ng	Pseudomonas aeruginosa	u65992ctg_len-247741_circular-no_depth-13-13-13_duplicated-no	150000	175000	25000	66.060000	25.600000	19.300000	1.326425
R004bc2008.H09	semibin2_1	R004bc2008.H09_semibin2_1	NEB Q5 XT 1x 150 ng	Pseudomonas aeruginosa	u65992ctg_len-247741_circular-no_depth-13-13-13_duplicated-no	175000	200000	25000	65.900000	20.800000	19.300000	1.077720
R004bc2008.H09	semibin2_1	R004bc2008.H09_semibin2_1	NEB Q5 XT 1x 150 ng	Pseudomonas aeruginosa	u65992ctg_len-247741_circular-no_depth-13-13-13_duplicated-no	200000	225000	25000	67.016000	30.860000	19.300000	1.598964
R004bc2008.H09	semibin2_1	R004bc2008.H09_semibin2_1	NEB Q5 XT 1x 150 ng	Pseudomonas aeruginosa	u69812ctg_len-95857_circular-no_depth-8-8-8_duplicated-no	0	25000	25000	68.392000	15.310000	19.300000	0.793264
R004bc2008.H09	semibin2_1	R004bc2008.H09_semibin2_1	NEB Q5 XT 1x 150 ng	Pseudomonas aeruginosa	u69812ctg_len-95857_circular-no_depth-8-8-8_duplicated-no	25000	50000	25000	66.520000	24.340000	19.300000	1.261140
R004bc2008.H09	semibin2_1	R004bc2008.H09_semibin2_1	NEB Q5 XT 1x 150 ng	Pseudomonas aeruginosa	u69812ctg_len-95857_circular-no_depth-8-8-8_duplicated-no	50000	75000	25000	66.820000	17.610000	19.300000	0.912435
R004bc2008.H09	semibin2_1	R004bc2008.H09_semibin2_1	NEB Q5 XT 1x 150 ng	Pseudomonas aeruginosa	u69953ctg_len-27442_circular-no_depth-6-6-6_duplicated-no	0	25000	25000	67.880000	13.130000	19.300000	0.680311
R004bc2008.H09	semibin2_1	R004bc2008.H09_semibin2_1	NEB Q5 XT 1x 150 ng	Pseudomonas aeruginosa	u70559ctg_len-49588_circular-no_depth-5-5-5_duplicated-no	0	25000	25000	67.732000	12.060000	19.300000	0.624870
R004bc2008.H09	semibin2_1	R004bc2008.H09_semibin2_1	NEB Q5 XT 1x 150 ng	Pseudomonas aeruginosa	u70863ctg_len-72001_circular-no_depth-3-3-3_duplicated-no	0	25000	25000	69.040000	6.060000	19.300000	0.313990
R004bc2008.H09	semibin2_1	R004bc2008.H09_semibin2_1	NEB Q5 XT 1x 150 ng	Pseudomonas aeruginosa	u70863ctg_len-72001_circular-no_depth-3-3-3_duplicated-no	25000	50000	25000	68.860000	6.230000	19.300000	0.322798
R004bc2008.H09	semibin2_1	R004bc2008.H09_semibin2_1	NEB Q5 XT 1x 150 ng	Pseudomonas aeruginosa	u71668ctg_len-70681_circular-no_depth-11-11-11_duplicated-no	0	25000	25000	64.580000	21.610000	19.300000	1.119689
R004bc2008.H09	semibin2_1	R004bc2008.H09_semibin2_1	NEB Q5 XT 1x 150 ng	Pseudomonas aeruginosa	u71668ctg_len-70681_circular-no_depth-11-11-11_duplicated-no	25000	50000	25000	68.504000	20.160000	19.300000	1.044560
R004bc2008.H09	semibin2_1	R004bc2008.H09_semibin2_1	NEB Q5 XT 1x 150 ng	Pseudomonas aeruginosa	u71736ctg_len-32431_circular-no_depth-4-4-4_duplicated-no	0	25000	25000	68.216000	12.630000	19.300000	0.654404
R004bc2008.H09	semibin2_1	R004bc2008.H09_semibin2_1	NEB Q5 XT 1x 150 ng	Pseudomonas aeruginosa	u72032ctg_len-74867_circular-no_depth-11-11-11_duplicated-no	0	25000	25000	66.080000	16.940000	19.300000	0.877720
R004bc2008.H09	semibin2_1	R004bc2008.H09_semibin2_1	NEB Q5 XT 1x 150 ng	Pseudomonas aeruginosa	u72032ctg_len-74867_circular-no_depth-11-11-11_duplicated-no	25000	50000	25000	55.576000	31.330000	19.300000	1.623316
R004bc2008.H09	semibin2_1	R004bc2008.H09_semibin2_1	NEB Q5 XT 1x 150 ng	Pseudomonas aeruginosa	u72165ctg_len-25365_circular-no_depth-7-7-7_duplicated-no	0	25000	25000	65.672000	19.940000	19.300000	1.033161
R004bc2008.H09	semibin2_1	R004bc2008.H09_semibin2_1	NEB Q5 XT 1x 150 ng	Pseudomonas aeruginosa	u73792ctg_len-47337_circular-no_depth-9-9-9_duplicated-no	0	25000	25000	67.016000	15.080000	19.300000	0.781347
R004bc2008.H09	semibin2_1	R004bc2008.H09_semibin2_1	NEB Q5 XT 1x 150 ng	Pseudomonas aeruginosa	u75537ctg_len-102599_circular-no_depth-14-14-14_duplicated-no	0	25000	25000	67.356000	19.310000	19.300000	1.000518
R004bc2008.H09	semibin2_1	R004bc2008.H09_semibin2_1	NEB Q5 XT 1x 150 ng	Pseudomonas aeruginosa	u75537ctg_len-102599_circular-no_depth-14-14-14_duplicated-no	25000	50000	25000	66.956000	22.870000	19.300000	1.184974
R004bc2008.H09	semibin2_1	R004bc2008.H09_semibin2_1	NEB Q5 XT 1x 150 ng	Pseudomonas aeruginosa	u75537ctg_len-102599_circular-no_depth-14-14-14_duplicated-no	50000	75000	25000	67.760000	31.170000	19.300000	1.615026
R004bc2008.H09	semibin2_1	R004bc2008.H09_semibin2_1	NEB Q5 XT 1x 150 ng	Pseudomonas aeruginosa	u75537ctg_len-102599_circular-no_depth-14-14-14_duplicated-no	75000	100000	25000	65.016000	18.600000	19.300000	0.963731
R004bc2008.H09	semibin2_1	R004bc2008.H09_semibin2_1	NEB Q5 XT 1x 150 ng	Pseudomonas aeruginosa	u76766ctg_len-110455_circular-no_depth-14-14-14_duplicated-no	0	25000	25000	64.764000	21.790000	19.300000	1.129016
R004bc2008.H09	semibin2_1	R004bc2008.H09_semibin2_1	NEB Q5 XT 1x 150 ng	Pseudomonas aeruginosa	u76766ctg_len-110455_circular-no_depth-14-14-14_duplicated-no	25000	50000	25000	64.852000	23.280000	19.300000	1.206218
R004bc2008.H09	semibin2_1	R004bc2008.H09_semibin2_1	NEB Q5 XT 1x 150 ng	Pseudomonas aeruginosa	u76766ctg_len-110455_circular-no_depth-14-14-14_duplicated-no	50000	75000	25000	64.568000	29.030000	19.300000	1.504145
R004bc2008.H09	semibin2_1	R004bc2008.H09_semibin2_1	NEB Q5 XT 1x 150 ng	Pseudomonas aeruginosa	u76766ctg_len-110455_circular-no_depth-14-14-14_duplicated-no	75000	100000	25000	67.904000	17.840000	19.300000	0.924352
R004bc2008.H09	semibin2_1	R004bc2008.H09_semibin2_1	NEB Q5 XT 1x 150 ng	Pseudomonas aeruginosa	u77971ctg_len-48375_circular-no_depth-8-8-8_duplicated-no	0	25000	25000	63.396000	21.660000	19.300000	1.122280
R004bc2008.H09	semibin2_1	R004bc2008.H09_semibin2_1	NEB Q5 XT 1x 150 ng	Pseudomonas aeruginosa	u78157ctg_len-69016_circular-no_depth-5-5-5_duplicated-no	0	25000	25000	67.072000	19.180000	19.300000	0.993782
R004bc2008.H09	semibin2_1	R004bc2008.H09_semibin2_1	NEB Q5 XT 1x 150 ng	Pseudomonas aeruginosa	u78157ctg_len-69016_circular-no_depth-5-5-5_duplicated-no	25000	50000	25000	66.644000	11.690000	19.300000	0.605699
R004bc2008.H09	semibin2_1	R004bc2008.H09_semibin2_1	NEB Q5 XT 1x 150 ng	Pseudomonas aeruginosa	u78763ctg_len-46657_circular-no_depth-13-13-13_duplicated-no	0	25000	25000	65.540000	29.360000	19.300000	1.521244
R004bc2008.H09	semibin2_1	R004bc2008.H09_semibin2_1	NEB Q5 XT 1x 150 ng	Pseudomonas aeruginosa	u79780ctg_len-68990_circular-no_depth-10-10-10_duplicated-no	0	25000	25000	65.508000	16.480000	19.300000	0.853886
R004bc2008.H09	semibin2_1	R004bc2008.H09_semibin2_1	NEB Q5 XT 1x 150 ng	Pseudomonas aeruginosa	u79780ctg_len-68990_circular-no_depth-10-10-10_duplicated-no	25000	50000	25000	65.916000	14.960000	19.300000	0.775130
R004bc2008.H09	semibin2_1	R004bc2008.H09_semibin2_1	NEB Q5 XT 1x 150 ng	Pseudomonas aeruginosa	u81368ctg_len-51690_circular-no_depth-6-6-6_duplicated-no	0	25000	25000	68.832000	10.280000	19.300000	0.532642
R004bc2008.H09	semibin2_1	R004bc2008.H09_semibin2_1	NEB Q5 XT 1x 150 ng	Pseudomonas aeruginosa	u81368ctg_len-51690_circular-no_depth-6-6-6_duplicated-no	25000	50000	25000	67.848000	13.300000	19.300000	0.689119
R004bc2008.H09	semibin2_1	R004bc2008.H09_semibin2_1	NEB Q5 XT 1x 150 ng	Pseudomonas aeruginosa	u84080ctg_len-84269_circular-no_depth-9-9-9_duplicated-no	0	25000	25000	65.104000	16.450000	19.300000	0.852332
R004bc2008.H09	semibin2_1	R004bc2008.H09_semibin2_1	NEB Q5 XT 1x 150 ng	Pseudomonas aeruginosa	u84080ctg_len-84269_circular-no_depth-9-9-9_duplicated-no	25000	50000	25000	67.648000	13.670000	19.300000	0.708290
R004bc2008.H09	semibin2_1	R004bc2008.H09_semibin2_1	NEB Q5 XT 1x 150 ng	Pseudomonas aeruginosa	u84080ctg_len-84269_circular-no_depth-9-9-9_duplicated-no	50000	75000	25000	68.852000	11.800000	19.300000	0.611399
R004bc2008.H09	semibin2_1	R004bc2008.H09_semibin2_1	NEB Q5 XT 1x 150 ng	Pseudomonas aeruginosa	u86001ctg_len-87809_circular-no_depth-7-7-7_duplicated-no	0	25000	25000	66.588000	11.750000	19.300000	0.608808
R004bc2008.H09	semibin2_1	R004bc2008.H09_semibin2_1	NEB Q5 XT 1x 150 ng	Pseudomonas aeruginosa	u86001ctg_len-87809_circular-no_depth-7-7-7_duplicated-no	25000	50000	25000	67.740000	14.370000	19.300000	0.744560
R004bc2008.H09	semibin2_1	R004bc2008.H09_semibin2_1	NEB Q5 XT 1x 150 ng	Pseudomonas aeruginosa	u86001ctg_len-87809_circular-no_depth-7-7-7_duplicated-no	50000	75000	25000	60.664000	15.920000	19.300000	0.824870
R004bc2008.H09	semibin2_1	R004bc2008.H09_semibin2_1	NEB Q5 XT 1x 150 ng	Pseudomonas aeruginosa	u86470ctg_len-68901_circular-no_depth-10-10-10_duplicated-no	0	25000	25000	65.184000	17.760000	19.300000	0.920207
R004bc2008.H09	semibin2_1	R004bc2008.H09_semibin2_1	NEB Q5 XT 1x 150 ng	Pseudomonas aeruginosa	u86470ctg_len-68901_circular-no_depth-10-10-10_duplicated-no	25000	50000	25000	63.888000	16.380000	19.300000	0.848705
R004bc2008.H09	semibin2_1	R004bc2008.H09_semibin2_1	NEB Q5 XT 1x 150 ng	Pseudomonas aeruginosa	u87921ctg_len-32555_circular-no_depth-10-10-8_duplicated-no	0	25000	25000	68.724000	14.960000	19.300000	0.775130
R004bc2008.H09	semibin2_1	R004bc2008.H09_semibin2_1	NEB Q5 XT 1x 150 ng	Pseudomonas aeruginosa	u88858ctg_len-119435_circular-no_depth-11-11-11_duplicated-no	0	25000	25000	66.708000	18.460000	19.300000	0.956477
R004bc2008.H09	semibin2_1	R004bc2008.H09_semibin2_1	NEB Q5 XT 1x 150 ng	Pseudomonas aeruginosa	u88858ctg_len-119435_circular-no_depth-11-11-11_duplicated-no	25000	50000	25000	64.504000	20.120000	19.300000	1.042487
R004bc2008.H09	semibin2_1	R004bc2008.H09_semibin2_1	NEB Q5 XT 1x 150 ng	Pseudomonas aeruginosa	u88858ctg_len-119435_circular-no_depth-11-11-11_duplicated-no	50000	75000	25000	65.592000	13.990000	19.300000	0.724870
R004bc2008.H09	semibin2_1	R004bc2008.H09_semibin2_1	NEB Q5 XT 1x 150 ng	Pseudomonas aeruginosa	u88858ctg_len-119435_circular-no_depth-11-11-11_duplicated-no	75000	100000	25000	66.224000	23.370000	19.300000	1.210881
R004bc2008.H09	semibin2_1	R004bc2008.H09_semibin2_1	NEB Q5 XT 1x 150 ng	Pseudomonas aeruginosa	u92351ctg_len-93758_circular-no_depth-13-13-13_duplicated-no	0	25000	25000	66.508000	27.520000	19.300000	1.425907
R004bc2008.H09	semibin2_1	R004bc2008.H09_semibin2_1	NEB Q5 XT 1x 150 ng	Pseudomonas aeruginosa	u92351ctg_len-93758_circular-no_depth-13-13-13_duplicated-no	25000	50000	25000	66.324000	26.010000	19.300000	1.347668
R004bc2008.H09	semibin2_1	R004bc2008.H09_semibin2_1	NEB Q5 XT 1x 150 ng	Pseudomonas aeruginosa	u92351ctg_len-93758_circular-no_depth-13-13-13_duplicated-no	50000	75000	25000	65.448000	28.350000	19.300000	1.468912
R004bc2008.H09	semibin2_1	R004bc2008.H09_semibin2_1	NEB Q5 XT 1x 150 ng	Pseudomonas aeruginosa	u92981ctg_len-55478_circular-no_depth-9-9-9_duplicated-no	0	25000	25000	66.744000	13.660000	19.300000	0.707772
R004bc2008.H09	semibin2_1	R004bc2008.H09_semibin2_1	NEB Q5 XT 1x 150 ng	Pseudomonas aeruginosa	u92981ctg_len-55478_circular-no_depth-9-9-9_duplicated-no	25000	50000	25000	64.460000	20.380000	19.300000	1.055959
R004bc2008.H09	semibin2_1	R004bc2008.H09_semibin2_1	NEB Q5 XT 1x 150 ng	Pseudomonas aeruginosa	u96779ctg_len-39691_circular-no_depth-6-6-6_duplicated-no	0	25000	25000	66.156000	17.620000	19.300000	0.912953
R004bc2008.H09	semibin2_1	R004bc2008.H09_semibin2_1	NEB Q5 XT 1x 150 ng	Pseudomonas aeruginosa	u97129ctg_len-48875_circular-no_depth-8-8-8_duplicated-no	0	25000	25000	67.412000	19.540000	19.300000	1.012435
R004bc2008.H09	semibin2_1	R004bc2008.H09_semibin2_1	NEB Q5 XT 1x 150 ng	Pseudomonas aeruginosa	u98044ctg_len-25831_circular-no_depth-6-6-6_duplicated-no	0	25000	25000	66.860000	14.400000	19.300000	0.746114
R004bc2008.H09	semibin2_1	R004bc2008.H09_semibin2_1	NEB Q5 XT 1x 150 ng	Pseudomonas aeruginosa	u98587ctg_len-59788_circular-no_depth-6-6-6_duplicated-no	0	25000	25000	66.948000	28.930000	19.300000	1.498964
R004bc2008.H09	semibin2_1	R004bc2008.H09_semibin2_1	NEB Q5 XT 1x 150 ng	Pseudomonas aeruginosa	u98587ctg_len-59788_circular-no_depth-6-6-6_duplicated-no	25000	50000	25000	67.980000	19.030000	19.300000	0.986010
R004bc2008.H09	semibin2_1	R004bc2008.H09_semibin2_1	NEB Q5 XT 1x 150 ng	Pseudomonas aeruginosa	u99571ctg_len-38702_circular-no_depth-5-5-5_duplicated-no	0	25000	25000	68.312000	10.870000	19.300000	0.563212
R004bc2008.D10	semibin2_2	R004bc2008.D10_semibin2_2	Kura Decodifi 1x 150 ng	Pseudomonas aeruginosa	u100224ctg_len-49039_circular-no_depth-10-10-10_duplicated-no	0	25000	25000	65.012000	27.270000	23.100000	1.180519
R004bc2008.D10	semibin2_2	R004bc2008.D10_semibin2_2	Kura Decodifi 1x 150 ng	Pseudomonas aeruginosa	u12440ctg_len-62104_circular-no_depth-15-15-15_duplicated-no	0	25000	25000	66.372000	21.700000	23.100000	0.939394
R004bc2008.D10	semibin2_2	R004bc2008.D10_semibin2_2	Kura Decodifi 1x 150 ng	Pseudomonas aeruginosa	u12440ctg_len-62104_circular-no_depth-15-15-15_duplicated-no	25000	50000	25000	60.932000	29.490000	23.100000	1.276623
R004bc2008.D10	semibin2_2	R004bc2008.D10_semibin2_2	Kura Decodifi 1x 150 ng	Pseudomonas aeruginosa	u13135ctg_len-242357_circular-no_depth-16-16-16_duplicated-no	0	25000	25000	66.580000	33.780000	23.100000	1.462338
R004bc2008.D10	semibin2_2	R004bc2008.D10_semibin2_2	Kura Decodifi 1x 150 ng	Pseudomonas aeruginosa	u13135ctg_len-242357_circular-no_depth-16-16-16_duplicated-no	25000	50000	25000	66.576000	26.250000	23.100000	1.136364
R004bc2008.D10	semibin2_2	R004bc2008.D10_semibin2_2	Kura Decodifi 1x 150 ng	Pseudomonas aeruginosa	u13135ctg_len-242357_circular-no_depth-16-16-16_duplicated-no	50000	75000	25000	66.500000	31.790000	23.100000	1.376190
R004bc2008.D10	semibin2_2	R004bc2008.D10_semibin2_2	Kura Decodifi 1x 150 ng	Pseudomonas aeruginosa	u13135ctg_len-242357_circular-no_depth-16-16-16_duplicated-no	75000	100000	25000	66.128000	31.440000	23.100000	1.361039
R004bc2008.D10	semibin2_2	R004bc2008.D10_semibin2_2	Kura Decodifi 1x 150 ng	Pseudomonas aeruginosa	u13135ctg_len-242357_circular-no_depth-16-16-16_duplicated-no	100000	125000	25000	64.480000	43.930000	23.100000	1.901732
R004bc2008.D10	semibin2_2	R004bc2008.D10_semibin2_2	Kura Decodifi 1x 150 ng	Pseudomonas aeruginosa	u13135ctg_len-242357_circular-no_depth-16-16-16_duplicated-no	125000	150000	25000	63.016000	32.430000	23.100000	1.403896
R004bc2008.D10	semibin2_2	R004bc2008.D10_semibin2_2	Kura Decodifi 1x 150 ng	Pseudomonas aeruginosa	u13135ctg_len-242357_circular-no_depth-16-16-16_duplicated-no	150000	175000	25000	67.756000	29.680000	23.100000	1.284848
R004bc2008.D10	semibin2_2	R004bc2008.D10_semibin2_2	Kura Decodifi 1x 150 ng	Pseudomonas aeruginosa	u13135ctg_len-242357_circular-no_depth-16-16-16_duplicated-no	175000	200000	25000	65.388000	33.540000	23.100000	1.451948
R004bc2008.D10	semibin2_2	R004bc2008.D10_semibin2_2	Kura Decodifi 1x 150 ng	Pseudomonas aeruginosa	u13135ctg_len-242357_circular-no_depth-16-16-16_duplicated-no	200000	225000	25000	68.916000	22.640000	23.100000	0.980087
R004bc2008.D10	semibin2_2	R004bc2008.D10_semibin2_2	Kura Decodifi 1x 150 ng	Pseudomonas aeruginosa	u14884ctg_len-115741_circular-no_depth-12-12-12_duplicated-no	0	25000	25000	68.068000	26.970000	23.100000	1.167532
R004bc2008.D10	semibin2_2	R004bc2008.D10_semibin2_2	Kura Decodifi 1x 150 ng	Pseudomonas aeruginosa	u14884ctg_len-115741_circular-no_depth-12-12-12_duplicated-no	25000	50000	25000	68.336000	24.340000	23.100000	1.053680
R004bc2008.D10	semibin2_2	R004bc2008.D10_semibin2_2	Kura Decodifi 1x 150 ng	Pseudomonas aeruginosa	u14884ctg_len-115741_circular-no_depth-12-12-12_duplicated-no	50000	75000	25000	66.704000	22.120000	23.100000	0.957576
R004bc2008.D10	semibin2_2	R004bc2008.D10_semibin2_2	Kura Decodifi 1x 150 ng	Pseudomonas aeruginosa	u14884ctg_len-115741_circular-no_depth-12-12-12_duplicated-no	75000	100000	25000	67.996000	28.260000	23.100000	1.223377
R004bc2008.D10	semibin2_2	R004bc2008.D10_semibin2_2	Kura Decodifi 1x 150 ng	Pseudomonas aeruginosa	u19276ctg_len-96405_circular-no_depth-16-16-16_duplicated-no	0	25000	25000	64.804000	26.480000	23.100000	1.146320
R004bc2008.D10	semibin2_2	R004bc2008.D10_semibin2_2	Kura Decodifi 1x 150 ng	Pseudomonas aeruginosa	u19276ctg_len-96405_circular-no_depth-16-16-16_duplicated-no	25000	50000	25000	66.304000	29.890000	23.100000	1.293939
R004bc2008.D10	semibin2_2	R004bc2008.D10_semibin2_2	Kura Decodifi 1x 150 ng	Pseudomonas aeruginosa	u19276ctg_len-96405_circular-no_depth-16-16-16_duplicated-no	50000	75000	25000	66.860000	26.550000	23.100000	1.149351
R004bc2008.D10	semibin2_2	R004bc2008.D10_semibin2_2	Kura Decodifi 1x 150 ng	Pseudomonas aeruginosa	u19966ctg_len-243550_circular-no_depth-10-10-10_duplicated-no	0	25000	25000	66.348000	22.440000	23.100000	0.971429
R004bc2008.D10	semibin2_2	R004bc2008.D10_semibin2_2	Kura Decodifi 1x 150 ng	Pseudomonas aeruginosa	u19966ctg_len-243550_circular-no_depth-10-10-10_duplicated-no	25000	50000	25000	66.296000	23.760000	23.100000	1.028571
R004bc2008.D10	semibin2_2	R004bc2008.D10_semibin2_2	Kura Decodifi 1x 150 ng	Pseudomonas aeruginosa	u19966ctg_len-243550_circular-no_depth-10-10-10_duplicated-no	50000	75000	25000	67.636000	22.760000	23.100000	0.985281
R004bc2008.D10	semibin2_2	R004bc2008.D10_semibin2_2	Kura Decodifi 1x 150 ng	Pseudomonas aeruginosa	u19966ctg_len-243550_circular-no_depth-10-10-10_duplicated-no	75000	100000	25000	65.420000	23.320000	23.100000	1.009524
R004bc2008.D10	semibin2_2	R004bc2008.D10_semibin2_2	Kura Decodifi 1x 150 ng	Pseudomonas aeruginosa	u19966ctg_len-243550_circular-no_depth-10-10-10_duplicated-no	100000	125000	25000	68.616000	22.650000	23.100000	0.980519
R004bc2008.D10	semibin2_2	R004bc2008.D10_semibin2_2	Kura Decodifi 1x 150 ng	Pseudomonas aeruginosa	u19966ctg_len-243550_circular-no_depth-10-10-10_duplicated-no	125000	150000	25000	67.244000	22.400000	23.100000	0.969697
R004bc2008.D10	semibin2_2	R004bc2008.D10_semibin2_2	Kura Decodifi 1x 150 ng	Pseudomonas aeruginosa	u19966ctg_len-243550_circular-no_depth-10-10-10_duplicated-no	150000	175000	25000	69.724000	23.100000	23.100000	1.000000
R004bc2008.D10	semibin2_2	R004bc2008.D10_semibin2_2	Kura Decodifi 1x 150 ng	Pseudomonas aeruginosa	u19966ctg_len-243550_circular-no_depth-10-10-10_duplicated-no	175000	200000	25000	67.688000	20.350000	23.100000	0.880952
R004bc2008.D10	semibin2_2	R004bc2008.D10_semibin2_2	Kura Decodifi 1x 150 ng	Pseudomonas aeruginosa	u19966ctg_len-243550_circular-no_depth-10-10-10_duplicated-no	200000	225000	25000	66.588000	21.770000	23.100000	0.942424
R004bc2008.D10	semibin2_2	R004bc2008.D10_semibin2_2	Kura Decodifi 1x 150 ng	Pseudomonas aeruginosa	u20892ctg_len-50959_circular-no_depth-19-19-18_duplicated-no	0	25000	25000	62.308000	35.780000	23.100000	1.548918
R004bc2008.D10	semibin2_2	R004bc2008.D10_semibin2_2	Kura Decodifi 1x 150 ng	Pseudomonas aeruginosa	u20892ctg_len-50959_circular-no_depth-19-19-18_duplicated-no	25000	50000	25000	66.204000	26.750000	23.100000	1.158009
R004bc2008.D10	semibin2_2	R004bc2008.D10_semibin2_2	Kura Decodifi 1x 150 ng	Pseudomonas aeruginosa	u21141ctg_len-178153_circular-no_depth-9-9-9_duplicated-no	0	25000	25000	68.620000	15.050000	23.100000	0.651515
R004bc2008.D10	semibin2_2	R004bc2008.D10_semibin2_2	Kura Decodifi 1x 150 ng	Pseudomonas aeruginosa	u21141ctg_len-178153_circular-no_depth-9-9-9_duplicated-no	25000	50000	25000	67.968000	16.390000	23.100000	0.709524
R004bc2008.D10	semibin2_2	R004bc2008.D10_semibin2_2	Kura Decodifi 1x 150 ng	Pseudomonas aeruginosa	u21141ctg_len-178153_circular-no_depth-9-9-9_duplicated-no	50000	75000	25000	63.860000	17.800000	23.100000	0.770563
R004bc2008.D10	semibin2_2	R004bc2008.D10_semibin2_2	Kura Decodifi 1x 150 ng	Pseudomonas aeruginosa	u21141ctg_len-178153_circular-no_depth-9-9-9_duplicated-no	75000	100000	25000	68.772000	16.240000	23.100000	0.703030
R004bc2008.D10	semibin2_2	R004bc2008.D10_semibin2_2	Kura Decodifi 1x 150 ng	Pseudomonas aeruginosa	u21141ctg_len-178153_circular-no_depth-9-9-9_duplicated-no	100000	125000	25000	68.804000	16.900000	23.100000	0.731602
R004bc2008.D10	semibin2_2	R004bc2008.D10_semibin2_2	Kura Decodifi 1x 150 ng	Pseudomonas aeruginosa	u21141ctg_len-178153_circular-no_depth-9-9-9_duplicated-no	125000	150000	25000	67.828000	17.910000	23.100000	0.775325
R004bc2008.D10	semibin2_2	R004bc2008.D10_semibin2_2	Kura Decodifi 1x 150 ng	Pseudomonas aeruginosa	u21141ctg_len-178153_circular-no_depth-9-9-9_duplicated-no	150000	175000	25000	64.852000	15.550000	23.100000	0.673160
R004bc2008.D10	semibin2_2	R004bc2008.D10_semibin2_2	Kura Decodifi 1x 150 ng	Pseudomonas aeruginosa	u22033ctg_len-40729_circular-no_depth-9-9-9_duplicated-no	0	25000	25000	67.076000	13.660000	23.100000	0.591342
R004bc2008.D10	semibin2_2	R004bc2008.D10_semibin2_2	Kura Decodifi 1x 150 ng	Pseudomonas aeruginosa	u25757ctg_len-55932_circular-no_depth-13-13-13_duplicated-no	0	25000	25000	66.496000	21.430000	23.100000	0.927706
R004bc2008.D10	semibin2_2	R004bc2008.D10_semibin2_2	Kura Decodifi 1x 150 ng	Pseudomonas aeruginosa	u25757ctg_len-55932_circular-no_depth-13-13-13_duplicated-no	25000	50000	25000	66.880000	25.780000	23.100000	1.116017
R004bc2008.D10	semibin2_2	R004bc2008.D10_semibin2_2	Kura Decodifi 1x 150 ng	Pseudomonas aeruginosa	u26375ctg_len-122341_circular-no_depth-10-10-10_duplicated-no	0	25000	25000	68.080000	24.730000	23.100000	1.070563
R004bc2008.D10	semibin2_2	R004bc2008.D10_semibin2_2	Kura Decodifi 1x 150 ng	Pseudomonas aeruginosa	u26375ctg_len-122341_circular-no_depth-10-10-10_duplicated-no	25000	50000	25000	68.864000	24.210000	23.100000	1.048052
R004bc2008.D10	semibin2_2	R004bc2008.D10_semibin2_2	Kura Decodifi 1x 150 ng	Pseudomonas aeruginosa	u26375ctg_len-122341_circular-no_depth-10-10-10_duplicated-no	50000	75000	25000	67.280000	24.190000	23.100000	1.047186
R004bc2008.D10	semibin2_2	R004bc2008.D10_semibin2_2	Kura Decodifi 1x 150 ng	Pseudomonas aeruginosa	u26375ctg_len-122341_circular-no_depth-10-10-10_duplicated-no	75000	100000	25000	67.304000	30.670000	23.100000	1.327706
R004bc2008.D10	semibin2_2	R004bc2008.D10_semibin2_2	Kura Decodifi 1x 150 ng	Pseudomonas aeruginosa	u32405ctg_len-111054_circular-no_depth-8-8-8_duplicated-no	0	25000	25000	69.664000	14.130000	23.100000	0.611688
R004bc2008.D10	semibin2_2	R004bc2008.D10_semibin2_2	Kura Decodifi 1x 150 ng	Pseudomonas aeruginosa	u32405ctg_len-111054_circular-no_depth-8-8-8_duplicated-no	25000	50000	25000	68.496000	13.450000	23.100000	0.582251
R004bc2008.D10	semibin2_2	R004bc2008.D10_semibin2_2	Kura Decodifi 1x 150 ng	Pseudomonas aeruginosa	u32405ctg_len-111054_circular-no_depth-8-8-8_duplicated-no	50000	75000	25000	69.360000	14.090000	23.100000	0.609957
R004bc2008.D10	semibin2_2	R004bc2008.D10_semibin2_2	Kura Decodifi 1x 150 ng	Pseudomonas aeruginosa	u32405ctg_len-111054_circular-no_depth-8-8-8_duplicated-no	75000	100000	25000	67.684000	16.190000	23.100000	0.700866
R004bc2008.D10	semibin2_2	R004bc2008.D10_semibin2_2	Kura Decodifi 1x 150 ng	Pseudomonas aeruginosa	u33682ctg_len-279814_circular-no_depth-15-15-15_duplicated-no	0	25000	25000	66.268000	18.930000	23.100000	0.819481
R004bc2008.D10	semibin2_2	R004bc2008.D10_semibin2_2	Kura Decodifi 1x 150 ng	Pseudomonas aeruginosa	u33682ctg_len-279814_circular-no_depth-15-15-15_duplicated-no	25000	50000	25000	67.076000	26.470000	23.100000	1.145887
R004bc2008.D10	semibin2_2	R004bc2008.D10_semibin2_2	Kura Decodifi 1x 150 ng	Pseudomonas aeruginosa	u33682ctg_len-279814_circular-no_depth-15-15-15_duplicated-no	50000	75000	25000	68.176000	23.140000	23.100000	1.001732
R004bc2008.D10	semibin2_2	R004bc2008.D10_semibin2_2	Kura Decodifi 1x 150 ng	Pseudomonas aeruginosa	u33682ctg_len-279814_circular-no_depth-15-15-15_duplicated-no	75000	100000	25000	67.532000	22.080000	23.100000	0.955844
R004bc2008.D10	semibin2_2	R004bc2008.D10_semibin2_2	Kura Decodifi 1x 150 ng	Pseudomonas aeruginosa	u33682ctg_len-279814_circular-no_depth-15-15-15_duplicated-no	100000	125000	25000	66.528000	25.340000	23.100000	1.096970
R004bc2008.D10	semibin2_2	R004bc2008.D10_semibin2_2	Kura Decodifi 1x 150 ng	Pseudomonas aeruginosa	u33682ctg_len-279814_circular-no_depth-15-15-15_duplicated-no	125000	150000	25000	66.552000	32.380000	23.100000	1.401732
R004bc2008.D10	semibin2_2	R004bc2008.D10_semibin2_2	Kura Decodifi 1x 150 ng	Pseudomonas aeruginosa	u33682ctg_len-279814_circular-no_depth-15-15-15_duplicated-no	150000	175000	25000	65.380000	22.840000	23.100000	0.988745
R004bc2008.D10	semibin2_2	R004bc2008.D10_semibin2_2	Kura Decodifi 1x 150 ng	Pseudomonas aeruginosa	u33682ctg_len-279814_circular-no_depth-15-15-15_duplicated-no	175000	200000	25000	66.292000	25.100000	23.100000	1.086580
R004bc2008.D10	semibin2_2	R004bc2008.D10_semibin2_2	Kura Decodifi 1x 150 ng	Pseudomonas aeruginosa	u33682ctg_len-279814_circular-no_depth-15-15-15_duplicated-no	200000	225000	25000	66.028000	33.650000	23.100000	1.456710
R004bc2008.D10	semibin2_2	R004bc2008.D10_semibin2_2	Kura Decodifi 1x 150 ng	Pseudomonas aeruginosa	u33682ctg_len-279814_circular-no_depth-15-15-15_duplicated-no	225000	250000	25000	67.204000	29.630000	23.100000	1.282684
R004bc2008.D10	semibin2_2	R004bc2008.D10_semibin2_2	Kura Decodifi 1x 150 ng	Pseudomonas aeruginosa	u33682ctg_len-279814_circular-no_depth-15-15-15_duplicated-no	250000	275000	25000	67.508000	27.240000	23.100000	1.179221
R004bc2008.D10	semibin2_2	R004bc2008.D10_semibin2_2	Kura Decodifi 1x 150 ng	Pseudomonas aeruginosa	u36007ctg_len-117258_circular-no_depth-14-14-14_duplicated-no	0	25000	25000	65.736000	26.660000	23.100000	1.154113
R004bc2008.D10	semibin2_2	R004bc2008.D10_semibin2_2	Kura Decodifi 1x 150 ng	Pseudomonas aeruginosa	u36007ctg_len-117258_circular-no_depth-14-14-14_duplicated-no	25000	50000	25000	65.144000	28.150000	23.100000	1.218615
R004bc2008.D10	semibin2_2	R004bc2008.D10_semibin2_2	Kura Decodifi 1x 150 ng	Pseudomonas aeruginosa	u36007ctg_len-117258_circular-no_depth-14-14-14_duplicated-no	50000	75000	25000	67.224000	28.310000	23.100000	1.225541
R004bc2008.D10	semibin2_2	R004bc2008.D10_semibin2_2	Kura Decodifi 1x 150 ng	Pseudomonas aeruginosa	u36007ctg_len-117258_circular-no_depth-14-14-14_duplicated-no	75000	100000	25000	67.336000	22.880000	23.100000	0.990476
R004bc2008.D10	semibin2_2	R004bc2008.D10_semibin2_2	Kura Decodifi 1x 150 ng	Pseudomonas aeruginosa	u37378ctg_len-41117_circular-no_depth-8-8-8_duplicated-no	0	25000	25000	68.680000	15.410000	23.100000	0.667100
R004bc2008.D10	semibin2_2	R004bc2008.D10_semibin2_2	Kura Decodifi 1x 150 ng	Pseudomonas aeruginosa	u40270ctg_len-56877_circular-no_depth-10-10-10_duplicated-no	0	25000	25000	64.300000	23.260000	23.100000	1.006926
R004bc2008.D10	semibin2_2	R004bc2008.D10_semibin2_2	Kura Decodifi 1x 150 ng	Pseudomonas aeruginosa	u40270ctg_len-56877_circular-no_depth-10-10-10_duplicated-no	25000	50000	25000	66.628000	22.080000	23.100000	0.955844
R004bc2008.D10	semibin2_2	R004bc2008.D10_semibin2_2	Kura Decodifi 1x 150 ng	Pseudomonas aeruginosa	u40346ctg_len-203116_circular-no_depth-8-8-8_duplicated-no	0	25000	25000	67.692000	20.930000	23.100000	0.906061
R004bc2008.D10	semibin2_2	R004bc2008.D10_semibin2_2	Kura Decodifi 1x 150 ng	Pseudomonas aeruginosa	u40346ctg_len-203116_circular-no_depth-8-8-8_duplicated-no	25000	50000	25000	68.164000	12.850000	23.100000	0.556277
R004bc2008.D10	semibin2_2	R004bc2008.D10_semibin2_2	Kura Decodifi 1x 150 ng	Pseudomonas aeruginosa	u40346ctg_len-203116_circular-no_depth-8-8-8_duplicated-no	50000	75000	25000	67.044000	14.800000	23.100000	0.640693
R004bc2008.D10	semibin2_2	R004bc2008.D10_semibin2_2	Kura Decodifi 1x 150 ng	Pseudomonas aeruginosa	u40346ctg_len-203116_circular-no_depth-8-8-8_duplicated-no	75000	100000	25000	68.000000	14.140000	23.100000	0.612121
R004bc2008.D10	semibin2_2	R004bc2008.D10_semibin2_2	Kura Decodifi 1x 150 ng	Pseudomonas aeruginosa	u40346ctg_len-203116_circular-no_depth-8-8-8_duplicated-no	100000	125000	25000	68.648000	13.160000	23.100000	0.569697
R004bc2008.D10	semibin2_2	R004bc2008.D10_semibin2_2	Kura Decodifi 1x 150 ng	Pseudomonas aeruginosa	u40346ctg_len-203116_circular-no_depth-8-8-8_duplicated-no	125000	150000	25000	65.372000	13.240000	23.100000	0.573160
R004bc2008.D10	semibin2_2	R004bc2008.D10_semibin2_2	Kura Decodifi 1x 150 ng	Pseudomonas aeruginosa	u40346ctg_len-203116_circular-no_depth-8-8-8_duplicated-no	150000	175000	25000	67.420000	16.530000	23.100000	0.715584
R004bc2008.D10	semibin2_2	R004bc2008.D10_semibin2_2	Kura Decodifi 1x 150 ng	Pseudomonas aeruginosa	u40346ctg_len-203116_circular-no_depth-8-8-8_duplicated-no	175000	200000	25000	68.960000	15.830000	23.100000	0.685281
R004bc2008.D10	semibin2_2	R004bc2008.D10_semibin2_2	Kura Decodifi 1x 150 ng	Pseudomonas aeruginosa	u41130ctg_len-39260_circular-no_depth-14-14-14_duplicated-no	0	25000	25000	67.556000	33.710000	23.100000	1.459307
R004bc2008.D10	semibin2_2	R004bc2008.D10_semibin2_2	Kura Decodifi 1x 150 ng	Pseudomonas aeruginosa	u42134ctg_len-331923_circular-no_depth-14-14-14_duplicated-no	0	25000	25000	67.140000	22.910000	23.100000	0.991775
R004bc2008.D10	semibin2_2	R004bc2008.D10_semibin2_2	Kura Decodifi 1x 150 ng	Pseudomonas aeruginosa	u42134ctg_len-331923_circular-no_depth-14-14-14_duplicated-no	25000	50000	25000	65.600000	25.030000	23.100000	1.083550
R004bc2008.D10	semibin2_2	R004bc2008.D10_semibin2_2	Kura Decodifi 1x 150 ng	Pseudomonas aeruginosa	u42134ctg_len-331923_circular-no_depth-14-14-14_duplicated-no	50000	75000	25000	65.336000	31.040000	23.100000	1.343723
R004bc2008.D10	semibin2_2	R004bc2008.D10_semibin2_2	Kura Decodifi 1x 150 ng	Pseudomonas aeruginosa	u42134ctg_len-331923_circular-no_depth-14-14-14_duplicated-no	75000	100000	25000	64.248000	23.920000	23.100000	1.035498
R004bc2008.D10	semibin2_2	R004bc2008.D10_semibin2_2	Kura Decodifi 1x 150 ng	Pseudomonas aeruginosa	u42134ctg_len-331923_circular-no_depth-14-14-14_duplicated-no	100000	125000	25000	65.040000	27.130000	23.100000	1.174459
R004bc2008.D10	semibin2_2	R004bc2008.D10_semibin2_2	Kura Decodifi 1x 150 ng	Pseudomonas aeruginosa	u42134ctg_len-331923_circular-no_depth-14-14-14_duplicated-no	125000	150000	25000	66.840000	25.110000	23.100000	1.087013
R004bc2008.D10	semibin2_2	R004bc2008.D10_semibin2_2	Kura Decodifi 1x 150 ng	Pseudomonas aeruginosa	u42134ctg_len-331923_circular-no_depth-14-14-14_duplicated-no	150000	175000	25000	65.704000	26.370000	23.100000	1.141558
R004bc2008.D10	semibin2_2	R004bc2008.D10_semibin2_2	Kura Decodifi 1x 150 ng	Pseudomonas aeruginosa	u42134ctg_len-331923_circular-no_depth-14-14-14_duplicated-no	175000	200000	25000	63.948000	21.240000	23.100000	0.919481
R004bc2008.D10	semibin2_2	R004bc2008.D10_semibin2_2	Kura Decodifi 1x 150 ng	Pseudomonas aeruginosa	u42134ctg_len-331923_circular-no_depth-14-14-14_duplicated-no	200000	225000	25000	64.664000	23.920000	23.100000	1.035498
R004bc2008.D10	semibin2_2	R004bc2008.D10_semibin2_2	Kura Decodifi 1x 150 ng	Pseudomonas aeruginosa	u42134ctg_len-331923_circular-no_depth-14-14-14_duplicated-no	225000	250000	25000	65.356000	24.370000	23.100000	1.054978
R004bc2008.D10	semibin2_2	R004bc2008.D10_semibin2_2	Kura Decodifi 1x 150 ng	Pseudomonas aeruginosa	u42134ctg_len-331923_circular-no_depth-14-14-14_duplicated-no	250000	275000	25000	66.992000	29.680000	23.100000	1.284848
R004bc2008.D10	semibin2_2	R004bc2008.D10_semibin2_2	Kura Decodifi 1x 150 ng	Pseudomonas aeruginosa	u42134ctg_len-331923_circular-no_depth-14-14-14_duplicated-no	275000	300000	25000	66.296000	25.320000	23.100000	1.096104
R004bc2008.D10	semibin2_2	R004bc2008.D10_semibin2_2	Kura Decodifi 1x 150 ng	Pseudomonas aeruginosa	u42134ctg_len-331923_circular-no_depth-14-14-14_duplicated-no	300000	325000	25000	65.600000	24.130000	23.100000	1.044589
R004bc2008.D10	semibin2_2	R004bc2008.D10_semibin2_2	Kura Decodifi 1x 150 ng	Pseudomonas aeruginosa	u42136ctg_len-113104_circular-no_depth-13-13-13_duplicated-no	0	25000	25000	64.636000	23.320000	23.100000	1.009524
R004bc2008.D10	semibin2_2	R004bc2008.D10_semibin2_2	Kura Decodifi 1x 150 ng	Pseudomonas aeruginosa	u42136ctg_len-113104_circular-no_depth-13-13-13_duplicated-no	25000	50000	25000	64.932000	22.390000	23.100000	0.969264
R004bc2008.D10	semibin2_2	R004bc2008.D10_semibin2_2	Kura Decodifi 1x 150 ng	Pseudomonas aeruginosa	u42136ctg_len-113104_circular-no_depth-13-13-13_duplicated-no	50000	75000	25000	61.772000	22.150000	23.100000	0.958874
R004bc2008.D10	semibin2_2	R004bc2008.D10_semibin2_2	Kura Decodifi 1x 150 ng	Pseudomonas aeruginosa	u42136ctg_len-113104_circular-no_depth-13-13-13_duplicated-no	75000	100000	25000	67.908000	18.380000	23.100000	0.795671
R004bc2008.D10	semibin2_2	R004bc2008.D10_semibin2_2	Kura Decodifi 1x 150 ng	Pseudomonas aeruginosa	u48200ctg_len-57432_circular-no_depth-10-10-10_duplicated-no	0	25000	25000	68.296000	16.520000	23.100000	0.715152
R004bc2008.D10	semibin2_2	R004bc2008.D10_semibin2_2	Kura Decodifi 1x 150 ng	Pseudomonas aeruginosa	u48200ctg_len-57432_circular-no_depth-10-10-10_duplicated-no	25000	50000	25000	66.744000	20.030000	23.100000	0.867100
R004bc2008.D10	semibin2_2	R004bc2008.D10_semibin2_2	Kura Decodifi 1x 150 ng	Pseudomonas aeruginosa	u48217ctg_len-127970_circular-no_depth-14-14-14_duplicated-no	0	25000	25000	67.428000	21.030000	23.100000	0.910390
R004bc2008.D10	semibin2_2	R004bc2008.D10_semibin2_2	Kura Decodifi 1x 150 ng	Pseudomonas aeruginosa	u48217ctg_len-127970_circular-no_depth-14-14-14_duplicated-no	25000	50000	25000	66.732000	21.990000	23.100000	0.951948
R004bc2008.D10	semibin2_2	R004bc2008.D10_semibin2_2	Kura Decodifi 1x 150 ng	Pseudomonas aeruginosa	u48217ctg_len-127970_circular-no_depth-14-14-14_duplicated-no	50000	75000	25000	64.884000	19.090000	23.100000	0.826407
R004bc2008.D10	semibin2_2	R004bc2008.D10_semibin2_2	Kura Decodifi 1x 150 ng	Pseudomonas aeruginosa	u48217ctg_len-127970_circular-no_depth-14-14-14_duplicated-no	75000	100000	25000	54.084000	20.550000	23.100000	0.889610
R004bc2008.D10	semibin2_2	R004bc2008.D10_semibin2_2	Kura Decodifi 1x 150 ng	Pseudomonas aeruginosa	u48217ctg_len-127970_circular-no_depth-14-14-14_duplicated-no	100000	125000	25000	66.084000	21.570000	23.100000	0.933766
R004bc2008.D10	semibin2_2	R004bc2008.D10_semibin2_2	Kura Decodifi 1x 150 ng	Pseudomonas aeruginosa	u5053ctg_len-35169_circular-no_depth-16-16-16_duplicated-no	0	25000	25000	66.508000	20.720000	23.100000	0.896970
R004bc2008.D10	semibin2_2	R004bc2008.D10_semibin2_2	Kura Decodifi 1x 150 ng	Pseudomonas aeruginosa	u50887ctg_len-31182_circular-no_depth-13-13-13_duplicated-no	0	25000	25000	67.408000	20.530000	23.100000	0.888745
R004bc2008.D10	semibin2_2	R004bc2008.D10_semibin2_2	Kura Decodifi 1x 150 ng	Pseudomonas aeruginosa	u52310ctg_len-102642_circular-no_depth-9-9-9_duplicated-no	0	25000	25000	68.532000	15.760000	23.100000	0.682251
R004bc2008.D10	semibin2_2	R004bc2008.D10_semibin2_2	Kura Decodifi 1x 150 ng	Pseudomonas aeruginosa	u52310ctg_len-102642_circular-no_depth-9-9-9_duplicated-no	25000	50000	25000	70.448000	21.270000	23.100000	0.920779
R004bc2008.D10	semibin2_2	R004bc2008.D10_semibin2_2	Kura Decodifi 1x 150 ng	Pseudomonas aeruginosa	u52310ctg_len-102642_circular-no_depth-9-9-9_duplicated-no	50000	75000	25000	68.964000	16.970000	23.100000	0.734632
R004bc2008.D10	semibin2_2	R004bc2008.D10_semibin2_2	Kura Decodifi 1x 150 ng	Pseudomonas aeruginosa	u52310ctg_len-102642_circular-no_depth-9-9-9_duplicated-no	75000	100000	25000	66.560000	17.480000	23.100000	0.756710
R004bc2008.D10	semibin2_2	R004bc2008.D10_semibin2_2	Kura Decodifi 1x 150 ng	Pseudomonas aeruginosa	u58372ctg_len-101830_circular-no_depth-11-11-11_duplicated-no	0	25000	25000	68.564000	17.110000	23.100000	0.740693
R004bc2008.D10	semibin2_2	R004bc2008.D10_semibin2_2	Kura Decodifi 1x 150 ng	Pseudomonas aeruginosa	u58372ctg_len-101830_circular-no_depth-11-11-11_duplicated-no	25000	50000	25000	67.004000	14.870000	23.100000	0.643723
R004bc2008.D10	semibin2_2	R004bc2008.D10_semibin2_2	Kura Decodifi 1x 150 ng	Pseudomonas aeruginosa	u58372ctg_len-101830_circular-no_depth-11-11-11_duplicated-no	50000	75000	25000	61.508000	15.920000	23.100000	0.689177
R004bc2008.D10	semibin2_2	R004bc2008.D10_semibin2_2	Kura Decodifi 1x 150 ng	Pseudomonas aeruginosa	u58372ctg_len-101830_circular-no_depth-11-11-11_duplicated-no	75000	100000	25000	67.640000	20.680000	23.100000	0.895238
R004bc2008.D10	semibin2_2	R004bc2008.D10_semibin2_2	Kura Decodifi 1x 150 ng	Pseudomonas aeruginosa	u60834ctg_len-47780_circular-no_depth-9-9-9_duplicated-no	0	25000	25000	65.208000	13.290000	23.100000	0.575325
R004bc2008.D10	semibin2_2	R004bc2008.D10_semibin2_2	Kura Decodifi 1x 150 ng	Pseudomonas aeruginosa	u61396ctg_len-214397_circular-no_depth-16-16-16_duplicated-no	0	25000	25000	66.452000	27.620000	23.100000	1.195671
R004bc2008.D10	semibin2_2	R004bc2008.D10_semibin2_2	Kura Decodifi 1x 150 ng	Pseudomonas aeruginosa	u61396ctg_len-214397_circular-no_depth-16-16-16_duplicated-no	25000	50000	25000	67.184000	25.600000	23.100000	1.108225
R004bc2008.D10	semibin2_2	R004bc2008.D10_semibin2_2	Kura Decodifi 1x 150 ng	Pseudomonas aeruginosa	u61396ctg_len-214397_circular-no_depth-16-16-16_duplicated-no	50000	75000	25000	67.148000	22.200000	23.100000	0.961039
R004bc2008.D10	semibin2_2	R004bc2008.D10_semibin2_2	Kura Decodifi 1x 150 ng	Pseudomonas aeruginosa	u61396ctg_len-214397_circular-no_depth-16-16-16_duplicated-no	75000	100000	25000	66.900000	32.310000	23.100000	1.398701
R004bc2008.D10	semibin2_2	R004bc2008.D10_semibin2_2	Kura Decodifi 1x 150 ng	Pseudomonas aeruginosa	u61396ctg_len-214397_circular-no_depth-16-16-16_duplicated-no	100000	125000	25000	67.292000	27.430000	23.100000	1.187446
R004bc2008.D10	semibin2_2	R004bc2008.D10_semibin2_2	Kura Decodifi 1x 150 ng	Pseudomonas aeruginosa	u61396ctg_len-214397_circular-no_depth-16-16-16_duplicated-no	125000	150000	25000	67.592000	32.750000	23.100000	1.417749
R004bc2008.D10	semibin2_2	R004bc2008.D10_semibin2_2	Kura Decodifi 1x 150 ng	Pseudomonas aeruginosa	u61396ctg_len-214397_circular-no_depth-16-16-16_duplicated-no	150000	175000	25000	67.172000	29.930000	23.100000	1.295671
R004bc2008.D10	semibin2_2	R004bc2008.D10_semibin2_2	Kura Decodifi 1x 150 ng	Pseudomonas aeruginosa	u61396ctg_len-214397_circular-no_depth-16-16-16_duplicated-no	175000	200000	25000	68.756000	23.200000	23.100000	1.004329
R004bc2008.D10	semibin2_2	R004bc2008.D10_semibin2_2	Kura Decodifi 1x 150 ng	Pseudomonas aeruginosa	u62919ctg_len-61481_circular-no_depth-7-7-7_duplicated-no	0	25000	25000	65.516000	13.000000	23.100000	0.562771
R004bc2008.D10	semibin2_2	R004bc2008.D10_semibin2_2	Kura Decodifi 1x 150 ng	Pseudomonas aeruginosa	u62919ctg_len-61481_circular-no_depth-7-7-7_duplicated-no	25000	50000	25000	67.964000	12.780000	23.100000	0.553247
R004bc2008.D10	semibin2_2	R004bc2008.D10_semibin2_2	Kura Decodifi 1x 150 ng	Pseudomonas aeruginosa	u63749ctg_len-59383_circular-no_depth-6-6-6_duplicated-no	0	25000	25000	66.556000	16.100000	23.100000	0.696970
R004bc2008.D10	semibin2_2	R004bc2008.D10_semibin2_2	Kura Decodifi 1x 150 ng	Pseudomonas aeruginosa	u63749ctg_len-59383_circular-no_depth-6-6-6_duplicated-no	25000	50000	25000	67.324000	22.400000	23.100000	0.969697
R004bc2008.D10	semibin2_2	R004bc2008.D10_semibin2_2	Kura Decodifi 1x 150 ng	Pseudomonas aeruginosa	u65108ctg_len-49289_circular-no_depth-16-16-16_duplicated-no	0	25000	25000	63.584000	29.980000	23.100000	1.297835
R004bc2008.D10	semibin2_2	R004bc2008.D10_semibin2_2	Kura Decodifi 1x 150 ng	Pseudomonas aeruginosa	u65796ctg_len-52719_circular-no_depth-12-12-12_duplicated-no	0	25000	25000	66.400000	15.280000	23.100000	0.661472
R004bc2008.D10	semibin2_2	R004bc2008.D10_semibin2_2	Kura Decodifi 1x 150 ng	Pseudomonas aeruginosa	u65796ctg_len-52719_circular-no_depth-12-12-12_duplicated-no	25000	50000	25000	68.524000	30.040000	23.100000	1.300433
R004bc2008.D10	semibin2_2	R004bc2008.D10_semibin2_2	Kura Decodifi 1x 150 ng	Pseudomonas aeruginosa	u71526ctg_len-49567_circular-no_depth-7-7-7_duplicated-no	0	25000	25000	63.892000	13.990000	23.100000	0.605628
R004bc2008.D10	semibin2_2	R004bc2008.D10_semibin2_2	Kura Decodifi 1x 150 ng	Pseudomonas aeruginosa	u71645ctg_len-35118_circular-no_depth-8-8-8_duplicated-no	0	25000	25000	68.900000	16.470000	23.100000	0.712987
R004bc2008.D10	semibin2_2	R004bc2008.D10_semibin2_2	Kura Decodifi 1x 150 ng	Pseudomonas aeruginosa	u71801ctg_len-38975_circular-no_depth-11-11-11_duplicated-no	0	25000	25000	67.804000	20.200000	23.100000	0.874459
R004bc2008.D10	semibin2_2	R004bc2008.D10_semibin2_2	Kura Decodifi 1x 150 ng	Pseudomonas aeruginosa	u72770ctg_len-135361_circular-no_depth-13-13-13_duplicated-no	0	25000	25000	66.156000	24.120000	23.100000	1.044156
R004bc2008.D10	semibin2_2	R004bc2008.D10_semibin2_2	Kura Decodifi 1x 150 ng	Pseudomonas aeruginosa	u72770ctg_len-135361_circular-no_depth-13-13-13_duplicated-no	25000	50000	25000	67.504000	23.140000	23.100000	1.001732
R004bc2008.D10	semibin2_2	R004bc2008.D10_semibin2_2	Kura Decodifi 1x 150 ng	Pseudomonas aeruginosa	u72770ctg_len-135361_circular-no_depth-13-13-13_duplicated-no	50000	75000	25000	61.136000	30.520000	23.100000	1.321212
R004bc2008.D10	semibin2_2	R004bc2008.D10_semibin2_2	Kura Decodifi 1x 150 ng	Pseudomonas aeruginosa	u72770ctg_len-135361_circular-no_depth-13-13-13_duplicated-no	75000	100000	25000	67.176000	23.910000	23.100000	1.035065
R004bc2008.D10	semibin2_2	R004bc2008.D10_semibin2_2	Kura Decodifi 1x 150 ng	Pseudomonas aeruginosa	u72770ctg_len-135361_circular-no_depth-13-13-13_duplicated-no	100000	125000	25000	68.264000	25.910000	23.100000	1.121645
R004bc2008.D10	semibin2_2	R004bc2008.D10_semibin2_2	Kura Decodifi 1x 150 ng	Pseudomonas aeruginosa	u7384ctg_len-111763_circular-no_depth-12-12-12_duplicated-no	0	25000	25000	67.616000	19.930000	23.100000	0.862771
R004bc2008.D10	semibin2_2	R004bc2008.D10_semibin2_2	Kura Decodifi 1x 150 ng	Pseudomonas aeruginosa	u7384ctg_len-111763_circular-no_depth-12-12-12_duplicated-no	25000	50000	25000	65.480000	23.950000	23.100000	1.036797
R004bc2008.D10	semibin2_2	R004bc2008.D10_semibin2_2	Kura Decodifi 1x 150 ng	Pseudomonas aeruginosa	u7384ctg_len-111763_circular-no_depth-12-12-12_duplicated-no	50000	75000	25000	66.668000	22.910000	23.100000	0.991775
R004bc2008.D10	semibin2_2	R004bc2008.D10_semibin2_2	Kura Decodifi 1x 150 ng	Pseudomonas aeruginosa	u7384ctg_len-111763_circular-no_depth-12-12-12_duplicated-no	75000	100000	25000	65.608000	18.580000	23.100000	0.804329
R004bc2008.D10	semibin2_2	R004bc2008.D10_semibin2_2	Kura Decodifi 1x 150 ng	Pseudomonas aeruginosa	u74192ctg_len-211179_circular-no_depth-11-11-11_duplicated-no	0	25000	25000	67.596000	20.480000	23.100000	0.886580
R004bc2008.D10	semibin2_2	R004bc2008.D10_semibin2_2	Kura Decodifi 1x 150 ng	Pseudomonas aeruginosa	u74192ctg_len-211179_circular-no_depth-11-11-11_duplicated-no	25000	50000	25000	65.812000	21.140000	23.100000	0.915152
R004bc2008.D10	semibin2_2	R004bc2008.D10_semibin2_2	Kura Decodifi 1x 150 ng	Pseudomonas aeruginosa	u74192ctg_len-211179_circular-no_depth-11-11-11_duplicated-no	50000	75000	25000	65.156000	29.910000	23.100000	1.294805
R004bc2008.D10	semibin2_2	R004bc2008.D10_semibin2_2	Kura Decodifi 1x 150 ng	Pseudomonas aeruginosa	u74192ctg_len-211179_circular-no_depth-11-11-11_duplicated-no	75000	100000	25000	66.308000	23.680000	23.100000	1.025108
R004bc2008.D10	semibin2_2	R004bc2008.D10_semibin2_2	Kura Decodifi 1x 150 ng	Pseudomonas aeruginosa	u74192ctg_len-211179_circular-no_depth-11-11-11_duplicated-no	100000	125000	25000	67.856000	21.950000	23.100000	0.950216
R004bc2008.D10	semibin2_2	R004bc2008.D10_semibin2_2	Kura Decodifi 1x 150 ng	Pseudomonas aeruginosa	u74192ctg_len-211179_circular-no_depth-11-11-11_duplicated-no	125000	150000	25000	66.844000	23.200000	23.100000	1.004329
R004bc2008.D10	semibin2_2	R004bc2008.D10_semibin2_2	Kura Decodifi 1x 150 ng	Pseudomonas aeruginosa	u74192ctg_len-211179_circular-no_depth-11-11-11_duplicated-no	150000	175000	25000	66.004000	24.690000	23.100000	1.068831
R004bc2008.D10	semibin2_2	R004bc2008.D10_semibin2_2	Kura Decodifi 1x 150 ng	Pseudomonas aeruginosa	u74192ctg_len-211179_circular-no_depth-11-11-11_duplicated-no	175000	200000	25000	67.124000	21.130000	23.100000	0.914719
R004bc2008.D10	semibin2_2	R004bc2008.D10_semibin2_2	Kura Decodifi 1x 150 ng	Pseudomonas aeruginosa	u7590ctg_len-53825_circular-no_depth-14-14-14_duplicated-no	0	25000	25000	68.020000	26.340000	23.100000	1.140260
R004bc2008.D10	semibin2_2	R004bc2008.D10_semibin2_2	Kura Decodifi 1x 150 ng	Pseudomonas aeruginosa	u7590ctg_len-53825_circular-no_depth-14-14-14_duplicated-no	25000	50000	25000	67.024000	24.830000	23.100000	1.074892
R004bc2008.D10	semibin2_2	R004bc2008.D10_semibin2_2	Kura Decodifi 1x 150 ng	Pseudomonas aeruginosa	u77193ctg_len-73805_circular-no_depth-9-9-9_duplicated-no	0	25000	25000	67.436000	18.720000	23.100000	0.810390
R004bc2008.D10	semibin2_2	R004bc2008.D10_semibin2_2	Kura Decodifi 1x 150 ng	Pseudomonas aeruginosa	u77193ctg_len-73805_circular-no_depth-9-9-9_duplicated-no	25000	50000	25000	67.932000	15.710000	23.100000	0.680087
R004bc2008.D10	semibin2_2	R004bc2008.D10_semibin2_2	Kura Decodifi 1x 150 ng	Pseudomonas aeruginosa	u8087ctg_len-174903_circular-no_depth-17-17-17_duplicated-no	0	25000	25000	65.364000	25.830000	23.100000	1.118182
R004bc2008.D10	semibin2_2	R004bc2008.D10_semibin2_2	Kura Decodifi 1x 150 ng	Pseudomonas aeruginosa	u8087ctg_len-174903_circular-no_depth-17-17-17_duplicated-no	25000	50000	25000	66.964000	28.630000	23.100000	1.239394
R004bc2008.D10	semibin2_2	R004bc2008.D10_semibin2_2	Kura Decodifi 1x 150 ng	Pseudomonas aeruginosa	u8087ctg_len-174903_circular-no_depth-17-17-17_duplicated-no	50000	75000	25000	65.612000	25.520000	23.100000	1.104762
R004bc2008.D10	semibin2_2	R004bc2008.D10_semibin2_2	Kura Decodifi 1x 150 ng	Pseudomonas aeruginosa	u8087ctg_len-174903_circular-no_depth-17-17-17_duplicated-no	75000	100000	25000	68.148000	25.210000	23.100000	1.091342
R004bc2008.D10	semibin2_2	R004bc2008.D10_semibin2_2	Kura Decodifi 1x 150 ng	Pseudomonas aeruginosa	u8087ctg_len-174903_circular-no_depth-17-17-17_duplicated-no	100000	125000	25000	68.692000	30.990000	23.100000	1.341558
R004bc2008.D10	semibin2_2	R004bc2008.D10_semibin2_2	Kura Decodifi 1x 150 ng	Pseudomonas aeruginosa	u8087ctg_len-174903_circular-no_depth-17-17-17_duplicated-no	125000	150000	25000	67.688000	31.290000	23.100000	1.354545
R004bc2008.D10	semibin2_2	R004bc2008.D10_semibin2_2	Kura Decodifi 1x 150 ng	Pseudomonas aeruginosa	u82755ctg_len-52319_circular-no_depth-5-5-5_duplicated-no	0	25000	25000	63.980000	16.450000	23.100000	0.712121
R004bc2008.D10	semibin2_2	R004bc2008.D10_semibin2_2	Kura Decodifi 1x 150 ng	Pseudomonas aeruginosa	u82755ctg_len-52319_circular-no_depth-5-5-5_duplicated-no	25000	50000	25000	65.316000	19.710000	23.100000	0.853247
R004bc2008.D10	semibin2_2	R004bc2008.D10_semibin2_2	Kura Decodifi 1x 150 ng	Pseudomonas aeruginosa	u82871ctg_len-201394_circular-no_depth-13-13-13_duplicated-no	0	25000	25000	68.260000	25.280000	23.100000	1.094372
R004bc2008.D10	semibin2_2	R004bc2008.D10_semibin2_2	Kura Decodifi 1x 150 ng	Pseudomonas aeruginosa	u82871ctg_len-201394_circular-no_depth-13-13-13_duplicated-no	25000	50000	25000	64.936000	23.900000	23.100000	1.034632
R004bc2008.D10	semibin2_2	R004bc2008.D10_semibin2_2	Kura Decodifi 1x 150 ng	Pseudomonas aeruginosa	u82871ctg_len-201394_circular-no_depth-13-13-13_duplicated-no	50000	75000	25000	63.892000	26.530000	23.100000	1.148485
R004bc2008.D10	semibin2_2	R004bc2008.D10_semibin2_2	Kura Decodifi 1x 150 ng	Pseudomonas aeruginosa	u82871ctg_len-201394_circular-no_depth-13-13-13_duplicated-no	75000	100000	25000	67.240000	25.130000	23.100000	1.087879
R004bc2008.D10	semibin2_2	R004bc2008.D10_semibin2_2	Kura Decodifi 1x 150 ng	Pseudomonas aeruginosa	u82871ctg_len-201394_circular-no_depth-13-13-13_duplicated-no	100000	125000	25000	65.032000	29.290000	23.100000	1.267965
R004bc2008.D10	semibin2_2	R004bc2008.D10_semibin2_2	Kura Decodifi 1x 150 ng	Pseudomonas aeruginosa	u82871ctg_len-201394_circular-no_depth-13-13-13_duplicated-no	125000	150000	25000	67.736000	25.960000	23.100000	1.123810
R004bc2008.D10	semibin2_2	R004bc2008.D10_semibin2_2	Kura Decodifi 1x 150 ng	Pseudomonas aeruginosa	u82871ctg_len-201394_circular-no_depth-13-13-13_duplicated-no	150000	175000	25000	68.064000	27.500000	23.100000	1.190476
R004bc2008.D10	semibin2_2	R004bc2008.D10_semibin2_2	Kura Decodifi 1x 150 ng	Pseudomonas aeruginosa	u82871ctg_len-201394_circular-no_depth-13-13-13_duplicated-no	175000	200000	25000	66.820000	27.020000	23.100000	1.169697
R004bc2008.D10	semibin2_2	R004bc2008.D10_semibin2_2	Kura Decodifi 1x 150 ng	Pseudomonas aeruginosa	u83137ctg_len-72960_circular-no_depth-10-10-10_duplicated-no	0	25000	25000	68.200000	19.750000	23.100000	0.854978
R004bc2008.D10	semibin2_2	R004bc2008.D10_semibin2_2	Kura Decodifi 1x 150 ng	Pseudomonas aeruginosa	u83137ctg_len-72960_circular-no_depth-10-10-10_duplicated-no	25000	50000	25000	67.204000	15.450000	23.100000	0.668831
R004bc2008.D10	semibin2_2	R004bc2008.D10_semibin2_2	Kura Decodifi 1x 150 ng	Pseudomonas aeruginosa	u83769ctg_len-40800_circular-no_depth-12-12-12_duplicated-no	0	25000	25000	67.632000	17.040000	23.100000	0.737662
R004bc2008.D10	semibin2_2	R004bc2008.D10_semibin2_2	Kura Decodifi 1x 150 ng	Pseudomonas aeruginosa	u84610ctg_len-112133_circular-no_depth-10-10-10_duplicated-no	0	25000	25000	65.884000	19.400000	23.100000	0.839827
R004bc2008.D10	semibin2_2	R004bc2008.D10_semibin2_2	Kura Decodifi 1x 150 ng	Pseudomonas aeruginosa	u84610ctg_len-112133_circular-no_depth-10-10-10_duplicated-no	25000	50000	25000	67.020000	20.470000	23.100000	0.886147
R004bc2008.D10	semibin2_2	R004bc2008.D10_semibin2_2	Kura Decodifi 1x 150 ng	Pseudomonas aeruginosa	u84610ctg_len-112133_circular-no_depth-10-10-10_duplicated-no	50000	75000	25000	68.716000	18.930000	23.100000	0.819481
R004bc2008.D10	semibin2_2	R004bc2008.D10_semibin2_2	Kura Decodifi 1x 150 ng	Pseudomonas aeruginosa	u84610ctg_len-112133_circular-no_depth-10-10-10_duplicated-no	75000	100000	25000	68.156000	17.410000	23.100000	0.753680
R004bc2008.D10	semibin2_2	R004bc2008.D10_semibin2_2	Kura Decodifi 1x 150 ng	Pseudomonas aeruginosa	u84658ctg_len-69771_circular-no_depth-10-10-10_duplicated-no	0	25000	25000	66.496000	19.000000	23.100000	0.822511
R004bc2008.D10	semibin2_2	R004bc2008.D10_semibin2_2	Kura Decodifi 1x 150 ng	Pseudomonas aeruginosa	u84658ctg_len-69771_circular-no_depth-10-10-10_duplicated-no	25000	50000	25000	67.044000	23.820000	23.100000	1.031169
R004bc2008.D10	semibin2_2	R004bc2008.D10_semibin2_2	Kura Decodifi 1x 150 ng	Pseudomonas aeruginosa	u85883ctg_len-42144_circular-no_depth-12-12-12_duplicated-no	0	25000	25000	68.396000	25.390000	23.100000	1.099134
R004bc2008.D10	semibin2_2	R004bc2008.D10_semibin2_2	Kura Decodifi 1x 150 ng	Pseudomonas aeruginosa	u87845ctg_len-300258_circular-no_depth-16-16-16_duplicated-no	0	25000	25000	67.448000	26.990000	23.100000	1.168398
R004bc2008.D10	semibin2_2	R004bc2008.D10_semibin2_2	Kura Decodifi 1x 150 ng	Pseudomonas aeruginosa	u87845ctg_len-300258_circular-no_depth-16-16-16_duplicated-no	25000	50000	25000	65.184000	27.150000	23.100000	1.175325
R004bc2008.D10	semibin2_2	R004bc2008.D10_semibin2_2	Kura Decodifi 1x 150 ng	Pseudomonas aeruginosa	u87845ctg_len-300258_circular-no_depth-16-16-16_duplicated-no	50000	75000	25000	65.016000	27.220000	23.100000	1.178355
R004bc2008.D10	semibin2_2	R004bc2008.D10_semibin2_2	Kura Decodifi 1x 150 ng	Pseudomonas aeruginosa	u87845ctg_len-300258_circular-no_depth-16-16-16_duplicated-no	75000	100000	25000	64.880000	26.720000	23.100000	1.156710
R004bc2008.D10	semibin2_2	R004bc2008.D10_semibin2_2	Kura Decodifi 1x 150 ng	Pseudomonas aeruginosa	u87845ctg_len-300258_circular-no_depth-16-16-16_duplicated-no	100000	125000	25000	63.660000	27.860000	23.100000	1.206061
R004bc2008.D10	semibin2_2	R004bc2008.D10_semibin2_2	Kura Decodifi 1x 150 ng	Pseudomonas aeruginosa	u87845ctg_len-300258_circular-no_depth-16-16-16_duplicated-no	125000	150000	25000	59.020000	31.740000	23.100000	1.374026
R004bc2008.D10	semibin2_2	R004bc2008.D10_semibin2_2	Kura Decodifi 1x 150 ng	Pseudomonas aeruginosa	u87845ctg_len-300258_circular-no_depth-16-16-16_duplicated-no	150000	175000	25000	60.204000	32.290000	23.100000	1.397835
R004bc2008.D10	semibin2_2	R004bc2008.D10_semibin2_2	Kura Decodifi 1x 150 ng	Pseudomonas aeruginosa	u87845ctg_len-300258_circular-no_depth-16-16-16_duplicated-no	175000	200000	25000	71.292000	23.390000	23.100000	1.012554
R004bc2008.D10	semibin2_2	R004bc2008.D10_semibin2_2	Kura Decodifi 1x 150 ng	Pseudomonas aeruginosa	u87845ctg_len-300258_circular-no_depth-16-16-16_duplicated-no	200000	225000	25000	68.528000	24.970000	23.100000	1.080952
R004bc2008.D10	semibin2_2	R004bc2008.D10_semibin2_2	Kura Decodifi 1x 150 ng	Pseudomonas aeruginosa	u87845ctg_len-300258_circular-no_depth-16-16-16_duplicated-no	225000	250000	25000	68.224000	22.930000	23.100000	0.992641
R004bc2008.D10	semibin2_2	R004bc2008.D10_semibin2_2	Kura Decodifi 1x 150 ng	Pseudomonas aeruginosa	u87845ctg_len-300258_circular-no_depth-16-16-16_duplicated-no	250000	275000	25000	68.376000	25.980000	23.100000	1.124675
R004bc2008.D10	semibin2_2	R004bc2008.D10_semibin2_2	Kura Decodifi 1x 150 ng	Pseudomonas aeruginosa	u87845ctg_len-300258_circular-no_depth-16-16-16_duplicated-no	275000	300000	25000	67.852000	23.370000	23.100000	1.011688
R004bc2008.D10	semibin2_2	R004bc2008.D10_semibin2_2	Kura Decodifi 1x 150 ng	Pseudomonas aeruginosa	u87979ctg_len-59045_circular-no_depth-12-12-12_duplicated-no	0	25000	25000	68.032000	33.760000	23.100000	1.461472
R004bc2008.D10	semibin2_2	R004bc2008.D10_semibin2_2	Kura Decodifi 1x 150 ng	Pseudomonas aeruginosa	u87979ctg_len-59045_circular-no_depth-12-12-12_duplicated-no	25000	50000	25000	66.440000	27.520000	23.100000	1.191342
R004bc2008.D10	semibin2_2	R004bc2008.D10_semibin2_2	Kura Decodifi 1x 150 ng	Pseudomonas aeruginosa	u90042ctg_len-104152_circular-no_depth-9-9-9_duplicated-no	0	25000	25000	63.268000	13.080000	23.100000	0.566234
R004bc2008.D10	semibin2_2	R004bc2008.D10_semibin2_2	Kura Decodifi 1x 150 ng	Pseudomonas aeruginosa	u90042ctg_len-104152_circular-no_depth-9-9-9_duplicated-no	25000	50000	25000	65.832000	19.570000	23.100000	0.847186
R004bc2008.D10	semibin2_2	R004bc2008.D10_semibin2_2	Kura Decodifi 1x 150 ng	Pseudomonas aeruginosa	u90042ctg_len-104152_circular-no_depth-9-9-9_duplicated-no	50000	75000	25000	64.892000	18.400000	23.100000	0.796537
R004bc2008.D10	semibin2_2	R004bc2008.D10_semibin2_2	Kura Decodifi 1x 150 ng	Pseudomonas aeruginosa	u90042ctg_len-104152_circular-no_depth-9-9-9_duplicated-no	75000	100000	25000	65.216000	18.100000	23.100000	0.783550
R004bc2008.D10	semibin2_2	R004bc2008.D10_semibin2_2	Kura Decodifi 1x 150 ng	Pseudomonas aeruginosa	u90214ctg_len-50620_circular-no_depth-10-10-10_duplicated-no	0	25000	25000	66.156000	20.060000	23.100000	0.868398
R004bc2008.D10	semibin2_2	R004bc2008.D10_semibin2_2	Kura Decodifi 1x 150 ng	Pseudomonas aeruginosa	u90214ctg_len-50620_circular-no_depth-10-10-10_duplicated-no	25000	50000	25000	65.772000	24.500000	23.100000	1.060606
R004bc2008.D10	semibin2_2	R004bc2008.D10_semibin2_2	Kura Decodifi 1x 150 ng	Pseudomonas aeruginosa	u90474ctg_len-37147_circular-no_depth-9-9-9_duplicated-no	0	25000	25000	63.972000	20.270000	23.100000	0.877489
R004bc2008.D10	semibin2_2	R004bc2008.D10_semibin2_2	Kura Decodifi 1x 150 ng	Pseudomonas aeruginosa	u97192ctg_len-356035_circular-no_depth-12-12-12_duplicated-no	0	25000	25000	65.476000	17.910000	23.100000	0.775325
R004bc2008.D10	semibin2_2	R004bc2008.D10_semibin2_2	Kura Decodifi 1x 150 ng	Pseudomonas aeruginosa	u97192ctg_len-356035_circular-no_depth-12-12-12_duplicated-no	25000	50000	25000	65.868000	24.410000	23.100000	1.056710
R004bc2008.D10	semibin2_2	R004bc2008.D10_semibin2_2	Kura Decodifi 1x 150 ng	Pseudomonas aeruginosa	u97192ctg_len-356035_circular-no_depth-12-12-12_duplicated-no	50000	75000	25000	62.836000	20.870000	23.100000	0.903463
R004bc2008.D10	semibin2_2	R004bc2008.D10_semibin2_2	Kura Decodifi 1x 150 ng	Pseudomonas aeruginosa	u97192ctg_len-356035_circular-no_depth-12-12-12_duplicated-no	75000	100000	25000	57.844000	26.070000	23.100000	1.128571
R004bc2008.D10	semibin2_2	R004bc2008.D10_semibin2_2	Kura Decodifi 1x 150 ng	Pseudomonas aeruginosa	u97192ctg_len-356035_circular-no_depth-12-12-12_duplicated-no	100000	125000	25000	64.560000	29.150000	23.100000	1.261905
R004bc2008.D10	semibin2_2	R004bc2008.D10_semibin2_2	Kura Decodifi 1x 150 ng	Pseudomonas aeruginosa	u97192ctg_len-356035_circular-no_depth-12-12-12_duplicated-no	125000	150000	25000	66.824000	22.820000	23.100000	0.987879
R004bc2008.D10	semibin2_2	R004bc2008.D10_semibin2_2	Kura Decodifi 1x 150 ng	Pseudomonas aeruginosa	u97192ctg_len-356035_circular-no_depth-12-12-12_duplicated-no	150000	175000	25000	67.480000	22.500000	23.100000	0.974026
R004bc2008.D10	semibin2_2	R004bc2008.D10_semibin2_2	Kura Decodifi 1x 150 ng	Pseudomonas aeruginosa	u97192ctg_len-356035_circular-no_depth-12-12-12_duplicated-no	175000	200000	25000	65.452000	22.320000	23.100000	0.966234
R004bc2008.D10	semibin2_2	R004bc2008.D10_semibin2_2	Kura Decodifi 1x 150 ng	Pseudomonas aeruginosa	u97192ctg_len-356035_circular-no_depth-12-12-12_duplicated-no	200000	225000	25000	66.320000	23.350000	23.100000	1.010823
R004bc2008.D10	semibin2_2	R004bc2008.D10_semibin2_2	Kura Decodifi 1x 150 ng	Pseudomonas aeruginosa	u97192ctg_len-356035_circular-no_depth-12-12-12_duplicated-no	225000	250000	25000	67.064000	19.620000	23.100000	0.849351
R004bc2008.D10	semibin2_2	R004bc2008.D10_semibin2_2	Kura Decodifi 1x 150 ng	Pseudomonas aeruginosa	u97192ctg_len-356035_circular-no_depth-12-12-12_duplicated-no	250000	275000	25000	64.236000	20.590000	23.100000	0.891342
R004bc2008.D10	semibin2_2	R004bc2008.D10_semibin2_2	Kura Decodifi 1x 150 ng	Pseudomonas aeruginosa	u97192ctg_len-356035_circular-no_depth-12-12-12_duplicated-no	275000	300000	25000	66.996000	19.290000	23.100000	0.835065
R004bc2008.D10	semibin2_2	R004bc2008.D10_semibin2_2	Kura Decodifi 1x 150 ng	Pseudomonas aeruginosa	u97192ctg_len-356035_circular-no_depth-12-12-12_duplicated-no	300000	325000	25000	66.716000	23.550000	23.100000	1.019481
R004bc2008.D10	semibin2_2	R004bc2008.D10_semibin2_2	Kura Decodifi 1x 150 ng	Pseudomonas aeruginosa	u97192ctg_len-356035_circular-no_depth-12-12-12_duplicated-no	325000	350000	25000	67.908000	18.780000	23.100000	0.812987
R004bc2008.D10	semibin2_2	R004bc2008.D10_semibin2_2	Kura Decodifi 1x 150 ng	Pseudomonas aeruginosa	u9760ctg_len-79884_circular-no_depth-9-9-9_duplicated-no	0	25000	25000	67.856000	21.100000	23.100000	0.913420
R004bc2008.D10	semibin2_2	R004bc2008.D10_semibin2_2	Kura Decodifi 1x 150 ng	Pseudomonas aeruginosa	u9760ctg_len-79884_circular-no_depth-9-9-9_duplicated-no	25000	50000	25000	67.200000	15.890000	23.100000	0.687879
R004bc2008.D10	semibin2_2	R004bc2008.D10_semibin2_2	Kura Decodifi 1x 150 ng	Pseudomonas aeruginosa	u9760ctg_len-79884_circular-no_depth-9-9-9_duplicated-no	50000	75000	25000	66.644000	17.560000	23.100000	0.760173
R005bc2008.H09	semibin2_2	R005bc2008.H09_semibin2_2	NEB Q5 XT 1x 150 ng (Q)	Pseudomonas aeruginosa	u10126ctg_len-44931_circular-no_depth-4-4-4_duplicated-no	0	25000	25000	65.072000	13.260000	20.230000	0.655462
R005bc2008.H09	semibin2_2	R005bc2008.H09_semibin2_2	NEB Q5 XT 1x 150 ng (Q)	Pseudomonas aeruginosa	u11340ctg_len-191999_circular-no_depth-16-16-16_duplicated-no	0	25000	25000	67.228000	17.180000	20.230000	0.849234
R005bc2008.H09	semibin2_2	R005bc2008.H09_semibin2_2	NEB Q5 XT 1x 150 ng (Q)	Pseudomonas aeruginosa	u11340ctg_len-191999_circular-no_depth-16-16-16_duplicated-no	25000	50000	25000	65.712000	27.050000	20.230000	1.337123
R005bc2008.H09	semibin2_2	R005bc2008.H09_semibin2_2	NEB Q5 XT 1x 150 ng (Q)	Pseudomonas aeruginosa	u11340ctg_len-191999_circular-no_depth-16-16-16_duplicated-no	50000	75000	25000	66.700000	28.540000	20.230000	1.410776
R005bc2008.H09	semibin2_2	R005bc2008.H09_semibin2_2	NEB Q5 XT 1x 150 ng (Q)	Pseudomonas aeruginosa	u11340ctg_len-191999_circular-no_depth-16-16-16_duplicated-no	75000	100000	25000	62.192000	40.970000	20.230000	2.025210
R005bc2008.H09	semibin2_2	R005bc2008.H09_semibin2_2	NEB Q5 XT 1x 150 ng (Q)	Pseudomonas aeruginosa	u11340ctg_len-191999_circular-no_depth-16-16-16_duplicated-no	100000	125000	25000	65.860000	30.200000	20.230000	1.492832
R005bc2008.H09	semibin2_2	R005bc2008.H09_semibin2_2	NEB Q5 XT 1x 150 ng (Q)	Pseudomonas aeruginosa	u11340ctg_len-191999_circular-no_depth-16-16-16_duplicated-no	125000	150000	25000	66.780000	28.170000	20.230000	1.392486
R005bc2008.H09	semibin2_2	R005bc2008.H09_semibin2_2	NEB Q5 XT 1x 150 ng (Q)	Pseudomonas aeruginosa	u11340ctg_len-191999_circular-no_depth-16-16-16_duplicated-no	150000	175000	25000	65.948000	23.830000	20.230000	1.177954
R005bc2008.H09	semibin2_2	R005bc2008.H09_semibin2_2	NEB Q5 XT 1x 150 ng (Q)	Pseudomonas aeruginosa	u13156ctg_len-29375_circular-no_depth-4-4-4_duplicated-no	0	25000	25000	69.008000	9.980000	20.230000	0.493327
R005bc2008.H09	semibin2_2	R005bc2008.H09_semibin2_2	NEB Q5 XT 1x 150 ng (Q)	Pseudomonas aeruginosa	u15209ctg_len-82348_circular-no_depth-10-10-10_duplicated-no	0	25000	25000	60.700000	19.260000	20.230000	0.952051
R005bc2008.H09	semibin2_2	R005bc2008.H09_semibin2_2	NEB Q5 XT 1x 150 ng (Q)	Pseudomonas aeruginosa	u15209ctg_len-82348_circular-no_depth-10-10-10_duplicated-no	25000	50000	25000	67.484000	19.730000	20.230000	0.975284
R005bc2008.H09	semibin2_2	R005bc2008.H09_semibin2_2	NEB Q5 XT 1x 150 ng (Q)	Pseudomonas aeruginosa	u15209ctg_len-82348_circular-no_depth-10-10-10_duplicated-no	50000	75000	25000	68.360000	10.890000	20.230000	0.538309
R005bc2008.H09	semibin2_2	R005bc2008.H09_semibin2_2	NEB Q5 XT 1x 150 ng (Q)	Pseudomonas aeruginosa	u15754ctg_len-56378_circular-no_depth-7-7-7_duplicated-no	0	25000	25000	67.628000	15.840000	20.230000	0.782996
R005bc2008.H09	semibin2_2	R005bc2008.H09_semibin2_2	NEB Q5 XT 1x 150 ng (Q)	Pseudomonas aeruginosa	u15754ctg_len-56378_circular-no_depth-7-7-7_duplicated-no	25000	50000	25000	67.148000	26.420000	20.230000	1.305981
R005bc2008.H09	semibin2_2	R005bc2008.H09_semibin2_2	NEB Q5 XT 1x 150 ng (Q)	Pseudomonas aeruginosa	u18288ctg_len-147547_circular-no_depth-14-14-14_duplicated-no	0	25000	25000	64.948000	22.950000	20.230000	1.134454
R005bc2008.H09	semibin2_2	R005bc2008.H09_semibin2_2	NEB Q5 XT 1x 150 ng (Q)	Pseudomonas aeruginosa	u18288ctg_len-147547_circular-no_depth-14-14-14_duplicated-no	25000	50000	25000	66.456000	32.270000	20.230000	1.595156
R005bc2008.H09	semibin2_2	R005bc2008.H09_semibin2_2	NEB Q5 XT 1x 150 ng (Q)	Pseudomonas aeruginosa	u18288ctg_len-147547_circular-no_depth-14-14-14_duplicated-no	50000	75000	25000	67.936000	17.390000	20.230000	0.859614
R005bc2008.H09	semibin2_2	R005bc2008.H09_semibin2_2	NEB Q5 XT 1x 150 ng (Q)	Pseudomonas aeruginosa	u18288ctg_len-147547_circular-no_depth-14-14-14_duplicated-no	75000	100000	25000	66.680000	17.500000	20.230000	0.865052
R005bc2008.H09	semibin2_2	R005bc2008.H09_semibin2_2	NEB Q5 XT 1x 150 ng (Q)	Pseudomonas aeruginosa	u18288ctg_len-147547_circular-no_depth-14-14-14_duplicated-no	100000	125000	25000	66.160000	25.540000	20.230000	1.262481
R005bc2008.H09	semibin2_2	R005bc2008.H09_semibin2_2	NEB Q5 XT 1x 150 ng (Q)	Pseudomonas aeruginosa	u20378ctg_len-250359_circular-no_depth-14-14-14_duplicated-no	0	25000	25000	63.992000	23.570000	20.230000	1.165101
R005bc2008.H09	semibin2_2	R005bc2008.H09_semibin2_2	NEB Q5 XT 1x 150 ng (Q)	Pseudomonas aeruginosa	u20378ctg_len-250359_circular-no_depth-14-14-14_duplicated-no	25000	50000	25000	60.904000	20.970000	20.230000	1.036579
R005bc2008.H09	semibin2_2	R005bc2008.H09_semibin2_2	NEB Q5 XT 1x 150 ng (Q)	Pseudomonas aeruginosa	u20378ctg_len-250359_circular-no_depth-14-14-14_duplicated-no	50000	75000	25000	60.804000	24.250000	20.230000	1.198715
R005bc2008.H09	semibin2_2	R005bc2008.H09_semibin2_2	NEB Q5 XT 1x 150 ng (Q)	Pseudomonas aeruginosa	u20378ctg_len-250359_circular-no_depth-14-14-14_duplicated-no	75000	100000	25000	66.520000	16.940000	20.230000	0.837370
R005bc2008.H09	semibin2_2	R005bc2008.H09_semibin2_2	NEB Q5 XT 1x 150 ng (Q)	Pseudomonas aeruginosa	u20378ctg_len-250359_circular-no_depth-14-14-14_duplicated-no	100000	125000	25000	66.548000	22.440000	20.230000	1.109244
R005bc2008.H09	semibin2_2	R005bc2008.H09_semibin2_2	NEB Q5 XT 1x 150 ng (Q)	Pseudomonas aeruginosa	u20378ctg_len-250359_circular-no_depth-14-14-14_duplicated-no	125000	150000	25000	66.348000	23.990000	20.230000	1.185863
R005bc2008.H09	semibin2_2	R005bc2008.H09_semibin2_2	NEB Q5 XT 1x 150 ng (Q)	Pseudomonas aeruginosa	u20378ctg_len-250359_circular-no_depth-14-14-14_duplicated-no	150000	175000	25000	65.080000	25.800000	20.230000	1.275334
R005bc2008.H09	semibin2_2	R005bc2008.H09_semibin2_2	NEB Q5 XT 1x 150 ng (Q)	Pseudomonas aeruginosa	u20378ctg_len-250359_circular-no_depth-14-14-14_duplicated-no	175000	200000	25000	67.232000	14.320000	20.230000	0.707860
R005bc2008.H09	semibin2_2	R005bc2008.H09_semibin2_2	NEB Q5 XT 1x 150 ng (Q)	Pseudomonas aeruginosa	u20378ctg_len-250359_circular-no_depth-14-14-14_duplicated-no	200000	225000	25000	68.112000	23.950000	20.230000	1.183885
R005bc2008.H09	semibin2_2	R005bc2008.H09_semibin2_2	NEB Q5 XT 1x 150 ng (Q)	Pseudomonas aeruginosa	u20378ctg_len-250359_circular-no_depth-14-14-14_duplicated-no	225000	250000	25000	63.640000	16.360000	20.230000	0.808700
R005bc2008.H09	semibin2_2	R005bc2008.H09_semibin2_2	NEB Q5 XT 1x 150 ng (Q)	Pseudomonas aeruginosa	u21394ctg_len-167938_circular-no_depth-9-9-9_duplicated-no	0	25000	25000	66.448000	17.740000	20.230000	0.876915
R005bc2008.H09	semibin2_2	R005bc2008.H09_semibin2_2	NEB Q5 XT 1x 150 ng (Q)	Pseudomonas aeruginosa	u21394ctg_len-167938_circular-no_depth-9-9-9_duplicated-no	25000	50000	25000	67.108000	11.310000	20.230000	0.559071
R005bc2008.H09	semibin2_2	R005bc2008.H09_semibin2_2	NEB Q5 XT 1x 150 ng (Q)	Pseudomonas aeruginosa	u21394ctg_len-167938_circular-no_depth-9-9-9_duplicated-no	50000	75000	25000	64.512000	25.290000	20.230000	1.250124
R005bc2008.H09	semibin2_2	R005bc2008.H09_semibin2_2	NEB Q5 XT 1x 150 ng (Q)	Pseudomonas aeruginosa	u21394ctg_len-167938_circular-no_depth-9-9-9_duplicated-no	75000	100000	25000	66.128000	15.090000	20.230000	0.745922
R005bc2008.H09	semibin2_2	R005bc2008.H09_semibin2_2	NEB Q5 XT 1x 150 ng (Q)	Pseudomonas aeruginosa	u21394ctg_len-167938_circular-no_depth-9-9-9_duplicated-no	100000	125000	25000	64.992000	18.750000	20.230000	0.926841
R005bc2008.H09	semibin2_2	R005bc2008.H09_semibin2_2	NEB Q5 XT 1x 150 ng (Q)	Pseudomonas aeruginosa	u21394ctg_len-167938_circular-no_depth-9-9-9_duplicated-no	125000	150000	25000	68.648000	15.860000	20.230000	0.783984
R005bc2008.H09	semibin2_2	R005bc2008.H09_semibin2_2	NEB Q5 XT 1x 150 ng (Q)	Pseudomonas aeruginosa	u22223ctg_len-147207_circular-no_depth-12-12-12_duplicated-no	0	25000	25000	65.016000	19.630000	20.230000	0.970341
R005bc2008.H09	semibin2_2	R005bc2008.H09_semibin2_2	NEB Q5 XT 1x 150 ng (Q)	Pseudomonas aeruginosa	u22223ctg_len-147207_circular-no_depth-12-12-12_duplicated-no	25000	50000	25000	64.572000	23.090000	20.230000	1.141374
R005bc2008.H09	semibin2_2	R005bc2008.H09_semibin2_2	NEB Q5 XT 1x 150 ng (Q)	Pseudomonas aeruginosa	u22223ctg_len-147207_circular-no_depth-12-12-12_duplicated-no	50000	75000	25000	64.356000	20.800000	20.230000	1.028176
R005bc2008.H09	semibin2_2	R005bc2008.H09_semibin2_2	NEB Q5 XT 1x 150 ng (Q)	Pseudomonas aeruginosa	u22223ctg_len-147207_circular-no_depth-12-12-12_duplicated-no	75000	100000	25000	64.504000	21.190000	20.230000	1.047454
R005bc2008.H09	semibin2_2	R005bc2008.H09_semibin2_2	NEB Q5 XT 1x 150 ng (Q)	Pseudomonas aeruginosa	u22223ctg_len-147207_circular-no_depth-12-12-12_duplicated-no	100000	125000	25000	66.172000	23.110000	20.230000	1.142363
R005bc2008.H09	semibin2_2	R005bc2008.H09_semibin2_2	NEB Q5 XT 1x 150 ng (Q)	Pseudomonas aeruginosa	u23169ctg_len-104121_circular-no_depth-9-9-9_duplicated-no	0	25000	25000	67.104000	12.290000	20.230000	0.607514
R005bc2008.H09	semibin2_2	R005bc2008.H09_semibin2_2	NEB Q5 XT 1x 150 ng (Q)	Pseudomonas aeruginosa	u23169ctg_len-104121_circular-no_depth-9-9-9_duplicated-no	25000	50000	25000	65.492000	18.490000	20.230000	0.913989
R005bc2008.H09	semibin2_2	R005bc2008.H09_semibin2_2	NEB Q5 XT 1x 150 ng (Q)	Pseudomonas aeruginosa	u23169ctg_len-104121_circular-no_depth-9-9-9_duplicated-no	50000	75000	25000	67.240000	11.600000	20.230000	0.573406
R005bc2008.H09	semibin2_2	R005bc2008.H09_semibin2_2	NEB Q5 XT 1x 150 ng (Q)	Pseudomonas aeruginosa	u23169ctg_len-104121_circular-no_depth-9-9-9_duplicated-no	75000	100000	25000	68.660000	7.480000	20.230000	0.369748
R005bc2008.H09	semibin2_2	R005bc2008.H09_semibin2_2	NEB Q5 XT 1x 150 ng (Q)	Pseudomonas aeruginosa	u24471ctg_len-38157_circular-no_depth-6-6-6_duplicated-no	0	25000	25000	65.508000	13.240000	20.230000	0.654474
R005bc2008.H09	semibin2_2	R005bc2008.H09_semibin2_2	NEB Q5 XT 1x 150 ng (Q)	Pseudomonas aeruginosa	u25131ctg_len-31818_circular-no_depth-6-6-6_duplicated-no	0	25000	25000	67.940000	11.690000	20.230000	0.577855
R005bc2008.H09	semibin2_2	R005bc2008.H09_semibin2_2	NEB Q5 XT 1x 150 ng (Q)	Pseudomonas aeruginosa	u27317ctg_len-127952_circular-no_depth-13-13-13_duplicated-no	0	25000	25000	65.048000	22.720000	20.230000	1.123085
R005bc2008.H09	semibin2_2	R005bc2008.H09_semibin2_2	NEB Q5 XT 1x 150 ng (Q)	Pseudomonas aeruginosa	u27317ctg_len-127952_circular-no_depth-13-13-13_duplicated-no	25000	50000	25000	64.156000	30.160000	20.230000	1.490855
R005bc2008.H09	semibin2_2	R005bc2008.H09_semibin2_2	NEB Q5 XT 1x 150 ng (Q)	Pseudomonas aeruginosa	u27317ctg_len-127952_circular-no_depth-13-13-13_duplicated-no	50000	75000	25000	65.440000	19.630000	20.230000	0.970341
R005bc2008.H09	semibin2_2	R005bc2008.H09_semibin2_2	NEB Q5 XT 1x 150 ng (Q)	Pseudomonas aeruginosa	u27317ctg_len-127952_circular-no_depth-13-13-13_duplicated-no	75000	100000	25000	65.728000	18.680000	20.230000	0.923381
R005bc2008.H09	semibin2_2	R005bc2008.H09_semibin2_2	NEB Q5 XT 1x 150 ng (Q)	Pseudomonas aeruginosa	u27317ctg_len-127952_circular-no_depth-13-13-13_duplicated-no	100000	125000	25000	66.576000	21.120000	20.230000	1.043994
R005bc2008.H09	semibin2_2	R005bc2008.H09_semibin2_2	NEB Q5 XT 1x 150 ng (Q)	Pseudomonas aeruginosa	u28220ctg_len-54670_circular-no_depth-13-13-13_duplicated-no	0	25000	25000	64.988000	15.990000	20.230000	0.790410
R005bc2008.H09	semibin2_2	R005bc2008.H09_semibin2_2	NEB Q5 XT 1x 150 ng (Q)	Pseudomonas aeruginosa	u28220ctg_len-54670_circular-no_depth-13-13-13_duplicated-no	25000	50000	25000	66.504000	22.010000	20.230000	1.087988
R005bc2008.H09	semibin2_2	R005bc2008.H09_semibin2_2	NEB Q5 XT 1x 150 ng (Q)	Pseudomonas aeruginosa	u30028ctg_len-73082_circular-no_depth-11-11-11_duplicated-no	0	25000	25000	67.000000	15.220000	20.230000	0.752348
R005bc2008.H09	semibin2_2	R005bc2008.H09_semibin2_2	NEB Q5 XT 1x 150 ng (Q)	Pseudomonas aeruginosa	u30028ctg_len-73082_circular-no_depth-11-11-11_duplicated-no	25000	50000	25000	67.964000	20.890000	20.230000	1.032625
R005bc2008.H09	semibin2_2	R005bc2008.H09_semibin2_2	NEB Q5 XT 1x 150 ng (Q)	Pseudomonas aeruginosa	u31723ctg_len-40949_circular-no_depth-13-13-13_duplicated-no	0	25000	25000	65.168000	25.100000	20.230000	1.240732
R005bc2008.H09	semibin2_2	R005bc2008.H09_semibin2_2	NEB Q5 XT 1x 150 ng (Q)	Pseudomonas aeruginosa	u34183ctg_len-32260_circular-no_depth-17-17-17_duplicated-no	0	25000	25000	66.700000	28.070000	20.230000	1.387543
R005bc2008.H09	semibin2_2	R005bc2008.H09_semibin2_2	NEB Q5 XT 1x 150 ng (Q)	Pseudomonas aeruginosa	u34656ctg_len-32177_circular-no_depth-13-13-11_duplicated-no	0	25000	25000	68.340000	14.370000	20.230000	0.710331
R005bc2008.H09	semibin2_2	R005bc2008.H09_semibin2_2	NEB Q5 XT 1x 150 ng (Q)	Pseudomonas aeruginosa	u40548ctg_len-69927_circular-no_depth-17-17-17_duplicated-no	0	25000	25000	67.496000	18.880000	20.230000	0.933267
R005bc2008.H09	semibin2_2	R005bc2008.H09_semibin2_2	NEB Q5 XT 1x 150 ng (Q)	Pseudomonas aeruginosa	u40548ctg_len-69927_circular-no_depth-17-17-17_duplicated-no	25000	50000	25000	67.396000	21.700000	20.230000	1.072664
R005bc2008.H09	semibin2_2	R005bc2008.H09_semibin2_2	NEB Q5 XT 1x 150 ng (Q)	Pseudomonas aeruginosa	u41354ctg_len-59931_circular-no_depth-9-9-9_duplicated-no	0	25000	25000	66.556000	22.500000	20.230000	1.112210
R005bc2008.H09	semibin2_2	R005bc2008.H09_semibin2_2	NEB Q5 XT 1x 150 ng (Q)	Pseudomonas aeruginosa	u41354ctg_len-59931_circular-no_depth-9-9-9_duplicated-no	25000	50000	25000	67.300000	15.110000	20.230000	0.746911
R005bc2008.H09	semibin2_2	R005bc2008.H09_semibin2_2	NEB Q5 XT 1x 150 ng (Q)	Pseudomonas aeruginosa	u41413ctg_len-58162_circular-no_depth-10-10-10_duplicated-no	0	25000	25000	66.836000	21.000000	20.230000	1.038062
R005bc2008.H09	semibin2_2	R005bc2008.H09_semibin2_2	NEB Q5 XT 1x 150 ng (Q)	Pseudomonas aeruginosa	u41413ctg_len-58162_circular-no_depth-10-10-10_duplicated-no	25000	50000	25000	67.712000	18.500000	20.230000	0.914483
R005bc2008.H09	semibin2_2	R005bc2008.H09_semibin2_2	NEB Q5 XT 1x 150 ng (Q)	Pseudomonas aeruginosa	u41610ctg_len-26514_circular-no_depth-5-5-5_duplicated-no	0	25000	25000	66.420000	24.730000	20.230000	1.222442
R005bc2008.H09	semibin2_2	R005bc2008.H09_semibin2_2	NEB Q5 XT 1x 150 ng (Q)	Pseudomonas aeruginosa	u42924ctg_len-45293_circular-no_depth-5-5-5_duplicated-no	0	25000	25000	68.368000	10.200000	20.230000	0.504202
R005bc2008.H09	semibin2_2	R005bc2008.H09_semibin2_2	NEB Q5 XT 1x 150 ng (Q)	Pseudomonas aeruginosa	u43294ctg_len-82857_circular-no_depth-17-17-17_duplicated-no	0	25000	25000	67.172000	25.450000	20.230000	1.258033
R005bc2008.H09	semibin2_2	R005bc2008.H09_semibin2_2	NEB Q5 XT 1x 150 ng (Q)	Pseudomonas aeruginosa	u43294ctg_len-82857_circular-no_depth-17-17-17_duplicated-no	25000	50000	25000	68.904000	12.360000	20.230000	0.610974
R005bc2008.H09	semibin2_2	R005bc2008.H09_semibin2_2	NEB Q5 XT 1x 150 ng (Q)	Pseudomonas aeruginosa	u43294ctg_len-82857_circular-no_depth-17-17-17_duplicated-no	50000	75000	25000	66.500000	25.620000	20.230000	1.266436
R005bc2008.H09	semibin2_2	R005bc2008.H09_semibin2_2	NEB Q5 XT 1x 150 ng (Q)	Pseudomonas aeruginosa	u45159ctg_len-83336_circular-no_depth-10-10-10_duplicated-no	0	25000	25000	67.364000	19.040000	20.230000	0.941176
R005bc2008.H09	semibin2_2	R005bc2008.H09_semibin2_2	NEB Q5 XT 1x 150 ng (Q)	Pseudomonas aeruginosa	u45159ctg_len-83336_circular-no_depth-10-10-10_duplicated-no	25000	50000	25000	67.480000	14.780000	20.230000	0.730598
R005bc2008.H09	semibin2_2	R005bc2008.H09_semibin2_2	NEB Q5 XT 1x 150 ng (Q)	Pseudomonas aeruginosa	u45159ctg_len-83336_circular-no_depth-10-10-10_duplicated-no	50000	75000	25000	66.460000	19.020000	20.230000	0.940188
R005bc2008.H09	semibin2_2	R005bc2008.H09_semibin2_2	NEB Q5 XT 1x 150 ng (Q)	Pseudomonas aeruginosa	u45324ctg_len-33887_circular-no_depth-8-8-8_duplicated-no	0	25000	25000	66.288000	19.720000	20.230000	0.974790
R005bc2008.H09	semibin2_2	R005bc2008.H09_semibin2_2	NEB Q5 XT 1x 150 ng (Q)	Pseudomonas aeruginosa	u48955ctg_len-56048_circular-no_depth-9-9-9_duplicated-no	0	25000	25000	66.884000	13.080000	20.230000	0.646565
R005bc2008.H09	semibin2_2	R005bc2008.H09_semibin2_2	NEB Q5 XT 1x 150 ng (Q)	Pseudomonas aeruginosa	u48955ctg_len-56048_circular-no_depth-9-9-9_duplicated-no	25000	50000	25000	68.568000	15.730000	20.230000	0.777558
R005bc2008.H09	semibin2_2	R005bc2008.H09_semibin2_2	NEB Q5 XT 1x 150 ng (Q)	Pseudomonas aeruginosa	u49098ctg_len-69244_circular-no_depth-13-13-13_duplicated-no	0	25000	25000	67.792000	19.690000	20.230000	0.973307
R005bc2008.H09	semibin2_2	R005bc2008.H09_semibin2_2	NEB Q5 XT 1x 150 ng (Q)	Pseudomonas aeruginosa	u49098ctg_len-69244_circular-no_depth-13-13-13_duplicated-no	25000	50000	25000	67.612000	20.200000	20.230000	0.998517
R005bc2008.H09	semibin2_2	R005bc2008.H09_semibin2_2	NEB Q5 XT 1x 150 ng (Q)	Pseudomonas aeruginosa	u50480ctg_len-27809_circular-no_depth-8-8-8_duplicated-no	0	25000	25000	68.140000	13.290000	20.230000	0.656945
R005bc2008.H09	semibin2_2	R005bc2008.H09_semibin2_2	NEB Q5 XT 1x 150 ng (Q)	Pseudomonas aeruginosa	u50528ctg_len-59755_circular-no_depth-10-10-10_duplicated-no	0	25000	25000	68.256000	19.500000	20.230000	0.963915
R005bc2008.H09	semibin2_2	R005bc2008.H09_semibin2_2	NEB Q5 XT 1x 150 ng (Q)	Pseudomonas aeruginosa	u50528ctg_len-59755_circular-no_depth-10-10-10_duplicated-no	25000	50000	25000	67.248000	15.490000	20.230000	0.765695
R005bc2008.H09	semibin2_2	R005bc2008.H09_semibin2_2	NEB Q5 XT 1x 150 ng (Q)	Pseudomonas aeruginosa	u51314ctg_len-54248_circular-no_depth-21-21-21_duplicated-no	0	25000	25000	59.124000	33.360000	20.230000	1.649036
R005bc2008.H09	semibin2_2	R005bc2008.H09_semibin2_2	NEB Q5 XT 1x 150 ng (Q)	Pseudomonas aeruginosa	u51314ctg_len-54248_circular-no_depth-21-21-21_duplicated-no	25000	50000	25000	62.284000	27.970000	20.230000	1.382600
R005bc2008.H09	semibin2_2	R005bc2008.H09_semibin2_2	NEB Q5 XT 1x 150 ng (Q)	Pseudomonas aeruginosa	u51320ctg_len-52305_circular-no_depth-17-17-17_duplicated-no	0	25000	25000	61.112000	24.890000	20.230000	1.230351
R005bc2008.H09	semibin2_2	R005bc2008.H09_semibin2_2	NEB Q5 XT 1x 150 ng (Q)	Pseudomonas aeruginosa	u51320ctg_len-52305_circular-no_depth-17-17-17_duplicated-no	25000	50000	25000	64.548000	18.010000	20.230000	0.890262
R005bc2008.H09	semibin2_2	R005bc2008.H09_semibin2_2	NEB Q5 XT 1x 150 ng (Q)	Pseudomonas aeruginosa	u52444ctg_len-84113_circular-no_depth-8-8-8_duplicated-no	0	25000	25000	66.212000	15.230000	20.230000	0.752842
R005bc2008.H09	semibin2_2	R005bc2008.H09_semibin2_2	NEB Q5 XT 1x 150 ng (Q)	Pseudomonas aeruginosa	u52444ctg_len-84113_circular-no_depth-8-8-8_duplicated-no	25000	50000	25000	67.420000	15.570000	20.230000	0.769649
R005bc2008.H09	semibin2_2	R005bc2008.H09_semibin2_2	NEB Q5 XT 1x 150 ng (Q)	Pseudomonas aeruginosa	u52444ctg_len-84113_circular-no_depth-8-8-8_duplicated-no	50000	75000	25000	66.856000	18.370000	20.230000	0.908057
R005bc2008.H09	semibin2_2	R005bc2008.H09_semibin2_2	NEB Q5 XT 1x 150 ng (Q)	Pseudomonas aeruginosa	u52465ctg_len-27799_circular-no_depth-8-8-8_duplicated-no	0	25000	25000	66.944000	13.630000	20.230000	0.673752
R005bc2008.H09	semibin2_2	R005bc2008.H09_semibin2_2	NEB Q5 XT 1x 150 ng (Q)	Pseudomonas aeruginosa	u55697ctg_len-64050_circular-no_depth-11-11-11_duplicated-no	0	25000	25000	68.376000	11.690000	20.230000	0.577855
R005bc2008.H09	semibin2_2	R005bc2008.H09_semibin2_2	NEB Q5 XT 1x 150 ng (Q)	Pseudomonas aeruginosa	u55697ctg_len-64050_circular-no_depth-11-11-11_duplicated-no	25000	50000	25000	65.752000	28.200000	20.230000	1.393969
R005bc2008.H09	semibin2_2	R005bc2008.H09_semibin2_2	NEB Q5 XT 1x 150 ng (Q)	Pseudomonas aeruginosa	u57489ctg_len-47581_circular-no_depth-5-5-5_duplicated-no	0	25000	25000	68.360000	15.810000	20.230000	0.781513
R005bc2008.H09	semibin2_2	R005bc2008.H09_semibin2_2	NEB Q5 XT 1x 150 ng (Q)	Pseudomonas aeruginosa	u57656ctg_len-439530_circular-no_depth-16-16-16_duplicated-no	0	25000	25000	66.624000	22.140000	20.230000	1.094414
R005bc2008.H09	semibin2_2	R005bc2008.H09_semibin2_2	NEB Q5 XT 1x 150 ng (Q)	Pseudomonas aeruginosa	u57656ctg_len-439530_circular-no_depth-16-16-16_duplicated-no	25000	50000	25000	67.544000	24.750000	20.230000	1.223431
R005bc2008.H09	semibin2_2	R005bc2008.H09_semibin2_2	NEB Q5 XT 1x 150 ng (Q)	Pseudomonas aeruginosa	u57656ctg_len-439530_circular-no_depth-16-16-16_duplicated-no	50000	75000	25000	66.984000	25.250000	20.230000	1.248146
R005bc2008.H09	semibin2_2	R005bc2008.H09_semibin2_2	NEB Q5 XT 1x 150 ng (Q)	Pseudomonas aeruginosa	u57656ctg_len-439530_circular-no_depth-16-16-16_duplicated-no	75000	100000	25000	64.632000	27.520000	20.230000	1.360356
R005bc2008.H09	semibin2_2	R005bc2008.H09_semibin2_2	NEB Q5 XT 1x 150 ng (Q)	Pseudomonas aeruginosa	u57656ctg_len-439530_circular-no_depth-16-16-16_duplicated-no	100000	125000	25000	65.084000	31.990000	20.230000	1.581315
R005bc2008.H09	semibin2_2	R005bc2008.H09_semibin2_2	NEB Q5 XT 1x 150 ng (Q)	Pseudomonas aeruginosa	u57656ctg_len-439530_circular-no_depth-16-16-16_duplicated-no	125000	150000	25000	64.512000	27.690000	20.230000	1.368759
R005bc2008.H09	semibin2_2	R005bc2008.H09_semibin2_2	NEB Q5 XT 1x 150 ng (Q)	Pseudomonas aeruginosa	u57656ctg_len-439530_circular-no_depth-16-16-16_duplicated-no	150000	175000	25000	61.468000	35.740000	20.230000	1.766683
R005bc2008.H09	semibin2_2	R005bc2008.H09_semibin2_2	NEB Q5 XT 1x 150 ng (Q)	Pseudomonas aeruginosa	u57656ctg_len-439530_circular-no_depth-16-16-16_duplicated-no	175000	200000	25000	62.180000	23.630000	20.230000	1.168067
R005bc2008.H09	semibin2_2	R005bc2008.H09_semibin2_2	NEB Q5 XT 1x 150 ng (Q)	Pseudomonas aeruginosa	u57656ctg_len-439530_circular-no_depth-16-16-16_duplicated-no	200000	225000	25000	63.376000	22.370000	20.230000	1.105783
R005bc2008.H09	semibin2_2	R005bc2008.H09_semibin2_2	NEB Q5 XT 1x 150 ng (Q)	Pseudomonas aeruginosa	u57656ctg_len-439530_circular-no_depth-16-16-16_duplicated-no	225000	250000	25000	66.636000	28.420000	20.230000	1.404844
R005bc2008.H09	semibin2_2	R005bc2008.H09_semibin2_2	NEB Q5 XT 1x 150 ng (Q)	Pseudomonas aeruginosa	u57656ctg_len-439530_circular-no_depth-16-16-16_duplicated-no	250000	275000	25000	65.928000	29.800000	20.230000	1.473060
R005bc2008.H09	semibin2_2	R005bc2008.H09_semibin2_2	NEB Q5 XT 1x 150 ng (Q)	Pseudomonas aeruginosa	u57656ctg_len-439530_circular-no_depth-16-16-16_duplicated-no	275000	300000	25000	66.252000	22.490000	20.230000	1.111715
R005bc2008.H09	semibin2_2	R005bc2008.H09_semibin2_2	NEB Q5 XT 1x 150 ng (Q)	Pseudomonas aeruginosa	u57656ctg_len-439530_circular-no_depth-16-16-16_duplicated-no	300000	325000	25000	66.708000	20.260000	20.230000	1.001483
R005bc2008.H09	semibin2_2	R005bc2008.H09_semibin2_2	NEB Q5 XT 1x 150 ng (Q)	Pseudomonas aeruginosa	u57656ctg_len-439530_circular-no_depth-16-16-16_duplicated-no	325000	350000	25000	64.844000	21.380000	20.230000	1.056846
R005bc2008.H09	semibin2_2	R005bc2008.H09_semibin2_2	NEB Q5 XT 1x 150 ng (Q)	Pseudomonas aeruginosa	u57656ctg_len-439530_circular-no_depth-16-16-16_duplicated-no	350000	375000	25000	65.164000	30.850000	20.230000	1.524963
R005bc2008.H09	semibin2_2	R005bc2008.H09_semibin2_2	NEB Q5 XT 1x 150 ng (Q)	Pseudomonas aeruginosa	u57656ctg_len-439530_circular-no_depth-16-16-16_duplicated-no	375000	400000	25000	63.508000	25.360000	20.230000	1.253584
R005bc2008.H09	semibin2_2	R005bc2008.H09_semibin2_2	NEB Q5 XT 1x 150 ng (Q)	Pseudomonas aeruginosa	u57656ctg_len-439530_circular-no_depth-16-16-16_duplicated-no	400000	425000	25000	65.952000	23.830000	20.230000	1.177954
R005bc2008.H09	semibin2_2	R005bc2008.H09_semibin2_2	NEB Q5 XT 1x 150 ng (Q)	Pseudomonas aeruginosa	u58560ctg_len-92255_circular-no_depth-11-11-11_duplicated-no	0	25000	25000	66.928000	14.160000	20.230000	0.699951
R005bc2008.H09	semibin2_2	R005bc2008.H09_semibin2_2	NEB Q5 XT 1x 150 ng (Q)	Pseudomonas aeruginosa	u58560ctg_len-92255_circular-no_depth-11-11-11_duplicated-no	25000	50000	25000	67.072000	15.140000	20.230000	0.748393
R005bc2008.H09	semibin2_2	R005bc2008.H09_semibin2_2	NEB Q5 XT 1x 150 ng (Q)	Pseudomonas aeruginosa	u58560ctg_len-92255_circular-no_depth-11-11-11_duplicated-no	50000	75000	25000	67.680000	18.870000	20.230000	0.932773
R005bc2008.H09	semibin2_2	R005bc2008.H09_semibin2_2	NEB Q5 XT 1x 150 ng (Q)	Pseudomonas aeruginosa	u60751ctg_len-34352_circular-no_depth-5-5-5_duplicated-no	0	25000	25000	68.636000	12.260000	20.230000	0.606031
R005bc2008.H09	semibin2_2	R005bc2008.H09_semibin2_2	NEB Q5 XT 1x 150 ng (Q)	Pseudomonas aeruginosa	u60846ctg_len-26120_circular-no_depth-8-8-8_duplicated-no	0	25000	25000	61.500000	21.910000	20.230000	1.083045
R005bc2008.H09	semibin2_2	R005bc2008.H09_semibin2_2	NEB Q5 XT 1x 150 ng (Q)	Pseudomonas aeruginosa	u61364ctg_len-30133_circular-no_depth-6-6-6_duplicated-no	0	25000	25000	68.292000	12.270000	20.230000	0.606525
R005bc2008.H09	semibin2_2	R005bc2008.H09_semibin2_2	NEB Q5 XT 1x 150 ng (Q)	Pseudomonas aeruginosa	u64956ctg_len-89231_circular-no_depth-8-8-8_duplicated-no	0	25000	25000	67.192000	12.740000	20.230000	0.629758
R005bc2008.H09	semibin2_2	R005bc2008.H09_semibin2_2	NEB Q5 XT 1x 150 ng (Q)	Pseudomonas aeruginosa	u64956ctg_len-89231_circular-no_depth-8-8-8_duplicated-no	25000	50000	25000	61.796000	16.460000	20.230000	0.813643
R005bc2008.H09	semibin2_2	R005bc2008.H09_semibin2_2	NEB Q5 XT 1x 150 ng (Q)	Pseudomonas aeruginosa	u64956ctg_len-89231_circular-no_depth-8-8-8_duplicated-no	50000	75000	25000	67.080000	13.010000	20.230000	0.643104
R005bc2008.H09	semibin2_2	R005bc2008.H09_semibin2_2	NEB Q5 XT 1x 150 ng (Q)	Pseudomonas aeruginosa	u65446ctg_len-34988_circular-no_depth-15-15-15_duplicated-no	0	25000	25000	68.064000	27.060000	20.230000	1.337617
R005bc2008.H09	semibin2_2	R005bc2008.H09_semibin2_2	NEB Q5 XT 1x 150 ng (Q)	Pseudomonas aeruginosa	u66216ctg_len-39235_circular-no_depth-12-12-12_duplicated-no	0	25000	25000	67.860000	20.040000	20.230000	0.990608
R005bc2008.H09	semibin2_2	R005bc2008.H09_semibin2_2	NEB Q5 XT 1x 150 ng (Q)	Pseudomonas aeruginosa	u6635ctg_len-214299_circular-no_depth-13-13-13_duplicated-no	0	25000	25000	65.460000	29.360000	20.230000	1.451310
R005bc2008.H09	semibin2_2	R005bc2008.H09_semibin2_2	NEB Q5 XT 1x 150 ng (Q)	Pseudomonas aeruginosa	u6635ctg_len-214299_circular-no_depth-13-13-13_duplicated-no	25000	50000	25000	66.668000	30.000000	20.230000	1.482946
R005bc2008.H09	semibin2_2	R005bc2008.H09_semibin2_2	NEB Q5 XT 1x 150 ng (Q)	Pseudomonas aeruginosa	u6635ctg_len-214299_circular-no_depth-13-13-13_duplicated-no	50000	75000	25000	66.632000	37.010000	20.230000	1.829461
R005bc2008.H09	semibin2_2	R005bc2008.H09_semibin2_2	NEB Q5 XT 1x 150 ng (Q)	Pseudomonas aeruginosa	u6635ctg_len-214299_circular-no_depth-13-13-13_duplicated-no	75000	100000	25000	66.716000	24.280000	20.230000	1.200198
R005bc2008.H09	semibin2_2	R005bc2008.H09_semibin2_2	NEB Q5 XT 1x 150 ng (Q)	Pseudomonas aeruginosa	u6635ctg_len-214299_circular-no_depth-13-13-13_duplicated-no	100000	125000	25000	65.344000	32.490000	20.230000	1.606031
R005bc2008.H09	semibin2_2	R005bc2008.H09_semibin2_2	NEB Q5 XT 1x 150 ng (Q)	Pseudomonas aeruginosa	u6635ctg_len-214299_circular-no_depth-13-13-13_duplicated-no	125000	150000	25000	65.144000	26.490000	20.230000	1.309441
R005bc2008.H09	semibin2_2	R005bc2008.H09_semibin2_2	NEB Q5 XT 1x 150 ng (Q)	Pseudomonas aeruginosa	u6635ctg_len-214299_circular-no_depth-13-13-13_duplicated-no	150000	175000	25000	67.752000	19.010000	20.230000	0.939694
R005bc2008.H09	semibin2_2	R005bc2008.H09_semibin2_2	NEB Q5 XT 1x 150 ng (Q)	Pseudomonas aeruginosa	u6635ctg_len-214299_circular-no_depth-13-13-13_duplicated-no	175000	200000	25000	66.660000	23.760000	20.230000	1.174493
R005bc2008.H09	semibin2_2	R005bc2008.H09_semibin2_2	NEB Q5 XT 1x 150 ng (Q)	Pseudomonas aeruginosa	u67243ctg_len-49668_circular-no_depth-7-7-7_duplicated-no	0	25000	25000	68.676000	10.990000	20.230000	0.543253
R005bc2008.H09	semibin2_2	R005bc2008.H09_semibin2_2	NEB Q5 XT 1x 150 ng (Q)	Pseudomonas aeruginosa	u67281ctg_len-51824_circular-no_depth-10-10-10_duplicated-no	0	25000	25000	65.176000	17.110000	20.230000	0.845774
R005bc2008.H09	semibin2_2	R005bc2008.H09_semibin2_2	NEB Q5 XT 1x 150 ng (Q)	Pseudomonas aeruginosa	u67281ctg_len-51824_circular-no_depth-10-10-10_duplicated-no	25000	50000	25000	66.016000	20.920000	20.230000	1.034108
R005bc2008.H09	semibin2_2	R005bc2008.H09_semibin2_2	NEB Q5 XT 1x 150 ng (Q)	Pseudomonas aeruginosa	u6847ctg_len-25048_circular-no_depth-6-6-6_duplicated-no	0	25000	25000	67.464000	11.540000	20.230000	0.570440
R005bc2008.H09	semibin2_2	R005bc2008.H09_semibin2_2	NEB Q5 XT 1x 150 ng (Q)	Pseudomonas aeruginosa	u68912ctg_len-55825_circular-no_depth-9-9-9_duplicated-no	0	25000	25000	67.028000	17.060000	20.230000	0.843302
R005bc2008.H09	semibin2_2	R005bc2008.H09_semibin2_2	NEB Q5 XT 1x 150 ng (Q)	Pseudomonas aeruginosa	u68912ctg_len-55825_circular-no_depth-9-9-9_duplicated-no	25000	50000	25000	68.528000	14.690000	20.230000	0.726149
R005bc2008.H09	semibin2_2	R005bc2008.H09_semibin2_2	NEB Q5 XT 1x 150 ng (Q)	Pseudomonas aeruginosa	u69061ctg_len-152896_circular-no_depth-11-11-11_duplicated-no	0	25000	25000	67.932000	15.410000	20.230000	0.761740
R005bc2008.H09	semibin2_2	R005bc2008.H09_semibin2_2	NEB Q5 XT 1x 150 ng (Q)	Pseudomonas aeruginosa	u69061ctg_len-152896_circular-no_depth-11-11-11_duplicated-no	25000	50000	25000	66.348000	22.440000	20.230000	1.109244
R005bc2008.H09	semibin2_2	R005bc2008.H09_semibin2_2	NEB Q5 XT 1x 150 ng (Q)	Pseudomonas aeruginosa	u69061ctg_len-152896_circular-no_depth-11-11-11_duplicated-no	50000	75000	25000	66.068000	23.490000	20.230000	1.161147
R005bc2008.H09	semibin2_2	R005bc2008.H09_semibin2_2	NEB Q5 XT 1x 150 ng (Q)	Pseudomonas aeruginosa	u69061ctg_len-152896_circular-no_depth-11-11-11_duplicated-no	75000	100000	25000	64.084000	26.340000	20.230000	1.302027
R005bc2008.H09	semibin2_2	R005bc2008.H09_semibin2_2	NEB Q5 XT 1x 150 ng (Q)	Pseudomonas aeruginosa	u69061ctg_len-152896_circular-no_depth-11-11-11_duplicated-no	100000	125000	25000	64.948000	19.690000	20.230000	0.973307
R005bc2008.H09	semibin2_2	R005bc2008.H09_semibin2_2	NEB Q5 XT 1x 150 ng (Q)	Pseudomonas aeruginosa	u69061ctg_len-152896_circular-no_depth-11-11-11_duplicated-no	125000	150000	25000	68.012000	14.090000	20.230000	0.696490
R005bc2008.H09	semibin2_2	R005bc2008.H09_semibin2_2	NEB Q5 XT 1x 150 ng (Q)	Pseudomonas aeruginosa	u69664ctg_len-93898_circular-no_depth-11-11-11_duplicated-no	0	25000	25000	66.924000	12.630000	20.230000	0.624320
R005bc2008.H09	semibin2_2	R005bc2008.H09_semibin2_2	NEB Q5 XT 1x 150 ng (Q)	Pseudomonas aeruginosa	u69664ctg_len-93898_circular-no_depth-11-11-11_duplicated-no	25000	50000	25000	64.412000	21.610000	20.230000	1.068216
R005bc2008.H09	semibin2_2	R005bc2008.H09_semibin2_2	NEB Q5 XT 1x 150 ng (Q)	Pseudomonas aeruginosa	u69664ctg_len-93898_circular-no_depth-11-11-11_duplicated-no	50000	75000	25000	66.480000	17.650000	20.230000	0.872467
R005bc2008.H09	semibin2_2	R005bc2008.H09_semibin2_2	NEB Q5 XT 1x 150 ng (Q)	Pseudomonas aeruginosa	u69886ctg_len-39224_circular-no_depth-9-9-9_duplicated-no	0	25000	25000	67.944000	17.630000	20.230000	0.871478
R005bc2008.H09	semibin2_2	R005bc2008.H09_semibin2_2	NEB Q5 XT 1x 150 ng (Q)	Pseudomonas aeruginosa	u70001ctg_len-52264_circular-no_depth-18-18-18_duplicated-no	0	25000	25000	67.392000	20.540000	20.230000	1.015324
R005bc2008.H09	semibin2_2	R005bc2008.H09_semibin2_2	NEB Q5 XT 1x 150 ng (Q)	Pseudomonas aeruginosa	u70001ctg_len-52264_circular-no_depth-18-18-18_duplicated-no	25000	50000	25000	65.572000	32.300000	20.230000	1.596639
R005bc2008.H09	semibin2_2	R005bc2008.H09_semibin2_2	NEB Q5 XT 1x 150 ng (Q)	Pseudomonas aeruginosa	u71522ctg_len-164673_circular-no_depth-9-9-9_duplicated-no	0	25000	25000	66.588000	22.050000	20.230000	1.089965
R005bc2008.H09	semibin2_2	R005bc2008.H09_semibin2_2	NEB Q5 XT 1x 150 ng (Q)	Pseudomonas aeruginosa	u71522ctg_len-164673_circular-no_depth-9-9-9_duplicated-no	25000	50000	25000	66.828000	22.230000	20.230000	1.098863
R005bc2008.H09	semibin2_2	R005bc2008.H09_semibin2_2	NEB Q5 XT 1x 150 ng (Q)	Pseudomonas aeruginosa	u71522ctg_len-164673_circular-no_depth-9-9-9_duplicated-no	50000	75000	25000	64.856000	31.220000	20.230000	1.543253
R005bc2008.H09	semibin2_2	R005bc2008.H09_semibin2_2	NEB Q5 XT 1x 150 ng (Q)	Pseudomonas aeruginosa	u71522ctg_len-164673_circular-no_depth-9-9-9_duplicated-no	75000	100000	25000	67.328000	17.750000	20.230000	0.877410
R005bc2008.H09	semibin2_2	R005bc2008.H09_semibin2_2	NEB Q5 XT 1x 150 ng (Q)	Pseudomonas aeruginosa	u71522ctg_len-164673_circular-no_depth-9-9-9_duplicated-no	100000	125000	25000	67.828000	24.220000	20.230000	1.197232
R005bc2008.H09	semibin2_2	R005bc2008.H09_semibin2_2	NEB Q5 XT 1x 150 ng (Q)	Pseudomonas aeruginosa	u71522ctg_len-164673_circular-no_depth-9-9-9_duplicated-no	125000	150000	25000	65.936000	21.590000	20.230000	1.067227
R005bc2008.H09	semibin2_2	R005bc2008.H09_semibin2_2	NEB Q5 XT 1x 150 ng (Q)	Pseudomonas aeruginosa	u72436ctg_len-27176_circular-no_depth-8-8-8_duplicated-no	0	25000	25000	66.964000	29.150000	20.230000	1.440929
R005bc2008.H09	semibin2_2	R005bc2008.H09_semibin2_2	NEB Q5 XT 1x 150 ng (Q)	Pseudomonas aeruginosa	u73342ctg_len-42453_circular-no_depth-9-9-9_duplicated-no	0	25000	25000	67.796000	14.870000	20.230000	0.735047
R005bc2008.H09	semibin2_2	R005bc2008.H09_semibin2_2	NEB Q5 XT 1x 150 ng (Q)	Pseudomonas aeruginosa	u73804ctg_len-32924_circular-no_depth-15-15-15_duplicated-no	0	25000	25000	66.244000	20.900000	20.230000	1.033119
R005bc2008.H09	semibin2_2	R005bc2008.H09_semibin2_2	NEB Q5 XT 1x 150 ng (Q)	Pseudomonas aeruginosa	u75219ctg_len-48464_circular-no_depth-9-9-9_duplicated-no	0	25000	25000	63.428000	18.800000	20.230000	0.929313
R005bc2008.H09	semibin2_2	R005bc2008.H09_semibin2_2	NEB Q5 XT 1x 150 ng (Q)	Pseudomonas aeruginosa	u76010ctg_len-49460_circular-no_depth-11-11-11_duplicated-no	0	25000	25000	66.696000	23.820000	20.230000	1.177459
R005bc2008.H09	semibin2_2	R005bc2008.H09_semibin2_2	NEB Q5 XT 1x 150 ng (Q)	Pseudomonas aeruginosa	u76555ctg_len-74634_circular-no_depth-14-14-14_duplicated-no	0	25000	25000	65.072000	20.680000	20.230000	1.022244
R005bc2008.H09	semibin2_2	R005bc2008.H09_semibin2_2	NEB Q5 XT 1x 150 ng (Q)	Pseudomonas aeruginosa	u76555ctg_len-74634_circular-no_depth-14-14-14_duplicated-no	25000	50000	25000	67.700000	35.690000	20.230000	1.764212
R005bc2008.H09	semibin2_2	R005bc2008.H09_semibin2_2	NEB Q5 XT 1x 150 ng (Q)	Pseudomonas aeruginosa	u78858ctg_len-27387_circular-no_depth-7-7-7_duplicated-no	0	25000	25000	65.060000	18.410000	20.230000	0.910035
R005bc2008.H09	semibin2_2	R005bc2008.H09_semibin2_2	NEB Q5 XT 1x 150 ng (Q)	Pseudomonas aeruginosa	u81202ctg_len-42151_circular-no_depth-10-10-10_duplicated-no	0	25000	25000	68.392000	14.100000	20.230000	0.696985
R005bc2008.H09	semibin2_2	R005bc2008.H09_semibin2_2	NEB Q5 XT 1x 150 ng (Q)	Pseudomonas aeruginosa	u81468ctg_len-84301_circular-no_depth-13-13-13_duplicated-no	0	25000	25000	63.272000	19.680000	20.230000	0.972813
R005bc2008.H09	semibin2_2	R005bc2008.H09_semibin2_2	NEB Q5 XT 1x 150 ng (Q)	Pseudomonas aeruginosa	u81468ctg_len-84301_circular-no_depth-13-13-13_duplicated-no	25000	50000	25000	65.836000	23.430000	20.230000	1.158181
R005bc2008.H09	semibin2_2	R005bc2008.H09_semibin2_2	NEB Q5 XT 1x 150 ng (Q)	Pseudomonas aeruginosa	u81468ctg_len-84301_circular-no_depth-13-13-13_duplicated-no	50000	75000	25000	64.872000	17.220000	20.230000	0.851211
R005bc2008.H09	semibin2_2	R005bc2008.H09_semibin2_2	NEB Q5 XT 1x 150 ng (Q)	Pseudomonas aeruginosa	u85849ctg_len-27411_circular-no_depth-4-4-4_duplicated-no	0	25000	25000	67.412000	12.390000	20.230000	0.612457
R005bc2008.H09	semibin2_2	R005bc2008.H09_semibin2_2	NEB Q5 XT 1x 150 ng (Q)	Pseudomonas aeruginosa	u88213ctg_len-37358_circular-no_depth-6-6-6_duplicated-no	0	25000	25000	68.000000	17.480000	20.230000	0.864063
R005bc2008.H09	semibin2_2	R005bc2008.H09_semibin2_2	NEB Q5 XT 1x 150 ng (Q)	Pseudomonas aeruginosa	u88916ctg_len-76573_circular-no_depth-12-12-12_duplicated-no	0	25000	25000	66.272000	13.120000	20.230000	0.648542
R005bc2008.H09	semibin2_2	R005bc2008.H09_semibin2_2	NEB Q5 XT 1x 150 ng (Q)	Pseudomonas aeruginosa	u88916ctg_len-76573_circular-no_depth-12-12-12_duplicated-no	25000	50000	25000	56.428000	29.170000	20.230000	1.441918
R005bc2008.H09	semibin2_2	R005bc2008.H09_semibin2_2	NEB Q5 XT 1x 150 ng (Q)	Pseudomonas aeruginosa	u88916ctg_len-76573_circular-no_depth-12-12-12_duplicated-no	50000	75000	25000	62.296000	26.310000	20.230000	1.300544
R005bc2008.H09	semibin2_2	R005bc2008.H09_semibin2_2	NEB Q5 XT 1x 150 ng (Q)	Pseudomonas aeruginosa	u9074ctg_len-84208_circular-no_depth-8-8-8_duplicated-no	0	25000	25000	68.732000	16.880000	20.230000	0.834404
R005bc2008.H09	semibin2_2	R005bc2008.H09_semibin2_2	NEB Q5 XT 1x 150 ng (Q)	Pseudomonas aeruginosa	u9074ctg_len-84208_circular-no_depth-8-8-8_duplicated-no	25000	50000	25000	68.364000	12.430000	20.230000	0.614434
R005bc2008.H09	semibin2_2	R005bc2008.H09_semibin2_2	NEB Q5 XT 1x 150 ng (Q)	Pseudomonas aeruginosa	u9074ctg_len-84208_circular-no_depth-8-8-8_duplicated-no	50000	75000	25000	64.108000	19.740000	20.230000	0.975779
R005bc2008.H09	semibin2_2	R005bc2008.H09_semibin2_2	NEB Q5 XT 1x 150 ng (Q)	Pseudomonas aeruginosa	u93391ctg_len-56166_circular-no_depth-13-13-13_duplicated-no	0	25000	25000	65.260000	20.930000	20.230000	1.034602
R005bc2008.H09	semibin2_2	R005bc2008.H09_semibin2_2	NEB Q5 XT 1x 150 ng (Q)	Pseudomonas aeruginosa	u93391ctg_len-56166_circular-no_depth-13-13-13_duplicated-no	25000	50000	25000	64.160000	27.000000	20.230000	1.334652
R005bc2008.H09	semibin2_2	R005bc2008.H09_semibin2_2	NEB Q5 XT 1x 150 ng (Q)	Pseudomonas aeruginosa	u95236ctg_len-32773_circular-no_depth-4-4-4_duplicated-no	0	25000	25000	67.640000	10.470000	20.230000	0.517548
R005bc2008.H09	semibin2_2	R005bc2008.H09_semibin2_2	NEB Q5 XT 1x 150 ng (Q)	Pseudomonas aeruginosa	u95722ctg_len-25273_circular-no_depth-17-17-17_duplicated-no	0	25000	25000	67.420000	25.210000	20.230000	1.246169
R005bc2008.H09	semibin2_2	R005bc2008.H09_semibin2_2	NEB Q5 XT 1x 150 ng (Q)	Pseudomonas aeruginosa	u9652ctg_len-57178_circular-no_depth-8-8-8_duplicated-no	0	25000	25000	66.708000	20.410000	20.230000	1.008898
R005bc2008.H09	semibin2_2	R005bc2008.H09_semibin2_2	NEB Q5 XT 1x 150 ng (Q)	Pseudomonas aeruginosa	u9652ctg_len-57178_circular-no_depth-8-8-8_duplicated-no	25000	50000	25000	64.496000	20.200000	20.230000	0.998517
R005bc2008.H09	semibin2_2	R005bc2008.H09_semibin2_2	NEB Q5 XT 1x 150 ng (Q)	Pseudomonas aeruginosa	u97554ctg_len-39120_circular-no_depth-16-16-16_duplicated-no	0	25000	25000	66.612000	24.410000	20.230000	1.206624
R005bc2008.H09	semibin2_2	R005bc2008.H09_semibin2_2	NEB Q5 XT 1x 150 ng (Q)	Pseudomonas aeruginosa	u97779ctg_len-54594_circular-no_depth-10-10-10_duplicated-no	0	25000	25000	64.948000	17.800000	20.230000	0.879881
R005bc2008.H09	semibin2_2	R005bc2008.H09_semibin2_2	NEB Q5 XT 1x 150 ng (Q)	Pseudomonas aeruginosa	u97779ctg_len-54594_circular-no_depth-10-10-10_duplicated-no	25000	50000	25000	65.888000	13.890000	20.230000	0.686604
R005bc2008.D10	semibin2_3	R005bc2008.D10_semibin2_3	Kura Decodifi 1x 150 ng (Q)	Pseudomonas aeruginosa	u12266ctg_len-47971_circular-no_depth-12-12-12_duplicated-no	0	25000	25000	66.844000	21.560000	23.470000	0.918620
R005bc2008.D10	semibin2_3	R005bc2008.D10_semibin2_3	Kura Decodifi 1x 150 ng (Q)	Pseudomonas aeruginosa	u13419ctg_len-27323_circular-no_depth-10-10-10_duplicated-no	0	25000	25000	65.340000	20.020000	23.470000	0.853004
R005bc2008.D10	semibin2_3	R005bc2008.D10_semibin2_3	Kura Decodifi 1x 150 ng (Q)	Pseudomonas aeruginosa	u16070ctg_len-56253_circular-no_depth-16-16-16_duplicated-no	0	25000	25000	65.060000	32.210000	23.470000	1.372390
R005bc2008.D10	semibin2_3	R005bc2008.D10_semibin2_3	Kura Decodifi 1x 150 ng (Q)	Pseudomonas aeruginosa	u16070ctg_len-56253_circular-no_depth-16-16-16_duplicated-no	25000	50000	25000	66.400000	31.380000	23.470000	1.337026
R005bc2008.D10	semibin2_3	R005bc2008.D10_semibin2_3	Kura Decodifi 1x 150 ng (Q)	Pseudomonas aeruginosa	u18195ctg_len-219008_circular-no_depth-8-8-8_duplicated-no	0	25000	25000	65.060000	18.120000	23.470000	0.772049
R005bc2008.D10	semibin2_3	R005bc2008.D10_semibin2_3	Kura Decodifi 1x 150 ng (Q)	Pseudomonas aeruginosa	u18195ctg_len-219008_circular-no_depth-8-8-8_duplicated-no	25000	50000	25000	67.636000	13.350000	23.470000	0.568811
R005bc2008.D10	semibin2_3	R005bc2008.D10_semibin2_3	Kura Decodifi 1x 150 ng (Q)	Pseudomonas aeruginosa	u18195ctg_len-219008_circular-no_depth-8-8-8_duplicated-no	50000	75000	25000	68.736000	18.980000	23.470000	0.808692
R005bc2008.D10	semibin2_3	R005bc2008.D10_semibin2_3	Kura Decodifi 1x 150 ng (Q)	Pseudomonas aeruginosa	u18195ctg_len-219008_circular-no_depth-8-8-8_duplicated-no	75000	100000	25000	68.604000	15.670000	23.470000	0.667661
R005bc2008.D10	semibin2_3	R005bc2008.D10_semibin2_3	Kura Decodifi 1x 150 ng (Q)	Pseudomonas aeruginosa	u18195ctg_len-219008_circular-no_depth-8-8-8_duplicated-no	100000	125000	25000	64.112000	14.660000	23.470000	0.624627
R005bc2008.D10	semibin2_3	R005bc2008.D10_semibin2_3	Kura Decodifi 1x 150 ng (Q)	Pseudomonas aeruginosa	u18195ctg_len-219008_circular-no_depth-8-8-8_duplicated-no	125000	150000	25000	69.084000	15.100000	23.470000	0.643375
R005bc2008.D10	semibin2_3	R005bc2008.D10_semibin2_3	Kura Decodifi 1x 150 ng (Q)	Pseudomonas aeruginosa	u18195ctg_len-219008_circular-no_depth-8-8-8_duplicated-no	150000	175000	25000	67.976000	18.190000	23.470000	0.775032
R005bc2008.D10	semibin2_3	R005bc2008.D10_semibin2_3	Kura Decodifi 1x 150 ng (Q)	Pseudomonas aeruginosa	u18195ctg_len-219008_circular-no_depth-8-8-8_duplicated-no	175000	200000	25000	69.036000	17.440000	23.470000	0.743076
R005bc2008.D10	semibin2_3	R005bc2008.D10_semibin2_3	Kura Decodifi 1x 150 ng (Q)	Pseudomonas aeruginosa	u19186ctg_len-97191_circular-no_depth-13-13-13_duplicated-no	0	25000	25000	64.300000	19.920000	23.470000	0.848743
R005bc2008.D10	semibin2_3	R005bc2008.D10_semibin2_3	Kura Decodifi 1x 150 ng (Q)	Pseudomonas aeruginosa	u19186ctg_len-97191_circular-no_depth-13-13-13_duplicated-no	25000	50000	25000	65.628000	22.520000	23.470000	0.959523
R005bc2008.D10	semibin2_3	R005bc2008.D10_semibin2_3	Kura Decodifi 1x 150 ng (Q)	Pseudomonas aeruginosa	u19186ctg_len-97191_circular-no_depth-13-13-13_duplicated-no	50000	75000	25000	63.100000	19.670000	23.470000	0.838091
R005bc2008.D10	semibin2_3	R005bc2008.D10_semibin2_3	Kura Decodifi 1x 150 ng (Q)	Pseudomonas aeruginosa	u2320ctg_len-363491_circular-no_depth-15-15-15_duplicated-no	0	25000	25000	68.584000	26.510000	23.470000	1.129527
R005bc2008.D10	semibin2_3	R005bc2008.D10_semibin2_3	Kura Decodifi 1x 150 ng (Q)	Pseudomonas aeruginosa	u2320ctg_len-363491_circular-no_depth-15-15-15_duplicated-no	25000	50000	25000	67.872000	28.340000	23.470000	1.207499
R005bc2008.D10	semibin2_3	R005bc2008.D10_semibin2_3	Kura Decodifi 1x 150 ng (Q)	Pseudomonas aeruginosa	u2320ctg_len-363491_circular-no_depth-15-15-15_duplicated-no	50000	75000	25000	67.216000	30.380000	23.470000	1.294418
R005bc2008.D10	semibin2_3	R005bc2008.D10_semibin2_3	Kura Decodifi 1x 150 ng (Q)	Pseudomonas aeruginosa	u2320ctg_len-363491_circular-no_depth-15-15-15_duplicated-no	75000	100000	25000	68.552000	26.230000	23.470000	1.117597
R005bc2008.D10	semibin2_3	R005bc2008.D10_semibin2_3	Kura Decodifi 1x 150 ng (Q)	Pseudomonas aeruginosa	u2320ctg_len-363491_circular-no_depth-15-15-15_duplicated-no	100000	125000	25000	68.004000	27.010000	23.470000	1.150831
R005bc2008.D10	semibin2_3	R005bc2008.D10_semibin2_3	Kura Decodifi 1x 150 ng (Q)	Pseudomonas aeruginosa	u2320ctg_len-363491_circular-no_depth-15-15-15_duplicated-no	125000	150000	25000	66.360000	33.140000	23.470000	1.412015
R005bc2008.D10	semibin2_3	R005bc2008.D10_semibin2_3	Kura Decodifi 1x 150 ng (Q)	Pseudomonas aeruginosa	u2320ctg_len-363491_circular-no_depth-15-15-15_duplicated-no	150000	175000	25000	68.376000	27.380000	23.470000	1.166596
R005bc2008.D10	semibin2_3	R005bc2008.D10_semibin2_3	Kura Decodifi 1x 150 ng (Q)	Pseudomonas aeruginosa	u2320ctg_len-363491_circular-no_depth-15-15-15_duplicated-no	175000	200000	25000	67.060000	29.440000	23.470000	1.254367
R005bc2008.D10	semibin2_3	R005bc2008.D10_semibin2_3	Kura Decodifi 1x 150 ng (Q)	Pseudomonas aeruginosa	u2320ctg_len-363491_circular-no_depth-15-15-15_duplicated-no	200000	225000	25000	67.520000	33.480000	23.470000	1.426502
R005bc2008.D10	semibin2_3	R005bc2008.D10_semibin2_3	Kura Decodifi 1x 150 ng (Q)	Pseudomonas aeruginosa	u2320ctg_len-363491_circular-no_depth-15-15-15_duplicated-no	225000	250000	25000	68.360000	26.920000	23.470000	1.146996
R005bc2008.D10	semibin2_3	R005bc2008.D10_semibin2_3	Kura Decodifi 1x 150 ng (Q)	Pseudomonas aeruginosa	u2320ctg_len-363491_circular-no_depth-15-15-15_duplicated-no	250000	275000	25000	66.016000	28.820000	23.470000	1.227951
R005bc2008.D10	semibin2_3	R005bc2008.D10_semibin2_3	Kura Decodifi 1x 150 ng (Q)	Pseudomonas aeruginosa	u2320ctg_len-363491_circular-no_depth-15-15-15_duplicated-no	275000	300000	25000	65.256000	34.880000	23.470000	1.486153
R005bc2008.D10	semibin2_3	R005bc2008.D10_semibin2_3	Kura Decodifi 1x 150 ng (Q)	Pseudomonas aeruginosa	u2320ctg_len-363491_circular-no_depth-15-15-15_duplicated-no	300000	325000	25000	66.816000	25.160000	23.470000	1.072007
R005bc2008.D10	semibin2_3	R005bc2008.D10_semibin2_3	Kura Decodifi 1x 150 ng (Q)	Pseudomonas aeruginosa	u2320ctg_len-363491_circular-no_depth-15-15-15_duplicated-no	325000	350000	25000	67.128000	26.240000	23.470000	1.118023
R005bc2008.D10	semibin2_3	R005bc2008.D10_semibin2_3	Kura Decodifi 1x 150 ng (Q)	Pseudomonas aeruginosa	u24582ctg_len-83978_circular-no_depth-14-14-14_duplicated-no	0	25000	25000	65.172000	31.060000	23.470000	1.323392
R005bc2008.D10	semibin2_3	R005bc2008.D10_semibin2_3	Kura Decodifi 1x 150 ng (Q)	Pseudomonas aeruginosa	u24582ctg_len-83978_circular-no_depth-14-14-14_duplicated-no	25000	50000	25000	64.620000	31.940000	23.470000	1.360886
R005bc2008.D10	semibin2_3	R005bc2008.D10_semibin2_3	Kura Decodifi 1x 150 ng (Q)	Pseudomonas aeruginosa	u24582ctg_len-83978_circular-no_depth-14-14-14_duplicated-no	50000	75000	25000	66.848000	25.230000	23.470000	1.074989
R005bc2008.D10	semibin2_3	R005bc2008.D10_semibin2_3	Kura Decodifi 1x 150 ng (Q)	Pseudomonas aeruginosa	u25264ctg_len-48810_circular-no_depth-7-7-7_duplicated-no	0	25000	25000	66.324000	17.710000	23.470000	0.754580
R005bc2008.D10	semibin2_3	R005bc2008.D10_semibin2_3	Kura Decodifi 1x 150 ng (Q)	Pseudomonas aeruginosa	u26475ctg_len-123867_circular-no_depth-8-8-8_duplicated-no	0	25000	25000	68.552000	14.930000	23.470000	0.636131
R005bc2008.D10	semibin2_3	R005bc2008.D10_semibin2_3	Kura Decodifi 1x 150 ng (Q)	Pseudomonas aeruginosa	u26475ctg_len-123867_circular-no_depth-8-8-8_duplicated-no	25000	50000	25000	70.508000	15.860000	23.470000	0.675756
R005bc2008.D10	semibin2_3	R005bc2008.D10_semibin2_3	Kura Decodifi 1x 150 ng (Q)	Pseudomonas aeruginosa	u26475ctg_len-123867_circular-no_depth-8-8-8_duplicated-no	50000	75000	25000	68.972000	15.760000	23.470000	0.671496
R005bc2008.D10	semibin2_3	R005bc2008.D10_semibin2_3	Kura Decodifi 1x 150 ng (Q)	Pseudomonas aeruginosa	u26475ctg_len-123867_circular-no_depth-8-8-8_duplicated-no	75000	100000	25000	66.536000	21.380000	23.470000	0.910950
R005bc2008.D10	semibin2_3	R005bc2008.D10_semibin2_3	Kura Decodifi 1x 150 ng (Q)	Pseudomonas aeruginosa	u28082ctg_len-42260_circular-no_depth-16-16-16_duplicated-no	0	25000	25000	68.048000	28.980000	23.470000	1.234768
R005bc2008.D10	semibin2_3	R005bc2008.D10_semibin2_3	Kura Decodifi 1x 150 ng (Q)	Pseudomonas aeruginosa	u28589ctg_len-41842_circular-no_depth-10-10-10_duplicated-no	0	25000	25000	67.312000	17.000000	23.470000	0.724329
R005bc2008.D10	semibin2_3	R005bc2008.D10_semibin2_3	Kura Decodifi 1x 150 ng (Q)	Pseudomonas aeruginosa	u34667ctg_len-39420_circular-no_depth-12-12-12_duplicated-no	0	25000	25000	68.336000	24.690000	23.470000	1.051981
R005bc2008.D10	semibin2_3	R005bc2008.D10_semibin2_3	Kura Decodifi 1x 150 ng (Q)	Pseudomonas aeruginosa	u34689ctg_len-32281_circular-no_depth-9-9-9_duplicated-no	0	25000	25000	66.728000	20.840000	23.470000	0.887942
R005bc2008.D10	semibin2_3	R005bc2008.D10_semibin2_3	Kura Decodifi 1x 150 ng (Q)	Pseudomonas aeruginosa	u35444ctg_len-71201_circular-no_depth-17-17-17_duplicated-no	0	25000	25000	68.396000	19.770000	23.470000	0.842352
R005bc2008.D10	semibin2_3	R005bc2008.D10_semibin2_3	Kura Decodifi 1x 150 ng (Q)	Pseudomonas aeruginosa	u35444ctg_len-71201_circular-no_depth-17-17-17_duplicated-no	25000	50000	25000	65.640000	30.400000	23.470000	1.295271
R005bc2008.D10	semibin2_3	R005bc2008.D10_semibin2_3	Kura Decodifi 1x 150 ng (Q)	Pseudomonas aeruginosa	u37445ctg_len-59388_circular-no_depth-10-10-10_duplicated-no	0	25000	25000	66.732000	20.540000	23.470000	0.875160
R005bc2008.D10	semibin2_3	R005bc2008.D10_semibin2_3	Kura Decodifi 1x 150 ng (Q)	Pseudomonas aeruginosa	u37445ctg_len-59388_circular-no_depth-10-10-10_duplicated-no	25000	50000	25000	69.112000	16.420000	23.470000	0.699617
R005bc2008.D10	semibin2_3	R005bc2008.D10_semibin2_3	Kura Decodifi 1x 150 ng (Q)	Pseudomonas aeruginosa	u38545ctg_len-51264_circular-no_depth-21-21-21_duplicated-no	0	25000	25000	62.432000	31.400000	23.470000	1.337878
R005bc2008.D10	semibin2_3	R005bc2008.D10_semibin2_3	Kura Decodifi 1x 150 ng (Q)	Pseudomonas aeruginosa	u38545ctg_len-51264_circular-no_depth-21-21-21_duplicated-no	25000	50000	25000	66.236000	33.360000	23.470000	1.421389
R005bc2008.D10	semibin2_3	R005bc2008.D10_semibin2_3	Kura Decodifi 1x 150 ng (Q)	Pseudomonas aeruginosa	u49881ctg_len-68902_circular-no_depth-9-9-9_duplicated-no	0	25000	25000	68.500000	14.690000	23.470000	0.625905
R005bc2008.D10	semibin2_3	R005bc2008.D10_semibin2_3	Kura Decodifi 1x 150 ng (Q)	Pseudomonas aeruginosa	u49881ctg_len-68902_circular-no_depth-9-9-9_duplicated-no	25000	50000	25000	69.356000	16.040000	23.470000	0.683426
R005bc2008.D10	semibin2_3	R005bc2008.D10_semibin2_3	Kura Decodifi 1x 150 ng (Q)	Pseudomonas aeruginosa	u51221ctg_len-399146_circular-no_depth-13-13-13_duplicated-no	0	25000	25000	62.228000	37.270000	23.470000	1.587985
R005bc2008.D10	semibin2_3	R005bc2008.D10_semibin2_3	Kura Decodifi 1x 150 ng (Q)	Pseudomonas aeruginosa	u51221ctg_len-399146_circular-no_depth-13-13-13_duplicated-no	25000	50000	25000	60.112000	22.110000	23.470000	0.942054
R005bc2008.D10	semibin2_3	R005bc2008.D10_semibin2_3	Kura Decodifi 1x 150 ng (Q)	Pseudomonas aeruginosa	u51221ctg_len-399146_circular-no_depth-13-13-13_duplicated-no	50000	75000	25000	66.872000	31.090000	23.470000	1.324670
R005bc2008.D10	semibin2_3	R005bc2008.D10_semibin2_3	Kura Decodifi 1x 150 ng (Q)	Pseudomonas aeruginosa	u51221ctg_len-399146_circular-no_depth-13-13-13_duplicated-no	75000	100000	25000	65.720000	21.910000	23.470000	0.933532
R005bc2008.D10	semibin2_3	R005bc2008.D10_semibin2_3	Kura Decodifi 1x 150 ng (Q)	Pseudomonas aeruginosa	u51221ctg_len-399146_circular-no_depth-13-13-13_duplicated-no	100000	125000	25000	66.308000	29.720000	23.470000	1.266297
R005bc2008.D10	semibin2_3	R005bc2008.D10_semibin2_3	Kura Decodifi 1x 150 ng (Q)	Pseudomonas aeruginosa	u51221ctg_len-399146_circular-no_depth-13-13-13_duplicated-no	125000	150000	25000	66.936000	25.300000	23.470000	1.077972
R005bc2008.D10	semibin2_3	R005bc2008.D10_semibin2_3	Kura Decodifi 1x 150 ng (Q)	Pseudomonas aeruginosa	u51221ctg_len-399146_circular-no_depth-13-13-13_duplicated-no	150000	175000	25000	65.332000	29.950000	23.470000	1.276097
R005bc2008.D10	semibin2_3	R005bc2008.D10_semibin2_3	Kura Decodifi 1x 150 ng (Q)	Pseudomonas aeruginosa	u51221ctg_len-399146_circular-no_depth-13-13-13_duplicated-no	175000	200000	25000	64.772000	27.250000	23.470000	1.161057
R005bc2008.D10	semibin2_3	R005bc2008.D10_semibin2_3	Kura Decodifi 1x 150 ng (Q)	Pseudomonas aeruginosa	u51221ctg_len-399146_circular-no_depth-13-13-13_duplicated-no	200000	225000	25000	63.832000	25.000000	23.470000	1.065190
R005bc2008.D10	semibin2_3	R005bc2008.D10_semibin2_3	Kura Decodifi 1x 150 ng (Q)	Pseudomonas aeruginosa	u51221ctg_len-399146_circular-no_depth-13-13-13_duplicated-no	225000	250000	25000	65.792000	28.880000	23.470000	1.230507
R005bc2008.D10	semibin2_3	R005bc2008.D10_semibin2_3	Kura Decodifi 1x 150 ng (Q)	Pseudomonas aeruginosa	u51221ctg_len-399146_circular-no_depth-13-13-13_duplicated-no	250000	275000	25000	66.812000	24.560000	23.470000	1.046442
R005bc2008.D10	semibin2_3	R005bc2008.D10_semibin2_3	Kura Decodifi 1x 150 ng (Q)	Pseudomonas aeruginosa	u51221ctg_len-399146_circular-no_depth-13-13-13_duplicated-no	275000	300000	25000	64.972000	23.470000	23.470000	1.000000
R005bc2008.D10	semibin2_3	R005bc2008.D10_semibin2_3	Kura Decodifi 1x 150 ng (Q)	Pseudomonas aeruginosa	u51221ctg_len-399146_circular-no_depth-13-13-13_duplicated-no	300000	325000	25000	64.364000	26.200000	23.470000	1.116319
R005bc2008.D10	semibin2_3	R005bc2008.D10_semibin2_3	Kura Decodifi 1x 150 ng (Q)	Pseudomonas aeruginosa	u51221ctg_len-399146_circular-no_depth-13-13-13_duplicated-no	325000	350000	25000	65.284000	23.820000	23.470000	1.014913
R005bc2008.D10	semibin2_3	R005bc2008.D10_semibin2_3	Kura Decodifi 1x 150 ng (Q)	Pseudomonas aeruginosa	u51221ctg_len-399146_circular-no_depth-13-13-13_duplicated-no	350000	375000	25000	65.524000	18.760000	23.470000	0.799318
R005bc2008.D10	semibin2_3	R005bc2008.D10_semibin2_3	Kura Decodifi 1x 150 ng (Q)	Pseudomonas aeruginosa	u55659ctg_len-103123_circular-no_depth-11-11-11_duplicated-no	0	25000	25000	63.232000	17.540000	23.470000	0.747337
R005bc2008.D10	semibin2_3	R005bc2008.D10_semibin2_3	Kura Decodifi 1x 150 ng (Q)	Pseudomonas aeruginosa	u55659ctg_len-103123_circular-no_depth-11-11-11_duplicated-no	25000	50000	25000	65.916000	16.090000	23.470000	0.685556
R005bc2008.D10	semibin2_3	R005bc2008.D10_semibin2_3	Kura Decodifi 1x 150 ng (Q)	Pseudomonas aeruginosa	u55659ctg_len-103123_circular-no_depth-11-11-11_duplicated-no	50000	75000	25000	64.944000	18.160000	23.470000	0.773754
R005bc2008.D10	semibin2_3	R005bc2008.D10_semibin2_3	Kura Decodifi 1x 150 ng (Q)	Pseudomonas aeruginosa	u55659ctg_len-103123_circular-no_depth-11-11-11_duplicated-no	75000	100000	25000	65.160000	18.500000	23.470000	0.788240
R005bc2008.D10	semibin2_3	R005bc2008.D10_semibin2_3	Kura Decodifi 1x 150 ng (Q)	Pseudomonas aeruginosa	u57637ctg_len-104496_circular-no_depth-9-9-9_duplicated-no	0	25000	25000	66.784000	22.610000	23.470000	0.963357
R005bc2008.D10	semibin2_3	R005bc2008.D10_semibin2_3	Kura Decodifi 1x 150 ng (Q)	Pseudomonas aeruginosa	u57637ctg_len-104496_circular-no_depth-9-9-9_duplicated-no	25000	50000	25000	67.136000	17.320000	23.470000	0.737963
R005bc2008.D10	semibin2_3	R005bc2008.D10_semibin2_3	Kura Decodifi 1x 150 ng (Q)	Pseudomonas aeruginosa	u57637ctg_len-104496_circular-no_depth-9-9-9_duplicated-no	50000	75000	25000	67.928000	23.190000	23.470000	0.988070
R005bc2008.D10	semibin2_3	R005bc2008.D10_semibin2_3	Kura Decodifi 1x 150 ng (Q)	Pseudomonas aeruginosa	u57637ctg_len-104496_circular-no_depth-9-9-9_duplicated-no	75000	100000	25000	64.084000	21.070000	23.470000	0.897742
R005bc2008.D10	semibin2_3	R005bc2008.D10_semibin2_3	Kura Decodifi 1x 150 ng (Q)	Pseudomonas aeruginosa	u57683ctg_len-110666_circular-no_depth-9-9-9_duplicated-no	0	25000	25000	69.156000	20.400000	23.470000	0.869195
R005bc2008.D10	semibin2_3	R005bc2008.D10_semibin2_3	Kura Decodifi 1x 150 ng (Q)	Pseudomonas aeruginosa	u57683ctg_len-110666_circular-no_depth-9-9-9_duplicated-no	25000	50000	25000	68.576000	18.390000	23.470000	0.783553
R005bc2008.D10	semibin2_3	R005bc2008.D10_semibin2_3	Kura Decodifi 1x 150 ng (Q)	Pseudomonas aeruginosa	u57683ctg_len-110666_circular-no_depth-9-9-9_duplicated-no	50000	75000	25000	67.944000	17.500000	23.470000	0.745633
R005bc2008.D10	semibin2_3	R005bc2008.D10_semibin2_3	Kura Decodifi 1x 150 ng (Q)	Pseudomonas aeruginosa	u57683ctg_len-110666_circular-no_depth-9-9-9_duplicated-no	75000	100000	25000	67.500000	13.810000	23.470000	0.588411
R005bc2008.D10	semibin2_3	R005bc2008.D10_semibin2_3	Kura Decodifi 1x 150 ng (Q)	Pseudomonas aeruginosa	u58306ctg_len-48511_circular-no_depth-10-10-10_duplicated-no	0	25000	25000	67.552000	21.170000	23.470000	0.902003
R005bc2008.D10	semibin2_3	R005bc2008.D10_semibin2_3	Kura Decodifi 1x 150 ng (Q)	Pseudomonas aeruginosa	u61020ctg_len-32900_circular-no_depth-7-7-7_duplicated-no	0	25000	25000	68.580000	16.770000	23.470000	0.714529
R005bc2008.D10	semibin2_3	R005bc2008.D10_semibin2_3	Kura Decodifi 1x 150 ng (Q)	Pseudomonas aeruginosa	u61528ctg_len-91853_circular-no_depth-9-9-9_duplicated-no	0	25000	25000	68.200000	21.350000	23.470000	0.909672
R005bc2008.D10	semibin2_3	R005bc2008.D10_semibin2_3	Kura Decodifi 1x 150 ng (Q)	Pseudomonas aeruginosa	u61528ctg_len-91853_circular-no_depth-9-9-9_duplicated-no	25000	50000	25000	67.204000	16.510000	23.470000	0.703451
R005bc2008.D10	semibin2_3	R005bc2008.D10_semibin2_3	Kura Decodifi 1x 150 ng (Q)	Pseudomonas aeruginosa	u61528ctg_len-91853_circular-no_depth-9-9-9_duplicated-no	50000	75000	25000	66.100000	16.490000	23.470000	0.702599
R005bc2008.D10	semibin2_3	R005bc2008.D10_semibin2_3	Kura Decodifi 1x 150 ng (Q)	Pseudomonas aeruginosa	u62509ctg_len-58967_circular-no_depth-8-8-8_duplicated-no	0	25000	25000	68.288000	19.070000	23.470000	0.812527
R005bc2008.D10	semibin2_3	R005bc2008.D10_semibin2_3	Kura Decodifi 1x 150 ng (Q)	Pseudomonas aeruginosa	u62509ctg_len-58967_circular-no_depth-8-8-8_duplicated-no	25000	50000	25000	63.156000	18.530000	23.470000	0.789519
R005bc2008.D10	semibin2_3	R005bc2008.D10_semibin2_3	Kura Decodifi 1x 150 ng (Q)	Pseudomonas aeruginosa	u63703ctg_len-284182_circular-no_depth-11-11-11_duplicated-no	0	25000	25000	67.584000	19.340000	23.470000	0.824031
R005bc2008.D10	semibin2_3	R005bc2008.D10_semibin2_3	Kura Decodifi 1x 150 ng (Q)	Pseudomonas aeruginosa	u63703ctg_len-284182_circular-no_depth-11-11-11_duplicated-no	25000	50000	25000	66.672000	19.390000	23.470000	0.826161
R005bc2008.D10	semibin2_3	R005bc2008.D10_semibin2_3	Kura Decodifi 1x 150 ng (Q)	Pseudomonas aeruginosa	u63703ctg_len-284182_circular-no_depth-11-11-11_duplicated-no	50000	75000	25000	68.616000	24.490000	23.470000	1.043460
R005bc2008.D10	semibin2_3	R005bc2008.D10_semibin2_3	Kura Decodifi 1x 150 ng (Q)	Pseudomonas aeruginosa	u63703ctg_len-284182_circular-no_depth-11-11-11_duplicated-no	75000	100000	25000	67.772000	23.580000	23.470000	1.004687
R005bc2008.D10	semibin2_3	R005bc2008.D10_semibin2_3	Kura Decodifi 1x 150 ng (Q)	Pseudomonas aeruginosa	u63703ctg_len-284182_circular-no_depth-11-11-11_duplicated-no	100000	125000	25000	64.860000	23.730000	23.470000	1.011078
R005bc2008.D10	semibin2_3	R005bc2008.D10_semibin2_3	Kura Decodifi 1x 150 ng (Q)	Pseudomonas aeruginosa	u63703ctg_len-284182_circular-no_depth-11-11-11_duplicated-no	125000	150000	25000	66.684000	22.590000	23.470000	0.962505
R005bc2008.D10	semibin2_3	R005bc2008.D10_semibin2_3	Kura Decodifi 1x 150 ng (Q)	Pseudomonas aeruginosa	u63703ctg_len-284182_circular-no_depth-11-11-11_duplicated-no	150000	175000	25000	65.948000	21.470000	23.470000	0.914785
R005bc2008.D10	semibin2_3	R005bc2008.D10_semibin2_3	Kura Decodifi 1x 150 ng (Q)	Pseudomonas aeruginosa	u63703ctg_len-284182_circular-no_depth-11-11-11_duplicated-no	175000	200000	25000	66.492000	16.220000	23.470000	0.691095
R005bc2008.D10	semibin2_3	R005bc2008.D10_semibin2_3	Kura Decodifi 1x 150 ng (Q)	Pseudomonas aeruginosa	u63703ctg_len-284182_circular-no_depth-11-11-11_duplicated-no	200000	225000	25000	67.108000	19.510000	23.470000	0.831274
R005bc2008.D10	semibin2_3	R005bc2008.D10_semibin2_3	Kura Decodifi 1x 150 ng (Q)	Pseudomonas aeruginosa	u63703ctg_len-284182_circular-no_depth-11-11-11_duplicated-no	225000	250000	25000	66.800000	21.600000	23.470000	0.920324
R005bc2008.D10	semibin2_3	R005bc2008.D10_semibin2_3	Kura Decodifi 1x 150 ng (Q)	Pseudomonas aeruginosa	u63703ctg_len-284182_circular-no_depth-11-11-11_duplicated-no	250000	275000	25000	53.024000	30.150000	23.470000	1.284619
R005bc2008.D10	semibin2_3	R005bc2008.D10_semibin2_3	Kura Decodifi 1x 150 ng (Q)	Pseudomonas aeruginosa	u66310ctg_len-200644_circular-no_depth-9-9-9_duplicated-no	0	25000	25000	68.560000	15.790000	23.470000	0.672774
R005bc2008.D10	semibin2_3	R005bc2008.D10_semibin2_3	Kura Decodifi 1x 150 ng (Q)	Pseudomonas aeruginosa	u66310ctg_len-200644_circular-no_depth-9-9-9_duplicated-no	25000	50000	25000	67.044000	14.580000	23.470000	0.621219
R005bc2008.D10	semibin2_3	R005bc2008.D10_semibin2_3	Kura Decodifi 1x 150 ng (Q)	Pseudomonas aeruginosa	u66310ctg_len-200644_circular-no_depth-9-9-9_duplicated-no	50000	75000	25000	66.732000	21.500000	23.470000	0.916063
R005bc2008.D10	semibin2_3	R005bc2008.D10_semibin2_3	Kura Decodifi 1x 150 ng (Q)	Pseudomonas aeruginosa	u66310ctg_len-200644_circular-no_depth-9-9-9_duplicated-no	75000	100000	25000	64.408000	18.420000	23.470000	0.784832
R005bc2008.D10	semibin2_3	R005bc2008.D10_semibin2_3	Kura Decodifi 1x 150 ng (Q)	Pseudomonas aeruginosa	u66310ctg_len-200644_circular-no_depth-9-9-9_duplicated-no	100000	125000	25000	65.616000	19.480000	23.470000	0.829996
R005bc2008.D10	semibin2_3	R005bc2008.D10_semibin2_3	Kura Decodifi 1x 150 ng (Q)	Pseudomonas aeruginosa	u66310ctg_len-200644_circular-no_depth-9-9-9_duplicated-no	125000	150000	25000	63.048000	24.690000	23.470000	1.051981
R005bc2008.D10	semibin2_3	R005bc2008.D10_semibin2_3	Kura Decodifi 1x 150 ng (Q)	Pseudomonas aeruginosa	u66310ctg_len-200644_circular-no_depth-9-9-9_duplicated-no	150000	175000	25000	65.828000	18.200000	23.470000	0.775458
R005bc2008.D10	semibin2_3	R005bc2008.D10_semibin2_3	Kura Decodifi 1x 150 ng (Q)	Pseudomonas aeruginosa	u66310ctg_len-200644_circular-no_depth-9-9-9_duplicated-no	175000	200000	25000	66.612000	18.270000	23.470000	0.778441
R005bc2008.D10	semibin2_3	R005bc2008.D10_semibin2_3	Kura Decodifi 1x 150 ng (Q)	Pseudomonas aeruginosa	u66763ctg_len-356597_circular-no_depth-12-12-12_duplicated-no	0	25000	25000	68.356000	19.410000	23.470000	0.827013
R005bc2008.D10	semibin2_3	R005bc2008.D10_semibin2_3	Kura Decodifi 1x 150 ng (Q)	Pseudomonas aeruginosa	u66763ctg_len-356597_circular-no_depth-12-12-12_duplicated-no	25000	50000	25000	66.756000	20.330000	23.470000	0.866212
R005bc2008.D10	semibin2_3	R005bc2008.D10_semibin2_3	Kura Decodifi 1x 150 ng (Q)	Pseudomonas aeruginosa	u66763ctg_len-356597_circular-no_depth-12-12-12_duplicated-no	50000	75000	25000	67.208000	18.310000	23.470000	0.780145
R005bc2008.D10	semibin2_3	R005bc2008.D10_semibin2_3	Kura Decodifi 1x 150 ng (Q)	Pseudomonas aeruginosa	u66763ctg_len-356597_circular-no_depth-12-12-12_duplicated-no	75000	100000	25000	63.728000	20.020000	23.470000	0.853004
R005bc2008.D10	semibin2_3	R005bc2008.D10_semibin2_3	Kura Decodifi 1x 150 ng (Q)	Pseudomonas aeruginosa	u66763ctg_len-356597_circular-no_depth-12-12-12_duplicated-no	100000	125000	25000	67.316000	17.550000	23.470000	0.747763
R005bc2008.D10	semibin2_3	R005bc2008.D10_semibin2_3	Kura Decodifi 1x 150 ng (Q)	Pseudomonas aeruginosa	u66763ctg_len-356597_circular-no_depth-12-12-12_duplicated-no	125000	150000	25000	66.056000	20.300000	23.470000	0.864934
R005bc2008.D10	semibin2_3	R005bc2008.D10_semibin2_3	Kura Decodifi 1x 150 ng (Q)	Pseudomonas aeruginosa	u66763ctg_len-356597_circular-no_depth-12-12-12_duplicated-no	150000	175000	25000	65.536000	23.370000	23.470000	0.995739
R005bc2008.D10	semibin2_3	R005bc2008.D10_semibin2_3	Kura Decodifi 1x 150 ng (Q)	Pseudomonas aeruginosa	u66763ctg_len-356597_circular-no_depth-12-12-12_duplicated-no	175000	200000	25000	67.620000	25.850000	23.470000	1.101406
R005bc2008.D10	semibin2_3	R005bc2008.D10_semibin2_3	Kura Decodifi 1x 150 ng (Q)	Pseudomonas aeruginosa	u66763ctg_len-356597_circular-no_depth-12-12-12_duplicated-no	200000	225000	25000	66.276000	23.730000	23.470000	1.011078
R005bc2008.D10	semibin2_3	R005bc2008.D10_semibin2_3	Kura Decodifi 1x 150 ng (Q)	Pseudomonas aeruginosa	u66763ctg_len-356597_circular-no_depth-12-12-12_duplicated-no	225000	250000	25000	65.888000	21.260000	23.470000	0.905837
R005bc2008.D10	semibin2_3	R005bc2008.D10_semibin2_3	Kura Decodifi 1x 150 ng (Q)	Pseudomonas aeruginosa	u66763ctg_len-356597_circular-no_depth-12-12-12_duplicated-no	250000	275000	25000	58.196000	24.100000	23.470000	1.026843
R005bc2008.D10	semibin2_3	R005bc2008.D10_semibin2_3	Kura Decodifi 1x 150 ng (Q)	Pseudomonas aeruginosa	u66763ctg_len-356597_circular-no_depth-12-12-12_duplicated-no	275000	300000	25000	63.112000	24.420000	23.470000	1.040477
R005bc2008.D10	semibin2_3	R005bc2008.D10_semibin2_3	Kura Decodifi 1x 150 ng (Q)	Pseudomonas aeruginosa	u66763ctg_len-356597_circular-no_depth-12-12-12_duplicated-no	300000	325000	25000	64.512000	26.230000	23.470000	1.117597
R005bc2008.D10	semibin2_3	R005bc2008.D10_semibin2_3	Kura Decodifi 1x 150 ng (Q)	Pseudomonas aeruginosa	u66763ctg_len-356597_circular-no_depth-12-12-12_duplicated-no	325000	350000	25000	65.420000	23.250000	23.470000	0.990626
R005bc2008.D10	semibin2_3	R005bc2008.D10_semibin2_3	Kura Decodifi 1x 150 ng (Q)	Pseudomonas aeruginosa	u66868ctg_len-95120_circular-no_depth-15-15-15_duplicated-no	0	25000	25000	67.800000	24.680000	23.470000	1.051555
R005bc2008.D10	semibin2_3	R005bc2008.D10_semibin2_3	Kura Decodifi 1x 150 ng (Q)	Pseudomonas aeruginosa	u66868ctg_len-95120_circular-no_depth-15-15-15_duplicated-no	25000	50000	25000	68.424000	25.020000	23.470000	1.066042
R005bc2008.D10	semibin2_3	R005bc2008.D10_semibin2_3	Kura Decodifi 1x 150 ng (Q)	Pseudomonas aeruginosa	u66868ctg_len-95120_circular-no_depth-15-15-15_duplicated-no	50000	75000	25000	68.228000	26.660000	23.470000	1.135918
R005bc2008.D10	semibin2_3	R005bc2008.D10_semibin2_3	Kura Decodifi 1x 150 ng (Q)	Pseudomonas aeruginosa	u69905ctg_len-136009_circular-no_depth-9-9-9_duplicated-no	0	25000	25000	65.544000	17.690000	23.470000	0.753728
R005bc2008.D10	semibin2_3	R005bc2008.D10_semibin2_3	Kura Decodifi 1x 150 ng (Q)	Pseudomonas aeruginosa	u69905ctg_len-136009_circular-no_depth-9-9-9_duplicated-no	25000	50000	25000	67.908000	19.920000	23.470000	0.848743
R005bc2008.D10	semibin2_3	R005bc2008.D10_semibin2_3	Kura Decodifi 1x 150 ng (Q)	Pseudomonas aeruginosa	u69905ctg_len-136009_circular-no_depth-9-9-9_duplicated-no	50000	75000	25000	67.240000	19.680000	23.470000	0.838517
R005bc2008.D10	semibin2_3	R005bc2008.D10_semibin2_3	Kura Decodifi 1x 150 ng (Q)	Pseudomonas aeruginosa	u69905ctg_len-136009_circular-no_depth-9-9-9_duplicated-no	75000	100000	25000	65.444000	18.850000	23.470000	0.803153
R005bc2008.D10	semibin2_3	R005bc2008.D10_semibin2_3	Kura Decodifi 1x 150 ng (Q)	Pseudomonas aeruginosa	u69905ctg_len-136009_circular-no_depth-9-9-9_duplicated-no	100000	125000	25000	66.804000	17.330000	23.470000	0.738389
R005bc2008.D10	semibin2_3	R005bc2008.D10_semibin2_3	Kura Decodifi 1x 150 ng (Q)	Pseudomonas aeruginosa	u74868ctg_len-235454_circular-no_depth-13-13-13_duplicated-no	0	25000	25000	68.680000	23.070000	23.470000	0.982957
R005bc2008.D10	semibin2_3	R005bc2008.D10_semibin2_3	Kura Decodifi 1x 150 ng (Q)	Pseudomonas aeruginosa	u74868ctg_len-235454_circular-no_depth-13-13-13_duplicated-no	25000	50000	25000	67.552000	21.510000	23.470000	0.916489
R005bc2008.D10	semibin2_3	R005bc2008.D10_semibin2_3	Kura Decodifi 1x 150 ng (Q)	Pseudomonas aeruginosa	u74868ctg_len-235454_circular-no_depth-13-13-13_duplicated-no	50000	75000	25000	65.836000	27.860000	23.470000	1.187047
R005bc2008.D10	semibin2_3	R005bc2008.D10_semibin2_3	Kura Decodifi 1x 150 ng (Q)	Pseudomonas aeruginosa	u74868ctg_len-235454_circular-no_depth-13-13-13_duplicated-no	75000	100000	25000	65.176000	24.800000	23.470000	1.056668
R005bc2008.D10	semibin2_3	R005bc2008.D10_semibin2_3	Kura Decodifi 1x 150 ng (Q)	Pseudomonas aeruginosa	u74868ctg_len-235454_circular-no_depth-13-13-13_duplicated-no	100000	125000	25000	66.264000	27.670000	23.470000	1.178952
R005bc2008.D10	semibin2_3	R005bc2008.D10_semibin2_3	Kura Decodifi 1x 150 ng (Q)	Pseudomonas aeruginosa	u74868ctg_len-235454_circular-no_depth-13-13-13_duplicated-no	125000	150000	25000	67.900000	23.030000	23.470000	0.981253
R005bc2008.D10	semibin2_3	R005bc2008.D10_semibin2_3	Kura Decodifi 1x 150 ng (Q)	Pseudomonas aeruginosa	u74868ctg_len-235454_circular-no_depth-13-13-13_duplicated-no	150000	175000	25000	66.856000	24.160000	23.470000	1.029399
R005bc2008.D10	semibin2_3	R005bc2008.D10_semibin2_3	Kura Decodifi 1x 150 ng (Q)	Pseudomonas aeruginosa	u74868ctg_len-235454_circular-no_depth-13-13-13_duplicated-no	175000	200000	25000	65.888000	24.770000	23.470000	1.055390
R005bc2008.D10	semibin2_3	R005bc2008.D10_semibin2_3	Kura Decodifi 1x 150 ng (Q)	Pseudomonas aeruginosa	u74868ctg_len-235454_circular-no_depth-13-13-13_duplicated-no	200000	225000	25000	67.168000	22.760000	23.470000	0.969749
R005bc2008.D10	semibin2_3	R005bc2008.D10_semibin2_3	Kura Decodifi 1x 150 ng (Q)	Pseudomonas aeruginosa	u77041ctg_len-40323_circular-no_depth-10-10-10_duplicated-no	0	25000	25000	68.652000	17.970000	23.470000	0.765658
R005bc2008.D10	semibin2_3	R005bc2008.D10_semibin2_3	Kura Decodifi 1x 150 ng (Q)	Pseudomonas aeruginosa	u77507ctg_len-180671_circular-no_depth-11-11-11_duplicated-no	0	25000	25000	66.652000	27.460000	23.470000	1.170004
R005bc2008.D10	semibin2_3	R005bc2008.D10_semibin2_3	Kura Decodifi 1x 150 ng (Q)	Pseudomonas aeruginosa	u77507ctg_len-180671_circular-no_depth-11-11-11_duplicated-no	25000	50000	25000	66.100000	24.070000	23.470000	1.025565
R005bc2008.D10	semibin2_3	R005bc2008.D10_semibin2_3	Kura Decodifi 1x 150 ng (Q)	Pseudomonas aeruginosa	u77507ctg_len-180671_circular-no_depth-11-11-11_duplicated-no	50000	75000	25000	67.652000	23.220000	23.470000	0.989348
R005bc2008.D10	semibin2_3	R005bc2008.D10_semibin2_3	Kura Decodifi 1x 150 ng (Q)	Pseudomonas aeruginosa	u77507ctg_len-180671_circular-no_depth-11-11-11_duplicated-no	75000	100000	25000	65.492000	26.340000	23.470000	1.122284
R005bc2008.D10	semibin2_3	R005bc2008.D10_semibin2_3	Kura Decodifi 1x 150 ng (Q)	Pseudomonas aeruginosa	u77507ctg_len-180671_circular-no_depth-11-11-11_duplicated-no	100000	125000	25000	68.688000	24.360000	23.470000	1.037921
R005bc2008.D10	semibin2_3	R005bc2008.D10_semibin2_3	Kura Decodifi 1x 150 ng (Q)	Pseudomonas aeruginosa	u77507ctg_len-180671_circular-no_depth-11-11-11_duplicated-no	125000	150000	25000	67.364000	21.560000	23.470000	0.918620
R005bc2008.D10	semibin2_3	R005bc2008.D10_semibin2_3	Kura Decodifi 1x 150 ng (Q)	Pseudomonas aeruginosa	u77507ctg_len-180671_circular-no_depth-11-11-11_duplicated-no	150000	175000	25000	69.472000	20.590000	23.470000	0.877290
R005bc2008.D10	semibin2_3	R005bc2008.D10_semibin2_3	Kura Decodifi 1x 150 ng (Q)	Pseudomonas aeruginosa	u78703ctg_len-463013_circular-no_depth-14-14-14_duplicated-no	0	25000	25000	66.148000	26.760000	23.470000	1.140179
R005bc2008.D10	semibin2_3	R005bc2008.D10_semibin2_3	Kura Decodifi 1x 150 ng (Q)	Pseudomonas aeruginosa	u78703ctg_len-463013_circular-no_depth-14-14-14_duplicated-no	25000	50000	25000	67.232000	26.550000	23.470000	1.131231
R005bc2008.D10	semibin2_3	R005bc2008.D10_semibin2_3	Kura Decodifi 1x 150 ng (Q)	Pseudomonas aeruginosa	u78703ctg_len-463013_circular-no_depth-14-14-14_duplicated-no	50000	75000	25000	65.076000	31.400000	23.470000	1.337878
R005bc2008.D10	semibin2_3	R005bc2008.D10_semibin2_3	Kura Decodifi 1x 150 ng (Q)	Pseudomonas aeruginosa	u78703ctg_len-463013_circular-no_depth-14-14-14_duplicated-no	75000	100000	25000	65.392000	31.180000	23.470000	1.328504
R005bc2008.D10	semibin2_3	R005bc2008.D10_semibin2_3	Kura Decodifi 1x 150 ng (Q)	Pseudomonas aeruginosa	u78703ctg_len-463013_circular-no_depth-14-14-14_duplicated-no	100000	125000	25000	67.812000	23.950000	23.470000	1.020452
R005bc2008.D10	semibin2_3	R005bc2008.D10_semibin2_3	Kura Decodifi 1x 150 ng (Q)	Pseudomonas aeruginosa	u78703ctg_len-463013_circular-no_depth-14-14-14_duplicated-no	125000	150000	25000	66.792000	23.760000	23.470000	1.012356
R005bc2008.D10	semibin2_3	R005bc2008.D10_semibin2_3	Kura Decodifi 1x 150 ng (Q)	Pseudomonas aeruginosa	u78703ctg_len-463013_circular-no_depth-14-14-14_duplicated-no	150000	175000	25000	65.980000	24.100000	23.470000	1.026843
R005bc2008.D10	semibin2_3	R005bc2008.D10_semibin2_3	Kura Decodifi 1x 150 ng (Q)	Pseudomonas aeruginosa	u78703ctg_len-463013_circular-no_depth-14-14-14_duplicated-no	175000	200000	25000	66.780000	27.350000	23.470000	1.165317
R005bc2008.D10	semibin2_3	R005bc2008.D10_semibin2_3	Kura Decodifi 1x 150 ng (Q)	Pseudomonas aeruginosa	u78703ctg_len-463013_circular-no_depth-14-14-14_duplicated-no	200000	225000	25000	66.836000	29.930000	23.470000	1.275245
R005bc2008.D10	semibin2_3	R005bc2008.D10_semibin2_3	Kura Decodifi 1x 150 ng (Q)	Pseudomonas aeruginosa	u78703ctg_len-463013_circular-no_depth-14-14-14_duplicated-no	225000	250000	25000	67.812000	28.540000	23.470000	1.216020
R005bc2008.D10	semibin2_3	R005bc2008.D10_semibin2_3	Kura Decodifi 1x 150 ng (Q)	Pseudomonas aeruginosa	u78703ctg_len-463013_circular-no_depth-14-14-14_duplicated-no	250000	275000	25000	65.296000	25.050000	23.470000	1.067320
R005bc2008.D10	semibin2_3	R005bc2008.D10_semibin2_3	Kura Decodifi 1x 150 ng (Q)	Pseudomonas aeruginosa	u78703ctg_len-463013_circular-no_depth-14-14-14_duplicated-no	275000	300000	25000	66.864000	24.610000	23.470000	1.048573
R005bc2008.D10	semibin2_3	R005bc2008.D10_semibin2_3	Kura Decodifi 1x 150 ng (Q)	Pseudomonas aeruginosa	u78703ctg_len-463013_circular-no_depth-14-14-14_duplicated-no	300000	325000	25000	64.932000	25.210000	23.470000	1.074137
R005bc2008.D10	semibin2_3	R005bc2008.D10_semibin2_3	Kura Decodifi 1x 150 ng (Q)	Pseudomonas aeruginosa	u78703ctg_len-463013_circular-no_depth-14-14-14_duplicated-no	325000	350000	25000	66.504000	34.110000	23.470000	1.453345
R005bc2008.D10	semibin2_3	R005bc2008.D10_semibin2_3	Kura Decodifi 1x 150 ng (Q)	Pseudomonas aeruginosa	u78703ctg_len-463013_circular-no_depth-14-14-14_duplicated-no	350000	375000	25000	66.100000	28.340000	23.470000	1.207499
R005bc2008.D10	semibin2_3	R005bc2008.D10_semibin2_3	Kura Decodifi 1x 150 ng (Q)	Pseudomonas aeruginosa	u78703ctg_len-463013_circular-no_depth-14-14-14_duplicated-no	375000	400000	25000	69.448000	21.520000	23.470000	0.916915
R005bc2008.D10	semibin2_3	R005bc2008.D10_semibin2_3	Kura Decodifi 1x 150 ng (Q)	Pseudomonas aeruginosa	u78703ctg_len-463013_circular-no_depth-14-14-14_duplicated-no	400000	425000	25000	66.992000	29.310000	23.470000	1.248828
R005bc2008.D10	semibin2_3	R005bc2008.D10_semibin2_3	Kura Decodifi 1x 150 ng (Q)	Pseudomonas aeruginosa	u78703ctg_len-463013_circular-no_depth-14-14-14_duplicated-no	425000	450000	25000	65.864000	22.020000	23.470000	0.938219
R005bc2008.D10	semibin2_3	R005bc2008.D10_semibin2_3	Kura Decodifi 1x 150 ng (Q)	Pseudomonas aeruginosa	u81303ctg_len-110487_circular-no_depth-10-10-10_duplicated-no	0	25000	25000	67.208000	19.780000	23.470000	0.842778
R005bc2008.D10	semibin2_3	R005bc2008.D10_semibin2_3	Kura Decodifi 1x 150 ng (Q)	Pseudomonas aeruginosa	u81303ctg_len-110487_circular-no_depth-10-10-10_duplicated-no	25000	50000	25000	68.284000	17.610000	23.470000	0.750320
R005bc2008.D10	semibin2_3	R005bc2008.D10_semibin2_3	Kura Decodifi 1x 150 ng (Q)	Pseudomonas aeruginosa	u81303ctg_len-110487_circular-no_depth-10-10-10_duplicated-no	50000	75000	25000	65.428000	17.780000	23.470000	0.757563
R005bc2008.D10	semibin2_3	R005bc2008.D10_semibin2_3	Kura Decodifi 1x 150 ng (Q)	Pseudomonas aeruginosa	u81303ctg_len-110487_circular-no_depth-10-10-10_duplicated-no	75000	100000	25000	66.460000	21.090000	23.470000	0.898594
R005bc2008.D10	semibin2_3	R005bc2008.D10_semibin2_3	Kura Decodifi 1x 150 ng (Q)	Pseudomonas aeruginosa	u86069ctg_len-122930_circular-no_depth-16-16-16_duplicated-no	0	25000	25000	68.648000	30.890000	23.470000	1.316148
R005bc2008.D10	semibin2_3	R005bc2008.D10_semibin2_3	Kura Decodifi 1x 150 ng (Q)	Pseudomonas aeruginosa	u86069ctg_len-122930_circular-no_depth-16-16-16_duplicated-no	25000	50000	25000	67.784000	32.560000	23.470000	1.387303
R005bc2008.D10	semibin2_3	R005bc2008.D10_semibin2_3	Kura Decodifi 1x 150 ng (Q)	Pseudomonas aeruginosa	u86069ctg_len-122930_circular-no_depth-16-16-16_duplicated-no	50000	75000	25000	67.568000	31.250000	23.470000	1.331487
R005bc2008.D10	semibin2_3	R005bc2008.D10_semibin2_3	Kura Decodifi 1x 150 ng (Q)	Pseudomonas aeruginosa	u86069ctg_len-122930_circular-no_depth-16-16-16_duplicated-no	75000	100000	25000	68.380000	28.750000	23.470000	1.224968
R005bc2008.D10	semibin2_3	R005bc2008.D10_semibin2_3	Kura Decodifi 1x 150 ng (Q)	Pseudomonas aeruginosa	u87405ctg_len-42666_circular-no_depth-9-9-9_duplicated-no	0	25000	25000	68.392000	23.660000	23.470000	1.008095
R005bc2008.D10	semibin2_3	R005bc2008.D10_semibin2_3	Kura Decodifi 1x 150 ng (Q)	Pseudomonas aeruginosa	u87489ctg_len-158274_circular-no_depth-13-13-13_duplicated-no	0	25000	25000	65.840000	20.700000	23.470000	0.881977
R005bc2008.D10	semibin2_3	R005bc2008.D10_semibin2_3	Kura Decodifi 1x 150 ng (Q)	Pseudomonas aeruginosa	u87489ctg_len-158274_circular-no_depth-13-13-13_duplicated-no	25000	50000	25000	66.776000	23.660000	23.470000	1.008095
R005bc2008.D10	semibin2_3	R005bc2008.D10_semibin2_3	Kura Decodifi 1x 150 ng (Q)	Pseudomonas aeruginosa	u87489ctg_len-158274_circular-no_depth-13-13-13_duplicated-no	50000	75000	25000	61.620000	28.480000	23.470000	1.213464
R005bc2008.D10	semibin2_3	R005bc2008.D10_semibin2_3	Kura Decodifi 1x 150 ng (Q)	Pseudomonas aeruginosa	u87489ctg_len-158274_circular-no_depth-13-13-13_duplicated-no	75000	100000	25000	67.388000	23.770000	23.470000	1.012782
R005bc2008.D10	semibin2_3	R005bc2008.D10_semibin2_3	Kura Decodifi 1x 150 ng (Q)	Pseudomonas aeruginosa	u87489ctg_len-158274_circular-no_depth-13-13-13_duplicated-no	100000	125000	25000	65.912000	19.750000	23.470000	0.841500
R005bc2008.D10	semibin2_3	R005bc2008.D10_semibin2_3	Kura Decodifi 1x 150 ng (Q)	Pseudomonas aeruginosa	u87489ctg_len-158274_circular-no_depth-13-13-13_duplicated-no	125000	150000	25000	67.908000	25.500000	23.470000	1.086493
R005bc2008.D10	semibin2_3	R005bc2008.D10_semibin2_3	Kura Decodifi 1x 150 ng (Q)	Pseudomonas aeruginosa	u88706ctg_len-34965_circular-no_depth-11-11-11_duplicated-no	0	25000	25000	66.572000	23.360000	23.470000	0.995313
R005bc2008.D10	semibin2_3	R005bc2008.D10_semibin2_3	Kura Decodifi 1x 150 ng (Q)	Pseudomonas aeruginosa	u89380ctg_len-267979_circular-no_depth-18-18-18_duplicated-no	0	25000	25000	69.756000	28.590000	23.470000	1.218151
R005bc2008.D10	semibin2_3	R005bc2008.D10_semibin2_3	Kura Decodifi 1x 150 ng (Q)	Pseudomonas aeruginosa	u89380ctg_len-267979_circular-no_depth-18-18-18_duplicated-no	25000	50000	25000	67.216000	29.040000	23.470000	1.237324
R005bc2008.D10	semibin2_3	R005bc2008.D10_semibin2_3	Kura Decodifi 1x 150 ng (Q)	Pseudomonas aeruginosa	u89380ctg_len-267979_circular-no_depth-18-18-18_duplicated-no	50000	75000	25000	65.568000	32.970000	23.470000	1.404772
R005bc2008.D10	semibin2_3	R005bc2008.D10_semibin2_3	Kura Decodifi 1x 150 ng (Q)	Pseudomonas aeruginosa	u89380ctg_len-267979_circular-no_depth-18-18-18_duplicated-no	75000	100000	25000	67.112000	29.420000	23.470000	1.253515
R005bc2008.D10	semibin2_3	R005bc2008.D10_semibin2_3	Kura Decodifi 1x 150 ng (Q)	Pseudomonas aeruginosa	u89380ctg_len-267979_circular-no_depth-18-18-18_duplicated-no	100000	125000	25000	62.192000	35.810000	23.470000	1.525778
R005bc2008.D10	semibin2_3	R005bc2008.D10_semibin2_3	Kura Decodifi 1x 150 ng (Q)	Pseudomonas aeruginosa	u89380ctg_len-267979_circular-no_depth-18-18-18_duplicated-no	125000	150000	25000	66.016000	37.410000	23.470000	1.593950
R005bc2008.D10	semibin2_3	R005bc2008.D10_semibin2_3	Kura Decodifi 1x 150 ng (Q)	Pseudomonas aeruginosa	u89380ctg_len-267979_circular-no_depth-18-18-18_duplicated-no	150000	175000	25000	66.700000	30.700000	23.470000	1.308053
R005bc2008.D10	semibin2_3	R005bc2008.D10_semibin2_3	Kura Decodifi 1x 150 ng (Q)	Pseudomonas aeruginosa	u89380ctg_len-267979_circular-no_depth-18-18-18_duplicated-no	175000	200000	25000	66.268000	33.400000	23.470000	1.423093
R005bc2008.D10	semibin2_3	R005bc2008.D10_semibin2_3	Kura Decodifi 1x 150 ng (Q)	Pseudomonas aeruginosa	u89380ctg_len-267979_circular-no_depth-18-18-18_duplicated-no	200000	225000	25000	66.788000	28.230000	23.470000	1.202812
R005bc2008.D10	semibin2_3	R005bc2008.D10_semibin2_3	Kura Decodifi 1x 150 ng (Q)	Pseudomonas aeruginosa	u89380ctg_len-267979_circular-no_depth-18-18-18_duplicated-no	225000	250000	25000	66.636000	32.360000	23.470000	1.378781
R005bc2008.D10	semibin2_3	R005bc2008.D10_semibin2_3	Kura Decodifi 1x 150 ng (Q)	Pseudomonas aeruginosa	u90366ctg_len-26061_circular-no_depth-10-10-10_duplicated-no	0	25000	25000	65.048000	22.490000	23.470000	0.958245
R005bc2008.D10	semibin2_3	R005bc2008.D10_semibin2_3	Kura Decodifi 1x 150 ng (Q)	Pseudomonas aeruginosa	u90519ctg_len-141434_circular-no_depth-10-10-10_duplicated-no	0	25000	25000	65.340000	18.350000	23.470000	0.781849
R005bc2008.D10	semibin2_3	R005bc2008.D10_semibin2_3	Kura Decodifi 1x 150 ng (Q)	Pseudomonas aeruginosa	u90519ctg_len-141434_circular-no_depth-10-10-10_duplicated-no	25000	50000	25000	67.388000	17.250000	23.470000	0.734981
R005bc2008.D10	semibin2_3	R005bc2008.D10_semibin2_3	Kura Decodifi 1x 150 ng (Q)	Pseudomonas aeruginosa	u90519ctg_len-141434_circular-no_depth-10-10-10_duplicated-no	50000	75000	25000	68.760000	11.260000	23.470000	0.479761
R005bc2008.D10	semibin2_3	R005bc2008.D10_semibin2_3	Kura Decodifi 1x 150 ng (Q)	Pseudomonas aeruginosa	u90519ctg_len-141434_circular-no_depth-10-10-10_duplicated-no	75000	100000	25000	68.772000	19.560000	23.470000	0.833404
R005bc2008.D10	semibin2_3	R005bc2008.D10_semibin2_3	Kura Decodifi 1x 150 ng (Q)	Pseudomonas aeruginosa	u90519ctg_len-141434_circular-no_depth-10-10-10_duplicated-no	100000	125000	25000	63.728000	18.450000	23.470000	0.786110
R005bc2008.D10	semibin2_3	R005bc2008.D10_semibin2_3	Kura Decodifi 1x 150 ng (Q)	Pseudomonas aeruginosa	u9175ctg_len-119426_circular-no_depth-10-10-10_duplicated-no	0	25000	25000	68.568000	20.230000	23.470000	0.861951
R005bc2008.D10	semibin2_3	R005bc2008.D10_semibin2_3	Kura Decodifi 1x 150 ng (Q)	Pseudomonas aeruginosa	u9175ctg_len-119426_circular-no_depth-10-10-10_duplicated-no	25000	50000	25000	67.016000	15.140000	23.470000	0.645079
R005bc2008.D10	semibin2_3	R005bc2008.D10_semibin2_3	Kura Decodifi 1x 150 ng (Q)	Pseudomonas aeruginosa	u9175ctg_len-119426_circular-no_depth-10-10-10_duplicated-no	50000	75000	25000	61.496000	18.280000	23.470000	0.778867
R005bc2008.D10	semibin2_3	R005bc2008.D10_semibin2_3	Kura Decodifi 1x 150 ng (Q)	Pseudomonas aeruginosa	u9175ctg_len-119426_circular-no_depth-10-10-10_duplicated-no	75000	100000	25000	67.656000	18.860000	23.470000	0.803579
R005bc2008.D10	semibin2_3	R005bc2008.D10_semibin2_3	Kura Decodifi 1x 150 ng (Q)	Pseudomonas aeruginosa	u92706ctg_len-277924_circular-no_depth-14-14-14_duplicated-no	0	25000	25000	68.244000	25.700000	23.470000	1.095015
R005bc2008.D10	semibin2_3	R005bc2008.D10_semibin2_3	Kura Decodifi 1x 150 ng (Q)	Pseudomonas aeruginosa	u92706ctg_len-277924_circular-no_depth-14-14-14_duplicated-no	25000	50000	25000	64.960000	23.570000	23.470000	1.004261
R005bc2008.D10	semibin2_3	R005bc2008.D10_semibin2_3	Kura Decodifi 1x 150 ng (Q)	Pseudomonas aeruginosa	u92706ctg_len-277924_circular-no_depth-14-14-14_duplicated-no	50000	75000	25000	63.900000	34.290000	23.470000	1.461014
R005bc2008.D10	semibin2_3	R005bc2008.D10_semibin2_3	Kura Decodifi 1x 150 ng (Q)	Pseudomonas aeruginosa	u92706ctg_len-277924_circular-no_depth-14-14-14_duplicated-no	75000	100000	25000	67.224000	27.030000	23.470000	1.151683
R005bc2008.D10	semibin2_3	R005bc2008.D10_semibin2_3	Kura Decodifi 1x 150 ng (Q)	Pseudomonas aeruginosa	u92706ctg_len-277924_circular-no_depth-14-14-14_duplicated-no	100000	125000	25000	65.040000	25.950000	23.470000	1.105667
R005bc2008.D10	semibin2_3	R005bc2008.D10_semibin2_3	Kura Decodifi 1x 150 ng (Q)	Pseudomonas aeruginosa	u92706ctg_len-277924_circular-no_depth-14-14-14_duplicated-no	125000	150000	25000	67.728000	22.070000	23.470000	0.940349
R005bc2008.D10	semibin2_3	R005bc2008.D10_semibin2_3	Kura Decodifi 1x 150 ng (Q)	Pseudomonas aeruginosa	u92706ctg_len-277924_circular-no_depth-14-14-14_duplicated-no	150000	175000	25000	68.068000	28.480000	23.470000	1.213464
R005bc2008.D10	semibin2_3	R005bc2008.D10_semibin2_3	Kura Decodifi 1x 150 ng (Q)	Pseudomonas aeruginosa	u92706ctg_len-277924_circular-no_depth-14-14-14_duplicated-no	175000	200000	25000	66.740000	25.020000	23.470000	1.066042
R005bc2008.D10	semibin2_3	R005bc2008.D10_semibin2_3	Kura Decodifi 1x 150 ng (Q)	Pseudomonas aeruginosa	u92706ctg_len-277924_circular-no_depth-14-14-14_duplicated-no	200000	225000	25000	68.012000	25.060000	23.470000	1.067746
R005bc2008.D10	semibin2_3	R005bc2008.D10_semibin2_3	Kura Decodifi 1x 150 ng (Q)	Pseudomonas aeruginosa	u92706ctg_len-277924_circular-no_depth-14-14-14_duplicated-no	225000	250000	25000	66.904000	21.230000	23.470000	0.904559
R005bc2008.D10	semibin2_3	R005bc2008.D10_semibin2_3	Kura Decodifi 1x 150 ng (Q)	Pseudomonas aeruginosa	u92706ctg_len-277924_circular-no_depth-14-14-14_duplicated-no	250000	275000	25000	67.904000	28.380000	23.470000	1.209203
R005bc2008.D10	semibin2_3	R005bc2008.D10_semibin2_3	Kura Decodifi 1x 150 ng (Q)	Pseudomonas aeruginosa	u97492ctg_len-76547_circular-no_depth-17-17-17_duplicated-no	0	25000	25000	66.452000	30.620000	23.470000	1.304644
R005bc2008.D10	semibin2_3	R005bc2008.D10_semibin2_3	Kura Decodifi 1x 150 ng (Q)	Pseudomonas aeruginosa	u97492ctg_len-76547_circular-no_depth-17-17-17_duplicated-no	25000	50000	25000	67.124000	27.500000	23.470000	1.171709
R005bc2008.D10	semibin2_3	R005bc2008.D10_semibin2_3	Kura Decodifi 1x 150 ng (Q)	Pseudomonas aeruginosa	u97492ctg_len-76547_circular-no_depth-17-17-17_duplicated-no	50000	75000	25000	67.172000	23.490000	23.470000	1.000852
