sample_id,filename_ID,Dorm,sample_type,superkingdom,phylum,class,order,family,genus,species,copy,abundance,identity
Ea.F.1.L.A,A01,Earl,dorm_sample,Archaea,unclassified Archaea phylum,unclassified Archaea class,unclassified Archaea order,unclassified Archaea family,unclassified Archaea genus,unclassified Archaea species,0.125,0.000354108,0.0000/0.0000
Ea.F.1.L.A,A01,Earl,dorm_sample,Bacteria,Bdellovibrionota,Bdellovibrionia,Bdellovibrionales,UBA1609,UBA6776,UBA6776 sp002453155,0.25,0.000708215,0.7611/0.7475
Ea.F.1.L.A,A01,Earl,dorm_sample,Bacteria,Bdellovibrionota,UBA1018,CAIPTA01,CAIPTA01,JAKFYM01,JAKFYM01 sp050246755,0.25,0.000708215,0.7713/0.7371
Ea.F.1.L.A,A01,Earl,dorm_sample,Bacteria,Pseudomonadota,Alphaproteobacteria,Rhodospirillales,Defluviicoccaceae,Defluviicoccus,Defluviicoccus sp016712375,0.25,0.000708215,0.7818/0.7645
Ea.F.1.L.A,A01,Earl,dorm_sample,Bacteria,Planctomycetota,Planctomycetia,Gemmatales,Gemmataceae,JALHQU01,JALHQU01 sp022841795,0.25,0.000708215,0.7969/0.7676
Ea.F.1.L.A,A01,Earl,dorm_sample,Bacteria,Pseudomonadota,Gammaproteobacteria,Xanthomonadales,Ahniellaceae,UBA4656,UBA4656 sp021299185,0.25,0.000708215,0.8091/0.7539
Ea.F.1.L.A,A01,Earl,dorm_sample,Bacteria,Acidobacteriota,Blastocatellia,Pyrinomonadales,Pyrinomonadaceae,JALZHR01,JALZHR01 sp036388475,0.25,0.000708215,0.8110/0.7967
Ea.F.1.L.A,A01,Earl,dorm_sample,Bacteria,Bacteroidota,Bacteroidia,Chitinophagales,Chitinophagaceae,JAFIGV01,JAFIGV01 sp035497455,0.25,0.000708215,0.8167/0.8009
Ea.F.1.L.A,A01,Earl,dorm_sample,Bacteria,Planctomycetota,Planctomycetia,Gemmatales,Gemmataceae,JAXMAZ01,JAXMAZ01 sp043787415,0.25,0.000708215,0.8323/0.7925
Ea.F.1.L.A,A01,Earl,dorm_sample,Bacteria,Bdellovibrionota,Bdellovibrionia,Bdellovibrionales,JAEYZS01,JAEYZS01,JAEYZS01 sp040386775,0.25,0.000708215,0.8377/0.8102
Ea.F.1.L.A,A01,Earl,dorm_sample,Bacteria,Acidobacteriota,Vicinamibacteria,Vicinamibacterales,UBA2999,VFZN01,VFZN01 sp035495795,0.25,0.000708215,0.8397/0.8090
Ea.F.1.L.A,A01,Earl,dorm_sample,Bacteria,Bdellovibrionota,Bdellovibrionia,Bdellovibrionales,UBA1609,CAYHVK01,CAYHVK01 sp964360255,0.25,0.000708215,0.8446/0.8258
Ea.F.1.L.A,A01,Earl,dorm_sample,Bacteria,Bacteroidota,Bacteroidia,Cytophagales,Cyclobacteriaceae,UBA2336,UBA2336 sp016786495,0.25,0.000708215,0.8498/0.8269
Ea.F.1.L.A,A01,Earl,dorm_sample,Bacteria,Actinomycetota,Actinomycetes,Actinomycetales,Microbacteriaceae,Pseudolysinimonas_A,Pseudolysinimonas_A sp947085045,0.25,0.000708215,0.8523/0.7751
Ea.F.1.L.A,A01,Earl,dorm_sample,Bacteria,Pseudomonadota,Gammaproteobacteria,Xanthomonadales,Rhodanobacteraceae,Tahibacter,Tahibacter harae,0.25,0.000708215,0.8560/0.8396
Ea.F.1.L.A,A01,Earl,dorm_sample,Bacteria,Acidobacteriota,Vicinamibacteria,Vicinamibacterales,UBA2999,VFZN01,VFZN01 sp963709325,0.25,0.000708215,0.8572/0.8352
Ea.F.1.L.A,A01,Earl,dorm_sample,Bacteria,Planctomycetota,Planctomycetia,Pirellulales,JALHPA01,JANRLT01,JANRLT01 sp041736895,0.25,0.000708215,0.8659/0.7768
Ea.F.1.L.A,A01,Earl,dorm_sample,Bacteria,Chloroflexota,Chloroflexia,Thermomicrobiales,CADCWN01,CADCWN01,CADCWN01 sp046328475,0.25,0.000708215,0.8699/0.8407
Ea.F.1.L.A,A01,Earl,dorm_sample,Bacteria,Planctomycetota,Planctomycetia,Planctomycetales,Planctomycetaceae,DSVQ01,DSVQ01 sp035686985,0.25,0.000708215,0.8804/0.8706
Ea.F.1.L.A,A01,Earl,dorm_sample,Bacteria,Verrucomicrobiota,Verrucomicrobiia,Verrucomicrobiales,Akkermansiaceae,Luteolibacter,Luteolibacter sp026625605,0.25,0.000708215,0.8810/0.8705
Ea.F.1.L.A,A01,Earl,dorm_sample,Bacteria,Bacteroidota,Bacteroidia,UKL13-3,UKL13-3,UBA6183,UBA6183 sp040385895,0.25,0.000708215,0.8892/0.8812
Ea.F.1.L.A,A01,Earl,dorm_sample,Bacteria,Actinomycetota,Acidimicrobiia,Acidimicrobiales,Microtrichaceae,Dermatobacter,Dermatobacter sp003962875,0.25,0.000708215,0.8896/0.8115
Ea.F.1.L.A,A01,Earl,dorm_sample,Bacteria,Pseudomonadota,Alphaproteobacteria,Rhizobiales,Aestuariivirgaceae,Taklimakanibacter,Taklimakanibacter albus,0.25,0.000708215,0.9005/0.8552
Ea.F.1.L.A,A01,Earl,dorm_sample,Bacteria,Pseudomonadota,Gammaproteobacteria,Burkholderiales,Burkholderiaceae_C,Pseudorhodoferax,Pseudorhodoferax aquiterrae,0.25,0.000708215,0.9083/0.8612
Ea.F.1.L.A,A01,Earl,dorm_sample,Bacteria,Planctomycetota,Planctomycetia,Pirellulales,Lacipirellulaceae,Lacipirellula,Lacipirellula sp013822725,0.25,0.000708215,0.9100/0.8918
Ea.F.1.L.A,A01,Earl,dorm_sample,Bacteria,Pseudomonadota,Alphaproteobacteria,Caulobacterales,Caulobacteraceae,Phenylobacterium,Phenylobacterium sp013911965,0.25,0.000708215,0.9177/0.9130
Ea.F.1.L.A,A01,Earl,dorm_sample,Bacteria,Pseudomonadota,Alphaproteobacteria,Rhizobiales,Beijerinckiaceae,Allobosea,Allobosea sp037147855,0.25,0.000708215,0.9268/0.8830
Ea.F.1.L.A,A01,Earl,dorm_sample,Bacteria,Bacteroidota,Bacteroidia,Chitinophagales,Chitinophagaceae,Chitinophaga,Chitinophaga niabensis_B,0.25,0.000708215,0.9278/0.9218
Ea.F.1.L.A,A01,Earl,dorm_sample,Bacteria,Pseudomonadota,Alphaproteobacteria,Sphingomonadales,Sphingomonadaceae,Sphingobium,Sphingobium olei,0.25,0.000708215,0.9389/0.9366
Ea.F.1.L.A,A01,Earl,dorm_sample,Bacteria,Pseudomonadota,Alphaproteobacteria,Caulobacterales,Caulobacteraceae,Caulobacter,Caulobacter sp913776195,0.25,0.000708215,0.9391/0.8322
Ea.F.1.L.A,A01,Earl,dorm_sample,Bacteria,Pseudomonadota,Alphaproteobacteria,Sphingomonadales,Sphingomonadaceae,Sphingobium,Sphingobium phenoxybenzoativorans,0.25,0.000708215,0.9587/0.9479
Ea.F.1.L.A,A01,Earl,dorm_sample,Bacteria,Pseudomonadota,Alphaproteobacteria,Rhizobiales,Beijerinckiaceae,Methylobacterium,Methylobacterium sp900112625,0.25,0.000708215,0.9796/0.9790
Ea.F.1.L.A,A01,Earl,dorm_sample,Bacteria,Pseudomonadota,Alphaproteobacteria,Caulobacterales,Caulobacteraceae,Brevundimonas,Brevundimonas sp023259385,0.25,0.000708215,0.9889/0.9884
Ea.F.1.L.A,A01,Earl,dorm_sample,Bacteria,Bacteroidota,Bacteroidia,Chitinophagales,Chitinophagaceae,Polluticoccus,Polluticoccus sp036406055,0.25,0.000708215,0.9924/0.9924
Ea.F.1.L.A,A01,Earl,dorm_sample,Bacteria,Actinomycetota,Actinomycetes,Mycobacteriales,Mycobacteriaceae,Mycobacterium,Mycobacterium fortuitum,0.25,0.000708215,0.9990/0.9990
Ea.F.1.L.A,A01,Earl,dorm_sample,Bacteria,Pseudomonadota,Alphaproteobacteria,Rhizobiales,Beijerinckiaceae,Allobosea,Allobosea vestrisii,0.25,0.000708215,0.9999/0.9999
Ea.F.1.L.A,A01,Earl,dorm_sample,Bacteria,Bdellovibrionota,UBA2428,UBA2428,UBA2428,JAGNHS01,JAGNHS01 sp018001635,0.375,0.001062323,0.7514/0.7343
Ea.F.1.L.A,A01,Earl,dorm_sample,Bacteria,Acidobacteriota,Vicinamibacteria,Vicinamibacterales,2-12-FULL-66-21,JALZOC01,JALZOC01 sp963820645,0.375,0.001062323,0.7923/0.7518
Ea.F.1.L.A,A01,Earl,dorm_sample,Bacteria,Planctomycetota,Planctomycetia,Pirellulales,JALHLM01,JALHLM01,JALHLM01 sp034440135,0.375,0.001062323,0.7924/0.7683
Ea.F.1.L.A,A01,Earl,dorm_sample,Bacteria,Pseudomonadota,Gammaproteobacteria,Xanthomonadales,Ahniellaceae,UBA4656,UBA4656 sp031412975,0.375,0.001062323,0.8105/0.7730
Ea.F.1.L.A,A01,Earl,dorm_sample,Bacteria,Myxococcota_A,Polyangia,Polyangiales,Polyangiaceae,Labilithrix,Labilithrix sp019637105,0.375,0.001062323,0.8360/0.8185
Ea.F.1.L.A,A01,Earl,dorm_sample,Bacteria,Pseudomonadota,Alphaproteobacteria,Sphingomonadales,Sphingomonadaceae,Novosphingobium,Novosphingobium chloroacetimidivorans,0.375,0.001062323,0.8714/0.8569
Ea.F.1.L.A,A01,Earl,dorm_sample,Bacteria,Myxococcota,XYA12-FULL-58-9,XYA12-FULL-58-9,JALHOP01,JALHOP01,JALHOP01 sp039809465,0.375,0.001062323,0.8830/0.8688
Ea.F.1.L.A,A01,Earl,dorm_sample,Bacteria,Planctomycetota,Planctomycetia,Pirellulales,Lacipirellulaceae,Botrimarina,Botrimarina mediterranea,0.375,0.001062323,0.8862/0.8545
Ea.F.1.L.A,A01,Earl,dorm_sample,Bacteria,Pseudomonadota,Gammaproteobacteria,Burkholderiales,Burkholderiaceae_C,Schlegelella_A,Schlegelella_A sp038258415,0.375,0.001062323,0.8909/0.8314
Ea.F.1.L.A,A01,Earl,dorm_sample,Bacteria,Planctomycetota,Phycisphaerae,Phycisphaerales,UBA1924,JAFEBO01,JAFEBO01 sp019744815,0.375,0.001062323,0.8942/0.6933
Ea.F.1.L.A,A01,Earl,dorm_sample,Bacteria,Bacteroidota,Bacteroidia,B-17B0,Aurantibacillaceae,UBA4416,UBA4416 sp943362175,0.375,0.001062323,0.9068/0.8038
Ea.F.1.L.A,A01,Earl,dorm_sample,Bacteria,Pseudomonadota,Alphaproteobacteria,Caulobacterales,Caulobacteraceae,Brevundimonas,Brevundimonas bacteroides,0.375,0.001062323,0.9231/0.9172
Ea.F.1.L.A,A01,Earl,dorm_sample,Bacteria,Pseudomonadota,Gammaproteobacteria,Steroidobacterales,Steroidobacteraceae,Steroidobacter,Steroidobacter soli,0.375,0.001062323,0.9697/0.9598
Ea.F.1.L.A,A01,Earl,dorm_sample,Bacteria,Pseudomonadota,Alphaproteobacteria,Rhizobiales,Beijerinckiaceae,Allobosea,Allobosea eneae,0.375,0.001062323,0.9832/0.8298
Ea.F.1.L.A,A01,Earl,dorm_sample,Bacteria,Bacteroidota,Bacteroidia,Chitinophagales,Chitinophagaceae,Terrimonas_A,Terrimonas_A sp001898405,0.5,0.001416431,0.8274/0.7700
Ea.F.1.L.A,A01,Earl,dorm_sample,Bacteria,Actinomycetota,Actinomycetes,Actinomycetales,Microbacteriaceae,Rhodoglobus,Rhodoglobus soli,0.5,0.001416431,0.8524/0.8322
Ea.F.1.L.A,A01,Earl,dorm_sample,Bacteria,Bacteroidota,Bacteroidia,Sphingobacteriales,Sphingobacteriaceae,Pedobacter,Pedobacter chitinilyticus,0.5,0.001416431,0.9890/0.9881
Ea.F.1.L.A,A01,Earl,dorm_sample,Bacteria,Bacteroidota,Bacteroidia,Chitinophagales,Chitinophagaceae,Niabella,Niabella sp027493055,0.5,0.001416431,0.9942/0.9753
Ea.F.1.L.A,A01,Earl,dorm_sample,Bacteria,Actinomycetota,Actinomycetes,Actinomycetales,Microbacteriaceae,Agromyces,Agromyces mediolanus_A,0.5,0.001416431,0.9977/0.9973
Ea.F.1.L.A,A01,Earl,dorm_sample,Bacteria,Pseudomonadota,Alphaproteobacteria,Rhizobiales,Beijerinckiaceae,Methylobacterium,Methylobacterium isbiliense,0.5,0.001416431,0.9987/0.9987
Ea.F.1.L.A,A01,Earl,dorm_sample,Bacteria,Armatimonadota,Fimbriimonadia,Fimbriimonadales,Fimbriimonadaceae,55-13,55-13 sp001898035,0.625,0.001770538,0.7852/0.7636
Ea.F.1.L.A,A01,Earl,dorm_sample,Bacteria,Verrucomicrobiota,Verrucomicrobiia,Verrucomicrobiales,Verrucomicrobiaceae,Roseimicrobium,Roseimicrobium sp011044495,0.625,0.001770538,0.8323/0.8147
Ea.F.1.L.A,A01,Earl,dorm_sample,Bacteria,Myxococcota_A,Polyangia,Haliangiales,Haliangiaceae,JABFXX01,JABFXX01 sp023428295,0.625,0.001770538,0.9217/0.8412
Ea.F.1.L.A,A01,Earl,dorm_sample,Bacteria,Pseudomonadota,Gammaproteobacteria,Xanthomonadales,Rhodanobacteraceae,Dokdonella_A,Dokdonella_A sp004143945,0.625,0.001770538,0.9355/0.9254
Ea.F.1.L.A,A01,Earl,dorm_sample,Bacteria,Planctomycetota,Phycisphaerae,Phycisphaerales,UBA1924,JAFEBO01,JAFEBO01 sp036392375,0.625,0.001770538,0.9716/0.9615
Ea.F.1.L.A,A01,Earl,dorm_sample,Bacteria,Bacteroidota,Bacteroidia,Chitinophagales,Chitinophagaceae,Niabella,Niabella sp023423285,0.625,0.001770538,0.9722/0.9701
Ea.F.1.L.A,A01,Earl,dorm_sample,Bacteria,Pseudomonadota,Alphaproteobacteria,Rhizobiales,Rhizobiaceae,Shinella,Shinella sp001262505,0.625,0.001770538,0.9962/0.9962
Ea.F.1.L.A,A01,Earl,dorm_sample,Bacteria,Acidobacteriota,Vicinamibacteria,Vicinamibacterales,2-12-FULL-66-21,JALZOC01,JALZOC01 sp963725335,0.75,0.002124646,0.7765/0.7296
Ea.F.1.L.A,A01,Earl,dorm_sample,Bacteria,Pseudomonadota,Gammaproteobacteria,Xanthomonadales,Rhodanobacteraceae,Dokdonella_A,Dokdonella_A fugitiva,0.75,0.002124646,0.8368/0.7615
Ea.F.1.L.A,A01,Earl,dorm_sample,Bacteria,Actinomycetota,Actinomycetes,Actinomycetales,Microbacteriaceae,Pseudolysinimonas_A,Pseudolysinimonas_A sp023457615,0.75,0.002124646,0.9012/0.8853
Ea.F.1.L.A,A01,Earl,dorm_sample,Bacteria,Pseudomonadota,Alphaproteobacteria,Rhizobiales,Hyphomicrobiaceae,Hyphomicrobium_C,Hyphomicrobium_C sp019744875,0.75,0.002124646,0.9945/0.9935
Ea.F.1.L.A,A01,Earl,dorm_sample,Bacteria,Pseudomonadota,Gammaproteobacteria,Xanthomonadales,Xanthomonadaceae,Pseudoxanthomonas_A,Pseudoxanthomonas_A sp964252705,0.75,0.002124646,0.9953/0.9952
Ea.F.1.L.A,A01,Earl,dorm_sample,Bacteria,Pseudomonadota,Alphaproteobacteria,Rhizobiales,Beijerinckiaceae,Methylobacterium,Methylobacterium radiotolerans,0.75,0.002124646,0.9958/0.9955
Ea.F.1.L.A,A01,Earl,dorm_sample,Bacteria,Actinomycetota,Actinomycetes,Actinomycetales,Microbacteriaceae,Microbacterium,Microbacterium sufflavum,0.75,0.002124646,0.9959/0.9955
Ea.F.1.L.A,A01,Earl,dorm_sample,Bacteria,Pseudomonadota,Gammaproteobacteria,Burkholderiales,Burkholderiaceae,Imbroritus,Imbroritus primus,0.875,0.002478754,0.9438/0.9409
Ea.F.1.L.A,A01,Earl,dorm_sample,Bacteria,Actinomycetota,Actinomycetes,Mycobacteriales,Nakamurellaceae,Nakamurella,Nakamurella multipartita,0.875,0.002478754,0.9516/0.9414
Ea.F.1.L.A,A01,Earl,dorm_sample,Bacteria,Pseudomonadota,Alphaproteobacteria,Caulobacterales,Caulobacteraceae,Acaudatibacter,Acaudatibacter sp963817995,1,0.002832861,0.8447/0.8003
Ea.F.1.L.A,A01,Earl,dorm_sample,Bacteria,Pseudomonadota,Gammaproteobacteria,Xanthomonadales,Rhodanobacteraceae,Dokdonella_A,Dokdonella_A fugitiva_A,1,0.002832861,0.8612/0.8140
Ea.F.1.L.A,A01,Earl,dorm_sample,Bacteria,Myxococcota,XYA12-FULL-58-9,XYA12-FULL-58-9,JALHOP01,JALHOP01,JALHOP01 sp964484195,1,0.002832861,0.9162/0.9054
Ea.F.1.L.A,A01,Earl,dorm_sample,Bacteria,Pseudomonadota,Alphaproteobacteria,Caulobacterales,Caulobacteraceae,Phenylobacterium,Phenylobacterium sp964254345,1,0.002832861,0.9183/0.9137
Ea.F.1.L.A,A01,Earl,dorm_sample,Bacteria,Actinomycetota,Actinomycetes,Actinomycetales,Microbacteriaceae,Microbacterium,Microbacterium sp003248845,1,0.002832861,0.9837/0.9643
Ea.F.1.L.A,A01,Earl,dorm_sample,Bacteria,Pseudomonadota,Alphaproteobacteria,Rhizobiales,Hyphomicrobiaceae,Hyphomicrobium_B,Hyphomicrobium_B sp017512425,1.125,0.003186969,0.8438/0.8317
Ea.F.1.L.A,A01,Earl,dorm_sample,Bacteria,Planctomycetota,Phycisphaerae,Phycisphaerales,UBA1924,JADLFW01,JADLFW01 sp020849615,1.125,0.003186969,0.8532/0.8141
Ea.F.1.L.A,A01,Earl,dorm_sample,Bacteria,Pseudomonadota,Gammaproteobacteria,Xanthomonadales,Ahniellaceae,CALKUS01,CALKUS01 sp937996755,1.25,0.003541076,0.8155/0.7540
Ea.F.1.L.A,A01,Earl,dorm_sample,Bacteria,Acidobacteriota,Vicinamibacteria,Vicinamibacterales,Vicinamibacteraceae,JBDSLU01,JBDSLU01 sp963721565,1.25,0.003541076,0.8547/0.8231
Ea.F.1.L.A,A01,Earl,dorm_sample,Bacteria,Bacteroidota,Bacteroidia,Cytophagales,172606-1,Xanthocytophaga,Xanthocytophaga sp963520985,1.25,0.003541076,0.9111/0.8970
Ea.F.1.L.A,A01,Earl,dorm_sample,Bacteria,Pseudomonadota,Gammaproteobacteria,Xanthomonadales,Xanthomonadaceae,Pseudoxanthomonas_A,Pseudoxanthomonas_A japonensis,1.25,0.003541076,0.9716/0.9696
Ea.F.1.L.A,A01,Earl,dorm_sample,Bacteria,Acidobacteriota,Vicinamibacteria,Vicinamibacterales,Vicinamibacteraceae,CAWJAP01,CAWJAP01 sp963840865,1.375,0.003895184,0.8573/0.8097
Ea.F.1.L.A,A01,Earl,dorm_sample,Bacteria,Bacteroidota,Bacteroidia,Chitinophagales,Chitinophagaceae,Agriterribacter,Agriterribacter sp051955255,1.375,0.003895184,0.8610/0.8258
Ea.F.1.L.A,A01,Earl,dorm_sample,Bacteria,Myxococcota_A,Polyangia,Haliangiales,Haliangiaceae,JABFXX01,JABFXX01 sp964617845,1.375,0.003895184,0.8917/0.8165
Ea.F.1.L.A,A01,Earl,dorm_sample,Bacteria,Pseudomonadota,Gammaproteobacteria,Xanthomonadales,Rhodanobacteraceae,Dokdonella_A,Dokdonella_A sp023430685,1.375,0.003895184,0.9734/0.9690
Ea.F.1.L.A,A01,Earl,dorm_sample,Bacteria,Bacteroidota,Bacteroidia,Chitinophagales,Chitinophagaceae,Chitinophaga,Chitinophaga niabensis,1.5,0.004249292,0.9238/0.9145
Ea.F.1.L.A,A01,Earl,dorm_sample,Bacteria,Babelota,Babeliae,Babelales,Vermiphilaceae,Vermiphilus,Vermiphilus pyriformis,1.5,0.004249292,0.9930/0.9930
Ea.F.1.L.A,A01,Earl,dorm_sample,Bacteria,Bacteroidota,Bacteroidia,B-17B0,Aurantibacillaceae,Aurantibacillus,Aurantibacillus sp044221905,1.625,0.004603399,0.8009/0.7698
Ea.F.1.L.A,A01,Earl,dorm_sample,Bacteria,Pseudomonadota,Gammaproteobacteria,Burkholderiales,Burkholderiaceae_C,Aquincola,Aquincola sp964001545,1.625,0.004603399,0.9734/0.9692
Ea.F.1.L.A,A01,Earl,dorm_sample,Bacteria,Actinomycetota,Actinomycetes,Propionibacteriales,Propionibacteriaceae,Micropruina,Micropruina sp047607385,1.75,0.004957507,0.8867/0.8537
Ea.F.1.L.A,A01,Earl,dorm_sample,Bacteria,Pseudomonadota,Alphaproteobacteria,Rhizobiales,Rhizobiaceae,Arvimicrobium,Arvimicrobium sp023953845,1.75,0.004957507,0.8904/0.8781
Ea.F.1.L.A,A01,Earl,dorm_sample,Bacteria,Pseudomonadota,Alphaproteobacteria,Caulobacterales,Caulobacteraceae,Phenylobacterium,Phenylobacterium sp041916435,1.875,0.005311615,0.8122/0.7708
Ea.F.1.L.A,A01,Earl,dorm_sample,Bacteria,Bacteroidota,Bacteroidia,Chitinophagales,Chitinophagaceae,Ferruginibacter,Ferruginibacter sp964404845,2,0.005665722,0.8587/0.8331
Ea.F.1.L.A,A01,Earl,dorm_sample,Bacteria,Pseudomonadota,Gammaproteobacteria,Xanthomonadales,Xanthomonadaceae,Lysobacter_I,Lysobacter_I sp005502915,2.125,0.00601983,0.9448/0.9363
Ea.F.1.L.A,A01,Earl,dorm_sample,Bacteria,Pseudomonadota,Alphaproteobacteria,Caulobacterales,Caulobacteraceae,Phenylobacterium,Phenylobacterium sp001724985,2.25,0.006373938,0.8510/0.8198
Ea.F.1.L.A,A01,Earl,dorm_sample,Bacteria,Pseudomonadota,Alphaproteobacteria,Sphingomonadales,Sphingomonadaceae,Sphingomonas,Sphingomonas koreensis,2.25,0.006373938,0.9799/0.9747
Ea.F.1.L.A,A01,Earl,dorm_sample,Bacteria,Actinomycetota,Actinomycetes,Mycobacteriales,Mycobacteriaceae,Mycobacterium,Mycobacterium sp018326285,2.25,0.006373938,0.9877/0.9842
Ea.F.1.L.A,A01,Earl,dorm_sample,Bacteria,Pseudomonadota,Alphaproteobacteria,Caulobacterales,Caulobacteraceae,Phenylobacterium,Phenylobacterium sp041919955,2.875,0.008144476,0.9963/0.9955
Ea.F.1.L.A,A01,Earl,dorm_sample,Bacteria,Pseudomonadota,Alphaproteobacteria,Rhizobiales,Rhizobiaceae,Arvimicrobium,Arvimicrobium flavum,3,0.008498584,0.8388/0.7887
Ea.F.1.L.A,A01,Earl,dorm_sample,Bacteria,Pseudomonadota,Gammaproteobacteria,Xanthomonadales,Xanthomonadaceae,Pseudoxanthomonas_A,Pseudoxanthomonas_A mexicana,3,0.008498584,0.9929/0.9929
Ea.F.1.L.A,A01,Earl,dorm_sample,Bacteria,Pseudomonadota,Alphaproteobacteria,Rhizobiales,Xanthobacteraceae,Bradyrhizobium,Bradyrhizobium lablabi_C,3.25,0.009206799,0.9008/0.8652
Ea.F.1.L.A,A01,Earl,dorm_sample,Bacteria,Pseudomonadota,Gammaproteobacteria,Xanthomonadales,Xanthomonadaceae,Lysobacter_I,Lysobacter_I sp050632415,3.375,0.009560907,0.9556/0.9518
Ea.F.1.L.A,A01,Earl,dorm_sample,Bacteria,Pseudomonadota,Gammaproteobacteria,Burkholderiales,Burkholderiaceae_C,Aquincola,Aquincola agrisoli,3.5,0.009915014,0.8897/0.8737
Ea.F.1.L.A,A01,Earl,dorm_sample,Bacteria,Pseudomonadota,Alphaproteobacteria,Caulobacterales,Caulobacteraceae,Poindextera,Poindextera montana,3.625,0.01026912,0.8557/0.8377
Ea.F.1.L.A,A01,Earl,dorm_sample,Bacteria,Actinomycetota,Actinomycetes,Propionibacteriales,Propionibacteriaceae,Micropruina,Micropruina sp937863965,3.625,0.01026912,0.9916/0.9851
Ea.F.1.L.A,A01,Earl,dorm_sample,Bacteria,Pseudomonadota,Alphaproteobacteria,Rhizobiales,Xanthobacteraceae,Bradyrhizobium,Bradyrhizobium sp023387735,3.875,0.01097734,0.9727/0.9648
Ea.F.1.L.A,A01,Earl,dorm_sample,Bacteria,Pseudomonadota,Alphaproteobacteria,Caulobacterales,Caulobacteraceae,Phenylobacterium,Phenylobacterium terrae,4.125,0.01168555,0.8302/0.7943
Ea.F.1.L.A,A01,Earl,dorm_sample,Bacteria,Pseudomonadota,Gammaproteobacteria,Xanthomonadales,Ahniellaceae,JBGAHD01,JBGAHD01 sp044226395,4.5,0.01274788,0.8318/0.8072
Ea.F.1.L.A,A01,Earl,dorm_sample,Bacteria,Actinomycetota,Actinomycetes,Propionibacteriales,Propionibacteriaceae,Micropruina,Micropruina sp044224095,4.75,0.01345609,0.8966/0.8424
Ea.F.1.L.A,A01,Earl,dorm_sample,Bacteria,Pseudomonadota,Gammaproteobacteria,Burkholderiales,Burkholderiaceae_C,Aquincola,Aquincola tertiaricarbonis_B,6.75,0.01912181,0.9438/0.9366
Ea.F.1.L.A,A01,Earl,dorm_sample,Bacteria,Pseudomonadota,Gammaproteobacteria,Burkholderiales,Burkholderiaceae_C,Ottowia,Ottowia testudinis,10.125,0.02868272,0.9081/0.9004
Ea.F.1.L.A,A01,Earl,dorm_sample,Bacteria,Pseudomonadota,Gammaproteobacteria,Burkholderiales,Burkholderiaceae_C,Aquincola,Aquincola tertiaricarbonis,10.875,0.03080737,0.8772/0.8540
Ea.F.1.L.A,A01,Earl,dorm_sample,Bacteria,Acidobacteriota,Blastocatellia,Pyrinomonadales,Pyrinomonadaceae,DATHTS01,DATHTS01 sp041940425,12.625,0.03576487,0.8326/0.8017
Ea.F.1.L.A,A01,Earl,dorm_sample,Bacteria,Acidobacteriota,Blastocatellia,Pyrinomonadales,Pyrinomonadaceae,DATHTS01,DATHTS01 sp965217985,15,0.04249292,0.8321/0.8056
Ea.F.1.L.A,A01,Earl,dorm_sample,Bacteria,Pseudomonadota,Alphaproteobacteria,Sphingomonadales,Sphingomonadaceae,Blastomonas,Blastomonas ursincola,15.625,0.04426346,0.9882/0.9833
Ea.F.1.L.A,A01,Earl,dorm_sample,Bacteria,Pseudomonadota,Alphaproteobacteria,Sphingomonadales,Sphingomonadaceae,Sphingopyxis,Sphingopyxis sp014873485,16.875,0.04780453,0.9313/0.9103
Ea.F.1.L.A,A01,Earl,dorm_sample,Bacteria,Pseudomonadota,Gammaproteobacteria,Xanthomonadales,Xanthomonadaceae,Lysobacter_I,Lysobacter_I sp016789405,17.625,0.04992918,0.9895/0.9869
Ea.F.1.L.A,A01,Earl,dorm_sample,Bacteria,Pseudomonadota,Alphaproteobacteria,Sphingomonadales,Sphingomonadaceae,Sphingopyxis,Sphingopyxis sp001468395,28.875,0.08179887,0.9447/0.9096
Ea.F.1.L.A,A01,Earl,dorm_sample,Bacteria,Pseudomonadota,Gammaproteobacteria,Burkholderiales,Burkholderiaceae_C,Ottowia,Ottowia sp018060485,29.625,0.08392351,0.9853/0.9785
Ea.F.1.L.A,A01,Earl,dorm_sample,Bacteria,Actinomycetota,Actinomycetes,Mycobacteriales,Mycobacteriaceae,Mycobacterium,Mycobacterium phocaicum,31,0.0878187,0.9865/0.9790
Ea.F.1.L.A,A01,Earl,dorm_sample,Bacteria,unclassified Bacteria phylum,unclassified Bacteria class,unclassified Bacteria order,unclassified Bacteria family,unclassified Bacteria genus,unclassified Bacteria species,45.75,0.1296034,0.0000/0.0000
Ea.F.1.H.C,A02,Earl,dorm_sample,Bacteria,Pseudomonadota,Alphaproteobacteria,Rickettsiales,UBA3002,JAFLDD01,JAFLDD01 sp017302575,0.25,0.008,0.7764/0.7551
Ea.F.1.H.C,A02,Earl,dorm_sample,Bacteria,Bdellovibrionota,Bdellovibrionia,Bdellovibrionales,JAMPXM01,Ga0074137,Ga0074137 sp001464715,0.25,0.008,0.7887/0.7502
Ea.F.1.H.C,A02,Earl,dorm_sample,Bacteria,Bdellovibrionota,Bdellovibrionia,Bdellovibrionales,JAEYZS01,JAEYZS01,JAEYZS01 sp040386775,0.25,0.008,0.7992/0.7806
Ea.F.1.H.C,A02,Earl,dorm_sample,Bacteria,Pseudomonadota,Gammaproteobacteria,Xanthomonadales,Ahniellaceae,JAGOEZ01,JAGOEZ01 sp964614825,0.25,0.008,0.8026/0.7095
Ea.F.1.H.C,A02,Earl,dorm_sample,Bacteria,Bacteroidota,Bacteroidia,Cytophagales,172606-1,Xanthocytophaga,Xanthocytophaga sp963520985,0.25,0.008,0.8275/0.8090
Ea.F.1.H.C,A02,Earl,dorm_sample,Bacteria,Pseudomonadota,Alphaproteobacteria,Caulobacterales,Caulobacteraceae,Brevundimonas,Brevundimonas bacteroides,0.25,0.008,0.8820/0.8642
Ea.F.1.H.C,A02,Earl,dorm_sample,Bacteria,Pseudomonadota,Gammaproteobacteria,Burkholderiales,Burkholderiaceae_C,Pseudorhodoferax,Pseudorhodoferax sp049840715,0.25,0.008,0.8921/0.8782
Ea.F.1.H.C,A02,Earl,dorm_sample,Bacteria,Pseudomonadota,Gammaproteobacteria,Xanthomonadales,Rhodanobacteraceae,Tahibacter,Tahibacter sp045864815,0.25,0.008,0.9355/0.9344
Ea.F.1.H.C,A02,Earl,dorm_sample,Bacteria,Pseudomonadota,Alphaproteobacteria,Reyranellales,Reyranellaceae,Reyranella,Reyranella sp965227665,0.25,0.008,0.9510/0.9504
Ea.F.1.H.C,A02,Earl,dorm_sample,Bacteria,Pseudomonadota,Gammaproteobacteria,Xanthomonadales,Xanthomonadaceae,Stenotrophomonas,Stenotrophomonas sp032103445,0.25,0.008,0.9608/0.9489
Ea.F.1.H.C,A02,Earl,dorm_sample,Bacteria,Actinomycetota,Actinomycetes,Actinomycetales,Microbacteriaceae,Microbacterium,Microbacterium sp003248845,0.25,0.008,0.9890/0.9890
Ea.F.1.H.C,A02,Earl,dorm_sample,Bacteria,Pseudomonadota,Gammaproteobacteria,Pseudomonadales,Pseudomonadaceae,Aquipseudomonas,Aquipseudomonas alcaligenes,0.25,0.008,0.9934/0.9931
Ea.F.1.H.C,A02,Earl,dorm_sample,Bacteria,Bdellovibrionota,Bdellovibrionia,Bdellovibrionales,UBA1609,CAYHVK01,CAYHVK01 sp964360255,0.375,0.012,0.8008/0.7196
Ea.F.1.H.C,A02,Earl,dorm_sample,Bacteria,Acidobacteriota,Blastocatellia,Pyrinomonadales,Pyrinomonadaceae,DATHTS01,DATHTS01 sp965217985,0.375,0.012,0.8195/0.7661
Ea.F.1.H.C,A02,Earl,dorm_sample,Bacteria,Pseudomonadota,Alphaproteobacteria,Rhizobiales,Aestuariivirgaceae,Taklimakanibacter,Taklimakanibacter sp005502925,0.375,0.012,0.9361/0.8849
Ea.F.1.H.C,A02,Earl,dorm_sample,Bacteria,Pseudomonadota,Alphaproteobacteria,Sphingomonadales,Sphingomonadaceae,Erythrobacter,Erythrobacter oryzae,0.375,0.012,0.9415/0.8814
Ea.F.1.H.C,A02,Earl,dorm_sample,Bacteria,Pseudomonadota,Gammaproteobacteria,Xanthomonadales,Xanthomonadaceae,Pseudoxanthomonas_A,Pseudoxanthomonas_A sp002863005,0.375,0.012,0.9917/0.9917
Ea.F.1.H.C,A02,Earl,dorm_sample,Bacteria,Pseudomonadota,Alphaproteobacteria,Rhizobiales,Beijerinckiaceae,Methylobacterium,Methylobacterium radiotolerans,0.375,0.012,0.9957/0.9957
Ea.F.1.H.C,A02,Earl,dorm_sample,Bacteria,Pseudomonadota,Gammaproteobacteria,Xanthomonadales,Xanthomonadaceae,Pseudoxanthomonas_A,Pseudoxanthomonas_A japonensis,0.375,0.012,0.9957/0.9956
Ea.F.1.H.C,A02,Earl,dorm_sample,Bacteria,Actinomycetota,Actinomycetes,Actinomycetales,Microbacteriaceae,Agromyces,Agromyces mediolanus_A,0.375,0.012,0.9971/0.9971
Ea.F.1.H.C,A02,Earl,dorm_sample,Bacteria,Bacteroidota,Bacteroidia,Cytophagales,Cyclobacteriaceae,Chryseolinea,Chryseolinea sp049840655,0.5,0.016,0.7986/0.7720
Ea.F.1.H.C,A02,Earl,dorm_sample,Bacteria,Bacteroidota,Bacteroidia,Cytophagales,Cyclobacteriaceae,UBA2336,UBA2336 sp964538575,0.5,0.016,0.8659/0.8535
Ea.F.1.H.C,A02,Earl,dorm_sample,Bacteria,Pseudomonadota,Gammaproteobacteria,Xanthomonadales,Xanthomonadaceae,Stenotrophomonas,Stenotrophomonas oahuensis,0.5,0.016,0.9669/0.9593
Ea.F.1.H.C,A02,Earl,dorm_sample,Bacteria,Bacteroidota,Bacteroidia,B-17B0,Aurantibacillaceae,UBA4416,UBA4416 sp943362175,0.625,0.02,0.9459/0.9247
Ea.F.1.H.C,A02,Earl,dorm_sample,Bacteria,Pseudomonadota,Gammaproteobacteria,Burkholderiales,Burkholderiaceae_C,Aquincola,Aquincola tertiaricarbonis_B,0.625,0.02,0.9650/0.9612
Ea.F.1.H.C,A02,Earl,dorm_sample,Bacteria,Actinomycetota,Actinomycetes,Mycobacteriales,Mycobacteriaceae,Mycobacterium,Mycobacterium fortuitum,0.625,0.02,0.9989/0.9989
Ea.F.1.H.C,A02,Earl,dorm_sample,Bacteria,Pseudomonadota,Gammaproteobacteria,Xanthomonadales,Xanthomonadaceae,Lysobacter_I,Lysobacter_I sp036404915,0.75,0.024,0.9813/0.9721
Ea.F.1.H.C,A02,Earl,dorm_sample,Bacteria,Cyanobacteriota,Vampirovibrionia,Obscuribacterales,Obscuribacteraceae,JAFKGK01,JAFKGK01 sp017307165,0.875,0.028,0.9569/0.9562
Ea.F.1.H.C,A02,Earl,dorm_sample,Bacteria,Pseudomonadota,Gammaproteobacteria,Burkholderiales,Burkholderiaceae_C,Acidovorax,Acidovorax temperans,0.875,0.028,0.9797/0.9795
Ea.F.1.H.C,A02,Earl,dorm_sample,Bacteria,Pseudomonadota,Gammaproteobacteria,Xanthomonadales,Xanthomonadaceae,Pseudoxanthomonas_A,Pseudoxanthomonas_A mexicana,0.875,0.028,0.9848/0.9841
Ea.F.1.H.C,A02,Earl,dorm_sample,Bacteria,Pseudomonadota,Gammaproteobacteria,Pseudomonadales,Moraxellaceae,Acinetobacter,Acinetobacter junii,0.875,0.028,0.9864/0.9837
Ea.F.1.H.C,A02,Earl,dorm_sample,Bacteria,Babelota,Babeliae,Babelales,Vermiphilaceae,Vermiphilus,Vermiphilus pyriformis,0.875,0.028,0.9981/0.9981
Ea.F.1.H.C,A02,Earl,dorm_sample,Bacteria,Pseudomonadota,Alphaproteobacteria,Sphingomonadales,Sphingomonadaceae,Sphingopyxis,Sphingopyxis sp014873485,1.125,0.036,0.9232/0.8772
Ea.F.1.H.C,A02,Earl,dorm_sample,Bacteria,Pseudomonadota,Alphaproteobacteria,Sphingomonadales,Sphingomonadaceae,Blastomonas,Blastomonas ursincola,1.125,0.036,0.9913/0.9906
Ea.F.1.H.C,A02,Earl,dorm_sample,Bacteria,Pseudomonadota,Alphaproteobacteria,Sphingomonadales,Sphingomonadaceae,Sphingopyxis,Sphingopyxis sp001468395,1.25,0.04,0.9770/0.9741
Ea.F.1.H.C,A02,Earl,dorm_sample,Bacteria,Actinomycetota,Actinomycetes,Mycobacteriales,Mycobacteriaceae,Mycobacterium,Mycobacterium phocaicum,1.375,0.044,0.9912/0.9908
Ea.F.1.H.C,A02,Earl,dorm_sample,Bacteria,Pseudomonadota,Gammaproteobacteria,Burkholderiales,Burkholderiaceae_C,Ottowia,Ottowia sp018060485,1.875,0.06,0.9829/0.9600
Ea.F.1.H.C,A02,Earl,dorm_sample,Bacteria,unclassified Bacteria phylum,unclassified Bacteria class,unclassified Bacteria order,unclassified Bacteria family,unclassified Bacteria genus,unclassified Bacteria species,10,0.32,0.0000/0.0000
Te.F.1.L.A,A03,Teal,dorm_sample,Archaea,unclassified Archaea phylum,unclassified Archaea class,unclassified Archaea order,unclassified Archaea family,unclassified Archaea genus,unclassified Archaea species,0.125,0.000520562,0.0000/0.0000
Te.F.1.L.A,A03,Teal,dorm_sample,Bacteria,Pseudomonadota,Alphaproteobacteria,Micavibrionales,UBA2020,UBA2020,UBA2020 sp030682495,0.25,0.001041124,0.7739/0.7532
Te.F.1.L.A,A03,Teal,dorm_sample,Bacteria,Bdellovibrionota,Bdellovibrionia,Bdellovibrionales,UBA1609,CAYHVK01,CAYHVK01 sp964360255,0.25,0.001041124,0.7769/0.7457
Te.F.1.L.A,A03,Teal,dorm_sample,Bacteria,Acidobacteriota,Blastocatellia,Pyrinomonadales,Pyrinomonadaceae,JALZHR01,JALZHR01 sp036388475,0.25,0.001041124,0.7907/0.7462
Te.F.1.L.A,A03,Teal,dorm_sample,Bacteria,Cyanobacteriota,Vampirovibrionia,Obscuribacterales,Obscuribacteraceae,Ga0077546,Ga0077546 sp021732025,0.25,0.001041124,0.7981/0.7511
Te.F.1.L.A,A03,Teal,dorm_sample,Bacteria,Bdellovibrionota,Bdellovibrionia,Bdellovibrionales,Bdellovibrionaceae,Bdellovibrio,Bdellovibrio sp047323225,0.25,0.001041124,0.8063/0.7799
Te.F.1.L.A,A03,Teal,dorm_sample,Bacteria,Bacteroidota,Bacteroidia,B-17B0,Aurantibacillaceae,Aurantibacillus,Aurantibacillus sp002319075,0.25,0.001041124,0.8133/0.7792
Te.F.1.L.A,A03,Teal,dorm_sample,Bacteria,Cyanobacteriota,Vampirovibrionia,Obscuribacterales,Obscuribacteraceae,Ga0077546,Ga0077546 sp036170915,0.25,0.001041124,0.8265/0.7972
Te.F.1.L.A,A03,Teal,dorm_sample,Bacteria,Acidobacteriota,Vicinamibacteria,Vicinamibacterales,UBA2999,VFZN01,VFZN01 sp963709325,0.25,0.001041124,0.8356/0.8138
Te.F.1.L.A,A03,Teal,dorm_sample,Bacteria,Bacteroidota,Bacteroidia,Flavobacteriales,Weeksellaceae,CAKZIK01,CAKZIK01 sp936933875,0.25,0.001041124,0.8386/0.8062
Te.F.1.L.A,A03,Teal,dorm_sample,Bacteria,Pseudomonadota,Alphaproteobacteria,Sphingomonadales,Sphingomonadaceae,Sphingomonas,Sphingomonas jeddahensis,0.25,0.001041124,0.8557/0.7675
Te.F.1.L.A,A03,Teal,dorm_sample,Bacteria,Pseudomonadota,Alphaproteobacteria,Rhizobiales,Rhizobiaceae,Arvimicrobium,Arvimicrobium flavum,0.25,0.001041124,0.8633/0.8553
Te.F.1.L.A,A03,Teal,dorm_sample,Bacteria,Pseudomonadota,Alphaproteobacteria,Sphingomonadales,Sphingomonadaceae,Solisphingomonas,Solisphingomonas quercus,0.25,0.001041124,0.8767/0.8540
Te.F.1.L.A,A03,Teal,dorm_sample,Bacteria,Pseudomonadota,Alphaproteobacteria,Sphingomonadales,Sphingomonadaceae,Sphingopyxis,Sphingopyxis soli,0.25,0.001041124,0.9104/0.8614
Te.F.1.L.A,A03,Teal,dorm_sample,Bacteria,Pseudomonadota,Alphaproteobacteria,Sphingomonadales,Sphingomonadaceae,Sphingomonas,Sphingomonas sp964407945,0.25,0.001041124,0.9250/0.9204
Te.F.1.L.A,A03,Teal,dorm_sample,Bacteria,Pseudomonadota,Alphaproteobacteria,Reyranellales,Reyranellaceae,Reyranella,Reyranella sp026126105,0.25,0.001041124,0.9274/0.7638
Te.F.1.L.A,A03,Teal,dorm_sample,Bacteria,Actinomycetota,Thermoleophilia,Miltoncostaeales,Miltoncostaeaceae,Miltoncostaea,Miltoncostaea oceani,0.25,0.001041124,0.9337/0.9308
Te.F.1.L.A,A03,Teal,dorm_sample,Bacteria,Pseudomonadota,Gammaproteobacteria,Xanthomonadales,Xanthomonadaceae,Pseudoxanthomonas_A,Pseudoxanthomonas_A sp014851815,0.25,0.001041124,0.9345/0.9257
Te.F.1.L.A,A03,Teal,dorm_sample,Bacteria,Pseudomonadota,Alphaproteobacteria,Rhizobiales,Aestuariivirgaceae,Taklimakanibacter,Taklimakanibacter albus,0.25,0.001041124,0.9353/0.9240
Te.F.1.L.A,A03,Teal,dorm_sample,Bacteria,Pseudomonadota,Alphaproteobacteria,Sphingomonadales,Sphingomonadaceae,Sphingomonas,Sphingomonas ginsenosidimutans,0.25,0.001041124,0.9503/0.9364
Te.F.1.L.A,A03,Teal,dorm_sample,Bacteria,Chlamydiota,Chlamydiia,Chlamydiales,Parachlamydiaceae,Neochlamydia,Neochlamydia sp001897225,0.25,0.001041124,0.9587/0.9535
Te.F.1.L.A,A03,Teal,dorm_sample,Bacteria,Pseudomonadota,Alphaproteobacteria,Sphingomonadales,Sphingomonadaceae,Sphingopyxis,Sphingopyxis macrogoltabida_A,0.25,0.001041124,0.9803/0.9787
Te.F.1.L.A,A03,Teal,dorm_sample,Bacteria,Pseudomonadota,Alphaproteobacteria,Rhizobiales,Beijerinckiaceae,Methylobacterium,Methylobacterium sp900112625,0.25,0.001041124,0.9883/0.9882
Te.F.1.L.A,A03,Teal,dorm_sample,Bacteria,Pseudomonadota,Alphaproteobacteria,Paracaedibacterales,Paracaedibacteraceae,Paracaedibacter_A,Paracaedibacter_A symbiosus,0.375,0.001561687,0.7518/0.7204
Te.F.1.L.A,A03,Teal,dorm_sample,Bacteria,Bdellovibrionota,Bdellovibrionia,Bdellovibrionales,Bdellovibrionaceae,Bdellovibrio,Bdellovibrio sp037996825,0.375,0.001561687,0.7908/0.7543
Te.F.1.L.A,A03,Teal,dorm_sample,Bacteria,Bacteroidota,Bacteroidia,Chitinophagales,Chitinophagaceae,Rurimicrobium,Rurimicrobium sp041661485,0.375,0.001561687,0.8148/0.7999
Te.F.1.L.A,A03,Teal,dorm_sample,Bacteria,Pseudomonadota,Alphaproteobacteria,Sphingomonadales,Sphingomonadaceae,Sphingomonas,Sphingomonas sp017304635,0.375,0.001561687,0.8279/0.7063
Te.F.1.L.A,A03,Teal,dorm_sample,Bacteria,Planctomycetota,Planctomycetia,Planctomycetales,Planctomycetaceae,Planctomyces_A,Planctomyces_A sp023429275,0.375,0.001561687,0.8307/0.8069
Te.F.1.L.A,A03,Teal,dorm_sample,Bacteria,Bacteroidota,Bacteroidia,Cytophagales,Cyclobacteriaceae,UBA2336,UBA2336 sp965227265,0.375,0.001561687,0.8602/0.8415
Te.F.1.L.A,A03,Teal,dorm_sample,Bacteria,Bacteroidota,Bacteroidia,B-17B0,Aurantibacillaceae,UBA4416,UBA4416 sp943362175,0.375,0.001561687,0.8735/0.8310
Te.F.1.L.A,A03,Teal,dorm_sample,Bacteria,Pseudomonadota,Gammaproteobacteria,Xanthomonadales,Xanthomonadaceae,Lysobacter_I,Lysobacter_I sp005502915,0.375,0.001561687,0.9008/0.8794
Te.F.1.L.A,A03,Teal,dorm_sample,Bacteria,Pseudomonadota,Alphaproteobacteria,Rhizobiales,Beijerinckiaceae,Methylobacterium,Methylobacterium tarhaniae,0.375,0.001561687,0.9946/0.9945
Te.F.1.L.A,A03,Teal,dorm_sample,Bacteria,Pseudomonadota,Alphaproteobacteria,Sphingomonadales,Sphingomonadaceae,Sphingomonas,Sphingomonas sp031456125,0.375,0.001561687,0.9997/0.9997
Te.F.1.L.A,A03,Teal,dorm_sample,Bacteria,Bdellovibrionota,UBA1018,CAIPTA01,CAIPTA01,JAKFYM01,JAKFYM01 sp050246755,0.5,0.002082249,0.7654/0.7345
Te.F.1.L.A,A03,Teal,dorm_sample,Bacteria,Acidobacteriota,Blastocatellia,Pyrinomonadales,Pyrinomonadaceae,GCA-002050365,GCA-002050365 sp964244835,0.5,0.002082249,0.7963/0.7630
Te.F.1.L.A,A03,Teal,dorm_sample,Bacteria,Bacteroidota,Bacteroidia,Cytophagales,Cyclobacteriaceae,Chryseolinea,Chryseolinea sp963846745,0.5,0.002082249,0.8184/0.8101
Te.F.1.L.A,A03,Teal,dorm_sample,Bacteria,Bacteroidota,Bacteroidia,Cytophagales,172606-1,Xanthocytophaga,Xanthocytophaga sp963520985,0.5,0.002082249,0.9515/0.9469
Te.F.1.L.A,A03,Teal,dorm_sample,Bacteria,Pseudomonadota,Alphaproteobacteria,Caulobacterales,Caulobacteraceae,Caulobacter,Caulobacter sp913776195,0.5,0.002082249,0.9850/0.9847
Te.F.1.L.A,A03,Teal,dorm_sample,Bacteria,Actinomycetota,Actinomycetes,Mycobacteriales,Mycobacteriaceae,Mycobacterium,Mycobacterium sp018326285,0.5,0.002082249,0.9898/0.9896
Te.F.1.L.A,A03,Teal,dorm_sample,Bacteria,Pseudomonadota,Gammaproteobacteria,Xanthomonadales,Xanthomonadaceae,Pseudoxanthomonas_A,Pseudoxanthomonas_A mexicana,0.5,0.002082249,0.9899/0.9890
Te.F.1.L.A,A03,Teal,dorm_sample,Bacteria,Pseudomonadota,Gammaproteobacteria,Burkholderiales,Burkholderiaceae_C,Acidovorax,Acidovorax sp046339755,0.5,0.002082249,0.9958/0.9934
Te.F.1.L.A,A03,Teal,dorm_sample,Bacteria,Acidobacteriota,Vicinamibacteria,Vicinamibacterales,Vicinamibacteraceae,JBDSLU01,JBDSLU01 sp963816265,0.625,0.002602811,0.7865/0.7217
Te.F.1.L.A,A03,Teal,dorm_sample,Bacteria,Actinomycetota,Actinomycetes,Mycobacteriales,Mycobacteriaceae,Mycobacterium,Mycobacterium kiyosense,0.625,0.002602811,0.8477/0.8270
Te.F.1.L.A,A03,Teal,dorm_sample,Bacteria,Planctomycetota,Planctomycetia,Pirellulales,PALSA-1355,JALHMI01,JALHMI01 sp041741015,0.625,0.002602811,0.9073/0.8831
Te.F.1.L.A,A03,Teal,dorm_sample,Bacteria,Planctomycetota,Planctomycetia,Pirellulales,Lacipirellulaceae,Lacipirellula,Lacipirellula parvula,0.625,0.002602811,0.9263/0.9181
Te.F.1.L.A,A03,Teal,dorm_sample,Bacteria,Pseudomonadota,Alphaproteobacteria,Caulobacterales,Caulobacteraceae,Brevundimonas,Brevundimonas vesicularis_E,0.625,0.002602811,0.9654/0.9584
Te.F.1.L.A,A03,Teal,dorm_sample,Bacteria,Actinomycetota,Actinomycetes,Actinomycetales,Microbacteriaceae,Microbacterium,Microbacterium sp003248845,0.625,0.002602811,0.9813/0.9726
Te.F.1.L.A,A03,Teal,dorm_sample,Bacteria,Bacteroidota,Bacteroidia,Sphingobacteriales,Sphingobacteriaceae,Pedobacter,Pedobacter chitinilyticus,0.625,0.002602811,0.9899/0.9891
Te.F.1.L.A,A03,Teal,dorm_sample,Bacteria,Pseudomonadota,Alphaproteobacteria,Rhizobiales,Hyphomicrobiaceae,JAKAXS01,JAKAXS01 sp030655135,0.75,0.003123373,0.8352/0.7021
Te.F.1.L.A,A03,Teal,dorm_sample,Bacteria,Pseudomonadota,Gammaproteobacteria,Xanthomonadales,Rhodanobacteraceae,Dokdonella,Dokdonella sp002483055,0.75,0.003123373,0.9945/0.9941
Te.F.1.L.A,A03,Teal,dorm_sample,Bacteria,Pseudomonadota,Alphaproteobacteria,Caulobacterales,Caulobacteraceae,Brevundimonas,Brevundimonas sp041919755,1,0.004164498,0.9268/0.8520
Te.F.1.L.A,A03,Teal,dorm_sample,Bacteria,Actinomycetota,Actinomycetes,Mycobacteriales,Mycobacteriaceae,Mycobacterium,Mycobacterium gwanakae,1,0.004164498,0.9999/0.9999
Te.F.1.L.A,A03,Teal,dorm_sample,Bacteria,Pseudomonadota,Alphaproteobacteria,Caulobacterales,Caulobacteraceae,Phenylobacterium,Phenylobacterium sp965284355,1.125,0.00468506,0.8528/0.7243
Te.F.1.L.A,A03,Teal,dorm_sample,Bacteria,Pseudomonadota,Alphaproteobacteria,Sphingomonadales,Sphingomonadaceae,Sphingomonas,Sphingomonas sp036402235,1.125,0.00468506,0.8716/0.8524
Te.F.1.L.A,A03,Teal,dorm_sample,Bacteria,Pseudomonadota,Alphaproteobacteria,Caulobacterales,Caulobacteraceae,Phenylobacterium,Phenylobacterium kunshanense,1.125,0.00468506,0.9133/0.9084
Te.F.1.L.A,A03,Teal,dorm_sample,Bacteria,Pseudomonadota,Alphaproteobacteria,Rhizobiales,Beijerinckiaceae,Methylobacterium,Methylobacterium isbiliense,1.125,0.00468506,0.9989/0.9989
Te.F.1.L.A,A03,Teal,dorm_sample,Bacteria,Actinomycetota,Actinomycetes,Actinomycetales,Microbacteriaceae,Pseudolysinimonas_A,Pseudolysinimonas_A sp947085045,1.25,0.005205622,0.8547/0.7903
Te.F.1.L.A,A03,Teal,dorm_sample,Bacteria,Pseudomonadota,Alphaproteobacteria,Rhizobiales,Xanthobacteraceae,Bradyrhizobium,Bradyrhizobium lablabi_C,1.375,0.005726184,0.8961/0.8756
Te.F.1.L.A,A03,Teal,dorm_sample,Bacteria,Planctomycetota,Planctomycetia,Planctomycetales,Planctomycetaceae,Planctomyces_A,Planctomyces_A sp001610835,1.5,0.006246746,0.8508/0.8255
Te.F.1.L.A,A03,Teal,dorm_sample,Bacteria,Pseudomonadota,Alphaproteobacteria,Caulobacterales,Caulobacteraceae,Phenylobacterium,Phenylobacterium sp040752615,1.5,0.006246746,0.9104/0.8437
Te.F.1.L.A,A03,Teal,dorm_sample,Bacteria,Actinomycetota,Actinomycetes,Actinomycetales,Microbacteriaceae,Pseudolysinimonas_A,Pseudolysinimonas_A sp023457615,1.5,0.006246746,0.9135/0.8999
Te.F.1.L.A,A03,Teal,dorm_sample,Bacteria,Pseudomonadota,Alphaproteobacteria,Sphingomonadales,Sphingomonadaceae,Sphingobium_A,Sphingobium_A colocasiae,1.625,0.006767309,0.8499/0.8274
Te.F.1.L.A,A03,Teal,dorm_sample,Bacteria,Pseudomonadota,Alphaproteobacteria,Caulobacterales,Caulobacteraceae,Brevundimonas,Brevundimonas sp003248965,1.625,0.006767309,0.9842/0.9792
Te.F.1.L.A,A03,Teal,dorm_sample,Bacteria,Pseudomonadota,Gammaproteobacteria,Xanthomonadales,Xanthomonadaceae,Lysobacter_I,Lysobacter_I sp050632415,1.875,0.007808433,0.9404/0.9134
Te.F.1.L.A,A03,Teal,dorm_sample,Bacteria,Acidobacteriota,Blastocatellia,Pyrinomonadales,Pyrinomonadaceae,JALZHR01,JALZHR01 sp036388635,2.125,0.008849558,0.7642/0.7175
Te.F.1.L.A,A03,Teal,dorm_sample,Bacteria,Pseudomonadota,Alphaproteobacteria,Sphingomonadales,Sphingomonadaceae,Sphingomonas,Sphingomonas koreensis,2.125,0.008849558,0.9090/0.8717
Te.F.1.L.A,A03,Teal,dorm_sample,Bacteria,Pseudomonadota,Alphaproteobacteria,Rhizobiales,Rhizobiaceae,Shinella,Shinella sp001262505,2.25,0.00937012,0.9929/0.9928
Te.F.1.L.A,A03,Teal,dorm_sample,Bacteria,Pseudomonadota,Alphaproteobacteria,Caulobacterales,Caulobacteraceae,Phenylobacterium,Phenylobacterium sp004299445,2.375,0.009890682,0.8890/0.8398
Te.F.1.L.A,A03,Teal,dorm_sample,Bacteria,Pseudomonadota,Gammaproteobacteria,Xanthomonadales,Xanthomonadaceae,Lysobacter_I,Lysobacter_I brunescens,2.375,0.009890682,0.9479/0.9452
Te.F.1.L.A,A03,Teal,dorm_sample,Bacteria,Pseudomonadota,Alphaproteobacteria,Caulobacterales,Caulobacteraceae,Phenylobacterium,Phenylobacterium sp001824475,2.5,0.01041124,0.9168/0.8988
Te.F.1.L.A,A03,Teal,dorm_sample,Bacteria,Pseudomonadota,Gammaproteobacteria,Burkholderiales,Burkholderiaceae_C,Aquincola,Aquincola tertiaricarbonis_B,2.875,0.01197293,0.9677/0.9642
Te.F.1.L.A,A03,Teal,dorm_sample,Bacteria,Pseudomonadota,Alphaproteobacteria,Rhizobiales,Hyphomicrobiaceae,JAKAXS01,JAKAXS01 sp965279065,3,0.01249349,0.8937/0.8671
Te.F.1.L.A,A03,Teal,dorm_sample,Bacteria,Pseudomonadota,Alphaproteobacteria,Sphingomonadales,Sphingomonadaceae,Sphingomonas,Sphingomonas taxi_B,3.125,0.01301406,0.9993/0.9992
Te.F.1.L.A,A03,Teal,dorm_sample,Bacteria,Pseudomonadota,Alphaproteobacteria,Sphingomonadales,Sphingomonadaceae,Sphingopyxis,Sphingopyxis sp001468395,3.25,0.01353462,0.9102/0.8751
Te.F.1.L.A,A03,Teal,dorm_sample,Bacteria,Acidobacteriota,Blastocatellia,Pyrinomonadales,Pyrinomonadaceae,GCA-002050365,GCA-002050365 sp965218105,3.375,0.01405518,0.7953/0.7585
Te.F.1.L.A,A03,Teal,dorm_sample,Bacteria,Acidobacteriota,Blastocatellia,Pyrinomonadales,Pyrinomonadaceae,DATHTS01,DATHTS01 sp965217985,3.625,0.0150963,0.7871/0.7350
Te.F.1.L.A,A03,Teal,dorm_sample,Bacteria,Pseudomonadota,Gammaproteobacteria,Xanthomonadales,Rhodanobacteraceae,Tahibacter,Tahibacter sp042701255,4.125,0.01717855,0.9295/0.9260
Te.F.1.L.A,A03,Teal,dorm_sample,Bacteria,Acidobacteriota,Blastocatellia,Pyrinomonadales,Pyrinomonadaceae,JAFDVJ01,JAFDVJ01 sp965247805,4.375,0.01821968,0.8088/0.7788
Te.F.1.L.A,A03,Teal,dorm_sample,Bacteria,Pseudomonadota,Alphaproteobacteria,Rhizobiales,Beijerinckiaceae,Methylobacterium,Methylobacterium radiotolerans,4.375,0.01821968,0.9939/0.9931
Te.F.1.L.A,A03,Teal,dorm_sample,Bacteria,Pseudomonadota,Gammaproteobacteria,Xanthomonadales,Rhodanobacteraceae,Tahibacter,Tahibacter harae,4.5,0.01874024,0.9514/0.9298
Te.F.1.L.A,A03,Teal,dorm_sample,Bacteria,Pseudomonadota,Alphaproteobacteria,Sphingomonadales,Sphingomonadaceae,Sphingopyxis,Sphingopyxis sp035998905,5.75,0.02394586,0.9939/0.9895
Te.F.1.L.A,A03,Teal,dorm_sample,Bacteria,Acidobacteriota,Blastocatellia,Pyrinomonadales,Pyrinomonadaceae,JAIBCC01,JAIBCC01 sp963779235,6,0.02498699,0.8040/0.7505
Te.F.1.L.A,A03,Teal,dorm_sample,Bacteria,Pseudomonadota,Gammaproteobacteria,Xanthomonadales,Xanthomonadaceae,Lysobacter_I,Lysobacter_I sp036404915,8.625,0.03591879,0.9767/0.9683
Te.F.1.L.A,A03,Teal,dorm_sample,Bacteria,Pseudomonadota,Alphaproteobacteria,Sphingomonadales,Sphingomonadaceae,Sphingopyxis,Sphingopyxis sp014873485,9.875,0.04112441,0.9511/0.9257
Te.F.1.L.A,A03,Teal,dorm_sample,Bacteria,Pseudomonadota,Gammaproteobacteria,Xanthomonadales,Xanthomonadaceae,Pseudoxanthomonas_A,Pseudoxanthomonas_A japonensis,10.5,0.04372723,0.9826/0.9819
Te.F.1.L.A,A03,Teal,dorm_sample,Bacteria,Pseudomonadota,Gammaproteobacteria,Burkholderiales,Burkholderiaceae_C,Ottowia,Ottowia testudinis,11,0.04580947,0.9076/0.9003
Te.F.1.L.A,A03,Teal,dorm_sample,Bacteria,Pseudomonadota,Alphaproteobacteria,Rhizobiales,Hyphomicrobiaceae,JAKAXS01,JAKAXS01 sp963846845,11.625,0.04841229,0.8673/0.8352
Te.F.1.L.A,A03,Teal,dorm_sample,Bacteria,Pseudomonadota,Alphaproteobacteria,Sphingomonadales,Sphingomonadaceae,Blastomonas,Blastomonas ursincola,11.875,0.04945341,0.9905/0.9861
Te.F.1.L.A,A03,Teal,dorm_sample,Bacteria,Actinomycetota,Actinomycetes,Mycobacteriales,Mycobacteriaceae,Mycobacterium,Mycobacterium phocaicum,12.875,0.05361791,0.9920/0.9909
Te.F.1.L.A,A03,Teal,dorm_sample,Bacteria,unclassified Bacteria phylum,unclassified Bacteria class,unclassified Bacteria order,unclassified Bacteria family,unclassified Bacteria genus,unclassified Bacteria species,27.25,0.1134826,0.0000/0.0000
Te.F.1.L.A,A03,Teal,dorm_sample,Bacteria,Pseudomonadota,Gammaproteobacteria,Burkholderiales,Burkholderiaceae_C,Ottowia,Ottowia sp018060485,36.375,0.1514836,0.9870/0.9699
Te.F.3.H.C,A05,Teal,dorm_sample,Bacteria,Pseudomonadota,Gammaproteobacteria,Legionellales,Legionellaceae,Legionella,Legionella cincinnatiensis,0.25,0.003623188,0.7478/0.7316
Te.F.3.H.C,A05,Teal,dorm_sample,Bacteria,Planctomycetota,Planctomycetia,Pirellulales,Lacipirellulaceae,Bythopirellula,Bythopirellula sp034439695,0.25,0.003623188,0.7827/0.7289
Te.F.3.H.C,A05,Teal,dorm_sample,Bacteria,Chloroflexota,Anaerolineae,Aggregatilineales,Phototrophicaceae,Flexifilum,Flexifilum sp046328655,0.25,0.003623188,0.7916/0.7567
Te.F.3.H.C,A05,Teal,dorm_sample,Bacteria,Verrucomicrobiota,Verrucomicrobiia,Chthoniobacterales,Terrimicrobiaceae,CAYUMP01,CAYUMP01 sp964445975,0.25,0.003623188,0.7962/0.7736
Te.F.3.H.C,A05,Teal,dorm_sample,Bacteria,Bacteroidota,Bacteroidia,Flavobacteriales_D,UBA2798,DASPJQ01,DASPJQ01 sp035299065,0.25,0.003623188,0.8110/0.8011
Te.F.3.H.C,A05,Teal,dorm_sample,Bacteria,Pseudomonadota,Gammaproteobacteria,Xanthomonadales,Ahniellaceae,UBA4656,UBA4656 sp031412975,0.25,0.003623188,0.8125/0.7892
Te.F.3.H.C,A05,Teal,dorm_sample,Bacteria,Bacteroidota,Bacteroidia,Cytophagales,Cytophagaceae,JACMQM01,JACMQM01 sp964454665,0.25,0.003623188,0.8497/0.8428
Te.F.3.H.C,A05,Teal,dorm_sample,Bacteria,Planctomycetota,Planctomycetia,Pirellulales,Lacipirellulaceae,JABDGM01,JABDGM01 sp964618225,0.25,0.003623188,0.8569/0.8317
Te.F.3.H.C,A05,Teal,dorm_sample,Bacteria,Pseudomonadota,Alphaproteobacteria,Sphingomonadales,Sphingomonadaceae,Sphingobium_A,Sphingobium_A colocasiae,0.25,0.003623188,0.8583/0.8206
Te.F.3.H.C,A05,Teal,dorm_sample,Bacteria,Actinomycetota,Actinomycetes,Actinomycetales,Microbacteriaceae,Pseudolysinimonas_A,Pseudolysinimonas_A sp023457615,0.25,0.003623188,0.8668/0.7796
Te.F.3.H.C,A05,Teal,dorm_sample,Bacteria,Pseudomonadota,Alphaproteobacteria,Rhizobiales,Rhizobiaceae,Arvimicrobium,Arvimicrobium flavum,0.25,0.003623188,0.8790/0.8445
Te.F.3.H.C,A05,Teal,dorm_sample,Bacteria,Planctomycetota,Planctomycetia,Pirellulales,PALSA-1355,JALHMI01,JALHMI01 sp022844125,0.25,0.003623188,0.8825/0.8615
Te.F.3.H.C,A05,Teal,dorm_sample,Bacteria,Pseudomonadota,Alphaproteobacteria,Acetobacterales,Acetobacteraceae,Falsiroseomonas,Falsiroseomonas bella,0.25,0.003623188,0.9006/0.8774
Te.F.3.H.C,A05,Teal,dorm_sample,Bacteria,Pseudomonadota,Gammaproteobacteria,Burkholderiales,Burkholderiaceae,Imbroritus,Imbroritus primus,0.25,0.003623188,0.9253/0.9034
Te.F.3.H.C,A05,Teal,dorm_sample,Bacteria,Pseudomonadota,Alphaproteobacteria,Sphingomonadales,Sphingomonadaceae,JAWKXU01,JAWKXU01 sp035581365,0.25,0.003623188,0.9859/0.9847
Te.F.3.H.C,A05,Teal,dorm_sample,Bacteria,Pseudomonadota,Alphaproteobacteria,Reyranellales,Reyranellaceae,Reyranella,Reyranella sp026126105,0.25,0.003623188,0.9890/0.9887
Te.F.3.H.C,A05,Teal,dorm_sample,Bacteria,Pseudomonadota,Alphaproteobacteria,Rhizobiales,Rhizobiaceae,Agrobacterium,Agrobacterium pusense,0.25,0.003623188,0.9988/0.9988
Te.F.3.H.C,A05,Teal,dorm_sample,Bacteria,Pseudomonadota,Alphaproteobacteria,Caulobacterales,Caulobacteraceae,Brevundimonas,Brevundimonas colombiensis,0.25,0.003623188,0.9995/0.9995
Te.F.3.H.C,A05,Teal,dorm_sample,Bacteria,Pseudomonadota,Alphaproteobacteria,Caulobacterales,Caulobacteraceae,Brevundimonas,Brevundimonas sp002484265,0.25,0.003623188,0.9998/0.9997
Te.F.3.H.C,A05,Teal,dorm_sample,Bacteria,Planctomycetota,SZUA-567,H5-PLA8,H5-PLA8,JBBRPR01,JBBRPR01 sp038227875,0.375,0.005434783,0.7667/0.7126
Te.F.3.H.C,A05,Teal,dorm_sample,Bacteria,Pseudomonadota,Alphaproteobacteria,Caulobacterales,Caulobacteraceae,Phenylobacterium,Phenylobacterium sp018240795,0.375,0.005434783,0.8726/0.8457
Te.F.3.H.C,A05,Teal,dorm_sample,Bacteria,Planctomycetota,Planctomycetia,Pirellulales,JAEUIK01,JAIESQ01,JAIESQ01 sp964495375,0.375,0.005434783,0.8853/0.8683
Te.F.3.H.C,A05,Teal,dorm_sample,Bacteria,Actinomycetota,Actinomycetes,Mycobacteriales,Nakamurellaceae,Nakamurella,Nakamurella multipartita,0.375,0.005434783,0.9641/0.9461
Te.F.3.H.C,A05,Teal,dorm_sample,Bacteria,Actinomycetota,Actinomycetes,Actinomycetales,Microbacteriaceae,Microbacterium,Microbacterium aurum,0.375,0.005434783,0.9958/0.9917
Te.F.3.H.C,A05,Teal,dorm_sample,Bacteria,Planctomycetota,Planctomycetia,Pirellulales,Lacipirellulaceae,Bythopirellula,Bythopirellula sp041737835,0.5,0.007246377,0.8129/0.7531
Te.F.3.H.C,A05,Teal,dorm_sample,Bacteria,Verrucomicrobiota,Verrucomicrobiia,Chthoniobacterales,Terrimicrobiaceae,Terrimicrobium,Terrimicrobium sp003054655,0.5,0.007246377,0.8216/0.8088
Te.F.3.H.C,A05,Teal,dorm_sample,Bacteria,Pseudomonadota,Alphaproteobacteria,Sphingomonadales,Sphingomonadaceae,Allosphingosinicella,Allosphingosinicella sp019635535,0.5,0.007246377,0.8588/0.7688
Te.F.3.H.C,A05,Teal,dorm_sample,Bacteria,Pseudomonadota,Alphaproteobacteria,Rhizobiales,Xanthobacteraceae,Bradyrhizobium,Bradyrhizobium sp963731915,0.5,0.007246377,0.8800/0.8282
Te.F.3.H.C,A05,Teal,dorm_sample,Bacteria,Pseudomonadota,Alphaproteobacteria,Rhizobiales,Aestuariivirgaceae,Taklimakanibacter,Taklimakanibacter albus,0.5,0.007246377,0.9435/0.9311
Te.F.3.H.C,A05,Teal,dorm_sample,Bacteria,Bacteroidota,Bacteroidia,Chitinophagales,Chitinophagaceae,Agriterribacter,Agriterribacter sp051955255,0.5,0.007246377,0.9815/0.9750
Te.F.3.H.C,A05,Teal,dorm_sample,Bacteria,Planctomycetota,Planctomycetia,Pirellulales,Lacipirellulaceae,Lacipirellula,Lacipirellula parvula,0.625,0.009057971,0.8986/0.8631
Te.F.3.H.C,A05,Teal,dorm_sample,Bacteria,Actinomycetota,Actinomycetes,Mycobacteriales,Mycobacteriaceae,Mycobacterium,Mycobacterium sp018326285,0.625,0.009057971,0.9924/0.9916
Te.F.3.H.C,A05,Teal,dorm_sample,Bacteria,Planctomycetota,Planctomycetia,Pirellulales,PALSA-1355,JALHMI01,JALHMI01 sp041741015,0.75,0.01086957,0.8498/0.8203
Te.F.3.H.C,A05,Teal,dorm_sample,Bacteria,Actinomycetota,Actinomycetes,Mycobacteriales,Mycobacteriaceae,Mycobacterium,Mycobacterium kiyosense,0.75,0.01086957,0.8627/0.8238
Te.F.3.H.C,A05,Teal,dorm_sample,Bacteria,Pseudomonadota,Alphaproteobacteria,Rhizobiales,Xanthobacteraceae,Bradyrhizobium,Bradyrhizobium sp023387735,0.75,0.01086957,0.9900/0.9895
Te.F.3.H.C,A05,Teal,dorm_sample,Bacteria,Acidobacteriota,Vicinamibacteria,Vicinamibacterales,Vicinamibacteraceae,JBDSLU01,JBDSLU01 sp963816265,0.875,0.01268116,0.8218/0.7883
Te.F.3.H.C,A05,Teal,dorm_sample,Bacteria,Acidobacteriota,Blastocatellia,Pyrinomonadales,Pyrinomonadaceae,JAJQRF01,JAJQRF01 sp021228405,1.125,0.01630435,0.8930/0.8300
Te.F.3.H.C,A05,Teal,dorm_sample,Bacteria,Pseudomonadota,Gammaproteobacteria,Burkholderiales,Burkholderiaceae_C,Ottowia,Ottowia sp018060485,1.125,0.01630435,0.9799/0.9796
Te.F.3.H.C,A05,Teal,dorm_sample,Bacteria,Pseudomonadota,Gammaproteobacteria,Xanthomonadales,Xanthomonadaceae,Stenotrophomonas,Stenotrophomonas maltophilia_A,1.125,0.01630435,0.9974/0.9974
Te.F.3.H.C,A05,Teal,dorm_sample,Bacteria,Pseudomonadota,Alphaproteobacteria,Sphingomonadales,Sphingomonadaceae,Allosphingosinicella,Allosphingosinicella sp031157375,1.375,0.01992754,0.8693/0.8428
Te.F.3.H.C,A05,Teal,dorm_sample,Bacteria,Pseudomonadota,Alphaproteobacteria,Sphingomonadales,Sphingomonadaceae,Sphingopyxis,Sphingopyxis sp014873485,1.625,0.02355072,0.9505/0.9307
Te.F.3.H.C,A05,Teal,dorm_sample,Bacteria,Pseudomonadota,Gammaproteobacteria,Xanthomonadales,Xanthomonadaceae,Stenotrophomonas,Stenotrophomonas maltophilia,2.25,0.0326087,0.9991/0.9991
Te.F.3.H.C,A05,Teal,dorm_sample,Bacteria,Pseudomonadota,Alphaproteobacteria,Sphingomonadales,Sphingomonadaceae,Sphingobium,Sphingobium yanoikuyae_A,2.25,0.0326087,0.9995/0.9995
Te.F.3.H.C,A05,Teal,dorm_sample,Bacteria,Actinomycetota,Actinomycetes,Mycobacteriales,Mycobacteriaceae,Mycobacterium,Mycobacterium fortuitum,2.875,0.04166667,0.9987/0.9986
Te.F.3.H.C,A05,Teal,dorm_sample,Bacteria,Pseudomonadota,Gammaproteobacteria,Pseudomonadales,Moraxellaceae,Acinetobacter,Acinetobacter johnsonii,3.875,0.05615942,0.9940/0.9937
Te.F.3.H.C,A05,Teal,dorm_sample,Bacteria,unclassified Bacteria phylum,unclassified Bacteria class,unclassified Bacteria order,unclassified Bacteria family,unclassified Bacteria genus,unclassified Bacteria species,10,0.1449275,0.0000/0.0000
Te.F.3.H.C,A05,Teal,dorm_sample,Bacteria,Actinomycetota,Actinomycetes,Mycobacteriales,Mycobacteriaceae,Mycobacterium,Mycobacterium phocaicum,11.375,0.1648551,0.9893/0.9881
Te.F.3.H.C,A05,Teal,dorm_sample,Bacteria,Pseudomonadota,Gammaproteobacteria,Pseudomonadales,Moraxellaceae,Acinetobacter,Acinetobacter junii,16,0.2318841,0.9898/0.9823
Co.F.3.H.B,A06,Collins,dorm_sample,Bacteria,Bacteroidota,Bacteroidia,Cytophagales,Cytophagaceae,JACMQM01,JACMQM01 sp964454665,0.25,0.000866927,0.8172/0.8037
Co.F.3.H.B,A06,Collins,dorm_sample,Bacteria,Pseudomonadota,Alphaproteobacteria,Sphingomonadales,Sphingomonadaceae,JBLZUR01,JBLZUR01 sp048565625,0.25,0.000866927,0.8429/0.8243
Co.F.3.H.B,A06,Collins,dorm_sample,Bacteria,Bdellovibrionota,Bacteriovoracia,Bacteriovoracales,Bacteriovoracaceae,Peredibacter,Peredibacter sp050247975,0.25,0.000866927,0.8569/0.8542
Co.F.3.H.B,A06,Collins,dorm_sample,Bacteria,Bacteroidota,Bacteroidia,Cytophagales,Cytophagaceae,JACMQM01,JACMQM01 sp029237685,0.25,0.000866927,0.8591/0.8564
Co.F.3.H.B,A06,Collins,dorm_sample,Bacteria,Pseudomonadota,Alphaproteobacteria,Caulobacterales,Caulobacteraceae,Phenylobacterium,Phenylobacterium sp018821435,0.25,0.000866927,0.8630/0.8292
Co.F.3.H.B,A06,Collins,dorm_sample,Bacteria,Pseudomonadota,Alphaproteobacteria,Sphingomonadales,Sphingomonadaceae,Sphingomonas,Sphingomonas sp042096255,0.25,0.000866927,0.9226/0.8387
Co.F.3.H.B,A06,Collins,dorm_sample,Bacteria,Pseudomonadota,Gammaproteobacteria,Legionellales,Legionellaceae,Legionella_C,Legionella_C beliardensis,0.25,0.000866927,0.9455/0.9382
Co.F.3.H.B,A06,Collins,dorm_sample,Bacteria,Pseudomonadota,Alphaproteobacteria,Rhizobiales,Beijerinckiaceae,Allobosea,Allobosea eneae,0.25,0.000866927,0.9725/0.9644
Co.F.3.H.B,A06,Collins,dorm_sample,Bacteria,Pseudomonadota,Alphaproteobacteria,Caulobacterales,Caulobacteraceae,Brevundimonas,Brevundimonas vesicularis_E,0.25,0.000866927,0.9793/0.9789
Co.F.3.H.B,A06,Collins,dorm_sample,Bacteria,Pseudomonadota,Alphaproteobacteria,Rhizobiales,Beijerinckiaceae,Allobosea,Allobosea vestrisii,0.25,0.000866927,0.9876/0.9875
Co.F.3.H.B,A06,Collins,dorm_sample,Bacteria,Pseudomonadota,Alphaproteobacteria,Rhizobiales,Rhizobiaceae,Shinella,Shinella sp001262505,0.25,0.000866927,0.9951/0.9951
Co.F.3.H.B,A06,Collins,dorm_sample,Bacteria,Pseudomonadota,Alphaproteobacteria,Rhizobiales,Rhizobiaceae,Agrobacterium,Agrobacterium pusense,0.25,0.000866927,0.9996/0.9996
Co.F.3.H.B,A06,Collins,dorm_sample,Bacteria,Pseudomonadota,Alphaproteobacteria,Sphingomonadales,Sphingomonadaceae,Sphingomonas,Sphingomonas sp039615155,0.25,0.000866927,0.9999/0.9999
Co.F.3.H.B,A06,Collins,dorm_sample,Bacteria,Bdellovibrionota,UBA1018,CAIPTA01,CAIPTA01,JAKFYM01,JAKFYM01 sp050246755,0.375,0.00130039,0.7805/0.7593
Co.F.3.H.B,A06,Collins,dorm_sample,Bacteria,Bdellovibrionota,Bdellovibrionia,Bdellovibrionales,JAMPXM01,DATLHP01,DATLHP01 sp035539835,0.375,0.00130039,0.7810/0.7227
Co.F.3.H.B,A06,Collins,dorm_sample,Bacteria,Bacteroidota,Bacteroidia,Chitinophagales,Chitinophagaceae,Filimonas,Filimonas effusa,0.375,0.00130039,0.8384/0.8172
Co.F.3.H.B,A06,Collins,dorm_sample,Bacteria,Pseudomonadota,Alphaproteobacteria,Caulobacterales,Caulobacteraceae,Phenylobacterium,Phenylobacterium sp024699945,0.375,0.00130039,0.8976/0.8781
Co.F.3.H.B,A06,Collins,dorm_sample,Bacteria,Pseudomonadota,Alphaproteobacteria,Sphingomonadales,Sphingomonadaceae,Sphingomonas,Sphingomonas sp003951315,0.375,0.00130039,0.9253/0.8864
Co.F.3.H.B,A06,Collins,dorm_sample,Bacteria,Pseudomonadota,Alphaproteobacteria,Sphingomonadales,Sphingomonadaceae,Sphingopyxis,Sphingopyxis sp014873485,0.375,0.00130039,0.9290/0.8997
Co.F.3.H.B,A06,Collins,dorm_sample,Bacteria,Pseudomonadota,Alphaproteobacteria,Sphingomonadales,Sphingomonadaceae,Sphingomonas,Sphingomonas panaciterrae,0.375,0.00130039,0.9320/0.8631
Co.F.3.H.B,A06,Collins,dorm_sample,Bacteria,Pseudomonadota,Gammaproteobacteria,Burkholderiales,Burkholderiaceae_C,Pseudorhodoferax,Pseudorhodoferax sp001422365,0.375,0.00130039,0.9607/0.9590
Co.F.3.H.B,A06,Collins,dorm_sample,Bacteria,Pseudomonadota,Gammaproteobacteria,Burkholderiales,Burkholderiaceae_C,Acidovorax,Acidovorax temperans,0.375,0.00130039,0.9807/0.9805
Co.F.3.H.B,A06,Collins,dorm_sample,Bacteria,Bacteroidota,Bacteroidia,Cytophagales,Spirosomataceae,Siphonobacter,Siphonobacter aquaeclarae,0.375,0.00130039,0.9811/0.9303
Co.F.3.H.B,A06,Collins,dorm_sample,Bacteria,Pseudomonadota,Gammaproteobacteria,Xanthomonadales,Xanthomonadaceae,Pseudoxanthomonas_A,Pseudoxanthomonas_A beigongshangi,0.375,0.00130039,0.9825/0.9784
Co.F.3.H.B,A06,Collins,dorm_sample,Bacteria,Pseudomonadota,Gammaproteobacteria,Burkholderiales,Burkholderiaceae_C,Acidovorax,Acidovorax facilis,0.375,0.00130039,0.9853/0.9766
Co.F.3.H.B,A06,Collins,dorm_sample,Bacteria,Pseudomonadota,Gammaproteobacteria,Burkholderiales,Burkholderiaceae_C,Pseudorhodoferax,Pseudorhodoferax aquiterrae,0.375,0.00130039,0.9854/0.9852
Co.F.3.H.B,A06,Collins,dorm_sample,Bacteria,Bacteroidota,Bacteroidia,Flavobacteriales,Weeksellaceae,Epilithonimonas,Epilithonimonas pallida,0.375,0.00130039,0.9871/0.9848
Co.F.3.H.B,A06,Collins,dorm_sample,Bacteria,Actinomycetota,Actinomycetes,Actinomycetales,Microbacteriaceae,Agromyces,Agromyces mediolanus_A,0.375,0.00130039,0.9924/0.9923
Co.F.3.H.B,A06,Collins,dorm_sample,Bacteria,Actinomycetota,Actinomycetes,Mycobacteriales,Mycobacteriaceae,Mycobacterium,Mycobacterium gilvum,0.375,0.00130039,0.9976/0.9880
Co.F.3.H.B,A06,Collins,dorm_sample,Bacteria,Pseudomonadota,Alphaproteobacteria,Sphingomonadales,Sphingomonadaceae,Sphingomonas,Sphingomonas ginsenosidimutans,0.375,0.00130039,0.9983/0.9983
Co.F.3.H.B,A06,Collins,dorm_sample,Bacteria,Pseudomonadota,Gammaproteobacteria,Xanthomonadales,Xanthomonadaceae,Pseudoxanthomonas_A,Pseudoxanthomonas_A japonensis,0.375,0.00130039,0.9995/0.9995
Co.F.3.H.B,A06,Collins,dorm_sample,Bacteria,Pseudomonadota,Gammaproteobacteria,Xanthomonadales,Xanthomonadaceae,Stenotrophomonas,Stenotrophomonas maltophilia,0.375,0.00130039,0.9997/0.9998
Co.F.3.H.B,A06,Collins,dorm_sample,Bacteria,Pseudomonadota,Alphaproteobacteria,Acetobacterales,Acetobacteraceae,Roseomonas,Roseomonas sp001941945,0.375,0.00130039,0.9999/0.9999
Co.F.3.H.B,A06,Collins,dorm_sample,Bacteria,Bacteroidota,Bacteroidia,Cytophagales,Spirosomataceae,Dyadobacter,Dyadobacter sp965649915,0.5,0.001733853,0.9255/0.8931
Co.F.3.H.B,A06,Collins,dorm_sample,Bacteria,Bacteroidota,Bacteroidia,Sphingobacteriales,Sphingobacteriaceae,Pedobacter,Pedobacter sp001412215,0.5,0.001733853,0.9404/0.9316
Co.F.3.H.B,A06,Collins,dorm_sample,Bacteria,Pseudomonadota,Alphaproteobacteria,Caulobacterales,Caulobacteraceae,Phenylobacterium,Phenylobacterium sp001557235,0.5,0.001733853,0.9426/0.9402
Co.F.3.H.B,A06,Collins,dorm_sample,Bacteria,Pseudomonadota,Alphaproteobacteria,Caulobacterales,Caulobacteraceae,Phenylobacterium,Phenylobacterium kunshanense,0.625,0.002167317,0.8916/0.8865
Co.F.3.H.B,A06,Collins,dorm_sample,Bacteria,Pseudomonadota,Alphaproteobacteria,Sphingomonadales,Sphingomonadaceae,Sphingomonas,Sphingomonas sp900109205,0.625,0.002167317,0.9537/0.9336
Co.F.3.H.B,A06,Collins,dorm_sample,Bacteria,Pseudomonadota,Alphaproteobacteria,Sphingomonadales,Sphingomonadaceae,Sphingomonas,Sphingomonas sp014217605,0.75,0.00260078,0.8795/0.8321
Co.F.3.H.B,A06,Collins,dorm_sample,Bacteria,Pseudomonadota,Alphaproteobacteria,Sphingomonadales,Sphingomonadaceae,Sphingomonas,Sphingomonas phyllosphaerae,0.75,0.00260078,0.9227/0.9027
Co.F.3.H.B,A06,Collins,dorm_sample,Bacteria,Pseudomonadota,Alphaproteobacteria,Caulobacterales,Caulobacteraceae,Brevundimonas,Brevundimonas diminuta_C,0.75,0.00260078,0.9790/0.9788
Co.F.3.H.B,A06,Collins,dorm_sample,Bacteria,Pseudomonadota,Alphaproteobacteria,43-37,43-37,43-37,43-37 sp001897475,0.875,0.003034244,0.7325/0.7124
Co.F.3.H.B,A06,Collins,dorm_sample,Bacteria,Pseudomonadota,Alphaproteobacteria,Sphingomonadales,Sphingomonadaceae,Sphingomonas,Sphingomonas sp031456125,0.875,0.003034244,0.9993/0.9993
Co.F.3.H.B,A06,Collins,dorm_sample,Bacteria,Pseudomonadota,Alphaproteobacteria,Caulobacterales,Caulobacteraceae,Phenylobacterium,Phenylobacterium sp001824475,1,0.003467707,0.8967/0.8453
Co.F.3.H.B,A06,Collins,dorm_sample,Bacteria,Pseudomonadota,Gammaproteobacteria,Burkholderiales,Burkholderiaceae_C,Paracidovorax,Paracidovorax avenae,1,0.003467707,0.9547/0.9524
Co.F.3.H.B,A06,Collins,dorm_sample,Bacteria,Pseudomonadota,Alphaproteobacteria,Sphingomonadales,Sphingomonadaceae,Sphingomonas,Sphingomonas sp943913195,1,0.003467707,0.9549/0.9429
Co.F.3.H.B,A06,Collins,dorm_sample,Bacteria,Pseudomonadota,Gammaproteobacteria,Xanthomonadales,Xanthomonadaceae,Stenotrophomonas,Stenotrophomonas sp003028475,1,0.003467707,0.9999/0.9999
Co.F.3.H.B,A06,Collins,dorm_sample,Bacteria,Pseudomonadota,Alphaproteobacteria,Sphingomonadales,Sphingomonadaceae,Sphingomonas,Sphingomonas sp964407945,1.125,0.00390117,0.9207/0.9154
Co.F.3.H.B,A06,Collins,dorm_sample,Bacteria,Pseudomonadota,Gammaproteobacteria,Burkholderiales,Burkholderiaceae_C,Pseudorhodoferax,Pseudorhodoferax sp032153935,1.125,0.00390117,0.9683/0.9057
Co.F.3.H.B,A06,Collins,dorm_sample,Bacteria,Myxococcota,Myxococcia,Myxococcales,Myxococcaceae,Archangium_A,Archangium_A gephyra_A,1.125,0.00390117,0.9926/0.9925
Co.F.3.H.B,A06,Collins,dorm_sample,Bacteria,Bacteroidota,Bacteroidia,B-17B0,Aurantibacillaceae,UBA4416,UBA4416 sp002390745,1.25,0.004334634,0.9199/0.9132
Co.F.3.H.B,A06,Collins,dorm_sample,Bacteria,Pseudomonadota,Gammaproteobacteria,Burkholderiales,Burkholderiaceae_C,Comamonas,Comamonas sediminis,1.25,0.004334634,0.9923/0.9888
Co.F.3.H.B,A06,Collins,dorm_sample,Bacteria,Bacteroidota,Bacteroidia,Cytophagales,172606-1,Xanthocytophaga,Xanthocytophaga sp963520985,1.375,0.004768097,0.9086/0.8973
Co.F.3.H.B,A06,Collins,dorm_sample,Bacteria,Pseudomonadota,Gammaproteobacteria,Burkholderiales,Burkholderiaceae_C,Comamonas,Comamonas tsuruhatensis,1.375,0.004768097,0.9993/0.9993
Co.F.3.H.B,A06,Collins,dorm_sample,Bacteria,Pseudomonadota,Alphaproteobacteria,Caulobacterales,Caulobacteraceae,Phenylobacterium,Phenylobacterium sp040752615,1.5,0.00520156,0.9052/0.8066
Co.F.3.H.B,A06,Collins,dorm_sample,Bacteria,Pseudomonadota,Alphaproteobacteria,Sphingomonadales,Sphingomonadaceae,Sphingomonas,Sphingomonas sp021043365,1.5,0.00520156,0.9117/0.9090
Co.F.3.H.B,A06,Collins,dorm_sample,Bacteria,Bacteroidota,Bacteroidia,Sphingobacteriales,Sphingobacteriaceae,Pedobacter,Pedobacter faecalis,1.5,0.00520156,0.9874/0.9874
Co.F.3.H.B,A06,Collins,dorm_sample,Bacteria,Pseudomonadota,Alphaproteobacteria,Rhizobiales,Beijerinckiaceae,Methylobacterium,Methylobacterium radiotolerans,1.625,0.005635024,0.9937/0.9933
Co.F.3.H.B,A06,Collins,dorm_sample,Bacteria,Pseudomonadota,Alphaproteobacteria,Sphingomonadales,Sphingomonadaceae,Sphingomonas,Sphingomonas phyllosphaerae_E,1.75,0.006068487,0.9554/0.9284
Co.F.3.H.B,A06,Collins,dorm_sample,Bacteria,Actinomycetota,Actinomycetes,Mycobacteriales,Mycobacteriaceae,Mycobacterium,Mycobacterium gordonae_B,1.75,0.006068487,0.9971/0.9970
Co.F.3.H.B,A06,Collins,dorm_sample,Bacteria,Pseudomonadota,Alphaproteobacteria,Caulobacterales,Caulobacteraceae,Phenylobacterium,Phenylobacterium sp964254345,2,0.006935414,0.9043/0.8951
Co.F.3.H.B,A06,Collins,dorm_sample,Bacteria,Bacteroidota,Bacteroidia,Flavobacteriales,Weeksellaceae,Chryseobacterium,Chryseobacterium salviniae,2.125,0.007368877,0.9987/0.9986
Co.F.3.H.B,A06,Collins,dorm_sample,Bacteria,Bacteroidota,Bacteroidia,Cytophagales,Spirosomataceae,Dyadobacter,Dyadobacter jiangsuensis,2.25,0.007802341,0.9866/0.9783
Co.F.3.H.B,A06,Collins,dorm_sample,Bacteria,Pseudomonadota,Gammaproteobacteria,Burkholderiales,Burkholderiaceae_C,Paracidovorax,Paracidovorax sp913774955,2.375,0.008235804,0.9889/0.9886
Co.F.3.H.B,A06,Collins,dorm_sample,Bacteria,Pseudomonadota,Alphaproteobacteria,Sphingomonadales,Sphingomonadaceae,Sphingomonas,Sphingomonas koreensis,2.75,0.009536194,0.9176/0.8791
Co.F.3.H.B,A06,Collins,dorm_sample,Bacteria,Cyanobacteriota,Vampirovibrionia,Obscuribacterales,Obscuribacteraceae,JAFKGK01,JAFKGK01 sp017307165,3,0.01040312,0.9939/0.9936
Co.F.3.H.B,A06,Collins,dorm_sample,Bacteria,Pseudomonadota,Alphaproteobacteria,Caulobacterales,Caulobacteraceae,Phenylobacterium,Phenylobacterium sp001724985,3.125,0.01083658,0.8837/0.8542
Co.F.3.H.B,A06,Collins,dorm_sample,Bacteria,Bacteroidota,Bacteroidia,Flavobacteriales,Weeksellaceae,Chryseobacterium,Chryseobacterium phocaeense,3.25,0.01127005,0.9812/0.9761
Co.F.3.H.B,A06,Collins,dorm_sample,Bacteria,Pseudomonadota,Alphaproteobacteria,Sphingomonadales,Sphingomonadaceae,Sphingomonas,Sphingomonas jeddahensis,3.5,0.01213697,0.8967/0.8328
Co.F.3.H.B,A06,Collins,dorm_sample,Bacteria,Pseudomonadota,Alphaproteobacteria,Caulobacterales,Caulobacteraceae,Caulobacter,Caulobacter sp913776195,5,0.01733853,0.9712/0.9464
Co.F.3.H.B,A06,Collins,dorm_sample,Bacteria,Bacteroidota,Bacteroidia,Chitinophagales,Chitinophagaceae,Niabella,Niabella sp052044285,5,0.01733853,0.9735/0.9627
Co.F.3.H.B,A06,Collins,dorm_sample,Bacteria,Pseudomonadota,Gammaproteobacteria,Xanthomonadales,Xanthomonadaceae,Lysobacter,Lysobacter yananisis,5.25,0.01820546,0.8735/0.7781
Co.F.3.H.B,A06,Collins,dorm_sample,Bacteria,Pseudomonadota,Alphaproteobacteria,Caulobacterales,Caulobacteraceae,Brevundimonas,Brevundimonas sp005484585,5.25,0.01820546,0.9738/0.9733
Co.F.3.H.B,A06,Collins,dorm_sample,Bacteria,Bacteroidota,Bacteroidia,B-17B0,Aurantibacillaceae,UBA4416,UBA4416 sp943362175,5.625,0.01950585,0.8501/0.8044
Co.F.3.H.B,A06,Collins,dorm_sample,Bacteria,Bacteroidota,Bacteroidia,Sphingobacteriales,Sphingobacteriaceae,Pedobacter,Pedobacter chitinilyticus,6.625,0.02297356,0.9865/0.9848
Co.F.3.H.B,A06,Collins,dorm_sample,Bacteria,Pseudomonadota,Gammaproteobacteria,Xanthomonadales,Xanthomonadaceae,Pseudoxanthomonas_A,Pseudoxanthomonas_A sp037046485,8,0.02774166,0.9939/0.9937
Co.F.3.H.B,A06,Collins,dorm_sample,Bacteria,Pseudomonadota,Gammaproteobacteria,Burkholderiales,Burkholderiaceae_C,Ottowia,Ottowia testudinis,8.375,0.02904205,0.9021/0.8942
Co.F.3.H.B,A06,Collins,dorm_sample,Bacteria,Pseudomonadota,Gammaproteobacteria,Xanthomonadales,Xanthomonadaceae,Lysobacter,Lysobacter capsici_A,8.875,0.0307759,0.8972/0.8423
Co.F.3.H.B,A06,Collins,dorm_sample,Bacteria,Pseudomonadota,Alphaproteobacteria,Caulobacterales,Caulobacteraceae,Phenylobacterium,Phenylobacterium sp041919955,12,0.04161248,0.9949/0.9940
Co.F.3.H.B,A06,Collins,dorm_sample,Bacteria,Pseudomonadota,Gammaproteobacteria,Burkholderiales,Burkholderiaceae_C,Aquincola,Aquincola tertiaricarbonis_B,16.375,0.0567837,0.9535/0.9474
Co.F.3.H.B,A06,Collins,dorm_sample,Bacteria,unclassified Bacteria phylum,unclassified Bacteria class,unclassified Bacteria order,unclassified Bacteria family,unclassified Bacteria genus,unclassified Bacteria species,18.375,0.06371912,0.0000/0.0000
Co.F.3.H.B,A06,Collins,dorm_sample,Bacteria,Pseudomonadota,Gammaproteobacteria,Burkholderiales,Burkholderiaceae_C,Ottowia,Ottowia sp018060485,23.25,0.08062419,0.9863/0.9710
Co.F.3.H.B,A06,Collins,dorm_sample,Bacteria,Actinomycetota,Actinomycetes,Mycobacteriales,Mycobacteriaceae,Mycobacterium,Mycobacterium phocaicum,31.875,0.1105332,0.9930/0.9919
Co.F.3.H.B,A06,Collins,dorm_sample,Bacteria,Pseudomonadota,Gammaproteobacteria,Xanthomonadales,Xanthomonadaceae,Lysobacter,Lysobacter capsici,64.375,0.2232336,0.9201/0.8834
He.F.2.L.A,A07,Heritage,dorm_sample,Bacteria,Bacteroidota,Bacteroidia,Chitinophagales,LD1,Bog-950,Bog-950 sp018267435,0.25,0.02222222,0.8241/0.8101
He.F.2.L.A,A07,Heritage,dorm_sample,Bacteria,Pseudomonadota,Gammaproteobacteria,Xanthomonadales,Ahniellaceae,JBGAHD01,JBGAHD01 sp044226395,0.25,0.02222222,0.8338/0.8151
He.F.2.L.A,A07,Heritage,dorm_sample,Bacteria,Bacteroidota,Bacteroidia,Cytophagales,Cyclobacteriaceae,ELB16-189,ELB16-189 sp964490505,0.25,0.02222222,0.8358/0.8045
He.F.2.L.A,A07,Heritage,dorm_sample,Bacteria,Bacteroidota,Bacteroidia,Chitinophagales,Chitinophagaceae,Flavitalea,Flavitalea sp044224935,0.25,0.02222222,0.8538/0.8412
He.F.2.L.A,A07,Heritage,dorm_sample,Bacteria,Bacteroidota,Bacteroidia,Cytophagales,Cyclobacteriaceae,UBA2336,UBA2336 sp016786585,0.25,0.02222222,0.9210/0.8592
He.F.2.L.A,A07,Heritage,dorm_sample,Bacteria,Pseudomonadota,Alphaproteobacteria,Caulobacterales,Caulobacteraceae,Caulobacter,Caulobacter sp913776195,0.25,0.02222222,0.9554/0.8864
He.F.2.L.A,A07,Heritage,dorm_sample,Bacteria,Bacteroidota,Bacteroidia,Cytophagales,Cyclobacteriaceae,Chryseolinea,Chryseolinea sp029360725,0.25,0.02222222,0.9988/0.9986
He.F.2.L.A,A07,Heritage,dorm_sample,Bacteria,Bdellovibrionota,Bdellovibrionia,Bdellovibrionales,UBA1609,CAYHVK01,CAYHVK01 sp964360255,0.375,0.03333333,0.7916/0.7698
He.F.2.L.A,A07,Heritage,dorm_sample,Bacteria,Chlamydiota,Chlamydiia,Chlamydiales,Parachlamydiaceae,Neochlamydia,Neochlamydia sp001897225,0.375,0.03333333,0.9001/0.8487
He.F.2.L.A,A07,Heritage,dorm_sample,Bacteria,Pseudomonadota,Gammaproteobacteria,Xanthomonadales,Xanthomonadaceae,Pseudoxanthomonas_A,Pseudoxanthomonas_A mexicana,0.375,0.03333333,0.9851/0.9847
He.F.2.L.A,A07,Heritage,dorm_sample,Bacteria,Cyanobacteriota,Vampirovibrionia,Obscuribacterales,Obscuribacteraceae,JAFKGK01,JAFKGK01 sp017307165,0.375,0.03333333,0.9969/0.9961
He.F.2.L.A,A07,Heritage,dorm_sample,Bacteria,Pseudomonadota,Gammaproteobacteria,Burkholderiales,Burkholderiaceae_C,Acidovorax,Acidovorax temperans,0.75,0.06666667,0.9795/0.9791
He.F.2.L.A,A07,Heritage,dorm_sample,Bacteria,Actinomycetota,Actinomycetes,Mycobacteriales,Mycobacteriaceae,Mycobacterium,Mycobacterium phocaicum,0.75,0.06666667,0.9909/0.9739
He.F.2.L.A,A07,Heritage,dorm_sample,Bacteria,Pseudomonadota,Alphaproteobacteria,Sphingomonadales,Sphingomonadaceae,Blastomonas,Blastomonas ursincola,0.875,0.07777778,0.9860/0.9851
He.F.2.L.A,A07,Heritage,dorm_sample,Bacteria,Pseudomonadota,Alphaproteobacteria,Sphingomonadales,Sphingomonadaceae,Sphingopyxis,Sphingopyxis sp001468395,1.125,0.1,0.9819/0.9801
He.F.2.L.A,A07,Heritage,dorm_sample,Bacteria,unclassified Bacteria phylum,unclassified Bacteria class,unclassified Bacteria order,unclassified Bacteria family,unclassified Bacteria genus,unclassified Bacteria species,4.5,0.4,0.0000/0.0000
Ea.F.1.L.B,B01,Earl,dorm_sample,Bacteria,Pseudomonadota,Alphaproteobacteria,Micavibrionales,Micavibrionaceae,Micavibrio,Micavibrio aeruginosavorus_A,0.25,0.000269324,0.7562/0.7250
Ea.F.1.L.B,B01,Earl,dorm_sample,Bacteria,Cyanobacteriota,Sericytochromatia,UBA7694,UBA7694,JACYMC01,JACYMC01 sp015272195,0.25,0.000269324,0.7581/0.6879
Ea.F.1.L.B,B01,Earl,dorm_sample,Bacteria,Acidobacteriota,Vicinamibacteria,Vicinamibacterales,2-12-FULL-66-21,JALZOC01,JALZOC01 sp963725335,0.25,0.000269324,0.7802/0.7045
Ea.F.1.L.B,B01,Earl,dorm_sample,Bacteria,Planctomycetota,Planctomycetia,Planctomycetales,Planctomycetaceae,Schlesneria,Schlesneria sphaerica,0.25,0.000269324,0.7814/0.7109
Ea.F.1.L.B,B01,Earl,dorm_sample,Bacteria,Bacteroidota,Bacteroidia,Cytophagales,Cyclobacteriaceae,Chryseolinea,Chryseolinea sp963739105,0.25,0.000269324,0.7856/0.7622
Ea.F.1.L.B,B01,Earl,dorm_sample,Bacteria,Bdellovibrionota,UBA1018,UBA1018,CAIMNF01,CAIMNF01,CAIMNF01 sp018266375,0.25,0.000269324,0.7939/0.7782
Ea.F.1.L.B,B01,Earl,dorm_sample,Bacteria,Pseudomonadota,Gammaproteobacteria,DSM-16500,DSM-16500,CAVQBL01,CAVQBL01 sp963710715,0.25,0.000269324,0.7991/0.7859
Ea.F.1.L.B,B01,Earl,dorm_sample,Bacteria,Bdellovibrionota,Bdellovibrionia,Bdellovibrionales,Bdellovibrionaceae,Bdellovibrio,Bdellovibrio sp047323225,0.25,0.000269324,0.8058/0.7867
Ea.F.1.L.B,B01,Earl,dorm_sample,Bacteria,Bacteroidota,Bacteroidia,Flavobacteriales,Flavobacteriaceae,Flavobacterium,Flavobacterium sp049841115,0.25,0.000269324,0.8168/0.7392
Ea.F.1.L.B,B01,Earl,dorm_sample,Bacteria,Bacteroidota,Bacteroidia,Cytophagales,Cytophagaceae,JACMQM01,JACMQM01 sp964454665,0.25,0.000269324,0.8229/0.8118
Ea.F.1.L.B,B01,Earl,dorm_sample,Bacteria,Cyanobacteriota,Vampirovibrionia,Vampirovibrionales,Vampirovibrionaceae,CAYMIG01,CAYMIG01 sp964390635,0.25,0.000269324,0.8235/0.7892
Ea.F.1.L.B,B01,Earl,dorm_sample,Bacteria,Pseudomonadota,Alphaproteobacteria,Sphingomonadales,Sphingomonadaceae,Sphingobium_A,Sphingobium_A cavernae,0.25,0.000269324,0.8290/0.7918
Ea.F.1.L.B,B01,Earl,dorm_sample,Bacteria,Bacteroidota,Bacteroidia,Chitinophagales,Chitinophagaceae,Flavitalea,Flavitalea sp963808065,0.25,0.000269324,0.8314/0.7962
Ea.F.1.L.B,B01,Earl,dorm_sample,Bacteria,Verrucomicrobiota,Verrucomicrobiia,Verrucomicrobiales,Verrucomicrobiaceae,Prosthecobacter,Prosthecobacter sp044227185,0.25,0.000269324,0.8348/0.8061
Ea.F.1.L.B,B01,Earl,dorm_sample,Bacteria,Pseudomonadota,Alphaproteobacteria,Micavibrionales,Micavibrionaceae,UBA1573,UBA1573 sp001767915,0.25,0.000269324,0.8455/0.8380
Ea.F.1.L.B,B01,Earl,dorm_sample,Bacteria,Myxococcota_A,Polyangia,Polyangiales,Polyangiaceae,Labilithrix,Labilithrix sp001899635,0.25,0.000269324,0.8514/0.8122
Ea.F.1.L.B,B01,Earl,dorm_sample,Bacteria,Pseudomonadota,Alphaproteobacteria,Sphingomonadales,Sphingomonadaceae,Sphingobium_A,Sphingobium_A sp965228065,0.25,0.000269324,0.8524/0.7557
Ea.F.1.L.B,B01,Earl,dorm_sample,Bacteria,Acidobacteriota,Vicinamibacteria,Vicinamibacterales,UBA2999,VFZN01,VFZN01 sp963709325,0.25,0.000269324,0.8530/0.8305
Ea.F.1.L.B,B01,Earl,dorm_sample,Bacteria,Pseudomonadota,Alphaproteobacteria,Caulobacterales,Caulobacteraceae,Brevundimonas,Brevundimonas sp036400995,0.25,0.000269324,0.8793/0.8062
Ea.F.1.L.B,B01,Earl,dorm_sample,Bacteria,Pseudomonadota,Alphaproteobacteria,Sphingomonadales,Sphingomonadaceae,Sphingomonas,Sphingomonas sp001897375,0.25,0.000269324,0.8911/0.8631
Ea.F.1.L.B,B01,Earl,dorm_sample,Bacteria,Bacteroidota,Bacteroidia,Chitinophagales,Chitinophagaceae,Terrimonas,Terrimonas ferruginea,0.25,0.000269324,0.9148/0.9032
Ea.F.1.L.B,B01,Earl,dorm_sample,Bacteria,Myxococcota_A,Polyangia,Haliangiales,Haliangiaceae,JABFXX01,JABFXX01 sp046160585,0.25,0.000269324,0.9180/0.7189
Ea.F.1.L.B,B01,Earl,dorm_sample,Bacteria,Bacteroidota,Bacteroidia,Chitinophagales,Chitinophagaceae,Paraflavitalea,Paraflavitalea pollutisoli,0.25,0.000269324,0.9313/0.9298
Ea.F.1.L.B,B01,Earl,dorm_sample,Bacteria,Pseudomonadota,Alphaproteobacteria,Caedimonadales,Caedimonadaceae,Paracaedimonas,Paracaedimonas sp001898725,0.25,0.000269324,0.9387/0.9322
Ea.F.1.L.B,B01,Earl,dorm_sample,Bacteria,Pseudomonadota,Alphaproteobacteria,Reyranellales,Reyranellaceae,Vineibacter,Vineibacter terrae,0.25,0.000269324,0.9419/0.9245
Ea.F.1.L.B,B01,Earl,dorm_sample,Bacteria,Pseudomonadota,Gammaproteobacteria,Pseudomonadales,Moraxellaceae,Faucicola,Faucicola tetraodonis,0.25,0.000269324,0.9688/0.9545
Ea.F.1.L.B,B01,Earl,dorm_sample,Bacteria,Pseudomonadota,Alphaproteobacteria,Rhizobiales,Xanthobacteraceae,Xanthobacter,Xanthobacter flavus_A,0.25,0.000269324,0.9724/0.9724
Ea.F.1.L.B,B01,Earl,dorm_sample,Bacteria,Pseudomonadota,Alphaproteobacteria,Sphingomonadales,Sphingomonadaceae,Sphingomonas,Sphingomonas taxi_B,0.25,0.000269324,0.9989/0.9981
Ea.F.1.L.B,B01,Earl,dorm_sample,Bacteria,Pseudomonadota,Alphaproteobacteria,Rhizobiales,Beijerinckiaceae,Methylobacterium,Methylobacterium isbiliense,0.25,0.000269324,1.0000/1.0000
Ea.F.1.L.B,B01,Earl,dorm_sample,Bacteria,Babelota,Babeliae,Babelales,Vermiphilaceae,CAZNPD01,CAZNPD01 sp964575265,0.375,0.000403986,0.7175/0.6836
Ea.F.1.L.B,B01,Earl,dorm_sample,Bacteria,Bdellovibrionota_C,UBA2361,UBA2361,OMII01,OMII01,OMII01 sp038134595,0.375,0.000403986,0.7345/0.7078
Ea.F.1.L.B,B01,Earl,dorm_sample,Bacteria,Babelota,Babeliae,Babelales,JANWKD01,CAVXJH01,CAVXJH01 sp963701665,0.375,0.000403986,0.7530/0.7415
Ea.F.1.L.B,B01,Earl,dorm_sample,Bacteria,Chloroflexota,Chloroflexia,Chloroflexales,Roseiflexaceae,SDU3-3,SDU3-3 sp009268125,0.375,0.000403986,0.7644/0.7207
Ea.F.1.L.B,B01,Earl,dorm_sample,Bacteria,Bdellovibrionota,Bdellovibrionia,Bdellovibrionales,UBA1609,UBA6776,UBA6776 sp002453155,0.375,0.000403986,0.7715/0.6711
Ea.F.1.L.B,B01,Earl,dorm_sample,Bacteria,Pseudomonadota,Gammaproteobacteria,DSM-16500,DSM-16500,Aquicella,Aquicella sp964597435,0.375,0.000403986,0.7813/0.7604
Ea.F.1.L.B,B01,Earl,dorm_sample,Bacteria,Planctomycetota,Planctomycetia,Gemmatales,Gemmataceae,JAXMAZ01,JAXMAZ01 sp046350115,0.375,0.000403986,0.7874/0.7027
Ea.F.1.L.B,B01,Earl,dorm_sample,Bacteria,Pseudomonadota,Alphaproteobacteria,Micavibrionales,Micavibrionaceae,Micavibrio_A,Micavibrio_A sp035759665,0.375,0.000403986,0.7952/0.7391
Ea.F.1.L.B,B01,Earl,dorm_sample,Bacteria,Bacteroidota,Bacteroidia,Chitinophagales,Chitinophagaceae,Flavitalea,Flavitalea sp964606315,0.375,0.000403986,0.8014/0.7876
Ea.F.1.L.B,B01,Earl,dorm_sample,Bacteria,Planctomycetota,Phycisphaerae,Tepidisphaerales,Tepidisphaeraceae,DASYHQ01,DASYHQ01 sp035998445,0.375,0.000403986,0.8030/0.7641
Ea.F.1.L.B,B01,Earl,dorm_sample,Bacteria,Bdellovibrionota,Bacteriovoracia,Bacteriovoracales,Bacteriovoracaceae,Peredibacter,Peredibacter sp045999315,0.375,0.000403986,0.8053/0.7933
Ea.F.1.L.B,B01,Earl,dorm_sample,Bacteria,Pseudomonadota,Alphaproteobacteria,Micavibrionales,SZUA-601,DASWYT01,DASWYT01 sp965246875,0.375,0.000403986,0.8099/0.8036
Ea.F.1.L.B,B01,Earl,dorm_sample,Bacteria,Acidobacteriota,Blastocatellia,Pyrinomonadales,Pyrinomonadaceae,JAFDVJ01,JAFDVJ01 sp036563455,0.375,0.000403986,0.8117/0.7721
Ea.F.1.L.B,B01,Earl,dorm_sample,Bacteria,Pseudomonadota,Gammaproteobacteria,Pseudomonadales,Moraxellaceae,Alkanindiges,Alkanindiges illinoisensis_A,0.375,0.000403986,0.8119/0.7870
Ea.F.1.L.B,B01,Earl,dorm_sample,Bacteria,Verrucomicrobiota,Verrucomicrobiia,Chthoniobacterales,Terrimicrobiaceae,Terrimicrobium,Terrimicrobium sp001897195,0.375,0.000403986,0.8217/0.8069
Ea.F.1.L.B,B01,Earl,dorm_sample,Bacteria,Acidobacteriota,Terriglobia,Bryobacterales,Bryobacteraceae,Ga0077553,Ga0077553 sp947466555,0.375,0.000403986,0.8226/0.7998
Ea.F.1.L.B,B01,Earl,dorm_sample,Bacteria,Pseudomonadota,Alphaproteobacteria,Micavibrionales,Micavibrionaceae,UBA1573,UBA1573 sp003245575,0.375,0.000403986,0.8308/0.8221
Ea.F.1.L.B,B01,Earl,dorm_sample,Bacteria,Acidobacteriota,Vicinamibacteria,Vicinamibacterales,UBA2999,Gp6-AA40,Gp6-AA40 sp963793705,0.375,0.000403986,0.8331/0.8075
Ea.F.1.L.B,B01,Earl,dorm_sample,Bacteria,Myxococcota,XYA12-FULL-58-9,XYA12-FULL-58-9,JALHOP01,JALHOP01,JALHOP01 sp039809465,0.375,0.000403986,0.8539/0.7788
Ea.F.1.L.B,B01,Earl,dorm_sample,Bacteria,Cyanobacteriota,Vampirovibrionia,Obscuribacterales,Obscuribacteraceae,JADYXR01,JADYXR01 sp965228855,0.375,0.000403986,0.8562/0.7856
Ea.F.1.L.B,B01,Earl,dorm_sample,Bacteria,Pseudomonadota,Alphaproteobacteria,Caulobacterales,Caulobacteraceae,Phenylobacterium,Phenylobacterium sp001425305,0.375,0.000403986,0.8626/0.8521
Ea.F.1.L.B,B01,Earl,dorm_sample,Bacteria,Pseudomonadota,Alphaproteobacteria,Sphingomonadales,Sphingomonadaceae,Allosphingosinicella,Allosphingosinicella sp037190625,0.375,0.000403986,0.8696/0.7742
Ea.F.1.L.B,B01,Earl,dorm_sample,Bacteria,Desulfobacterota,Binatia,UBA12015,UBA12015,VGTK01,VGTK01 sp046327915,0.375,0.000403986,0.8706/0.8603
Ea.F.1.L.B,B01,Earl,dorm_sample,Bacteria,Pseudomonadota,Alphaproteobacteria,Rhizobiales,Beijerinckiaceae,Enterovirga,Enterovirga rhinocerotis,0.375,0.000403986,0.8748/0.8459
Ea.F.1.L.B,B01,Earl,dorm_sample,Bacteria,Pseudomonadota,Gammaproteobacteria,Steroidobacterales,Steroidobacteraceae,Steroidobacter,Steroidobacter sp036402275,0.375,0.000403986,0.8792/0.8665
Ea.F.1.L.B,B01,Earl,dorm_sample,Bacteria,Pseudomonadota,Alphaproteobacteria,Reyranellales,JAQSWP01,JAQSWP01,JAQSWP01 sp050185515,0.375,0.000403986,0.8817/0.8786
Ea.F.1.L.B,B01,Earl,dorm_sample,Bacteria,Myxococcota_A,Polyangia,Polyangiales,Polyangiaceae,Labilithrix,Labilithrix sp023402175,0.375,0.000403986,0.8822/0.8449
Ea.F.1.L.B,B01,Earl,dorm_sample,Bacteria,Vulcanimicrobiota,Xenobia,Xenobiales,JADMJV01,JADMJV01,JADMJV01 sp017307785,0.375,0.000403986,0.8885/0.8811
Ea.F.1.L.B,B01,Earl,dorm_sample,Bacteria,Pseudomonadota,Alphaproteobacteria,Sphingomonadales,Sphingomonadaceae,Sphingobium,Sphingobium amiense,0.375,0.000403986,0.8891/0.8856
Ea.F.1.L.B,B01,Earl,dorm_sample,Bacteria,Actinomycetota,Actinomycetes,Mycobacteriales,Nakamurellaceae,Nakamurella,Nakamurella sp044223435,0.375,0.000403986,0.8930/0.8482
Ea.F.1.L.B,B01,Earl,dorm_sample,Bacteria,Verrucomicrobiota,Verrucomicrobiia,Opitutales,Opitutaceae,UBA6669,UBA6669 sp002455175,0.375,0.000403986,0.9116/0.9128
Ea.F.1.L.B,B01,Earl,dorm_sample,Bacteria,Pseudomonadota,Alphaproteobacteria,Caulobacterales,Caulobacteraceae,Brevundimonas,Brevundimonas bacteroides,0.375,0.000403986,0.9410/0.9154
Ea.F.1.L.B,B01,Earl,dorm_sample,Bacteria,Pseudomonadota,Alphaproteobacteria,Reyranellales,JAQSWP01,JAQSWP01,JAQSWP01 sp964388115,0.375,0.000403986,0.9432/0.9323
Ea.F.1.L.B,B01,Earl,dorm_sample,Bacteria,Pseudomonadota,Gammaproteobacteria,Burkholderiales,Burkholderiaceae_C,Aquincola,Aquincola sp964001545,0.375,0.000403986,0.9656/0.9617
Ea.F.1.L.B,B01,Earl,dorm_sample,Bacteria,Pseudomonadota,Alphaproteobacteria,Caulobacterales,Caulobacteraceae,Brevundimonas,Brevundimonas huaxiensis,0.375,0.000403986,0.9756/0.9749
Ea.F.1.L.B,B01,Earl,dorm_sample,Bacteria,Cyanobacteriota,Vampirovibrionia,Obscuribacterales,Obscuribacteraceae,QKMZ01,QKMZ01 sp032128875,0.375,0.000403986,0.9898/0.9895
Ea.F.1.L.B,B01,Earl,dorm_sample,Bacteria,Bdellovibrionota,UBA1018,CAIPTA01,CAIPTA01,JAKFYM01,JAKFYM01 sp050246755,0.5,0.000538648,0.7618/0.7246
Ea.F.1.L.B,B01,Earl,dorm_sample,Bacteria,Pseudomonadota,Alphaproteobacteria,Micavibrionales,Micavibrionaceae,Micavibrio_B,Micavibrio_B sp964399985,0.5,0.000538648,0.7922/0.7759
Ea.F.1.L.B,B01,Earl,dorm_sample,Bacteria,Cyanobacteriota,Vampirovibrionia,Obscuribacterales,Obscuribacteraceae,Ga0077546,Ga0077546 sp021772135,0.5,0.000538648,0.7973/0.7555
Ea.F.1.L.B,B01,Earl,dorm_sample,Bacteria,Acidobacteriota,Blastocatellia,Pyrinomonadales,Pyrinomonadaceae,OLB17,OLB17 sp050246275,0.5,0.000538648,0.8019/0.7489
Ea.F.1.L.B,B01,Earl,dorm_sample,Bacteria,Planctomycetota,Planctomycetia,Pirellulales,JAEUIK01,JAIBBY01,JAIBBY01 sp019694455,0.5,0.000538648,0.8081/0.7797
Ea.F.1.L.B,B01,Earl,dorm_sample,Bacteria,Bacteroidota,Bacteroidia,CAMBQF01,CAMBQF01,CAMBQF01,CAMBQF01 sp023213195,0.5,0.000538648,0.8136/0.8051
Ea.F.1.L.B,B01,Earl,dorm_sample,Bacteria,Planctomycetota,Planctomycetia,Pirellulales,PALSA-1355,JALHMI01,JALHMI01 sp041741015,0.5,0.000538648,0.8293/0.7884
Ea.F.1.L.B,B01,Earl,dorm_sample,Bacteria,Pseudomonadota,Alphaproteobacteria,Micropepsales,Micropepsaceae,JADZAI01,JADZAI01 sp020852655,0.5,0.000538648,0.8331/0.7875
Ea.F.1.L.B,B01,Earl,dorm_sample,Bacteria,Pseudomonadota,Alphaproteobacteria,Sphingomonadales,Sphingomonadaceae,Sphingomonas,Sphingomonas sp013344685,0.5,0.000538648,0.8361/0.7684
Ea.F.1.L.B,B01,Earl,dorm_sample,Bacteria,Acidobacteriota,Vicinamibacteria,Vicinamibacterales,UBA2999,12-FULL-67-14b,12-FULL-67-14b sp963839865,0.5,0.000538648,0.8368/0.7989
Ea.F.1.L.B,B01,Earl,dorm_sample,Bacteria,Myxococcota_A,Polyangia,Polyangiales,Polyangiaceae,Labilithrix,Labilithrix sp019637105,0.5,0.000538648,0.8487/0.7896
Ea.F.1.L.B,B01,Earl,dorm_sample,Bacteria,Bacteroidota,Bacteroidia,Cytophagales,Cyclobacteriaceae,UBA2336,UBA2336 sp964538575,0.5,0.000538648,0.8606/0.8121
Ea.F.1.L.B,B01,Earl,dorm_sample,Bacteria,Pseudomonadota,Alphaproteobacteria,Caedimonadales,Caedimonadaceae,Paracaedimonas,Paracaedimonas sp001898705,0.5,0.000538648,0.8620/0.8576
Ea.F.1.L.B,B01,Earl,dorm_sample,Bacteria,Pseudomonadota,Alphaproteobacteria,Rhizobiales,Rhizobiaceae,Rhizobium_E,Rhizobium_E sp019739215,0.5,0.000538648,0.8975/0.8866
Ea.F.1.L.B,B01,Earl,dorm_sample,Bacteria,Pseudomonadota,Alphaproteobacteria,Caulobacterales,Caulobacteraceae,Brevundimonas,Brevundimonas staleyi,0.5,0.000538648,0.9177/0.7587
Ea.F.1.L.B,B01,Earl,dorm_sample,Bacteria,Pseudomonadota,Gammaproteobacteria,Burkholderiales,Burkholderiaceae_C,Aquabacterium,Aquabacterium sp004322345,0.5,0.000538648,0.9225/0.9134
Ea.F.1.L.B,B01,Earl,dorm_sample,Bacteria,Pseudomonadota,Gammaproteobacteria,Steroidobacterales,Steroidobacteraceae,Steroidobacter,Steroidobacter flavus,0.5,0.000538648,0.9415/0.9342
Ea.F.1.L.B,B01,Earl,dorm_sample,Bacteria,Pseudomonadota,Gammaproteobacteria,Pseudomonadales,Moraxellaceae,Faucicola,Faucicola osloensis,0.5,0.000538648,0.9646/0.8842
Ea.F.1.L.B,B01,Earl,dorm_sample,Bacteria,Actinomycetota,Actinomycetes,Mycobacteriales,Mycobacteriaceae,Mycobacterium,Mycobacterium paragordonae,0.5,0.000538648,0.9829/0.9709
Ea.F.1.L.B,B01,Earl,dorm_sample,Bacteria,Pseudomonadota,Alphaproteobacteria,Rhizobiales,Beijerinckiaceae,Methylobacterium,Methylobacterium tarhaniae,0.5,0.000538648,0.9937/0.9936
Ea.F.1.L.B,B01,Earl,dorm_sample,Bacteria,Bacteroidota,Bacteroidia,B-17B0,Aurantibacillaceae,Aurantibacillus,Aurantibacillus sp044221905,0.625,0.00067331,0.7965/0.7560
Ea.F.1.L.B,B01,Earl,dorm_sample,Bacteria,Pseudomonadota,Alphaproteobacteria,Rickettsiales,UBA3002,QFOX01,QFOX01 sp040377415,0.625,0.00067331,0.8004/0.7759
Ea.F.1.L.B,B01,Earl,dorm_sample,Bacteria,Pseudomonadota,Alphaproteobacteria,Micavibrionales,Micavibrionaceae,Micavibrio_C,Micavibrio_C sp934538895,0.625,0.00067331,0.8323/0.7804
Ea.F.1.L.B,B01,Earl,dorm_sample,Bacteria,Verrucomicrobiota,Verrucomicrobiia,Chthoniobacterales,Terrimicrobiaceae,CALCJD01,CALCJD01 sp041752695,0.625,0.00067331,0.8348/0.7881
Ea.F.1.L.B,B01,Earl,dorm_sample,Bacteria,Pseudomonadota,Gammaproteobacteria,Burkholderiales,Casimicrobiaceae,VBCG01,VBCG01 sp964620265,0.625,0.00067331,0.8470/0.7646
Ea.F.1.L.B,B01,Earl,dorm_sample,Bacteria,Actinomycetota,Actinomycetes,Actinomycetales,Microbacteriaceae,Rhodoglobus,Rhodoglobus sp963740815,0.625,0.00067331,0.8537/0.8404
Ea.F.1.L.B,B01,Earl,dorm_sample,Bacteria,Bacteroidota,Bacteroidia,Chitinophagales,Chitinophagaceae,Rurimicrobium,Rurimicrobium sp035497375,0.625,0.00067331,0.8781/0.8656
Ea.F.1.L.B,B01,Earl,dorm_sample,Bacteria,Pseudomonadota,Alphaproteobacteria,Caulobacterales,Caulobacteraceae,Brevundimonas,Brevundimonas sp048799805,0.625,0.00067331,0.8811/0.8545
Ea.F.1.L.B,B01,Earl,dorm_sample,Bacteria,Bacteroidota,Bacteroidia,Chitinophagales,Chitinophagaceae,Agriterribacter,Agriterribacter sp051958655,0.625,0.00067331,0.8979/0.8833
Ea.F.1.L.B,B01,Earl,dorm_sample,Bacteria,Pseudomonadota,Alphaproteobacteria,Reyranellales,Reyranellaceae,Reyranella,Reyranella sp026126105,0.625,0.00067331,0.9278/0.9219
Ea.F.1.L.B,B01,Earl,dorm_sample,Bacteria,Chlamydiota,Chlamydiia,Chlamydiales,Parachlamydiaceae,CAZABG01,CAZABG01 sp020051235,0.625,0.00067331,0.9544/0.9517
Ea.F.1.L.B,B01,Earl,dorm_sample,Bacteria,Pseudomonadota,Alphaproteobacteria,Caulobacterales,Caulobacteraceae,Phenylobacterium,Phenylobacterium sp041919955,0.625,0.00067331,0.9569/0.9518
Ea.F.1.L.B,B01,Earl,dorm_sample,Bacteria,Pseudomonadota,Alphaproteobacteria,Caulobacterales,Caulobacteraceae,Brevundimonas,Brevundimonas sp002479325,0.625,0.00067331,0.9667/0.9626
Ea.F.1.L.B,B01,Earl,dorm_sample,Bacteria,Pseudomonadota,Alphaproteobacteria,Rhizobiales,Aestuariivirgaceae,Taklimakanibacter,Taklimakanibacter sp049323275,0.625,0.00067331,0.9896/0.9880
Ea.F.1.L.B,B01,Earl,dorm_sample,Archaea,unclassified Archaea phylum,unclassified Archaea class,unclassified Archaea order,unclassified Archaea family,unclassified Archaea genus,unclassified Archaea species,0.75,0.000807972,0.0000/0.0000
Ea.F.1.L.B,B01,Earl,dorm_sample,Bacteria,Pseudomonadota,Alphaproteobacteria,Micavibrionales,GCA-2720935,GCA-2720935,GCA-2720935 sp002720935,0.75,0.000807972,0.7326/0.6988
Ea.F.1.L.B,B01,Earl,dorm_sample,Bacteria,Pseudomonadota,Alphaproteobacteria,Micavibrionales,Micavibrionaceae,UBA6929,UBA6929 sp002448815,0.75,0.000807972,0.7649/0.7275
Ea.F.1.L.B,B01,Earl,dorm_sample,Bacteria,Pseudomonadota,Alphaproteobacteria,Micavibrionales,Micavibrionaceae,TMED27,TMED27 sp002687495,0.75,0.000807972,0.7747/0.7409
Ea.F.1.L.B,B01,Earl,dorm_sample,Bacteria,Planctomycetota,Planctomycetia,Pirellulales,JALHLM01,JALHLM01,JALHLM01 sp034440135,0.75,0.000807972,0.8066/0.7748
Ea.F.1.L.B,B01,Earl,dorm_sample,Bacteria,Bdellovibrionota,Bdellovibrionia,Bdellovibrionales,JAEYZS01,JAEYZS01,JAEYZS01 sp040386775,0.75,0.000807972,0.8197/0.7780
Ea.F.1.L.B,B01,Earl,dorm_sample,Bacteria,Acidobacteriota,Blastocatellia,Pyrinomonadales,Pyrinomonadaceae,OLB17,OLB17 sp047600985,0.75,0.000807972,0.8248/0.8011
Ea.F.1.L.B,B01,Earl,dorm_sample,Bacteria,Pseudomonadota,Alphaproteobacteria,Rhizobiales,Hyphomicrobiaceae,JAKAXS01,JAKAXS01 sp030655135,0.75,0.000807972,0.8296/0.7364
Ea.F.1.L.B,B01,Earl,dorm_sample,Bacteria,Bdellovibrionota,Bdellovibrionia,Bdellovibrionales,Bdellovibrionaceae,Bdellovibrio,Bdellovibrio bacteriovorus_E,0.75,0.000807972,0.8362/0.8041
Ea.F.1.L.B,B01,Earl,dorm_sample,Bacteria,Cyanobacteriota,Vampirovibrionia,Obscuribacterales,Obscuribacteraceae,Ga0077546,Ga0077546 sp965229195,0.75,0.000807972,0.8678/0.8464
Ea.F.1.L.B,B01,Earl,dorm_sample,Bacteria,Pseudomonadota,Alphaproteobacteria,Rhizobiales,Xanthobacteraceae,Bradyrhizobium,Bradyrhizobium sp032917985,0.75,0.000807972,0.8865/0.8298
Ea.F.1.L.B,B01,Earl,dorm_sample,Bacteria,Planctomycetota,Planctomycetia,Pirellulales,PNKZ01,PNKZ01,PNKZ01 sp017303535,0.75,0.000807972,0.9198/0.8897
Ea.F.1.L.B,B01,Earl,dorm_sample,Bacteria,Pseudomonadota,Alphaproteobacteria,Sphingomonadales,Sphingomonadaceae,Sphingomonas,Sphingomonas hankookensis_A,0.75,0.000807972,0.9623/0.9581
Ea.F.1.L.B,B01,Earl,dorm_sample,Bacteria,Pseudomonadota,Alphaproteobacteria,Rhizobiales,Beijerinckiaceae,Methylobacterium,Methylobacterium aquaticum,0.75,0.000807972,0.9984/0.9984
Ea.F.1.L.B,B01,Earl,dorm_sample,Bacteria,Pseudomonadota,Alphaproteobacteria,43-37,43-37,43-37,43-37 sp001897475,0.875,0.000942634,0.7325/0.7161
Ea.F.1.L.B,B01,Earl,dorm_sample,Bacteria,Acidobacteriota,Vicinamibacteria,Vicinamibacterales,Vicinamibacteraceae,JBDSLU01,JBDSLU01 sp963816265,0.875,0.000942634,0.7926/0.7400
Ea.F.1.L.B,B01,Earl,dorm_sample,Bacteria,Cyanobacteriota,Vampirovibrionia,Obscuribacterales,Obscuribacteraceae,Ga0077546,Ga0077546 sp021732025,0.875,0.000942634,0.8361/0.8106
Ea.F.1.L.B,B01,Earl,dorm_sample,Bacteria,Myxococcota_A,Polyangia,Haliangiales,Haliangiaceae,JABFXX01,JABFXX01 sp016720595,0.875,0.000942634,0.8608/0.7949
Ea.F.1.L.B,B01,Earl,dorm_sample,Bacteria,Bdellovibrionota,Bacteriovoracia,Bacteriovoracales,Bacteriovoracaceae,Peredibacter,Peredibacter sp046595005,0.875,0.000942634,0.8666/0.8639
Ea.F.1.L.B,B01,Earl,dorm_sample,Bacteria,Planctomycetota,Planctomycetia,Gemmatales,Gemmataceae,JAXMAZ01,JAXMAZ01 sp043787415,0.875,0.000942634,0.8714/0.8493
Ea.F.1.L.B,B01,Earl,dorm_sample,Bacteria,Bacteroidota,Bacteroidia,Cytophagales,Cytophagaceae,Cytophaga,Cytophaga aurantiaca,0.875,0.000942634,0.9263/0.9171
Ea.F.1.L.B,B01,Earl,dorm_sample,Bacteria,Pseudomonadota,Alphaproteobacteria,Caulobacterales,Caulobacteraceae,Brevundimonas,Brevundimonas albigilva,0.875,0.000942634,0.9291/0.9063
Ea.F.1.L.B,B01,Earl,dorm_sample,Bacteria,Pseudomonadota,Gammaproteobacteria,Burkholderiales,Burkholderiaceae_C,JAGOCV01,JAGOCV01 sp017307855,0.875,0.000942634,0.9348/0.9293
Ea.F.1.L.B,B01,Earl,dorm_sample,Bacteria,Pseudomonadota,Alphaproteobacteria,Rhizobiales,Xanthobacteraceae,Bradyrhizobium,Bradyrhizobium sp035575945,0.875,0.000942634,0.9434/0.9236
Ea.F.1.L.B,B01,Earl,dorm_sample,Bacteria,Bacteroidota,Bacteroidia,Cytophagales,Spirosomataceae,Runella,Runella sp029433105,0.875,0.000942634,0.9848/0.9799
Ea.F.1.L.B,B01,Earl,dorm_sample,Bacteria,Actinomycetota,Actinomycetes,Mycobacteriales,Mycobacteriaceae,Mycobacterium,Mycobacterium grossiae,0.875,0.000942634,0.9853/0.9853
Ea.F.1.L.B,B01,Earl,dorm_sample,Bacteria,Actinomycetota,Actinomycetes,Actinomycetales,Microbacteriaceae,Microbacterium,Microbacterium kunmingense,0.875,0.000942634,0.9908/0.9903
Ea.F.1.L.B,B01,Earl,dorm_sample,Bacteria,Pseudomonadota,Alphaproteobacteria,Caulobacterales,Caulobacteraceae,Phenylobacterium,Phenylobacterium sp031181185,1,0.001077296,0.7653/0.7368
Ea.F.1.L.B,B01,Earl,dorm_sample,Bacteria,Pseudomonadota,Alphaproteobacteria,Rickettsiales,UBA3002,JALHRI01,JALHRI01 sp022841525,1,0.001077296,0.7719/0.7429
Ea.F.1.L.B,B01,Earl,dorm_sample,Bacteria,Acidobacteriota,Vicinamibacteria,Vicinamibacterales,JAENWD01,JAENWD01,JAENWD01 sp963719755,1,0.001077296,0.7880/0.7119
Ea.F.1.L.B,B01,Earl,dorm_sample,Bacteria,Pseudomonadota,Alphaproteobacteria,Micavibrionales,GCA-2720935,CAYGOD01,CAYGOD01 sp964351525,1,0.001077296,0.7928/0.7828
Ea.F.1.L.B,B01,Earl,dorm_sample,Bacteria,Bacteroidota,Bacteroidia,Chitinophagales,LD1,Bog-950,Bog-950 sp046329515,1,0.001077296,0.7937/0.7771
Ea.F.1.L.B,B01,Earl,dorm_sample,Bacteria,Bacteroidota,Bacteroidia,Chitinophagales,LD1,Bog-950,Bog-950 sp947457525,1,0.001077296,0.7984/0.7645
Ea.F.1.L.B,B01,Earl,dorm_sample,Bacteria,Planctomycetota,Planctomycetia,Pirellulales,PNKZ01,PNKZ01,PNKZ01 sp021413845,1,0.001077296,0.8319/0.7956
Ea.F.1.L.B,B01,Earl,dorm_sample,Bacteria,Pseudomonadota,Alphaproteobacteria,Caedimonadales,Caedimonadaceae,Paracaedimonas,Paracaedimonas acanthamoebae,1,0.001077296,0.8818/0.8777
Ea.F.1.L.B,B01,Earl,dorm_sample,Bacteria,Pseudomonadota,Alphaproteobacteria,Caulobacterales,Hyphomonadaceae,UBA7672,UBA7672 sp036733305,1,0.001077296,0.8847/0.8649
Ea.F.1.L.B,B01,Earl,dorm_sample,Bacteria,Acidobacteriota,Vicinamibacteria,Vicinamibacterales,UBA2999,CADEFD01,CADEFD01 sp963779175,1,0.001077296,0.8948/0.8833
Ea.F.1.L.B,B01,Earl,dorm_sample,Bacteria,Bacteroidota,Bacteroidia,Flavobacteriales,Flavobacteriaceae,Flavobacterium,Flavobacterium wongokense,1,0.001077296,0.9130/0.9018
Ea.F.1.L.B,B01,Earl,dorm_sample,Bacteria,Planctomycetota,Planctomycetia,Pirellulales,Lacipirellulaceae,Lacipirellula,Lacipirellula parvula,1,0.001077296,0.9195/0.9008
Ea.F.1.L.B,B01,Earl,dorm_sample,Bacteria,Pseudomonadota,Alphaproteobacteria,Sphingomonadales,Sphingomonadaceae,Novosphingobium,Novosphingobium sp025938095,1.125,0.001211958,0.8532/0.8211
Ea.F.1.L.B,B01,Earl,dorm_sample,Bacteria,Bacteroidota,Bacteroidia,Chitinophagales,Chitinophagaceae,UBA5543,UBA5543 sp964464965,1.125,0.001211958,0.8546/0.8415
Ea.F.1.L.B,B01,Earl,dorm_sample,Bacteria,Pseudomonadota,Alphaproteobacteria,Sphingomonadales,Sphingomonadaceae,JAWKXU01,JAWKXU01 sp035581365,1.125,0.001211958,0.8675/0.8605
Ea.F.1.L.B,B01,Earl,dorm_sample,Bacteria,Pseudomonadota,Alphaproteobacteria,Sphingomonadales,Sphingomonadaceae,Sphingomonas,Sphingomonas sp001555965,1.125,0.001211958,0.8877/0.8305
Ea.F.1.L.B,B01,Earl,dorm_sample,Bacteria,Pseudomonadota,Alphaproteobacteria,Caulobacterales,Caulobacteraceae,Phenylobacterium,Phenylobacterium sp040752615,1.125,0.001211958,0.9262/0.9187
Ea.F.1.L.B,B01,Earl,dorm_sample,Bacteria,Pseudomonadota,Alphaproteobacteria,Sphingomonadales,Sphingomonadaceae,Sphingopyxis,Sphingopyxis sp023197165,1.125,0.001211958,0.9271/0.9231
Ea.F.1.L.B,B01,Earl,dorm_sample,Bacteria,Pseudomonadota,Gammaproteobacteria,Steroidobacterales,Steroidobacteraceae,Steroidobacter,Steroidobacter soli,1.125,0.001211958,0.9655/0.9297
Ea.F.1.L.B,B01,Earl,dorm_sample,Bacteria,Actinomycetota,Actinomycetes,Mycobacteriales,Mycobacteriaceae,Mycobacterium,Mycobacterium fortuitum,1.125,0.001211958,0.9974/0.9967
Ea.F.1.L.B,B01,Earl,dorm_sample,Bacteria,Pseudomonadota,Alphaproteobacteria,Sphingomonadales,Sphingomonadaceae,Sphingobium,Sphingobium sp036170395,1.125,0.001211958,0.9995/0.9995
Ea.F.1.L.B,B01,Earl,dorm_sample,Bacteria,Pseudomonadota,Alphaproteobacteria,Rickettsiales,UBA3002,QFOX01,QFOX01 sp965247335,1.25,0.00134662,0.8078/0.7918
Ea.F.1.L.B,B01,Earl,dorm_sample,Bacteria,Bacteroidota,Bacteroidia,Chitinophagales,Chitinophagaceae,Rurimicrobium,Rurimicrobium sp041661485,1.25,0.00134662,0.8565/0.8459
Ea.F.1.L.B,B01,Earl,dorm_sample,Bacteria,Pseudomonadota,Gammaproteobacteria,DSM-16500,DSM-16500,Aquicella,Aquicella sp963785295,1.375,0.001481282,0.7646/0.7376
Ea.F.1.L.B,B01,Earl,dorm_sample,Bacteria,Bacteroidota,Bacteroidia,CAMBQF01,CAMBQF01,CAMBQF01,CAMBQF01 sp027483285,1.375,0.001481282,0.8121/0.7785
Ea.F.1.L.B,B01,Earl,dorm_sample,Bacteria,Acidobacteriota,Vicinamibacteria,Vicinamibacterales,Vicinamibacteraceae,JBDSLU01,JBDSLU01 sp963721565,1.375,0.001481282,0.8638/0.8344
Ea.F.1.L.B,B01,Earl,dorm_sample,Bacteria,Planctomycetota,Planctomycetia,Kolteriales,Kolteriaceae,JAIEPU01,JAIEPU01 sp019748235,1.375,0.001481282,0.9096/0.8453
Ea.F.1.L.B,B01,Earl,dorm_sample,Bacteria,Pseudomonadota,Alphaproteobacteria,Sphingomonadales,Sphingomonadaceae,Sphingopyxis,Sphingopyxis sp000756375,1.375,0.001481282,0.9422/0.9257
Ea.F.1.L.B,B01,Earl,dorm_sample,Bacteria,Pseudomonadota,Gammaproteobacteria,Burkholderiales,Burkholderiaceae_C,Acidovorax,Acidovorax temperans,1.375,0.001481282,0.9829/0.9828
Ea.F.1.L.B,B01,Earl,dorm_sample,Bacteria,Pseudomonadota,Alphaproteobacteria,Caulobacterales,Caulobacteraceae,Caulobacter,Caulobacter sp020161365,1.375,0.001481282,0.9851/0.9837
Ea.F.1.L.B,B01,Earl,dorm_sample,Bacteria,Pseudomonadota,Alphaproteobacteria,Rhizobiales,Beijerinckiaceae,Methylobacterium,Methylobacterium radiotolerans,1.375,0.001481282,0.9950/0.9942
Ea.F.1.L.B,B01,Earl,dorm_sample,Bacteria,Pseudomonadota,Alphaproteobacteria,Micavibrionales,Micavibrionaceae,Micavibrio_C,Micavibrio_C sp965231165,1.5,0.001615944,0.8245/0.7661
Ea.F.1.L.B,B01,Earl,dorm_sample,Bacteria,Pseudomonadota,Alphaproteobacteria,Rhizobiales,Rhizobiaceae,Arvimicrobium,Arvimicrobium flavum,1.5,0.001615944,0.8428/0.7914
Ea.F.1.L.B,B01,Earl,dorm_sample,Bacteria,Bdellovibrionota,Bdellovibrionia,Bdellovibrionales,Bdellovibrionaceae,Bdellovibrio,Bdellovibrio sp037996825,1.75,0.001885268,0.7908/0.7635
Ea.F.1.L.B,B01,Earl,dorm_sample,Bacteria,Cyanobacteriota,Vampirovibrionia,Obscuribacterales,Obscuribacteraceae,Ga0077546,Ga0077546 sp036170915,1.75,0.001885268,0.8103/0.7765
Ea.F.1.L.B,B01,Earl,dorm_sample,Bacteria,Pseudomonadota,Gammaproteobacteria,Xanthomonadales,Xanthomonadaceae,JALCLA01,JALCLA01 sp965653565,1.75,0.001885268,0.8282/0.7700
Ea.F.1.L.B,B01,Earl,dorm_sample,Bacteria,Pseudomonadota,Alphaproteobacteria,Micropepsales,Micropepsaceae,JADZAI01,JADZAI01 sp047602465,1.75,0.001885268,0.8970/0.8574
Ea.F.1.L.B,B01,Earl,dorm_sample,Bacteria,Actinomycetota,Actinomycetes,Actinomycetales,Microbacteriaceae,Pseudolysinimonas_A,Pseudolysinimonas_A sp023457615,1.75,0.001885268,0.8972/0.8502
Ea.F.1.L.B,B01,Earl,dorm_sample,Bacteria,Pseudomonadota,Alphaproteobacteria,Caulobacterales,Caulobacteraceae,Brevundimonas,Brevundimonas sp052436175,1.75,0.001885268,0.9199/0.8842
Ea.F.1.L.B,B01,Earl,dorm_sample,Bacteria,Pseudomonadota,Alphaproteobacteria,Rhizobiales,Hyphomicrobiaceae,Hyphomicrobium_C,Hyphomicrobium_C sp019744875,1.75,0.001885268,0.9912/0.9909
Ea.F.1.L.B,B01,Earl,dorm_sample,Bacteria,Bacteroidota,Bacteroidia,UKL13-3,UKL13-3,UBA6183,UBA6183 sp040385895,1.875,0.00201993,0.8509/0.8206
Ea.F.1.L.B,B01,Earl,dorm_sample,Bacteria,Myxococcota_A,Polyangia,Haliangiales,Haliangiaceae,JABFXX01,JABFXX01 sp964617845,1.875,0.00201993,0.8942/0.8432
Ea.F.1.L.B,B01,Earl,dorm_sample,Bacteria,Myxococcota_A,Polyangia,Haliangiales,Haliangiaceae,JABFXX01,JABFXX01 sp023428295,1.875,0.00201993,0.9206/0.9044
Ea.F.1.L.B,B01,Earl,dorm_sample,Bacteria,Pseudomonadota,Alphaproteobacteria,Rhizobiales,Beijerinckiaceae,Allobosea,Allobosea eneae,1.875,0.00201993,0.9837/0.9808
Ea.F.1.L.B,B01,Earl,dorm_sample,Bacteria,Acidobacteriota,Blastocatellia,Pyrinomonadales,Pyrinomonadaceae,OLB17,OLB17 sp016789265,2,0.002154592,0.7920/0.7567
Ea.F.1.L.B,B01,Earl,dorm_sample,Bacteria,Pseudomonadota,Alphaproteobacteria,Sphingomonadales,Sphingomonadaceae,Novosphingobium,Novosphingobium sp019075875,2,0.002154592,0.8216/0.7907
Ea.F.1.L.B,B01,Earl,dorm_sample,Bacteria,Planctomycetota,Planctomycetia,Planctomycetales,Planctomycetaceae,Planctomyces_A,Planctomyces_A sp023429275,2,0.002154592,0.8321/0.7944
Ea.F.1.L.B,B01,Earl,dorm_sample,Bacteria,Bacteroidota,Bacteroidia,Chitinophagales,Chitinophagaceae,Rurimicrobium,Rurimicrobium sp016786525,2,0.002154592,0.9490/0.8951
Ea.F.1.L.B,B01,Earl,dorm_sample,Bacteria,Babelota,Babeliae,Babelales,Vermiphilaceae,Vermiphilus,Vermiphilus pyriformis,2,0.002154592,0.9901/0.9662
Ea.F.1.L.B,B01,Earl,dorm_sample,Bacteria,Actinomycetota,Actinomycetes,Mycobacteriales,Nakamurellaceae,Nakamurella,Nakamurella multipartita,2,0.002154592,0.9926/0.9889
Ea.F.1.L.B,B01,Earl,dorm_sample,Bacteria,Acidobacteriota,Vicinamibacteria,Vicinamibacterales,Vicinamibacteraceae,CAWJAP01,CAWJAP01 sp963840865,2.125,0.002289254,0.8272/0.7815
Ea.F.1.L.B,B01,Earl,dorm_sample,Bacteria,Pseudomonadota,Alphaproteobacteria,Sphingomonadales,Sphingomonadaceae,Novosphingobium,Novosphingobium sp041677785,2.125,0.002289254,0.8303/0.7666
Ea.F.1.L.B,B01,Earl,dorm_sample,Bacteria,Actinomycetota,Actinomycetes,Actinomycetales,Microbacteriaceae,Pseudolysinimonas_A,Pseudolysinimonas_A sp947085045,2.125,0.002289254,0.8489/0.7859
Ea.F.1.L.B,B01,Earl,dorm_sample,Bacteria,Acidobacteriota,Blastocatellia,Pyrinomonadales,Pyrinomonadaceae,DATHTS01,DATHTS01 sp041940425,2.25,0.002423916,0.8322/0.7759
Ea.F.1.L.B,B01,Earl,dorm_sample,Bacteria,Bacteroidota,Bacteroidia,Chitinophagales,LD1,Bog-950,Bog-950 sp018267435,2.25,0.002423916,0.9786/0.9778
Ea.F.1.L.B,B01,Earl,dorm_sample,Bacteria,Pseudomonadota,Alphaproteobacteria,Micavibrionales,GCA-2720935,CATLOR01,CATLOR01 sp950054255,2.375,0.002558578,0.7557/0.7182
Ea.F.1.L.B,B01,Earl,dorm_sample,Bacteria,Pseudomonadota,Alphaproteobacteria,Caulobacterales,Hyphomonadaceae,UBA7672,UBA7672 sp965229115,2.375,0.002558578,0.8998/0.8543
Ea.F.1.L.B,B01,Earl,dorm_sample,Bacteria,Pseudomonadota,Alphaproteobacteria,Micavibrionales,UBA2020,UBA2020,UBA2020 sp002334985,2.5,0.00269324,0.7721/0.7141
Ea.F.1.L.B,B01,Earl,dorm_sample,Bacteria,Pseudomonadota,Alphaproteobacteria,Rickettsiales,UBA3002,QFOX01,QFOX01 sp003241645,2.5,0.00269324,0.8653/0.8293
Ea.F.1.L.B,B01,Earl,dorm_sample,Bacteria,Myxococcota,XYA12-FULL-58-9,XYA12-FULL-58-9,JALHOP01,JALHOP01,JALHOP01 sp964484195,2.5,0.00269324,0.8759/0.8395
Ea.F.1.L.B,B01,Earl,dorm_sample,Bacteria,Pseudomonadota,Gammaproteobacteria,Legionellales,Legionellaceae,Tatlockia,Tatlockia feeleii,2.5,0.00269324,0.9927/0.9925
Ea.F.1.L.B,B01,Earl,dorm_sample,Bacteria,Actinomycetota,Actinomycetes,Mycobacteriales,Mycobacteriaceae,Mycobacterium,Mycobacterium sp018326285,2.5,0.00269324,0.9941/0.9935
Ea.F.1.L.B,B01,Earl,dorm_sample,Bacteria,Pseudomonadota,Alphaproteobacteria,Caulobacterales,Caulobacteraceae,Brevundimonas,Brevundimonas sp046291915,2.625,0.002827902,0.8995/0.7167
Ea.F.1.L.B,B01,Earl,dorm_sample,Bacteria,Pseudomonadota,Gammaproteobacteria,Xanthomonadales,Xanthomonadaceae,Pseudoxanthomonas_A,Pseudoxanthomonas_A mexicana,2.75,0.002962564,0.9859/0.9832
Ea.F.1.L.B,B01,Earl,dorm_sample,Bacteria,Cyanobacteriota,Vampirovibrionia,Obscuribacterales,Obscuribacteraceae,JADYXR01,JADYXR01 sp019637435,2.875,0.003097226,0.8734/0.8408
Ea.F.1.L.B,B01,Earl,dorm_sample,Bacteria,Pseudomonadota,Alphaproteobacteria,Sphingomonadales,Sphingomonadaceae,Sphingopyxis,Sphingopyxis fribergensis,2.875,0.003097226,0.9557/0.9343
Ea.F.1.L.B,B01,Earl,dorm_sample,Bacteria,Pseudomonadota,Alphaproteobacteria,Rhizobiales,Hyphomicrobiaceae,JAKAXS01,JAKAXS01 sp963846845,3,0.003231888,0.8743/0.8446
Ea.F.1.L.B,B01,Earl,dorm_sample,Bacteria,Pseudomonadota,Alphaproteobacteria,Rickettsiales,UBA3002,JAFLDD01,JAFLDD01 sp017302575,3.125,0.00336655,0.7739/0.7481
Ea.F.1.L.B,B01,Earl,dorm_sample,Bacteria,Bacteroidota,Bacteroidia,B-17B0,Aurantibacillaceae,UBA4416,UBA4416 sp964543545,3.125,0.00336655,0.8959/0.7802
Ea.F.1.L.B,B01,Earl,dorm_sample,Bacteria,Pseudomonadota,Gammaproteobacteria,Xanthomonadales,Rhodanobacteraceae,Tahibacter,Tahibacter sp042701255,3.125,0.00336655,0.9120/0.9060
Ea.F.1.L.B,B01,Earl,dorm_sample,Bacteria,Bdellovibrionota,Bacteriovoracia,Bacteriovoracales,Bacteriovoracaceae,Peredibacter,Peredibacter sp040387275,3.25,0.003501212,0.8456/0.8288
Ea.F.1.L.B,B01,Earl,dorm_sample,Bacteria,Pseudomonadota,Alphaproteobacteria,Caulobacterales,Caulobacteraceae,Phenylobacterium,Phenylobacterium sp041916435,3.5,0.003770536,0.8064/0.7308
Ea.F.1.L.B,B01,Earl,dorm_sample,Bacteria,Planctomycetota,Phycisphaerae,Phycisphaerales,UBA1924,JADLFW01,JADLFW01 sp020849615,3.5,0.003770536,0.8629/0.8190
Ea.F.1.L.B,B01,Earl,dorm_sample,Bacteria,Pseudomonadota,Alphaproteobacteria,Rickettsiales,UBA3002,QFOX01,QFOX01 sp044341105,3.75,0.00403986,0.7975/0.7542
Ea.F.1.L.B,B01,Earl,dorm_sample,Bacteria,Pseudomonadota,Alphaproteobacteria,Sphingomonadales,Sphingomonadaceae,Sphingopyxis,Sphingopyxis soli,3.75,0.00403986,0.9101/0.8838
Ea.F.1.L.B,B01,Earl,dorm_sample,Bacteria,Actinomycetota,Actinomycetes,Mycobacteriales,Mycobacteriaceae,Mycobacterium,Mycobacterium gordonae_B,3.75,0.00403986,0.9911/0.9906
Ea.F.1.L.B,B01,Earl,dorm_sample,Bacteria,Pseudomonadota,Alphaproteobacteria,Sphingomonadales,Sphingomonadaceae,Sphingomonas,Sphingomonas koreensis,3.75,0.00403986,0.9991/0.9981
Ea.F.1.L.B,B01,Earl,dorm_sample,Bacteria,Acidobacteriota,Blastocatellia,Pyrinomonadales,Pyrinomonadaceae,OLB17,OLB17 sp902826795,4,0.004309184,0.8030/0.7548
Ea.F.1.L.B,B01,Earl,dorm_sample,Bacteria,Planctomycetota,Planctomycetia,Planctomycetales,Planctomycetaceae,Planctomyces_A,Planctomyces_A sp001610835,4,0.004309184,0.8496/0.8294
Ea.F.1.L.B,B01,Earl,dorm_sample,Bacteria,Pseudomonadota,Alphaproteobacteria,Caulobacterales,Caulobacteraceae,Brevundimonas,Brevundimonas sp051858995,4,0.004309184,0.9124/0.8509
Ea.F.1.L.B,B01,Earl,dorm_sample,Bacteria,Pseudomonadota,Gammaproteobacteria,Burkholderiales,Burkholderiaceae,Imbroritus,Imbroritus primus,4,0.004309184,0.9307/0.9242
Ea.F.1.L.B,B01,Earl,dorm_sample,Bacteria,Pseudomonadota,Alphaproteobacteria,Rhizobiales,Rhizobiaceae,Arvimicrobium,Arvimicrobium sp023953845,4.75,0.005117156,0.8565/0.8138
Ea.F.1.L.B,B01,Earl,dorm_sample,Bacteria,Pseudomonadota,Gammaproteobacteria,Xanthomonadales,Rhodanobacteraceae,Tahibacter,Tahibacter harae,5,0.00538648,0.8616/0.8175
Ea.F.1.L.B,B01,Earl,dorm_sample,Bacteria,Bacteroidota,Bacteroidia,Chitinophagales,Chitinophagaceae,JAFIGV01,JAFIGV01 sp035497455,5.375,0.005790466,0.8159/0.7921
Ea.F.1.L.B,B01,Earl,dorm_sample,Bacteria,Pseudomonadota,Alphaproteobacteria,Caulobacterales,Caulobacteraceae,Brevundimonas,Brevundimonas sp023259385,5.75,0.006194452,0.8970/0.8313
Ea.F.1.L.B,B01,Earl,dorm_sample,Bacteria,Pseudomonadota,Alphaproteobacteria,Sphingomonadales,Sphingomonadaceae,Sphingopyxis,Sphingopyxis sp001468225,5.75,0.006194452,0.9134/0.8968
Ea.F.1.L.B,B01,Earl,dorm_sample,Bacteria,Planctomycetota,Planctomycetia,Pirellulales,Pirellulaceae,CAZWSX01,CAZWSX01 sp964636985,5.875,0.006329114,0.8692/0.8476
Ea.F.1.L.B,B01,Earl,dorm_sample,Bacteria,Pseudomonadota,Alphaproteobacteria,Caulobacterales,Caulobacteraceae,Phenylobacterium,Phenylobacterium terrae,6,0.006463776,0.8785/0.8614
Ea.F.1.L.B,B01,Earl,dorm_sample,Bacteria,Pseudomonadota,Gammaproteobacteria,Xanthomonadales,Xanthomonadaceae,JALCLA01,JALCLA01 sp022647565,6.25,0.0067331,0.8504/0.7992
Ea.F.1.L.B,B01,Earl,dorm_sample,Bacteria,Bacteroidota,Bacteroidia,Chitinophagales,Chitinophagaceae,JAFIGV01,JAFIGV01 sp023418315,6.5,0.007002424,0.8082/0.7701
Ea.F.1.L.B,B01,Earl,dorm_sample,Bacteria,Pseudomonadota,Alphaproteobacteria,Sphingomonadales,Sphingomonadaceae,Allosphingosinicella,Allosphingosinicella sp019635535,6.75,0.007271748,0.9129/0.8809
Ea.F.1.L.B,B01,Earl,dorm_sample,Bacteria,Pseudomonadota,Gammaproteobacteria,Pseudomonadales,Moraxellaceae,Acinetobacter,Acinetobacter junii,6.875,0.00740641,0.9869/0.9817
Ea.F.1.L.B,B01,Earl,dorm_sample,Bacteria,Acidobacteriota,Blastocatellia,Pyrinomonadales,Pyrinomonadaceae,DATHTS01,DATHTS01 sp965217985,7,0.007541072,0.8287/0.7969
Ea.F.1.L.B,B01,Earl,dorm_sample,Bacteria,Pseudomonadota,Gammaproteobacteria,Burkholderiales,Burkholderiaceae_C,Aquincola,Aquincola tertiaricarbonis_B,7,0.007541072,0.9580/0.9529
Ea.F.1.L.B,B01,Earl,dorm_sample,Bacteria,Bacteroidota,Bacteroidia,Chitinophagales,Chitinophagaceae,Agriterribacter,Agriterribacter sp051955255,7.125,0.007675734,0.8614/0.8162
Ea.F.1.L.B,B01,Earl,dorm_sample,Bacteria,Acidobacteriota,Blastocatellia,Pyrinomonadales,Pyrinomonadaceae,JALZHR01,JALZHR01 sp036388475,7.25,0.007810396,0.8008/0.7412
Ea.F.1.L.B,B01,Earl,dorm_sample,Bacteria,Pseudomonadota,Alphaproteobacteria,Micavibrionales,UBA2020,JAEXMB01,JAEXMB01 sp027483355,7.5,0.00807972,0.8554/0.8420
Ea.F.1.L.B,B01,Earl,dorm_sample,Bacteria,Pseudomonadota,Alphaproteobacteria,Micavibrionales,UBA2020,JAEXMB01,JAEXMB01 sp023444705,8.625,0.009291678,0.8384/0.8077
Ea.F.1.L.B,B01,Earl,dorm_sample,Bacteria,Pseudomonadota,Alphaproteobacteria,Rhizobiales,Aestuariivirgaceae,Taklimakanibacter,Taklimakanibacter albus,8.875,0.009561002,0.9295/0.8484
Ea.F.1.L.B,B01,Earl,dorm_sample,Bacteria,Pseudomonadota,Alphaproteobacteria,Sphingomonadales,Sphingomonadaceae,Sphingobium_A,Sphingobium_A colocasiae,10.125,0.01090762,0.8697/0.8091
Ea.F.1.L.B,B01,Earl,dorm_sample,Bacteria,Bacteroidota,Bacteroidia,Cytophagales,Cyclobacteriaceae,UBA2336,UBA2336 sp019694875,10.25,0.01104228,0.8893/0.8695
Ea.F.1.L.B,B01,Earl,dorm_sample,Bacteria,Bdellovibrionota,Bdellovibrionia,Bdellovibrionales,UBA1609,CAYHVK01,CAYHVK01 sp964360255,10.625,0.01144627,0.8174/0.7898
Ea.F.1.L.B,B01,Earl,dorm_sample,Bacteria,Pseudomonadota,Gammaproteobacteria,Xanthomonadales,Xanthomonadaceae,Pseudoxanthomonas_A,Pseudoxanthomonas_A japonensis,10.75,0.01158093,0.9577/0.9537
Ea.F.1.L.B,B01,Earl,dorm_sample,Bacteria,Pseudomonadota,Alphaproteobacteria,Sphingomonadales,Sphingomonadaceae,Allosphingosinicella,Allosphingosinicella sp031157375,11.25,0.01211958,0.8956/0.8490
Ea.F.1.L.B,B01,Earl,dorm_sample,Bacteria,Cyanobacteriota,Vampirovibrionia,Obscuribacterales,Obscuribacteraceae,JAFKGK01,JAFKGK01 sp017307165,11.375,0.01225424,0.9951/0.9949
Ea.F.1.L.B,B01,Earl,dorm_sample,Bacteria,Bacteroidota,Bacteroidia,Chitinophagales,Chitinophagaceae,CAYMZZ01,CAYMZZ01 sp001898485,11.75,0.01265823,0.9919/0.9912
Ea.F.1.L.B,B01,Earl,dorm_sample,Bacteria,Acidobacteriota,Blastocatellia,Pyrinomonadales,Pyrinomonadaceae,JALZHR01,JALZHR01 sp030860665,12.125,0.01306221,0.8292/0.8019
Ea.F.1.L.B,B01,Earl,dorm_sample,Bacteria,Bacteroidota,Bacteroidia,B-17B0,Aurantibacillaceae,UBA4416,UBA4416 sp943362175,12.125,0.01306221,0.9306/0.8701
Ea.F.1.L.B,B01,Earl,dorm_sample,Bacteria,Pseudomonadota,Gammaproteobacteria,Xanthomonadales,Xanthomonadaceae,Pseudoxanthomonas_A,Pseudoxanthomonas_A sp014851815,14.875,0.01602478,0.9226/0.9097
Ea.F.1.L.B,B01,Earl,dorm_sample,Bacteria,Pseudomonadota,Alphaproteobacteria,Rhizobiales,Xanthobacteraceae,Bradyrhizobium,Bradyrhizobium sp023387735,17.375,0.01871802,0.9866/0.9828
Ea.F.1.L.B,B01,Earl,dorm_sample,Bacteria,Pseudomonadota,Alphaproteobacteria,Rhizobiales,Xanthobacteraceae,Bradyrhizobium,Bradyrhizobium lablabi_C,21.625,0.02329653,0.8945/0.8527
Ea.F.1.L.B,B01,Earl,dorm_sample,Bacteria,Pseudomonadota,Alphaproteobacteria,Rhizobiales,Aestuariivirgaceae,Taklimakanibacter,Taklimakanibacter sp005502925,21.875,0.02356585,0.9390/0.9103
Ea.F.1.L.B,B01,Earl,dorm_sample,Bacteria,Pseudomonadota,Gammaproteobacteria,Burkholderiales,Burkholderiaceae_C,Ottowia,Ottowia testudinis,25.875,0.02787503,0.9026/0.8947
Ea.F.1.L.B,B01,Earl,dorm_sample,Bacteria,Pseudomonadota,Alphaproteobacteria,Sphingomonadales,Sphingomonadaceae,Sphingopyxis,Sphingopyxis sp001468395,27.125,0.02922165,0.9155/0.8770
Ea.F.1.L.B,B01,Earl,dorm_sample,Bacteria,Pseudomonadota,Alphaproteobacteria,Sphingomonadales,Sphingomonadaceae,Sphingopyxis,Sphingopyxis sp014873485,30,0.03231888,0.9323/0.9042
Ea.F.1.L.B,B01,Earl,dorm_sample,Bacteria,Actinomycetota,Actinomycetes,Mycobacteriales,Mycobacteriaceae,Mycobacterium,Mycobacterium phocaicum,38.625,0.04161056,0.9904/0.9845
Ea.F.1.L.B,B01,Earl,dorm_sample,Bacteria,Pseudomonadota,Alphaproteobacteria,Sphingomonadales,Sphingomonadaceae,Blastomonas,Blastomonas ursincola,88.375,0.09520603,0.9888/0.9859
Ea.F.1.L.B,B01,Earl,dorm_sample,Bacteria,Pseudomonadota,Gammaproteobacteria,Burkholderiales,Burkholderiaceae_C,Ottowia,Ottowia sp018060485,95.125,0.1024778,0.9860/0.9762
Ea.F.1.L.B,B01,Earl,dorm_sample,Bacteria,unclassified Bacteria phylum,unclassified Bacteria class,unclassified Bacteria order,unclassified Bacteria family,unclassified Bacteria genus,unclassified Bacteria species,104.125,0.1121734,0.0000/0.0000
Ea.F.2.H.A,B02,Earl,dorm_sample,Archaea,unclassified Archaea phylum,unclassified Archaea class,unclassified Archaea order,unclassified Archaea family,unclassified Archaea genus,unclassified Archaea species,0.125,0.000278862,0.0000/0.0000
Ea.F.2.H.A,B02,Earl,dorm_sample,Bacteria,Bacteroidota,Bacteroidia,Sphingobacteriales,Sphingobacteriaceae,Mucilaginibacter,Mucilaginibacter agri,0.25,0.000557725,0.7226/0.7033
Ea.F.2.H.A,B02,Earl,dorm_sample,Bacteria,Bdellovibrionota,Bdellovibrionia,Bdellovibrionales,JAEYZS01,JAEYZS01,JAEYZS01 sp040386775,0.25,0.000557725,0.7841/0.7567
Ea.F.2.H.A,B02,Earl,dorm_sample,Bacteria,Bdellovibrionota,Bacteriovoracia,Bacteriovoracales,Bacteriovoracaceae,Bacteriovorax,Bacteriovorax stolpii,0.25,0.000557725,0.7934/0.7798
Ea.F.2.H.A,B02,Earl,dorm_sample,Bacteria,Verrucomicrobiota,Verrucomicrobiia,Opitutales,Opitutaceae,Didemnitutus,Didemnitutus sp016187925,0.25,0.000557725,0.8175/0.7767
Ea.F.2.H.A,B02,Earl,dorm_sample,Bacteria,Bacteroidota,Bacteroidia,Chitinophagales,Chitinophagaceae,Flavihumibacter,Flavihumibacter fluminis,0.25,0.000557725,0.8562/0.8472
Ea.F.2.H.A,B02,Earl,dorm_sample,Bacteria,Verrucomicrobiota,Verrucomicrobiia,Verrucomicrobiales,Verrucomicrobiaceae,Prosthecobacter,Prosthecobacter sp040386955,0.25,0.000557725,0.8663/0.8288
Ea.F.2.H.A,B02,Earl,dorm_sample,Bacteria,Pseudomonadota,Gammaproteobacteria,Burkholderiales,Rhodocyclaceae,Rhodocyclus,Rhodocyclus tenuis,0.25,0.000557725,0.8683/0.8618
Ea.F.2.H.A,B02,Earl,dorm_sample,Bacteria,Bacteroidota,Bacteroidia,Chitinophagales,Chitinophagaceae,Terrimonas_A,Terrimonas_A sp040509495,0.25,0.000557725,0.9058/0.8841
Ea.F.2.H.A,B02,Earl,dorm_sample,Bacteria,Pseudomonadota,Alphaproteobacteria,Caulobacterales,Hyphomonadaceae,UBA7672,UBA7672 sp965229115,0.25,0.000557725,0.9069/0.9017
Ea.F.2.H.A,B02,Earl,dorm_sample,Bacteria,Pseudomonadota,Alphaproteobacteria,Caulobacterales,Caulobacteraceae,Brevundimonas,Brevundimonas sp016463295,0.25,0.000557725,0.9148/0.8787
Ea.F.2.H.A,B02,Earl,dorm_sample,Bacteria,Pseudomonadota,Alphaproteobacteria,Acetobacterales,Acetobacteraceae,Roseococcus,Roseococcus sp045449635,0.25,0.000557725,0.9161/0.8804
Ea.F.2.H.A,B02,Earl,dorm_sample,Bacteria,Pseudomonadota,Alphaproteobacteria,Sphingomonadales,Sphingomonadaceae,Sphingopyxis,Sphingopyxis sp001468265,0.25,0.000557725,0.9166/0.9056
Ea.F.2.H.A,B02,Earl,dorm_sample,Bacteria,Pseudomonadota,Gammaproteobacteria,Burkholderiales,Burkholderiaceae,Imbroritus,Imbroritus primus,0.25,0.000557725,0.9298/0.9251
Ea.F.2.H.A,B02,Earl,dorm_sample,Bacteria,Pseudomonadota,Alphaproteobacteria,Sphingomonadales,Sphingomonadaceae,Sphingopyxis,Sphingopyxis microcysteis,0.25,0.000557725,0.9434/0.8886
Ea.F.2.H.A,B02,Earl,dorm_sample,Bacteria,Pseudomonadota,Alphaproteobacteria,Caulobacterales,Caulobacteraceae,Brevundimonas,Brevundimonas sp005484585,0.25,0.000557725,0.9618/0.9605
Ea.F.2.H.A,B02,Earl,dorm_sample,Bacteria,Bacteroidota,Bacteroidia,Flavobacteriales,Weeksellaceae,Cloacibacterium,Cloacibacterium sp002422665,0.25,0.000557725,0.9640/0.9639
Ea.F.2.H.A,B02,Earl,dorm_sample,Bacteria,Planctomycetota,Planctomycetia,Pirellulales,Pirellulaceae,JBKCUI01,JBKCUI01 sp001610875,0.25,0.000557725,0.9667/0.9658
Ea.F.2.H.A,B02,Earl,dorm_sample,Bacteria,Pseudomonadota,Gammaproteobacteria,Burkholderiales,Burkholderiaceae_C,Aquabacterium,Aquabacterium sp029268225,0.25,0.000557725,0.9824/0.9823
Ea.F.2.H.A,B02,Earl,dorm_sample,Bacteria,Pseudomonadota,Alphaproteobacteria,Ferrovibrionales,Ferrovibrionaceae,Ferrovibrio,Ferrovibrio sp018336035,0.25,0.000557725,0.9837/0.9837
Ea.F.2.H.A,B02,Earl,dorm_sample,Bacteria,Gemmatimonadota,Gemmatimonadetes,Gemmatimonadales,Gemmatimonadaceae,Gemmatimonas,Gemmatimonas sp036405635,0.25,0.000557725,0.9852/0.9852
Ea.F.2.H.A,B02,Earl,dorm_sample,Bacteria,Pseudomonadota,Alphaproteobacteria,Sphingomonadales,Sphingomonadaceae,Erythrobacter,Erythrobacter sp046452395,0.25,0.000557725,0.9852/0.9852
Ea.F.2.H.A,B02,Earl,dorm_sample,Bacteria,Pseudomonadota,Alphaproteobacteria,Rhizobiales,Beijerinckiaceae,Methylobacterium,Methylobacterium radiotolerans,0.25,0.000557725,0.9939/0.9939
Ea.F.2.H.A,B02,Earl,dorm_sample,Bacteria,Babelota,Babeliae,Babelales,Vermiphilaceae,Vermiphilus,Vermiphilus pyriformis,0.25,0.000557725,0.9953/0.9953
Ea.F.2.H.A,B02,Earl,dorm_sample,Bacteria,Pseudomonadota,Gammaproteobacteria,Burkholderiales,Burkholderiaceae_C,Comamonas,Comamonas tsuruhatensis,0.25,0.000557725,0.9971/0.9971
Ea.F.2.H.A,B02,Earl,dorm_sample,Bacteria,Pseudomonadota,Alphaproteobacteria,Sphingomonadales,Sphingomonadaceae,Sphingomonas,Sphingomonas sp031456125,0.25,0.000557725,0.9986/0.9986
Ea.F.2.H.A,B02,Earl,dorm_sample,Bacteria,Pseudomonadota,Alphaproteobacteria,Sphingomonadales,Sphingomonadaceae,Sphingomonas,Sphingomonas hankookensis_A,0.25,0.000557725,0.9987/0.9987
Ea.F.2.H.A,B02,Earl,dorm_sample,Bacteria,Pseudomonadota,Gammaproteobacteria,Pseudomonadales,Moraxellaceae,Acinetobacter,Acinetobacter johnsonii,0.25,0.000557725,0.9997/0.9996
Ea.F.2.H.A,B02,Earl,dorm_sample,Bacteria,Pseudomonadota,Alphaproteobacteria,Sphingomonadales,Sphingomonadaceae,Sphingopyxis,Sphingopyxis macrogoltabida_A,0.25,0.000557725,0.9998/0.9997
Ea.F.2.H.A,B02,Earl,dorm_sample,Bacteria,Pseudomonadota,Alphaproteobacteria,Sphingomonadales,Sphingomonadaceae,Sphingomonas,Sphingomonas ginsenosidimutans,0.25,0.000557725,0.9999/0.9998
Ea.F.2.H.A,B02,Earl,dorm_sample,Bacteria,Bdellovibrionota,Bacteriovoracia,Bacteriovoracales,Bacteriovoracaceae,UBA6144,UBA6144 sp964399165,0.375,0.000836587,0.7454/0.7058
Ea.F.2.H.A,B02,Earl,dorm_sample,Bacteria,Bacteroidota,Bacteroidia,Chitinophagales,Chitinophagaceae,Endoryza,Endoryza sp964555605,0.375,0.000836587,0.7637/0.7061
Ea.F.2.H.A,B02,Earl,dorm_sample,Bacteria,Pseudomonadota,Alphaproteobacteria,Rickettsiales,UBA3002,QFOX01,QFOX01 sp037968615,0.375,0.000836587,0.7693/0.7107
Ea.F.2.H.A,B02,Earl,dorm_sample,Bacteria,Bacteroidota,Bacteroidia,Cytophagales,UBA9547,UBA9547,UBA9547 sp025360395,0.375,0.000836587,0.7898/0.7815
Ea.F.2.H.A,B02,Earl,dorm_sample,Bacteria,Bdellovibrionota,Bdellovibrionia,Bdellovibrionales,Bdellovibrionaceae,Bdellovibrio,Bdellovibrio sp013752535,0.375,0.000836587,0.8099/0.7725
Ea.F.2.H.A,B02,Earl,dorm_sample,Bacteria,Bdellovibrionota,Bacteriovoracia,Bacteriovoracales,Bacteriovoracaceae,Peredibacter,Peredibacter sp040376635,0.375,0.000836587,0.8318/0.8110
Ea.F.2.H.A,B02,Earl,dorm_sample,Bacteria,Bdellovibrionota,Bdellovibrionia,Bdellovibrionales,UBA1609,CAYHVK01,CAYHVK01 sp964360255,0.375,0.000836587,0.8389/0.8222
Ea.F.2.H.A,B02,Earl,dorm_sample,Bacteria,Pseudomonadota,Alphaproteobacteria,Micavibrionales,UBA2020,JAEXMB01,JAEXMB01 sp027483355,0.375,0.000836587,0.8545/0.8407
Ea.F.2.H.A,B02,Earl,dorm_sample,Bacteria,Verrucomicrobiota,Verrucomicrobiia,Verrucomicrobiales,Verrucomicrobiaceae,Prosthecobacter,Prosthecobacter algae,0.375,0.000836587,0.8678/0.8549
Ea.F.2.H.A,B02,Earl,dorm_sample,Bacteria,Pseudomonadota,Alphaproteobacteria,Caulobacterales,Caulobacteraceae,Phenylobacterium,Phenylobacterium immobile,0.375,0.000836587,0.8696/0.8535
Ea.F.2.H.A,B02,Earl,dorm_sample,Bacteria,Pseudomonadota,Alphaproteobacteria,Caulobacterales,Caulobacteraceae,Phenylobacterium,Phenylobacterium sp041916435,0.375,0.000836587,0.8710/0.8447
Ea.F.2.H.A,B02,Earl,dorm_sample,Bacteria,Bdellovibrionota,Bacteriovoracia,Bacteriovoracales,Bacteriovoracaceae,UBA6144,UBA6144 sp027486525,0.375,0.000836587,0.8726/0.8718
Ea.F.2.H.A,B02,Earl,dorm_sample,Bacteria,Bacteroidota,Bacteroidia,B-17B0,Aurantibacillaceae,UBA4416,UBA4416 sp964543545,0.375,0.000836587,0.8765/0.7000
Ea.F.2.H.A,B02,Earl,dorm_sample,Bacteria,Pseudomonadota,Gammaproteobacteria,Burkholderiales,Burkholderiaceae_C,Hydrogenophaga,Hydrogenophaga sp943368755,0.375,0.000836587,0.8790/0.8589
Ea.F.2.H.A,B02,Earl,dorm_sample,Bacteria,Pseudomonadota,Alphaproteobacteria,Ferrovibrionales,Ferrovibrionaceae,Ferrovibrio,Ferrovibrio sp002796975,0.375,0.000836587,0.8886/0.8153
Ea.F.2.H.A,B02,Earl,dorm_sample,Bacteria,Acidobacteriota,Terriglobia,Bryobacterales,Bryobacteraceae,F-183,F-183 sp016865505,0.375,0.000836587,0.8953/0.8688
Ea.F.2.H.A,B02,Earl,dorm_sample,Bacteria,Pseudomonadota,Gammaproteobacteria,Burkholderiales,Burkholderiaceae_C,Aquabacterium,Aquabacterium sp016219375,0.375,0.000836587,0.9054/0.8804
Ea.F.2.H.A,B02,Earl,dorm_sample,Bacteria,Pseudomonadota,Alphaproteobacteria,Ferrovibrionales,Ferrovibrionaceae,Ferrovibrio,Ferrovibrio terrae,0.375,0.000836587,0.9124/0.9050
Ea.F.2.H.A,B02,Earl,dorm_sample,Bacteria,Pseudomonadota,Alphaproteobacteria,Puniceispirillales,Marisalimonadaceae,Marisalimonas,Marisalimonas sp902558885,0.375,0.000836587,0.9492/0.9492
Ea.F.2.H.A,B02,Earl,dorm_sample,Bacteria,Pseudomonadota,Gammaproteobacteria,Burkholderiales,Burkholderiaceae_C,Acidovorax,Acidovorax sp034519795,0.375,0.000836587,0.9505/0.9487
Ea.F.2.H.A,B02,Earl,dorm_sample,Bacteria,Actinomycetota,Actinomycetes,Actinomycetales,Microbacteriaceae,Microbacterium,Microbacterium sp003248845,0.375,0.000836587,0.9733/0.9660
Ea.F.2.H.A,B02,Earl,dorm_sample,Bacteria,Pseudomonadota,Alphaproteobacteria,Rhizobiales,Beijerinckiaceae,Methylobacterium,Methylobacterium sp900112625,0.375,0.000836587,0.9813/0.9797
Ea.F.2.H.A,B02,Earl,dorm_sample,Bacteria,Pseudomonadota,Alphaproteobacteria,Sphingomonadales,Sphingomonadaceae,Sphingomonas,Sphingomonas sp012650175,0.375,0.000836587,0.9887/0.9885
Ea.F.2.H.A,B02,Earl,dorm_sample,Bacteria,Bacteroidota,Bacteroidia,Chitinophagales,Chitinophagaceae,Flavihumibacter,Flavihumibacter sp016787265,0.375,0.000836587,0.9932/0.9932
Ea.F.2.H.A,B02,Earl,dorm_sample,Bacteria,Pseudomonadota,Alphaproteobacteria,Caulobacterales,Caulobacteraceae,Caulobacter,Caulobacter sp001556515,0.375,0.000836587,0.9997/0.9997
Ea.F.2.H.A,B02,Earl,dorm_sample,Bacteria,Acidobacteriota,Blastocatellia,Pyrinomonadales,Pyrinomonadaceae,JAIBCC01,JAIBCC01 sp963779235,0.5,0.001115449,0.7895/0.7588
Ea.F.2.H.A,B02,Earl,dorm_sample,Bacteria,Bdellovibrionota,Bdellovibrionia,Bdellovibrionales,Bdellovibrionaceae,Bdellovibrio,Bdellovibrio sp030169785,0.5,0.001115449,0.8051/0.7759
Ea.F.2.H.A,B02,Earl,dorm_sample,Bacteria,Bdellovibrionota,Bdellovibrionia,Bdellovibrionales,JAEYZS01,CAUJDY01,CAUJDY01 sp963169805,0.5,0.001115449,0.8067/0.7879
Ea.F.2.H.A,B02,Earl,dorm_sample,Bacteria,Bdellovibrionota,Bdellovibrionia,Bdellovibrionales,Bdellovibrionaceae,Bdellovibrio,Bdellovibrio bacteriovorus_E,0.5,0.001115449,0.8362/0.8275
Ea.F.2.H.A,B02,Earl,dorm_sample,Bacteria,Pseudomonadota,Alphaproteobacteria,Micavibrionales,UBA2020,JAEXMB01,JAEXMB01 sp023444705,0.5,0.001115449,0.8367/0.8238
Ea.F.2.H.A,B02,Earl,dorm_sample,Bacteria,Bdellovibrionota,Bacteriovoracia,Bacteriovoracales,Bacteriovoracaceae,Peredibacter,Peredibacter sp045999315,0.5,0.001115449,0.8478/0.8333
Ea.F.2.H.A,B02,Earl,dorm_sample,Bacteria,Bacteroidota,Bacteroidia,Chitinophagales,Chitinophagaceae,Pseudobacter,Pseudobacter sp051955275,0.5,0.001115449,0.9472/0.9316
Ea.F.2.H.A,B02,Earl,dorm_sample,Bacteria,Pseudomonadota,Alphaproteobacteria,Caulobacterales,Caulobacteraceae,Caulobacter,Caulobacter sp039596335,0.5,0.001115449,0.9528/0.8604
Ea.F.2.H.A,B02,Earl,dorm_sample,Bacteria,Pseudomonadota,Gammaproteobacteria,Pseudomonadales,Moraxellaceae,Acinetobacter,Acinetobacter parvus,0.5,0.001115449,0.9661/0.9625
Ea.F.2.H.A,B02,Earl,dorm_sample,Bacteria,Pseudomonadota,Gammaproteobacteria,Burkholderiales,Burkholderiaceae_C,Aquincola,Aquincola sp964001545,0.5,0.001115449,0.9711/0.9688
Ea.F.2.H.A,B02,Earl,dorm_sample,Bacteria,Actinomycetota,Actinomycetes,Mycobacteriales,Mycobacteriaceae,Mycobacterium,Mycobacterium sp018326285,0.5,0.001115449,0.9849/0.9809
Ea.F.2.H.A,B02,Earl,dorm_sample,Bacteria,Pseudomonadota,Gammaproteobacteria,Xanthomonadales,Xanthomonadaceae,Pseudoxanthomonas_A,Pseudoxanthomonas_A japonensis,0.5,0.001115449,0.9882/0.9880
Ea.F.2.H.A,B02,Earl,dorm_sample,Bacteria,Bacteroidota,Bacteroidia,Chitinophagales,Chitinophagaceae,Sediminibacterium,Sediminibacterium salmoneum,0.5,0.001115449,0.9923/0.9892
Ea.F.2.H.A,B02,Earl,dorm_sample,Bacteria,Pseudomonadota,Alphaproteobacteria,Caulobacterales,Caulobacteraceae,Phenylobacterium,Phenylobacterium haematophilum,0.5,0.001115449,0.9954/0.9952
Ea.F.2.H.A,B02,Earl,dorm_sample,Bacteria,Bdellovibrionota,Bdellovibrionia,Bdellovibrionales,Bdellovibrionaceae,UBA2316,UBA2316 sp002344565,0.5,0.001115449,0.9982/0.9982
Ea.F.2.H.A,B02,Earl,dorm_sample,Bacteria,Bacteroidota,Bacteroidia,Cytophagales,UBA9547,UBA9547,UBA9547 sp014376535,0.625,0.001394311,0.7694/0.7533
Ea.F.2.H.A,B02,Earl,dorm_sample,Bacteria,Bacteroidota,Bacteroidia,Sphingobacteriales,Sphingobacteriaceae,Pedobacter,Pedobacter sp042698365,0.625,0.001394311,0.8553/0.8184
Ea.F.2.H.A,B02,Earl,dorm_sample,Bacteria,Bacteroidota,Bacteroidia,Chitinophagales,Chitinophagaceae,Terrimonas_A,Terrimonas_A ginsenosidimutans,0.625,0.001394311,0.8881/0.8738
Ea.F.2.H.A,B02,Earl,dorm_sample,Bacteria,Bacteroidota,Bacteroidia,Chitinophagales,Chitinophagaceae,Flavihumibacter,Flavihumibacter sp964547405,0.625,0.001394311,0.9505/0.9402
Ea.F.2.H.A,B02,Earl,dorm_sample,Bacteria,Pseudomonadota,Gammaproteobacteria,Burkholderiales,Burkholderiaceae_C,Aquabacterium,Aquabacterium sp001770725,0.625,0.001394311,0.9585/0.9555
Ea.F.2.H.A,B02,Earl,dorm_sample,Bacteria,Bacteroidota,Bacteroidia,Sphingobacteriales,Sphingobacteriaceae,Sphingobacterium,Sphingobacterium multivorum,0.625,0.001394311,0.9995/0.9993
Ea.F.2.H.A,B02,Earl,dorm_sample,Bacteria,Bacteroidota,Bacteroidia,Chitinophagales,Chitinophagaceae,DAOLFO01,DAOLFO01 sp035326305,0.75,0.001673173,0.8324/0.8101
Ea.F.2.H.A,B02,Earl,dorm_sample,Bacteria,Pseudomonadota,Alphaproteobacteria,Rickettsiales,UBA3002,QFOX01,QFOX01 sp965247335,0.75,0.001673173,0.8482/0.8237
Ea.F.2.H.A,B02,Earl,dorm_sample,Bacteria,Pseudomonadota,Alphaproteobacteria,Sphingomonadales,Sphingomonadaceae,Sphingopyxis,Sphingopyxis sp035998905,0.75,0.001673173,0.9562/0.9360
Ea.F.2.H.A,B02,Earl,dorm_sample,Bacteria,Pseudomonadota,Alphaproteobacteria,Caulobacterales,Caulobacteraceae,Brevundimonas,Brevundimonas diminuta_C,0.75,0.001673173,0.9797/0.9755
Ea.F.2.H.A,B02,Earl,dorm_sample,Bacteria,Bacteroidota,Bacteroidia,Flavobacteriales,Weeksellaceae,Cloacibacterium,Cloacibacterium normanense,0.75,0.001673173,0.9831/0.9202
Ea.F.2.H.A,B02,Earl,dorm_sample,Bacteria,Actinomycetota,Actinomycetes,Mycobacteriales,Mycobacteriaceae,Mycobacterium,Mycobacterium fortuitum,0.75,0.001673173,0.9988/0.9978
Ea.F.2.H.A,B02,Earl,dorm_sample,Bacteria,Pseudomonadota,Gammaproteobacteria,Pseudomonadales,Moraxellaceae,UBA2031,UBA2031 sp031119295,0.875,0.001952036,0.8928/0.8776
Ea.F.2.H.A,B02,Earl,dorm_sample,Bacteria,Pseudomonadota,Alphaproteobacteria,Sphingomonadales,Sphingomonadaceae,Sphingopyxis,Sphingopyxis sp014873485,0.875,0.001952036,0.9781/0.9603
Ea.F.2.H.A,B02,Earl,dorm_sample,Bacteria,Pseudomonadota,Alphaproteobacteria,Rhizobiales,Rhizobiaceae,Metarhizobium,Metarhizobium sp017305935,0.875,0.001952036,0.9826/0.9997
Ea.F.2.H.A,B02,Earl,dorm_sample,Bacteria,Actinomycetota,Actinomycetes,Mycobacteriales,Mycobacteriaceae,Mycobacterium,Mycobacterium grossiae,0.875,0.001952036,0.9904/0.9894
Ea.F.2.H.A,B02,Earl,dorm_sample,Bacteria,Bacteroidota,Bacteroidia,Chitinophagales,Chitinophagaceae,Endoryza,Endoryza sp965279015,1,0.002230898,0.8091/0.7803
Ea.F.2.H.A,B02,Earl,dorm_sample,Bacteria,Pseudomonadota,Alphaproteobacteria,Sphingomonadales,Sphingomonadaceae,Sphingopyxis,Sphingopyxis sp035998965,1,0.002230898,0.9775/0.9774
Ea.F.2.H.A,B02,Earl,dorm_sample,Bacteria,Pseudomonadota,Alphaproteobacteria,Paracaedibacterales,Paracaedibacteraceae,Paracaedibacter_A,Paracaedibacter_A sp020718185,1.125,0.00250976,0.7775/0.7456
Ea.F.2.H.A,B02,Earl,dorm_sample,Bacteria,Bdellovibrionota,Bacteriovoracia,Bacteriovoracales,Bacteriovoracaceae,Peredibacter,Peredibacter starrii,1.125,0.00250976,0.7982/0.7649
Ea.F.2.H.A,B02,Earl,dorm_sample,Bacteria,Pseudomonadota,Alphaproteobacteria,Caulobacterales,Caulobacteraceae,Phenylobacterium,Phenylobacterium sp046291545,1.125,0.00250976,0.8628/0.8426
Ea.F.2.H.A,B02,Earl,dorm_sample,Bacteria,Pseudomonadota,Alphaproteobacteria,Caulobacterales,Caulobacteraceae,Phenylobacterium,Phenylobacterium sp964254345,1.125,0.00250976,0.9196/0.9127
Ea.F.2.H.A,B02,Earl,dorm_sample,Bacteria,Pseudomonadota,Alphaproteobacteria,Caulobacterales,Caulobacteraceae,Brevundimonas,Brevundimonas vancanneytii_D,1.125,0.00250976,0.9220/0.7335
Ea.F.2.H.A,B02,Earl,dorm_sample,Bacteria,Actinomycetota,Actinomycetes,Actinomycetales,Microbacteriaceae,Microcella,Microcella alkaliphila_B,1.125,0.00250976,0.9840/0.9490
Ea.F.2.H.A,B02,Earl,dorm_sample,Bacteria,Pseudomonadota,Alphaproteobacteria,Paracaedibacterales,Paracaedibacteraceae,Paracaedibacter_A,Paracaedibacter_A symbiosus,1.25,0.002788622,0.8124/0.8068
Ea.F.2.H.A,B02,Earl,dorm_sample,Bacteria,Pseudomonadota,Alphaproteobacteria,Caedimonadales,UBA1908,JACESU01,JACESU01 sp021298595,1.25,0.002788622,0.9230/0.8602
Ea.F.2.H.A,B02,Earl,dorm_sample,Bacteria,Pseudomonadota,Gammaproteobacteria,Xanthomonadales,Xanthomonadaceae,Lysobacter_I,Lysobacter_I sp050632415,1.25,0.002788622,0.9250/0.9178
Ea.F.2.H.A,B02,Earl,dorm_sample,Bacteria,Pseudomonadota,Alphaproteobacteria,Sphingomonadales,Sphingomonadaceae,Sphingopyxis,Sphingopyxis sp003609815,1.25,0.002788622,0.9953/0.9952
Ea.F.2.H.A,B02,Earl,dorm_sample,Bacteria,Pseudomonadota,Alphaproteobacteria,Caulobacterales,Caulobacteraceae,Phenylobacterium,Phenylobacterium sp040752615,1.375,0.003067485,0.9323/0.8986
Ea.F.2.H.A,B02,Earl,dorm_sample,Bacteria,Pseudomonadota,Gammaproteobacteria,Xanthomonadales,Xanthomonadaceae,Pseudoxanthomonas_A,Pseudoxanthomonas_A mexicana,1.375,0.003067485,0.9899/0.9897
Ea.F.2.H.A,B02,Earl,dorm_sample,Bacteria,Pseudomonadota,Alphaproteobacteria,43-37,43-37,43-37,43-37 sp001897475,1.5,0.003346347,0.7384/0.7219
Ea.F.2.H.A,B02,Earl,dorm_sample,Bacteria,Pseudomonadota,Gammaproteobacteria,Burkholderiales,Burkholderiaceae_C,Diaphorobacter,Diaphorobacter nitroreducens,1.5,0.003346347,0.9904/0.9904
Ea.F.2.H.A,B02,Earl,dorm_sample,Bacteria,Pseudomonadota,Gammaproteobacteria,Burkholderiales,Burkholderiaceae_C,Acidovorax,Acidovorax sp046339755,1.5,0.003346347,0.9948/0.9933
Ea.F.2.H.A,B02,Earl,dorm_sample,Bacteria,Pseudomonadota,Alphaproteobacteria,Caulobacterales,Caulobacteraceae,Brevundimonas,Brevundimonas sp041919755,1.625,0.003625209,0.9117/0.8801
Ea.F.2.H.A,B02,Earl,dorm_sample,Bacteria,Bdellovibrionota,Bdellovibrionia,Bdellovibrionales,JAMPXM01,Ga0074137,Ga0074137 sp001464715,1.75,0.003904071,0.8059/0.7620
Ea.F.2.H.A,B02,Earl,dorm_sample,Bacteria,Bacteroidota,Bacteroidia,Chitinophagales,Chitinophagaceae,Endoryza,Endoryza sp044226045,1.75,0.003904071,0.8217/0.7859
Ea.F.2.H.A,B02,Earl,dorm_sample,Bacteria,Pseudomonadota,Alphaproteobacteria,Sphingomonadales,Sphingomonadaceae,Erythrobacter,Erythrobacter oryzae,1.875,0.004182934,0.9066/0.8294
Ea.F.2.H.A,B02,Earl,dorm_sample,Bacteria,Pseudomonadota,Gammaproteobacteria,Xanthomonadales,Xanthomonadaceae,Stenotrophomonas,Stenotrophomonas muris,1.875,0.004182934,0.9990/0.9989
Ea.F.2.H.A,B02,Earl,dorm_sample,Bacteria,Bacteroidota,Bacteroidia,B-17B0,Aurantibacillaceae,UBA4416,UBA4416 sp943362175,2,0.004461796,0.9386/0.9057
Ea.F.2.H.A,B02,Earl,dorm_sample,Bacteria,Bacteroidota,Bacteroidia,Sphingobacteriales,Sphingobacteriaceae,Pedobacter,Pedobacter sp001412215,2.5,0.005577245,0.8734/0.8338
Ea.F.2.H.A,B02,Earl,dorm_sample,Bacteria,Pseudomonadota,Alphaproteobacteria,Rhizobiales,Rhizobiaceae,Shinella,Shinella sp001262505,2.5,0.005577245,0.9949/0.9949
Ea.F.2.H.A,B02,Earl,dorm_sample,Bacteria,Pseudomonadota,Alphaproteobacteria,Sphingomonadales,Sphingomonadaceae,Sphingopyxis,Sphingopyxis sp001468395,3,0.006692694,0.9793/0.9742
Ea.F.2.H.A,B02,Earl,dorm_sample,Bacteria,Pseudomonadota,Alphaproteobacteria,Caulobacterales,Caulobacteraceae,Phenylobacterium,Phenylobacterium sp001724985,3.125,0.006971556,0.8840/0.8699
Ea.F.2.H.A,B02,Earl,dorm_sample,Bacteria,Pseudomonadota,Alphaproteobacteria,Caedimonadales,UBA1908,JACESU01,JACESU01 sp013911655,3.375,0.007529281,0.9286/0.9250
Ea.F.2.H.A,B02,Earl,dorm_sample,Bacteria,Bacteroidota,Bacteroidia,Cytophagales,172606-1,Xanthocytophaga,Xanthocytophaga sp963520985,3.625,0.008087005,0.8241/0.7967
Ea.F.2.H.A,B02,Earl,dorm_sample,Bacteria,Pseudomonadota,Alphaproteobacteria,Caulobacterales,Caulobacteraceae,Caulobacter,Caulobacter sp913776195,3.625,0.008087005,0.9745/0.9573
Ea.F.2.H.A,B02,Earl,dorm_sample,Bacteria,Pseudomonadota,Alphaproteobacteria,Sphingomonadales,Sphingomonadaceae,Sphingomonas,Sphingomonas sp036402235,3.75,0.008365867,0.8698/0.8470
Ea.F.2.H.A,B02,Earl,dorm_sample,Bacteria,Pseudomonadota,Alphaproteobacteria,Sphingomonadales,Sphingomonadaceae,Sphingopyxis,Sphingopyxis sp002454115,3.875,0.00864473,0.9454/0.9107
Ea.F.2.H.A,B02,Earl,dorm_sample,Bacteria,Chlamydiota,Chlamydiia,Chlamydiales,Parachlamydiaceae,Neochlamydia,Neochlamydia sp001897225,3.875,0.00864473,0.9511/0.9419
Ea.F.2.H.A,B02,Earl,dorm_sample,Bacteria,Bacteroidota,Bacteroidia,Sphingobacteriales,Sphingobacteriaceae,Pedobacter,Pedobacter chitinilyticus,3.875,0.00864473,0.9843/0.9818
Ea.F.2.H.A,B02,Earl,dorm_sample,Bacteria,Pseudomonadota,Gammaproteobacteria,Pseudomonadales,Pseudomonadaceae,Aquipseudomonas,Aquipseudomonas alcaligenes,4.125,0.009202454,0.9818/0.9817
Ea.F.2.H.A,B02,Earl,dorm_sample,Bacteria,Bacteroidota,Bacteroidia,Flavobacteriales,Flavobacteriaceae,Flavobacterium,Flavobacterium endophyticum,5.125,0.01143335,0.9178/0.9114
Ea.F.2.H.A,B02,Earl,dorm_sample,Bacteria,Cyanobacteriota,Vampirovibrionia,Obscuribacterales,Obscuribacteraceae,JAFKGK01,JAFKGK01 sp017307165,5.125,0.01143335,0.9894/0.9890
Ea.F.2.H.A,B02,Earl,dorm_sample,Bacteria,Pseudomonadota,Alphaproteobacteria,Sphingomonadales,Sphingomonadaceae,Sphingomonas,Sphingomonas sp964407945,5.25,0.01171221,0.9216/0.8909
Ea.F.2.H.A,B02,Earl,dorm_sample,Bacteria,Pseudomonadota,Alphaproteobacteria,Caulobacterales,Caulobacteraceae,Phenylobacterium,Phenylobacterium sp041919955,5.875,0.01310653,0.9900/0.9877
Ea.F.2.H.A,B02,Earl,dorm_sample,Bacteria,Actinomycetota,Actinomycetes,Actinomycetales,Microbacteriaceae,Agromyces,Agromyces mediolanus_A,7.125,0.01589515,0.9952/0.9945
Ea.F.2.H.A,B02,Earl,dorm_sample,Bacteria,Pseudomonadota,Gammaproteobacteria,Xanthomonadales,Rhodanobacteraceae,Tahibacter,Tahibacter soli,7.75,0.01728946,0.9119/0.8940
Ea.F.2.H.A,B02,Earl,dorm_sample,Bacteria,Pseudomonadota,Gammaproteobacteria,Burkholderiales,Burkholderiaceae_C,Acidovorax,Acidovorax facilis,8.25,0.01840491,0.9919/0.9918
Ea.F.2.H.A,B02,Earl,dorm_sample,Bacteria,Pseudomonadota,Gammaproteobacteria,Xanthomonadales,Xanthomonadaceae,Lysobacter_I,Lysobacter_I sp005502915,10,0.02230898,0.9324/0.9250
Ea.F.2.H.A,B02,Earl,dorm_sample,Bacteria,Pseudomonadota,Gammaproteobacteria,Xanthomonadales,Xanthomonadaceae,Lysobacter_I,Lysobacter_I brunescens,12.625,0.02816509,0.9561/0.9550
Ea.F.2.H.A,B02,Earl,dorm_sample,Bacteria,Pseudomonadota,Gammaproteobacteria,Burkholderiales,Burkholderiaceae_C,Acidovorax,Acidovorax temperans,13.375,0.02983826,0.9789/0.9781
Ea.F.2.H.A,B02,Earl,dorm_sample,Bacteria,Pseudomonadota,Gammaproteobacteria,Burkholderiales,Burkholderiaceae_C,Aquincola,Aquincola tertiaricarbonis_B,15,0.03346347,0.9566/0.9500
Ea.F.2.H.A,B02,Earl,dorm_sample,Bacteria,Pseudomonadota,Gammaproteobacteria,Burkholderiales,Burkholderiaceae_C,Ottowia,Ottowia testudinis,16.5,0.03680982,0.9034/0.8961
Ea.F.2.H.A,B02,Earl,dorm_sample,Bacteria,Pseudomonadota,Alphaproteobacteria,Sphingomonadales,Sphingomonadaceae,Blastomonas,Blastomonas ursincola,18,0.04015616,0.9930/0.9928
Ea.F.2.H.A,B02,Earl,dorm_sample,Bacteria,Pseudomonadota,Gammaproteobacteria,Pseudomonadales,Moraxellaceae,Acinetobacter,Acinetobacter junii,18.25,0.04071389,0.9929/0.9926
Ea.F.2.H.A,B02,Earl,dorm_sample,Bacteria,unclassified Bacteria phylum,unclassified Bacteria class,unclassified Bacteria order,unclassified Bacteria family,unclassified Bacteria genus,unclassified Bacteria species,27.625,0.06162856,0.0000/0.0000
Ea.F.2.H.A,B02,Earl,dorm_sample,Bacteria,Pseudomonadota,Alphaproteobacteria,Sphingomonadales,Sphingomonadaceae,Sphingomonas,Sphingomonas koreensis,30.5,0.06804239,0.9524/0.9266
Ea.F.2.H.A,B02,Earl,dorm_sample,Bacteria,Actinomycetota,Actinomycetes,Mycobacteriales,Mycobacteriaceae,Mycobacterium,Mycobacterium phocaicum,36.5,0.08142777,0.9922/0.9890
Ea.F.2.H.A,B02,Earl,dorm_sample,Bacteria,Pseudomonadota,Gammaproteobacteria,Xanthomonadales,Xanthomonadaceae,Lysobacter_I,Lysobacter_I sp036404915,41.25,0.09202454,0.9792/0.9723
Ea.F.2.H.A,B02,Earl,dorm_sample,Bacteria,Pseudomonadota,Gammaproteobacteria,Burkholderiales,Burkholderiaceae_C,Ottowia,Ottowia sp018060485,55,0.1226994,0.9859/0.9856
Te.F.2.L.A,B03,Teal,dorm_sample,Bacteria,Pseudomonadota,Alphaproteobacteria,Micavibrionales,Micavibrionaceae,Micavibrio_C,Micavibrio_C sp965231165,0.25,0.000530786,0.7772/0.7362
Te.F.2.L.A,B03,Teal,dorm_sample,Bacteria,Acidobacteriota,Vicinamibacteria,Vicinamibacterales,2-12-FULL-66-21,JALZOC01,JALZOC01 sp963725335,0.25,0.000530786,0.7806/0.7415
Te.F.2.L.A,B03,Teal,dorm_sample,Bacteria,Pseudomonadota,Alphaproteobacteria,Micavibrionales,SZUA-601,DASWYT01,DASWYT01 sp965246875,0.25,0.000530786,0.7818/0.7653
Te.F.2.L.A,B03,Teal,dorm_sample,Bacteria,Bacteroidota,Bacteroidia,Cytophagales,Cyclobacteriaceae,Chryseolinea,Chryseolinea sp963774615,0.25,0.000530786,0.7907/0.7794
Te.F.2.L.A,B03,Teal,dorm_sample,Bacteria,Chloroflexota,Anaerolineae,Aggregatilineales,Phototrophicaceae,ZC4RG36,ZC4RG36 sp003242205,0.25,0.000530786,0.7970/0.7812
Te.F.2.L.A,B03,Teal,dorm_sample,Bacteria,Pseudomonadota,Alphaproteobacteria,Sphingomonadales,Sphingomonadaceae,Sphingomonas,Sphingomonas sp040388765,0.25,0.000530786,0.7989/0.7747
Te.F.2.L.A,B03,Teal,dorm_sample,Bacteria,Bacteroidota,Bacteroidia,Cytophagales,Cyclobacteriaceae,Chryseolinea,Chryseolinea sp963813425,0.25,0.000530786,0.7991/0.7878
Te.F.2.L.A,B03,Teal,dorm_sample,Bacteria,Planctomycetota,Planctomycetia,Pirellulales,PALSA-1355,PALSA-1355,PALSA-1355 sp963801675,0.25,0.000530786,0.8030/0.7546
Te.F.2.L.A,B03,Teal,dorm_sample,Bacteria,Pseudomonadota,Alphaproteobacteria,Micavibrionales,Micavibrionaceae,Micavibrio_B,Micavibrio_B sp964399985,0.25,0.000530786,0.8048/0.7894
Te.F.2.L.A,B03,Teal,dorm_sample,Bacteria,Chlamydiota,Chlamydiia,Chlamydiales,Parachlamydiaceae,Protochlamydia,Protochlamydia amoebophila,0.25,0.000530786,0.8073/0.7992
Te.F.2.L.A,B03,Teal,dorm_sample,Bacteria,Pseudomonadota,Alphaproteobacteria,UBA2136,UBA6156,UBA6156,UBA6156 sp005768725,0.25,0.000530786,0.8147/0.7886
Te.F.2.L.A,B03,Teal,dorm_sample,Bacteria,Verrucomicrobiota,Verrucomicrobiia,Chthoniobacterales,Chthoniobacteraceae,CAWEPO01,CAWEPO01 sp963811035,0.25,0.000530786,0.8168/0.7812
Te.F.2.L.A,B03,Teal,dorm_sample,Bacteria,Bdellovibrionota,Bdellovibrionia,Bdellovibrionales,Bdellovibrionaceae,Bdellovibrio,Bdellovibrio sp037996825,0.25,0.000530786,0.8234/0.8054
Te.F.2.L.A,B03,Teal,dorm_sample,Bacteria,Verrucomicrobiota,Verrucomicrobiia,Chthoniobacterales,Terrimicrobiaceae,Terrimicrobium,Terrimicrobium sp001897195,0.25,0.000530786,0.8338/0.8226
Te.F.2.L.A,B03,Teal,dorm_sample,Bacteria,Pseudomonadota,Alphaproteobacteria,Sphingomonadales,Sphingomonadaceae,Rhizorhabdus,Rhizorhabdus wittichii,0.25,0.000530786,0.8392/0.7754
Te.F.2.L.A,B03,Teal,dorm_sample,Bacteria,Actinomycetota,Actinomycetes,Actinomycetales,Microbacteriaceae,Rhodoglobus,Rhodoglobus soli,0.25,0.000530786,0.8443/0.8334
Te.F.2.L.A,B03,Teal,dorm_sample,Bacteria,Pseudomonadota,Alphaproteobacteria,Micavibrionales,UBA2020,JAEXMB01,JAEXMB01 sp027483355,0.25,0.000530786,0.8542/0.8409
Te.F.2.L.A,B03,Teal,dorm_sample,Bacteria,Acidobacteriota,Terriglobia,Bryobacterales,Bryobacteraceae,F-183,F-183 sp018268875,0.25,0.000530786,0.8654/0.7004
Te.F.2.L.A,B03,Teal,dorm_sample,Bacteria,Bdellovibrionota,Bacteriovoracia,Bacteriovoracales,Bacteriovoracaceae,Peredibacter,Peredibacter sp046595005,0.25,0.000530786,0.8655/0.8610
Te.F.2.L.A,B03,Teal,dorm_sample,Bacteria,Planctomycetota,Planctomycetia,Pirellulales,Pirellulaceae,DASYHJ01,DASYHJ01 sp035998725,0.25,0.000530786,0.8656/0.6770
Te.F.2.L.A,B03,Teal,dorm_sample,Bacteria,Pseudomonadota,Alphaproteobacteria,Rhizobiales,Rhizobiaceae,Rhizobium_E,Rhizobium_E sp019739215,0.25,0.000530786,0.8662/0.8453
Te.F.2.L.A,B03,Teal,dorm_sample,Bacteria,Pseudomonadota,Alphaproteobacteria,Caulobacterales,Caulobacteraceae,Caulobacter,Caulobacter sp049323695,0.25,0.000530786,0.8724/0.8630
Te.F.2.L.A,B03,Teal,dorm_sample,Bacteria,Pseudomonadota,Alphaproteobacteria,Rhizobiales,Rhizobiaceae,Kumtagia,Kumtagia ephedrae,0.25,0.000530786,0.8915/0.8501
Te.F.2.L.A,B03,Teal,dorm_sample,Bacteria,Pseudomonadota,Alphaproteobacteria,Caulobacterales,Caulobacteraceae,Phenylobacterium,Phenylobacterium sp001724985,0.25,0.000530786,0.8943/0.8799
Te.F.2.L.A,B03,Teal,dorm_sample,Bacteria,Planctomycetota,Planctomycetia,Pirellulales,Lacipirellulaceae,Lacipirellula,Lacipirellula parvula,0.25,0.000530786,0.9120/0.8845
Te.F.2.L.A,B03,Teal,dorm_sample,Bacteria,Actinomycetota,Thermoleophilia,Miltoncostaeales,Miltoncostaeaceae,Miltoncostaea,Miltoncostaea marina,0.25,0.000530786,0.9130/0.9007
Te.F.2.L.A,B03,Teal,dorm_sample,Bacteria,Pseudomonadota,Alphaproteobacteria,Rhizobiales,Devosiaceae,Devosia_A,Devosia_A sp001899085,0.25,0.000530786,0.9156/0.9002
Te.F.2.L.A,B03,Teal,dorm_sample,Bacteria,Pseudomonadota,Gammaproteobacteria,Xanthomonadales,Xanthomonadaceae,Pseudoxanthomonas_A,Pseudoxanthomonas_A sp014851815,0.25,0.000530786,0.9221/0.9126
Te.F.2.L.A,B03,Teal,dorm_sample,Bacteria,Pseudomonadota,Alphaproteobacteria,Rhizobiales,Methylopilaceae,Methylopila,Methylopila sp031316315,0.25,0.000530786,0.9288/0.9243
Te.F.2.L.A,B03,Teal,dorm_sample,Bacteria,Bacteroidota,Bacteroidia,Sphingobacteriales,Sphingobacteriaceae,Pedobacter,Pedobacter africanus_A,0.25,0.000530786,0.9429/0.9405
Te.F.2.L.A,B03,Teal,dorm_sample,Bacteria,Pseudomonadota,Alphaproteobacteria,Rhizobiales,Beijerinckiaceae,Methylobacterium,Methylobacterium aquaticum,0.25,0.000530786,0.9579/0.9498
Te.F.2.L.A,B03,Teal,dorm_sample,Bacteria,Cyanobacteriota,Vampirovibrionia,Obscuribacterales,Obscuribacteraceae,JADYXR01,JADYXR01 sp019637435,0.25,0.000530786,0.9653/0.9352
Te.F.2.L.A,B03,Teal,dorm_sample,Bacteria,Pseudomonadota,Alphaproteobacteria,Caulobacterales,Caulobacteraceae,Brevundimonas,Brevundimonas sp937863155,0.25,0.000530786,0.9728/0.9634
Te.F.2.L.A,B03,Teal,dorm_sample,Bacteria,Pseudomonadota,Alphaproteobacteria,Caulobacterales,Caulobacteraceae,Caulobacter,Caulobacter sp913776195,0.25,0.000530786,0.9789/0.9785
Te.F.2.L.A,B03,Teal,dorm_sample,Bacteria,Pseudomonadota,Gammaproteobacteria,Xanthomonadales,Xanthomonadaceae,Stenotrophomonas,Stenotrophomonas rhizophila_A,0.25,0.000530786,0.9868/0.9867
Te.F.2.L.A,B03,Teal,dorm_sample,Bacteria,Pseudomonadota,Alphaproteobacteria,Rhizobiales,Xanthobacteraceae,Aquabacter,Aquabacter sp013911975,0.25,0.000530786,0.9868/0.9868
Te.F.2.L.A,B03,Teal,dorm_sample,Bacteria,Pseudomonadota,Alphaproteobacteria,Rhizobiales,Beijerinckiaceae,Methylobacterium,Methylobacterium populi_A,0.25,0.000530786,0.9998/0.9998
Te.F.2.L.A,B03,Teal,dorm_sample,Bacteria,Bacteroidota,Bacteroidia,Chitinophagales,Chitinophagaceae,JADCRZ01,JADCRZ01 sp031399065,0.375,0.000796178,0.7452/0.7138
Te.F.2.L.A,B03,Teal,dorm_sample,Bacteria,Planctomycetota,Planctomycetia,Pirellulales,PALSA-1355,JALHMI01,JALHMI01 sp963733035,0.375,0.000796178,0.7845/0.7386
Te.F.2.L.A,B03,Teal,dorm_sample,Bacteria,Verrucomicrobiota,Verrucomicrobiia,Chthoniobacterales,Terrimicrobiaceae,CAYUMP01,CAYUMP01 sp964445975,0.375,0.000796178,0.8114/0.7573
Te.F.2.L.A,B03,Teal,dorm_sample,Bacteria,Bacteroidota,Bacteroidia,Cytophagales,Cyclobacteriaceae,Chryseolinea,Chryseolinea sp037203685,0.375,0.000796178,0.8335/0.8146
Te.F.2.L.A,B03,Teal,dorm_sample,Bacteria,Pseudomonadota,Alphaproteobacteria,Rhizobiales,Beijerinckiaceae,Terrirubrum,Terrirubrum sp001899525,0.375,0.000796178,0.8379/0.7833
Te.F.2.L.A,B03,Teal,dorm_sample,Bacteria,Myxococcota_A,Polyangia,Polyangiales,Sandaracinaceae,Sandaracinus,Sandaracinus amylolyticus_A,0.375,0.000796178,0.8388/0.7358
Te.F.2.L.A,B03,Teal,dorm_sample,Bacteria,Acidobacteriota,Vicinamibacteria,Vicinamibacterales,UBA2999,VFZN01,VFZN01 sp035495795,0.375,0.000796178,0.8401/0.8110
Te.F.2.L.A,B03,Teal,dorm_sample,Bacteria,Nitrospirota,Nitrospiria,Nitrospirales,Nitrospiraceae,Nitrospira_A,Nitrospira_A sp031315995,0.375,0.000796178,0.8471/0.8460
Te.F.2.L.A,B03,Teal,dorm_sample,Bacteria,Nitrospirota,Nitrospiria,Nitrospirales,Nitrospiraceae,Nitrospira_A,Nitrospira_A sp902500785,0.375,0.000796178,0.8532/0.8481
Te.F.2.L.A,B03,Teal,dorm_sample,Bacteria,Planctomycetota,Planctomycetia,Planctomycetales,Planctomycetaceae,Planctomyces_A,Planctomyces_A sp023429275,0.375,0.000796178,0.8599/0.8347
Te.F.2.L.A,B03,Teal,dorm_sample,Bacteria,Bacteroidota,Bacteroidia,Cytophagales,Cyclobacteriaceae,Chryseolinea,Chryseolinea sp963846745,0.375,0.000796178,0.8648/0.8564
Te.F.2.L.A,B03,Teal,dorm_sample,Bacteria,Pseudomonadota,Alphaproteobacteria,Reyranellales,JAQSWP01,JAQSWP01,JAQSWP01 sp050185515,0.375,0.000796178,0.8903/0.8828
Te.F.2.L.A,B03,Teal,dorm_sample,Bacteria,Pseudomonadota,Alphaproteobacteria,Sphingomonadales,Sphingomonadaceae,JAWKXU01,JAWKXU01 sp964468045,0.375,0.000796178,0.9133/0.9116
Te.F.2.L.A,B03,Teal,dorm_sample,Bacteria,Pseudomonadota,Alphaproteobacteria,Rhizobiales,Rhizobiaceae,Aminobacter,Aminobacter sp050433665,0.375,0.000796178,0.9216/0.9152
Te.F.2.L.A,B03,Teal,dorm_sample,Bacteria,Pseudomonadota,Alphaproteobacteria,Rhizobiales,Aestuariivirgaceae,Taklimakanibacter,Taklimakanibacter albus,0.375,0.000796178,0.9314/0.8654
Te.F.2.L.A,B03,Teal,dorm_sample,Bacteria,Pseudomonadota,Alphaproteobacteria,Reyranellales,Reyranellaceae,Reyranella,Reyranella sp965227665,0.375,0.000796178,0.9323/0.9313
Te.F.2.L.A,B03,Teal,dorm_sample,Bacteria,Pseudomonadota,Alphaproteobacteria,Caulobacterales,Caulobacteraceae,Brevundimonas,Brevundimonas sp016463295,0.375,0.000796178,0.9367/0.9252
Te.F.2.L.A,B03,Teal,dorm_sample,Bacteria,Planctomycetota,Planctomycetia,Kolteriales,Kolteriaceae,JAIEPU01,JAIEPU01 sp019748235,0.375,0.000796178,0.9367/0.9331
Te.F.2.L.A,B03,Teal,dorm_sample,Bacteria,Pseudomonadota,Alphaproteobacteria,Caulobacterales,Caulobacteraceae,Phenylobacterium,Phenylobacterium sp040752615,0.375,0.000796178,0.9378/0.9312
Te.F.2.L.A,B03,Teal,dorm_sample,Bacteria,Pseudomonadota,Alphaproteobacteria,Caulobacterales,Caulobacteraceae,Caulobacter,Caulobacter sp039596335,0.375,0.000796178,0.9431/0.8862
Te.F.2.L.A,B03,Teal,dorm_sample,Bacteria,Bacteroidota,Bacteroidia,Flavobacteriales,Weeksellaceae,Chryseobacterium,Chryseobacterium phocaeense,0.375,0.000796178,0.9758/0.9629
Te.F.2.L.A,B03,Teal,dorm_sample,Bacteria,Pseudomonadota,Alphaproteobacteria,Sphingomonadales,Sphingomonadaceae,Sphingopyxis,Sphingopyxis macrogoltabida_A,0.375,0.000796178,0.9923/0.9660
Te.F.2.L.A,B03,Teal,dorm_sample,Bacteria,Pseudomonadota,Alphaproteobacteria,Sphingomonadales,Sphingomonadaceae,Sphingomonas,Sphingomonas ginsenosidimutans,0.375,0.000796178,0.9984/0.9984
Te.F.2.L.A,B03,Teal,dorm_sample,Bacteria,Pseudomonadota,Alphaproteobacteria,Micavibrionales,GCA-2720935,GCA-2720935,GCA-2720935 sp002720935,0.5,0.001061571,0.7343/0.7011
Te.F.2.L.A,B03,Teal,dorm_sample,Bacteria,Bacteroidota,Bacteroidia,Chitinophagales,Chitinophagaceae,Taibaiella,Taibaiella chishuiensis,0.5,0.001061571,0.7798/0.7525
Te.F.2.L.A,B03,Teal,dorm_sample,Bacteria,Pseudomonadota,Alphaproteobacteria,Rickettsiales,UBA3002,QFOX01,QFOX01 sp965247335,0.5,0.001061571,0.7959/0.7799
Te.F.2.L.A,B03,Teal,dorm_sample,Bacteria,Bacteroidota,Bacteroidia,Chitinophagales,Chitinophagaceae,Flavitalea,Flavitalea sp963808065,0.5,0.001061571,0.8306/0.7933
Te.F.2.L.A,B03,Teal,dorm_sample,Bacteria,Bacteroidota,Bacteroidia,Cytophagales,Cytophagaceae,JALONM01,JALONM01 sp025454925,0.5,0.001061571,0.8327/0.8222
Te.F.2.L.A,B03,Teal,dorm_sample,Bacteria,Myxococcota,XYA12-FULL-58-9,XYA12-FULL-58-9,JALHOP01,JALHOP01,JALHOP01 sp964484195,0.5,0.001061571,0.8557/0.8224
Te.F.2.L.A,B03,Teal,dorm_sample,Bacteria,Pseudomonadota,Alphaproteobacteria,Rhizobiales,Rhizobiaceae,Arvimicrobium,Arvimicrobium sp017305925,0.5,0.001061571,0.8582/0.8362
Te.F.2.L.A,B03,Teal,dorm_sample,Bacteria,Pseudomonadota,Alphaproteobacteria,Rhizobiales,Hyphomicrobiaceae,JAKAXS01,JAKAXS01 sp965279065,0.5,0.001061571,0.8756/0.8492
Te.F.2.L.A,B03,Teal,dorm_sample,Bacteria,Acidobacteriota,Vicinamibacteria,Vicinamibacterales,UBA2999,CAWAYR01,CAWAYR01 sp050250875,0.5,0.001061571,0.8820/0.8449
Te.F.2.L.A,B03,Teal,dorm_sample,Bacteria,Desulfobacterota,Binatia,DP-6,DP-6,JAHCID01,JAHCID01 sp026129405,0.5,0.001061571,0.8854/0.8668
Te.F.2.L.A,B03,Teal,dorm_sample,Bacteria,Pseudomonadota,Alphaproteobacteria,Caulobacterales,Caulobacteraceae,Phenylobacterium,Phenylobacterium sp041913825,0.5,0.001061571,0.8914/0.8624
Te.F.2.L.A,B03,Teal,dorm_sample,Bacteria,Pseudomonadota,Alphaproteobacteria,Rhizobiales,Aestuariivirgaceae,Taklimakanibacter,Taklimakanibacter sp049323275,0.5,0.001061571,0.9373/0.9361
Te.F.2.L.A,B03,Teal,dorm_sample,Bacteria,Pseudomonadota,Alphaproteobacteria,Reyranellales,Reyranellaceae,Vineibacter,Vineibacter sp007859315,0.5,0.001061571,0.9620/0.9456
Te.F.2.L.A,B03,Teal,dorm_sample,Bacteria,Pseudomonadota,Alphaproteobacteria,Rickettsiales,VGDC01,VGDC01,VGDC01 sp016869895,0.5,0.001061571,0.9740/0.9716
Te.F.2.L.A,B03,Teal,dorm_sample,Bacteria,Pseudomonadota,Alphaproteobacteria,Rhizobiales,Xanthobacteraceae,Xanthobacter,Xanthobacter sp023442085,0.5,0.001061571,0.9779/0.9758
Te.F.2.L.A,B03,Teal,dorm_sample,Bacteria,Actinomycetota,Actinomycetes,Actinomycetales,Microbacteriaceae,Microbacterium,Microbacterium sp003248845,0.5,0.001061571,0.9837/0.9831
Te.F.2.L.A,B03,Teal,dorm_sample,Bacteria,Pseudomonadota,Alphaproteobacteria,Rhizobiales,Rhizobiaceae,Shinella,Shinella sp001262505,0.5,0.001061571,0.9903/0.9903
Te.F.2.L.A,B03,Teal,dorm_sample,Bacteria,Pseudomonadota,Alphaproteobacteria,Rhizobiales,Beijerinckiaceae,Methylobacterium,Methylobacterium radiotolerans,0.5,0.001061571,0.9946/0.9945
Te.F.2.L.A,B03,Teal,dorm_sample,Bacteria,Bdellovibrionota,Bacteriovoracia,Bacteriovoracales,Bacteriovoracaceae,UBA6144,UBA6144 sp964399165,0.625,0.001326964,0.7486/0.6940
Te.F.2.L.A,B03,Teal,dorm_sample,Bacteria,Chlamydiota,Chlamydiia,Chlamydiales,Parachlamydiaceae,JANWJE01,JANWJE01 sp044226925,0.625,0.001326964,0.7665/0.7399
Te.F.2.L.A,B03,Teal,dorm_sample,Bacteria,Acidobacteriota,Vicinamibacteria,Vicinamibacterales,2-12-FULL-66-21,JALZOC01,JALZOC01 sp963750475,0.625,0.001326964,0.7686/0.7124
Te.F.2.L.A,B03,Teal,dorm_sample,Bacteria,Bdellovibrionota,Bacteriovoracia,Bacteriovoracales,Bacteriovoracaceae,UBA6144,UBA6144 sp040377215,0.625,0.001326964,0.8107/0.7955
Te.F.2.L.A,B03,Teal,dorm_sample,Bacteria,Pseudomonadota,Gammaproteobacteria,Burkholderiales,Burkholderiaceae_C,Schlegelella_A,Schlegelella_A sp038234975,0.625,0.001326964,0.8185/0.7823
Te.F.2.L.A,B03,Teal,dorm_sample,Bacteria,Bdellovibrionota,Bdellovibrionia,Bdellovibrionales,Bdellovibrionaceae,Bdellovibrio,Bdellovibrio sp030169785,0.625,0.001326964,0.8188/0.8010
Te.F.2.L.A,B03,Teal,dorm_sample,Bacteria,Pseudomonadota,Alphaproteobacteria,Rhizobiales,Hyphomicrobiaceae,Hyphomicrobium_B,Hyphomicrobium_B sp017512425,0.625,0.001326964,0.8234/0.8086
Te.F.2.L.A,B03,Teal,dorm_sample,Bacteria,Pseudomonadota,Alphaproteobacteria,Rhizobiales,Hyphomicrobiaceae,JAKAXS01,JAKAXS01 sp030655135,0.625,0.001326964,0.8284/0.6773
Te.F.2.L.A,B03,Teal,dorm_sample,Bacteria,Pseudomonadota,Alphaproteobacteria,Caulobacterales,Caulobacteraceae,Phenylobacterium,Phenylobacterium sp013911965,0.625,0.001326964,0.8430/0.8043
Te.F.2.L.A,B03,Teal,dorm_sample,Bacteria,Pseudomonadota,Alphaproteobacteria,Caulobacterales,Caulobacteraceae,Phenylobacterium,Phenylobacterium sp964419395,0.625,0.001326964,0.8452/0.8225
Te.F.2.L.A,B03,Teal,dorm_sample,Bacteria,Pseudomonadota,Alphaproteobacteria,Caulobacterales,Caulobacteraceae,Phenylobacterium,Phenylobacterium sp965284355,0.625,0.001326964,0.8640/0.7987
Te.F.2.L.A,B03,Teal,dorm_sample,Bacteria,Myxococcota_A,Polyangia,Haliangiales,Haliangiaceae,JABFXX01,JABFXX01 sp044230415,0.625,0.001326964,0.8644/0.8435
Te.F.2.L.A,B03,Teal,dorm_sample,Bacteria,Pseudomonadota,Alphaproteobacteria,Caulobacterales,Hyphomonadaceae,UBA7672,UBA7672 sp036733305,0.625,0.001326964,0.8782/0.8725
Te.F.2.L.A,B03,Teal,dorm_sample,Bacteria,Actinomycetota,Acidimicrobiia,Acidimicrobiales,Iamiaceae,Iamia,Iamia sp036380755,0.625,0.001326964,0.9065/0.8791
Te.F.2.L.A,B03,Teal,dorm_sample,Bacteria,Bacteroidota,Bacteroidia,Chitinophagales,Chitinophagaceae,Rurimicrobium,Rurimicrobium sp016786525,0.625,0.001326964,0.9179/0.9126
Te.F.2.L.A,B03,Teal,dorm_sample,Bacteria,Pseudomonadota,Gammaproteobacteria,Steroidobacterales,Steroidobacteraceae,Steroidobacter,Steroidobacter soli,0.625,0.001326964,0.9261/0.9133
Te.F.2.L.A,B03,Teal,dorm_sample,Bacteria,Pseudomonadota,Alphaproteobacteria,Caulobacterales,Caulobacteraceae,Phenylobacterium,Phenylobacterium sp041919955,0.625,0.001326964,0.9273/0.9128
Te.F.2.L.A,B03,Teal,dorm_sample,Bacteria,Pseudomonadota,Alphaproteobacteria,Reyranellales,Reyranellaceae,Reyranella,Reyranella sp026126105,0.625,0.001326964,0.9699/0.9441
Te.F.2.L.A,B03,Teal,dorm_sample,Bacteria,Bacteroidota,Bacteroidia,Chitinophagales,Chitinophagaceae,DAOLFO01,DAOLFO01 sp035326305,0.75,0.001592357,0.8042/0.7078
Te.F.2.L.A,B03,Teal,dorm_sample,Bacteria,Planctomycetota,Planctomycetia,Planctomycetales,Planctomycetaceae,Planctomyces_A,Planctomyces_A sp001610835,0.75,0.001592357,0.8559/0.8195
Te.F.2.L.A,B03,Teal,dorm_sample,Bacteria,Bacteroidota,Bacteroidia,Chitinophagales,Chitinophagaceae,JAFIGV01,JAFIGV01 sp023418315,0.75,0.001592357,0.8574/0.8130
Te.F.2.L.A,B03,Teal,dorm_sample,Bacteria,Pseudomonadota,Alphaproteobacteria,Rhizobiales,Xanthobacteraceae,Afipia,Afipia sp000178995,0.75,0.001592357,0.8877/0.7700
Te.F.2.L.A,B03,Teal,dorm_sample,Bacteria,Pseudomonadota,Alphaproteobacteria,Reyranellales,Reyranellaceae,Reyranella,Reyranella sp965279465,0.75,0.001592357,0.9168/0.9124
Te.F.2.L.A,B03,Teal,dorm_sample,Bacteria,Pseudomonadota,Alphaproteobacteria,Caulobacterales,Caulobacteraceae,Phenylobacterium,Phenylobacterium haematophilum,0.75,0.001592357,0.9926/0.9926
Te.F.2.L.A,B03,Teal,dorm_sample,Bacteria,Pseudomonadota,Alphaproteobacteria,Micavibrionales,GCA-2720935,CATLOR01,CATLOR01 sp950054255,0.875,0.001857749,0.7519/0.7045
Te.F.2.L.A,B03,Teal,dorm_sample,Bacteria,Bdellovibrionota,Bdellovibrionia,Bdellovibrionales,UBA1609,UBA6776,UBA6776 sp002453155,0.875,0.001857749,0.7663/0.7416
Te.F.2.L.A,B03,Teal,dorm_sample,Bacteria,Bacteroidota,Bacteroidia,B-17B0,Aurantibacillaceae,Aurantibacillus,Aurantibacillus circumpalustris,0.875,0.001857749,0.7868/0.7590
Te.F.2.L.A,B03,Teal,dorm_sample,Bacteria,Planctomycetota,Planctomycetia,Pirellulales,PNKZ01,PNKZ01,PNKZ01 sp017303535,0.875,0.001857749,0.7936/0.7469
Te.F.2.L.A,B03,Teal,dorm_sample,Bacteria,Bacteroidota,Bacteroidia,Cytophagales,Cyclobacteriaceae,Chryseolinea,Chryseolinea sp049840655,0.875,0.001857749,0.8736/0.8563
Te.F.2.L.A,B03,Teal,dorm_sample,Bacteria,Pseudomonadota,Gammaproteobacteria,Xanthomonadales,Rhodanobacteraceae,Tahibacter,Tahibacter soli,0.875,0.001857749,0.8950/0.8466
Te.F.2.L.A,B03,Teal,dorm_sample,Bacteria,Pseudomonadota,Gammaproteobacteria,Burkholderiales,Burkholderiaceae_C,Aquabacterium,Aquabacterium sp049322875,0.875,0.001857749,0.9666/0.9609
Te.F.2.L.A,B03,Teal,dorm_sample,Bacteria,Bdellovibrionota,Bacteriovoracia,Bacteriovoracales,Bacteriovoracaceae,UBA6144,UBA6144 sp036770305,1,0.002123142,0.7776/0.7263
Te.F.2.L.A,B03,Teal,dorm_sample,Bacteria,Bacteroidota,Bacteroidia,Chitinophagales,Chitinophagaceae,Agriterribacter,Agriterribacter sp019638615,1,0.002123142,0.8074/0.7681
Te.F.2.L.A,B03,Teal,dorm_sample,Bacteria,Planctomycetota,Planctomycetia,Pirellulales,PALSA-1355,JALHMI01,JALHMI01 sp041741015,1,0.002123142,0.8126/0.7764
Te.F.2.L.A,B03,Teal,dorm_sample,Bacteria,Pseudomonadota,Alphaproteobacteria,Caulobacterales,Caulobacteraceae,Acaudatibacter,Acaudatibacter sp963817995,1,0.002123142,0.8446/0.7901
Te.F.2.L.A,B03,Teal,dorm_sample,Bacteria,Bacteroidota,Bacteroidia,B-17B0,Aurantibacillaceae,UBA4416,UBA4416 sp964543545,1,0.002123142,0.8490/0.8288
Te.F.2.L.A,B03,Teal,dorm_sample,Bacteria,Pseudomonadota,Alphaproteobacteria,Rhizobiales,Aestuariivirgaceae,Taklimakanibacter,Taklimakanibacter sp005502925,1,0.002123142,0.9313/0.9065
Te.F.2.L.A,B03,Teal,dorm_sample,Bacteria,Pseudomonadota,Gammaproteobacteria,Xanthomonadales,Xanthomonadaceae,Pseudoxanthomonas_A,Pseudoxanthomonas_A japonensis,1,0.002123142,0.9891/0.9886
Te.F.2.L.A,B03,Teal,dorm_sample,Bacteria,Bacteroidota,Bacteroidia,Chitinophagales,LD1,Bog-950,Bog-950 sp947457525,1.125,0.002388535,0.7988/0.7653
Te.F.2.L.A,B03,Teal,dorm_sample,Bacteria,Actinomycetota,Actinomycetes,Mycobacteriales,Mycobacteriaceae,Mycobacterium,Mycobacterium immunogenum,1.125,0.002388535,0.8732/0.8534
Te.F.2.L.A,B03,Teal,dorm_sample,Bacteria,Cyanobacteriota,Vampirovibrionia,Obscuribacterales,Obscuribacteraceae,Ga0077546,Ga0077546 sp036170915,1.25,0.002653928,0.8165/0.7825
Te.F.2.L.A,B03,Teal,dorm_sample,Bacteria,Acidobacteriota,Vicinamibacteria,Vicinamibacterales,UBA2999,VFZN01,VFZN01 sp963709325,1.25,0.002653928,0.8495/0.8252
Te.F.2.L.A,B03,Teal,dorm_sample,Bacteria,Nitrospirota,Nitrospiria,Nitrospirales,Nitrospiraceae,Nitrospira_A,Nitrospira_A sp900170025,1.25,0.002653928,0.8514/0.8449
Te.F.2.L.A,B03,Teal,dorm_sample,Bacteria,Pseudomonadota,Alphaproteobacteria,Rhizobiales,Rhizobiaceae,Arvimicrobium,Arvimicrobium sp023953845,1.25,0.002653928,0.8594/0.8378
Te.F.2.L.A,B03,Teal,dorm_sample,Bacteria,Actinomycetota,Actinomycetes,Actinomycetales,Microbacteriaceae,Pseudolysinimonas_A,Pseudolysinimonas_A sp023457615,1.25,0.002653928,0.9117/0.8994
Te.F.2.L.A,B03,Teal,dorm_sample,Bacteria,Pseudomonadota,Alphaproteobacteria,Sphingomonadales,Sphingomonadaceae,Sphingomonas,Sphingomonas sp943913195,1.25,0.002653928,0.9770/0.9751
Te.F.2.L.A,B03,Teal,dorm_sample,Bacteria,Pseudomonadota,Alphaproteobacteria,Caulobacterales,Caulobacteraceae,Phenylobacterium,Phenylobacterium sp041916435,1.375,0.002919321,0.7965/0.7073
Te.F.2.L.A,B03,Teal,dorm_sample,Bacteria,Pseudomonadota,Alphaproteobacteria,Rhizobiales,Beijerinckiaceae,JAJXWB01,JAJXWB01 sp965246795,1.375,0.002919321,0.8137/0.7640
Te.F.2.L.A,B03,Teal,dorm_sample,Bacteria,Bacteroidota,Bacteroidia,Chitinophagales,Chitinophagaceae,UBA5543,UBA5543 sp964464965,1.375,0.002919321,0.8366/0.8140
Te.F.2.L.A,B03,Teal,dorm_sample,Bacteria,Cyanobacteriota,Vampirovibrionia,Obscuribacterales,Obscuribacteraceae,Ga0077546,Ga0077546 sp965229195,1.375,0.002919321,0.8657/0.8448
Te.F.2.L.A,B03,Teal,dorm_sample,Bacteria,Bacteroidota,Bacteroidia,Chitinophagales,LD1,Bog-950,Bog-950 sp018267435,1.375,0.002919321,0.9764/0.8839
Te.F.2.L.A,B03,Teal,dorm_sample,Bacteria,Actinomycetota,Actinomycetes,Mycobacteriales,Mycobacteriaceae,Mycobacterium,Mycobacterium gwanakae,1.375,0.002919321,0.9785/0.9761
Te.F.2.L.A,B03,Teal,dorm_sample,Bacteria,Pseudomonadota,Gammaproteobacteria,Burkholderiales,Burkholderiaceae_C,MR-S7,MR-S7 sp000400995,1.375,0.002919321,0.9900/0.9898
Te.F.2.L.A,B03,Teal,dorm_sample,Bacteria,Bacteroidota,Bacteroidia,Chitinophagales,Chitinophagaceae,Flavitalea,Flavitalea sp964606315,1.5,0.003184713,0.7772/0.7374
Te.F.2.L.A,B03,Teal,dorm_sample,Bacteria,Cyanobacteriota,Vampirovibrionia,Obscuribacterales,Obscuribacteraceae,Ga0077546,Ga0077546 sp021732025,1.5,0.003184713,0.8440/0.8185
Te.F.2.L.A,B03,Teal,dorm_sample,Bacteria,Actinomycetota,Actinomycetes,Actinomycetales,Microbacteriaceae,Pseudolysinimonas_A,Pseudolysinimonas_A sp947085045,1.5,0.003184713,0.8555/0.7932
Te.F.2.L.A,B03,Teal,dorm_sample,Bacteria,Pseudomonadota,Alphaproteobacteria,Sphingomonadales,Sphingomonadaceae,Sphingopyxis,Sphingopyxis soli,1.5,0.003184713,0.9063/0.8619
Te.F.2.L.A,B03,Teal,dorm_sample,Bacteria,Pseudomonadota,Gammaproteobacteria,Xanthomonadales,Rhodanobacteraceae,Tahibacter,Tahibacter sp042701255,1.5,0.003184713,0.9268/0.9231
Te.F.2.L.A,B03,Teal,dorm_sample,Bacteria,Bacteroidota,Bacteroidia,Chitinophagales,Chitinophagaceae,CAYMZZ01,CAYMZZ01 sp047600605,1.5,0.003184713,0.9942/0.9939
Te.F.2.L.A,B03,Teal,dorm_sample,Bacteria,Bdellovibrionota,Bdellovibrionia,Bdellovibrionales,UBA1609,CAYHVK01,CAYHVK01 sp964360255,1.625,0.003450106,0.8358/0.8207
Te.F.2.L.A,B03,Teal,dorm_sample,Bacteria,Bacteroidota,Bacteroidia,B-17B0,Aurantibacillaceae,UBA4416,UBA4416 sp943362175,1.625,0.003450106,0.8603/0.8001
Te.F.2.L.A,B03,Teal,dorm_sample,Bacteria,Pseudomonadota,Alphaproteobacteria,Caulobacterales,Caulobacteraceae,Phenylobacterium,Phenylobacterium terrae,1.75,0.003715499,0.8894/0.8560
Te.F.2.L.A,B03,Teal,dorm_sample,Bacteria,Pseudomonadota,Gammaproteobacteria,Burkholderiales,Burkholderiaceae_C,Xenophilus,Xenophilus sp901875635,1.75,0.003715499,0.9928/0.9927
Te.F.2.L.A,B03,Teal,dorm_sample,Bacteria,Bacteroidota,Bacteroidia,Cytophagales,Cyclobacteriaceae,UBA2336,UBA2336 sp965227265,1.875,0.003980892,0.8435/0.7927
Te.F.2.L.A,B03,Teal,dorm_sample,Bacteria,Pseudomonadota,Gammaproteobacteria,Steroidobacterales,Steroidobacteraceae,Steroidobacter,Steroidobacter flavus,1.875,0.003980892,0.9258/0.8924
Te.F.2.L.A,B03,Teal,dorm_sample,Bacteria,Pseudomonadota,Gammaproteobacteria,Xanthomonadales,Xanthomonadaceae,Pseudoxanthomonas_A,Pseudoxanthomonas_A sp047600885,1.875,0.003980892,0.9703/0.9344
Te.F.2.L.A,B03,Teal,dorm_sample,Bacteria,Pseudomonadota,Alphaproteobacteria,Rhizobiales,Rhizobiaceae,Arvimicrobium,Arvimicrobium flavum,2,0.004246285,0.8337/0.7823
Te.F.2.L.A,B03,Teal,dorm_sample,Bacteria,Pseudomonadota,Alphaproteobacteria,Sphingomonadales,Sphingomonadaceae,Sphingobium_A,Sphingobium_A colocasiae,2.125,0.004511677,0.8686/0.8446
Te.F.2.L.A,B03,Teal,dorm_sample,Bacteria,Cyanobacteriota,Vampirovibrionia,Obscuribacterales,Obscuribacteraceae,JADYXR01,JADYXR01 sp044225915,2.125,0.004511677,0.8794/0.8335
Te.F.2.L.A,B03,Teal,dorm_sample,Bacteria,Bacteroidota,Bacteroidia,Chitinophagales,Chitinophagaceae,Agriterribacter,Agriterribacter sp051958655,2.25,0.00477707,0.8442/0.8328
Te.F.2.L.A,B03,Teal,dorm_sample,Bacteria,Actinomycetota,Actinomycetes,Mycobacteriales,Mycobacteriaceae,Mycobacterium,Mycobacterium paragordonae,2.25,0.00477707,0.9927/0.9918
Te.F.2.L.A,B03,Teal,dorm_sample,Bacteria,Bacteroidota,Bacteroidia,Chitinophagales,Chitinophagaceae,JAFIGV01,JAFIGV01 sp035497455,2.375,0.005042463,0.8230/0.8049
Te.F.2.L.A,B03,Teal,dorm_sample,Bacteria,Pseudomonadota,Gammaproteobacteria,Xanthomonadales,Xanthomonadaceae,Luteimonas,Luteimonas marina,2.5,0.005307856,0.9140/0.8780
Te.F.2.L.A,B03,Teal,dorm_sample,Bacteria,Actinomycetota,Actinomycetes,Mycobacteriales,Mycobacteriaceae,Mycobacterium,Mycobacterium grossiae,2.625,0.005573248,0.9850/0.9841
Te.F.2.L.A,B03,Teal,dorm_sample,Bacteria,Bacteroidota,Bacteroidia,B-17B0,Aurantibacillaceae,Aurantibacillus,Aurantibacillus sp002319075,2.875,0.006104034,0.8225/0.7991
Te.F.2.L.A,B03,Teal,dorm_sample,Bacteria,Bacteroidota,Bacteroidia,B-17B0,Aurantibacillaceae,UBA4416,UBA4416 sp002390745,2.875,0.006104034,0.8865/0.8675
Te.F.2.L.A,B03,Teal,dorm_sample,Bacteria,Acidobacteriota,Vicinamibacteria,Vicinamibacterales,UBA2999,VFZN01,VFZN01 sp035538015,3.125,0.00663482,0.8480/0.8202
Te.F.2.L.A,B03,Teal,dorm_sample,Bacteria,Actinomycetota,Actinomycetes,Mycobacteriales,Mycobacteriaceae,Mycobacterium,Mycobacterium fortuitum,3.375,0.007165605,0.9975/0.9849
Te.F.2.L.A,B03,Teal,dorm_sample,Bacteria,Acidobacteriota,Vicinamibacteria,Vicinamibacterales,Vicinamibacteraceae,JBDSLU01,JBDSLU01 sp963816265,3.5,0.007430998,0.7975/0.7382
Te.F.2.L.A,B03,Teal,dorm_sample,Bacteria,Bacteroidota,Bacteroidia,Chitinophagales,Chitinophagaceae,Flavitalea,Flavitalea sp963782225,3.75,0.007961783,0.8217/0.7920
Te.F.2.L.A,B03,Teal,dorm_sample,Bacteria,Pseudomonadota,Alphaproteobacteria,Rhizobiales,Hyphomicrobiaceae,JAKAXS01,JAKAXS01 sp963846845,3.75,0.007961783,0.8466/0.7897
Te.F.2.L.A,B03,Teal,dorm_sample,Bacteria,Pseudomonadota,Alphaproteobacteria,Sphingomonadales,Sphingomonadaceae,Sphingomonas,Sphingomonas sp036402235,4,0.008492569,0.8979/0.8377
Te.F.2.L.A,B03,Teal,dorm_sample,Bacteria,Pseudomonadota,Alphaproteobacteria,Caulobacterales,Hyphomonadaceae,UBA7672,UBA7672 sp965229115,4.125,0.008757962,0.9042/0.8767
Te.F.2.L.A,B03,Teal,dorm_sample,Bacteria,Pseudomonadota,Gammaproteobacteria,Xanthomonadales,Rhodanobacteraceae,Tahibacter,Tahibacter harae,4.25,0.009023355,0.8716/0.8283
Te.F.2.L.A,B03,Teal,dorm_sample,Bacteria,Pseudomonadota,Gammaproteobacteria,Xanthomonadales,Xanthomonadaceae,Pseudoxanthomonas_A,Pseudoxanthomonas_A sp964252705,4.375,0.009288747,0.9962/0.9959
Te.F.2.L.A,B03,Teal,dorm_sample,Bacteria,Pseudomonadota,Alphaproteobacteria,Sphingomonadales,Sphingomonadaceae,Sphingopyxis,Sphingopyxis sp022701295,4.5,0.00955414,0.9889/0.9798
Te.F.2.L.A,B03,Teal,dorm_sample,Bacteria,Actinomycetota,Actinomycetes,Mycobacteriales,Nakamurellaceae,Nakamurella,Nakamurella sp044223435,4.875,0.01035032,0.8933/0.8513
Te.F.2.L.A,B03,Teal,dorm_sample,Bacteria,Bacteroidota,Bacteroidia,Chitinophagales,Chitinophagaceae,Ferruginibacter,Ferruginibacter sp047602605,5.875,0.01247346,0.8295/0.8145
Te.F.2.L.A,B03,Teal,dorm_sample,Bacteria,Bacteroidota,Bacteroidia,Cytophagales,Cyclobacteriaceae,UBA2336,UBA2336 sp019694875,5.875,0.01247346,0.8521/0.8312
Te.F.2.L.A,B03,Teal,dorm_sample,Bacteria,Acidobacteriota,Vicinamibacteria,Vicinamibacterales,Vicinamibacteraceae,CAWJAP01,CAWJAP01 sp963840865,6.625,0.01406582,0.8251/0.7681
Te.F.2.L.A,B03,Teal,dorm_sample,Bacteria,Pseudomonadota,Gammaproteobacteria,Burkholderiales,Burkholderiaceae_C,Ottowia,Ottowia testudinis,7.125,0.01512739,0.9028/0.8944
Te.F.2.L.A,B03,Teal,dorm_sample,Bacteria,Bacteroidota,Bacteroidia,Chitinophagales,Chitinophagaceae,Flavitalea,Flavitalea sp964387165,7.25,0.01539278,0.8809/0.8521
Te.F.2.L.A,B03,Teal,dorm_sample,Bacteria,Bacteroidota,Bacteroidia,Chitinophagales,Chitinophagaceae,Agriterribacter,Agriterribacter sp051955255,7.5,0.01592357,0.8554/0.8220
Te.F.2.L.A,B03,Teal,dorm_sample,Bacteria,Bacteroidota,Bacteroidia,Cytophagales,Cyclobacteriaceae,UBA2336,UBA2336 sp964538575,7.625,0.01618896,0.8666/0.8222
Te.F.2.L.A,B03,Teal,dorm_sample,Bacteria,Pseudomonadota,Gammaproteobacteria,Burkholderiales,Burkholderiaceae,Imbroritus,Imbroritus primus,10.125,0.02149682,0.9280/0.9190
Te.F.2.L.A,B03,Teal,dorm_sample,Bacteria,Pseudomonadota,Alphaproteobacteria,Sphingomonadales,Sphingomonadaceae,Blastomonas,Blastomonas ursincola,10.125,0.02149682,0.9884/0.9858
Te.F.2.L.A,B03,Teal,dorm_sample,Bacteria,Pseudomonadota,Alphaproteobacteria,Sphingomonadales,Sphingomonadaceae,Sphingopyxis,Sphingopyxis sp001468395,10.25,0.02176221,0.9080/0.8603
Te.F.2.L.A,B03,Teal,dorm_sample,Bacteria,Pseudomonadota,Alphaproteobacteria,Rhizobiales,Xanthobacteraceae,Bradyrhizobium,Bradyrhizobium lablabi_C,11.5,0.02441614,0.8911/0.8468
Te.F.2.L.A,B03,Teal,dorm_sample,Bacteria,Pseudomonadota,Alphaproteobacteria,Sphingomonadales,Sphingomonadaceae,Sphingomonas,Sphingomonas koreensis,12.75,0.02707006,0.9448/0.9155
Te.F.2.L.A,B03,Teal,dorm_sample,Bacteria,Bacteroidota,Bacteroidia,Chitinophagales,Chitinophagaceae,CADEDV01,CADEDV01 sp936908745,14.75,0.03131635,0.9003/0.8672
Te.F.2.L.A,B03,Teal,dorm_sample,Bacteria,Armatimonadota,Fimbriimonadia,Fimbriimonadales,Fimbriimonadaceae,55-13,55-13 sp001898035,20.75,0.0440552,0.7923/0.7613
Te.F.2.L.A,B03,Teal,dorm_sample,Bacteria,Pseudomonadota,Gammaproteobacteria,Burkholderiales,Burkholderiaceae_C,Ottowia,Ottowia sp018060485,21.375,0.04538217,0.9883/0.9646
Te.F.2.L.A,B03,Teal,dorm_sample,Bacteria,Actinomycetota,Actinomycetes,Mycobacteriales,Mycobacteriaceae,Mycobacterium,Mycobacterium phocaicum,24.5,0.05201699,0.9923/0.9779
Te.F.2.L.A,B03,Teal,dorm_sample,Bacteria,Pseudomonadota,Alphaproteobacteria,Sphingomonadales,Sphingomonadaceae,Sphingopyxis,Sphingopyxis sp014873485,33.375,0.07085987,0.9638/0.9381
Te.F.2.L.A,B03,Teal,dorm_sample,Bacteria,Bacteroidota,Bacteroidia,Chitinophagales,Chitinophagaceae,Ferruginibacter,Ferruginibacter sp964404845,36,0.07643312,0.8547/0.8134
Te.F.2.L.A,B03,Teal,dorm_sample,Bacteria,unclassified Bacteria phylum,unclassified Bacteria class,unclassified Bacteria order,unclassified Bacteria family,unclassified Bacteria genus,unclassified Bacteria species,53.5,0.1135881,0.0000/0.0000
Te.F.1.H.B,B04,Teal,dorm_sample,Bacteria,Actinomycetota,Actinomycetes,Actinomycetales,Microbacteriaceae,Rhodoglobus,Rhodoglobus sp963740815,0.25,0.00990099,0.8526/0.8238
Te.F.1.H.B,B04,Teal,dorm_sample,Bacteria,Myxococcota_A,Polyangia,Haliangiales,Haliangiaceae,JABFXX01,JABFXX01 sp023428295,0.25,0.00990099,0.9478/0.9380
Te.F.1.H.B,B04,Teal,dorm_sample,Bacteria,Actinomycetota,Actinomycetes,Actinomycetales,Microbacteriaceae,Microbacterium,Microbacterium kunmingense,0.25,0.00990099,0.9935/0.9935
Te.F.1.H.B,B04,Teal,dorm_sample,Bacteria,Actinomycetota,Actinomycetes,Mycobacteriales,Mycobacteriaceae,Mycobacterium,Mycobacterium gwanakae,0.375,0.01485149,0.9999/0.9999
Te.F.1.H.B,B04,Teal,dorm_sample,Bacteria,Pseudomonadota,Gammaproteobacteria,Burkholderiales,Burkholderiaceae_C,Ottowia,Ottowia sp018060485,0.5,0.01980198,0.9856/0.9846
Te.F.1.H.B,B04,Teal,dorm_sample,Bacteria,Actinomycetota,Actinomycetes,Mycobacteriales,Mycobacteriaceae,Mycobacterium,Mycobacterium fortuitum,0.5,0.01980198,0.9967/0.9967
Te.F.1.H.B,B04,Teal,dorm_sample,Bacteria,Actinomycetota,Actinomycetes,Mycobacteriales,Nakamurellaceae,Nakamurella,Nakamurella sp044223435,0.875,0.03465347,0.8824/0.8532
Te.F.1.H.B,B04,Teal,dorm_sample,Bacteria,Actinomycetota,Actinomycetes,Mycobacteriales,Mycobacteriaceae,Mycobacterium,Mycobacterium phocaicum,1.25,0.04950495,0.9901/0.9870
Te.F.1.H.B,B04,Teal,dorm_sample,Bacteria,Actinomycetota,Actinomycetes,Mycobacteriales,Mycobacteriaceae,Mycobacterium,Mycobacterium paragordonae,2.125,0.08415842,0.8409/0.8232
Te.F.1.H.B,B04,Teal,dorm_sample,Bacteria,unclassified Bacteria phylum,unclassified Bacteria class,unclassified Bacteria order,unclassified Bacteria family,unclassified Bacteria genus,unclassified Bacteria species,5.125,0.2029703,0.0000/0.0000
Te.F.1.H.B,B04,Teal,dorm_sample,Bacteria,Actinomycetota,Actinomycetes,Mycobacteriales,Mycobacteriaceae,Mycobacterium,Mycobacterium kiyosense,13.75,0.5445545,0.8665/0.8428
Co.F.4.H.C,B06,Collins,dorm_sample,Bacteria,Pseudomonadota,Gammaproteobacteria,Xanthomonadales,Xanthomonadaceae,Lysobacter,Lysobacter capsici,0.25,0.01834862,0.9162/0.8914
Co.F.4.H.C,B06,Collins,dorm_sample,Bacteria,Pseudomonadota,Gammaproteobacteria,Burkholderiales,Burkholderiaceae_C,Acidovorax,Acidovorax temperans,0.25,0.01834862,0.9793/0.9791
Co.F.4.H.C,B06,Collins,dorm_sample,Bacteria,Pseudomonadota,Alphaproteobacteria,Rhizobiales,Beijerinckiaceae,Methylobacterium,Methylobacterium radiotolerans,0.25,0.01834862,0.9980/0.9979
Co.F.4.H.C,B06,Collins,dorm_sample,Bacteria,Pseudomonadota,Alphaproteobacteria,Sphingomonadales,Sphingomonadaceae,Sphingomonas,Sphingomonas ginsenosidimutans,0.25,0.01834862,1.0000/1.0000
Co.F.4.H.C,B06,Collins,dorm_sample,Bacteria,Pseudomonadota,Gammaproteobacteria,Burkholderiales,Burkholderiaceae_C,Ottowia,Ottowia testudinis,0.375,0.02752294,0.9056/0.8991
Co.F.4.H.C,B06,Collins,dorm_sample,Bacteria,Pseudomonadota,Gammaproteobacteria,Burkholderiales,Burkholderiaceae_C,Diaphorobacter,Diaphorobacter nitroreducens,0.375,0.02752294,0.9883/0.9883
Co.F.4.H.C,B06,Collins,dorm_sample,Bacteria,Pseudomonadota,Alphaproteobacteria,Sphingomonadales,Sphingomonadaceae,Blastomonas,Blastomonas ursincola,0.375,0.02752294,0.9997/0.9997
Co.F.4.H.C,B06,Collins,dorm_sample,Bacteria,Pseudomonadota,Gammaproteobacteria,Xanthomonadales,Xanthomonadaceae,Stenotrophomonas,Stenotrophomonas maltophilia,0.375,0.02752294,0.9997/0.9997
Co.F.4.H.C,B06,Collins,dorm_sample,Bacteria,Pseudomonadota,Alphaproteobacteria,Sphingomonadales,Sphingomonadaceae,Sphingopyxis,Sphingopyxis sp001468395,0.75,0.05504587,0.9827/0.9393
Co.F.4.H.C,B06,Collins,dorm_sample,Bacteria,Pseudomonadota,Gammaproteobacteria,Burkholderiales,Burkholderiaceae_C,Comamonas,Comamonas tsuruhatensis,0.75,0.05504587,0.9998/0.9999
Co.F.4.H.C,B06,Collins,dorm_sample,Bacteria,Pseudomonadota,Alphaproteobacteria,Sphingomonadales,Sphingomonadaceae,Erythrobacter,Erythrobacter oryzae,0.875,0.06422018,0.9039/0.8717
Co.F.4.H.C,B06,Collins,dorm_sample,Bacteria,Pseudomonadota,Gammaproteobacteria,Burkholderiales,Burkholderiaceae_C,Ottowia,Ottowia sp018060485,1.25,0.09174312,0.9886/0.9879
Co.F.4.H.C,B06,Collins,dorm_sample,Bacteria,unclassified Bacteria phylum,unclassified Bacteria class,unclassified Bacteria order,unclassified Bacteria family,unclassified Bacteria genus,unclassified Bacteria species,2.875,0.2110092,0.0000/0.0000
Co.F.4.H.C,B06,Collins,dorm_sample,Bacteria,Actinomycetota,Actinomycetes,Mycobacteriales,Mycobacteriaceae,Mycobacterium,Mycobacterium phocaicum,4.625,0.3394495,0.9919/0.9913
He.F.3.L.B,B07,Heritage,dorm_sample,Archaea,unclassified Archaea phylum,unclassified Archaea class,unclassified Archaea order,unclassified Archaea family,unclassified Archaea genus,unclassified Archaea species,0.125,0.000122324,0.0000/0.0000
He.F.3.L.B,B07,Heritage,dorm_sample,Bacteria,Bdellovibrionota,UBA1018,CAIPTA01,CAIPTA01,JAKFYM01,JAKFYM01 sp964416595,0.25,0.000244648,0.7776/0.7629
He.F.3.L.B,B07,Heritage,dorm_sample,Bacteria,Verrucomicrobiota,Verrucomicrobiia,Chthoniobacterales,Terrimicrobiaceae,Terrimicrobium,Terrimicrobium sp001897195,0.25,0.000244648,0.7985/0.7464
He.F.3.L.B,B07,Heritage,dorm_sample,Bacteria,Verrucomicrobiota,Verrucomicrobiia,Chthoniobacterales,Terrimicrobiaceae,Terrimicrobium,Terrimicrobium sp003054655,0.25,0.000244648,0.8048/0.7848
He.F.3.L.B,B07,Heritage,dorm_sample,Bacteria,Chlamydiota,Chlamydiia,Chlamydiales,Parachlamydiaceae,Protochlamydia,Protochlamydia naegleriophila,0.25,0.000244648,0.8133/0.7752
He.F.3.L.B,B07,Heritage,dorm_sample,Bacteria,Bdellovibrionota,Bacteriovoracia,Bacteriovoracales,Bacteriovoracaceae,UBA6144,UBA6144 sp027486525,0.25,0.000244648,0.8209/0.8013
He.F.3.L.B,B07,Heritage,dorm_sample,Bacteria,Bacteroidota,Bacteroidia,Chitinophagales,Chitinophagaceae,Pseudobacter,Pseudobacter rhizosphaerae,0.25,0.000244648,0.8476/0.8311
He.F.3.L.B,B07,Heritage,dorm_sample,Bacteria,Verrucomicrobiota,Verrucomicrobiia,Verrucomicrobiales,Verrucomicrobiaceae,Prosthecobacter,Prosthecobacter sp964588755,0.25,0.000244648,0.8724/0.8484
He.F.3.L.B,B07,Heritage,dorm_sample,Bacteria,Pseudomonadota,Alphaproteobacteria,Rhizobiales,Xanthobacteraceae,P52-10,P52-10 sp041397365,0.25,0.000244648,0.8726/0.8545
He.F.3.L.B,B07,Heritage,dorm_sample,Bacteria,Bacteroidota,Bacteroidia,Cytophagales,Spirosomataceae,Larkinella,Larkinella rosea,0.25,0.000244648,0.8743/0.8617
He.F.3.L.B,B07,Heritage,dorm_sample,Bacteria,Pseudomonadota,Alphaproteobacteria,Sphingomonadales,Sphingomonadaceae,Novosphingobium,Novosphingobium sp045629505,0.25,0.000244648,0.8772/0.8714
He.F.3.L.B,B07,Heritage,dorm_sample,Bacteria,Pseudomonadota,Gammaproteobacteria,Burkholderiales,Burkholderiaceae_C,Xenophilus,Xenophilus sp916700565,0.25,0.000244648,0.8780/0.8628
He.F.3.L.B,B07,Heritage,dorm_sample,Bacteria,Bacteroidota,Bacteroidia,Chitinophagales,Chitinophagaceae,Agriterribacter,Agriterribacter sp051955255,0.25,0.000244648,0.8786/0.8716
He.F.3.L.B,B07,Heritage,dorm_sample,Bacteria,Bacteroidota,Bacteroidia,Cytophagales,Cyclobacteriaceae,UBA2336,UBA2336 sp964538575,0.25,0.000244648,0.8945/0.8926
He.F.3.L.B,B07,Heritage,dorm_sample,Bacteria,Pseudomonadota,Alphaproteobacteria,Caulobacterales,Caulobacteraceae,Brevundimonas,Brevundimonas sp041919755,0.25,0.000244648,0.9021/0.6650
He.F.3.L.B,B07,Heritage,dorm_sample,Bacteria,Pseudomonadota,Alphaproteobacteria,Micropepsales,Micropepsaceae,Rhizomicrobium,Rhizomicrobium sp035714165,0.25,0.000244648,0.9227/0.8886
He.F.3.L.B,B07,Heritage,dorm_sample,Bacteria,Bacteroidota,Bacteroidia,Cytophagales,Spirosomataceae,Dyadobacter,Dyadobacter bucti,0.25,0.000244648,0.9252/0.9246
He.F.3.L.B,B07,Heritage,dorm_sample,Bacteria,Pseudomonadota,Alphaproteobacteria,Rhizobiales,Devosiaceae,Devosia_A,Devosia_A sp001899085,0.25,0.000244648,0.9366/0.9045
He.F.3.L.B,B07,Heritage,dorm_sample,Bacteria,Pseudomonadota,Gammaproteobacteria,Burkholderiales,Burkholderiaceae_C,Xenophilus,Xenophilus sp003671765,0.25,0.000244648,0.9591/0.9453
He.F.3.L.B,B07,Heritage,dorm_sample,Bacteria,Pseudomonadota,Alphaproteobacteria,Rhizobiales,Xanthobacteraceae,Tardiphaga,Tardiphaga sp044340795,0.25,0.000244648,0.9776/0.9775
He.F.3.L.B,B07,Heritage,dorm_sample,Bacteria,Pseudomonadota,Alphaproteobacteria,Sphingomonadales,Sphingomonadaceae,Blastomonas,Blastomonas ursincola,0.25,0.000244648,0.9792/0.9760
He.F.3.L.B,B07,Heritage,dorm_sample,Bacteria,Actinomycetota,Actinomycetes,Mycobacteriales,Mycobacteriaceae,Mycobacterium,Mycobacterium grossiae,0.25,0.000244648,0.9830/0.9737
He.F.3.L.B,B07,Heritage,dorm_sample,Bacteria,Pseudomonadota,Gammaproteobacteria,Xanthomonadales,Xanthomonadaceae,Stenotrophomonas,Stenotrophomonas rhizophila_A,0.25,0.000244648,0.9915/0.9916
He.F.3.L.B,B07,Heritage,dorm_sample,Bacteria,Pseudomonadota,Alphaproteobacteria,Sphingomonadales,Sphingomonadaceae,Sphingobium,Sphingobium sp003248505,0.25,0.000244648,0.9921/0.9921
He.F.3.L.B,B07,Heritage,dorm_sample,Bacteria,Pseudomonadota,Alphaproteobacteria,Sphingomonadales,Sphingomonadaceae,Sphingomonas,Sphingomonas ginsenosidimutans,0.25,0.000244648,0.9990/0.9990
He.F.3.L.B,B07,Heritage,dorm_sample,Bacteria,Bdellovibrionota,UBA1018,CAIPTA01,CAIPTA01,JAKFYM01,JAKFYM01 sp050246755,0.375,0.000366973,0.7612/0.7252
He.F.3.L.B,B07,Heritage,dorm_sample,Bacteria,Pseudomonadota,Gammaproteobacteria,DSM-16500,DSM-16500,Aquicella,Aquicella sp963785295,0.375,0.000366973,0.7800/0.7566
He.F.3.L.B,B07,Heritage,dorm_sample,Bacteria,Acidobacteriota,Vicinamibacteria,Vicinamibacterales,Vicinamibacteraceae,JBDSLU01,JBDSLU01 sp963816265,0.375,0.000366973,0.7927/0.7444
He.F.3.L.B,B07,Heritage,dorm_sample,Bacteria,Cyanobacteriota,Vampirovibrionia,Obscuribacterales,Obscuribacteraceae,Ga0077546,Ga0077546 sp021772135,0.375,0.000366973,0.8014/0.7652
He.F.3.L.B,B07,Heritage,dorm_sample,Bacteria,Cyanobacteriota,Vampirovibrionia,Obscuribacterales,Obscuribacteraceae,Ga0077546,Ga0077546 sp041675385,0.375,0.000366973,0.8241/0.7905
He.F.3.L.B,B07,Heritage,dorm_sample,Bacteria,Pseudomonadota,Alphaproteobacteria,Sphingomonadales,Sphingomonadaceae,Solisphingomonas,Solisphingomonas quercus,0.375,0.000366973,0.8244/0.7829
He.F.3.L.B,B07,Heritage,dorm_sample,Bacteria,Pseudomonadota,Alphaproteobacteria,Rickettsiales,UBA3002,QFOX01,QFOX01 sp046154225,0.375,0.000366973,0.8315/0.7991
He.F.3.L.B,B07,Heritage,dorm_sample,Bacteria,Pseudomonadota,Alphaproteobacteria,Rhizobiales,Rhizobiaceae,Rhizobium_E,Rhizobium_E sp019739215,0.375,0.000366973,0.8425/0.7467
He.F.3.L.B,B07,Heritage,dorm_sample,Bacteria,Vulcanimicrobiota,Xenobia,Xenobiales,JADMJV01,JADMJV01,JADMJV01 sp017307785,0.375,0.000366973,0.8514/0.8386
He.F.3.L.B,B07,Heritage,dorm_sample,Bacteria,Verrucomicrobiota,Verrucomicrobiia,Verrucomicrobiales,Verrucomicrobiaceae,Prosthecobacter,Prosthecobacter sp016795375,0.375,0.000366973,0.8521/0.7922
He.F.3.L.B,B07,Heritage,dorm_sample,Bacteria,Pseudomonadota,Alphaproteobacteria,Caulobacterales,Caulobacteraceae,Phenylobacterium,Phenylobacterium sp030824495,0.375,0.000366973,0.8525/0.7498
He.F.3.L.B,B07,Heritage,dorm_sample,Bacteria,Pseudomonadota,Alphaproteobacteria,Dongiales,Dongiaceae,Dongia,Dongia rigui,0.375,0.000366973,0.8704/0.8096
He.F.3.L.B,B07,Heritage,dorm_sample,Bacteria,Bdellovibrionota,Bacteriovoracia,Bacteriovoracales,Bacteriovoracaceae,Peredibacter,Peredibacter sp046595005,0.375,0.000366973,0.8796/0.8778
He.F.3.L.B,B07,Heritage,dorm_sample,Bacteria,Pseudomonadota,Alphaproteobacteria,Acetobacterales,Acetobacteraceae,Paracraurococcus,Paracraurococcus ruber_A,0.375,0.000366973,0.8978/0.8334
He.F.3.L.B,B07,Heritage,dorm_sample,Bacteria,Pseudomonadota,Alphaproteobacteria,Rhizobiales,Rhizobiaceae,Ferranicluibacter,Ferranicluibacter sp034720595,0.375,0.000366973,0.9147/0.9032
He.F.3.L.B,B07,Heritage,dorm_sample,Bacteria,Pseudomonadota,Alphaproteobacteria,Dongiales,Dongiaceae,Dongia,Dongia sp041906375,0.375,0.000366973,0.9265/0.9250
He.F.3.L.B,B07,Heritage,dorm_sample,Bacteria,Planctomycetota,Planctomycetia,Pirellulales,Lacipirellulaceae,Lacipirellula,Lacipirellula sp965279485,0.375,0.000366973,0.9373/0.9178
He.F.3.L.B,B07,Heritage,dorm_sample,Bacteria,Pseudomonadota,Alphaproteobacteria,Sphingomonadales,Sphingomonadaceae,Sphingomonas,Sphingomonas jeddahensis,0.375,0.000366973,0.9377/0.9311
He.F.3.L.B,B07,Heritage,dorm_sample,Bacteria,Pseudomonadota,Alphaproteobacteria,Rhizobiales,Kaistiaceae,Kaistia,Kaistia cartagenensis,0.375,0.000366973,0.9514/0.9509
He.F.3.L.B,B07,Heritage,dorm_sample,Bacteria,Bacteroidota,Bacteroidia,Sphingobacteriales,Sphingobacteriaceae,Mucilaginibacter,Mucilaginibacter hurinus,0.375,0.000366973,0.9947/0.9945
He.F.3.L.B,B07,Heritage,dorm_sample,Bacteria,Actinomycetota,Actinomycetes,Mycobacteriales,Mycobacteriaceae,Mycobacterium,Mycobacterium fortuitum,0.375,0.000366973,0.9974/0.9964
He.F.3.L.B,B07,Heritage,dorm_sample,Bacteria,Actinomycetota,Actinomycetes,Actinomycetales,Microbacteriaceae,Microbacterium,Microbacterium oxydans,0.375,0.000366973,0.9979/0.9979
He.F.3.L.B,B07,Heritage,dorm_sample,Bacteria,Pseudomonadota,Alphaproteobacteria,Sphingomonadales,Sphingomonadaceae,Sphingomonas,Sphingomonas hankookensis_A,0.375,0.000366973,0.9984/0.9983
He.F.3.L.B,B07,Heritage,dorm_sample,Bacteria,Pseudomonadota,Gammaproteobacteria,Xanthomonadales,Xanthomonadaceae,Stenotrophomonas,Stenotrophomonas maltophilia_Q,0.375,0.000366973,0.9992/0.9992
He.F.3.L.B,B07,Heritage,dorm_sample,Bacteria,Acidobacteriota,Blastocatellia,Pyrinomonadales,Pyrinomonadaceae,SXVE01,SXVE01 sp036388895,0.5,0.000489297,0.7603/0.7209
He.F.3.L.B,B07,Heritage,dorm_sample,Bacteria,Pseudomonadota,Alphaproteobacteria,Micavibrionales,Micavibrionaceae,Micavibrio_B,Micavibrio_B sp030824965,0.5,0.000489297,0.7742/0.7248
He.F.3.L.B,B07,Heritage,dorm_sample,Bacteria,Bacteroidota,Bacteroidia,Cytophagales,Cytophagaceae,JACMQM01,JACMQM01 sp964454665,0.5,0.000489297,0.8162/0.8080
He.F.3.L.B,B07,Heritage,dorm_sample,Bacteria,Bacteroidota,Bacteroidia,B-17B0,Aurantibacillaceae,Aurantibacillus,Aurantibacillus sp044221905,0.5,0.000489297,0.8349/0.8278
He.F.3.L.B,B07,Heritage,dorm_sample,Bacteria,Verrucomicrobiota,Verrucomicrobiia,Verrucomicrobiales,Verrucomicrobiaceae,Prosthecobacter,Prosthecobacter sp044227185,0.5,0.000489297,0.8366/0.7864
He.F.3.L.B,B07,Heritage,dorm_sample,Bacteria,Pseudomonadota,Alphaproteobacteria,Sphingomonadales,Sphingomonadaceae,Novosphingobium,Novosphingobium sp902506425,0.5,0.000489297,0.8406/0.8047
He.F.3.L.B,B07,Heritage,dorm_sample,Bacteria,Bacteroidota,Bacteroidia,Chitinophagales,Chitinophagaceae,Rurimicrobium,Rurimicrobium sp041661485,0.5,0.000489297,0.8494/0.8366
He.F.3.L.B,B07,Heritage,dorm_sample,Bacteria,Pseudomonadota,Alphaproteobacteria,Reyranellales,Reyranellaceae,Reyranella,Reyranella sp004297265,0.5,0.000489297,0.8606/0.8444
He.F.3.L.B,B07,Heritage,dorm_sample,Bacteria,Pseudomonadota,Alphaproteobacteria,Reyranellales,Reyranellaceae,Reyranella,Reyranella sp964415585,0.5,0.000489297,0.8619/0.7814
He.F.3.L.B,B07,Heritage,dorm_sample,Bacteria,Pseudomonadota,Alphaproteobacteria,Reyranellales,Reyranellaceae,Reyranella,Reyranella sp965228225,0.5,0.000489297,0.8942/0.8794
He.F.3.L.B,B07,Heritage,dorm_sample,Bacteria,Pseudomonadota,Alphaproteobacteria,Caulobacterales,Caulobacteraceae,Brevundimonas,Brevundimonas sp027912535,0.5,0.000489297,0.9016/0.8787
He.F.3.L.B,B07,Heritage,dorm_sample,Bacteria,Pseudomonadota,Alphaproteobacteria,Caulobacterales,Caulobacteraceae,Phenylobacterium,Phenylobacterium sp040752615,0.5,0.000489297,0.9093/0.8960
He.F.3.L.B,B07,Heritage,dorm_sample,Bacteria,Pseudomonadota,Gammaproteobacteria,Burkholderiales,Burkholderiaceae_C,Aquabacterium,Aquabacterium sp049274795,0.5,0.000489297,0.9692/0.9657
He.F.3.L.B,B07,Heritage,dorm_sample,Bacteria,Pseudomonadota,Alphaproteobacteria,Rhizobiales,Beijerinckiaceae,Allobosea,Allobosea sp900112185,0.5,0.000489297,0.9733/0.9733
He.F.3.L.B,B07,Heritage,dorm_sample,Bacteria,Myxococcota,Myxococcia,Myxococcales,Myxococcaceae,Myxococcus,Myxococcus fulvus,0.5,0.000489297,0.9842/0.9767
He.F.3.L.B,B07,Heritage,dorm_sample,Bacteria,Pseudomonadota,Alphaproteobacteria,Caulobacterales,Caulobacteraceae,Brevundimonas,Brevundimonas sp001796045,0.5,0.000489297,0.9847/0.9790
He.F.3.L.B,B07,Heritage,dorm_sample,Bacteria,Pseudomonadota,Alphaproteobacteria,Acetobacterales,Acetobacteraceae,Roseomonas,Roseomonas sp037040815,0.5,0.000489297,0.9981/0.9981
He.F.3.L.B,B07,Heritage,dorm_sample,Bacteria,Pseudomonadota,Alphaproteobacteria,Micavibrionales,Micavibrionaceae,UBA1573,UBA1573 sp034005165,0.625,0.000611621,0.7542/0.7281
He.F.3.L.B,B07,Heritage,dorm_sample,Bacteria,Bdellovibrionota,Bacteriovoracia,Bacteriovoracales,Bacteriovoracaceae,UBA6144,UBA6144 sp036770305,0.625,0.000611621,0.7791/0.7445
He.F.3.L.B,B07,Heritage,dorm_sample,Bacteria,Armatimonadota,Fimbriimonadia,Fimbriimonadales,Fimbriimonadaceae,Fimbriimonas,Fimbriimonas ginsengisoli,0.625,0.000611621,0.7799/0.7362
He.F.3.L.B,B07,Heritage,dorm_sample,Bacteria,Pseudomonadota,Alphaproteobacteria,Caulobacterales,Caulobacteraceae,Phenylobacterium,Phenylobacterium sp001429025,0.625,0.000611621,0.8398/0.8044
He.F.3.L.B,B07,Heritage,dorm_sample,Bacteria,Actinomycetota,Actinomycetes,Actinomycetales,Microbacteriaceae,Pseudolysinimonas_A,Pseudolysinimonas_A sp947085045,0.625,0.000611621,0.8508/0.7736
He.F.3.L.B,B07,Heritage,dorm_sample,Bacteria,Pseudomonadota,Gammaproteobacteria,Burkholderiales,Burkholderiaceae,Imbroritus,Imbroritus primus,0.625,0.000611621,0.9071/0.9004
He.F.3.L.B,B07,Heritage,dorm_sample,Bacteria,Pseudomonadota,Alphaproteobacteria,Rhizobiales,Devosiaceae,Devosia_A,Devosia_A sp001402915,0.625,0.000611621,0.9148/0.8699
He.F.3.L.B,B07,Heritage,dorm_sample,Bacteria,Pseudomonadota,Alphaproteobacteria,Caulobacterales,Caulobacteraceae,Caulobacter,Caulobacter sp013181195,0.625,0.000611621,0.9277/0.8980
He.F.3.L.B,B07,Heritage,dorm_sample,Bacteria,Pseudomonadota,Gammaproteobacteria,Xanthomonadales,Xanthomonadaceae,Pseudoxanthomonas_A,Pseudoxanthomonas_A mexicana_A,0.625,0.000611621,0.9359/0.9339
He.F.3.L.B,B07,Heritage,dorm_sample,Bacteria,Bacteroidota,Bacteroidia,Chitinophagales,Chitinophagaceae,Rurimicrobium,Rurimicrobium sp016786525,0.625,0.000611621,0.9487/0.8716
He.F.3.L.B,B07,Heritage,dorm_sample,Bacteria,Pseudomonadota,Alphaproteobacteria,Caulobacterales,Caulobacteraceae,Brevundimonas,Brevundimonas colombiensis,0.625,0.000611621,0.9915/0.9910
He.F.3.L.B,B07,Heritage,dorm_sample,Bacteria,Vulcanimicrobiota,Xenobia,Xenobiales,JADMJV01,JAEXNA01,JAEXNA01 sp023447635,0.625,0.000611621,0.9979/0.9978
He.F.3.L.B,B07,Heritage,dorm_sample,Bacteria,Pseudomonadota,Alphaproteobacteria,Rhizobiales,Rhizobiaceae,Metarhizobium,Metarhizobium sp017305935,0.625,0.000611621,0.9984/0.9994
He.F.3.L.B,B07,Heritage,dorm_sample,Bacteria,Bacteroidota,Bacteroidia,Cytophagales,Cyclobacteriaceae,ELB16-189,ELB16-189 sp037200765,0.75,0.000733945,0.8411/0.8194
He.F.3.L.B,B07,Heritage,dorm_sample,Bacteria,Pseudomonadota,Alphaproteobacteria,Rhizobiales,Beijerinckiaceae,Enterovirga,Enterovirga rhinocerotis,0.75,0.000733945,0.8454/0.7848
He.F.3.L.B,B07,Heritage,dorm_sample,Bacteria,Pseudomonadota,Alphaproteobacteria,Caulobacterales,Caulobacteraceae,Phenylobacterium,Phenylobacterium koreense,0.75,0.000733945,0.8589/0.7892
He.F.3.L.B,B07,Heritage,dorm_sample,Bacteria,Bdellovibrionota,Bacteriovoracia,Bacteriovoracales,Bacteriovoracaceae,Peredibacter,Peredibacter sp040387275,0.75,0.000733945,0.8663/0.8156
He.F.3.L.B,B07,Heritage,dorm_sample,Bacteria,Bacteroidota,Bacteroidia,Chitinophagales,Chitinophagaceae,Pseudobacter,Pseudobacter ginsenosidimutans,0.75,0.000733945,0.8954/0.8849
He.F.3.L.B,B07,Heritage,dorm_sample,Bacteria,Actinomycetota,Actinomycetes,Actinomycetales,Microbacteriaceae,Pseudolysinimonas_A,Pseudolysinimonas_A sp023457615,0.75,0.000733945,0.9009/0.8847
He.F.3.L.B,B07,Heritage,dorm_sample,Bacteria,Pseudomonadota,Alphaproteobacteria,Sphingomonadales,Sphingomonadaceae,Sphingobium_A,Sphingobium_A colocasiae,0.75,0.000733945,0.9389/0.8922
He.F.3.L.B,B07,Heritage,dorm_sample,Bacteria,Pseudomonadota,Alphaproteobacteria,Rhizobiales,Rhizobiaceae,Agrobacterium,Agrobacterium sp943908365,0.75,0.000733945,0.9730/0.9705
He.F.3.L.B,B07,Heritage,dorm_sample,Bacteria,Pseudomonadota,Alphaproteobacteria,Rhizobiales,Rhizobiaceae,Agrobacterium,Agrobacterium cavarae,0.75,0.000733945,0.9820/0.9820
He.F.3.L.B,B07,Heritage,dorm_sample,Bacteria,Pseudomonadota,Gammaproteobacteria,Burkholderiales,Burkholderiaceae_C,Xenophilus,Xenophilus sp901875635,0.75,0.000733945,0.9882/0.9877
He.F.3.L.B,B07,Heritage,dorm_sample,Bacteria,Babelota,Babeliae,Babelales,Vermiphilaceae,Vermiphilus,Vermiphilus pyriformis,0.75,0.000733945,0.9995/0.9994
He.F.3.L.B,B07,Heritage,dorm_sample,Bacteria,Bdellovibrionota_B,Oligoflexia,Oligoflexales,CAZZCU01,CAZZCU01,CAZZCU01 sp964652825,0.875,0.000856269,0.7346/0.7053
He.F.3.L.B,B07,Heritage,dorm_sample,Bacteria,Bacteroidota,Bacteroidia,Cytophagales,Cytophagaceae,JACMQM01,JACMQM01 sp029237685,0.875,0.000856269,0.8646/0.8627
He.F.3.L.B,B07,Heritage,dorm_sample,Bacteria,Pseudomonadota,Alphaproteobacteria,Sphingomonadales,Sphingomonadaceae,Novosphingobium,Novosphingobium chloroacetimidivorans,0.875,0.000856269,0.8711/0.8289
He.F.3.L.B,B07,Heritage,dorm_sample,Bacteria,Pseudomonadota,Alphaproteobacteria,Rhizobiales,Rhizobiaceae,Arvimicrobium,Arvimicrobium sp023953845,0.875,0.000856269,0.8791/0.8471
He.F.3.L.B,B07,Heritage,dorm_sample,Bacteria,Pseudomonadota,Alphaproteobacteria,Caedimonadales,Caedimonadaceae,Paracaedimonas,Paracaedimonas sp001898725,0.875,0.000856269,0.8978/0.8896
He.F.3.L.B,B07,Heritage,dorm_sample,Bacteria,Pseudomonadota,Gammaproteobacteria,Burkholderiales,Burkholderiaceae_C,Acidovorax,Acidovorax sp034519795,0.875,0.000856269,0.9452/0.9385
He.F.3.L.B,B07,Heritage,dorm_sample,Bacteria,Pseudomonadota,Alphaproteobacteria,Rhizobiales,Rhizobiaceae,Allorhizobium,Allorhizobium rosettiformans,0.875,0.000856269,0.9794/0.9792
He.F.3.L.B,B07,Heritage,dorm_sample,Bacteria,Pseudomonadota,Alphaproteobacteria,Rhizobiales,Beijerinckiaceae,Allobosea,Allobosea eneae,0.875,0.000856269,0.9822/0.9819
He.F.3.L.B,B07,Heritage,dorm_sample,Bacteria,Pseudomonadota,Alphaproteobacteria,Sphingomonadales,Sphingomonadaceae,Sphingomonas,Sphingomonas taxi_B,0.875,0.000856269,0.9977/0.9977
He.F.3.L.B,B07,Heritage,dorm_sample,Bacteria,Pseudomonadota,Alphaproteobacteria,Sphingomonadales,Sphingomonadaceae,Sphingobium,Sphingobium yanoikuyae_A,0.875,0.000856269,0.9997/0.9997
He.F.3.L.B,B07,Heritage,dorm_sample,Bacteria,Pseudomonadota,Alphaproteobacteria,Micavibrionales,Micavibrionaceae,Micavibrio_B,Micavibrio_B sp964399985,1,0.000978593,0.8046/0.7863
He.F.3.L.B,B07,Heritage,dorm_sample,Bacteria,Bdellovibrionota,Bdellovibrionia,Bdellovibrionales,JAEYZS01,JAEYZS01,JAEYZS01 sp031374125,1,0.000978593,0.8195/0.7924
He.F.3.L.B,B07,Heritage,dorm_sample,Bacteria,Pseudomonadota,Alphaproteobacteria,Caulobacterales,Caulobacteraceae,Brevundimonas,Brevundimonas staleyi,1,0.000978593,0.9133/0.8754
He.F.3.L.B,B07,Heritage,dorm_sample,Bacteria,Pseudomonadota,Alphaproteobacteria,Rhodospirillales,Magnetospirillaceae,Magnetospirillum,Magnetospirillum sp024707145,1,0.000978593,0.9331/0.9195
He.F.3.L.B,B07,Heritage,dorm_sample,Bacteria,Pseudomonadota,Alphaproteobacteria,Rhizobiales,Beijerinckiaceae,Allobosea,Allobosea vestrisii,1,0.000978593,0.9906/0.9904
He.F.3.L.B,B07,Heritage,dorm_sample,Bacteria,Chlamydiota,Chlamydiia,Chlamydiales,Parachlamydiaceae,Protochlamydia,Protochlamydia amoebophila,1.125,0.001100917,0.7763/0.7542
He.F.3.L.B,B07,Heritage,dorm_sample,Bacteria,Pseudomonadota,Alphaproteobacteria,Paracaedibacterales,Paracaedibacteraceae,Paracaedibacter_A,Paracaedibacter_A sp020718185,1.125,0.001100917,0.7814/0.7460
He.F.3.L.B,B07,Heritage,dorm_sample,Bacteria,Pseudomonadota,Alphaproteobacteria,Rickettsiales,UBA3002,QFOX01,QFOX01 sp044237845,1.125,0.001100917,0.7941/0.7784
He.F.3.L.B,B07,Heritage,dorm_sample,Bacteria,Bacteroidota,Bacteroidia,Cytophagales,Cyclobacteriaceae,ELB16-189,ELB16-189 sp964490505,1.125,0.001100917,0.8584/0.8391
He.F.3.L.B,B07,Heritage,dorm_sample,Bacteria,Pseudomonadota,Alphaproteobacteria,Reyranellales,Reyranellaceae,Reyranella,Reyranella sp001897995,1.125,0.001100917,0.8931/0.8830
He.F.3.L.B,B07,Heritage,dorm_sample,Bacteria,Pseudomonadota,Gammaproteobacteria,Burkholderiales,Burkholderiaceae_C,Comamonas,Comamonas tsuruhatensis,1.125,0.001100917,0.9988/0.9988
He.F.3.L.B,B07,Heritage,dorm_sample,Bacteria,Bacteroidota,Bacteroidia,Flavobacteriales,Weeksellaceae,Chryseobacterium,Chryseobacterium salviniae,1.125,0.001100917,0.9993/0.9993
He.F.3.L.B,B07,Heritage,dorm_sample,Bacteria,Pseudomonadota,Gammaproteobacteria,Enterobacterales,Enterobacteriaceae,Citrobacter,Citrobacter freundii,1.125,0.001100917,0.9998/0.9998
He.F.3.L.B,B07,Heritage,dorm_sample,Bacteria,Bacteroidota,Bacteroidia,Chitinophagales,Chitinophagaceae,Pseudobacter,Pseudobacter sp051955275,1.25,0.001223242,0.9488/0.9310
He.F.3.L.B,B07,Heritage,dorm_sample,Bacteria,Pseudomonadota,Alphaproteobacteria,Rhizobiales,Beijerinckiaceae,Methylobacterium,Methylobacterium sp003173775,1.25,0.001223242,0.9826/0.9537
He.F.3.L.B,B07,Heritage,dorm_sample,Bacteria,Bacteroidota,Bacteroidia,Sphingobacteriales,Sphingobacteriaceae,Pedobacter,Pedobacter faecalis,1.375,0.001345566,0.9907/0.9907
He.F.3.L.B,B07,Heritage,dorm_sample,Bacteria,Pseudomonadota,Alphaproteobacteria,Caulobacterales,Caulobacteraceae,Brevundimonas,Brevundimonas aurantiaca,1.375,0.001345566,0.9920/0.9885
He.F.3.L.B,B07,Heritage,dorm_sample,Bacteria,Actinomycetota,Actinomycetes,Mycobacteriales,Mycobacteriaceae,Mycobacterium,Mycobacterium gwanakae,1.375,0.001345566,0.9996/0.9996
He.F.3.L.B,B07,Heritage,dorm_sample,Bacteria,Bacteroidota,Bacteroidia,B-17B0,Aurantibacillaceae,Aurantibacillus,Aurantibacillus circumpalustris,1.5,0.00146789,0.7664/0.7308
He.F.3.L.B,B07,Heritage,dorm_sample,Bacteria,Cyanobacteriota,Vampirovibrionia,Obscuribacterales,Obscuribacteraceae,JAFKGK01,JAFKGK01 sp017307165,1.625,0.001590214,0.9740/0.9731
He.F.3.L.B,B07,Heritage,dorm_sample,Bacteria,Chlamydiota,Chlamydiia,Chlamydiales,Parachlamydiaceae,JANWJE01,JANWJE01 sp044226925,1.875,0.001834862,0.7622/0.7300
He.F.3.L.B,B07,Heritage,dorm_sample,Bacteria,Pseudomonadota,Alphaproteobacteria,Acetobacterales,Acetobacteraceae,Roseomonas,Roseomonas rosea,1.875,0.001834862,0.9661/0.9604
He.F.3.L.B,B07,Heritage,dorm_sample,Bacteria,Pseudomonadota,Gammaproteobacteria,Burkholderiales,Rhodocyclaceae,Azospira,Azospira oryzae,1.875,0.001834862,0.9894/0.9894
He.F.3.L.B,B07,Heritage,dorm_sample,Bacteria,Bacteroidota,Bacteroidia,Flavobacteriales,Flavobacteriaceae,Flavobacterium,Flavobacterium microcysteis,2,0.001957187,0.9430/0.9262
He.F.3.L.B,B07,Heritage,dorm_sample,Bacteria,Pseudomonadota,Gammaproteobacteria,Xanthomonadales,Xanthomonadaceae,Pseudoxanthomonas_A,Pseudoxanthomonas_A sp014851815,2,0.001957187,0.9547/0.9473
He.F.3.L.B,B07,Heritage,dorm_sample,Bacteria,Pseudomonadota,Alphaproteobacteria,Caulobacterales,Caulobacteraceae,Brevundimonas,Brevundimonas vesicularis_D,2,0.001957187,0.9724/0.9721
He.F.3.L.B,B07,Heritage,dorm_sample,Bacteria,Pseudomonadota,Alphaproteobacteria,Rhizobiales,Xanthobacteraceae,Aquabacter,Aquabacter sp013911975,2.125,0.002079511,0.9701/0.9689
He.F.3.L.B,B07,Heritage,dorm_sample,Bacteria,Pseudomonadota,Alphaproteobacteria,43-37,43-37,43-37,43-37 sp001897475,2.25,0.002201835,0.7303/0.7110
He.F.3.L.B,B07,Heritage,dorm_sample,Bacteria,Bacteroidota,Bacteroidia,UKL13-3,UKL13-3,UBA6183,UBA6183 sp002422865,2.25,0.002201835,0.8224/0.8028
He.F.3.L.B,B07,Heritage,dorm_sample,Bacteria,Bacteroidota,Bacteroidia,Sphingobacteriales,Sphingobacteriaceae,Arcticibacter,Arcticibacter tournemirensis,2.25,0.002201835,0.9740/0.9669
He.F.3.L.B,B07,Heritage,dorm_sample,Bacteria,Pseudomonadota,Alphaproteobacteria,Sphingomonadales,Sphingomonadaceae,Sphingopyxis,Sphingopyxis sp035998905,2.25,0.002201835,0.9980/0.9967
He.F.3.L.B,B07,Heritage,dorm_sample,Bacteria,Pseudomonadota,Alphaproteobacteria,Rhizobiales,Beijerinckiaceae,Allobosea,Allobosea sp024655635,2.25,0.002201835,0.9981/0.9980
He.F.3.L.B,B07,Heritage,dorm_sample,Bacteria,Bacteroidota,Bacteroidia,UKL13-3,UKL13-3,UBA6183,UBA6183 sp040385895,2.5,0.002446483,0.8046/0.7815
He.F.3.L.B,B07,Heritage,dorm_sample,Bacteria,Pseudomonadota,Alphaproteobacteria,Caulobacterales,Caulobacteraceae,Brevundimonas,Brevundimonas vesicularis,2.5,0.002446483,0.9693/0.9692
He.F.3.L.B,B07,Heritage,dorm_sample,Bacteria,Pseudomonadota,Gammaproteobacteria,Burkholderiales,Burkholderiaceae_C,Acidovorax,Acidovorax sp046339755,2.5,0.002446483,0.9936/0.9936
He.F.3.L.B,B07,Heritage,dorm_sample,Bacteria,Bacteroidota,Bacteroidia,UKL13-3,UKL13-3,JAJTFA01,JAJTFA01 sp051715425,2.75,0.002691131,0.7827/0.7593
He.F.3.L.B,B07,Heritage,dorm_sample,Bacteria,Pseudomonadota,Alphaproteobacteria,Rickettsiales,UBA3002,QFOX01,QFOX01 sp003241645,3,0.00293578,0.7970/0.7498
He.F.3.L.B,B07,Heritage,dorm_sample,Bacteria,Bacteroidota,Bacteroidia,Chitinophagales,Chitinophagaceae,Polluticoccus,Polluticoccus sp004144175,3.125,0.003058104,0.8330/0.8089
He.F.3.L.B,B07,Heritage,dorm_sample,Bacteria,Pseudomonadota,Gammaproteobacteria,Burkholderiales,Burkholderiaceae_C,Ottowia,Ottowia testudinis,3.125,0.003058104,0.9035/0.8955
He.F.3.L.B,B07,Heritage,dorm_sample,Bacteria,Pseudomonadota,Gammaproteobacteria,Burkholderiales,Burkholderiaceae_C,Aquabacterium,Aquabacterium sp049322875,3.5,0.003425076,0.9696/0.9471
He.F.3.L.B,B07,Heritage,dorm_sample,Bacteria,Pseudomonadota,Alphaproteobacteria,Reyranellales,Reyranellaceae,Reyranella,Reyranella sp020160995,3.75,0.003669725,0.9512/0.9487
He.F.3.L.B,B07,Heritage,dorm_sample,Bacteria,Bacteroidota,Bacteroidia,UKL13-3,UKL13-3,UBA6183,UBA6183 sp964545895,4,0.003914373,0.7693/0.7504
He.F.3.L.B,B07,Heritage,dorm_sample,Bacteria,Pseudomonadota,Alphaproteobacteria,Caulobacterales,Caulobacteraceae,Phenylobacterium,Phenylobacterium sp964254345,4,0.003914373,0.9006/0.8824
He.F.3.L.B,B07,Heritage,dorm_sample,Bacteria,Pseudomonadota,Alphaproteobacteria,Rhizobiales,Beijerinckiaceae,Methylobacterium,Methylobacterium radiotolerans,4.125,0.004036697,0.9949/0.9946
He.F.3.L.B,B07,Heritage,dorm_sample,Bacteria,Planctomycetota,Planctomycetia,Pirellulales,Lacipirellulaceae,Lacipirellula,Lacipirellula parvula,4.375,0.004281346,0.9152/0.8624
He.F.3.L.B,B07,Heritage,dorm_sample,Bacteria,Pseudomonadota,Gammaproteobacteria,Burkholderiales,Burkholderiaceae_C,Pseudorhodoferax,Pseudorhodoferax sp001422365,4.375,0.004281346,0.9612/0.9605
He.F.3.L.B,B07,Heritage,dorm_sample,Bacteria,Bacteroidota,Bacteroidia,Chitinophagales,Chitinophagaceae,Niabella,Niabella sp052044285,4.625,0.004525994,0.9770/0.9430
He.F.3.L.B,B07,Heritage,dorm_sample,Bacteria,Pseudomonadota,Alphaproteobacteria,Caulobacterales,Caulobacteraceae,Phenylobacterium,Phenylobacterium sp031984885,4.75,0.004648318,0.8896/0.8415
He.F.3.L.B,B07,Heritage,dorm_sample,Bacteria,Bacteroidota,Bacteroidia,Cytophagales,Spirosomataceae,Dyadobacter,Dyadobacter fermentans_A,5,0.004892966,0.9889/0.9842
He.F.3.L.B,B07,Heritage,dorm_sample,Bacteria,Pseudomonadota,Alphaproteobacteria,Rickettsiales,UBA3002,QFOX01,QFOX01 sp965247335,5.375,0.005259939,0.8040/0.7835
He.F.3.L.B,B07,Heritage,dorm_sample,Bacteria,Actinomycetota,Actinomycetes,Actinomycetales,Microbacteriaceae,Homoserinibacter,Homoserinibacter sp001898835,5.5,0.005382263,0.9756/0.9214
He.F.3.L.B,B07,Heritage,dorm_sample,Bacteria,Pseudomonadota,Alphaproteobacteria,Rhizobiales,Rhizobiaceae,Shinella,Shinella sp001262505,5.5,0.005382263,0.9934/0.9933
He.F.3.L.B,B07,Heritage,dorm_sample,Bacteria,Pseudomonadota,Alphaproteobacteria,Rickettsiales,UBA3002,QFOX01,QFOX01 sp040377415,5.625,0.005504587,0.7975/0.7704
He.F.3.L.B,B07,Heritage,dorm_sample,Bacteria,Pseudomonadota,Alphaproteobacteria,Sphingomonadales,Sphingomonadaceae,Sphingopyxis,Sphingopyxis sp022701295,5.625,0.005504587,0.9926/0.9883
He.F.3.L.B,B07,Heritage,dorm_sample,Bacteria,Pseudomonadota,Gammaproteobacteria,Xanthomonadales,Xanthomonadaceae,Pseudoxanthomonas_A,Pseudoxanthomonas_A sp014851805,5.75,0.005626911,0.9382/0.9344
He.F.3.L.B,B07,Heritage,dorm_sample,Bacteria,Pseudomonadota,Alphaproteobacteria,Caulobacterales,Caulobacteraceae,Phenylobacterium,Phenylobacterium sp001724985,6.125,0.005993884,0.8747/0.8328
He.F.3.L.B,B07,Heritage,dorm_sample,Bacteria,Bacteroidota,Bacteroidia,B-17B0,Aurantibacillaceae,UBA4416,UBA4416 sp964543545,6.25,0.006116208,0.8250/0.7911
He.F.3.L.B,B07,Heritage,dorm_sample,Bacteria,Bacteroidota,Bacteroidia,B-17B0,Aurantibacillaceae,Aurantibacillus,Aurantibacillus sp002319075,6.75,0.006605505,0.8194/0.7950
He.F.3.L.B,B07,Heritage,dorm_sample,Bacteria,Pseudomonadota,Alphaproteobacteria,Rhodospirillales,Magnetospirillaceae,Magnetospirillum,Magnetospirillum sp023458315,6.75,0.006605505,0.9885/0.9638
He.F.3.L.B,B07,Heritage,dorm_sample,Bacteria,Bacteroidota,Bacteroidia,Flavobacteriales,Flavobacteriaceae,Flavobacterium,Flavobacterium sp026107645,7.25,0.007094801,0.9105/0.8933
He.F.3.L.B,B07,Heritage,dorm_sample,Bacteria,Pseudomonadota,Gammaproteobacteria,Burkholderiales,Burkholderiaceae_C,Pseudorhodoferax,Pseudorhodoferax sp032153935,7.25,0.007094801,0.9670/0.9553
He.F.3.L.B,B07,Heritage,dorm_sample,Bacteria,Pseudomonadota,Alphaproteobacteria,Reyranellales,Reyranellaceae,Reyranella,Reyranella massiliensis,7.625,0.007461774,0.9631/0.9618
He.F.3.L.B,B07,Heritage,dorm_sample,Bacteria,Pseudomonadota,Alphaproteobacteria,Caulobacterales,Caulobacteraceae,Brevundimonas,Brevundimonas sp963515305,8,0.007828746,0.9588/0.9484
He.F.3.L.B,B07,Heritage,dorm_sample,Bacteria,Pseudomonadota,Alphaproteobacteria,Caulobacterales,Caulobacteraceae,Brevundimonas,Brevundimonas vesicularis_E,8,0.007828746,0.9753/0.9640
He.F.3.L.B,B07,Heritage,dorm_sample,Bacteria,Pseudomonadota,Alphaproteobacteria,Paracaedibacterales,Paracaedibacteraceae,Paracaedibacter_A,Paracaedibacter_A symbiosus,8.25,0.008073394,0.8168/0.8029
He.F.3.L.B,B07,Heritage,dorm_sample,Bacteria,Pseudomonadota,Alphaproteobacteria,Sphingomonadales,Sphingomonadaceae,Sphingomonas,Sphingomonas sp964407945,8.25,0.008073394,0.9076/0.8542
He.F.3.L.B,B07,Heritage,dorm_sample,Bacteria,Pseudomonadota,Alphaproteobacteria,Rickettsiales,UBA3002,QFOX01,QFOX01 sp044341105,8.375,0.008195719,0.8068/0.7730
He.F.3.L.B,B07,Heritage,dorm_sample,Bacteria,Pseudomonadota,Gammaproteobacteria,Xanthomonadales,Xanthomonadaceae,Pseudoxanthomonas_A,Pseudoxanthomonas_A japonensis,8.5,0.008318043,0.9959/0.9956
He.F.3.L.B,B07,Heritage,dorm_sample,Bacteria,Bdellovibrionota,Bdellovibrionia,Bdellovibrionales,JAEYZS01,JAEYZS01,JAEYZS01 sp040386775,8.625,0.008440367,0.8153/0.7822
He.F.3.L.B,B07,Heritage,dorm_sample,Bacteria,Actinomycetota,Actinomycetes,Actinomycetales,Microbacteriaceae,Microbacterium,Microbacterium sp003248845,10.125,0.009908257,0.9865/0.9811
He.F.3.L.B,B07,Heritage,dorm_sample,Bacteria,Myxococcota_A,Polyangia,Polyangiales,Polyangiaceae,Labilithrix,Labilithrix sp046351255,10.375,0.01015291,0.8699/0.8166
He.F.3.L.B,B07,Heritage,dorm_sample,Bacteria,Pseudomonadota,Alphaproteobacteria,Sphingomonadales,Sphingomonadaceae,Sphingomonas,Sphingomonas sp036402235,11,0.01076453,0.8666/0.8329
He.F.3.L.B,B07,Heritage,dorm_sample,Bacteria,Pseudomonadota,Gammaproteobacteria,Burkholderiales,Burkholderiaceae_C,Ottowia,Ottowia sp018060485,12,0.01174312,0.9869/0.9868
He.F.3.L.B,B07,Heritage,dorm_sample,Bacteria,Pseudomonadota,Alphaproteobacteria,Caulobacterales,Caulobacteraceae,Brevundimonas,Brevundimonas pondensis,12,0.01174312,0.9927/0.9925
He.F.3.L.B,B07,Heritage,dorm_sample,Bacteria,Pseudomonadota,Gammaproteobacteria,Burkholderiales,Burkholderiaceae_C,Aquincola,Aquincola tertiaricarbonis_B,12.125,0.01186544,0.9892/0.9862
He.F.3.L.B,B07,Heritage,dorm_sample,Bacteria,Actinomycetota,Actinomycetes,Actinomycetales,Microbacteriaceae,Microbacterium,Microbacterium sufflavum,12.5,0.01223242,0.9965/0.9962
He.F.3.L.B,B07,Heritage,dorm_sample,Bacteria,Pseudomonadota,Alphaproteobacteria,Caulobacterales,Caulobacteraceae,Phenylobacterium,Phenylobacterium sp041919955,12.5,0.01223242,0.9966/0.9953
He.F.3.L.B,B07,Heritage,dorm_sample,Bacteria,Bacteroidota,Bacteroidia,B-17B0,Aurantibacillaceae,UBA4416,UBA4416 sp002390745,12.875,0.01259939,0.8864/0.8689
He.F.3.L.B,B07,Heritage,dorm_sample,Bacteria,Planctomycetota,Planctomycetia,Planctomycetales,Planctomycetaceae,Planctomyces_A,Planctomyces_A sp001610835,13.25,0.01296636,0.9788/0.9755
He.F.3.L.B,B07,Heritage,dorm_sample,Bacteria,Bdellovibrionota,Bdellovibrionia,Bdellovibrionales,JAEYZS01,CAUJDY01,CAUJDY01 sp963169805,14.125,0.01382263,0.7868/0.7601
He.F.3.L.B,B07,Heritage,dorm_sample,Bacteria,Bacteroidota,Bacteroidia,Sphingobacteriales,Sphingobacteriaceae,Pedobacter,Pedobacter chitinilyticus,17.375,0.01700306,0.9858/0.9842
He.F.3.L.B,B07,Heritage,dorm_sample,Bacteria,Bacteroidota,Bacteroidia,B-17B0,Aurantibacillaceae,UBA4416,UBA4416 sp943362175,17.5,0.01712538,0.8542/0.8134
He.F.3.L.B,B07,Heritage,dorm_sample,Bacteria,Pseudomonadota,Alphaproteobacteria,Sphingomonadales,Sphingomonadaceae,Sphingopyxis,Sphingopyxis sp014873485,17.75,0.01737003,0.9495/0.9153
He.F.3.L.B,B07,Heritage,dorm_sample,Bacteria,Pseudomonadota,Gammaproteobacteria,Xanthomonadales,Rhodanobacteraceae,Tahibacter,Tahibacter sp042701255,21.25,0.02079511,0.9284/0.9245
He.F.3.L.B,B07,Heritage,dorm_sample,Bacteria,Pseudomonadota,Alphaproteobacteria,Sphingomonadales,Sphingomonadaceae,Sphingopyxis,Sphingopyxis sp001468395,21.75,0.0212844,0.9814/0.9736
He.F.3.L.B,B07,Heritage,dorm_sample,Bacteria,Pseudomonadota,Alphaproteobacteria,Caulobacterales,Caulobacteraceae,Caulobacter,Caulobacter sp913776195,23.25,0.02275229,0.9735/0.9565
He.F.3.L.B,B07,Heritage,dorm_sample,Bacteria,Bacteroidota,Bacteroidia,Cytophagales,Cytophagaceae,Cytophaga,Cytophaga aurantiaca,26.375,0.0258104,0.9088/0.9047
He.F.3.L.B,B07,Heritage,dorm_sample,Bacteria,Pseudomonadota,Gammaproteobacteria,Xanthomonadales,Rhodanobacteraceae,Tahibacter,Tahibacter harae,33.875,0.03314985,0.8647/0.8243
He.F.3.L.B,B07,Heritage,dorm_sample,Bacteria,Pseudomonadota,Gammaproteobacteria,Burkholderiales,Burkholderiaceae_C,Acidovorax,Acidovorax temperans,34.625,0.03388379,0.9845/0.9841
He.F.3.L.B,B07,Heritage,dorm_sample,Bacteria,Pseudomonadota,Gammaproteobacteria,Xanthomonadales,Xanthomonadaceae,Pseudoxanthomonas_A,Pseudoxanthomonas_A mexicana,34.625,0.03388379,0.9944/0.9944
He.F.3.L.B,B07,Heritage,dorm_sample,Bacteria,Pseudomonadota,Alphaproteobacteria,Sphingomonadales,Sphingomonadaceae,Sphingomonas,Sphingomonas koreensis,42.625,0.04171254,0.9123/0.8728
He.F.3.L.B,B07,Heritage,dorm_sample,Bacteria,Bacteroidota,Bacteroidia,Chitinophagales,Chitinophagaceae,Paraflavitalea,Paraflavitalea pollutisoli,43.25,0.04232416,0.8784/0.8556
He.F.3.L.B,B07,Heritage,dorm_sample,Bacteria,unclassified Bacteria phylum,unclassified Bacteria class,unclassified Bacteria order,unclassified Bacteria family,unclassified Bacteria genus,unclassified Bacteria species,59.625,0.05834862,0.0000/0.0000
He.F.3.L.B,B07,Heritage,dorm_sample,Bacteria,Pseudomonadota,Gammaproteobacteria,Pseudomonadales,Moraxellaceae,Acinetobacter,Acinetobacter junii,59.875,0.05859327,0.9899/0.9866
He.F.3.L.B,B07,Heritage,dorm_sample,Bacteria,Actinomycetota,Actinomycetes,Mycobacteriales,Mycobacteriaceae,Mycobacterium,Mycobacterium phocaicum,136.375,0.1334557,0.9940/0.9897
Ea.F.2.L.A,C01,Earl,dorm_sample,Bacteria,Acidobacteriota,Blastocatellia,Pyrinomonadales,Pyrinomonadaceae,JALZHR01,JALZHR01 sp036388475,0.25,0.000344471,0.7765/0.7146
Ea.F.2.L.A,C01,Earl,dorm_sample,Bacteria,Bacteroidota,Bacteroidia,Cytophagales,UBA9547,UBA9547,UBA9547 sp025360395,0.25,0.000344471,0.7776/0.7643
Ea.F.2.L.A,C01,Earl,dorm_sample,Bacteria,Bdellovibrionota,UBA1018,UBA1018,UBA1018,CAVWVI01,CAVWVI01 sp963758495,0.25,0.000344471,0.7822/0.7643
Ea.F.2.L.A,C01,Earl,dorm_sample,Bacteria,Pseudomonadota,Alphaproteobacteria,Azospirillales,Azospirillaceae,Azospirillum,Azospirillum brasilense_G,0.25,0.000344471,0.7896/0.7647
Ea.F.2.L.A,C01,Earl,dorm_sample,Bacteria,Acidobacteriota,Blastocatellia,Pyrinomonadales,Pyrinomonadaceae,OLB17,OLB17 sp016789265,0.25,0.000344471,0.7908/0.7630
Ea.F.2.L.A,C01,Earl,dorm_sample,Bacteria,Bdellovibrionota,Bdellovibrionia,Bdellovibrionales,Bdellovibrionaceae,JAHBUW01,JAHBUW01 sp019637875,0.25,0.000344471,0.7921/0.7791
Ea.F.2.L.A,C01,Earl,dorm_sample,Bacteria,Patescibacteriota,Saccharimonadia,Saccharimonadales,Saccharimonadaceae,Microsaccharimonas,Microsaccharimonas sp050730895,0.25,0.000344471,0.7991/0.7827
Ea.F.2.L.A,C01,Earl,dorm_sample,Bacteria,Cyanobacteriota,Sericytochromatia,UBA7694,UBA7694,CAJYHH01,CAJYHH01 sp913773825,0.25,0.000344471,0.8003/0.7787
Ea.F.2.L.A,C01,Earl,dorm_sample,Bacteria,Bdellovibrionota,Bdellovibrionia,Bdellovibrionales,UBA1609,JALHOQ01,JALHOQ01 sp964628445,0.25,0.000344471,0.8041/0.7855
Ea.F.2.L.A,C01,Earl,dorm_sample,Bacteria,Myxococcota_A,Polyangia,Polyangiales,Polyangiaceae,CAITLX01,CAITLX01 sp903893335,0.25,0.000344471,0.8200/0.8005
Ea.F.2.L.A,C01,Earl,dorm_sample,Bacteria,Verrucomicrobiota,Verrucomicrobiia,Verrucomicrobiales,Akkermansiaceae,Luteolibacter,Luteolibacter sp019634595,0.25,0.000344471,0.8241/0.8047
Ea.F.2.L.A,C01,Earl,dorm_sample,Bacteria,Planctomycetota,Planctomycetia,Planctomycetales,Planctomycetaceae,Caulifigura,Caulifigura coniformis,0.25,0.000344471,0.8363/0.8074
Ea.F.2.L.A,C01,Earl,dorm_sample,Bacteria,Pseudomonadota,Alphaproteobacteria,Rhizobiales,Rhizobiaceae,Arvimicrobium,Arvimicrobium flavum,0.25,0.000344471,0.8365/0.7617
Ea.F.2.L.A,C01,Earl,dorm_sample,Bacteria,Bacteroidota,Bacteroidia,Sphingobacteriales,Sphingobacteriaceae,JAIPAN01,JAIPAN01 sp947463785,0.25,0.000344471,0.8549/0.8535
Ea.F.2.L.A,C01,Earl,dorm_sample,Bacteria,Pseudomonadota,Gammaproteobacteria,Xanthomonadales,Xanthomonadaceae,JALCLA01,JALCLA01 sp022647565,0.25,0.000344471,0.8603/0.8399
Ea.F.2.L.A,C01,Earl,dorm_sample,Bacteria,Pseudomonadota,Alphaproteobacteria,Caulobacterales,Caulobacteraceae,Phenylobacterium,Phenylobacterium sp004299445,0.25,0.000344471,0.8683/0.8357
Ea.F.2.L.A,C01,Earl,dorm_sample,Bacteria,Cyanobacteriota,Vampirovibrionia,Obscuribacterales,Obscuribacteraceae,Ga0077546,Ga0077546 sp965229195,0.25,0.000344471,0.8703/0.8506
Ea.F.2.L.A,C01,Earl,dorm_sample,Bacteria,Pseudomonadota,Alphaproteobacteria,Sphingomonadales,Sphingomonadaceae,Sphingomonas,Sphingomonas corticis,0.25,0.000344471,0.8705/0.8598
Ea.F.2.L.A,C01,Earl,dorm_sample,Bacteria,Pseudomonadota,Alphaproteobacteria,Caulobacterales,Hyphomonadaceae,UBA7672,UBA7672 sp036733305,0.25,0.000344471,0.8740/0.8691
Ea.F.2.L.A,C01,Earl,dorm_sample,Bacteria,Pseudomonadota,Alphaproteobacteria,Caulobacterales,Hyphomonadaceae,UBA7672,UBA7672 sp965229115,0.25,0.000344471,0.8742/0.8375
Ea.F.2.L.A,C01,Earl,dorm_sample,Bacteria,Pseudomonadota,Alphaproteobacteria,Sphingomonadales,Sphingomonadaceae,Sphingomonas,Sphingomonas adhaesiva_B,0.25,0.000344471,0.8951/0.8838
Ea.F.2.L.A,C01,Earl,dorm_sample,Bacteria,Pseudomonadota,Alphaproteobacteria,Acetobacterales,Acetobacteraceae,Neoroseomonas,Neoroseomonas oryzicola,0.25,0.000344471,0.8996/0.8896
Ea.F.2.L.A,C01,Earl,dorm_sample,Bacteria,Pseudomonadota,Alphaproteobacteria,Caulobacterales,Caulobacteraceae,Caulobacter,Caulobacter flavus,0.25,0.000344471,0.9071/0.7408
Ea.F.2.L.A,C01,Earl,dorm_sample,Bacteria,Pseudomonadota,Alphaproteobacteria,Sphingomonadales,Sphingomonadaceae,Novosphingobium,Novosphingobium sp025938095,0.25,0.000344471,0.9107/0.9008
Ea.F.2.L.A,C01,Earl,dorm_sample,Bacteria,Planctomycetota,Planctomycetia,Pirellulales,Lacipirellulaceae,Lacipirellula,Lacipirellula sp965279485,0.25,0.000344471,0.9163/0.8939
Ea.F.2.L.A,C01,Earl,dorm_sample,Bacteria,Pseudomonadota,Alphaproteobacteria,Sphingomonadales,Sphingomonadaceae,Sphingomonas,Sphingomonas sp964407945,0.25,0.000344471,0.9183/0.9124
Ea.F.2.L.A,C01,Earl,dorm_sample,Bacteria,Pseudomonadota,Alphaproteobacteria,Rhizobiales,Beijerinckiaceae,Allobosea,Allobosea beijingensis,0.25,0.000344471,0.9234/0.8356
Ea.F.2.L.A,C01,Earl,dorm_sample,Bacteria,Pseudomonadota,Alphaproteobacteria,Sphingomonadales,Sphingomonadaceae,Sphingomonas,Sphingomonas ginsenosidimutans,0.25,0.000344471,0.9263/0.9129
Ea.F.2.L.A,C01,Earl,dorm_sample,Bacteria,Myxococcota_A,Polyangia,Polyangiales,Polyangiaceae,Labilithrix,Labilithrix sp019637195,0.25,0.000344471,0.9365/0.9219
Ea.F.2.L.A,C01,Earl,dorm_sample,Bacteria,Pseudomonadota,Alphaproteobacteria,Caulobacterales,Caulobacteraceae,Phenylobacterium,Phenylobacterium sp040752615,0.25,0.000344471,0.9368/0.9318
Ea.F.2.L.A,C01,Earl,dorm_sample,Bacteria,Pseudomonadota,Gammaproteobacteria,Xanthomonadales,Xanthomonadaceae,Pseudoxanthomonas_A,Pseudoxanthomonas_A sp014851805,0.25,0.000344471,0.9506/0.9450
Ea.F.2.L.A,C01,Earl,dorm_sample,Bacteria,Pseudomonadota,Alphaproteobacteria,Caulobacterales,Caulobacteraceae,Phenylobacterium,Phenylobacterium sp030654915,0.25,0.000344471,0.9532/0.9529
Ea.F.2.L.A,C01,Earl,dorm_sample,Bacteria,Pseudomonadota,Alphaproteobacteria,Rhizobiales,Xanthobacteraceae,Bradyrhizobium,Bradyrhizobium sp035575945,0.25,0.000344471,0.9618/0.9477
Ea.F.2.L.A,C01,Earl,dorm_sample,Bacteria,Pseudomonadota,Gammaproteobacteria,Legionellales,Legionellaceae,Legionella,Legionella sp002352055,0.25,0.000344471,0.9647/0.9638
Ea.F.2.L.A,C01,Earl,dorm_sample,Bacteria,Pseudomonadota,Alphaproteobacteria,Acetobacterales,Acetobacteraceae,Roseomonas,Roseomonas rosea,0.25,0.000344471,0.9723/0.9709
Ea.F.2.L.A,C01,Earl,dorm_sample,Bacteria,Pseudomonadota,Alphaproteobacteria,Rhizobiales,Hyphomicrobiaceae,Hyphomicrobium_A,Hyphomicrobium_A sp030148725,0.25,0.000344471,0.9802/0.9801
Ea.F.2.L.A,C01,Earl,dorm_sample,Bacteria,Pseudomonadota,Gammaproteobacteria,Burkholderiales,Burkholderiaceae_C,MR-S7,MR-S7 sp000400995,0.25,0.000344471,0.9914/0.9913
Ea.F.2.L.A,C01,Earl,dorm_sample,Bacteria,Pseudomonadota,Alphaproteobacteria,Sphingomonadales,Sphingomonadaceae,Sphingomonas,Sphingomonas hankookensis_A,0.25,0.000344471,0.9993/0.9993
Ea.F.2.L.A,C01,Earl,dorm_sample,Bacteria,Actinomycetota,Actinomycetes,Actinomycetales,Microbacteriaceae,Agromyces,Agromyces mediolanus_A,0.25,0.000344471,0.9995/0.9995
Ea.F.2.L.A,C01,Earl,dorm_sample,Bacteria,Bacteroidota,Bacteroidia,Cytophagales,Hymenobacteraceae,Nibribacter,Nibribacter ruber_C,0.375,0.000516707,0.7725/0.7665
Ea.F.2.L.A,C01,Earl,dorm_sample,Bacteria,Bdellovibrionota,Bdellovibrionia,Bdellovibrionales,UBA1609,JALHOQ01,JALHOQ01 sp019637855,0.375,0.000516707,0.7754/0.7331
Ea.F.2.L.A,C01,Earl,dorm_sample,Bacteria,Pseudomonadota,Alphaproteobacteria,Rickettsiales,SXRF01,SXRF01,SXRF01 sp964624555,0.375,0.000516707,0.7913/0.7417
Ea.F.2.L.A,C01,Earl,dorm_sample,Bacteria,Cyanobacteriota,Vampirovibrionia,Obscuribacterales,Obscuribacteraceae,Ga0077546,Ga0077546 sp036170915,0.375,0.000516707,0.8004/0.7639
Ea.F.2.L.A,C01,Earl,dorm_sample,Bacteria,Pseudomonadota,Alphaproteobacteria,Rhizobiales,Hyphomicrobiaceae,JAKAXS01,JAKAXS01 sp030655135,0.375,0.000516707,0.8109/0.7864
Ea.F.2.L.A,C01,Earl,dorm_sample,Bacteria,Acidobacteriota,Blastocatellia,Pyrinomonadales,Pyrinomonadaceae,G965247235,G965247235 sp965247235,0.375,0.000516707,0.8218/0.7863
Ea.F.2.L.A,C01,Earl,dorm_sample,Bacteria,Planctomycetota,Planctomycetia,Pirellulales,PNKZ01,PNKZ01,PNKZ01 sp021413845,0.375,0.000516707,0.8285/0.7919
Ea.F.2.L.A,C01,Earl,dorm_sample,Bacteria,Bacteroidota,Bacteroidia,Chitinophagales,Chitinophagaceae,UBA5543,UBA5543 sp964464965,0.375,0.000516707,0.8366/0.8169
Ea.F.2.L.A,C01,Earl,dorm_sample,Bacteria,Pseudomonadota,Alphaproteobacteria,Micavibrionales,UBA2020,JAEXMB01,JAEXMB01 sp023444705,0.375,0.000516707,0.8389/0.7735
Ea.F.2.L.A,C01,Earl,dorm_sample,Bacteria,Pseudomonadota,Alphaproteobacteria,Sphingomonadales,Sphingomonadaceae,Sandaracinobacteroides,Sandaracinobacteroides sayramense,0.375,0.000516707,0.8519/0.8186
Ea.F.2.L.A,C01,Earl,dorm_sample,Bacteria,Actinomycetota,Acidimicrobiia,Acidimicrobiales,Microtrichaceae,JAFAFN01,JAFAFN01 sp963707555,0.375,0.000516707,0.8535/0.8083
Ea.F.2.L.A,C01,Earl,dorm_sample,Bacteria,Acidobacteriota,Vicinamibacteria,Vicinamibacterales,Vicinamibacteraceae,CAWJAP01,CAWJAP01 sp963840865,0.375,0.000516707,0.8603/0.8144
Ea.F.2.L.A,C01,Earl,dorm_sample,Bacteria,Pseudomonadota,Alphaproteobacteria,Caulobacterales,Caulobacteraceae,Phenylobacterium,Phenylobacterium sp041913825,0.375,0.000516707,0.8726/0.8507
Ea.F.2.L.A,C01,Earl,dorm_sample,Bacteria,Pseudomonadota,Alphaproteobacteria,Rhizobiales,Rhizobiaceae,Kumtagia,Kumtagia ephedrae,0.375,0.000516707,0.8915/0.8653
Ea.F.2.L.A,C01,Earl,dorm_sample,Bacteria,Pseudomonadota,Alphaproteobacteria,Rhizobiales,Devosiaceae,Devosia_A,Devosia_A sp001899085,0.375,0.000516707,0.9269/0.8917
Ea.F.2.L.A,C01,Earl,dorm_sample,Bacteria,Pseudomonadota,Gammaproteobacteria,Burkholderiales,Burkholderiaceae_C,JAGOCV01,JAGOCV01 sp017307855,0.375,0.000516707,0.9288/0.9274
Ea.F.2.L.A,C01,Earl,dorm_sample,Bacteria,Pseudomonadota,Alphaproteobacteria,Rhizobiales,Rhizobiaceae,Shinella,Shinella granuli,0.375,0.000516707,0.9317/0.9271
Ea.F.2.L.A,C01,Earl,dorm_sample,Bacteria,Pseudomonadota,Alphaproteobacteria,Reyranellales,Reyranellaceae,Reyranella,Reyranella sp965228225,0.375,0.000516707,0.9404/0.9379
Ea.F.2.L.A,C01,Earl,dorm_sample,Bacteria,Pseudomonadota,Gammaproteobacteria,Burkholderiales,Burkholderiaceae,Imbroritus,Imbroritus primus,0.375,0.000516707,0.9450/0.9420
Ea.F.2.L.A,C01,Earl,dorm_sample,Bacteria,Pseudomonadota,Alphaproteobacteria,Rhizobiales,Beijerinckiaceae,Allobosea,Allobosea eneae,0.375,0.000516707,0.9633/0.9548
Ea.F.2.L.A,C01,Earl,dorm_sample,Bacteria,Pseudomonadota,Alphaproteobacteria,Rhizobiales,Xanthobacteraceae,Xanthobacter,Xanthobacter sp023442085,0.375,0.000516707,0.9766/0.9766
Ea.F.2.L.A,C01,Earl,dorm_sample,Bacteria,Actinomycetota,Actinomycetes,Actinomycetales,Microbacteriaceae,Microbacterium,Microbacterium sp003248845,0.375,0.000516707,0.9809/0.9781
Ea.F.2.L.A,C01,Earl,dorm_sample,Bacteria,Pseudomonadota,Alphaproteobacteria,Sphingomonadales,Sphingomonadaceae,Sphingomonas,Sphingomonas sp900109205,0.375,0.000516707,0.9928/0.9774
Ea.F.2.L.A,C01,Earl,dorm_sample,Bacteria,Pseudomonadota,Alphaproteobacteria,Sphingomonadales,Sphingomonadaceae,Sphingomonas,Sphingomonas sp943913195,0.375,0.000516707,0.9939/0.9939
Ea.F.2.L.A,C01,Earl,dorm_sample,Bacteria,Actinomycetota,Actinomycetes,Propionibacteriales,Propionibacteriaceae,Micropruina,Micropruina sonneratiae,0.375,0.000516707,0.9948/0.9934
Ea.F.2.L.A,C01,Earl,dorm_sample,Bacteria,Bacteroidota,Bacteroidia,Cytophagales,Spirosomataceae,Larkinella,Larkinella sp006149005,0.375,0.000516707,0.9966/0.9960
Ea.F.2.L.A,C01,Earl,dorm_sample,Bacteria,Pseudomonadota,Alphaproteobacteria,Caulobacterales,Caulobacteraceae,Brevundimonas,Brevundimonas pondensis,0.375,0.000516707,0.9985/0.9985
Ea.F.2.L.A,C01,Earl,dorm_sample,Bacteria,Pseudomonadota,Alphaproteobacteria,Rhizobiales,Hyphomicrobiaceae,Hyphomicrobium_C,Hyphomicrobium_C sp019744875,0.375,0.000516707,0.9986/0.9983
Ea.F.2.L.A,C01,Earl,dorm_sample,Bacteria,Pseudomonadota,Gammaproteobacteria,Burkholderiales,Burkholderiaceae_C,Comamonas,Comamonas tsuruhatensis,0.375,0.000516707,0.9995/0.9995
Ea.F.2.L.A,C01,Earl,dorm_sample,Bacteria,Pseudomonadota,Alphaproteobacteria,Rhizobiales,Rhizobiaceae,Agrobacterium,Agrobacterium oryzihabitans,0.375,0.000516707,0.9997/0.9997
Ea.F.2.L.A,C01,Earl,dorm_sample,Bacteria,Pseudomonadota,Alphaproteobacteria,Paracaedibacterales,Paracaedibacteraceae,Paracaedibacter_A,Paracaedibacter_A symbiosus,0.5,0.000688943,0.7636/0.7353
Ea.F.2.L.A,C01,Earl,dorm_sample,Bacteria,Bacteroidota,Bacteroidia,Cytophagales,UBA9547,UBA9547,UBA9547 sp014376535,0.5,0.000688943,0.7717/0.7524
Ea.F.2.L.A,C01,Earl,dorm_sample,Bacteria,Bacteroidota,Bacteroidia,UKL13-3,UKL13-3,UBA6183,UBA6183 sp943372215,0.5,0.000688943,0.7721/0.7583
Ea.F.2.L.A,C01,Earl,dorm_sample,Bacteria,Pseudomonadota,Alphaproteobacteria,Micavibrionales,Micavibrionaceae,JAZKGA01,JAZKGA01 sp040386235,0.5,0.000688943,0.7851/0.7655
Ea.F.2.L.A,C01,Earl,dorm_sample,Bacteria,Bdellovibrionota,Bdellovibrionia,Bdellovibrionales,UBA1609,UBA6776,UBA6776 sp002453155,0.5,0.000688943,0.7854/0.7628
Ea.F.2.L.A,C01,Earl,dorm_sample,Bacteria,Acidobacteriota,Blastocatellia,Pyrinomonadales,Pyrinomonadaceae,GCA-002050365,GCA-002050365 sp964244835,0.5,0.000688943,0.7919/0.7597
Ea.F.2.L.A,C01,Earl,dorm_sample,Bacteria,Bdellovibrionota,Bacteriovoracia,Bacteriovoracales,Bacteriovoracaceae,Peredibacter,Peredibacter sp045999315,0.5,0.000688943,0.8033/0.7795
Ea.F.2.L.A,C01,Earl,dorm_sample,Bacteria,Bdellovibrionota,Bdellovibrionia,Bdellovibrionales,UBA1609,JALHOQ01,JALHOQ01 sp947444305,0.5,0.000688943,0.8040/0.7770
Ea.F.2.L.A,C01,Earl,dorm_sample,Bacteria,Bacteroidota,Bacteroidia,Cytophagales,Cyclobacteriaceae,Chryseolinea,Chryseolinea sp035489615,0.5,0.000688943,0.8248/0.8048
Ea.F.2.L.A,C01,Earl,dorm_sample,Bacteria,Bacteroidota,Bacteroidia,Chitinophagales,Chitinophagaceae,Agriterribacter,Agriterribacter sp051958655,0.5,0.000688943,0.8290/0.8201
Ea.F.2.L.A,C01,Earl,dorm_sample,Bacteria,Pseudomonadota,Alphaproteobacteria,Micavibrionales,UBA2020,JAEXMB01,JAEXMB01 sp027483355,0.5,0.000688943,0.8550/0.8427
Ea.F.2.L.A,C01,Earl,dorm_sample,Bacteria,Pseudomonadota,Alphaproteobacteria,Rhizobiales,Hyphomicrobiaceae,JAKAXS01,JAKAXS01 sp963846845,0.5,0.000688943,0.8668/0.8521
Ea.F.2.L.A,C01,Earl,dorm_sample,Bacteria,Pseudomonadota,Gammaproteobacteria,Xanthomonadales,Xanthomonadaceae,Chiayiivirga,Chiayiivirga flava,0.5,0.000688943,0.8779/0.8289
Ea.F.2.L.A,C01,Earl,dorm_sample,Bacteria,Pseudomonadota,Alphaproteobacteria,Sphingomonadales,Sphingomonadaceae,Sphingomonas,Sphingomonas sp036402235,0.5,0.000688943,0.8821/0.8646
Ea.F.2.L.A,C01,Earl,dorm_sample,Bacteria,Pseudomonadota,Alphaproteobacteria,Rhizobiales,Xanthobacteraceae,Bradyrhizobium,Bradyrhizobium sp963731915,0.5,0.000688943,0.8949/0.8811
Ea.F.2.L.A,C01,Earl,dorm_sample,Bacteria,Planctomycetota,Planctomycetia,Pirellulales,JALHPA01,JANRLT01,JANRLT01 sp041736895,0.5,0.000688943,0.8995/0.8572
Ea.F.2.L.A,C01,Earl,dorm_sample,Bacteria,Myxococcota_A,Polyangia,Polyangiales,Polyangiaceae,Labilithrix,Labilithrix sp023402175,0.5,0.000688943,0.9095/0.8354
Ea.F.2.L.A,C01,Earl,dorm_sample,Bacteria,Pseudomonadota,Alphaproteobacteria,Caulobacterales,Caulobacteraceae,Phenylobacterium,Phenylobacterium sp030680185,0.5,0.000688943,0.9337/0.9262
Ea.F.2.L.A,C01,Earl,dorm_sample,Bacteria,Pseudomonadota,Alphaproteobacteria,Rhizobiales,Xanthobacteraceae,Xanthobacter,Xanthobacter flavus_A,0.5,0.000688943,0.9709/0.9683
Ea.F.2.L.A,C01,Earl,dorm_sample,Bacteria,Bacteroidota,Bacteroidia,Cytophagales,Spirosomataceae,Dyadobacter,Dyadobacter sp001898145,0.5,0.000688943,0.9983/0.9983
Ea.F.2.L.A,C01,Earl,dorm_sample,Bacteria,Bdellovibrionota,Bdellovibrionia,Bdellovibrionales,JAMPXM01,JAZKJB01,JAZKJB01 sp040384505,0.625,0.000861178,0.7955/0.7565
Ea.F.2.L.A,C01,Earl,dorm_sample,Bacteria,Pseudomonadota,Alphaproteobacteria,Micavibrionales,UBA2020,JAPWJZ01,JAPWJZ01 sp029945425,0.625,0.000861178,0.7986/0.7666
Ea.F.2.L.A,C01,Earl,dorm_sample,Bacteria,Pseudomonadota,Alphaproteobacteria,Rickettsiales,UBA3002,QFOX01,QFOX01 sp003241645,0.625,0.000861178,0.7993/0.7447
Ea.F.2.L.A,C01,Earl,dorm_sample,Bacteria,Myxococcota_A,Polyangia,Polyangiales,Sandaracinaceae,Sandaracinus,Sandaracinus amylolyticus_A,0.625,0.000861178,0.8474/0.7836
Ea.F.2.L.A,C01,Earl,dorm_sample,Bacteria,Pseudomonadota,Alphaproteobacteria,Sphingomonadales,Sphingomonadaceae,Sphingomonas,Sphingomonas sp042096015,0.625,0.000861178,0.8553/0.8260
Ea.F.2.L.A,C01,Earl,dorm_sample,Bacteria,Cyanobacteriota,Vampirovibrionia,Obscuribacterales,Obscuribacteraceae,Ga0077546,Ga0077546 sp943370275,0.625,0.000861178,0.8606/0.8422
Ea.F.2.L.A,C01,Earl,dorm_sample,Bacteria,Actinomycetota,Actinomycetes,Actinomycetales,Microbacteriaceae,Rhodoglobus,Rhodoglobus soli,0.625,0.000861178,0.8782/0.8673
Ea.F.2.L.A,C01,Earl,dorm_sample,Bacteria,Actinomycetota,Actinomycetes,Actinomycetales,Microbacteriaceae,Pseudolysinimonas_A,Pseudolysinimonas_A sp947085045,0.625,0.000861178,0.8875/0.8476
Ea.F.2.L.A,C01,Earl,dorm_sample,Bacteria,Pseudomonadota,Alphaproteobacteria,Sphingomonadales,Sphingomonadaceae,Sphingopyxis,Sphingopyxis sp036402335,0.625,0.000861178,0.8910/0.8869
Ea.F.2.L.A,C01,Earl,dorm_sample,Bacteria,Chloroflexota,Anaerolineae,Aggregatilineales,Phototrophicaceae,CFX2,CFX2 sp027492915,0.625,0.000861178,0.9002/0.7448
Ea.F.2.L.A,C01,Earl,dorm_sample,Bacteria,Bacteroidota,Bacteroidia,Cytophagales,Spirosomataceae,Dyadobacter,Dyadobacter bucti,0.625,0.000861178,0.9251/0.9013
Ea.F.2.L.A,C01,Earl,dorm_sample,Bacteria,Planctomycetota,Planctomycetia,Pirellulales,PALSA-1355,JALHMI01,JALHMI01 sp022844125,0.625,0.000861178,0.9262/0.9204
Ea.F.2.L.A,C01,Earl,dorm_sample,Bacteria,Pseudomonadota,Alphaproteobacteria,Rhizobiales,Aestuariivirgaceae,Taklimakanibacter,Taklimakanibacter albus,0.625,0.000861178,0.9352/0.9316
Ea.F.2.L.A,C01,Earl,dorm_sample,Bacteria,Pseudomonadota,Alphaproteobacteria,Rhizobiales,Beijerinckiaceae,Allobosea,Allobosea sp024655635,0.625,0.000861178,0.9644/0.9163
Ea.F.2.L.A,C01,Earl,dorm_sample,Bacteria,Bdellovibrionota,Bdellovibrionia,Bdellovibrionales,Bdellovibrionaceae,JAHBUS01,JAHBUS01 sp019637955,0.625,0.000861178,0.9882/0.9719
Ea.F.2.L.A,C01,Earl,dorm_sample,Bacteria,Bacteroidota,Bacteroidia,Flavobacteriales,Weeksellaceae,DAMDNI01,DAMDNI01 sp032083825,0.625,0.000861178,0.9920/0.9425
Ea.F.2.L.A,C01,Earl,dorm_sample,Bacteria,Pseudomonadota,Alphaproteobacteria,Caulobacterales,Caulobacteraceae,Brevundimonas,Brevundimonas diminuta,0.625,0.000861178,0.9986/0.9986
Ea.F.2.L.A,C01,Earl,dorm_sample,Bacteria,Pseudomonadota,Alphaproteobacteria,JAIXQD01,JAIXQD01,CBDFFX01,CBDFFX01 sp965246895,0.75,0.001033414,0.7600/0.7254
Ea.F.2.L.A,C01,Earl,dorm_sample,Bacteria,Bdellovibrionota,UBA1018,CAIPTA01,CAIPTA01,JAKFYM01,JAKFYM01 sp036559405,0.75,0.001033414,0.7708/0.7489
Ea.F.2.L.A,C01,Earl,dorm_sample,Bacteria,Bdellovibrionota,Bacteriovoracia,Bacteriovoracales,Bacteriovoracaceae,Peredibacter,Peredibacter sp040387275,0.75,0.001033414,0.8420/0.8063
Ea.F.2.L.A,C01,Earl,dorm_sample,Bacteria,Pseudomonadota,Alphaproteobacteria,Caulobacterales,Caulobacteraceae,Phenylobacterium,Phenylobacterium sp965284355,0.75,0.001033414,0.8747/0.8352
Ea.F.2.L.A,C01,Earl,dorm_sample,Bacteria,Bacteroidota,Bacteroidia,Cytophagales,Cyclobacteriaceae,UBA2336,UBA2336 sp964538575,0.75,0.001033414,0.8753/0.8731
Ea.F.2.L.A,C01,Earl,dorm_sample,Bacteria,Pseudomonadota,Alphaproteobacteria,Rhizobiales,Hyphomicrobiaceae,JAKAXS01,JAKAXS01 sp965279065,0.75,0.001033414,0.8819/0.8634
Ea.F.2.L.A,C01,Earl,dorm_sample,Bacteria,Pseudomonadota,Gammaproteobacteria,Xanthomonadales,Xanthomonadaceae,Lysobacter,Lysobacter capsici_A,0.75,0.001033414,0.9111/0.8742
Ea.F.2.L.A,C01,Earl,dorm_sample,Bacteria,Pseudomonadota,Alphaproteobacteria,Caulobacterales,Caulobacteraceae,Phenylobacterium,Phenylobacterium sp023445705,0.75,0.001033414,0.9207/0.9060
Ea.F.2.L.A,C01,Earl,dorm_sample,Bacteria,Pseudomonadota,Alphaproteobacteria,Sphingomonadales,Sphingomonadaceae,Sphingopyxis,Sphingopyxis sp966250105,0.75,0.001033414,0.9419/0.9402
Ea.F.2.L.A,C01,Earl,dorm_sample,Bacteria,Pseudomonadota,Alphaproteobacteria,Rhizobiales,Aestuariivirgaceae,Taklimakanibacter,Taklimakanibacter sp005502925,0.75,0.001033414,0.9442/0.9404
Ea.F.2.L.A,C01,Earl,dorm_sample,Bacteria,Pseudomonadota,Alphaproteobacteria,Caulobacterales,Caulobacteraceae,Brevundimonas,Brevundimonas sp002434505,0.75,0.001033414,0.9812/0.9752
Ea.F.2.L.A,C01,Earl,dorm_sample,Bacteria,Cyanobacteriota,Vampirovibrionia,Obscuribacterales,Obscuribacteraceae,Ga0077546,Ga0077546 sp021732025,0.875,0.001205649,0.8088/0.7742
Ea.F.2.L.A,C01,Earl,dorm_sample,Bacteria,Verrucomicrobiota,Verrucomicrobiia,Chthoniobacterales,Terrimicrobiaceae,Terrimicrobium,Terrimicrobium sp001897195,0.875,0.001205649,0.8351/0.8275
Ea.F.2.L.A,C01,Earl,dorm_sample,Bacteria,Pseudomonadota,Alphaproteobacteria,Rhizobiales,Rhizobiaceae,Rhizobium_E,Rhizobium_E sp019739215,0.875,0.001205649,0.8554/0.8149
Ea.F.2.L.A,C01,Earl,dorm_sample,Bacteria,Pseudomonadota,Alphaproteobacteria,Acetobacterales,Acetobacteraceae,Neoroseomonas,Neoroseomonas alba,0.875,0.001205649,0.9208/0.9174
Ea.F.2.L.A,C01,Earl,dorm_sample,Bacteria,Planctomycetota,Planctomycetia,Pirellulales,PALSA-1355,JALHMI01,JALHMI01 sp041741015,0.875,0.001205649,0.9250/0.9072
Ea.F.2.L.A,C01,Earl,dorm_sample,Bacteria,Pseudomonadota,Alphaproteobacteria,Caulobacterales,Caulobacteraceae,Phenylobacterium,Phenylobacterium sp036963605,0.875,0.001205649,0.9313/0.9298
Ea.F.2.L.A,C01,Earl,dorm_sample,Bacteria,Pseudomonadota,Alphaproteobacteria,Caulobacterales,Caulobacteraceae,Brevundimonas,Brevundimonas sp963515305,0.875,0.001205649,0.9579/0.9499
Ea.F.2.L.A,C01,Earl,dorm_sample,Bacteria,Pseudomonadota,Gammaproteobacteria,Xanthomonadales,Xanthomonadaceae,Stenotrophomonas,Stenotrophomonas muris,0.875,0.001205649,0.9993/0.9993
Ea.F.2.L.A,C01,Earl,dorm_sample,Bacteria,Bacteroidota,Bacteroidia,Cytophagales,UBA9547,UBA9547,UBA9547 sp044349205,1,0.001377885,0.7954/0.7832
Ea.F.2.L.A,C01,Earl,dorm_sample,Bacteria,Chloroflexota,Anaerolineae,Aggregatilineales,Phototrophicaceae,CFX2,CFX2 sp020161935,1,0.001377885,0.8798/0.8581
Ea.F.2.L.A,C01,Earl,dorm_sample,Bacteria,Bacteroidota,Bacteroidia,Chitinophagales,Chitinophagaceae,Pseudobacter,Pseudobacter rhizosphaerae,1,0.001377885,0.9000/0.8851
Ea.F.2.L.A,C01,Earl,dorm_sample,Bacteria,Pseudomonadota,Alphaproteobacteria,Micropepsales,Micropepsaceae,JADZAI01,JADZAI01 sp047602465,1,0.001377885,0.9037/0.8727
Ea.F.2.L.A,C01,Earl,dorm_sample,Bacteria,Pseudomonadota,Alphaproteobacteria,Caulobacterales,Caulobacteraceae,Phenylobacterium,Phenylobacterium koreense,1,0.001377885,0.9050/0.8295
Ea.F.2.L.A,C01,Earl,dorm_sample,Bacteria,Pseudomonadota,Gammaproteobacteria,Burkholderiales,Burkholderiaceae_C,Aquincola,Aquincola tertiaricarbonis_B,1,0.001377885,0.9124/0.8988
Ea.F.2.L.A,C01,Earl,dorm_sample,Bacteria,Pseudomonadota,Alphaproteobacteria,Sphingomonadales,Sphingomonadaceae,Sphingopyxis,Sphingopyxis sp035998905,1,0.001377885,0.9232/0.9076
Ea.F.2.L.A,C01,Earl,dorm_sample,Bacteria,Bacteroidota,Bacteroidia,Chitinophagales,Chitinophagaceae,Pseudobacter,Pseudobacter sp051955275,1,0.001377885,0.9445/0.9178
Ea.F.2.L.A,C01,Earl,dorm_sample,Bacteria,Chlamydiota,Chlamydiia,Chlamydiales,Parachlamydiaceae,Protochlamydia,Protochlamydia amoebophila,1,0.001377885,0.9628/0.9615
Ea.F.2.L.A,C01,Earl,dorm_sample,Bacteria,Bacteroidota,Bacteroidia,Chitinophagales,Chitinophagaceae,Niabella,Niabella sp052044285,1,0.001377885,0.9761/0.9715
Ea.F.2.L.A,C01,Earl,dorm_sample,Bacteria,Bacteroidota,Bacteroidia,Sphingobacteriales,Sphingobacteriaceae,Pedobacter,Pedobacter chitinilyticus,1,0.001377885,0.9884/0.9844
Ea.F.2.L.A,C01,Earl,dorm_sample,Bacteria,Pseudomonadota,Gammaproteobacteria,Burkholderiales,Burkholderiaceae_C,Diaphorobacter,Diaphorobacter nitroreducens,1,0.001377885,0.9913/0.9913
Ea.F.2.L.A,C01,Earl,dorm_sample,Bacteria,Pseudomonadota,Alphaproteobacteria,Sphingomonadales,Sphingomonadaceae,Sphingobium,Sphingobium yanoikuyae_A,1,0.001377885,0.9988/0.9988
Ea.F.2.L.A,C01,Earl,dorm_sample,Bacteria,Verrucomicrobiota,Verrucomicrobiia,Chthoniobacterales,Chthoniobacteraceae,Chthoniobacter,Chthoniobacter sp021414005,1.125,0.001550121,0.7762/0.7203
Ea.F.2.L.A,C01,Earl,dorm_sample,Bacteria,Pseudomonadota,Alphaproteobacteria,Rickettsiales,UBA3002,QFOX01,QFOX01 sp037968615,1.125,0.001550121,0.7942/0.7571
Ea.F.2.L.A,C01,Earl,dorm_sample,Bacteria,Pseudomonadota,Alphaproteobacteria,Rickettsiales,UBA3002,QFOX01,QFOX01 sp044341105,1.125,0.001550121,0.8007/0.7694
Ea.F.2.L.A,C01,Earl,dorm_sample,Bacteria,Pseudomonadota,Alphaproteobacteria,Rickettsiales,UBA3002,QFOX01,QFOX01 sp965247335,1.125,0.001550121,0.8043/0.7878
Ea.F.2.L.A,C01,Earl,dorm_sample,Bacteria,Planctomycetota,Planctomycetia,Planctomycetales,Planctomycetaceae,Planctomyces_A,Planctomyces_A sp023429275,1.125,0.001550121,0.8257/0.7826
Ea.F.2.L.A,C01,Earl,dorm_sample,Bacteria,Bacteroidota,Bacteroidia,B-17B0,Aurantibacillaceae,UBA4416,UBA4416 sp964543545,1.125,0.001550121,0.9111/0.8042
Ea.F.2.L.A,C01,Earl,dorm_sample,Bacteria,Bacteroidota,Bacteroidia,Cytophagales,Spirosomataceae,Emticicia,Emticicia soli,1.125,0.001550121,0.9756/0.9712
Ea.F.2.L.A,C01,Earl,dorm_sample,Bacteria,Bacteroidota,Bacteroidia,Chitinophagales,Chitinophagaceae,Polluticoccus,Polluticoccus sp036406055,1.125,0.001550121,0.9812/0.9812
Ea.F.2.L.A,C01,Earl,dorm_sample,Bacteria,Bacteroidota,Bacteroidia,UKL13-3,UKL13-3,UBA6183,UBA6183 sp002422865,1.25,0.001722356,0.7897/0.7763
Ea.F.2.L.A,C01,Earl,dorm_sample,Bacteria,Pseudomonadota,Alphaproteobacteria,Rhizobiales,Rhizobiaceae,Agrobacterium,Agrobacterium pusense,1.25,0.001722356,0.9978/0.9978
Ea.F.2.L.A,C01,Earl,dorm_sample,Bacteria,Acidobacteriota,Blastocatellia,Pyrinomonadales,Pyrinomonadaceae,JAFDVJ01,JAFDVJ01 sp031412675,1.375,0.001894592,0.7946/0.7156
Ea.F.2.L.A,C01,Earl,dorm_sample,Bacteria,Chloroflexota,Anaerolineae,Aggregatilineales,Phototrophicaceae,Flexifilum,Flexifilum sp046328655,1.375,0.001894592,0.8035/0.7697
Ea.F.2.L.A,C01,Earl,dorm_sample,Bacteria,Verrucomicrobiota,Verrucomicrobiia,Chthoniobacterales,Terrimicrobiaceae,CALCJD01,CALCJD01 sp937960895,1.375,0.001894592,0.8197/0.8006
Ea.F.2.L.A,C01,Earl,dorm_sample,Bacteria,Vulcanimicrobiota,Xenobia,Xenobiales,JADMJV01,JADMJV01,JADMJV01 sp019637395,1.375,0.001894592,0.8428/0.8302
Ea.F.2.L.A,C01,Earl,dorm_sample,Bacteria,Pseudomonadota,Alphaproteobacteria,Sphingomonadales,Sphingomonadaceae,Sphingopyxis,Sphingopyxis sp035944815,1.375,0.001894592,0.8936/0.8626
Ea.F.2.L.A,C01,Earl,dorm_sample,Bacteria,Pseudomonadota,Alphaproteobacteria,Sphingomonadales,Sphingomonadaceae,Sphingomonas,Sphingomonas koreensis,1.375,0.001894592,0.8945/0.8452
Ea.F.2.L.A,C01,Earl,dorm_sample,Bacteria,Bdellovibrionota,Bdellovibrionia,Bdellovibrionales,JAEYZS01,JAEYZS01,JAEYZS01 sp040386775,1.5,0.002066827,0.8270/0.8008
Ea.F.2.L.A,C01,Earl,dorm_sample,Bacteria,Verrucomicrobiota,Verrucomicrobiia,Verrucomicrobiales,Akkermansiaceae,Luteolibacter,Luteolibacter sp026625605,1.5,0.002066827,0.8443/0.8213
Ea.F.2.L.A,C01,Earl,dorm_sample,Bacteria,Pseudomonadota,Alphaproteobacteria,Sphingomonadales,Sphingomonadaceae,Sphingopyxis,Sphingopyxis sp023197165,1.5,0.002066827,0.9213/0.9120
Ea.F.2.L.A,C01,Earl,dorm_sample,Bacteria,Actinomycetota,Actinomycetes,Actinomycetales,Microbacteriaceae,Microbacterium,Microbacterium aurum,1.5,0.002066827,0.9916/0.9912
Ea.F.2.L.A,C01,Earl,dorm_sample,Bacteria,Acidobacteriota,Blastocatellia,Pyrinomonadales,Pyrinomonadaceae,JAIBCC01,JAIBCC01 sp963779235,1.625,0.002239063,0.7886/0.7522
Ea.F.2.L.A,C01,Earl,dorm_sample,Bacteria,Pseudomonadota,Alphaproteobacteria,Rickettsiales,UBA3002,QFOX01,QFOX01 sp040377415,1.625,0.002239063,0.7895/0.7606
Ea.F.2.L.A,C01,Earl,dorm_sample,Bacteria,Bacteroidota,Bacteroidia,Cytophagales,Cyclobacteriaceae,UBA2336,UBA2336 sp019694875,1.625,0.002239063,0.8655/0.8593
Ea.F.2.L.A,C01,Earl,dorm_sample,Bacteria,Pseudomonadota,Gammaproteobacteria,Xanthomonadales,Xanthomonadaceae,Stenotrophomonas,Stenotrophomonas aracearum,1.625,0.002239063,0.9945/0.9943
Ea.F.2.L.A,C01,Earl,dorm_sample,Bacteria,Pseudomonadota,Gammaproteobacteria,Burkholderiales,Burkholderiaceae_C,Comamonas,Comamonas sediminis,1.625,0.002239063,0.9945/0.9945
Ea.F.2.L.A,C01,Earl,dorm_sample,Bacteria,Bdellovibrionota,Bdellovibrionia,Bdellovibrionales,UBA1609,CAYHVK01,CAYHVK01 sp964360255,1.75,0.002411299,0.8208/0.8018
Ea.F.2.L.A,C01,Earl,dorm_sample,Bacteria,Bacteroidota,Bacteroidia,Cytophagales,Cyclobacteriaceae,UBA2336,UBA2336 sp965227265,1.75,0.002411299,0.8457/0.8326
Ea.F.2.L.A,C01,Earl,dorm_sample,Bacteria,Pseudomonadota,Gammaproteobacteria,Xanthomonadales,Xanthomonadaceae,Pseudoxanthomonas_A,Pseudoxanthomonas_A sp014851815,1.75,0.002411299,0.9430/0.9083
Ea.F.2.L.A,C01,Earl,dorm_sample,Bacteria,Pseudomonadota,Gammaproteobacteria,Burkholderiales,Burkholderiaceae_C,Aquincola,Aquincola sp964001545,1.75,0.002411299,0.9614/0.9548
Ea.F.2.L.A,C01,Earl,dorm_sample,Bacteria,Cyanobacteriota,Vampirovibrionia,Obscuribacterales,Obscuribacteraceae,Ga0077546,Ga0077546 sp021772135,1.875,0.002583534,0.8065/0.7651
Ea.F.2.L.A,C01,Earl,dorm_sample,Bacteria,Pseudomonadota,Alphaproteobacteria,Sphingomonadales,Sphingomonadaceae,Sphingopyxis,Sphingopyxis sp000756375,2,0.00275577,0.9496/0.9408
Ea.F.2.L.A,C01,Earl,dorm_sample,Bacteria,Pseudomonadota,Alphaproteobacteria,Micavibrionales,Micavibrionaceae,Micavibrio,Micavibrio aeruginosavorus_B,2.125,0.002928006,0.7739/0.7497
Ea.F.2.L.A,C01,Earl,dorm_sample,Bacteria,Pseudomonadota,Alphaproteobacteria,Rhizobiales,Devosiaceae,Devosia_A,Devosia_A sp001402915,2.125,0.002928006,0.9182/0.8811
Ea.F.2.L.A,C01,Earl,dorm_sample,Bacteria,Pseudomonadota,Gammaproteobacteria,Xanthomonadales,Xanthomonadaceae,Pseudoxanthomonas_A,Pseudoxanthomonas_A japonensis,2.125,0.002928006,0.9832/0.9815
Ea.F.2.L.A,C01,Earl,dorm_sample,Bacteria,Actinomycetota,Actinomycetes,Mycobacteriales,Mycobacteriaceae,Mycobacterium,Mycobacterium fortuitum,2.125,0.002928006,0.9981/0.9980
Ea.F.2.L.A,C01,Earl,dorm_sample,Bacteria,Acidobacteriota,Blastocatellia,Pyrinomonadales,Pyrinomonadaceae,JAFDVJ01,JAFDVJ01 sp965247805,2.25,0.003100241,0.8089/0.7814
Ea.F.2.L.A,C01,Earl,dorm_sample,Bacteria,Planctomycetota,Planctomycetia,Pirellulales,Lacipirellulaceae,Lacipirellula,Lacipirellula parvula,2.25,0.003100241,0.9135/0.8760
Ea.F.2.L.A,C01,Earl,dorm_sample,Bacteria,Pseudomonadota,Gammaproteobacteria,Burkholderiales,Burkholderiaceae_C,Aquabacterium,Aquabacterium sp049274795,2.25,0.003100241,0.9670/0.9614
Ea.F.2.L.A,C01,Earl,dorm_sample,Bacteria,Verrucomicrobiota,Verrucomicrobiia,Chthoniobacterales,Terrimicrobiaceae,CALCJD01,CALCJD01 sp041752695,2.5,0.003444712,0.8300/0.8189
Ea.F.2.L.A,C01,Earl,dorm_sample,Bacteria,Bdellovibrionota,Bdellovibrionia,Bdellovibrionales,JAMPXM01,Ga0074137,Ga0074137 sp001464715,2.625,0.003616948,0.8009/0.7583
Ea.F.2.L.A,C01,Earl,dorm_sample,Bacteria,Pseudomonadota,Gammaproteobacteria,Burkholderiales,Burkholderiaceae_C,Aquabacterium,Aquabacterium soli,2.625,0.003616948,0.9905/0.9866
Ea.F.2.L.A,C01,Earl,dorm_sample,Bacteria,Vulcanimicrobiota,Xenobia,Xenobiales,JADMJV01,JADMJV01,JADMJV01 sp017307785,2.75,0.003789184,0.8646/0.8413
Ea.F.2.L.A,C01,Earl,dorm_sample,Bacteria,Bacteroidota,Bacteroidia,Chitinophagales,Chitinophagaceae,Agriterribacter,Agriterribacter sp051955255,2.875,0.003961419,0.8351/0.8032
Ea.F.2.L.A,C01,Earl,dorm_sample,Bacteria,Pseudomonadota,Alphaproteobacteria,Caulobacterales,Caulobacteraceae,Caulobacter,Caulobacter sp965283765,2.875,0.003961419,0.8840/0.8483
Ea.F.2.L.A,C01,Earl,dorm_sample,Bacteria,Verrucomicrobiota,Verrucomicrobiia,Chthoniobacterales,Chthoniobacteraceae,CAWEPO01,CAWEPO01 sp963811035,3,0.004133655,0.8099/0.7897
Ea.F.2.L.A,C01,Earl,dorm_sample,Bacteria,Bacteroidota,Bacteroidia,Chitinophagales,Chitinophagaceae,Terrimonas,Terrimonas sp937888905,3.125,0.00430589,0.9344/0.9228
Ea.F.2.L.A,C01,Earl,dorm_sample,Bacteria,Pseudomonadota,Alphaproteobacteria,Micavibrionales,Micavibrionaceae,Micavibrio_B,Micavibrio_B aeruginosavorus_A,3.25,0.004478126,0.7684/0.7490
Ea.F.2.L.A,C01,Earl,dorm_sample,Bacteria,Pseudomonadota,Alphaproteobacteria,Sphingomonadales,Sphingomonadaceae,Sphingopyxis,Sphingopyxis soli,3.25,0.004478126,0.9062/0.8724
Ea.F.2.L.A,C01,Earl,dorm_sample,Bacteria,Pseudomonadota,Alphaproteobacteria,Sphingomonadales,Sphingomonadaceae,Sphingomonas,Sphingomonas jeddahensis,3.375,0.004650362,0.9069/0.8496
Ea.F.2.L.A,C01,Earl,dorm_sample,Bacteria,Acidobacteriota,Blastocatellia,Pyrinomonadales,Pyrinomonadaceae,JAJQRF01,JAJQRF01 sp021228405,3.5,0.004822597,0.8928/0.8395
Ea.F.2.L.A,C01,Earl,dorm_sample,Bacteria,Pseudomonadota,Alphaproteobacteria,Sphingomonadales,Sphingomonadaceae,Sphingopyxis,Sphingopyxis sp001468225,3.5,0.004822597,0.9203/0.9060
Ea.F.2.L.A,C01,Earl,dorm_sample,Bacteria,Pseudomonadota,Alphaproteobacteria,Rhizobiales,Beijerinckiaceae,Methylobacterium,Methylobacterium radiotolerans,3.5,0.004822597,0.9962/0.9957
Ea.F.2.L.A,C01,Earl,dorm_sample,Bacteria,Bdellovibrionota,UBA1018,CAIPTA01,CAIPTA01,JAKFYM01,JAKFYM01 sp050246755,3.625,0.004994833,0.7683/0.7331
Ea.F.2.L.A,C01,Earl,dorm_sample,Bacteria,Actinomycetota,Actinomycetes,Mycobacteriales,Mycobacteriaceae,Mycobacterium,Mycobacterium sp018326285,3.75,0.005167069,0.9857/0.9812
Ea.F.2.L.A,C01,Earl,dorm_sample,Bacteria,Pseudomonadota,Gammaproteobacteria,Xanthomonadales,Xanthomonadaceae,Stenotrophomonas,Stenotrophomonas yanglingensis,3.75,0.005167069,0.9993/0.9887
Ea.F.2.L.A,C01,Earl,dorm_sample,Bacteria,Pseudomonadota,Gammaproteobacteria,Burkholderiales,Burkholderiaceae_C,Acidovorax,Acidovorax temperans,3.875,0.005339304,0.9847/0.9846
Ea.F.2.L.A,C01,Earl,dorm_sample,Bacteria,Myxococcota_A,Polyangia,Polyangiales,Polyangiaceae,Labilithrix,Labilithrix sp046351255,4,0.00551154,0.8659/0.8082
Ea.F.2.L.A,C01,Earl,dorm_sample,Bacteria,Pseudomonadota,Gammaproteobacteria,Burkholderiales,Burkholderiaceae_C,Aquincola,Aquincola agrisoli,4,0.00551154,0.8943/0.8835
Ea.F.2.L.A,C01,Earl,dorm_sample,Bacteria,Planctomycetota,Planctomycetia,Planctomycetales,Planctomycetaceae,Planctomyces_A,Planctomyces_A sp001610835,4.25,0.005856011,0.8593/0.8381
Ea.F.2.L.A,C01,Earl,dorm_sample,Bacteria,Pseudomonadota,Alphaproteobacteria,Sphingomonadales,Sphingomonadaceae,Sphingobium_A,Sphingobium_A colocasiae,4.375,0.006028247,0.9288/0.9095
Ea.F.2.L.A,C01,Earl,dorm_sample,Bacteria,Pseudomonadota,Alphaproteobacteria,Sphingomonadales,Sphingomonadaceae,Sphingopyxis,Sphingopyxis fribergensis,4.5,0.006200482,0.9409/0.9317
Ea.F.2.L.A,C01,Earl,dorm_sample,Bacteria,Pseudomonadota,Alphaproteobacteria,Sphingomonadales,Sphingomonadaceae,Blastomonas,Blastomonas ursincola,4.625,0.006372718,0.9896/0.9890
Ea.F.2.L.A,C01,Earl,dorm_sample,Bacteria,Bacteroidota,Bacteroidia,B-17B0,Aurantibacillaceae,UBA4416,UBA4416 sp943362175,5.125,0.00706166,0.9436/0.9032
Ea.F.2.L.A,C01,Earl,dorm_sample,Bacteria,Pseudomonadota,Alphaproteobacteria,Rhizobiales,Xanthobacteraceae,Bradyrhizobium,Bradyrhizobium lablabi_C,5.375,0.007406132,0.9048/0.8747
Ea.F.2.L.A,C01,Earl,dorm_sample,Bacteria,Pseudomonadota,Alphaproteobacteria,Rhizobiales,Beijerinckiaceae,Allobosea,Allobosea sp900112185,5.5,0.007578367,0.9776/0.9584
Ea.F.2.L.A,C01,Earl,dorm_sample,Bacteria,Cyanobacteriota,Vampirovibrionia,Obscuribacterales,Obscuribacteraceae,JAFKGK01,JAFKGK01 sp017307165,6,0.00826731,0.9967/0.9967
Ea.F.2.L.A,C01,Earl,dorm_sample,Bacteria,Pseudomonadota,Alphaproteobacteria,Sphingomonadales,Sphingomonadaceae,Sphingopyxis,Sphingopyxis macrogoltabida_A,6.375,0.008784017,0.9960/0.9884
Ea.F.2.L.A,C01,Earl,dorm_sample,Bacteria,Pseudomonadota,Gammaproteobacteria,Xanthomonadales,Xanthomonadaceae,Lysobacter,Lysobacter capsici,7.125,0.00981743,0.9247/0.8911
Ea.F.2.L.A,C01,Earl,dorm_sample,Bacteria,Actinomycetota,Actinomycetes,Mycobacteriales,Nakamurellaceae,Nakamurella,Nakamurella multipartita,7.125,0.00981743,0.9921/0.9904
Ea.F.2.L.A,C01,Earl,dorm_sample,Bacteria,Pseudomonadota,Alphaproteobacteria,Sphingomonadales,Sphingomonadaceae,Sphingomonas,Sphingomonas sp012650175,7.5,0.01033414,0.9838/0.9800
Ea.F.2.L.A,C01,Earl,dorm_sample,Bacteria,Pseudomonadota,Alphaproteobacteria,Caulobacterales,Caulobacteraceae,Caulobacter,Caulobacter sp013181195,7.75,0.01067861,0.9307/0.9046
Ea.F.2.L.A,C01,Earl,dorm_sample,Bacteria,Pseudomonadota,Alphaproteobacteria,Rhizobiales,Beijerinckiaceae,Allobosea,Allobosea vestrisii,8.375,0.01153979,0.9730/0.9650
Ea.F.2.L.A,C01,Earl,dorm_sample,Bacteria,Pseudomonadota,Gammaproteobacteria,Burkholderiales,Burkholderiaceae_C,Ottowia,Ottowia testudinis,8.625,0.01188426,0.9039/0.8960
Ea.F.2.L.A,C01,Earl,dorm_sample,Bacteria,Pseudomonadota,Alphaproteobacteria,Rhizobiales,Beijerinckiaceae,Methylobacterium,Methylobacterium aquaticum,9.375,0.01291767,0.9981/0.9980
Ea.F.2.L.A,C01,Earl,dorm_sample,Bacteria,Bacteroidota,Bacteroidia,UKL13-3,UKL13-3,UBA6183,UBA6183 sp040385895,10.125,0.01395109,0.8333/0.8155
Ea.F.2.L.A,C01,Earl,dorm_sample,Bacteria,Pseudomonadota,Alphaproteobacteria,Micavibrionales,Micavibrionaceae,Micavibrio_B,Micavibrio_B sp964399985,10.25,0.01412332,0.7961/0.7724
Ea.F.2.L.A,C01,Earl,dorm_sample,Bacteria,Pseudomonadota,Gammaproteobacteria,Xanthomonadales,Rhodanobacteraceae,Dokdonella,Dokdonella sp002483055,12.125,0.01670685,0.9955/0.9883
Ea.F.2.L.A,C01,Earl,dorm_sample,Bacteria,Bacteroidota,Bacteroidia,Chitinophagales,Chitinophagaceae,Paraflavitalea,Paraflavitalea pollutisoli,12.5,0.01722356,0.8878/0.8648
Ea.F.2.L.A,C01,Earl,dorm_sample,Bacteria,Pseudomonadota,Gammaproteobacteria,Xanthomonadales,Xanthomonadaceae,Pseudoxanthomonas_A,Pseudoxanthomonas_A beigongshangi,13.25,0.01825698,0.9898/0.9886
Ea.F.2.L.A,C01,Earl,dorm_sample,Bacteria,Pseudomonadota,Gammaproteobacteria,Xanthomonadales,Rhodanobacteraceae,Tahibacter,Tahibacter sp042701255,16.125,0.02221839,0.9295/0.9265
Ea.F.2.L.A,C01,Earl,dorm_sample,Bacteria,Pseudomonadota,Alphaproteobacteria,Sphingomonadales,Sphingomonadaceae,Sphingopyxis,Sphingopyxis sp014873485,18,0.02480193,0.9253/0.8903
Ea.F.2.L.A,C01,Earl,dorm_sample,Bacteria,Pseudomonadota,Alphaproteobacteria,Sphingomonadales,Sphingomonadaceae,Sphingopyxis,Sphingopyxis sp001468395,21.75,0.029969,0.9144/0.8808
Ea.F.2.L.A,C01,Earl,dorm_sample,Bacteria,Pseudomonadota,Gammaproteobacteria,Burkholderiales,Burkholderiaceae_C,Ottowia,Ottowia sp018060485,25.5,0.03513607,0.9854/0.9667
Ea.F.2.L.A,C01,Earl,dorm_sample,Bacteria,Pseudomonadota,Gammaproteobacteria,Xanthomonadales,Rhodanobacteraceae,Tahibacter,Tahibacter harae,28.125,0.03875301,0.8690/0.8323
Ea.F.2.L.A,C01,Earl,dorm_sample,Bacteria,Pseudomonadota,Gammaproteobacteria,Burkholderiales,Burkholderiaceae_C,Aquabacterium,Aquabacterium sp049322875,29.125,0.0401309,0.9651/0.9522
Ea.F.2.L.A,C01,Earl,dorm_sample,Bacteria,Pseudomonadota,Alphaproteobacteria,Caulobacterales,Caulobacteraceae,Caulobacter,Caulobacter sp039596335,36.375,0.05012056,0.9286/0.8737
Ea.F.2.L.A,C01,Earl,dorm_sample,Bacteria,Pseudomonadota,Alphaproteobacteria,Caulobacterales,Caulobacteraceae,Caulobacter,Caulobacter sp913776195,52.625,0.0725112,0.9784/0.9598
Ea.F.2.L.A,C01,Earl,dorm_sample,Bacteria,unclassified Bacteria phylum,unclassified Bacteria class,unclassified Bacteria order,unclassified Bacteria family,unclassified Bacteria genus,unclassified Bacteria species,66.125,0.09111264,0.0000/0.0000
Ea.F.2.L.A,C01,Earl,dorm_sample,Bacteria,Actinomycetota,Actinomycetes,Mycobacteriales,Mycobacteriaceae,Mycobacterium,Mycobacterium phocaicum,76.125,0.1048915,0.9908/0.9839
Ea.F.2.H.B,C02,Earl,dorm_sample,Bacteria,Bdellovibrionota,Bdellovibrionia,Bdellovibrionales,UBA1609,JALHOQ01,JALHOQ01 sp050249195,0.25,0.003430532,0.7325/0.7091
Ea.F.2.H.B,C02,Earl,dorm_sample,Bacteria,Planctomycetota,Planctomycetia,Planctomycetales,Planctomycetaceae,Planctomyces_A,Planctomyces_A sp001610835,0.25,0.003430532,0.7847/0.6951
Ea.F.2.H.B,C02,Earl,dorm_sample,Bacteria,Acidobacteriota,Blastocatellia,Pyrinomonadales,Pyrinomonadaceae,JAFDVJ01,JAFDVJ01 sp965247805,0.25,0.003430532,0.7919/0.7416
Ea.F.2.H.B,C02,Earl,dorm_sample,Bacteria,Pseudomonadota,Alphaproteobacteria,Sphingomonadales,Sphingomonadaceae,JBLZUR01,JBLZUR01 sp048565625,0.25,0.003430532,0.8153/0.7131
Ea.F.2.H.B,C02,Earl,dorm_sample,Bacteria,Acidobacteriota,Vicinamibacteria,Vicinamibacterales,Vicinamibacteraceae,Luteitalea,Luteitalea sp016865485,0.25,0.003430532,0.8692/0.8367
Ea.F.2.H.B,C02,Earl,dorm_sample,Bacteria,Pseudomonadota,Alphaproteobacteria,Rhizobiales,Hyphomicrobiaceae,Hyphomicrobium_C,Hyphomicrobium_C sp902826555,0.25,0.003430532,0.8794/0.8765
Ea.F.2.H.B,C02,Earl,dorm_sample,Bacteria,Bacteroidota,Bacteroidia,Cytophagales,172606-1,Xanthocytophaga,Xanthocytophaga sp963520985,0.25,0.003430532,0.9031/0.8920
Ea.F.2.H.B,C02,Earl,dorm_sample,Bacteria,Pseudomonadota,Gammaproteobacteria,Burkholderiales,Burkholderiaceae_C,Aquabacterium,Aquabacterium sp049321005,0.25,0.003430532,0.9191/0.8673
Ea.F.2.H.B,C02,Earl,dorm_sample,Bacteria,Pseudomonadota,Gammaproteobacteria,Xanthomonadales,Xanthomonadaceae,Lysobacter_I,Lysobacter_I brunescens,0.25,0.003430532,0.9260/0.8997
Ea.F.2.H.B,C02,Earl,dorm_sample,Bacteria,Pseudomonadota,Alphaproteobacteria,Caulobacterales,Caulobacteraceae,Phenylobacterium,Phenylobacterium sp001824475,0.25,0.003430532,0.9667/0.9667
Ea.F.2.H.B,C02,Earl,dorm_sample,Bacteria,Pseudomonadota,Gammaproteobacteria,Pseudomonadales,Pseudomonadaceae,Aquipseudomonas,Aquipseudomonas alcaligenes,0.25,0.003430532,0.9672/0.9672
Ea.F.2.H.B,C02,Earl,dorm_sample,Bacteria,Pseudomonadota,Alphaproteobacteria,Rhizobiales,Xanthobacteraceae,Pseudorhodoplanes,Pseudorhodoplanes sp964641065,0.25,0.003430532,0.9751/0.9713
Ea.F.2.H.B,C02,Earl,dorm_sample,Bacteria,Pseudomonadota,Alphaproteobacteria,Rhizobiales,Beijerinckiaceae,Microvirga,Microvirga mediterraneensis,0.25,0.003430532,0.9909/0.9909
Ea.F.2.H.B,C02,Earl,dorm_sample,Bacteria,Bacteroidota,Bacteroidia,Flavobacteriales,Weeksellaceae,Chryseobacterium,Chryseobacterium hispalense,0.25,0.003430532,0.9948/0.9944
Ea.F.2.H.B,C02,Earl,dorm_sample,Bacteria,Pseudomonadota,Alphaproteobacteria,Sphingomonadales,Sphingomonadaceae,Blastomonas,Blastomonas ursincola,0.25,0.003430532,0.9999/0.9999
Ea.F.2.H.B,C02,Earl,dorm_sample,Bacteria,Bacteroidota,Bacteroidia,Chitinophagales,Chitinophagaceae,Flavihumibacter,Flavihumibacter fluminis,0.375,0.005145798,0.8445/0.8087
Ea.F.2.H.B,C02,Earl,dorm_sample,Bacteria,Pseudomonadota,Alphaproteobacteria,Caulobacterales,Caulobacteraceae,Phenylobacterium,Phenylobacterium sp031984885,0.375,0.005145798,0.8586/0.8168
Ea.F.2.H.B,C02,Earl,dorm_sample,Bacteria,Pseudomonadota,Alphaproteobacteria,Sphingomonadales,Sphingomonadaceae,Sphingomonas,Sphingomonas sp001555965,0.375,0.005145798,0.8832/0.7652
Ea.F.2.H.B,C02,Earl,dorm_sample,Bacteria,Pseudomonadota,Gammaproteobacteria,Burkholderiales,Burkholderiaceae_D,Telluria,Telluria agri,0.375,0.005145798,0.9740/0.9715
Ea.F.2.H.B,C02,Earl,dorm_sample,Bacteria,Pseudomonadota,Alphaproteobacteria,Caulobacterales,Caulobacteraceae,Brevundimonas,Brevundimonas albigilva,0.375,0.005145798,0.9890/0.9886
Ea.F.2.H.B,C02,Earl,dorm_sample,Bacteria,Pseudomonadota,Gammaproteobacteria,Burkholderiales,Burkholderiaceae_D,Telluria,Telluria sp050586525,0.375,0.005145798,0.9891/0.9890
Ea.F.2.H.B,C02,Earl,dorm_sample,Bacteria,Actinomycetota,Actinomycetes,Actinomycetales,Microbacteriaceae,Agromyces,Agromyces mediolanus_A,0.375,0.005145798,0.9960/0.9960
Ea.F.2.H.B,C02,Earl,dorm_sample,Bacteria,Bdellovibrionota,Bdellovibrionia,Bdellovibrionales,JAEYZS01,JAEYZS01,JAEYZS01 sp040386775,0.5,0.006861063,0.8066/0.7944
Ea.F.2.H.B,C02,Earl,dorm_sample,Bacteria,Pseudomonadota,Alphaproteobacteria,Reyranellales,Reyranellaceae,Reyranella,Reyranella sp001897995,0.5,0.006861063,0.9024/0.8955
Ea.F.2.H.B,C02,Earl,dorm_sample,Bacteria,Pseudomonadota,Gammaproteobacteria,Burkholderiales,Burkholderiaceae_C,Ottowia,Ottowia testudinis,0.5,0.006861063,0.9097/0.9029
Ea.F.2.H.B,C02,Earl,dorm_sample,Bacteria,Pseudomonadota,Alphaproteobacteria,Rhizobiales,Xanthobacteraceae,Xanthobacter,Xanthobacter sp023442085,0.5,0.006861063,0.9765/0.9727
Ea.F.2.H.B,C02,Earl,dorm_sample,Bacteria,Pseudomonadota,Alphaproteobacteria,Micavibrionales,Micavibrionaceae,Micavibrio_B,Micavibrio_B sp964399985,0.625,0.008576329,0.7916/0.7678
Ea.F.2.H.B,C02,Earl,dorm_sample,Bacteria,Pseudomonadota,Alphaproteobacteria,Caulobacterales,Caulobacteraceae,Phenylobacterium,Phenylobacterium sp018240795,0.625,0.008576329,0.9266/0.9128
Ea.F.2.H.B,C02,Earl,dorm_sample,Bacteria,Patescibacteriota,Saccharimonadia,Saccharimonadales,Saccharimonadaceae,Microsaccharimonas,Microsaccharimonas sp001897295,0.625,0.008576329,0.9833/0.9827
Ea.F.2.H.B,C02,Earl,dorm_sample,Bacteria,Bacteroidota,Bacteroidia,Cytophagales,Spirosomataceae,Larkinella,Larkinella bovis,0.75,0.0102916,0.8617/0.8488
Ea.F.2.H.B,C02,Earl,dorm_sample,Bacteria,Pseudomonadota,Gammaproteobacteria,Burkholderiales,Burkholderiaceae_C,Aquabacterium,Aquabacterium sp016219375,0.75,0.0102916,0.9181/0.8884
Ea.F.2.H.B,C02,Earl,dorm_sample,Bacteria,Pseudomonadota,Alphaproteobacteria,Caulobacterales,Caulobacteraceae,Phenylobacterium,Phenylobacterium sp049445735,0.75,0.0102916,0.9449/0.8684
Ea.F.2.H.B,C02,Earl,dorm_sample,Bacteria,Pseudomonadota,Alphaproteobacteria,Caulobacterales,Caulobacteraceae,Brevundimonas,Brevundimonas sp002479495,0.75,0.0102916,0.9687/0.9656
Ea.F.2.H.B,C02,Earl,dorm_sample,Bacteria,Bacteroidota,Bacteroidia,Cytophagales,UBA9547,UBA9547,UBA9547 sp014376535,0.875,0.01200686,0.7519/0.7306
Ea.F.2.H.B,C02,Earl,dorm_sample,Bacteria,Bacteroidota,Bacteroidia,Cytophagales,UBA9547,UBA9547,UBA9547 sp044349205,0.875,0.01200686,0.7959/0.7824
Ea.F.2.H.B,C02,Earl,dorm_sample,Bacteria,Pseudomonadota,Gammaproteobacteria,Pseudomonadales,Pseudomonadaceae,Aquipseudomonas,Aquipseudomonas alcaligenes_B,0.875,0.01200686,0.9407/0.9395
Ea.F.2.H.B,C02,Earl,dorm_sample,Bacteria,Pseudomonadota,Gammaproteobacteria,Pseudomonadales,Pseudomonadaceae,Aquipseudomonas,Aquipseudomonas subflava,0.875,0.01200686,0.9697/0.9697
Ea.F.2.H.B,C02,Earl,dorm_sample,Bacteria,Pseudomonadota,Alphaproteobacteria,Sphingomonadales,Sphingomonadaceae,Sphingomonas,Sphingomonas sp943913195,0.875,0.01200686,0.9817/0.9801
Ea.F.2.H.B,C02,Earl,dorm_sample,Bacteria,Actinomycetota,Actinomycetes,Actinomycetales,Microbacteriaceae,Microbacterium,Microbacterium aurum,1,0.01372213,0.9920/0.9907
Ea.F.2.H.B,C02,Earl,dorm_sample,Bacteria,Pseudomonadota,Gammaproteobacteria,Xanthomonadales,Xanthomonadaceae,Stenotrophomonas,Stenotrophomonas muris,1,0.01372213,0.9996/0.9996
Ea.F.2.H.B,C02,Earl,dorm_sample,Bacteria,Pseudomonadota,Gammaproteobacteria,Xanthomonadales,Xanthomonadaceae,Lysobacter_I,Lysobacter_I sp019634715,1.125,0.01543739,0.9578/0.9505
Ea.F.2.H.B,C02,Earl,dorm_sample,Bacteria,Actinomycetota,Actinomycetes,Actinomycetales,Microbacteriaceae,Microbacterium,Microbacterium sp003248845,1.125,0.01543739,0.9850/0.9586
Ea.F.2.H.B,C02,Earl,dorm_sample,Bacteria,Bacteroidota,Bacteroidia,Cytophagales,UBA9547,UBA9547,UBA9547 sp025360395,1.25,0.01715266,0.7776/0.7630
Ea.F.2.H.B,C02,Earl,dorm_sample,Bacteria,Pseudomonadota,Alphaproteobacteria,Rhizobiales,Beijerinckiaceae,Methylobacterium,Methylobacterium radiotolerans,1.25,0.01715266,0.9972/0.9969
Ea.F.2.H.B,C02,Earl,dorm_sample,Bacteria,Pseudomonadota,Gammaproteobacteria,Burkholderiales,Burkholderiaceae_C,Ottowia,Ottowia sp018060485,1.375,0.01886792,0.9873/0.9788
Ea.F.2.H.B,C02,Earl,dorm_sample,Bacteria,Pseudomonadota,Gammaproteobacteria,Burkholderiales,Burkholderiaceae_C,Diaphorobacter,Diaphorobacter nitroreducens,1.375,0.01886792,0.9917/0.9917
Ea.F.2.H.B,C02,Earl,dorm_sample,Bacteria,Pseudomonadota,Gammaproteobacteria,Burkholderiales,Burkholderiaceae,Cupriavidus,Cupriavidus pauculus_C,1.75,0.02401372,0.9961/0.9961
Ea.F.2.H.B,C02,Earl,dorm_sample,Bacteria,Pseudomonadota,Alphaproteobacteria,Caulobacterales,Caulobacteraceae,Phenylobacterium,Phenylobacterium haematophilum,2.125,0.02915952,0.9917/0.9915
Ea.F.2.H.B,C02,Earl,dorm_sample,Bacteria,Actinomycetota,Actinomycetes,Mycobacteriales,Mycobacteriaceae,Mycobacterium,Mycobacterium fortuitum,2.125,0.02915952,0.9984/0.9984
Ea.F.2.H.B,C02,Earl,dorm_sample,Bacteria,Pseudomonadota,Gammaproteobacteria,Pseudomonadales,Moraxellaceae,Acinetobacter,Acinetobacter junii,2.375,0.03259005,0.9896/0.9895
Ea.F.2.H.B,C02,Earl,dorm_sample,Bacteria,Actinomycetota,Actinomycetes,Mycobacteriales,Mycobacteriaceae,Mycobacterium,Mycobacterium sp018326285,2.375,0.03259005,0.9997/0.9997
Ea.F.2.H.B,C02,Earl,dorm_sample,Bacteria,Pseudomonadota,Gammaproteobacteria,Xanthomonadales,Xanthomonadaceae,Pseudoxanthomonas,Pseudoxanthomonas kaohsiungensis,2.625,0.03602058,0.9894/0.9781
Ea.F.2.H.B,C02,Earl,dorm_sample,Bacteria,Pseudomonadota,Gammaproteobacteria,Xanthomonadales,Xanthomonadaceae,Pseudoxanthomonas_A,Pseudoxanthomonas_A mexicana,3.125,0.04288165,0.9907/0.9823
Ea.F.2.H.B,C02,Earl,dorm_sample,Bacteria,Bacteroidota,Bacteroidia,Chitinophagales,Chitinophagaceae,Flavihumibacter,Flavihumibacter sp016787265,3.5,0.04802744,0.9781/0.9764
Ea.F.2.H.B,C02,Earl,dorm_sample,Bacteria,Pseudomonadota,Gammaproteobacteria,Xanthomonadales,Xanthomonadaceae,Pseudoxanthomonas_A,Pseudoxanthomonas_A japonensis,4.5,0.06174957,0.9960/0.9950
Ea.F.2.H.B,C02,Earl,dorm_sample,Bacteria,Actinomycetota,Actinomycetes,Mycobacteriales,Mycobacteriaceae,Mycobacterium,Mycobacterium phocaicum,8,0.109777,0.9931/0.9915
Ea.F.2.H.B,C02,Earl,dorm_sample,Bacteria,unclassified Bacteria phylum,unclassified Bacteria class,unclassified Bacteria order,unclassified Bacteria family,unclassified Bacteria genus,unclassified Bacteria species,13.25,0.1818182,0.0000/0.0000
Te.F.2.L.B,C03,Teal,dorm_sample,Bacteria,Acidobacteriota,Vicinamibacteria,Vicinamibacterales,2-12-FULL-66-21,JALZOC01,JALZOC01 sp963820645,0.25,0.001249219,0.7802/0.7002
Te.F.2.L.B,C03,Teal,dorm_sample,Bacteria,Verrucomicrobiota,Verrucomicrobiia,Chthoniobacterales,Terrimicrobiaceae,CALCJD01,CALCJD01 sp937960895,0.25,0.001249219,0.8001/0.7828
Te.F.2.L.B,C03,Teal,dorm_sample,Bacteria,Myxococcota_A,Polyangia,Polyangiales,Polyangiaceae,Labilithrix,Labilithrix sp019637155,0.25,0.001249219,0.8137/0.7851
Te.F.2.L.B,C03,Teal,dorm_sample,Bacteria,Bacteroidota,Bacteroidia,Chitinophagales,Chitinophagaceae,Flavihumibacter,Flavihumibacter sp002483205,0.25,0.001249219,0.8148/0.7951
Te.F.2.L.B,C03,Teal,dorm_sample,Bacteria,Bdellovibrionota,Bdellovibrionia,Bdellovibrionales,JAEYZS01,JAEYZS01,JAEYZS01 sp040386775,0.25,0.001249219,0.8274/0.8103
Te.F.2.L.B,C03,Teal,dorm_sample,Bacteria,Verrucomicrobiota,Verrucomicrobiia,Chthoniobacterales,Terrimicrobiaceae,Terrimicrobium,Terrimicrobium sp001897195,0.25,0.001249219,0.8313/0.8129
Te.F.2.L.B,C03,Teal,dorm_sample,Bacteria,Bacteroidota,Bacteroidia,UKL13-3,UKL13-3,UBA6183,UBA6183 sp040385895,0.25,0.001249219,0.8381/0.8221
Te.F.2.L.B,C03,Teal,dorm_sample,Bacteria,Bacteroidota,Bacteroidia,Flavobacteriales,Flavobacteriaceae,Flavobacterium,Flavobacterium endophyticum,0.25,0.001249219,0.8896/0.8864
Te.F.2.L.B,C03,Teal,dorm_sample,Bacteria,Pseudomonadota,Alphaproteobacteria,Caulobacterales,Caulobacteraceae,Phenylobacterium,Phenylobacterium sp001425305,0.25,0.001249219,0.9270/0.8684
Te.F.2.L.B,C03,Teal,dorm_sample,Bacteria,Pseudomonadota,Alphaproteobacteria,Sphingomonadales,Sphingomonadaceae,Sphingopyxis,Sphingopyxis sp001468395,0.25,0.001249219,0.9341/0.9275
Te.F.2.L.B,C03,Teal,dorm_sample,Bacteria,Pseudomonadota,Alphaproteobacteria,Sphingomonadales,Sphingomonadaceae,Sphingopyxis,Sphingopyxis sp035944815,0.25,0.001249219,0.9723/0.9722
Te.F.2.L.B,C03,Teal,dorm_sample,Bacteria,Pseudomonadota,Alphaproteobacteria,Caulobacterales,Caulobacteraceae,Phenylobacterium,Phenylobacterium sp018240795,0.25,0.001249219,0.9762/0.9623
Te.F.2.L.B,C03,Teal,dorm_sample,Bacteria,Pseudomonadota,Alphaproteobacteria,Caedimonadales,Caedimonadaceae,Paracaedimonas,Paracaedimonas sp001898705,0.375,0.001873829,0.8243/0.7974
Te.F.2.L.B,C03,Teal,dorm_sample,Bacteria,Acidobacteriota,Blastocatellia,Pyrinomonadales,Pyrinomonadaceae,DASYKT01,DASYKT01 sp963766895,0.375,0.001873829,0.8355/0.8212
Te.F.2.L.B,C03,Teal,dorm_sample,Bacteria,Pseudomonadota,Alphaproteobacteria,Micavibrionales,Micavibrionaceae,Micavibrio_A,Micavibrio_A sp035759665,0.375,0.001873829,0.8526/0.8438
Te.F.2.L.B,C03,Teal,dorm_sample,Bacteria,Pseudomonadota,Alphaproteobacteria,Rhizobiales,Rhizobiaceae,Arvimicrobium,Arvimicrobium sp023953845,0.375,0.001873829,0.8881/0.8786
Te.F.2.L.B,C03,Teal,dorm_sample,Bacteria,Pseudomonadota,Alphaproteobacteria,Sphingomonadales,Sphingomonadaceae,Sphingomonas,Sphingomonas phyllosphaerae,0.375,0.001873829,0.9198/0.9118
Te.F.2.L.B,C03,Teal,dorm_sample,Bacteria,Pseudomonadota,Gammaproteobacteria,Burkholderiales,Burkholderiaceae_C,Pseudorhodoferax,Pseudorhodoferax sp032153935,0.375,0.001873829,0.9459/0.9367
Te.F.2.L.B,C03,Teal,dorm_sample,Bacteria,Chlamydiota,Chlamydiia,Chlamydiales,Parachlamydiaceae,Rubidus,Rubidus massiliensis,0.375,0.001873829,0.9694/0.9692
Te.F.2.L.B,C03,Teal,dorm_sample,Bacteria,Pseudomonadota,Gammaproteobacteria,Burkholderiales,Burkholderiaceae_C,Pseudorhodoferax,Pseudorhodoferax sp001422365,0.375,0.001873829,0.9700/0.9700
Te.F.2.L.B,C03,Teal,dorm_sample,Bacteria,Actinomycetota,Actinomycetes,Actinomycetales,Microbacteriaceae,Microbacterium,Microbacterium kunmingense,0.375,0.001873829,0.9803/0.9704
Te.F.2.L.B,C03,Teal,dorm_sample,Bacteria,Actinomycetota,Actinomycetes,Actinomycetales,Microbacteriaceae,Microbacterium,Microbacterium sp025143365,0.375,0.001873829,0.9892/0.9757
Te.F.2.L.B,C03,Teal,dorm_sample,Bacteria,Cyanobacteriota,Vampirovibrionia,Obscuribacterales,Obscuribacteraceae,JAFKGK01,JAFKGK01 sp017307165,0.375,0.001873829,0.9941/0.9941
Te.F.2.L.B,C03,Teal,dorm_sample,Bacteria,Pseudomonadota,Gammaproteobacteria,Burkholderiales,Burkholderiaceae_C,Acidovorax,Acidovorax sp046339755,0.375,0.001873829,0.9965/0.9965
Te.F.2.L.B,C03,Teal,dorm_sample,Bacteria,Planctomycetota,Planctomycetia,Pirellulales,Lacipirellulaceae,Lacipirellula,Lacipirellula sp013822725,0.5,0.002498438,0.8931/0.8747
Te.F.2.L.B,C03,Teal,dorm_sample,Bacteria,Bacteroidota,Bacteroidia,Chitinophagales,Chitinophagaceae,CADEDV01,CADEDV01 sp936908745,0.5,0.002498438,0.9171/0.9069
Te.F.2.L.B,C03,Teal,dorm_sample,Bacteria,Actinomycetota,Actinomycetes,Actinomycetales,Microbacteriaceae,Microbacterium,Microbacterium aurum,0.5,0.002498438,0.9896/0.9886
Te.F.2.L.B,C03,Teal,dorm_sample,Bacteria,Verrucomicrobiota,Verrucomicrobiia,Chthoniobacterales,Terrimicrobiaceae,CALCJD01,CALCJD01 sp041752695,0.625,0.003123048,0.7857/0.7576
Te.F.2.L.B,C03,Teal,dorm_sample,Bacteria,Pseudomonadota,Alphaproteobacteria,Sphingomonadales,Sphingomonadaceae,Sphingomonas,Sphingomonas sp021043365,0.625,0.003123048,0.9129/0.9115
Te.F.2.L.B,C03,Teal,dorm_sample,Bacteria,Pseudomonadota,Alphaproteobacteria,Caulobacterales,Hyphomonadaceae,UBA7672,UBA7672 sp965229115,0.625,0.003123048,0.9149/0.9116
Te.F.2.L.B,C03,Teal,dorm_sample,Bacteria,Pseudomonadota,Alphaproteobacteria,Rhizobiales,Hyphomicrobiaceae,JAKAXS01,JAKAXS01 sp965279065,0.75,0.003747658,0.8969/0.8397
Te.F.2.L.B,C03,Teal,dorm_sample,Bacteria,Pseudomonadota,Alphaproteobacteria,Sphingomonadales,Sphingomonadaceae,Sphingopyxis,Sphingopyxis soli,0.75,0.003747658,0.9598/0.9400
Te.F.2.L.B,C03,Teal,dorm_sample,Bacteria,Actinomycetota,Actinomycetes,Mycobacteriales,Mycobacteriaceae,Mycobacterium,Mycobacterium paragordonae,0.875,0.004372267,0.9934/0.9897
Te.F.2.L.B,C03,Teal,dorm_sample,Bacteria,Acidobacteriota,Blastocatellia,Pyrinomonadales,Pyrinomonadaceae,JAFDVJ01,JAFDVJ01 sp965247805,1,0.004996877,0.8260/0.8069
Te.F.2.L.B,C03,Teal,dorm_sample,Bacteria,Pseudomonadota,Gammaproteobacteria,Xanthomonadales,Xanthomonadaceae,Pseudoxanthomonas_A,Pseudoxanthomonas_A japonensis,1,0.004996877,0.9868/0.9861
Te.F.2.L.B,C03,Teal,dorm_sample,Bacteria,Pseudomonadota,Alphaproteobacteria,Rhizobiales,Beijerinckiaceae,Methylobacterium,Methylobacterium tarhaniae,1,0.004996877,0.9946/0.9946
Te.F.2.L.B,C03,Teal,dorm_sample,Bacteria,Pseudomonadota,Alphaproteobacteria,Caulobacterales,Caulobacteraceae,Phenylobacterium,Phenylobacterium koreense,1.125,0.005621487,0.8890/0.8372
Te.F.2.L.B,C03,Teal,dorm_sample,Bacteria,Pseudomonadota,Alphaproteobacteria,Rhizobiales,Beijerinckiaceae,Methylobacterium,Methylobacterium sp900112625,1.125,0.005621487,0.9815/0.9808
Te.F.2.L.B,C03,Teal,dorm_sample,Bacteria,Pseudomonadota,Alphaproteobacteria,Rhizobiales,Hyphomicrobiaceae,JAKAXS01,JAKAXS01 sp030655135,1.25,0.006246096,0.8342/0.7244
Te.F.2.L.B,C03,Teal,dorm_sample,Bacteria,Pseudomonadota,Alphaproteobacteria,Rhizobiales,Xanthobacteraceae,Bradyrhizobium,Bradyrhizobium sp963783115,1.25,0.006246096,0.9075/0.8762
Te.F.2.L.B,C03,Teal,dorm_sample,Bacteria,Pseudomonadota,Alphaproteobacteria,Sphingomonadales,Sphingomonadaceae,Sphingopyxis,Sphingopyxis sp035998905,1.25,0.006246096,0.9911/0.9866
Te.F.2.L.B,C03,Teal,dorm_sample,Bacteria,Pseudomonadota,Gammaproteobacteria,Burkholderiales,Burkholderiaceae_C,Ottowia,Ottowia sp018060485,1.375,0.006870706,0.9827/0.9803
Te.F.2.L.B,C03,Teal,dorm_sample,Bacteria,Actinomycetota,Actinomycetes,Mycobacteriales,Mycobacteriaceae,Mycobacterium,Mycobacterium gordonae_B,1.375,0.006870706,0.9918/0.9912
Te.F.2.L.B,C03,Teal,dorm_sample,Bacteria,Actinomycetota,Actinomycetes,Actinomycetales,Microbacteriaceae,Pseudolysinimonas_A,Pseudolysinimonas_A sp947085045,1.625,0.008119925,0.8524/0.7970
Te.F.2.L.B,C03,Teal,dorm_sample,Bacteria,Pseudomonadota,Gammaproteobacteria,Burkholderiales,Burkholderiaceae_C,Aquincola,Aquincola sp964001545,1.625,0.008119925,0.9807/0.9778
Te.F.2.L.B,C03,Teal,dorm_sample,Bacteria,Actinomycetota,Actinomycetes,Actinomycetales,Microbacteriaceae,Pseudolysinimonas_A,Pseudolysinimonas_A sp023457615,1.75,0.008744535,0.9315/0.9219
Te.F.2.L.B,C03,Teal,dorm_sample,Bacteria,Actinomycetota,Actinomycetes,Mycobacteriales,Mycobacteriaceae,Mycobacterium,Mycobacterium sp018326285,1.75,0.008744535,0.9784/0.9699
Te.F.2.L.B,C03,Teal,dorm_sample,Bacteria,Pseudomonadota,Alphaproteobacteria,Caedimonadales,Caedimonadaceae,Paracaedimonas,Paracaedimonas acanthamoebae,1.875,0.009369144,0.8819/0.8778
Te.F.2.L.B,C03,Teal,dorm_sample,Bacteria,Pseudomonadota,Alphaproteobacteria,Rhizobiales,Xanthobacteraceae,Bradyrhizobium,Bradyrhizobium sp023387735,1.875,0.009369144,0.9683/0.9649
Te.F.2.L.B,C03,Teal,dorm_sample,Bacteria,Pseudomonadota,Alphaproteobacteria,Rhizobiales,Beijerinckiaceae,Methylobacterium,Methylobacterium radiotolerans,1.875,0.009369144,0.9968/0.9966
Te.F.2.L.B,C03,Teal,dorm_sample,Bacteria,Actinomycetota,Actinomycetes,Mycobacteriales,Mycobacteriaceae,Mycobacterium,Mycobacterium fortuitum,2.5,0.01249219,0.9994/0.9994
Te.F.2.L.B,C03,Teal,dorm_sample,Bacteria,Bacteroidota,Bacteroidia,Chitinophagales,Chitinophagaceae,Paraflavitalea,Paraflavitalea pollutisoli,2.875,0.01436602,0.8793/0.8616
Te.F.2.L.B,C03,Teal,dorm_sample,Bacteria,Pseudomonadota,Gammaproteobacteria,Xanthomonadales,Rhodanobacteraceae,Tahibacter,Tahibacter sp042701255,2.875,0.01436602,0.9274/0.9240
Te.F.2.L.B,C03,Teal,dorm_sample,Bacteria,Pseudomonadota,Alphaproteobacteria,Caulobacterales,Caulobacteraceae,Phenylobacterium,Phenylobacterium sp040752615,3.25,0.01623985,0.9023/0.8327
Te.F.2.L.B,C03,Teal,dorm_sample,Bacteria,Acidobacteriota,Blastocatellia,Pyrinomonadales,Pyrinomonadaceae,JAFDVJ01,JAFDVJ01 sp031411895,3.75,0.01873829,0.8644/0.8392
Te.F.2.L.B,C03,Teal,dorm_sample,Bacteria,Pseudomonadota,Gammaproteobacteria,Xanthomonadales,Rhodanobacteraceae,Tahibacter,Tahibacter harae,4.125,0.02061212,0.8804/0.8501
Te.F.2.L.B,C03,Teal,dorm_sample,Bacteria,Pseudomonadota,Alphaproteobacteria,Sphingomonadales,Sphingomonadaceae,Sphingopyxis,Sphingopyxis sp022701295,4.25,0.02123673,0.9907/0.9837
Te.F.2.L.B,C03,Teal,dorm_sample,Bacteria,Pseudomonadota,Alphaproteobacteria,Rhizobiales,Hyphomicrobiaceae,JAKAXS01,JAKAXS01 sp963846845,5,0.02498438,0.8782/0.8469
Te.F.2.L.B,C03,Teal,dorm_sample,Bacteria,Pseudomonadota,Gammaproteobacteria,Xanthomonadales,Xanthomonadaceae,Pseudoxanthomonas_A,Pseudoxanthomonas_A mexicana,5.875,0.02935665,0.9928/0.9927
Te.F.2.L.B,C03,Teal,dorm_sample,Bacteria,Pseudomonadota,Alphaproteobacteria,Sphingomonadales,Sphingomonadaceae,Sphingopyxis,Sphingopyxis sp014873485,7.25,0.03622736,0.9616/0.9335
Te.F.2.L.B,C03,Teal,dorm_sample,Bacteria,Pseudomonadota,Gammaproteobacteria,Burkholderiales,Burkholderiaceae_C,Aquincola,Aquincola tertiaricarbonis_B,8.75,0.04372267,0.9592/0.9566
Te.F.2.L.B,C03,Teal,dorm_sample,Bacteria,Pseudomonadota,Alphaproteobacteria,Sphingomonadales,Sphingomonadaceae,Sphingomonas,Sphingomonas koreensis,10.75,0.05371643,0.9995/0.9995
Te.F.2.L.B,C03,Teal,dorm_sample,Bacteria,unclassified Bacteria phylum,unclassified Bacteria class,unclassified Bacteria order,unclassified Bacteria family,unclassified Bacteria genus,unclassified Bacteria species,18.25,0.091193,0.0000/0.0000
Te.F.2.L.B,C03,Teal,dorm_sample,Bacteria,Pseudomonadota,Alphaproteobacteria,Sphingomonadales,Sphingomonadaceae,Blastomonas,Blastomonas ursincola,34.375,0.1717676,0.9878/0.9825
Te.F.2.L.B,C03,Teal,dorm_sample,Bacteria,Actinomycetota,Actinomycetes,Mycobacteriales,Mycobacteriaceae,Mycobacterium,Mycobacterium phocaicum,48.875,0.2442224,0.9836/0.9742
Te.F.1.H.C,C04,Teal,dorm_sample,Bacteria,Bdellovibrionota,FAC87,UBA2466,UBA2466,RFNO01,RFNO01 sp945878405,0.25,0.001166181,0.7435/0.7158
Te.F.1.H.C,C04,Teal,dorm_sample,Bacteria,Bdellovibrionota,Bdellovibrionia,Bdellovibrionales,UBA1609,JALHOQ01,JALHOQ01 sp947444305,0.25,0.001166181,0.7775/0.7363
Te.F.1.H.C,C04,Teal,dorm_sample,Bacteria,Acidobacteriota,Blastocatellia,Pyrinomonadales,Pyrinomonadaceae,DATHTS01,DATHTS01 sp965217985,0.25,0.001166181,0.7918/0.7271
Te.F.1.H.C,C04,Teal,dorm_sample,Bacteria,Verrucomicrobiota,Verrucomicrobiia,Chthoniobacterales,Terrimicrobiaceae,CALCJD01,CALCJD01 sp041752695,0.25,0.001166181,0.7985/0.7750
Te.F.1.H.C,C04,Teal,dorm_sample,Bacteria,Pseudomonadota,Alphaproteobacteria,Micavibrionales,Micavibrionaceae,Micavibrio_B,Micavibrio_B aeruginosavorus_A,0.25,0.001166181,0.8051/0.7861
Te.F.1.H.C,C04,Teal,dorm_sample,Bacteria,Pseudomonadota,Gammaproteobacteria,Xanthomonadales,Ahniellaceae,UBA4656,UBA4656 sp031412975,0.25,0.001166181,0.8092/0.7856
Te.F.1.H.C,C04,Teal,dorm_sample,Bacteria,Pseudomonadota,Gammaproteobacteria,Xanthomonadales,Ahniellaceae,CALKUS01,CALKUS01 sp937996755,0.25,0.001166181,0.8130/0.7625
Te.F.1.H.C,C04,Teal,dorm_sample,Bacteria,Pseudomonadota,Gammaproteobacteria,Xanthomonadales,Rhodanobacteraceae,Tahibacter,Tahibacter soli,0.25,0.001166181,0.8238/0.7797
Te.F.1.H.C,C04,Teal,dorm_sample,Bacteria,Pseudomonadota,Alphaproteobacteria,Rhizobiales,Rhizobiaceae,Kumtagia,Kumtagia sp044326205,0.25,0.001166181,0.8322/0.8111
Te.F.1.H.C,C04,Teal,dorm_sample,Bacteria,Planctomycetota,Planctomycetia,Planctomycetales,Planctomycetaceae,Planctomyces_A,Planctomyces_A sp001610835,0.25,0.001166181,0.8444/0.8013
Te.F.1.H.C,C04,Teal,dorm_sample,Bacteria,Pseudomonadota,Alphaproteobacteria,Sphingomonadales,Sphingomonadaceae,Sphingopyxis,Sphingopyxis sp001468265,0.25,0.001166181,0.8543/0.8066
Te.F.1.H.C,C04,Teal,dorm_sample,Bacteria,Pseudomonadota,Alphaproteobacteria,Caulobacterales,Caulobacteraceae,Caulobacter,Caulobacter sp049323695,0.25,0.001166181,0.8573/0.8137
Te.F.1.H.C,C04,Teal,dorm_sample,Bacteria,Pseudomonadota,Alphaproteobacteria,Rhizobiales,Rhizobiaceae,Mesorhizobium_K,Mesorhizobium_K sp003666685,0.25,0.001166181,0.8649/0.7990
Te.F.1.H.C,C04,Teal,dorm_sample,Bacteria,Pseudomonadota,Gammaproteobacteria,Xanthomonadales,Rhodanobacteraceae,Tahibacter,Tahibacter harae,0.25,0.001166181,0.8812/0.8622
Te.F.1.H.C,C04,Teal,dorm_sample,Bacteria,Acidobacteriota,Vicinamibacteria,Vicinamibacterales,SCN-69-37,SYFT01,SYFT01 sp964423815,0.25,0.001166181,0.8824/0.8710
Te.F.1.H.C,C04,Teal,dorm_sample,Bacteria,Pseudomonadota,Alphaproteobacteria,Rhizobiales,Hyphomicrobiaceae,JAKAXS01,JAKAXS01 sp965279065,0.25,0.001166181,0.8993/0.7538
Te.F.1.H.C,C04,Teal,dorm_sample,Bacteria,Bacteroidota,Bacteroidia,Chitinophagales,Chitinophagaceae,Pseudobacter,Pseudobacter sp051955275,0.25,0.001166181,0.9036/0.8473
Te.F.1.H.C,C04,Teal,dorm_sample,Bacteria,Pseudomonadota,Alphaproteobacteria,Reyranellales,Reyranellaceae,Reyranella,Reyranella humidisoli,0.25,0.001166181,0.9205/0.9196
Te.F.1.H.C,C04,Teal,dorm_sample,Bacteria,Pseudomonadota,Alphaproteobacteria,Sphingomonadales,Sphingomonadaceae,Sphingopyxis,Sphingopyxis sp000756375,0.25,0.001166181,0.9226/0.8844
Te.F.1.H.C,C04,Teal,dorm_sample,Bacteria,Pseudomonadota,Gammaproteobacteria,Xanthomonadales,Xanthomonadaceae,Pseudoxanthomonas_A,Pseudoxanthomonas_A sp014851805,0.25,0.001166181,0.9232/0.9190
Te.F.1.H.C,C04,Teal,dorm_sample,Bacteria,Planctomycetota,Planctomycetia,Pirellulales,Lacipirellulaceae,Lacipirellula,Lacipirellula sp965279485,0.25,0.001166181,0.9407/0.9323
Te.F.1.H.C,C04,Teal,dorm_sample,Bacteria,Pseudomonadota,Alphaproteobacteria,Rhodobacterales,Rhodobacteraceae,Albidovulum,Albidovulum sp020161655,0.25,0.001166181,0.9713/0.9703
Te.F.1.H.C,C04,Teal,dorm_sample,Bacteria,Pseudomonadota,Gammaproteobacteria,Pseudomonadales,Moraxellaceae,Acinetobacter,Acinetobacter parvus,0.25,0.001166181,0.9718/0.9704
Te.F.1.H.C,C04,Teal,dorm_sample,Bacteria,Pseudomonadota,Gammaproteobacteria,Xanthomonadales,Xanthomonadaceae,Stenotrophomonas,Stenotrophomonas oahuensis,0.25,0.001166181,0.9753/0.9605
Te.F.1.H.C,C04,Teal,dorm_sample,Bacteria,Pseudomonadota,Alphaproteobacteria,Rhizobiales,Rhizobiaceae,Shinella,Shinella zoogloeoides_C,0.25,0.001166181,0.9784/0.9782
Te.F.1.H.C,C04,Teal,dorm_sample,Bacteria,Pseudomonadota,Gammaproteobacteria,Burkholderiales,Burkholderiaceae_D,Undibacterium,Undibacterium macrobrachii,0.25,0.001166181,0.9793/0.9743
Te.F.1.H.C,C04,Teal,dorm_sample,Bacteria,Pseudomonadota,Gammaproteobacteria,Burkholderiales,Burkholderiaceae_C,Aquabacterium,Aquabacterium sp029268225,0.25,0.001166181,0.9795/0.9796
Te.F.1.H.C,C04,Teal,dorm_sample,Bacteria,Pseudomonadota,Alphaproteobacteria,Caulobacterales,Caulobacteraceae,Brevundimonas,Brevundimonas sp943913355,0.25,0.001166181,0.9923/0.9920
Te.F.1.H.C,C04,Teal,dorm_sample,Bacteria,Pseudomonadota,Gammaproteobacteria,Burkholderiales,Burkholderiaceae_D,Telluria,Telluria oculi,0.25,0.001166181,0.9951/0.9951
Te.F.1.H.C,C04,Teal,dorm_sample,Bacteria,Pseudomonadota,Alphaproteobacteria,Rhizobiales,Beijerinckiaceae,Methylobacterium,Methylobacterium radiotolerans,0.25,0.001166181,0.9970/0.9970
Te.F.1.H.C,C04,Teal,dorm_sample,Bacteria,Actinomycetota,Actinomycetes,Mycobacteriales,Mycobacteriaceae,Mycobacterium,Mycobacterium paragordonae,0.25,0.001166181,0.9986/0.9985
Te.F.1.H.C,C04,Teal,dorm_sample,Bacteria,Pseudomonadota,Alphaproteobacteria,Sphingomonadales,Sphingomonadaceae,Blastomonas,Blastomonas ursincola,0.25,0.001166181,0.9997/0.9996
Te.F.1.H.C,C04,Teal,dorm_sample,Bacteria,Chloroflexota,Anaerolineae,Aggregatilineales,Phototrophicaceae,CFX2,CFX2 sp039933955,0.375,0.001749271,0.7860/0.7513
Te.F.1.H.C,C04,Teal,dorm_sample,Bacteria,Verrucomicrobiota,Verrucomicrobiia,Chthoniobacterales,Terrimicrobiaceae,Terrimicrobium,Terrimicrobium sacchariphilum,0.375,0.001749271,0.8063/0.7857
Te.F.1.H.C,C04,Teal,dorm_sample,Bacteria,Chloroflexota,Anaerolineae,Aggregatilineales,Phototrophicaceae,Flexifilum,Flexifilum sp963760975,0.375,0.001749271,0.8284/0.8091
Te.F.1.H.C,C04,Teal,dorm_sample,Bacteria,Planctomycetota,Planctomycetia,Pirellulales,JALHPA01,JANRLT01,JANRLT01 sp049840575,0.375,0.001749271,0.8460/0.8076
Te.F.1.H.C,C04,Teal,dorm_sample,Bacteria,Bacteroidota,Bacteroidia,Cytophagales,Cyclobacteriaceae,UBA2336,UBA2336 sp016786585,0.375,0.001749271,0.8602/0.8448
Te.F.1.H.C,C04,Teal,dorm_sample,Bacteria,Pseudomonadota,Alphaproteobacteria,Rhizobiales,Rhizobiaceae,Kumtagia,Kumtagia ephedrae,0.375,0.001749271,0.8848/0.8604
Te.F.1.H.C,C04,Teal,dorm_sample,Bacteria,Pseudomonadota,Gammaproteobacteria,Xanthomonadales,Rhodanobacteraceae,Dokdonella_A,Dokdonella_A fugitiva,0.375,0.001749271,0.8966/0.8825
Te.F.1.H.C,C04,Teal,dorm_sample,Bacteria,Pseudomonadota,Alphaproteobacteria,Caulobacterales,Hyphomonadaceae,UBA7672,UBA7672 sp965229115,0.375,0.001749271,0.8988/0.8682
Te.F.1.H.C,C04,Teal,dorm_sample,Bacteria,Pseudomonadota,Alphaproteobacteria,Rhizobiales,Xanthobacteraceae,P52-10,P52-10 sp041397365,0.375,0.001749271,0.9334/0.8661
Te.F.1.H.C,C04,Teal,dorm_sample,Bacteria,Pseudomonadota,Alphaproteobacteria,Caulobacterales,Caulobacteraceae,Brevundimonas,Brevundimonas sp051858995,0.375,0.001749271,0.9372/0.8220
Te.F.1.H.C,C04,Teal,dorm_sample,Bacteria,Pseudomonadota,Alphaproteobacteria,Caulobacterales,Caulobacteraceae,Brevundimonas,Brevundimonas sp963515305,0.375,0.001749271,0.9616/0.9590
Te.F.1.H.C,C04,Teal,dorm_sample,Bacteria,Pseudomonadota,Alphaproteobacteria,Rhizobiales,Xanthobacteraceae,Xanthobacter,Xanthobacter sp023442085,0.375,0.001749271,0.9770/0.9751
Te.F.1.H.C,C04,Teal,dorm_sample,Bacteria,Pseudomonadota,Gammaproteobacteria,Xanthomonadales,Xanthomonadaceae,Lysobacter_I,Lysobacter_I sp036404915,0.375,0.001749271,0.9877/0.9867
Te.F.1.H.C,C04,Teal,dorm_sample,Bacteria,Pseudomonadota,Alphaproteobacteria,Sphingomonadales,Sphingomonadaceae,Sphingomonas,Sphingomonas sp943913195,0.375,0.001749271,0.9911/0.9911
Te.F.1.H.C,C04,Teal,dorm_sample,Bacteria,Actinomycetota,Actinomycetes,Actinomycetales,Microbacteriaceae,Microbacterium,Microbacterium maritypicum,0.375,0.001749271,0.9986/0.9986
Te.F.1.H.C,C04,Teal,dorm_sample,Bacteria,Bdellovibrionota,Bdellovibrionia,Bdellovibrionales,UBA1609,UBA6776,UBA6776 sp002453155,0.5,0.002332362,0.7503/0.7300
Te.F.1.H.C,C04,Teal,dorm_sample,Bacteria,Acidobacteriota,Vicinamibacteria,Vicinamibacterales,Vicinamibacteraceae,JBDSLU01,JBDSLU01 sp963816265,0.5,0.002332362,0.7915/0.7375
Te.F.1.H.C,C04,Teal,dorm_sample,Bacteria,Pseudomonadota,Alphaproteobacteria,Sphingomonadales,Sphingomonadaceae,Qipengyuania,Qipengyuania sp021794525,0.5,0.002332362,0.8193/0.7485
Te.F.1.H.C,C04,Teal,dorm_sample,Bacteria,Pseudomonadota,Alphaproteobacteria,Sphingomonadales,Sphingomonadaceae,Qipengyuania,Qipengyuania sp019745075,0.5,0.002332362,0.8568/0.8336
Te.F.1.H.C,C04,Teal,dorm_sample,Bacteria,Pseudomonadota,Alphaproteobacteria,Reyranellales,Reyranellaceae,Reyranella,Reyranella sp903929895,0.5,0.002332362,0.9123/0.8911
Te.F.1.H.C,C04,Teal,dorm_sample,Bacteria,Pseudomonadota,Gammaproteobacteria,Xanthomonadales,Rhodanobacteraceae,Dokdonella_A,Dokdonella_A sp004143945,0.5,0.002332362,0.9357/0.9321
Te.F.1.H.C,C04,Teal,dorm_sample,Bacteria,Bacteroidota,Bacteroidia,Flavobacteriales,Flavobacteriaceae,Flavobacterium,Flavobacterium endophyticum,0.5,0.002332362,0.9390/0.9375
Te.F.1.H.C,C04,Teal,dorm_sample,Bacteria,Pseudomonadota,Alphaproteobacteria,Reyranellales,Reyranellaceae,Reyranella,Reyranella sp965228225,0.5,0.002332362,0.9413/0.9389
Te.F.1.H.C,C04,Teal,dorm_sample,Bacteria,Actinomycetota,Actinomycetes,Mycobacteriales,Mycobacteriaceae,Mycobacterium,Mycobacterium gilvum,0.5,0.002332362,0.9968/0.9964
Te.F.1.H.C,C04,Teal,dorm_sample,Bacteria,Pseudomonadota,Alphaproteobacteria,Caulobacterales,Caulobacteraceae,Brevundimonas,Brevundimonas pondensis,0.5,0.002332362,0.9986/0.9985
Te.F.1.H.C,C04,Teal,dorm_sample,Bacteria,Bacteroidota,Bacteroidia,B-17B0,Aurantibacillaceae,Aurantibacillus,Aurantibacillus sp002319075,0.625,0.002915452,0.8366/0.8109
Te.F.1.H.C,C04,Teal,dorm_sample,Bacteria,Pseudomonadota,Alphaproteobacteria,Reyranellales,Reyranellaceae,Reyranella,Reyranella sp965279465,0.625,0.002915452,0.9067/0.9044
Te.F.1.H.C,C04,Teal,dorm_sample,Bacteria,Pseudomonadota,Alphaproteobacteria,Caulobacterales,Caulobacteraceae,Brevundimonas,Brevundimonas sp041919755,0.625,0.002915452,0.9282/0.8794
Te.F.1.H.C,C04,Teal,dorm_sample,Bacteria,Bacteroidota,Bacteroidia,B-17B0,Aurantibacillaceae,UBA4416,UBA4416 sp943362175,0.625,0.002915452,0.9453/0.9288
Te.F.1.H.C,C04,Teal,dorm_sample,Bacteria,Pseudomonadota,Gammaproteobacteria,Xanthomonadales,Xanthomonadaceae,Pseudoxanthomonas_A,Pseudoxanthomonas_A sp014851815,0.625,0.002915452,0.9486/0.9428
Te.F.1.H.C,C04,Teal,dorm_sample,Bacteria,Pseudomonadota,Gammaproteobacteria,Xanthomonadales,Xanthomonadaceae,Pseudoxanthomonas_A,Pseudoxanthomonas_A sp002863005,0.625,0.002915452,0.9889/0.9889
Te.F.1.H.C,C04,Teal,dorm_sample,Bacteria,Actinomycetota,Actinomycetes,Mycobacteriales,Mycobacteriaceae,Mycobacterium,Mycobacterium grossiae,0.625,0.002915452,0.9919/0.9901
Te.F.1.H.C,C04,Teal,dorm_sample,Bacteria,Actinomycetota,Actinomycetes,Mycobacteriales,Mycobacteriaceae,Mycobacterium,Mycobacterium gordonae_B,0.625,0.002915452,0.9926/0.9923
Te.F.1.H.C,C04,Teal,dorm_sample,Bacteria,Pseudomonadota,Gammaproteobacteria,Xanthomonadales,Rhodanobacteraceae,Dokdonella_A,Dokdonella_A sp023430685,0.625,0.002915452,0.9928/0.9915
Te.F.1.H.C,C04,Teal,dorm_sample,Bacteria,Acidobacteriota,Blastocatellia,Pyrinomonadales,Pyrinomonadaceae,JALZHR01,JALZHR01 sp036388635,0.75,0.003498542,0.7631/0.7170
Te.F.1.H.C,C04,Teal,dorm_sample,Bacteria,Cyanobacteriota,Vampirovibrionia,Obscuribacterales,Obscuribacteraceae,Ga0077546,Ga0077546 sp036170915,0.75,0.003498542,0.7902/0.7468
Te.F.1.H.C,C04,Teal,dorm_sample,Bacteria,Acidobacteriota,Blastocatellia,Pyrinomonadales,Pyrinomonadaceae,GCA-002050365,GCA-002050365 sp965218105,0.75,0.003498542,0.7958/0.7545
Te.F.1.H.C,C04,Teal,dorm_sample,Bacteria,Cyanobacteriota,Vampirovibrionia,Obscuribacterales,Obscuribacteraceae,Ga0077546,Ga0077546 sp965229195,0.75,0.003498542,0.8670/0.8479
Te.F.1.H.C,C04,Teal,dorm_sample,Bacteria,Pseudomonadota,Alphaproteobacteria,Sphingomonadales,Sphingomonadaceae,Erythrobacter,Erythrobacter oryzae,0.75,0.003498542,0.8926/0.8770
Te.F.1.H.C,C04,Teal,dorm_sample,Bacteria,Pseudomonadota,Gammaproteobacteria,Burkholderiales,Burkholderiaceae_C,Aquincola,Aquincola sp964001545,0.75,0.003498542,0.9929/0.9928
Te.F.1.H.C,C04,Teal,dorm_sample,Bacteria,Pseudomonadota,Alphaproteobacteria,Rhizobiales,Hyphomicrobiaceae,JAKAXS01,JAKAXS01 sp963846845,0.875,0.004081633,0.8329/0.7488
Te.F.1.H.C,C04,Teal,dorm_sample,Bacteria,Bacteroidota,Bacteroidia,Chitinophagales,Chitinophagaceae,JAFIGV01,JAFIGV01 sp023418315,0.875,0.004081633,0.8476/0.8153
Te.F.1.H.C,C04,Teal,dorm_sample,Bacteria,Planctomycetota,Planctomycetia,Pirellulales,PALSA-1355,JALHMI01,JALHMI01 sp041741015,0.875,0.004081633,0.8529/0.8048
Te.F.1.H.C,C04,Teal,dorm_sample,Bacteria,Pseudomonadota,Gammaproteobacteria,Xanthomonadales,Xanthomonadaceae,Lysobacter_I,Lysobacter_I brunescens,0.875,0.004081633,0.9571/0.9560
Te.F.1.H.C,C04,Teal,dorm_sample,Bacteria,Pseudomonadota,Alphaproteobacteria,Reyranellales,Reyranellaceae,Reyranella,Reyranella sp026126105,0.875,0.004081633,0.9763/0.9758
Te.F.1.H.C,C04,Teal,dorm_sample,Bacteria,Actinomycetota,Actinomycetes,Mycobacteriales,Mycobacteriaceae,Mycobacterium,Mycobacterium fortuitum,0.875,0.004081633,0.9992/0.9991
Te.F.1.H.C,C04,Teal,dorm_sample,Bacteria,Bacteroidota,Bacteroidia,Chitinophagales,Chitinophagaceae,Agriterribacter,Agriterribacter sp051955255,1,0.004664723,0.8546/0.8044
Te.F.1.H.C,C04,Teal,dorm_sample,Bacteria,Pseudomonadota,Alphaproteobacteria,Reyranellales,Reyranellaceae,Reyranella,Reyranella sp004297265,1,0.004664723,0.9144/0.9065
Te.F.1.H.C,C04,Teal,dorm_sample,Bacteria,Pseudomonadota,Alphaproteobacteria,Rhizobiales,Aestuariivirgaceae,Taklimakanibacter,Taklimakanibacter sp005502925,1,0.004664723,0.9386/0.9301
Te.F.1.H.C,C04,Teal,dorm_sample,Bacteria,Acidobacteriota,Blastocatellia,Pyrinomonadales,Pyrinomonadaceae,JAFDVJ01,JAFDVJ01 sp022843305,1.125,0.005247813,0.8357/0.7063
Te.F.1.H.C,C04,Teal,dorm_sample,Bacteria,Pseudomonadota,Gammaproteobacteria,Burkholderiales,Burkholderiaceae_C,Aquincola,Aquincola tertiaricarbonis_B,1.25,0.005830904,0.9468/0.9434
Te.F.1.H.C,C04,Teal,dorm_sample,Bacteria,Pseudomonadota,Alphaproteobacteria,Sphingomonadales,Sphingomonadaceae,Sphingopyxis,Sphingopyxis sp035998905,1.375,0.006413994,0.9468/0.9276
Te.F.1.H.C,C04,Teal,dorm_sample,Bacteria,Pseudomonadota,Alphaproteobacteria,Rhizobiales,Rhizobiaceae,Arvimicrobium,Arvimicrobium flavum,1.5,0.006997085,0.8560/0.8222
Te.F.1.H.C,C04,Teal,dorm_sample,Bacteria,Pseudomonadota,Alphaproteobacteria,Sphingomonadales,Sphingomonadaceae,Qipengyuania,Qipengyuania sp016793865,1.5,0.006997085,0.8660/0.8088
Te.F.1.H.C,C04,Teal,dorm_sample,Bacteria,Acidobacteriota,Blastocatellia,Pyrinomonadales,Pyrinomonadaceae,JAIBCC01,JAIBCC01 sp963779235,1.625,0.007580175,0.8082/0.7549
Te.F.1.H.C,C04,Teal,dorm_sample,Bacteria,Cyanobacteriota,Vampirovibrionia,Obscuribacterales,Obscuribacteraceae,Ga0077546,Ga0077546 sp030696635,1.625,0.007580175,0.8168/0.7864
Te.F.1.H.C,C04,Teal,dorm_sample,Bacteria,Bacteroidota,Bacteroidia,Chitinophagales,Chitinophagaceae,JAFIGV01,JAFIGV01 sp035497455,1.75,0.008163265,0.8302/0.8106
Te.F.1.H.C,C04,Teal,dorm_sample,Bacteria,Pseudomonadota,Gammaproteobacteria,Pseudomonadales,Moraxellaceae,Acinetobacter,Acinetobacter johnsonii,1.75,0.008163265,0.9909/0.9855
Te.F.1.H.C,C04,Teal,dorm_sample,Bacteria,Actinomycetota,Actinomycetes,Actinomycetales,Microbacteriaceae,Microbacterium,Microbacterium sp003248845,1.875,0.008746356,0.9872/0.9715
Te.F.1.H.C,C04,Teal,dorm_sample,Bacteria,Bacteroidota,Bacteroidia,Sphingobacteriales,Sphingobacteriaceae,Pedobacter,Pedobacter sp001412215,2,0.009329446,0.8641/0.8217
Te.F.1.H.C,C04,Teal,dorm_sample,Bacteria,Cyanobacteriota,Vampirovibrionia,Obscuribacterales,Obscuribacteraceae,Ga0077546,Ga0077546 sp021732025,2.25,0.01049563,0.8063/0.7696
Te.F.1.H.C,C04,Teal,dorm_sample,Bacteria,Pseudomonadota,Alphaproteobacteria,Caulobacterales,Caulobacteraceae,Phenylobacterium,Phenylobacterium haematophilum,2.25,0.01049563,0.9943/0.9942
Te.F.1.H.C,C04,Teal,dorm_sample,Bacteria,Pseudomonadota,Alphaproteobacteria,Sphingomonadales,Sphingomonadaceae,Sphingomonas,Sphingomonas koreensis,2.375,0.01107872,0.9916/0.9881
Te.F.1.H.C,C04,Teal,dorm_sample,Bacteria,Actinomycetota,Actinomycetes,Actinomycetales,Microbacteriaceae,Pseudolysinimonas_A,Pseudolysinimonas_A sp023457615,2.5,0.01166181,0.8785/0.8558
Te.F.1.H.C,C04,Teal,dorm_sample,Bacteria,Pseudomonadota,Gammaproteobacteria,Burkholderiales,Burkholderiaceae,Imbroritus,Imbroritus primus,2.75,0.01282799,0.9283/0.9199
Te.F.1.H.C,C04,Teal,dorm_sample,Bacteria,Pseudomonadota,Alphaproteobacteria,Rhizobiales,Rhizobiaceae,Arvimicrobium,Arvimicrobium sp023953845,3.125,0.01457726,0.8613/0.7988
Te.F.1.H.C,C04,Teal,dorm_sample,Bacteria,Planctomycetota,Planctomycetia,Pirellulales,Lacipirellulaceae,Lacipirellula,Lacipirellula parvula,3.125,0.01457726,0.9190/0.8981
Te.F.1.H.C,C04,Teal,dorm_sample,Bacteria,Pseudomonadota,Gammaproteobacteria,Enterobacterales,Alteromonadaceae,Pararheinheimera,Pararheinheimera sp030824435,3.25,0.01516035,0.9274/0.9228
Te.F.1.H.C,C04,Teal,dorm_sample,Bacteria,Pseudomonadota,Gammaproteobacteria,Xanthomonadales,Ahniellaceae,JBGAHD01,JBGAHD01 sp044226395,3.375,0.01574344,0.8265/0.7844
Te.F.1.H.C,C04,Teal,dorm_sample,Bacteria,Actinomycetota,Actinomycetes,Actinomycetales,Microbacteriaceae,Pseudolysinimonas_A,Pseudolysinimonas_A sp947085045,3.375,0.01574344,0.8507/0.7865
Te.F.1.H.C,C04,Teal,dorm_sample,Bacteria,Pseudomonadota,Gammaproteobacteria,Xanthomonadales,Xanthomonadaceae,Pseudoxanthomonas_A,Pseudoxanthomonas_A mexicana,3.5,0.01632653,0.9913/0.9912
Te.F.1.H.C,C04,Teal,dorm_sample,Bacteria,Acidobacteriota,Blastocatellia,Pyrinomonadales,Pyrinomonadaceae,JAFDVJ01,JAFDVJ01 sp965247805,3.875,0.0180758,0.8243/0.7940
Te.F.1.H.C,C04,Teal,dorm_sample,Bacteria,Pseudomonadota,Gammaproteobacteria,Xanthomonadales,Xanthomonadaceae,Pseudoxanthomonas_A,Pseudoxanthomonas_A japonensis,3.875,0.0180758,0.9883/0.9873
Te.F.1.H.C,C04,Teal,dorm_sample,Bacteria,Pseudomonadota,Gammaproteobacteria,Burkholderiales,Burkholderiaceae_C,Ottowia,Ottowia testudinis,6.25,0.02915452,0.9032/0.8955
Te.F.1.H.C,C04,Teal,dorm_sample,Bacteria,Pseudomonadota,Alphaproteobacteria,Sphingomonadales,Sphingomonadaceae,Sphingopyxis,Sphingopyxis sp014873485,6.25,0.02915452,0.9570/0.9466
Te.F.1.H.C,C04,Teal,dorm_sample,Bacteria,Actinomycetota,Actinomycetes,Mycobacteriales,Nakamurellaceae,Nakamurella,Nakamurella multipartita,6.75,0.03148688,0.9822/0.9741
Te.F.1.H.C,C04,Teal,dorm_sample,Bacteria,Pseudomonadota,Alphaproteobacteria,Rhizobiales,Xanthobacteraceae,Bradyrhizobium,Bradyrhizobium lablabi_C,7.125,0.03323615,0.8913/0.8452
Te.F.1.H.C,C04,Teal,dorm_sample,Bacteria,Acidobacteriota,Blastocatellia,Pyrinomonadales,Pyrinomonadaceae,JAFDVJ01,JAFDVJ01 sp031411895,9,0.04198251,0.8673/0.8318
Te.F.1.H.C,C04,Teal,dorm_sample,Bacteria,Pseudomonadota,Gammaproteobacteria,Burkholderiales,Burkholderiaceae_C,Ottowia,Ottowia sp018060485,15.875,0.07405248,0.9840/0.9763
Te.F.1.H.C,C04,Teal,dorm_sample,Bacteria,Pseudomonadota,Alphaproteobacteria,Sphingomonadales,Sphingomonadaceae,Sphingopyxis,Sphingopyxis sp001468395,17.125,0.07988338,0.9776/0.9716
Te.F.1.H.C,C04,Teal,dorm_sample,Bacteria,Actinomycetota,Actinomycetes,Mycobacteriales,Mycobacteriaceae,Mycobacterium,Mycobacterium phocaicum,24.25,0.1131195,0.9940/0.9932
Te.F.1.H.C,C04,Teal,dorm_sample,Bacteria,unclassified Bacteria phylum,unclassified Bacteria class,unclassified Bacteria order,unclassified Bacteria family,unclassified Bacteria genus,unclassified Bacteria species,27.75,0.1294461,0.0000/0.0000
SR.F.2.H.B,C05,SoRo,dorm_sample,Archaea,unclassified Archaea phylum,unclassified Archaea class,unclassified Archaea order,unclassified Archaea family,unclassified Archaea genus,unclassified Archaea species,0.125,0.000900901,0.0000/0.0000
SR.F.2.H.B,C05,SoRo,dorm_sample,Bacteria,Bdellovibrionota,UBA2428,UBA2428,UBA2428,CAXNGS01,CAXNGS01 sp964636255,0.25,0.001801802,0.7624/0.7433
SR.F.2.H.B,C05,SoRo,dorm_sample,Bacteria,Chloroflexota,Anaerolineae,Aggregatilineales,Phototrophicaceae,Flexifilum,Flexifilum sp046328655,0.25,0.001801802,0.7761/0.7426
SR.F.2.H.B,C05,SoRo,dorm_sample,Bacteria,Bacteroidota,Bacteroidia,Cytophagales,Cyclobacteriaceae,Chryseolinea,Chryseolinea sp035489615,0.25,0.001801802,0.7767/0.7576
SR.F.2.H.B,C05,SoRo,dorm_sample,Bacteria,Bacteroidota,Bacteroidia,Sphingobacteriales,Sphingobacteriaceae,Mucilaginibacter,Mucilaginibacter sp035547875,0.25,0.001801802,0.7905/0.7644
SR.F.2.H.B,C05,SoRo,dorm_sample,Bacteria,Bacteroidota,Bacteroidia,Chitinophagales,Chitinophagaceae,Endoryza,Endoryza sp965279015,0.25,0.001801802,0.7952/0.7490
SR.F.2.H.B,C05,SoRo,dorm_sample,Bacteria,Bacteroidota,Bacteroidia,Chitinophagales,Chitinophagaceae,Flavitalea,Flavitalea sp035525775,0.25,0.001801802,0.8006/0.7544
SR.F.2.H.B,C05,SoRo,dorm_sample,Bacteria,Pseudomonadota,Alphaproteobacteria,Rickettsiales,UBA3002,QFOX01,QFOX01 sp964530085,0.25,0.001801802,0.8028/0.7210
SR.F.2.H.B,C05,SoRo,dorm_sample,Bacteria,Bacteroidota,Bacteroidia,Chitinophagales,Chitinophagaceae,Flavisolibacter,Flavisolibacter sp963697545,0.25,0.001801802,0.8045/0.7822
SR.F.2.H.B,C05,SoRo,dorm_sample,Bacteria,Acidobacteriota,Blastocatellia,Pyrinomonadales,Pyrinomonadaceae,OLB17,OLB17 sp902826795,0.25,0.001801802,0.8069/0.7221
SR.F.2.H.B,C05,SoRo,dorm_sample,Bacteria,Acidobacteriota,Blastocatellia,Pyrinomonadales,Pyrinomonadaceae,JAFDVJ01,JAFDVJ01 sp965247805,0.25,0.001801802,0.8092/0.7702
SR.F.2.H.B,C05,SoRo,dorm_sample,Bacteria,Pseudomonadota,Gammaproteobacteria,Burkholderiales,Usitatibacteraceae,Usitatibacter,Usitatibacter sp963827425,0.25,0.001801802,0.8169/0.7889
SR.F.2.H.B,C05,SoRo,dorm_sample,Bacteria,Pseudomonadota,Alphaproteobacteria,Caulobacterales,Caulobacteraceae,Phenylobacterium,Phenylobacterium sp964419395,0.25,0.001801802,0.8215/0.7914
SR.F.2.H.B,C05,SoRo,dorm_sample,Bacteria,Pseudomonadota,Alphaproteobacteria,Micavibrionales,UBA2020,JAEXMB01,JAEXMB01 sp023444705,0.25,0.001801802,0.8238/0.8011
SR.F.2.H.B,C05,SoRo,dorm_sample,Bacteria,Pseudomonadota,Gammaproteobacteria,Xanthomonadales,Ahniellaceae,JBGAHD01,JBGAHD01 sp044226395,0.25,0.001801802,0.8328/0.8063
SR.F.2.H.B,C05,SoRo,dorm_sample,Bacteria,Actinomycetota,Actinomycetes,Actinomycetales,Microbacteriaceae,Pseudolysinimonas_A,Pseudolysinimonas_A sp044239695,0.25,0.001801802,0.8478/0.7185
SR.F.2.H.B,C05,SoRo,dorm_sample,Bacteria,Acidobacteriota,Vicinamibacteria,Vicinamibacterales,Vicinamibacteraceae,CAWJAP01,CAWJAP01 sp963840865,0.25,0.001801802,0.8558/0.7972
SR.F.2.H.B,C05,SoRo,dorm_sample,Bacteria,Pseudomonadota,Alphaproteobacteria,Rhodobacterales,Rhodobacteraceae,Tabrizicola,Tabrizicola sp041911175,0.25,0.001801802,0.8559/0.8208
SR.F.2.H.B,C05,SoRo,dorm_sample,Bacteria,Pseudomonadota,Alphaproteobacteria,Sphingomonadales,Sphingomonadaceae,Sphingobium_A,Sphingobium_A colocasiae,0.25,0.001801802,0.8613/0.8453
SR.F.2.H.B,C05,SoRo,dorm_sample,Bacteria,Pseudomonadota,Alphaproteobacteria,Rhodospirillales,Defluviicoccaceae,Defluviicoccus,Defluviicoccus sp046348725,0.25,0.001801802,0.8620/0.8258
SR.F.2.H.B,C05,SoRo,dorm_sample,Bacteria,Pseudomonadota,Alphaproteobacteria,Sphingomonadales,Sphingomonadaceae,Sphingomonas,Sphingomonas koreensis,0.25,0.001801802,0.8627/0.7289
SR.F.2.H.B,C05,SoRo,dorm_sample,Bacteria,Pseudomonadota,Alphaproteobacteria,Rhizobiales,Hyphomicrobiaceae,Hyphomicrobium_B,Hyphomicrobium_B sp017512425,0.25,0.001801802,0.8672/0.8139
SR.F.2.H.B,C05,SoRo,dorm_sample,Bacteria,Nitrospirota,Nitrospiria,Nitrospirales,Nitrospiraceae,Nitrospira_A,Nitrospira_A sp022226935,0.25,0.001801802,0.8726/0.8658
SR.F.2.H.B,C05,SoRo,dorm_sample,Bacteria,Actinomycetota,Actinomycetes,Propionibacteriales,Propionibacteriaceae,Micropruina,Micropruina sp047607385,0.25,0.001801802,0.8841/0.8509
SR.F.2.H.B,C05,SoRo,dorm_sample,Bacteria,Actinomycetota,Actinomycetes,Mycobacteriales,Pseudonocardiaceae,Pseudonocardia,Pseudonocardia sp963780835,0.25,0.001801802,0.9057/0.8639
SR.F.2.H.B,C05,SoRo,dorm_sample,Bacteria,Pseudomonadota,Gammaproteobacteria,Burkholderiales,Burkholderiaceae,Imbroritus,Imbroritus primus,0.25,0.001801802,0.9235/0.9195
SR.F.2.H.B,C05,SoRo,dorm_sample,Bacteria,Pseudomonadota,Alphaproteobacteria,Rhizobiales,Aestuariivirgaceae,Taklimakanibacter,Taklimakanibacter sp049323275,0.25,0.001801802,0.9268/0.9117
SR.F.2.H.B,C05,SoRo,dorm_sample,Bacteria,Pseudomonadota,Alphaproteobacteria,Sphingomonadales,Sphingomonadaceae,Allosphingosinicella,Allosphingosinicella sp031157375,0.25,0.001801802,0.9269/0.9042
SR.F.2.H.B,C05,SoRo,dorm_sample,Bacteria,Bacteroidota,Bacteroidia,Flavobacteriales,Flavobacteriaceae,Flavobacterium,Flavobacterium lindanitolerans,0.25,0.001801802,0.9298/0.9241
SR.F.2.H.B,C05,SoRo,dorm_sample,Bacteria,Pseudomonadota,Alphaproteobacteria,Reyranellales,Reyranellaceae,Reyranella,Reyranella aquatilis,0.25,0.001801802,0.9310/0.9304
SR.F.2.H.B,C05,SoRo,dorm_sample,Bacteria,Pseudomonadota,Alphaproteobacteria,Sphingomonadales,Sphingomonadaceae,Sphingomonas_B,Sphingomonas_B sp018240865,0.25,0.001801802,0.9316/0.7770
SR.F.2.H.B,C05,SoRo,dorm_sample,Bacteria,Pseudomonadota,Alphaproteobacteria,Caedimonadales,Caedimonadaceae,Paracaedimonas,Paracaedimonas sp001898725,0.25,0.001801802,0.9358/0.8984
SR.F.2.H.B,C05,SoRo,dorm_sample,Bacteria,Pseudomonadota,Alphaproteobacteria,Micropepsales,Micropepsaceae,JADZAI01,JADZAI01 sp029778105,0.25,0.001801802,0.9879/0.7869
SR.F.2.H.B,C05,SoRo,dorm_sample,Bacteria,Pseudomonadota,Alphaproteobacteria,Caulobacterales,Caulobacteraceae,Caulobacter,Caulobacter sp020161365,0.25,0.001801802,0.9882/0.9882
SR.F.2.H.B,C05,SoRo,dorm_sample,Bacteria,Pseudomonadota,Alphaproteobacteria,Caulobacterales,Caulobacteraceae,Phenylobacterium,Phenylobacterium sp041919955,0.25,0.001801802,0.9939/0.9938
SR.F.2.H.B,C05,SoRo,dorm_sample,Bacteria,Bacteroidota,Bacteroidia,B-17B0,Aurantibacillaceae,Aurantibacillus,Aurantibacillus sp016787705,0.25,0.001801802,0.9956/0.9949
SR.F.2.H.B,C05,SoRo,dorm_sample,Bacteria,Pseudomonadota,Alphaproteobacteria,Rhizobiales,Hyphomicrobiaceae,Hyphomicrobium_C,Hyphomicrobium_C zavarzinii,0.25,0.001801802,0.9980/0.9979
SR.F.2.H.B,C05,SoRo,dorm_sample,Bacteria,Chloroflexota,Chloroflexia,Thermomicrobiales,UBA6265,JADLGF01,JADLGF01 sp963804925,0.375,0.002702703,0.7611/0.7223
SR.F.2.H.B,C05,SoRo,dorm_sample,Bacteria,Acidobacteriota,Terriglobia,Bryobacterales,Bryobacteraceae,JAPKYZ01,JAPKYZ01 sp037190045,0.375,0.002702703,0.7689/0.7538
SR.F.2.H.B,C05,SoRo,dorm_sample,Bacteria,Chlamydiota,Chlamydiia,Chlamydiales,Rhabdochlamydiaceae,Acherontichlamydia,Acherontichlamydia sp018239665,0.375,0.002702703,0.7913/0.7848
SR.F.2.H.B,C05,SoRo,dorm_sample,Bacteria,Bdellovibrionota,Bdellovibrionia,Bdellovibrionales,JAMPXM01,Ga0074137,Ga0074137 sp001464715,0.375,0.002702703,0.7991/0.7644
SR.F.2.H.B,C05,SoRo,dorm_sample,Bacteria,Bacteroidota,Bacteroidia,Chitinophagales,Chitinophagaceae,Flavisolibacter,Flavisolibacter ginsenosidimutans,0.375,0.002702703,0.8007/0.7765
SR.F.2.H.B,C05,SoRo,dorm_sample,Bacteria,Pseudomonadota,Alphaproteobacteria,Rhodospirillales,Defluviicoccaceae,Defluviicoccus,Defluviicoccus sp016712375,0.375,0.002702703,0.8097/0.7995
SR.F.2.H.B,C05,SoRo,dorm_sample,Bacteria,Bacteroidota,Bacteroidia,B-17B0,Aurantibacillaceae,Aurantibacillus,Aurantibacillus sp044221905,0.375,0.002702703,0.8101/0.7947
SR.F.2.H.B,C05,SoRo,dorm_sample,Bacteria,Pseudomonadota,Alphaproteobacteria,Caulobacterales,Caulobacteraceae,Acaudatibacter,Acaudatibacter sp963817995,0.375,0.002702703,0.8380/0.7789
SR.F.2.H.B,C05,SoRo,dorm_sample,Bacteria,Pseudomonadota,Alphaproteobacteria,Acetobacterales,Acetobacteraceae,Neoroseomonas,Neoroseomonas marina,0.375,0.002702703,0.8675/0.8476
SR.F.2.H.B,C05,SoRo,dorm_sample,Bacteria,Bdellovibrionota,Bacteriovoracia,Bacteriovoracales,Bacteriovoracaceae,Peredibacter,Peredibacter sp046595005,0.375,0.002702703,0.8723/0.8705
SR.F.2.H.B,C05,SoRo,dorm_sample,Bacteria,Bacteroidota,Bacteroidia,Chitinophagales,Chitinophagaceae,Ferruginibacter,Ferruginibacter sp964404845,0.375,0.002702703,0.8844/0.8417
SR.F.2.H.B,C05,SoRo,dorm_sample,Bacteria,Cyanobacteriota,Vampirovibrionia,Obscuribacterales,Obscuribacteraceae,JADYXR01,JADYXR01 sp019637435,0.375,0.002702703,0.8902/0.8672
SR.F.2.H.B,C05,SoRo,dorm_sample,Bacteria,Pseudomonadota,Alphaproteobacteria,Rhizobiales,Xanthobacteraceae,Bradyrhizobium,Bradyrhizobium sp963840465,0.375,0.002702703,0.8944/0.8105
SR.F.2.H.B,C05,SoRo,dorm_sample,Bacteria,Pseudomonadota,Alphaproteobacteria,Rhodobacterales,Rhodobacteraceae,Albidovulum,Albidovulum sp002440625,0.375,0.002702703,0.9031/0.7965
SR.F.2.H.B,C05,SoRo,dorm_sample,Bacteria,Pseudomonadota,Alphaproteobacteria,Rhizobiales,Beijerinckiaceae,Allobosea,Allobosea sp900112185,0.375,0.002702703,0.9755/0.9699
SR.F.2.H.B,C05,SoRo,dorm_sample,Bacteria,Bacteroidota,Bacteroidia,Chitinophagales,Chitinophagaceae,Niabella,Niabella defluvii,0.375,0.002702703,0.9913/0.9910
SR.F.2.H.B,C05,SoRo,dorm_sample,Bacteria,Actinomycetota,Actinomycetes,Mycobacteriales,Nakamurellaceae,Nakamurella,Nakamurella multipartita,0.375,0.002702703,0.9958/0.9958
SR.F.2.H.B,C05,SoRo,dorm_sample,Bacteria,Bdellovibrionota,Bdellovibrionia,Bdellovibrionales,Bdellovibrionaceae,Pseudobdellovibrio,Pseudobdellovibrio sp052034855,0.5,0.003603604,0.7977/0.7582
SR.F.2.H.B,C05,SoRo,dorm_sample,Bacteria,Patescibacteriota,Saccharimonadia,Saccharimonadales,Saccharimonadaceae,Microsaccharimonas,Microsaccharimonas sp001897295,0.5,0.003603604,0.8259/0.7820
SR.F.2.H.B,C05,SoRo,dorm_sample,Bacteria,Bacteroidota,Bacteroidia,Chitinophagales,Chitinophagaceae,Nemorincola,Nemorincola sp019638495,0.5,0.003603604,0.8570/0.8429
SR.F.2.H.B,C05,SoRo,dorm_sample,Bacteria,Acidobacteriota,Vicinamibacteria,Vicinamibacterales,UBA2999,VFZN01,VFZN01 sp963709325,0.5,0.003603604,0.8635/0.8458
SR.F.2.H.B,C05,SoRo,dorm_sample,Bacteria,Acidobacteriota,Blastocatellia,Pyrinomonadales,Pyrinomonadaceae,CALMEH01,CALMEH01 sp937863115,0.5,0.003603604,0.8636/0.8317
SR.F.2.H.B,C05,SoRo,dorm_sample,Bacteria,Pseudomonadota,Alphaproteobacteria,Rhizobiales,Xanthobacteraceae,Bradyrhizobium,Bradyrhizobium lablabi_C,0.5,0.003603604,0.8920/0.8831
SR.F.2.H.B,C05,SoRo,dorm_sample,Bacteria,Acidobacteriota,Blastocatellia,Pyrinomonadales,Pyrinomonadaceae,JAJQRF01,JAJQRF01 sp021228405,0.5,0.003603604,0.8967/0.8309
SR.F.2.H.B,C05,SoRo,dorm_sample,Bacteria,Pseudomonadota,Gammaproteobacteria,Burkholderiales,Burkholderiaceae_C,Aquincola,Aquincola tertiaricarbonis_B,0.5,0.003603604,0.9021/0.8855
SR.F.2.H.B,C05,SoRo,dorm_sample,Bacteria,Pseudomonadota,Alphaproteobacteria,Rhizobiales,Xanthobacteraceae,Bradyrhizobium,Bradyrhizobium sp029714305,0.5,0.003603604,0.9123/0.8950
SR.F.2.H.B,C05,SoRo,dorm_sample,Bacteria,Bacteroidota,Bacteroidia,Chitinophagales,Chitinophagaceae,Terrimonas,Terrimonas sp937888905,0.5,0.003603604,0.9293/0.9083
SR.F.2.H.B,C05,SoRo,dorm_sample,Bacteria,Pseudomonadota,Gammaproteobacteria,Xanthomonadales,Xanthomonadaceae,Pseudoxanthomonas_A,Pseudoxanthomonas_A beigongshangi,0.5,0.003603604,0.9431/0.9384
SR.F.2.H.B,C05,SoRo,dorm_sample,Bacteria,Bacteroidota,Bacteroidia,Chitinophagales,Chitinophagaceae,CAYMZZ01,CAYMZZ01 sp001898485,0.5,0.003603604,0.9851/0.9848
SR.F.2.H.B,C05,SoRo,dorm_sample,Bacteria,Pseudomonadota,Alphaproteobacteria,Sphingomonadales,Sphingomonadaceae,Novosphingobium,Novosphingobium subterraneum,0.5,0.003603604,0.9905/0.9631
SR.F.2.H.B,C05,SoRo,dorm_sample,Bacteria,Actinomycetota,Actinomycetes,Mycobacteriales,Mycobacteriaceae,Mycobacterium,Mycobacterium paragordonae,0.5,0.003603604,0.9941/0.9938
SR.F.2.H.B,C05,SoRo,dorm_sample,Bacteria,Pseudomonadota,Gammaproteobacteria,Burkholderiales,Burkholderiaceae_C,Xenophilus,Xenophilus sp916700565,0.5,0.003603604,0.9995/0.9994
SR.F.2.H.B,C05,SoRo,dorm_sample,Bacteria,Bacteroidota,Bacteroidia,Chitinophagales,Chitinophagaceae,Flavisolibacter,Flavisolibacter sp035510335,0.625,0.004504505,0.7977/0.7442
SR.F.2.H.B,C05,SoRo,dorm_sample,Bacteria,Pseudomonadota,Alphaproteobacteria,Caulobacterales,Caulobacteraceae,Phenylobacterium,Phenylobacterium sp041916435,0.625,0.004504505,0.8100/0.7821
SR.F.2.H.B,C05,SoRo,dorm_sample,Bacteria,Bacteroidota,Bacteroidia,Chitinophagales,Chitinophagaceae,Endoryza,Endoryza sp044226045,0.625,0.004504505,0.8239/0.7818
SR.F.2.H.B,C05,SoRo,dorm_sample,Bacteria,Bacteroidota,Bacteroidia,Cytophagales,Cyclobacteriaceae,UBA2336,UBA2336 sp965227265,0.625,0.004504505,0.8293/0.8209
SR.F.2.H.B,C05,SoRo,dorm_sample,Bacteria,Pseudomonadota,Alphaproteobacteria,Rhizobiales,Rhizobiaceae,Arvimicrobium,Arvimicrobium sp023953845,0.625,0.004504505,0.8493/0.7979
SR.F.2.H.B,C05,SoRo,dorm_sample,Bacteria,Pseudomonadota,Alphaproteobacteria,Caulobacterales,Caulobacteraceae,Phenylobacterium,Phenylobacterium terrae,0.625,0.004504505,0.8939/0.8862
SR.F.2.H.B,C05,SoRo,dorm_sample,Bacteria,Planctomycetota,Phycisphaerae,Phycisphaerales,UBA1924,UBA4658,UBA4658 sp044221735,0.75,0.005405405,0.7988/0.7541
SR.F.2.H.B,C05,SoRo,dorm_sample,Bacteria,Pseudomonadota,Alphaproteobacteria,Rickettsiales,UBA3002,QFOX01,QFOX01 sp044341105,0.75,0.005405405,0.7992/0.7611
SR.F.2.H.B,C05,SoRo,dorm_sample,Bacteria,Bacteroidota,Bacteroidia,Chitinophagales,Chitinophagaceae,CADEDV01,CADEDV01 sp017303455,0.75,0.005405405,0.8277/0.7741
SR.F.2.H.B,C05,SoRo,dorm_sample,Bacteria,Bacteroidota,Bacteroidia,Chitinophagales,Chitinophagaceae,UBA5543,UBA5543 sp964515955,0.75,0.005405405,0.8400/0.8248
SR.F.2.H.B,C05,SoRo,dorm_sample,Bacteria,Bacteroidota,Bacteroidia,Chitinophagales,Chitinophagaceae,UBA5543,UBA5543 sp964464965,0.75,0.005405405,0.8510/0.8307
SR.F.2.H.B,C05,SoRo,dorm_sample,Bacteria,Pseudomonadota,Alphaproteobacteria,Sphingomonadales,Sphingomonadaceae,Sphingopyxis,Sphingopyxis sp947463325,0.75,0.005405405,0.8525/0.8034
SR.F.2.H.B,C05,SoRo,dorm_sample,Bacteria,Actinomycetota,Actinomycetes,Propionibacteriales,Propionibacteriaceae,Micropruina,Micropruina sp044224095,0.75,0.005405405,0.8977/0.8447
SR.F.2.H.B,C05,SoRo,dorm_sample,Bacteria,Pseudomonadota,Alphaproteobacteria,Sphingomonadales,Sphingomonadaceae,Sphingosinicella,Sphingosinicella sp041916975,0.75,0.005405405,0.9577/0.9570
SR.F.2.H.B,C05,SoRo,dorm_sample,Bacteria,Planctomycetota,Phycisphaerae,Phycisphaerales,UBA1924,UBA4658,UBA4658 sp043776515,0.875,0.006306306,0.7969/0.7552
SR.F.2.H.B,C05,SoRo,dorm_sample,Bacteria,Bacteroidota,Bacteroidia,Chitinophagales,Chitinophagaceae,JJ008,JJ008 sp037045605,0.875,0.006306306,0.8043/0.7553
SR.F.2.H.B,C05,SoRo,dorm_sample,Bacteria,Nitrospirota,Nitrospiria,Nitrospirales,Nitrospiraceae,Nitrospira_A,Nitrospira_A sp902500995,0.875,0.006306306,0.9298/0.9294
SR.F.2.H.B,C05,SoRo,dorm_sample,Bacteria,Pseudomonadota,Gammaproteobacteria,Xanthomonadales,Xanthomonadaceae,Lysobacter_I,Lysobacter_I brunescens,0.875,0.006306306,0.9653/0.9584
SR.F.2.H.B,C05,SoRo,dorm_sample,Bacteria,Pseudomonadota,Gammaproteobacteria,Xanthomonadales,Xanthomonadaceae,Pseudoxanthomonas_A,Pseudoxanthomonas_A japonensis,0.875,0.006306306,0.9663/0.9654
SR.F.2.H.B,C05,SoRo,dorm_sample,Bacteria,Cyanobacteriota,Vampirovibrionia,Obscuribacterales,Obscuribacteraceae,JAFKGK01,JAFKGK01 sp017307165,0.875,0.006306306,0.9956/0.9952
SR.F.2.H.B,C05,SoRo,dorm_sample,Bacteria,Patescibacteriota,Saccharimonadia,Saccharimonadales,Saccharimonadaceae,Microsaccharimonas,Microsaccharimonas sp964566735,1,0.007207207,0.8214/0.8072
SR.F.2.H.B,C05,SoRo,dorm_sample,Bacteria,Pseudomonadota,Alphaproteobacteria,Rickettsiales,UBA3002,QFOX01,QFOX01 sp044237845,1,0.007207207,0.8246/0.8102
SR.F.2.H.B,C05,SoRo,dorm_sample,Bacteria,Planctomycetota,Phycisphaerae,Phycisphaerales,UBA1924,CAZTQN01,CAZTQN01 sp964615765,1,0.007207207,0.8253/0.8013
SR.F.2.H.B,C05,SoRo,dorm_sample,Bacteria,Actinomycetota,Actinomycetes,Actinomycetales,Microbacteriaceae,Microcella,Microcella alkaliphila_B,1,0.007207207,0.9868/0.9774
SR.F.2.H.B,C05,SoRo,dorm_sample,Bacteria,Pseudomonadota,Alphaproteobacteria,Sphingomonadales,Sphingomonadaceae,Sphingopyxis,Sphingopyxis lacunae,1.25,0.009009009,0.8163/0.7652
SR.F.2.H.B,C05,SoRo,dorm_sample,Bacteria,Pseudomonadota,Alphaproteobacteria,Rhizobiales,Xanthobacteraceae,Bradyrhizobium,Bradyrhizobium japonicum_C,1.375,0.00990991,0.9984/0.9983
SR.F.2.H.B,C05,SoRo,dorm_sample,Bacteria,Pseudomonadota,Alphaproteobacteria,Sphingomonadales,Sphingomonadaceae,Erythrobacter,Erythrobacter oryzae,1.5,0.01081081,0.8773/0.8328
SR.F.2.H.B,C05,SoRo,dorm_sample,Bacteria,Cyanobacteriota,Vampirovibrionia,Obscuribacterales,Obscuribacteraceae,QKMZ01,QKMZ01 sp003242885,1.5,0.01081081,0.9194/0.9182
SR.F.2.H.B,C05,SoRo,dorm_sample,Bacteria,Bacteroidota,Bacteroidia,Chitinophagales,Chitinophagaceae,JJ008,JJ008 sp016719165,1.625,0.01171171,0.7825/0.7535
SR.F.2.H.B,C05,SoRo,dorm_sample,Bacteria,Pseudomonadota,Alphaproteobacteria,Sphingomonadales,Sphingomonadaceae,Sphingopyxis,Sphingopyxis sp014873485,1.625,0.01171171,0.9410/0.9161
SR.F.2.H.B,C05,SoRo,dorm_sample,Bacteria,Pseudomonadota,Gammaproteobacteria,Xanthomonadales,Xanthomonadaceae,Pseudoxanthomonas_A,Pseudoxanthomonas_A mexicana,1.75,0.01261261,0.9878/0.9871
SR.F.2.H.B,C05,SoRo,dorm_sample,Bacteria,Pseudomonadota,Alphaproteobacteria,Sphingomonadales,Sphingomonadaceae,Sphingopyxis,Sphingopyxis sp043727035,2.25,0.01621622,0.8372/0.7340
SR.F.2.H.B,C05,SoRo,dorm_sample,Bacteria,Pseudomonadota,Gammaproteobacteria,Burkholderiales,Burkholderiaceae_C,Acidovorax,Acidovorax temperans,2.75,0.01981982,0.9829/0.9826
SR.F.2.H.B,C05,SoRo,dorm_sample,Bacteria,Pseudomonadota,Alphaproteobacteria,Sphingomonadales,Sphingomonadaceae,Erythrobacter,Erythrobacter sp009905735,3,0.02162162,0.9664/0.9497
SR.F.2.H.B,C05,SoRo,dorm_sample,Bacteria,Cyanobacteriota,Vampirovibrionia,Obscuribacterales,Obscuribacteraceae,QKMZ01,QKMZ01 sp032128875,3.125,0.02252252,0.9577/0.9529
SR.F.2.H.B,C05,SoRo,dorm_sample,Bacteria,Pseudomonadota,Alphaproteobacteria,Rhodobacterales,Rhodobacteraceae,Albidovulum,Albidovulum sp020161655,3.5,0.02522523,0.9198/0.8993
SR.F.2.H.B,C05,SoRo,dorm_sample,Bacteria,Bacteroidota,Bacteroidia,Chitinophagales,Chitinophagaceae,CADEDV01,CADEDV01 sp936908745,3.625,0.02612613,0.8513/0.8317
SR.F.2.H.B,C05,SoRo,dorm_sample,Bacteria,Pseudomonadota,Gammaproteobacteria,Burkholderiales,Burkholderiaceae_C,Ottowia,Ottowia testudinis,3.625,0.02612613,0.8989/0.8903
SR.F.2.H.B,C05,SoRo,dorm_sample,Bacteria,Bacteroidota,Bacteroidia,Chitinophagales,Chitinophagaceae,Terrimonas_A,Terrimonas_A sp965990355,3.875,0.02792793,0.8035/0.7677
SR.F.2.H.B,C05,SoRo,dorm_sample,Bacteria,Pseudomonadota,Alphaproteobacteria,Sphingomonadales,Sphingomonadaceae,Blastomonas,Blastomonas ursincola,5,0.03603604,0.9897/0.9895
SR.F.2.H.B,C05,SoRo,dorm_sample,Bacteria,Pseudomonadota,Alphaproteobacteria,Sphingomonadales,Sphingomonadaceae,Sphingopyxis,Sphingopyxis sp001468395,5.375,0.03873874,0.9676/0.9368
SR.F.2.H.B,C05,SoRo,dorm_sample,Bacteria,Actinomycetota,Actinomycetes,Mycobacteriales,Mycobacteriaceae,Mycobacterium,Mycobacterium phocaicum,6.5,0.04684685,0.9926/0.9763
SR.F.2.H.B,C05,SoRo,dorm_sample,Bacteria,Pseudomonadota,Gammaproteobacteria,Burkholderiales,Burkholderiaceae_C,Ottowia,Ottowia sp018060485,10.75,0.07747748,0.9868/0.9771
SR.F.2.H.B,C05,SoRo,dorm_sample,Bacteria,unclassified Bacteria phylum,unclassified Bacteria class,unclassified Bacteria order,unclassified Bacteria family,unclassified Bacteria genus,unclassified Bacteria species,32.75,0.236036,0.0000/0.0000
Ea.F.3.L.A,D01,Earl,dorm_sample,Bacteria,Pseudomonadota,Alphaproteobacteria,Micavibrionales,UBA2020,UBA2020,UBA2020 sp046314385,0.25,0.000931099,0.7533/0.7075
Ea.F.3.L.A,D01,Earl,dorm_sample,Bacteria,Bacteroidota,Bacteroidia,Chitinophagales,Chitinophagaceae,Endoryza,Endoryza sp031360425,0.25,0.000931099,0.7572/0.6944
Ea.F.3.L.A,D01,Earl,dorm_sample,Bacteria,Bacillota,Negativicutes,DSM-1736,Dendrosporobacteraceae,CAMJML01,CAMJML01 sp946407015,0.25,0.000931099,0.7721/0.7480
Ea.F.3.L.A,D01,Earl,dorm_sample,Bacteria,Bacteroidota,Bacteroidia,Chitinophagales,LD1,Bog-950,Bog-950 sp046329495,0.25,0.000931099,0.7890/0.7666
Ea.F.3.L.A,D01,Earl,dorm_sample,Bacteria,Bacteroidota,Bacteroidia,B-17B0,Aurantibacillaceae,Aurantibacillus,Aurantibacillus sp044221905,0.25,0.000931099,0.8014/0.7803
Ea.F.3.L.A,D01,Earl,dorm_sample,Bacteria,Acidobacteriota,Blastocatellia,Pyrinomonadales,Pyrinomonadaceae,OLB17,OLB17 sp016789265,0.25,0.000931099,0.8103/0.7802
Ea.F.3.L.A,D01,Earl,dorm_sample,Bacteria,Planctomycetota,Planctomycetia,Gemmatales,Gemmataceae,JAXMAZ01,JAXMAZ01 sp046350115,0.25,0.000931099,0.8160/0.7604
Ea.F.3.L.A,D01,Earl,dorm_sample,Bacteria,Planctomycetota,Planctomycetia,Pirellulales,JALHPA01,JANRLT01,JANRLT01 sp041736895,0.25,0.000931099,0.8345/0.7666
Ea.F.3.L.A,D01,Earl,dorm_sample,Bacteria,Verrucomicrobiota,Verrucomicrobiia,Verrucomicrobiales,Verrucomicrobiaceae,Prosthecobacter,Prosthecobacter algae,0.25,0.000931099,0.8462/0.6875
Ea.F.3.L.A,D01,Earl,dorm_sample,Bacteria,Pseudomonadota,Alphaproteobacteria,Rhizobiales,Devosiaceae,Devosia,Devosia sp017307565,0.25,0.000931099,0.8510/0.8124
Ea.F.3.L.A,D01,Earl,dorm_sample,Bacteria,Pseudomonadota,Alphaproteobacteria,Rhodospirillales,Defluviicoccaceae,Defluviicoccus,Defluviicoccus sp016712375,0.25,0.000931099,0.8529/0.8215
Ea.F.3.L.A,D01,Earl,dorm_sample,Bacteria,Pseudomonadota,Alphaproteobacteria,Micavibrionales,Micavibrionaceae,Micavibrio_B,Micavibrio_B sp964399985,0.25,0.000931099,0.8550/0.8479
Ea.F.3.L.A,D01,Earl,dorm_sample,Bacteria,Myxococcota,XYA12-FULL-58-9,XYA12-FULL-58-9,JALHOP01,JALHOP01,JALHOP01 sp964484195,0.25,0.000931099,0.8592/0.8507
Ea.F.3.L.A,D01,Earl,dorm_sample,Bacteria,Pseudomonadota,Gammaproteobacteria,Xanthomonadales,Rhodanobacteraceae,Dokdonella_A,Dokdonella_A fugitiva_A,0.25,0.000931099,0.8701/0.8252
Ea.F.3.L.A,D01,Earl,dorm_sample,Bacteria,Pseudomonadota,Alphaproteobacteria,Rhizobiales,Rhizobiaceae,Arvimicrobium,Arvimicrobium sp023953845,0.25,0.000931099,0.8735/0.8507
Ea.F.3.L.A,D01,Earl,dorm_sample,Bacteria,Pseudomonadota,Alphaproteobacteria,Caulobacterales,Caulobacteraceae,Phenylobacterium,Phenylobacterium immobile,0.25,0.000931099,0.8739/0.8540
Ea.F.3.L.A,D01,Earl,dorm_sample,Bacteria,Pseudomonadota,Alphaproteobacteria,UBA2136,UBA6156,UBA6156,UBA6156 sp005768725,0.25,0.000931099,0.8756/0.8475
Ea.F.3.L.A,D01,Earl,dorm_sample,Bacteria,Myxococcota_A,Polyangia,Polyangiales,Polyangiaceae,Labilithrix,Labilithrix sp019637195,0.25,0.000931099,0.8775/0.8089
Ea.F.3.L.A,D01,Earl,dorm_sample,Bacteria,Pseudomonadota,Alphaproteobacteria,Sphingomonadales,Sphingomonadaceae,JAWKXU01,JAWKXU01 sp035581365,0.25,0.000931099,0.8813/0.8780
Ea.F.3.L.A,D01,Earl,dorm_sample,Bacteria,Bacteroidota,Bacteroidia,B-17B0,Aurantibacillaceae,UBA4416,UBA4416 sp964543545,0.25,0.000931099,0.8905/0.7326
Ea.F.3.L.A,D01,Earl,dorm_sample,Bacteria,Pseudomonadota,Alphaproteobacteria,Sphingomonadales,Sphingomonadaceae,Sphingomonas,Sphingomonas sp964407945,0.25,0.000931099,0.8942/0.8814
Ea.F.3.L.A,D01,Earl,dorm_sample,Bacteria,Myxococcota,XYA12-FULL-58-9,XYA12-FULL-58-9,JALHOP01,JALHOP01,JALHOP01 sp039809465,0.25,0.000931099,0.9001/0.8881
Ea.F.3.L.A,D01,Earl,dorm_sample,Bacteria,Pseudomonadota,Gammaproteobacteria,Burkholderiales,Burkholderiaceae_C,Ottowia,Ottowia beijingensis,0.25,0.000931099,0.9002/0.8203
Ea.F.3.L.A,D01,Earl,dorm_sample,Bacteria,Pseudomonadota,Alphaproteobacteria,Caulobacterales,Caulobacteraceae,Phenylobacterium,Phenylobacterium koreense,0.25,0.000931099,0.9044/0.9019
Ea.F.3.L.A,D01,Earl,dorm_sample,Bacteria,Pseudomonadota,Alphaproteobacteria,Rhizobiales,Beijerinckiaceae,Methylobacterium,Methylobacterium dankookense,0.25,0.000931099,0.9087/0.8871
Ea.F.3.L.A,D01,Earl,dorm_sample,Bacteria,Pseudomonadota,Alphaproteobacteria,Sphingomonadales,Sphingomonadaceae,Sphingomonas,Sphingomonas sp031456125,0.25,0.000931099,0.9112/0.9022
Ea.F.3.L.A,D01,Earl,dorm_sample,Bacteria,Pseudomonadota,Gammaproteobacteria,Xanthomonadales,Rhodanobacteraceae,Tahibacter,Tahibacter sp042701255,0.25,0.000931099,0.9313/0.9310
Ea.F.3.L.A,D01,Earl,dorm_sample,Bacteria,Pseudomonadota,Alphaproteobacteria,Caulobacterales,Caulobacteraceae,Caulobacter,Caulobacter sp913776195,0.25,0.000931099,0.9785/0.9756
Ea.F.3.L.A,D01,Earl,dorm_sample,Bacteria,Pseudomonadota,Alphaproteobacteria,Rhizobiales,Beijerinckiaceae,Allobosea,Allobosea sp900112185,0.25,0.000931099,0.9803/0.9803
Ea.F.3.L.A,D01,Earl,dorm_sample,Bacteria,Bacteroidota,Bacteroidia,Chitinophagales,Chitinophagaceae,Niabella,Niabella sp052044285,0.25,0.000931099,0.9831/0.9802
Ea.F.3.L.A,D01,Earl,dorm_sample,Bacteria,Pseudomonadota,Alphaproteobacteria,Rhizobiales,Xanthobacteraceae,Bradyrhizobium,Bradyrhizobium sp023387735,0.25,0.000931099,0.9900/0.9900
Ea.F.3.L.A,D01,Earl,dorm_sample,Bacteria,Bacteroidota,Bacteroidia,Flavobacteriales,Weeksellaceae,DAMDNI01,DAMDNI01 sp032083825,0.25,0.000931099,0.9926/0.9884
Ea.F.3.L.A,D01,Earl,dorm_sample,Bacteria,Actinomycetota,Actinomycetes,Actinomycetales,Microbacteriaceae,Microbacterium,Microbacterium aurum,0.25,0.000931099,0.9971/0.9958
Ea.F.3.L.A,D01,Earl,dorm_sample,Bacteria,Acidobacteriota,Terriglobia,Bryobacterales,Bryobacteraceae,JALHNI01,JALHNI01 sp044226365,0.25,0.000931099,0.9975/0.9975
Ea.F.3.L.A,D01,Earl,dorm_sample,Bacteria,Pseudomonadota,Gammaproteobacteria,Xanthomonadales,Xanthomonadaceae,Stenotrophomonas,Stenotrophomonas muris,0.25,0.000931099,0.9993/0.9993
Ea.F.3.L.A,D01,Earl,dorm_sample,Bacteria,Pseudomonadota,Gammaproteobacteria,Burkholderiales,Burkholderiaceae_C,Comamonas,Comamonas tsuruhatensis,0.25,0.000931099,0.9994/0.9994
Ea.F.3.L.A,D01,Earl,dorm_sample,Bacteria,Pseudomonadota,Alphaproteobacteria,43-37,43-37,43-37,43-37 sp001897475,0.375,0.001396648,0.7489/0.7366
Ea.F.3.L.A,D01,Earl,dorm_sample,Bacteria,Pseudomonadota,Alphaproteobacteria,Rickettsiales,UBA3002,QFOX01,QFOX01 sp003241645,0.375,0.001396648,0.7907/0.7526
Ea.F.3.L.A,D01,Earl,dorm_sample,Bacteria,Bdellovibrionota,Bdellovibrionia,Bdellovibrionales,Bdellovibrionaceae,Bdellovibrio,Bdellovibrio sp036384735,0.375,0.001396648,0.8020/0.7746
Ea.F.3.L.A,D01,Earl,dorm_sample,Bacteria,Pseudomonadota,Alphaproteobacteria,Rhizobiales,Rhizobiaceae,Arvimicrobium,Arvimicrobium flavum,0.375,0.001396648,0.8228/0.7803
Ea.F.3.L.A,D01,Earl,dorm_sample,Bacteria,Pseudomonadota,Alphaproteobacteria,Micavibrionales,Micavibrionaceae,Micavibrio_B,Micavibrio_B sp964633355,0.375,0.001396648,0.8320/0.8083
Ea.F.3.L.A,D01,Earl,dorm_sample,Bacteria,Pseudomonadota,Alphaproteobacteria,Rhizobiales,Rhizobiaceae,Rhizobium_E,Rhizobium_E sp019739215,0.375,0.001396648,0.8742/0.8377
Ea.F.3.L.A,D01,Earl,dorm_sample,Bacteria,Actinomycetota,Acidimicrobiia,Acidimicrobiales,Microtrichaceae,JBAOHV01,JBAOHV01 sp037045265,0.375,0.001396648,0.8788/0.8047
Ea.F.3.L.A,D01,Earl,dorm_sample,Bacteria,Pseudomonadota,Alphaproteobacteria,Rhizobiales,Rhizobiaceae,Rhizobium_E,Rhizobium_E sp020441805,0.375,0.001396648,0.8811/0.8627
Ea.F.3.L.A,D01,Earl,dorm_sample,Bacteria,Pseudomonadota,Gammaproteobacteria,Burkholderiales,Burkholderiaceae_C,Pseudorhodoferax,Pseudorhodoferax aquiterrae,0.375,0.001396648,0.8866/0.8730
Ea.F.3.L.A,D01,Earl,dorm_sample,Bacteria,Pseudomonadota,Alphaproteobacteria,Sphingomonadales,Sphingomonadaceae,Novosphingobium,Novosphingobium sp025938095,0.375,0.001396648,0.8878/0.8699
Ea.F.3.L.A,D01,Earl,dorm_sample,Bacteria,Pseudomonadota,Alphaproteobacteria,Sphingomonadales,Sphingomonadaceae,Sphingomonas,Sphingomonas palmae,0.375,0.001396648,0.9317/0.9271
Ea.F.3.L.A,D01,Earl,dorm_sample,Bacteria,Bacillota,Clostridia,Christensenellales,CAG-138,UBA7707,UBA7707 sp002482435,0.375,0.001396648,0.9656/0.9651
Ea.F.3.L.A,D01,Earl,dorm_sample,Bacteria,Pseudomonadota,Alphaproteobacteria,Rhizobiales,Rhizobiaceae,Agrobacterium,Agrobacterium leguminum,0.375,0.001396648,0.9792/0.9791
Ea.F.3.L.A,D01,Earl,dorm_sample,Bacteria,Pseudomonadota,Gammaproteobacteria,Xanthomonadales,Xanthomonadaceae,Pseudoxanthomonas_A,Pseudoxanthomonas_A sp014851815,0.375,0.001396648,0.9820/0.9818
Ea.F.3.L.A,D01,Earl,dorm_sample,Bacteria,Bacteroidota,Bacteroidia,Cytophagales,Spirosomataceae,Dyadobacter,Dyadobacter fermentans,0.375,0.001396648,0.9907/0.9907
Ea.F.3.L.A,D01,Earl,dorm_sample,Bacteria,Actinomycetota,Actinomycetes,Propionibacteriales,Propionibacteriaceae,Propionicimonas,Propionicimonas sp020161015,0.375,0.001396648,0.9920/0.9903
Ea.F.3.L.A,D01,Earl,dorm_sample,Bacteria,Actinomycetota,Actinomycetes,Mycobacteriales,Nakamurellaceae,Nakamurella,Nakamurella multipartita,0.375,0.001396648,0.9931/0.9924
Ea.F.3.L.A,D01,Earl,dorm_sample,Bacteria,Pseudomonadota,Alphaproteobacteria,Rhizobiales,Rhizobiaceae,Shinella,Shinella sp001262505,0.375,0.001396648,0.9954/0.9954
Ea.F.3.L.A,D01,Earl,dorm_sample,Bacteria,Pseudomonadota,Alphaproteobacteria,Rhizobiales,Beijerinckiaceae,Methylobacterium,Methylobacterium radiotolerans,0.375,0.001396648,0.9969/0.9966
Ea.F.3.L.A,D01,Earl,dorm_sample,Bacteria,Pseudomonadota,Alphaproteobacteria,Sphingomonadales,Sphingomonadaceae,Sphingobium,Sphingobium yanoikuyae_A,0.375,0.001396648,0.9996/0.9996
Ea.F.3.L.A,D01,Earl,dorm_sample,Bacteria,Pseudomonadota,Alphaproteobacteria,Micavibrionales,Micavibrionaceae,CAYJDG01,CAYJDG01 sp964368875,0.5,0.001862197,0.7758/0.7603
Ea.F.3.L.A,D01,Earl,dorm_sample,Bacteria,Bdellovibrionota,Bdellovibrionia,Bdellovibrionales,Bdellovibrionaceae,Bdellovibrio,Bdellovibrio sp047323225,0.5,0.001862197,0.7865/0.7624
Ea.F.3.L.A,D01,Earl,dorm_sample,Bacteria,Pseudomonadota,Alphaproteobacteria,Caulobacterales,Caulobacteraceae,Brevundimonas,Brevundimonas sp044755415,0.5,0.001862197,0.7978/0.7422
Ea.F.3.L.A,D01,Earl,dorm_sample,Bacteria,Pseudomonadota,Alphaproteobacteria,Rickettsiales,UBA3002,QFOX01,QFOX01 sp965247335,0.5,0.001862197,0.8034/0.7852
Ea.F.3.L.A,D01,Earl,dorm_sample,Bacteria,Pseudomonadota,Gammaproteobacteria,Xanthomonadales,Ahniellaceae,UBA4656,UBA4656 sp021299185,0.5,0.001862197,0.8167/0.7928
Ea.F.3.L.A,D01,Earl,dorm_sample,Bacteria,Pseudomonadota,Alphaproteobacteria,Micavibrionales,UBA2020,JAEXMB01,JAEXMB01 sp027483355,0.5,0.001862197,0.8414/0.8238
Ea.F.3.L.A,D01,Earl,dorm_sample,Bacteria,Pseudomonadota,Alphaproteobacteria,Rhizobiales,Xanthobacteraceae,Bradyrhizobium,Bradyrhizobium sp963790735,0.5,0.001862197,0.8781/0.8442
Ea.F.3.L.A,D01,Earl,dorm_sample,Bacteria,Pseudomonadota,Gammaproteobacteria,Xanthomonadales,Rhodanobacteraceae,Tahibacter,Tahibacter harae,0.5,0.001862197,0.8896/0.8376
Ea.F.3.L.A,D01,Earl,dorm_sample,Bacteria,Myxococcota_A,Polyangia,Haliangiales,Haliangiaceae,JABFXX01,JABFXX01 sp023428295,0.5,0.001862197,0.8907/0.8792
Ea.F.3.L.A,D01,Earl,dorm_sample,Bacteria,Pseudomonadota,Alphaproteobacteria,Sphingomonadales,Sphingomonadaceae,Sphingomonas,Sphingomonas koreensis,0.5,0.001862197,0.8952/0.8147
Ea.F.3.L.A,D01,Earl,dorm_sample,Bacteria,Pseudomonadota,Alphaproteobacteria,Rhizobiales,Beijerinckiaceae,Allobosea,Allobosea sp037147855,0.5,0.001862197,0.9569/0.9317
Ea.F.3.L.A,D01,Earl,dorm_sample,Bacteria,Pseudomonadota,Gammaproteobacteria,Burkholderiales,Burkholderiaceae_C,Paracidovorax,Paracidovorax sp040365715,0.5,0.001862197,0.9698/0.9686
Ea.F.3.L.A,D01,Earl,dorm_sample,Bacteria,Bacteroidota,Bacteroidia,Flavobacteriales,Weeksellaceae,Cloacibacterium,Cloacibacterium sp047601505,0.5,0.001862197,0.9704/0.9533
Ea.F.3.L.A,D01,Earl,dorm_sample,Bacteria,Pseudomonadota,Alphaproteobacteria,Caulobacterales,Caulobacteraceae,Phenylobacterium,Phenylobacterium sp018240795,0.5,0.001862197,0.9792/0.9787
Ea.F.3.L.A,D01,Earl,dorm_sample,Bacteria,Pseudomonadota,Alphaproteobacteria,Caulobacterales,Caulobacteraceae,Phenylobacterium,Phenylobacterium sp030681155,0.5,0.001862197,0.9816/0.8936
Ea.F.3.L.A,D01,Earl,dorm_sample,Bacteria,Bacteroidota,Bacteroidia,Chitinophagales,LD1,Bog-950,Bog-950 sp018267435,0.5,0.001862197,0.9820/0.9784
Ea.F.3.L.A,D01,Earl,dorm_sample,Bacteria,Bacteroidota,Bacteroidia,Chitinophagales,Chitinophagaceae,Haoranjiania,Haoranjiania flava,0.5,0.001862197,0.9916/0.9223
Ea.F.3.L.A,D01,Earl,dorm_sample,Bacteria,Pseudomonadota,Alphaproteobacteria,Rhizobiales,Hyphomicrobiaceae,Hyphomicrobium_C,Hyphomicrobium_C sp019744875,0.5,0.001862197,0.9997/0.9996
Ea.F.3.L.A,D01,Earl,dorm_sample,Bacteria,Vulcanimicrobiota,Xenobia,Xenobiales,JADMJV01,JAEXNA01,JAEXNA01 sp037189585,0.625,0.002327747,0.8216/0.7777
Ea.F.3.L.A,D01,Earl,dorm_sample,Bacteria,Bdellovibrionota,Bdellovibrionia,Bdellovibrionales,UBA1609,JALHOQ01,JALHOQ01 sp947444305,0.625,0.002327747,0.8416/0.7964
Ea.F.3.L.A,D01,Earl,dorm_sample,Bacteria,Pseudomonadota,Alphaproteobacteria,Micavibrionales,UBA2020,JAEXMB01,JAEXMB01 sp023444705,0.625,0.002327747,0.8614/0.8543
Ea.F.3.L.A,D01,Earl,dorm_sample,Bacteria,Bdellovibrionota,Bdellovibrionia,Bdellovibrionales,UBA1609,CAYHVK01,CAYHVK01 sp964360255,0.625,0.002327747,0.8656/0.8583
Ea.F.3.L.A,D01,Earl,dorm_sample,Bacteria,Pseudomonadota,Alphaproteobacteria,Sphingomonadales,Sphingomonadaceae,Sphingopyxis,Sphingopyxis fribergensis,0.625,0.002327747,0.9381/0.9302
Ea.F.3.L.A,D01,Earl,dorm_sample,Bacteria,Acidobacteriota,Blastocatellia,Pyrinomonadales,Pyrinomonadaceae,JALZHR01,JALZHR01 sp036388475,0.75,0.002793296,0.7987/0.7340
Ea.F.3.L.A,D01,Earl,dorm_sample,Bacteria,Bacteroidota,Bacteroidia,Cytophagales,Cyclobacteriaceae,UBA2336,UBA2336 sp965227265,0.75,0.002793296,0.8308/0.8128
Ea.F.3.L.A,D01,Earl,dorm_sample,Bacteria,Planctomycetota,Planctomycetia,Pirellulales,Lacipirellulaceae,Botrimarina,Botrimarina mediterranea,0.75,0.002793296,0.8613/0.6858
Ea.F.3.L.A,D01,Earl,dorm_sample,Bacteria,Myxococcota_A,Polyangia,Haliangiales,Haliangiaceae,JABFXX01,JABFXX01 sp964617845,0.75,0.002793296,0.8629/0.8321
Ea.F.3.L.A,D01,Earl,dorm_sample,Bacteria,Pseudomonadota,Alphaproteobacteria,Caulobacterales,Caulobacteraceae,Phenylobacterium,Phenylobacterium sp001724985,0.75,0.002793296,0.8935/0.8576
Ea.F.3.L.A,D01,Earl,dorm_sample,Bacteria,Bacteroidota,Bacteroidia,Cytophagales,172606-1,Xanthocytophaga,Xanthocytophaga sp963520985,0.75,0.002793296,0.8986/0.8685
Ea.F.3.L.A,D01,Earl,dorm_sample,Bacteria,Pseudomonadota,Alphaproteobacteria,Sphingomonadales,Sphingomonadaceae,Sphingorhabdus_B,Sphingorhabdus_B lacus,0.75,0.002793296,0.9506/0.9120
Ea.F.3.L.A,D01,Earl,dorm_sample,Bacteria,Bacteroidota,Bacteroidia,Chitinophagales,Chitinophagaceae,Endoryza,Endoryza sp044226045,0.875,0.003258845,0.8024/0.7753
Ea.F.3.L.A,D01,Earl,dorm_sample,Bacteria,Bacteroidota,Bacteroidia,Chitinophagales,Chitinophagaceae,Flavihumibacter,Flavihumibacter fluminis,0.875,0.003258845,0.8535/0.8433
Ea.F.3.L.A,D01,Earl,dorm_sample,Bacteria,Actinomycetota,Actinomycetes,Propionibacteriales,Propionibacteriaceae,Micropruina,Micropruina sp047607385,0.875,0.003258845,0.8847/0.8373
Ea.F.3.L.A,D01,Earl,dorm_sample,Bacteria,Bacteroidota,Bacteroidia,Chitinophagales,Chitinophagaceae,Flavihumibacter,Flavihumibacter sp964547405,0.875,0.003258845,0.9627/0.9545
Ea.F.3.L.A,D01,Earl,dorm_sample,Bacteria,Pseudomonadota,Gammaproteobacteria,Burkholderiales,Burkholderiaceae_C,MR-S7,MR-S7 sp000400995,0.875,0.003258845,0.9911/0.9905
Ea.F.3.L.A,D01,Earl,dorm_sample,Bacteria,Bacteroidota,Bacteroidia,Flavobacteriales,Weeksellaceae,CAKZIK01,CAKZIK01 sp936933875,1,0.003724395,0.8531/0.8241
Ea.F.3.L.A,D01,Earl,dorm_sample,Bacteria,Pseudomonadota,Gammaproteobacteria,Pseudomonadales,Moraxellaceae,Faucicola,Faucicola sp002478835,1,0.003724395,0.9708/0.9520
Ea.F.3.L.A,D01,Earl,dorm_sample,Bacteria,Patescibacteriota,Saccharimonadia,Saccharimonadales,Saccharimonadaceae,Microsaccharimonas,Microsaccharimonas sp001897295,1,0.003724395,0.9809/0.9807
Ea.F.3.L.A,D01,Earl,dorm_sample,Bacteria,Pseudomonadota,Alphaproteobacteria,Caulobacterales,Caulobacteraceae,Phenylobacterium,Phenylobacterium haematophilum,1,0.003724395,0.9872/0.9872
Ea.F.3.L.A,D01,Earl,dorm_sample,Bacteria,Acidobacteriota,Blastocatellia,Pyrinomonadales,Pyrinomonadaceae,JAIBCC01,JAIBCC01 sp019694395,1.125,0.004189944,0.8598/0.8322
Ea.F.3.L.A,D01,Earl,dorm_sample,Bacteria,Pseudomonadota,Alphaproteobacteria,Sphingomonadales,Sphingomonadaceae,Sphingopyxis,Sphingopyxis sp000756375,1.125,0.004189944,0.9666/0.9613
Ea.F.3.L.A,D01,Earl,dorm_sample,Bacteria,Pseudomonadota,Alphaproteobacteria,Rhizobiales,Rhizobiaceae,Metarhizobium,Metarhizobium sp017305935,1.125,0.004189944,0.9947/0.9988
Ea.F.3.L.A,D01,Earl,dorm_sample,Bacteria,Actinomycetota,Actinomycetes,Propionibacteriales,Propionibacteriaceae,Micropruina,Micropruina sp044224095,1.25,0.004655493,0.8966/0.8115
Ea.F.3.L.A,D01,Earl,dorm_sample,Bacteria,Pseudomonadota,Alphaproteobacteria,Caulobacterales,Caulobacteraceae,Brevundimonas,Brevundimonas bacteroides,1.25,0.004655493,0.9187/0.9028
Ea.F.3.L.A,D01,Earl,dorm_sample,Bacteria,Verrucomicrobiota,Verrucomicrobiia,Verrucomicrobiales,Verrucomicrobiaceae,Prosthecobacter,Prosthecobacter sp040386955,1.375,0.005121043,0.8452/0.8105
Ea.F.3.L.A,D01,Earl,dorm_sample,Bacteria,Pseudomonadota,Alphaproteobacteria,Sphingomonadales,Sphingomonadaceae,Sphingobium,Sphingobium quisquiliarum,1.375,0.005121043,0.9724/0.9681
Ea.F.3.L.A,D01,Earl,dorm_sample,Bacteria,Actinomycetota,Actinomycetes,Propionibacteriales,Propionibacteriaceae,Micropruina,Micropruina sp937863965,1.375,0.005121043,0.9916/0.9912
Ea.F.3.L.A,D01,Earl,dorm_sample,Bacteria,Pseudomonadota,Alphaproteobacteria,Sphingomonadales,Sphingomonadaceae,Sphingobium_A,Sphingobium_A colocasiae,1.5,0.005586592,0.9051/0.8941
Ea.F.3.L.A,D01,Earl,dorm_sample,Bacteria,Pseudomonadota,Gammaproteobacteria,Pseudomonadales,Moraxellaceae,Faucicola,Faucicola osloensis,1.5,0.005586592,0.9676/0.9254
Ea.F.3.L.A,D01,Earl,dorm_sample,Bacteria,Pseudomonadota,Alphaproteobacteria,Sphingomonadales,Sphingomonadaceae,Sphingomonas,Sphingomonas hankookensis_A,1.5,0.005586592,0.9915/0.9907
Ea.F.3.L.A,D01,Earl,dorm_sample,Bacteria,Pseudomonadota,Alphaproteobacteria,Rhizobiales,Beijerinckiaceae,Allobosea,Allobosea eneae,1.625,0.006052142,0.9809/0.9607
Ea.F.3.L.A,D01,Earl,dorm_sample,Bacteria,Pseudomonadota,Gammaproteobacteria,Burkholderiales,Burkholderiaceae_C,Acidovorax,Acidovorax temperans,1.625,0.006052142,0.9867/0.9865
Ea.F.3.L.A,D01,Earl,dorm_sample,Bacteria,Pseudomonadota,Gammaproteobacteria,Xanthomonadales,Ahniellaceae,JBGAHD01,JBGAHD01 sp044226395,1.75,0.006517691,0.8571/0.8300
Ea.F.3.L.A,D01,Earl,dorm_sample,Bacteria,Acidobacteriota,Blastocatellia,Pyrinomonadales,Pyrinomonadaceae,JAIBCC01,JAIBCC01 sp963763855,2.125,0.007914339,0.8141/0.7969
Ea.F.3.L.A,D01,Earl,dorm_sample,Bacteria,Bacteroidota,Bacteroidia,Flavobacteriales,Weeksellaceae,JAEXBA01,JAEXBA01 sp023420435,2.375,0.008845438,0.9829/0.9821
Ea.F.3.L.A,D01,Earl,dorm_sample,Bacteria,Acidobacteriota,Blastocatellia,Pyrinomonadales,Pyrinomonadaceae,JAIBCC01,JAIBCC01 sp963779235,2.5,0.009310987,0.8161/0.7739
Ea.F.3.L.A,D01,Earl,dorm_sample,Bacteria,Pseudomonadota,Gammaproteobacteria,Burkholderiales,Burkholderiaceae,Imbroritus,Imbroritus primus,2.5,0.009310987,0.9304/0.9271
Ea.F.3.L.A,D01,Earl,dorm_sample,Bacteria,Pseudomonadota,Gammaproteobacteria,Pseudomonadales,Moraxellaceae,Faucicola,Faucicola tetraodonis,2.5,0.009310987,0.9695/0.9115
Ea.F.3.L.A,D01,Earl,dorm_sample,Bacteria,Pseudomonadota,Gammaproteobacteria,Xanthomonadales,Xanthomonadaceae,Pseudoxanthomonas_A,Pseudoxanthomonas_A japonensis,2.5,0.009310987,0.9820/0.9803
Ea.F.3.L.A,D01,Earl,dorm_sample,Bacteria,Pseudomonadota,Gammaproteobacteria,Burkholderiales,Burkholderiaceae_C,Aquincola,Aquincola sp964001545,2.875,0.01070764,0.9798/0.9731
Ea.F.3.L.A,D01,Earl,dorm_sample,Bacteria,Pseudomonadota,Alphaproteobacteria,Sphingomonadales,Sphingomonadaceae,Sphingopyxis,Sphingopyxis soli,3.125,0.01163873,0.9071/0.8499
Ea.F.3.L.A,D01,Earl,dorm_sample,Bacteria,Pseudomonadota,Gammaproteobacteria,Burkholderiales,Rhodocyclaceae,Azospira,Azospira oryzae,3.375,0.01256983,0.9880/0.9876
Ea.F.3.L.A,D01,Earl,dorm_sample,Bacteria,Pseudomonadota,Gammaproteobacteria,Xanthomonadales,Xanthomonadaceae,Pseudoxanthomonas_A,Pseudoxanthomonas_A mexicana,3.75,0.01396648,0.9873/0.9817
Ea.F.3.L.A,D01,Earl,dorm_sample,Bacteria,Actinomycetota,Actinomycetes,Mycobacteriales,Mycobacteriaceae,Mycobacterium,Mycobacterium phocaicum,4.25,0.01582868,0.9934/0.9920
Ea.F.3.L.A,D01,Earl,dorm_sample,Bacteria,Pseudomonadota,Alphaproteobacteria,Caulobacterales,Caulobacteraceae,Phenylobacterium,Phenylobacterium sp041919955,4.5,0.01675978,0.9898/0.9838
Ea.F.3.L.A,D01,Earl,dorm_sample,Bacteria,Pseudomonadota,Alphaproteobacteria,Micropepsales,Micropepsaceae,JADZAI01,JADZAI01 sp047602465,5.5,0.02048417,0.9076/0.8608
Ea.F.3.L.A,D01,Earl,dorm_sample,Bacteria,Pseudomonadota,Alphaproteobacteria,Sphingomonadales,Sphingomonadaceae,Sphingopyxis,Sphingopyxis sp014873485,5.625,0.02094972,0.9344/0.8913
Ea.F.3.L.A,D01,Earl,dorm_sample,Bacteria,Pseudomonadota,Gammaproteobacteria,Pseudomonadales,Moraxellaceae,Acinetobacter,Acinetobacter junii,6.125,0.02281192,0.9925/0.9922
Ea.F.3.L.A,D01,Earl,dorm_sample,Bacteria,Pseudomonadota,Gammaproteobacteria,Burkholderiales,Burkholderiaceae_C,Aquincola,Aquincola tertiaricarbonis_B,6.375,0.02374302,0.9609/0.9580
Ea.F.3.L.A,D01,Earl,dorm_sample,Bacteria,Pseudomonadota,Gammaproteobacteria,Burkholderiales,Burkholderiaceae_C,Ottowia,Ottowia testudinis,6.625,0.02467412,0.9044/0.8965
Ea.F.3.L.A,D01,Earl,dorm_sample,Bacteria,Planctomycetota,Phycisphaerae,Phycisphaerales,UBA1924,CAZMCC01,CAZMCC01 sp964564695,9.75,0.03631285,0.8446/0.7943
Ea.F.3.L.A,D01,Earl,dorm_sample,Bacteria,Pseudomonadota,Alphaproteobacteria,Sphingomonadales,Sphingomonadaceae,Blastomonas,Blastomonas ursincola,17.875,0.06657356,0.9943/0.9935
Ea.F.3.L.A,D01,Earl,dorm_sample,Bacteria,Pseudomonadota,Gammaproteobacteria,Burkholderiales,Burkholderiaceae_C,Ottowia,Ottowia sp018060485,19.125,0.07122905,0.9856/0.9832
Ea.F.3.L.A,D01,Earl,dorm_sample,Bacteria,Pseudomonadota,Alphaproteobacteria,Sphingomonadales,Sphingomonadaceae,Sphingopyxis,Sphingopyxis sp001468395,22.625,0.08426443,0.9229/0.8903
Ea.F.3.L.A,D01,Earl,dorm_sample,Bacteria,Pseudomonadota,Alphaproteobacteria,Sphingomonadales,Sphingomonadaceae,Erythrobacter,Erythrobacter sp046452395,34.75,0.1294227,0.9843/0.9815
Ea.F.3.L.A,D01,Earl,dorm_sample,Bacteria,unclassified Bacteria phylum,unclassified Bacteria class,unclassified Bacteria order,unclassified Bacteria family,unclassified Bacteria genus,unclassified Bacteria species,36,0.1340782,0.0000/0.0000
Ea.F.2.H.C,D02,Earl,dorm_sample,Bacteria,Pseudomonadota,Alphaproteobacteria,Rickettsiales,UBA3002,QFOX01,QFOX01 sp947441895,0.25,0.002713704,0.7659/0.7432
Ea.F.2.H.C,D02,Earl,dorm_sample,Bacteria,Bdellovibrionota,UBA1018,CAIPTA01,CAIPTA01,JAKFYM01,JAKFYM01 sp050246755,0.25,0.002713704,0.7664/0.7318
Ea.F.2.H.C,D02,Earl,dorm_sample,Bacteria,Bacteroidota,Bacteroidia,Chitinophagales,Chitinophagaceae,Flavitalea,Flavitalea sp964606315,0.25,0.002713704,0.7888/0.7619
Ea.F.2.H.C,D02,Earl,dorm_sample,Bacteria,Bacteroidota,Bacteroidia,Sphingobacteriales,Sphingobacteriaceae,Daejeonella,Daejeonella sp029360775,0.25,0.002713704,0.8006/0.7861
Ea.F.2.H.C,D02,Earl,dorm_sample,Bacteria,Bdellovibrionota,Bdellovibrionia,Bdellovibrionales,JAEYZS01,JAEYZS01,JAEYZS01 sp040386775,0.25,0.002713704,0.8017/0.7853
Ea.F.2.H.C,D02,Earl,dorm_sample,Bacteria,Bdellovibrionota,Bdellovibrionia,Bdellovibrionales,Bdellovibrionaceae,Bdellovibrio,Bdellovibrio sp036384735,0.25,0.002713704,0.8042/0.7846
Ea.F.2.H.C,D02,Earl,dorm_sample,Bacteria,Myxococcota_A,Polyangia,Polyangiales,Polyangiaceae,Labilithrix,Labilithrix sp019637105,0.25,0.002713704,0.8214/0.7441
Ea.F.2.H.C,D02,Earl,dorm_sample,Bacteria,Bacteroidota,Bacteroidia,Chitinophagales,Chitinophagaceae,JAFIGV01,JAFIGV01 sp035497455,0.25,0.002713704,0.8235/0.8064
Ea.F.2.H.C,D02,Earl,dorm_sample,Bacteria,Acidobacteriota,Blastocatellia,Pyrinomonadales,Pyrinomonadaceae,DATHTS01,DATHTS01 sp041940425,0.25,0.002713704,0.8278/0.7541
Ea.F.2.H.C,D02,Earl,dorm_sample,Bacteria,Pseudomonadota,Alphaproteobacteria,Rhizobiales,Hyphomicrobiaceae,JAKAXS01,JAKAXS01 sp963846845,0.25,0.002713704,0.8350/0.7265
Ea.F.2.H.C,D02,Earl,dorm_sample,Bacteria,Pseudomonadota,Alphaproteobacteria,Sphingomonadales,Sphingomonadaceae,Sphingomonas_B,Sphingomonas_B sp035944535,0.25,0.002713704,0.8435/0.8216
Ea.F.2.H.C,D02,Earl,dorm_sample,Bacteria,Planctomycetota,Planctomycetia,Gemmatales,Gemmataceae,JAXMAZ01,JAXMAZ01 sp046350115,0.25,0.002713704,0.8479/0.8261
Ea.F.2.H.C,D02,Earl,dorm_sample,Bacteria,Bacteroidota,Bacteroidia,Cytophagales,Cyclobacteriaceae,UBA2336,UBA2336 sp016786495,0.25,0.002713704,0.8517/0.8390
Ea.F.2.H.C,D02,Earl,dorm_sample,Bacteria,Pseudomonadota,Alphaproteobacteria,Micavibrionales,Micavibrionaceae,Micavibrio_A,Micavibrio_A sp035759665,0.25,0.002713704,0.8652/0.8033
Ea.F.2.H.C,D02,Earl,dorm_sample,Bacteria,Pseudomonadota,Alphaproteobacteria,Sphingomonadales,Sphingomonadaceae,Allosphingosinicella,Allosphingosinicella sp019635535,0.25,0.002713704,0.8887/0.7565
Ea.F.2.H.C,D02,Earl,dorm_sample,Bacteria,Pseudomonadota,Alphaproteobacteria,Sphingomonadales,Sphingomonadaceae,Sphingopyxis,Sphingopyxis sp001468225,0.25,0.002713704,0.8932/0.8673
Ea.F.2.H.C,D02,Earl,dorm_sample,Bacteria,Pseudomonadota,Alphaproteobacteria,Rhizobiales,Beijerinckiaceae,Methylobacterium,Methylobacterium sp900112625,0.25,0.002713704,0.9257/0.9100
Ea.F.2.H.C,D02,Earl,dorm_sample,Bacteria,Pseudomonadota,Gammaproteobacteria,Xanthomonadales,Xanthomonadaceae,Lysobacter_I,Lysobacter_I brunescens,0.25,0.002713704,0.9284/0.9059
Ea.F.2.H.C,D02,Earl,dorm_sample,Bacteria,Pseudomonadota,Alphaproteobacteria,Rhizobiales,Rhizobiaceae,Metarhizobium,Metarhizobium sp017305935,0.25,0.002713704,0.9749/0.9996
Ea.F.2.H.C,D02,Earl,dorm_sample,Bacteria,Bacteroidota,Bacteroidia,Sphingobacteriales,Sphingobacteriaceae,Pedobacter,Pedobacter sp029269825,0.25,0.002713704,0.9750/0.9685
Ea.F.2.H.C,D02,Earl,dorm_sample,Bacteria,Pseudomonadota,Alphaproteobacteria,Reyranellales,Reyranellaceae,Reyranella,Reyranella sp026126105,0.25,0.002713704,0.9869/0.9866
Ea.F.2.H.C,D02,Earl,dorm_sample,Bacteria,Pseudomonadota,Gammaproteobacteria,Burkholderiales,Burkholderiaceae_C,Diaphorobacter,Diaphorobacter nitroreducens,0.25,0.002713704,0.9903/0.9903
Ea.F.2.H.C,D02,Earl,dorm_sample,Bacteria,Pseudomonadota,Alphaproteobacteria,Rhizobiales,Beijerinckiaceae,Methylobacterium,Methylobacterium radiotolerans,0.25,0.002713704,0.9950/0.9945
Ea.F.2.H.C,D02,Earl,dorm_sample,Bacteria,Actinomycetota,Actinomycetes,Mycobacteriales,Mycobacteriaceae,Mycobacterium,Mycobacterium fortuitum,0.25,0.002713704,0.9969/0.9966
Ea.F.2.H.C,D02,Earl,dorm_sample,Bacteria,Bacteroidota,Bacteroidia,Cytophagales,Cyclobacteriaceae,Chryseolinea,Chryseolinea sp035489615,0.375,0.004070556,0.7786/0.7629
Ea.F.2.H.C,D02,Earl,dorm_sample,Bacteria,Acidobacteriota,Blastocatellia,Pyrinomonadales,Pyrinomonadaceae,JAFDVJ01,JAFDVJ01 sp022843305,0.375,0.004070556,0.8147/0.7793
Ea.F.2.H.C,D02,Earl,dorm_sample,Bacteria,Actinomycetota,Actinomycetes,Mycobacteriales,CADCTP01,CADCTP01,CADCTP01 sp963785005,0.375,0.004070556,0.8377/0.8174
Ea.F.2.H.C,D02,Earl,dorm_sample,Bacteria,Myxococcota_A,Polyangia,Haliangiales,Haliangiaceae,JABFXX01,JABFXX01 sp016720595,0.375,0.004070556,0.8629/0.8352
Ea.F.2.H.C,D02,Earl,dorm_sample,Bacteria,Bacteroidota,Bacteroidia,B-17B0,Aurantibacillaceae,UBA4416,UBA4416 sp964543545,0.375,0.004070556,0.9063/0.7922
Ea.F.2.H.C,D02,Earl,dorm_sample,Bacteria,Pseudomonadota,Alphaproteobacteria,Caulobacterales,Caulobacteraceae,Brevundimonas,Brevundimonas sp001295975,0.375,0.004070556,0.9485/0.9068
Ea.F.2.H.C,D02,Earl,dorm_sample,Bacteria,Pseudomonadota,Alphaproteobacteria,Sphingomonadales,Sphingomonadaceae,Sphingopyxis,Sphingopyxis fribergensis,0.375,0.004070556,0.9536/0.9519
Ea.F.2.H.C,D02,Earl,dorm_sample,Bacteria,Pseudomonadota,Alphaproteobacteria,43-37,43-37,43-37,43-37 sp001897475,0.5,0.005427408,0.7435/0.7257
Ea.F.2.H.C,D02,Earl,dorm_sample,Bacteria,Acidobacteriota,Vicinamibacteria,Vicinamibacterales,CAVVIG01,CAVTHG01,CAVTHG01 sp963734375,0.5,0.005427408,0.7794/0.7310
Ea.F.2.H.C,D02,Earl,dorm_sample,Bacteria,Pseudomonadota,Alphaproteobacteria,Sphingomonadales,Sphingomonadaceae,Qipengyuania,Qipengyuania sp019745075,0.5,0.005427408,0.7902/0.7518
Ea.F.2.H.C,D02,Earl,dorm_sample,Bacteria,Bacteroidota,Bacteroidia,Chitinophagales,Chitinophagaceae,UBA5543,UBA5543 sp964464965,0.5,0.005427408,0.8369/0.8201
Ea.F.2.H.C,D02,Earl,dorm_sample,Bacteria,Pseudomonadota,Alphaproteobacteria,Rhizobiales,Rhizobiaceae,Arvimicrobium,Arvimicrobium flavum,0.5,0.005427408,0.8387/0.8180
Ea.F.2.H.C,D02,Earl,dorm_sample,Bacteria,Acidobacteriota,Blastocatellia,Pyrinomonadales,Pyrinomonadaceae,JAFDVJ01,JAFDVJ01 sp031411895,0.5,0.005427408,0.8782/0.8334
Ea.F.2.H.C,D02,Earl,dorm_sample,Bacteria,Pseudomonadota,Alphaproteobacteria,Caedimonadales,Caedimonadaceae,Paracaedimonas,Paracaedimonas sp001898725,0.5,0.005427408,0.9693/0.9691
Ea.F.2.H.C,D02,Earl,dorm_sample,Bacteria,Bacteroidota,Bacteroidia,Flavobacteriales,Flavobacteriaceae,Flavobacterium,Flavobacterium lindanitolerans,0.5,0.005427408,0.9902/0.9893
Ea.F.2.H.C,D02,Earl,dorm_sample,Bacteria,Pseudomonadota,Gammaproteobacteria,Xanthomonadales,Xanthomonadaceae,Pseudoxanthomonas_A,Pseudoxanthomonas_A mexicana,0.625,0.006784261,0.9840/0.9832
Ea.F.2.H.C,D02,Earl,dorm_sample,Bacteria,Bacteroidota,Bacteroidia,Cytophagales,172606-1,Xanthocytophaga,Xanthocytophaga sp963520985,0.75,0.008141113,0.7950/0.7691
Ea.F.2.H.C,D02,Earl,dorm_sample,Bacteria,Bacteroidota,Bacteroidia,Sphingobacteriales,Sphingobacteriaceae,Hufsiella_A,Hufsiella_A sp008274585,0.75,0.008141113,0.8130/0.7949
Ea.F.2.H.C,D02,Earl,dorm_sample,Bacteria,Pseudomonadota,Alphaproteobacteria,Rhizobiales,Rhizobiaceae,Arvimicrobium,Arvimicrobium sp023953845,0.75,0.008141113,0.8610/0.8151
Ea.F.2.H.C,D02,Earl,dorm_sample,Bacteria,Actinomycetota,Actinomycetes,Mycobacteriales,CADCTP01,CADCTP01,CADCTP01 sp963849885,0.75,0.008141113,0.8627/0.8066
Ea.F.2.H.C,D02,Earl,dorm_sample,Bacteria,Bacteroidota,Bacteroidia,Cytophagales,Cyclobacteriaceae,UBA2336,UBA2336 sp019694875,0.75,0.008141113,0.8672/0.8536
Ea.F.2.H.C,D02,Earl,dorm_sample,Bacteria,Pseudomonadota,Gammaproteobacteria,Burkholderiales,Burkholderiaceae,Imbroritus,Imbroritus primus,0.75,0.008141113,0.9136/0.9058
Ea.F.2.H.C,D02,Earl,dorm_sample,Bacteria,Cyanobacteriota,Vampirovibrionia,Obscuribacterales,Obscuribacteraceae,JAFKGK01,JAFKGK01 sp017307165,0.75,0.008141113,0.9663/0.9643
Ea.F.2.H.C,D02,Earl,dorm_sample,Bacteria,Acidobacteriota,Blastocatellia,Pyrinomonadales,Pyrinomonadaceae,GCA-002050365,GCA-002050365 sp965218105,1,0.01085482,0.7834/0.7100
Ea.F.2.H.C,D02,Earl,dorm_sample,Bacteria,Pseudomonadota,Alphaproteobacteria,Caulobacterales,Caulobacteraceae,Phenylobacterium,Phenylobacterium sp024699945,1,0.01085482,0.9088/0.8838
Ea.F.2.H.C,D02,Earl,dorm_sample,Bacteria,Pseudomonadota,Alphaproteobacteria,Sphingomonadales,Sphingomonadaceae,Sphingopyxis,Sphingopyxis sp043727035,1.125,0.01221167,0.8334/0.7239
Ea.F.2.H.C,D02,Earl,dorm_sample,Bacteria,Pseudomonadota,Alphaproteobacteria,Caulobacterales,Caulobacteraceae,Caulobacter,Caulobacter sp913776195,1.125,0.01221167,0.9818/0.9804
Ea.F.2.H.C,D02,Earl,dorm_sample,Bacteria,Actinomycetota,Actinomycetes,Mycobacteriales,Mycobacteriaceae,Mycobacterium,Mycobacterium grossiae,1.125,0.01221167,0.9862/0.9846
Ea.F.2.H.C,D02,Earl,dorm_sample,Bacteria,Acidobacteriota,Blastocatellia,Pyrinomonadales,Pyrinomonadaceae,DATHTS01,DATHTS01 sp965217985,1.25,0.01356852,0.7838/0.7364
Ea.F.2.H.C,D02,Earl,dorm_sample,Bacteria,Bacteroidota,Bacteroidia,Flavobacteriales,Weeksellaceae,Chryseobacterium,Chryseobacterium sp042849955,1.375,0.01492537,0.9740/0.9697
Ea.F.2.H.C,D02,Earl,dorm_sample,Bacteria,Pseudomonadota,Alphaproteobacteria,Sphingomonadales,Sphingomonadaceae,Sphingomonas,Sphingomonas koreensis,1.375,0.01492537,0.9746/0.9658
Ea.F.2.H.C,D02,Earl,dorm_sample,Bacteria,Acidobacteriota,Blastocatellia,Pyrinomonadales,Pyrinomonadaceae,GCA-002050365,GCA-002050365 sp963761145,1.75,0.01899593,0.7842/0.7232
Ea.F.2.H.C,D02,Earl,dorm_sample,Bacteria,Pseudomonadota,Gammaproteobacteria,Burkholderiales,Burkholderiaceae_C,Aquincola,Aquincola tertiaricarbonis_B,2.25,0.02442334,0.9492/0.9443
Ea.F.2.H.C,D02,Earl,dorm_sample,Bacteria,Pseudomonadota,Alphaproteobacteria,Sphingomonadales,Sphingomonadaceae,Sphingopyxis,Sphingopyxis sp001468395,2.25,0.02442334,0.9830/0.9690
Ea.F.2.H.C,D02,Earl,dorm_sample,Bacteria,Pseudomonadota,Alphaproteobacteria,Sphingomonadales,Sphingomonadaceae,Sphingopyxis,Sphingopyxis sp014873485,3.125,0.0339213,0.9315/0.9018
Ea.F.2.H.C,D02,Earl,dorm_sample,Bacteria,Acidobacteriota,Blastocatellia,Pyrinomonadales,Pyrinomonadaceae,JAFDVJ01,JAFDVJ01 sp965247805,3.25,0.03527815,0.8117/0.7757
Ea.F.2.H.C,D02,Earl,dorm_sample,Bacteria,Acidobacteriota,Blastocatellia,Pyrinomonadales,Pyrinomonadaceae,JAIBCC01,JAIBCC01 sp963779235,3.75,0.04070556,0.8020/0.7526
Ea.F.2.H.C,D02,Earl,dorm_sample,Bacteria,Pseudomonadota,Gammaproteobacteria,Burkholderiales,Burkholderiaceae_C,Ottowia,Ottowia testudinis,4.375,0.04748982,0.9045/0.8966
Ea.F.2.H.C,D02,Earl,dorm_sample,Bacteria,Actinomycetota,Actinomycetes,Mycobacteriales,Mycobacteriaceae,Mycobacterium,Mycobacterium phocaicum,4.75,0.05156038,0.9937/0.9918
Ea.F.2.H.C,D02,Earl,dorm_sample,Bacteria,Pseudomonadota,Alphaproteobacteria,Sphingomonadales,Sphingomonadaceae,Blastomonas,Blastomonas ursincola,5.375,0.05834464,0.9905/0.9900
Ea.F.2.H.C,D02,Earl,dorm_sample,Bacteria,Pseudomonadota,Gammaproteobacteria,Xanthomonadales,Xanthomonadaceae,Lysobacter_I,Lysobacter_I sp019634715,6.75,0.07327001,0.9568/0.9404
Ea.F.2.H.C,D02,Earl,dorm_sample,Bacteria,unclassified Bacteria phylum,unclassified Bacteria class,unclassified Bacteria order,unclassified Bacteria family,unclassified Bacteria genus,unclassified Bacteria species,11.875,0.1289009,0.0000/0.0000
Ea.F.2.H.C,D02,Earl,dorm_sample,Bacteria,Pseudomonadota,Gammaproteobacteria,Burkholderiales,Burkholderiaceae_C,Ottowia,Ottowia sp018060485,14.75,0.1601085,0.9863/0.9859
Te.F.2.H.A,D04,Teal,dorm_sample,Bacteria,Actinomycetota,Actinomycetes,Actinomycetales,Microbacteriaceae,Agromyces,Agromyces mediolanus_A,0.25,0.05263158,0.9926/0.9926
Te.F.2.H.A,D04,Teal,dorm_sample,Bacteria,Pseudomonadota,Alphaproteobacteria,Rhizobiales,Hyphomicrobiaceae,Hyphomicrobium_A,Hyphomicrobium_A sp030148725,0.25,0.05263158,0.9957/0.9957
Te.F.2.H.A,D04,Teal,dorm_sample,Bacteria,Actinomycetota,Actinomycetes,Mycobacteriales,Mycobacteriaceae,Mycobacterium,Mycobacterium sp018326285,0.375,0.07894737,0.9921/0.9310
Te.F.2.H.A,D04,Teal,dorm_sample,Bacteria,unclassified Bacteria phylum,unclassified Bacteria class,unclassified Bacteria order,unclassified Bacteria family,unclassified Bacteria genus,unclassified Bacteria species,1.125,0.2368421,0.0000/0.0000
Te.F.2.H.A,D04,Teal,dorm_sample,Bacteria,Actinomycetota,Actinomycetes,Mycobacteriales,Mycobacteriaceae,Mycobacterium,Mycobacterium phocaicum,1.125,0.2368421,0.9892/0.9873
Te.F.2.H.A,D04,Teal,dorm_sample,Bacteria,Actinomycetota,Actinomycetes,Mycobacteriales,Mycobacteriaceae,Mycobacterium,Mycobacterium fortuitum,1.625,0.3421053,0.9983/0.9983
SR.F.3.H.C,D05,SoRo,dorm_sample,Bacteria,Pseudomonadota,Alphaproteobacteria,Rickettsiales,33-17,RICK01,RICK01 sp003932735,0.25,0.001236094,0.7210/0.6868
SR.F.3.H.C,D05,SoRo,dorm_sample,Bacteria,Pseudomonadota,Alphaproteobacteria,Rickettsiales,33-17,33-17,33-17 sp001897445,0.25,0.001236094,0.7514/0.7246
SR.F.3.H.C,D05,SoRo,dorm_sample,Bacteria,Bacteroidota,Bacteroidia,Chitinophagales,Chitinophagaceae,Flavitalea,Flavitalea sp016786745,0.25,0.001236094,0.7940/0.7621
SR.F.3.H.C,D05,SoRo,dorm_sample,Bacteria,Bacteroidota,Bacteroidia,Chitinophagales,Chitinophagaceae,Flavitalea,Flavitalea sp964387165,0.25,0.001236094,0.7965/0.7643
SR.F.3.H.C,D05,SoRo,dorm_sample,Bacteria,Bacteroidota,Bacteroidia,Chitinophagales,Chitinophagaceae,Terrimonas_A,Terrimonas_A sp965990355,0.25,0.001236094,0.8022/0.7639
SR.F.3.H.C,D05,SoRo,dorm_sample,Bacteria,Pseudomonadota,Alphaproteobacteria,Rhizobiales,Hyphomicrobiaceae,JAKAXS01,JAKAXS01 sp030655135,0.25,0.001236094,0.8151/0.6891
SR.F.3.H.C,D05,SoRo,dorm_sample,Bacteria,Acidobacteriota,Blastocatellia,Pyrinomonadales,Pyrinomonadaceae,DATHTS01,DATHTS01 sp041940425,0.25,0.001236094,0.8180/0.7893
SR.F.3.H.C,D05,SoRo,dorm_sample,Bacteria,Bacteroidota,Bacteroidia,Chitinophagales,Chitinophagaceae,JAFIGV01,JAFIGV01 sp023418315,0.25,0.001236094,0.8453/0.8061
SR.F.3.H.C,D05,SoRo,dorm_sample,Bacteria,Pseudomonadota,Alphaproteobacteria,Sphingomonadales,Sphingomonadaceae,Sphingomonas_B,Sphingomonas_B tabacisoli,0.25,0.001236094,0.8696/0.8346
SR.F.3.H.C,D05,SoRo,dorm_sample,Bacteria,Pseudomonadota,Alphaproteobacteria,Sphingomonadales,Sphingomonadaceae,Sphingomonas,Sphingomonas sp051400635,0.25,0.001236094,0.8764/0.8430
SR.F.3.H.C,D05,SoRo,dorm_sample,Bacteria,Pseudomonadota,Alphaproteobacteria,Sphingomonadales,Sphingomonadaceae,Sphingopyxis,Sphingopyxis soli,0.25,0.001236094,0.8780/0.8197
SR.F.3.H.C,D05,SoRo,dorm_sample,Bacteria,Planctomycetota,Planctomycetia,Planctomycetales,Planctomycetaceae,Caulifigura,Caulifigura coniformis,0.25,0.001236094,0.8797/0.8691
SR.F.3.H.C,D05,SoRo,dorm_sample,Bacteria,Pseudomonadota,Alphaproteobacteria,Sphingomonadales,Sphingomonadaceae,Sphingomonas,Sphingomonas panaciterrae,0.25,0.001236094,0.9122/0.9019
SR.F.3.H.C,D05,SoRo,dorm_sample,Bacteria,Pseudomonadota,Gammaproteobacteria,Steroidobacterales,Steroidobacteraceae,Steroidobacter,Steroidobacter soli,0.25,0.001236094,0.9131/0.8905
SR.F.3.H.C,D05,SoRo,dorm_sample,Bacteria,Pseudomonadota,Alphaproteobacteria,Rhizobiales,Beijerinckiaceae,Allobosea,Allobosea massiliensis,0.25,0.001236094,0.9748/0.9747
SR.F.3.H.C,D05,SoRo,dorm_sample,Bacteria,Pseudomonadota,Alphaproteobacteria,Rhizobiales,Hyphomicrobiaceae,Hyphomicrobium_A,Hyphomicrobium_A sp030148725,0.25,0.001236094,0.9830/0.9830
SR.F.3.H.C,D05,SoRo,dorm_sample,Bacteria,Actinomycetota,Actinomycetes,Actinomycetales,Microbacteriaceae,Microbacterium,Microbacterium kunmingense,0.25,0.001236094,0.9942/0.9942
SR.F.3.H.C,D05,SoRo,dorm_sample,Bacteria,Pseudomonadota,Alphaproteobacteria,Rhizobiales,Beijerinckiaceae,Methylobacterium,Methylobacterium radiotolerans,0.25,0.001236094,0.9966/0.9966
SR.F.3.H.C,D05,SoRo,dorm_sample,Bacteria,Actinomycetota,Actinomycetes,Mycobacteriales,Mycobacteriaceae,Mycobacterium,Mycobacterium abscessus,0.25,0.001236094,0.9998/0.9997
SR.F.3.H.C,D05,SoRo,dorm_sample,Bacteria,Acidobacteriota,Blastocatellia,Pyrinomonadales,Pyrinomonadaceae,GCA-002050365,GCA-002050365 sp963761145,0.375,0.001854141,0.7742/0.7067
SR.F.3.H.C,D05,SoRo,dorm_sample,Bacteria,Acidobacteriota,Vicinamibacteria,Vicinamibacterales,Vicinamibacteraceae,JBDSLU01,JBDSLU01 sp963816265,0.375,0.001854141,0.8128/0.7764
SR.F.3.H.C,D05,SoRo,dorm_sample,Bacteria,Bacteroidota,Bacteroidia,Cytophagales,Cyclobacteriaceae,Chryseolinea,Chryseolinea sp037203685,0.375,0.001854141,0.8643/0.8634
SR.F.3.H.C,D05,SoRo,dorm_sample,Bacteria,Pseudomonadota,Alphaproteobacteria,Reyranellales,Reyranellaceae,Reyranella,Reyranella sp001897995,0.375,0.001854141,0.8974/0.8904
SR.F.3.H.C,D05,SoRo,dorm_sample,Bacteria,Bacteroidota,Bacteroidia,Cytophagales,172606-1,Xanthocytophaga,Xanthocytophaga sp963520985,0.375,0.001854141,0.9086/0.9063
SR.F.3.H.C,D05,SoRo,dorm_sample,Bacteria,Pseudomonadota,Gammaproteobacteria,Burkholderiales,Burkholderiaceae,Imbroritus,Imbroritus primus,0.375,0.001854141,0.9256/0.9244
SR.F.3.H.C,D05,SoRo,dorm_sample,Bacteria,Pseudomonadota,Gammaproteobacteria,Xanthomonadales,Xanthomonadaceae,Pseudoxanthomonas_A,Pseudoxanthomonas_A sp900104255,0.375,0.001854141,0.9424/0.9264
SR.F.3.H.C,D05,SoRo,dorm_sample,Bacteria,Cyanobacteriota,Vampirovibrionia,Obscuribacterales,Obscuribacteraceae,JAFKGK01,JAFKGK01 sp017307165,0.375,0.001854141,0.9651/0.9628
SR.F.3.H.C,D05,SoRo,dorm_sample,Bacteria,Pseudomonadota,Alphaproteobacteria,Sphingomonadales,Sphingomonadaceae,Sphingopyxis,Sphingopyxis sp035998905,0.375,0.001854141,0.9785/0.9783
SR.F.3.H.C,D05,SoRo,dorm_sample,Bacteria,Actinomycetota,Actinomycetes,Actinomycetales,Microbacteriaceae,Microbacterium,Microbacterium aurum,0.375,0.001854141,0.9920/0.9919
SR.F.3.H.C,D05,SoRo,dorm_sample,Bacteria,Myxococcota,Myxococcia,Myxococcales,Myxococcaceae,Archangium_A,Archangium_A gephyra_A,0.375,0.001854141,0.9952/0.9941
SR.F.3.H.C,D05,SoRo,dorm_sample,Bacteria,Bacteroidota,Bacteroidia,Chitinophagales,Chitinophagaceae,Flavitalea,Flavitalea sp963808065,0.5,0.002472188,0.8284/0.7932
SR.F.3.H.C,D05,SoRo,dorm_sample,Bacteria,Actinomycetota,Actinomycetes,Propionibacteriales,Propionibacteriaceae,Micropruina,Micropruina sp047607385,0.5,0.002472188,0.8834/0.8442
SR.F.3.H.C,D05,SoRo,dorm_sample,Bacteria,Pseudomonadota,Gammaproteobacteria,Xanthomonadales,Xanthomonadaceae,Pseudoxanthomonas_A,Pseudoxanthomonas_A mexicana,0.5,0.002472188,0.9888/0.9878
SR.F.3.H.C,D05,SoRo,dorm_sample,Bacteria,Pseudomonadota,Gammaproteobacteria,Burkholderiales,Burkholderiaceae_C,Aquincola,Aquincola tertiaricarbonis_B,0.5,0.002472188,0.9903/0.9900
SR.F.3.H.C,D05,SoRo,dorm_sample,Bacteria,Actinomycetota,Actinomycetes,Mycobacteriales,Mycobacteriaceae,Mycobacterium,Mycobacterium paragordonae,0.5,0.002472188,0.9934/0.9907
SR.F.3.H.C,D05,SoRo,dorm_sample,Bacteria,Actinomycetota,Actinomycetes,Actinomycetales,Microbacteriaceae,Microbacterium,Microbacterium sufflavum,0.5,0.002472188,0.9986/0.9985
SR.F.3.H.C,D05,SoRo,dorm_sample,Bacteria,Bacteroidota,Bacteroidia,Chitinophagales,Chitinophagaceae,Flavitalea,Flavitalea sp964606315,0.625,0.003090235,0.8154/0.7844
SR.F.3.H.C,D05,SoRo,dorm_sample,Bacteria,Acidobacteriota,Vicinamibacteria,Vicinamibacterales,Vicinamibacteraceae,CAWJAP01,CAWJAP01 sp963840865,0.625,0.003090235,0.8217/0.7410
SR.F.3.H.C,D05,SoRo,dorm_sample,Bacteria,Actinomycetota,Actinomycetes,Propionibacteriales,Propionibacteriaceae,Micropruina,Micropruina sp044224095,0.625,0.003090235,0.8878/0.7920
SR.F.3.H.C,D05,SoRo,dorm_sample,Bacteria,Pseudomonadota,Alphaproteobacteria,Sphingomonadales,Sphingomonadaceae,Erythrobacter,Erythrobacter sp001557115,0.625,0.003090235,0.8922/0.8649
SR.F.3.H.C,D05,SoRo,dorm_sample,Bacteria,Pseudomonadota,Alphaproteobacteria,Sphingomonadales,Sphingomonadaceae,Sphingomonas,Sphingomonas koreensis,0.625,0.003090235,0.9141/0.8903
SR.F.3.H.C,D05,SoRo,dorm_sample,Bacteria,Pseudomonadota,Alphaproteobacteria,Rhizobiales,Beijerinckiaceae,Allobosea,Allobosea eneae,0.625,0.003090235,0.9738/0.9445
SR.F.3.H.C,D05,SoRo,dorm_sample,Bacteria,Pseudomonadota,Gammaproteobacteria,Xanthomonadales,Xanthomonadaceae,Lysobacter_I,Lysobacter_I sp036404915,0.625,0.003090235,0.9817/0.9797
SR.F.3.H.C,D05,SoRo,dorm_sample,Bacteria,Pseudomonadota,Alphaproteobacteria,Rhizobiales,Aestuariivirgaceae,Taklimakanibacter,Taklimakanibacter sp049323275,0.625,0.003090235,0.9845/0.9327
SR.F.3.H.C,D05,SoRo,dorm_sample,Bacteria,Pseudomonadota,Alphaproteobacteria,Reyranellales,Reyranellaceae,Reyranella,Reyranella sp964588065,0.625,0.003090235,0.9883/0.9871
SR.F.3.H.C,D05,SoRo,dorm_sample,Bacteria,Pseudomonadota,Gammaproteobacteria,Xanthomonadales,Xanthomonadaceae,Pseudoxanthomonas_A,Pseudoxanthomonas_A sp051953815,0.625,0.003090235,0.9931/0.9929
SR.F.3.H.C,D05,SoRo,dorm_sample,Bacteria,Actinomycetota,Actinomycetes,Mycobacteriales,Mycobacteriaceae,Mycobacterium,Mycobacterium gordonae,0.625,0.003090235,0.9991/0.9991
SR.F.3.H.C,D05,SoRo,dorm_sample,Bacteria,Planctomycetota,Phycisphaerae,Phycisphaerales,UBA1924,JADLFW01,JADLFW01 sp020849615,0.75,0.003708282,0.8581/0.7937
SR.F.3.H.C,D05,SoRo,dorm_sample,Bacteria,Pseudomonadota,Alphaproteobacteria,Sphingomonadales,Sphingomonadaceae,Sphingobium_A,Sphingobium_A colocasiae,0.75,0.003708282,0.8612/0.8411
SR.F.3.H.C,D05,SoRo,dorm_sample,Bacteria,Pseudomonadota,Alphaproteobacteria,Reyranellales,Reyranellaceae,Reyranella,Reyranella sp965228225,0.75,0.003708282,0.9371/0.9359
SR.F.3.H.C,D05,SoRo,dorm_sample,Bacteria,Pseudomonadota,Alphaproteobacteria,Rhizobiales,Hyphomicrobiaceae,Hyphomicrobium_C,Hyphomicrobium_C zavarzinii,0.75,0.003708282,0.9978/0.9978
SR.F.3.H.C,D05,SoRo,dorm_sample,Bacteria,Acidobacteriota,Blastocatellia,Pyrinomonadales,Pyrinomonadaceae,G965247235,G965247235 sp965247235,0.875,0.004326329,0.8084/0.7805
SR.F.3.H.C,D05,SoRo,dorm_sample,Bacteria,Pseudomonadota,Gammaproteobacteria,Xanthomonadales,Ahniellaceae,CALKUS01,CALKUS01 sp937996755,0.875,0.004326329,0.8115/0.7099
SR.F.3.H.C,D05,SoRo,dorm_sample,Bacteria,Pseudomonadota,Gammaproteobacteria,Xanthomonadales,Ahniellaceae,UBA4656,UBA4656 sp031412975,0.875,0.004326329,0.8153/0.7902
SR.F.3.H.C,D05,SoRo,dorm_sample,Bacteria,Pseudomonadota,Alphaproteobacteria,Rhizobiales,Aestuariivirgaceae,Taklimakanibacter,Taklimakanibacter sp005502925,0.875,0.004326329,0.9403/0.9306
SR.F.3.H.C,D05,SoRo,dorm_sample,Bacteria,Pseudomonadota,Gammaproteobacteria,Xanthomonadales,Rhodanobacteraceae,Dokdonella,Dokdonella denitrificans_A,0.875,0.004326329,0.9522/0.9412
SR.F.3.H.C,D05,SoRo,dorm_sample,Bacteria,Actinomycetota,Actinomycetes,Propionibacteriales,Propionibacteriaceae,Micropruina,Micropruina sp937863965,0.875,0.004326329,0.9895/0.9873
SR.F.3.H.C,D05,SoRo,dorm_sample,Bacteria,Pseudomonadota,Alphaproteobacteria,Sphingomonadales,Sphingomonadaceae,Sphingopyxis,Sphingopyxis sp022701295,0.875,0.004326329,0.9913/0.9739
SR.F.3.H.C,D05,SoRo,dorm_sample,Bacteria,Pseudomonadota,Alphaproteobacteria,Caulobacterales,Caulobacteraceae,Phenylobacterium,Phenylobacterium sp964254345,1,0.004944376,0.9188/0.9123
SR.F.3.H.C,D05,SoRo,dorm_sample,Bacteria,Actinomycetota,Actinomycetes,Mycobacteriales,Mycobacteriaceae,Mycobacterium,Mycobacterium sp018326285,1,0.004944376,0.9840/0.9621
SR.F.3.H.C,D05,SoRo,dorm_sample,Bacteria,Pseudomonadota,Alphaproteobacteria,Sphingomonadales,Sphingomonadaceae,Sphingomonas_B,Sphingomonas_B sp018240865,1.125,0.005562423,0.9307/0.8467
SR.F.3.H.C,D05,SoRo,dorm_sample,Bacteria,Bacteroidota,Bacteroidia,Chitinophagales,Chitinophagaceae,Agriterribacter,Agriterribacter sp051955255,1.375,0.006798517,0.9729/0.9505
SR.F.3.H.C,D05,SoRo,dorm_sample,Bacteria,Pseudomonadota,Gammaproteobacteria,Burkholderiales,Burkholderiaceae_C,Acidovorax,Acidovorax temperans,1.375,0.006798517,0.9837/0.9837
SR.F.3.H.C,D05,SoRo,dorm_sample,Bacteria,Myxococcota,XYA12-FULL-58-9,XYA12-FULL-58-9,JALHOP01,JALHOP01,JALHOP01 sp964484195,1.5,0.007416564,0.8829/0.8261
SR.F.3.H.C,D05,SoRo,dorm_sample,Bacteria,Pseudomonadota,Alphaproteobacteria,Rhizobiales,Xanthobacteraceae,Bradyrhizobium,Bradyrhizobium lablabi_C,1.5,0.007416564,0.8846/0.8400
SR.F.3.H.C,D05,SoRo,dorm_sample,Bacteria,Chlamydiota,Chlamydiia,Chlamydiales,Parachlamydiaceae,Neochlamydia,Neochlamydia sp001897225,1.5,0.007416564,0.9441/0.9228
SR.F.3.H.C,D05,SoRo,dorm_sample,Bacteria,Pseudomonadota,Alphaproteobacteria,Caulobacterales,Caulobacteraceae,Phenylobacterium,Phenylobacterium haematophilum,1.5,0.007416564,0.9920/0.9918
SR.F.3.H.C,D05,SoRo,dorm_sample,Bacteria,Acidobacteriota,Blastocatellia,Pyrinomonadales,Pyrinomonadaceae,DATHTS01,DATHTS01 sp965217985,1.625,0.008034611,0.8142/0.7849
SR.F.3.H.C,D05,SoRo,dorm_sample,Bacteria,Pseudomonadota,Gammaproteobacteria,Xanthomonadales,Xanthomonadaceae,Pseudoxanthomonas_A,Pseudoxanthomonas_A japonensis,1.625,0.008034611,0.9962/0.9949
SR.F.3.H.C,D05,SoRo,dorm_sample,Bacteria,Pseudomonadota,Alphaproteobacteria,Rhizobiales,Rhizobiaceae,Arvimicrobium,Arvimicrobium sp023953845,2,0.009888752,0.8606/0.8325
SR.F.3.H.C,D05,SoRo,dorm_sample,Bacteria,Pseudomonadota,Gammaproteobacteria,Xanthomonadales,Rhodanobacteraceae,Dokdonella,Dokdonella sp002483055,2,0.009888752,0.9488/0.9395
SR.F.3.H.C,D05,SoRo,dorm_sample,Bacteria,Pseudomonadota,Alphaproteobacteria,Sphingomonadales,Sphingomonadaceae,Sphingomonas,Sphingomonas sp943913195,2,0.009888752,0.9877/0.9869
SR.F.3.H.C,D05,SoRo,dorm_sample,Bacteria,Pseudomonadota,Alphaproteobacteria,Rhizobiales,Xanthobacteraceae,Bradyrhizobium,Bradyrhizobium japonicum_C,2,0.009888752,0.9987/0.9987
SR.F.3.H.C,D05,SoRo,dorm_sample,Bacteria,Pseudomonadota,Alphaproteobacteria,Sphingomonadales,Sphingomonadaceae,Sphingopyxis,Sphingopyxis sp014873485,2.125,0.0105068,0.9285/0.8984
SR.F.3.H.C,D05,SoRo,dorm_sample,Bacteria,Actinomycetota,Actinomycetes,Actinomycetales,Microbacteriaceae,Agromyces,Agromyces mediolanus_A,2.125,0.0105068,0.9941/0.9937
SR.F.3.H.C,D05,SoRo,dorm_sample,Bacteria,Pseudomonadota,Gammaproteobacteria,Xanthomonadales,Rhodanobacteraceae,Tahibacter,Tahibacter soli,2.5,0.01236094,0.8036/0.7598
SR.F.3.H.C,D05,SoRo,dorm_sample,Bacteria,Pseudomonadota,Alphaproteobacteria,Sphingomonadales,Sphingomonadaceae,Sphingopyxis,Sphingopyxis sp043727035,2.5,0.01236094,0.8384/0.7481
SR.F.3.H.C,D05,SoRo,dorm_sample,Bacteria,Pseudomonadota,Alphaproteobacteria,Rhizobiales,Rhizobiaceae,Arvimicrobium,Arvimicrobium flavum,2.5,0.01236094,0.8499/0.8098
SR.F.3.H.C,D05,SoRo,dorm_sample,Bacteria,Acidobacteriota,Blastocatellia,Pyrinomonadales,Pyrinomonadaceae,JAIBCC01,JAIBCC01 sp963779235,2.875,0.01421508,0.8026/0.7492
SR.F.3.H.C,D05,SoRo,dorm_sample,Bacteria,Acidobacteriota,Blastocatellia,Pyrinomonadales,Pyrinomonadaceae,JAJQRF01,JAJQRF01 sp021228405,2.875,0.01421508,0.9133/0.8995
SR.F.3.H.C,D05,SoRo,dorm_sample,Bacteria,Pseudomonadota,Alphaproteobacteria,Sphingomonadales,Sphingomonadaceae,Sphingopyxis,Sphingopyxis lacunae,3.25,0.01606922,0.8275/0.7898
SR.F.3.H.C,D05,SoRo,dorm_sample,Bacteria,Pseudomonadota,Alphaproteobacteria,Caulobacterales,Caulobacteraceae,Phenylobacterium,Phenylobacterium sp041919955,3.375,0.01668727,0.9953/0.9947
SR.F.3.H.C,D05,SoRo,dorm_sample,Bacteria,Acidobacteriota,Blastocatellia,Pyrinomonadales,Pyrinomonadaceae,JAFDVJ01,JAFDVJ01 sp965247805,3.875,0.01915946,0.8182/0.7861
SR.F.3.H.C,D05,SoRo,dorm_sample,Bacteria,Pseudomonadota,Gammaproteobacteria,Xanthomonadales,Xanthomonadaceae,Pseudoxanthomonas_A,Pseudoxanthomonas_A sp047600885,4.25,0.0210136,0.9470/0.9350
SR.F.3.H.C,D05,SoRo,dorm_sample,Bacteria,Pseudomonadota,Alphaproteobacteria,Sphingomonadales,Sphingomonadaceae,Sphingopyxis,Sphingopyxis sp947463325,5.125,0.02533993,0.8494/0.7859
SR.F.3.H.C,D05,SoRo,dorm_sample,Bacteria,Pseudomonadota,Gammaproteobacteria,Xanthomonadales,Ahniellaceae,JBGAHD01,JBGAHD01 sp044226395,5.375,0.02657602,0.8363/0.8120
SR.F.3.H.C,D05,SoRo,dorm_sample,Bacteria,Pseudomonadota,Gammaproteobacteria,Burkholderiales,Burkholderiaceae_C,Ottowia,Ottowia testudinis,5.75,0.02843016,0.9077/0.9002
SR.F.3.H.C,D05,SoRo,dorm_sample,Bacteria,Pseudomonadota,Alphaproteobacteria,Sphingomonadales,Sphingomonadaceae,Erythrobacter,Erythrobacter oryzae,7.625,0.03770087,0.9006/0.8546
SR.F.3.H.C,D05,SoRo,dorm_sample,Bacteria,Actinomycetota,Actinomycetes,Mycobacteriales,Mycobacteriaceae,Mycobacterium,Mycobacterium fortuitum,8,0.03955501,0.9985/0.9982
SR.F.3.H.C,D05,SoRo,dorm_sample,Bacteria,Pseudomonadota,Alphaproteobacteria,Sphingomonadales,Sphingomonadaceae,Sphingopyxis,Sphingopyxis sp001468395,8.5,0.04202719,0.9770/0.9663
SR.F.3.H.C,D05,SoRo,dorm_sample,Bacteria,Actinomycetota,Actinomycetes,Mycobacteriales,Mycobacteriaceae,Mycobacterium,Mycobacterium phocaicum,17.125,0.08467244,0.9913/0.9882
SR.F.3.H.C,D05,SoRo,dorm_sample,Bacteria,Pseudomonadota,Alphaproteobacteria,Sphingomonadales,Sphingomonadaceae,Blastomonas,Blastomonas ursincola,19.25,0.09517923,0.9891/0.9886
SR.F.3.H.C,D05,SoRo,dorm_sample,Bacteria,unclassified Bacteria phylum,unclassified Bacteria class,unclassified Bacteria order,unclassified Bacteria family,unclassified Bacteria genus,unclassified Bacteria species,20.375,0.1007417,0.0000/0.0000
SR.F.3.H.C,D05,SoRo,dorm_sample,Bacteria,Pseudomonadota,Gammaproteobacteria,Burkholderiales,Burkholderiaceae_C,Ottowia,Ottowia sp018060485,21.875,0.1081582,0.9861/0.9799
Da.F.3.L.B,D06,Dawson,dorm_sample,Bacteria,Bdellovibrionota,Bacteriovoracia,Bacteriovoracales,Bacteriovoracaceae,UBA6144,UBA6144 sp964399165,0.25,0.002392344,0.7469/0.7084
Da.F.3.L.B,D06,Dawson,dorm_sample,Bacteria,Bacteroidota,Bacteroidia,Chitinophagales,Chitinophagaceae,Flavihumibacter,Flavihumibacter sp001601815,0.25,0.002392344,0.7643/0.7324
Da.F.3.L.B,D06,Dawson,dorm_sample,Bacteria,Bacteroidota,Bacteroidia,Chitinophagales,Chitinophagaceae,Flavihumibacter,Flavihumibacter sp002483205,0.25,0.002392344,0.7885/0.7643
Da.F.3.L.B,D06,Dawson,dorm_sample,Bacteria,Verrucomicrobiota,Verrucomicrobiia,Chthoniobacterales,Terrimicrobiaceae,CALCJD01,CALCJD01 sp937960895,0.25,0.002392344,0.8232/0.8117
Da.F.3.L.B,D06,Dawson,dorm_sample,Bacteria,Pseudomonadota,Alphaproteobacteria,Sphingomonadales,Sphingomonadaceae,Sphingomonas,Sphingomonas sp014217605,0.25,0.002392344,0.8595/0.8206
Da.F.3.L.B,D06,Dawson,dorm_sample,Bacteria,Pseudomonadota,Alphaproteobacteria,Sphingomonadales,Sphingomonadaceae,Sphingomonas,Sphingomonas trueperi,0.25,0.002392344,0.9139/0.9107
Da.F.3.L.B,D06,Dawson,dorm_sample,Bacteria,Pseudomonadota,Alphaproteobacteria,Rhizobiales,Beijerinckiaceae,Allobosea,Allobosea sp050275675,0.25,0.002392344,0.9178/0.9158
Da.F.3.L.B,D06,Dawson,dorm_sample,Bacteria,Bacteroidota,Bacteroidia,Chitinophagales,Chitinophagaceae,Lacibacter,Lacibacter cauensis,0.25,0.002392344,0.9304/0.9236
Da.F.3.L.B,D06,Dawson,dorm_sample,Bacteria,Pseudomonadota,Alphaproteobacteria,Sphingomonadales,Sphingomonadaceae,Sphingomonas,Sphingomonas sp036402235,0.25,0.002392344,0.9402/0.8371
Da.F.3.L.B,D06,Dawson,dorm_sample,Bacteria,Pseudomonadota,Alphaproteobacteria,Acetobacterales,Acetobacteraceae,Roseomonas,Roseomonas rosea,0.25,0.002392344,0.9501/0.8322
Da.F.3.L.B,D06,Dawson,dorm_sample,Bacteria,Pseudomonadota,Alphaproteobacteria,Sphingomonadales,Sphingomonadaceae,Sphingomonas,Sphingomonas zeae,0.25,0.002392344,0.9646/0.9568
Da.F.3.L.B,D06,Dawson,dorm_sample,Bacteria,Pseudomonadota,Alphaproteobacteria,Rhizobiales,Beijerinckiaceae,Methylobacterium,Methylobacterium gregans,0.25,0.002392344,0.9822/0.9730
Da.F.3.L.B,D06,Dawson,dorm_sample,Bacteria,Pseudomonadota,Alphaproteobacteria,Sphingomonadales,Sphingomonadaceae,Sphingobium,Sphingobium sp003248505,0.25,0.002392344,0.9856/0.9856
Da.F.3.L.B,D06,Dawson,dorm_sample,Bacteria,Pseudomonadota,Alphaproteobacteria,Sphingomonadales,Sphingomonadaceae,Sphingopyxis,Sphingopyxis macrogoltabida_A,0.25,0.002392344,0.9859/0.9850
Da.F.3.L.B,D06,Dawson,dorm_sample,Bacteria,Pseudomonadota,Gammaproteobacteria,Burkholderiales,Burkholderiaceae_C,Pseudorhodoferax,Pseudorhodoferax aquiterrae,0.25,0.002392344,0.9867/0.9867
Da.F.3.L.B,D06,Dawson,dorm_sample,Bacteria,Pseudomonadota,Alphaproteobacteria,Rhizobiales,Beijerinckiaceae,Methylobacterium,Methylobacterium frigidaeris,0.25,0.002392344,0.9890/0.9770
Da.F.3.L.B,D06,Dawson,dorm_sample,Bacteria,Acidobacteriota,Blastocatellia,Pyrinomonadales,Pyrinomonadaceae,JAFDVJ01,JAFDVJ01 sp965247805,0.375,0.003588517,0.8132/0.7787
Da.F.3.L.B,D06,Dawson,dorm_sample,Bacteria,Pseudomonadota,Alphaproteobacteria,Sphingomonadales,Sphingomonadaceae,Sphingobium,Sphingobium amiense,0.375,0.003588517,0.8889/0.8799
Da.F.3.L.B,D06,Dawson,dorm_sample,Bacteria,Pseudomonadota,Alphaproteobacteria,Sphingomonadales,Sphingomonadaceae,Erythrobacter,Erythrobacter sp009905735,0.375,0.003588517,0.9544/0.9447
Da.F.3.L.B,D06,Dawson,dorm_sample,Bacteria,Pseudomonadota,Alphaproteobacteria,Sphingomonadales,Sphingomonadaceae,Sphingomonas,Sphingomonas corticis,0.375,0.003588517,0.9609/0.9521
Da.F.3.L.B,D06,Dawson,dorm_sample,Bacteria,Pseudomonadota,Alphaproteobacteria,Rhizobiales,Beijerinckiaceae,Methylobacterium,Methylobacterium sp003173775,0.375,0.003588517,0.9665/0.9645
Da.F.3.L.B,D06,Dawson,dorm_sample,Bacteria,Pseudomonadota,Alphaproteobacteria,Sphingomonadales,Sphingomonadaceae,Novosphingobium,Novosphingobium sp003454795,0.375,0.003588517,0.9744/0.9743
Da.F.3.L.B,D06,Dawson,dorm_sample,Bacteria,Pseudomonadota,Gammaproteobacteria,Burkholderiales,Burkholderiaceae_C,Ottowia,Ottowia sp018060485,0.375,0.003588517,0.9894/0.9894
Da.F.3.L.B,D06,Dawson,dorm_sample,Bacteria,Bdellovibrionota,Bacteriovoracia,Bacteriovoracales,Bacteriovoracaceae,UBA6144,UBA6144 sp036770305,0.5,0.004784689,0.7832/0.7446
Da.F.3.L.B,D06,Dawson,dorm_sample,Bacteria,Pseudomonadota,Alphaproteobacteria,Sphingomonadales,Sphingomonadaceae,Sphingomonas,Sphingomonas phyllosphaerae_E,0.5,0.004784689,0.9167/0.8430
Da.F.3.L.B,D06,Dawson,dorm_sample,Bacteria,Acidobacteriota,Vicinamibacteria,Vicinamibacterales,Vicinamibacteraceae,Luteitalea,Luteitalea sp016865485,0.5,0.004784689,0.9208/0.9037
Da.F.3.L.B,D06,Dawson,dorm_sample,Bacteria,Pseudomonadota,Alphaproteobacteria,Rhizobiales,Beijerinckiaceae,Allobosea,Allobosea massiliensis,0.5,0.004784689,0.9794/0.9780
Da.F.3.L.B,D06,Dawson,dorm_sample,Bacteria,Pseudomonadota,Gammaproteobacteria,Xanthomonadales,Xanthomonadaceae,Lysobacter,Lysobacter capsici_A,0.625,0.005980861,0.9031/0.8334
Da.F.3.L.B,D06,Dawson,dorm_sample,Bacteria,Pseudomonadota,Alphaproteobacteria,Sphingomonadales,Sphingomonadaceae,Erythrobacter,Erythrobacter sp046452395,0.625,0.005980861,0.9773/0.9738
Da.F.3.L.B,D06,Dawson,dorm_sample,Bacteria,Pseudomonadota,Gammaproteobacteria,Xanthomonadales,Xanthomonadaceae,Pseudoxanthomonas_A,Pseudoxanthomonas_A japonensis,0.625,0.005980861,0.9864/0.9864
Da.F.3.L.B,D06,Dawson,dorm_sample,Bacteria,Pseudomonadota,Gammaproteobacteria,Xanthomonadales,Xanthomonadaceae,Pseudoxanthomonas_A,Pseudoxanthomonas_A mexicana,0.625,0.005980861,0.9879/0.9869
Da.F.3.L.B,D06,Dawson,dorm_sample,Bacteria,Actinomycetota,Actinomycetes,Mycobacteriales,Mycobacteriaceae,Mycobacterium,Mycobacterium sp018326285,0.625,0.005980861,0.9939/0.9932
Da.F.3.L.B,D06,Dawson,dorm_sample,Bacteria,Pseudomonadota,Alphaproteobacteria,Sphingomonadales,Sphingomonadaceae,Sphingomonas,Sphingomonas taxi_B,0.625,0.005980861,0.9948/0.9948
Da.F.3.L.B,D06,Dawson,dorm_sample,Bacteria,Pseudomonadota,Alphaproteobacteria,Caulobacterales,Caulobacteraceae,Phenylobacterium,Phenylobacterium zucineum,0.75,0.007177033,0.8701/0.8538
Da.F.3.L.B,D06,Dawson,dorm_sample,Bacteria,Pseudomonadota,Alphaproteobacteria,Caulobacterales,Caulobacteraceae,Brevundimonas,Brevundimonas sp002434505,0.75,0.007177033,0.9651/0.9641
Da.F.3.L.B,D06,Dawson,dorm_sample,Bacteria,Pseudomonadota,Alphaproteobacteria,Sphingomonadales,Sphingomonadaceae,Sphingomonas,Sphingomonas sp943913195,0.75,0.007177033,0.9975/0.9975
Da.F.3.L.B,D06,Dawson,dorm_sample,Bacteria,Pseudomonadota,Alphaproteobacteria,Sphingomonadales,Sphingomonadaceae,Sphingomonas,Sphingomonas sp021043365,0.875,0.008373206,0.9255/0.9245
Da.F.3.L.B,D06,Dawson,dorm_sample,Bacteria,Pseudomonadota,Alphaproteobacteria,Sphingomonadales,Sphingomonadaceae,Sphingomonas,Sphingomonas sp031456125,0.875,0.008373206,0.9993/0.9993
Da.F.3.L.B,D06,Dawson,dorm_sample,Bacteria,Pseudomonadota,Alphaproteobacteria,Sphingomonadales,Sphingomonadaceae,Sphingomonas,Sphingomonas phyllosphaerae,1,0.009569378,0.9349/0.8647
Da.F.3.L.B,D06,Dawson,dorm_sample,Bacteria,Pseudomonadota,Alphaproteobacteria,Sphingomonadales,Sphingomonadaceae,Sphingomonas,Sphingomonas sp964021865,1,0.009569378,0.9848/0.9809
Da.F.3.L.B,D06,Dawson,dorm_sample,Bacteria,Cyanobacteriota,Vampirovibrionia,Obscuribacterales,Obscuribacteraceae,JAFKGK01,JAFKGK01 sp017307165,1,0.009569378,0.9934/0.9930
Da.F.3.L.B,D06,Dawson,dorm_sample,Bacteria,Pseudomonadota,Alphaproteobacteria,Sphingomonadales,Sphingomonadaceae,Sphingomonas,Sphingomonas ginsenosidimutans,1.125,0.01076555,0.9785/0.9752
Da.F.3.L.B,D06,Dawson,dorm_sample,Bacteria,Pseudomonadota,Alphaproteobacteria,Sphingomonadales,Sphingomonadaceae,Sphingomonas,Sphingomonas sp900109205,1.125,0.01076555,0.9998/0.9998
Da.F.3.L.B,D06,Dawson,dorm_sample,Bacteria,Pseudomonadota,Alphaproteobacteria,Sphingomonadales,Sphingomonadaceae,Sphingomonas,Sphingomonas panaciterrae,1.25,0.01196172,0.9697/0.9607
Da.F.3.L.B,D06,Dawson,dorm_sample,Bacteria,Actinomycetota,Actinomycetes,Mycobacteriales,Mycobacteriaceae,Mycobacterium,Mycobacterium adipatum,1.25,0.01196172,0.9935/0.9935
Da.F.3.L.B,D06,Dawson,dorm_sample,Bacteria,Pseudomonadota,Alphaproteobacteria,Rhizobiales,Beijerinckiaceae,Methylobacterium,Methylobacterium radiotolerans,1.25,0.01196172,0.9968/0.9965
Da.F.3.L.B,D06,Dawson,dorm_sample,Bacteria,Pseudomonadota,Alphaproteobacteria,Sphingomonadales,Sphingomonadaceae,Erythrobacter,Erythrobacter sp002482865,1.625,0.01555024,0.9177/0.8970
Da.F.3.L.B,D06,Dawson,dorm_sample,Bacteria,Pseudomonadota,Alphaproteobacteria,Caulobacterales,Caulobacteraceae,Brevundimonas,Brevundimonas huaxiensis,1.75,0.01674641,0.9719/0.9624
Da.F.3.L.B,D06,Dawson,dorm_sample,Bacteria,Pseudomonadota,Alphaproteobacteria,Sphingomonadales,Sphingomonadaceae,Sphingopyxis,Sphingopyxis sp022701295,1.75,0.01674641,0.9887/0.9884
Da.F.3.L.B,D06,Dawson,dorm_sample,Bacteria,Pseudomonadota,Alphaproteobacteria,Sphingomonadales,Sphingomonadaceae,Sphingomonas,Sphingomonas sp039615155,1.75,0.01674641,0.9993/0.9993
Da.F.3.L.B,D06,Dawson,dorm_sample,Bacteria,Pseudomonadota,Alphaproteobacteria,Caulobacterales,Caulobacteraceae,Phenylobacterium,Phenylobacterium sp001824475,2,0.01913876,0.9485/0.9363
Da.F.3.L.B,D06,Dawson,dorm_sample,Bacteria,Actinomycetota,Actinomycetes,Mycobacteriales,Mycobacteriaceae,Mycobacterium,Mycobacterium gwanakae,3.125,0.02990431,0.9998/0.9997
Da.F.3.L.B,D06,Dawson,dorm_sample,Bacteria,Pseudomonadota,Alphaproteobacteria,Caulobacterales,Caulobacteraceae,Caulobacter,Caulobacter sp913776195,3.625,0.034689,0.9663/0.9410
Da.F.3.L.B,D06,Dawson,dorm_sample,Bacteria,Pseudomonadota,Alphaproteobacteria,Caulobacterales,Caulobacteraceae,Phenylobacterium,Phenylobacterium sp040752615,4,0.03827751,0.9020/0.8411
Da.F.3.L.B,D06,Dawson,dorm_sample,Bacteria,Pseudomonadota,Alphaproteobacteria,Caulobacterales,Caulobacteraceae,Brevundimonas,Brevundimonas diminuta_C,4.25,0.04066986,0.9815/0.9813
Da.F.3.L.B,D06,Dawson,dorm_sample,Bacteria,Pseudomonadota,Alphaproteobacteria,Sphingomonadales,Sphingomonadaceae,Sphingopyxis,Sphingopyxis sp001830555,4.875,0.04665072,0.9664/0.9587
Da.F.3.L.B,D06,Dawson,dorm_sample,Bacteria,Pseudomonadota,Gammaproteobacteria,Xanthomonadales,Xanthomonadaceae,Lysobacter,Lysobacter capsici,6.75,0.0645933,0.9171/0.8813
Da.F.3.L.B,D06,Dawson,dorm_sample,Bacteria,Pseudomonadota,Alphaproteobacteria,Sphingomonadales,Sphingomonadaceae,Blastomonas,Blastomonas ursincola,8,0.07655502,0.9931/0.9931
Da.F.3.L.B,D06,Dawson,dorm_sample,Bacteria,unclassified Bacteria phylum,unclassified Bacteria class,unclassified Bacteria order,unclassified Bacteria family,unclassified Bacteria genus,unclassified Bacteria species,10.5,0.1004785,0.0000/0.0000
Da.F.3.L.B,D06,Dawson,dorm_sample,Bacteria,Actinomycetota,Actinomycetes,Mycobacteriales,Mycobacteriaceae,Mycobacterium,Mycobacterium phocaicum,12.5,0.1196172,0.9934/0.9906
Da.F.3.L.B,D06,Dawson,dorm_sample,Bacteria,Pseudomonadota,Alphaproteobacteria,Sphingomonadales,Sphingomonadaceae,Sphingopyxis,Sphingopyxis sp014873485,12.625,0.1208134,0.9283/0.8936
Pe.F.2.H.A,D07,Penland,dorm_sample,Bacteria,Bacteroidota,Bacteroidia,Chitinophagales,Chitinophagaceae,Endoryza,Endoryza sp964605065,0.25,0.001220256,0.7833/0.7419
Pe.F.2.H.A,D07,Penland,dorm_sample,Bacteria,Bdellovibrionota,Bdellovibrionia,Bdellovibrionales,Bdellovibrionaceae,Pseudobdellovibrio,Pseudobdellovibrio sp031428135,0.25,0.001220256,0.7863/0.7548
Pe.F.2.H.A,D07,Penland,dorm_sample,Bacteria,Bdellovibrionota,Bacteriovoracia,Bacteriovoracales,Bacteriovoracaceae,Peredibacter,Peredibacter sp945885655,0.25,0.001220256,0.7950/0.7827
Pe.F.2.H.A,D07,Penland,dorm_sample,Bacteria,Bdellovibrionota,Bdellovibrionia,Bdellovibrionales,Bdellovibrionaceae,Bdellovibrio,Bdellovibrio sp030169785,0.25,0.001220256,0.8140/0.7686
Pe.F.2.H.A,D07,Penland,dorm_sample,Bacteria,Bdellovibrionota,Bdellovibrionia,Bdellovibrionales,UBA1609,CAYHVK01,CAYHVK01 sp964360255,0.25,0.001220256,0.8229/0.8073
Pe.F.2.H.A,D07,Penland,dorm_sample,Bacteria,Bdellovibrionota,Bdellovibrionia,Bdellovibrionales,JAMPXM01,Ga0074137,Ga0074137 sp001464715,0.25,0.001220256,0.8303/0.7717
Pe.F.2.H.A,D07,Penland,dorm_sample,Bacteria,Bacteroidota,Bacteroidia,Chitinophagales,Chitinophagaceae,JAFIGV01,JAFIGV01 sp023418315,0.25,0.001220256,0.8539/0.8081
Pe.F.2.H.A,D07,Penland,dorm_sample,Bacteria,Pseudomonadota,Alphaproteobacteria,Rhizobiales,Rhizobiaceae,Arvimicrobium,Arvimicrobium flavum,0.25,0.001220256,0.8563/0.7750
Pe.F.2.H.A,D07,Penland,dorm_sample,Bacteria,Pseudomonadota,Alphaproteobacteria,Rhizobiales,Rhizobiaceae,Shinella,Shinella granuli,0.25,0.001220256,0.9019/0.8768
Pe.F.2.H.A,D07,Penland,dorm_sample,Bacteria,Bacteroidota,Bacteroidia,Chitinophagales,Chitinophagaceae,Agriterribacter,Agriterribacter sp051955255,0.25,0.001220256,0.9914/0.9914
Pe.F.2.H.A,D07,Penland,dorm_sample,Bacteria,Bdellovibrionota,Bdellovibrionia,Bdellovibrionales,Bdellovibrionaceae,Bdellovibrio,Bdellovibrio sp047344985,0.375,0.001830384,0.7822/0.7503
Pe.F.2.H.A,D07,Penland,dorm_sample,Bacteria,Bacteroidota,Bacteroidia,Chitinophagales,Chitinophagaceae,Endoryza,Endoryza sp964555605,0.375,0.001830384,0.8046/0.7704
Pe.F.2.H.A,D07,Penland,dorm_sample,Bacteria,Pseudomonadota,Alphaproteobacteria,Micavibrionales,UBA2020,JAEXMB01,JAEXMB01 sp023444705,0.375,0.001830384,0.8486/0.7366
Pe.F.2.H.A,D07,Penland,dorm_sample,Bacteria,Acidobacteriota,Vicinamibacteria,Vicinamibacterales,Vicinamibacteraceae,Luteitalea,Luteitalea sp016865485,0.375,0.001830384,0.8582/0.8318
Pe.F.2.H.A,D07,Penland,dorm_sample,Bacteria,Bacteroidota,Bacteroidia,Cytophagales,Spirosomataceae,Dyadobacter,Dyadobacter fermentans_A,0.375,0.001830384,0.9515/0.9014
Pe.F.2.H.A,D07,Penland,dorm_sample,Bacteria,Pseudomonadota,Gammaproteobacteria,Burkholderiales,Rhodocyclaceae,Methyloversatilis,Methyloversatilis discipulorum_A,0.375,0.001830384,0.9918/0.9918
Pe.F.2.H.A,D07,Penland,dorm_sample,Bacteria,Babelota,Babeliae,Babelales,Vermiphilaceae,Vermiphilus,Vermiphilus pyriformis,0.375,0.001830384,0.9989/0.9989
Pe.F.2.H.A,D07,Penland,dorm_sample,Bacteria,Acidobacteriota,Blastocatellia,Pyrinomonadales,Pyrinomonadaceae,JALZHR01,JALZHR01 sp036388635,0.5,0.002440513,0.7695/0.7150
Pe.F.2.H.A,D07,Penland,dorm_sample,Bacteria,Bdellovibrionota,Bdellovibrionia,Bdellovibrionales,Bdellovibrionaceae,Bdellovibrio,Bdellovibrio sp047323225,0.5,0.002440513,0.7988/0.7774
Pe.F.2.H.A,D07,Penland,dorm_sample,Bacteria,Bdellovibrionota,Bacteriovoracia,Bacteriovoracales,Bacteriovoracaceae,Peredibacter,Peredibacter sp050247975,0.5,0.002440513,0.8248/0.8156
Pe.F.2.H.A,D07,Penland,dorm_sample,Bacteria,Bacteroidota,Bacteroidia,Chitinophagales,Chitinophagaceae,CADEDV01,CADEDV01 sp936908745,0.5,0.002440513,0.9218/0.9082
Pe.F.2.H.A,D07,Penland,dorm_sample,Bacteria,Pseudomonadota,Gammaproteobacteria,Xanthomonadales,Xanthomonadaceae,Pseudoxanthomonas_A,Pseudoxanthomonas_A sp014851815,0.5,0.002440513,0.9361/0.9277
Pe.F.2.H.A,D07,Penland,dorm_sample,Bacteria,Bdellovibrionota,Bdellovibrionia,Bdellovibrionales,Bdellovibrionaceae,JAHBUS01,JAHBUS01 sp019637955,0.5,0.002440513,0.9919/0.9919
Pe.F.2.H.A,D07,Penland,dorm_sample,Bacteria,Bdellovibrionota,Bdellovibrionia,Bdellovibrionales,Bdellovibrionaceae,JAZKJI01,JAZKJI01 sp040384405,0.625,0.003050641,0.7786/0.7652
Pe.F.2.H.A,D07,Penland,dorm_sample,Bacteria,Pseudomonadota,Alphaproteobacteria,Rickettsiales,UBA3002,QFOX01,QFOX01 sp044237845,0.625,0.003050641,0.7927/0.7771
Pe.F.2.H.A,D07,Penland,dorm_sample,Bacteria,Pseudomonadota,Alphaproteobacteria,Micavibrionales,UBA2020,JAEXMB01,JAEXMB01 sp027483355,0.625,0.003050641,0.8460/0.8292
Pe.F.2.H.A,D07,Penland,dorm_sample,Bacteria,Bacteroidota,Bacteroidia,Cytophagales,Spirosomataceae,Spirosoma,Spirosoma terrae,0.625,0.003050641,0.9485/0.9479
Pe.F.2.H.A,D07,Penland,dorm_sample,Bacteria,Cyanobacteriota,Vampirovibrionia,Obscuribacterales,Obscuribacteraceae,JAFKGK01,JAFKGK01 sp017307165,0.625,0.003050641,0.9710/0.9689
Pe.F.2.H.A,D07,Penland,dorm_sample,Bacteria,Bdellovibrionota,Bacteriovoracia,Bacteriovoracales,Bacteriovoracaceae,Peredibacter,Peredibacter sp045999315,0.875,0.004270897,0.8260/0.8038
Pe.F.2.H.A,D07,Penland,dorm_sample,Bacteria,Bacteroidota,Bacteroidia,Chitinophagales,Chitinophagaceae,Niabella,Niabella sp052044285,0.875,0.004270897,0.9703/0.9455
Pe.F.2.H.A,D07,Penland,dorm_sample,Bacteria,Bacteroidota,Bacteroidia,Chitinophagales,Chitinophagaceae,Endoryza,Endoryza sp031360425,1,0.004881025,0.7632/0.7076
Pe.F.2.H.A,D07,Penland,dorm_sample,Bacteria,Pseudomonadota,Gammaproteobacteria,Xanthomonadales,Xanthomonadaceae,Lysobacter_I,Lysobacter_I sp036404915,1,0.004881025,0.9806/0.9790
Pe.F.2.H.A,D07,Penland,dorm_sample,Bacteria,Actinomycetota,Actinomycetes,Mycobacteriales,Mycobacteriaceae,Mycobacterium,Mycobacterium sp018326285,1,0.004881025,0.9879/0.9856
Pe.F.2.H.A,D07,Penland,dorm_sample,Bacteria,Pseudomonadota,Alphaproteobacteria,Caulobacterales,Caulobacteraceae,Phenylobacterium,Phenylobacterium sp964254345,1.125,0.005491153,0.9055/0.8976
Pe.F.2.H.A,D07,Penland,dorm_sample,Bacteria,Pseudomonadota,Alphaproteobacteria,Rhizobiales,Rhizobiaceae,Agrobacterium,Agrobacterium pusense,1.125,0.005491153,0.9982/0.9981
Pe.F.2.H.A,D07,Penland,dorm_sample,Bacteria,Pseudomonadota,Gammaproteobacteria,Burkholderiales,Burkholderiaceae,Imbroritus,Imbroritus primus,1.25,0.006101281,0.9411/0.9336
Pe.F.2.H.A,D07,Penland,dorm_sample,Bacteria,Myxococcota,Myxococcia,Myxococcales,Myxococcaceae,Archangium_A,Archangium_A gephyra_A,1.375,0.006711409,0.9931/0.9930
Pe.F.2.H.A,D07,Penland,dorm_sample,Bacteria,Actinomycetota,Actinomycetes,Mycobacteriales,Mycobacteriaceae,Mycobacterium,Mycobacterium fortuitum,1.375,0.006711409,0.9991/0.9991
Pe.F.2.H.A,D07,Penland,dorm_sample,Bacteria,Pseudomonadota,Gammaproteobacteria,Burkholderiales,Burkholderiaceae_C,Ottowia,Ottowia testudinis,1.625,0.007931666,0.9045/0.8972
Pe.F.2.H.A,D07,Penland,dorm_sample,Bacteria,Pseudomonadota,Gammaproteobacteria,Xanthomonadales,Xanthomonadaceae,Pseudoxanthomonas_A,Pseudoxanthomonas_A mexicana,2,0.00976205,0.9850/0.9848
Pe.F.2.H.A,D07,Penland,dorm_sample,Bacteria,Pseudomonadota,Alphaproteobacteria,Sphingomonadales,Sphingomonadaceae,Erythrobacter,Erythrobacter sp046452395,2.125,0.01037218,0.9787/0.9754
Pe.F.2.H.A,D07,Penland,dorm_sample,Bacteria,Bacteroidota,Bacteroidia,Chitinophagales,Chitinophagaceae,Flavihumibacter,Flavihumibacter fluminis,2.375,0.01159243,0.9235/0.8993
Pe.F.2.H.A,D07,Penland,dorm_sample,Bacteria,Bacteroidota,Bacteroidia,Chitinophagales,Chitinophagaceae,Flavihumibacter,Flavihumibacter cheonanensis,2.625,0.01281269,0.8628/0.8582
Pe.F.2.H.A,D07,Penland,dorm_sample,Bacteria,Pseudomonadota,Alphaproteobacteria,Rickettsiales,UBA3002,QFOX01,QFOX01 sp965247335,2.75,0.01342282,0.8039/0.7855
Pe.F.2.H.A,D07,Penland,dorm_sample,Bacteria,Bacteroidota,Bacteroidia,Chitinophagales,Chitinophagaceae,Flavihumibacter,Flavihumibacter sp964547405,2.75,0.01342282,0.9596/0.9515
Pe.F.2.H.A,D07,Penland,dorm_sample,Bacteria,Pseudomonadota,Alphaproteobacteria,Sphingomonadales,Sphingomonadaceae,Sphingomonas,Sphingomonas sp001555965,3,0.01464308,0.8795/0.8128
Pe.F.2.H.A,D07,Penland,dorm_sample,Bacteria,Bacteroidota,Bacteroidia,B-17B0,Aurantibacillaceae,UBA4416,UBA4416 sp002390745,3.125,0.0152532,0.8975/0.8894
Pe.F.2.H.A,D07,Penland,dorm_sample,Bacteria,Actinomycetota,Actinomycetes,Actinomycetales,Microbacteriaceae,Microcella,Microcella alkaliphila_B,3.25,0.01586333,0.9855/0.9675
Pe.F.2.H.A,D07,Penland,dorm_sample,Bacteria,Bacteroidota,Bacteroidia,Chitinophagales,Chitinophagaceae,Endoryza,Endoryza sp965279015,3.5,0.01708359,0.8031/0.7667
Pe.F.2.H.A,D07,Penland,dorm_sample,Bacteria,Pseudomonadota,Alphaproteobacteria,Rickettsiales,UBA3002,QFOX01,QFOX01 sp040377415,3.75,0.01830384,0.7988/0.7563
Pe.F.2.H.A,D07,Penland,dorm_sample,Bacteria,Pseudomonadota,Gammaproteobacteria,Xanthomonadales,Xanthomonadaceae,Pseudoxanthomonas_A,Pseudoxanthomonas_A japonensis,3.75,0.01830384,0.9468/0.9398
Pe.F.2.H.A,D07,Penland,dorm_sample,Bacteria,Pseudomonadota,Alphaproteobacteria,Sphingomonadales,Sphingomonadaceae,Sphingopyxis,Sphingopyxis sp001468395,4.25,0.02074436,0.9828/0.9742
Pe.F.2.H.A,D07,Penland,dorm_sample,Bacteria,Actinomycetota,Actinomycetes,Actinomycetales,Microbacteriaceae,Agromyces,Agromyces mediolanus_A,4.375,0.02135448,0.9938/0.9927
Pe.F.2.H.A,D07,Penland,dorm_sample,Bacteria,Bacteroidota,Bacteroidia,Sphingobacteriales,Sphingobacteriaceae,Pedobacter,Pedobacter chitinilyticus,4.625,0.02257474,0.9886/0.9865
Pe.F.2.H.A,D07,Penland,dorm_sample,Bacteria,Pseudomonadota,Gammaproteobacteria,Xanthomonadales,Rhodanobacteraceae,Dokdonella,Dokdonella sp002483055,5.25,0.02562538,0.9950/0.9899
Pe.F.2.H.A,D07,Penland,dorm_sample,Bacteria,Bacteroidota,Bacteroidia,Chitinophagales,Chitinophagaceae,Endoryza,Endoryza sp044226045,5.625,0.02745577,0.7887/0.7502
Pe.F.2.H.A,D07,Penland,dorm_sample,Bacteria,Pseudomonadota,Alphaproteobacteria,Rickettsiales,UBA3002,QFOX01,QFOX01 sp044341105,5.875,0.02867602,0.8118/0.7673
Pe.F.2.H.A,D07,Penland,dorm_sample,Bacteria,Pseudomonadota,Gammaproteobacteria,Burkholderiales,Burkholderiaceae_C,Aquincola,Aquincola tertiaricarbonis_B,6.5,0.03172666,0.9825/0.9767
Pe.F.2.H.A,D07,Penland,dorm_sample,Bacteria,Pseudomonadota,Gammaproteobacteria,Burkholderiales,Burkholderiaceae_C,Ottowia,Ottowia sp018060485,7.375,0.03599756,0.9870/0.9867
Pe.F.2.H.A,D07,Penland,dorm_sample,Bacteria,Pseudomonadota,Alphaproteobacteria,Sphingomonadales,Sphingomonadaceae,Sphingomonas,Sphingomonas koreensis,8.375,0.04087858,0.9920/0.9906
Pe.F.2.H.A,D07,Penland,dorm_sample,Bacteria,Bacteroidota,Bacteroidia,B-17B0,Aurantibacillaceae,UBA4416,UBA4416 sp943362175,8.5,0.04148871,0.9372/0.9260
Pe.F.2.H.A,D07,Penland,dorm_sample,Bacteria,Pseudomonadota,Alphaproteobacteria,Caulobacterales,Caulobacteraceae,Phenylobacterium,Phenylobacterium sp041919955,8.5,0.04148871,0.9956/0.9942
Pe.F.2.H.A,D07,Penland,dorm_sample,Bacteria,Pseudomonadota,Gammaproteobacteria,Burkholderiales,Burkholderiaceae_C,Acidovorax,Acidovorax temperans,10.25,0.05003051,0.9797/0.9784
Pe.F.2.H.A,D07,Penland,dorm_sample,Bacteria,Pseudomonadota,Alphaproteobacteria,Sphingomonadales,Sphingomonadaceae,Blastomonas,Blastomonas ursincola,10.625,0.05186089,0.9894/0.9807
Pe.F.2.H.A,D07,Penland,dorm_sample,Bacteria,unclassified Bacteria phylum,unclassified Bacteria class,unclassified Bacteria order,unclassified Bacteria family,unclassified Bacteria genus,unclassified Bacteria species,16.75,0.08175717,0.0000/0.0000
Pe.F.2.H.A,D07,Penland,dorm_sample,Bacteria,Bacteroidota,Bacteroidia,B-17B0,Aurantibacillaceae,UBA4416,UBA4416 sp964543545,18.25,0.08907871,0.8702/0.8094
Pe.F.2.H.A,D07,Penland,dorm_sample,Bacteria,Actinomycetota,Actinomycetes,Mycobacteriales,Mycobacteriaceae,Mycobacterium,Mycobacterium phocaicum,20.875,0.1018914,0.9885/0.9817
Ea.F.3.L.B,E01,Earl,dorm_sample,Bacteria,Pseudomonadota,Gammaproteobacteria,Diplorickettsiales,Diplorickettsiaceae,CAYUIV01,CAYUIV01 sp964444925,0.25,0.000441306,0.7255/0.7001
Ea.F.3.L.B,E01,Earl,dorm_sample,Bacteria,Pseudomonadota,Alphaproteobacteria,JAIXQD01,JAIXQD01,JBFWRI01,JBFWRI01 sp050248995,0.25,0.000441306,0.7378/0.6794
Ea.F.3.L.B,E01,Earl,dorm_sample,Bacteria,Pseudomonadota,Alphaproteobacteria,Micavibrionales,Micavibrionaceae,TMED27,TMED27 sp016764775,0.25,0.000441306,0.7594/0.6838
Ea.F.3.L.B,E01,Earl,dorm_sample,Bacteria,Pseudomonadota,Alphaproteobacteria,Rickettsiales,UBA3002,JAFLDD01,JAFLDD01 sp017302575,0.25,0.000441306,0.7793/0.7569
Ea.F.3.L.B,E01,Earl,dorm_sample,Bacteria,Bacteroidota,Bacteroidia,Chitinophagales,Chitinophagaceae,JAFIGV01,JAFIGV01 sp035497455,0.25,0.000441306,0.7889/0.7644
Ea.F.3.L.B,E01,Earl,dorm_sample,Bacteria,Bacteroidota,Bacteroidia,Chitinophagales,Chitinophagaceae,Flavitalea,Flavitalea sp964387165,0.25,0.000441306,0.7917/0.7385
Ea.F.3.L.B,E01,Earl,dorm_sample,Bacteria,Planctomycetota,Planctomycetia,Pirellulales,PALSA-1355,PALSA-1355,PALSA-1355 sp963801675,0.25,0.000441306,0.8041/0.7592
Ea.F.3.L.B,E01,Earl,dorm_sample,Bacteria,Verrucomicrobiota,Verrucomicrobiia,Chthoniobacterales,Chthoniobacteraceae,CAWEPO01,CAWEPO01 sp963811035,0.25,0.000441306,0.8066/0.7804
Ea.F.3.L.B,E01,Earl,dorm_sample,Bacteria,Bacteroidota,Bacteroidia,B-17B0,Aurantibacillaceae,UBA4416,UBA4416 sp964543545,0.25,0.000441306,0.8074/0.7719
Ea.F.3.L.B,E01,Earl,dorm_sample,Bacteria,Acidobacteriota,Blastocatellia,Pyrinomonadales,Pyrinomonadaceae,OLB17,OLB17 sp030372865,0.25,0.000441306,0.8167/0.7890
Ea.F.3.L.B,E01,Earl,dorm_sample,Bacteria,Verrucomicrobiota,Verrucomicrobiia,Chthoniobacterales,Terrimicrobiaceae,CALCJD01,CALCJD01 sp041752695,0.25,0.000441306,0.8196/0.7674
Ea.F.3.L.B,E01,Earl,dorm_sample,Bacteria,Bacteroidota,Bacteroidia,Chitinophagales,Chitinophagaceae,Rurimicrobium,Rurimicrobium sp041661485,0.25,0.000441306,0.8204/0.8090
Ea.F.3.L.B,E01,Earl,dorm_sample,Bacteria,Bacteroidota,Bacteroidia,Chitinophagales,Chitinophagaceae,Flavitalea,Flavitalea sp963808065,0.25,0.000441306,0.8263/0.7989
Ea.F.3.L.B,E01,Earl,dorm_sample,Bacteria,Pseudomonadota,Alphaproteobacteria,Rickettsiales,SXRF01,JAGVKI01,JAGVKI01 sp020050695,0.25,0.000441306,0.8342/0.8213
Ea.F.3.L.B,E01,Earl,dorm_sample,Bacteria,Bacteroidota,Bacteroidia,Chitinophagales,Chitinophagaceae,Pseudobacter,Pseudobacter sp051955275,0.25,0.000441306,0.8647/0.8539
Ea.F.3.L.B,E01,Earl,dorm_sample,Bacteria,Pseudomonadota,Alphaproteobacteria,Acetobacterales,Acetobacteraceae,Falsiroseomonas,Falsiroseomonas sp050563535,0.25,0.000441306,0.8651/0.8480
Ea.F.3.L.B,E01,Earl,dorm_sample,Bacteria,Myxococcota_A,Polyangia,Haliangiales,Haliangiaceae,JABFXX01,JABFXX01 sp016720595,0.25,0.000441306,0.8669/0.8530
Ea.F.3.L.B,E01,Earl,dorm_sample,Bacteria,Myxococcota,XYA12-FULL-58-9,XYA12-FULL-58-9,JALHOP01,JALHOP01,JALHOP01 sp964484195,0.25,0.000441306,0.8714/0.8512
Ea.F.3.L.B,E01,Earl,dorm_sample,Bacteria,Pseudomonadota,Alphaproteobacteria,Sphingomonadales,Sphingomonadaceae,JAWKXU01,JAWKXU01 sp035581365,0.25,0.000441306,0.8763/0.8752
Ea.F.3.L.B,E01,Earl,dorm_sample,Bacteria,Pseudomonadota,Alphaproteobacteria,Sphingomonadales,Sphingomonadaceae,Sphingomonas,Sphingomonas cannabina,0.25,0.000441306,0.8796/0.8581
Ea.F.3.L.B,E01,Earl,dorm_sample,Bacteria,Planctomycetota,Phycisphaerae,Phycisphaerales,UBA1924,JADLFW01,JADLFW01 sp020849615,0.25,0.000441306,0.8817/0.8229
Ea.F.3.L.B,E01,Earl,dorm_sample,Bacteria,Bacteroidota,Bacteroidia,Chitinophagales,Chitinophagaceae,Terrimonas_A,Terrimonas_A ginsenosidimutans,0.25,0.000441306,0.8870/0.8437
Ea.F.3.L.B,E01,Earl,dorm_sample,Bacteria,Verrucomicrobiota,Verrucomicrobiia,Verrucomicrobiales,Verrucomicrobiaceae,Roseimicrobium,Roseimicrobium gellanilyticum,0.25,0.000441306,0.8939/0.8727
Ea.F.3.L.B,E01,Earl,dorm_sample,Bacteria,Bdellovibrionota,Bacteriovoracia,Bacteriovoracales,Bacteriovoracaceae,Peredibacter,Peredibacter sp937931205,0.25,0.000441306,0.9027/0.9027
Ea.F.3.L.B,E01,Earl,dorm_sample,Bacteria,Pseudomonadota,Alphaproteobacteria,Rhizobiales,Rhizobiaceae,Shinella,Shinella yambaruensis,0.25,0.000441306,0.9172/0.8827
Ea.F.3.L.B,E01,Earl,dorm_sample,Bacteria,Pseudomonadota,Gammaproteobacteria,Pseudomonadales,Moraxellaceae,UBA2031,UBA2031 sp031119295,0.25,0.000441306,0.9258/0.9130
Ea.F.3.L.B,E01,Earl,dorm_sample,Bacteria,Pseudomonadota,Alphaproteobacteria,Acetobacterales,Acetobacteraceae,Paracraurococcus,Paracraurococcus sp050632255,0.25,0.000441306,0.9303/0.9121
Ea.F.3.L.B,E01,Earl,dorm_sample,Bacteria,Pseudomonadota,Alphaproteobacteria,Caulobacterales,Caulobacteraceae,Brevundimonas,Brevundimonas albigilva,0.25,0.000441306,0.9416/0.9106
Ea.F.3.L.B,E01,Earl,dorm_sample,Bacteria,Myxococcota,Myxococcia,Myxococcales,Myxococcaceae,Archangium_A,Archangium_A gephyra_A,0.25,0.000441306,0.9436/0.9429
Ea.F.3.L.B,E01,Earl,dorm_sample,Bacteria,Pseudomonadota,Alphaproteobacteria,Caulobacterales,Hyphomonadaceae,UBA7672,UBA7672 sp965229115,0.25,0.000441306,0.9489/0.9469
Ea.F.3.L.B,E01,Earl,dorm_sample,Bacteria,Pseudomonadota,Alphaproteobacteria,Rhizobiales,Xanthobacteraceae,Xanthobacter,Xanthobacter sp023442085,0.25,0.000441306,0.9760/0.9757
Ea.F.3.L.B,E01,Earl,dorm_sample,Bacteria,Pseudomonadota,Alphaproteobacteria,Caulobacterales,Caulobacteraceae,Brevundimonas,Brevundimonas diminuta,0.25,0.000441306,0.9772/0.9746
Ea.F.3.L.B,E01,Earl,dorm_sample,Bacteria,Pseudomonadota,Alphaproteobacteria,Rhizobiales,Beijerinckiaceae,Allobosea,Allobosea sp965283735,0.25,0.000441306,0.9795/0.9774
Ea.F.3.L.B,E01,Earl,dorm_sample,Bacteria,Pseudomonadota,Gammaproteobacteria,Xanthomonadales,Xanthomonadaceae,Stenotrophomonas,Stenotrophomonas tuberculopleuritidis,0.25,0.000441306,0.9927/0.9925
Ea.F.3.L.B,E01,Earl,dorm_sample,Bacteria,Pseudomonadota,Gammaproteobacteria,Pseudomonadales,Moraxellaceae,Acinetobacter,Acinetobacter johnsonii,0.25,0.000441306,0.9956/0.9888
Ea.F.3.L.B,E01,Earl,dorm_sample,Bacteria,Pseudomonadota,Gammaproteobacteria,Xanthomonadales,Xanthomonadaceae,Stenotrophomonas,Stenotrophomonas yanglingensis,0.25,0.000441306,0.9961/0.9961
Ea.F.3.L.B,E01,Earl,dorm_sample,Bacteria,Pseudomonadota,Alphaproteobacteria,Azospirillales,Azospirillaceae,Skermanella,Skermanella aerolata,0.25,0.000441306,0.9969/0.9969
Ea.F.3.L.B,E01,Earl,dorm_sample,Bacteria,Pseudomonadota,Gammaproteobacteria,Pseudomonadales,Pseudomonadaceae,Aquipseudomonas,Aquipseudomonas faucium,0.25,0.000441306,0.9986/0.9986
Ea.F.3.L.B,E01,Earl,dorm_sample,Bacteria,Bdellovibrionota,Bdellovibrionia,Bdellovibrionales,UBA1609,UBA6776,UBA6776 sp002453155,0.375,0.000661959,0.7528/0.7204
Ea.F.3.L.B,E01,Earl,dorm_sample,Bacteria,Acidobacteriota,Blastocatellia,Pyrinomonadales,Pyrinomonadaceae,OLB17,OLB17 sp016789265,0.375,0.000661959,0.7940/0.7640
Ea.F.3.L.B,E01,Earl,dorm_sample,Bacteria,Bdellovibrionota,Bdellovibrionia,Bdellovibrionales,Bdellovibrionaceae,Bdellovibrio,Bdellovibrio sp039810385,0.375,0.000661959,0.7945/0.7587
Ea.F.3.L.B,E01,Earl,dorm_sample,Bacteria,Bdellovibrionota,Bdellovibrionia,Bdellovibrionales,Bdellovibrionaceae,Bdellovibrio,Bdellovibrio sp030169785,0.375,0.000661959,0.7973/0.7513
Ea.F.3.L.B,E01,Earl,dorm_sample,Bacteria,Bacteroidota,Bacteroidia,Chitinophagales,Chitinophagaceae,UBA5543,UBA5543 sp964464965,0.375,0.000661959,0.8173/0.8028
Ea.F.3.L.B,E01,Earl,dorm_sample,Bacteria,Pseudomonadota,Alphaproteobacteria,Caulobacterales,Caulobacteraceae,Phenylobacterium,Phenylobacterium sp041916435,0.375,0.000661959,0.8198/0.7588
Ea.F.3.L.B,E01,Earl,dorm_sample,Bacteria,Planctomycetota,Planctomycetia,Pirellulales,JALHPA01,JANRLT01,JANRLT01 sp041736895,0.375,0.000661959,0.8379/0.7751
Ea.F.3.L.B,E01,Earl,dorm_sample,Bacteria,Pseudomonadota,Alphaproteobacteria,Sphingomonadales,Sphingomonadaceae,Sphingomonas_E,Sphingomonas_E fennica,0.375,0.000661959,0.8419/0.7776
Ea.F.3.L.B,E01,Earl,dorm_sample,Bacteria,Pseudomonadota,Alphaproteobacteria,Sphingomonadales,Sphingomonadaceae,Sphingomonas,Sphingomonas sp014217605,0.375,0.000661959,0.8490/0.7543
Ea.F.3.L.B,E01,Earl,dorm_sample,Bacteria,Planctomycetota,Planctomycetia,Gemmatales,Gemmataceae,Urbifossiella,Urbifossiella sp046350095,0.375,0.000661959,0.8507/0.7541
Ea.F.3.L.B,E01,Earl,dorm_sample,Bacteria,Pseudomonadota,Alphaproteobacteria,Rhizobiales,Rhizobiaceae,Arvimicrobium,Arvimicrobium sp023953845,0.375,0.000661959,0.8760/0.8684
Ea.F.3.L.B,E01,Earl,dorm_sample,Bacteria,Pseudomonadota,Gammaproteobacteria,Burkholderiales,Burkholderiaceae_C,Aquincola,Aquincola tertiaricarbonis,0.375,0.000661959,0.8893/0.8671
Ea.F.3.L.B,E01,Earl,dorm_sample,Bacteria,Bdellovibrionota,Bacteriovoracia,Bacteriovoracales,Bacteriovoracaceae,Peredibacter,Peredibacter sp040387275,0.375,0.000661959,0.9042/0.8843
Ea.F.3.L.B,E01,Earl,dorm_sample,Bacteria,Acidobacteriota,Vicinamibacteria,Vicinamibacterales,Vicinamibacteraceae,Luteitalea,Luteitalea sp016865485,0.375,0.000661959,0.9141/0.8805
Ea.F.3.L.B,E01,Earl,dorm_sample,Bacteria,Pseudomonadota,Alphaproteobacteria,Puniceispirillales,Marisalimonadaceae,Marisalimonas,Marisalimonas sp902558885,0.375,0.000661959,0.9492/0.9492
Ea.F.3.L.B,E01,Earl,dorm_sample,Bacteria,Pseudomonadota,Alphaproteobacteria,Rhizobiales,Beijerinckiaceae,Allobosea,Allobosea sp024655635,0.375,0.000661959,0.9554/0.9504
Ea.F.3.L.B,E01,Earl,dorm_sample,Bacteria,Pseudomonadota,Gammaproteobacteria,Burkholderiales,Burkholderiaceae_C,Aquabacterium,Aquabacterium sp049322875,0.375,0.000661959,0.9656/0.9638
Ea.F.3.L.B,E01,Earl,dorm_sample,Bacteria,Pseudomonadota,Gammaproteobacteria,Xanthomonadales,Xanthomonadaceae,Stenotrophomonas,Stenotrophomonas sp032103445,0.375,0.000661959,0.9821/0.9796
Ea.F.3.L.B,E01,Earl,dorm_sample,Bacteria,Pseudomonadota,Alphaproteobacteria,Caulobacterales,Caulobacteraceae,Caulobacter,Caulobacter sp913776195,0.375,0.000661959,0.9862/0.9858
Ea.F.3.L.B,E01,Earl,dorm_sample,Bacteria,Pseudomonadota,Alphaproteobacteria,Rhizobiales,Beijerinckiaceae,Methylobacterium,Methylobacterium sp900112625,0.375,0.000661959,0.9891/0.9884
Ea.F.3.L.B,E01,Earl,dorm_sample,Bacteria,Bacteroidota,Bacteroidia,Flavobacteriales,Weeksellaceae,Chryseobacterium,Chryseobacterium phocaeense,0.375,0.000661959,0.9891/0.9858
Ea.F.3.L.B,E01,Earl,dorm_sample,Bacteria,Pseudomonadota,Gammaproteobacteria,Burkholderiales,Rhodocyclaceae,Azospira,Azospira oryzae,0.375,0.000661959,0.9911/0.9911
Ea.F.3.L.B,E01,Earl,dorm_sample,Bacteria,Pseudomonadota,Gammaproteobacteria,Burkholderiales,Burkholderiaceae_C,Diaphorobacter,Diaphorobacter nitroreducens,0.375,0.000661959,0.9915/0.9914
Ea.F.3.L.B,E01,Earl,dorm_sample,Bacteria,Pseudomonadota,Gammaproteobacteria,Burkholderiales,Burkholderiaceae_C,Comamonas,Comamonas tsuruhatensis,0.375,0.000661959,0.9997/0.9997
Ea.F.3.L.B,E01,Earl,dorm_sample,Bacteria,Pseudomonadota,Alphaproteobacteria,Sphingomonadales,Sphingomonadaceae,Sandaracinobacteroides,Sandaracinobacteroides hominis,0.375,0.000661959,0.9997/0.9997
Ea.F.3.L.B,E01,Earl,dorm_sample,Bacteria,Planctomycetota,Planctomycetia,Pirellulales,PALSA-1355,JALHMI01,JALHMI01 sp963733035,0.5,0.000882613,0.7828/0.7361
Ea.F.3.L.B,E01,Earl,dorm_sample,Bacteria,Bacteroidota,Bacteroidia,Chitinophagales,Chitinophagaceae,JAFIGV01,JAFIGV01 sp023418315,0.5,0.000882613,0.7952/0.7544
Ea.F.3.L.B,E01,Earl,dorm_sample,Bacteria,Bacteroidota,Bacteroidia,Chitinophagales,Chitinophagaceae,Flavihumibacter,Flavihumibacter sp002483205,0.5,0.000882613,0.7953/0.7751
Ea.F.3.L.B,E01,Earl,dorm_sample,Bacteria,Bacteroidota,Bacteroidia,Chitinophagales,LD1,Bog-950,Bog-950 sp947457525,0.5,0.000882613,0.7992/0.7536
Ea.F.3.L.B,E01,Earl,dorm_sample,Bacteria,Acidobacteriota,Blastocatellia,Pyrinomonadales,Pyrinomonadaceae,DATHTS01,DATHTS01 sp965217985,0.5,0.000882613,0.8190/0.7917
Ea.F.3.L.B,E01,Earl,dorm_sample,Bacteria,Myxococcota_A,Polyangia,Polyangiales,Polyangiaceae,Labilithrix,Labilithrix sp001899635,0.5,0.000882613,0.8254/0.7878
Ea.F.3.L.B,E01,Earl,dorm_sample,Bacteria,Planctomycetota,Planctomycetia,Gemmatales,Gemmataceae,JAXMAZ01,JAXMAZ01 sp046350115,0.5,0.000882613,0.8311/0.7595
Ea.F.3.L.B,E01,Earl,dorm_sample,Bacteria,Pseudomonadota,Alphaproteobacteria,Sphingomonadales,Sphingomonadaceae,Sphingomonas,Sphingomonas ginsenosidimutans,0.5,0.000882613,0.9089/0.8576
Ea.F.3.L.B,E01,Earl,dorm_sample,Bacteria,Pseudomonadota,Gammaproteobacteria,Xanthomonadales,Xanthomonadaceae,Stenotrophomonas,Stenotrophomonas sp029960115,0.5,0.000882613,0.9716/0.9710
Ea.F.3.L.B,E01,Earl,dorm_sample,Bacteria,Pseudomonadota,Gammaproteobacteria,Xanthomonadales,Xanthomonadaceae,Pseudoxanthomonas_A,Pseudoxanthomonas_A sp964252705,0.5,0.000882613,0.9745/0.9710
Ea.F.3.L.B,E01,Earl,dorm_sample,Bacteria,Actinomycetota,Actinomycetes,Actinomycetales,Microbacteriaceae,Microbacterium,Microbacterium sp003248845,0.5,0.000882613,0.9824/0.9765
Ea.F.3.L.B,E01,Earl,dorm_sample,Bacteria,Pseudomonadota,Alphaproteobacteria,Sphingomonadales,Sphingomonadaceae,Sphingobium,Sphingobium yanoikuyae,0.5,0.000882613,0.9869/0.9855
Ea.F.3.L.B,E01,Earl,dorm_sample,Bacteria,Pseudomonadota,Alphaproteobacteria,Sphingomonadales,Sphingomonadaceae,Sphingomonas,Sphingomonas corticis,0.5,0.000882613,0.9924/0.9923
Ea.F.3.L.B,E01,Earl,dorm_sample,Bacteria,Pseudomonadota,Gammaproteobacteria,Pseudomonadales,Pseudomonadaceae,Metapseudomonas,Metapseudomonas tohonis,0.5,0.000882613,0.9981/0.9981
Ea.F.3.L.B,E01,Earl,dorm_sample,Bacteria,Pseudomonadota,Gammaproteobacteria,Pseudomonadales,Pseudomonadaceae,Aquipseudomonas,Aquipseudomonas juntendi,0.5,0.000882613,0.9997/0.9967
Ea.F.3.L.B,E01,Earl,dorm_sample,Bacteria,Pseudomonadota,Alphaproteobacteria,Sphingomonadales,Sphingomonadaceae,Solisphingomonas,Solisphingomonas sp964244125,0.625,0.001103266,0.8282/0.7976
Ea.F.3.L.B,E01,Earl,dorm_sample,Bacteria,Verrucomicrobiota,Verrucomicrobiia,Chthoniobacterales,Terrimicrobiaceae,CALCJD01,CALCJD01 sp937960895,0.625,0.001103266,0.8352/0.8115
Ea.F.3.L.B,E01,Earl,dorm_sample,Bacteria,Bacteroidota,Bacteroidia,Chitinophagales,Chitinophagaceae,Paraflavitalea,Paraflavitalea pollutisoli,0.625,0.001103266,0.8386/0.7963
Ea.F.3.L.B,E01,Earl,dorm_sample,Bacteria,Bacteroidota,Bacteroidia,Chitinophagales,Chitinophagaceae,Rurimicrobium,Rurimicrobium sp035497375,0.625,0.001103266,0.8696/0.8407
Ea.F.3.L.B,E01,Earl,dorm_sample,Bacteria,Planctomycetota,Planctomycetia,Gemmatales,Gemmataceae,JAXMAZ01,JAXMAZ01 sp043787415,0.625,0.001103266,0.8705/0.8073
Ea.F.3.L.B,E01,Earl,dorm_sample,Bacteria,Pseudomonadota,Alphaproteobacteria,Caulobacterales,Caulobacteraceae,Phenylobacterium,Phenylobacterium sp965284355,0.625,0.001103266,0.8880/0.8181
Ea.F.3.L.B,E01,Earl,dorm_sample,Bacteria,Pseudomonadota,Alphaproteobacteria,Rhizobiales,Beijerinckiaceae,Allobosea,Allobosea sp900112185,0.625,0.001103266,0.9710/0.9701
Ea.F.3.L.B,E01,Earl,dorm_sample,Bacteria,Pseudomonadota,Alphaproteobacteria,Sphingomonadales,Sphingomonadaceae,Sphingomonas,Sphingomonas taxi_B,0.625,0.001103266,0.9797/0.9790
Ea.F.3.L.B,E01,Earl,dorm_sample,Bacteria,Pseudomonadota,Alphaproteobacteria,Reyranellales,Reyranellaceae,Reyranella,Reyranella sp964588065,0.625,0.001103266,0.9902/0.9895
Ea.F.3.L.B,E01,Earl,dorm_sample,Bacteria,Pseudomonadota,Gammaproteobacteria,Enterobacterales,Enterobacteriaceae,Citrobacter,Citrobacter freundii,0.625,0.001103266,0.9997/0.9997
Ea.F.3.L.B,E01,Earl,dorm_sample,Bacteria,Bacteroidota,Bacteroidia,Cytophagales,Cyclobacteriaceae,UBA2336,UBA2336 sp964538575,0.75,0.001323919,0.8662/0.8598
Ea.F.3.L.B,E01,Earl,dorm_sample,Bacteria,Actinomycetota,Actinomycetes,Actinomycetales,Microbacteriaceae,Pseudolysinimonas_A,Pseudolysinimonas_A sp023457615,0.75,0.001323919,0.8768/0.8557
Ea.F.3.L.B,E01,Earl,dorm_sample,Bacteria,Bacteroidota,Bacteroidia,Cytophagales,Cytophagaceae,Cytophaga,Cytophaga hutchinsonii,0.75,0.001323919,0.9117/0.9081
Ea.F.3.L.B,E01,Earl,dorm_sample,Bacteria,Pseudomonadota,Alphaproteobacteria,Caulobacterales,Caulobacteraceae,Brevundimonas,Brevundimonas sp052436175,0.75,0.001323919,0.9263/0.9164
Ea.F.3.L.B,E01,Earl,dorm_sample,Bacteria,Pseudomonadota,Alphaproteobacteria,Rhizobiales,Hyphomicrobiaceae,Hyphomicrobium_C,Hyphomicrobium_C sp031157355,0.75,0.001323919,0.9560/0.9359
Ea.F.3.L.B,E01,Earl,dorm_sample,Bacteria,Pseudomonadota,Gammaproteobacteria,Burkholderiales,Burkholderiaceae_C,Pseudorhodoferax,Pseudorhodoferax sp001422365,0.75,0.001323919,0.9592/0.9583
Ea.F.3.L.B,E01,Earl,dorm_sample,Bacteria,Pseudomonadota,Alphaproteobacteria,Sphingomonadales,Sphingomonadaceae,Blastomonas,Blastomonas sp000503195,0.75,0.001323919,0.9873/0.9870
Ea.F.3.L.B,E01,Earl,dorm_sample,Bacteria,Pseudomonadota,Gammaproteobacteria,Pseudomonadales,Pseudomonadaceae,Aquipseudomonas,Aquipseudomonas asiatica,0.75,0.001323919,0.9992/0.9991
Ea.F.3.L.B,E01,Earl,dorm_sample,Bacteria,Bacteroidota,Bacteroidia,Chitinophagales,LD1,Bog-950,Bog-950 sp046329515,0.875,0.001544572,0.7939/0.7767
Ea.F.3.L.B,E01,Earl,dorm_sample,Bacteria,Cyanobacteriota,Vampirovibrionia,Obscuribacterales,Obscuribacteraceae,Ga0077546,Ga0077546 sp021732025,0.875,0.001544572,0.8179/0.7876
Ea.F.3.L.B,E01,Earl,dorm_sample,Bacteria,Pseudomonadota,Alphaproteobacteria,Micavibrionales,UBA2020,JAEXMB01,JAEXMB01 sp023444705,0.875,0.001544572,0.8357/0.7536
Ea.F.3.L.B,E01,Earl,dorm_sample,Bacteria,Pseudomonadota,Alphaproteobacteria,Sphingomonadales,Sphingomonadaceae,Solisphingomonas,Solisphingomonas quercus,0.875,0.001544572,0.8472/0.7746
Ea.F.3.L.B,E01,Earl,dorm_sample,Bacteria,Pseudomonadota,Alphaproteobacteria,Rhizobiales,Rhizobiaceae,Rhizobium_E,Rhizobium_E sp019739215,0.875,0.001544572,0.8574/0.8226
Ea.F.3.L.B,E01,Earl,dorm_sample,Bacteria,Actinomycetota,Actinomycetes,Actinomycetales,Microbacteriaceae,Pseudolysinimonas_A,Pseudolysinimonas_A sp947085045,0.875,0.001544572,0.8614/0.8223
Ea.F.3.L.B,E01,Earl,dorm_sample,Bacteria,Bacteroidota,Bacteroidia,B-17B0,Aurantibacillaceae,UBA4416,UBA4416 sp002390745,0.875,0.001544572,0.8836/0.8663
Ea.F.3.L.B,E01,Earl,dorm_sample,Bacteria,Myxococcota_A,Polyangia,Polyangiales,Polyangiaceae,Labilithrix,Labilithrix sp019637105,0.875,0.001544572,0.8931/0.8776
Ea.F.3.L.B,E01,Earl,dorm_sample,Bacteria,Pseudomonadota,Alphaproteobacteria,Sphingomonadales,Sphingomonadaceae,Sphingopyxis,Sphingopyxis sp005503215,0.875,0.001544572,0.9440/0.9321
Ea.F.3.L.B,E01,Earl,dorm_sample,Bacteria,Bacteroidota,Bacteroidia,Chitinophagales,LD1,Bog-950,Bog-950 sp018267435,0.875,0.001544572,0.9741/0.9255
Ea.F.3.L.B,E01,Earl,dorm_sample,Bacteria,Bacteroidota,Bacteroidia,Cytophagales,Cyclobacteriaceae,UBA2336,UBA2336 sp019694875,1,0.001765225,0.8373/0.8144
Ea.F.3.L.B,E01,Earl,dorm_sample,Bacteria,Pseudomonadota,Alphaproteobacteria,43-37,43-37,43-37,43-37 sp001897475,1.125,0.001985878,0.7309/0.7124
Ea.F.3.L.B,E01,Earl,dorm_sample,Bacteria,Pseudomonadota,Gammaproteobacteria,Xanthomonadales,Rhodanobacteraceae,Tahibacter,Tahibacter harae,1.125,0.001985878,0.8505/0.8160
Ea.F.3.L.B,E01,Earl,dorm_sample,Bacteria,Bacteroidota,Bacteroidia,Cytophagales,Cyclobacteriaceae,Chryseolinea,Chryseolinea sp037203685,1.125,0.001985878,0.8636/0.8616
Ea.F.3.L.B,E01,Earl,dorm_sample,Bacteria,Pseudomonadota,Alphaproteobacteria,Sphingomonadales,Sphingomonadaceae,Sphingomonas,Sphingomonas jeddahensis,1.125,0.001985878,0.8957/0.8542
Ea.F.3.L.B,E01,Earl,dorm_sample,Bacteria,Pseudomonadota,Alphaproteobacteria,Sphingomonadales,Sphingomonadaceae,Sphingobium_A,Sphingobium_A colocasiae,1.125,0.001985878,0.9057/0.8483
Ea.F.3.L.B,E01,Earl,dorm_sample,Bacteria,Bacteroidota,Bacteroidia,Chitinophagales,Chitinophagaceae,Rurimicrobium,Rurimicrobium sp016786525,1.125,0.001985878,0.9482/0.8319
Ea.F.3.L.B,E01,Earl,dorm_sample,Bacteria,Bacteroidota,Bacteroidia,Cytophagales,Cyclobacteriaceae,Chryseolinea,Chryseolinea sp035489615,1.25,0.002206531,0.8005/0.7891
Ea.F.3.L.B,E01,Earl,dorm_sample,Bacteria,Bdellovibrionota,UBA1018,CAIPTA01,CAIPTA01,JAKFYM01,JAKFYM01 sp050246755,1.375,0.002427184,0.7742/0.7401
Ea.F.3.L.B,E01,Earl,dorm_sample,Bacteria,Bacteroidota,Bacteroidia,Cytophagales,Cyclobacteriaceae,UBA2336,UBA2336 sp016786585,1.375,0.002427184,0.8683/0.8461
Ea.F.3.L.B,E01,Earl,dorm_sample,Bacteria,Pseudomonadota,Alphaproteobacteria,Rhizobiales,Hyphomicrobiaceae,JAKAXS01,JAKAXS01 sp965279065,1.375,0.002427184,0.8882/0.7988
Ea.F.3.L.B,E01,Earl,dorm_sample,Bacteria,Planctomycetota,Planctomycetia,Pirellulales,Lacipirellulaceae,Lacipirellula,Lacipirellula parvula,1.375,0.002427184,0.9176/0.8688
Ea.F.3.L.B,E01,Earl,dorm_sample,Bacteria,Pseudomonadota,Alphaproteobacteria,Reyranellales,Reyranellaceae,Reyranella,Reyranella sp965228225,1.375,0.002427184,0.9528/0.9519
Ea.F.3.L.B,E01,Earl,dorm_sample,Bacteria,Fusobacteriota,Fusobacteriia,Bac17,JAEWOZ01,JAEWOZ01,JAEWOZ01 sp023399505,1.5,0.002647838,0.8556/0.8450
Ea.F.3.L.B,E01,Earl,dorm_sample,Bacteria,Pseudomonadota,Alphaproteobacteria,Rhizobiales,Beijerinckiaceae,Allobosea,Allobosea vestrisii,1.5,0.002647838,0.9751/0.9681
Ea.F.3.L.B,E01,Earl,dorm_sample,Bacteria,Pseudomonadota,Alphaproteobacteria,Sphingomonadales,Sphingomonadaceae,Allosphingosinicella,Allosphingosinicella sp031157375,1.625,0.002868491,0.8925/0.8714
Ea.F.3.L.B,E01,Earl,dorm_sample,Bacteria,Pseudomonadota,Alphaproteobacteria,Rhizobiales,Hyphomicrobiaceae,JAKAXS01,JAKAXS01 sp030655135,1.75,0.003089144,0.8360/0.7045
Ea.F.3.L.B,E01,Earl,dorm_sample,Bacteria,Bacteroidota,Bacteroidia,Chitinophagales,Chitinophagaceae,Agriterribacter,Agriterribacter sp051955255,1.875,0.003309797,0.9843/0.9513
Ea.F.3.L.B,E01,Earl,dorm_sample,Bacteria,Pseudomonadota,Alphaproteobacteria,Sphingomonadales,Sphingomonadaceae,Sphingopyxis,Sphingopyxis sp001427105,2,0.00353045,0.9174/0.8646
Ea.F.3.L.B,E01,Earl,dorm_sample,Bacteria,Pseudomonadota,Gammaproteobacteria,Burkholderiales,Burkholderiaceae_C,Pseudorhodoferax,Pseudorhodoferax sp032153935,2,0.00353045,0.9701/0.9680
Ea.F.3.L.B,E01,Earl,dorm_sample,Bacteria,Pseudomonadota,Alphaproteobacteria,Rhizobiales,Rhizobiaceae,Shinella,Shinella sp001262505,2.125,0.003751103,0.9884/0.9865
Ea.F.3.L.B,E01,Earl,dorm_sample,Bacteria,Pseudomonadota,Alphaproteobacteria,Caulobacterales,Caulobacteraceae,Phenylobacterium,Phenylobacterium sp018240795,2.125,0.003751103,0.9929/0.9830
Ea.F.3.L.B,E01,Earl,dorm_sample,Bacteria,Actinomycetota,Actinomycetes,Actinomycetales,Microbacteriaceae,Agromyces,Agromyces mediolanus_A,2.125,0.003751103,0.9984/0.9971
Ea.F.3.L.B,E01,Earl,dorm_sample,Bacteria,Pseudomonadota,Alphaproteobacteria,Caulobacterales,Caulobacteraceae,Phenylobacterium,Phenylobacterium sp030681155,2.25,0.003971756,0.9897/0.9581
Ea.F.3.L.B,E01,Earl,dorm_sample,Bacteria,Pseudomonadota,Gammaproteobacteria,Xanthomonadales,Xanthomonadaceae,Stenotrophomonas,Stenotrophomonas rhizophila_A,2.25,0.003971756,0.9926/0.9913
Ea.F.3.L.B,E01,Earl,dorm_sample,Bacteria,Bacteroidota,Bacteroidia,B-17B0,Aurantibacillaceae,UBA4416,UBA4416 sp943362175,2.375,0.00419241,0.8623/0.8376
Ea.F.3.L.B,E01,Earl,dorm_sample,Bacteria,Bacteroidota,Bacteroidia,Sphingobacteriales,Sphingobacteriaceae,Pedobacter,Pedobacter chitinilyticus,2.375,0.00419241,0.9820/0.9589
Ea.F.3.L.B,E01,Earl,dorm_sample,Bacteria,Bacteroidota,Bacteroidia,Cytophagales,Cyclobacteriaceae,Chryseolinea,Chryseolinea sp049840655,3.125,0.005516328,0.8001/0.7774
Ea.F.3.L.B,E01,Earl,dorm_sample,Bacteria,Pseudomonadota,Gammaproteobacteria,Pseudomonadales,Moraxellaceae,Acinetobacter,Acinetobacter parvus,3.125,0.005516328,0.9730/0.9700
Ea.F.3.L.B,E01,Earl,dorm_sample,Bacteria,Planctomycetota,Planctomycetia,Planctomycetales,Planctomycetaceae,Planctomyces_A,Planctomyces_A sp001610835,3.125,0.005516328,0.9803/0.9752
Ea.F.3.L.B,E01,Earl,dorm_sample,Bacteria,Pseudomonadota,Alphaproteobacteria,Rhizobiales,Beijerinckiaceae,Methylobacterium,Methylobacterium radiotolerans,3.25,0.005736981,0.9978/0.9978
Ea.F.3.L.B,E01,Earl,dorm_sample,Bacteria,Pseudomonadota,Gammaproteobacteria,Xanthomonadales,Xanthomonadaceae,Pseudoxanthomonas_A,Pseudoxanthomonas_A japonensis,4.125,0.007281553,0.9848/0.9842
Ea.F.3.L.B,E01,Earl,dorm_sample,Bacteria,Pseudomonadota,Alphaproteobacteria,Rhizobiales,Beijerinckiaceae,Methylobacterium,Methylobacterium aquaticum,4.125,0.007281553,0.9981/0.9981
Ea.F.3.L.B,E01,Earl,dorm_sample,Bacteria,Cyanobacteriota,Vampirovibrionia,Obscuribacterales,Obscuribacteraceae,JAFKGK01,JAFKGK01 sp017307165,4.375,0.00772286,0.9961/0.9959
Ea.F.3.L.B,E01,Earl,dorm_sample,Bacteria,Pseudomonadota,Gammaproteobacteria,Xanthomonadales,Xanthomonadaceae,Pseudoxanthomonas_A,Pseudoxanthomonas_A sp014851805,5.125,0.009046778,0.9348/0.9328
Ea.F.3.L.B,E01,Earl,dorm_sample,Bacteria,Pseudomonadota,Alphaproteobacteria,Rhizobiales,Hyphomicrobiaceae,Hyphomicrobium_C,Hyphomicrobium_C sp019744875,5.125,0.009046778,0.9866/0.9862
Ea.F.3.L.B,E01,Earl,dorm_sample,Bacteria,Pseudomonadota,Alphaproteobacteria,Rhizobiales,Xanthobacteraceae,Bradyrhizobium,Bradyrhizobium lablabi_C,5.625,0.009929391,0.8941/0.8398
Ea.F.3.L.B,E01,Earl,dorm_sample,Bacteria,Pseudomonadota,Gammaproteobacteria,Burkholderiales,Burkholderiaceae,Imbroritus,Imbroritus primus,5.625,0.009929391,0.9339/0.9278
Ea.F.3.L.B,E01,Earl,dorm_sample,Bacteria,Pseudomonadota,Gammaproteobacteria,Burkholderiales,Burkholderiaceae_C,Aquincola,Aquincola sp964001545,5.625,0.009929391,0.9906/0.9876
Ea.F.3.L.B,E01,Earl,dorm_sample,Bacteria,Pseudomonadota,Alphaproteobacteria,Sphingomonadales,Sphingomonadaceae,Sphingopyxis,Sphingopyxis sp035998905,6.125,0.010812,0.9604/0.9430
Ea.F.3.L.B,E01,Earl,dorm_sample,Bacteria,Pseudomonadota,Gammaproteobacteria,Burkholderiales,Burkholderiaceae_C,Ottowia,Ottowia testudinis,6.5,0.01147396,0.9004/0.8925
Ea.F.3.L.B,E01,Earl,dorm_sample,Bacteria,Pseudomonadota,Alphaproteobacteria,Rhizobiales,Hyphomicrobiaceae,JAKAXS01,JAKAXS01 sp963846845,6.875,0.01213592,0.8619/0.8198
Ea.F.3.L.B,E01,Earl,dorm_sample,Bacteria,Bacteroidota,Bacteroidia,Flavobacteriales,Flavobacteriaceae,Flavobacterium,Flavobacterium endophyticum,7.875,0.01390115,0.9142/0.9065
Ea.F.3.L.B,E01,Earl,dorm_sample,Bacteria,Pseudomonadota,Alphaproteobacteria,Rhizobiales,Beijerinckiaceae,Allobosea,Allobosea eneae,8.125,0.01434245,0.9772/0.9599
Ea.F.3.L.B,E01,Earl,dorm_sample,Bacteria,Bdellovibrionota,Bdellovibrionia,Bdellovibrionales,UBA1609,JALHOQ01,JALHOQ01 sp019637855,9.5,0.01676964,0.7826/0.7587
Ea.F.3.L.B,E01,Earl,dorm_sample,Bacteria,Pseudomonadota,Gammaproteobacteria,Burkholderiales,Burkholderiaceae_C,Aquincola,Aquincola tertiaricarbonis_B,9.625,0.01699029,0.9592/0.9554
Ea.F.3.L.B,E01,Earl,dorm_sample,Bacteria,Pseudomonadota,Alphaproteobacteria,Sphingomonadales,Sphingomonadaceae,Sphingopyxis,Sphingopyxis soli,9.75,0.01721094,0.9058/0.8651
Ea.F.3.L.B,E01,Earl,dorm_sample,Bacteria,Babelota,Babeliae,Babelales,Vermiphilaceae,Vermiphilus,Vermiphilus pyriformis,9.75,0.01721094,0.9969/0.9969
Ea.F.3.L.B,E01,Earl,dorm_sample,Bacteria,Pseudomonadota,Gammaproteobacteria,Xanthomonadales,Xanthomonadaceae,Pseudoxanthomonas_A,Pseudoxanthomonas_A sp014851815,14.375,0.02537511,0.9431/0.9308
Ea.F.3.L.B,E01,Earl,dorm_sample,Bacteria,Pseudomonadota,Gammaproteobacteria,Burkholderiales,Burkholderiaceae_C,Ottowia,Ottowia sp018060485,15.75,0.02780229,0.9852/0.9639
Ea.F.3.L.B,E01,Earl,dorm_sample,Bacteria,Pseudomonadota,Gammaproteobacteria,Xanthomonadales,Xanthomonadaceae,Pseudoxanthomonas_A,Pseudoxanthomonas_A mexicana,18.375,0.03243601,0.9860/0.9828
Ea.F.3.L.B,E01,Earl,dorm_sample,Bacteria,Pseudomonadota,Alphaproteobacteria,Caulobacterales,Caulobacteraceae,Brevundimonas,Brevundimonas pondensis,20.875,0.03684907,0.9991/0.9990
Ea.F.3.L.B,E01,Earl,dorm_sample,Bacteria,Pseudomonadota,Alphaproteobacteria,Sphingomonadales,Sphingomonadaceae,Blastomonas,Blastomonas ursincola,24,0.0423654,0.9897/0.9854
Ea.F.3.L.B,E01,Earl,dorm_sample,Bacteria,Actinomycetota,Actinomycetes,Mycobacteriales,Mycobacteriaceae,Mycobacterium,Mycobacterium phocaicum,30.875,0.05450132,0.9937/0.9900
Ea.F.3.L.B,E01,Earl,dorm_sample,Bacteria,unclassified Bacteria phylum,unclassified Bacteria class,unclassified Bacteria order,unclassified Bacteria family,unclassified Bacteria genus,unclassified Bacteria species,42.5,0.07502207,0.0000/0.0000
Ea.F.3.L.B,E01,Earl,dorm_sample,Bacteria,Pseudomonadota,Alphaproteobacteria,Sphingomonadales,Sphingomonadaceae,Sphingopyxis,Sphingopyxis sp014873485,57,0.1006178,0.9614/0.9328
Ea.F.3.L.B,E01,Earl,dorm_sample,Bacteria,Pseudomonadota,Alphaproteobacteria,Sphingomonadales,Sphingomonadaceae,Sphingopyxis,Sphingopyxis sp001468395,125.125,0.2208738,0.9419/0.9166
Ea.F.3.H.A,E02,Earl,dorm_sample,Bacteria,Acidobacteriota,Blastocatellia,Pyrinomonadales,Pyrinomonadaceae,SXVE01,SXVE01 sp036388895,0.25,0.002143623,0.7665/0.7298
Ea.F.3.H.A,E02,Earl,dorm_sample,Bacteria,Planctomycetota,Planctomycetia,Planctomycetales,Planctomycetaceae,Planctomyces_A,Planctomyces_A sp023429275,0.25,0.002143623,0.7979/0.7533
Ea.F.3.H.A,E02,Earl,dorm_sample,Bacteria,Bacteroidota,Bacteroidia,Chitinophagales,Chitinophagaceae,JAFIGV01,JAFIGV01 sp023418315,0.25,0.002143623,0.8482/0.8425
Ea.F.3.H.A,E02,Earl,dorm_sample,Bacteria,Pseudomonadota,Gammaproteobacteria,Burkholderiales,Burkholderiaceae_C,Pseudorhodoferax,Pseudorhodoferax sp049840715,0.25,0.002143623,0.8552/0.8317
Ea.F.3.H.A,E02,Earl,dorm_sample,Bacteria,Pseudomonadota,Alphaproteobacteria,Sphingomonadales,Sphingomonadaceae,Sphingomonas,Sphingomonas sp004345855,0.25,0.002143623,0.8736/0.8489
Ea.F.3.H.A,E02,Earl,dorm_sample,Bacteria,Actinomycetota,Actinomycetes,Actinomycetales,Microbacteriaceae,Pseudolysinimonas_A,Pseudolysinimonas_A sp023457615,0.25,0.002143623,0.8978/0.8846
Ea.F.3.H.A,E02,Earl,dorm_sample,Bacteria,Pseudomonadota,Alphaproteobacteria,Sphingomonadales,Sphingomonadaceae,Sphingomonas,Sphingomonas sp035910975,0.25,0.002143623,0.8995/0.7872
Ea.F.3.H.A,E02,Earl,dorm_sample,Bacteria,Pseudomonadota,Alphaproteobacteria,Rhizobiales,Hyphomicrobiaceae,JAKAXS01,JAKAXS01 sp965279065,0.25,0.002143623,0.9015/0.7661
Ea.F.3.H.A,E02,Earl,dorm_sample,Bacteria,Planctomycetota,Planctomycetia,Pirellulales,Lacipirellulaceae,Lacipirellula,Lacipirellula parvula,0.25,0.002143623,0.9227/0.9029
Ea.F.3.H.A,E02,Earl,dorm_sample,Bacteria,Pseudomonadota,Gammaproteobacteria,Xanthomonadales,Xanthomonadaceae,Lysobacter_I,Lysobacter_I sp005502915,0.25,0.002143623,0.9294/0.9212
Ea.F.3.H.A,E02,Earl,dorm_sample,Bacteria,Pseudomonadota,Gammaproteobacteria,Burkholderiales,Burkholderiaceae_C,Aquabacterium,Aquabacterium sp016219375,0.25,0.002143623,0.9346/0.9291
Ea.F.3.H.A,E02,Earl,dorm_sample,Bacteria,Actinomycetota,Actinomycetes,Mycobacteriales,CADCTP01,CADCTP01,CADCTP01 sp963766325,0.25,0.002143623,0.9363/0.9090
Ea.F.3.H.A,E02,Earl,dorm_sample,Bacteria,Pseudomonadota,Gammaproteobacteria,Burkholderiales,Burkholderiaceae_C,Aquincola,Aquincola tertiaricarbonis_B,0.25,0.002143623,0.9601/0.9581
Ea.F.3.H.A,E02,Earl,dorm_sample,Bacteria,Bacteroidota,Bacteroidia,Chitinophagales,Chitinophagaceae,Niabella,Niabella sp052044285,0.25,0.002143623,0.9664/0.9645
Ea.F.3.H.A,E02,Earl,dorm_sample,Bacteria,Pseudomonadota,Alphaproteobacteria,Sphingomonadales,Sphingomonadaceae,Sphingomonas,Sphingomonas hominis,0.25,0.002143623,0.9746/0.9746
Ea.F.3.H.A,E02,Earl,dorm_sample,Bacteria,Pseudomonadota,Alphaproteobacteria,Caulobacterales,Caulobacteraceae,Brevundimonas,Brevundimonas sp001422455,0.25,0.002143623,0.9768/0.9765
Ea.F.3.H.A,E02,Earl,dorm_sample,Bacteria,Pseudomonadota,Gammaproteobacteria,Burkholderiales,Burkholderiaceae_C,Pseudorhodoferax,Pseudorhodoferax aquiterrae,0.25,0.002143623,0.9777/0.9773
Ea.F.3.H.A,E02,Earl,dorm_sample,Bacteria,Bacteroidota,Bacteroidia,Sphingobacteriales,Sphingobacteriaceae,Pedobacter,Pedobacter chitinilyticus,0.25,0.002143623,0.9807/0.9788
Ea.F.3.H.A,E02,Earl,dorm_sample,Bacteria,Pseudomonadota,Alphaproteobacteria,Rhizobiales,Rhizobiaceae,Shinella,Shinella sp001262505,0.25,0.002143623,0.9899/0.9895
Ea.F.3.H.A,E02,Earl,dorm_sample,Bacteria,Pseudomonadota,Alphaproteobacteria,Sphingomonadales,Sphingomonadaceae,Sphingomonas,Sphingomonas corticis,0.25,0.002143623,0.9934/0.9934
Ea.F.3.H.A,E02,Earl,dorm_sample,Bacteria,Actinomycetota,Actinomycetes,Actinomycetales,Microbacteriaceae,Microbacterium,Microbacterium oxydans,0.25,0.002143623,0.9990/0.9990
Ea.F.3.H.A,E02,Earl,dorm_sample,Bacteria,Acidobacteriota,Vicinamibacteria,Vicinamibacterales,Vicinamibacteraceae,CAWJAP01,CAWJAP01 sp963840865,0.375,0.003215434,0.8604/0.8181
Ea.F.3.H.A,E02,Earl,dorm_sample,Bacteria,Pseudomonadota,Alphaproteobacteria,Rhizobiales,Rhizobiaceae,Arvimicrobium,Arvimicrobium flavum,0.375,0.003215434,0.8734/0.8496
Ea.F.3.H.A,E02,Earl,dorm_sample,Bacteria,Pseudomonadota,Alphaproteobacteria,Rhizobiales,Rhizobiaceae,Kumtagia,Kumtagia ephedrae,0.375,0.003215434,0.8775/0.8311
Ea.F.3.H.A,E02,Earl,dorm_sample,Bacteria,Pseudomonadota,Alphaproteobacteria,Sphingomonadales,Sphingomonadaceae,Sphingomonas,Sphingomonas sp964407945,0.375,0.003215434,0.9025/0.9006
Ea.F.3.H.A,E02,Earl,dorm_sample,Bacteria,Pseudomonadota,Gammaproteobacteria,Burkholderiales,Burkholderiaceae,Imbroritus,Imbroritus primus,0.375,0.003215434,0.9092/0.9032
Ea.F.3.H.A,E02,Earl,dorm_sample,Bacteria,Pseudomonadota,Gammaproteobacteria,Burkholderiales,Burkholderiaceae_C,Pseudorhodoferax,Pseudorhodoferax sp032153935,0.375,0.003215434,0.9242/0.9206
Ea.F.3.H.A,E02,Earl,dorm_sample,Bacteria,Pseudomonadota,Alphaproteobacteria,Sphingomonadales,Sphingomonadaceae,Sphingomonas,Sphingomonas sp900109205,0.375,0.003215434,0.9390/0.9115
Ea.F.3.H.A,E02,Earl,dorm_sample,Bacteria,Pseudomonadota,Gammaproteobacteria,Burkholderiales,Burkholderiaceae_C,Acidovorax,Acidovorax sp034519795,0.375,0.003215434,0.9488/0.9400
Ea.F.3.H.A,E02,Earl,dorm_sample,Bacteria,Pseudomonadota,Alphaproteobacteria,Caulobacterales,Caulobacteraceae,Brevundimonas,Brevundimonas sp005484585,0.375,0.003215434,0.9677/0.9677
Ea.F.3.H.A,E02,Earl,dorm_sample,Bacteria,Myxococcota,Myxococcia,Myxococcales,Myxococcaceae,Archangium_A,Archangium_A gephyra_A,0.375,0.003215434,0.9953/0.9950
Ea.F.3.H.A,E02,Earl,dorm_sample,Bacteria,Myxococcota_A,Polyangia,Polyangiales,Polyangiaceae,Labilithrix,Labilithrix sp019637225,0.5,0.004287245,0.8360/0.7887
Ea.F.3.H.A,E02,Earl,dorm_sample,Bacteria,Pseudomonadota,Alphaproteobacteria,Rhizobiales,Xanthobacteraceae,Bradyrhizobium,Bradyrhizobium lablabi_C,0.5,0.004287245,0.8826/0.8488
Ea.F.3.H.A,E02,Earl,dorm_sample,Bacteria,Bacteroidota,Bacteroidia,Cytophagales,172606-1,Xanthocytophaga,Xanthocytophaga sp963520985,0.5,0.004287245,0.9071/0.8938
Ea.F.3.H.A,E02,Earl,dorm_sample,Bacteria,Pseudomonadota,Gammaproteobacteria,Xanthomonadales,Xanthomonadaceae,Lysobacter,Lysobacter yananisis,0.5,0.004287245,0.9331/0.9086
Ea.F.3.H.A,E02,Earl,dorm_sample,Bacteria,Pseudomonadota,Gammaproteobacteria,Xanthomonadales,Xanthomonadaceae,Pseudoxanthomonas_A,Pseudoxanthomonas_A sp014851815,0.5,0.004287245,0.9560/0.9506
Ea.F.3.H.A,E02,Earl,dorm_sample,Bacteria,Pseudomonadota,Alphaproteobacteria,Caulobacterales,Caulobacteraceae,Brevundimonas,Brevundimonas vesicularis_E,0.5,0.004287245,0.9753/0.9750
Ea.F.3.H.A,E02,Earl,dorm_sample,Bacteria,Bacteroidota,Bacteroidia,Flavobacteriales,Weeksellaceae,Chryseobacterium,Chryseobacterium phocaeense,0.5,0.004287245,0.9835/0.9673
Ea.F.3.H.A,E02,Earl,dorm_sample,Bacteria,Actinomycetota,Actinomycetes,Mycobacteriales,Mycobacteriaceae,Mycobacterium,Mycobacterium neoaurum,0.5,0.004287245,0.9946/0.9939
Ea.F.3.H.A,E02,Earl,dorm_sample,Bacteria,Pseudomonadota,Alphaproteobacteria,Caulobacterales,Caulobacteraceae,Phenylobacterium,Phenylobacterium haematophilum,0.5,0.004287245,0.9946/0.9946
Ea.F.3.H.A,E02,Earl,dorm_sample,Bacteria,Acidobacteriota,Blastocatellia,Pyrinomonadales,Pyrinomonadaceae,JALZHR01,JALZHR01 sp036388475,0.625,0.005359057,0.8048/0.7465
Ea.F.3.H.A,E02,Earl,dorm_sample,Bacteria,Pseudomonadota,Alphaproteobacteria,Rhizobiales,Rhizobiaceae,Arvimicrobium,Arvimicrobium sp023953845,0.625,0.005359057,0.8802/0.8591
Ea.F.3.H.A,E02,Earl,dorm_sample,Bacteria,Pseudomonadota,Alphaproteobacteria,Sphingomonadales,Sphingomonadaceae,Sphingopyxis,Sphingopyxis macrogoltabida,0.625,0.005359057,0.8933/0.8520
Ea.F.3.H.A,E02,Earl,dorm_sample,Bacteria,Acidobacteriota,Blastocatellia,Pyrinomonadales,Pyrinomonadaceae,GCA-002050365,GCA-002050365 sp963761145,0.75,0.006430868,0.7797/0.7424
Ea.F.3.H.A,E02,Earl,dorm_sample,Bacteria,Pseudomonadota,Alphaproteobacteria,Sphingomonadales,Sphingomonadaceae,Sphingopyxis,Sphingopyxis sp001468395,0.75,0.006430868,0.9703/0.9689
Ea.F.3.H.A,E02,Earl,dorm_sample,Bacteria,Pseudomonadota,Alphaproteobacteria,Rhizobiales,Beijerinckiaceae,Methylobacterium,Methylobacterium sp003173775,0.75,0.006430868,0.9825/0.9559
Ea.F.3.H.A,E02,Earl,dorm_sample,Bacteria,Pseudomonadota,Gammaproteobacteria,Xanthomonadales,Xanthomonadaceae,Stenotrophomonas,Stenotrophomonas muris,0.75,0.006430868,0.9996/0.9996
Ea.F.3.H.A,E02,Earl,dorm_sample,Bacteria,Pseudomonadota,Alphaproteobacteria,Sphingomonadales,Sphingomonadaceae,Sphingomonas,Sphingomonas koreensis,0.875,0.00750268,0.9252/0.8921
Ea.F.3.H.A,E02,Earl,dorm_sample,Bacteria,Actinomycetota,Actinomycetes,Actinomycetales,Microbacteriaceae,Microbacterium,Microbacterium sp003248845,0.875,0.00750268,0.9872/0.9388
Ea.F.3.H.A,E02,Earl,dorm_sample,Bacteria,Actinomycetota,Actinomycetes,Mycobacteriales,Mycobacteriaceae,Mycobacterium,Mycobacterium grossiae,1,0.008574491,0.9872/0.9851
Ea.F.3.H.A,E02,Earl,dorm_sample,Bacteria,Actinomycetota,Actinomycetes,Mycobacteriales,Nakamurellaceae,Nakamurella,Nakamurella multipartita,1,0.008574491,0.9937/0.9909
Ea.F.3.H.A,E02,Earl,dorm_sample,Bacteria,Pseudomonadota,Alphaproteobacteria,Caulobacterales,Caulobacteraceae,Brevundimonas,Brevundimonas vesicularis_D,1,0.008574491,0.9994/0.9994
Ea.F.3.H.A,E02,Earl,dorm_sample,Bacteria,Pseudomonadota,Alphaproteobacteria,Sphingomonadales,Sphingomonadaceae,Sphingomonas,Sphingomonas sp036402235,1.125,0.009646302,0.8962/0.8528
Ea.F.3.H.A,E02,Earl,dorm_sample,Bacteria,Actinomycetota,Actinomycetes,Mycobacteriales,Mycobacteriaceae,Mycobacterium,Mycobacterium kiyosense,1.375,0.01178992,0.8635/0.8317
Ea.F.3.H.A,E02,Earl,dorm_sample,Bacteria,Acidobacteriota,Blastocatellia,Pyrinomonadales,Pyrinomonadaceae,DATHTS01,DATHTS01 sp041940425,1.5,0.01286174,0.8251/0.7946
Ea.F.3.H.A,E02,Earl,dorm_sample,Bacteria,Pseudomonadota,Alphaproteobacteria,Rhizobiales,Hyphomicrobiaceae,JAKAXS01,JAKAXS01 sp963846845,1.5,0.01286174,0.8773/0.8565
Ea.F.3.H.A,E02,Earl,dorm_sample,Bacteria,Pseudomonadota,Alphaproteobacteria,Sphingomonadales,Sphingomonadaceae,Sphingopyxis,Sphingopyxis panaciterrae,1.5,0.01286174,0.9202/0.8925
Ea.F.3.H.A,E02,Earl,dorm_sample,Bacteria,Acidobacteriota,Blastocatellia,Pyrinomonadales,Pyrinomonadaceae,JAFDVJ01,JAFDVJ01 sp965247805,1.75,0.01500536,0.8061/0.7778
Ea.F.3.H.A,E02,Earl,dorm_sample,Bacteria,Actinomycetota,Actinomycetes,Actinomycetales,Microbacteriaceae,Microbacterium,Microbacterium aurum,2.125,0.01822079,0.9906/0.9902
Ea.F.3.H.A,E02,Earl,dorm_sample,Bacteria,Pseudomonadota,Gammaproteobacteria,Xanthomonadales,Rhodanobacteraceae,Dokdonella,Dokdonella sp002483055,2.25,0.0192926,0.9938/0.9935
Ea.F.3.H.A,E02,Earl,dorm_sample,Bacteria,Pseudomonadota,Alphaproteobacteria,Rhizobiales,Beijerinckiaceae,Methylobacterium,Methylobacterium radiotolerans,2.25,0.0192926,0.9945/0.9939
Ea.F.3.H.A,E02,Earl,dorm_sample,Bacteria,Acidobacteriota,Blastocatellia,Pyrinomonadales,Pyrinomonadaceae,JAIBCC01,JAIBCC01 sp963779235,2.375,0.02036442,0.7935/0.7585
Ea.F.3.H.A,E02,Earl,dorm_sample,Bacteria,Pseudomonadota,Gammaproteobacteria,Burkholderiales,Burkholderiaceae_C,Ottowia,Ottowia testudinis,2.5,0.02143623,0.9040/0.8965
Ea.F.3.H.A,E02,Earl,dorm_sample,Bacteria,Pseudomonadota,Alphaproteobacteria,Sphingomonadales,Sphingomonadaceae,Sphingopyxis,Sphingopyxis sp014873485,2.75,0.02357985,0.9661/0.9499
Ea.F.3.H.A,E02,Earl,dorm_sample,Bacteria,Acidobacteriota,Blastocatellia,Pyrinomonadales,Pyrinomonadaceae,DATHTS01,DATHTS01 sp965217985,2.875,0.02465166,0.8151/0.7890
Ea.F.3.H.A,E02,Earl,dorm_sample,Bacteria,Pseudomonadota,Alphaproteobacteria,Sphingomonadales,Sphingomonadaceae,Erythrobacter,Erythrobacter oryzae,2.875,0.02465166,0.8991/0.8688
Ea.F.3.H.A,E02,Earl,dorm_sample,Bacteria,Actinomycetota,Actinomycetes,Mycobacteriales,Mycobacteriaceae,Mycobacterium,Mycobacterium fortuitum,2.875,0.02465166,0.9983/0.9980
Ea.F.3.H.A,E02,Earl,dorm_sample,Bacteria,Pseudomonadota,Gammaproteobacteria,Xanthomonadales,Xanthomonadaceae,Pseudoxanthomonas_A,Pseudoxanthomonas_A mexicana,7.5,0.06430868,0.9870/0.9856
Ea.F.3.H.A,E02,Earl,dorm_sample,Bacteria,Actinomycetota,Actinomycetes,Mycobacteriales,Mycobacteriaceae,Mycobacterium,Mycobacterium phocaicum,7.625,0.06538049,0.9843/0.9814
Ea.F.3.H.A,E02,Earl,dorm_sample,Bacteria,Pseudomonadota,Gammaproteobacteria,Xanthomonadales,Xanthomonadaceae,Pseudoxanthomonas_A,Pseudoxanthomonas_A sp037046485,9.5,0.08145766,0.9941/0.9939
Ea.F.3.H.A,E02,Earl,dorm_sample,Bacteria,Pseudomonadota,Gammaproteobacteria,Burkholderiales,Burkholderiaceae_C,Ottowia,Ottowia sp018060485,9.875,0.0846731,0.9864/0.9860
Ea.F.3.H.A,E02,Earl,dorm_sample,Bacteria,Pseudomonadota,Gammaproteobacteria,Xanthomonadales,Xanthomonadaceae,Pseudoxanthomonas_A,Pseudoxanthomonas_A japonensis,13.25,0.113612,0.9840/0.9809
Ea.F.3.H.A,E02,Earl,dorm_sample,Bacteria,unclassified Bacteria phylum,unclassified Bacteria class,unclassified Bacteria order,unclassified Bacteria family,unclassified Bacteria genus,unclassified Bacteria species,14.125,0.1211147,0.0000/0.0000
Te.F.3.L.A,E03,Teal,dorm_sample,Bacteria,Pseudomonadota,Alphaproteobacteria,Micavibrionales,Micavibrionaceae,UBA6929,UBA6929 sp002448815,0.25,0.01680672,0.7684/0.7386
Te.F.3.L.A,E03,Teal,dorm_sample,Bacteria,Bacteroidota,Bacteroidia,B-17B0,Aurantibacillaceae,Aurantibacillus,Aurantibacillus sp002319075,0.25,0.01680672,0.7997/0.7693
Te.F.3.L.A,E03,Teal,dorm_sample,Bacteria,Planctomycetota,Planctomycetia,Planctomycetales,Planctomycetaceae,Planctomyces_A,Planctomyces_A sp001610835,0.25,0.01680672,0.8698/0.8563
Te.F.3.L.A,E03,Teal,dorm_sample,Bacteria,Bacteroidota,Bacteroidia,Cytophagales,172606-1,Xanthocytophaga,Xanthocytophaga sp963520985,0.25,0.01680672,0.9044/0.8157
Te.F.3.L.A,E03,Teal,dorm_sample,Bacteria,Pseudomonadota,Gammaproteobacteria,Burkholderiales,Burkholderiaceae_C,Aquincola,Aquincola tertiaricarbonis_B,0.25,0.01680672,0.9401/0.9266
Te.F.3.L.A,E03,Teal,dorm_sample,Bacteria,Pseudomonadota,Gammaproteobacteria,Steroidobacterales,Steroidobacteraceae,Steroidobacter,Steroidobacter soli,0.25,0.01680672,0.9699/0.9499
Te.F.3.L.A,E03,Teal,dorm_sample,Bacteria,Pseudomonadota,Alphaproteobacteria,Micavibrionales,GCA-2720935,GCA-2720935,GCA-2720935 sp002720935,0.375,0.02521008,0.7370/0.7044
Te.F.3.L.A,E03,Teal,dorm_sample,Bacteria,Pseudomonadota,Alphaproteobacteria,Sphingomonadales,Sphingomonadaceae,Sphingomonas,Sphingomonas koreensis,0.375,0.02521008,0.9032/0.8572
Te.F.3.L.A,E03,Teal,dorm_sample,Bacteria,Bacteroidota,Bacteroidia,CAIKAF01,CAIKAF01,JACVCJ01,JACVCJ01 sp052437175,0.375,0.02521008,0.9491/0.9460
Te.F.3.L.A,E03,Teal,dorm_sample,Bacteria,Bacteroidota,Bacteroidia,Cytophagales,Cyclobacteriaceae,UBA2336,UBA2336 sp019694875,0.5,0.03361345,0.8500/0.8327
Te.F.3.L.A,E03,Teal,dorm_sample,Bacteria,Pseudomonadota,Gammaproteobacteria,Burkholderiales,Burkholderiaceae_C,Acidovorax,Acidovorax temperans,0.5,0.03361345,0.9841/0.9841
Te.F.3.L.A,E03,Teal,dorm_sample,Bacteria,Pseudomonadota,Gammaproteobacteria,Burkholderiales,Burkholderiaceae_C,Ottowia,Ottowia sp018060485,0.5,0.03361345,0.9879/0.9877
Te.F.3.L.A,E03,Teal,dorm_sample,Bacteria,Cyanobacteriota,Vampirovibrionia,Obscuribacterales,Obscuribacteraceae,JAFKGK01,JAFKGK01 sp017307165,0.5,0.03361345,0.9957/0.9954
Te.F.3.L.A,E03,Teal,dorm_sample,Bacteria,Pseudomonadota,Alphaproteobacteria,Rhizobiales,Xanthobacteraceae,Bradyrhizobium,Bradyrhizobium lablabi_C,0.625,0.04201681,0.8838/0.8214
Te.F.3.L.A,E03,Teal,dorm_sample,Bacteria,Bacteroidota,Bacteroidia,Chitinophagales,Chitinophagaceae,Pseudobacter,Pseudobacter sp051955275,0.75,0.05042017,0.9621/0.9528
Te.F.3.L.A,E03,Teal,dorm_sample,Bacteria,Actinomycetota,Actinomycetes,Mycobacteriales,Mycobacteriaceae,Mycobacterium,Mycobacterium phocaicum,0.875,0.05882353,0.9892/0.9885
Te.F.3.L.A,E03,Teal,dorm_sample,Bacteria,Pseudomonadota,Gammaproteobacteria,Xanthomonadales,Xanthomonadaceae,Pseudoxanthomonas_A,Pseudoxanthomonas_A japonensis,1.125,0.07563025,0.9828/0.9805
Te.F.3.L.A,E03,Teal,dorm_sample,Bacteria,Pseudomonadota,Alphaproteobacteria,Sphingomonadales,Sphingomonadaceae,Sphingopyxis,Sphingopyxis sp014873485,2.875,0.1932773,0.9810/0.9617
Te.F.3.L.A,E03,Teal,dorm_sample,Bacteria,unclassified Bacteria phylum,unclassified Bacteria class,unclassified Bacteria order,unclassified Bacteria family,unclassified Bacteria genus,unclassified Bacteria species,4,0.2689076,0.0000/0.0000
Te.F.2.H.B,E04,Teal,dorm_sample,Bacteria,Actinomycetota,Actinomycetes,Mycobacteriales,Mycobacteriaceae,Mycobacterium,Mycobacterium sp018326285,0.625,0.1020408,0.9872/0.9285
Te.F.2.H.B,E04,Teal,dorm_sample,Bacteria,unclassified Bacteria phylum,unclassified Bacteria class,unclassified Bacteria order,unclassified Bacteria family,unclassified Bacteria genus,unclassified Bacteria species,0.875,0.1428571,0.0000/0.0000
Te.F.2.H.B,E04,Teal,dorm_sample,Bacteria,Actinomycetota,Actinomycetes,Mycobacteriales,Mycobacteriaceae,Mycobacterium,Mycobacterium fortuitum,0.875,0.1428571,0.9981/0.9981
Te.F.2.H.B,E04,Teal,dorm_sample,Bacteria,Actinomycetota,Actinomycetes,Mycobacteriales,Mycobacteriaceae,Mycobacterium,Mycobacterium phocaicum,3.75,0.6122449,0.9922/0.9918
NR.F.1.H.A,E05,NoRo,dorm_sample,Bacteria,Acidobacteriota,Terriglobia,Bryobacterales,Bryobacteraceae,JAPKYZ01,JAPKYZ01 sp037190045,0.25,0.00162206,0.7507/0.7347
NR.F.1.H.A,E05,NoRo,dorm_sample,Bacteria,Pseudomonadota,Alphaproteobacteria,Rickettsiales,UBA3002,QFOX01,QFOX01 sp964530085,0.25,0.00162206,0.7779/0.7495
NR.F.1.H.A,E05,NoRo,dorm_sample,Bacteria,Pseudomonadota,Alphaproteobacteria,Rickettsiales,UBA3002,QFOX01,QFOX01 sp003241645,0.25,0.00162206,0.7948/0.7606
NR.F.1.H.A,E05,NoRo,dorm_sample,Bacteria,Acidobacteriota,Blastocatellia,Pyrinomonadales,Pyrinomonadaceae,GCA-002050365,GCA-002050365 sp964244835,0.25,0.00162206,0.8185/0.7387
NR.F.1.H.A,E05,NoRo,dorm_sample,Bacteria,Bdellovibrionota,Bdellovibrionia,Bdellovibrionales,Bdellovibrionaceae,Bdellovibrio,Bdellovibrio sp037996825,0.25,0.00162206,0.8242/0.8034
NR.F.1.H.A,E05,NoRo,dorm_sample,Bacteria,Pseudomonadota,Alphaproteobacteria,Caulobacterales,Caulobacteraceae,Phenylobacterium,Phenylobacterium sp041916435,0.25,0.00162206,0.8257/0.8059
NR.F.1.H.A,E05,NoRo,dorm_sample,Bacteria,Bacteroidota,Bacteroidia,B-17B0,Aurantibacillaceae,Aurantibacillus,Aurantibacillus sp002319075,0.25,0.00162206,0.8329/0.8018
NR.F.1.H.A,E05,NoRo,dorm_sample,Bacteria,Armatimonadota,Fimbriimonadia,Fimbriimonadales,Fimbriimonadaceae,55-13,55-13 sp001898035,0.25,0.00162206,0.8407/0.8246
NR.F.1.H.A,E05,NoRo,dorm_sample,Bacteria,Pseudomonadota,Alphaproteobacteria,Sphingomonadales,Sphingomonadaceae,Allosphingosinicella,Allosphingosinicella ginsenosidimutans,0.25,0.00162206,0.8437/0.7471
NR.F.1.H.A,E05,NoRo,dorm_sample,Bacteria,Bacteroidota,Bacteroidia,Cytophagales,Cyclobacteriaceae,UBA2336,UBA2336 sp019694875,0.25,0.00162206,0.8531/0.8387
NR.F.1.H.A,E05,NoRo,dorm_sample,Bacteria,Pseudomonadota,Alphaproteobacteria,Rhodobacterales,Rhodobacteraceae,Tabrizicola,Tabrizicola thermarum,0.25,0.00162206,0.8581/0.8346
NR.F.1.H.A,E05,NoRo,dorm_sample,Bacteria,Pseudomonadota,Alphaproteobacteria,Rhodobacterales,Rhodobacteraceae,Tabrizicola,Tabrizicola sp030694085,0.25,0.00162206,0.8613/0.8373
NR.F.1.H.A,E05,NoRo,dorm_sample,Bacteria,Pseudomonadota,Alphaproteobacteria,Caulobacterales,Hyphomonadaceae,UBA7672,UBA7672 sp965229115,0.25,0.00162206,0.8705/0.8380
NR.F.1.H.A,E05,NoRo,dorm_sample,Bacteria,Pseudomonadota,Gammaproteobacteria,Burkholderiales,Burkholderiaceae_C,Hydrogenophaga,Hydrogenophaga sp018993155,0.25,0.00162206,0.8732/0.8680
NR.F.1.H.A,E05,NoRo,dorm_sample,Bacteria,Pseudomonadota,Alphaproteobacteria,Sphingomonadales,Sphingomonadaceae,Solisphingomonas,Solisphingomonas quercus,0.25,0.00162206,0.8768/0.8606
NR.F.1.H.A,E05,NoRo,dorm_sample,Bacteria,Pseudomonadota,Gammaproteobacteria,Xanthomonadales,Xanthomonadaceae,Lysobacter,Lysobacter capsici_A,0.25,0.00162206,0.8905/0.8118
NR.F.1.H.A,E05,NoRo,dorm_sample,Bacteria,Bacteroidota,Bacteroidia,Chitinophagales,Chitinophagaceae,UBA5543,UBA5543 sp964464965,0.25,0.00162206,0.8949/0.8923
NR.F.1.H.A,E05,NoRo,dorm_sample,Bacteria,Pseudomonadota,Alphaproteobacteria,Sphingomonadales,Sphingomonadaceae,Sphingopyxis,Sphingopyxis sp023197165,0.25,0.00162206,0.9041/0.8008
NR.F.1.H.A,E05,NoRo,dorm_sample,Bacteria,Actinomycetota,Actinomycetes,Propionibacteriales,Propionibacteriaceae,Micropruina,Micropruina sp044224095,0.25,0.00162206,0.9117/0.8728
NR.F.1.H.A,E05,NoRo,dorm_sample,Bacteria,Pseudomonadota,Alphaproteobacteria,Reyranellales,Reyranellaceae,Reyranella,Reyranella sp965228225,0.25,0.00162206,0.9359/0.9303
NR.F.1.H.A,E05,NoRo,dorm_sample,Bacteria,Pseudomonadota,Alphaproteobacteria,Sphingomonadales,Sphingomonadaceae,Sphingopyxis,Sphingopyxis soli,0.25,0.00162206,0.9508/0.9049
NR.F.1.H.A,E05,NoRo,dorm_sample,Bacteria,Bacteroidota,Bacteroidia,Chitinophagales,Chitinophagaceae,CADEDV01,CADEDV01 sp936908745,0.25,0.00162206,0.9663/0.9512
NR.F.1.H.A,E05,NoRo,dorm_sample,Bacteria,Pseudomonadota,Gammaproteobacteria,Burkholderiales,Burkholderiaceae_C,Acidovorax,Acidovorax sp000302535,0.25,0.00162206,0.9698/0.9699
NR.F.1.H.A,E05,NoRo,dorm_sample,Bacteria,Pseudomonadota,Gammaproteobacteria,Pseudomonadales,Pseudomonadaceae,Aquipseudomonas,Aquipseudomonas alcaligenes,0.25,0.00162206,0.9819/0.9819
NR.F.1.H.A,E05,NoRo,dorm_sample,Bacteria,Pseudomonadota,Gammaproteobacteria,Xanthomonadales,Rhodanobacteraceae,Dokdonella_A,Dokdonella_A ginsengisoli,0.25,0.00162206,0.9834/0.9806
NR.F.1.H.A,E05,NoRo,dorm_sample,Bacteria,Bdellovibrionota,Bdellovibrionia,Bdellovibrionales,Bdellovibrionaceae,Pseudobdellovibrio,Pseudobdellovibrio sp031428135,0.375,0.00243309,0.7710/0.7432
NR.F.1.H.A,E05,NoRo,dorm_sample,Bacteria,Acidobacteriota,Blastocatellia,Pyrinomonadales,Pyrinomonadaceae,JALZHR01,JALZHR01 sp036388635,0.375,0.00243309,0.7777/0.7275
NR.F.1.H.A,E05,NoRo,dorm_sample,Bacteria,Pseudomonadota,Gammaproteobacteria,Xanthomonadales,Ahniellaceae,JBGAHD01,JBGAHD01 sp044226395,0.375,0.00243309,0.8114/0.7609
NR.F.1.H.A,E05,NoRo,dorm_sample,Bacteria,Bdellovibrionota,Bdellovibrionia,Bdellovibrionales,Bdellovibrionaceae,Bdellovibrio,Bdellovibrio bacteriovorus_B,0.375,0.00243309,0.8401/0.8242
NR.F.1.H.A,E05,NoRo,dorm_sample,Bacteria,Pseudomonadota,Alphaproteobacteria,Rhizobiales,Hyphomicrobiaceae,Hyphomicrobium_C,Hyphomicrobium_C sp902826555,0.375,0.00243309,0.8416/0.8258
NR.F.1.H.A,E05,NoRo,dorm_sample,Bacteria,Myxococcota_A,Polyangia,Polyangiales,Sandaracinaceae,JBBSAT01,JBBSAT01 sp044220955,0.375,0.00243309,0.8417/0.8221
NR.F.1.H.A,E05,NoRo,dorm_sample,Bacteria,Bacteroidota,Bacteroidia,Cytophagales,Cyclobacteriaceae,UBA2336,UBA2336 sp964538575,0.375,0.00243309,0.8608/0.8542
NR.F.1.H.A,E05,NoRo,dorm_sample,Bacteria,Actinomycetota,Actinomycetes,Mycobacteriales,Pseudonocardiaceae,Pseudonocardia,Pseudonocardia humida,0.375,0.00243309,0.8802/0.8503
NR.F.1.H.A,E05,NoRo,dorm_sample,Bacteria,Pseudomonadota,Gammaproteobacteria,Xanthomonadales,Rhodanobacteraceae,Tahibacter,Tahibacter soli,0.375,0.00243309,0.8873/0.8642
NR.F.1.H.A,E05,NoRo,dorm_sample,Bacteria,Pseudomonadota,Gammaproteobacteria,Xanthomonadales,Rhodanobacteraceae,Dokdonella_A,Dokdonella_A fugitiva,0.375,0.00243309,0.8973/0.8838
NR.F.1.H.A,E05,NoRo,dorm_sample,Bacteria,Pseudomonadota,Gammaproteobacteria,Xanthomonadales,Xanthomonadaceae,Pseudoxanthomonas_A,Pseudoxanthomonas_A sp014851815,0.375,0.00243309,0.9263/0.8670
NR.F.1.H.A,E05,NoRo,dorm_sample,Bacteria,Pseudomonadota,Gammaproteobacteria,Steroidobacterales,Steroidobacteraceae,Steroidobacter,Steroidobacter flavus,0.375,0.00243309,0.9417/0.9083
NR.F.1.H.A,E05,NoRo,dorm_sample,Bacteria,Bacteroidota,Bacteroidia,Sphingobacteriales,Sphingobacteriaceae,Pedobacter,Pedobacter sp029269825,0.375,0.00243309,0.9616/0.9616
NR.F.1.H.A,E05,NoRo,dorm_sample,Bacteria,Bacteroidota,Bacteroidia,Chitinophagales,Chitinophagaceae,Niabella,Niabella defluvii,0.375,0.00243309,0.9711/0.9697
NR.F.1.H.A,E05,NoRo,dorm_sample,Bacteria,Pseudomonadota,Gammaproteobacteria,Xanthomonadales,Xanthomonadaceae,Pseudoxanthomonas_A,Pseudoxanthomonas_A mexicana,0.375,0.00243309,0.9901/0.9898
NR.F.1.H.A,E05,NoRo,dorm_sample,Bacteria,Pseudomonadota,Gammaproteobacteria,Xanthomonadales,Rhodanobacteraceae,Dokdonella,Dokdonella sp002483055,0.375,0.00243309,0.9957/0.9957
NR.F.1.H.A,E05,NoRo,dorm_sample,Bacteria,Pseudomonadota,Alphaproteobacteria,Reyranellales,Reyranellaceae,Reyranella,Reyranella sp026126105,0.375,0.00243309,0.9977/0.9977
NR.F.1.H.A,E05,NoRo,dorm_sample,Bacteria,Pseudomonadota,Alphaproteobacteria,Rhizobiales,Beijerinckiaceae,Methylobacterium,Methylobacterium radiotolerans,0.375,0.00243309,0.9983/0.9982
NR.F.1.H.A,E05,NoRo,dorm_sample,Bacteria,Bdellovibrionota,Bdellovibrionia,Bdellovibrionales,Bdellovibrionaceae,Pseudobdellovibrio,Pseudobdellovibrio sp031970595,0.5,0.00324412,0.7799/0.7503
NR.F.1.H.A,E05,NoRo,dorm_sample,Bacteria,Acidobacteriota,Vicinamibacteria,Vicinamibacterales,Vicinamibacteraceae,CAWJAP01,CAWJAP01 sp963834365,0.5,0.00324412,0.7901/0.7588
NR.F.1.H.A,E05,NoRo,dorm_sample,Bacteria,Chloroflexota,Anaerolineae,Aggregatilineales,Phototrophicaceae,Flexifilum,Flexifilum sp046328655,0.5,0.00324412,0.7944/0.7586
NR.F.1.H.A,E05,NoRo,dorm_sample,Bacteria,Acidobacteriota,Blastocatellia,Pyrinomonadales,Pyrinomonadaceae,GCA-002050365,GCA-002050365 sp965218105,0.5,0.00324412,0.7969/0.7536
NR.F.1.H.A,E05,NoRo,dorm_sample,Bacteria,Bacteroidota,Bacteroidia,Chitinophagales,Chitinophagaceae,Terrimonas_A,Terrimonas_A sp003243445,0.5,0.00324412,0.8651/0.8081
NR.F.1.H.A,E05,NoRo,dorm_sample,Bacteria,Pseudomonadota,Alphaproteobacteria,Rhizobiales,Xanthobacteraceae,Bradyrhizobium,Bradyrhizobium lablabi_C,0.5,0.00324412,0.8846/0.8244
NR.F.1.H.A,E05,NoRo,dorm_sample,Bacteria,Pseudomonadota,Alphaproteobacteria,Sphingomonadales,Sphingomonadaceae,Sphingomonas_E,Sphingomonas_E fennica,0.5,0.00324412,0.9213/0.9088
NR.F.1.H.A,E05,NoRo,dorm_sample,Bacteria,Pseudomonadota,Gammaproteobacteria,Burkholderiales,Burkholderiaceae_C,Aquincola,Aquincola tertiaricarbonis_B,0.5,0.00324412,0.9625/0.9608
NR.F.1.H.A,E05,NoRo,dorm_sample,Bacteria,Actinomycetota,Actinomycetes,Actinomycetales,Microbacteriaceae,Microbacterium,Microbacterium sp003248845,0.5,0.00324412,0.9872/0.9872
NR.F.1.H.A,E05,NoRo,dorm_sample,Bacteria,Bacteroidota,Bacteroidia,Cytophagales,172606-1,Xanthocytophaga,Xanthocytophaga sp963520985,0.625,0.00405515,0.8159/0.7787
NR.F.1.H.A,E05,NoRo,dorm_sample,Bacteria,Pseudomonadota,Alphaproteobacteria,Caulobacterales,Caulobacteraceae,Phenylobacterium,Phenylobacterium sp001724985,0.625,0.00405515,0.8376/0.7651
NR.F.1.H.A,E05,NoRo,dorm_sample,Bacteria,Pseudomonadota,Alphaproteobacteria,Sphingomonadales,Sphingomonadaceae,Sphingobium_A,Sphingobium_A colocasiae,0.625,0.00405515,0.9144/0.8850
NR.F.1.H.A,E05,NoRo,dorm_sample,Bacteria,Pseudomonadota,Alphaproteobacteria,Sphingomonadales,Sphingomonadaceae,Allosphingosinicella,Allosphingosinicella sp019635535,0.625,0.00405515,0.9187/0.9105
NR.F.1.H.A,E05,NoRo,dorm_sample,Bacteria,Pseudomonadota,Gammaproteobacteria,Burkholderiales,Burkholderiaceae,Imbroritus,Imbroritus primus,0.625,0.00405515,0.9286/0.9276
NR.F.1.H.A,E05,NoRo,dorm_sample,Bacteria,Pseudomonadota,Alphaproteobacteria,Sphingomonadales,Sphingomonadaceae,Sphingopyxis,Sphingopyxis sp035998905,0.625,0.00405515,0.9299/0.8796
NR.F.1.H.A,E05,NoRo,dorm_sample,Bacteria,Pseudomonadota,Alphaproteobacteria,Rhizobiales,Aestuariivirgaceae,Taklimakanibacter,Taklimakanibacter albus,0.625,0.00405515,0.9545/0.8549
NR.F.1.H.A,E05,NoRo,dorm_sample,Bacteria,Pseudomonadota,Alphaproteobacteria,Rhizobiales,Xanthobacteraceae,Bradyrhizobium,Bradyrhizobium sp023387735,0.625,0.00405515,0.9892/0.9857
NR.F.1.H.A,E05,NoRo,dorm_sample,Bacteria,Pseudomonadota,Alphaproteobacteria,Rhizobiales,Rhizobiaceae,Arvimicrobium,Arvimicrobium flavum,0.75,0.00486618,0.8504/0.8286
NR.F.1.H.A,E05,NoRo,dorm_sample,Bacteria,Actinomycetota,Actinomycetes,Mycobacteriales,Nakamurellaceae,Nakamurella,Nakamurella multipartita,0.75,0.00486618,0.9936/0.9924
NR.F.1.H.A,E05,NoRo,dorm_sample,Bacteria,Acidobacteriota,Blastocatellia,Pyrinomonadales,Pyrinomonadaceae,JAIBCC01,JAIBCC01 sp963779235,0.875,0.00567721,0.8057/0.7552
NR.F.1.H.A,E05,NoRo,dorm_sample,Bacteria,Pseudomonadota,Alphaproteobacteria,Sphingomonadales,Sphingomonadaceae,Erythrobacter,Erythrobacter sp001557115,0.875,0.00567721,0.8755/0.8527
NR.F.1.H.A,E05,NoRo,dorm_sample,Bacteria,Pseudomonadota,Alphaproteobacteria,Caulobacterales,Caulobacteraceae,Phenylobacterium,Phenylobacterium terrae,0.875,0.00567721,0.8881/0.8812
NR.F.1.H.A,E05,NoRo,dorm_sample,Bacteria,Pseudomonadota,Alphaproteobacteria,Sphingomonadales,Sphingomonadaceae,Sphingomonas,Sphingomonas koreensis,0.875,0.00567721,0.8903/0.8089
NR.F.1.H.A,E05,NoRo,dorm_sample,Bacteria,Bacteroidota,Bacteroidia,B-17B0,Aurantibacillaceae,UBA4416,UBA4416 sp943362175,0.875,0.00567721,0.9589/0.9509
NR.F.1.H.A,E05,NoRo,dorm_sample,Bacteria,Pseudomonadota,Alphaproteobacteria,Caulobacterales,Caulobacteraceae,Phenylobacterium,Phenylobacterium sp041919955,0.875,0.00567721,0.9609/0.9483
NR.F.1.H.A,E05,NoRo,dorm_sample,Bacteria,Chlamydiota,Chlamydiia,Chlamydiales,Parachlamydiaceae,Neochlamydia,Neochlamydia sp001897225,1,0.00648824,0.9539/0.9529
NR.F.1.H.A,E05,NoRo,dorm_sample,Bacteria,Pseudomonadota,Gammaproteobacteria,Xanthomonadales,Xanthomonadaceae,Pseudoxanthomonas_A,Pseudoxanthomonas_A japonensis,1.125,0.00729927,0.9824/0.9792
NR.F.1.H.A,E05,NoRo,dorm_sample,Bacteria,Pseudomonadota,Gammaproteobacteria,Xanthomonadales,Xanthomonadaceae,Lysobacter,Lysobacter yananisis,1.375,0.00892133,0.9334/0.8955
NR.F.1.H.A,E05,NoRo,dorm_sample,Bacteria,Actinomycetota,Actinomycetes,Mycobacteriales,Mycobacteriaceae,Mycobacterium,Mycobacterium fortuitum,1.375,0.00892133,0.9996/0.9996
NR.F.1.H.A,E05,NoRo,dorm_sample,Bacteria,Pseudomonadota,Gammaproteobacteria,Xanthomonadales,Xanthomonadaceae,Lysobacter,Lysobacter capsici,1.625,0.01054339,0.9217/0.8972
NR.F.1.H.A,E05,NoRo,dorm_sample,Bacteria,Pseudomonadota,Gammaproteobacteria,Burkholderiales,Burkholderiaceae_C,Ottowia,Ottowia testudinis,2,0.01297648,0.9011/0.8940
NR.F.1.H.A,E05,NoRo,dorm_sample,Bacteria,Actinomycetota,Actinomycetes,Actinomycetales,Microbacteriaceae,Agromyces,Agromyces mediolanus_A,2,0.01297648,0.9952/0.9945
NR.F.1.H.A,E05,NoRo,dorm_sample,Bacteria,Actinomycetota,Actinomycetes,Mycobacteriales,Mycobacteriaceae,Mycobacterium,Mycobacterium sp018326285,2.25,0.01459854,0.9872/0.9844
NR.F.1.H.A,E05,NoRo,dorm_sample,Bacteria,Pseudomonadota,Gammaproteobacteria,Xanthomonadales,Xanthomonadaceae,Lysobacter_I,Lysobacter_I brunescens,2.5,0.0162206,0.9570/0.9562
NR.F.1.H.A,E05,NoRo,dorm_sample,Bacteria,Pseudomonadota,Alphaproteobacteria,Sphingomonadales,Sphingomonadaceae,Allosphingosinicella,Allosphingosinicella sp031157375,2.625,0.01703163,0.9070/0.8527
NR.F.1.H.A,E05,NoRo,dorm_sample,Bacteria,Pseudomonadota,Gammaproteobacteria,Xanthomonadales,Xanthomonadaceae,Lysobacter_I,Lysobacter_I sp005502915,2.625,0.01703163,0.9371/0.9306
NR.F.1.H.A,E05,NoRo,dorm_sample,Bacteria,Pseudomonadota,Alphaproteobacteria,Sphingomonadales,Sphingomonadaceae,Sphingopyxis,Sphingopyxis sp014873485,2.625,0.01703163,0.9410/0.9098
NR.F.1.H.A,E05,NoRo,dorm_sample,Bacteria,Pseudomonadota,Alphaproteobacteria,Sphingomonadales,Sphingomonadaceae,Blastomonas,Blastomonas ursincola,2.625,0.01703163,0.9903/0.9857
NR.F.1.H.A,E05,NoRo,dorm_sample,Bacteria,Pseudomonadota,Gammaproteobacteria,Burkholderiales,Burkholderiaceae_C,Acidovorax,Acidovorax temperans,2.875,0.01865369,0.9817/0.9806
NR.F.1.H.A,E05,NoRo,dorm_sample,Bacteria,Pseudomonadota,Alphaproteobacteria,Sphingomonadales,Sphingomonadaceae,Erythrobacter,Erythrobacter oryzae,4.25,0.02757502,0.8963/0.8475
NR.F.1.H.A,E05,NoRo,dorm_sample,Bacteria,Pseudomonadota,Alphaproteobacteria,Sphingomonadales,Sphingomonadaceae,Sphingopyxis,Sphingopyxis sp001468395,4.75,0.03081914,0.9689/0.9590
NR.F.1.H.A,E05,NoRo,dorm_sample,Bacteria,Pseudomonadota,Gammaproteobacteria,Burkholderiales,Burkholderiaceae_C,Ottowia,Ottowia sp018060485,12,0.07785888,0.9869/0.9846
NR.F.1.H.A,E05,NoRo,dorm_sample,Bacteria,Pseudomonadota,Gammaproteobacteria,Xanthomonadales,Xanthomonadaceae,Lysobacter_I,Lysobacter_I sp036404915,14.875,0.09651257,0.9769/0.9688
NR.F.1.H.A,E05,NoRo,dorm_sample,Bacteria,unclassified Bacteria phylum,unclassified Bacteria class,unclassified Bacteria order,unclassified Bacteria family,unclassified Bacteria genus,unclassified Bacteria species,24.5,0.1589619,0.0000/0.0000
NR.F.1.H.A,E05,NoRo,dorm_sample,Bacteria,Actinomycetota,Actinomycetes,Mycobacteriales,Mycobacteriaceae,Mycobacterium,Mycobacterium phocaicum,35.875,0.2327656,0.9865/0.9818
Da.F.4.L.C,E06,Dawson,dorm_sample,Bacteria,Bdellovibrionota,UBA1018,CAIPTA01,CAIPTA01,JAKFYM01,JAKFYM01 sp036559405,0.25,0.000558815,0.7489/0.7128
Da.F.4.L.C,E06,Dawson,dorm_sample,Bacteria,Pseudomonadota,Alphaproteobacteria,Caedimonadales,Caedimonadaceae,Paracaedimonas,Paracaedimonas acanthamoebae,0.25,0.000558815,0.8504/0.8476
Da.F.4.L.C,E06,Dawson,dorm_sample,Bacteria,Pseudomonadota,Alphaproteobacteria,Micavibrionales,UBA2020,JAEXMB01,JAEXMB01 sp027483355,0.25,0.000558815,0.8646/0.8541
Da.F.4.L.C,E06,Dawson,dorm_sample,Bacteria,Pseudomonadota,Alphaproteobacteria,Sphingomonadales,Sphingomonadaceae,Sphingopyxis,Sphingopyxis sp036402335,0.25,0.000558815,0.8803/0.8766
Da.F.4.L.C,E06,Dawson,dorm_sample,Bacteria,Bacteroidota,Bacteroidia,Sphingobacteriales,Sphingobacteriaceae,Pedobacter,Pedobacter chitinilyticus,0.25,0.000558815,0.9392/0.9340
Da.F.4.L.C,E06,Dawson,dorm_sample,Bacteria,Pseudomonadota,Alphaproteobacteria,Sphingomonadales,Sphingomonadaceae,Sphingomonas,Sphingomonas sp001557215,0.25,0.000558815,0.9524/0.9522
Da.F.4.L.C,E06,Dawson,dorm_sample,Bacteria,Pseudomonadota,Gammaproteobacteria,Burkholderiales,Burkholderiaceae_C,Paracidovorax,Paracidovorax sp040365715,0.25,0.000558815,0.9634/0.9626
Da.F.4.L.C,E06,Dawson,dorm_sample,Bacteria,Pseudomonadota,Alphaproteobacteria,Rickettsiales,UBA3002,QFOX01,QFOX01 sp003241645,0.25,0.000558815,0.9706/0.9347
Da.F.4.L.C,E06,Dawson,dorm_sample,Bacteria,Pseudomonadota,Alphaproteobacteria,Sphingomonadales,Sphingomonadaceae,Sphingomonas,Sphingomonas zeae,0.25,0.000558815,0.9749/0.9686
Da.F.4.L.C,E06,Dawson,dorm_sample,Bacteria,Pseudomonadota,Alphaproteobacteria,Caulobacterales,Caulobacteraceae,Brevundimonas,Brevundimonas sp005484585,0.25,0.000558815,0.9838/0.9519
Da.F.4.L.C,E06,Dawson,dorm_sample,Bacteria,Pseudomonadota,Gammaproteobacteria,Xanthomonadales,Xanthomonadaceae,Stenotrophomonas,Stenotrophomonas rhizophila_A,0.25,0.000558815,0.9942/0.9941
Da.F.4.L.C,E06,Dawson,dorm_sample,Bacteria,Pseudomonadota,Gammaproteobacteria,Pseudomonadales,Pseudomonadaceae,Chryseomonas,Chryseomonas benzopyrenica,0.25,0.000558815,0.9966/0.9965
Da.F.4.L.C,E06,Dawson,dorm_sample,Bacteria,Actinomycetota,Actinomycetes,Mycobacteriales,Mycobacteriaceae,Mycobacterium,Mycobacterium phocaicum,0.25,0.000558815,0.9971/0.9140
Da.F.4.L.C,E06,Dawson,dorm_sample,Bacteria,Pseudomonadota,Alphaproteobacteria,Caulobacterales,Caulobacteraceae,Brevundimonas,Brevundimonas aurantiaca,0.25,0.000558815,0.9998/0.9998
Da.F.4.L.C,E06,Dawson,dorm_sample,Bacteria,Pseudomonadota,Gammaproteobacteria,Burkholderiales,Burkholderiaceae_B,Oligella,Oligella urethralis,0.25,0.000558815,1.0000/1.0000
Da.F.4.L.C,E06,Dawson,dorm_sample,Bacteria,Pseudomonadota,Alphaproteobacteria,Caulobacterales,Caulobacteraceae,Phenylobacterium,Phenylobacterium koreense,0.375,0.000838223,0.9112/0.8850
Da.F.4.L.C,E06,Dawson,dorm_sample,Bacteria,Pseudomonadota,Gammaproteobacteria,Burkholderiales,Burkholderiaceae_C,Aquabacterium,Aquabacterium sp002339015,0.375,0.000838223,0.9293/0.9137
Da.F.4.L.C,E06,Dawson,dorm_sample,Bacteria,Pseudomonadota,Alphaproteobacteria,Caulobacterales,Caulobacteraceae,Caulobacter,Caulobacter sp013181195,0.375,0.000838223,0.9450/0.9443
Da.F.4.L.C,E06,Dawson,dorm_sample,Bacteria,Pseudomonadota,Alphaproteobacteria,Caulobacterales,Caulobacteraceae,Brevundimonas,Brevundimonas vesicularis,0.375,0.000838223,0.9731/0.9725
Da.F.4.L.C,E06,Dawson,dorm_sample,Bacteria,Pseudomonadota,Gammaproteobacteria,Xanthomonadales,Xanthomonadaceae,Pseudoxanthomonas_A,Pseudoxanthomonas_A sp002863005,0.375,0.000838223,0.9924/0.9924
Da.F.4.L.C,E06,Dawson,dorm_sample,Bacteria,Pseudomonadota,Alphaproteobacteria,Caulobacterales,Caulobacteraceae,Phenylobacterium,Phenylobacterium haematophilum,0.375,0.000838223,0.9955/0.9955
Da.F.4.L.C,E06,Dawson,dorm_sample,Bacteria,Pseudomonadota,Alphaproteobacteria,Sphingomonadales,Sphingomonadaceae,Sphingomonas,Sphingomonas hengshuiensis_A,0.375,0.000838223,0.9986/0.9986
Da.F.4.L.C,E06,Dawson,dorm_sample,Bacteria,Pseudomonadota,Alphaproteobacteria,Sphingomonadales,Sphingomonadaceae,Novosphingobium,Novosphingobium silvae,0.375,0.000838223,0.9992/0.9992
Da.F.4.L.C,E06,Dawson,dorm_sample,Bacteria,Pseudomonadota,Gammaproteobacteria,Burkholderiales,Burkholderiaceae_C,JAGOCV01,JAGOCV01 sp017307855,0.375,0.000838223,0.9999/0.9999
Da.F.4.L.C,E06,Dawson,dorm_sample,Bacteria,Pseudomonadota,Alphaproteobacteria,Paracaedibacterales,Paracaedibacteraceae,Paracaedibacter_A,Paracaedibacter_A symbiosus,0.5,0.001117631,0.8041/0.7898
Da.F.4.L.C,E06,Dawson,dorm_sample,Bacteria,Pseudomonadota,Alphaproteobacteria,Sphingomonadales,Sphingomonadaceae,Sphingomonas,Sphingomonas sp030145815,0.5,0.001117631,0.9662/0.9652
Da.F.4.L.C,E06,Dawson,dorm_sample,Bacteria,Pseudomonadota,Alphaproteobacteria,Sphingomonadales,Sphingomonadaceae,Sphingomonas,Sphingomonas panaciterrae,0.5,0.001117631,0.9708/0.9639
Da.F.4.L.C,E06,Dawson,dorm_sample,Bacteria,Pseudomonadota,Alphaproteobacteria,Caulobacterales,Caulobacteraceae,Brevundimonas,Brevundimonas sp003938605,0.5,0.001117631,0.9882/0.9881
Da.F.4.L.C,E06,Dawson,dorm_sample,Bacteria,Pseudomonadota,Alphaproteobacteria,Sphingomonadales,Sphingomonadaceae,Sphingopyxis,Sphingopyxis sp001468225,0.625,0.001397038,0.8994/0.8915
Da.F.4.L.C,E06,Dawson,dorm_sample,Bacteria,Pseudomonadota,Alphaproteobacteria,Rhizobiales,Beijerinckiaceae,Allobosea,Allobosea sp035998995,0.625,0.001397038,0.9033/0.8651
Da.F.4.L.C,E06,Dawson,dorm_sample,Bacteria,Pseudomonadota,Alphaproteobacteria,Rhizobiales,Beijerinckiaceae,Allobosea,Allobosea sp050275675,0.625,0.001397038,0.9156/0.8469
Da.F.4.L.C,E06,Dawson,dorm_sample,Bacteria,Pseudomonadota,Alphaproteobacteria,Acetobacterales,Acetobacteraceae,Roseomonas,Roseomonas rosea,0.625,0.001397038,0.9644/0.9500
Da.F.4.L.C,E06,Dawson,dorm_sample,Bacteria,Pseudomonadota,Alphaproteobacteria,Rhizobiales,Beijerinckiaceae,Methylobacterium,Methylobacterium sp003173775,0.625,0.001397038,0.9699/0.9684
Da.F.4.L.C,E06,Dawson,dorm_sample,Bacteria,Chlamydiota,Chlamydiia,Chlamydiales,Parachlamydiaceae,Rubidus,Rubidus massiliensis,0.625,0.001397038,0.9872/0.9861
Da.F.4.L.C,E06,Dawson,dorm_sample,Bacteria,Cyanobacteriota,Vampirovibrionia,Obscuribacterales,Obscuribacteraceae,JAFKGK01,JAFKGK01 sp017307165,0.625,0.001397038,0.9950/0.9948
Da.F.4.L.C,E06,Dawson,dorm_sample,Bacteria,Pseudomonadota,Alphaproteobacteria,Sphingomonadales,Sphingomonadaceae,Sphingomonas,Sphingomonas corticis,0.625,0.001397038,0.9955/0.9954
Da.F.4.L.C,E06,Dawson,dorm_sample,Bacteria,Pseudomonadota,Alphaproteobacteria,Sphingomonadales,Sphingomonadaceae,Sphingomonas,Sphingomonas hankookensis_A,0.625,0.001397038,0.9992/0.9991
Da.F.4.L.C,E06,Dawson,dorm_sample,Bacteria,Pseudomonadota,Alphaproteobacteria,Sphingomonadales,Sphingomonadaceae,Sphingomonas,Sphingomonas ginsenosidimutans,0.625,0.001397038,0.9997/0.9997
Da.F.4.L.C,E06,Dawson,dorm_sample,Bacteria,Pseudomonadota,Alphaproteobacteria,Caulobacterales,Caulobacteraceae,Phenylobacterium,Phenylobacterium sp040752615,0.75,0.001676446,0.8893/0.8378
Da.F.4.L.C,E06,Dawson,dorm_sample,Bacteria,Pseudomonadota,Alphaproteobacteria,Sphingomonadales,Sphingomonadaceae,Sphingopyxis,Sphingopyxis sp900108295,0.75,0.001676446,0.9383/0.9307
Da.F.4.L.C,E06,Dawson,dorm_sample,Bacteria,Pseudomonadota,Alphaproteobacteria,Caulobacterales,Caulobacteraceae,Brevundimonas,Brevundimonas huaxiensis,0.75,0.001676446,0.9716/0.9662
Da.F.4.L.C,E06,Dawson,dorm_sample,Bacteria,Pseudomonadota,Gammaproteobacteria,Burkholderiales,Burkholderiaceae_C,Acidovorax,Acidovorax sp046339755,0.75,0.001676446,0.9927/0.9903
Da.F.4.L.C,E06,Dawson,dorm_sample,Bacteria,Pseudomonadota,Alphaproteobacteria,Rhizobiales,Rhizobiaceae,Shinella,Shinella sp001262505,0.75,0.001676446,0.9940/0.9938
Da.F.4.L.C,E06,Dawson,dorm_sample,Bacteria,Pseudomonadota,Alphaproteobacteria,Rhizobiales,Beijerinckiaceae,Methylobacterium,Methylobacterium tarhaniae,0.75,0.001676446,0.9953/0.9953
Da.F.4.L.C,E06,Dawson,dorm_sample,Bacteria,Pseudomonadota,Alphaproteobacteria,Rhizobiales,Beijerinckiaceae,Allobosea,Allobosea sp902506165,0.875,0.001955854,0.9290/0.9156
Da.F.4.L.C,E06,Dawson,dorm_sample,Bacteria,Pseudomonadota,Gammaproteobacteria,Burkholderiales,Burkholderiaceae_C,Xenophilus,Xenophilus sp003671765,0.875,0.001955854,0.9689/0.9638
Da.F.4.L.C,E06,Dawson,dorm_sample,Bacteria,Pseudomonadota,Alphaproteobacteria,Rhizobiales,Beijerinckiaceae,Allobosea,Allobosea rubneri,0.875,0.001955854,0.9826/0.9513
Da.F.4.L.C,E06,Dawson,dorm_sample,Bacteria,Pseudomonadota,Gammaproteobacteria,Burkholderiales,Burkholderiaceae_C,Comamonas,Comamonas tsuruhatensis,0.875,0.001955854,0.9986/0.9985
Da.F.4.L.C,E06,Dawson,dorm_sample,Bacteria,Pseudomonadota,Alphaproteobacteria,Sphingomonadales,Sphingomonadaceae,Sphingopyxis,Sphingopyxis fribergensis,1.125,0.002514669,0.8896/0.8406
Da.F.4.L.C,E06,Dawson,dorm_sample,Bacteria,Bacteroidota,Bacteroidia,Cytophagales,Spirosomataceae,Larkinella,Larkinella sp006149005,1.125,0.002514669,0.9959/0.9629
Da.F.4.L.C,E06,Dawson,dorm_sample,Bacteria,Pseudomonadota,Alphaproteobacteria,Sphingomonadales,Sphingomonadaceae,Sphingobium,Sphingobium yanoikuyae,1.25,0.002794077,0.9709/0.8894
Da.F.4.L.C,E06,Dawson,dorm_sample,Bacteria,Pseudomonadota,Alphaproteobacteria,Sphingomonadales,Sphingomonadaceae,Sphingomonas,Sphingomonas adhaesiva,1.25,0.002794077,0.9829/0.9794
Da.F.4.L.C,E06,Dawson,dorm_sample,Bacteria,Bdellovibrionota,Bdellovibrionia,Bdellovibrionales,JAMPXM01,CAJYOV01,CAJYOV01 sp913776405,1.375,0.003073484,0.9403/0.9362
Da.F.4.L.C,E06,Dawson,dorm_sample,Bacteria,Pseudomonadota,Alphaproteobacteria,Sphingomonadales,Sphingomonadaceae,Sphingobium_A,Sphingobium_A colocasiae,1.5,0.003352892,0.9397/0.8965
Da.F.4.L.C,E06,Dawson,dorm_sample,Bacteria,Pseudomonadota,Alphaproteobacteria,Sphingomonadales,Sphingomonadaceae,Sphingomonas,Sphingomonas sp014217605,1.75,0.003911707,0.8524/0.7765
Da.F.4.L.C,E06,Dawson,dorm_sample,Bacteria,Pseudomonadota,Alphaproteobacteria,Rhizobiales,Beijerinckiaceae,Allobosea,Allobosea eneae,1.75,0.003911707,0.9686/0.9429
Da.F.4.L.C,E06,Dawson,dorm_sample,Bacteria,Pseudomonadota,Alphaproteobacteria,Caulobacterales,Caulobacteraceae,Brevundimonas,Brevundimonas diminuta_C,1.875,0.004191115,0.9776/0.9769
Da.F.4.L.C,E06,Dawson,dorm_sample,Bacteria,Bdellovibrionota,Bdellovibrionia,Bdellovibrionales,JAMPXM01,DATLHP01,DATLHP01 sp035539835,2.125,0.00474993,0.7795/0.7266
Da.F.4.L.C,E06,Dawson,dorm_sample,Bacteria,Pseudomonadota,Alphaproteobacteria,Sphingomonadales,Sphingomonadaceae,Sphingomonas,Sphingomonas dokdonensis,2.125,0.00474993,0.9373/0.9115
Da.F.4.L.C,E06,Dawson,dorm_sample,Bacteria,Pseudomonadota,Alphaproteobacteria,Caulobacterales,Caulobacteraceae,Caulobacter,Caulobacter sp913776195,2.25,0.005029338,0.9653/0.9396
Da.F.4.L.C,E06,Dawson,dorm_sample,Bacteria,Pseudomonadota,Gammaproteobacteria,Pseudomonadales,Moraxellaceae,Acinetobacter,Acinetobacter junii,2.25,0.005029338,0.9950/0.9946
Da.F.4.L.C,E06,Dawson,dorm_sample,Bacteria,Pseudomonadota,Alphaproteobacteria,Sphingomonadales,Sphingomonadaceae,Sphingobium,Sphingobium amiense,2.375,0.005308745,0.8881/0.8594
Da.F.4.L.C,E06,Dawson,dorm_sample,Bacteria,Pseudomonadota,Gammaproteobacteria,Xanthomonadales,Xanthomonadaceae,Pseudoxanthomonas_A,Pseudoxanthomonas_A japonensis,2.625,0.005867561,0.9948/0.9946
Da.F.4.L.C,E06,Dawson,dorm_sample,Bacteria,Pseudomonadota,Gammaproteobacteria,Burkholderiales,Burkholderiaceae_C,Pseudorhodoferax,Pseudorhodoferax sp032153935,2.75,0.006146968,0.9471/0.9432
Da.F.4.L.C,E06,Dawson,dorm_sample,Bacteria,Pseudomonadota,Alphaproteobacteria,Rhizobiales,Beijerinckiaceae,Methylobacterium,Methylobacterium hispanicum,2.75,0.006146968,0.9945/0.9878
Da.F.4.L.C,E06,Dawson,dorm_sample,Bacteria,Pseudomonadota,Gammaproteobacteria,Burkholderiales,Burkholderiaceae_C,Xenophilus,Xenophilus sp901875635,2.875,0.006426376,0.9576/0.9552
Da.F.4.L.C,E06,Dawson,dorm_sample,Bacteria,Pseudomonadota,Alphaproteobacteria,Sphingomonadales,Sphingomonadaceae,Sphingopyxis,Sphingopyxis sp035944815,3.125,0.006985191,0.9045/0.8783
Da.F.4.L.C,E06,Dawson,dorm_sample,Bacteria,Pseudomonadota,Gammaproteobacteria,Burkholderiales,Burkholderiaceae_C,Aquabacterium,Aquabacterium sp049322875,3.25,0.007264599,0.9375/0.9190
Da.F.4.L.C,E06,Dawson,dorm_sample,Bacteria,Pseudomonadota,Alphaproteobacteria,Sphingomonadales,Sphingomonadaceae,Sphingopyxis,Sphingopyxis sp014873485,4.5,0.01005868,0.9211/0.8866
Da.F.4.L.C,E06,Dawson,dorm_sample,Bacteria,Pseudomonadota,Alphaproteobacteria,Rhizobiales,Beijerinckiaceae,Methylobacterium,Methylobacterium radiotolerans,4.75,0.01061749,0.9958/0.9957
Da.F.4.L.C,E06,Dawson,dorm_sample,Bacteria,Pseudomonadota,Alphaproteobacteria,Sphingomonadales,Sphingomonadaceae,Sphingobium,Sphingobium sp003248505,5.125,0.01145571,0.9312/0.9296
Da.F.4.L.C,E06,Dawson,dorm_sample,Bacteria,Pseudomonadota,Alphaproteobacteria,Sphingomonadales,Sphingomonadaceae,Blastomonas,Blastomonas ursincola,5.375,0.01201453,0.9978/0.9978
Da.F.4.L.C,E06,Dawson,dorm_sample,Bacteria,Pseudomonadota,Alphaproteobacteria,Sphingomonadales,Sphingomonadaceae,Sphingomonas,Sphingomonas jeddahensis,7.375,0.01648505,0.8917/0.8488
Da.F.4.L.C,E06,Dawson,dorm_sample,Bacteria,Pseudomonadota,Alphaproteobacteria,Sphingomonadales,Sphingomonadaceae,Sphingomonas,Sphingomonas sp943913195,7.625,0.01704387,0.9862/0.9856
Da.F.4.L.C,E06,Dawson,dorm_sample,Bacteria,Pseudomonadota,Gammaproteobacteria,Burkholderiales,Burkholderiaceae_C,Pseudorhodoferax,Pseudorhodoferax aquiterrae,8,0.01788209,0.9834/0.9803
Da.F.4.L.C,E06,Dawson,dorm_sample,Bacteria,Pseudomonadota,Alphaproteobacteria,Sphingomonadales,Sphingomonadaceae,Sphingomonas,Sphingomonas taxi_B,10.125,0.02263202,0.9871/0.9855
Da.F.4.L.C,E06,Dawson,dorm_sample,Bacteria,Pseudomonadota,Alphaproteobacteria,Sphingomonadales,Sphingomonadaceae,Sphingomonas,Sphingomonas sp031456125,10.25,0.02291143,0.9992/0.9991
Da.F.4.L.C,E06,Dawson,dorm_sample,Bacteria,Pseudomonadota,Gammaproteobacteria,Burkholderiales,Burkholderiaceae_C,Acidovorax,Acidovorax temperans,11.375,0.0254261,0.9827/0.9754
Da.F.4.L.C,E06,Dawson,dorm_sample,Bacteria,Pseudomonadota,Gammaproteobacteria,Xanthomonadales,Rhodanobacteraceae,Tahibacter,Tahibacter sp042701255,12.625,0.02822017,0.9297/0.9265
Da.F.4.L.C,E06,Dawson,dorm_sample,Bacteria,Pseudomonadota,Gammaproteobacteria,Burkholderiales,Burkholderiaceae_C,Xenophilus,Xenophilus sp005503065,13,0.0290584,0.9963/0.9963
Da.F.4.L.C,E06,Dawson,dorm_sample,Bacteria,unclassified Bacteria phylum,unclassified Bacteria class,unclassified Bacteria order,unclassified Bacteria family,unclassified Bacteria genus,unclassified Bacteria species,13.375,0.02989662,0.0000/0.0000
Da.F.4.L.C,E06,Dawson,dorm_sample,Bacteria,Pseudomonadota,Alphaproteobacteria,Sphingomonadales,Sphingomonadaceae,Sphingobium,Sphingobium yanoikuyae_A,15.25,0.03408773,0.9941/0.9941
Da.F.4.L.C,E06,Dawson,dorm_sample,Bacteria,Pseudomonadota,Gammaproteobacteria,Xanthomonadales,Rhodanobacteraceae,Tahibacter,Tahibacter harae,19.5,0.04358759,0.8709/0.8322
Da.F.4.L.C,E06,Dawson,dorm_sample,Bacteria,Pseudomonadota,Gammaproteobacteria,Xanthomonadales,Xanthomonadaceae,Pseudoxanthomonas_A,Pseudoxanthomonas_A sp037046485,23.25,0.05196982,0.9936/0.9934
Da.F.4.L.C,E06,Dawson,dorm_sample,Bacteria,Pseudomonadota,Alphaproteobacteria,Sphingomonadales,Sphingomonadaceae,Sphingopyxis,Sphingopyxis sp001468265,36.625,0.08186644,0.9984/0.9978
Da.F.4.L.C,E06,Dawson,dorm_sample,Bacteria,Pseudomonadota,Alphaproteobacteria,Sphingomonadales,Sphingomonadaceae,Sphingopyxis,Sphingopyxis sp022701295,39.75,0.08885163,0.9903/0.9816
Da.F.4.L.C,E06,Dawson,dorm_sample,Bacteria,Pseudomonadota,Alphaproteobacteria,Sphingomonadales,Sphingomonadaceae,Sphingopyxis,Sphingopyxis sp035998905,61,0.1363509,0.9934/0.9923
Da.F.4.L.C,E06,Dawson,dorm_sample,Bacteria,Pseudomonadota,Alphaproteobacteria,Sphingomonadales,Sphingomonadaceae,Sphingomonas,Sphingomonas koreensis,73.625,0.1645711,0.9915/0.9885
Pe.F.3.H.B,E07,Penland,dorm_sample,Bacteria,Actinomycetota,Actinomycetes,Actinomycetales,Microbacteriaceae,Microcella,Microcella alkaliphila_B,0.25,0.004008016,0.9863/0.9852
Pe.F.3.H.B,E07,Penland,dorm_sample,Bacteria,Pseudomonadota,Alphaproteobacteria,Caulobacterales,Caulobacteraceae,Caulobacter,Caulobacter sp937900395,0.25,0.004008016,0.9896/0.9713
Pe.F.3.H.B,E07,Penland,dorm_sample,Bacteria,Actinomycetota,Actinomycetes,Mycobacteriales,Mycobacteriaceae,Mycobacterium,Mycobacterium phocaicum,0.25,0.004008016,0.9943/0.9923
Pe.F.3.H.B,E07,Penland,dorm_sample,Bacteria,Pseudomonadota,Alphaproteobacteria,43-37,43-37,43-37,43-37 sp001897475,0.375,0.006012024,0.7341/0.7155
Pe.F.3.H.B,E07,Penland,dorm_sample,Bacteria,Bacteroidota,Bacteroidia,Cytophagales,172606-1,Xanthocytophaga,Xanthocytophaga sp963520985,0.375,0.006012024,0.8283/0.8222
Pe.F.3.H.B,E07,Penland,dorm_sample,Bacteria,Pseudomonadota,Alphaproteobacteria,Rhizobiales,Aestuariivirgaceae,Taklimakanibacter,Taklimakanibacter sp011046735,0.375,0.006012024,0.9252/0.8847
Pe.F.3.H.B,E07,Penland,dorm_sample,Bacteria,Pseudomonadota,Alphaproteobacteria,Sphingomonadales,Sphingomonadaceae,Sphingomonas,Sphingomonas koreensis,0.375,0.006012024,0.9912/0.9906
Pe.F.3.H.B,E07,Penland,dorm_sample,Bacteria,Babelota,Babeliae,Babelales,Vermiphilaceae,Vermiphilus,Vermiphilus pyriformis,0.375,0.006012024,0.9922/0.9346
Pe.F.3.H.B,E07,Penland,dorm_sample,Bacteria,Pseudomonadota,Alphaproteobacteria,Caulobacterales,Caulobacteraceae,Phenylobacterium,Phenylobacterium sp964254345,0.5,0.008016032,0.9030/0.8945
Pe.F.3.H.B,E07,Penland,dorm_sample,Bacteria,Pseudomonadota,Gammaproteobacteria,DSM-16500,DSM-16500,Aquicella,Aquicella sp963785295,0.625,0.01002004,0.7824/0.7334
Pe.F.3.H.B,E07,Penland,dorm_sample,Bacteria,Pseudomonadota,Alphaproteobacteria,Caulobacterales,Caulobacteraceae,Phenylobacterium,Phenylobacterium sp024699945,0.625,0.01002004,0.9037/0.8284
Pe.F.3.H.B,E07,Penland,dorm_sample,Bacteria,Pseudomonadota,Gammaproteobacteria,Burkholderiales,Burkholderiaceae_C,Aquincola,Aquincola tertiaricarbonis_B,0.625,0.01002004,0.9614/0.9512
Pe.F.3.H.B,E07,Penland,dorm_sample,Bacteria,Acidobacteriota,Vicinamibacteria,Vicinamibacterales,Vicinamibacteraceae,Luteitalea,Luteitalea sp016865485,0.75,0.01202405,0.8731/0.8316
Pe.F.3.H.B,E07,Penland,dorm_sample,Bacteria,Pseudomonadota,Gammaproteobacteria,Xanthomonadales,Xanthomonadaceae,Solilutibacter,Solilutibacter oculi,0.75,0.01202405,0.9001/0.8774
Pe.F.3.H.B,E07,Penland,dorm_sample,Bacteria,Pseudomonadota,Gammaproteobacteria,Xanthomonadales,Rhodanobacteraceae,Dokdonella,Dokdonella sp002483055,0.875,0.01402806,0.9933/0.9933
Pe.F.3.H.B,E07,Penland,dorm_sample,Bacteria,Pseudomonadota,Gammaproteobacteria,Xanthomonadales,Xanthomonadaceae,Lysobacter,Lysobacter sp900107375,1,0.01603206,0.9329/0.9262
Pe.F.3.H.B,E07,Penland,dorm_sample,Bacteria,Pseudomonadota,Alphaproteobacteria,Caulobacterales,Caulobacteraceae,Phenylobacterium,Phenylobacterium sp041919955,1.25,0.02004008,0.9957/0.9949
Pe.F.3.H.B,E07,Penland,dorm_sample,Bacteria,Pseudomonadota,Gammaproteobacteria,Burkholderiales,Burkholderiaceae_C,Ottowia,Ottowia testudinis,1.75,0.02805611,0.9038/0.8959
Pe.F.3.H.B,E07,Penland,dorm_sample,Bacteria,Pseudomonadota,Alphaproteobacteria,Caulobacterales,Caulobacteraceae,Caulobacter,Caulobacter sp001556515,1.875,0.03006012,0.9456/0.8983
Pe.F.3.H.B,E07,Penland,dorm_sample,Bacteria,Pseudomonadota,Gammaproteobacteria,Burkholderiales,Burkholderiaceae_C,Acidovorax,Acidovorax temperans,2,0.03206413,0.9775/0.9774
Pe.F.3.H.B,E07,Penland,dorm_sample,Bacteria,Pseudomonadota,Alphaproteobacteria,Sphingomonadales,Sphingomonadaceae,Blastomonas,Blastomonas ursincola,2.25,0.03607214,0.9876/0.9766
Pe.F.3.H.B,E07,Penland,dorm_sample,Bacteria,unclassified Bacteria phylum,unclassified Bacteria class,unclassified Bacteria order,unclassified Bacteria family,unclassified Bacteria genus,unclassified Bacteria species,4,0.06412826,0.0000/0.0000
Pe.F.3.H.B,E07,Penland,dorm_sample,Bacteria,Pseudomonadota,Gammaproteobacteria,Xanthomonadales,Xanthomonadaceae,Pseudoxanthomonas_A,Pseudoxanthomonas_A mexicana,4.25,0.06813627,0.9876/0.9873
Pe.F.3.H.B,E07,Penland,dorm_sample,Bacteria,Pseudomonadota,Alphaproteobacteria,Sphingomonadales,Sphingomonadaceae,Sphingopyxis,Sphingopyxis sp001468395,4.625,0.0741483,0.9814/0.9745
Pe.F.3.H.B,E07,Penland,dorm_sample,Bacteria,Pseudomonadota,Gammaproteobacteria,Burkholderiales,Burkholderiaceae_C,Ottowia,Ottowia sp018060485,5.75,0.09218437,0.9881/0.9879
Pe.F.3.H.B,E07,Penland,dorm_sample,Bacteria,Actinomycetota,Actinomycetes,Mycobacteriales,Mycobacteriaceae,Mycobacterium,Mycobacterium fortuitum,10.125,0.1623246,0.9984/0.9984
Pe.F.3.H.B,E07,Penland,dorm_sample,Bacteria,Pseudomonadota,Gammaproteobacteria,Xanthomonadales,Xanthomonadaceae,Lysobacter,Lysobacter yananisis,16.125,0.258517,0.9357/0.9037
Ea.F.3.L.C,F01,Earl,dorm_sample,Bacteria,Bacteroidota,Bacteroidia,UBA8524,UBA8524,SB11,SB11 sp964584305,0.25,0.000246975,0.7496/0.7162
Ea.F.3.L.C,F01,Earl,dorm_sample,Bacteria,Planctomycetota,Planctomycetia,Pirellulales,Pirellulaceae,JBGSKY01,JBGSKY01 sp041740995,0.25,0.000246975,0.7514/0.7073
Ea.F.3.L.C,F01,Earl,dorm_sample,Bacteria,Myxococcota_A,Polyangia,Polyangiales,Polyangiaceae,NIC37A-2,NIC37A-2 sp038324055,0.25,0.000246975,0.7671/0.7127
Ea.F.3.L.C,F01,Earl,dorm_sample,Bacteria,Acidobacteriota,Vicinamibacteria,Vicinamibacterales,Vicinamibacteraceae,JBDSLU01,JBDSLU01 sp963844435,0.25,0.000246975,0.7755/0.7096
Ea.F.3.L.C,F01,Earl,dorm_sample,Bacteria,Verrucomicrobiota,Verrucomicrobiia,Chthoniobacterales,Terrimicrobiaceae,CALCJD01,CALCJD01 sp041752695,0.25,0.000246975,0.7893/0.7060
Ea.F.3.L.C,F01,Earl,dorm_sample,Bacteria,Verrucomicrobiota,Verrucomicrobiia,Chthoniobacterales,Terrimicrobiaceae,Terrimicrobium,Terrimicrobium sp003054655,0.25,0.000246975,0.7934/0.6947
Ea.F.3.L.C,F01,Earl,dorm_sample,Bacteria,Cyanobacteriota,Vampirovibrionia,Obscuribacterales,Obscuribacteraceae,Ga0077546,Ga0077546 sp021772135,0.25,0.000246975,0.8003/0.7624
Ea.F.3.L.C,F01,Earl,dorm_sample,Bacteria,Myxococcota_A,Polyangia,Polyangiales,Polyangiaceae,NIC37A-2,NIC37A-2 sp002085155,0.25,0.000246975,0.8053/0.7638
Ea.F.3.L.C,F01,Earl,dorm_sample,Bacteria,Pseudomonadota,Alphaproteobacteria,Sphingomonadales,Sphingomonadaceae,Novosphingobium,Novosphingobium sp036384395,0.25,0.000246975,0.8074/0.7483
Ea.F.3.L.C,F01,Earl,dorm_sample,Bacteria,Planctomycetota,Planctomycetia,Pirellulales,Pirellulaceae,JAFLCP01,JAFLCP01 sp017303505,0.25,0.000246975,0.8088/0.8036
Ea.F.3.L.C,F01,Earl,dorm_sample,Bacteria,Pseudomonadota,Alphaproteobacteria,Sphingomonadales,Sphingomonadaceae,Sphingomonas_H,Sphingomonas_H oleivorans,0.25,0.000246975,0.8158/0.7899
Ea.F.3.L.C,F01,Earl,dorm_sample,Bacteria,Pseudomonadota,Alphaproteobacteria,Paracaedibacterales,Paracaedibacteraceae,Paracaedibacter_A,Paracaedibacter_A symbiosus,0.25,0.000246975,0.8183/0.7968
Ea.F.3.L.C,F01,Earl,dorm_sample,Bacteria,Pseudomonadota,Alphaproteobacteria,Rhizobiales,Rhizobiaceae,Arvimicrobium,Arvimicrobium flavum,0.25,0.000246975,0.8244/0.7912
Ea.F.3.L.C,F01,Earl,dorm_sample,Bacteria,Pseudomonadota,Alphaproteobacteria,Sphingomonadales,Sphingomonadaceae,Sphingomonas,Sphingomonas beigongshangi,0.25,0.000246975,0.8303/0.7985
Ea.F.3.L.C,F01,Earl,dorm_sample,Bacteria,Acidobacteriota,Terriglobia,Bryobacterales,Bryobacteraceae,JALHNI01,JALHNI01 sp965229305,0.25,0.000246975,0.8354/0.8215
Ea.F.3.L.C,F01,Earl,dorm_sample,Bacteria,Verrucomicrobiota,Verrucomicrobiia,Chthoniobacterales,Terrimicrobiaceae,Terrimicrobium,Terrimicrobium sp001897195,0.25,0.000246975,0.8420/0.8395
Ea.F.3.L.C,F01,Earl,dorm_sample,Bacteria,Planctomycetota,Planctomycetia,Gemmatales,Gemmataceae,Urbifossiella,Urbifossiella limnaea,0.25,0.000246975,0.8438/0.8181
Ea.F.3.L.C,F01,Earl,dorm_sample,Bacteria,Pseudomonadota,Alphaproteobacteria,Rhizobiales,Xanthobacteraceae,Afipia,Afipia sp021502575,0.25,0.000246975,0.8468/0.7756
Ea.F.3.L.C,F01,Earl,dorm_sample,Bacteria,Bacteroidota,Bacteroidia,Chitinophagales,Chitinophagaceae,Flavihumibacter,Flavihumibacter cheonanensis,0.25,0.000246975,0.8484/0.8429
Ea.F.3.L.C,F01,Earl,dorm_sample,Bacteria,Pseudomonadota,Alphaproteobacteria,Caulobacterales,Caulobacteraceae,Phenylobacterium,Phenylobacterium sp964419395,0.25,0.000246975,0.8501/0.8379
Ea.F.3.L.C,F01,Earl,dorm_sample,Bacteria,Actinomycetota,Actinomycetes,Actinomycetales,Microbacteriaceae,Rhodoglobus,Rhodoglobus metalliresistens,0.25,0.000246975,0.8556/0.8416
Ea.F.3.L.C,F01,Earl,dorm_sample,Bacteria,Pseudomonadota,Alphaproteobacteria,Sphingomonadales,Sphingomonadaceae,Sphingomonas,Sphingomonas rubra,0.25,0.000246975,0.8596/0.8240
Ea.F.3.L.C,F01,Earl,dorm_sample,Bacteria,Pseudomonadota,Alphaproteobacteria,Rhizobiales,Xanthobacteraceae,Bradyrhizobium,Bradyrhizobium sp963815955,0.25,0.000246975,0.8662/0.8217
Ea.F.3.L.C,F01,Earl,dorm_sample,Bacteria,Pseudomonadota,Gammaproteobacteria,Steroidobacterales,Steroidobacteraceae,Steroidobacter,Steroidobacter sp036402275,0.25,0.000246975,0.8680/0.8230
Ea.F.3.L.C,F01,Earl,dorm_sample,Bacteria,Bacteroidota,Bacteroidia,Chitinophagales,Chitinophagaceae,Flavihumibacter,Flavihumibacter sp016787265,0.25,0.000246975,0.8710/0.8677
Ea.F.3.L.C,F01,Earl,dorm_sample,Bacteria,Pseudomonadota,Alphaproteobacteria,Sphingomonadales,Sphingomonadaceae,Sphingomonas,Sphingomonas turrisvirgatae,0.25,0.000246975,0.9107/0.6389
Ea.F.3.L.C,F01,Earl,dorm_sample,Bacteria,Pseudomonadota,Alphaproteobacteria,Sphingomonadales,Sphingomonadaceae,Sphingobium,Sphingobium amiense,0.25,0.000246975,0.9206/0.9169
Ea.F.3.L.C,F01,Earl,dorm_sample,Bacteria,Pseudomonadota,Alphaproteobacteria,Sphingomonadales,Sphingomonadaceae,Sphingomonas,Sphingomonas paucimobilis_A,0.25,0.000246975,0.9329/0.9278
Ea.F.3.L.C,F01,Earl,dorm_sample,Bacteria,Pseudomonadota,Alphaproteobacteria,Reyranellales,Reyranellaceae,Vineibacter,Vineibacter sp007859315,0.25,0.000246975,0.9527/0.9507
Ea.F.3.L.C,F01,Earl,dorm_sample,Bacteria,Pseudomonadota,Gammaproteobacteria,Burkholderiales,Burkholderiaceae_C,Paracidovorax,Paracidovorax oryzae,0.25,0.000246975,0.9551/0.9539
Ea.F.3.L.C,F01,Earl,dorm_sample,Bacteria,Pseudomonadota,Alphaproteobacteria,Reyranellales,Reyranellaceae,Reyranella,Reyranella sp965279465,0.25,0.000246975,0.9587/0.9520
Ea.F.3.L.C,F01,Earl,dorm_sample,Bacteria,Pseudomonadota,Gammaproteobacteria,Xanthomonadales,Rhodanobacteraceae,Dokdonella,Dokdonella denitrificans_A,0.25,0.000246975,0.9703/0.9651
Ea.F.3.L.C,F01,Earl,dorm_sample,Bacteria,Bacteroidota,Bacteroidia,Chitinophagales,Chitinophagaceae,Niabella,Niabella sp052044285,0.25,0.000246975,0.9727/0.7753
Ea.F.3.L.C,F01,Earl,dorm_sample,Bacteria,Pseudomonadota,Alphaproteobacteria,Rhizobiales,Beijerinckiaceae,Methylobacterium,Methylobacterium sp900112625,0.25,0.000246975,0.9795/0.9791
Ea.F.3.L.C,F01,Earl,dorm_sample,Bacteria,Pseudomonadota,Alphaproteobacteria,Rhizobiales,Beijerinckiaceae,Allobosea,Allobosea lupini,0.25,0.000246975,0.9817/0.9801
Ea.F.3.L.C,F01,Earl,dorm_sample,Bacteria,Pseudomonadota,Gammaproteobacteria,Pseudomonadales,Moraxellaceae,Faucicola,Faucicola osloensis_C,0.25,0.000246975,0.9870/0.9870
Ea.F.3.L.C,F01,Earl,dorm_sample,Bacteria,Bacillota,Bacilli,Lactobacillales,Aerococcaceae,Granulicatella,Granulicatella sp963515615,0.25,0.000246975,0.9884/0.9884
Ea.F.3.L.C,F01,Earl,dorm_sample,Bacteria,Bacillota,Negativicutes,Veillonellales,Veillonellaceae,Veillonella,Veillonella dispar,0.25,0.000246975,0.9914/0.9914
Ea.F.3.L.C,F01,Earl,dorm_sample,Bacteria,Actinomycetota,Actinomycetes,Actinomycetales,Microbacteriaceae,Microbacterium,Microbacterium oxydans,0.25,0.000246975,0.9968/0.9968
Ea.F.3.L.C,F01,Earl,dorm_sample,Bacteria,Pseudomonadota,Alphaproteobacteria,Sphingomonadales,Sphingomonadaceae,Sphingomonas,Sphingomonas taxi_B,0.25,0.000246975,0.9997/0.9997
Ea.F.3.L.C,F01,Earl,dorm_sample,Bacteria,Pseudomonadota,Alphaproteobacteria,Rhizobiales,Beijerinckiaceae,Methylobacterium,Methylobacterium isbiliense,0.25,0.000246975,1.0000/0.9999
Ea.F.3.L.C,F01,Earl,dorm_sample,Bacteria,Pseudomonadota,Gammaproteobacteria,Xanthomonadales,Xanthomonadaceae,Stenotrophomonas,Stenotrophomonas maltophilia_A,0.25,0.000246975,1.0000/1.0000
Ea.F.3.L.C,F01,Earl,dorm_sample,Bacteria,Bacteroidota,Bacteroidia,UKL13-3,UKL13-3,JAAFJM01,JAAFJM01 sp945876985,0.375,0.000370462,0.7353/0.7031
Ea.F.3.L.C,F01,Earl,dorm_sample,Bacteria,Planctomycetota,Planctomycetia,Planctomycetales,Planctomycetaceae,SIAF01,SIAF01 sp009691905,0.375,0.000370462,0.7835/0.7346
Ea.F.3.L.C,F01,Earl,dorm_sample,Bacteria,Babelota,Babeliae,Babelales,Vermiphilaceae,BTUB01,BTUB01 sp963788045,0.375,0.000370462,0.7842/0.7549
Ea.F.3.L.C,F01,Earl,dorm_sample,Bacteria,Acidobacteriota,Vicinamibacteria,Vicinamibacterales,Vicinamibacteraceae,JBDSLU01,JBDSLU01 sp963816265,0.375,0.000370462,0.7945/0.7362
Ea.F.3.L.C,F01,Earl,dorm_sample,Bacteria,Acidobacteriota,Terriglobia,Bryobacterales,Bryobacteraceae,JAPKYZ01,JAPKYZ01 sp037190045,0.375,0.000370462,0.8001/0.7820
Ea.F.3.L.C,F01,Earl,dorm_sample,Bacteria,Verrucomicrobiota,Verrucomicrobiia,Verrucomicrobiales,Verrucomicrobiaceae,Prosthecobacter,Prosthecobacter sp016795375,0.375,0.000370462,0.8221/0.8062
Ea.F.3.L.C,F01,Earl,dorm_sample,Bacteria,Pseudomonadota,Alphaproteobacteria,Caulobacterales,Caulobacteraceae,Phenylobacterium,Phenylobacterium hankyongense,0.375,0.000370462,0.8346/0.5589
Ea.F.3.L.C,F01,Earl,dorm_sample,Bacteria,Planctomycetota,Planctomycetia,Gemmatales,Gemmataceae,JAXMAZ01,JAXMAZ01 sp046350115,0.375,0.000370462,0.8365/0.7647
Ea.F.3.L.C,F01,Earl,dorm_sample,Bacteria,Bdellovibrionota,Bdellovibrionia,Bdellovibrionales,UBA1609,JALHOQ01,JALHOQ01 sp040381635,0.375,0.000370462,0.8493/0.8297
Ea.F.3.L.C,F01,Earl,dorm_sample,Bacteria,Pseudomonadota,Alphaproteobacteria,Sphingomonadales,Sphingomonadaceae,Sphingomonas_E,Sphingomonas_E fennica,0.375,0.000370462,0.8537/0.8326
Ea.F.3.L.C,F01,Earl,dorm_sample,Bacteria,Planctomycetota,Planctomycetia,Gemmatales,Gemmataceae,JAXMAZ01,JAXMAZ01 sp043787415,0.375,0.000370462,0.8544/0.8124
Ea.F.3.L.C,F01,Earl,dorm_sample,Bacteria,Pseudomonadota,Alphaproteobacteria,Caulobacterales,Caulobacteraceae,Phenylobacterium,Phenylobacterium immobile,0.375,0.000370462,0.8559/0.8043
Ea.F.3.L.C,F01,Earl,dorm_sample,Bacteria,Pseudomonadota,Alphaproteobacteria,Sphingomonadales,Sphingomonadaceae,Novosphingobium,Novosphingobium sp025938095,0.375,0.000370462,0.8595/0.8150
Ea.F.3.L.C,F01,Earl,dorm_sample,Bacteria,Pseudomonadota,Alphaproteobacteria,Sphingomonadales,Sphingomonadaceae,Allosphingosinicella,Allosphingosinicella sp037190625,0.375,0.000370462,0.8651/0.7326
Ea.F.3.L.C,F01,Earl,dorm_sample,Bacteria,Pseudomonadota,Alphaproteobacteria,Rhizobiales,Hyphomicrobiaceae,Hyphomicrobium_B,Hyphomicrobium_B sp017512425,0.375,0.000370462,0.8678/0.8545
Ea.F.3.L.C,F01,Earl,dorm_sample,Bacteria,Pseudomonadota,Alphaproteobacteria,Sphingomonadales,Sphingomonadaceae,Sphingopyxis,Sphingopyxis italica,0.375,0.000370462,0.8684/0.8037
Ea.F.3.L.C,F01,Earl,dorm_sample,Bacteria,Pseudomonadota,Alphaproteobacteria,Rhizobiales,Xanthobacteraceae,Bradyrhizobium,Bradyrhizobium sp963840465,0.375,0.000370462,0.8698/0.8136
Ea.F.3.L.C,F01,Earl,dorm_sample,Bacteria,Bacteroidota,Bacteroidia,Chitinophagales,Chitinophagaceae,Pseudobacter,Pseudobacter rhizosphaerae,0.375,0.000370462,0.8866/0.8749
Ea.F.3.L.C,F01,Earl,dorm_sample,Bacteria,Pseudomonadota,Alphaproteobacteria,Rhizobiales,Hyphomicrobiaceae,JAKAXS01,JAKAXS01 sp965279065,0.375,0.000370462,0.8902/0.7186
Ea.F.3.L.C,F01,Earl,dorm_sample,Bacteria,Pseudomonadota,Gammaproteobacteria,Xanthomonadales,Xanthomonadaceae,Lysobacter,Lysobacter capsici,0.375,0.000370462,0.9016/0.8289
Ea.F.3.L.C,F01,Earl,dorm_sample,Bacteria,Actinomycetota,Actinomycetes,Actinomycetales,Microbacteriaceae,Microbacterium,Microbacterium sp042881445,0.375,0.000370462,0.9052/0.9031
Ea.F.3.L.C,F01,Earl,dorm_sample,Bacteria,Planctomycetota,Planctomycetia,Pirellulales,Lacipirellulaceae,Lacipirellula,Lacipirellula sp965279485,0.375,0.000370462,0.9263/0.8852
Ea.F.3.L.C,F01,Earl,dorm_sample,Bacteria,Pseudomonadota,Gammaproteobacteria,Xanthomonadales,Xanthomonadaceae,Lysobacter_I,Lysobacter_I sp005502915,0.375,0.000370462,0.9309/0.9240
Ea.F.3.L.C,F01,Earl,dorm_sample,Bacteria,Pseudomonadota,Alphaproteobacteria,Sphingomonadales,Sphingomonadaceae,Sphingopyxis,Sphingopyxis sp000756375,0.375,0.000370462,0.9396/0.9164
Ea.F.3.L.C,F01,Earl,dorm_sample,Bacteria,Acidobacteriota,Vicinamibacteria,Vicinamibacterales,UBA2999,CADEFD01,CADEFD01 sp022842985,0.375,0.000370462,0.9510/0.9490
Ea.F.3.L.C,F01,Earl,dorm_sample,Bacteria,Pseudomonadota,Alphaproteobacteria,Reyranellales,Reyranellaceae,Reyranella,Reyranella sp026126105,0.375,0.000370462,0.9549/0.9536
Ea.F.3.L.C,F01,Earl,dorm_sample,Bacteria,Pseudomonadota,Alphaproteobacteria,Caulobacterales,Caulobacteraceae,Brevundimonas,Brevundimonas sp002434505,0.375,0.000370462,0.9684/0.9655
Ea.F.3.L.C,F01,Earl,dorm_sample,Bacteria,Cyanobacteriota,Vampirovibrionia,Obscuribacterales,Obscuribacteraceae,QKMZ01,QKMZ01 sp032128875,0.375,0.000370462,0.9824/0.9813
Ea.F.3.L.C,F01,Earl,dorm_sample,Bacteria,Pseudomonadota,Alphaproteobacteria,Rhizobiales,Beijerinckiaceae,Methylobacterium,Methylobacterium currus,0.375,0.000370462,0.9844/0.9830
Ea.F.3.L.C,F01,Earl,dorm_sample,Bacteria,Pseudomonadota,Alphaproteobacteria,Caulobacterales,Caulobacteraceae,Brevundimonas,Brevundimonas sp005484585,0.375,0.000370462,0.9860/0.9774
Ea.F.3.L.C,F01,Earl,dorm_sample,Bacteria,Pseudomonadota,Alphaproteobacteria,Rhizobiales,Beijerinckiaceae,Methylobacterium,Methylobacterium aquaticum,0.375,0.000370462,0.9977/0.9977
Ea.F.3.L.C,F01,Earl,dorm_sample,Bacteria,Bacteroidota,Bacteroidia,B-17B0,Aurantibacillaceae,Aurantibacillus,Aurantibacillus circumpalustris,0.5,0.000493949,0.7740/0.7529
Ea.F.3.L.C,F01,Earl,dorm_sample,Bacteria,Bdellovibrionota,Bacteriovoracia,Bacteriovoracales,Bacteriovoracaceae,UBA6144,UBA6144 sp040377215,0.5,0.000493949,0.7908/0.7706
Ea.F.3.L.C,F01,Earl,dorm_sample,Bacteria,Bacteroidota,Bacteroidia,Chitinophagales,Chitinophagaceae,Rurimicrobium,Rurimicrobium sp041661485,0.5,0.000493949,0.8058/0.7916
Ea.F.3.L.C,F01,Earl,dorm_sample,Bacteria,Pseudomonadota,Alphaproteobacteria,Sphingomonadales,Sphingomonadaceae,Novosphingobium,Novosphingobium sp045629505,0.5,0.000493949,0.8158/0.7587
Ea.F.3.L.C,F01,Earl,dorm_sample,Bacteria,Planctomycetota,Planctomycetia,Pirellulales,JAEUIK01,JAIESQ01,JAIESQ01 sp019745975,0.5,0.000493949,0.8192/0.7716
Ea.F.3.L.C,F01,Earl,dorm_sample,Bacteria,Acidobacteriota,Vicinamibacteria,Vicinamibacterales,UBA2999,VFZN01,VFZN01 sp035538015,0.5,0.000493949,0.8274/0.7848
Ea.F.3.L.C,F01,Earl,dorm_sample,Bacteria,Planctomycetota,Planctomycetia,Planctomycetales,Planctomycetaceae,Planctomyces_A,Planctomyces_A sp023429275,0.5,0.000493949,0.8306/0.7933
Ea.F.3.L.C,F01,Earl,dorm_sample,Bacteria,Acidobacteriota,Blastocatellia,Pyrinomonadales,Pyrinomonadaceae,JAFDVJ01,JAFDVJ01 sp031411895,0.5,0.000493949,0.8345/0.7940
Ea.F.3.L.C,F01,Earl,dorm_sample,Bacteria,Bacteroidota,Bacteroidia,Chitinophagales,Chitinophagaceae,Flavitalea,Flavitalea sp023423015,0.5,0.000493949,0.8383/0.8211
Ea.F.3.L.C,F01,Earl,dorm_sample,Bacteria,Pseudomonadota,Alphaproteobacteria,Rhizobiales,Rhizobiaceae,Arvimicrobium,Arvimicrobium sp017305925,0.5,0.000493949,0.8407/0.8151
Ea.F.3.L.C,F01,Earl,dorm_sample,Bacteria,Pseudomonadota,Alphaproteobacteria,Sphingomonadales,Sphingomonadaceae,Sphingopyxis,Sphingopyxis sp017309275,0.5,0.000493949,0.8429/0.7534
Ea.F.3.L.C,F01,Earl,dorm_sample,Bacteria,Pseudomonadota,Alphaproteobacteria,Sphingomonadales,Sphingomonadaceae,Solisphingomonas,Solisphingomonas quercus,0.5,0.000493949,0.8475/0.8217
Ea.F.3.L.C,F01,Earl,dorm_sample,Bacteria,Pseudomonadota,Alphaproteobacteria,Sphingomonadales,Sphingomonadaceae,Sphingomonas,Sphingomonas sp013344685,0.5,0.000493949,0.8517/0.8154
Ea.F.3.L.C,F01,Earl,dorm_sample,Bacteria,Pseudomonadota,Alphaproteobacteria,Caulobacterales,Caulobacteraceae,Phenylobacterium,Phenylobacterium soli,0.5,0.000493949,0.8554/0.7494
Ea.F.3.L.C,F01,Earl,dorm_sample,Bacteria,Bacteroidota,Bacteroidia,Chitinophagales,Chitinophagaceae,Rurimicrobium,Rurimicrobium sp035497375,0.5,0.000493949,0.8747/0.8468
Ea.F.3.L.C,F01,Earl,dorm_sample,Bacteria,Pseudomonadota,Gammaproteobacteria,Xanthomonadales,Rhodanobacteraceae,Tahibacter,Tahibacter harae,0.5,0.000493949,0.8776/0.8602
Ea.F.3.L.C,F01,Earl,dorm_sample,Bacteria,Pseudomonadota,Alphaproteobacteria,Rhizobiales,Rhizobiaceae,Arvimicrobium,Arvimicrobium sp023953845,0.5,0.000493949,0.9021/0.8919
Ea.F.3.L.C,F01,Earl,dorm_sample,Bacteria,Bacteroidota,Bacteroidia,Cytophagales,Spirosomataceae,Dyadobacter,Dyadobacter bucti,0.5,0.000493949,0.9038/0.9014
Ea.F.3.L.C,F01,Earl,dorm_sample,Bacteria,Pseudomonadota,Alphaproteobacteria,Sphingomonadales,Sphingomonadaceae,Allosphingosinicella,Allosphingosinicella sp041905385,0.5,0.000493949,0.9158/0.7871
Ea.F.3.L.C,F01,Earl,dorm_sample,Bacteria,Pseudomonadota,Gammaproteobacteria,Xanthomonadales,Rhodanobacteraceae,Tahibacter,Tahibacter sp042701255,0.5,0.000493949,0.9274/0.9243
Ea.F.3.L.C,F01,Earl,dorm_sample,Bacteria,Bacteroidota,Bacteroidia,Chitinophagales,Chitinophagaceae,Flavihumibacter,Flavihumibacter sp964547405,0.5,0.000493949,0.9429/0.9408
Ea.F.3.L.C,F01,Earl,dorm_sample,Bacteria,Pseudomonadota,Gammaproteobacteria,Pseudomonadales,Moraxellaceae,Faucicola,Faucicola osloensis,0.5,0.000493949,0.9672/0.9348
Ea.F.3.L.C,F01,Earl,dorm_sample,Bacteria,Pseudomonadota,Alphaproteobacteria,Rhizobiales,Beijerinckiaceae,Allobosea,Allobosea rubneri,0.5,0.000493949,0.9868/0.9868
Ea.F.3.L.C,F01,Earl,dorm_sample,Bacteria,Actinomycetota,Actinomycetes,Actinomycetales,Microbacteriaceae,Agromyces,Agromyces mediolanus_A,0.5,0.000493949,0.9950/0.9950
Ea.F.3.L.C,F01,Earl,dorm_sample,Bacteria,Bdellovibrionota,FAC87,UBA2466,UBA2466,RFNO01,RFNO01 sp945878405,0.625,0.000617436,0.7475/0.7211
Ea.F.3.L.C,F01,Earl,dorm_sample,Bacteria,Cyanobacteriota,Vampirovibrionia,Obscuribacterales,Obscuribacteraceae,Ga0077546,Ga0077546 sp036170915,0.625,0.000617436,0.8064/0.7724
Ea.F.3.L.C,F01,Earl,dorm_sample,Bacteria,Bacteroidota,Bacteroidia,B-17B0,Aurantibacillaceae,Aurantibacillus,Aurantibacillus sp021323535,0.625,0.000617436,0.8084/0.7446
Ea.F.3.L.C,F01,Earl,dorm_sample,Bacteria,Planctomycetota,Planctomycetia,Planctomycetales,Planctomycetaceae,Caulifigura,Caulifigura coniformis,0.625,0.000617436,0.8165/0.7850
Ea.F.3.L.C,F01,Earl,dorm_sample,Bacteria,Pseudomonadota,Alphaproteobacteria,Micavibrionales,UBA2020,JAEXMB01,JAEXMB01 sp027483355,0.625,0.000617436,0.8287/0.8151
Ea.F.3.L.C,F01,Earl,dorm_sample,Bacteria,Myxococcota,XYA12-FULL-58-9,XYA12-FULL-58-9,JALHOP01,JALHOP01,JALHOP01 sp039809465,0.625,0.000617436,0.8390/0.8016
Ea.F.3.L.C,F01,Earl,dorm_sample,Bacteria,Pseudomonadota,Gammaproteobacteria,Burkholderiales,Burkholderiaceae_C,Pseudorhodoferax,Pseudorhodoferax sp047601025,0.625,0.000617436,0.8461/0.8250
Ea.F.3.L.C,F01,Earl,dorm_sample,Bacteria,Pseudomonadota,Alphaproteobacteria,Rhodobacterales,Rhodobacteraceae,Rubellimicrobium,Rubellimicrobium aerolatum,0.625,0.000617436,0.8483/0.8102
Ea.F.3.L.C,F01,Earl,dorm_sample,Bacteria,Actinomycetota,Actinomycetes,Actinomycetales,Microbacteriaceae,Rhodoglobus,Rhodoglobus soli,0.625,0.000617436,0.8518/0.8377
Ea.F.3.L.C,F01,Earl,dorm_sample,Bacteria,Pseudomonadota,Alphaproteobacteria,Caulobacterales,Caulobacteraceae,Phenylobacterium,Phenylobacterium sp965284355,0.625,0.000617436,0.8583/0.8237
Ea.F.3.L.C,F01,Earl,dorm_sample,Bacteria,Pseudomonadota,Alphaproteobacteria,Rhizobiales,Xanthobacteraceae,Bradyrhizobium,Bradyrhizobium sp963790735,0.625,0.000617436,0.8737/0.8403
Ea.F.3.L.C,F01,Earl,dorm_sample,Bacteria,Bdellovibrionota,Bacteriovoracia,Bacteriovoracales,Bacteriovoracaceae,Peredibacter,Peredibacter sp046595005,0.625,0.000617436,0.8874/0.8855
Ea.F.3.L.C,F01,Earl,dorm_sample,Bacteria,Pseudomonadota,Alphaproteobacteria,Sphingomonadales,Sphingomonadaceae,Sphingomonas,Sphingomonas sp001555965,0.625,0.000617436,0.8875/0.8650
Ea.F.3.L.C,F01,Earl,dorm_sample,Bacteria,Planctomycetota,Planctomycetia,Pirellulales,JAEUIK01,JAIESQ01,JAIESQ01 sp964495375,0.625,0.000617436,0.8929/0.8749
Ea.F.3.L.C,F01,Earl,dorm_sample,Bacteria,Pseudomonadota,Alphaproteobacteria,Caulobacterales,Caulobacteraceae,Caulobacter,Caulobacter sp003931565,0.625,0.000617436,0.8969/0.8178
Ea.F.3.L.C,F01,Earl,dorm_sample,Bacteria,Acidobacteriota,Vicinamibacteria,Vicinamibacterales,UBA2999,CADEFD01,CADEFD01 sp016789705,0.625,0.000617436,0.9361/0.9325
Ea.F.3.L.C,F01,Earl,dorm_sample,Bacteria,Pseudomonadota,Gammaproteobacteria,Xanthomonadales,Xanthomonadaceae,Arenimonas,Arenimonas terrae,0.625,0.000617436,0.9399/0.9252
Ea.F.3.L.C,F01,Earl,dorm_sample,Bacteria,Pseudomonadota,Gammaproteobacteria,Burkholderiales,Burkholderiaceae_C,Pseudorhodoferax,Pseudorhodoferax sp001422365,0.625,0.000617436,0.9624/0.9620
Ea.F.3.L.C,F01,Earl,dorm_sample,Bacteria,Pseudomonadota,Alphaproteobacteria,Rhizobiales,Xanthobacteraceae,Bradyrhizobium,Bradyrhizobium sp035575945,0.625,0.000617436,0.9656/0.9596
Ea.F.3.L.C,F01,Earl,dorm_sample,Bacteria,Pseudomonadota,Gammaproteobacteria,Burkholderiales,Burkholderiaceae_C,MR-S7,MR-S7 sp000400995,0.625,0.000617436,0.9937/0.9937
Ea.F.3.L.C,F01,Earl,dorm_sample,Bacteria,Pseudomonadota,Alphaproteobacteria,Rickettsiales,UBA3002,JALHRI01,JALHRI01 sp022841525,0.75,0.000740924,0.7551/0.7283
Ea.F.3.L.C,F01,Earl,dorm_sample,Bacteria,Bacteroidota,Bacteroidia,Chitinophagales,Chitinophagaceae,JADCRZ01,JADCRZ01 sp031399065,0.75,0.000740924,0.7775/0.7044
Ea.F.3.L.C,F01,Earl,dorm_sample,Bacteria,Bdellovibrionota,Bdellovibrionia,Bdellovibrionales,UBA1609,JALHOQ01,JALHOQ01 sp947444305,0.75,0.000740924,0.7814/0.7426
Ea.F.3.L.C,F01,Earl,dorm_sample,Bacteria,Bacteroidota,Bacteroidia,Chitinophagales,Chitinophagaceae,Flavitalea,Flavitalea sp035525775,0.75,0.000740924,0.7952/0.7502
Ea.F.3.L.C,F01,Earl,dorm_sample,Bacteria,Bacteroidota,Bacteroidia,Chitinophagales,LD1,Bog-950,Bog-950 sp046329515,0.75,0.000740924,0.8000/0.7922
Ea.F.3.L.C,F01,Earl,dorm_sample,Bacteria,Acidobacteriota,Blastocatellia,Pyrinomonadales,Pyrinomonadaceae,JAIBCC01,JAIBCC01 sp963763855,0.75,0.000740924,0.8146/0.7975
Ea.F.3.L.C,F01,Earl,dorm_sample,Bacteria,Pseudomonadota,Alphaproteobacteria,Caulobacterales,Caulobacteraceae,Phenylobacterium,Phenylobacterium sp001724985,0.75,0.000740924,0.8193/0.7717
Ea.F.3.L.C,F01,Earl,dorm_sample,Bacteria,Pseudomonadota,Alphaproteobacteria,Caulobacterales,Caulobacteraceae,Phenylobacterium,Phenylobacterium sp036677185,0.75,0.000740924,0.8282/0.7799
Ea.F.3.L.C,F01,Earl,dorm_sample,Bacteria,Bdellovibrionota,Bdellovibrionia,Bdellovibrionales,JAEYZS01,JAEYZS01,JAEYZS01 sp040386775,0.75,0.000740924,0.8508/0.8295
Ea.F.3.L.C,F01,Earl,dorm_sample,Bacteria,Bacteroidota,Bacteroidia,B-17B0,Aurantibacillaceae,UBA4416,UBA4416 sp002390745,0.75,0.000740924,0.8659/0.8471
Ea.F.3.L.C,F01,Earl,dorm_sample,Bacteria,Pseudomonadota,Alphaproteobacteria,Sphingomonadales,Sphingomonadaceae,Sphingopyxis,Sphingopyxis sp001468265,0.75,0.000740924,0.8915/0.8625
Ea.F.3.L.C,F01,Earl,dorm_sample,Bacteria,Pseudomonadota,Alphaproteobacteria,Sphingomonadales,Sphingomonadaceae,Sphingomonas,Sphingomonas sp002292295,0.75,0.000740924,0.8919/0.7993
Ea.F.3.L.C,F01,Earl,dorm_sample,Bacteria,Pseudomonadota,Alphaproteobacteria,Caulobacterales,Caulobacteraceae,Caulobacter,Caulobacter sp964601775,0.75,0.000740924,0.9141/0.8860
Ea.F.3.L.C,F01,Earl,dorm_sample,Bacteria,Pseudomonadota,Alphaproteobacteria,Sphingomonadales,Sphingomonadaceae,Sphingopyxis,Sphingopyxis fribergensis,0.75,0.000740924,0.9230/0.9051
Ea.F.3.L.C,F01,Earl,dorm_sample,Bacteria,Pseudomonadota,Gammaproteobacteria,Burkholderiales,Burkholderiaceae_C,Aquabacterium,Aquabacterium sp049274795,0.75,0.000740924,0.9603/0.9562
Ea.F.3.L.C,F01,Earl,dorm_sample,Bacteria,Bacteroidota,Bacteroidia,Sphingobacteriales,Sphingobacteriaceae,Pedobacter,Pedobacter africanus,0.75,0.000740924,0.9638/0.9633
Ea.F.3.L.C,F01,Earl,dorm_sample,Bacteria,Pseudomonadota,Gammaproteobacteria,Pseudomonadales,Moraxellaceae,Acinetobacter,Acinetobacter parvus,0.75,0.000740924,0.9755/0.9740
Ea.F.3.L.C,F01,Earl,dorm_sample,Bacteria,Actinomycetota,Actinomycetes,Mycobacteriales,Mycobacteriaceae,Mycobacterium,Mycobacterium gilvum,0.75,0.000740924,0.9938/0.9905
Ea.F.3.L.C,F01,Earl,dorm_sample,Bacteria,Pseudomonadota,Alphaproteobacteria,Sphingomonadales,Sphingomonadaceae,Sphingobium,Sphingobium yanoikuyae_A,0.75,0.000740924,0.9998/0.9998
Ea.F.3.L.C,F01,Earl,dorm_sample,Bacteria,Pseudomonadota,Alphaproteobacteria,Rhizobiales,Beijerinckiaceae,Methylobacterium,Methylobacterium populi_A,0.75,0.000740924,0.9999/0.9999
Ea.F.3.L.C,F01,Earl,dorm_sample,Bacteria,Pseudomonadota,Alphaproteobacteria,Rickettsiales,UBA3002,QFOX01,QFOX01 sp037968615,0.875,0.000864411,0.7859/0.6956
Ea.F.3.L.C,F01,Earl,dorm_sample,Bacteria,Pseudomonadota,Alphaproteobacteria,Sphingomonadales,Sphingomonadaceae,Novosphingobium,Novosphingobium sp019075875,0.875,0.000864411,0.8084/0.7590
Ea.F.3.L.C,F01,Earl,dorm_sample,Bacteria,Bacteroidota,Bacteroidia,Cytophagales,Cyclobacteriaceae,Chryseolinea,Chryseolinea serpens,0.875,0.000864411,0.8146/0.7971
Ea.F.3.L.C,F01,Earl,dorm_sample,Bacteria,Chloroflexota,Anaerolineae,Aggregatilineales,Phototrophicaceae,Flexifilum,Flexifilum sp963760975,0.875,0.000864411,0.8159/0.7965
Ea.F.3.L.C,F01,Earl,dorm_sample,Bacteria,Bacteroidota,Bacteroidia,B-17B0,Aurantibacillaceae,Aurantibacillus,Aurantibacillus sp002319075,0.875,0.000864411,0.8383/0.8008
Ea.F.3.L.C,F01,Earl,dorm_sample,Bacteria,Bacteroidota,Bacteroidia,Cytophagales,Cyclobacteriaceae,UBA2336,UBA2336 sp964538575,0.875,0.000864411,0.8598/0.8501
Ea.F.3.L.C,F01,Earl,dorm_sample,Bacteria,Pseudomonadota,Alphaproteobacteria,Rickettsiales,SXRF01,JAGVKI01,JAGVKI01 sp020050695,0.875,0.000864411,0.8649/0.8593
Ea.F.3.L.C,F01,Earl,dorm_sample,Bacteria,Pseudomonadota,Alphaproteobacteria,Rhizobiales,Xanthobacteraceae,P52-10,P52-10 sp000516555,0.875,0.000864411,0.8768/0.8197
Ea.F.3.L.C,F01,Earl,dorm_sample,Bacteria,Bacteroidota,Bacteroidia,Chitinophagales,Chitinophagaceae,Rurimicrobium,Rurimicrobium sp016786525,0.875,0.000864411,0.9249/0.8231
Ea.F.3.L.C,F01,Earl,dorm_sample,Bacteria,Pseudomonadota,Alphaproteobacteria,Sphingomonadales,Sphingomonadaceae,Sphingopyxis,Sphingopyxis sp020160755,0.875,0.000864411,0.9370/0.9224
Ea.F.3.L.C,F01,Earl,dorm_sample,Bacteria,Bacteroidota,Bacteroidia,Chitinophagales,Chitinophagaceae,Polluticoccus,Polluticoccus sp036406055,0.875,0.000864411,0.9760/0.9758
Ea.F.3.L.C,F01,Earl,dorm_sample,Bacteria,Pseudomonadota,Alphaproteobacteria,Caulobacterales,Caulobacteraceae,Brevundimonas,Brevundimonas colombiensis,0.875,0.000864411,0.9893/0.9784
Ea.F.3.L.C,F01,Earl,dorm_sample,Bacteria,Bdellovibrionota,Bacteriovoracia,Bacteriovoracales,Bacteriovoracaceae,UBA6144,UBA6144 sp964399165,1,0.000987898,0.7416/0.7061
Ea.F.3.L.C,F01,Earl,dorm_sample,Bacteria,Pseudomonadota,Alphaproteobacteria,Rickettsiales,SXRF01,JAGVKI01,JAGVKI01 sp020049775,1,0.000987898,0.7754/0.7451
Ea.F.3.L.C,F01,Earl,dorm_sample,Bacteria,Pseudomonadota,Alphaproteobacteria,Rickettsiales,UBA3002,JAFLDD01,JAFLDD01 sp017302575,1,0.000987898,0.7952/0.7749
Ea.F.3.L.C,F01,Earl,dorm_sample,Bacteria,Acidobacteriota,Blastocatellia,Pyrinomonadales,Pyrinomonadaceae,JAFDVJ01,JAFDVJ01 sp965247805,1,0.000987898,0.8007/0.7700
Ea.F.3.L.C,F01,Earl,dorm_sample,Bacteria,Bacteroidota,Bacteroidia,Chitinophagales,Chitinophagaceae,UBA5543,UBA5543 sp964464965,1,0.000987898,0.8301/0.8139
Ea.F.3.L.C,F01,Earl,dorm_sample,Bacteria,Planctomycetota,Planctomycetia,Pirellulales,PNKZ01,PNKZ01,PNKZ01 sp021413845,1,0.000987898,0.8301/0.7965
Ea.F.3.L.C,F01,Earl,dorm_sample,Bacteria,Verrucomicrobiota,Verrucomicrobiia,Verrucomicrobiales,Verrucomicrobiaceae,Prosthecobacter,Prosthecobacter sp044236155,1,0.000987898,0.8459/0.8282
Ea.F.3.L.C,F01,Earl,dorm_sample,Bacteria,Acidobacteriota,Vicinamibacteria,Vicinamibacterales,UBA2999,VFZN01,VFZN01 sp963709325,1,0.000987898,0.8461/0.8147
Ea.F.3.L.C,F01,Earl,dorm_sample,Bacteria,Pseudomonadota,Alphaproteobacteria,Micavibrionales,UBA2020,JAEXMB01,JAEXMB01 sp023444705,1,0.000987898,0.8603/0.8228
Ea.F.3.L.C,F01,Earl,dorm_sample,Bacteria,Pseudomonadota,Alphaproteobacteria,Caulobacterales,Caulobacteraceae,Phenylobacterium,Phenylobacterium sp037189685,1,0.000987898,0.8821/0.8676
Ea.F.3.L.C,F01,Earl,dorm_sample,Bacteria,Bacteroidota,Bacteroidia,Chitinophagales,Chitinophagaceae,Agriterribacter,Agriterribacter sp051958655,1,0.000987898,0.8852/0.8746
Ea.F.3.L.C,F01,Earl,dorm_sample,Bacteria,Pseudomonadota,Alphaproteobacteria,Sphingomonadales,Sphingomonadaceae,Sphingopyxis,Sphingopyxis sp023197165,1,0.000987898,0.8945/0.8672
Ea.F.3.L.C,F01,Earl,dorm_sample,Bacteria,Pseudomonadota,Alphaproteobacteria,Sphingomonadales,Sphingomonadaceae,Sphingomonas,Sphingomonas corticis,1,0.000987898,0.9771/0.9554
Ea.F.3.L.C,F01,Earl,dorm_sample,Bacteria,Bacteroidota,Bacteroidia,Chitinophagales,Chitinophagaceae,CAYMZZ01,CAYMZZ01 sp001898485,1,0.000987898,0.9940/0.9936
Ea.F.3.L.C,F01,Earl,dorm_sample,Bacteria,Planctomycetota,Phycisphaerae,Phycisphaerales,UBA1924,UBA2396,UBA2396 sp050916045,1.125,0.001111386,0.8245/0.7915
Ea.F.3.L.C,F01,Earl,dorm_sample,Bacteria,Pseudomonadota,Alphaproteobacteria,Sphingomonadales,Sphingomonadaceae,Sphingomonas,Sphingomonas sp001897375,1.125,0.001111386,0.8477/0.8181
Ea.F.3.L.C,F01,Earl,dorm_sample,Bacteria,Planctomycetota,Planctomycetia,Planctomycetales,Planctomycetaceae,Planctomyces_A,Planctomyces_A sp001610835,1.125,0.001111386,0.8537/0.8286
Ea.F.3.L.C,F01,Earl,dorm_sample,Bacteria,Pseudomonadota,Alphaproteobacteria,Sphingomonadales,Sphingomonadaceae,Allosphingosinicella,Allosphingosinicella rhizophila,1.125,0.001111386,0.8678/0.8278
Ea.F.3.L.C,F01,Earl,dorm_sample,Bacteria,Pseudomonadota,Alphaproteobacteria,Sphingomonadales,Sphingomonadaceae,Allosphingosinicella,Allosphingosinicella sp019635535,1.125,0.001111386,0.8912/0.8718
Ea.F.3.L.C,F01,Earl,dorm_sample,Bacteria,Pseudomonadota,Alphaproteobacteria,Caulobacterales,Caulobacteraceae,Brevundimonas,Brevundimonas sp052436175,1.125,0.001111386,0.9319/0.9082
Ea.F.3.L.C,F01,Earl,dorm_sample,Bacteria,Pseudomonadota,Alphaproteobacteria,Caulobacterales,Caulobacteraceae,Brevundimonas,Brevundimonas vesicularis,1.125,0.001111386,0.9966/0.9965
Ea.F.3.L.C,F01,Earl,dorm_sample,Bacteria,Bacteroidota,Bacteroidia,Flavobacteriales,Weeksellaceae,Chryseobacterium,Chryseobacterium salviniae,1.125,0.001111386,0.9995/0.9995
Ea.F.3.L.C,F01,Earl,dorm_sample,Bacteria,Bdellovibrionota,FAC87,UBA2466,UBA2466,JALHPX01,JALHPX01 sp022842225,1.25,0.001234873,0.7465/0.7201
Ea.F.3.L.C,F01,Earl,dorm_sample,Bacteria,Cyanobacteriota,Vampirovibrionia,Obscuribacterales,Obscuribacteraceae,Ga0077546,Ga0077546 sp021732025,1.25,0.001234873,0.7985/0.7581
Ea.F.3.L.C,F01,Earl,dorm_sample,Bacteria,Chloroflexota,Anaerolineae,Aggregatilineales,Phototrophicaceae,Flexifilum,Flexifilum sp046328655,1.25,0.001234873,0.8063/0.7758
Ea.F.3.L.C,F01,Earl,dorm_sample,Bacteria,Pseudomonadota,Alphaproteobacteria,Caulobacterales,Caulobacteraceae,Caulobacter,Caulobacter sp049323695,1.25,0.001234873,0.8193/0.7822
Ea.F.3.L.C,F01,Earl,dorm_sample,Bacteria,Bacteroidota,Bacteroidia,Chitinophagales,Chitinophagaceae,Flavitalea,Flavitalea sp963808065,1.25,0.001234873,0.8221/0.8000
Ea.F.3.L.C,F01,Earl,dorm_sample,Bacteria,Bacteroidota,Bacteroidia,Cytophagales,Cytophagaceae,Cytophaga,Cytophaga hutchinsonii,1.25,0.001234873,0.8759/0.8701
Ea.F.3.L.C,F01,Earl,dorm_sample,Bacteria,Pseudomonadota,Alphaproteobacteria,Caulobacterales,Caulobacteraceae,Phenylobacterium,Phenylobacterium sp030681155,1.25,0.001234873,0.9808/0.9728
Ea.F.3.L.C,F01,Earl,dorm_sample,Bacteria,Bacteroidota,Bacteroidia,Sphingobacteriales,Sphingobacteriaceae,Pedobacter,Pedobacter chitinilyticus,1.25,0.001234873,0.9837/0.9748
Ea.F.3.L.C,F01,Earl,dorm_sample,Bacteria,Pseudomonadota,Alphaproteobacteria,Rhizobiales,Hyphomicrobiaceae,Hyphomicrobium_C,Hyphomicrobium_C sp019744875,1.25,0.001234873,0.9975/0.9967
Ea.F.3.L.C,F01,Earl,dorm_sample,Bacteria,Pseudomonadota,Alphaproteobacteria,Sphingomonadales,Sphingomonadaceae,Sphingomonas,Sphingomonas hankookensis_A,1.25,0.001234873,0.9993/0.9993
Ea.F.3.L.C,F01,Earl,dorm_sample,Bacteria,Pseudomonadota,Gammaproteobacteria,Burkholderiales,Burkholderiaceae_C,Comamonas,Comamonas tsuruhatensis,1.25,0.001234873,0.9997/0.9996
Ea.F.3.L.C,F01,Earl,dorm_sample,Bacteria,Bacteroidota,Bacteroidia,Chitinophagales,Chitinophagaceae,Flavitalea,Flavitalea sp963782225,1.375,0.00135836,0.7688/0.7370
Ea.F.3.L.C,F01,Earl,dorm_sample,Bacteria,Pseudomonadota,Alphaproteobacteria,Rickettsiales,UBA3002,QFOX01,QFOX01 sp044341105,1.375,0.00135836,0.7703/0.7183
Ea.F.3.L.C,F01,Earl,dorm_sample,Bacteria,Acidobacteriota,Blastocatellia,Pyrinomonadales,Pyrinomonadaceae,GCA-002050365,GCA-002050365 sp963761145,1.375,0.00135836,0.8114/0.7590
Ea.F.3.L.C,F01,Earl,dorm_sample,Bacteria,Myxococcota,XYA12-FULL-58-9,XYA12-FULL-58-9,JALHOP01,JALHOP01,JALHOP01 sp964484195,1.375,0.00135836,0.8256/0.7942
Ea.F.3.L.C,F01,Earl,dorm_sample,Bacteria,Pseudomonadota,Alphaproteobacteria,Sphingomonadales,Sphingomonadaceae,Sphingomonas,Sphingomonas jinjuensis,1.375,0.00135836,0.8306/0.8027
Ea.F.3.L.C,F01,Earl,dorm_sample,Bacteria,Pseudomonadota,Alphaproteobacteria,Caulobacterales,Hyphomonadaceae,UBA7672,UBA7672 sp036733305,1.375,0.00135836,0.8799/0.8769
Ea.F.3.L.C,F01,Earl,dorm_sample,Bacteria,Pseudomonadota,Alphaproteobacteria,Rhizobiales,Beijerinckiaceae,Allobosea,Allobosea sp900112185,1.375,0.00135836,0.9775/0.9773
Ea.F.3.L.C,F01,Earl,dorm_sample,Bacteria,Planctomycetota,Planctomycetia,Pirellulales,JAEUIK01,JAIBBY01,JAIBBY01 sp019694455,1.5,0.001481847,0.7934/0.7656
Ea.F.3.L.C,F01,Earl,dorm_sample,Bacteria,Bacteroidota,Bacteroidia,Chitinophagales,LD1,Bog-950,Bog-950 sp947457525,1.5,0.001481847,0.7945/0.7439
Ea.F.3.L.C,F01,Earl,dorm_sample,Bacteria,Pseudomonadota,Alphaproteobacteria,Sphingomonadales,Sphingomonadaceae,Sphingomonas,Sphingomonas ginsenosidimutans,1.5,0.001481847,0.8130/0.7570
Ea.F.3.L.C,F01,Earl,dorm_sample,Bacteria,Pseudomonadota,Alphaproteobacteria,Sphingomonadales,Sphingomonadaceae,Qipengyuania,Qipengyuania sp016793865,1.5,0.001481847,0.8720/0.8532
Ea.F.3.L.C,F01,Earl,dorm_sample,Bacteria,Bdellovibrionota,Bacteriovoracia,Bacteriovoracales,Bacteriovoracaceae,Peredibacter,Peredibacter sp040387275,1.5,0.001481847,0.8743/0.8499
Ea.F.3.L.C,F01,Earl,dorm_sample,Bacteria,Actinomycetota,Actinomycetes,Mycobacteriales,Geodermatophilaceae,Blastococcus_B,Blastococcus_B litoris,1.5,0.001481847,0.9140/0.8832
Ea.F.3.L.C,F01,Earl,dorm_sample,Bacteria,Pseudomonadota,Alphaproteobacteria,Sphingomonadales,Sphingomonadaceae,Sphingosinicella,Sphingosinicella sp041916975,1.5,0.001481847,0.9764/0.9761
Ea.F.3.L.C,F01,Earl,dorm_sample,Bacteria,Bdellovibrionota,Bacteriovoracia,Bacteriovoracales,Bacteriovoracaceae,UBA6144,UBA6144 sp036770305,1.625,0.001605335,0.7690/0.7119
Ea.F.3.L.C,F01,Earl,dorm_sample,Bacteria,Pseudomonadota,Alphaproteobacteria,Rickettsiales,UBA3002,QFOX01,QFOX01 sp965247335,1.625,0.001605335,0.8091/0.7947
Ea.F.3.L.C,F01,Earl,dorm_sample,Bacteria,Acidobacteriota,Vicinamibacteria,Vicinamibacterales,Vicinamibacteraceae,CAWJAP01,CAWJAP01 sp963840865,1.625,0.001605335,0.8117/0.7224
Ea.F.3.L.C,F01,Earl,dorm_sample,Bacteria,Bacteroidota,Bacteroidia,Cytophagales,Cyclobacteriaceae,UBA2336,UBA2336 sp019694875,1.625,0.001605335,0.8558/0.8347
Ea.F.3.L.C,F01,Earl,dorm_sample,Bacteria,Pseudomonadota,Alphaproteobacteria,Sphingomonadales,Sphingomonadaceae,Sphingopyxis,Sphingopyxis sp001427105,1.625,0.001605335,0.8855/0.8538
Ea.F.3.L.C,F01,Earl,dorm_sample,Bacteria,Bacteroidota,Bacteroidia,Chitinophagales,Chitinophagaceae,Flavitalea,Flavitalea sp964387165,1.75,0.001728822,0.7951/0.7380
Ea.F.3.L.C,F01,Earl,dorm_sample,Bacteria,Verrucomicrobiota,Verrucomicrobiia,Verrucomicrobiales,Verrucomicrobiaceae,Prosthecobacter,Prosthecobacter sp044227185,1.75,0.001728822,0.8666/0.8191
Ea.F.3.L.C,F01,Earl,dorm_sample,Bacteria,Pseudomonadota,Gammaproteobacteria,Xanthomonadales,Xanthomonadaceae,Pseudoxanthomonas_A,Pseudoxanthomonas_A sp014851805,1.75,0.001728822,0.9216/0.9178
Ea.F.3.L.C,F01,Earl,dorm_sample,Bacteria,Bacteroidota,Bacteroidia,Sphingobacteriales,Sphingobacteriaceae,Pedobacter,Pedobacter africanus_A,1.75,0.001728822,0.9606/0.9593
Ea.F.3.L.C,F01,Earl,dorm_sample,Bacteria,Bacteroidota,Bacteroidia,Chitinophagales,LD1,Bog-950,Bog-950 sp018267435,1.75,0.001728822,0.9767/0.8997
Ea.F.3.L.C,F01,Earl,dorm_sample,Bacteria,Pseudomonadota,Gammaproteobacteria,Xanthomonadales,Xanthomonadaceae,Lysobacter_I,Lysobacter_I sp036404915,1.75,0.001728822,0.9786/0.9727
Ea.F.3.L.C,F01,Earl,dorm_sample,Bacteria,Babelota,Babeliae,Babelales,Vermiphilaceae,Vermiphilus,Vermiphilus pyriformis,1.875,0.001852309,0.9908/0.9899
Ea.F.3.L.C,F01,Earl,dorm_sample,Bacteria,Acidobacteriota,Blastocatellia,Pyrinomonadales,Pyrinomonadaceae,JALZHR01,JALZHR01 sp030860665,2,0.001975796,0.8273/0.7977
Ea.F.3.L.C,F01,Earl,dorm_sample,Bacteria,Acidobacteriota,Vicinamibacteria,Vicinamibacterales,UBA2999,CADEFD01,CADEFD01 sp963779175,2,0.001975796,0.8895/0.8757
Ea.F.3.L.C,F01,Earl,dorm_sample,Bacteria,Pseudomonadota,Alphaproteobacteria,Rhizobiales,Aestuariivirgaceae,Taklimakanibacter,Taklimakanibacter sp011046735,2,0.001975796,0.9290/0.9158
Ea.F.3.L.C,F01,Earl,dorm_sample,Bacteria,Pseudomonadota,Gammaproteobacteria,Burkholderiales,Burkholderiaceae_C,Pseudorhodoferax,Pseudorhodoferax sp032153935,2,0.001975796,0.9454/0.9191
Ea.F.3.L.C,F01,Earl,dorm_sample,Bacteria,Pseudomonadota,Alphaproteobacteria,Rhizobiales,Rhizobiaceae,Aminobacter,Aminobacter sp050433665,2,0.001975796,0.9983/0.9982
Ea.F.3.L.C,F01,Earl,dorm_sample,Bacteria,Actinomycetota,Actinomycetes,Mycobacteriales,Mycobacteriaceae,Mycobacterium,Mycobacterium gwanakae,2,0.001975796,0.9994/0.9994
Ea.F.3.L.C,F01,Earl,dorm_sample,Bacteria,Pseudomonadota,Alphaproteobacteria,Rhodobacterales,Rhodobacteraceae,Rubellimicrobium,Rubellimicrobium mesophilum,2.125,0.002099284,0.8289/0.7820
Ea.F.3.L.C,F01,Earl,dorm_sample,Bacteria,Actinomycetota,Acidimicrobiia,Acidimicrobiales,JACDCH01,JACDCH01,JACDCH01 sp963840695,2.125,0.002099284,0.8306/0.7789
Ea.F.3.L.C,F01,Earl,dorm_sample,Bacteria,Pseudomonadota,Alphaproteobacteria,Caulobacterales,Caulobacteraceae,Phenylobacterium,Phenylobacterium sp001824475,2.125,0.002099284,0.8767/0.8570
Ea.F.3.L.C,F01,Earl,dorm_sample,Bacteria,Planctomycetota,Planctomycetia,Kolteriales,Kolteriaceae,JAIEPU01,JAIEPU01 sp019748235,2.125,0.002099284,0.9280/0.9080
Ea.F.3.L.C,F01,Earl,dorm_sample,Bacteria,Bacteroidota,Bacteroidia,Chitinophagales,Chitinophagaceae,Pseudobacter,Pseudobacter sp051955275,2.125,0.002099284,0.9504/0.9195
Ea.F.3.L.C,F01,Earl,dorm_sample,Bacteria,Pseudomonadota,Alphaproteobacteria,Caulobacterales,Caulobacteraceae,Brevundimonas,Brevundimonas sp027912535,2.25,0.002222771,0.8850/0.7798
Ea.F.3.L.C,F01,Earl,dorm_sample,Bacteria,Bacteroidota,Bacteroidia,Cytophagales,Cyclobacteriaceae,Chryseolinea,Chryseolinea sp035489615,2.375,0.002346258,0.8001/0.7923
Ea.F.3.L.C,F01,Earl,dorm_sample,Bacteria,Pseudomonadota,Alphaproteobacteria,UBA2136,UBA6156,UBA6156,UBA6156 sp002422365,2.5,0.002469746,0.8005/0.7489
Ea.F.3.L.C,F01,Earl,dorm_sample,Bacteria,Pseudomonadota,Alphaproteobacteria,Rickettsiales,UBA3002,QFOX01,QFOX01 sp003241645,2.625,0.002593233,0.8065/0.7635
Ea.F.3.L.C,F01,Earl,dorm_sample,Bacteria,Pseudomonadota,Alphaproteobacteria,Caulobacterales,Caulobacteraceae,Phenylobacterium,Phenylobacterium sp041916435,2.625,0.002593233,0.8213/0.7737
Ea.F.3.L.C,F01,Earl,dorm_sample,Bacteria,Pseudomonadota,Alphaproteobacteria,Sphingomonadales,Sphingomonadaceae,Sphingomonas,Sphingomonas cannabina,2.625,0.002593233,0.8544/0.8112
Ea.F.3.L.C,F01,Earl,dorm_sample,Bacteria,Pseudomonadota,Alphaproteobacteria,UBA2136,UBA6156,UBA6156,UBA6156 sp027489415,2.875,0.002840207,0.8032/0.7085
Ea.F.3.L.C,F01,Earl,dorm_sample,Bacteria,Pseudomonadota,Alphaproteobacteria,Rhizobiales,Hyphomicrobiaceae,JAKAXS01,JAKAXS01 sp963846845,2.875,0.002840207,0.8470/0.7911
Ea.F.3.L.C,F01,Earl,dorm_sample,Bacteria,Pseudomonadota,Alphaproteobacteria,Caulobacterales,Caulobacteraceae,Brevundimonas,Brevundimonas sp965278935,2.875,0.002840207,0.8699/0.8353
Ea.F.3.L.C,F01,Earl,dorm_sample,Bacteria,Actinomycetota,Actinomycetes,Actinomycetales,Microbacteriaceae,Pseudolysinimonas_A,Pseudolysinimonas_A sp023457615,2.875,0.002840207,0.8760/0.8515
Ea.F.3.L.C,F01,Earl,dorm_sample,Bacteria,Pseudomonadota,Alphaproteobacteria,Caulobacterales,Caulobacteraceae,Caulobacter,Caulobacter sp039596335,2.875,0.002840207,0.8941/0.8106
Ea.F.3.L.C,F01,Earl,dorm_sample,Bacteria,Pseudomonadota,Alphaproteobacteria,Sphingomonadales,Sphingomonadaceae,Sphingomonas,Sphingomonas donggukensis,3,0.002963695,0.8563/0.8304
Ea.F.3.L.C,F01,Earl,dorm_sample,Bacteria,Pseudomonadota,Alphaproteobacteria,Rickettsiales,UBA3002,QFOX01,QFOX01 sp040377415,3.125,0.003087182,0.8093/0.7896
Ea.F.3.L.C,F01,Earl,dorm_sample,Bacteria,Pseudomonadota,Alphaproteobacteria,Sphingomonadales,Sphingomonadaceae,Qipengyuania,Qipengyuania sp019745075,3.125,0.003087182,0.8413/0.7938
Ea.F.3.L.C,F01,Earl,dorm_sample,Bacteria,Bacteroidota,Bacteroidia,Chitinophagales,Chitinophagaceae,Ferruginibacter,Ferruginibacter sp964404845,3.125,0.003087182,0.8612/0.8380
Ea.F.3.L.C,F01,Earl,dorm_sample,Bacteria,Acidobacteriota,Blastocatellia,Pyrinomonadales,Pyrinomonadaceae,JAIBCC01,JAIBCC01 sp019694395,3.25,0.003210669,0.8172/0.7791
Ea.F.3.L.C,F01,Earl,dorm_sample,Bacteria,Acidobacteriota,Blastocatellia,Pyrinomonadales,Pyrinomonadaceae,JALZHR01,JALZHR01 sp036388475,3.375,0.003334157,0.7994/0.7414
Ea.F.3.L.C,F01,Earl,dorm_sample,Bacteria,Bacteroidota,Bacteroidia,Chitinophagales,Chitinophagaceae,Agriterribacter,Agriterribacter sp051955255,3.5,0.003457644,0.8858/0.8358
Ea.F.3.L.C,F01,Earl,dorm_sample,Bacteria,Actinomycetota,Actinomycetes,Actinomycetales,Microbacteriaceae,Pseudolysinimonas_A,Pseudolysinimonas_A sp947085045,3.875,0.003828106,0.8571/0.8019
Ea.F.3.L.C,F01,Earl,dorm_sample,Bacteria,Pseudomonadota,Gammaproteobacteria,Burkholderiales,Burkholderiaceae,Imbroritus,Imbroritus primus,3.875,0.003828106,0.9161/0.9092
Ea.F.3.L.C,F01,Earl,dorm_sample,Bacteria,Pseudomonadota,Alphaproteobacteria,Sphingomonadales,Sphingomonadaceae,Sphingopyxis,Sphingopyxis sp035944815,4.125,0.00407508,0.8907/0.8759
Ea.F.3.L.C,F01,Earl,dorm_sample,Bacteria,Pseudomonadota,Alphaproteobacteria,Sphingomonadales,Sphingomonadaceae,Sphingopyxis,Sphingopyxis soli,4.125,0.00407508,0.9029/0.8728
Ea.F.3.L.C,F01,Earl,dorm_sample,Bacteria,Cyanobacteriota,Vampirovibrionia,Obscuribacterales,Obscuribacteraceae,JAFKGK01,JAFKGK01 sp017307165,4.125,0.00407508,0.9667/0.9653
Ea.F.3.L.C,F01,Earl,dorm_sample,Bacteria,Pseudomonadota,Alphaproteobacteria,Rhizobiales,Rhizobiaceae,Shinella,Shinella sp001262505,4.5,0.004445542,0.9936/0.9935
Ea.F.3.L.C,F01,Earl,dorm_sample,Bacteria,Pseudomonadota,Alphaproteobacteria,Rhizobiales,Xanthobacteraceae,Bradyrhizobium,Bradyrhizobium lablabi_C,4.625,0.004569029,0.8905/0.8210
Ea.F.3.L.C,F01,Earl,dorm_sample,Bacteria,Pseudomonadota,Alphaproteobacteria,Sphingomonadales,Sphingomonadaceae,Sphingomonas,Sphingomonas adhaesiva,4.75,0.004692517,0.8808/0.8383
Ea.F.3.L.C,F01,Earl,dorm_sample,Bacteria,Pseudomonadota,Alphaproteobacteria,Sphingomonadales,Sphingomonadaceae,Allosphingosinicella,Allosphingosinicella sp031157375,4.875,0.004816004,0.8961/0.8617
Ea.F.3.L.C,F01,Earl,dorm_sample,Bacteria,Pseudomonadota,Alphaproteobacteria,Sphingomonadales,Sphingomonadaceae,Sphingomonas,Sphingomonas sp036402235,5.125,0.005062979,0.8889/0.8604
Ea.F.3.L.C,F01,Earl,dorm_sample,Bacteria,Pseudomonadota,Alphaproteobacteria,Caulobacterales,Caulobacteraceae,Caulobacter,Caulobacter sp013181195,5.375,0.005309953,0.9101/0.8736
Ea.F.3.L.C,F01,Earl,dorm_sample,Bacteria,Pseudomonadota,Alphaproteobacteria,Sphingomonadales,Sphingomonadaceae,Sphingomonas,Sphingomonas sp017304635,5.5,0.00543344,0.8217/0.7673
Ea.F.3.L.C,F01,Earl,dorm_sample,Bacteria,Pseudomonadota,Alphaproteobacteria,Caulobacterales,Caulobacteraceae,Phenylobacterium,Phenylobacterium terrae,5.5,0.00543344,0.8701/0.8401
Ea.F.3.L.C,F01,Earl,dorm_sample,Bacteria,Pseudomonadota,Alphaproteobacteria,Caulobacterales,Caulobacteraceae,Brevundimonas,Brevundimonas subvibrioides_B,5.875,0.005803902,0.8538/0.7700
Ea.F.3.L.C,F01,Earl,dorm_sample,Bacteria,Planctomycetota,Planctomycetia,Pirellulales,Lacipirellulaceae,Lacipirellula,Lacipirellula parvula,5.875,0.005803902,0.8991/0.8538
Ea.F.3.L.C,F01,Earl,dorm_sample,Bacteria,Planctomycetota,Planctomycetia,Pirellulales,JALHPA01,JANRLT01,JANRLT01 sp041736895,6,0.005927389,0.8522/0.7543
Ea.F.3.L.C,F01,Earl,dorm_sample,Bacteria,Armatimonadota,Fimbriimonadia,Fimbriimonadales,Fimbriimonadaceae,55-13,55-13 sp001898035,6.125,0.006050877,0.7994/0.7653
Ea.F.3.L.C,F01,Earl,dorm_sample,Bacteria,Bacteroidota,Bacteroidia,Chitinophagales,Chitinophagaceae,Paraflavitalea,Paraflavitalea sp017744515,6.125,0.006050877,0.9269/0.9066
Ea.F.3.L.C,F01,Earl,dorm_sample,Bacteria,Pseudomonadota,Alphaproteobacteria,Caulobacterales,Hyphomonadaceae,UBA7672,UBA7672 sp965229115,6.375,0.006297851,0.8981/0.8564
Ea.F.3.L.C,F01,Earl,dorm_sample,Bacteria,Bdellovibrionota,Bdellovibrionia,Bdellovibrionales,UBA1609,CAYHVK01,CAYHVK01 sp964360255,6.875,0.0067918,0.8205/0.8036
Ea.F.3.L.C,F01,Earl,dorm_sample,Bacteria,Bacteroidota,Bacteroidia,Cytophagales,Cyclobacteriaceae,Chryseolinea,Chryseolinea sp049840655,7.375,0.00728575,0.7921/0.7696
Ea.F.3.L.C,F01,Earl,dorm_sample,Bacteria,Acidobacteriota,Blastocatellia,Pyrinomonadales,Pyrinomonadaceae,GCA-002050365,GCA-002050365 sp964244835,7.375,0.00728575,0.8344/0.7967
Ea.F.3.L.C,F01,Earl,dorm_sample,Bacteria,Acidobacteriota,Blastocatellia,Pyrinomonadales,Pyrinomonadaceae,JAIBCC01,JAIBCC01 sp963779235,7.75,0.007656211,0.8008/0.7589
Ea.F.3.L.C,F01,Earl,dorm_sample,Bacteria,Pseudomonadota,Gammaproteobacteria,Burkholderiales,Burkholderiaceae_C,Aquabacterium,Aquabacterium sp049322875,8.125,0.008026673,0.9653/0.9552
Ea.F.3.L.C,F01,Earl,dorm_sample,Bacteria,Bacteroidota,Bacteroidia,B-17B0,Aurantibacillaceae,UBA4416,UBA4416 sp964543545,8.25,0.008150161,0.8871/0.7930
Ea.F.3.L.C,F01,Earl,dorm_sample,Bacteria,Bacteroidota,Bacteroidia,Cytophagales,Cyclobacteriaceae,Chryseolinea,Chryseolinea sp037203685,8.875,0.008767597,0.8520/0.8453
Ea.F.3.L.C,F01,Earl,dorm_sample,Bacteria,Pseudomonadota,Alphaproteobacteria,Caulobacterales,Caulobacteraceae,Phenylobacterium,Phenylobacterium sp018240795,9,0.008891084,0.9940/0.9879
Ea.F.3.L.C,F01,Earl,dorm_sample,Bacteria,Pseudomonadota,Alphaproteobacteria,Sphingomonadales,Sphingomonadaceae,Sphingobium_A,Sphingobium_A colocasiae,9.125,0.009014571,0.8710/0.8409
Ea.F.3.L.C,F01,Earl,dorm_sample,Bacteria,Bacteroidota,Bacteroidia,Flavobacteriales,Flavobacteriaceae,Flavobacterium,Flavobacterium lindanitolerans,9.625,0.009508521,0.9987/0.9986
Ea.F.3.L.C,F01,Earl,dorm_sample,Bacteria,Pseudomonadota,Alphaproteobacteria,Rhizobiales,Xanthobacteraceae,Bradyrhizobium,Bradyrhizobium sp023387735,10.125,0.01000247,0.9748/0.9699
Ea.F.3.L.C,F01,Earl,dorm_sample,Bacteria,Pseudomonadota,Gammaproteobacteria,Xanthomonadales,Xanthomonadaceae,Pseudoxanthomonas_A,Pseudoxanthomonas_A japonensis,10.25,0.01012596,0.9933/0.9925
Ea.F.3.L.C,F01,Earl,dorm_sample,Bacteria,Pseudomonadota,Gammaproteobacteria,Burkholderiales,Burkholderiaceae_C,Ottowia,Ottowia testudinis,12.25,0.01210175,0.9044/0.8970
Ea.F.3.L.C,F01,Earl,dorm_sample,Bacteria,Bacteroidota,Bacteroidia,Chitinophagales,Chitinophagaceae,JAFIGV01,JAFIGV01 sp023418315,13.375,0.01321314,0.8143/0.7732
Ea.F.3.L.C,F01,Earl,dorm_sample,Bacteria,Pseudomonadota,Gammaproteobacteria,Xanthomonadales,Xanthomonadaceae,Pseudoxanthomonas_A,Pseudoxanthomonas_A sp047600885,13.5,0.01333663,0.9766/0.9591
Ea.F.3.L.C,F01,Earl,dorm_sample,Bacteria,Pseudomonadota,Gammaproteobacteria,Xanthomonadales,Xanthomonadaceae,Pseudoxanthomonas_A,Pseudoxanthomonas_A sp014851815,14,0.01383058,0.9501/0.9386
Ea.F.3.L.C,F01,Earl,dorm_sample,Bacteria,Pseudomonadota,Alphaproteobacteria,Sphingomonadales,Sphingomonadaceae,Sphingomonas,Sphingomonas koreensis,14.5,0.01432452,0.9611/0.9362
Ea.F.3.L.C,F01,Earl,dorm_sample,Bacteria,Pseudomonadota,Alphaproteobacteria,Rhizobiales,Beijerinckiaceae,Allobosea,Allobosea eneae,15.875,0.01568288,0.9763/0.9579
Ea.F.3.L.C,F01,Earl,dorm_sample,Bacteria,Pseudomonadota,Alphaproteobacteria,Caulobacterales,Caulobacteraceae,Brevundimonas,Brevundimonas staleyi,17,0.01679427,0.8941/0.8364
Ea.F.3.L.C,F01,Earl,dorm_sample,Bacteria,Bacteroidota,Bacteroidia,B-17B0,Aurantibacillaceae,UBA4416,UBA4416 sp943362175,17,0.01679427,0.9293/0.8854
Ea.F.3.L.C,F01,Earl,dorm_sample,Bacteria,Bacteroidota,Bacteroidia,Chitinophagales,Chitinophagaceae,JAFIGV01,JAFIGV01 sp035497455,19.125,0.01889355,0.8139/0.7925
Ea.F.3.L.C,F01,Earl,dorm_sample,Bacteria,Actinomycetota,Actinomycetes,Mycobacteriales,Mycobacteriaceae,Mycobacterium,Mycobacterium phocaicum,20.25,0.02000494,0.9912/0.9699
Ea.F.3.L.C,F01,Earl,dorm_sample,Bacteria,Pseudomonadota,Alphaproteobacteria,Sphingomonadales,Sphingomonadaceae,Sphingopyxis,Sphingopyxis sp035998905,23.125,0.02284515,0.9400/0.9264
Ea.F.3.L.C,F01,Earl,dorm_sample,Bacteria,Pseudomonadota,Alphaproteobacteria,Caulobacterales,Caulobacteraceae,Brevundimonas,Brevundimonas sp003938605,27.75,0.02741418,0.9995/0.9994
Ea.F.3.L.C,F01,Earl,dorm_sample,Bacteria,Pseudomonadota,Gammaproteobacteria,Burkholderiales,Burkholderiaceae_C,Ottowia,Ottowia sp018060485,31.75,0.03136577,0.9827/0.9737
Ea.F.3.L.C,F01,Earl,dorm_sample,Bacteria,Pseudomonadota,Alphaproteobacteria,Sphingomonadales,Sphingomonadaceae,Blastomonas,Blastomonas ursincola,36.25,0.03581131,0.9881/0.9837
Ea.F.3.L.C,F01,Earl,dorm_sample,Bacteria,Bacteroidota,Bacteroidia,Chitinophagales,Chitinophagaceae,CADEDV01,CADEDV01 sp936908745,46.5,0.04593727,0.9076/0.8805
Ea.F.3.L.C,F01,Earl,dorm_sample,Bacteria,unclassified Bacteria phylum,unclassified Bacteria class,unclassified Bacteria order,unclassified Bacteria family,unclassified Bacteria genus,unclassified Bacteria species,85.125,0.08409484,0.0000/0.0000
Ea.F.3.L.C,F01,Earl,dorm_sample,Bacteria,Pseudomonadota,Alphaproteobacteria,Sphingomonadales,Sphingomonadaceae,Sphingopyxis,Sphingopyxis sp014873485,90,0.08891084,0.9426/0.9265
Ea.F.3.L.C,F01,Earl,dorm_sample,Bacteria,Pseudomonadota,Alphaproteobacteria,Sphingomonadales,Sphingomonadaceae,Sphingopyxis,Sphingopyxis sp001468395,91.375,0.0902692,0.9544/0.9385
Ea.F.3.H.B,F02,Earl,dorm_sample,Archaea,unclassified Archaea phylum,unclassified Archaea class,unclassified Archaea order,unclassified Archaea family,unclassified Archaea genus,unclassified Archaea species,0.25,0.00037092,0.0000/0.0000
Ea.F.3.H.B,F02,Earl,dorm_sample,Bacteria,Bdellovibrionota,FAC87,UBA2466,UBA2466,JBGSST01,JBGSST01 sp041736915,0.25,0.00037092,0.7631/0.7178
Ea.F.3.H.B,F02,Earl,dorm_sample,Bacteria,Chlamydiota,Chlamydiia,Chlamydiales,Parachlamydiaceae,JASBUW01,JASBUW01 sp030147755,0.25,0.00037092,0.7758/0.7494
Ea.F.3.H.B,F02,Earl,dorm_sample,Bacteria,Acidobacteriota,Blastocatellia,Pyrinomonadales,Pyrinomonadaceae,DATHTS01,DATHTS01 sp965217985,0.25,0.00037092,0.8010/0.7654
Ea.F.3.H.B,F02,Earl,dorm_sample,Bacteria,Bacteroidota,Bacteroidia,Chitinophagales,Chitinophagaceae,Flavitalea,Flavitalea sp016786745,0.25,0.00037092,0.8076/0.8015
Ea.F.3.H.B,F02,Earl,dorm_sample,Bacteria,Vulcanimicrobiota,Xenobia,Xenobiales,JADMJV01,JAEXNA01,JAEXNA01 sp037189585,0.25,0.00037092,0.8111/0.7832
Ea.F.3.H.B,F02,Earl,dorm_sample,Bacteria,Bdellovibrionota,Bacteriovoracia,Bacteriovoracales,Bacteriovoracaceae,UBA6144,UBA6144 sp019752535,0.25,0.00037092,0.8120/0.7959
Ea.F.3.H.B,F02,Earl,dorm_sample,Bacteria,Pseudomonadota,Alphaproteobacteria,Micavibrionales,Micavibrionaceae,Micavibrio_C,Micavibrio_C sp965231165,0.25,0.00037092,0.8136/0.7879
Ea.F.3.H.B,F02,Earl,dorm_sample,Bacteria,Pseudomonadota,Alphaproteobacteria,Caulobacterales,Caulobacteraceae,Phenylobacterium,Phenylobacterium sp046290725,0.25,0.00037092,0.8153/0.7572
Ea.F.3.H.B,F02,Earl,dorm_sample,Bacteria,Chloroflexota,Chloroflexia,Thermomicrobiales,UBA6265,JACCXM01,JACCXM01 sp963762985,0.25,0.00037092,0.8161/0.7935
Ea.F.3.H.B,F02,Earl,dorm_sample,Bacteria,Verrucomicrobiota,Verrucomicrobiia,Verrucomicrobiales,Akkermansiaceae,Luteolibacter,Luteolibacter sp027483005,0.25,0.00037092,0.8259/0.8123
Ea.F.3.H.B,F02,Earl,dorm_sample,Bacteria,Planctomycetota,Planctomycetia,Pirellulales,Pirellulaceae,CAZWSX01,CAZWSX01 sp964636985,0.25,0.00037092,0.8285/0.8093
Ea.F.3.H.B,F02,Earl,dorm_sample,Bacteria,Pseudomonadota,Gammaproteobacteria,Pseudomonadales,Ketobacteraceae,Ch67,Ch67 sp041395845,0.25,0.00037092,0.8378/0.8322
Ea.F.3.H.B,F02,Earl,dorm_sample,Bacteria,Pseudomonadota,Alphaproteobacteria,Sphingomonadales,Sphingomonadaceae,Sphingobium_A,Sphingobium_A colocasiae,0.25,0.00037092,0.8380/0.8115
Ea.F.3.H.B,F02,Earl,dorm_sample,Bacteria,Pseudomonadota,Alphaproteobacteria,Micavibrionales,Micavibrionaceae,UBA1573,UBA1573 sp001767915,0.25,0.00037092,0.8393/0.8262
Ea.F.3.H.B,F02,Earl,dorm_sample,Bacteria,Myxococcota_A,Polyangia,Polyangiales,Polyangiaceae,Labilithrix,Labilithrix sp019637155,0.25,0.00037092,0.8436/0.8230
Ea.F.3.H.B,F02,Earl,dorm_sample,Bacteria,Pseudomonadota,Alphaproteobacteria,Rhizobiales,Rhizobiaceae,Arvimicrobium,Arvimicrobium flavum,0.25,0.00037092,0.8503/0.8223
Ea.F.3.H.B,F02,Earl,dorm_sample,Bacteria,Acidobacteriota,Vicinamibacteria,Vicinamibacterales,UBA2999,12-FULL-67-14b,12-FULL-67-14b sp035626435,0.25,0.00037092,0.8559/0.8132
Ea.F.3.H.B,F02,Earl,dorm_sample,Bacteria,Myxococcota,XYA12-FULL-58-9,XYA12-FULL-58-9,JALHOP01,JALHOP01,JALHOP01 sp041288095,0.25,0.00037092,0.8599/0.8358
Ea.F.3.H.B,F02,Earl,dorm_sample,Bacteria,Bacteroidota,Bacteroidia,Chitinophagales,Chitinophagaceae,Paraflavitalea,Paraflavitalea pollutisoli,0.25,0.00037092,0.8667/0.8458
Ea.F.3.H.B,F02,Earl,dorm_sample,Bacteria,Pseudomonadota,Alphaproteobacteria,Rhizobiales,Rhizobiaceae,Arvimicrobium,Arvimicrobium sp023953845,0.25,0.00037092,0.8740/0.8388
Ea.F.3.H.B,F02,Earl,dorm_sample,Bacteria,Pseudomonadota,Gammaproteobacteria,Burkholderiales,Burkholderiaceae_C,Ideonella,Ideonella sp041918995,0.25,0.00037092,0.8763/0.8358
Ea.F.3.H.B,F02,Earl,dorm_sample,Bacteria,Bacteroidota,Bacteroidia,Cytophagales,Spirosomataceae,Emticicia,Emticicia sp943368815,0.25,0.00037092,0.8782/0.8114
Ea.F.3.H.B,F02,Earl,dorm_sample,Bacteria,Bacteroidota,Bacteroidia,B-17B0,Aurantibacillaceae,UBA4416,UBA4416 sp964543545,0.25,0.00037092,0.8803/0.7998
Ea.F.3.H.B,F02,Earl,dorm_sample,Bacteria,Pseudomonadota,Alphaproteobacteria,Sphingomonadales,Sphingomonadaceae,Sphingopyxis,Sphingopyxis sp001468265,0.25,0.00037092,0.8863/0.8360
Ea.F.3.H.B,F02,Earl,dorm_sample,Bacteria,Pseudomonadota,Gammaproteobacteria,Burkholderiales,Burkholderiaceae_C,Aquincola,Aquincola agrisoli,0.25,0.00037092,0.8946/0.8803
Ea.F.3.H.B,F02,Earl,dorm_sample,Bacteria,Pseudomonadota,Alphaproteobacteria,Acetobacterales,Acetobacteraceae,Neoroseomonas,Neoroseomonas marina,0.25,0.00037092,0.8967/0.8868
Ea.F.3.H.B,F02,Earl,dorm_sample,Bacteria,Pseudomonadota,Alphaproteobacteria,Caulobacterales,Caulobacteraceae,Caulobacter,Caulobacter sp964601775,0.25,0.00037092,0.9066/0.8829
Ea.F.3.H.B,F02,Earl,dorm_sample,Bacteria,Myxococcota_A,Polyangia,Polyangiales,Polyangiaceae,Labilithrix,Labilithrix sp023402175,0.25,0.00037092,0.9077/0.8909
Ea.F.3.H.B,F02,Earl,dorm_sample,Bacteria,Pseudomonadota,Alphaproteobacteria,Ferrovibrionales,Ferrovibrionaceae,Desertibaculum,Desertibaculum sp022844005,0.25,0.00037092,0.9087/0.9085
Ea.F.3.H.B,F02,Earl,dorm_sample,Bacteria,Pseudomonadota,Gammaproteobacteria,Burkholderiales,Burkholderiaceae_C,Pseudorhodoferax,Pseudorhodoferax sp001422445,0.25,0.00037092,0.9089/0.8878
Ea.F.3.H.B,F02,Earl,dorm_sample,Bacteria,Pseudomonadota,Gammaproteobacteria,Pseudomonadales,Moraxellaceae,UBA2031,UBA2031 sp031119295,0.25,0.00037092,0.9108/0.8925
Ea.F.3.H.B,F02,Earl,dorm_sample,Bacteria,Pseudomonadota,Alphaproteobacteria,Micropepsales,Micropepsaceae,Rhizomicrobium,Rhizomicrobium sp903837555,0.25,0.00037092,0.9170/0.9116
Ea.F.3.H.B,F02,Earl,dorm_sample,Bacteria,Pseudomonadota,Alphaproteobacteria,Caulobacterales,Caulobacteraceae,Phenylobacterium,Phenylobacterium sp023445705,0.25,0.00037092,0.9223/0.9084
Ea.F.3.H.B,F02,Earl,dorm_sample,Bacteria,Pseudomonadota,Gammaproteobacteria,Burkholderiales,Rhodocyclaceae,Methyloversatilis,Methyloversatilis sp001713355,0.25,0.00037092,0.9231/0.9232
Ea.F.3.H.B,F02,Earl,dorm_sample,Bacteria,Bdellovibrionota,Bdellovibrionia,Bdellovibrionales,Bdellovibrionaceae,UBA2316,UBA2316 sp002345205,0.25,0.00037092,0.9306/0.9199
Ea.F.3.H.B,F02,Earl,dorm_sample,Bacteria,Pseudomonadota,Alphaproteobacteria,Caulobacterales,Caulobacteraceae,Brevundimonas,Brevundimonas sp023456105,0.25,0.00037092,0.9331/0.9311
Ea.F.3.H.B,F02,Earl,dorm_sample,Bacteria,Pseudomonadota,Alphaproteobacteria,Acetobacterales,Acetobacteraceae,Roseococcus,Roseococcus sp965227005,0.25,0.00037092,0.9374/0.9353
Ea.F.3.H.B,F02,Earl,dorm_sample,Bacteria,Bacteroidota,Bacteroidia,B-17B0,Aurantibacillaceae,Aurantibacillus,Aurantibacillus sp943369995,0.25,0.00037092,0.9459/0.9301
Ea.F.3.H.B,F02,Earl,dorm_sample,Bacteria,Pseudomonadota,Gammaproteobacteria,Xanthomonadales,Xanthomonadaceae,Stenotrophomonas,Stenotrophomonas oahuensis,0.25,0.00037092,0.9612/0.9562
Ea.F.3.H.B,F02,Earl,dorm_sample,Bacteria,Pseudomonadota,Alphaproteobacteria,Caulobacterales,Caulobacteraceae,Phenylobacterium,Phenylobacterium sp018240795,0.25,0.00037092,0.9682/0.9662
Ea.F.3.H.B,F02,Earl,dorm_sample,Bacteria,Pseudomonadota,Alphaproteobacteria,Rhizobiales,Rhizobiaceae,Neorhizobium,Neorhizobium rhizoryzae,0.25,0.00037092,0.9708/0.9331
Ea.F.3.H.B,F02,Earl,dorm_sample,Bacteria,Bacteroidota,Bacteroidia,Flavobacteriales,Weeksellaceae,Cloacibacterium,Cloacibacterium sp046296655,0.25,0.00037092,0.9731/0.9720
Ea.F.3.H.B,F02,Earl,dorm_sample,Bacteria,Pseudomonadota,Alphaproteobacteria,Caulobacterales,Caulobacteraceae,Brevundimonas,Brevundimonas diminuta,0.25,0.00037092,0.9773/0.9767
Ea.F.3.H.B,F02,Earl,dorm_sample,Bacteria,Pseudomonadota,Alphaproteobacteria,Sphingomonadales,Sphingomonadaceae,Sphingomonas,Sphingomonas sp943913195,0.25,0.00037092,0.9806/0.9788
Ea.F.3.H.B,F02,Earl,dorm_sample,Bacteria,Bacteroidota,Bacteroidia,Cytophagales,Spirosomataceae,Spirosoma,Spirosoma terrae,0.25,0.00037092,0.9830/0.9830
Ea.F.3.H.B,F02,Earl,dorm_sample,Bacteria,Pseudomonadota,Alphaproteobacteria,Rhizobiales,Hyphomicrobiaceae,Hyphomicrobium_C,Hyphomicrobium_C sp019744875,0.25,0.00037092,0.9889/0.9889
Ea.F.3.H.B,F02,Earl,dorm_sample,Bacteria,Bacteroidota,Bacteroidia,Chitinophagales,Chitinophagaceae,MKUN01,MKUN01 sp016786665,0.25,0.00037092,0.9909/0.9909
Ea.F.3.H.B,F02,Earl,dorm_sample,Bacteria,Pseudomonadota,Alphaproteobacteria,Sphingomonadales,Sphingomonadaceae,JAWKXU01,JAWKXU01 sp035581365,0.25,0.00037092,0.9917/0.9907
Ea.F.3.H.B,F02,Earl,dorm_sample,Bacteria,Pseudomonadota,Gammaproteobacteria,Burkholderiales,Rhodocyclaceae,Zoogloea,Zoogloea dura,0.25,0.00037092,0.9945/0.9945
Ea.F.3.H.B,F02,Earl,dorm_sample,Bacteria,Pseudomonadota,Gammaproteobacteria,Pseudomonadales,Moraxellaceae,Acinetobacter,Acinetobacter parvus,0.25,0.00037092,0.9950/0.9950
Ea.F.3.H.B,F02,Earl,dorm_sample,Bacteria,Myxococcota,Myxococcia,Myxococcales,Myxococcaceae,Archangium_A,Archangium_A gephyra_A,0.25,0.00037092,0.9964/0.9944
Ea.F.3.H.B,F02,Earl,dorm_sample,Bacteria,Actinomycetota,Actinomycetes,Mycobacteriales,Mycobacteriaceae,Mycobacterium,Mycobacterium fortuitum,0.25,0.00037092,0.9994/0.9994
Ea.F.3.H.B,F02,Earl,dorm_sample,Bacteria,Pseudomonadota,Gammaproteobacteria,Pseudomonadales,Pseudomonadaceae,Aquipseudomonas,Aquipseudomonas asiatica,0.25,0.00037092,0.9998/0.9998
Ea.F.3.H.B,F02,Earl,dorm_sample,Bacteria,Pseudomonadota,Alphaproteobacteria,Rhizobiales,Rhizobiaceae,Metarhizobium,Metarhizobium sp017305935,0.25,0.00037092,0.9999/0.9998
Ea.F.3.H.B,F02,Earl,dorm_sample,Bacteria,Actinomycetota,Actinomycetes,Actinomycetales,Microbacteriaceae,Agromyces,Agromyces mediolanus_A,0.25,0.00037092,0.9999/0.9999
Ea.F.3.H.B,F02,Earl,dorm_sample,Bacteria,Pseudomonadota,Alphaproteobacteria,JAIXQD01,JAIXQD01,JBFWRI01,JBFWRI01 sp050248995,0.375,0.00055638,0.7584/0.7243
Ea.F.3.H.B,F02,Earl,dorm_sample,Bacteria,Cyanobacteriota,Sericytochromatia,UBA7694,UBA7694,JACYMC01,JACYMC01 sp015272195,0.375,0.00055638,0.7675/0.7208
Ea.F.3.H.B,F02,Earl,dorm_sample,Bacteria,Chlamydiota,Chlamydiia,Chlamydiales,Parachlamydiaceae,Rubidus,Rubidus massiliensis,0.375,0.00055638,0.7701/0.7497
Ea.F.3.H.B,F02,Earl,dorm_sample,Bacteria,Bacteroidota,Bacteroidia,Cytophagales,UBA9547,UBA9547,UBA9547 sp025360395,0.375,0.00055638,0.7807/0.7742
Ea.F.3.H.B,F02,Earl,dorm_sample,Bacteria,Bacteroidota,Bacteroidia,Cytophagales,UBA9547,UBA9547,UBA9547 sp044349205,0.375,0.00055638,0.7853/0.7604
Ea.F.3.H.B,F02,Earl,dorm_sample,Bacteria,Bacteroidota,Bacteroidia,Cytophagales,UBA9547,UBA9547,UBA9547 sp043769845,0.375,0.00055638,0.7900/0.7689
Ea.F.3.H.B,F02,Earl,dorm_sample,Bacteria,Bacteroidota,Bacteroidia,Chitinophagales,LD1,Bog-950,Bog-950 sp046329515,0.375,0.00055638,0.7915/0.7716
Ea.F.3.H.B,F02,Earl,dorm_sample,Bacteria,Verrucomicrobiota,Verrucomicrobiia,Chthoniobacterales,Terrimicrobiaceae,CAMASH01,CAMASH01 sp041746635,0.375,0.00055638,0.8085/0.8038
Ea.F.3.H.B,F02,Earl,dorm_sample,Bacteria,Bacteroidota,Bacteroidia,Chitinophagales,Chitinophagaceae,Flavitalea,Flavitalea sp044224935,0.375,0.00055638,0.8136/0.7456
Ea.F.3.H.B,F02,Earl,dorm_sample,Bacteria,Bdellovibrionota,Bdellovibrionia,Bdellovibrionales,JAMPXM01,DATLHP01,DATLHP01 sp035539835,0.375,0.00055638,0.8187/0.7818
Ea.F.3.H.B,F02,Earl,dorm_sample,Bacteria,Pseudomonadota,Alphaproteobacteria,Caulobacterales,Caulobacteraceae,Brevundimonas,Brevundimonas sp044755415,0.375,0.00055638,0.8325/0.7869
Ea.F.3.H.B,F02,Earl,dorm_sample,Bacteria,Planctomycetota,Planctomycetia,Planctomycetales,Planctomycetaceae,Caulifigura,Caulifigura coniformis,0.375,0.00055638,0.8326/0.7956
Ea.F.3.H.B,F02,Earl,dorm_sample,Bacteria,Bacteroidota,Bacteroidia,Cytophagales,Spirosomataceae,Emticicia,Emticicia sp003418935,0.375,0.00055638,0.8378/0.8298
Ea.F.3.H.B,F02,Earl,dorm_sample,Bacteria,Pseudomonadota,Alphaproteobacteria,Rhizobiales,Rhizobiaceae,Rhizobium_E,Rhizobium_E sp019739215,0.375,0.00055638,0.8473/0.8147
Ea.F.3.H.B,F02,Earl,dorm_sample,Bacteria,Bacteroidota,Bacteroidia,Cytophagales,Cyclobacteriaceae,UBA2336,UBA2336 sp016786585,0.375,0.00055638,0.8480/0.7871
Ea.F.3.H.B,F02,Earl,dorm_sample,Bacteria,Pseudomonadota,Gammaproteobacteria,Burkholderiales,Burkholderiaceae_C,Aquincola,Aquincola tertiaricarbonis,0.375,0.00055638,0.8513/0.8306
Ea.F.3.H.B,F02,Earl,dorm_sample,Bacteria,Verrucomicrobiota,Verrucomicrobiia,Opitutales,Opitutaceae,UBA6669,UBA6669 sp002455175,0.375,0.00055638,0.8651/0.8641
Ea.F.3.H.B,F02,Earl,dorm_sample,Bacteria,Planctomycetota,Planctomycetia,Pirellulales,Lacipirellulaceae,Lacipirellula,Lacipirellula parvula,0.375,0.00055638,0.8672/0.7965
Ea.F.3.H.B,F02,Earl,dorm_sample,Bacteria,Actinomycetota,Actinomycetes,Actinomycetales,Microbacteriaceae,Pseudolysinimonas_A,Pseudolysinimonas_A sp023457615,0.375,0.00055638,0.8712/0.8492
Ea.F.3.H.B,F02,Earl,dorm_sample,Bacteria,Pseudomonadota,Alphaproteobacteria,Caulobacterales,Caulobacteraceae,Phenylobacterium,Phenylobacterium terrae,0.375,0.00055638,0.8764/0.8057
Ea.F.3.H.B,F02,Earl,dorm_sample,Bacteria,Pseudomonadota,Gammaproteobacteria,Burkholderiales,Burkholderiaceae_C,Aquabacterium,Aquabacterium sp016219375,0.375,0.00055638,0.8827/0.8512
Ea.F.3.H.B,F02,Earl,dorm_sample,Bacteria,Pseudomonadota,Gammaproteobacteria,Steroidobacterales,Steroidobacteraceae,Steroidobacter,Steroidobacter sp036402275,0.375,0.00055638,0.8830/0.8436
Ea.F.3.H.B,F02,Earl,dorm_sample,Bacteria,Pseudomonadota,Alphaproteobacteria,Caulobacterales,Caulobacteraceae,Phenylobacterium,Phenylobacterium sp040752615,0.375,0.00055638,0.9009/0.8628
Ea.F.3.H.B,F02,Earl,dorm_sample,Bacteria,Pseudomonadota,Gammaproteobacteria,Xanthomonadales,Ahniellaceae,CALKUS01,CALKUS01 sp937996755,0.375,0.00055638,0.9025/0.8684
Ea.F.3.H.B,F02,Earl,dorm_sample,Bacteria,Pseudomonadota,Gammaproteobacteria,Burkholderiales,Burkholderiaceae_C,Acidovorax,Acidovorax sp001428665,0.375,0.00055638,0.9031/0.8491
Ea.F.3.H.B,F02,Earl,dorm_sample,Bacteria,Pseudomonadota,Alphaproteobacteria,Caulobacterales,Caulobacteraceae,Phenylobacterium,Phenylobacterium koreense,0.375,0.00055638,0.9038/0.8258
Ea.F.3.H.B,F02,Earl,dorm_sample,Bacteria,Pseudomonadota,Alphaproteobacteria,Caulobacterales,Hyphomonadaceae,UBA7672,UBA7672 sp965229115,0.375,0.00055638,0.9092/0.9045
Ea.F.3.H.B,F02,Earl,dorm_sample,Bacteria,Bacteroidota,Bacteroidia,Flavobacteriales,Flavobacteriaceae,Flavobacterium,Flavobacterium anseongense,0.375,0.00055638,0.9098/0.8837
Ea.F.3.H.B,F02,Earl,dorm_sample,Bacteria,Bacteroidota,Bacteroidia,Cytophagales,172606-1,Xanthocytophaga,Xanthocytophaga sp963520985,0.375,0.00055638,0.9154/0.8409
Ea.F.3.H.B,F02,Earl,dorm_sample,Bacteria,Pseudomonadota,Gammaproteobacteria,Burkholderiales,Burkholderiaceae_C,Aquabacterium,Aquabacterium sp004322345,0.375,0.00055638,0.9186/0.9085
Ea.F.3.H.B,F02,Earl,dorm_sample,Bacteria,Pseudomonadota,Alphaproteobacteria,Sphingomonadales,Sphingomonadaceae,Sphingomonas,Sphingomonas sp964407945,0.375,0.00055638,0.9269/0.9201
Ea.F.3.H.B,F02,Earl,dorm_sample,Bacteria,Pseudomonadota,Alphaproteobacteria,Caulobacterales,Caulobacteraceae,Brevundimonas,Brevundimonas sp051858995,0.375,0.00055638,0.9323/0.8975
Ea.F.3.H.B,F02,Earl,dorm_sample,Bacteria,Pseudomonadota,Alphaproteobacteria,Rhodobacterales,Rhodobacteraceae,Albidovulum,Albidovulum sp020161655,0.375,0.00055638,0.9478/0.9468
Ea.F.3.H.B,F02,Earl,dorm_sample,Bacteria,Pseudomonadota,Alphaproteobacteria,Rhizobiales,Xanthobacteraceae,Bradyrhizobium,Bradyrhizobium sp023387735,0.375,0.00055638,0.9657/0.9627
Ea.F.3.H.B,F02,Earl,dorm_sample,Bacteria,Pseudomonadota,Gammaproteobacteria,Xanthomonadales,Xanthomonadaceae,Pseudoxanthomonas_A,Pseudoxanthomonas_A japonensis,0.375,0.00055638,0.9760/0.9727
Ea.F.3.H.B,F02,Earl,dorm_sample,Bacteria,Pseudomonadota,Gammaproteobacteria,Burkholderiales,Burkholderiaceae_C,Acidovorax,Acidovorax facilis,0.375,0.00055638,0.9941/0.9941
Ea.F.3.H.B,F02,Earl,dorm_sample,Bacteria,Pseudomonadota,Alphaproteobacteria,Caulobacterales,Caulobacteraceae,Brevundimonas,Brevundimonas aurantiaca,0.375,0.00055638,0.9942/0.9942
Ea.F.3.H.B,F02,Earl,dorm_sample,Bacteria,Bacteroidota,Bacteroidia,Flavobacteriales_D,Crocinitomicaceae,Taishania,Taishania pollutisoli,0.375,0.00055638,0.9958/0.9957
Ea.F.3.H.B,F02,Earl,dorm_sample,Bacteria,Pseudomonadota,Alphaproteobacteria,Sphingomonadales,Sphingomonadaceae,Sphingomonas,Sphingomonas sp900109205,0.375,0.00055638,0.9958/0.9958
Ea.F.3.H.B,F02,Earl,dorm_sample,Bacteria,Chlamydiota,Chlamydiia,Chlamydiales,Parachlamydiaceae,JANWJE01,JANWJE01 sp044226925,0.5,0.00074184,0.7563/0.7238
Ea.F.3.H.B,F02,Earl,dorm_sample,Bacteria,Bacteroidota,Bacteroidia,Chitinophagales,Chitinophagaceae,PMP191F,PMP191F sp001302245,0.5,0.00074184,0.7827/0.7303
Ea.F.3.H.B,F02,Earl,dorm_sample,Bacteria,Bdellovibrionota,Bacteriovoracia,Bacteriovoracales,Bacteriovoracaceae,Bacteriovorax,Bacteriovorax stolpii,0.5,0.00074184,0.8204/0.7857
Ea.F.3.H.B,F02,Earl,dorm_sample,Bacteria,Pseudomonadota,Alphaproteobacteria,Rickettsiales,SXRF01,JANRKF01,JANRKF01 sp033763575,0.5,0.00074184,0.8205/0.7647
Ea.F.3.H.B,F02,Earl,dorm_sample,Bacteria,Bacteroidota,Bacteroidia,Chitinophagales,Chitinophagaceae,Flavitalea,Flavitalea sp963808065,0.5,0.00074184,0.8215/0.7875
Ea.F.3.H.B,F02,Earl,dorm_sample,Bacteria,Myxococcota_A,Polyangia,Polyangiales,Polyangiaceae,Labilithrix,Labilithrix sp001899635,0.5,0.00074184,0.8461/0.8214
Ea.F.3.H.B,F02,Earl,dorm_sample,Bacteria,Pseudomonadota,Gammaproteobacteria,Burkholderiales,Burkholderiaceae_C,Hydrogenophaga,Hydrogenophaga sp018993155,0.5,0.00074184,0.8756/0.8554
Ea.F.3.H.B,F02,Earl,dorm_sample,Bacteria,Pseudomonadota,Gammaproteobacteria,Burkholderiales,Burkholderiaceae_C,Hydrogenophaga,Hydrogenophaga sp943368755,0.5,0.00074184,0.8958/0.8894
Ea.F.3.H.B,F02,Earl,dorm_sample,Bacteria,Pseudomonadota,Gammaproteobacteria,Xanthomonadales,Rhodanobacteraceae,Tahibacter,Tahibacter sp042701255,0.5,0.00074184,0.9020/0.8931
Ea.F.3.H.B,F02,Earl,dorm_sample,Bacteria,Pseudomonadota,Alphaproteobacteria,Rhizobiales,Beijerinckiaceae,Allobosea,Allobosea sp050275675,0.5,0.00074184,0.9043/0.8806
Ea.F.3.H.B,F02,Earl,dorm_sample,Bacteria,Pseudomonadota,Gammaproteobacteria,Burkholderiales,Burkholderiaceae_C,Acidovorax,Acidovorax sp034519795,0.5,0.00074184,0.9331/0.9248
Ea.F.3.H.B,F02,Earl,dorm_sample,Bacteria,Pseudomonadota,Alphaproteobacteria,Caulobacterales,Caulobacteraceae,Brevundimonas,Brevundimonas sp001295975,0.5,0.00074184,0.9525/0.8958
Ea.F.3.H.B,F02,Earl,dorm_sample,Bacteria,Bacteroidota,Bacteroidia,Chitinophagales,Chitinophagaceae,Pseudobacter,Pseudobacter sp051955275,0.5,0.00074184,0.9583/0.9451
Ea.F.3.H.B,F02,Earl,dorm_sample,Bacteria,Pseudomonadota,Gammaproteobacteria,Xanthomonadales,Rhodanobacteraceae,Dokdonella,Dokdonella denitrificans_A,0.5,0.00074184,0.9608/0.9395
Ea.F.3.H.B,F02,Earl,dorm_sample,Bacteria,Pseudomonadota,Alphaproteobacteria,Rhizobiales,Xanthobacteraceae,Bradyrhizobium,Bradyrhizobium sp016462955,0.5,0.00074184,0.9650/0.9540
Ea.F.3.H.B,F02,Earl,dorm_sample,Bacteria,Pseudomonadota,Gammaproteobacteria,Burkholderiales,Burkholderiaceae_C,Aquabacterium,Aquabacterium sp049322875,0.5,0.00074184,0.9693/0.9459
Ea.F.3.H.B,F02,Earl,dorm_sample,Bacteria,Pseudomonadota,Alphaproteobacteria,Rhizobiales,Beijerinckiaceae,Methylobacterium,Methylobacterium sp003173775,0.5,0.00074184,0.9828/0.9823
Ea.F.3.H.B,F02,Earl,dorm_sample,Bacteria,Pseudomonadota,Alphaproteobacteria,Sphingomonadales,Sphingomonadaceae,Sphingomonas,Sphingomonas sp012650175,0.5,0.00074184,0.9865/0.9864
Ea.F.3.H.B,F02,Earl,dorm_sample,Bacteria,Bacteroidota,Bacteroidia,Chitinophagales,Chitinophagaceae,Terrimonas,Terrimonas sp937888905,0.5,0.00074184,0.9901/0.9898
Ea.F.3.H.B,F02,Earl,dorm_sample,Bacteria,Pseudomonadota,Gammaproteobacteria,Xanthomonadales,Rhodanobacteraceae,Tahibacter,Tahibacter harae,0.5,0.00074184,0.9930/0.9930
Ea.F.3.H.B,F02,Earl,dorm_sample,Bacteria,Pseudomonadota,Alphaproteobacteria,Rhizobiales,Beijerinckiaceae,Methylobacterium,Methylobacterium radiotolerans,0.5,0.00074184,0.9958/0.9958
Ea.F.3.H.B,F02,Earl,dorm_sample,Bacteria,Pseudomonadota,Alphaproteobacteria,Caulobacterales,Caulobacteraceae,Brevundimonas,Brevundimonas pondensis,0.5,0.00074184,0.9998/0.9998
Ea.F.3.H.B,F02,Earl,dorm_sample,Bacteria,Bdellovibrionota,Bdellovibrionia,Bdellovibrionales,UBA1609,JALHOQ01,JALHOQ01 sp019637855,0.625,0.0009273,0.7774/0.7570
Ea.F.3.H.B,F02,Earl,dorm_sample,Bacteria,Bacteroidota,Bacteroidia,Chitinophagales,Chitinophagaceae,Flavitalea,Flavitalea sp964606315,0.625,0.0009273,0.7919/0.7487
Ea.F.3.H.B,F02,Earl,dorm_sample,Bacteria,Verrucomicrobiota,Verrucomicrobiia,Opitutales,Opitutaceae,UBA6669,UBA6669 sp963205455,0.625,0.0009273,0.7988/0.7849
Ea.F.3.H.B,F02,Earl,dorm_sample,Bacteria,Bacteroidota,Bacteroidia,Cytophagales,Cyclobacteriaceae,UBA2336,UBA2336 sp019694875,0.625,0.0009273,0.8578/0.8504
Ea.F.3.H.B,F02,Earl,dorm_sample,Bacteria,Bacteroidota,Bacteroidia,B-17B0,Aurantibacillaceae,UBA4416,UBA4416 sp040386075,0.625,0.0009273,0.8636/0.8545
Ea.F.3.H.B,F02,Earl,dorm_sample,Bacteria,Verrucomicrobiota,Verrucomicrobiia,Verrucomicrobiales,Verrucomicrobiaceae,Roseimicrobium,Roseimicrobium sp011044495,0.625,0.0009273,0.8657/0.8598
Ea.F.3.H.B,F02,Earl,dorm_sample,Bacteria,Pseudomonadota,Alphaproteobacteria,Caulobacterales,Caulobacteraceae,Phenylobacterium,Phenylobacterium sp964254345,0.625,0.0009273,0.9012/0.8916
Ea.F.3.H.B,F02,Earl,dorm_sample,Bacteria,Bdellovibrionota,Bdellovibrionia,Bdellovibrionales,Bdellovibrionaceae,Bdellovibrio,Bdellovibrio sp047345725,0.625,0.0009273,0.9146/0.9090
Ea.F.3.H.B,F02,Earl,dorm_sample,Bacteria,Planctomycetota,Planctomycetia,Pirellulales,Pirellulaceae,JBKCUI01,JBKCUI01 sp001610875,0.625,0.0009273,0.9219/0.9004
Ea.F.3.H.B,F02,Earl,dorm_sample,Bacteria,Actinomycetota,Actinomycetes,Mycobacteriales,Mycobacteriaceae,Mycobacterium,Mycobacterium sp018326285,0.625,0.0009273,0.9795/0.9692
Ea.F.3.H.B,F02,Earl,dorm_sample,Bacteria,Pseudomonadota,Alphaproteobacteria,Micavibrionales,Micavibrionaceae,Micavibrio_B,Micavibrio_B sp964399985,0.75,0.00111276,0.7820/0.7666
Ea.F.3.H.B,F02,Earl,dorm_sample,Bacteria,Bacteroidota,Bacteroidia,Cytophagales,Spirosomataceae,Emticicia,Emticicia sp943368675,0.75,0.00111276,0.8515/0.8056
Ea.F.3.H.B,F02,Earl,dorm_sample,Bacteria,Bacteroidota,Bacteroidia,Cytophagales,Cyclobacteriaceae,Chryseolinea,Chryseolinea sp049840655,0.75,0.00111276,0.8518/0.8365
Ea.F.3.H.B,F02,Earl,dorm_sample,Bacteria,Pseudomonadota,Gammaproteobacteria,Steroidobacterales,Steroidobacteraceae,Steroidobacter,Steroidobacter flavus,0.75,0.00111276,0.9036/0.8734
Ea.F.3.H.B,F02,Earl,dorm_sample,Bacteria,Pseudomonadota,Gammaproteobacteria,Burkholderiales,Rhodocyclaceae,Azonexus,Azonexus sp023150235,0.75,0.00111276,0.9203/0.9140
Ea.F.3.H.B,F02,Earl,dorm_sample,Bacteria,Pseudomonadota,Alphaproteobacteria,Rhizobiales,Beijerinckiaceae,Allobosea,Allobosea sp024231975,0.75,0.00111276,0.9244/0.9023
Ea.F.3.H.B,F02,Earl,dorm_sample,Bacteria,Pseudomonadota,Gammaproteobacteria,Xanthomonadales,Xanthomonadaceae,Pseudoxanthomonas_A,Pseudoxanthomonas_A sp001427635,0.75,0.00111276,0.9374/0.9275
Ea.F.3.H.B,F02,Earl,dorm_sample,Bacteria,Pseudomonadota,Alphaproteobacteria,Rhizobiales,Xanthobacteraceae,Bradyrhizobium,Bradyrhizobium diversitatis,0.75,0.00111276,0.9406/0.9277
Ea.F.3.H.B,F02,Earl,dorm_sample,Bacteria,Bacteroidota,Bacteroidia,Chitinophagales,Chitinophagaceae,Niabella,Niabella sp052044285,0.75,0.00111276,0.9612/0.8794
Ea.F.3.H.B,F02,Earl,dorm_sample,Bacteria,Pseudomonadota,Alphaproteobacteria,Rhizobiales,Beijerinckiaceae,Methylobacterium,Methylobacterium sp900112625,0.75,0.00111276,0.9753/0.9735
Ea.F.3.H.B,F02,Earl,dorm_sample,Bacteria,Pseudomonadota,Alphaproteobacteria,Sphingomonadales,Sphingomonadaceae,Sphingomonas,Sphingomonas koreensis,0.75,0.00111276,0.9758/0.9721
Ea.F.3.H.B,F02,Earl,dorm_sample,Bacteria,Bacteroidota,Bacteroidia,Chitinophagales,LD1,Bog-950,Bog-950 sp018267435,0.75,0.00111276,0.9764/0.8861
Ea.F.3.H.B,F02,Earl,dorm_sample,Bacteria,Pseudomonadota,Gammaproteobacteria,Pseudomonadales,Moraxellaceae,Faucicola,Faucicola tetraodonis,0.75,0.00111276,0.9775/0.9755
Ea.F.3.H.B,F02,Earl,dorm_sample,Bacteria,Actinomycetota,Actinomycetes,Actinomycetales,Microbacteriaceae,Microbacterium,Microbacterium sp003248845,0.75,0.00111276,0.9890/0.9889
Ea.F.3.H.B,F02,Earl,dorm_sample,Bacteria,Bdellovibrionota,Bacteriovoracia,Bacteriovoracales,Bacteriovoracaceae,Peredibacter,Peredibacter starrii,0.875,0.00129822,0.7845/0.7656
Ea.F.3.H.B,F02,Earl,dorm_sample,Bacteria,Bacteroidota,Bacteroidia,Flavobacteriales,Flavobacteriaceae,Flavobacterium,Flavobacterium sp049841115,0.875,0.00129822,0.8321/0.7802
Ea.F.3.H.B,F02,Earl,dorm_sample,Bacteria,Pseudomonadota,Gammaproteobacteria,Burkholderiales,Burkholderiaceae_C,Pseudorhodoferax,Pseudorhodoferax sp032153935,0.875,0.00129822,0.9200/0.9129
Ea.F.3.H.B,F02,Earl,dorm_sample,Bacteria,Pseudomonadota,Alphaproteobacteria,Caulobacterales,Caulobacteraceae,Phenylobacterium,Phenylobacterium sp049445735,0.875,0.00129822,0.9461/0.9390
Ea.F.3.H.B,F02,Earl,dorm_sample,Bacteria,Bacteroidota,Bacteroidia,B-17B0,Aurantibacillaceae,UBA4416,UBA4416 sp943362175,0.875,0.00129822,0.9525/0.9155
Ea.F.3.H.B,F02,Earl,dorm_sample,Bacteria,Pseudomonadota,Alphaproteobacteria,Rhizobiales,Rhizobiaceae,Ensifer,Ensifer sp000799055,0.875,0.00129822,0.9885/0.9884
Ea.F.3.H.B,F02,Earl,dorm_sample,Bacteria,Pseudomonadota,Alphaproteobacteria,Rhizobiales,Beijerinckiaceae,Methylobacterium,Methylobacterium aquaticum,0.875,0.00129822,0.9886/0.9873
Ea.F.3.H.B,F02,Earl,dorm_sample,Bacteria,Bacteroidota,Bacteroidia,Chitinophagales,Chitinophagaceae,Niabella,Niabella sp027493055,0.875,0.00129822,0.9955/0.9867
Ea.F.3.H.B,F02,Earl,dorm_sample,Bacteria,Pseudomonadota,Gammaproteobacteria,Pseudomonadales,Moraxellaceae,Acinetobacter,Acinetobacter johnsonii,0.875,0.00129822,0.9972/0.9972
Ea.F.3.H.B,F02,Earl,dorm_sample,Bacteria,Pseudomonadota,Alphaproteobacteria,Micavibrionales,Micavibrionaceae,Micavibrio_B,Micavibrio_B sp030824965,1,0.00148368,0.7926/0.7314
Ea.F.3.H.B,F02,Earl,dorm_sample,Bacteria,Pseudomonadota,Alphaproteobacteria,Micavibrionales,Micavibrionaceae,Micavibrio_B,Micavibrio_B sp027482195,1,0.00148368,0.7982/0.7824
Ea.F.3.H.B,F02,Earl,dorm_sample,Bacteria,Pseudomonadota,Alphaproteobacteria,Caulobacterales,Caulobacteraceae,Phenylobacterium,Phenylobacterium sp041916435,1,0.00148368,0.8373/0.7983
Ea.F.3.H.B,F02,Earl,dorm_sample,Bacteria,Bacteroidota,Bacteroidia,Chitinophagales,Chitinophagaceae,UBA5543,UBA5543 sp964464965,1,0.00148368,0.8405/0.8259
Ea.F.3.H.B,F02,Earl,dorm_sample,Bacteria,Myxococcota_A,Polyangia,Polyangiales,Polyangiaceae,Labilithrix,Labilithrix sp046351255,1,0.00148368,0.8727/0.8095
Ea.F.3.H.B,F02,Earl,dorm_sample,Bacteria,Bacteroidota,Bacteroidia,Cytophagales,Cytophagaceae,Cytophaga,Cytophaga aurantiaca,1,0.00148368,0.9056/0.8954
Ea.F.3.H.B,F02,Earl,dorm_sample,Bacteria,Pseudomonadota,Alphaproteobacteria,Caulobacterales,Caulobacteraceae,Brevundimonas,Brevundimonas sp049445955,1,0.00148368,0.9080/0.8928
Ea.F.3.H.B,F02,Earl,dorm_sample,Bacteria,Pseudomonadota,Alphaproteobacteria,Sphingomonadales,Sphingomonadaceae,Sphingobium,Sphingobium yanoikuyae_A,1,0.00148368,0.9812/0.9811
Ea.F.3.H.B,F02,Earl,dorm_sample,Bacteria,Actinomycetota,Actinomycetes,Mycobacteriales,Mycobacteriaceae,Mycobacterium,Mycobacterium grossiae,1,0.00148368,0.9893/0.9854
Ea.F.3.H.B,F02,Earl,dorm_sample,Bacteria,Chlamydiota,Chlamydiia,Chlamydiales,Parachlamydiaceae,Protochlamydia,Protochlamydia amoebophila,1.125,0.001669139,0.7967/0.7809
Ea.F.3.H.B,F02,Earl,dorm_sample,Bacteria,Patescibacteriota,Saccharimonadia,Saccharimonadales,Saccharimonadaceae,Microsaccharimonas,Microsaccharimonas sp963517285,1.125,0.001669139,0.8425/0.8180
Ea.F.3.H.B,F02,Earl,dorm_sample,Bacteria,Myxococcota_A,Polyangia,Polyangiales,Polyangiaceae,Labilithrix,Labilithrix sp019637195,1.125,0.001669139,0.8784/0.8458
Ea.F.3.H.B,F02,Earl,dorm_sample,Bacteria,Pseudomonadota,Alphaproteobacteria,Sphingomonadales,Sphingomonadaceae,Sphingopyxis,Sphingopyxis fribergensis,1.125,0.001669139,0.9113/0.8771
Ea.F.3.H.B,F02,Earl,dorm_sample,Bacteria,Pseudomonadota,Alphaproteobacteria,Micropepsales,Micropepsaceae,JADZAI01,JADZAI01 sp047602465,1.125,0.001669139,0.9225/0.8740
Ea.F.3.H.B,F02,Earl,dorm_sample,Bacteria,Pseudomonadota,Alphaproteobacteria,Rhizobiales,Xanthobacteraceae,Bradyrhizobium,Bradyrhizobium sp035575945,1.125,0.001669139,0.9478/0.9335
Ea.F.3.H.B,F02,Earl,dorm_sample,Bacteria,Bacteroidota,Bacteroidia,Flavobacteriales,Weeksellaceae,Cloacibacterium,Cloacibacterium sp002422665,1.125,0.001669139,0.9710/0.9632
Ea.F.3.H.B,F02,Earl,dorm_sample,Bacteria,Bdellovibrionota,Bacteriovoracia,Bacteriovoracales,Bacteriovoracaceae,UBA6144,UBA6144 sp046570105,1.25,0.001854599,0.7894/0.7764
Ea.F.3.H.B,F02,Earl,dorm_sample,Bacteria,Bdellovibrionota,Bdellovibrionia,Bdellovibrionales,JAMPXM01,Ga0074137,Ga0074137 sp001464715,1.25,0.001854599,0.7905/0.7478
Ea.F.3.H.B,F02,Earl,dorm_sample,Bacteria,Pseudomonadota,Alphaproteobacteria,Micavibrionales,Micavibrionaceae,Micavibrio_B,Micavibrio_B sp044238965,1.25,0.001854599,0.8109/0.7653
Ea.F.3.H.B,F02,Earl,dorm_sample,Bacteria,Pseudomonadota,Gammaproteobacteria,Burkholderiales,Burkholderiaceae,Imbroritus,Imbroritus primus,1.25,0.001854599,0.9234/0.9182
Ea.F.3.H.B,F02,Earl,dorm_sample,Bacteria,Pseudomonadota,Gammaproteobacteria,Xanthomonadales,Xanthomonadaceae,Lysobacter_I,Lysobacter_I sp050632415,1.25,0.001854599,0.9404/0.9194
Ea.F.3.H.B,F02,Earl,dorm_sample,Bacteria,Pseudomonadota,Alphaproteobacteria,Rhizobiales,Beijerinckiaceae,Allobosea,Allobosea sp900112185,1.25,0.001854599,0.9544/0.9462
Ea.F.3.H.B,F02,Earl,dorm_sample,Bacteria,Bdellovibrionota,Bdellovibrionia,Bdellovibrionales,Bdellovibrionaceae,UBA2316,UBA2316 sp002344565,1.25,0.001854599,0.9718/0.9664
Ea.F.3.H.B,F02,Earl,dorm_sample,Bacteria,Bacteroidota,Bacteroidia,Flavobacteriales,Weeksellaceae,Cloacibacterium,Cloacibacterium normanense,1.25,0.001854599,0.9839/0.9704
Ea.F.3.H.B,F02,Earl,dorm_sample,Bacteria,Actinomycetota,Actinomycetes,Actinomycetales,Microbacteriaceae,Pseudolysinimonas_A,Pseudolysinimonas_A sp947085045,1.375,0.002040059,0.8487/0.7881
Ea.F.3.H.B,F02,Earl,dorm_sample,Bacteria,Planctomycetota,Planctomycetia,Pirellulales,Lacipirellulaceae,Lacipirellula,Lacipirellula sp013822725,1.375,0.002040059,0.8920/0.8790
Ea.F.3.H.B,F02,Earl,dorm_sample,Bacteria,Pseudomonadota,Alphaproteobacteria,Caulobacterales,Caulobacteraceae,Brevundimonas,Brevundimonas sp041919755,1.375,0.002040059,0.9253/0.8708
Ea.F.3.H.B,F02,Earl,dorm_sample,Bacteria,Pseudomonadota,Gammaproteobacteria,Burkholderiales,Burkholderiaceae_C,Acidovorax,Acidovorax sp046339755,1.375,0.002040059,0.9932/0.9922
Ea.F.3.H.B,F02,Earl,dorm_sample,Bacteria,Pseudomonadota,Gammaproteobacteria,Burkholderiales,Rhodocyclaceae,Azonexus,Azonexus aquae,1.5,0.002225519,0.8874/0.8849
Ea.F.3.H.B,F02,Earl,dorm_sample,Bacteria,Pseudomonadota,Gammaproteobacteria,Burkholderiales,Burkholderiaceae_C,Aquabacterium,Aquabacterium sp005502875,1.5,0.002225519,0.9428/0.9281
Ea.F.3.H.B,F02,Earl,dorm_sample,Bacteria,Pseudomonadota,Gammaproteobacteria,Xanthomonadales,Xanthomonadaceae,Pseudoxanthomonas_A,Pseudoxanthomonas_A beigongshangi,1.5,0.002225519,0.9790/0.9763
Ea.F.3.H.B,F02,Earl,dorm_sample,Bacteria,Bdellovibrionota,Bdellovibrionia,Bdellovibrionales,JAEYZS01,JAEYZS01,JAEYZS01 sp040386775,1.625,0.002410979,0.8126/0.7943
Ea.F.3.H.B,F02,Earl,dorm_sample,Bacteria,Bacteroidota,Bacteroidia,B-17B0,Aurantibacillaceae,UBA4416,UBA4416 sp036676295,1.625,0.002410979,0.8500/0.8323
Ea.F.3.H.B,F02,Earl,dorm_sample,Bacteria,Pseudomonadota,Alphaproteobacteria,Caulobacterales,Caulobacteraceae,Phenylobacterium,Phenylobacterium sp001724985,1.625,0.002410979,0.8827/0.8516
Ea.F.3.H.B,F02,Earl,dorm_sample,Bacteria,Pseudomonadota,Alphaproteobacteria,Sphingomonadales,Sphingomonadaceae,Erythrobacter,Erythrobacter oryzae,1.625,0.002410979,0.9230/0.8827
Ea.F.3.H.B,F02,Earl,dorm_sample,Bacteria,Bacteroidota,Bacteroidia,B-17B0,Aurantibacillaceae,UBA4416,UBA4416 sp048498515,1.75,0.002596439,0.8191/0.7925
Ea.F.3.H.B,F02,Earl,dorm_sample,Bacteria,Myxococcota_A,Polyangia,Polyangiales,Polyangiaceae,Labilithrix,Labilithrix sp019637105,1.875,0.002781899,0.8377/0.7819
Ea.F.3.H.B,F02,Earl,dorm_sample,Bacteria,Pseudomonadota,Alphaproteobacteria,Rhizobiales,Hyphomicrobiaceae,Hyphomicrobium_B,Hyphomicrobium_B sp017512425,1.875,0.002781899,0.8385/0.8223
Ea.F.3.H.B,F02,Earl,dorm_sample,Bacteria,Pseudomonadota,Alphaproteobacteria,Caulobacterales,Caulobacteraceae,Brevundimonas,Brevundimonas sp052436175,1.875,0.002781899,0.9151/0.8821
Ea.F.3.H.B,F02,Earl,dorm_sample,Bacteria,Pseudomonadota,Gammaproteobacteria,Xanthomonadales,Xanthomonadaceae,Pseudoxanthomonas_A,Pseudoxanthomonas_A sp037046485,1.875,0.002781899,0.9787/0.9783
Ea.F.3.H.B,F02,Earl,dorm_sample,Bacteria,Pseudomonadota,Gammaproteobacteria,Burkholderiales,Rhodocyclaceae,Azonexus,Azonexus fungiphilus,2,0.002967359,0.9901/0.9897
Ea.F.3.H.B,F02,Earl,dorm_sample,Bacteria,Bdellovibrionota,Bacteriovoracia,Bacteriovoracales,Bacteriovoracaceae,UBA6144,UBA6144 sp964399165,2.125,0.003152819,0.7460/0.7181
Ea.F.3.H.B,F02,Earl,dorm_sample,Bacteria,Patescibacteriota,Saccharimonadia,Saccharimonadales,Saccharimonadaceae,Microsaccharimonas,Microsaccharimonas sp050730895,2.125,0.003152819,0.7893/0.7699
Ea.F.3.H.B,F02,Earl,dorm_sample,Bacteria,Patescibacteriota,Saccharimonadia,Saccharimonadales,Saccharimonadaceae,Microsaccharimonas,Microsaccharimonas sp001897295,2.25,0.003338279,0.8541/0.8070
Ea.F.3.H.B,F02,Earl,dorm_sample,Bacteria,Pseudomonadota,Gammaproteobacteria,Burkholderiales,Burkholderiaceae_C,Acidovorax,Acidovorax temperans,2.25,0.003338279,0.9825/0.9824
Ea.F.3.H.B,F02,Earl,dorm_sample,Bacteria,Bdellovibrionota,Bacteriovoracia,Bacteriovoracales,Bacteriovoracaceae,UBA6144,UBA6144 sp040377215,2.375,0.003523739,0.8156/0.8007
Ea.F.3.H.B,F02,Earl,dorm_sample,Bacteria,Pseudomonadota,Gammaproteobacteria,Xanthomonadales,Xanthomonadaceae,Lysobacter_I,Lysobacter_I sp036404915,2.375,0.003523739,0.9789/0.9688
Ea.F.3.H.B,F02,Earl,dorm_sample,Bacteria,Actinomycetota,Actinomycetes,Mycobacteriales,Nakamurellaceae,Nakamurella,Nakamurella multipartita,2.5,0.003709199,0.9910/0.9891
Ea.F.3.H.B,F02,Earl,dorm_sample,Bacteria,Pseudomonadota,Alphaproteobacteria,Caulobacterales,Caulobacteraceae,Caulobacter,Caulobacter sp913776195,2.875,0.004265579,0.9630/0.9392
Ea.F.3.H.B,F02,Earl,dorm_sample,Bacteria,Pseudomonadota,Alphaproteobacteria,Caulobacterales,Caulobacteraceae,Caulobacter,Caulobacter sp039596335,3,0.004451039,0.9814/0.9264
Ea.F.3.H.B,F02,Earl,dorm_sample,Bacteria,Bdellovibrionota,Bacteriovoracia,Bacteriovoracales,Bacteriovoracaceae,UBA6144,UBA6144 sp036770305,3.125,0.004636499,0.7729/0.7436
Ea.F.3.H.B,F02,Earl,dorm_sample,Bacteria,Pseudomonadota,Alphaproteobacteria,Sphingomonadales,Sphingomonadaceae,Sphingopyxis,Sphingopyxis soli,3.125,0.004636499,0.9096/0.8694
Ea.F.3.H.B,F02,Earl,dorm_sample,Bacteria,Pseudomonadota,Alphaproteobacteria,Rhizobiales,Beijerinckiaceae,Allobosea,Allobosea eneae,3.375,0.005007418,0.9560/0.9214
Ea.F.3.H.B,F02,Earl,dorm_sample,Bacteria,Pseudomonadota,Gammaproteobacteria,Burkholderiales,Burkholderiaceae_C,Aquincola,Aquincola tertiaricarbonis_B,3.5,0.005192878,0.9414/0.9316
Ea.F.3.H.B,F02,Earl,dorm_sample,Bacteria,Pseudomonadota,Gammaproteobacteria,Burkholderiales,Burkholderiaceae_C,Pseudorhodoferax,Pseudorhodoferax sp049840715,3.75,0.005563798,0.8863/0.8735
Ea.F.3.H.B,F02,Earl,dorm_sample,Bacteria,Bacteroidota,Bacteroidia,Chitinophagales,Chitinophagaceae,Endoryza,Endoryza sp965279015,3.875,0.005749258,0.7990/0.7616
Ea.F.3.H.B,F02,Earl,dorm_sample,Bacteria,Bacteroidota,Bacteroidia,Chitinophagales,Chitinophagaceae,CAYMZZ01,CAYMZZ01 sp001898485,4.5,0.006676558,0.9933/0.9932
Ea.F.3.H.B,F02,Earl,dorm_sample,Bacteria,Pseudomonadota,Alphaproteobacteria,Caulobacterales,Caulobacteraceae,Phenylobacterium,Phenylobacterium sp041919955,5.125,0.007603858,0.9917/0.9680
Ea.F.3.H.B,F02,Earl,dorm_sample,Bacteria,Cyanobacteriota,Vampirovibrionia,Obscuribacterales,Obscuribacteraceae,JAFKGK01,JAFKGK01 sp017307165,5.25,0.007789318,0.9675/0.9665
Ea.F.3.H.B,F02,Earl,dorm_sample,Bacteria,Bdellovibrionota,Bdellovibrionia,Bdellovibrionales,UBA1609,CAYHVK01,CAYHVK01 sp964360255,5.625,0.008345697,0.8167/0.7886
Ea.F.3.H.B,F02,Earl,dorm_sample,Bacteria,Pseudomonadota,Gammaproteobacteria,Burkholderiales,Burkholderiaceae_C,Aquabacterium,Aquabacterium parvum,5.75,0.008531157,0.9245/0.9068
Ea.F.3.H.B,F02,Earl,dorm_sample,Bacteria,Pseudomonadota,Alphaproteobacteria,Caulobacterales,Caulobacteraceae,Brevundimonas,Brevundimonas bacteroides,5.875,0.008716617,0.9177/0.8822
Ea.F.3.H.B,F02,Earl,dorm_sample,Bacteria,Pseudomonadota,Gammaproteobacteria,Burkholderiales,Burkholderiaceae_C,Ottowia,Ottowia testudinis,6.625,0.009829377,0.9014/0.8934
Ea.F.3.H.B,F02,Earl,dorm_sample,Bacteria,Pseudomonadota,Gammaproteobacteria,Pseudomonadales,Pseudomonadaceae,Aquipseudomonas,Aquipseudomonas alcaligenes,6.75,0.01001484,0.9869/0.9869
Ea.F.3.H.B,F02,Earl,dorm_sample,Bacteria,Pseudomonadota,Gammaproteobacteria,Burkholderiales,Burkholderiaceae_C,MR-S7,MR-S7 sp000400995,7.625,0.01131306,0.9915/0.9915
Ea.F.3.H.B,F02,Earl,dorm_sample,Bacteria,Acidobacteriota,Blastocatellia,Pyrinomonadales,Pyrinomonadaceae,G965247235,G965247235 sp965247235,7.875,0.01168398,0.8170/0.7875
Ea.F.3.H.B,F02,Earl,dorm_sample,Bacteria,Pseudomonadota,Gammaproteobacteria,Pseudomonadales,Moraxellaceae,Acinetobacter,Acinetobacter junii,8,0.01186944,0.9948/0.9910
Ea.F.3.H.B,F02,Earl,dorm_sample,Bacteria,Pseudomonadota,Gammaproteobacteria,Burkholderiales,Burkholderiaceae_C,Aquabacterium,Aquabacterium sp029268225,8.25,0.01224036,0.9816/0.9808
Ea.F.3.H.B,F02,Earl,dorm_sample,Bacteria,Pseudomonadota,Gammaproteobacteria,Burkholderiales,Burkholderiaceae_C,Aquabacterium,Aquabacterium sp001770725,8.375,0.01242582,0.9096/0.8934
Ea.F.3.H.B,F02,Earl,dorm_sample,Bacteria,Bacteroidota,Bacteroidia,Chitinophagales,Chitinophagaceae,Endoryza,Endoryza sp044226045,8.5,0.01261128,0.7992/0.7603
Ea.F.3.H.B,F02,Earl,dorm_sample,Bacteria,Pseudomonadota,Alphaproteobacteria,Sphingomonadales,Sphingomonadaceae,Sphingopyxis,Sphingopyxis sp014873485,17.625,0.02614985,0.9231/0.8885
Ea.F.3.H.B,F02,Earl,dorm_sample,Bacteria,Pseudomonadota,Gammaproteobacteria,Burkholderiales,Burkholderiaceae_C,Ottowia,Ottowia sp018060485,22,0.03264095,0.9866/0.9755
Ea.F.3.H.B,F02,Earl,dorm_sample,Bacteria,Acidobacteriota,Blastocatellia,Pyrinomonadales,Pyrinomonadaceae,JAFDVJ01,JAFDVJ01 sp965247805,23.5,0.03486647,0.8256/0.7977
Ea.F.3.H.B,F02,Earl,dorm_sample,Bacteria,Pseudomonadota,Alphaproteobacteria,Sphingomonadales,Sphingomonadaceae,Blastomonas,Blastomonas ursincola,25.875,0.03839021,0.9950/0.9949
Ea.F.3.H.B,F02,Earl,dorm_sample,Bacteria,Pseudomonadota,Gammaproteobacteria,Xanthomonadales,Xanthomonadaceae,Pseudoxanthomonas_A,Pseudoxanthomonas_A mexicana,31.5,0.04673591,0.9885/0.9803
Ea.F.3.H.B,F02,Earl,dorm_sample,Bacteria,Pseudomonadota,Alphaproteobacteria,Caulobacterales,Caulobacteraceae,Brevundimonas,Brevundimonas staleyi,36.375,0.05396884,0.9368/0.8607
Ea.F.3.H.B,F02,Earl,dorm_sample,Bacteria,Actinomycetota,Actinomycetes,Mycobacteriales,Mycobacteriaceae,Mycobacterium,Mycobacterium phocaicum,44,0.0652819,0.9932/0.9905
Ea.F.3.H.B,F02,Earl,dorm_sample,Bacteria,unclassified Bacteria phylum,unclassified Bacteria class,unclassified Bacteria order,unclassified Bacteria family,unclassified Bacteria genus,unclassified Bacteria species,59.375,0.08809347,0.0000/0.0000
Ea.F.3.H.B,F02,Earl,dorm_sample,Bacteria,Acidobacteriota,Blastocatellia,Pyrinomonadales,Pyrinomonadaceae,JAJQRF01,JAJQRF01 sp021228405,78.375,0.1162834,0.9171/0.8925
Ea.F.3.H.B,F02,Earl,dorm_sample,Bacteria,Pseudomonadota,Alphaproteobacteria,Sphingomonadales,Sphingomonadaceae,Sphingopyxis,Sphingopyxis sp001468395,79.75,0.1183234,0.9576/0.9317
Te.F.3.L.B,F03,Teal,dorm_sample,Bacteria,Pseudomonadota,Alphaproteobacteria,43-37,43-37,43-37,43-37 sp001897475,0.25,0.001689189,0.7363/0.7176
Te.F.3.L.B,F03,Teal,dorm_sample,Bacteria,Pseudomonadota,Alphaproteobacteria,Paracaedibacterales,Paracaedibacteraceae,Paracaedibacter_A,Paracaedibacter_A symbiosus,0.25,0.001689189,0.7561/0.7117
Te.F.3.L.B,F03,Teal,dorm_sample,Bacteria,Pseudomonadota,Alphaproteobacteria,Micavibrionales,Micavibrionaceae,Micavibrio,Micavibrio aeruginosavorus_A,0.25,0.001689189,0.7594/0.7230
Te.F.3.L.B,F03,Teal,dorm_sample,Bacteria,Acidobacteriota,Blastocatellia,Pyrinomonadales,Pyrinomonadaceae,OLB17,OLB17 sp039916585,0.25,0.001689189,0.7692/0.7249
Te.F.3.L.B,F03,Teal,dorm_sample,Bacteria,Babelota,Babeliae,Babelales,Vermiphilaceae,BTUB01,BTUB01 sp963788045,0.25,0.001689189,0.7748/0.7039
Te.F.3.L.B,F03,Teal,dorm_sample,Bacteria,Bdellovibrionota,Bacteriovoracia,Bacteriovoracales,Bacteriovoracaceae,UBA6144,UBA6144 sp036770305,0.25,0.001689189,0.7749/0.7083
Te.F.3.L.B,F03,Teal,dorm_sample,Bacteria,Pseudomonadota,Alphaproteobacteria,Rickettsiales,UBA3002,JAFLDD01,JAFLDD01 sp017302575,0.25,0.001689189,0.7856/0.7641
Te.F.3.L.B,F03,Teal,dorm_sample,Bacteria,Pseudomonadota,Alphaproteobacteria,Paracaedibacterales,VGCI01,VGCI01,VGCI01 sp945877185,0.25,0.001689189,0.7911/0.7688
Te.F.3.L.B,F03,Teal,dorm_sample,Bacteria,Bdellovibrionota,Bacteriovoracia,Bacteriovoracales,Bacteriovoracaceae,Peredibacter,Peredibacter sp040387275,0.25,0.001689189,0.7920/0.7709
Te.F.3.L.B,F03,Teal,dorm_sample,Bacteria,Pseudomonadota,Alphaproteobacteria,Micavibrionales,Micavibrionaceae,Micavibrio_B,Micavibrio_B sp964633355,0.25,0.001689189,0.7956/0.7637
Te.F.3.L.B,F03,Teal,dorm_sample,Bacteria,Chloroflexota,Anaerolineae,Aggregatilineales,Phototrophicaceae,Flexifilum,Flexifilum sp963760975,0.25,0.001689189,0.7985/0.6908
Te.F.3.L.B,F03,Teal,dorm_sample,Bacteria,Myxococcota,XYA12-FULL-58-9,XYA12-FULL-58-9,JALHOP01,JALHOP01,JALHOP01 sp041288095,0.25,0.001689189,0.8369/0.8173
Te.F.3.L.B,F03,Teal,dorm_sample,Bacteria,Pseudomonadota,Alphaproteobacteria,Caulobacterales,Caulobacteraceae,Phenylobacterium,Phenylobacterium sp965284355,0.25,0.001689189,0.8498/0.7507
Te.F.3.L.B,F03,Teal,dorm_sample,Bacteria,Cyanobacteriota,Vampirovibrionia,Obscuribacterales,Obscuribacteraceae,Ga0077546,Ga0077546 sp943370275,0.25,0.001689189,0.8517/0.8325
Te.F.3.L.B,F03,Teal,dorm_sample,Bacteria,Pseudomonadota,Alphaproteobacteria,Rickettsiales,Midichloriaceae,Jidaibacter,Jidaibacter sp000730245,0.25,0.001689189,0.8935/0.8920
Te.F.3.L.B,F03,Teal,dorm_sample,Bacteria,Pseudomonadota,Alphaproteobacteria,Rhizobiales,Hyphomicrobiaceae,Hyphomicrobium_C,Hyphomicrobium_C zavarzinii,0.25,0.001689189,0.8952/0.8827
Te.F.3.L.B,F03,Teal,dorm_sample,Bacteria,Pseudomonadota,Alphaproteobacteria,Reyranellales,Reyranellaceae,Reyranella,Reyranella sp965228225,0.25,0.001689189,0.9417/0.9398
Te.F.3.L.B,F03,Teal,dorm_sample,Bacteria,Pseudomonadota,Alphaproteobacteria,Acetobacterales,Acetobacteraceae,Falsiroseomonas,Falsiroseomonas tokyonensis,0.25,0.001689189,0.9425/0.9199
Te.F.3.L.B,F03,Teal,dorm_sample,Bacteria,Pseudomonadota,Alphaproteobacteria,Rhizobiales,Beijerinckiaceae,Methylobacterium,Methylobacterium sp003173775,0.25,0.001689189,0.9529/0.9382
Te.F.3.L.B,F03,Teal,dorm_sample,Bacteria,Pseudomonadota,Alphaproteobacteria,Caedimonadales,Caedimonadaceae,Paracaedimonas,Paracaedimonas sp001898705,0.25,0.001689189,0.9661/0.9311
Te.F.3.L.B,F03,Teal,dorm_sample,Bacteria,Bacteroidota,Bacteroidia,B-17B0,Aurantibacillaceae,UBA4416,UBA4416 sp943362175,0.25,0.001689189,0.9783/0.9776
Te.F.3.L.B,F03,Teal,dorm_sample,Bacteria,Pseudomonadota,Gammaproteobacteria,Burkholderiales,Burkholderiaceae_C,Aquincola,Aquincola sp964001545,0.25,0.001689189,0.9801/0.9780
Te.F.3.L.B,F03,Teal,dorm_sample,Bacteria,Pseudomonadota,Alphaproteobacteria,Sphingomonadales,Sphingomonadaceae,Sphingomonas,Sphingomonas sp012650175,0.25,0.001689189,0.9907/0.9906
Te.F.3.L.B,F03,Teal,dorm_sample,Bacteria,Pseudomonadota,Alphaproteobacteria,Rhizobiales,Beijerinckiaceae,Methylobacterium,Methylobacterium isbiliense,0.25,0.001689189,0.9965/0.9964
Te.F.3.L.B,F03,Teal,dorm_sample,Bacteria,Pseudomonadota,Alphaproteobacteria,Micavibrionales,Micavibrionaceae,Micavibrio_B,Micavibrio_B aeruginosavorus_A,0.375,0.002533784,0.7679/0.7435
Te.F.3.L.B,F03,Teal,dorm_sample,Bacteria,Pseudomonadota,Alphaproteobacteria,Rickettsiales,UBA3002,QFOX01,QFOX01 sp947441895,0.375,0.002533784,0.7783/0.7380
Te.F.3.L.B,F03,Teal,dorm_sample,Bacteria,Pseudomonadota,Alphaproteobacteria,Micavibrionales,Micavibrionaceae,Micavibrio_B,Micavibrio_B sp964399985,0.375,0.002533784,0.7850/0.7313
Te.F.3.L.B,F03,Teal,dorm_sample,Bacteria,Bacteroidota,Bacteroidia,Chitinophagales,Chitinophagaceae,JAFIGV01,JAFIGV01 sp035497455,0.375,0.002533784,0.8168/0.8021
Te.F.3.L.B,F03,Teal,dorm_sample,Bacteria,Bacteroidota,Bacteroidia,Chitinophagales,Chitinophagaceae,JAFIGV01,JAFIGV01 sp023418315,0.375,0.002533784,0.8319/0.7935
Te.F.3.L.B,F03,Teal,dorm_sample,Bacteria,Bacteroidota,Bacteroidia,Chitinophagales,Chitinophagaceae,Agriterribacter,Agriterribacter sp051955255,0.375,0.002533784,0.8578/0.8175
Te.F.3.L.B,F03,Teal,dorm_sample,Bacteria,Pseudomonadota,Alphaproteobacteria,Caulobacterales,Caulobacteraceae,Brevundimonas,Brevundimonas sp947475735,0.375,0.002533784,0.8705/0.8523
Te.F.3.L.B,F03,Teal,dorm_sample,Bacteria,Pseudomonadota,Alphaproteobacteria,Reyranellales,Reyranellaceae,Reyranella,Reyranella sp965279465,0.375,0.002533784,0.9308/0.9276
Te.F.3.L.B,F03,Teal,dorm_sample,Bacteria,Pseudomonadota,Alphaproteobacteria,Reyranellales,Reyranellaceae,Reyranella,Reyranella sp026126105,0.375,0.002533784,0.9400/0.9322
Te.F.3.L.B,F03,Teal,dorm_sample,Bacteria,Chlamydiota,Chlamydiia,Chlamydiales,Parachlamydiaceae,Rubidus,Rubidus massiliensis,0.375,0.002533784,0.9902/0.9901
Te.F.3.L.B,F03,Teal,dorm_sample,Bacteria,Pseudomonadota,Alphaproteobacteria,Caulobacterales,Caulobacteraceae,Phenylobacterium,Phenylobacterium haematophilum,0.375,0.002533784,0.9928/0.9927
Te.F.3.L.B,F03,Teal,dorm_sample,Bacteria,Bdellovibrionota,UBA1018,CAIPTA01,CAIPTA01,JAKFYM01,JAKFYM01 sp050246755,0.5,0.003378378,0.7871/0.7644
Te.F.3.L.B,F03,Teal,dorm_sample,Bacteria,Pseudomonadota,Alphaproteobacteria,Rickettsiales,UBA3002,QFOX01,QFOX01 sp003241645,0.5,0.003378378,0.8121/0.7801
Te.F.3.L.B,F03,Teal,dorm_sample,Bacteria,Chloroflexota,Anaerolineae,Aggregatilineales,Phototrophicaceae,Flexifilum,Flexifilum sp035545875,0.5,0.003378378,0.8262/0.8059
Te.F.3.L.B,F03,Teal,dorm_sample,Bacteria,Bacteroidota,Bacteroidia,Cytophagales,Cyclobacteriaceae,UBA2336,UBA2336 sp016786585,0.5,0.003378378,0.8663/0.8170
Te.F.3.L.B,F03,Teal,dorm_sample,Bacteria,Pseudomonadota,Alphaproteobacteria,Sphingomonadales,Sphingomonadaceae,Sphingomonas,Sphingomonas cannabina,0.5,0.003378378,0.8683/0.8173
Te.F.3.L.B,F03,Teal,dorm_sample,Bacteria,Pseudomonadota,Alphaproteobacteria,Rhizobiales,Xanthobacteraceae,Bradyrhizobium,Bradyrhizobium lablabi_C,0.5,0.003378378,0.8916/0.8585
Te.F.3.L.B,F03,Teal,dorm_sample,Bacteria,Pseudomonadota,Gammaproteobacteria,Xanthomonadales,Rhodanobacteraceae,Tahibacter,Tahibacter sp042701255,0.5,0.003378378,0.9265/0.9228
Te.F.3.L.B,F03,Teal,dorm_sample,Bacteria,Pseudomonadota,Alphaproteobacteria,Caulobacterales,Caulobacteraceae,Caulobacter,Caulobacter sp913776195,0.5,0.003378378,0.9796/0.9781
Te.F.3.L.B,F03,Teal,dorm_sample,Bacteria,Actinomycetota,Actinomycetes,Mycobacteriales,Mycobacteriaceae,Mycobacterium,Mycobacterium sp018326285,0.5,0.003378378,0.9914/0.9912
Te.F.3.L.B,F03,Teal,dorm_sample,Bacteria,Pseudomonadota,Alphaproteobacteria,Rhizobiales,Beijerinckiaceae,Methylobacterium,Methylobacterium aquaticum,0.5,0.003378378,0.9981/0.9980
Te.F.3.L.B,F03,Teal,dorm_sample,Bacteria,Myxococcota,XYA12-FULL-58-9,XYA12-FULL-58-9,JALHOP01,JALHOP01,JALHOP01 sp964484195,0.625,0.004222973,0.8149/0.7868
Te.F.3.L.B,F03,Teal,dorm_sample,Bacteria,Pseudomonadota,Alphaproteobacteria,Rickettsiales,UBA3002,QFOX01,QFOX01 sp044341105,0.625,0.004222973,0.8175/0.7670
Te.F.3.L.B,F03,Teal,dorm_sample,Bacteria,Pseudomonadota,Gammaproteobacteria,Xanthomonadales,Rhodanobacteraceae,Tahibacter,Tahibacter harae,0.625,0.004222973,0.8883/0.8781
Te.F.3.L.B,F03,Teal,dorm_sample,Bacteria,Pseudomonadota,Alphaproteobacteria,Sphingomonadales,Sphingomonadaceae,Blastomonas,Blastomonas ursincola,0.625,0.004222973,0.9882/0.9880
Te.F.3.L.B,F03,Teal,dorm_sample,Bacteria,Chloroflexota,Anaerolineae,Aggregatilineales,Phototrophicaceae,Flexifilum,Flexifilum sp963814185,0.75,0.005067568,0.7794/0.6978
Te.F.3.L.B,F03,Teal,dorm_sample,Bacteria,Babelota,Babeliae,Babelales,Vermiphilaceae,BTUB01,BTUB01 sp963727255,0.75,0.005067568,0.7919/0.7555
Te.F.3.L.B,F03,Teal,dorm_sample,Bacteria,Cyanobacteriota,Vampirovibrionia,Obscuribacterales,Obscuribacteraceae,Ga0077546,Ga0077546 sp021732025,0.75,0.005067568,0.8324/0.8068
Te.F.3.L.B,F03,Teal,dorm_sample,Bacteria,Pseudomonadota,Alphaproteobacteria,Sphingomonadales,Sphingomonadaceae,Sphingopyxis,Sphingopyxis sp005503215,0.75,0.005067568,0.8500/0.8265
Te.F.3.L.B,F03,Teal,dorm_sample,Bacteria,Pseudomonadota,Gammaproteobacteria,Burkholderiales,Burkholderiaceae_C,Ottowia,Ottowia sp018060485,0.75,0.005067568,0.9815/0.9481
Te.F.3.L.B,F03,Teal,dorm_sample,Bacteria,Pseudomonadota,Alphaproteobacteria,Rickettsiales,UBA3002,QFOX01,QFOX01 sp037968615,0.875,0.005912162,0.7837/0.7342
Te.F.3.L.B,F03,Teal,dorm_sample,Bacteria,Cyanobacteriota,Vampirovibrionia,Obscuribacterales,Obscuribacteraceae,Ga0077546,Ga0077546 sp036170915,0.875,0.005912162,0.8046/0.7673
Te.F.3.L.B,F03,Teal,dorm_sample,Bacteria,Bacteroidota,Bacteroidia,Cytophagales,172606-1,Xanthocytophaga,Xanthocytophaga agilis,0.875,0.005912162,0.8169/0.8090
Te.F.3.L.B,F03,Teal,dorm_sample,Bacteria,Pseudomonadota,Alphaproteobacteria,Caulobacterales,Caulobacteraceae,Phenylobacterium,Phenylobacterium sp041913825,0.875,0.005912162,0.9270/0.8351
Te.F.3.L.B,F03,Teal,dorm_sample,Bacteria,Bacteroidota,Bacteroidia,Cytophagales,Cyclobacteriaceae,UBA2336,UBA2336 sp965227265,1.125,0.007601351,0.8436/0.8186
Te.F.3.L.B,F03,Teal,dorm_sample,Bacteria,Bacteroidota,Bacteroidia,Cytophagales,Cyclobacteriaceae,UBA2336,UBA2336 sp964538575,1.125,0.007601351,0.8803/0.8757
Te.F.3.L.B,F03,Teal,dorm_sample,Bacteria,Pseudomonadota,Alphaproteobacteria,Sphingomonadales,Sphingomonadaceae,Sphingopyxis,Sphingopyxis sp013821905,1.125,0.007601351,0.8871/0.8654
Te.F.3.L.B,F03,Teal,dorm_sample,Bacteria,Pseudomonadota,Alphaproteobacteria,Caulobacterales,Caulobacteraceae,Phenylobacterium,Phenylobacterium immobile,1.25,0.008445946,0.8822/0.8688
Te.F.3.L.B,F03,Teal,dorm_sample,Bacteria,Cyanobacteriota,Vampirovibrionia,Obscuribacterales,Obscuribacteraceae,JADYXR01,JADYXR01 sp019637435,1.25,0.008445946,0.8965/0.8897
Te.F.3.L.B,F03,Teal,dorm_sample,Bacteria,Pseudomonadota,Alphaproteobacteria,Caulobacterales,Caulobacteraceae,Brevundimonas,Brevundimonas sp016463295,1.375,0.009290541,0.9289/0.8769
Te.F.3.L.B,F03,Teal,dorm_sample,Bacteria,Bacteroidota,Bacteroidia,Chitinophagales,Chitinophagaceae,Ferruginibacter,Ferruginibacter sp047602605,1.5,0.01013514,0.8702/0.8541
Te.F.3.L.B,F03,Teal,dorm_sample,Bacteria,Pseudomonadota,Alphaproteobacteria,Rhizobiales,Beijerinckiaceae,Methylobacterium,Methylobacterium currus,1.5,0.01013514,0.9446/0.8864
Te.F.3.L.B,F03,Teal,dorm_sample,Bacteria,Pseudomonadota,Alphaproteobacteria,Sphingomonadales,Sphingomonadaceae,Blastomonas,Blastomonas sp000503195,1.5,0.01013514,0.9858/0.9854
Te.F.3.L.B,F03,Teal,dorm_sample,Bacteria,Pseudomonadota,Alphaproteobacteria,Sphingomonadales,Sphingomonadaceae,Erythrobacter,Erythrobacter sp001557115,1.75,0.01182432,0.8795/0.8599
Te.F.3.L.B,F03,Teal,dorm_sample,Bacteria,Chloroflexota,Anaerolineae,Aggregatilineales,Phototrophicaceae,Flexifilum,Flexifilum sp046328655,2.125,0.01435811,0.8077/0.7747
Te.F.3.L.B,F03,Teal,dorm_sample,Bacteria,Pseudomonadota,Alphaproteobacteria,Caulobacterales,Caulobacteraceae,Brevundimonas,Brevundimonas sp041919755,2.25,0.0152027,0.9463/0.9309
Te.F.3.L.B,F03,Teal,dorm_sample,Bacteria,Pseudomonadota,Alphaproteobacteria,Sphingomonadales,Sphingomonadaceae,Qipengyuania,Qipengyuania sp016793865,2.375,0.0160473,0.8281/0.8005
Te.F.3.L.B,F03,Teal,dorm_sample,Bacteria,Bacteroidota,Bacteroidia,Chitinophagales,Chitinophagaceae,Ferruginibacter,Ferruginibacter sp964404845,2.375,0.0160473,0.8944/0.8126
Te.F.3.L.B,F03,Teal,dorm_sample,Bacteria,Pseudomonadota,Alphaproteobacteria,Sphingomonadales,Sphingomonadaceae,Erythrobacter,Erythrobacter sp046452395,2.375,0.0160473,0.9850/0.9828
Te.F.3.L.B,F03,Teal,dorm_sample,Bacteria,Pseudomonadota,Alphaproteobacteria,Sphingomonadales,Sphingomonadaceae,Sphingopyxis,Sphingopyxis sp001468265,2.5,0.01689189,0.8741/0.8295
Te.F.3.L.B,F03,Teal,dorm_sample,Bacteria,Pseudomonadota,Alphaproteobacteria,Sphingomonadales,Sphingomonadaceae,Sphingopyxis,Sphingopyxis sp035944815,2.75,0.01858108,0.9260/0.8923
Te.F.3.L.B,F03,Teal,dorm_sample,Bacteria,Pseudomonadota,Gammaproteobacteria,Burkholderiales,Burkholderiaceae_C,Aquincola,Aquincola tertiaricarbonis_B,3,0.02027027,0.9647/0.9606
Te.F.3.L.B,F03,Teal,dorm_sample,Bacteria,Bacteroidota,Bacteroidia,Cytophagales,Cyclobacteriaceae,UBA2336,UBA2336 sp019694875,3.625,0.02449324,0.8485/0.8112
Te.F.3.L.B,F03,Teal,dorm_sample,Bacteria,Actinomycetota,Actinomycetes,Mycobacteriales,Mycobacteriaceae,Mycobacterium,Mycobacterium phocaicum,4.125,0.02787162,0.9926/0.9818
Te.F.3.L.B,F03,Teal,dorm_sample,Bacteria,Pseudomonadota,Alphaproteobacteria,Sphingomonadales,Sphingomonadaceae,Qipengyuania,Qipengyuania sp019745075,4.375,0.02956081,0.8465/0.7832
Te.F.3.L.B,F03,Teal,dorm_sample,Bacteria,Pseudomonadota,Alphaproteobacteria,Rhizobiales,Beijerinckiaceae,Methylobacterium,Methylobacterium radiotolerans,5.25,0.03547297,0.9956/0.9954
Te.F.3.L.B,F03,Teal,dorm_sample,Bacteria,Bacteroidota,Bacteroidia,Cytophagales,172606-1,Xanthocytophaga,Xanthocytophaga sp963520985,7,0.0472973,0.8170/0.7981
Te.F.3.L.B,F03,Teal,dorm_sample,Bacteria,Pseudomonadota,Alphaproteobacteria,Sphingomonadales,Sphingomonadaceae,Sphingopyxis,Sphingopyxis sp001468395,7.75,0.05236486,0.9612/0.9536
Te.F.3.L.B,F03,Teal,dorm_sample,Bacteria,Cyanobacteriota,Vampirovibrionia,Obscuribacterales,Obscuribacteraceae,JAFKGK01,JAFKGK01 sp017307165,8.375,0.05658784,0.9669/0.9654
Te.F.3.L.B,F03,Teal,dorm_sample,Bacteria,Pseudomonadota,Alphaproteobacteria,Sphingomonadales,Sphingomonadaceae,Erythrobacter,Erythrobacter oryzae,11.5,0.0777027,0.8985/0.8564
Te.F.3.L.B,F03,Teal,dorm_sample,Bacteria,unclassified Bacteria phylum,unclassified Bacteria class,unclassified Bacteria order,unclassified Bacteria family,unclassified Bacteria genus,unclassified Bacteria species,16.875,0.1140203,0.0000/0.0000
Te.F.3.L.B,F03,Teal,dorm_sample,Bacteria,Pseudomonadota,Alphaproteobacteria,Sphingomonadales,Sphingomonadaceae,Sphingopyxis,Sphingopyxis sp014873485,21,0.1418919,0.9448/0.9183
Me.F.2.L.A,F06,Memorial,dorm_sample,Bacteria,Bdellovibrionota,Bacteriovoracia,Bacteriovoracales,Bacteriovoracaceae,Peredibacter,Peredibacter sp045999315,0.25,0.000506073,0.7986/0.7800
Me.F.2.L.A,F06,Memorial,dorm_sample,Bacteria,Bacteroidota,Bacteroidia,Chitinophagales,Chitinophagaceae,Flavihumibacter,Flavihumibacter sp001601815,0.25,0.000506073,0.8062/0.7808
Me.F.2.L.A,F06,Memorial,dorm_sample,Bacteria,Pseudomonadota,Alphaproteobacteria,Caulobacterales,Caulobacteraceae,Phenylobacterium,Phenylobacterium sp023445705,0.25,0.000506073,0.9290/0.9126
Me.F.2.L.A,F06,Memorial,dorm_sample,Bacteria,Pseudomonadota,Gammaproteobacteria,Burkholderiales,Burkholderiaceae_C,Pseudorhodoferax,Pseudorhodoferax sp001422365,0.25,0.000506073,0.9608/0.9602
Me.F.2.L.A,F06,Memorial,dorm_sample,Bacteria,Pseudomonadota,Alphaproteobacteria,Rhizobiales,Beijerinckiaceae,Methylobacterium,Methylobacterium brachiatum,0.25,0.000506073,0.9834/0.9821
Me.F.2.L.A,F06,Memorial,dorm_sample,Bacteria,Pseudomonadota,Gammaproteobacteria,Xanthomonadales,Xanthomonadaceae,Pseudoxanthomonas_A,Pseudoxanthomonas_A sp022965755,0.25,0.000506073,0.9848/0.9845
Me.F.2.L.A,F06,Memorial,dorm_sample,Bacteria,Pseudomonadota,Alphaproteobacteria,Rhizobiales,Rhizobiaceae,Agrobacterium,Agrobacterium fabrum_A,0.25,0.000506073,0.9921/0.9921
Me.F.2.L.A,F06,Memorial,dorm_sample,Bacteria,Bacteroidota,Bacteroidia,Sphingobacteriales,Sphingobacteriaceae,Sphingobacterium,Sphingobacterium multivorum,0.25,0.000506073,0.9998/0.9998
Me.F.2.L.A,F06,Memorial,dorm_sample,Bacteria,Bacteroidota,Bacteroidia,Chitinophagales,Chitinophagaceae,Flavihumibacter,Flavihumibacter sp002483205,0.375,0.000759109,0.7951/0.7811
Me.F.2.L.A,F06,Memorial,dorm_sample,Bacteria,Pseudomonadota,Alphaproteobacteria,Sphingomonadales,Sphingomonadaceae,Erythrobacter,Erythrobacter sp028621955,0.375,0.000759109,0.8697/0.8452
Me.F.2.L.A,F06,Memorial,dorm_sample,Bacteria,Pseudomonadota,Alphaproteobacteria,Rhizobiales,Beijerinckiaceae,Allobosea,Allobosea sp050275675,0.375,0.000759109,0.9134/0.8910
Me.F.2.L.A,F06,Memorial,dorm_sample,Bacteria,Pseudomonadota,Alphaproteobacteria,Sphingomonadales,Sphingomonadaceae,Sphingopyxis,Sphingopyxis fribergensis,0.375,0.000759109,0.9263/0.9217
Me.F.2.L.A,F06,Memorial,dorm_sample,Bacteria,Pseudomonadota,Alphaproteobacteria,Caulobacterales,Caulobacteraceae,Brevundimonas,Brevundimonas bacteroides,0.375,0.000759109,0.9273/0.8895
Me.F.2.L.A,F06,Memorial,dorm_sample,Bacteria,Pseudomonadota,Gammaproteobacteria,Xanthomonadales,Xanthomonadaceae,Pseudoxanthomonas_A,Pseudoxanthomonas_A sp014851815,0.375,0.000759109,0.9352/0.9254
Me.F.2.L.A,F06,Memorial,dorm_sample,Bacteria,Pseudomonadota,Alphaproteobacteria,Rhizobiales,Beijerinckiaceae,Allobosea,Allobosea sp902506165,0.375,0.000759109,0.9361/0.9102
Me.F.2.L.A,F06,Memorial,dorm_sample,Bacteria,Pseudomonadota,Gammaproteobacteria,Xanthomonadales,Xanthomonadaceae,Pseudoxanthomonas_A,Pseudoxanthomonas_A japonensis,0.375,0.000759109,0.9635/0.9579
Me.F.2.L.A,F06,Memorial,dorm_sample,Bacteria,Pseudomonadota,Gammaproteobacteria,Pseudomonadales,Moraxellaceae,Acinetobacter,Acinetobacter junii,0.375,0.000759109,0.9855/0.9854
Me.F.2.L.A,F06,Memorial,dorm_sample,Bacteria,Pseudomonadota,Alphaproteobacteria,Sphingomonadales,Sphingomonadaceae,Sphingobium,Sphingobium sp003248505,0.375,0.000759109,0.9886/0.9886
Me.F.2.L.A,F06,Memorial,dorm_sample,Bacteria,Pseudomonadota,Alphaproteobacteria,Sphingomonadales,Sphingomonadaceae,Sphingopyxis,Sphingopyxis sp001468465,0.375,0.000759109,0.9949/0.9948
Me.F.2.L.A,F06,Memorial,dorm_sample,Bacteria,Actinomycetota,Actinomycetes,Actinomycetales,Microbacteriaceae,Microbacterium,Microbacterium oxydans,0.375,0.000759109,0.9957/0.9955
Me.F.2.L.A,F06,Memorial,dorm_sample,Bacteria,Pseudomonadota,Alphaproteobacteria,Rhizobiales,Rhizobiaceae,Shinella,Shinella sp001262505,0.375,0.000759109,0.9961/0.9961
Me.F.2.L.A,F06,Memorial,dorm_sample,Bacteria,Pseudomonadota,Alphaproteobacteria,Sphingomonadales,Sphingomonadaceae,Sphingomonas,Sphingomonas corticis,0.375,0.000759109,0.9998/0.9998
Me.F.2.L.A,F06,Memorial,dorm_sample,Bacteria,Pseudomonadota,Alphaproteobacteria,Rhizobiales,Beijerinckiaceae,Methylobacterium,Methylobacterium currus,0.375,0.000759109,0.9999/0.9999
Me.F.2.L.A,F06,Memorial,dorm_sample,Bacteria,Cyanobacteriota,Vampirovibrionia,Obscuribacterales,Obscuribacteraceae,Ga0077546,Ga0077546 sp021732025,0.5,0.001012146,0.7952/0.7585
Me.F.2.L.A,F06,Memorial,dorm_sample,Bacteria,Acidobacteriota,Blastocatellia,Pyrinomonadales,Pyrinomonadaceae,GCA-002050365,GCA-002050365 sp030448055,0.5,0.001012146,0.8047/0.7610
Me.F.2.L.A,F06,Memorial,dorm_sample,Bacteria,Planctomycetota,Planctomycetia,Gemmatales,Gemmataceae,Gemmata,Gemmata obscuriglobus,0.5,0.001012146,0.8112/0.7757
Me.F.2.L.A,F06,Memorial,dorm_sample,Bacteria,Pseudomonadota,Alphaproteobacteria,Caulobacterales,Caulobacteraceae,Phenylobacterium,Phenylobacterium sp964254345,0.5,0.001012146,0.8761/0.6913
Me.F.2.L.A,F06,Memorial,dorm_sample,Bacteria,Pseudomonadota,Alphaproteobacteria,Sphingomonadales,Sphingomonadaceae,Rhizorhabdus,Rhizorhabdus sp001429065,0.5,0.001012146,0.9065/0.8760
Me.F.2.L.A,F06,Memorial,dorm_sample,Bacteria,Pseudomonadota,Alphaproteobacteria,Rhizobiales,Beijerinckiaceae,Methylobacterium,Methylobacterium gregans,0.5,0.001012146,0.9380/0.9104
Me.F.2.L.A,F06,Memorial,dorm_sample,Bacteria,Pseudomonadota,Alphaproteobacteria,Rhizobiales,Beijerinckiaceae,Allobosea,Allobosea rubneri,0.5,0.001012146,0.9828/0.9817
Me.F.2.L.A,F06,Memorial,dorm_sample,Bacteria,Pseudomonadota,Alphaproteobacteria,UBA2136,UBA6156,DATAJX01,DATAJX01 sp036261915,0.625,0.001265182,0.7627/0.7239
Me.F.2.L.A,F06,Memorial,dorm_sample,Bacteria,Acidobacteriota,Blastocatellia,Pyrinomonadales,Pyrinomonadaceae,JAIBCC01,JAIBCC01 sp963779235,0.625,0.001265182,0.7942/0.7378
Me.F.2.L.A,F06,Memorial,dorm_sample,Bacteria,Cyanobacteriota,Vampirovibrionia,Obscuribacterales,Obscuribacteraceae,Ga0077546,Ga0077546 sp021772135,0.625,0.001265182,0.7979/0.7613
Me.F.2.L.A,F06,Memorial,dorm_sample,Bacteria,Pseudomonadota,Alphaproteobacteria,Sphingomonadales,Sphingomonadaceae,Sphingopyxis,Sphingopyxis kveilinensis,0.625,0.001265182,0.9411/0.9010
Me.F.2.L.A,F06,Memorial,dorm_sample,Bacteria,Pseudomonadota,Gammaproteobacteria,Burkholderiales,Burkholderiaceae_C,Paracidovorax,Paracidovorax sp913774955,0.625,0.001265182,0.9944/0.9940
Me.F.2.L.A,F06,Memorial,dorm_sample,Bacteria,Pseudomonadota,Alphaproteobacteria,Acetobacterales,Acetobacteraceae,Paracraurococcus,Paracraurococcus sp013112485,0.625,0.001265182,0.9986/0.9985
Me.F.2.L.A,F06,Memorial,dorm_sample,Bacteria,Pseudomonadota,Alphaproteobacteria,Caulobacterales,Caulobacteraceae,Brevundimonas,Brevundimonas diminuta,0.625,0.001265182,0.9987/0.9987
Me.F.2.L.A,F06,Memorial,dorm_sample,Bacteria,Actinomycetota,Actinomycetes,Actinomycetales,Microbacteriaceae,Rhodoglobus,Rhodoglobus sp035563175,0.75,0.001518219,0.8032/0.7708
Me.F.2.L.A,F06,Memorial,dorm_sample,Bacteria,Pseudomonadota,Gammaproteobacteria,Xanthomonadales,Xanthomonadaceae,Pseudoxanthomonas_A,Pseudoxanthomonas_A sp014851805,0.75,0.001518219,0.9293/0.9264
Me.F.2.L.A,F06,Memorial,dorm_sample,Bacteria,Pseudomonadota,Gammaproteobacteria,Xanthomonadales,Rhodanobacteraceae,Tahibacter,Tahibacter sp042701255,0.75,0.001518219,0.9301/0.9274
Me.F.2.L.A,F06,Memorial,dorm_sample,Bacteria,Pseudomonadota,Gammaproteobacteria,Pseudomonadales,Moraxellaceae,Acinetobacter,Acinetobacter parvus,0.75,0.001518219,0.9784/0.9246
Me.F.2.L.A,F06,Memorial,dorm_sample,Bacteria,Bacteroidota,Bacteroidia,Chitinophagales,Chitinophagaceae,Flavitalea,Flavitalea sp963782225,0.875,0.001771255,0.7827/0.7461
Me.F.2.L.A,F06,Memorial,dorm_sample,Bacteria,Planctomycetota,Planctomycetia,Planctomycetales,Planctomycetaceae,Planctomyces_A,Planctomyces_A sp001610835,0.875,0.001771255,0.9081/0.8729
Me.F.2.L.A,F06,Memorial,dorm_sample,Bacteria,Pseudomonadota,Alphaproteobacteria,Caulobacterales,Caulobacteraceae,Brevundimonas,Brevundimonas albigilva,0.875,0.001771255,0.9220/0.9032
Me.F.2.L.A,F06,Memorial,dorm_sample,Bacteria,Actinomycetota,Actinomycetes,Actinomycetales,Microbacteriaceae,Rhodoglobus,Rhodoglobus sp943367555,1,0.002024291,0.8265/0.6955
Me.F.2.L.A,F06,Memorial,dorm_sample,Bacteria,Pseudomonadota,Alphaproteobacteria,Rhizobiales,Beijerinckiaceae,Allobosea,Allobosea sp001429505,1,0.002024291,0.9223/0.8305
Me.F.2.L.A,F06,Memorial,dorm_sample,Bacteria,Pseudomonadota,Alphaproteobacteria,Sphingomonadales,Sphingomonadaceae,Sphingobium,Sphingobium yanoikuyae,1,0.002024291,0.9847/0.9841
Me.F.2.L.A,F06,Memorial,dorm_sample,Bacteria,Pseudomonadota,Gammaproteobacteria,Burkholderiales,Burkholderiaceae,Cupriavidus,Cupriavidus pauculus_C,1,0.002024291,0.9944/0.9944
Me.F.2.L.A,F06,Memorial,dorm_sample,Bacteria,Actinomycetota,Actinomycetes,Mycobacteriales,Mycobacteriaceae,Mycobacterium,Mycobacterium gordonae,1,0.002024291,0.9968/0.9961
Me.F.2.L.A,F06,Memorial,dorm_sample,Bacteria,Pseudomonadota,Alphaproteobacteria,Sphingomonadales,Sphingomonadaceae,Sphingomonas,Sphingomonas ginsenosidimutans,1,0.002024291,0.9990/0.9990
Me.F.2.L.A,F06,Memorial,dorm_sample,Bacteria,Acidobacteriota,Blastocatellia,Pyrinomonadales,Pyrinomonadaceae,GCA-002050365,GCA-002050365 sp965218105,1.125,0.002277328,0.7887/0.7491
Me.F.2.L.A,F06,Memorial,dorm_sample,Bacteria,Acidobacteriota,Blastocatellia,Pyrinomonadales,Pyrinomonadaceae,JAFDVJ01,JAFDVJ01 sp031412675,1.125,0.002277328,0.7920/0.7582
Me.F.2.L.A,F06,Memorial,dorm_sample,Bacteria,Pseudomonadota,Gammaproteobacteria,Legionellales,Legionellaceae,Legionella,Legionella sp001899505,1.125,0.002277328,0.8465/0.8373
Me.F.2.L.A,F06,Memorial,dorm_sample,Bacteria,Pseudomonadota,Alphaproteobacteria,Sphingomonadales,Sphingomonadaceae,Sphingomonas,Sphingomonas jeddahensis,1.125,0.002277328,0.8921/0.8356
Me.F.2.L.A,F06,Memorial,dorm_sample,Bacteria,Pseudomonadota,Gammaproteobacteria,Enterobacterales,Enterobacteriaceae,Enterobacter,Enterobacter roggenkampii,1.125,0.002277328,0.9988/0.9988
Me.F.2.L.A,F06,Memorial,dorm_sample,Bacteria,Acidobacteriota,Blastocatellia,Pyrinomonadales,Pyrinomonadaceae,DASYKT01,DASYKT01 sp963766895,1.25,0.002530364,0.8148/0.7863
Me.F.2.L.A,F06,Memorial,dorm_sample,Bacteria,Pseudomonadota,Alphaproteobacteria,Sphingomonadales,Sphingomonadaceae,Sphingomonas,Sphingomonas sp943913195,1.25,0.002530364,0.9797/0.9746
Me.F.2.L.A,F06,Memorial,dorm_sample,Bacteria,Pseudomonadota,Alphaproteobacteria,Sphingomonadales,Sphingomonadaceae,Sphingobium,Sphingobium sp001650725,1.25,0.002530364,0.9990/0.9990
Me.F.2.L.A,F06,Memorial,dorm_sample,Bacteria,Acidobacteriota,Vicinamibacteria,Vicinamibacterales,Vicinamibacteraceae,Luteitalea,Luteitalea sp016865485,1.375,0.002783401,0.8832/0.8534
Me.F.2.L.A,F06,Memorial,dorm_sample,Bacteria,Pseudomonadota,Alphaproteobacteria,Rhizobiales,Beijerinckiaceae,Allobosea,Allobosea eneae,1.375,0.002783401,0.9084/0.8699
Me.F.2.L.A,F06,Memorial,dorm_sample,Bacteria,Actinomycetota,Actinomycetes,Mycobacteriales,Mycobacteriaceae,Mycobacterium,Mycobacterium sp018326285,1.375,0.002783401,0.9937/0.9927
Me.F.2.L.A,F06,Memorial,dorm_sample,Bacteria,Acidobacteriota,Blastocatellia,Pyrinomonadales,Pyrinomonadaceae,JAFDVJ01,JAFDVJ01 sp965247805,1.5,0.003036437,0.8089/0.7896
Me.F.2.L.A,F06,Memorial,dorm_sample,Bacteria,Pseudomonadota,Alphaproteobacteria,Sphingomonadales,Sphingomonadaceae,Sphingomonas,Sphingomonas hankookensis_A,1.5,0.003036437,0.9995/0.9911
Me.F.2.L.A,F06,Memorial,dorm_sample,Bacteria,Bdellovibrionota,UBA1018,CAIPTA01,CAIPTA01,JAKFYM01,JAKFYM01 sp050246755,1.625,0.003289474,0.7716/0.7319
Me.F.2.L.A,F06,Memorial,dorm_sample,Bacteria,Pseudomonadota,Alphaproteobacteria,UBA2136,UBA6156,UBA6156,UBA6156 sp027485835,1.625,0.003289474,0.8117/0.7987
Me.F.2.L.A,F06,Memorial,dorm_sample,Bacteria,Pseudomonadota,Alphaproteobacteria,Sphingomonadales,Sphingomonadaceae,Sphingomonas,Sphingomonas koreensis,1.625,0.003289474,0.9998/0.9998
Me.F.2.L.A,F06,Memorial,dorm_sample,Bacteria,Pseudomonadota,Alphaproteobacteria,Rhizobiales,Beijerinckiaceae,Allobosea,Allobosea lupini,1.75,0.00354251,0.9528/0.9492
Me.F.2.L.A,F06,Memorial,dorm_sample,Bacteria,Pseudomonadota,Gammaproteobacteria,Xanthomonadales,Rhodanobacteraceae,Tahibacter,Tahibacter harae,2,0.004048583,0.8702/0.8442
Me.F.2.L.A,F06,Memorial,dorm_sample,Bacteria,Gemmatimonadota,Gemmatimonadetes,Gemmatimonadales,Gemmatimonadaceae,Gemmatimonas,Gemmatimonas sp002483225,2,0.004048583,0.9964/0.9961
Me.F.2.L.A,F06,Memorial,dorm_sample,Bacteria,Pseudomonadota,Gammaproteobacteria,Xanthomonadales,Xanthomonadaceae,Pseudoxanthomonas_A,Pseudoxanthomonas_A sp035999195,2.125,0.004301619,0.9775/0.9765
Me.F.2.L.A,F06,Memorial,dorm_sample,Bacteria,Bacteroidota,Bacteroidia,Flavobacteriales,Weeksellaceae,Chryseobacterium,Chryseobacterium salviniae,2.125,0.004301619,0.9994/0.9994
Me.F.2.L.A,F06,Memorial,dorm_sample,Bacteria,Pseudomonadota,Alphaproteobacteria,Sphingomonadales,Sphingomonadaceae,Sphingomonas,Sphingomonas panaciterrae,2.25,0.004554656,0.9857/0.9844
Me.F.2.L.A,F06,Memorial,dorm_sample,Bacteria,Pseudomonadota,Alphaproteobacteria,Rhizobiales,Beijerinckiaceae,Methylobacterium,Methylobacterium radiotolerans,2.25,0.004554656,0.9958/0.9952
Me.F.2.L.A,F06,Memorial,dorm_sample,Bacteria,Pseudomonadota,Alphaproteobacteria,Sphingomonadales,Sphingomonadaceae,Sphingobium,Sphingobium yanoikuyae_A,2.25,0.004554656,0.9962/0.9961
Me.F.2.L.A,F06,Memorial,dorm_sample,Bacteria,Pseudomonadota,Alphaproteobacteria,Sphingomonadales,Sphingomonadaceae,Sphingopyxis,Sphingopyxis sp014873485,2.375,0.004807692,0.9296/0.9055
Me.F.2.L.A,F06,Memorial,dorm_sample,Bacteria,Actinomycetota,Actinomycetes,Actinomycetales,Microbacteriaceae,Rhodoglobus,Rhodoglobus metalliresistens,2.625,0.005313765,0.8625/0.8330
Me.F.2.L.A,F06,Memorial,dorm_sample,Bacteria,Pseudomonadota,Alphaproteobacteria,Caulobacterales,Caulobacteraceae,Brevundimonas,Brevundimonas balnearis,2.75,0.005566802,0.9677/0.9241
Me.F.2.L.A,F06,Memorial,dorm_sample,Bacteria,Acidobacteriota,Blastocatellia,Pyrinomonadales,Pyrinomonadaceae,JALZHR01,JALZHR01 sp036388635,2.875,0.005819838,0.7715/0.7283
Me.F.2.L.A,F06,Memorial,dorm_sample,Bacteria,Pseudomonadota,Alphaproteobacteria,Caulobacterales,Caulobacteraceae,Phenylobacterium,Phenylobacterium koreense,3.25,0.006578947,0.8785/0.8264
Me.F.2.L.A,F06,Memorial,dorm_sample,Bacteria,Pseudomonadota,Alphaproteobacteria,Rhizobiales,Xanthobacteraceae,Bradyrhizobium,Bradyrhizobium sp001556045,6.125,0.01239879,0.9966/0.9933
Me.F.2.L.A,F06,Memorial,dorm_sample,Bacteria,Pseudomonadota,Alphaproteobacteria,Caulobacterales,Caulobacteraceae,Caulobacter,Caulobacter sp913776195,7.125,0.01442308,0.9634/0.9470
Me.F.2.L.A,F06,Memorial,dorm_sample,Bacteria,Bacteroidota,Bacteroidia,Flavobacteriales,Flavobacteriaceae,Flavobacterium,Flavobacterium lindanitolerans,10.25,0.02074899,0.9923/0.9917
Me.F.2.L.A,F06,Memorial,dorm_sample,Bacteria,Pseudomonadota,Gammaproteobacteria,Xanthomonadales,Xanthomonadaceae,Pseudoxanthomonas_A,Pseudoxanthomonas_A mexicana,12.25,0.02479757,0.9868/0.9840
Me.F.2.L.A,F06,Memorial,dorm_sample,Bacteria,Pseudomonadota,Gammaproteobacteria,Burkholderiales,Burkholderiaceae_C,Ottowia,Ottowia testudinis,15.5,0.03137652,0.9023/0.8941
Me.F.2.L.A,F06,Memorial,dorm_sample,Bacteria,Pseudomonadota,Gammaproteobacteria,Xanthomonadales,Xanthomonadaceae,Stenotrophomonas,Stenotrophomonas muris,19.125,0.03871457,0.9984/0.9945
Me.F.2.L.A,F06,Memorial,dorm_sample,Bacteria,unclassified Bacteria phylum,unclassified Bacteria class,unclassified Bacteria order,unclassified Bacteria family,unclassified Bacteria genus,unclassified Bacteria species,20.625,0.04175101,0.0000/0.0000
Me.F.2.L.A,F06,Memorial,dorm_sample,Bacteria,Pseudomonadota,Alphaproteobacteria,Sphingomonadales,Sphingomonadaceae,Blastomonas,Blastomonas ursincola,23.875,0.04832996,0.9915/0.9911
Me.F.2.L.A,F06,Memorial,dorm_sample,Bacteria,Bacteroidota,Bacteroidia,Cytophagales,Spirosomataceae,JAJAZB01,JAJAZB01 sp965249815,26.25,0.05313765,0.8417/0.7998
Me.F.2.L.A,F06,Memorial,dorm_sample,Bacteria,Cyanobacteriota,Vampirovibrionia,Obscuribacterales,Obscuribacteraceae,JAFKGK01,JAFKGK01 sp017307165,28.5,0.05769231,0.9976/0.9971
Me.F.2.L.A,F06,Memorial,dorm_sample,Bacteria,Pseudomonadota,Gammaproteobacteria,Burkholderiales,Burkholderiaceae_C,Acidovorax,Acidovorax temperans,33.625,0.0680668,0.9843/0.9837
Me.F.2.L.A,F06,Memorial,dorm_sample,Bacteria,Pseudomonadota,Alphaproteobacteria,Sphingomonadales,Sphingomonadaceae,Sphingopyxis,Sphingopyxis soli,35.25,0.07135628,0.9906/0.9881
Me.F.2.L.A,F06,Memorial,dorm_sample,Bacteria,Pseudomonadota,Alphaproteobacteria,Sphingomonadales,Sphingomonadaceae,Sphingopyxis,Sphingopyxis sp001830555,36.125,0.07312753,0.9616/0.9547
Me.F.2.L.A,F06,Memorial,dorm_sample,Bacteria,Actinomycetota,Actinomycetes,Mycobacteriales,Mycobacteriaceae,Mycobacterium,Mycobacterium phocaicum,38.75,0.0784413,0.9909/0.9870
Me.F.2.L.A,F06,Memorial,dorm_sample,Bacteria,Pseudomonadota,Gammaproteobacteria,Burkholderiales,Burkholderiaceae_C,Ottowia,Ottowia sp018060485,50.625,0.1024798,0.9862/0.9768
Me.F.2.L.A,F06,Memorial,dorm_sample,Bacteria,Pseudomonadota,Alphaproteobacteria,Sphingomonadales,Sphingomonadaceae,Sphingopyxis,Sphingopyxis sp001468395,50.875,0.1029858,0.9829/0.9785
Pe.F.4.H.C,F07,Penland,dorm_sample,Bacteria,Bdellovibrionota,FAC87,UBA2466,UBA2466,JBBQIT01,JBBQIT01 sp963778115,0.25,0.002118644,0.7512/0.7347
Pe.F.4.H.C,F07,Penland,dorm_sample,Bacteria,Bdellovibrionota,UBA1018,CAIPTA01,CAIPTA01,JAKFYM01,JAKFYM01 sp050246755,0.25,0.002118644,0.7843/0.7565
Pe.F.4.H.C,F07,Penland,dorm_sample,Bacteria,Pseudomonadota,Alphaproteobacteria,Rickettsiales,UBA3002,QFOX01,QFOX01 sp037968615,0.25,0.002118644,0.8090/0.7751
Pe.F.4.H.C,F07,Penland,dorm_sample,Bacteria,Bdellovibrionota,Bdellovibrionia,Bdellovibrionales,Bdellovibrionaceae,Bdellovibrio,Bdellovibrio bacteriovorus_E,0.25,0.002118644,0.8098/0.7938
Pe.F.4.H.C,F07,Penland,dorm_sample,Bacteria,Bdellovibrionota,Bdellovibrionia,Bdellovibrionales,JAMPXM01,Ga0074137,Ga0074137 sp001464715,0.25,0.002118644,0.8186/0.7663
Pe.F.4.H.C,F07,Penland,dorm_sample,Bacteria,Bacteroidota,Bacteroidia,Chitinophagales,Chitinophagaceae,Endoryza,Endoryza sp044226045,0.25,0.002118644,0.8190/0.7912
Pe.F.4.H.C,F07,Penland,dorm_sample,Bacteria,Pseudomonadota,Alphaproteobacteria,Sphingomonadales,Sphingomonadaceae,Sphingopyxis,Sphingopyxis sp001468395,0.25,0.002118644,0.9844/0.9840
Pe.F.4.H.C,F07,Penland,dorm_sample,Bacteria,Pseudomonadota,Alphaproteobacteria,Sphingomonadales,Sphingomonadaceae,Sphingopyxis,Sphingopyxis macrogoltabida_A,0.25,0.002118644,0.9917/0.9831
Pe.F.4.H.C,F07,Penland,dorm_sample,Bacteria,Pseudomonadota,Alphaproteobacteria,Sphingomonadales,Sphingomonadaceae,Sphingomonas,Sphingomonas ginsenosidimutans,0.25,0.002118644,0.9925/0.9924
Pe.F.4.H.C,F07,Penland,dorm_sample,Bacteria,Pseudomonadota,Alphaproteobacteria,Rhizobiales,Rhizobiaceae,Shinella,Shinella sp001262505,0.25,0.002118644,0.9960/0.9960
Pe.F.4.H.C,F07,Penland,dorm_sample,Bacteria,Pseudomonadota,Gammaproteobacteria,Burkholderiales,Burkholderiaceae_C,Comamonas,Comamonas tsuruhatensis,0.25,0.002118644,0.9991/0.9991
Pe.F.4.H.C,F07,Penland,dorm_sample,Bacteria,Pseudomonadota,Alphaproteobacteria,Sphingomonadales,Sphingomonadaceae,Sphingomonas,Sphingomonas sp012650175,0.25,0.002118644,0.9999/0.9999
Pe.F.4.H.C,F07,Penland,dorm_sample,Bacteria,Pseudomonadota,Alphaproteobacteria,Rickettsiales,UBA3002,QFOX01,QFOX01 sp965247335,0.375,0.003177966,0.8052/0.7894
Pe.F.4.H.C,F07,Penland,dorm_sample,Bacteria,Acidobacteriota,Blastocatellia,Pyrinomonadales,Pyrinomonadaceae,DATHTS01,DATHTS01 sp965217985,0.375,0.003177966,0.8342/0.8168
Pe.F.4.H.C,F07,Penland,dorm_sample,Bacteria,Actinomycetota,Actinomycetes,Actinomycetales,Microbacteriaceae,Pseudolysinimonas_A,Pseudolysinimonas_A sp947085045,0.375,0.003177966,0.8588/0.8003
Pe.F.4.H.C,F07,Penland,dorm_sample,Bacteria,Pseudomonadota,Alphaproteobacteria,Caulobacterales,Caulobacteraceae,Phenylobacterium,Phenylobacterium sp001724985,0.375,0.003177966,0.8635/0.8172
Pe.F.4.H.C,F07,Penland,dorm_sample,Bacteria,Pseudomonadota,Alphaproteobacteria,Rhizobiales,Rhizobiaceae,Arvimicrobium,Arvimicrobium flavum,0.375,0.003177966,0.8656/0.8413
Pe.F.4.H.C,F07,Penland,dorm_sample,Bacteria,Pseudomonadota,Gammaproteobacteria,Xanthomonadales,Xanthomonadaceae,Lysobacter,Lysobacter yananisis,0.375,0.003177966,0.8801/0.7855
Pe.F.4.H.C,F07,Penland,dorm_sample,Bacteria,Pseudomonadota,Alphaproteobacteria,Sphingomonadales,Sphingomonadaceae,Sphingopyxis,Sphingopyxis sp037095755,0.375,0.003177966,0.9240/0.9070
Pe.F.4.H.C,F07,Penland,dorm_sample,Bacteria,Pseudomonadota,Alphaproteobacteria,Sphingomonadales,Sphingomonadaceae,Sphingomonas,Sphingomonas koreensis,0.375,0.003177966,0.9363/0.9327
Pe.F.4.H.C,F07,Penland,dorm_sample,Bacteria,Pseudomonadota,Alphaproteobacteria,Sphingomonadales,Sphingomonadaceae,Sphingopyxis,Sphingopyxis panaciterrae,0.375,0.003177966,0.9470/0.9353
Pe.F.4.H.C,F07,Penland,dorm_sample,Bacteria,Pseudomonadota,Alphaproteobacteria,Rhizobiales,Beijerinckiaceae,Methylobacterium,Methylobacterium sp900112625,0.375,0.003177966,0.9750/0.9745
Pe.F.4.H.C,F07,Penland,dorm_sample,Bacteria,Pseudomonadota,Alphaproteobacteria,Caulobacterales,Caulobacteraceae,Phenylobacterium,Phenylobacterium sp041919955,0.375,0.003177966,0.9926/0.9926
Pe.F.4.H.C,F07,Penland,dorm_sample,Bacteria,Actinomycetota,Actinomycetes,Mycobacteriales,Mycobacteriaceae,Mycobacterium,Mycobacterium fortuitum,0.375,0.003177966,0.9988/0.9988
Pe.F.4.H.C,F07,Penland,dorm_sample,Bacteria,Pseudomonadota,Alphaproteobacteria,Caulobacterales,Caulobacteraceae,Phenylobacterium,Phenylobacterium haematophilum,0.375,0.003177966,0.9989/0.9989
Pe.F.4.H.C,F07,Penland,dorm_sample,Bacteria,Pseudomonadota,Alphaproteobacteria,Puniceispirillales,Marisalimonadaceae,Marisalimonas,Marisalimonas sp902558885,0.5,0.004237288,0.9492/0.9492
Pe.F.4.H.C,F07,Penland,dorm_sample,Bacteria,Pseudomonadota,Alphaproteobacteria,Rickettsiales,UBA3002,QFOX01,QFOX01 sp044341105,0.625,0.00529661,0.8226/0.7574
Pe.F.4.H.C,F07,Penland,dorm_sample,Bacteria,Pseudomonadota,Alphaproteobacteria,Sphingomonadales,Sphingomonadaceae,Sphingopyxis,Sphingopyxis sp051861185,0.625,0.00529661,0.8962/0.8939
Pe.F.4.H.C,F07,Penland,dorm_sample,Bacteria,Pseudomonadota,Alphaproteobacteria,Sphingomonadales,Sphingomonadaceae,Sphingopyxis,Sphingopyxis sp005503215,0.625,0.00529661,0.9105/0.9048
Pe.F.4.H.C,F07,Penland,dorm_sample,Bacteria,Pseudomonadota,Alphaproteobacteria,Rhizobiales,Beijerinckiaceae,Allobosea,Allobosea eneae,0.625,0.00529661,0.9678/0.9467
Pe.F.4.H.C,F07,Penland,dorm_sample,Bacteria,Acidobacteriota,Blastocatellia,Pyrinomonadales,Pyrinomonadaceae,GCA-002050365,GCA-002050365 sp964244835,0.75,0.006355932,0.7905/0.7652
Pe.F.4.H.C,F07,Penland,dorm_sample,Bacteria,Pseudomonadota,Alphaproteobacteria,Rhizobiales,Hyphomicrobiaceae,JAKAXS01,JAKAXS01 sp963846845,0.75,0.006355932,0.8709/0.8610
Pe.F.4.H.C,F07,Penland,dorm_sample,Bacteria,Pseudomonadota,Alphaproteobacteria,Sphingomonadales,Sphingomonadaceae,Erythrobacter,Erythrobacter oryzae,0.75,0.006355932,0.9132/0.7918
Pe.F.4.H.C,F07,Penland,dorm_sample,Bacteria,Bacteroidota,Bacteroidia,B-17B0,Aurantibacillaceae,UBA4416,UBA4416 sp943362175,0.875,0.007415254,0.9101/0.8675
Pe.F.4.H.C,F07,Penland,dorm_sample,Bacteria,Pseudomonadota,Gammaproteobacteria,Xanthomonadales,Xanthomonadaceae,Pseudoxanthomonas_A,Pseudoxanthomonas_A sp014851815,0.875,0.007415254,0.9377/0.9185
Pe.F.4.H.C,F07,Penland,dorm_sample,Bacteria,Pseudomonadota,Alphaproteobacteria,Sphingomonadales,Sphingomonadaceae,Erythrobacter,Erythrobacter sp009905735,0.875,0.007415254,0.9666/0.9573
Pe.F.4.H.C,F07,Penland,dorm_sample,Bacteria,Pseudomonadota,Alphaproteobacteria,Caulobacterales,Caulobacteraceae,Caulobacter,Caulobacter sp913776195,0.875,0.007415254,0.9737/0.9465
Pe.F.4.H.C,F07,Penland,dorm_sample,Bacteria,Actinomycetota,Actinomycetes,Mycobacteriales,Mycobacteriaceae,Mycobacterium,Mycobacterium grossiae,0.875,0.007415254,0.9904/0.9903
Pe.F.4.H.C,F07,Penland,dorm_sample,Bacteria,Pseudomonadota,Gammaproteobacteria,Xanthomonadales,Xanthomonadaceae,Pseudoxanthomonas_A,Pseudoxanthomonas_A japonensis,0.875,0.007415254,0.9964/0.9945
Pe.F.4.H.C,F07,Penland,dorm_sample,Bacteria,Bacteroidota,Bacteroidia,Cytophagales,172606-1,Xanthocytophaga,Xanthocytophaga sp963520985,1,0.008474576,0.8056/0.7843
Pe.F.4.H.C,F07,Penland,dorm_sample,Bacteria,Pseudomonadota,Alphaproteobacteria,Sphingomonadales,Sphingomonadaceae,Sphingopyxis,Sphingopyxis sp001468225,1,0.008474576,0.9237/0.8886
Pe.F.4.H.C,F07,Penland,dorm_sample,Bacteria,Pseudomonadota,Alphaproteobacteria,Sphingomonadales,Sphingomonadaceae,Erythrobacter,Erythrobacter sp046452395,1.375,0.01165254,0.9851/0.9841
Pe.F.4.H.C,F07,Penland,dorm_sample,Bacteria,Acidobacteriota,Blastocatellia,Pyrinomonadales,Pyrinomonadaceae,JAFDVJ01,JAFDVJ01 sp965247805,1.625,0.01377119,0.7971/0.7663
Pe.F.4.H.C,F07,Penland,dorm_sample,Bacteria,Actinomycetota,Actinomycetes,Actinomycetales,Microbacteriaceae,Agromyces,Agromyces mediolanus_A,1.75,0.01483051,0.9952/0.9943
Pe.F.4.H.C,F07,Penland,dorm_sample,Bacteria,Pseudomonadota,Gammaproteobacteria,Xanthomonadales,Xanthomonadaceae,Lysobacter,Lysobacter capsici,2,0.01694915,0.9144/0.8855
Pe.F.4.H.C,F07,Penland,dorm_sample,Bacteria,Pseudomonadota,Gammaproteobacteria,Xanthomonadales,Xanthomonadaceae,Lysobacter_I,Lysobacter_I sp005502915,2.5,0.02118644,0.9333/0.9260
Pe.F.4.H.C,F07,Penland,dorm_sample,Bacteria,Pseudomonadota,Gammaproteobacteria,Burkholderiales,Burkholderiaceae_C,Acidovorax,Acidovorax temperans,2.875,0.02436441,0.9837/0.9832
Pe.F.4.H.C,F07,Penland,dorm_sample,Bacteria,Pseudomonadota,Gammaproteobacteria,Xanthomonadales,Xanthomonadaceae,Lysobacter_I,Lysobacter_I brunescens,3.5,0.02966102,0.9489/0.9456
Pe.F.4.H.C,F07,Penland,dorm_sample,Bacteria,Pseudomonadota,Gammaproteobacteria,Burkholderiales,Burkholderiaceae_C,Aquincola,Aquincola tertiaricarbonis_B,5.375,0.04555085,0.9583/0.9532
Pe.F.4.H.C,F07,Penland,dorm_sample,Bacteria,Pseudomonadota,Gammaproteobacteria,Burkholderiales,Burkholderiaceae_C,Ottowia,Ottowia testudinis,6.125,0.05190678,0.9069/0.8994
Pe.F.4.H.C,F07,Penland,dorm_sample,Bacteria,Pseudomonadota,Gammaproteobacteria,Xanthomonadales,Xanthomonadaceae,Lysobacter_I,Lysobacter_I sp036404915,11.375,0.09639831,0.9803/0.9750
Pe.F.4.H.C,F07,Penland,dorm_sample,Bacteria,unclassified Bacteria phylum,unclassified Bacteria class,unclassified Bacteria order,unclassified Bacteria family,unclassified Bacteria genus,unclassified Bacteria species,12.375,0.1048729,0.0000/0.0000
Pe.F.4.H.C,F07,Penland,dorm_sample,Bacteria,Pseudomonadota,Alphaproteobacteria,Sphingomonadales,Sphingomonadaceae,Blastomonas,Blastomonas ursincola,14.625,0.1239407,0.9913/0.9912
Pe.F.4.H.C,F07,Penland,dorm_sample,Bacteria,Pseudomonadota,Gammaproteobacteria,Burkholderiales,Burkholderiaceae_C,Ottowia,Ottowia sp018060485,15.5,0.1313559,0.9858/0.9808
Pe.F.4.H.C,F07,Penland,dorm_sample,Bacteria,Actinomycetota,Actinomycetes,Mycobacteriales,Mycobacteriaceae,Mycobacterium,Mycobacterium phocaicum,16.625,0.1408898,0.9906/0.9859
Ea.F.1.H.A,G01,Earl,dorm_sample,Bacteria,Bdellovibrionota,Bdellovibrionia,Bdellovibrionales,UBA1609,UBA6776,UBA6776 sp002453155,0.25,0.001299545,0.7555/0.7317
Ea.F.1.H.A,G01,Earl,dorm_sample,Bacteria,Bdellovibrionota,Bdellovibrionia,Bdellovibrionales,UBA1609,JALHOQ01,JALHOQ01 sp964628445,0.25,0.001299545,0.7646/0.7280
Ea.F.1.H.A,G01,Earl,dorm_sample,Bacteria,Planctomycetota,SZUA-567,H5-PLA8,H5-PLA8,JBBRPR01,JBBRPR01 sp038227875,0.25,0.001299545,0.7738/0.7332
Ea.F.1.H.A,G01,Earl,dorm_sample,Bacteria,Cyanobacteriota,Vampirovibrionia,Obscuribacterales,Obscuribacteraceae,Ga0077546,Ga0077546 sp036170915,0.25,0.001299545,0.7772/0.7298
Ea.F.1.H.A,G01,Earl,dorm_sample,Bacteria,Bacteroidota,Bacteroidia,Cytophagales,UBA9547,UBA9547,UBA9547 sp025360395,0.25,0.001299545,0.7772/0.7722
Ea.F.1.H.A,G01,Earl,dorm_sample,Bacteria,Acidobacteriota,Vicinamibacteria,Vicinamibacterales,Vicinamibacteraceae,JBDSLU01,JBDSLU01 sp963844435,0.25,0.001299545,0.7869/0.7609
Ea.F.1.H.A,G01,Earl,dorm_sample,Bacteria,Acidobacteriota,Vicinamibacteria,Vicinamibacterales,CAVVIG01,CAVTHG01,CAVTHG01 sp963734375,0.25,0.001299545,0.7924/0.7315
Ea.F.1.H.A,G01,Earl,dorm_sample,Bacteria,Chloroflexota,Anaerolineae,Aggregatilineales,Phototrophicaceae,Flexifilum,Flexifilum sp963760975,0.25,0.001299545,0.7946/0.7686
Ea.F.1.H.A,G01,Earl,dorm_sample,Bacteria,Verrucomicrobiota,Verrucomicrobiia,Chthoniobacterales,Terrimicrobiaceae,Terrimicrobium,Terrimicrobium sacchariphilum,0.25,0.001299545,0.8141/0.7917
Ea.F.1.H.A,G01,Earl,dorm_sample,Bacteria,Planctomycetota,UBA1135,UBA1135,UBA2386,UBA2386,UBA2386 sp002343845,0.25,0.001299545,0.8276/0.7816
Ea.F.1.H.A,G01,Earl,dorm_sample,Bacteria,Cyanobacteriota,Vampirovibrionia,Obscuribacterales,Obscuribacteraceae,Ga0077546,Ga0077546 sp021732025,0.25,0.001299545,0.8284/0.7874
Ea.F.1.H.A,G01,Earl,dorm_sample,Bacteria,Bacteroidota,Bacteroidia,B-17B0,Aurantibacillaceae,UBA4416,UBA4416 sp048498515,0.25,0.001299545,0.8299/0.7867
Ea.F.1.H.A,G01,Earl,dorm_sample,Bacteria,Bacteroidota,Bacteroidia,Cytophagales,Cyclobacteriaceae,Chryseolinea,Chryseolinea sp049840655,0.25,0.001299545,0.8315/0.8109
Ea.F.1.H.A,G01,Earl,dorm_sample,Bacteria,Planctomycetota,Planctomycetia,Planctomycetales,Planctomycetaceae,Planctomyces_A,Planctomyces_A sp001610835,0.25,0.001299545,0.8451/0.8219
Ea.F.1.H.A,G01,Earl,dorm_sample,Bacteria,Pseudomonadota,Gammaproteobacteria,Xanthomonadales,Ahniellaceae,JAGOEZ01,JAGOEZ01 sp017997455,0.25,0.001299545,0.8480/0.8412
Ea.F.1.H.A,G01,Earl,dorm_sample,Bacteria,Pseudomonadota,Alphaproteobacteria,Sphingomonadales,Sphingomonadaceae,Sphingomonas,Sphingomonas sp014217605,0.25,0.001299545,0.8690/0.8354
Ea.F.1.H.A,G01,Earl,dorm_sample,Bacteria,Pseudomonadota,Alphaproteobacteria,Sphingomonadales,Sphingomonadaceae,Sphingobium,Sphingobium sp041877245,0.25,0.001299545,0.8853/0.8326
Ea.F.1.H.A,G01,Earl,dorm_sample,Bacteria,Pseudomonadota,Alphaproteobacteria,Caulobacterales,Caulobacteraceae,Phenylobacterium,Phenylobacterium koreense,0.25,0.001299545,0.8945/0.8572
Ea.F.1.H.A,G01,Earl,dorm_sample,Bacteria,Pseudomonadota,Alphaproteobacteria,Micropepsales,Micropepsaceae,JADZAI01,JADZAI01 sp047602465,0.25,0.001299545,0.9048/0.8891
Ea.F.1.H.A,G01,Earl,dorm_sample,Bacteria,Planctomycetota,Planctomycetia,Pirellulales,Lacipirellulaceae,Lacipirellula,Lacipirellula parvula,0.25,0.001299545,0.9091/0.7896
Ea.F.1.H.A,G01,Earl,dorm_sample,Bacteria,Pseudomonadota,Gammaproteobacteria,Burkholderiales,Burkholderiaceae_C,Variovorax,Variovorax defluvii,0.25,0.001299545,0.9461/0.9321
Ea.F.1.H.A,G01,Earl,dorm_sample,Bacteria,Pseudomonadota,Alphaproteobacteria,Caulobacterales,Caulobacteraceae,Phenylobacterium,Phenylobacterium sp030681155,0.25,0.001299545,0.9553/0.9545
Ea.F.1.H.A,G01,Earl,dorm_sample,Bacteria,Pseudomonadota,Alphaproteobacteria,Rhodobacterales,Rhodobacteraceae,Albidovulum,Albidovulum sp020161655,0.25,0.001299545,0.9556/0.9545
Ea.F.1.H.A,G01,Earl,dorm_sample,Bacteria,Pseudomonadota,Gammaproteobacteria,Pseudomonadales,Moraxellaceae,Faucicola,Faucicola osloensis,0.25,0.001299545,0.9710/0.9337
Ea.F.1.H.A,G01,Earl,dorm_sample,Bacteria,Bacteroidota,Bacteroidia,Cytophagales,Spirosomataceae,Dyadobacter,Dyadobacter fermentans,0.25,0.001299545,0.9727/0.9059
Ea.F.1.H.A,G01,Earl,dorm_sample,Bacteria,Bacteroidota,Bacteroidia,Chitinophagales,Chitinophagaceae,Niabella,Niabella sp052044285,0.25,0.001299545,0.9789/0.9785
Ea.F.1.H.A,G01,Earl,dorm_sample,Bacteria,Pseudomonadota,Gammaproteobacteria,Burkholderiales,Burkholderiaceae_C,Pseudorhodoferax,Pseudorhodoferax sp032153935,0.25,0.001299545,0.9831/0.9828
Ea.F.1.H.A,G01,Earl,dorm_sample,Bacteria,Pseudomonadota,Alphaproteobacteria,Rhizobiales,Beijerinckiaceae,Methylobacterium,Methylobacterium sp900112625,0.25,0.001299545,0.9845/0.9835
Ea.F.1.H.A,G01,Earl,dorm_sample,Bacteria,Pseudomonadota,Alphaproteobacteria,Rhizobiales,Rhizobiaceae,Ensifer,Ensifer sp000799055,0.25,0.001299545,0.9885/0.9885
Ea.F.1.H.A,G01,Earl,dorm_sample,Bacteria,Bacteroidota,Bacteroidia,Cytophagales,Cyclobacteriaceae,Chryseolinea,Chryseolinea sp029360725,0.25,0.001299545,0.9922/0.9922
Ea.F.1.H.A,G01,Earl,dorm_sample,Bacteria,Pseudomonadota,Gammaproteobacteria,Burkholderiales,Burkholderiaceae_C,Acidovorax,Acidovorax sp046339755,0.25,0.001299545,0.9950/0.9950
Ea.F.1.H.A,G01,Earl,dorm_sample,Bacteria,Actinomycetota,Actinomycetes,Actinomycetales,Microbacteriaceae,Microbacterium,Microbacterium kunmingense,0.25,0.001299545,0.9951/0.9949
Ea.F.1.H.A,G01,Earl,dorm_sample,Bacteria,Pseudomonadota,Alphaproteobacteria,Caulobacterales,Caulobacteraceae,Brevundimonas,Brevundimonas pondensis,0.25,0.001299545,0.9994/0.9994
Ea.F.1.H.A,G01,Earl,dorm_sample,Bacteria,Pseudomonadota,Gammaproteobacteria,Burkholderiales,Burkholderiaceae_C,Comamonas,Comamonas tsuruhatensis,0.25,0.001299545,0.9994/0.9995
Ea.F.1.H.A,G01,Earl,dorm_sample,Bacteria,Bdellovibrionota,UBA1018,CAIPTA01,CAIPTA01,JAKFYM01,JAKFYM01 sp050246755,0.375,0.001949318,0.7528/0.7170
Ea.F.1.H.A,G01,Earl,dorm_sample,Bacteria,Pseudomonadota,Alphaproteobacteria,Micavibrionales,Micavibrionaceae,Micavibrio_A,Micavibrio_A sp041655955,0.375,0.001949318,0.7857/0.7566
Ea.F.1.H.A,G01,Earl,dorm_sample,Bacteria,Pseudomonadota,Alphaproteobacteria,Rickettsiales,SXRF01,JANRKF01,JANRKF01 sp033763575,0.375,0.001949318,0.8007/0.7453
Ea.F.1.H.A,G01,Earl,dorm_sample,Bacteria,Bacteroidota,Bacteroidia,Chitinophagales,Chitinophagaceae,JAFIGV01,JAFIGV01 sp035497455,0.375,0.001949318,0.8078/0.7810
Ea.F.1.H.A,G01,Earl,dorm_sample,Bacteria,Pseudomonadota,Alphaproteobacteria,Rhizobiales,Hyphomicrobiaceae,Hyphomicrobium_B,Hyphomicrobium_B sp017512425,0.375,0.001949318,0.8240/0.8041
Ea.F.1.H.A,G01,Earl,dorm_sample,Bacteria,Pseudomonadota,Gammaproteobacteria,Xanthomonadales,Ahniellaceae,UBA4656,UBA4656 sp021299185,0.375,0.001949318,0.8295/0.8085
Ea.F.1.H.A,G01,Earl,dorm_sample,Bacteria,Myxococcota,XYA12-FULL-58-9,XYA12-FULL-58-9,JALHOP01,JALHOP01,JALHOP01 sp039809465,0.375,0.001949318,0.8624/0.7322
Ea.F.1.H.A,G01,Earl,dorm_sample,Bacteria,Pseudomonadota,Alphaproteobacteria,Sphingomonadales,Sphingomonadaceae,Sphingomonas,Sphingomonas sp017304635,0.375,0.001949318,0.8644/0.8456
Ea.F.1.H.A,G01,Earl,dorm_sample,Bacteria,Pseudomonadota,Alphaproteobacteria,Rhizobiales,Xanthobacteraceae,Bradyrhizobium,Bradyrhizobium sp963840465,0.375,0.001949318,0.8812/0.8347
Ea.F.1.H.A,G01,Earl,dorm_sample,Bacteria,Pseudomonadota,Gammaproteobacteria,Xanthomonadales,Xanthomonadaceae,Lysobacter,Lysobacter enzymogenes,0.375,0.001949318,0.8934/0.8467
Ea.F.1.H.A,G01,Earl,dorm_sample,Bacteria,Pseudomonadota,Alphaproteobacteria,Caulobacterales,Caulobacteraceae,Brevundimonas,Brevundimonas sp041648055,0.375,0.001949318,0.9043/0.8676
Ea.F.1.H.A,G01,Earl,dorm_sample,Bacteria,Pseudomonadota,Alphaproteobacteria,Rhizobiales,Xanthobacteraceae,Bradyrhizobium,Bradyrhizobium sp009930815,0.375,0.001949318,0.9204/0.9149
Ea.F.1.H.A,G01,Earl,dorm_sample,Bacteria,Pseudomonadota,Alphaproteobacteria,Sphingomonadales,Sphingomonadaceae,Allosphingosinicella,Allosphingosinicella sp023424095,0.375,0.001949318,0.9309/0.9206
Ea.F.1.H.A,G01,Earl,dorm_sample,Bacteria,Pseudomonadota,Gammaproteobacteria,Xanthomonadales,Xanthomonadaceae,Lysobacter_I,Lysobacter_I sp050632415,0.375,0.001949318,0.9510/0.9230
Ea.F.1.H.A,G01,Earl,dorm_sample,Bacteria,Pseudomonadota,Alphaproteobacteria,Rhizobiales,Aestuariivirgaceae,Taklimakanibacter,Taklimakanibacter sp005502925,0.375,0.001949318,0.9570/0.9563
Ea.F.1.H.A,G01,Earl,dorm_sample,Bacteria,Pseudomonadota,Alphaproteobacteria,Rhizobiales,Rhizobiaceae,Shinella,Shinella sp001262505,0.375,0.001949318,0.9793/0.9763
Ea.F.1.H.A,G01,Earl,dorm_sample,Bacteria,Pseudomonadota,Alphaproteobacteria,Caulobacterales,Caulobacteraceae,Brevundimonas,Brevundimonas vesicularis_C,0.375,0.001949318,0.9843/0.9843
Ea.F.1.H.A,G01,Earl,dorm_sample,Bacteria,Pseudomonadota,Gammaproteobacteria,Pseudomonadales,Moraxellaceae,Acinetobacter,Acinetobacter parvus,0.375,0.001949318,0.9865/0.9863
Ea.F.1.H.A,G01,Earl,dorm_sample,Bacteria,Actinomycetota,Actinomycetes,Propionibacteriales,Propionibacteriaceae,Micropruina,Micropruina sp937863965,0.375,0.001949318,0.9880/0.9879
Ea.F.1.H.A,G01,Earl,dorm_sample,Bacteria,Pseudomonadota,Alphaproteobacteria,Rhizobiales,Beijerinckiaceae,Methylobacterium,Methylobacterium radiotolerans,0.375,0.001949318,0.9978/0.9978
Ea.F.1.H.A,G01,Earl,dorm_sample,Bacteria,Acidobacteriota,Vicinamibacteria,Vicinamibacterales,Vicinamibacteraceae,JBDSLU01,JBDSLU01 sp963816265,0.5,0.00259909,0.8043/0.7545
Ea.F.1.H.A,G01,Earl,dorm_sample,Bacteria,Bacteroidota,Bacteroidia,Cytophagales,Cyclobacteriaceae,Chryseolinea,Chryseolinea sp035489615,0.5,0.00259909,0.8414/0.8267
Ea.F.1.H.A,G01,Earl,dorm_sample,Bacteria,Bacteroidota,Bacteroidia,Cytophagales,Cyclobacteriaceae,UBA2336,UBA2336 sp964538575,0.5,0.00259909,0.8702/0.8640
Ea.F.1.H.A,G01,Earl,dorm_sample,Bacteria,Pseudomonadota,Gammaproteobacteria,Burkholderiales,Burkholderiaceae_C,Pseudorhodoferax,Pseudorhodoferax sp049840715,0.5,0.00259909,0.8756/0.8432
Ea.F.1.H.A,G01,Earl,dorm_sample,Bacteria,Myxococcota,XYA12-FULL-58-9,XYA12-FULL-58-9,JALHOP01,JALHOP01,JALHOP01 sp964484195,0.5,0.00259909,0.8785/0.8695
Ea.F.1.H.A,G01,Earl,dorm_sample,Bacteria,Pseudomonadota,Alphaproteobacteria,Rhizobiales,Xanthobacteraceae,Bradyrhizobium,Bradyrhizobium lablabi_C,0.5,0.00259909,0.8820/0.8363
Ea.F.1.H.A,G01,Earl,dorm_sample,Bacteria,Bacteroidota,Bacteroidia,Flavobacteriales,Flavobacteriaceae,Flavobacterium,Flavobacterium wongokense,0.5,0.00259909,0.8874/0.8758
Ea.F.1.H.A,G01,Earl,dorm_sample,Bacteria,Pseudomonadota,Alphaproteobacteria,Sphingomonadales,Sphingomonadaceae,Allosphingosinicella,Allosphingosinicella sp031157375,0.5,0.00259909,0.9008/0.8842
Ea.F.1.H.A,G01,Earl,dorm_sample,Bacteria,Pseudomonadota,Alphaproteobacteria,Caulobacterales,Caulobacteraceae,Brevundimonas,Brevundimonas sp016463295,0.5,0.00259909,0.9101/0.8752
Ea.F.1.H.A,G01,Earl,dorm_sample,Bacteria,Pseudomonadota,Alphaproteobacteria,Caulobacterales,Caulobacteraceae,Brevundimonas,Brevundimonas sp001295975,0.5,0.00259909,0.9305/0.8433
Ea.F.1.H.A,G01,Earl,dorm_sample,Bacteria,Bacteroidota,Bacteroidia,Chitinophagales,Chitinophagaceae,Paraflavitalea,Paraflavitalea sp017744515,0.5,0.00259909,0.9393/0.9211
Ea.F.1.H.A,G01,Earl,dorm_sample,Bacteria,Pseudomonadota,Alphaproteobacteria,Sphingomonadales,Sphingomonadaceae,Sphingomonas,Sphingomonas sp012650175,0.5,0.00259909,0.9831/0.9828
Ea.F.1.H.A,G01,Earl,dorm_sample,Bacteria,Pseudomonadota,Gammaproteobacteria,Xanthomonadales,Xanthomonadaceae,Pseudoxanthomonas_A,Pseudoxanthomonas_A mexicana,0.5,0.00259909,0.9921/0.9921
Ea.F.1.H.A,G01,Earl,dorm_sample,Bacteria,Bacteroidota,Bacteroidia,Cytophagales,UBA9547,UBA9547,UBA9547 sp044349205,0.625,0.003248863,0.7847/0.7709
Ea.F.1.H.A,G01,Earl,dorm_sample,Bacteria,Bdellovibrionota,Bdellovibrionia,Bdellovibrionales,Bdellovibrionaceae,Bdellovibrio,Bdellovibrio sp047323225,0.625,0.003248863,0.8068/0.7775
Ea.F.1.H.A,G01,Earl,dorm_sample,Bacteria,Bdellovibrionota,Bdellovibrionia,Bdellovibrionales,UBA1609,CAYHVK01,CAYHVK01 sp964360255,0.625,0.003248863,0.8068/0.7881
Ea.F.1.H.A,G01,Earl,dorm_sample,Bacteria,Bacteroidota,Bacteroidia,Chitinophagales,Chitinophagaceae,Agriterribacter,Agriterribacter sp019638615,0.625,0.003248863,0.8148/0.7777
Ea.F.1.H.A,G01,Earl,dorm_sample,Bacteria,Planctomycetota,Phycisphaerae,Phycisphaerales,UBA1924,CAZMCC01,CAZMCC01 sp964564695,0.625,0.003248863,0.8185/0.7763
Ea.F.1.H.A,G01,Earl,dorm_sample,Bacteria,Bacteroidota,Bacteroidia,Chitinophagales,Chitinophagaceae,Agriterribacter,Agriterribacter sp051958655,0.625,0.003248863,0.8410/0.8315
Ea.F.1.H.A,G01,Earl,dorm_sample,Bacteria,Acidobacteriota,Blastocatellia,Pyrinomonadales,Pyrinomonadaceae,OLB17,OLB17 sp902826795,0.625,0.003248863,0.8653/0.8399
Ea.F.1.H.A,G01,Earl,dorm_sample,Bacteria,Pseudomonadota,Gammaproteobacteria,Xanthomonadales,Xanthomonadaceae,Lysobacter,Lysobacter capsici_A,0.625,0.003248863,0.9037/0.8612
Ea.F.1.H.A,G01,Earl,dorm_sample,Bacteria,Pseudomonadota,Alphaproteobacteria,Sphingomonadales,Sphingomonadaceae,Erythrobacter,Erythrobacter sp001557115,0.625,0.003248863,0.9137/0.8960
Ea.F.1.H.A,G01,Earl,dorm_sample,Bacteria,Pseudomonadota,Alphaproteobacteria,Sphingomonadales,Sphingomonadaceae,Sphingomonas,Sphingomonas sp943913195,0.625,0.003248863,0.9868/0.9858
Ea.F.1.H.A,G01,Earl,dorm_sample,Bacteria,Pseudomonadota,Alphaproteobacteria,Rhizobiales,Beijerinckiaceae,Allobosea,Allobosea lupini,0.625,0.003248863,0.9890/0.9866
Ea.F.1.H.A,G01,Earl,dorm_sample,Bacteria,Pseudomonadota,Gammaproteobacteria,Burkholderiales,Burkholderiaceae_C,Acidovorax,Acidovorax temperans,0.625,0.003248863,0.9923/0.9924
Ea.F.1.H.A,G01,Earl,dorm_sample,Bacteria,Pseudomonadota,Alphaproteobacteria,Sphingomonadales,Sphingomonadaceae,Sphingomonas,Sphingomonas sp900109205,0.625,0.003248863,0.9996/0.9996
Ea.F.1.H.A,G01,Earl,dorm_sample,Bacteria,Acidobacteriota,Blastocatellia,Pyrinomonadales,Pyrinomonadaceae,DATHTS01,DATHTS01 sp041940425,0.75,0.003898635,0.8239/0.7916
Ea.F.1.H.A,G01,Earl,dorm_sample,Bacteria,Actinomycetota,Actinomycetes,Actinomycetales,Microbacteriaceae,Pseudolysinimonas_A,Pseudolysinimonas_A sp947085045,0.75,0.003898635,0.8561/0.8064
Ea.F.1.H.A,G01,Earl,dorm_sample,Bacteria,Bacteroidota,Bacteroidia,Sphingobacteriales,Sphingobacteriaceae,Pedobacter,Pedobacter sp001412215,0.75,0.003898635,0.8829/0.8490
Ea.F.1.H.A,G01,Earl,dorm_sample,Bacteria,Actinomycetota,Actinomycetes,Actinomycetales,Microbacteriaceae,Pseudolysinimonas_A,Pseudolysinimonas_A sp023457615,0.75,0.003898635,0.8941/0.8754
Ea.F.1.H.A,G01,Earl,dorm_sample,Bacteria,Bacteroidota,Bacteroidia,B-17B0,Aurantibacillaceae,UBA4416,UBA4416 sp964543545,0.75,0.003898635,0.9247/0.8610
Ea.F.1.H.A,G01,Earl,dorm_sample,Bacteria,Pseudomonadota,Alphaproteobacteria,Caulobacterales,Caulobacteraceae,Brevundimonas,Brevundimonas sp001422455,0.75,0.003898635,0.9727/0.9683
Ea.F.1.H.A,G01,Earl,dorm_sample,Bacteria,Bacteroidota,Bacteroidia,Sphingobacteriales,Sphingobacteriaceae,Pedobacter,Pedobacter chitinilyticus,0.75,0.003898635,0.9872/0.9865
Ea.F.1.H.A,G01,Earl,dorm_sample,Bacteria,Pseudomonadota,Alphaproteobacteria,Sphingomonadales,Sphingomonadaceae,Sphingobium,Sphingobium yanoikuyae_A,0.75,0.003898635,0.9997/0.9997
Ea.F.1.H.A,G01,Earl,dorm_sample,Bacteria,Chloroflexota,Anaerolineae,Aggregatilineales,Phototrophicaceae,Flexifilum,Flexifilum sp046328655,0.875,0.004548408,0.7892/0.7533
Ea.F.1.H.A,G01,Earl,dorm_sample,Bacteria,Pseudomonadota,Gammaproteobacteria,Xanthomonadales,Ahniellaceae,UBA4656,UBA4656 sp031412975,0.875,0.004548408,0.8117/0.7863
Ea.F.1.H.A,G01,Earl,dorm_sample,Bacteria,Pseudomonadota,Gammaproteobacteria,Xanthomonadales,Ahniellaceae,CALKUS01,CALKUS01 sp937996755,0.875,0.004548408,0.8165/0.7519
Ea.F.1.H.A,G01,Earl,dorm_sample,Bacteria,Pseudomonadota,Alphaproteobacteria,Sphingomonadales,Sphingomonadaceae,Sphingomonas,Sphingomonas ginsenosidimutans,0.875,0.004548408,0.8662/0.8450
Ea.F.1.H.A,G01,Earl,dorm_sample,Bacteria,Pseudomonadota,Alphaproteobacteria,Caulobacterales,Caulobacteraceae,Phenylobacterium,Phenylobacterium sp040752615,0.875,0.004548408,0.9194/0.9117
Ea.F.1.H.A,G01,Earl,dorm_sample,Bacteria,Pseudomonadota,Alphaproteobacteria,Caulobacterales,Caulobacteraceae,Phenylobacterium,Phenylobacterium sp023445705,0.875,0.004548408,0.9299/0.8925
Ea.F.1.H.A,G01,Earl,dorm_sample,Bacteria,Actinomycetota,Actinomycetes,Mycobacteriales,Nakamurellaceae,Nakamurella,Nakamurella multipartita,0.875,0.004548408,0.9922/0.9905
Ea.F.1.H.A,G01,Earl,dorm_sample,Bacteria,Babelota,Babeliae,Babelales,Vermiphilaceae,Vermiphilus,Vermiphilus pyriformis,0.875,0.004548408,0.9974/0.9974
Ea.F.1.H.A,G01,Earl,dorm_sample,Bacteria,Pseudomonadota,Gammaproteobacteria,Xanthomonadales,Xanthomonadaceae,Stenotrophomonas,Stenotrophomonas muris,0.875,0.004548408,0.9990/0.9990
Ea.F.1.H.A,G01,Earl,dorm_sample,Bacteria,Bacteroidota,Bacteroidia,Cytophagales,Cyclobacteriaceae,Chryseolinea,Chryseolinea sp037203685,1,0.005198181,0.8554/0.8488
Ea.F.1.H.A,G01,Earl,dorm_sample,Bacteria,Pseudomonadota,Alphaproteobacteria,Caulobacterales,Caulobacteraceae,Phenylobacterium,Phenylobacterium sp001724985,1,0.005198181,0.8825/0.8111
Ea.F.1.H.A,G01,Earl,dorm_sample,Bacteria,Pseudomonadota,Alphaproteobacteria,Caulobacterales,Caulobacteraceae,Phenylobacterium,Phenylobacterium sp964254345,1,0.005198181,0.8912/0.7917
Ea.F.1.H.A,G01,Earl,dorm_sample,Bacteria,Pseudomonadota,Alphaproteobacteria,Sphingomonadales,Sphingomonadaceae,Sphingomonas,Sphingomonas sp964407945,1,0.005198181,0.9184/0.9132
Ea.F.1.H.A,G01,Earl,dorm_sample,Bacteria,Pseudomonadota,Alphaproteobacteria,Sphingomonadales,Sphingomonadaceae,Sphingomonas,Sphingomonas sp031456125,1,0.005198181,0.9611/0.9426
Ea.F.1.H.A,G01,Earl,dorm_sample,Bacteria,Pseudomonadota,Alphaproteobacteria,Reyranellales,Reyranellaceae,Reyranella,Reyranella sp026126105,1,0.005198181,0.9690/0.9684
Ea.F.1.H.A,G01,Earl,dorm_sample,Bacteria,Actinomycetota,Actinomycetes,Mycobacteriales,Mycobacteriaceae,Mycobacterium,Mycobacterium fortuitum,1,0.005198181,0.9997/0.9997
Ea.F.1.H.A,G01,Earl,dorm_sample,Bacteria,Pseudomonadota,Alphaproteobacteria,Sphingomonadales,Sphingomonadaceae,Sphingomonas,Sphingomonas sp036402235,1.125,0.005847953,0.8794/0.8408
Ea.F.1.H.A,G01,Earl,dorm_sample,Bacteria,Pseudomonadota,Alphaproteobacteria,Caulobacterales,Caulobacteraceae,Caulobacter,Caulobacter sp913776195,1.125,0.005847953,0.9844/0.9840
Ea.F.1.H.A,G01,Earl,dorm_sample,Bacteria,Pseudomonadota,Alphaproteobacteria,Sphingomonadales,Sphingomonadaceae,Sphingopyxis,Sphingopyxis panaciterrae,1.25,0.006497726,0.9289/0.9001
Ea.F.1.H.A,G01,Earl,dorm_sample,Bacteria,Bacteroidota,Bacteroidia,B-17B0,Aurantibacillaceae,UBA4416,UBA4416 sp943362175,1.25,0.006497726,0.9340/0.8991
Ea.F.1.H.A,G01,Earl,dorm_sample,Bacteria,Pseudomonadota,Alphaproteobacteria,Rhizobiales,Xanthobacteraceae,Bradyrhizobium,Bradyrhizobium sp023387735,1.25,0.006497726,0.9816/0.9804
Ea.F.1.H.A,G01,Earl,dorm_sample,Bacteria,Pseudomonadota,Alphaproteobacteria,Rhizobiales,Hyphomicrobiaceae,Hyphomicrobium_C,Hyphomicrobium_C sp019744875,1.25,0.006497726,0.9957/0.9952
Ea.F.1.H.A,G01,Earl,dorm_sample,Bacteria,Bacteroidota,Bacteroidia,Cytophagales,Cyclobacteriaceae,UBA2336,UBA2336 sp016786585,1.375,0.007147498,0.8564/0.8331
Ea.F.1.H.A,G01,Earl,dorm_sample,Bacteria,Pseudomonadota,Gammaproteobacteria,Xanthomonadales,Xanthomonadaceae,Pseudoxanthomonas_A,Pseudoxanthomonas_A japonensis,1.375,0.007147498,0.9939/0.9937
Ea.F.1.H.A,G01,Earl,dorm_sample,Bacteria,Bacteroidota,Bacteroidia,Chitinophagales,Chitinophagaceae,Ferruginibacter,Ferruginibacter sp964404845,1.625,0.008447044,0.8898/0.8718
Ea.F.1.H.A,G01,Earl,dorm_sample,Bacteria,Pseudomonadota,Gammaproteobacteria,Burkholderiales,Burkholderiaceae_C,Aquincola,Aquincola tertiaricarbonis_B,1.625,0.008447044,0.9656/0.9605
Ea.F.1.H.A,G01,Earl,dorm_sample,Bacteria,Pseudomonadota,Alphaproteobacteria,Caulobacterales,Caulobacteraceae,Brevundimonas,Brevundimonas vesicularis,1.625,0.008447044,0.9836/0.9819
Ea.F.1.H.A,G01,Earl,dorm_sample,Bacteria,Acidobacteriota,Blastocatellia,Pyrinomonadales,Pyrinomonadaceae,DATHTS01,DATHTS01 sp965217985,1.75,0.009096816,0.8339/0.8134
Ea.F.1.H.A,G01,Earl,dorm_sample,Bacteria,Pseudomonadota,Gammaproteobacteria,Xanthomonadales,Xanthomonadaceae,Lysobacter_I,Lysobacter_I sp036404915,1.75,0.009096816,0.9823/0.9812
Ea.F.1.H.A,G01,Earl,dorm_sample,Bacteria,Bacteroidota,Bacteroidia,Chitinophagales,Chitinophagaceae,Agriterribacter,Agriterribacter sp051955255,1.875,0.009746589,0.8381/0.8150
Ea.F.1.H.A,G01,Earl,dorm_sample,Bacteria,Pseudomonadota,Gammaproteobacteria,Xanthomonadales,Rhodanobacteraceae,Tahibacter,Tahibacter soli,2,0.01039636,0.8127/0.7725
Ea.F.1.H.A,G01,Earl,dorm_sample,Bacteria,Pseudomonadota,Alphaproteobacteria,Caulobacterales,Caulobacteraceae,Phenylobacterium,Phenylobacterium sp041919955,2.125,0.01104613,0.9272/0.9129
Ea.F.1.H.A,G01,Earl,dorm_sample,Bacteria,Pseudomonadota,Alphaproteobacteria,Sphingomonadales,Sphingomonadaceae,Sphingomonas,Sphingomonas koreensis,2.625,0.01364522,0.9034/0.8423
Ea.F.1.H.A,G01,Earl,dorm_sample,Bacteria,Pseudomonadota,Alphaproteobacteria,Caulobacterales,Caulobacteraceae,Brevundimonas,Brevundimonas sp005484585,2.875,0.01494477,0.9732/0.9687
Ea.F.1.H.A,G01,Earl,dorm_sample,Bacteria,Pseudomonadota,Gammaproteobacteria,Pseudomonadales,Moraxellaceae,Acinetobacter,Acinetobacter junii,2.875,0.01494477,0.9942/0.9939
Ea.F.1.H.A,G01,Earl,dorm_sample,Bacteria,Pseudomonadota,Alphaproteobacteria,Sphingomonadales,Sphingomonadaceae,Erythrobacter,Erythrobacter oryzae,3.25,0.01689409,0.9050/0.8705
Ea.F.1.H.A,G01,Earl,dorm_sample,Bacteria,Pseudomonadota,Alphaproteobacteria,Sphingomonadales,Sphingomonadaceae,Sphingopyxis,Sphingopyxis sp001468395,3.375,0.01754386,0.9660/0.9446
Ea.F.1.H.A,G01,Earl,dorm_sample,Bacteria,Pseudomonadota,Alphaproteobacteria,Sphingomonadales,Sphingomonadaceae,Blastomonas,Blastomonas ursincola,3.5,0.01819363,0.9897/0.9894
Ea.F.1.H.A,G01,Earl,dorm_sample,Bacteria,Pseudomonadota,Gammaproteobacteria,Burkholderiales,Burkholderiaceae_C,Ottowia,Ottowia testudinis,4,0.02079272,0.9070/0.9004
Ea.F.1.H.A,G01,Earl,dorm_sample,Bacteria,Pseudomonadota,Gammaproteobacteria,Xanthomonadales,Xanthomonadaceae,Lysobacter,Lysobacter capsici,6.125,0.03183886,0.9202/0.8772
Ea.F.1.H.A,G01,Earl,dorm_sample,Bacteria,Pseudomonadota,Gammaproteobacteria,Xanthomonadales,Ahniellaceae,JBGAHD01,JBGAHD01 sp044226395,10,0.05198181,0.8367/0.8060
Ea.F.1.H.A,G01,Earl,dorm_sample,Bacteria,Pseudomonadota,Alphaproteobacteria,Sphingomonadales,Sphingomonadaceae,Sphingopyxis,Sphingopyxis sp014873485,12.5,0.06497726,0.9371/0.9061
Ea.F.1.H.A,G01,Earl,dorm_sample,Bacteria,Pseudomonadota,Gammaproteobacteria,Burkholderiales,Burkholderiaceae_C,Ottowia,Ottowia sp018060485,14.125,0.0734243,0.9883/0.9717
Ea.F.1.H.A,G01,Earl,dorm_sample,Bacteria,Actinomycetota,Actinomycetes,Mycobacteriales,Mycobacteriaceae,Mycobacterium,Mycobacterium phocaicum,16.125,0.08382066,0.9933/0.9859
Ea.F.1.H.A,G01,Earl,dorm_sample,Bacteria,unclassified Bacteria phylum,unclassified Bacteria class,unclassified Bacteria order,unclassified Bacteria family,unclassified Bacteria genus,unclassified Bacteria species,35.125,0.1825861,0.0000/0.0000
Ea.F.3.H.C,G02,Earl,dorm_sample,Bacteria,unclassified Bacteria phylum,unclassified Bacteria class,unclassified Bacteria order,unclassified Bacteria family,unclassified Bacteria genus,unclassified Bacteria species,0.25,0.4,0.0000/0.0000
Ea.F.3.H.C,G02,Earl,dorm_sample,Bacteria,Actinomycetota,Actinomycetes,Mycobacteriales,Mycobacteriaceae,Mycobacterium,Mycobacterium phocaicum,0.375,0.6,0.9979/0.9979
Te.M.2.H.A,G03,Teal,dorm_sample,Bacteria,Acidobacteriota,Vicinamibacteria,Vicinamibacterales,Vicinamibacteraceae,JBDSLU01,JBDSLU01 sp963816265,0.25,0.000268853,0.7648/0.7217
Te.M.2.H.A,G03,Teal,dorm_sample,Bacteria,Bdellovibrionota,Bdellovibrionia,Bdellovibrionales,Bdellovibrionaceae,Bdellovibrio,Bdellovibrio sp039810385,0.25,0.000268853,0.8143/0.7800
Te.M.2.H.A,G03,Teal,dorm_sample,Bacteria,Myxococcota_A,Polyangia,Polyangiales,Polyangiaceae,JANWXX01,JANWXX01 sp025453595,0.25,0.000268853,0.8488/0.8177
Te.M.2.H.A,G03,Teal,dorm_sample,Bacteria,Pseudomonadota,Alphaproteobacteria,Rhizobiales,Rhizobiaceae,Arvimicrobium,Arvimicrobium sp023953845,0.25,0.000268853,0.8666/0.7914
Te.M.2.H.A,G03,Teal,dorm_sample,Bacteria,Bacteroidota,Bacteroidia,Flavobacteriales,Flavobacteriaceae,Flavobacterium,Flavobacterium suzhouense,0.25,0.000268853,0.8702/0.8573
Te.M.2.H.A,G03,Teal,dorm_sample,Bacteria,Bacteroidota,Bacteroidia,Cytophagales,Cytophagaceae,JACMQM01,JACMQM01 sp028288405,0.25,0.000268853,0.8716/0.8603
Te.M.2.H.A,G03,Teal,dorm_sample,Bacteria,Pseudomonadota,Alphaproteobacteria,Caulobacterales,Caulobacteraceae,Brevundimonas,Brevundimonas sp049445955,0.25,0.000268853,0.8730/0.8094
Te.M.2.H.A,G03,Teal,dorm_sample,Bacteria,Pseudomonadota,Alphaproteobacteria,Reyranellales,Reyranellaceae,Reyranella,Reyranella sp964415585,0.25,0.000268853,0.8845/0.8736
Te.M.2.H.A,G03,Teal,dorm_sample,Bacteria,Pseudomonadota,Alphaproteobacteria,Sphingomonadales,Sphingomonadaceae,Sphingomonas,Sphingomonas sp913775315,0.25,0.000268853,0.8912/0.8831
Te.M.2.H.A,G03,Teal,dorm_sample,Bacteria,Pseudomonadota,Alphaproteobacteria,Caulobacterales,Caulobacteraceae,Brevundimonas,Brevundimonas bacteroides,0.25,0.000268853,0.8978/0.8224
Te.M.2.H.A,G03,Teal,dorm_sample,Bacteria,Pseudomonadota,Alphaproteobacteria,Sphingomonadales,Sphingomonadaceae,Sphingopyxis,Sphingopyxis sp035944815,0.25,0.000268853,0.9047/0.8855
Te.M.2.H.A,G03,Teal,dorm_sample,Bacteria,Pseudomonadota,Alphaproteobacteria,Sphingomonadales,Sphingomonadaceae,Sphingomonas,Sphingomonas phyllosphaerae,0.25,0.000268853,0.9168/0.8950
Te.M.2.H.A,G03,Teal,dorm_sample,Bacteria,Bacteroidota,Bacteroidia,Flavobacteriales,Weeksellaceae,Chryseobacterium,Chryseobacterium oranimense_A,0.25,0.000268853,0.9231/0.8993
Te.M.2.H.A,G03,Teal,dorm_sample,Bacteria,Bacteroidota,Bacteroidia,Flavobacteriales,Flavobacteriaceae,Flavobacterium,Flavobacterium album,0.25,0.000268853,0.9253/0.9198
Te.M.2.H.A,G03,Teal,dorm_sample,Bacteria,Pseudomonadota,Alphaproteobacteria,Rhizobiales,Beijerinckiaceae,Microvirga,Microvirga sp014699075,0.25,0.000268853,0.9261/0.8836
Te.M.2.H.A,G03,Teal,dorm_sample,Bacteria,Acidobacteriota,Vicinamibacteria,Vicinamibacterales,Vicinamibacteraceae,Luteitalea,Luteitalea sp016865485,0.25,0.000268853,0.9318/0.9163
Te.M.2.H.A,G03,Teal,dorm_sample,Bacteria,Pseudomonadota,Alphaproteobacteria,Sphingomonadales,Sphingomonadaceae,Sphingosinicella,Sphingosinicella sp041916975,0.25,0.000268853,0.9865/0.9729
Te.M.2.H.A,G03,Teal,dorm_sample,Bacteria,Bacteroidota,Bacteroidia,Cytophagales,Spirosomataceae,Larkinella,Larkinella punicea,0.25,0.000268853,0.9966/0.9966
Te.M.2.H.A,G03,Teal,dorm_sample,Bacteria,Pseudomonadota,Alphaproteobacteria,Rhizobiales,Rhizobiaceae,Agrobacterium,Agrobacterium pusense,0.25,0.000268853,0.9996/0.9997
Te.M.2.H.A,G03,Teal,dorm_sample,Bacteria,Bdellovibrionota,Bdellovibrionia,Bdellovibrionales,UBA1609,UBA6776,UBA6776 sp002453155,0.375,0.00040328,0.7369/0.7060
Te.M.2.H.A,G03,Teal,dorm_sample,Bacteria,Pseudomonadota,Alphaproteobacteria,Rickettsiales,UBA3002,QFOX01,QFOX01 sp947441895,0.375,0.00040328,0.7711/0.7473
Te.M.2.H.A,G03,Teal,dorm_sample,Bacteria,Acidobacteriota,Blastocatellia,Pyrinomonadales,Pyrinomonadaceae,GCA-002050365,GCA-002050365 sp964244835,0.375,0.00040328,0.7906/0.7485
Te.M.2.H.A,G03,Teal,dorm_sample,Bacteria,Bdellovibrionota,UBA1018,CAIPTA01,CAIPTA01,JAKFYM01,JAKFYM01 sp050246755,0.375,0.00040328,0.7909/0.7581
Te.M.2.H.A,G03,Teal,dorm_sample,Bacteria,Bacteroidota,Bacteroidia,Chitinophagales,Chitinophagaceae,Flavihumibacter,Flavihumibacter fluminis,0.375,0.00040328,0.7952/0.7579
Te.M.2.H.A,G03,Teal,dorm_sample,Bacteria,Bacteroidota,Bacteroidia,Chitinophagales,Chitinophagaceae,Flavihumibacter,Flavihumibacter sp001601815,0.375,0.00040328,0.7956/0.7408
Te.M.2.H.A,G03,Teal,dorm_sample,Bacteria,Verrucomicrobiota,Verrucomicrobiia,Chthoniobacterales,Terrimicrobiaceae,CAYUMP01,CAYUMP01 sp964445975,0.375,0.00040328,0.8367/0.8303
Te.M.2.H.A,G03,Teal,dorm_sample,Bacteria,Fusobacteriota,Fusobacteriia,Bac17,JAEWOZ01,JAEWOZ01,JAEWOZ01 sp023399505,0.375,0.00040328,0.8369/0.8244
Te.M.2.H.A,G03,Teal,dorm_sample,Bacteria,Bacteroidota,Bacteroidia,Cytophagales,Cyclobacteriaceae,UBA2336,UBA2336 sp964538575,0.375,0.00040328,0.8543/0.8372
Te.M.2.H.A,G03,Teal,dorm_sample,Bacteria,Pseudomonadota,Alphaproteobacteria,Sphingomonadales,Sphingomonadaceae,Sphingobium_A,Sphingobium_A colocasiae,0.375,0.00040328,0.8878/0.8697
Te.M.2.H.A,G03,Teal,dorm_sample,Bacteria,Bacteroidota,Bacteroidia,Cytophagales,Cytophagaceae,JACMQM01,JACMQM01 sp029237685,0.375,0.00040328,0.8907/0.8883
Te.M.2.H.A,G03,Teal,dorm_sample,Bacteria,Planctomycetota,Planctomycetia,Pirellulales,Lacipirellulaceae,Lacipirellula,Lacipirellula parvula,0.375,0.00040328,0.8910/0.7244
Te.M.2.H.A,G03,Teal,dorm_sample,Bacteria,Pseudomonadota,Alphaproteobacteria,Sphingomonadales,Sphingomonadaceae,Sphingomonas,Sphingomonas yantingensis,0.375,0.00040328,0.9202/0.9182
Te.M.2.H.A,G03,Teal,dorm_sample,Bacteria,Pseudomonadota,Gammaproteobacteria,Xanthomonadales,Xanthomonadaceae,Lysobacter_I,Lysobacter_I sp005502915,0.375,0.00040328,0.9292/0.9215
Te.M.2.H.A,G03,Teal,dorm_sample,Bacteria,Pseudomonadota,Gammaproteobacteria,Burkholderiales,Burkholderiaceae_C,Paracidovorax,Paracidovorax sp913774955,0.375,0.00040328,0.9893/0.9885
Te.M.2.H.A,G03,Teal,dorm_sample,Bacteria,Pseudomonadota,Gammaproteobacteria,Burkholderiales,Burkholderiaceae_C,Comamonas,Comamonas acidovorans,0.375,0.00040328,0.9931/0.9930
Te.M.2.H.A,G03,Teal,dorm_sample,Bacteria,Actinomycetota,Actinomycetes,Actinomycetales,Microbacteriaceae,Microbacterium,Microbacterium paraoxydans,0.375,0.00040328,0.9999/0.9999
Te.M.2.H.A,G03,Teal,dorm_sample,Bacteria,Pseudomonadota,Alphaproteobacteria,Rickettsiales,SXRF01,CAZAQK01,CAZAQK01 sp964535825,0.5,0.000537707,0.7223/0.6835
Te.M.2.H.A,G03,Teal,dorm_sample,Bacteria,Pseudomonadota,Alphaproteobacteria,Rickettsiales,SXRF01,JANRKF01,JANRKF01 sp033763575,0.5,0.000537707,0.7411/0.7020
Te.M.2.H.A,G03,Teal,dorm_sample,Bacteria,Bdellovibrionota,Bdellovibrionia,Bdellovibrionales,Bdellovibrionaceae,Bdellovibrio,Bdellovibrio bacteriovorus_C,0.5,0.000537707,0.7796/0.7546
Te.M.2.H.A,G03,Teal,dorm_sample,Bacteria,Bdellovibrionota,Bdellovibrionia,Bdellovibrionales,Bdellovibrionaceae,Bdellovibrio,Bdellovibrio sp047344985,0.5,0.000537707,0.8227/0.8051
Te.M.2.H.A,G03,Teal,dorm_sample,Bacteria,Bacteroidota,Bacteroidia,Flavobacteriales,Flavobacteriaceae,Flavobacterium,Flavobacterium arundinis,0.5,0.000537707,0.8460/0.8124
Te.M.2.H.A,G03,Teal,dorm_sample,Bacteria,Bacteroidota,Bacteroidia,Cytophagales,Cytophagaceae,JACMQM01,JACMQM01 sp964454665,0.5,0.000537707,0.8484/0.8407
Te.M.2.H.A,G03,Teal,dorm_sample,Bacteria,Pseudomonadota,Alphaproteobacteria,Reyranellales,Reyranellaceae,Reyranella,Reyranella sp945957355,0.5,0.000537707,0.8712/0.8194
Te.M.2.H.A,G03,Teal,dorm_sample,Bacteria,Bacteroidota,Bacteroidia,Chitinophagales,Chitinophagaceae,Pseudobacter,Pseudobacter ginsenosidimutans,0.5,0.000537707,0.8842/0.8667
Te.M.2.H.A,G03,Teal,dorm_sample,Bacteria,Bacteroidota,Bacteroidia,Cytophagales,Spirosomataceae,Emticicia,Emticicia soli,0.5,0.000537707,0.9290/0.8245
Te.M.2.H.A,G03,Teal,dorm_sample,Bacteria,Pseudomonadota,Alphaproteobacteria,Caulobacterales,Caulobacteraceae,Caulobacter,Caulobacter sp913776195,0.5,0.000537707,0.9692/0.9251
Te.M.2.H.A,G03,Teal,dorm_sample,Bacteria,Bacteroidota,Bacteroidia,Chitinophagales,Chitinophagaceae,Niabella,Niabella sp934486785,0.5,0.000537707,0.9932/0.9923
Te.M.2.H.A,G03,Teal,dorm_sample,Bacteria,Bacteroidota,Bacteroidia,Cytophagales,Cyclobacteriaceae,UBA2336,UBA2336 sp019694875,0.625,0.000672133,0.8579/0.8426
Te.M.2.H.A,G03,Teal,dorm_sample,Bacteria,Pseudomonadota,Gammaproteobacteria,Burkholderiales,Burkholderiaceae,Imbroritus,Imbroritus primus,0.625,0.000672133,0.9162/0.9104
Te.M.2.H.A,G03,Teal,dorm_sample,Bacteria,Bacteroidota,Bacteroidia,Flavobacteriales,Weeksellaceae,Chryseobacterium,Chryseobacterium sp001045445,0.625,0.000672133,0.9368/0.9324
Te.M.2.H.A,G03,Teal,dorm_sample,Bacteria,Actinomycetota,Actinomycetes,Actinomycetales,Microbacteriaceae,Microbacterium,Microbacterium sufflavum,0.625,0.000672133,0.9826/0.9810
Te.M.2.H.A,G03,Teal,dorm_sample,Bacteria,Pseudomonadota,Alphaproteobacteria,Caulobacterales,Caulobacteraceae,Brevundimonas,Brevundimonas diminuta,0.625,0.000672133,0.9923/0.9921
Te.M.2.H.A,G03,Teal,dorm_sample,Bacteria,Bdellovibrionota,Bdellovibrionia,Bdellovibrionales,Bdellovibrionaceae,Bdellovibrio,Bdellovibrio sp013752535,0.75,0.00080656,0.7995/0.7522
Te.M.2.H.A,G03,Teal,dorm_sample,Bacteria,Pseudomonadota,Alphaproteobacteria,Sphingomonadales,Sphingomonadaceae,Sphingomonas,Sphingomonas phyllosphaerae_E,0.75,0.00080656,0.9387/0.8917
Te.M.2.H.A,G03,Teal,dorm_sample,Bacteria,Pseudomonadota,Alphaproteobacteria,Sphingomonadales,Sphingomonadaceae,Sphingopyxis,Sphingopyxis sp001468395,0.75,0.00080656,0.9466/0.9443
Te.M.2.H.A,G03,Teal,dorm_sample,Bacteria,Pseudomonadota,Gammaproteobacteria,Xanthomonadales,Xanthomonadaceae,Lysobacter_I,Lysobacter_I brunescens,0.75,0.00080656,0.9577/0.9568
Te.M.2.H.A,G03,Teal,dorm_sample,Bacteria,Pseudomonadota,Alphaproteobacteria,Reyranellales,Reyranellaceae,Reyranella,Reyranella sp964588065,0.75,0.00080656,0.9873/0.9867
Te.M.2.H.A,G03,Teal,dorm_sample,Bacteria,Bacteroidota,Bacteroidia,B-17B0,Aurantibacillaceae,UBA4416,UBA4416 sp002390745,0.875,0.000940987,0.8956/0.8893
Te.M.2.H.A,G03,Teal,dorm_sample,Bacteria,Pseudomonadota,Alphaproteobacteria,Sphingomonadales,Sphingomonadaceae,Sphingopyxis,Sphingopyxis sp051861185,0.875,0.000940987,0.9006/0.8644
Te.M.2.H.A,G03,Teal,dorm_sample,Bacteria,Pseudomonadota,Alphaproteobacteria,Sphingomonadales,Sphingomonadaceae,Sphingopyxis,Sphingopyxis macrogoltabida_A,0.875,0.000940987,0.9908/0.9639
Te.M.2.H.A,G03,Teal,dorm_sample,Bacteria,Pseudomonadota,Alphaproteobacteria,Sphingomonadales,Sphingomonadaceae,Sphingopyxis,Sphingopyxis sp001468225,1,0.001075413,0.9146/0.8831
Te.M.2.H.A,G03,Teal,dorm_sample,Bacteria,Pseudomonadota,Alphaproteobacteria,Sphingomonadales,Sphingomonadaceae,Erythrobacter,Erythrobacter oryzae,1,0.001075413,0.9330/0.9147
Te.M.2.H.A,G03,Teal,dorm_sample,Bacteria,Bacteroidota,Bacteroidia,Sphingobacteriales,Sphingobacteriaceae,Pedobacter,Pedobacter chitinilyticus,1,0.001075413,0.9859/0.9850
Te.M.2.H.A,G03,Teal,dorm_sample,Bacteria,Actinomycetota,Actinomycetes,Actinomycetales,Microbacteriaceae,Agromyces,Agromyces mediolanus_A,1,0.001075413,0.9958/0.9936
Te.M.2.H.A,G03,Teal,dorm_sample,Bacteria,Pseudomonadota,Alphaproteobacteria,Rhizobiales,Beijerinckiaceae,Methylobacterium,Methylobacterium sp900112625,1.125,0.00120984,0.9807/0.9787
Te.M.2.H.A,G03,Teal,dorm_sample,Bacteria,Actinomycetota,Actinomycetes,Actinomycetales,Microbacteriaceae,Microbacterium,Microbacterium sp025143365,1.125,0.00120984,0.9811/0.9809
Te.M.2.H.A,G03,Teal,dorm_sample,Bacteria,Bdellovibrionota,Bdellovibrionia,Bdellovibrionales,Bdellovibrionaceae,Bdellovibrio,Bdellovibrio bacteriovorus_E,1.25,0.001344267,0.8147/0.7978
Te.M.2.H.A,G03,Teal,dorm_sample,Bacteria,Pseudomonadota,Gammaproteobacteria,Burkholderiales,Burkholderiaceae_C,Xenophilus,Xenophilus sp901875635,1.25,0.001344267,0.9934/0.9921
Te.M.2.H.A,G03,Teal,dorm_sample,Bacteria,Pseudomonadota,Alphaproteobacteria,Reyranellales,Reyranellaceae,Reyranella,Reyranella sp965228225,1.375,0.001478693,0.9320/0.9296
Te.M.2.H.A,G03,Teal,dorm_sample,Bacteria,Bacteroidota,Bacteroidia,Cytophagales,Spirosomataceae,Dyadobacter,Dyadobacter fermentans_A,1.375,0.001478693,0.9871/0.9837
Te.M.2.H.A,G03,Teal,dorm_sample,Bacteria,Actinomycetota,Actinomycetes,Actinomycetales,Microbacteriaceae,Microbacterium,Microbacterium oxydans,1.375,0.001478693,0.9971/0.9970
Te.M.2.H.A,G03,Teal,dorm_sample,Bacteria,Actinomycetota,Actinomycetes,Mycobacteriales,Mycobacteriaceae,Mycobacterium,Mycobacterium gwanakae,1.375,0.001478693,0.9998/0.9930
Te.M.2.H.A,G03,Teal,dorm_sample,Bacteria,Pseudomonadota,Alphaproteobacteria,Sphingomonadales,Sphingomonadaceae,Sphingopyxis,Sphingopyxis sp014873485,1.5,0.00161312,0.9287/0.9171
Te.M.2.H.A,G03,Teal,dorm_sample,Bacteria,Pseudomonadota,Gammaproteobacteria,Burkholderiales,Burkholderiaceae_C,Aquincola,Aquincola sp964001545,1.5,0.00161312,0.9735/0.9693
Te.M.2.H.A,G03,Teal,dorm_sample,Bacteria,Pseudomonadota,Alphaproteobacteria,Sphingomonadales,Sphingomonadaceae,Solisphingomonas,Solisphingomonas quercus,1.625,0.001747547,0.8583/0.8369
Te.M.2.H.A,G03,Teal,dorm_sample,Bacteria,Pseudomonadota,Alphaproteobacteria,Caulobacterales,Caulobacteraceae,Brevundimonas,Brevundimonas huaxiensis,1.625,0.001747547,0.9707/0.9653
Te.M.2.H.A,G03,Teal,dorm_sample,Bacteria,Pseudomonadota,Gammaproteobacteria,Burkholderiales,Burkholderiaceae_C,Acidovorax,Acidovorax sp046294525,1.625,0.001747547,0.9853/0.9842
Te.M.2.H.A,G03,Teal,dorm_sample,Bacteria,Bdellovibrionota,Bdellovibrionia,Bdellovibrionales,Bdellovibrionaceae,Bdellovibrio,Bdellovibrio sp047323225,1.75,0.001881973,0.8008/0.7723
Te.M.2.H.A,G03,Teal,dorm_sample,Bacteria,Bacteroidota,Bacteroidia,B-17B0,Aurantibacillaceae,UBA4416,UBA4416 sp943362175,1.75,0.001881973,0.8496/0.8065
Te.M.2.H.A,G03,Teal,dorm_sample,Bacteria,Bacteroidota,Bacteroidia,Chitinophagales,Chitinophagaceae,Pseudobacter,Pseudobacter rhizosphaerae,1.875,0.0020164,0.8838/0.8721
Te.M.2.H.A,G03,Teal,dorm_sample,Bacteria,Pseudomonadota,Gammaproteobacteria,Xanthomonadales,Xanthomonadaceae,Lysobacter_I,Lysobacter_I sp050632415,1.875,0.0020164,0.9387/0.9215
Te.M.2.H.A,G03,Teal,dorm_sample,Bacteria,Pseudomonadota,Alphaproteobacteria,Puniceispirillales,Marisalimonadaceae,Marisalimonas,Marisalimonas sp902558885,1.875,0.0020164,0.9492/0.9492
Te.M.2.H.A,G03,Teal,dorm_sample,Bacteria,Pseudomonadota,Alphaproteobacteria,Micavibrionales,UBA2020,UBA2020,UBA2020 sp046314385,2,0.002150827,0.7793/0.7399
Te.M.2.H.A,G03,Teal,dorm_sample,Bacteria,Pseudomonadota,Alphaproteobacteria,Sphingomonadales,Sphingomonadaceae,Sphingopyxis,Sphingopyxis sp005503215,2.125,0.002285253,0.9184/0.9056
Te.M.2.H.A,G03,Teal,dorm_sample,Bacteria,Pseudomonadota,Alphaproteobacteria,Sphingomonadales,Sphingomonadaceae,Sphingopyxis,Sphingopyxis panaciterrae,2.25,0.00241968,0.9268/0.9101
Te.M.2.H.A,G03,Teal,dorm_sample,Bacteria,Myxococcota,Myxococcia,Myxococcales,Myxococcaceae,Archangium_A,Archangium_A gephyra_A,2.375,0.002554107,0.9956/0.9952
Te.M.2.H.A,G03,Teal,dorm_sample,Bacteria,Bacteroidota,Bacteroidia,Chitinophagales,Chitinophagaceae,Agriterribacter,Agriterribacter sp051955255,2.625,0.00282296,0.9845/0.9617
Te.M.2.H.A,G03,Teal,dorm_sample,Bacteria,Pseudomonadota,Gammaproteobacteria,Xanthomonadales,Xanthomonadaceae,Lysobacter,Lysobacter yananisis,3,0.00322624,0.8829/0.8027
Te.M.2.H.A,G03,Teal,dorm_sample,Bacteria,Pseudomonadota,Alphaproteobacteria,Rhizobiales,Rhizobiaceae,Agrobacterium,Agrobacterium cavarae,3,0.00322624,0.9859/0.9857
Te.M.2.H.A,G03,Teal,dorm_sample,Bacteria,Pseudomonadota,Alphaproteobacteria,Micavibrionales,UBA2020,JAEXMB01,JAEXMB01 sp027483355,3.125,0.003360667,0.8496/0.8160
Te.M.2.H.A,G03,Teal,dorm_sample,Bacteria,Bacteroidota,Bacteroidia,Chitinophagales,Chitinophagaceae,Pseudobacter,Pseudobacter sp051955275,3.25,0.003495093,0.9498/0.9191
Te.M.2.H.A,G03,Teal,dorm_sample,Bacteria,Bacteroidota,Bacteroidia,Flavobacteriales,Weeksellaceae,Chryseobacterium,Chryseobacterium salviniae,3.5,0.003763947,0.9994/0.9993
Te.M.2.H.A,G03,Teal,dorm_sample,Bacteria,Pseudomonadota,Alphaproteobacteria,Micavibrionales,UBA2020,JAEXMB01,JAEXMB01 sp023444705,3.75,0.0040328,0.8533/0.8073
Te.M.2.H.A,G03,Teal,dorm_sample,Bacteria,Acidobacteriota,Blastocatellia,Pyrinomonadales,Pyrinomonadaceae,JALZHR01,JALZHR01 sp036388635,3.875,0.004167227,0.7715/0.7228
Te.M.2.H.A,G03,Teal,dorm_sample,Bacteria,Pseudomonadota,Alphaproteobacteria,Sphingomonadales,Sphingomonadaceae,Sphingomonas,Sphingomonas ginsenosidimutans,3.875,0.004167227,0.9775/0.9748
Te.M.2.H.A,G03,Teal,dorm_sample,Bacteria,Pseudomonadota,Alphaproteobacteria,Rhizobiales,Beijerinckiaceae,Methylobacterium,Methylobacterium radiotolerans,4.25,0.004570507,0.9968/0.9963
Te.M.2.H.A,G03,Teal,dorm_sample,Bacteria,Acidobacteriota,Blastocatellia,Pyrinomonadales,Pyrinomonadaceae,GCA-002050365,GCA-002050365 sp965218105,4.375,0.004704933,0.7991/0.7620
Te.M.2.H.A,G03,Teal,dorm_sample,Bacteria,Acidobacteriota,Blastocatellia,Pyrinomonadales,Pyrinomonadaceae,DATHTS01,DATHTS01 sp965217985,4.875,0.00524264,0.7830/0.7316
Te.M.2.H.A,G03,Teal,dorm_sample,Bacteria,Bacteroidota,Bacteroidia,Chitinophagales,Chitinophagaceae,Niabella,Niabella sp052044285,4.875,0.00524264,0.9686/0.9182
Te.M.2.H.A,G03,Teal,dorm_sample,Bacteria,Pseudomonadota,Alphaproteobacteria,Caulobacterales,Caulobacteraceae,Brevundimonas,Brevundimonas sp016463295,5.75,0.006183627,0.9327/0.8831
Te.M.2.H.A,G03,Teal,dorm_sample,Bacteria,Pseudomonadota,Gammaproteobacteria,Burkholderiales,Burkholderiaceae_C,Diaphorobacter,Diaphorobacter nitroreducens,5.875,0.006318054,0.9897/0.9896
Te.M.2.H.A,G03,Teal,dorm_sample,Bacteria,Pseudomonadota,Gammaproteobacteria,Xanthomonadales,Xanthomonadaceae,Lysobacter,Lysobacter capsici_A,6.125,0.006586907,0.8955/0.8374
Te.M.2.H.A,G03,Teal,dorm_sample,Bacteria,Pseudomonadota,Gammaproteobacteria,Xanthomonadales,Xanthomonadaceae,Lysobacter_I,Lysobacter_I sp036404915,6.125,0.006586907,0.9777/0.9700
Te.M.2.H.A,G03,Teal,dorm_sample,Bacteria,Pseudomonadota,Alphaproteobacteria,Rhizobiales,Rhizobiaceae,Shinella,Shinella sp001262505,6.375,0.00685576,0.9930/0.9929
Te.M.2.H.A,G03,Teal,dorm_sample,Bacteria,Pseudomonadota,Alphaproteobacteria,Caulobacterales,Caulobacteraceae,Phenylobacterium,Phenylobacterium haematophilum,6.625,0.007124614,0.9940/0.9888
Te.M.2.H.A,G03,Teal,dorm_sample,Bacteria,Pseudomonadota,Alphaproteobacteria,Caulobacterales,Caulobacteraceae,Brevundimonas,Brevundimonas sp041919755,7.75,0.008334454,0.9453/0.9301
Te.M.2.H.A,G03,Teal,dorm_sample,Bacteria,Acidobacteriota,Blastocatellia,Pyrinomonadales,Pyrinomonadaceae,JAFDVJ01,JAFDVJ01 sp965247805,7.875,0.00846888,0.8078/0.7760
Te.M.2.H.A,G03,Teal,dorm_sample,Bacteria,Pseudomonadota,Alphaproteobacteria,Sphingomonadales,Sphingomonadaceae,Sphingopyxis,Sphingopyxis sp035998905,8.5,0.009141014,0.9512/0.9338
Te.M.2.H.A,G03,Teal,dorm_sample,Bacteria,Pseudomonadota,Alphaproteobacteria,Sphingomonadales,Sphingomonadaceae,Sphingomonas,Sphingomonas sp943913195,8.625,0.00927544,0.9863/0.9855
Te.M.2.H.A,G03,Teal,dorm_sample,Bacteria,Pseudomonadota,Alphaproteobacteria,Caulobacterales,Caulobacteraceae,Brevundimonas,Brevundimonas diminuta_C,10,0.01075413,0.9733/0.9612
Te.M.2.H.A,G03,Teal,dorm_sample,Bacteria,Pseudomonadota,Alphaproteobacteria,Sphingomonadales,Sphingomonadaceae,Sphingomonas,Sphingomonas sp964407945,11,0.01182955,0.9220/0.8979
Te.M.2.H.A,G03,Teal,dorm_sample,Bacteria,Acidobacteriota,Blastocatellia,Pyrinomonadales,Pyrinomonadaceae,JAIBCC01,JAIBCC01 sp963779235,11.25,0.0120984,0.8057/0.7543
Te.M.2.H.A,G03,Teal,dorm_sample,Bacteria,Pseudomonadota,Alphaproteobacteria,Sphingomonadales,Sphingomonadaceae,Sphingomonas,Sphingomonas sp036402235,11.375,0.01223283,0.8842/0.8346
Te.M.2.H.A,G03,Teal,dorm_sample,Bacteria,Pseudomonadota,Gammaproteobacteria,Xanthomonadales,Xanthomonadaceae,Stenotrophomonas,Stenotrophomonas tuberculopleuritidis,11.75,0.01263611,0.9951/0.9951
Te.M.2.H.A,G03,Teal,dorm_sample,Bacteria,Pseudomonadota,Gammaproteobacteria,Burkholderiales,Burkholderiaceae_C,Ottowia,Ottowia testudinis,11.875,0.01277053,0.9027/0.8952
Te.M.2.H.A,G03,Teal,dorm_sample,Bacteria,Actinomycetota,Actinomycetes,Mycobacteriales,Mycobacteriaceae,Mycobacterium,Mycobacterium sp018326285,12.375,0.01330824,0.9811/0.9762
Te.M.2.H.A,G03,Teal,dorm_sample,Bacteria,Actinomycetota,Actinomycetes,Mycobacteriales,Mycobacteriaceae,Mycobacterium,Mycobacterium grossiae,12.5,0.01344267,0.9865/0.9841
Te.M.2.H.A,G03,Teal,dorm_sample,Bacteria,Pseudomonadota,Alphaproteobacteria,Caulobacterales,Caulobacteraceae,Brevundimonas,Brevundimonas sp006547065,13.375,0.01438365,0.9893/0.9766
Te.M.2.H.A,G03,Teal,dorm_sample,Bacteria,Pseudomonadota,Gammaproteobacteria,Xanthomonadales,Xanthomonadaceae,Pseudoxanthomonas_A,Pseudoxanthomonas_A sp014851805,15.5,0.01666891,0.9357/0.9335
Te.M.2.H.A,G03,Teal,dorm_sample,Bacteria,Pseudomonadota,Gammaproteobacteria,Xanthomonadales,Xanthomonadaceae,Pseudoxanthomonas_A,Pseudoxanthomonas_A japonensis,19.875,0.02137384,0.9843/0.9819
Te.M.2.H.A,G03,Teal,dorm_sample,Bacteria,Actinomycetota,Actinomycetes,Mycobacteriales,Mycobacteriaceae,Mycobacterium,Mycobacterium fortuitum,29,0.03118699,0.9976/0.9975
Te.M.2.H.A,G03,Teal,dorm_sample,Bacteria,Pseudomonadota,Gammaproteobacteria,Xanthomonadales,Xanthomonadaceae,Lysobacter,Lysobacter capsici,33.5,0.03602635,0.9181/0.8785
Te.M.2.H.A,G03,Teal,dorm_sample,Bacteria,Pseudomonadota,Gammaproteobacteria,Xanthomonadales,Xanthomonadaceae,Pseudoxanthomonas_A,Pseudoxanthomonas_A sp014851815,34,0.03656405,0.9409/0.9293
Te.M.2.H.A,G03,Teal,dorm_sample,Bacteria,Pseudomonadota,Gammaproteobacteria,Burkholderiales,Burkholderiaceae_C,Ottowia,Ottowia sp018060485,44.375,0.04772147,0.9875/0.9685
Te.M.2.H.A,G03,Teal,dorm_sample,Bacteria,unclassified Bacteria phylum,unclassified Bacteria class,unclassified Bacteria order,unclassified Bacteria family,unclassified Bacteria genus,unclassified Bacteria species,51.25,0.05511493,0.0000/0.0000
Te.M.2.H.A,G03,Teal,dorm_sample,Bacteria,Pseudomonadota,Gammaproteobacteria,Burkholderiales,Burkholderiaceae_C,Aquincola,Aquincola tertiaricarbonis_B,61.125,0.06573464,0.9566/0.9500
Te.M.2.H.A,G03,Teal,dorm_sample,Bacteria,Pseudomonadota,Alphaproteobacteria,Sphingomonadales,Sphingomonadaceae,Sphingomonas,Sphingomonas koreensis,73.75,0.07931174,0.9517/0.9260
Te.M.2.H.A,G03,Teal,dorm_sample,Bacteria,Pseudomonadota,Alphaproteobacteria,Sphingomonadales,Sphingomonadaceae,Blastomonas,Blastomonas ursincola,121.625,0.1307972,0.9828/0.9741
Te.M.2.H.A,G03,Teal,dorm_sample,Bacteria,Actinomycetota,Actinomycetes,Mycobacteriales,Mycobacteriaceae,Mycobacterium,Mycobacterium phocaicum,156.25,0.1680333,0.9853/0.9774
Te.F.3.H.A,G04,Teal,dorm_sample,Bacteria,Pseudomonadota,Gammaproteobacteria,Xanthomonadales,Ahniellaceae,JBGAHD01,JBGAHD01 sp044226395,0.25,0.01219512,0.8352/0.8089
Te.F.3.H.A,G04,Teal,dorm_sample,Bacteria,Pseudomonadota,Alphaproteobacteria,Sphingomonadales,Sphingomonadaceae,Allosphingosinicella,Allosphingosinicella sp031157375,0.25,0.01219512,0.9099/0.8817
Te.F.3.H.A,G04,Teal,dorm_sample,Bacteria,Pseudomonadota,Gammaproteobacteria,Burkholderiales,Burkholderiaceae_C,Ottowia,Ottowia sp018060485,0.25,0.01219512,0.9778/0.9770
Te.F.3.H.A,G04,Teal,dorm_sample,Bacteria,Pseudomonadota,Gammaproteobacteria,Burkholderiales,Burkholderiaceae_C,Comamonas,Comamonas thiooxydans,0.25,0.01219512,0.9954/0.9955
Te.F.3.H.A,G04,Teal,dorm_sample,Bacteria,Actinomycetota,Actinomycetes,Mycobacteriales,Mycobacteriaceae,Mycobacterium,Mycobacterium gordonae_B,0.375,0.01829268,0.9993/0.9993
Te.F.3.H.A,G04,Teal,dorm_sample,Bacteria,Pseudomonadota,Alphaproteobacteria,Rhizobiales,Xanthobacteraceae,Bradyrhizobium,Bradyrhizobium lablabi_C,0.5,0.02439024,0.9060/0.8422
Te.F.3.H.A,G04,Teal,dorm_sample,Bacteria,Actinomycetota,Actinomycetes,Actinomycetales,Microbacteriaceae,Microbacterium,Microbacterium kunmingense,0.5,0.02439024,0.9925/0.9924
Te.F.3.H.A,G04,Teal,dorm_sample,Bacteria,Pseudomonadota,Gammaproteobacteria,Pseudomonadales,Moraxellaceae,Acinetobacter,Acinetobacter johnsonii,0.5,0.02439024,0.9966/0.9966
Te.F.3.H.A,G04,Teal,dorm_sample,Bacteria,Actinomycetota,Actinomycetes,Mycobacteriales,Mycobacteriaceae,Mycobacterium,Mycobacterium fortuitum,0.625,0.0304878,0.9983/0.9983
Te.F.3.H.A,G04,Teal,dorm_sample,Bacteria,Actinomycetota,Actinomycetes,Actinomycetales,Microbacteriaceae,Agromyces,Agromyces mediolanus_A,1.25,0.06097561,0.9948/0.9926
Te.F.3.H.A,G04,Teal,dorm_sample,Bacteria,Pseudomonadota,Gammaproteobacteria,Enterobacterales,Enterobacteriaceae,Citrobacter,Citrobacter freundii,1.5,0.07317073,0.9998/0.9998
Te.F.3.H.A,G04,Teal,dorm_sample,Bacteria,unclassified Bacteria phylum,unclassified Bacteria class,unclassified Bacteria order,unclassified Bacteria family,unclassified Bacteria genus,unclassified Bacteria species,1.875,0.09146341,0.0000/0.0000
Te.F.3.H.A,G04,Teal,dorm_sample,Bacteria,Actinomycetota,Actinomycetes,Mycobacteriales,Mycobacteriaceae,Mycobacterium,Mycobacterium phocaicum,12.375,0.6036585,0.9897/0.9875
NR.F.3.H.C,G05,NoRo,dorm_sample,Bacteria,Bacteroidota,Bacteroidia,Chitinophagales,Chitinophagaceae,DAOLFO01,DAOLFO01 sp035326305,0.25,0.00330033,0.8156/0.7940
NR.F.3.H.C,G05,NoRo,dorm_sample,Bacteria,Bdellovibrionota,Bdellovibrionia,Bdellovibrionales,Bdellovibrionaceae,Pseudobdellovibrio,Pseudobdellovibrio sp031428135,0.25,0.00330033,0.8160/0.7872
NR.F.3.H.C,G05,NoRo,dorm_sample,Bacteria,Actinomycetota,Actinomycetes,Actinomycetales,Microbacteriaceae,Pseudolysinimonas_A,Pseudolysinimonas_A sp947085045,0.25,0.00330033,0.8618/0.8113
NR.F.3.H.C,G05,NoRo,dorm_sample,Bacteria,Actinomycetota,Actinomycetes,Actinomycetales,Microbacteriaceae,Pseudolysinimonas_A,Pseudolysinimonas_A sp023457615,0.25,0.00330033,0.8726/0.8513
NR.F.3.H.C,G05,NoRo,dorm_sample,Bacteria,Pseudomonadota,Alphaproteobacteria,Sphingomonadales,Sphingomonadaceae,Erythrobacter,Erythrobacter sp001557115,0.25,0.00330033,0.8759/0.8693
NR.F.3.H.C,G05,NoRo,dorm_sample,Bacteria,Pseudomonadota,Alphaproteobacteria,Rhizobiales,Xanthobacteraceae,Bradyrhizobium,Bradyrhizobium lablabi_C,0.25,0.00330033,0.8835/0.8110
NR.F.3.H.C,G05,NoRo,dorm_sample,Bacteria,Pseudomonadota,Alphaproteobacteria,Caedimonadales,Caedimonadaceae,Paracaedimonas,Paracaedimonas acanthamoebae,0.25,0.00330033,0.8931/0.8925
NR.F.3.H.C,G05,NoRo,dorm_sample,Bacteria,Bacteroidota,Bacteroidia,Cytophagales,172606-1,Xanthocytophaga,Xanthocytophaga sp963520985,0.25,0.00330033,0.9030/0.9002
NR.F.3.H.C,G05,NoRo,dorm_sample,Bacteria,Pseudomonadota,Gammaproteobacteria,Xanthomonadales,Xanthomonadaceae,Lysobacter_I,Lysobacter_I sp050632415,0.25,0.00330033,0.9224/0.9152
NR.F.3.H.C,G05,NoRo,dorm_sample,Bacteria,Pseudomonadota,Alphaproteobacteria,Reyranellales,Reyranellaceae,Reyranella,Reyranella sp965227665,0.25,0.00330033,0.9277/0.9271
NR.F.3.H.C,G05,NoRo,dorm_sample,Bacteria,Bacteroidota,Bacteroidia,Chitinophagales,Chitinophagaceae,CADEDV01,CADEDV01 sp936908745,0.25,0.00330033,0.9916/0.9906
NR.F.3.H.C,G05,NoRo,dorm_sample,Bacteria,Pseudomonadota,Alphaproteobacteria,Rhizobiales,Xanthobacteraceae,Bradyrhizobium,Bradyrhizobium sp023387735,0.25,0.00330033,0.9931/0.9930
NR.F.3.H.C,G05,NoRo,dorm_sample,Bacteria,Actinomycetota,Actinomycetes,Actinomycetales,Microbacteriaceae,Agromyces,Agromyces mediolanus_A,0.25,0.00330033,0.9959/0.9946
NR.F.3.H.C,G05,NoRo,dorm_sample,Bacteria,Actinomycetota,Actinomycetes,Mycobacteriales,Mycobacteriaceae,Mycobacterium,Mycobacterium gordonae_B,0.25,0.00330033,0.9970/0.9970
NR.F.3.H.C,G05,NoRo,dorm_sample,Bacteria,Bacteroidota,Bacteroidia,Chitinophagales,Chitinophagaceae,Endoryza,Endoryza sp044226045,0.375,0.004950495,0.7803/0.7384
NR.F.3.H.C,G05,NoRo,dorm_sample,Bacteria,Pseudomonadota,Gammaproteobacteria,Burkholderiales,Burkholderiaceae_C,Variovorax_A,Variovorax_A terrae,0.375,0.004950495,0.8519/0.7627
NR.F.3.H.C,G05,NoRo,dorm_sample,Bacteria,Pseudomonadota,Alphaproteobacteria,Sphingomonadales,Sphingomonadaceae,Sphingomonas,Sphingomonas sp036402235,0.375,0.004950495,0.8908/0.7452
NR.F.3.H.C,G05,NoRo,dorm_sample,Bacteria,Planctomycetota,Planctomycetia,Pirellulales,Lacipirellulaceae,Lacipirellula,Lacipirellula parvula,0.375,0.004950495,0.9080/0.8403
NR.F.3.H.C,G05,NoRo,dorm_sample,Bacteria,Pseudomonadota,Gammaproteobacteria,Burkholderiales,Burkholderiaceae_C,Aquincola,Aquincola tertiaricarbonis_B,0.375,0.004950495,0.9670/0.9661
NR.F.3.H.C,G05,NoRo,dorm_sample,Bacteria,Pseudomonadota,Gammaproteobacteria,Xanthomonadales,Xanthomonadaceae,Pseudoxanthomonas_A,Pseudoxanthomonas_A mexicana,0.375,0.004950495,0.9846/0.9845
NR.F.3.H.C,G05,NoRo,dorm_sample,Bacteria,Pseudomonadota,Gammaproteobacteria,Xanthomonadales,Rhodanobacteraceae,Tahibacter,Tahibacter soli,0.5,0.00660066,0.8323/0.7934
NR.F.3.H.C,G05,NoRo,dorm_sample,Bacteria,Acidobacteriota,Blastocatellia,Pyrinomonadales,Pyrinomonadaceae,JAJQRF01,JAJQRF01 sp021228405,0.5,0.00660066,0.8987/0.8670
NR.F.3.H.C,G05,NoRo,dorm_sample,Bacteria,Actinomycetota,Actinomycetes,Mycobacteriales,Nakamurellaceae,Nakamurella,Nakamurella multipartita,0.5,0.00660066,0.9848/0.9785
NR.F.3.H.C,G05,NoRo,dorm_sample,Bacteria,Pseudomonadota,Alphaproteobacteria,Sphingomonadales,Sphingomonadaceae,Sphingopyxis,Sphingopyxis sp035998905,0.5,0.00660066,0.9882/0.9784
NR.F.3.H.C,G05,NoRo,dorm_sample,Bacteria,Pseudomonadota,Gammaproteobacteria,Burkholderiales,Burkholderiaceae,Imbroritus,Imbroritus primus,0.625,0.008250825,0.9268/0.9207
NR.F.3.H.C,G05,NoRo,dorm_sample,Bacteria,Actinomycetota,Actinomycetes,Actinomycetales,Microbacteriaceae,Microbacterium,Microbacterium sp003248845,0.625,0.008250825,0.9905/0.9826
NR.F.3.H.C,G05,NoRo,dorm_sample,Bacteria,Bacteroidota,Bacteroidia,Chitinophagales,Chitinophagaceae,Ferruginibacter,Ferruginibacter sp964404845,0.75,0.00990099,0.8923/0.8324
NR.F.3.H.C,G05,NoRo,dorm_sample,Bacteria,Pseudomonadota,Alphaproteobacteria,Rhizobiales,Rhizobiaceae,Shinella,Shinella sp001262505,0.75,0.00990099,0.9943/0.9943
NR.F.3.H.C,G05,NoRo,dorm_sample,Bacteria,Acidobacteriota,Blastocatellia,Pyrinomonadales,Pyrinomonadaceae,JAIBCC01,JAIBCC01 sp963779235,0.875,0.01155116,0.8030/0.7550
NR.F.3.H.C,G05,NoRo,dorm_sample,Bacteria,Pseudomonadota,Alphaproteobacteria,Rhizobiales,Rhizobiaceae,Arvimicrobium,Arvimicrobium flavum,0.875,0.01155116,0.8391/0.8050
NR.F.3.H.C,G05,NoRo,dorm_sample,Bacteria,Pseudomonadota,Alphaproteobacteria,Sphingomonadales,Sphingomonadaceae,Sphingopyxis,Sphingopyxis sp001468225,1,0.01320132,0.9117/0.8986
NR.F.3.H.C,G05,NoRo,dorm_sample,Bacteria,Pseudomonadota,Gammaproteobacteria,Burkholderiales,Burkholderiaceae_C,Acidovorax,Acidovorax temperans,1.125,0.01485149,0.9845/0.9837
NR.F.3.H.C,G05,NoRo,dorm_sample,Bacteria,Pseudomonadota,Alphaproteobacteria,Sphingomonadales,Sphingomonadaceae,Sphingomonas,Sphingomonas koreensis,1.375,0.01815182,0.9529/0.9455
NR.F.3.H.C,G05,NoRo,dorm_sample,Bacteria,Pseudomonadota,Alphaproteobacteria,Sphingomonadales,Sphingomonadaceae,Blastomonas,Blastomonas ursincola,1.625,0.02145215,0.9914/0.9904
NR.F.3.H.C,G05,NoRo,dorm_sample,Bacteria,Pseudomonadota,Gammaproteobacteria,Xanthomonadales,Xanthomonadaceae,Lysobacter_I,Lysobacter_I sp005502915,1.875,0.02475248,0.9297/0.9191
NR.F.3.H.C,G05,NoRo,dorm_sample,Bacteria,Pseudomonadota,Alphaproteobacteria,Sphingomonadales,Sphingomonadaceae,Erythrobacter,Erythrobacter oryzae,2.5,0.0330033,0.8987/0.8532
NR.F.3.H.C,G05,NoRo,dorm_sample,Bacteria,Pseudomonadota,Alphaproteobacteria,Sphingomonadales,Sphingomonadaceae,Sphingopyxis,Sphingopyxis sp014873485,2.875,0.0379538,0.9547/0.9218
NR.F.3.H.C,G05,NoRo,dorm_sample,Bacteria,Pseudomonadota,Gammaproteobacteria,Burkholderiales,Burkholderiaceae_C,Ottowia,Ottowia testudinis,3.625,0.04785479,0.9075/0.8994
NR.F.3.H.C,G05,NoRo,dorm_sample,Bacteria,Pseudomonadota,Gammaproteobacteria,Xanthomonadales,Xanthomonadaceae,Pseudoxanthomonas_A,Pseudoxanthomonas_A japonensis,4.25,0.05610561,0.9921/0.9893
NR.F.3.H.C,G05,NoRo,dorm_sample,Bacteria,Pseudomonadota,Gammaproteobacteria,Xanthomonadales,Xanthomonadaceae,Lysobacter_I,Lysobacter_I sp036404915,4.75,0.06270627,0.9806/0.9747
NR.F.3.H.C,G05,NoRo,dorm_sample,Bacteria,Pseudomonadota,Alphaproteobacteria,Sphingomonadales,Sphingomonadaceae,Sphingopyxis,Sphingopyxis sp001468395,5.625,0.07425743,0.9794/0.9713
NR.F.3.H.C,G05,NoRo,dorm_sample,Bacteria,Actinomycetota,Actinomycetes,Mycobacteriales,Mycobacteriaceae,Mycobacterium,Mycobacterium phocaicum,6.375,0.08415842,0.9931/0.9925
NR.F.3.H.C,G05,NoRo,dorm_sample,Bacteria,Pseudomonadota,Gammaproteobacteria,Burkholderiales,Burkholderiaceae_C,Ottowia,Ottowia sp018060485,12.625,0.1666667,0.9879/0.9783
NR.F.3.H.C,G05,NoRo,dorm_sample,Bacteria,unclassified Bacteria phylum,unclassified Bacteria class,unclassified Bacteria order,unclassified Bacteria family,unclassified Bacteria genus,unclassified Bacteria species,13.875,0.1831683,0.0000/0.0000
Me.F.3.L.B,G06,Memorial,dorm_sample,Archaea,unclassified Archaea phylum,unclassified Archaea class,unclassified Archaea order,unclassified Archaea family,unclassified Archaea genus,unclassified Archaea species,0.25,0.000132873,0.0000/0.0000
Me.F.3.L.B,G06,Memorial,dorm_sample,Bacteria,Bacteroidota,Bacteroidia,Chitinophagales,Chitinophagaceae,Flavitalea,Flavitalea sp964606315,0.25,0.000132873,0.7866/0.7518
Me.F.3.L.B,G06,Memorial,dorm_sample,Bacteria,Bacteroidota,Bacteroidia,Cytophagales,Spirosomataceae,Dyadobacter,Dyadobacter sp031457735,0.25,0.000132873,0.8626/0.8530
Me.F.3.L.B,G06,Memorial,dorm_sample,Bacteria,Pseudomonadota,Alphaproteobacteria,Rhizobiales,Xanthobacteraceae,Afipia,Afipia sp024508675,0.25,0.000132873,0.8816/0.8554
Me.F.3.L.B,G06,Memorial,dorm_sample,Bacteria,Pseudomonadota,Alphaproteobacteria,Rhizobiales,Beijerinckiaceae,Allobosea,Allobosea spartocytisi,0.25,0.000132873,0.8818/0.8078
Me.F.3.L.B,G06,Memorial,dorm_sample,Bacteria,Pseudomonadota,Alphaproteobacteria,Caulobacterales,Caulobacteraceae,Caulobacter,Caulobacter sp001556515,0.25,0.000132873,0.9308/0.7398
Me.F.3.L.B,G06,Memorial,dorm_sample,Bacteria,Bacteroidota,Bacteroidia,Flavobacteriales,Flavobacteriaceae,Flavobacterium,Flavobacterium sp041262125,0.25,0.000132873,0.9322/0.9309
Me.F.3.L.B,G06,Memorial,dorm_sample,Bacteria,Pseudomonadota,Alphaproteobacteria,Ferrovibrionales,Ferrovibrionaceae,Ferrovibrio,Ferrovibrio sp018336035,0.25,0.000132873,0.9413/0.8956
Me.F.3.L.B,G06,Memorial,dorm_sample,Bacteria,Actinomycetota,Actinomycetes,Mycobacteriales,Mycobacteriaceae,Mycobacterium,Mycobacterium sp018326285,0.25,0.000132873,0.9804/0.9781
Me.F.3.L.B,G06,Memorial,dorm_sample,Bacteria,Pseudomonadota,Alphaproteobacteria,Rhizobiales,Beijerinckiaceae,Methylobacterium,Methylobacterium sp900112625,0.25,0.000132873,0.9876/0.9875
Me.F.3.L.B,G06,Memorial,dorm_sample,Bacteria,Pseudomonadota,Alphaproteobacteria,Rhizobiales,Beijerinckiaceae,Methylobacterium,Methylobacterium populi_A,0.25,0.000132873,0.9914/0.9914
Me.F.3.L.B,G06,Memorial,dorm_sample,Bacteria,Actinomycetota,Actinomycetes,Actinomycetales,Microbacteriaceae,Microbacterium,Microbacterium paraoxydans,0.25,0.000132873,0.9990/0.9991
Me.F.3.L.B,G06,Memorial,dorm_sample,Bacteria,Pseudomonadota,Alphaproteobacteria,Caulobacterales,Caulobacteraceae,Caulobacter,Caulobacter sp002742645,0.25,0.000132873,0.9998/0.9998
Me.F.3.L.B,G06,Memorial,dorm_sample,Bacteria,Pseudomonadota,Gammaproteobacteria,Xanthomonadales,Xanthomonadaceae,Stenotrophomonas,Stenotrophomonas aracearum,0.25,0.000132873,1.0000/1.0000
Me.F.3.L.B,G06,Memorial,dorm_sample,Bacteria,Acidobacteriota,Blastocatellia,Pyrinomonadales,Pyrinomonadaceae,JALZHR01,JALZHR01 sp036388475,0.375,0.000199309,0.7935/0.7389
Me.F.3.L.B,G06,Memorial,dorm_sample,Bacteria,Bacteroidota,Bacteroidia,Cytophagales,Cyclobacteriaceae,Chryseosolibacter,Chryseosolibacter histidini,0.375,0.000199309,0.8149/0.7757
Me.F.3.L.B,G06,Memorial,dorm_sample,Bacteria,Pseudomonadota,Alphaproteobacteria,Sphingomonadales,Sphingomonadaceae,Solisphingomonas,Solisphingomonas quercus,0.375,0.000199309,0.8583/0.8394
Me.F.3.L.B,G06,Memorial,dorm_sample,Bacteria,Pseudomonadota,Alphaproteobacteria,Rhizobiales,Beijerinckiaceae,Enterovirga,Enterovirga rhinocerotis,0.375,0.000199309,0.8608/0.8249
Me.F.3.L.B,G06,Memorial,dorm_sample,Bacteria,Myxococcota_A,Polyangia,Polyangiales,Polyangiaceae,Labilithrix,Labilithrix sp019637105,0.375,0.000199309,0.8678/0.8248
Me.F.3.L.B,G06,Memorial,dorm_sample,Bacteria,Myxococcota_A,Polyangia,Haliangiales,Haliangiaceae,JABFXX01,JABFXX01 sp022842285,0.375,0.000199309,0.8907/0.8621
Me.F.3.L.B,G06,Memorial,dorm_sample,Bacteria,Pseudomonadota,Alphaproteobacteria,Rhizobiales,Beijerinckiaceae,Allobosea,Allobosea sp001429505,0.375,0.000199309,0.9248/0.7861
Me.F.3.L.B,G06,Memorial,dorm_sample,Bacteria,Acidobacteriota,Vicinamibacteria,Vicinamibacterales,Vicinamibacteraceae,Luteitalea,Luteitalea pratensis,0.5,0.000265745,0.8334/0.7960
Me.F.3.L.B,G06,Memorial,dorm_sample,Bacteria,Planctomycetota,Planctomycetia,Gemmatales,Gemmataceae,Gemmata,Gemmata obscuriglobus,0.5,0.000265745,0.8680/0.8451
Me.F.3.L.B,G06,Memorial,dorm_sample,Bacteria,Pseudomonadota,Alphaproteobacteria,Caulobacterales,Caulobacteraceae,Phenylobacterium,Phenylobacterium sp964254345,0.5,0.000265745,0.8698/0.8139
Me.F.3.L.B,G06,Memorial,dorm_sample,Bacteria,Pseudomonadota,Alphaproteobacteria,Caulobacterales,Caulobacteraceae,Phenylobacterium,Phenylobacterium sp031984885,0.5,0.000265745,0.8748/0.8290
Me.F.3.L.B,G06,Memorial,dorm_sample,Bacteria,Pseudomonadota,Alphaproteobacteria,Sphingomonadales,Sphingomonadaceae,Sphingopyxis,Sphingopyxis macrogoltabida_B,0.5,0.000265745,0.8978/0.8741
Me.F.3.L.B,G06,Memorial,dorm_sample,Bacteria,Pseudomonadota,Alphaproteobacteria,Caulobacterales,Caulobacteraceae,Phenylobacterium,Phenylobacterium hankyongense,0.5,0.000265745,0.9015/0.8491
Me.F.3.L.B,G06,Memorial,dorm_sample,Bacteria,Pseudomonadota,Alphaproteobacteria,Caulobacterales,Caulobacteraceae,Phenylobacterium,Phenylobacterium sp040752615,0.5,0.000265745,0.9101/0.8786
Me.F.3.L.B,G06,Memorial,dorm_sample,Bacteria,Pseudomonadota,Alphaproteobacteria,Reyranellales,Reyranellaceae,Reyranella,Reyranella sp945952105,0.5,0.000265745,0.9398/0.9372
Me.F.3.L.B,G06,Memorial,dorm_sample,Bacteria,Pseudomonadota,Gammaproteobacteria,Xanthomonadales,Xanthomonadaceae,Pseudoxanthomonas_A,Pseudoxanthomonas_A sp014851815,0.5,0.000265745,0.9501/0.9480
Me.F.3.L.B,G06,Memorial,dorm_sample,Bacteria,Pseudomonadota,Gammaproteobacteria,Burkholderiales,Burkholderiaceae_C,Aquincola,Aquincola tertiaricarbonis_B,0.5,0.000265745,0.9591/0.9568
Me.F.3.L.B,G06,Memorial,dorm_sample,Bacteria,Pseudomonadota,Alphaproteobacteria,Caulobacterales,Caulobacteraceae,Brevundimonas,Brevundimonas colombiensis,0.5,0.000265745,0.9752/0.9384
Me.F.3.L.B,G06,Memorial,dorm_sample,Bacteria,Actinomycetota,Actinomycetes,Actinomycetales,Microbacteriaceae,Microbacterium,Microbacterium enclense_A,0.5,0.000265745,0.9844/0.9785
Me.F.3.L.B,G06,Memorial,dorm_sample,Bacteria,Pseudomonadota,Alphaproteobacteria,Sphingomonadales,Sphingomonadaceae,Sphingomonas,Sphingomonas carotinifaciens,0.5,0.000265745,0.9868/0.9868
Me.F.3.L.B,G06,Memorial,dorm_sample,Bacteria,Actinomycetota,Actinomycetes,Actinomycetales,Microbacteriaceae,Microbacterium,Microbacterium marinum,0.5,0.000265745,0.9875/0.9873
Me.F.3.L.B,G06,Memorial,dorm_sample,Bacteria,Vulcanimicrobiota,Xenobia,Xenobiales,JADMJV01,JAEXNA01,JAEXNA01 sp037189585,0.625,0.000332182,0.8445/0.8285
Me.F.3.L.B,G06,Memorial,dorm_sample,Bacteria,Pseudomonadota,Alphaproteobacteria,Sphingomonadales,Sphingomonadaceae,Sphingomonas,Sphingomonas endophytica_A,0.625,0.000332182,0.8705/0.8504
Me.F.3.L.B,G06,Memorial,dorm_sample,Bacteria,Myxococcota_A,Polyangia,Polyangiales,Sandaracinaceae,Sandaracinus,Sandaracinus amylolyticus_A,0.625,0.000332182,0.8799/0.8607
Me.F.3.L.B,G06,Memorial,dorm_sample,Bacteria,Pseudomonadota,Alphaproteobacteria,Caulobacterales,Caulobacteraceae,Brevundimonas,Brevundimonas sp016463295,0.625,0.000332182,0.8863/0.8271
Me.F.3.L.B,G06,Memorial,dorm_sample,Bacteria,Pseudomonadota,Alphaproteobacteria,Rhizobiales,Xanthobacteraceae,Bradyrhizobium,Bradyrhizobium sp023387735,0.625,0.000332182,0.9738/0.9309
Me.F.3.L.B,G06,Memorial,dorm_sample,Bacteria,Pseudomonadota,Alphaproteobacteria,Rhizobiales,Beijerinckiaceae,Allobosea,Allobosea rubneri,0.625,0.000332182,0.9813/0.9807
Me.F.3.L.B,G06,Memorial,dorm_sample,Bacteria,Pseudomonadota,Gammaproteobacteria,Pseudomonadales,Moraxellaceae,Acinetobacter,Acinetobacter junii,0.625,0.000332182,0.9921/0.9921
Me.F.3.L.B,G06,Memorial,dorm_sample,Bacteria,Pseudomonadota,Alphaproteobacteria,Sphingomonadales,Sphingomonadaceae,Sphingomonas,Sphingomonas koreensis,0.625,0.000332182,0.9944/0.9897
Me.F.3.L.B,G06,Memorial,dorm_sample,Bacteria,Myxococcota_A,Polyangia,Polyangiales,Polyangiaceae,Labilithrix,Labilithrix sp019637155,0.75,0.000398618,0.8327/0.8118
Me.F.3.L.B,G06,Memorial,dorm_sample,Bacteria,Pseudomonadota,Alphaproteobacteria,Rhizobiales,Xanthobacteraceae,P52-10,P52-10 sp000516555,0.75,0.000398618,0.9002/0.8582
Me.F.3.L.B,G06,Memorial,dorm_sample,Bacteria,Pseudomonadota,Alphaproteobacteria,Acetobacterales,Acetobacteraceae,Roseococcus,Roseococcus pinisoli,0.75,0.000398618,0.9135/0.8579
Me.F.3.L.B,G06,Memorial,dorm_sample,Bacteria,Pseudomonadota,Alphaproteobacteria,Ferrovibrionales,Ferrovibrionaceae,Ferrovibrio,Ferrovibrio terrae,0.75,0.000398618,0.9482/0.9426
Me.F.3.L.B,G06,Memorial,dorm_sample,Bacteria,Pseudomonadota,Gammaproteobacteria,Burkholderiales,Burkholderiaceae_C,Aquabacterium,Aquabacterium sp049322875,0.75,0.000398618,0.9686/0.9531
Me.F.3.L.B,G06,Memorial,dorm_sample,Bacteria,Actinomycetota,Actinomycetes,Actinomycetales,Microbacteriaceae,Microbacterium,Microbacterium sp001866135,0.75,0.000398618,0.9966/0.9966
Me.F.3.L.B,G06,Memorial,dorm_sample,Bacteria,Pseudomonadota,Alphaproteobacteria,Rhizobiales,Beijerinckiaceae,Methylobacterium,Methylobacterium hispanicum,0.75,0.000398618,0.9966/0.9856
Me.F.3.L.B,G06,Memorial,dorm_sample,Bacteria,Pseudomonadota,Alphaproteobacteria,Sphingomonadales,Sphingomonadaceae,Sphingomonas,Sphingomonas adhaesiva_B,0.875,0.000465055,0.8360/0.8023
Me.F.3.L.B,G06,Memorial,dorm_sample,Bacteria,Acidobacteriota,Vicinamibacteria,Vicinamibacterales,Vicinamibacteraceae,Luteitalea,Luteitalea sp016865485,0.875,0.000465055,0.8870/0.8429
Me.F.3.L.B,G06,Memorial,dorm_sample,Bacteria,Pseudomonadota,Alphaproteobacteria,Caulobacterales,Hyphomonadaceae,UBA7672,UBA7672 sp965229115,0.875,0.000465055,0.8928/0.8502
Me.F.3.L.B,G06,Memorial,dorm_sample,Bacteria,Pseudomonadota,Alphaproteobacteria,Rhizobiales,Xanthobacteraceae,Bradyrhizobium,Bradyrhizobium sp029714305,0.875,0.000465055,0.9028/0.8657
Me.F.3.L.B,G06,Memorial,dorm_sample,Bacteria,Pseudomonadota,Alphaproteobacteria,Acetobacterales,Acetobacteraceae,Roseococcus,Roseococcus sp004336745,0.875,0.000465055,0.9124/0.9095
Me.F.3.L.B,G06,Memorial,dorm_sample,Bacteria,Pseudomonadota,Alphaproteobacteria,Rhizobiales,Beijerinckiaceae,Allobosea,Allobosea lupini,0.875,0.000465055,0.9477/0.9389
Me.F.3.L.B,G06,Memorial,dorm_sample,Bacteria,Bacteroidota,Bacteroidia,Flavobacteriales,Flavobacteriaceae,Flavobacterium,Flavobacterium microcysteis,0.875,0.000465055,0.9496/0.9418
Me.F.3.L.B,G06,Memorial,dorm_sample,Bacteria,Pseudomonadota,Alphaproteobacteria,Caulobacterales,Caulobacteraceae,Brevundimonas,Brevundimonas diminuta,0.875,0.000465055,0.9943/0.9937
Me.F.3.L.B,G06,Memorial,dorm_sample,Bacteria,Pseudomonadota,Alphaproteobacteria,Acetobacterales,Acetobacteraceae,Roseomonas,Roseomonas sp001941945,0.875,0.000465055,0.9979/0.9978
Me.F.3.L.B,G06,Memorial,dorm_sample,Bacteria,Pseudomonadota,Alphaproteobacteria,Sphingomonadales,Sphingomonadaceae,Novosphingobium,Novosphingobium silvae,0.875,0.000465055,0.9984/0.9983
Me.F.3.L.B,G06,Memorial,dorm_sample,Bacteria,Pseudomonadota,Alphaproteobacteria,Sphingomonadales,Sphingomonadaceae,Sphingomonas,Sphingomonas hankookensis_A,0.875,0.000465055,0.9997/0.9997
Me.F.3.L.B,G06,Memorial,dorm_sample,Bacteria,Pseudomonadota,Alphaproteobacteria,Sphingomonadales,Sphingomonadaceae,Sphingomonas,Sphingomonas sp014217605,1,0.000531491,0.8521/0.8013
Me.F.3.L.B,G06,Memorial,dorm_sample,Bacteria,Pseudomonadota,Alphaproteobacteria,Geminicoccales,Geminicoccaceae,Geminicoccus,Geminicoccus harenae,1,0.000531491,0.8798/0.8640
Me.F.3.L.B,G06,Memorial,dorm_sample,Bacteria,Pseudomonadota,Alphaproteobacteria,Rhizobiales,Beijerinckiaceae,Allobosea,Allobosea sp011764485,1,0.000531491,0.9335/0.8941
Me.F.3.L.B,G06,Memorial,dorm_sample,Bacteria,Pseudomonadota,Alphaproteobacteria,Rhizobiales,Beijerinckiaceae,Allobosea,Allobosea sp900112185,1,0.000531491,0.9766/0.9328
Me.F.3.L.B,G06,Memorial,dorm_sample,Bacteria,Pseudomonadota,Alphaproteobacteria,Caulobacterales,Caulobacteraceae,Brevundimonas,Brevundimonas aurantiaca,1,0.000531491,0.9943/0.9918
Me.F.3.L.B,G06,Memorial,dorm_sample,Bacteria,Planctomycetota,Planctomycetia,Isosphaerales,Isosphaeraceae,CAWGMM01,CAWGMM01 sp963823685,1.125,0.000597927,0.7966/0.7400
Me.F.3.L.B,G06,Memorial,dorm_sample,Bacteria,Planctomycetota,Planctomycetia,Gemmatales,Gemmataceae,Gemmata,Gemmata algarum,1.125,0.000597927,0.8593/0.8216
Me.F.3.L.B,G06,Memorial,dorm_sample,Bacteria,Myxococcota_A,Polyangia,Polyangiales,Polyangiaceae,Labilithrix,Labilithrix sp019637195,1.125,0.000597927,0.8633/0.7843
Me.F.3.L.B,G06,Memorial,dorm_sample,Bacteria,Pseudomonadota,Alphaproteobacteria,Reyranellales,Reyranellaceae,Reyranella,Reyranella sp009772935,1.25,0.000664364,0.9157/0.8620
Me.F.3.L.B,G06,Memorial,dorm_sample,Bacteria,Pseudomonadota,Gammaproteobacteria,Burkholderiales,Burkholderiaceae_C,Paracidovorax,Paracidovorax sp040365715,1.25,0.000664364,0.9702/0.9676
Me.F.3.L.B,G06,Memorial,dorm_sample,Bacteria,Vulcanimicrobiota,Xenobia,Xenobiales,JADMJV01,JAEXNA01,JAEXNA01 sp023447635,1.25,0.000664364,0.9987/0.9985
Me.F.3.L.B,G06,Memorial,dorm_sample,Bacteria,Pseudomonadota,Alphaproteobacteria,Rhizobiales,Beijerinckiaceae,Allobosea,Allobosea sp037147855,1.375,0.0007308,0.9235/0.8861
Me.F.3.L.B,G06,Memorial,dorm_sample,Bacteria,Actinomycetota,Actinomycetes,Actinomycetales,Microbacteriaceae,Microbacterium,Microbacterium aurum,1.375,0.0007308,0.9744/0.9545
Me.F.3.L.B,G06,Memorial,dorm_sample,Bacteria,Pseudomonadota,Alphaproteobacteria,Rhizobiales,Beijerinckiaceae,Methylobacterium,Methylobacterium isbiliense,1.375,0.0007308,0.9997/0.9997
Me.F.3.L.B,G06,Memorial,dorm_sample,Bacteria,Planctomycetota,Planctomycetia,Isosphaerales,Isosphaeraceae,CAMFLR01,CAMFLR01 sp963819805,1.5,0.000797236,0.7937/0.7165
Me.F.3.L.B,G06,Memorial,dorm_sample,Bacteria,Myxococcota_A,Polyangia,Polyangiales,Sandaracinaceae,Sandaracinus,Sandaracinus sp030855295,1.5,0.000797236,0.8589/0.8218
Me.F.3.L.B,G06,Memorial,dorm_sample,Bacteria,Pseudomonadota,Gammaproteobacteria,Burkholderiales,Burkholderiaceae_C,Ottowia,Ottowia testudinis,1.5,0.000797236,0.8994/0.8922
Me.F.3.L.B,G06,Memorial,dorm_sample,Bacteria,Bacteroidota,Bacteroidia,Flavobacteriales,Flavobacteriaceae,Flavobacterium,Flavobacterium sp024054175,1.75,0.000930109,0.8692/0.8580
Me.F.3.L.B,G06,Memorial,dorm_sample,Bacteria,Pseudomonadota,Alphaproteobacteria,Sphingomonadales,Sphingomonadaceae,Sphingopyxis,Sphingopyxis sp005503165,1.75,0.000930109,0.9083/0.8997
Me.F.3.L.B,G06,Memorial,dorm_sample,Bacteria,Pseudomonadota,Alphaproteobacteria,Caulobacterales,Caulobacteraceae,Caulobacter,Caulobacter sp002742635,1.75,0.000930109,0.9371/0.9238
Me.F.3.L.B,G06,Memorial,dorm_sample,Bacteria,Pseudomonadota,Alphaproteobacteria,Rhizobiales,Xanthobacteraceae,Xanthobacter,Xanthobacter sp023442085,1.75,0.000930109,0.9801/0.9767
Me.F.3.L.B,G06,Memorial,dorm_sample,Bacteria,Pseudomonadota,Alphaproteobacteria,Rhizobiales,Xanthobacteraceae,Pseudorhodoplanes,Pseudorhodoplanes sp035565795,1.875,0.000996545,0.8872/0.8805
Me.F.3.L.B,G06,Memorial,dorm_sample,Bacteria,Pseudomonadota,Alphaproteobacteria,Rhizobiales,Beijerinckiaceae,Allobosea,Allobosea vestrisii,1.875,0.000996545,0.9672/0.9559
Me.F.3.L.B,G06,Memorial,dorm_sample,Bacteria,Actinomycetota,Actinomycetes,Actinomycetales,Microbacteriaceae,Microbacterium,Microbacterium lacticum,1.875,0.000996545,0.9881/0.9710
Me.F.3.L.B,G06,Memorial,dorm_sample,Bacteria,Pseudomonadota,Alphaproteobacteria,Paracaedibacterales,Paracaedibacteraceae,Paracaedibacter_A,Paracaedibacter_A symbiosus,2,0.001062982,0.7790/0.7482
Me.F.3.L.B,G06,Memorial,dorm_sample,Bacteria,Bacteroidota,Bacteroidia,Flavobacteriales,Flavobacteriaceae,Flavobacterium,Flavobacterium arundinis,2,0.001062982,0.8598/0.8352
Me.F.3.L.B,G06,Memorial,dorm_sample,Bacteria,Pseudomonadota,Gammaproteobacteria,Xanthomonadales,Xanthomonadaceae,Pseudoxanthomonas_A,Pseudoxanthomonas_A sp014851805,2,0.001062982,0.9437/0.9385
Me.F.3.L.B,G06,Memorial,dorm_sample,Bacteria,Pseudomonadota,Alphaproteobacteria,Rhizobiales,Beijerinckiaceae,Allobosea,Allobosea eneae,2,0.001062982,0.9484/0.9309
Me.F.3.L.B,G06,Memorial,dorm_sample,Bacteria,Pseudomonadota,Gammaproteobacteria,Burkholderiales,Burkholderiaceae_C,Xenophilus,Xenophilus sp005503065,2,0.001062982,0.9971/0.9971
Me.F.3.L.B,G06,Memorial,dorm_sample,Bacteria,Bacteroidota,Bacteroidia,Flavobacteriales,Flavobacteriaceae,Flavobacterium,Flavobacterium psychrophilum_A,2.125,0.001129418,0.8255/0.7980
Me.F.3.L.B,G06,Memorial,dorm_sample,Bacteria,Bacteroidota,Bacteroidia,Flavobacteriales,Flavobacteriaceae,Flavobacterium,Flavobacterium sp023386255,2.125,0.001129418,0.8807/0.8722
Me.F.3.L.B,G06,Memorial,dorm_sample,Bacteria,Pseudomonadota,Alphaproteobacteria,Sphingomonadales,Sphingomonadaceae,Sphingopyxis,Sphingopyxis sp900078365,2.25,0.001195854,0.8650/0.8193
Me.F.3.L.B,G06,Memorial,dorm_sample,Bacteria,Bacteroidota,Bacteroidia,Flavobacteriales,Flavobacteriaceae,Flavobacterium,Flavobacterium sp024699965,2.25,0.001195854,0.9655/0.9259
Me.F.3.L.B,G06,Memorial,dorm_sample,Bacteria,Pseudomonadota,Gammaproteobacteria,Xanthomonadales,Xanthomonadaceae,Stenotrophomonas,Stenotrophomonas pavanii,2.25,0.001195854,0.9997/0.9997
Me.F.3.L.B,G06,Memorial,dorm_sample,Bacteria,Acidobacteriota,Blastocatellia,Pyrinomonadales,Pyrinomonadaceae,JAHCHG01,JAHCHG01 sp038246645,2.375,0.001262291,0.8935/0.8599
Me.F.3.L.B,G06,Memorial,dorm_sample,Bacteria,Pseudomonadota,Alphaproteobacteria,Sphingomonadales,Sphingomonadaceae,Sphingopyxis,Sphingopyxis sp013821905,2.375,0.001262291,0.9088/0.8874
Me.F.3.L.B,G06,Memorial,dorm_sample,Bacteria,Pseudomonadota,Alphaproteobacteria,Rhizobiales,Aestuariivirgaceae,Taklimakanibacter,Taklimakanibacter sp005502925,2.375,0.001262291,0.9204/0.8778
Me.F.3.L.B,G06,Memorial,dorm_sample,Bacteria,Pseudomonadota,Alphaproteobacteria,Caulobacterales,Caulobacteraceae,Phenylobacterium,Phenylobacterium sp023445705,2.625,0.001395163,0.9241/0.9137
Me.F.3.L.B,G06,Memorial,dorm_sample,Bacteria,Pseudomonadota,Alphaproteobacteria,Rhizobiales,Xanthobacteraceae,Pseudorhodoplanes,Pseudorhodoplanes sp964641065,2.625,0.001395163,0.9520/0.9369
Me.F.3.L.B,G06,Memorial,dorm_sample,Bacteria,Pseudomonadota,Alphaproteobacteria,Sphingomonadales,Sphingomonadaceae,Sphingomonas,Sphingomonas ginsenosidimutans,2.625,0.001395163,0.9592/0.9377
Me.F.3.L.B,G06,Memorial,dorm_sample,Bacteria,Pseudomonadota,Alphaproteobacteria,Sphingomonadales,Sphingomonadaceae,Sphingomonas,Sphingomonas sp900109205,2.625,0.001395163,0.9623/0.9580
Me.F.3.L.B,G06,Memorial,dorm_sample,Bacteria,Pseudomonadota,Alphaproteobacteria,Rhizobiales,Xanthobacteraceae,Xanthobacter,Xanthobacter flavus_A,2.75,0.0014616,0.9656/0.9635
Me.F.3.L.B,G06,Memorial,dorm_sample,Bacteria,Bacteroidota,Bacteroidia,Flavobacteriales,Flavobacteriaceae,Flavobacterium,Flavobacterium suzhouense,3.125,0.001660909,0.8841/0.8766
Me.F.3.L.B,G06,Memorial,dorm_sample,Bacteria,Pseudomonadota,Alphaproteobacteria,Rhizobiales,Beijerinckiaceae,Allobosea,Allobosea sp024655635,3.25,0.001727345,0.9365/0.9154
Me.F.3.L.B,G06,Memorial,dorm_sample,Bacteria,Pseudomonadota,Alphaproteobacteria,Reyranellales,Reyranellaceae,Reyranella,Reyranella sp965249915,3.25,0.001727345,0.9382/0.9355
Me.F.3.L.B,G06,Memorial,dorm_sample,Bacteria,Myxococcota_A,Polyangia,Polyangiales,Sandaracinaceae,Sandaracinus,Sandaracinus amylolyticus,3.375,0.001793782,0.8306/0.7661
Me.F.3.L.B,G06,Memorial,dorm_sample,Bacteria,Pseudomonadota,Alphaproteobacteria,Sphingomonadales,Sphingomonadaceae,Sphingopyxis,Sphingopyxis sp005503215,3.375,0.001793782,0.8985/0.8797
Me.F.3.L.B,G06,Memorial,dorm_sample,Bacteria,Pseudomonadota,Alphaproteobacteria,Sphingomonadales,Sphingomonadaceae,Sphingopyxis,Sphingopyxis sp035944815,3.5,0.001860218,0.8824/0.7706
Me.F.3.L.B,G06,Memorial,dorm_sample,Bacteria,Pseudomonadota,Gammaproteobacteria,Xanthomonadales,Xanthomonadaceae,Arenimonas,Arenimonas sp963707625,3.75,0.001993091,0.8619/0.8397
Me.F.3.L.B,G06,Memorial,dorm_sample,Bacteria,Planctomycetota,Planctomycetia,Isosphaerales,Isosphaeraceae,G963708145,G963708145 sp963708145,4.125,0.0021924,0.8058/0.7643
Me.F.3.L.B,G06,Memorial,dorm_sample,Bacteria,Pseudomonadota,Alphaproteobacteria,Reyranellales,Reyranellaceae,Reyranella,Reyranella sp002281855,4.125,0.0021924,0.9561/0.9561
Me.F.3.L.B,G06,Memorial,dorm_sample,Bacteria,Acidobacteriota,Blastocatellia,Pyrinomonadales,Pyrinomonadaceae,JAFDVJ01,JAFDVJ01 sp022843305,4.375,0.002325272,0.7752/0.7299
Me.F.3.L.B,G06,Memorial,dorm_sample,Bacteria,Pseudomonadota,Alphaproteobacteria,Reyranellales,Reyranellaceae,Reyranella,Reyranella sp903929895,4.5,0.002391709,0.9434/0.9389
Me.F.3.L.B,G06,Memorial,dorm_sample,Bacteria,Pseudomonadota,Alphaproteobacteria,Rickettsiales,UBA3002,QFOX01,QFOX01 sp965247335,4.625,0.002458145,0.8054/0.7885
Me.F.3.L.B,G06,Memorial,dorm_sample,Bacteria,Pseudomonadota,Alphaproteobacteria,Caulobacterales,Caulobacteraceae,Brevundimonas,Brevundimonas sp041919755,4.75,0.002524581,0.9397/0.8926
Me.F.3.L.B,G06,Memorial,dorm_sample,Bacteria,Pseudomonadota,Alphaproteobacteria,Rhizobiales,Hyphomicrobiaceae,Hyphomicrobium_C,Hyphomicrobium_C sp019744875,4.75,0.002524581,0.9864/0.9841
Me.F.3.L.B,G06,Memorial,dorm_sample,Bacteria,Acidobacteriota,Blastocatellia,Pyrinomonadales,Pyrinomonadaceae,JALZHR01,JALZHR01 sp036388635,5.125,0.002723891,0.7572/0.7135
Me.F.3.L.B,G06,Memorial,dorm_sample,Bacteria,Pseudomonadota,Alphaproteobacteria,Rhizobiales,Aestuariivirgaceae,Taklimakanibacter,Taklimakanibacter sp049323275,5.125,0.002723891,0.9473/0.8928
Me.F.3.L.B,G06,Memorial,dorm_sample,Bacteria,Pseudomonadota,Alphaproteobacteria,43-37,43-37,43-37,43-37 sp001897475,5.5,0.0029232,0.7363/0.7186
Me.F.3.L.B,G06,Memorial,dorm_sample,Bacteria,Pseudomonadota,Alphaproteobacteria,Rhizobiales,Xanthobacteraceae,Pseudorhodoplanes,Pseudorhodoplanes sp050250235,5.5,0.0029232,0.8626/0.8232
Me.F.3.L.B,G06,Memorial,dorm_sample,Bacteria,Pseudomonadota,Alphaproteobacteria,Geminicoccales,Geminicoccaceae,Geminicoccus,Geminicoccus sp036263595,5.625,0.002989636,0.9353/0.9181
Me.F.3.L.B,G06,Memorial,dorm_sample,Bacteria,Bacteroidota,Bacteroidia,Sphingobacteriales,Sphingobacteriaceae,Pedobacter,Pedobacter chitinilyticus,5.625,0.002989636,0.9858/0.9828
Me.F.3.L.B,G06,Memorial,dorm_sample,Bacteria,Pseudomonadota,Alphaproteobacteria,Caulobacterales,Caulobacteraceae,Phenylobacterium,Phenylobacterium koreense,6.125,0.003255381,0.8949/0.8157
Me.F.3.L.B,G06,Memorial,dorm_sample,Bacteria,Pseudomonadota,Alphaproteobacteria,Rhizobiales,Xanthobacteraceae,Bradyrhizobium,Bradyrhizobium sp001556045,6.25,0.003321818,0.9895/0.9813
Me.F.3.L.B,G06,Memorial,dorm_sample,Bacteria,Acidobacteriota,Blastocatellia,Pyrinomonadales,Pyrinomonadaceae,JAHCHG01,JAHCHG01 sp041745765,6.625,0.003521127,0.8732/0.8196
Me.F.3.L.B,G06,Memorial,dorm_sample,Bacteria,Pseudomonadota,Alphaproteobacteria,Reyranellales,Reyranellaceae,Reyranella,Reyranella sp965227665,6.75,0.003587563,0.9483/0.9477
Me.F.3.L.B,G06,Memorial,dorm_sample,Bacteria,Pseudomonadota,Alphaproteobacteria,Reyranellales,Reyranellaceae,Reyranella,Reyranella sp030651995,6.875,0.003653999,0.9347/0.9194
Me.F.3.L.B,G06,Memorial,dorm_sample,Bacteria,Gemmatimonadota,Gemmatimonadetes,Gemmatimonadales,Gemmatimonadaceae,Gemmatimonas,Gemmatimonas sp002483225,7.75,0.004119054,0.9953/0.9945
Me.F.3.L.B,G06,Memorial,dorm_sample,Bacteria,Pseudomonadota,Gammaproteobacteria,Burkholderiales,Burkholderiaceae_C,Ottowia,Ottowia sp018060485,7.875,0.00418549,0.9782/0.9521
Me.F.3.L.B,G06,Memorial,dorm_sample,Bacteria,Pseudomonadota,Alphaproteobacteria,Sphingomonadales,Sphingomonadaceae,Sphingopyxis,Sphingopyxis sp001468395,8.75,0.004650545,0.9776/0.9713
Me.F.3.L.B,G06,Memorial,dorm_sample,Bacteria,Pseudomonadota,Alphaproteobacteria,Sphingomonadales,Sphingomonadaceae,Sphingomonas,Sphingomonas jeddahensis,9,0.004783417,0.9016/0.8670
Me.F.3.L.B,G06,Memorial,dorm_sample,Bacteria,Pseudomonadota,Alphaproteobacteria,Rhizobiales,Rhizobiaceae,Agrobacterium,Agrobacterium pusense,9,0.004783417,0.9983/0.9983
Me.F.3.L.B,G06,Memorial,dorm_sample,Bacteria,Pseudomonadota,Alphaproteobacteria,Rickettsiales,UBA3002,QFOX01,QFOX01 sp044341105,10.875,0.005779963,0.8041/0.7706
Me.F.3.L.B,G06,Memorial,dorm_sample,Bacteria,Pseudomonadota,Gammaproteobacteria,Burkholderiales,Burkholderiaceae_C,Comamonas,Comamonas tsuruhatensis,11.5,0.006112145,0.9969/0.9965
Me.F.3.L.B,G06,Memorial,dorm_sample,Bacteria,Pseudomonadota,Alphaproteobacteria,Rhizobiales,Beijerinckiaceae,Methylobacterium,Methylobacterium radiotolerans,11.625,0.006178581,0.9969/0.9952
Me.F.3.L.B,G06,Memorial,dorm_sample,Bacteria,Acidobacteriota,Blastocatellia,Pyrinomonadales,Pyrinomonadaceae,GCA-002050365,GCA-002050365 sp965218105,12.625,0.006710072,0.7826/0.7083
Me.F.3.L.B,G06,Memorial,dorm_sample,Bacteria,Pseudomonadota,Gammaproteobacteria,Xanthomonadales,Xanthomonadaceae,JALCLA01,JALCLA01 sp022647565,13.75,0.007307999,0.8610/0.8344
Me.F.3.L.B,G06,Memorial,dorm_sample,Bacteria,Pseudomonadota,Alphaproteobacteria,Rickettsiales,UBA3002,QFOX01,QFOX01 sp003241645,15,0.007972362,0.9019/0.8559
Me.F.3.L.B,G06,Memorial,dorm_sample,Bacteria,Bacteroidota,Bacteroidia,Flavobacteriales,Weeksellaceae,Chryseobacterium,Chryseobacterium salviniae,15,0.007972362,0.9995/0.9995
Me.F.3.L.B,G06,Memorial,dorm_sample,Bacteria,Pseudomonadota,Alphaproteobacteria,Reyranellales,Reyranellaceae,Reyranella,Reyranella sp052439685,15.125,0.008038799,0.9905/0.9869
Me.F.3.L.B,G06,Memorial,dorm_sample,Bacteria,Acidobacteriota,Blastocatellia,Pyrinomonadales,Pyrinomonadaceae,DATHTS01,DATHTS01 sp965217985,15.375,0.008171672,0.7752/0.7364
Me.F.3.L.B,G06,Memorial,dorm_sample,Bacteria,Pseudomonadota,Gammaproteobacteria,Xanthomonadales,Xanthomonadaceae,Chiayiivirga,Chiayiivirga flava,17.375,0.009234653,0.8667/0.8142
Me.F.3.L.B,G06,Memorial,dorm_sample,Bacteria,Pseudomonadota,Gammaproteobacteria,Legionellales,Legionellaceae,Legionella_C,Legionella_C beliardensis,18,0.009566835,0.9968/0.9920
Me.F.3.L.B,G06,Memorial,dorm_sample,Bacteria,Pseudomonadota,Alphaproteobacteria,Sphingomonadales,Sphingomonadaceae,Sphingomonas,Sphingomonas taxi_B,19.5,0.01036407,0.9880/0.9809
Me.F.3.L.B,G06,Memorial,dorm_sample,Bacteria,Pseudomonadota,Alphaproteobacteria,Sphingomonadales,Sphingomonadaceae,Sphingomonas,Sphingomonas corticis,20,0.01062982,0.9966/0.9963
Me.F.3.L.B,G06,Memorial,dorm_sample,Bacteria,Pseudomonadota,Gammaproteobacteria,Burkholderiales,Burkholderiaceae_C,Variovorax,Variovorax sp900115375,20.5,0.01089556,0.9985/0.9985
Me.F.3.L.B,G06,Memorial,dorm_sample,Bacteria,Bacteroidota,Bacteroidia,Chitinophagales,Chitinophagaceae,Agriterribacter,Agriterribacter sp051958655,24.125,0.01282222,0.8909/0.8548
Me.F.3.L.B,G06,Memorial,dorm_sample,Bacteria,Pseudomonadota,Alphaproteobacteria,Sphingomonadales,Sphingomonadaceae,Novosphingobium,Novosphingobium sp902506425,25.125,0.01335371,0.8274/0.7955
Me.F.3.L.B,G06,Memorial,dorm_sample,Bacteria,Pseudomonadota,Alphaproteobacteria,Sphingomonadales,Sphingomonadaceae,Sphingopyxis,Sphingopyxis sp001468265,28.125,0.01494818,0.9047/0.8608
Me.F.3.L.B,G06,Memorial,dorm_sample,Bacteria,Acidobacteriota,Blastocatellia,Pyrinomonadales,Pyrinomonadaceae,GCA-002050365,GCA-002050365 sp963761145,29.25,0.01554611,0.7812/0.7145
Me.F.3.L.B,G06,Memorial,dorm_sample,Bacteria,Pseudomonadota,Alphaproteobacteria,Caulobacterales,Caulobacteraceae,Caulobacter,Caulobacter sp913776195,30.75,0.01634334,0.9777/0.9539
Me.F.3.L.B,G06,Memorial,dorm_sample,Bacteria,Actinomycetota,Actinomycetes,Mycobacteriales,Mycobacteriaceae,Mycobacterium,Mycobacterium gordonae,34.375,0.01827,0.9962/0.9953
Me.F.3.L.B,G06,Memorial,dorm_sample,Bacteria,Acidobacteriota,Blastocatellia,Pyrinomonadales,Pyrinomonadaceae,JAFDVJ01,JAFDVJ01 sp965247805,43.625,0.02318629,0.8056/0.7684
Me.F.3.L.B,G06,Memorial,dorm_sample,Bacteria,Pseudomonadota,Gammaproteobacteria,Burkholderiales,Burkholderiaceae_C,Acidovorax,Acidovorax temperans,43.625,0.02318629,0.9834/0.9828
Me.F.3.L.B,G06,Memorial,dorm_sample,Bacteria,Pseudomonadota,Alphaproteobacteria,Sphingomonadales,Sphingomonadaceae,Novosphingobium,Novosphingobium chloroacetimidivorans,46.625,0.02478076,0.8781/0.8261
Me.F.3.L.B,G06,Memorial,dorm_sample,Bacteria,Pseudomonadota,Alphaproteobacteria,Sphingomonadales,Sphingomonadaceae,Sphingopyxis,Sphingopyxis sp035998905,55.625,0.02956418,0.9481/0.9317
Me.F.3.L.B,G06,Memorial,dorm_sample,Bacteria,Cyanobacteriota,Vampirovibrionia,Obscuribacterales,Obscuribacteraceae,JAFKGK01,JAFKGK01 sp017307165,68.5,0.03640712,0.9966/0.9962
Me.F.3.L.B,G06,Memorial,dorm_sample,Bacteria,Acidobacteriota,Blastocatellia,Pyrinomonadales,Pyrinomonadaceae,JAIBCC01,JAIBCC01 sp963779235,69.5,0.03693861,0.8026/0.7518
Me.F.3.L.B,G06,Memorial,dorm_sample,Bacteria,Pseudomonadota,Alphaproteobacteria,Sphingomonadales,Sphingomonadaceae,Blastomonas,Blastomonas ursincola,81.625,0.04338294,0.9912/0.9908
Me.F.3.L.B,G06,Memorial,dorm_sample,Bacteria,Bacteroidota,Bacteroidia,Cytophagales,Spirosomataceae,Spirosoma,Spirosoma terrae,84.25,0.0447781,0.9424/0.9409
Me.F.3.L.B,G06,Memorial,dorm_sample,Bacteria,Bacteroidota,Bacteroidia,Chitinophagales,Chitinophagaceae,Agriterribacter,Agriterribacter sp051955255,88.625,0.04710337,0.8707/0.8242
Me.F.3.L.B,G06,Memorial,dorm_sample,Bacteria,unclassified Bacteria phylum,unclassified Bacteria class,unclassified Bacteria order,unclassified Bacteria family,unclassified Bacteria genus,unclassified Bacteria species,103.25,0.05487643,0.0000/0.0000
Me.F.3.L.B,G06,Memorial,dorm_sample,Bacteria,Actinomycetota,Actinomycetes,Mycobacteriales,Mycobacteriaceae,Mycobacterium,Mycobacterium phocaicum,146.875,0.07806272,0.9945/0.9933
Me.F.3.L.B,G06,Memorial,dorm_sample,Bacteria,Pseudomonadota,Alphaproteobacteria,Sphingomonadales,Sphingomonadaceae,Sphingopyxis,Sphingopyxis sp014873485,391.25,0.2079458,0.9704/0.9562
1_Parracocus,G07,Not applicable,control,Bacteria,unclassified Bacteria phylum,unclassified Bacteria class,unclassified Bacteria order,unclassified Bacteria family,unclassified Bacteria genus,unclassified Bacteria species,0.125,0.000202675,0.0000/0.0000
1_Parracocus,G07,Not applicable,control,Bacteria,Bacillota,Bacilli,Bacillales,Bacillaceae,Bacillus,Bacillus pumilus_O,96.5,0.1564653,0.9992/0.9992
1_Parracocus,G07,Not applicable,control,Bacteria,Pseudomonadota,Alphaproteobacteria,Rhodobacterales,Rhodobacteraceae,Paracoccus,Paracoccus aestuarii,520.125,0.843332,0.9829/0.9683
Ea.F.1.H.B,H01,Earl,dorm_sample,Bacteria,Bdellovibrionota,Bdellovibrionia,Bdellovibrionales,Bdellovibrionaceae,Bdellovibrio,Bdellovibrio sp039810385,0.25,0.000181934,0.7479/0.7050
Ea.F.1.H.B,H01,Earl,dorm_sample,Bacteria,Bacteroidota,Bacteroidia,Cytophagales,Cyclobacteriaceae,ELB16-189,ELB16-189 sp051715445,0.25,0.000181934,0.7627/0.6549
Ea.F.1.H.B,H01,Earl,dorm_sample,Bacteria,Planctomycetota,Planctomycetia,Pirellulales,Pirellulaceae,Anatilimnocola,Anatilimnocola sp049819085,0.25,0.000181934,0.7629/0.7157
Ea.F.1.H.B,H01,Earl,dorm_sample,Bacteria,Bdellovibrionota,Bdellovibrionia,Bdellovibrionales,UBA1609,JALHOQ01,JALHOQ01 sp964628445,0.25,0.000181934,0.7665/0.7501
Ea.F.1.H.B,H01,Earl,dorm_sample,Bacteria,Pseudomonadota,Alphaproteobacteria,Rickettsiales,SXRF01,JAGVKI01,JAGVKI01 sp020049775,0.25,0.000181934,0.7678/0.7404
Ea.F.1.H.B,H01,Earl,dorm_sample,Bacteria,Bdellovibrionota,Bacteriovoracia,Bacteriovoracales,Bacteriovoracaceae,UBA6144,UBA6144 sp046570105,0.25,0.000181934,0.7678/0.7550
Ea.F.1.H.B,H01,Earl,dorm_sample,Bacteria,Bacteroidota,Bacteroidia,Cytophagales,Cyclobacteriaceae,ELB16-189,ELB16-189 sp044229915,0.25,0.000181934,0.7762/0.6674
Ea.F.1.H.B,H01,Earl,dorm_sample,Bacteria,Bdellovibrionota,UBA1018,CAIPTA01,CAIPTA01,JAKFYM01,JAKFYM01 sp050246755,0.25,0.000181934,0.7767/0.7535
Ea.F.1.H.B,H01,Earl,dorm_sample,Bacteria,Pseudomonadota,Alphaproteobacteria,Micavibrionales,Micavibrionaceae,Micavibrio_B,Micavibrio_B sp030824965,0.25,0.000181934,0.7776/0.7513
Ea.F.1.H.B,H01,Earl,dorm_sample,Bacteria,Bacteroidota,Bacteroidia,Chitinophagales,Chitinophagaceae,Endoryza,Endoryza sp964555605,0.25,0.000181934,0.7846/0.7345
Ea.F.1.H.B,H01,Earl,dorm_sample,Bacteria,Bdellovibrionota,Bacteriovoracia,Bacteriovoracales,Bacteriovoracaceae,Peredibacter,Peredibacter sp040387275,0.25,0.000181934,0.7920/0.7777
Ea.F.1.H.B,H01,Earl,dorm_sample,Bacteria,Bacteroidota,Bacteroidia,Chitinophagales,Chitinophagaceae,Flavihumibacter,Flavihumibacter cheonanensis,0.25,0.000181934,0.8027/0.7804
Ea.F.1.H.B,H01,Earl,dorm_sample,Bacteria,Planctomycetota,Planctomycetia,Pirellulales,PNKZ01,PNKZ01,PNKZ01 sp013822735,0.25,0.000181934,0.8061/0.7399
Ea.F.1.H.B,H01,Earl,dorm_sample,Bacteria,Cyanobacteriota,Sericytochromatia,UBA7694,UBA7694,CAJYHH01,CAJYHH01 sp913773825,0.25,0.000181934,0.8073/0.8002
Ea.F.1.H.B,H01,Earl,dorm_sample,Bacteria,Planctomycetota,Planctomycetia,Planctomycetales,Planctomycetaceae,JAKFVC01,JAKFVC01 sp021732415,0.25,0.000181934,0.8106/0.7548
Ea.F.1.H.B,H01,Earl,dorm_sample,Bacteria,Bdellovibrionota,Bdellovibrionia,Bdellovibrionales,Bdellovibrionaceae,Bdellovibrio,Bdellovibrio sp037996825,0.25,0.000181934,0.8115/0.7902
Ea.F.1.H.B,H01,Earl,dorm_sample,Bacteria,Pseudomonadota,Alphaproteobacteria,Caedimonadales,Caedimonadaceae,Paracaedimonas,Paracaedimonas acanthamoebae,0.25,0.000181934,0.8138/0.7954
Ea.F.1.H.B,H01,Earl,dorm_sample,Bacteria,Pseudomonadota,Alphaproteobacteria,Caulobacterales,Caulobacteraceae,Phenylobacterium,Phenylobacterium sp964419395,0.25,0.000181934,0.8164/0.7827
Ea.F.1.H.B,H01,Earl,dorm_sample,Bacteria,Bacteroidota,Bacteroidia,Chitinophagales,Chitinophagaceae,Polluticoccus,Polluticoccus sp004144175,0.25,0.000181934,0.8233/0.7985
Ea.F.1.H.B,H01,Earl,dorm_sample,Bacteria,Chloroflexota,Anaerolineae,Aggregatilineales,Phototrophicaceae,Flexifilum,Flexifilum sp963760975,0.25,0.000181934,0.8247/0.8066
Ea.F.1.H.B,H01,Earl,dorm_sample,Bacteria,Bacteroidota,Bacteroidia,Cytophagales,Cyclobacteriaceae,ELB16-189,ELB16-189 sp963814575,0.25,0.000181934,0.8294/0.8027
Ea.F.1.H.B,H01,Earl,dorm_sample,Bacteria,Pseudomonadota,Alphaproteobacteria,Sphingomonadales,Sphingomonadaceae,Sphingomonas,Sphingomonas adhaesiva_B,0.25,0.000181934,0.8295/0.8048
Ea.F.1.H.B,H01,Earl,dorm_sample,Bacteria,Bacteroidota,Bacteroidia,Flavobacteriales,Flavobacteriaceae,Flavobacterium,Flavobacterium macrobrachii,0.25,0.000181934,0.8310/0.7535
Ea.F.1.H.B,H01,Earl,dorm_sample,Bacteria,Bacteroidota,Bacteroidia,Cytophagales,Cyclobacteriaceae,ELB16-189,ELB16-189 sp037200305,0.25,0.000181934,0.8333/0.8180
Ea.F.1.H.B,H01,Earl,dorm_sample,Bacteria,Myxococcota_A,Polyangia,Nannocystales,Nannocystaceae,Xiheibacterium,Xiheibacterium sp964519175,0.25,0.000181934,0.8356/0.7902
Ea.F.1.H.B,H01,Earl,dorm_sample,Bacteria,Bdellovibrionota,Bdellovibrionia,Bdellovibrionales,JAMPXM01,Ga0074137,Ga0074137 sp043716655,0.25,0.000181934,0.8400/0.8123
Ea.F.1.H.B,H01,Earl,dorm_sample,Bacteria,Acidobacteriota,Terriglobia,Bryobacterales,Bryobacteraceae,JAWXCM01,JAWXCM01 sp034408745,0.25,0.000181934,0.8471/0.8342
Ea.F.1.H.B,H01,Earl,dorm_sample,Bacteria,Pseudomonadota,Alphaproteobacteria,Caulobacterales,Caulobacteraceae,Caulobacter,Caulobacter sp027912495,0.25,0.000181934,0.8536/0.7876
Ea.F.1.H.B,H01,Earl,dorm_sample,Bacteria,Actinomycetota,Actinomycetes,Actinomycetales,Cellulomonadaceae,Actinotalea,Actinotalea solisilvae,0.25,0.000181934,0.8568/0.8168
Ea.F.1.H.B,H01,Earl,dorm_sample,Bacteria,Pseudomonadota,Gammaproteobacteria,Xanthomonadales,Xanthomonadaceae,JALCLA01,JALCLA01 sp022647565,0.25,0.000181934,0.8583/0.8254
Ea.F.1.H.B,H01,Earl,dorm_sample,Bacteria,Pseudomonadota,Alphaproteobacteria,Sphingomonadales,Sphingomonadaceae,Sphingomonas_H,Sphingomonas_H oleivorans,0.25,0.000181934,0.8593/0.7483
Ea.F.1.H.B,H01,Earl,dorm_sample,Bacteria,Pseudomonadota,Alphaproteobacteria,Rhizobiales,Xanthobacteraceae,Bradyrhizobium,Bradyrhizobium sp032917985,0.25,0.000181934,0.8662/0.8376
Ea.F.1.H.B,H01,Earl,dorm_sample,Bacteria,Pseudomonadota,Alphaproteobacteria,Caulobacterales,Caulobacteraceae,Phenylobacterium,Phenylobacterium sp031984885,0.25,0.000181934,0.8723/0.8231
Ea.F.1.H.B,H01,Earl,dorm_sample,Bacteria,Pseudomonadota,Alphaproteobacteria,Sphingomonadales,Sphingomonadaceae,Sphingopyxis,Sphingopyxis sp017309275,0.25,0.000181934,0.8778/0.8066
Ea.F.1.H.B,H01,Earl,dorm_sample,Bacteria,Pseudomonadota,Alphaproteobacteria,Sphingomonadales,Sphingomonadaceae,Sphingoaurantiacus,Sphingoaurantiacus capsulatus,0.25,0.000181934,0.8908/0.7549
Ea.F.1.H.B,H01,Earl,dorm_sample,Bacteria,Bacteroidota,Bacteroidia,Cytophagales,Cytophagaceae,JACMQM01,JACMQM01 sp029237685,0.25,0.000181934,0.8935/0.8910
Ea.F.1.H.B,H01,Earl,dorm_sample,Bacteria,Pseudomonadota,Alphaproteobacteria,Sphingomonadales,Sphingomonadaceae,Rhizorhabdus,Rhizorhabdus sp001429065,0.25,0.000181934,0.8943/0.8821
Ea.F.1.H.B,H01,Earl,dorm_sample,Bacteria,Bacteroidota,Bacteroidia,Flavobacteriales,Weeksellaceae,CAKZIK01,CAKZIK01 sp936933875,0.25,0.000181934,0.8999/0.8975
Ea.F.1.H.B,H01,Earl,dorm_sample,Bacteria,Pseudomonadota,Gammaproteobacteria,Burkholderiales,Burkholderiaceae_C,Pseudorhodoferax,Pseudorhodoferax sp032153935,0.25,0.000181934,0.9045/0.8945
Ea.F.1.H.B,H01,Earl,dorm_sample,Bacteria,Pseudomonadota,Gammaproteobacteria,Burkholderiales,Burkholderiaceae_C,Acidovorax,Acidovorax sp030704685,0.25,0.000181934,0.9088/0.8899
Ea.F.1.H.B,H01,Earl,dorm_sample,Bacteria,Pseudomonadota,Alphaproteobacteria,Caulobacterales,Caulobacteraceae,Brevundimonas,Brevundimonas staleyi,0.25,0.000181934,0.9228/0.8071
Ea.F.1.H.B,H01,Earl,dorm_sample,Bacteria,Pseudomonadota,Alphaproteobacteria,Rhizobiales,Beijerinckiaceae,Allobosea,Allobosea sp005502805,0.25,0.000181934,0.9329/0.8680
Ea.F.1.H.B,H01,Earl,dorm_sample,Bacteria,Pseudomonadota,Alphaproteobacteria,Sphingomonadales,Sphingomonadaceae,Sphingomonas,Sphingomonas sp001555965,0.25,0.000181934,0.9405/0.8894
Ea.F.1.H.B,H01,Earl,dorm_sample,Bacteria,Bdellovibrionota,Bdellovibrionia,Bdellovibrionales,JAMPXM01,CAJYOV01,CAJYOV01 sp913776405,0.25,0.000181934,0.9670/0.9658
Ea.F.1.H.B,H01,Earl,dorm_sample,Bacteria,Pseudomonadota,Alphaproteobacteria,Rhizobiales,Xanthobacteraceae,Xanthobacter,Xanthobacter flavus_A,0.25,0.000181934,0.9716/0.9702
Ea.F.1.H.B,H01,Earl,dorm_sample,Bacteria,Bacteroidota,Bacteroidia,Chitinophagales,Chitinophagaceae,Rurimicrobium,Rurimicrobium sp016786525,0.25,0.000181934,0.9728/0.9728
Ea.F.1.H.B,H01,Earl,dorm_sample,Bacteria,Pseudomonadota,Gammaproteobacteria,Burkholderiales,Rhodocyclaceae,Azonexus,Azonexus fungiphilus,0.25,0.000181934,0.9829/0.9822
Ea.F.1.H.B,H01,Earl,dorm_sample,Bacteria,Pseudomonadota,Alphaproteobacteria,Sphingomonadales,Sphingomonadaceae,Sphingomonas,Sphingomonas sp900109205,0.25,0.000181934,0.9866/0.9866
Ea.F.1.H.B,H01,Earl,dorm_sample,Bacteria,Pseudomonadota,Alphaproteobacteria,Sphingomonadales,Sphingomonadaceae,Sphingomonas,Sphingomonas sp943913195,0.25,0.000181934,0.9893/0.9894
Ea.F.1.H.B,H01,Earl,dorm_sample,Bacteria,Bacteroidota,Bacteroidia,Sphingobacteriales,Sphingobacteriaceae,Arcticibacter,Arcticibacter tournemirensis,0.25,0.000181934,0.9927/0.9910
Ea.F.1.H.B,H01,Earl,dorm_sample,Bacteria,Actinomycetota,Actinomycetes,Mycobacteriales,Mycobacteriaceae,Mycobacterium,Mycobacterium fortuitum,0.25,0.000181934,0.9928/0.9927
Ea.F.1.H.B,H01,Earl,dorm_sample,Bacteria,Pseudomonadota,Alphaproteobacteria,Rhizobiales,Xanthobacteraceae,Bradyrhizobium,Bradyrhizobium sp023387735,0.25,0.000181934,0.9952/0.9952
Ea.F.1.H.B,H01,Earl,dorm_sample,Bacteria,Pseudomonadota,Alphaproteobacteria,Reyranellales,Reyranellaceae,Reyranella,Reyranella sp026126105,0.25,0.000181934,0.9982/0.9981
Ea.F.1.H.B,H01,Earl,dorm_sample,Bacteria,Bdellovibrionota,FAC87,UBA2466,JACKAF01,JACKAF01,JACKAF01 sp041391485,0.375,0.000272901,0.7292/0.7129
Ea.F.1.H.B,H01,Earl,dorm_sample,Bacteria,Bdellovibrionota,Bdellovibrionia,Bdellovibrionales,JAMPXM01,JAZKJB01,JAZKJB01 sp040384505,0.375,0.000272901,0.7579/0.7051
Ea.F.1.H.B,H01,Earl,dorm_sample,Bacteria,Bdellovibrionota,Bdellovibrionia,Bdellovibrionales,Bdellovibrionaceae,Pseudobdellovibrio,Pseudobdellovibrio sp040080445,0.375,0.000272901,0.7590/0.7323
Ea.F.1.H.B,H01,Earl,dorm_sample,Bacteria,Pseudomonadota,Alphaproteobacteria,Micavibrionales,Micavibrionaceae,Micavibrio_A,Micavibrio_A sp002482805,0.375,0.000272901,0.7893/0.6698
Ea.F.1.H.B,H01,Earl,dorm_sample,Bacteria,Bdellovibrionota,Bdellovibrionia,Bdellovibrionales,Bdellovibrionaceae,Bdellovibrio,Bdellovibrio sp047344985,0.375,0.000272901,0.7920/0.7510
Ea.F.1.H.B,H01,Earl,dorm_sample,Bacteria,Pseudomonadota,Alphaproteobacteria,Micavibrionales,UBA1664,UBA6145,UBA6145 sp937896295,0.375,0.000272901,0.8005/0.7792
Ea.F.1.H.B,H01,Earl,dorm_sample,Bacteria,Pseudomonadota,Alphaproteobacteria,UBA2136,UBA6156,UBA6156,UBA6156 sp027485835,0.375,0.000272901,0.8073/0.7564
Ea.F.1.H.B,H01,Earl,dorm_sample,Bacteria,Pseudomonadota,Alphaproteobacteria,Micavibrionales,Micavibrionaceae,Micavibrio_A,Micavibrio_A sp035759665,0.375,0.000272901,0.8111/0.7671
Ea.F.1.H.B,H01,Earl,dorm_sample,Bacteria,Verrucomicrobiota,Verrucomicrobiia,Verrucomicrobiales,Verrucomicrobiaceae,Prosthecobacter,Prosthecobacter sp040386955,0.375,0.000272901,0.8141/0.7656
Ea.F.1.H.B,H01,Earl,dorm_sample,Bacteria,Planctomycetota,Planctomycetia,Gemmatales,Gemmataceae,JAXMAZ01,JAXMAZ01 sp043787415,0.375,0.000272901,0.8200/0.7960
Ea.F.1.H.B,H01,Earl,dorm_sample,Bacteria,Pseudomonadota,Alphaproteobacteria,Sphingomonadales,Sphingomonadaceae,Rhizorhabdus,Rhizorhabdus sp004297635,0.375,0.000272901,0.8483/0.8156
Ea.F.1.H.B,H01,Earl,dorm_sample,Bacteria,Pseudomonadota,Alphaproteobacteria,Caulobacterales,Caulobacteraceae,Acaudatibacter,Acaudatibacter sp963817995,0.375,0.000272901,0.8494/0.8163
Ea.F.1.H.B,H01,Earl,dorm_sample,Bacteria,Vulcanimicrobiota,Xenobia,Xenobiales,JADMJV01,JADMJV01,JADMJV01 sp019637395,0.375,0.000272901,0.8533/0.7731
Ea.F.1.H.B,H01,Earl,dorm_sample,Bacteria,Pseudomonadota,Alphaproteobacteria,Caulobacterales,Caulobacteraceae,Caulobacter,Caulobacter sp049323695,0.375,0.000272901,0.8545/0.8209
Ea.F.1.H.B,H01,Earl,dorm_sample,Bacteria,Pseudomonadota,Alphaproteobacteria,Caulobacterales,Caulobacteraceae,Poindextera,Poindextera montana,0.375,0.000272901,0.8546/0.8388
Ea.F.1.H.B,H01,Earl,dorm_sample,Bacteria,Verrucomicrobiota,Verrucomicrobiia,Verrucomicrobiales,Verrucomicrobiaceae,Prosthecobacter,Prosthecobacter algae,0.375,0.000272901,0.8675/0.8548
Ea.F.1.H.B,H01,Earl,dorm_sample,Bacteria,Pseudomonadota,Alphaproteobacteria,Sphingomonadales,Sphingomonadaceae,Solisphingomonas,Solisphingomonas quercus,0.375,0.000272901,0.8678/0.8519
Ea.F.1.H.B,H01,Earl,dorm_sample,Bacteria,Pseudomonadota,Alphaproteobacteria,Rhizobiales,Rhizobiaceae,Arvimicrobium,Arvimicrobium sp023953845,0.375,0.000272901,0.8680/0.8494
Ea.F.1.H.B,H01,Earl,dorm_sample,Bacteria,Pseudomonadota,Alphaproteobacteria,Caulobacterales,Caulobacteraceae,Phenylobacterium,Phenylobacterium koreense,0.375,0.000272901,0.8801/0.8402
Ea.F.1.H.B,H01,Earl,dorm_sample,Bacteria,Pseudomonadota,Gammaproteobacteria,Burkholderiales,Rhodocyclaceae,66-26,66-26 sp026646875,0.375,0.000272901,0.8803/0.8748
Ea.F.1.H.B,H01,Earl,dorm_sample,Bacteria,Pseudomonadota,Alphaproteobacteria,Caulobacterales,Hyphomonadaceae,UBA7672,UBA7672 sp965229115,0.375,0.000272901,0.8917/0.8135
Ea.F.1.H.B,H01,Earl,dorm_sample,Bacteria,Pseudomonadota,Alphaproteobacteria,Sphingomonadales,Sphingomonadaceae,Sphingomonas,Sphingomonas sp964407945,0.375,0.000272901,0.8996/0.8895
Ea.F.1.H.B,H01,Earl,dorm_sample,Bacteria,Pseudomonadota,Alphaproteobacteria,Micropepsales,Micropepsaceae,Rhizomicrobium,Rhizomicrobium sp903837555,0.375,0.000272901,0.9030/0.8971
Ea.F.1.H.B,H01,Earl,dorm_sample,Bacteria,Pseudomonadota,Alphaproteobacteria,Sphingomonadales,Sphingomonadaceae,Sphingopyxis,Sphingopyxis macrogoltabida,0.375,0.000272901,0.9100/0.8917
Ea.F.1.H.B,H01,Earl,dorm_sample,Bacteria,Pseudomonadota,Alphaproteobacteria,Caulobacterales,Caulobacteraceae,Phenylobacterium,Phenylobacterium kunshanense,0.375,0.000272901,0.9126/0.9032
Ea.F.1.H.B,H01,Earl,dorm_sample,Bacteria,Bacteroidota,Bacteroidia,Chitinophagales,Chitinophagaceae,Paraflavitalea,Paraflavitalea sp017744515,0.375,0.000272901,0.9445/0.9375
Ea.F.1.H.B,H01,Earl,dorm_sample,Bacteria,Pseudomonadota,Alphaproteobacteria,Rhizobiales,Xanthobacteraceae,Bradyrhizobium,Bradyrhizobium japonicum_C,0.375,0.000272901,0.9769/0.9680
Ea.F.1.H.B,H01,Earl,dorm_sample,Bacteria,Pseudomonadota,Alphaproteobacteria,Sphingomonadales,Sphingomonadaceae,Sphingobium,Sphingobium phenoxybenzoativorans,0.375,0.000272901,0.9773/0.9543
Ea.F.1.H.B,H01,Earl,dorm_sample,Bacteria,Gemmatimonadota,Gemmatimonadetes,Gemmatimonadales,Gemmatimonadaceae,Gemmatimonas,Gemmatimonas sp036405635,0.375,0.000272901,0.9874/0.9874
Ea.F.1.H.B,H01,Earl,dorm_sample,Bacteria,Pseudomonadota,Gammaproteobacteria,Burkholderiales,Rhodocyclaceae,66-26,66-26 sp001897745,0.375,0.000272901,0.9886/0.9882
Ea.F.1.H.B,H01,Earl,dorm_sample,Bacteria,Actinomycetota,Actinomycetes,Actinomycetales,Microbacteriaceae,Microbacterium,Microbacterium sp003248845,0.375,0.000272901,0.9913/0.9906
Ea.F.1.H.B,H01,Earl,dorm_sample,Bacteria,Bacteroidota,Bacteroidia,Cytophagales,Spirosomataceae,Runella,Runella zeae,0.375,0.000272901,0.9931/0.9931
Ea.F.1.H.B,H01,Earl,dorm_sample,Bacteria,Pseudomonadota,Gammaproteobacteria,Burkholderiales,Burkholderiaceae_C,Methylibium,Methylibium petroleiphilum,0.375,0.000272901,0.9976/0.9970
Ea.F.1.H.B,H01,Earl,dorm_sample,Bacteria,Bacteroidota,Bacteroidia,NS11-12g,UBA9320,JABWCE01,JABWCE01 sp947468275,0.5,0.000363868,0.7304/0.6841
Ea.F.1.H.B,H01,Earl,dorm_sample,Bacteria,Pseudomonadota,Alphaproteobacteria,Paracaedibacterales,Paracaedibacteraceae,Paracaedibacter_A,Paracaedibacter_A symbiosus,0.5,0.000363868,0.7580/0.7265
Ea.F.1.H.B,H01,Earl,dorm_sample,Bacteria,Chloroflexota,Anaerolineae,Aggregatilineales,Phototrophicaceae,Flexifilum,Flexifilum sp963814185,0.5,0.000363868,0.7628/0.7189
Ea.F.1.H.B,H01,Earl,dorm_sample,Bacteria,Bdellovibrionota,Bdellovibrionia,Bdellovibrionales,UBA1609,UBA6776,UBA6776 sp002453155,0.5,0.000363868,0.7648/0.7359
Ea.F.1.H.B,H01,Earl,dorm_sample,Bacteria,Myxococcota_A,Polyangia,Polyangiales,Polyangiaceae,CAWDXG01,CAWDXG01 sp963822115,0.5,0.000363868,0.7799/0.7381
Ea.F.1.H.B,H01,Earl,dorm_sample,Bacteria,Bdellovibrionota,Bdellovibrionia,Bdellovibrionales,Bdellovibrionaceae,21-14-0-10-47-8,21-14-0-10-47-8 sp966211455,0.5,0.000363868,0.7938/0.7585
Ea.F.1.H.B,H01,Earl,dorm_sample,Bacteria,Cyanobacteriota,Vampirovibrionia,Obscuribacterales,Obscuribacteraceae,Ga0077546,Ga0077546 sp021772135,0.5,0.000363868,0.8025/0.7735
Ea.F.1.H.B,H01,Earl,dorm_sample,Bacteria,Pseudomonadota,Alphaproteobacteria,Rhizobiales,Hyphomicrobiaceae,Hyphomicrobium_C,Hyphomicrobium_C sp902826555,0.5,0.000363868,0.8054/0.7803
Ea.F.1.H.B,H01,Earl,dorm_sample,Bacteria,Verrucomicrobiota,Verrucomicrobiia,Chthoniobacterales,Terrimicrobiaceae,Terrimicrobium,Terrimicrobium sp001897195,0.5,0.000363868,0.8362/0.8240
Ea.F.1.H.B,H01,Earl,dorm_sample,Bacteria,Bdellovibrionota,Bacteriovoracia,Bacteriovoracales,Bacteriovoracaceae,UBA6144,UBA6144 sp040377215,0.5,0.000363868,0.8375/0.8285
Ea.F.1.H.B,H01,Earl,dorm_sample,Bacteria,Planctomycetota,UBA1135,UBA1135,UBA2386,UBA2386,UBA2386 sp947455805,0.5,0.000363868,0.8449/0.7894
Ea.F.1.H.B,H01,Earl,dorm_sample,Bacteria,Pseudomonadota,Alphaproteobacteria,Rhodobacterales,Rhodobacteraceae,Rubellimicrobium,Rubellimicrobium mesophilum,0.5,0.000363868,0.8522/0.7821
Ea.F.1.H.B,H01,Earl,dorm_sample,Bacteria,Bdellovibrionota,Bacteriovoracia,Bacteriovoracales,Bacteriovoracaceae,UBA6144,UBA6144 sp027486525,0.5,0.000363868,0.8552/0.8487
Ea.F.1.H.B,H01,Earl,dorm_sample,Bacteria,Pseudomonadota,Alphaproteobacteria,Caulobacterales,Caulobacteraceae,Phenylobacterium,Phenylobacterium sp001724985,0.5,0.000363868,0.8554/0.8160
Ea.F.1.H.B,H01,Earl,dorm_sample,Bacteria,Acidobacteriota,Blastocatellia,Pyrinomonadales,Pyrinomonadaceae,JAIBCC01,JAIBCC01 sp019694395,0.5,0.000363868,0.8582/0.8324
Ea.F.1.H.B,H01,Earl,dorm_sample,Bacteria,Pseudomonadota,Alphaproteobacteria,Sphingomonadales,Sphingomonadaceae,JAWKXU01,JAWKXU01 sp035581365,0.5,0.000363868,0.8636/0.8552
Ea.F.1.H.B,H01,Earl,dorm_sample,Bacteria,Acidobacteriota,Vicinamibacteria,Vicinamibacterales,Vicinamibacteraceae,Luteitalea,Luteitalea sp016865485,0.5,0.000363868,0.9224/0.9064
Ea.F.1.H.B,H01,Earl,dorm_sample,Bacteria,Bdellovibrionota,Bdellovibrionia,Bdellovibrionales,Bdellovibrionaceae,Bdellovibrio,Bdellovibrio sp006874645,0.5,0.000363868,0.9228/0.8927
Ea.F.1.H.B,H01,Earl,dorm_sample,Bacteria,Pseudomonadota,Gammaproteobacteria,Xanthomonadales,Xanthomonadaceae,Thermomonas,Thermomonas carbonis,0.5,0.000363868,0.9409/0.9371
Ea.F.1.H.B,H01,Earl,dorm_sample,Bacteria,Pseudomonadota,Alphaproteobacteria,Caulobacterales,Caulobacteraceae,Caulobacter,Caulobacter sp040545685,0.5,0.000363868,0.9582/0.9565
Ea.F.1.H.B,H01,Earl,dorm_sample,Bacteria,Pseudomonadota,Gammaproteobacteria,Xanthomonadales,Xanthomonadaceae,Thermomonas,Thermomonas sp041919455,0.5,0.000363868,0.9622/0.9609
Ea.F.1.H.B,H01,Earl,dorm_sample,Bacteria,Bacteroidota,Bacteroidia,Sphingobacteriales,Sphingobacteriaceae,Pedobacter,Pedobacter sp029269825,0.5,0.000363868,0.9643/0.9638
Ea.F.1.H.B,H01,Earl,dorm_sample,Bacteria,Pseudomonadota,Gammaproteobacteria,Burkholderiales,Burkholderiaceae_C,Acidovorax,Acidovorax sp000302535,0.5,0.000363868,0.9708/0.9626
Ea.F.1.H.B,H01,Earl,dorm_sample,Bacteria,Pseudomonadota,Gammaproteobacteria,Xanthomonadales,Rhodanobacteraceae,Dokdonella_A,Dokdonella_A sp023430685,0.5,0.000363868,0.9874/0.9852
Ea.F.1.H.B,H01,Earl,dorm_sample,Bacteria,Bdellovibrionota,FAC87,UBA2466,UBA2466,JBGSST01,JBGSST01 sp041736915,0.625,0.000454835,0.7476/0.7190
Ea.F.1.H.B,H01,Earl,dorm_sample,Bacteria,Bdellovibrionota,Bacteriovoracia,Bacteriovoracales,Bacteriovoracaceae,UBA6144,UBA6144 sp036770305,0.625,0.000454835,0.7744/0.7474
Ea.F.1.H.B,H01,Earl,dorm_sample,Bacteria,Bacteroidota,Bacteroidia,Chitinophagales,Chitinophagaceae,Flavihumibacter,Flavihumibacter sp002483205,0.625,0.000454835,0.7748/0.7430
Ea.F.1.H.B,H01,Earl,dorm_sample,Bacteria,Bdellovibrionota,Bdellovibrionia,Bdellovibrionales,Bdellovibrionaceae,Bdellovibrio,Bdellovibrio sp036384735,0.625,0.000454835,0.8090/0.7860
Ea.F.1.H.B,H01,Earl,dorm_sample,Bacteria,Pseudomonadota,Alphaproteobacteria,Rhizobiales,Rhizobiaceae,Arvimicrobium,Arvimicrobium flavum,0.625,0.000454835,0.8297/0.7676
Ea.F.1.H.B,H01,Earl,dorm_sample,Bacteria,Cyanobacteriota,Vampirovibrionia,Obscuribacterales,Obscuribacteraceae,JADYXR01,JADYXR01 sp965228855,0.625,0.000454835,0.8307/0.8061
Ea.F.1.H.B,H01,Earl,dorm_sample,Bacteria,Verrucomicrobiota,Verrucomicrobiia,Opitutales,Opitutaceae,UBA6669,UBA6669 sp002455175,0.625,0.000454835,0.8475/0.8490
Ea.F.1.H.B,H01,Earl,dorm_sample,Bacteria,Planctomycetota,Planctomycetia,Pirellulales,PALSA-1355,JALHMI01,JALHMI01 sp041741015,0.625,0.000454835,0.8686/0.8358
Ea.F.1.H.B,H01,Earl,dorm_sample,Bacteria,Planctomycetota,Planctomycetia,Pirellulales,PNKZ01,PNKZ01,PNKZ01 sp017303535,0.625,0.000454835,0.8730/0.8349
Ea.F.1.H.B,H01,Earl,dorm_sample,Bacteria,Pseudomonadota,Gammaproteobacteria,Burkholderiales,Burkholderiaceae_C,Pseudorhodoferax,Pseudorhodoferax sp049840715,0.625,0.000454835,0.8794/0.8663
Ea.F.1.H.B,H01,Earl,dorm_sample,Bacteria,Bacteroidota,Bacteroidia,Flavobacteriales,Flavobacteriaceae,Flavobacterium,Flavobacterium cheonhonense,0.625,0.000454835,0.9092/0.9030
Ea.F.1.H.B,H01,Earl,dorm_sample,Bacteria,Pseudomonadota,Gammaproteobacteria,Pseudomonadales,Moraxellaceae,UBA2031,UBA2031 sp031119295,0.625,0.000454835,0.9103/0.8970
Ea.F.1.H.B,H01,Earl,dorm_sample,Bacteria,Bacteroidota,Bacteroidia,Flavobacteriales,Flavobacteriaceae,Flavobacterium,Flavobacterium sp026107645,0.625,0.000454835,0.9107/0.8871
Ea.F.1.H.B,H01,Earl,dorm_sample,Bacteria,Pseudomonadota,Gammaproteobacteria,Steroidobacterales,Steroidobacteraceae,Steroidobacter,Steroidobacter flavus,0.625,0.000454835,0.9211/0.8735
Ea.F.1.H.B,H01,Earl,dorm_sample,Bacteria,Pseudomonadota,Alphaproteobacteria,Caulobacterales,Caulobacteraceae,Phenylobacterium,Phenylobacterium sp001824475,0.625,0.000454835,0.9247/0.9142
Ea.F.1.H.B,H01,Earl,dorm_sample,Bacteria,Pseudomonadota,Alphaproteobacteria,Rhizobiales,Xanthobacteraceae,Bradyrhizobium,Bradyrhizobium sp035575945,0.625,0.000454835,0.9305/0.9223
Ea.F.1.H.B,H01,Earl,dorm_sample,Bacteria,Pseudomonadota,Alphaproteobacteria,Rhizobiales,Beijerinckiaceae,Allobosea,Allobosea sp900112185,0.625,0.000454835,0.9639/0.9628
Ea.F.1.H.B,H01,Earl,dorm_sample,Bacteria,Pseudomonadota,Alphaproteobacteria,Caulobacterales,Caulobacteraceae,Brevundimonas,Brevundimonas diminuta_C,0.625,0.000454835,0.9699/0.9666
Ea.F.1.H.B,H01,Earl,dorm_sample,Bacteria,Bacteroidota,Bacteroidia,Flavobacteriales_F,PHOS-HE28,PHOS-HE28,PHOS-HE28 sp023428865,0.625,0.000454835,0.9744/0.9742
Ea.F.1.H.B,H01,Earl,dorm_sample,Bacteria,Pseudomonadota,Alphaproteobacteria,Caulobacterales,Caulobacteraceae,Brevundimonas,Brevundimonas sp001422455,0.625,0.000454835,0.9815/0.9814
Ea.F.1.H.B,H01,Earl,dorm_sample,Bacteria,Pseudomonadota,Gammaproteobacteria,Pseudomonadales,Moraxellaceae,Faucicola,Faucicola osloensis,0.625,0.000454835,0.9852/0.9841
Ea.F.1.H.B,H01,Earl,dorm_sample,Bacteria,Pseudomonadota,Gammaproteobacteria,Burkholderiales,Burkholderiaceae_C,MR-S7,MR-S7 sp000400995,0.625,0.000454835,0.9869/0.9864
Ea.F.1.H.B,H01,Earl,dorm_sample,Bacteria,Pseudomonadota,Gammaproteobacteria,Pseudomonadales,Moraxellaceae,Acinetobacter,Acinetobacter johnsonii,0.625,0.000454835,0.9897/0.9863
Ea.F.1.H.B,H01,Earl,dorm_sample,Bacteria,Pseudomonadota,Gammaproteobacteria,Burkholderiales,Rhodocyclaceae,Azospira,Azospira oryzae,0.625,0.000454835,0.9979/0.9980
Ea.F.1.H.B,H01,Earl,dorm_sample,Bacteria,Pseudomonadota,Gammaproteobacteria,Burkholderiales,Burkholderiaceae_C,Comamonas,Comamonas tsuruhatensis,0.625,0.000454835,0.9997/0.9997
Ea.F.1.H.B,H01,Earl,dorm_sample,Bacteria,Bdellovibrionota,Bacteriovoracia,Bacteriovoracales,Bacteriovoracaceae,UBA6144,UBA6144 sp964399165,0.75,0.000545802,0.7411/0.6999
Ea.F.1.H.B,H01,Earl,dorm_sample,Bacteria,Bdellovibrionota,Bdellovibrionia,Bdellovibrionales,Bdellovibrionaceae,Bdellovibrio,Bdellovibrio sp047306065,0.75,0.000545802,0.7642/0.7336
Ea.F.1.H.B,H01,Earl,dorm_sample,Bacteria,Pseudomonadota,Alphaproteobacteria,UBA2136,UBA6156,DATAJX01,DATAJX01 sp036261915,0.75,0.000545802,0.7759/0.7571
Ea.F.1.H.B,H01,Earl,dorm_sample,Bacteria,Pseudomonadota,Alphaproteobacteria,Rickettsiales,UBA3002,QFOX01,QFOX01 sp965247335,0.75,0.000545802,0.8002/0.7863
Ea.F.1.H.B,H01,Earl,dorm_sample,Bacteria,Planctomycetota,Planctomycetia,Pirellulales,PNKZ01,PNKZ01,PNKZ01 sp021413845,0.75,0.000545802,0.8143/0.7612
Ea.F.1.H.B,H01,Earl,dorm_sample,Bacteria,Planctomycetota,Planctomycetia,Pirellulales,JALHPA01,JANRLT01,JANRLT01 sp041736895,0.75,0.000545802,0.8615/0.7572
Ea.F.1.H.B,H01,Earl,dorm_sample,Bacteria,Pseudomonadota,Alphaproteobacteria,Rickettsiales,SXRF01,JAGVKI01,JAGVKI01 sp020050695,0.75,0.000545802,0.8640/0.8422
Ea.F.1.H.B,H01,Earl,dorm_sample,Bacteria,Acidobacteriota,Vicinamibacteria,Vicinamibacterales,SCN-69-37,SYFT01,SYFT01 sp046590915,0.75,0.000545802,0.8682/0.8495
Ea.F.1.H.B,H01,Earl,dorm_sample,Bacteria,Bacteroidota,Bacteroidia,Chitinophagales,Chitinophagaceae,Flavitalea,Flavitalea sp964387165,0.75,0.000545802,0.8705/0.8343
Ea.F.1.H.B,H01,Earl,dorm_sample,Bacteria,Pseudomonadota,Alphaproteobacteria,Caulobacterales,Caulobacteraceae,Phenylobacterium,Phenylobacterium immobile,0.75,0.000545802,0.8721/0.8432
Ea.F.1.H.B,H01,Earl,dorm_sample,Bacteria,Pseudomonadota,Alphaproteobacteria,Caulobacterales,Caulobacteraceae,Caulobacter,Caulobacter sp013181195,0.75,0.000545802,0.8959/0.8728
Ea.F.1.H.B,H01,Earl,dorm_sample,Bacteria,Pseudomonadota,Gammaproteobacteria,Xanthomonadales,Rhodanobacteraceae,Dokdonella_A,Dokdonella_A fugitiva,0.75,0.000545802,0.8986/0.8780
Ea.F.1.H.B,H01,Earl,dorm_sample,Bacteria,Pseudomonadota,Alphaproteobacteria,Reyranellales,Reyranellaceae,Reyranella,Reyranella sp030651995,0.75,0.000545802,0.9397/0.9356
Ea.F.1.H.B,H01,Earl,dorm_sample,Bacteria,Pseudomonadota,Alphaproteobacteria,Sphingomonadales,Sphingomonadaceae,Sphingopyxis,Sphingopyxis macrogoltabida_A,0.75,0.000545802,0.9794/0.9762
Ea.F.1.H.B,H01,Earl,dorm_sample,Bacteria,Pseudomonadota,Alphaproteobacteria,Sphingomonadales,Sphingomonadaceae,Sphingomonas,Sphingomonas sp012650175,0.75,0.000545802,0.9825/0.9823
Ea.F.1.H.B,H01,Earl,dorm_sample,Bacteria,Pseudomonadota,Gammaproteobacteria,Burkholderiales,Rhodocyclaceae,Azonexus,Azonexus sp008711155,0.75,0.000545802,0.9849/0.9849
Ea.F.1.H.B,H01,Earl,dorm_sample,Bacteria,Pseudomonadota,Gammaproteobacteria,Burkholderiales,Burkholderiaceae_C,Acidovorax,Acidovorax sp046339755,0.75,0.000545802,0.9944/0.9930
Ea.F.1.H.B,H01,Earl,dorm_sample,Bacteria,Bdellovibrionota,Bdellovibrionia,Bdellovibrionales,Bdellovibrionaceae,JAZKJI01,JAZKJI01 sp040384405,0.875,0.000636769,0.7884/0.7718
Ea.F.1.H.B,H01,Earl,dorm_sample,Bacteria,Pseudomonadota,Alphaproteobacteria,Caulobacterales,Caulobacteraceae,Phenylobacterium,Phenylobacterium sp041916435,0.875,0.000636769,0.8137/0.7732
Ea.F.1.H.B,H01,Earl,dorm_sample,Bacteria,Bdellovibrionota,Bdellovibrionia,Bdellovibrionales,Bdellovibrionaceae,Bdellovibrio,Bdellovibrio sp047323225,0.875,0.000636769,0.8173/0.7879
Ea.F.1.H.B,H01,Earl,dorm_sample,Bacteria,Bdellovibrionota,Bdellovibrionia,Bdellovibrionales,Bdellovibrionaceae,Bdellovibrio,Bdellovibrio sp030169785,0.875,0.000636769,0.8289/0.8005
Ea.F.1.H.B,H01,Earl,dorm_sample,Bacteria,Pseudomonadota,Alphaproteobacteria,Rhizobiales,Rhizobiaceae,Arvimicrobium,Arvimicrobium sp017305925,0.875,0.000636769,0.8310/0.8034
Ea.F.1.H.B,H01,Earl,dorm_sample,Bacteria,Pseudomonadota,Gammaproteobacteria,Xanthomonadales,Ahniellaceae,JAGOEZ01,JAGOEZ01 sp017997455,0.875,0.000636769,0.8376/0.7994
Ea.F.1.H.B,H01,Earl,dorm_sample,Bacteria,Bdellovibrionota,Bacteriovoracia,Bacteriovoracales,Bacteriovoracaceae,Peredibacter,Peredibacter starrii,0.875,0.000636769,0.8590/0.8435
Ea.F.1.H.B,H01,Earl,dorm_sample,Bacteria,Pseudomonadota,Alphaproteobacteria,Rhizobiales,Rhizobiaceae,Rhizobium_E,Rhizobium_E sp019739215,0.875,0.000636769,0.8603/0.8145
Ea.F.1.H.B,H01,Earl,dorm_sample,Bacteria,Cyanobacteriota,Vampirovibrionia,Obscuribacterales,Obscuribacteraceae,Ga0077546,Ga0077546 sp965229195,0.875,0.000636769,0.8801/0.8664
Ea.F.1.H.B,H01,Earl,dorm_sample,Bacteria,Acidobacteriota,Vicinamibacteria,Vicinamibacterales,Vicinamibacteraceae,Luteitalea,Luteitalea sp966211945,0.875,0.000636769,0.8863/0.8659
Ea.F.1.H.B,H01,Earl,dorm_sample,Bacteria,Bdellovibrionota,Bacteriovoracia,Bacteriovoracales,Bacteriovoracaceae,Peredibacter,Peredibacter sp040376635,0.875,0.000636769,0.9178/0.9114
Ea.F.1.H.B,H01,Earl,dorm_sample,Bacteria,Pseudomonadota,Alphaproteobacteria,Rhizobiales,Beijerinckiaceae,Methylobacterium,Methylobacterium sp900112625,0.875,0.000636769,0.9803/0.9783
Ea.F.1.H.B,H01,Earl,dorm_sample,Bacteria,Pseudomonadota,Gammaproteobacteria,Xanthomonadales,Xanthomonadaceae,Lysobacter_I,Lysobacter_I sp036404915,0.875,0.000636769,0.9854/0.9842
Ea.F.1.H.B,H01,Earl,dorm_sample,Bacteria,Myxococcota,Myxococcia,Myxococcales,Myxococcaceae,Archangium_A,Archangium_A gephyra_A,0.875,0.000636769,0.9963/0.9963
Ea.F.1.H.B,H01,Earl,dorm_sample,Bacteria,Bdellovibrionota,FAC87,UBA2466,UBA2466,JAIEOG01,JAIEOG01 sp964519985,1,0.000727736,0.7713/0.7529
Ea.F.1.H.B,H01,Earl,dorm_sample,Bacteria,Pseudomonadota,Alphaproteobacteria,Rickettsiales,UBA3002,QFOX01,QFOX01 sp044341105,1,0.000727736,0.7775/0.7149
Ea.F.1.H.B,H01,Earl,dorm_sample,Bacteria,Bdellovibrionota,Bdellovibrionia,Bdellovibrionales,UBA1609,JALHOQ01,JALHOQ01 sp019637855,1,0.000727736,0.7782/0.7506
Ea.F.1.H.B,H01,Earl,dorm_sample,Bacteria,Verrucomicrobiota,Verrucomicrobiia,Opitutales,Opitutaceae,UBA6669,UBA6669 sp963205455,1,0.000727736,0.7935/0.7827
Ea.F.1.H.B,H01,Earl,dorm_sample,Bacteria,Acidobacteriota,Vicinamibacteria,Vicinamibacterales,Vicinamibacteraceae,JBDSLU01,JBDSLU01 sp963816265,1,0.000727736,0.7962/0.7395
Ea.F.1.H.B,H01,Earl,dorm_sample,Bacteria,Pseudomonadota,Alphaproteobacteria,UBA2136,UBA6156,UBA6156,UBA6156 sp005768725,1,0.000727736,0.7988/0.7711
Ea.F.1.H.B,H01,Earl,dorm_sample,Bacteria,Acidobacteriota,Blastocatellia,Pyrinomonadales,Pyrinomonadaceae,JAIBCC01,JAIBCC01 sp963763855,1,0.000727736,0.8093/0.7932
Ea.F.1.H.B,H01,Earl,dorm_sample,Bacteria,Bacteroidota,Bacteroidia,Sphingobacteriales,Sphingobacteriaceae,Pedobacter,Pedobacter sp042698365,1,0.000727736,0.8286/0.7993
Ea.F.1.H.B,H01,Earl,dorm_sample,Bacteria,Acidobacteriota,Vicinamibacteria,Vicinamibacterales,Vicinamibacteraceae,CAWJAP01,CAWJAP01 sp963840865,1,0.000727736,0.8372/0.8038
Ea.F.1.H.B,H01,Earl,dorm_sample,Bacteria,Pseudomonadota,Alphaproteobacteria,Caulobacterales,Caulobacteraceae,Phenylobacterium,Phenylobacterium sp036821595,1,0.000727736,0.8571/0.8430
Ea.F.1.H.B,H01,Earl,dorm_sample,Bacteria,Pseudomonadota,Alphaproteobacteria,Caulobacterales,Caulobacteraceae,Brevundimonas,Brevundimonas albigilva,1,0.000727736,0.9075/0.8523
Ea.F.1.H.B,H01,Earl,dorm_sample,Bacteria,Pseudomonadota,Alphaproteobacteria,Caulobacterales,Caulobacteraceae,Phenylobacterium,Phenylobacterium sp018240795,1,0.000727736,0.9310/0.9190
Ea.F.1.H.B,H01,Earl,dorm_sample,Bacteria,Bacteroidota,Bacteroidia,Cytophagales,Cytophagaceae,Cytophaga,Cytophaga sp021151805,1,0.000727736,0.9439/0.9435
Ea.F.1.H.B,H01,Earl,dorm_sample,Bacteria,Pseudomonadota,Alphaproteobacteria,Rhizobiales,Beijerinckiaceae,Methylobacterium,Methylobacterium aquaticum,1,0.000727736,0.9552/0.9504
Ea.F.1.H.B,H01,Earl,dorm_sample,Bacteria,Pseudomonadota,Alphaproteobacteria,Rhizobiales,Rhizobiaceae,Shinella,Shinella sp001262505,1,0.000727736,0.9931/0.9929
Ea.F.1.H.B,H01,Earl,dorm_sample,Bacteria,Bdellovibrionota,Bdellovibrionia,Bdellovibrionales,UBA1609,JALHOQ01,JALHOQ01 sp947444305,1.125,0.000818703,0.7688/0.7249
Ea.F.1.H.B,H01,Earl,dorm_sample,Bacteria,Cyanobacteriota,Sericytochromatia,UBA7694,UBA7694,JACYMC01,JACYMC01 sp015272195,1.125,0.000818703,0.7753/0.7460
Ea.F.1.H.B,H01,Earl,dorm_sample,Bacteria,Pseudomonadota,Alphaproteobacteria,Rickettsiales,UBA3002,JALHRI01,JALHRI01 sp044351685,1.125,0.000818703,0.7958/0.7565
Ea.F.1.H.B,H01,Earl,dorm_sample,Bacteria,Bdellovibrionota,Bdellovibrionia,Bdellovibrionales,Bdellovibrionaceae,JAYUPS01,JAYUPS01 sp043759945,1.125,0.000818703,0.8138/0.7996
Ea.F.1.H.B,H01,Earl,dorm_sample,Bacteria,Bacteroidota,Bacteroidia,Flavobacteriales,Flavobacteriaceae,Flavobacterium,Flavobacterium solisilvae,1.125,0.000818703,0.8823/0.8675
Ea.F.1.H.B,H01,Earl,dorm_sample,Bacteria,Bacteroidota,Bacteroidia,Sphingobacteriales,Sphingobacteriaceae,Pedobacter,Pedobacter sp031119335,1.125,0.000818703,0.9185/0.8323
Ea.F.1.H.B,H01,Earl,dorm_sample,Bacteria,Acidobacteriota,Vicinamibacteria,Vicinamibacterales,UBA2999,CADEFD01,CADEFD01 sp022842985,1.125,0.000818703,0.9243/0.9157
Ea.F.1.H.B,H01,Earl,dorm_sample,Bacteria,Bdellovibrionota_C,UBA2361,UBA2361,JBIKWN01,JBIKWN01,JBIKWN01 sp044356295,1.25,0.00090967,0.7434/0.7014
Ea.F.1.H.B,H01,Earl,dorm_sample,Bacteria,Bacteroidota,Bacteroidia,Chitinophagales,LD1,Bog-950,Bog-950 sp947457525,1.25,0.00090967,0.7909/0.7472
Ea.F.1.H.B,H01,Earl,dorm_sample,Bacteria,Acidobacteriota,Vicinamibacteria,Vicinamibacterales,SCN-69-37,SYFT01,SYFT01 sp964423815,1.25,0.00090967,0.8790/0.8630
Ea.F.1.H.B,H01,Earl,dorm_sample,Bacteria,Pseudomonadota,Alphaproteobacteria,Sphingomonadales,Sphingomonadaceae,Sphingobium_A,Sphingobium_A colocasiae,1.25,0.00090967,0.9086/0.8859
Ea.F.1.H.B,H01,Earl,dorm_sample,Bacteria,Pseudomonadota,Alphaproteobacteria,Caulobacterales,Caulobacteraceae,Phenylobacterium,Phenylobacterium sp040752615,1.25,0.00090967,0.9210/0.8883
Ea.F.1.H.B,H01,Earl,dorm_sample,Bacteria,Pseudomonadota,Alphaproteobacteria,Caulobacterales,Caulobacteraceae,Brevundimonas,Brevundimonas sp005484585,1.25,0.00090967,0.9739/0.9740
Ea.F.1.H.B,H01,Earl,dorm_sample,Bacteria,Pseudomonadota,Alphaproteobacteria,Sphingomonadales,Sphingomonadaceae,Erythrobacter,Erythrobacter sp046452395,1.25,0.00090967,0.9806/0.9764
Ea.F.1.H.B,H01,Earl,dorm_sample,Bacteria,Pseudomonadota,Alphaproteobacteria,Rickettsiales,UBA3002,QFOX01,QFOX01 sp044237845,1.375,0.001000637,0.7483/0.7226
Ea.F.1.H.B,H01,Earl,dorm_sample,Bacteria,Pseudomonadota,Alphaproteobacteria,Rickettsiales,UBA3002,QFOX01,QFOX01 sp040377415,1.375,0.001000637,0.7643/0.7199
Ea.F.1.H.B,H01,Earl,dorm_sample,Bacteria,Pseudomonadota,Alphaproteobacteria,Rickettsiales,UBA3002,QFOX01,QFOX01 sp947441895,1.375,0.001000637,0.7817/0.7614
Ea.F.1.H.B,H01,Earl,dorm_sample,Bacteria,Chloroflexota,Anaerolineae,Aggregatilineales,Phototrophicaceae,Flexifilum,Flexifilum sp046328655,1.375,0.001000637,0.7981/0.7672
Ea.F.1.H.B,H01,Earl,dorm_sample,Bacteria,Cyanobacteriota,Vampirovibrionia,Obscuribacterales,Obscuribacteraceae,Ga0077546,Ga0077546 sp036170915,1.375,0.001000637,0.8040/0.7674
Ea.F.1.H.B,H01,Earl,dorm_sample,Bacteria,Pseudomonadota,Alphaproteobacteria,Caulobacterales,Caulobacteraceae,Caulobacter,Caulobacter sp039596335,1.375,0.001000637,0.9293/0.8732
Ea.F.1.H.B,H01,Earl,dorm_sample,Bacteria,Pseudomonadota,Gammaproteobacteria,Xanthomonadales,Xanthomonadaceae,Lysobacter_I,Lysobacter_I sp041919915,1.375,0.001000637,0.9299/0.9079
Ea.F.1.H.B,H01,Earl,dorm_sample,Bacteria,Bacteroidota,Bacteroidia,Flavobacteriales,Weeksellaceae,Chryseobacterium,Chryseobacterium phocaeense,1.375,0.001000637,0.9782/0.9673
Ea.F.1.H.B,H01,Earl,dorm_sample,Bacteria,Pseudomonadota,Gammaproteobacteria,Burkholderiales,Burkholderiaceae_C,Aquincola,Aquincola sp964001545,1.375,0.001000637,0.9851/0.9793
Ea.F.1.H.B,H01,Earl,dorm_sample,Bacteria,Bacteroidota,Bacteroidia,Cytophagales,Cyclobacteriaceae,UBA2336,UBA2336 sp965227265,1.5,0.001091604,0.8290/0.8216
Ea.F.1.H.B,H01,Earl,dorm_sample,Bacteria,Pseudomonadota,Alphaproteobacteria,Caulobacterales,Caulobacteraceae,Phenylobacterium,Phenylobacterium terrae,1.5,0.001091604,0.8422/0.8023
Ea.F.1.H.B,H01,Earl,dorm_sample,Bacteria,Pseudomonadota,Alphaproteobacteria,Reyranellales,Reyranellaceae,Reyranella,Reyranella sp965228225,1.5,0.001091604,0.9290/0.9276
Ea.F.1.H.B,H01,Earl,dorm_sample,Bacteria,Pseudomonadota,Alphaproteobacteria,Caulobacterales,Caulobacteraceae,Phenylobacterium,Phenylobacterium sp049445735,1.5,0.001091604,0.9401/0.9092
Ea.F.1.H.B,H01,Earl,dorm_sample,Bacteria,Pseudomonadota,Alphaproteobacteria,Caulobacterales,Caulobacteraceae,Brevundimonas,Brevundimonas sp002479325,1.5,0.001091604,0.9677/0.9156
Ea.F.1.H.B,H01,Earl,dorm_sample,Bacteria,Pseudomonadota,Gammaproteobacteria,Burkholderiales,Rhodocyclaceae,Methyloversatilis,Methyloversatilis discipulorum_A,1.5,0.001091604,0.9883/0.9883
Ea.F.1.H.B,H01,Earl,dorm_sample,Bacteria,Pseudomonadota,Alphaproteobacteria,Caulobacterales,Caulobacteraceae,Caulobacter,Caulobacter sp020161365,1.5,0.001091604,0.9884/0.9882
Ea.F.1.H.B,H01,Earl,dorm_sample,Bacteria,Pseudomonadota,Gammaproteobacteria,Burkholderiales,Burkholderiaceae_C,Diaphorobacter,Diaphorobacter nitroreducens,1.5,0.001091604,0.9902/0.9900
Ea.F.1.H.B,H01,Earl,dorm_sample,Bacteria,Pseudomonadota,Alphaproteobacteria,Micavibrionales,UBA2020,UBA2020,UBA2020 sp030682495,1.625,0.001182571,0.7738/0.7537
Ea.F.1.H.B,H01,Earl,dorm_sample,Bacteria,Bacteroidota,Bacteroidia,Chitinophagales,Chitinophagaceae,JAFIGV01,JAFIGV01 sp023418315,1.625,0.001182571,0.7982/0.7503
Ea.F.1.H.B,H01,Earl,dorm_sample,Bacteria,Pseudomonadota,Gammaproteobacteria,Xanthomonadales,Ahniellaceae,JAGOEZ01,JAGOEZ01 sp964614825,1.625,0.001182571,0.8094/0.7447
Ea.F.1.H.B,H01,Earl,dorm_sample,Bacteria,Bacteroidota,Bacteroidia,Cytophagales,Cyclobacteriaceae,Chryseolinea,Chryseolinea sp049840655,1.625,0.001182571,0.8190/0.7938
Ea.F.1.H.B,H01,Earl,dorm_sample,Bacteria,Bdellovibrionota,Bdellovibrionia,Bdellovibrionales,JAEYZS01,JAEYZS01,JAEYZS01 sp040386775,1.625,0.001182571,0.8218/0.7961
Ea.F.1.H.B,H01,Earl,dorm_sample,Bacteria,Bdellovibrionota,Bdellovibrionia,Bdellovibrionales,Bdellovibrionaceae,Bdellovibrio,Bdellovibrio bacteriovorus_E,1.625,0.001182571,0.8280/0.8103
Ea.F.1.H.B,H01,Earl,dorm_sample,Bacteria,Chloroflexota,Anaerolineae,Aggregatilineales,Phototrophicaceae,Flexifilum,Flexifilum sp035545875,1.625,0.001182571,0.8292/0.8083
Ea.F.1.H.B,H01,Earl,dorm_sample,Bacteria,Pseudomonadota,Gammaproteobacteria,Pseudomonadales,Pseudomonadaceae,Aquipseudomonas,Aquipseudomonas alcaligenes,1.625,0.001182571,0.9915/0.9915
Ea.F.1.H.B,H01,Earl,dorm_sample,Bacteria,Actinomycetota,Actinomycetes,Actinomycetales,Microbacteriaceae,Agromyces,Agromyces mediolanus_A,1.75,0.001273538,0.9942/0.9931
Ea.F.1.H.B,H01,Earl,dorm_sample,Bacteria,Pseudomonadota,Alphaproteobacteria,Rickettsiales,UBA3002,QFOX01,QFOX01 sp003241645,1.875,0.001364505,0.7971/0.7670
Ea.F.1.H.B,H01,Earl,dorm_sample,Bacteria,Myxococcota,XYA12-FULL-58-9,XYA12-FULL-58-9,JALHOP01,JALHOP01,JALHOP01 sp964484195,1.875,0.001364505,0.8479/0.7878
Ea.F.1.H.B,H01,Earl,dorm_sample,Bacteria,Pseudomonadota,Alphaproteobacteria,Rhizobiales,Hyphomicrobiaceae,Hyphomicrobium_B,Hyphomicrobium_B sp017512425,1.875,0.001364505,0.8768/0.8655
Ea.F.1.H.B,H01,Earl,dorm_sample,Bacteria,Bacteroidota,Bacteroidia,Chitinophagales,LD1,Bog-950,Bog-950 sp018267435,1.875,0.001364505,0.9073/0.8489
Ea.F.1.H.B,H01,Earl,dorm_sample,Bacteria,Bacteroidota,Bacteroidia,Sphingobacteriales,Sphingobacteriaceae,Pedobacter,Pedobacter ureilyticus,1.875,0.001364505,0.9096/0.8843
Ea.F.1.H.B,H01,Earl,dorm_sample,Bacteria,Pseudomonadota,Gammaproteobacteria,Xanthomonadales,Xanthomonadaceae,Pseudoxanthomonas_A,Pseudoxanthomonas_A sp014851805,1.875,0.001364505,0.9405/0.9390
Ea.F.1.H.B,H01,Earl,dorm_sample,Bacteria,Bacteroidota,Bacteroidia,Chitinophagales,Chitinophagaceae,Niabella,Niabella sp023423285,1.875,0.001364505,0.9909/0.9901
Ea.F.1.H.B,H01,Earl,dorm_sample,Bacteria,Pseudomonadota,Gammaproteobacteria,Pseudomonadales,Moraxellaceae,Acinetobacter,Acinetobacter junii,1.875,0.001364505,0.9944/0.9720
Ea.F.1.H.B,H01,Earl,dorm_sample,Bacteria,Myxococcota_A,Polyangia,Polyangiales,Polyangiaceae,NIC37A-2,NIC37A-2 sp038324055,2,0.001455472,0.7922/0.7528
Ea.F.1.H.B,H01,Earl,dorm_sample,Bacteria,Bdellovibrionota,Bacteriovoracia,Bacteriovoracales,Bacteriovoracaceae,Peredibacter,Peredibacter sp045999315,2,0.001455472,0.8337/0.8155
Ea.F.1.H.B,H01,Earl,dorm_sample,Bacteria,Pseudomonadota,Alphaproteobacteria,Caulobacterales,Caulobacteraceae,Phenylobacterium,Phenylobacterium sp024699945,2,0.001455472,0.8898/0.8684
Ea.F.1.H.B,H01,Earl,dorm_sample,Bacteria,Actinomycetota,Actinomycetes,Actinomycetales,Microbacteriaceae,Pseudolysinimonas_A,Pseudolysinimonas_A sp023457615,2,0.001455472,0.8930/0.8618
Ea.F.1.H.B,H01,Earl,dorm_sample,Bacteria,Actinomycetota,Actinomycetes,Actinomycetales,Microbacteriaceae,Pseudolysinimonas_A,Pseudolysinimonas_A sp947085045,2.125,0.001546439,0.8525/0.7883
Ea.F.1.H.B,H01,Earl,dorm_sample,Bacteria,Bacteroidota,Bacteroidia,Chitinophagales,Chitinophagaceae,Endoryza,Endoryza sp964605065,2.25,0.001637406,0.7935/0.7672
Ea.F.1.H.B,H01,Earl,dorm_sample,Bacteria,Pseudomonadota,Gammaproteobacteria,Xanthomonadales,Rhodanobacteraceae,Tahibacter,Tahibacter soli,2.25,0.001637406,0.7999/0.7571
Ea.F.1.H.B,H01,Earl,dorm_sample,Bacteria,Planctomycetota,UBA1135,UBA1135,UBA2386,UBA2386,UBA2386 sp002343845,2.25,0.001637406,0.8320/0.7496
Ea.F.1.H.B,H01,Earl,dorm_sample,Bacteria,Pseudomonadota,Alphaproteobacteria,Caulobacterales,Caulobacteraceae,Brevundimonas,Brevundimonas sp049445955,2.25,0.001637406,0.9009/0.8835
Ea.F.1.H.B,H01,Earl,dorm_sample,Bacteria,Cyanobacteriota,Vampirovibrionia,Obscuribacterales,Obscuribacteraceae,JADYXR01,JADYXR01 sp019637435,2.375,0.001728373,0.8781/0.8390
Ea.F.1.H.B,H01,Earl,dorm_sample,Bacteria,Bacteroidota,Bacteroidia,Chitinophagales,Chitinophagaceae,Niabella,Niabella sp052044285,2.375,0.001728373,0.9710/0.9441
Ea.F.1.H.B,H01,Earl,dorm_sample,Bacteria,Myxococcota_A,Polyangia,Polyangiales,Polyangiaceae,NIC37A-2,NIC37A-2 sp023432025,2.5,0.00181934,0.7882/0.7650
Ea.F.1.H.B,H01,Earl,dorm_sample,Bacteria,Bdellovibrionota,Bdellovibrionia,Bdellovibrionales,JAMPXM01,Ga0074137,Ga0074137 sp001464715,2.5,0.00181934,0.7953/0.7447
Ea.F.1.H.B,H01,Earl,dorm_sample,Bacteria,Actinomycetota,Actinomycetes,Actinomycetales,Microbacteriaceae,Microcella,Microcella alkaliphila_B,2.5,0.00181934,0.9855/0.9793
Ea.F.1.H.B,H01,Earl,dorm_sample,Bacteria,Pseudomonadota,Alphaproteobacteria,Rickettsiales,UBA3002,QFOX01,QFOX01 sp037968615,2.625,0.001910307,0.7825/0.7223
Ea.F.1.H.B,H01,Earl,dorm_sample,Bacteria,Cyanobacteriota,Vampirovibrionia,Obscuribacterales,Obscuribacteraceae,Ga0077546,Ga0077546 sp021732025,2.625,0.001910307,0.8158/0.7812
Ea.F.1.H.B,H01,Earl,dorm_sample,Bacteria,Bacteroidota,Bacteroidia,Chitinophagales,Chitinophagaceae,Terrimonas,Terrimonas ferruginea,2.625,0.001910307,0.9138/0.9062
Ea.F.1.H.B,H01,Earl,dorm_sample,Bacteria,Pseudomonadota,Alphaproteobacteria,Reyranellales,Reyranellaceae,Reyranella,Reyranella sp965279625,2.625,0.001910307,0.9375/0.9210
Ea.F.1.H.B,H01,Earl,dorm_sample,Bacteria,Pseudomonadota,Alphaproteobacteria,Caulobacterales,Caulobacteraceae,Brevundimonas,Brevundimonas sp016463295,2.75,0.002001274,0.9403/0.8893
Ea.F.1.H.B,H01,Earl,dorm_sample,Bacteria,Bacteroidota,Bacteroidia,Chitinophagales,Chitinophagaceae,Ferruginibacter,Ferruginibacter sp047602605,2.875,0.002092241,0.8651/0.8486
Ea.F.1.H.B,H01,Earl,dorm_sample,Bacteria,Myxococcota,XYA12-FULL-58-9,XYA12-FULL-58-9,JALHOP01,JALHOP01,JALHOP01 sp039809465,2.875,0.002092241,0.8691/0.7945
Ea.F.1.H.B,H01,Earl,dorm_sample,Bacteria,Pseudomonadota,Gammaproteobacteria,Burkholderiales,Burkholderiaceae_C,Aquincola,Aquincola agrisoli,2.875,0.002092241,0.8857/0.8707
Ea.F.1.H.B,H01,Earl,dorm_sample,Bacteria,Bacteroidota,Bacteroidia,Cytophagales,Cyclobacteriaceae,UBA2336,UBA2336 sp016786585,3,0.002183207,0.8634/0.8120
Ea.F.1.H.B,H01,Earl,dorm_sample,Bacteria,Bacteroidota,Bacteroidia,Chitinophagales,Chitinophagaceae,CAYMZZ01,CAYMZZ01 sp001898485,3,0.002183207,0.9458/0.9435
Ea.F.1.H.B,H01,Earl,dorm_sample,Bacteria,Acidobacteriota,Vicinamibacteria,Vicinamibacterales,UBA2999,CADEFD01,CADEFD01 sp963779175,3.125,0.002274174,0.8940/0.8808
Ea.F.1.H.B,H01,Earl,dorm_sample,Bacteria,Pseudomonadota,Gammaproteobacteria,Burkholderiales,Burkholderiaceae_C,Aquabacterium,Aquabacterium sp029268225,3.125,0.002274174,0.9782/0.9771
Ea.F.1.H.B,H01,Earl,dorm_sample,Bacteria,Pseudomonadota,Gammaproteobacteria,Xanthomonadales,Xanthomonadaceae,Pseudoxanthomonas_A,Pseudoxanthomonas_A japonensis,3.125,0.002274174,0.9913/0.9905
Ea.F.1.H.B,H01,Earl,dorm_sample,Bacteria,Bacteroidota,Bacteroidia,Chitinophagales,Chitinophagaceae,JAFIGV01,JAFIGV01 sp035497455,3.25,0.002365141,0.8031/0.7826
Ea.F.1.H.B,H01,Earl,dorm_sample,Bacteria,Pseudomonadota,Alphaproteobacteria,Sphingomonadales,Sphingomonadaceae,Sphingopyxis,Sphingopyxis panaciterrae,3.25,0.002365141,0.9294/0.9028
Ea.F.1.H.B,H01,Earl,dorm_sample,Bacteria,Actinomycetota,Actinomycetes,Actinomycetales,Microbacteriaceae,Microbacterium,Microbacterium kunmingense,3.25,0.002365141,0.9899/0.9884
Ea.F.1.H.B,H01,Earl,dorm_sample,Bacteria,Planctomycetota,Phycisphaerae,Phycisphaerales,UBA1924,UBA2396,UBA2396 sp050916045,3.375,0.002456108,0.8088/0.7746
Ea.F.1.H.B,H01,Earl,dorm_sample,Bacteria,Pseudomonadota,Gammaproteobacteria,Xanthomonadales,Xanthomonadaceae,Lysobacter,Lysobacter yananisis,3.375,0.002456108,0.8674/0.7584
Ea.F.1.H.B,H01,Earl,dorm_sample,Bacteria,Pseudomonadota,Alphaproteobacteria,Caulobacterales,Caulobacteraceae,Brevundimonas,Brevundimonas sp041919755,3.375,0.002456108,0.9433/0.9116
Ea.F.1.H.B,H01,Earl,dorm_sample,Bacteria,Pseudomonadota,Alphaproteobacteria,Caulobacterales,Caulobacteraceae,Brevundimonas,Brevundimonas pondensis,3.375,0.002456108,0.9987/0.9987
Ea.F.1.H.B,H01,Earl,dorm_sample,Bacteria,Pseudomonadota,Alphaproteobacteria,Micavibrionales,UBA2020,JAEXMB01,JAEXMB01 sp027483355,3.625,0.002638042,0.8491/0.8345
Ea.F.1.H.B,H01,Earl,dorm_sample,Bacteria,Planctomycetota,Planctomycetia,Pirellulales,Pirellulaceae,JBKCUI01,JBKCUI01 sp001610875,3.75,0.002729009,0.9762/0.9654
Ea.F.1.H.B,H01,Earl,dorm_sample,Bacteria,Bacteroidota,Bacteroidia,Flavobacteriales,Flavobacteriaceae,Flavobacterium,Flavobacterium endophyticum,3.875,0.002819976,0.9117/0.9045
Ea.F.1.H.B,H01,Earl,dorm_sample,Bacteria,Pseudomonadota,Alphaproteobacteria,Rhizobiales,Beijerinckiaceae,Methylobacterium,Methylobacterium radiotolerans,4,0.002910943,0.9980/0.9977
Ea.F.1.H.B,H01,Earl,dorm_sample,Bacteria,Pseudomonadota,Alphaproteobacteria,Micavibrionales,UBA2020,JAEXMB01,JAEXMB01 sp023444705,4.25,0.003092877,0.8422/0.8114
Ea.F.1.H.B,H01,Earl,dorm_sample,Bacteria,Actinomycetota,Actinomycetes,Mycobacteriales,Mycobacteriaceae,Mycobacterium,Mycobacterium sp018326285,4.25,0.003092877,0.9765/0.9703
Ea.F.1.H.B,H01,Earl,dorm_sample,Bacteria,Bacteroidota,Bacteroidia,Sphingobacteriales,Sphingobacteriaceae,Pedobacter,Pedobacter chitinilyticus,4.375,0.003183844,0.9825/0.9775
Ea.F.1.H.B,H01,Earl,dorm_sample,Bacteria,Pseudomonadota,Alphaproteobacteria,Rhizobiales,Beijerinckiaceae,Allobosea,Allobosea eneae,4.5,0.003274811,0.9731/0.9420
Ea.F.1.H.B,H01,Earl,dorm_sample,Bacteria,Bdellovibrionota,Bdellovibrionia,Bdellovibrionales,UBA1609,CAYHVK01,CAYHVK01 sp964360255,4.625,0.003365778,0.8187/0.7927
Ea.F.1.H.B,H01,Earl,dorm_sample,Bacteria,Pseudomonadota,Alphaproteobacteria,Rhizobiales,Xanthobacteraceae,Bradyrhizobium,Bradyrhizobium lablabi_C,4.75,0.003456745,0.9027/0.8536
Ea.F.1.H.B,H01,Earl,dorm_sample,Bacteria,Pseudomonadota,Alphaproteobacteria,Rhizobiales,Beijerinckiaceae,Allobosea,Allobosea lupini,4.875,0.003547712,0.9873/0.9822
Ea.F.1.H.B,H01,Earl,dorm_sample,Bacteria,Pseudomonadota,Alphaproteobacteria,Rickettsiales,UBA3002,JALHRI01,JALHRI01 sp022841525,5,0.003638679,0.7504/0.7115
Ea.F.1.H.B,H01,Earl,dorm_sample,Bacteria,Planctomycetota,Planctomycetia,Kolteriales,Kolteriaceae,JAIEPU01,JAIEPU01 sp019748235,5.375,0.00391158,0.9202/0.9022
Ea.F.1.H.B,H01,Earl,dorm_sample,Bacteria,Pseudomonadota,Gammaproteobacteria,Xanthomonadales,Xanthomonadaceae,Lysobacter_I,Lysobacter_I hankyongensis,5.375,0.00391158,0.9847/0.9836
Ea.F.1.H.B,H01,Earl,dorm_sample,Bacteria,Pseudomonadota,Alphaproteobacteria,Sphingomonadales,Sphingomonadaceae,Erythrobacter,Erythrobacter sp001557115,5.625,0.004093514,0.8801/0.8576
Ea.F.1.H.B,H01,Earl,dorm_sample,Bacteria,Pseudomonadota,Gammaproteobacteria,Burkholderiales,Burkholderiaceae_C,Aquincola,Aquincola tertiaricarbonis,5.625,0.004093514,0.8845/0.8630
Ea.F.1.H.B,H01,Earl,dorm_sample,Bacteria,Pseudomonadota,Alphaproteobacteria,Rhizobiales,Hyphomicrobiaceae,Hyphomicrobium_C,Hyphomicrobium_C sp019744875,5.625,0.004093514,0.9725/0.9704
Ea.F.1.H.B,H01,Earl,dorm_sample,Bacteria,Pseudomonadota,Alphaproteobacteria,Caulobacterales,Caulobacteraceae,Brevundimonas,Brevundimonas vesicularis_D,5.625,0.004093514,0.9944/0.9907
Ea.F.1.H.B,H01,Earl,dorm_sample,Bacteria,Pseudomonadota,Gammaproteobacteria,Xanthomonadales,Xanthomonadaceae,Pseudoxanthomonas_A,Pseudoxanthomonas_A sp047600885,5.75,0.004184481,0.9778/0.9625
Ea.F.1.H.B,H01,Earl,dorm_sample,Bacteria,Pseudomonadota,Gammaproteobacteria,Xanthomonadales,Xanthomonadaceae,Lysobacter,Lysobacter capsici_A,5.875,0.004275448,0.8976/0.8395
Ea.F.1.H.B,H01,Earl,dorm_sample,Bacteria,Pseudomonadota,Alphaproteobacteria,Caulobacterales,Caulobacteraceae,Phenylobacterium,Phenylobacterium haematophilum,5.875,0.004275448,0.9975/0.9974
Ea.F.1.H.B,H01,Earl,dorm_sample,Bacteria,Bacteroidota,Bacteroidia,Sphingobacteriales,Sphingobacteriaceae,Pedobacter,Pedobacter sp001412215,6,0.004366415,0.8804/0.8498
Ea.F.1.H.B,H01,Earl,dorm_sample,Bacteria,Pseudomonadota,Alphaproteobacteria,Rickettsiales,UBA3002,JAFLDD01,JAFLDD01 sp017302575,6.125,0.004457382,0.7842/0.7618
Ea.F.1.H.B,H01,Earl,dorm_sample,Bacteria,Bacteroidota,Bacteroidia,Cytophagales,Cyclobacteriaceae,UBA2336,UBA2336 sp964538575,6.125,0.004457382,0.8634/0.8540
Ea.F.1.H.B,H01,Earl,dorm_sample,Bacteria,Pseudomonadota,Alphaproteobacteria,Rhodobacterales,Rhodobacteraceae,Albidovulum,Albidovulum sp020161655,6.125,0.004457382,0.9453/0.9387
Ea.F.1.H.B,H01,Earl,dorm_sample,Bacteria,Bacteroidota,Bacteroidia,Chitinophagales,Chitinophagaceae,Terrimonas,Terrimonas sp937888905,6.375,0.004639316,0.9309/0.9196
Ea.F.1.H.B,H01,Earl,dorm_sample,Bacteria,Pseudomonadota,Gammaproteobacteria,Xanthomonadales,Xanthomonadaceae,Pseudoxanthomonas_A,Pseudoxanthomonas_A sp014851815,6.5,0.004730283,0.9405/0.9281
Ea.F.1.H.B,H01,Earl,dorm_sample,Bacteria,Pseudomonadota,Alphaproteobacteria,Sphingomonadales,Sphingomonadaceae,Sphingomonas,Sphingomonas koreensis,6.875,0.005003184,0.9054/0.8436
Ea.F.1.H.B,H01,Earl,dorm_sample,Bacteria,Bacteroidota,Bacteroidia,Cytophagales,Cyclobacteriaceae,Chryseolinea,Chryseolinea sp035489615,7,0.005094151,0.8240/0.7984
Ea.F.1.H.B,H01,Earl,dorm_sample,Bacteria,Bacteroidota,Bacteroidia,Chitinophagales,Chitinophagaceae,Endoryza,Endoryza sp031360425,7.875,0.00573092,0.7572/0.6971
Ea.F.1.H.B,H01,Earl,dorm_sample,Bacteria,Bacteroidota,Bacteroidia,Cytophagales,172606-1,Xanthocytophaga,Xanthocytophaga sp963520985,8.125,0.005912854,0.8145/0.7888
Ea.F.1.H.B,H01,Earl,dorm_sample,Bacteria,Bacteroidota,Bacteroidia,Cytophagales,Cyclobacteriaceae,Chryseolinea,Chryseolinea sp037203685,8.125,0.005912854,0.8371/0.8268
Ea.F.1.H.B,H01,Earl,dorm_sample,Bacteria,Bacteroidota,Bacteroidia,B-17B0,Aurantibacillaceae,UBA4416,UBA4416 sp964543545,8.25,0.006003821,0.8961/0.7996
Ea.F.1.H.B,H01,Earl,dorm_sample,Bacteria,Bacteroidota,Bacteroidia,Chitinophagales,Chitinophagaceae,Endoryza,Endoryza sp965279015,8.75,0.006367689,0.8095/0.7772
Ea.F.1.H.B,H01,Earl,dorm_sample,Bacteria,Bacteroidota,Bacteroidia,Cytophagales,Cytophagaceae,Cytophaga,Cytophaga aurantiaca,10.25,0.007459292,0.9178/0.9110
Ea.F.1.H.B,H01,Earl,dorm_sample,Bacteria,Pseudomonadota,Alphaproteobacteria,Caulobacterales,Caulobacteraceae,Brevundimonas,Brevundimonas sp052436175,10.25,0.007459292,0.9255/0.8978
Ea.F.1.H.B,H01,Earl,dorm_sample,Bacteria,Bacteroidota,Bacteroidia,Chitinophagales,Chitinophagaceae,Ferruginibacter,Ferruginibacter sp964404845,10.375,0.007550259,0.8887/0.8228
Ea.F.1.H.B,H01,Earl,dorm_sample,Bacteria,Pseudomonadota,Gammaproteobacteria,Xanthomonadales,Ahniellaceae,JBGAHD01,JBGAHD01 sp044226395,11.375,0.008277995,0.8413/0.8131
Ea.F.1.H.B,H01,Earl,dorm_sample,Bacteria,Pseudomonadota,Gammaproteobacteria,Xanthomonadales,Xanthomonadaceae,Pseudoxanthomonas_A,Pseudoxanthomonas_A sp002863005,13.375,0.009733467,0.9933/0.9930
Ea.F.1.H.B,H01,Earl,dorm_sample,Bacteria,Pseudomonadota,Gammaproteobacteria,Burkholderiales,Burkholderiaceae_C,Aquincola,Aquincola tertiaricarbonis_B,14.125,0.01027927,0.9426/0.9339
Ea.F.1.H.B,H01,Earl,dorm_sample,Bacteria,Pseudomonadota,Alphaproteobacteria,Sphingomonadales,Sphingomonadaceae,Sphingomonas,Sphingomonas sp036402235,16.375,0.01191667,0.8998/0.8266
Ea.F.1.H.B,H01,Earl,dorm_sample,Bacteria,Pseudomonadota,Gammaproteobacteria,Xanthomonadales,Xanthomonadaceae,Pseudoxanthomonas_A,Pseudoxanthomonas_A mexicana,17.125,0.01246248,0.9875/0.9851
Ea.F.1.H.B,H01,Earl,dorm_sample,Bacteria,Pseudomonadota,Gammaproteobacteria,Burkholderiales,Burkholderiaceae,Imbroritus,Imbroritus primus,17.375,0.01264441,0.9298/0.9241
Ea.F.1.H.B,H01,Earl,dorm_sample,Bacteria,Cyanobacteriota,Vampirovibrionia,Obscuribacterales,Obscuribacteraceae,JAFKGK01,JAFKGK01 sp017307165,18.125,0.01319021,0.9649/0.9636
Ea.F.1.H.B,H01,Earl,dorm_sample,Bacteria,Pseudomonadota,Alphaproteobacteria,Sphingomonadales,Sphingomonadaceae,Sphingopyxis,Sphingopyxis sp014873485,19.125,0.01391795,0.9596/0.9342
Ea.F.1.H.B,H01,Earl,dorm_sample,Bacteria,Bacteroidota,Bacteroidia,Cytophagales,Cyclobacteriaceae,UBA2336,UBA2336 sp019694875,19.25,0.01400891,0.8420/0.8220
Ea.F.1.H.B,H01,Earl,dorm_sample,Bacteria,Pseudomonadota,Gammaproteobacteria,Xanthomonadales,Xanthomonadaceae,Stenotrophomonas,Stenotrophomonas muris,20.75,0.01510052,0.9993/0.9992
Ea.F.1.H.B,H01,Earl,dorm_sample,Bacteria,Pseudomonadota,Alphaproteobacteria,Caulobacterales,Caulobacteraceae,Caulobacter,Caulobacter sp913776195,23,0.01673792,0.9674/0.9331
Ea.F.1.H.B,H01,Earl,dorm_sample,Bacteria,Bacteroidota,Bacteroidia,Chitinophagales,Chitinophagaceae,Endoryza,Endoryza sp044226045,28.875,0.02101337,0.8047/0.7701
Ea.F.1.H.B,H01,Earl,dorm_sample,Bacteria,Pseudomonadota,Alphaproteobacteria,Sphingomonadales,Sphingomonadaceae,Blastomonas,Blastomonas ursincola,30.625,0.02228691,0.9949/0.9932
Ea.F.1.H.B,H01,Earl,dorm_sample,Bacteria,Pseudomonadota,Alphaproteobacteria,Sphingomonadales,Sphingomonadaceae,Sphingopyxis,Sphingopyxis sp001468395,31.125,0.02265078,0.9751/0.9552
Ea.F.1.H.B,H01,Earl,dorm_sample,Bacteria,Bacteroidota,Bacteroidia,B-17B0,Aurantibacillaceae,UBA4416,UBA4416 sp943362175,34.75,0.02528882,0.9348/0.8870
Ea.F.1.H.B,H01,Earl,dorm_sample,Bacteria,Pseudomonadota,Gammaproteobacteria,Burkholderiales,Burkholderiaceae_C,Ottowia,Ottowia testudinis,34.875,0.02537979,0.9035/0.8957
Ea.F.1.H.B,H01,Earl,dorm_sample,Bacteria,Pseudomonadota,Gammaproteobacteria,Xanthomonadales,Xanthomonadaceae,Lysobacter,Lysobacter capsici,53.75,0.0391158,0.9207/0.8832
Ea.F.1.H.B,H01,Earl,dorm_sample,Bacteria,Bacteroidota,Bacteroidia,Chitinophagales,Chitinophagaceae,CADEDV01,CADEDV01 sp936908745,57.25,0.04166288,0.9837/0.9789
Ea.F.1.H.B,H01,Earl,dorm_sample,Bacteria,Pseudomonadota,Alphaproteobacteria,Sphingomonadales,Sphingomonadaceae,Erythrobacter,Erythrobacter oryzae,62.25,0.04530156,0.9014/0.8578
Ea.F.1.H.B,H01,Earl,dorm_sample,Bacteria,Pseudomonadota,Gammaproteobacteria,Burkholderiales,Burkholderiaceae_C,Acidovorax,Acidovorax temperans,71.375,0.05194215,0.9809/0.9800
Ea.F.1.H.B,H01,Earl,dorm_sample,Bacteria,Actinomycetota,Actinomycetes,Mycobacteriales,Mycobacteriaceae,Mycobacterium,Mycobacterium phocaicum,72.125,0.05248795,0.9831/0.9748
Ea.F.1.H.B,H01,Earl,dorm_sample,Bacteria,unclassified Bacteria phylum,unclassified Bacteria class,unclassified Bacteria order,unclassified Bacteria family,unclassified Bacteria genus,unclassified Bacteria species,92.875,0.06758847,0.0000/0.0000
Ea.F.1.H.B,H01,Earl,dorm_sample,Bacteria,Pseudomonadota,Gammaproteobacteria,Burkholderiales,Burkholderiaceae_C,Ottowia,Ottowia sp018060485,132.625,0.09651596,0.9884/0.9666
Te.M.1.L.A,H02,Teal,dorm_sample,Bacteria,Bacillota_I,Bacilli_A,RF39,UBA660,CAG-877,CAG-877 sp963589235,0.25,9.74706E-05,0.7106/0.5854
Te.M.1.L.A,H02,Teal,dorm_sample,Bacteria,Pseudomonadota,Alphaproteobacteria,JAIXQD01,JAIXQD01,CBDFFX01,CBDFFX01 sp965246895,0.25,9.74706E-05,0.7576/0.7301
Te.M.1.L.A,H02,Teal,dorm_sample,Bacteria,Acidobacteriota,Vicinamibacteria,Vicinamibacterales,CAVVIG01,CAVTHG01,CAVTHG01 sp963734375,0.25,9.74706E-05,0.7814/0.7236
Te.M.1.L.A,H02,Teal,dorm_sample,Bacteria,Myxococcota_A,Polyangia,Polyangiales,Polyangiaceae,JAPSGB01,JAPSGB01 sp963775185,0.25,9.74706E-05,0.8037/0.7834
Te.M.1.L.A,H02,Teal,dorm_sample,Bacteria,Bacteroidota,Bacteroidia,Sphingobacteriales,Sphingobacteriaceae,Pedobacter,Pedobacter xixiisoli,0.25,9.74706E-05,0.8062/0.7465
Te.M.1.L.A,H02,Teal,dorm_sample,Bacteria,Myxococcota_A,Polyangia,Polyangiales,Polyangiaceae,NIC37A-2,NIC37A-2 sp038324055,0.25,9.74706E-05,0.8129/0.7536
Te.M.1.L.A,H02,Teal,dorm_sample,Bacteria,Pseudomonadota,Alphaproteobacteria,Sphingomonadales,Sphingomonadaceae,Solisphingomonas,Solisphingomonas sp964244125,0.25,9.74706E-05,0.8196/0.7999
Te.M.1.L.A,H02,Teal,dorm_sample,Bacteria,Pseudomonadota,Alphaproteobacteria,Rhizobiales,Beijerinckiaceae,Enterovirga,Enterovirga rhinocerotis,0.25,9.74706E-05,0.8431/0.8006
Te.M.1.L.A,H02,Teal,dorm_sample,Bacteria,Pseudomonadota,Alphaproteobacteria,Sphingomonadales,Sphingomonadaceae,Rhizorhabdus,Rhizorhabdus wittichii,0.25,9.74706E-05,0.8439/0.7624
Te.M.1.L.A,H02,Teal,dorm_sample,Bacteria,Pseudomonadota,Alphaproteobacteria,Sphingomonadales,Sphingomonadaceae,Novosphingobium,Novosphingobium sp045629505,0.25,9.74706E-05,0.8493/0.8243
Te.M.1.L.A,H02,Teal,dorm_sample,Bacteria,Pseudomonadota,Alphaproteobacteria,Sphingomonadales,Sphingomonadaceae,Sphingomonas,Sphingomonas tagetis,0.25,9.74706E-05,0.8499/0.8238
Te.M.1.L.A,H02,Teal,dorm_sample,Bacteria,Planctomycetota,Planctomycetia,Gemmatales,Gemmataceae,CAYUHJ01,CAYUHJ01 sp964444365,0.25,9.74706E-05,0.8513/0.7851
Te.M.1.L.A,H02,Teal,dorm_sample,Bacteria,Acidobacteriota,Vicinamibacteria,Vicinamibacterales,Vicinamibacteraceae,CAWJAP01,CAWJAP01 sp963840865,0.25,9.74706E-05,0.8538/0.8121
Te.M.1.L.A,H02,Teal,dorm_sample,Bacteria,Myxococcota_A,Polyangia,Polyangiales,Polyangiaceae,Labilithrix,Labilithrix sp019637225,0.25,9.74706E-05,0.8626/0.7806
Te.M.1.L.A,H02,Teal,dorm_sample,Bacteria,Pseudomonadota,Alphaproteobacteria,Rhizobiales,Xanthobacteraceae,Pseudorhodoplanes,Pseudorhodoplanes sinuspersici,0.25,9.74706E-05,0.8715/0.7687
Te.M.1.L.A,H02,Teal,dorm_sample,Bacteria,Pseudomonadota,Alphaproteobacteria,Rhizobiales,Xanthobacteraceae,Bradyrhizobium,Bradyrhizobium sp963790735,0.25,9.74706E-05,0.8752/0.8476
Te.M.1.L.A,H02,Teal,dorm_sample,Bacteria,Bacteroidota,Bacteroidia,Chitinophagales,Chitinophagaceae,Rurimicrobium,Rurimicrobium sp016786525,0.25,9.74706E-05,0.9089/0.8808
Te.M.1.L.A,H02,Teal,dorm_sample,Bacteria,Pseudomonadota,Alphaproteobacteria,Rhizobiales,Rhizobiaceae,Mesorhizobium_K,Mesorhizobium_K quangtriensis,0.25,9.74706E-05,0.9171/0.9111
Te.M.1.L.A,H02,Teal,dorm_sample,Bacteria,Pseudomonadota,Alphaproteobacteria,Sphingomonadales,Sphingomonadaceae,Sphingopyxis,Sphingopyxis sp001468225,0.25,9.74706E-05,0.9233/0.9132
Te.M.1.L.A,H02,Teal,dorm_sample,Bacteria,Pseudomonadota,Alphaproteobacteria,Caulobacterales,Caulobacteraceae,Phenylobacterium,Phenylobacterium sp041919955,0.25,9.74706E-05,0.9233/0.9071
Te.M.1.L.A,H02,Teal,dorm_sample,Bacteria,Pseudomonadota,Alphaproteobacteria,Sphingomonadales,Sphingomonadaceae,Sphingopyxis,Sphingopyxis macrogoltabida,0.25,9.74706E-05,0.9289/0.8419
Te.M.1.L.A,H02,Teal,dorm_sample,Bacteria,Pseudomonadota,Alphaproteobacteria,Reyranellales,Reyranellaceae,Reyranella,Reyranella sp965227665,0.25,9.74706E-05,0.9304/0.9294
Te.M.1.L.A,H02,Teal,dorm_sample,Bacteria,Pseudomonadota,Alphaproteobacteria,Rhizobiales,Beijerinckiaceae,Methylobacterium,Methylobacterium currus,0.25,9.74706E-05,0.9703/0.9660
Te.M.1.L.A,H02,Teal,dorm_sample,Bacteria,Pseudomonadota,Alphaproteobacteria,Caulobacterales,Caulobacteraceae,Brevundimonas,Brevundimonas sp002434505,0.25,9.74706E-05,0.9785/0.9782
Te.M.1.L.A,H02,Teal,dorm_sample,Bacteria,Pseudomonadota,Alphaproteobacteria,Rhizobiales,Xanthobacteraceae,Afipia,Afipia sp017308595,0.25,9.74706E-05,0.9863/0.9859
Te.M.1.L.A,H02,Teal,dorm_sample,Bacteria,Actinomycetota,Actinomycetes,Actinomycetales,Microbacteriaceae,Microbacterium,Microbacterium aurum,0.25,9.74706E-05,0.9891/0.9891
Te.M.1.L.A,H02,Teal,dorm_sample,Bacteria,Actinomycetota,Actinomycetes,Mycobacteriales,Mycobacteriaceae,Gordonia,Gordonia hongkongensis,0.25,9.74706E-05,0.9924/0.9924
Te.M.1.L.A,H02,Teal,dorm_sample,Bacteria,Bacteroidota,Bacteroidia,Bacteroidales,Bacteroidaceae,Prevotella,Prevotella pallens,0.25,9.74706E-05,0.9943/0.9943
Te.M.1.L.A,H02,Teal,dorm_sample,Bacteria,Bacteroidota,Bacteroidia,Flavobacteriales,Weeksellaceae,Chryseobacterium,Chryseobacterium nepalense,0.25,9.74706E-05,0.9946/0.9946
Te.M.1.L.A,H02,Teal,dorm_sample,Bacteria,Actinomycetota,Actinomycetes,Mycobacteriales,Mycobacteriaceae,Mycobacterium,Mycobacterium gordonae_B,0.25,9.74706E-05,0.9960/0.9959
Te.M.1.L.A,H02,Teal,dorm_sample,Bacteria,Bacteroidota,Bacteroidia,Cytophagales,Spirosomataceae,Larkinella,Larkinella sp006149005,0.25,9.74706E-05,0.9977/0.9977
Te.M.1.L.A,H02,Teal,dorm_sample,Bacteria,Bdellovibrionota,UBA1018,CAIPTA01,CAIPTA01,JAKFYM01,JAKFYM01 sp036559405,0.375,0.000146206,0.7720/0.7203
Te.M.1.L.A,H02,Teal,dorm_sample,Bacteria,Pseudomonadota,Alphaproteobacteria,Micavibrionales,Micavibrionaceae,UBA1573,UBA1573 sp003245575,0.375,0.000146206,0.7784/0.7522
Te.M.1.L.A,H02,Teal,dorm_sample,Bacteria,Acidobacteriota,Blastocatellia,Pyrinomonadales,Pyrinomonadaceae,JALZHR01,JALZHR01 sp036388475,0.375,0.000146206,0.7841/0.7394
Te.M.1.L.A,H02,Teal,dorm_sample,Bacteria,Bacteroidota,Bacteroidia,Sphingobacteriales,Sphingobacteriaceae,Pedobacter,Pedobacter sp029959615,0.375,0.000146206,0.8105/0.7705
Te.M.1.L.A,H02,Teal,dorm_sample,Bacteria,Pseudomonadota,Alphaproteobacteria,Rhizobiales,Rhizobiaceae,Mesorhizobium_K,Mesorhizobium_K marinum,0.375,0.000146206,0.8422/0.8078
Te.M.1.L.A,H02,Teal,dorm_sample,Bacteria,Myxococcota_A,Polyangia,Polyangiales,Polyangiaceae,Labilithrix,Labilithrix sp019637195,0.375,0.000146206,0.8556/0.7173
Te.M.1.L.A,H02,Teal,dorm_sample,Bacteria,Pseudomonadota,Alphaproteobacteria,Rhizobiales,Beijerinckiaceae,Enterovirga,Enterovirga sp035325185,0.375,0.000146206,0.8618/0.7286
Te.M.1.L.A,H02,Teal,dorm_sample,Bacteria,Acidobacteriota,Blastocatellia,Pyrinomonadales,Pyrinomonadaceae,JAJQRF01,JAJQRF01 sp021228405,0.375,0.000146206,0.8688/0.8508
Te.M.1.L.A,H02,Teal,dorm_sample,Bacteria,Bacteroidota,Bacteroidia,Cytophagales,Cyclobacteriaceae,Chryseolinea,Chryseolinea sp037203685,0.375,0.000146206,0.8714/0.8681
Te.M.1.L.A,H02,Teal,dorm_sample,Bacteria,Pseudomonadota,Alphaproteobacteria,Rhizobiales,Xanthobacteraceae,Bradyrhizobium,Bradyrhizobium lablabi_C,0.375,0.000146206,0.8765/0.7305
Te.M.1.L.A,H02,Teal,dorm_sample,Bacteria,Pseudomonadota,Alphaproteobacteria,Caulobacterales,Caulobacteraceae,Phenylobacterium,Phenylobacterium sp024699945,0.375,0.000146206,0.8876/0.8407
Te.M.1.L.A,H02,Teal,dorm_sample,Bacteria,Pseudomonadota,Alphaproteobacteria,Rhizobiales,Xanthobacteraceae,Pseudorhodoplanes,Pseudorhodoplanes sp035565795,0.375,0.000146206,0.8990/0.8943
Te.M.1.L.A,H02,Teal,dorm_sample,Bacteria,Bacteroidota,Bacteroidia,Cytophagales,Spirosomataceae,Dyadobacter,Dyadobacter bucti,0.375,0.000146206,0.9030/0.9016
Te.M.1.L.A,H02,Teal,dorm_sample,Bacteria,Pseudomonadota,Alphaproteobacteria,Sphingomonadales,Sphingomonadaceae,Sphingomonas,Sphingomonas sp000712135,0.375,0.000146206,0.9133/0.8974
Te.M.1.L.A,H02,Teal,dorm_sample,Bacteria,Planctomycetota,Planctomycetia,Pirellulales,Lacipirellulaceae,Lacipirellula,Lacipirellula sp965279485,0.375,0.000146206,0.9276/0.9065
Te.M.1.L.A,H02,Teal,dorm_sample,Bacteria,Pseudomonadota,Gammaproteobacteria,Burkholderiales,Rhodocyclaceae,Methyloversatilis,Methyloversatilis sp001713355,0.375,0.000146206,0.9344/0.9344
Te.M.1.L.A,H02,Teal,dorm_sample,Bacteria,Pseudomonadota,Alphaproteobacteria,Reyranellales,Reyranellaceae,Reyranella,Reyranella sp046296475,0.375,0.000146206,0.9368/0.9198
Te.M.1.L.A,H02,Teal,dorm_sample,Bacteria,Planctomycetota,Planctomycetia,Planctomycetales,Planctomycetaceae,SXPC01,SXPC01 sp005778225,0.375,0.000146206,0.9458/0.9145
Te.M.1.L.A,H02,Teal,dorm_sample,Bacteria,Pseudomonadota,Alphaproteobacteria,Rhizobiales,Beijerinckiaceae,Allobosea,Allobosea beijingensis,0.375,0.000146206,0.9513/0.8911
Te.M.1.L.A,H02,Teal,dorm_sample,Bacteria,Pseudomonadota,Alphaproteobacteria,Micropepsales,Micropepsaceae,Rhizomicrobium,Rhizomicrobium sp942492805,0.375,0.000146206,0.9701/0.9679
Te.M.1.L.A,H02,Teal,dorm_sample,Bacteria,Pseudomonadota,Alphaproteobacteria,Acetobacterales,Acetobacteraceae,Roseomonas,Roseomonas rosea,0.375,0.000146206,0.9771/0.9771
Te.M.1.L.A,H02,Teal,dorm_sample,Bacteria,Pseudomonadota,Alphaproteobacteria,Rhizobiales,Beijerinckiaceae,Allobosea,Allobosea rubneri,0.375,0.000146206,0.9842/0.9841
Te.M.1.L.A,H02,Teal,dorm_sample,Bacteria,Bacteroidota,Bacteroidia,Chitinophagales,Chitinophagaceae,Flavitalea,Flavitalea sp016786745,0.5,0.000194941,0.7521/0.7315
Te.M.1.L.A,H02,Teal,dorm_sample,Bacteria,Acidobacteriota,Blastocatellia,Pyrinomonadales,Pyrinomonadaceae,GCA-002050365,GCA-002050365 sp963761145,0.5,0.000194941,0.7803/0.7279
Te.M.1.L.A,H02,Teal,dorm_sample,Bacteria,Pseudomonadota,Alphaproteobacteria,Rickettsiales,UBA3002,QFOX01,QFOX01 sp044237845,0.5,0.000194941,0.7882/0.7642
Te.M.1.L.A,H02,Teal,dorm_sample,Bacteria,Pseudomonadota,Alphaproteobacteria,Micavibrionales,Micavibrionaceae,Micavibrio_B,Micavibrio_B aeruginosavorus_A,0.5,0.000194941,0.7887/0.7715
Te.M.1.L.A,H02,Teal,dorm_sample,Bacteria,Planctomycetota,Planctomycetia,Pirellulales,PALSA-1355,JALHMI01,JALHMI01 sp963733035,0.5,0.000194941,0.7977/0.7531
Te.M.1.L.A,H02,Teal,dorm_sample,Bacteria,Bacteroidota,Bacteroidia,Chitinophagales,Chitinophagaceae,Flavitalea,Flavitalea sp044224935,0.5,0.000194941,0.8165/0.7840
Te.M.1.L.A,H02,Teal,dorm_sample,Bacteria,Pseudomonadota,Alphaproteobacteria,Sphingomonadales,Sphingomonadaceae,Sphingomonas_B,Sphingomonas_B sp035944535,0.5,0.000194941,0.8251/0.8048
Te.M.1.L.A,H02,Teal,dorm_sample,Bacteria,Pseudomonadota,Alphaproteobacteria,Sphingomonadales,Sphingomonadaceae,Sphingomonas,Sphingomonas jeddahensis,0.5,0.000194941,0.8883/0.8210
Te.M.1.L.A,H02,Teal,dorm_sample,Bacteria,Pseudomonadota,Alphaproteobacteria,Rhizobiales,Xanthobacteraceae,Afipia,Afipia clevelandensis,0.5,0.000194941,0.9170/0.9025
Te.M.1.L.A,H02,Teal,dorm_sample,Bacteria,Pseudomonadota,Gammaproteobacteria,Burkholderiales,Burkholderiaceae,Imbroritus,Imbroritus primus,0.5,0.000194941,0.9192/0.9145
Te.M.1.L.A,H02,Teal,dorm_sample,Bacteria,Pseudomonadota,Alphaproteobacteria,Reyranellales,Reyranellaceae,Reyranella,Reyranella sp009772935,0.5,0.000194941,0.9412/0.9346
Te.M.1.L.A,H02,Teal,dorm_sample,Bacteria,Pseudomonadota,Gammaproteobacteria,Burkholderiales,Rhodocyclaceae,Methyloversatilis,Methyloversatilis sp016791045,0.5,0.000194941,0.9948/0.9948
Te.M.1.L.A,H02,Teal,dorm_sample,Bacteria,Pseudomonadota,Alphaproteobacteria,Sphingomonadales,Sphingomonadaceae,Sphingomonas,Sphingomonas taxi_B,0.5,0.000194941,0.9979/0.9979
Te.M.1.L.A,H02,Teal,dorm_sample,Bacteria,Pseudomonadota,Alphaproteobacteria,Micavibrionales,Micavibrionaceae,Micavibrio,Micavibrio aeruginosavorus_A,0.625,0.000243677,0.7624/0.7367
Te.M.1.L.A,H02,Teal,dorm_sample,Bacteria,Pseudomonadota,Alphaproteobacteria,Micavibrionales,Micavibrionaceae,Micavibrio_B,Micavibrio_B sp964633355,0.625,0.000243677,0.7789/0.7274
Te.M.1.L.A,H02,Teal,dorm_sample,Bacteria,Pseudomonadota,Alphaproteobacteria,Sphingomonadales,Sphingomonadaceae,Solisphingomonas,Solisphingomonas quercus,0.625,0.000243677,0.8235/0.7621
Te.M.1.L.A,H02,Teal,dorm_sample,Bacteria,Pseudomonadota,Alphaproteobacteria,Caulobacterales,Caulobacteraceae,Phenylobacterium,Phenylobacterium sp018821435,0.625,0.000243677,0.8342/0.7647
Te.M.1.L.A,H02,Teal,dorm_sample,Bacteria,Bacteroidota,Bacteroidia,Cytophagales,Cytophagaceae,JACMQM01,JACMQM01 sp964454665,0.625,0.000243677,0.8424/0.8352
Te.M.1.L.A,H02,Teal,dorm_sample,Bacteria,Pseudomonadota,Alphaproteobacteria,Rhizobiales,Xanthobacteraceae,Pseudorhodoplanes,Pseudorhodoplanes sp050250235,0.625,0.000243677,0.8670/0.8275
Te.M.1.L.A,H02,Teal,dorm_sample,Bacteria,Bacteroidota,Bacteroidia,Cytophagales,Cyclobacteriaceae,UBA2336,UBA2336 sp016786585,0.625,0.000243677,0.8675/0.8566
Te.M.1.L.A,H02,Teal,dorm_sample,Bacteria,Bacteroidota,Bacteroidia,Chitinophagales,Chitinophagaceae,Paraflavitalea,Paraflavitalea pollutisoli,0.625,0.000243677,0.8695/0.8416
Te.M.1.L.A,H02,Teal,dorm_sample,Bacteria,Pseudomonadota,Alphaproteobacteria,Rhizobiales,Xanthobacteraceae,Bradyrhizobium,Bradyrhizobium sp032917985,0.625,0.000243677,0.8727/0.8432
Te.M.1.L.A,H02,Teal,dorm_sample,Bacteria,Bacteroidota,Bacteroidia,Flavobacteriales,Flavobacteriaceae,Flavobacterium,Flavobacterium sp041916875,0.625,0.000243677,0.8978/0.8654
Te.M.1.L.A,H02,Teal,dorm_sample,Bacteria,Pseudomonadota,Alphaproteobacteria,Sphingomonadales,Sphingomonadaceae,Sphingopyxis,Sphingopyxis sp001468395,0.625,0.000243677,0.9308/0.9275
Te.M.1.L.A,H02,Teal,dorm_sample,Bacteria,Planctomycetota,Planctomycetia,Planctomycetales,Planctomycetaceae,SXPC01,SXPC01 sp052161635,0.625,0.000243677,0.9377/0.8920
Te.M.1.L.A,H02,Teal,dorm_sample,Bacteria,Bacteroidota,Bacteroidia,Sphingobacteriales,Sphingobacteriaceae,Pedobacter,Pedobacter sp026625705,0.625,0.000243677,0.9439/0.9370
Te.M.1.L.A,H02,Teal,dorm_sample,Bacteria,Pseudomonadota,Alphaproteobacteria,Sphingomonadales,Sphingomonadaceae,Sphingomonas,Sphingomonas endophytica,0.625,0.000243677,0.9541/0.8050
Te.M.1.L.A,H02,Teal,dorm_sample,Bacteria,Pseudomonadota,Gammaproteobacteria,Burkholderiales,Burkholderiaceae_C,Aquabacterium,Aquabacterium sp049274795,0.625,0.000243677,0.9572/0.9513
Te.M.1.L.A,H02,Teal,dorm_sample,Bacteria,Pseudomonadota,Alphaproteobacteria,Rhizobiales,Beijerinckiaceae,Methylobacterium,Methylobacterium radiotolerans,0.625,0.000243677,0.9951/0.9941
Te.M.1.L.A,H02,Teal,dorm_sample,Bacteria,Pseudomonadota,Alphaproteobacteria,Caulobacterales,Caulobacteraceae,Brevundimonas,Brevundimonas sp003938605,0.625,0.000243677,0.9994/0.9994
Te.M.1.L.A,H02,Teal,dorm_sample,Bacteria,Actinomycetota,Actinomycetes,Mycobacteriales,Mycobacteriaceae,Mycobacterium,Mycobacterium gwanakae,0.625,0.000243677,0.9999/0.9999
Te.M.1.L.A,H02,Teal,dorm_sample,Bacteria,Pseudomonadota,Alphaproteobacteria,Rickettsiales,UBA3002,QFOX01,QFOX01 sp044341105,0.75,0.000292412,0.7902/0.7489
Te.M.1.L.A,H02,Teal,dorm_sample,Bacteria,Acidobacteriota,Blastocatellia,Pyrinomonadales,Pyrinomonadaceae,GCA-002050365,GCA-002050365 sp964244835,0.75,0.000292412,0.7953/0.7692
Te.M.1.L.A,H02,Teal,dorm_sample,Bacteria,Bacteroidota,Bacteroidia,Sphingobacteriales,Sphingobacteriaceae,Pedobacter,Pedobacter psychroterrae,0.75,0.000292412,0.8360/0.8258
Te.M.1.L.A,H02,Teal,dorm_sample,Bacteria,Pseudomonadota,Alphaproteobacteria,Rickettsiales,Midichloriaceae,Jidaibacter,Jidaibacter sp014116815,0.75,0.000292412,0.8702/0.8428
Te.M.1.L.A,H02,Teal,dorm_sample,Bacteria,Pseudomonadota,Alphaproteobacteria,Rhizobiales,Xanthobacteraceae,P52-10,P52-10 sp000516555,0.75,0.000292412,0.8808/0.8490
Te.M.1.L.A,H02,Teal,dorm_sample,Bacteria,Pseudomonadota,Alphaproteobacteria,Rhizobiales,Xanthobacteraceae,Afipia,Afipia sp024508675,0.75,0.000292412,0.8905/0.8688
Te.M.1.L.A,H02,Teal,dorm_sample,Bacteria,Pseudomonadota,Alphaproteobacteria,Rhizobiales,Xanthobacteraceae,Pseudorhodoplanes,Pseudorhodoplanes sp964641065,0.75,0.000292412,0.9694/0.9134
Te.M.1.L.A,H02,Teal,dorm_sample,Bacteria,Pseudomonadota,Alphaproteobacteria,Rhizobiales,Xanthobacteraceae,Xanthobacter,Xanthobacter sp023442085,0.75,0.000292412,0.9813/0.9795
Te.M.1.L.A,H02,Teal,dorm_sample,Bacteria,Actinomycetota,Actinomycetes,Actinomycetales,Microbacteriaceae,Microbacterium,Microbacterium sufflavum,0.75,0.000292412,0.9986/0.9986
Te.M.1.L.A,H02,Teal,dorm_sample,Bacteria,Actinomycetota,Actinomycetes,Mycobacteriales,Mycobacteriaceae,Mycobacterium,Mycobacterium senegalense,0.75,0.000292412,0.9998/0.9998
Te.M.1.L.A,H02,Teal,dorm_sample,Bacteria,Bacteroidota,Bacteroidia,Chitinophagales,Chitinophagaceae,Pseudobacter,Pseudobacter rhizosphaerae,0.875,0.000341147,0.9201/0.9039
Te.M.1.L.A,H02,Teal,dorm_sample,Bacteria,Pseudomonadota,Gammaproteobacteria,Xanthomonadales,Xanthomonadaceae,Pseudoxanthomonas_A,Pseudoxanthomonas_A sp047600885,0.875,0.000341147,0.9336/0.9204
Te.M.1.L.A,H02,Teal,dorm_sample,Bacteria,Bacteroidota,Bacteroidia,Sphingobacteriales,Sphingobacteriaceae,Pedobacter,Pedobacter africanus,0.875,0.000341147,0.9361/0.9142
Te.M.1.L.A,H02,Teal,dorm_sample,Bacteria,Bacteroidota,Bacteroidia,Flavobacteriales,Weeksellaceae,Chryseobacterium,Chryseobacterium zhengzhouense,0.875,0.000341147,0.9503/0.9400
Te.M.1.L.A,H02,Teal,dorm_sample,Bacteria,Pseudomonadota,Gammaproteobacteria,Pseudomonadales,Pseudomonadaceae,Metapseudomonas,Metapseudomonas solani,0.875,0.000341147,0.9998/0.9998
Te.M.1.L.A,H02,Teal,dorm_sample,Bacteria,Pseudomonadota,Alphaproteobacteria,Rickettsiales,33-17,RICK01,RICK01 sp003932735,1,0.000389883,0.7314/0.6936
Te.M.1.L.A,H02,Teal,dorm_sample,Bacteria,Pseudomonadota,Alphaproteobacteria,Sphingomonadales,Sphingomonadaceae,Sphingomonas,Sphingomonas sp014217605,1,0.000389883,0.8636/0.7841
Te.M.1.L.A,H02,Teal,dorm_sample,Bacteria,Bacteroidota,Bacteroidia,Cytophagales,Cytophagaceae,JACMQM01,JACMQM01 sp028288405,1,0.000389883,0.8907/0.8330
Te.M.1.L.A,H02,Teal,dorm_sample,Bacteria,Actinomycetota,Actinomycetes,Actinomycetales,Microbacteriaceae,Pseudolysinimonas_A,Pseudolysinimonas_A sp023457615,1,0.000389883,0.9153/0.9023
Te.M.1.L.A,H02,Teal,dorm_sample,Bacteria,Pseudomonadota,Alphaproteobacteria,Rhizobiales,Xanthobacteraceae,Xanthobacter,Xanthobacter flavus_A,1,0.000389883,0.9562/0.9513
Te.M.1.L.A,H02,Teal,dorm_sample,Bacteria,Pseudomonadota,Alphaproteobacteria,Rhizobiales,Xanthobacteraceae,Bradyrhizobium,Bradyrhizobium sp023387735,1,0.000389883,0.9693/0.9666
Te.M.1.L.A,H02,Teal,dorm_sample,Bacteria,Pseudomonadota,Alphaproteobacteria,Reyranellales,Reyranellaceae,Reyranella,Reyranella sp001557035,1,0.000389883,0.9747/0.9731
Te.M.1.L.A,H02,Teal,dorm_sample,Bacteria,Bacteroidota,Bacteroidia,Cytophagales,Spirosomataceae,Dyadobacter,Dyadobacter fermentans_A,1,0.000389883,0.9795/0.9795
Te.M.1.L.A,H02,Teal,dorm_sample,Bacteria,Bacteroidota,Bacteroidia,UKL13-3,UKL13-3,UBA6183,UBA6183 sp947459075,1.125,0.000438618,0.8067/0.7893
Te.M.1.L.A,H02,Teal,dorm_sample,Bacteria,Pseudomonadota,Alphaproteobacteria,Sphingomonadales,Sphingomonadaceae,Sphingobium,Sphingobium sp041877245,1.125,0.000438618,0.8847/0.8404
Te.M.1.L.A,H02,Teal,dorm_sample,Bacteria,Pseudomonadota,Alphaproteobacteria,Sphingomonadales,Sphingomonadaceae,Sphingopyxis,Sphingopyxis sp022701295,1.125,0.000438618,0.9924/0.9920
Te.M.1.L.A,H02,Teal,dorm_sample,Bacteria,Bacteroidota,Bacteroidia,Cytophagales,Cyclobacteriaceae,Chryseolinea,Chryseolinea sp049840655,1.25,0.000487353,0.8133/0.7891
Te.M.1.L.A,H02,Teal,dorm_sample,Bacteria,Pseudomonadota,Alphaproteobacteria,Sphingomonadales,Sphingomonadaceae,JBLZUR01,JBLZUR01 sp048565625,1.25,0.000487353,0.8465/0.8233
Te.M.1.L.A,H02,Teal,dorm_sample,Bacteria,Pseudomonadota,Alphaproteobacteria,Rickettsiales,Midichloriaceae,Jidaibacter,Jidaibacter sp000730245,1.25,0.000487353,0.8718/0.8537
Te.M.1.L.A,H02,Teal,dorm_sample,Bacteria,Pseudomonadota,Alphaproteobacteria,Sphingomonadales,Sphingomonadaceae,Sphingobium_A,Sphingobium_A colocasiae,1.25,0.000487353,0.8803/0.8629
Te.M.1.L.A,H02,Teal,dorm_sample,Bacteria,Bacteroidota,Bacteroidia,Chitinophagales,Chitinophagaceae,CAYMZZ01,CAYMZZ01 sp001898485,1.25,0.000487353,0.9778/0.9752
Te.M.1.L.A,H02,Teal,dorm_sample,Bacteria,Pseudomonadota,Alphaproteobacteria,Sphingomonadales,Sphingomonadaceae,Sphingomonas,Sphingomonas ginsenosidimutans,1.25,0.000487353,0.9995/0.9994
Te.M.1.L.A,H02,Teal,dorm_sample,Bacteria,Pseudomonadota,Alphaproteobacteria,43-37,43-37,43-37,43-37 sp001897475,1.375,0.000536089,0.7458/0.7335
Te.M.1.L.A,H02,Teal,dorm_sample,Bacteria,Pseudomonadota,Alphaproteobacteria,Rhizobiales,Rhizobiaceae,Arvimicrobium,Arvimicrobium sp023953845,1.375,0.000536089,0.8540/0.8081
Te.M.1.L.A,H02,Teal,dorm_sample,Bacteria,Pseudomonadota,Alphaproteobacteria,Rhizobiales,Rhizobiaceae,Mesorhizobium_K,Mesorhizobium_K sp003666685,1.375,0.000536089,0.8793/0.8542
Te.M.1.L.A,H02,Teal,dorm_sample,Bacteria,Pseudomonadota,Gammaproteobacteria,Burkholderiales,Burkholderiaceae_C,Pseudorhodoferax,Pseudorhodoferax aquiterrae,1.375,0.000536089,0.9845/0.9838
Te.M.1.L.A,H02,Teal,dorm_sample,Bacteria,Pseudomonadota,Alphaproteobacteria,Rickettsiales,UBA3002,QFOX01,QFOX01 sp965247335,1.5,0.000584824,0.8056/0.7886
Te.M.1.L.A,H02,Teal,dorm_sample,Bacteria,Pseudomonadota,Alphaproteobacteria,Caulobacterales,Caulobacteraceae,Phenylobacterium,Phenylobacterium sp049445735,1.5,0.000584824,0.8807/0.8297
Te.M.1.L.A,H02,Teal,dorm_sample,Bacteria,Pseudomonadota,Alphaproteobacteria,Sphingomonadales,Sphingomonadaceae,Sphingopyxis,Sphingopyxis panaciterrae,1.5,0.000584824,0.9282/0.9049
Te.M.1.L.A,H02,Teal,dorm_sample,Bacteria,Pseudomonadota,Alphaproteobacteria,Sphingomonadales,Sphingomonadaceae,Sphingopyxis,Sphingopyxis macrogoltabida_A,1.5,0.000584824,0.9960/0.9856
Te.M.1.L.A,H02,Teal,dorm_sample,Bacteria,Pseudomonadota,Alphaproteobacteria,Micavibrionales,UBA2020,UBA2020,UBA2020 sp964551435,1.625,0.000633559,0.7711/0.7435
Te.M.1.L.A,H02,Teal,dorm_sample,Bacteria,Pseudomonadota,Alphaproteobacteria,Rickettsiales,33-17,33-17,33-17 sp001897445,1.625,0.000633559,0.7791/0.7245
Te.M.1.L.A,H02,Teal,dorm_sample,Bacteria,Pseudomonadota,Alphaproteobacteria,Rickettsiales,UBA3002,QFOX01,QFOX01 sp003241645,1.625,0.000633559,0.8030/0.7497
Te.M.1.L.A,H02,Teal,dorm_sample,Bacteria,Bacteroidota,Bacteroidia,Cytophagales,Spirosomataceae,Dyadobacter,Dyadobacter sp031457735,1.625,0.000633559,0.8783/0.8656
Te.M.1.L.A,H02,Teal,dorm_sample,Bacteria,Bacteroidota,Bacteroidia,Sphingobacteriales,Sphingobacteriaceae,Pedobacter,Pedobacter sp031119335,1.625,0.000633559,0.9201/0.8735
Te.M.1.L.A,H02,Teal,dorm_sample,Bacteria,Pseudomonadota,Alphaproteobacteria,Rhizobiales,Hyphomicrobiaceae,Hyphomicrobium_A,Hyphomicrobium_A sp964493785,1.625,0.000633559,0.9673/0.9610
Te.M.1.L.A,H02,Teal,dorm_sample,Bacteria,Acidobacteriota,Blastocatellia,Pyrinomonadales,Pyrinomonadaceae,JAFDVJ01,JAFDVJ01 sp965247805,1.75,0.000682295,0.7957/0.7614
Te.M.1.L.A,H02,Teal,dorm_sample,Bacteria,Bacteroidota,Bacteroidia,UKL13-3,UKL13-3,UBA6183,UBA6183 sp040385895,1.75,0.000682295,0.7978/0.7766
Te.M.1.L.A,H02,Teal,dorm_sample,Bacteria,Bacteroidota,Bacteroidia,Chitinophagales,Chitinophagaceae,Flavitalea,Flavitalea sp963808065,1.75,0.000682295,0.8242/0.7957
Te.M.1.L.A,H02,Teal,dorm_sample,Bacteria,Actinomycetota,Actinomycetes,Actinomycetales,Microbacteriaceae,Pseudolysinimonas_A,Pseudolysinimonas_A sp947085045,1.75,0.000682295,0.8458/0.7694
Te.M.1.L.A,H02,Teal,dorm_sample,Bacteria,Verrucomicrobiota,Verrucomicrobiia,Verrucomicrobiales,Akkermansiaceae,Luteolibacter,Luteolibacter sp026625605,1.75,0.000682295,0.8705/0.8563
Te.M.1.L.A,H02,Teal,dorm_sample,Bacteria,Bacteroidota,Bacteroidia,Flavobacteriales,Weeksellaceae,Chryseobacterium,Chryseobacterium formosense,1.75,0.000682295,0.8946/0.8209
Te.M.1.L.A,H02,Teal,dorm_sample,Bacteria,Pseudomonadota,Alphaproteobacteria,Reyranellales,Reyranellaceae,Reyranella,Reyranella humidisoli,1.75,0.000682295,0.9444/0.8850
Te.M.1.L.A,H02,Teal,dorm_sample,Bacteria,Bacteroidota,Bacteroidia,Chitinophagales,Chitinophagaceae,Flavitalea,Flavitalea sp964606315,1.875,0.00073103,0.7824/0.7500
Te.M.1.L.A,H02,Teal,dorm_sample,Bacteria,Pseudomonadota,Gammaproteobacteria,Burkholderiales,Burkholderiaceae_C,Acidovorax,Acidovorax sp034519795,1.875,0.00073103,0.9231/0.8594
Te.M.1.L.A,H02,Teal,dorm_sample,Bacteria,Pseudomonadota,Gammaproteobacteria,Xanthomonadales,Rhodanobacteraceae,Tahibacter,Tahibacter sp042701255,1.875,0.00073103,0.9318/0.9295
Te.M.1.L.A,H02,Teal,dorm_sample,Bacteria,Pseudomonadota,Gammaproteobacteria,Burkholderiales,Burkholderiaceae_C,Ottowia,Ottowia beijingensis,1.875,0.00073103,0.9693/0.9686
Te.M.1.L.A,H02,Teal,dorm_sample,Bacteria,Pseudomonadota,Gammaproteobacteria,Xanthomonadales,Xanthomonadaceae,Lysobacter,Lysobacter enzymogenes_C,2,0.000779765,0.9375/0.9006
Te.M.1.L.A,H02,Teal,dorm_sample,Bacteria,Pseudomonadota,Alphaproteobacteria,Rickettsiales,UBA3002,QFOX01,QFOX01 sp040377415,2.125,0.0008285,0.8240/0.7996
Te.M.1.L.A,H02,Teal,dorm_sample,Bacteria,Pseudomonadota,Alphaproteobacteria,Sphingomonadales,Sphingomonadaceae,Sphingobium,Sphingobium olei,2.125,0.0008285,0.8927/0.8827
Te.M.1.L.A,H02,Teal,dorm_sample,Bacteria,Pseudomonadota,Alphaproteobacteria,Caulobacterales,Caulobacteraceae,Phenylobacterium,Phenylobacterium sp030654915,2.125,0.0008285,0.9335/0.9326
Te.M.1.L.A,H02,Teal,dorm_sample,Bacteria,Pseudomonadota,Alphaproteobacteria,Rickettsiales,33-17,JAFKLR01,JAFKLR01 sp017304685,2.25,0.000877236,0.7666/0.7462
Te.M.1.L.A,H02,Teal,dorm_sample,Bacteria,Bacteroidota,Bacteroidia,UKL13-3,UKL13-3,UBA6183,UBA6183 sp964603255,2.25,0.000877236,0.7704/0.7571
Te.M.1.L.A,H02,Teal,dorm_sample,Bacteria,Pseudomonadota,Alphaproteobacteria,Paracaedibacterales,Paracaedibacteraceae,Paracaedibacter,Paracaedibacter acanthamoebae,2.25,0.000877236,0.8408/0.8298
Te.M.1.L.A,H02,Teal,dorm_sample,Bacteria,Pseudomonadota,Alphaproteobacteria,Sphingomonadales,Sphingomonadaceae,Novosphingobium,Novosphingobium silvae,2.25,0.000877236,0.9994/0.9994
Te.M.1.L.A,H02,Teal,dorm_sample,Bacteria,Pseudomonadota,Alphaproteobacteria,Paracaedibacterales,Paracaedibacteraceae,Paracaedibacter_A,Paracaedibacter_A symbiosus,2.375,0.000925971,0.7588/0.7269
Te.M.1.L.A,H02,Teal,dorm_sample,Bacteria,Bacteroidota,Bacteroidia,Chitinophagales,Chitinophagaceae,Agriterribacter,Agriterribacter sp051958655,2.375,0.000925971,0.8897/0.8767
Te.M.1.L.A,H02,Teal,dorm_sample,Bacteria,Bdellovibrionota,UBA1018,CAIPTA01,CAIPTA01,JAKFYM01,JAKFYM01 sp050246755,2.5,0.000974706,0.7777/0.7493
Te.M.1.L.A,H02,Teal,dorm_sample,Bacteria,Pseudomonadota,Alphaproteobacteria,Micavibrionales,Micavibrionaceae,Micavibrio_B,Micavibrio_B sp964399985,2.625,0.001023442,0.7961/0.7595
Te.M.1.L.A,H02,Teal,dorm_sample,Bacteria,Bacteroidota,Bacteroidia,Cytophagales,Spirosomataceae,Dyadobacter,Dyadobacter fermentans,2.625,0.001023442,0.9688/0.9571
Te.M.1.L.A,H02,Teal,dorm_sample,Bacteria,Acidobacteriota,Blastocatellia,Pyrinomonadales,Pyrinomonadaceae,JAIBCC01,JAIBCC01 sp963779235,2.75,0.001072177,0.7918/0.7487
Te.M.1.L.A,H02,Teal,dorm_sample,Bacteria,Bacteroidota,Bacteroidia,Chitinophagales,Chitinophagaceae,Flavitalea,Flavitalea sp963782225,2.75,0.001072177,0.8081/0.7737
Te.M.1.L.A,H02,Teal,dorm_sample,Bacteria,Bacteroidota,Bacteroidia,Sphingobacteriales,Sphingobacteriaceae,Pedobacter,Pedobacter africanus_A,3.25,0.001267118,0.9519/0.9462
Te.M.1.L.A,H02,Teal,dorm_sample,Bacteria,Pseudomonadota,Gammaproteobacteria,Xanthomonadales,Xanthomonadaceae,Pseudoxanthomonas_A,Pseudoxanthomonas_A sp002863005,3.5,0.001364589,0.9924/0.9924
Te.M.1.L.A,H02,Teal,dorm_sample,Bacteria,Actinomycetota,Actinomycetes,Actinomycetales,Microbacteriaceae,Agromyces,Agromyces mediolanus_A,3.5,0.001364589,0.9988/0.9983
Te.M.1.L.A,H02,Teal,dorm_sample,Bacteria,Actinomycetota,Actinomycetes,Actinomycetales,Microbacteriaceae,Microbacterium,Microbacterium sp003248845,3.625,0.001413324,0.9834/0.9630
Te.M.1.L.A,H02,Teal,dorm_sample,Bacteria,Planctomycetota,Planctomycetia,Planctomycetales,Planctomycetaceae,Planctomyces_A,Planctomyces_A sp023429275,3.75,0.00146206,0.8273/0.7889
Te.M.1.L.A,H02,Teal,dorm_sample,Bacteria,Bacteroidota,Bacteroidia,Sphingobacteriales,Sphingobacteriaceae,Pedobacter,Pedobacter ureilyticus,3.75,0.00146206,0.9110/0.8973
Te.M.1.L.A,H02,Teal,dorm_sample,Bacteria,Pseudomonadota,Alphaproteobacteria,Sphingomonadales,Sphingomonadaceae,Sphingomonas,Sphingomonas sp964407945,3.75,0.00146206,0.9110/0.9054
Te.M.1.L.A,H02,Teal,dorm_sample,Bacteria,Pseudomonadota,Gammaproteobacteria,Xanthomonadales,Xanthomonadaceae,Pseudoxanthomonas_A,Pseudoxanthomonas_A mexicana_A,3.75,0.00146206,0.9197/0.9178
Te.M.1.L.A,H02,Teal,dorm_sample,Bacteria,Bdellovibrionota,Bacteriovoracia,Bacteriovoracales,Bacteriovoracaceae,Peredibacter,Peredibacter sp036675045,4.125,0.001608266,0.8200/0.8111
Te.M.1.L.A,H02,Teal,dorm_sample,Bacteria,Bacteroidota,Bacteroidia,Chitinophagales,Chitinophagaceae,Flavitalea,Flavitalea sp964387165,4.125,0.001608266,0.8726/0.8365
Te.M.1.L.A,H02,Teal,dorm_sample,Bacteria,Pseudomonadota,Alphaproteobacteria,Caulobacterales,Caulobacteraceae,Phenylobacterium,Phenylobacterium kunshanense,4.125,0.001608266,0.8988/0.8690
Te.M.1.L.A,H02,Teal,dorm_sample,Bacteria,Bacteroidota,Bacteroidia,Chitinophagales,Chitinophagaceae,Pseudobacter,Pseudobacter ginsenosidimutans,4.125,0.001608266,0.9155/0.8845
Te.M.1.L.A,H02,Teal,dorm_sample,Bacteria,Pseudomonadota,Alphaproteobacteria,Rhizobiales,Beijerinckiaceae,Methylobacterium,Methylobacterium sp900112625,4.125,0.001608266,0.9758/0.9742
Te.M.1.L.A,H02,Teal,dorm_sample,Bacteria,Actinomycetota,Actinomycetes,Actinomycetales,Microbacteriaceae,Microbacterium,Microbacterium oxydans,4.25,0.001657001,0.9992/0.9992
Te.M.1.L.A,H02,Teal,dorm_sample,Bacteria,Pseudomonadota,Alphaproteobacteria,Sphingomonadales,Sphingomonadaceae,Sphingomonas,Sphingomonas agrestis,4.375,0.001705736,0.9081/0.8490
Te.M.1.L.A,H02,Teal,dorm_sample,Bacteria,Pseudomonadota,Gammaproteobacteria,Xanthomonadales,Rhodanobacteraceae,Tahibacter,Tahibacter harae,4.625,0.001803207,0.8690/0.8242
Te.M.1.L.A,H02,Teal,dorm_sample,Bacteria,Pseudomonadota,Alphaproteobacteria,Micavibrionales,UBA2020,UBA2020,UBA2020 sp046314385,4.75,0.001851942,0.7766/0.7351
Te.M.1.L.A,H02,Teal,dorm_sample,Bacteria,Bacteroidota,Bacteroidia,Cytophagales,Spirosomataceae,Dyadobacter,Dyadobacter sp035565435,4.875,0.001900677,0.9119/0.8777
Te.M.1.L.A,H02,Teal,dorm_sample,Bacteria,Pseudomonadota,Gammaproteobacteria,Burkholderiales,Burkholderiaceae_C,Acidovorax,Acidovorax sp046339755,5,0.001949413,0.9929/0.9919
Te.M.1.L.A,H02,Teal,dorm_sample,Bacteria,Pseudomonadota,Alphaproteobacteria,Sphingomonadales,Sphingomonadaceae,Sphingomonas,Sphingomonas phyllosphaerae,5.375,0.002095619,0.9379/0.8751
Te.M.1.L.A,H02,Teal,dorm_sample,Bacteria,Pseudomonadota,Gammaproteobacteria,Xanthomonadales,Xanthomonadaceae,Lysobacter,Lysobacter sp900107375,5.5,0.002144354,0.9380/0.7891
Te.M.1.L.A,H02,Teal,dorm_sample,Bacteria,Pseudomonadota,Gammaproteobacteria,Xanthomonadales,Xanthomonadaceae,Stenotrophomonas,Stenotrophomonas muris,5.5,0.002144354,0.9993/0.9992
Te.M.1.L.A,H02,Teal,dorm_sample,Bacteria,Bdellovibrionota,Bacteriovoracia,Bacteriovoracales,Bacteriovoracaceae,Peredibacter,Peredibacter sp046595005,5.625,0.002193089,0.8731/0.8708
Te.M.1.L.A,H02,Teal,dorm_sample,Bacteria,Bacteroidota,Bacteroidia,Cytophagales,Spirosomataceae,Dyadobacter,Dyadobacter sp001898145,5.625,0.002193089,0.8990/0.8796
Te.M.1.L.A,H02,Teal,dorm_sample,Bacteria,Pseudomonadota,Gammaproteobacteria,Xanthomonadales,Xanthomonadaceae,Lysobacter,Lysobacter enzymogenes_D,5.875,0.00229056,0.9723/0.9649
Te.M.1.L.A,H02,Teal,dorm_sample,Bacteria,Pseudomonadota,Gammaproteobacteria,Legionellales,Legionellaceae,Legionella_C,Legionella_C beliardensis,6.25,0.002436766,0.9484/0.9446
Te.M.1.L.A,H02,Teal,dorm_sample,Bacteria,Bacteroidota,Bacteroidia,Flavobacteriales,Flavobacteriaceae,Flavobacterium,Flavobacterium sp026107645,6.5,0.002534237,0.9072/0.8821
Te.M.1.L.A,H02,Teal,dorm_sample,Bacteria,Pseudomonadota,Gammaproteobacteria,Burkholderiales,Burkholderiaceae_C,Pseudorhodoferax,Pseudorhodoferax sp001422365,6.5,0.002534237,0.9613/0.9605
Te.M.1.L.A,H02,Teal,dorm_sample,Bacteria,Bacteroidota,Bacteroidia,Chitinophagales,Chitinophagaceae,Niabella,Niabella sp052044285,6.5,0.002534237,0.9670/0.9278
Te.M.1.L.A,H02,Teal,dorm_sample,Bacteria,Bacteroidota,Bacteroidia,Cytophagales,Cyclobacteriaceae,UBA2336,UBA2336 sp016786495,7.375,0.002875384,0.8705/0.8317
Te.M.1.L.A,H02,Teal,dorm_sample,Bacteria,Pseudomonadota,Alphaproteobacteria,Sphingomonadales,Sphingomonadaceae,Sphingopyxis,Sphingopyxis sp014873485,7.375,0.002875384,0.9407/0.9238
Te.M.1.L.A,H02,Teal,dorm_sample,Bacteria,Pseudomonadota,Alphaproteobacteria,Micavibrionales,UBA2020,JAEXMB01,JAEXMB01 sp023444705,8,0.00311906,0.8440/0.8067
Te.M.1.L.A,H02,Teal,dorm_sample,Bacteria,Pseudomonadota,Alphaproteobacteria,Reyranellales,Reyranellaceae,Reyranella,Reyranella sp965228225,8,0.00311906,0.9906/0.9904
Te.M.1.L.A,H02,Teal,dorm_sample,Bacteria,Planctomycetota,Planctomycetia,Planctomycetales,Planctomycetaceae,Planctomyces_A,Planctomyces_A sp001610835,8.5,0.003314002,0.8572/0.8385
Te.M.1.L.A,H02,Teal,dorm_sample,Bacteria,Bacteroidota,Bacteroidia,Chitinophagales,Chitinophagaceae,Polluticoccus,Polluticoccus sp004144175,8.625,0.003362737,0.8150/0.7887
Te.M.1.L.A,H02,Teal,dorm_sample,Bacteria,Pseudomonadota,Alphaproteobacteria,Sphingomonadales,Sphingomonadaceae,Sphingobium,Sphingobium amiense,8.625,0.003362737,0.8950/0.8795
Te.M.1.L.A,H02,Teal,dorm_sample,Bacteria,Pseudomonadota,Gammaproteobacteria,Burkholderiales,Burkholderiaceae_C,Comamonas,Comamonas tsuruhatensis,8.625,0.003362737,0.9992/0.9992
Te.M.1.L.A,H02,Teal,dorm_sample,Bacteria,Pseudomonadota,Gammaproteobacteria,Burkholderiales,Burkholderiaceae_C,Pseudorhodoferax,Pseudorhodoferax sp032153935,9,0.003508943,0.9665/0.9377
Te.M.1.L.A,H02,Teal,dorm_sample,Bacteria,Actinomycetota,Actinomycetes,Mycobacteriales,Mycobacteriaceae,Mycobacterium,Mycobacterium gilvum,9.25,0.003606414,0.9943/0.9917
Te.M.1.L.A,H02,Teal,dorm_sample,Bacteria,Pseudomonadota,Alphaproteobacteria,Rhizobiales,Beijerinckiaceae,Allobosea,Allobosea eneae,9.375,0.003655149,0.9835/0.9710
Te.M.1.L.A,H02,Teal,dorm_sample,Bacteria,Pseudomonadota,Alphaproteobacteria,Caulobacterales,Caulobacteraceae,Brevundimonas,Brevundimonas pondensis,9.375,0.003655149,0.9994/0.9994
Te.M.1.L.A,H02,Teal,dorm_sample,Bacteria,Verrucomicrobiota,Verrucomicrobiia,Chthoniobacterales,Terrimicrobiaceae,CAYUMP01,CAYUMP01 sp964445975,9.625,0.00375262,0.8138/0.7671
Te.M.1.L.A,H02,Teal,dorm_sample,Bacteria,Pseudomonadota,Alphaproteobacteria,Caulobacterales,Caulobacteraceae,Brevundimonas,Brevundimonas sp016463295,9.625,0.00375262,0.8952/0.8172
Te.M.1.L.A,H02,Teal,dorm_sample,Bacteria,Pseudomonadota,Gammaproteobacteria,Xanthomonadales,Xanthomonadaceae,Stenotrophomonas,Stenotrophomonas rhizophila_A,10.125,0.003947561,0.9930/0.9915
Te.M.1.L.A,H02,Teal,dorm_sample,Bacteria,Pseudomonadota,Alphaproteobacteria,Caulobacterales,Caulobacteraceae,Phenylobacterium,Phenylobacterium haematophilum,10.625,0.004142502,0.9992/0.9992
Te.M.1.L.A,H02,Teal,dorm_sample,Bacteria,Pseudomonadota,Alphaproteobacteria,Paracaedibacterales,Paracaedibacteraceae,Paracaedibacter,Paracaedibacter thessalonicensis,10.875,0.004239973,0.9773/0.9441
Te.M.1.L.A,H02,Teal,dorm_sample,Bacteria,Actinomycetota,Actinomycetes,Mycobacteriales,Mycobacteriaceae,Mycobacterium,Mycobacterium sp018326285,11,0.004288708,0.9917/0.9901
Te.M.1.L.A,H02,Teal,dorm_sample,Bacteria,Bacteroidota,Bacteroidia,Cytophagales,Cyclobacteriaceae,UBA2336,UBA2336 sp964538575,11.25,0.004386179,0.8573/0.8425
Te.M.1.L.A,H02,Teal,dorm_sample,Bacteria,Pseudomonadota,Alphaproteobacteria,Micavibrionales,UBA2020,JAEXMB01,JAEXMB01 sp027483355,11.375,0.004434914,0.8479/0.8320
Te.M.1.L.A,H02,Teal,dorm_sample,Bacteria,Pseudomonadota,Alphaproteobacteria,Sphingomonadales,Sphingomonadaceae,Sphingomonas,Sphingomonas sp943913195,11.625,0.004532385,0.9847/0.9838
Te.M.1.L.A,H02,Teal,dorm_sample,Bacteria,Planctomycetota,Planctomycetia,Pirellulales,Lacipirellulaceae,Lacipirellula,Lacipirellula parvula,12,0.004678591,0.9186/0.8763
Te.M.1.L.A,H02,Teal,dorm_sample,Bacteria,Pseudomonadota,Alphaproteobacteria,Caulobacterales,Caulobacteraceae,Phenylobacterium,Phenylobacterium sp001824475,12.375,0.004824797,0.9468/0.9304
Te.M.1.L.A,H02,Teal,dorm_sample,Bacteria,Pseudomonadota,Alphaproteobacteria,Rhizobiales,Rhizobiaceae,Agrobacterium,Agrobacterium pusense,12.75,0.004971002,0.9994/0.9993
Te.M.1.L.A,H02,Teal,dorm_sample,Bacteria,Bacteroidota,Bacteroidia,Chitinophagales,Chitinophagaceae,Agriterribacter,Agriterribacter sp051955255,13.375,0.005214679,0.8690/0.8164
Te.M.1.L.A,H02,Teal,dorm_sample,Bacteria,Bdellovibrionota,Bacteriovoracia,Bacteriovoracales,Bacteriovoracaceae,Peredibacter,Peredibacter sp040387275,13.625,0.00531215,0.8557/0.8339
Te.M.1.L.A,H02,Teal,dorm_sample,Bacteria,Pseudomonadota,Alphaproteobacteria,Sphingomonadales,Sphingomonadaceae,Sphingomonas,Sphingomonas sp964021865,14.125,0.005507091,0.9680/0.9534
Te.M.1.L.A,H02,Teal,dorm_sample,Bacteria,Bacteroidota,Bacteroidia,B-17B0,Aurantibacillaceae,UBA4416,UBA4416 sp002390745,14.375,0.005604562,0.9024/0.8920
Te.M.1.L.A,H02,Teal,dorm_sample,Bacteria,Pseudomonadota,Gammaproteobacteria,Xanthomonadales,Xanthomonadaceae,Pseudoxanthomonas_A,Pseudoxanthomonas_A sp014851805,14.625,0.005702032,0.9316/0.9279
Te.M.1.L.A,H02,Teal,dorm_sample,Bacteria,Pseudomonadota,Alphaproteobacteria,Caulobacterales,Caulobacteraceae,Phenylobacterium,Phenylobacterium sp030681155,15,0.005848238,0.9887/0.9710
Te.M.1.L.A,H02,Teal,dorm_sample,Bacteria,Cyanobacteriota,Vampirovibrionia,Obscuribacterales,Obscuribacteraceae,JAFKGK01,JAFKGK01 sp017307165,15.5,0.006043179,0.9797/0.9788
Te.M.1.L.A,H02,Teal,dorm_sample,Bacteria,Bacteroidota,Bacteroidia,Sphingobacteriales,Sphingobacteriaceae,Pedobacter,Pedobacter chitinilyticus,17.375,0.006774209,0.9853/0.9834
Te.M.1.L.A,H02,Teal,dorm_sample,Bacteria,Pseudomonadota,Alphaproteobacteria,Rhizobiales,Beijerinckiaceae,Allobosea,Allobosea sp900112185,18.5,0.007212827,0.9727/0.9713
Te.M.1.L.A,H02,Teal,dorm_sample,Bacteria,Pseudomonadota,Gammaproteobacteria,Burkholderiales,Burkholderiaceae_C,Aquabacterium,Aquabacterium sp049322875,19,0.007407768,0.9654/0.9572
Te.M.1.L.A,H02,Teal,dorm_sample,Bacteria,Pseudomonadota,Alphaproteobacteria,Sphingomonadales,Sphingomonadaceae,Sphingobium,Sphingobium sp003248505,19.625,0.007651445,0.9836/0.9814
Te.M.1.L.A,H02,Teal,dorm_sample,Bacteria,Pseudomonadota,Gammaproteobacteria,Burkholderiales,Burkholderiaceae_C,Xenophilus,Xenophilus sp003671765,22.125,0.008626151,0.9659/0.9598
Te.M.1.L.A,H02,Teal,dorm_sample,Bacteria,Pseudomonadota,Gammaproteobacteria,Burkholderiales,Burkholderiaceae_C,Ottowia,Ottowia testudinis,23.875,0.009308446,0.9019/0.8942
Te.M.1.L.A,H02,Teal,dorm_sample,Bacteria,Pseudomonadota,Alphaproteobacteria,Caulobacterales,Caulobacteraceae,Phenylobacterium,Phenylobacterium sp040752615,25.25,0.009844534,0.9134/0.8197
Te.M.1.L.A,H02,Teal,dorm_sample,Bacteria,Bacteroidota,Bacteroidia,B-17B0,Aurantibacillaceae,UBA4416,UBA4416 sp964543545,27.625,0.01077051,0.8396/0.8025
Te.M.1.L.A,H02,Teal,dorm_sample,Bacteria,Bacteroidota,Bacteroidia,Cytophagales,Cyclobacteriaceae,UBA2336,UBA2336 sp019694875,30.875,0.01203762,0.8455/0.8265
Te.M.1.L.A,H02,Teal,dorm_sample,Bacteria,Pseudomonadota,Alphaproteobacteria,Sphingomonadales,Sphingomonadaceae,Blastomonas,Blastomonas ursincola,31.75,0.01237877,0.9979/0.9979
Te.M.1.L.A,H02,Teal,dorm_sample,Bacteria,Bacteroidota,Bacteroidia,B-17B0,Aurantibacillaceae,UBA4416,UBA4416 sp943362175,31.875,0.01242751,0.8600/0.8113
Te.M.1.L.A,H02,Teal,dorm_sample,Bacteria,Pseudomonadota,Alphaproteobacteria,Caulobacterales,Caulobacteraceae,Brevundimonas,Brevundimonas sp041919755,32.625,0.01271992,0.9400/0.8866
Te.M.1.L.A,H02,Teal,dorm_sample,Bacteria,Pseudomonadota,Gammaproteobacteria,Xanthomonadales,Rhodanobacteraceae,Dokdonella,Dokdonella koreensis,34.125,0.01330474,0.9599/0.9538
Te.M.1.L.A,H02,Teal,dorm_sample,Bacteria,Actinomycetota,Actinomycetes,Mycobacteriales,Mycobacteriaceae,Mycobacterium,Mycobacterium fortuitum,35.25,0.01374336,0.9989/0.9988
Te.M.1.L.A,H02,Teal,dorm_sample,Bacteria,Pseudomonadota,Alphaproteobacteria,Sphingomonadales,Sphingomonadaceae,Sphingomonas,Sphingomonas sp036402235,38.375,0.01496174,0.8910/0.8459
Te.M.1.L.A,H02,Teal,dorm_sample,Bacteria,Bdellovibrionota,Bdellovibrionia,Bdellovibrionales,UBA1609,CAYHVK01,CAYHVK01 sp964360255,39,0.01520542,0.8244/0.8017
Te.M.1.L.A,H02,Teal,dorm_sample,Bacteria,Pseudomonadota,Alphaproteobacteria,Rhizobiales,Rhizobiaceae,Shinella,Shinella sp001262505,40.125,0.01564404,0.9933/0.9933
Te.M.1.L.A,H02,Teal,dorm_sample,Bacteria,Pseudomonadota,Alphaproteobacteria,Sphingomonadales,Sphingomonadaceae,Sphingomonas,Sphingomonas koreensis,55.625,0.02168722,0.8996/0.8357
Te.M.1.L.A,H02,Teal,dorm_sample,Bacteria,Pseudomonadota,Alphaproteobacteria,Rhizobiales,Beijerinckiaceae,Allobosea,Allobosea vestrisii,56.25,0.02193089,0.9932/0.9922
Te.M.1.L.A,H02,Teal,dorm_sample,Bacteria,Pseudomonadota,Gammaproteobacteria,Xanthomonadales,Xanthomonadaceae,Pseudoxanthomonas_A,Pseudoxanthomonas_A sp014851815,63.875,0.02490375,0.9423/0.9304
Te.M.1.L.A,H02,Teal,dorm_sample,Bacteria,Pseudomonadota,Alphaproteobacteria,Sphingomonadales,Sphingomonadaceae,Sphingopyxis,Sphingopyxis sp035998905,68.5,0.02670695,0.9957/0.9922
Te.M.1.L.A,H02,Teal,dorm_sample,Bacteria,Pseudomonadota,Gammaproteobacteria,Burkholderiales,Burkholderiaceae_C,Ottowia,Ottowia sp018060485,78.5,0.03060578,0.9846/0.9700
Te.M.1.L.A,H02,Teal,dorm_sample,Bacteria,Pseudomonadota,Gammaproteobacteria,Xanthomonadales,Xanthomonadaceae,Lysobacter,Lysobacter yananisis,80.125,0.03123934,0.9370/0.9002
Te.M.1.L.A,H02,Teal,dorm_sample,Bacteria,unclassified Bacteria phylum,unclassified Bacteria class,unclassified Bacteria order,unclassified Bacteria family,unclassified Bacteria genus,unclassified Bacteria species,86.375,0.03367611,0.0000/0.0000
Te.M.1.L.A,H02,Teal,dorm_sample,Bacteria,Pseudomonadota,Alphaproteobacteria,Caedimonadales,UBA1908,JACESU01,JACESU01 sp013911655,113.75,0.04434914,0.9993/0.9975
Te.M.1.L.A,H02,Teal,dorm_sample,Bacteria,Pseudomonadota,Gammaproteobacteria,Burkholderiales,Burkholderiaceae_C,Xenophilus,Xenophilus sp901875635,120.125,0.04683464,0.9989/0.9978
Te.M.1.L.A,H02,Teal,dorm_sample,Bacteria,Pseudomonadota,Alphaproteobacteria,Caulobacterales,Caulobacteraceae,Caulobacter,Caulobacter sp913776195,131.75,0.05136703,0.9757/0.9545
Te.M.1.L.A,H02,Teal,dorm_sample,Bacteria,Pseudomonadota,Gammaproteobacteria,Xanthomonadales,Xanthomonadaceae,Pseudoxanthomonas_A,Pseudoxanthomonas_A japonensis,188.625,0.0735416,0.9808/0.9785
Te.M.1.L.A,H02,Teal,dorm_sample,Bacteria,Actinomycetota,Actinomycetes,Mycobacteriales,Mycobacteriaceae,Mycobacterium,Mycobacterium phocaicum,420.5,0.1639456,0.9921/0.9841
Te.M.2.H.B,H03,Teal,dorm_sample,Archaea,unclassified Archaea phylum,unclassified Archaea class,unclassified Archaea order,unclassified Archaea family,unclassified Archaea genus,unclassified Archaea species,0.125,0.000615385,0.0000/0.0000
Te.M.2.H.B,H03,Teal,dorm_sample,Bacteria,Verrucomicrobiota,Verrucomicrobiia,Chthoniobacterales,JAATET01,JAATET01,JAATET01 sp036569045,0.25,0.001230769,0.7718/0.7521
Te.M.2.H.B,H03,Teal,dorm_sample,Bacteria,Verrucomicrobiota,Verrucomicrobiia,Chthoniobacterales,Terrimicrobiaceae,CAYUMP01,CAYUMP01 sp964445975,0.25,0.001230769,0.7742/0.7480
Te.M.2.H.B,H03,Teal,dorm_sample,Bacteria,Bacteroidota,Bacteroidia,Cytophagales,Cyclobacteriaceae,ELB16-189,ELB16-189 sp044229915,0.25,0.001230769,0.7970/0.7813
Te.M.2.H.B,H03,Teal,dorm_sample,Bacteria,Myxococcota,XYA12-FULL-58-9,XYA12-FULL-58-9,JALHOP01,JALHOP01,JALHOP01 sp041288095,0.25,0.001230769,0.8125/0.7923
Te.M.2.H.B,H03,Teal,dorm_sample,Bacteria,Bdellovibrionota,Bdellovibrionia,Bdellovibrionales,UBA1609,CAYHVK01,CAYHVK01 sp964360255,0.25,0.001230769,0.8319/0.8156
Te.M.2.H.B,H03,Teal,dorm_sample,Bacteria,Bacteroidota,Bacteroidia,Sphingobacteriales,Sphingobacteriaceae,Daejeonella,Daejeonella lutea,0.25,0.001230769,0.8561/0.8456
Te.M.2.H.B,H03,Teal,dorm_sample,Bacteria,Pseudomonadota,Alphaproteobacteria,Rhizobiales,Rhizobiaceae,Shinella,Shinella granuli,0.25,0.001230769,0.9041/0.7841
Te.M.2.H.B,H03,Teal,dorm_sample,Bacteria,Pseudomonadota,Alphaproteobacteria,Rhizobiales,Rhizobiaceae,Aminobacter,Aminobacter sp050433665,0.25,0.001230769,0.9090/0.9078
Te.M.2.H.B,H03,Teal,dorm_sample,Bacteria,Pseudomonadota,Alphaproteobacteria,Rhizobiales,Aestuariivirgaceae,Taklimakanibacter,Taklimakanibacter sp005502925,0.25,0.001230769,0.9287/0.9225
Te.M.2.H.B,H03,Teal,dorm_sample,Bacteria,Verrucomicrobiota,Verrucomicrobiia,Opitutales,Opitutaceae,ER46,ER46 sp964480585,0.25,0.001230769,0.9307/0.9146
Te.M.2.H.B,H03,Teal,dorm_sample,Bacteria,Bacteroidota,Bacteroidia,B-17B0,Aurantibacillaceae,UBA4416,UBA4416 sp964543545,0.25,0.001230769,0.9360/0.9100
Te.M.2.H.B,H03,Teal,dorm_sample,Bacteria,Pseudomonadota,Alphaproteobacteria,Sphingomonadales,Sphingomonadaceae,Sphingosinicella,Sphingosinicella xenopeptidilytica,0.25,0.001230769,0.9529/0.9512
Te.M.2.H.B,H03,Teal,dorm_sample,Bacteria,Pseudomonadota,Alphaproteobacteria,Sphingomonadales,Sphingomonadaceae,Sphingopyxis,Sphingopyxis sp001468395,0.25,0.001230769,0.9768/0.9214
Te.M.2.H.B,H03,Teal,dorm_sample,Bacteria,Pseudomonadota,Gammaproteobacteria,Burkholderiales,Burkholderiaceae_C,Comamonas,Comamonas tsuruhatensis,0.25,0.001230769,0.9954/0.9954
Te.M.2.H.B,H03,Teal,dorm_sample,Bacteria,Actinomycetota,Actinomycetes,Actinomycetales,Microbacteriaceae,Agromyces,Agromyces mediolanus_A,0.25,0.001230769,0.9970/0.9939
Te.M.2.H.B,H03,Teal,dorm_sample,Bacteria,Pseudomonadota,Gammaproteobacteria,Legionellales,Legionellaceae,Legionella_C,Legionella_C beliardensis,0.25,0.001230769,0.9984/0.9984
Te.M.2.H.B,H03,Teal,dorm_sample,Bacteria,Pseudomonadota,Gammaproteobacteria,Burkholderiales,Burkholderiaceae_C,Variovorax,Variovorax sp001541225,0.25,0.001230769,0.9995/0.9996
Te.M.2.H.B,H03,Teal,dorm_sample,Bacteria,Cyanobacteriota,Vampirovibrionia,Obscuribacterales,Obscuribacteraceae,Ga0077546,Ga0077546 sp021732025,0.375,0.001846154,0.7995/0.7627
Te.M.2.H.B,H03,Teal,dorm_sample,Bacteria,Bacteroidota,Bacteroidia,Chitinophagales,Chitinophagaceae,JAFIGV01,JAFIGV01 sp023418315,0.375,0.001846154,0.8104/0.7582
Te.M.2.H.B,H03,Teal,dorm_sample,Bacteria,Pseudomonadota,Alphaproteobacteria,Sphingomonadales,Sphingomonadaceae,Sphingopyxis,Sphingopyxis sp001468225,0.375,0.001846154,0.8933/0.8877
Te.M.2.H.B,H03,Teal,dorm_sample,Bacteria,Pseudomonadota,Alphaproteobacteria,Caulobacterales,Caulobacteraceae,Phenylobacterium,Phenylobacterium sp040752615,0.375,0.001846154,0.9005/0.8915
Te.M.2.H.B,H03,Teal,dorm_sample,Bacteria,Pseudomonadota,Alphaproteobacteria,Sphingomonadales,Sphingomonadaceae,Sphingopyxis,Sphingopyxis sp035998905,0.375,0.001846154,0.9541/0.9431
Te.M.2.H.B,H03,Teal,dorm_sample,Bacteria,Pseudomonadota,Gammaproteobacteria,Burkholderiales,Burkholderiaceae_C,Acidovorax,Acidovorax temperans,0.375,0.001846154,0.9823/0.9823
Te.M.2.H.B,H03,Teal,dorm_sample,Bacteria,Pseudomonadota,Alphaproteobacteria,Reyranellales,Reyranellaceae,Reyranella,Reyranella sp964588065,0.375,0.001846154,0.9877/0.9869
Te.M.2.H.B,H03,Teal,dorm_sample,Bacteria,Pseudomonadota,Gammaproteobacteria,Burkholderiales,Burkholderiaceae_C,Acidovorax,Acidovorax facilis,0.375,0.001846154,0.9912/0.9912
Te.M.2.H.B,H03,Teal,dorm_sample,Bacteria,Bacteroidota,Bacteroidia,Sphingobacteriales,Sphingobacteriaceae,Daejeonella,Daejeonella sp029360805,0.5,0.002461538,0.8183/0.7839
Te.M.2.H.B,H03,Teal,dorm_sample,Bacteria,Pseudomonadota,Alphaproteobacteria,Reyranellales,Reyranellaceae,Reyranella,Reyranella sp052439685,0.5,0.002461538,0.9010/0.8843
Te.M.2.H.B,H03,Teal,dorm_sample,Bacteria,Bacteroidota,Bacteroidia,Chitinophagales,Chitinophagaceae,Flavihumibacter,Flavihumibacter sp964547405,0.5,0.002461538,0.9564/0.9513
Te.M.2.H.B,H03,Teal,dorm_sample,Bacteria,Bacteroidota,Bacteroidia,Chitinophagales,Chitinophagaceae,Niabella,Niabella sp052044285,0.5,0.002461538,0.9623/0.8939
Te.M.2.H.B,H03,Teal,dorm_sample,Bacteria,Pseudomonadota,Alphaproteobacteria,Rhizobiales,Beijerinckiaceae,Methylobacterium,Methylobacterium sp900112625,0.5,0.002461538,0.9804/0.9794
Te.M.2.H.B,H03,Teal,dorm_sample,Bacteria,Pseudomonadota,Gammaproteobacteria,Burkholderiales,Burkholderiaceae_C,Diaphorobacter,Diaphorobacter nitroreducens,0.5,0.002461538,0.9893/0.9893
Te.M.2.H.B,H03,Teal,dorm_sample,Bacteria,Pseudomonadota,Alphaproteobacteria,Rhizobiales,Beijerinckiaceae,Methylobacterium,Methylobacterium radiotolerans,0.5,0.002461538,0.9950/0.9945
Te.M.2.H.B,H03,Teal,dorm_sample,Bacteria,Planctomycetota,Planctomycetia,Planctomycetales,Planctomycetaceae,Planctomyces_A,Planctomyces_A sp023429275,0.625,0.003076923,0.8175/0.7717
Te.M.2.H.B,H03,Teal,dorm_sample,Bacteria,Pseudomonadota,Gammaproteobacteria,Xanthomonadales,Rhodanobacteraceae,Dokdonella_A,Dokdonella_A sp963705335,0.625,0.003076923,0.8649/0.8340
Te.M.2.H.B,H03,Teal,dorm_sample,Bacteria,Cyanobacteriota,Vampirovibrionia,Obscuribacterales,Obscuribacteraceae,Ga0077546,Ga0077546 sp965229195,0.625,0.003076923,0.8657/0.8489
Te.M.2.H.B,H03,Teal,dorm_sample,Bacteria,Myxococcota_A,Polyangia,Haliangiales,Haliangiaceae,JABFXX01,JABFXX01 sp023428295,0.625,0.003076923,0.8755/0.7931
Te.M.2.H.B,H03,Teal,dorm_sample,Bacteria,Pseudomonadota,Alphaproteobacteria,Rhizobiales,Xanthobacteraceae,Bradyrhizobium,Bradyrhizobium lablabi_C,0.625,0.003076923,0.8789/0.7991
Te.M.2.H.B,H03,Teal,dorm_sample,Bacteria,Pseudomonadota,Alphaproteobacteria,Sphingomonadales,Sphingomonadaceae,JAWKXU01,JAWKXU01 sp035581365,0.625,0.003076923,0.8916/0.8881
Te.M.2.H.B,H03,Teal,dorm_sample,Bacteria,Pseudomonadota,Gammaproteobacteria,Xanthomonadales,Xanthomonadaceae,Pseudoxanthomonas_A,Pseudoxanthomonas_A sp014851805,0.625,0.003076923,0.9439/0.9419
Te.M.2.H.B,H03,Teal,dorm_sample,Bacteria,Pseudomonadota,Gammaproteobacteria,Xanthomonadales,Xanthomonadaceae,Pseudoxanthomonas_A,Pseudoxanthomonas_A japonensis,0.625,0.003076923,0.9589/0.9546
Te.M.2.H.B,H03,Teal,dorm_sample,Bacteria,Pseudomonadota,Gammaproteobacteria,Xanthomonadales,Rhodanobacteraceae,Dokdonella_A,Dokdonella_A sp023430685,0.625,0.003076923,0.9904/0.9823
Te.M.2.H.B,H03,Teal,dorm_sample,Bacteria,Bacteroidota,Bacteroidia,Cytophagales,Cyclobacteriaceae,Chryseolinea,Chryseolinea sp037203685,0.75,0.003692308,0.8505/0.8453
Te.M.2.H.B,H03,Teal,dorm_sample,Bacteria,Bacteroidota,Bacteroidia,Chitinophagales,Chitinophagaceae,Pseudobacter,Pseudobacter ginsenosidimutans,0.75,0.003692308,0.8760/0.8593
Te.M.2.H.B,H03,Teal,dorm_sample,Bacteria,Bacteroidota,Bacteroidia,Chitinophagales,Chitinophagaceae,Terrimonas,Terrimonas ferruginea,0.75,0.003692308,0.9070/0.9001
Te.M.2.H.B,H03,Teal,dorm_sample,Bacteria,Bacteroidota,Bacteroidia,B-17B0,Aurantibacillaceae,UBA4416,UBA4416 sp943362175,0.75,0.003692308,0.9400/0.8843
Te.M.2.H.B,H03,Teal,dorm_sample,Bacteria,Bacteroidota,Bacteroidia,Chitinophagales,LD1,Bog-950,Bog-950 sp018267435,0.75,0.003692308,0.9678/0.8229
Te.M.2.H.B,H03,Teal,dorm_sample,Bacteria,Actinomycetota,Actinomycetes,Mycobacteriales,Mycobacteriaceae,Mycobacterium,Mycobacterium gwanakae,0.75,0.003692308,0.9929/0.9803
Te.M.2.H.B,H03,Teal,dorm_sample,Bacteria,Pseudomonadota,Alphaproteobacteria,Caulobacterales,Caulobacteraceae,Phenylobacterium,Phenylobacterium haematophilum,0.75,0.003692308,0.9947/0.9946
Te.M.2.H.B,H03,Teal,dorm_sample,Bacteria,Actinomycetota,Actinomycetes,Mycobacteriales,Micromonosporaceae,Micromonospora,Micromonospora aurantiaca,0.75,0.003692308,0.9983/0.9960
Te.M.2.H.B,H03,Teal,dorm_sample,Bacteria,Bacteroidota,Bacteroidia,Chitinophagales,Chitinophagaceae,Endoryza,Endoryza sp031360425,0.875,0.004307692,0.7640/0.7101
Te.M.2.H.B,H03,Teal,dorm_sample,Bacteria,Myxococcota,XYA12-FULL-58-9,XYA12-FULL-58-9,JALHOP01,JALHOP01,JALHOP01 sp039809465,0.875,0.004307692,0.8678/0.7978
Te.M.2.H.B,H03,Teal,dorm_sample,Bacteria,Pseudomonadota,Gammaproteobacteria,Xanthomonadales,Rhodanobacteraceae,Tahibacter,Tahibacter sp042701255,0.875,0.004307692,0.8799/0.8672
Te.M.2.H.B,H03,Teal,dorm_sample,Bacteria,Pseudomonadota,Gammaproteobacteria,Xanthomonadales,Ahniellaceae,UBA4656,UBA4656 sp021299185,1,0.004923077,0.8216/0.7949
Te.M.2.H.B,H03,Teal,dorm_sample,Bacteria,Pseudomonadota,Gammaproteobacteria,Xanthomonadales,Xanthomonadaceae,Pseudoxanthomonas_A,Pseudoxanthomonas_A mexicana,1.125,0.005538462,0.9846/0.9813
Te.M.2.H.B,H03,Teal,dorm_sample,Bacteria,Pseudomonadota,Alphaproteobacteria,Rhizobiales,Rhizobiaceae,Shinella,Shinella sp001262505,1.125,0.005538462,0.9944/0.9943
Te.M.2.H.B,H03,Teal,dorm_sample,Bacteria,Pseudomonadota,Gammaproteobacteria,Burkholderiales,Burkholderiaceae,Imbroritus,Imbroritus primus,1.25,0.006153846,0.9300/0.9240
Te.M.2.H.B,H03,Teal,dorm_sample,Bacteria,Pseudomonadota,Alphaproteobacteria,Sphingomonadales,Sphingomonadaceae,Sphingopyxis,Sphingopyxis sp000756375,1.25,0.006153846,0.9551/0.9445
Te.M.2.H.B,H03,Teal,dorm_sample,Bacteria,Planctomycetota,Planctomycetia,Planctomycetales,Planctomycetaceae,Planctomyces_A,Planctomyces_A sp001610835,1.375,0.006769231,0.8735/0.8546
Te.M.2.H.B,H03,Teal,dorm_sample,Bacteria,Bacteroidota,Bacteroidia,Chitinophagales,Chitinophagaceae,Pseudobacter,Pseudobacter sp051955275,1.375,0.006769231,0.9399/0.9156
Te.M.2.H.B,H03,Teal,dorm_sample,Bacteria,Actinomycetota,Actinomycetes,Mycobacteriales,Mycobacteriaceae,Mycobacterium,Mycobacterium grossiae,1.375,0.006769231,0.9889/0.9882
Te.M.2.H.B,H03,Teal,dorm_sample,Bacteria,Actinomycetota,Actinomycetes,Mycobacteriales,Mycobacteriaceae,Mycobacterium,Mycobacterium paragordonae,1.375,0.006769231,0.9988/0.9988
Te.M.2.H.B,H03,Teal,dorm_sample,Bacteria,Bacteroidota,Bacteroidia,Chitinophagales,Chitinophagaceae,Endoryza,Endoryza sp965279015,1.625,0.008,0.7904/0.7525
Te.M.2.H.B,H03,Teal,dorm_sample,Bacteria,Pseudomonadota,Gammaproteobacteria,Xanthomonadales,Rhodanobacteraceae,Tahibacter,Tahibacter soli,1.625,0.008,0.8186/0.7800
Te.M.2.H.B,H03,Teal,dorm_sample,Bacteria,Bacteroidota,Bacteroidia,Cytophagales,172606-1,Xanthocytophaga,Xanthocytophaga sp963520985,1.625,0.008,0.9032/0.8601
Te.M.2.H.B,H03,Teal,dorm_sample,Bacteria,Bacteroidota,Bacteroidia,Cytophagales,Cyclobacteriaceae,Chryseolinea,Chryseolinea sp049840655,2,0.009846154,0.8118/0.7885
Te.M.2.H.B,H03,Teal,dorm_sample,Bacteria,Actinomycetota,Actinomycetes,Actinomycetales,Microbacteriaceae,Microbacterium,Microbacterium sp003248845,2,0.009846154,0.9856/0.9758
Te.M.2.H.B,H03,Teal,dorm_sample,Bacteria,Actinomycetota,Actinomycetes,Mycobacteriales,Mycobacteriaceae,Mycobacterium,Mycobacterium sp018326285,2.25,0.01107692,0.9872/0.9512
Te.M.2.H.B,H03,Teal,dorm_sample,Bacteria,Bacteroidota,Bacteroidia,Chitinophagales,Chitinophagaceae,Agriterribacter,Agriterribacter sp051955255,2.5,0.01230769,0.9879/0.9836
Te.M.2.H.B,H03,Teal,dorm_sample,Bacteria,Pseudomonadota,Gammaproteobacteria,Xanthomonadales,Xanthomonadaceae,Lysobacter_I,Lysobacter_I brunescens,2.625,0.01292308,0.9565/0.9557
Te.M.2.H.B,H03,Teal,dorm_sample,Bacteria,Bacteroidota,Bacteroidia,Chitinophagales,Chitinophagaceae,Paraflavitalea,Paraflavitalea pollutisoli,2.75,0.01353846,0.8569/0.8150
Te.M.2.H.B,H03,Teal,dorm_sample,Bacteria,Pseudomonadota,Alphaproteobacteria,Sphingomonadales,Sphingomonadaceae,Sphingopyxis,Sphingopyxis sp014873485,2.75,0.01353846,0.9221/0.8810
Te.M.2.H.B,H03,Teal,dorm_sample,Bacteria,Pseudomonadota,Gammaproteobacteria,Xanthomonadales,Xanthomonadaceae,Lysobacter_I,Lysobacter_I sp005502915,3.5,0.01723077,0.9394/0.9343
Te.M.2.H.B,H03,Teal,dorm_sample,Bacteria,Bacteroidota,Bacteroidia,Chitinophagales,Chitinophagaceae,Polluticoccus,Polluticoccus sp036406055,4,0.01969231,0.9782/0.9777
Te.M.2.H.B,H03,Teal,dorm_sample,Bacteria,Bacteroidota,Bacteroidia,Chitinophagales,Chitinophagaceae,Endoryza,Endoryza sp044226045,4.25,0.02092308,0.7826/0.7458
Te.M.2.H.B,H03,Teal,dorm_sample,Bacteria,Pseudomonadota,Gammaproteobacteria,Burkholderiales,Burkholderiaceae_C,Aquincola,Aquincola tertiaricarbonis_B,4.25,0.02092308,0.9598/0.9560
Te.M.2.H.B,H03,Teal,dorm_sample,Bacteria,Pseudomonadota,Gammaproteobacteria,Burkholderiales,Burkholderiaceae_C,Ottowia,Ottowia testudinis,5,0.02461538,0.9003/0.8924
Te.M.2.H.B,H03,Teal,dorm_sample,Bacteria,Cyanobacteriota,Vampirovibrionia,Obscuribacterales,Obscuribacteraceae,JAFKGK01,JAFKGK01 sp017307165,5,0.02461538,0.9680/0.9666
Te.M.2.H.B,H03,Teal,dorm_sample,Bacteria,Pseudomonadota,Gammaproteobacteria,Xanthomonadales,Ahniellaceae,JBGAHD01,JBGAHD01 sp044226395,5.625,0.02769231,0.8424/0.7968
Te.M.2.H.B,H03,Teal,dorm_sample,Bacteria,Pseudomonadota,Alphaproteobacteria,Sphingomonadales,Sphingomonadaceae,Sphingomonas,Sphingomonas koreensis,7.375,0.03630769,0.9902/0.9831
Te.M.2.H.B,H03,Teal,dorm_sample,Bacteria,Actinomycetota,Actinomycetes,Mycobacteriales,Mycobacteriaceae,Mycobacterium,Mycobacterium fortuitum,7.875,0.03876923,0.9987/0.9985
Te.M.2.H.B,H03,Teal,dorm_sample,Bacteria,Pseudomonadota,Alphaproteobacteria,Sphingomonadales,Sphingomonadaceae,Blastomonas,Blastomonas ursincola,10.25,0.05046154,0.9885/0.9878
Te.M.2.H.B,H03,Teal,dorm_sample,Bacteria,Pseudomonadota,Gammaproteobacteria,Xanthomonadales,Xanthomonadaceae,Lysobacter_I,Lysobacter_I sp036404915,12.375,0.06092308,0.9750/0.9671
Te.M.2.H.B,H03,Teal,dorm_sample,Bacteria,unclassified Bacteria phylum,unclassified Bacteria class,unclassified Bacteria order,unclassified Bacteria family,unclassified Bacteria genus,unclassified Bacteria species,17.375,0.08553846,0.0000/0.0000
Te.M.2.H.B,H03,Teal,dorm_sample,Bacteria,Pseudomonadota,Gammaproteobacteria,Burkholderiales,Burkholderiaceae_C,Ottowia,Ottowia sp018060485,20.75,0.1021538,0.9873/0.9786
Te.M.2.H.B,H03,Teal,dorm_sample,Bacteria,Actinomycetota,Actinomycetes,Mycobacteriales,Mycobacteriaceae,Mycobacterium,Mycobacterium phocaicum,37.375,0.184,0.9890/0.9756
Te.F.3.H.B,H04,Teal,dorm_sample,Bacteria,Bacteroidota,Bacteroidia,Chitinophagales,Chitinophagaceae,JAFIGV01,JAFIGV01 sp035497455,0.25,0.01639344,0.8232/0.8061
Te.F.3.H.B,H04,Teal,dorm_sample,Bacteria,Verrucomicrobiota,Verrucomicrobiia,Chthoniobacterales,Terrimicrobiaceae,Terrimicrobium,Terrimicrobium sp003054655,0.25,0.01639344,0.8233/0.8131
Te.F.3.H.B,H04,Teal,dorm_sample,Bacteria,Pseudomonadota,Gammaproteobacteria,Xanthomonadales,Ahniellaceae,JBGAHD01,JBGAHD01 sp044226395,0.25,0.01639344,0.8423/0.7957
Te.F.3.H.B,H04,Teal,dorm_sample,Bacteria,Actinomycetota,Actinomycetes,Mycobacteriales,Mycobacteriaceae,Mycobacterium,Mycobacterium kiyosense,0.25,0.01639344,0.8659/0.8179
Te.F.3.H.B,H04,Teal,dorm_sample,Bacteria,Pseudomonadota,Alphaproteobacteria,Sphingomonadales,Sphingomonadaceae,Sphingopyxis,Sphingopyxis sp001468225,0.25,0.01639344,0.9130/0.8725
Te.F.3.H.B,H04,Teal,dorm_sample,Bacteria,Pseudomonadota,Gammaproteobacteria,Burkholderiales,Burkholderiaceae_D,Telluria,Telluria agri,0.25,0.01639344,0.9717/0.9689
Te.F.3.H.B,H04,Teal,dorm_sample,Bacteria,Actinomycetota,Actinomycetes,Mycobacteriales,Mycobacteriaceae,Mycobacterium,Mycobacterium gwanakae,0.25,0.01639344,0.9998/0.9998
Te.F.3.H.B,H04,Teal,dorm_sample,Bacteria,Chlamydiota,Chlamydiia,Chlamydiales,Parachlamydiaceae,JANWJE01,JANWJE01 sp044226925,0.375,0.02459016,0.7666/0.7340
Te.F.3.H.B,H04,Teal,dorm_sample,Bacteria,Actinomycetota,Actinomycetes,Mycobacteriales,Mycobacteriaceae,Mycobacterium,Mycobacterium paragordonae,0.5,0.03278689,0.8326/0.8073
Te.F.3.H.B,H04,Teal,dorm_sample,Bacteria,Pseudomonadota,Gammaproteobacteria,Burkholderiales,Burkholderiaceae_C,Ottowia,Ottowia sp018060485,0.5,0.03278689,0.9864/0.9274
Te.F.3.H.B,H04,Teal,dorm_sample,Bacteria,Pseudomonadota,Gammaproteobacteria,Xanthomonadales,Xanthomonadaceae,Pseudoxanthomonas_A,Pseudoxanthomonas_A mexicana,0.5,0.03278689,0.9877/0.9856
Te.F.3.H.B,H04,Teal,dorm_sample,Bacteria,Verrucomicrobiota,Verrucomicrobiia,Chthoniobacterales,Terrimicrobiaceae,CAYUMP01,CAYUMP01 sp964445975,0.625,0.04098361,0.8348/0.8203
Te.F.3.H.B,H04,Teal,dorm_sample,Bacteria,Actinomycetota,Actinomycetes,Mycobacteriales,Mycobacteriaceae,Mycobacterium,Mycobacterium phocaicum,0.875,0.05737705,0.9815/0.9812
Te.F.3.H.B,H04,Teal,dorm_sample,Bacteria,Pseudomonadota,Alphaproteobacteria,Sphingomonadales,Sphingomonadaceae,Sphingobium,Sphingobium yanoikuyae_A,1,0.06557377,0.9827/0.9817
Te.F.3.H.B,H04,Teal,dorm_sample,Bacteria,Actinomycetota,Actinomycetes,Mycobacteriales,Mycobacteriaceae,Mycobacterium,Mycobacterium fortuitum,3.875,0.2540984,0.9991/0.9991
Te.F.3.H.B,H04,Teal,dorm_sample,Bacteria,unclassified Bacteria phylum,unclassified Bacteria class,unclassified Bacteria order,unclassified Bacteria family,unclassified Bacteria genus,unclassified Bacteria species,5.25,0.3442623,0.0000/0.0000
Co.F.2.H.A,H05,Collins,dorm_sample,Archaea,unclassified Archaea phylum,unclassified Archaea class,unclassified Archaea order,unclassified Archaea family,unclassified Archaea genus,unclassified Archaea species,0.125,0.000484262,0.0000/0.0000
Co.F.2.H.A,H05,Collins,dorm_sample,Bacteria,Pseudomonadota,Alphaproteobacteria,Micavibrionales,UBA2020,JAPWJZ01,JAPWJZ01 sp025934695,0.25,0.000968523,0.7829/0.7421
Co.F.2.H.A,H05,Collins,dorm_sample,Bacteria,Planctomycetota,Planctomycetia,Planctomycetales,Planctomycetaceae,Planctomyces_A,Planctomyces_A sp023429275,0.25,0.000968523,0.7872/0.7252
Co.F.2.H.A,H05,Collins,dorm_sample,Bacteria,Bacteroidota,Bacteroidia,Chitinophagales,Chitinophagaceae,Polluticoccus,Polluticoccus sp902168085,0.25,0.000968523,0.7925/0.7715
Co.F.2.H.A,H05,Collins,dorm_sample,Bacteria,Pseudomonadota,Alphaproteobacteria,Sphingomonadales,Sphingomonadaceae,Sphingobium,Sphingobium sp003248505,0.25,0.000968523,0.8339/0.7804
Co.F.2.H.A,H05,Collins,dorm_sample,Bacteria,Pseudomonadota,Alphaproteobacteria,Caulobacterales,Caulobacteraceae,Phenylobacterium,Phenylobacterium terrae,0.25,0.000968523,0.8366/0.8100
Co.F.2.H.A,H05,Collins,dorm_sample,Bacteria,Actinomycetota,Actinomycetes,Actinomycetales,Microbacteriaceae,Pseudolysinimonas_A,Pseudolysinimonas_A sp947085045,0.25,0.000968523,0.8474/0.8055
Co.F.2.H.A,H05,Collins,dorm_sample,Bacteria,Planctomycetota,Planctomycetia,Planctomycetales,Planctomycetaceae,Planctomyces_A,Planctomyces_A sp001610835,0.25,0.000968523,0.8702/0.8568
Co.F.2.H.A,H05,Collins,dorm_sample,Bacteria,Pseudomonadota,Alphaproteobacteria,Rhizobiales,Rhizobiaceae,Arvimicrobium,Arvimicrobium flavum,0.25,0.000968523,0.8797/0.8591
Co.F.2.H.A,H05,Collins,dorm_sample,Bacteria,Planctomycetota,Phycisphaerae,Phycisphaerales,UBA1924,UBA2396,UBA2396 sp050916045,0.25,0.000968523,0.8953/0.8903
Co.F.2.H.A,H05,Collins,dorm_sample,Bacteria,Bacteroidota,Bacteroidia,Chitinophagales,Chitinophagaceae,Pseudobacter,Pseudobacter sp051955275,0.25,0.000968523,0.8979/0.8928
Co.F.2.H.A,H05,Collins,dorm_sample,Bacteria,Pseudomonadota,Alphaproteobacteria,Rhizobiales,Hyphomicrobiaceae,Hyphomicrobium_C,Hyphomicrobium_C zavarzinii,0.25,0.000968523,0.9001/0.8906
Co.F.2.H.A,H05,Collins,dorm_sample,Bacteria,Pseudomonadota,Alphaproteobacteria,Rhizobiales,Aestuariivirgaceae,Taklimakanibacter,Taklimakanibacter sp011046735,0.25,0.000968523,0.9253/0.9082
Co.F.2.H.A,H05,Collins,dorm_sample,Bacteria,Pseudomonadota,Alphaproteobacteria,Sphingomonadales,Sphingomonadaceae,Sphingopyxis,Sphingopyxis sp001427105,0.25,0.000968523,0.9300/0.9144
Co.F.2.H.A,H05,Collins,dorm_sample,Bacteria,Bacteroidota,Bacteroidia,Cytophagales,Cytophagaceae,Cytophaga,Cytophaga aurantiaca,0.25,0.000968523,0.9331/0.9159
Co.F.2.H.A,H05,Collins,dorm_sample,Bacteria,Pseudomonadota,Alphaproteobacteria,Rhizobiales,Beijerinckiaceae,Allobosea,Allobosea sp024655635,0.25,0.000968523,0.9373/0.8135
Co.F.2.H.A,H05,Collins,dorm_sample,Bacteria,Pseudomonadota,Gammaproteobacteria,Xanthomonadales,Xanthomonadaceae,Pseudoxanthomonas_A,Pseudoxanthomonas_A sp037046485,0.25,0.000968523,0.9851/0.9832
Co.F.2.H.A,H05,Collins,dorm_sample,Bacteria,Bacteroidota,Bacteroidia,Chitinophagales,Chitinophagaceae,Agriterribacter,Agriterribacter sp051955255,0.25,0.000968523,0.9859/0.9853
Co.F.2.H.A,H05,Collins,dorm_sample,Bacteria,Pseudomonadota,Alphaproteobacteria,Rhizobiales,Beijerinckiaceae,Allobosea,Allobosea lupini,0.25,0.000968523,0.9910/0.9871
Co.F.2.H.A,H05,Collins,dorm_sample,Bacteria,Bacteroidota,Bacteroidia,Flavobacteriales,Weeksellaceae,Chryseobacterium,Chryseobacterium salviniae,0.25,0.000968523,0.9992/0.9993
Co.F.2.H.A,H05,Collins,dorm_sample,Bacteria,Bacteroidota,Bacteroidia,Flavobacteriales,Weeksellaceae,Chryseobacterium,Chryseobacterium phocaeense,0.25,0.000968523,0.9998/0.9998
Co.F.2.H.A,H05,Collins,dorm_sample,Bacteria,Pseudomonadota,Gammaproteobacteria,Burkholderiales,Burkholderiaceae_C,Comamonas,Comamonas tsuruhatensis,0.25,0.000968523,0.9999/0.9999
Co.F.2.H.A,H05,Collins,dorm_sample,Bacteria,Pseudomonadota,Alphaproteobacteria,Rickettsiales,UBA3002,QFOX01,QFOX01 sp044237845,0.375,0.001452785,0.7766/0.7502
Co.F.2.H.A,H05,Collins,dorm_sample,Bacteria,Bacteroidota,Bacteroidia,B-17B0,Aurantibacillaceae,Aurantibacillus,Aurantibacillus circumpalustris,0.375,0.001452785,0.7775/0.7542
Co.F.2.H.A,H05,Collins,dorm_sample,Bacteria,Acidobacteriota,Vicinamibacteria,Vicinamibacterales,Vicinamibacteraceae,JBDSLU01,JBDSLU01 sp963816265,0.375,0.001452785,0.7817/0.7096
Co.F.2.H.A,H05,Collins,dorm_sample,Bacteria,Bacteroidota,Bacteroidia,Chitinophagales,Chitinophagaceae,Pseudobacter,Pseudobacter sp017849455,0.375,0.001452785,0.8104/0.7597
Co.F.2.H.A,H05,Collins,dorm_sample,Bacteria,Cyanobacteriota,Vampirovibrionia,Obscuribacterales,Obscuribacteraceae,Ga0077546,Ga0077546 sp021732025,0.375,0.001452785,0.8123/0.7762
Co.F.2.H.A,H05,Collins,dorm_sample,Bacteria,Pseudomonadota,Alphaproteobacteria,Micavibrionales,Micavibrionaceae,Micavibrio_B,Micavibrio_B sp030824965,0.375,0.001452785,0.8140/0.8054
Co.F.2.H.A,H05,Collins,dorm_sample,Bacteria,Bdellovibrionota,Bdellovibrionia,Bdellovibrionales,JAEYZS01,JAEYZS01,JAEYZS01 sp040386775,0.375,0.001452785,0.8268/0.8152
Co.F.2.H.A,H05,Collins,dorm_sample,Bacteria,Bacteroidota,Bacteroidia,Cytophagales,Cyclobacteriaceae,UBA2336,UBA2336 sp964538575,0.375,0.001452785,0.8590/0.7849
Co.F.2.H.A,H05,Collins,dorm_sample,Bacteria,Bacteroidota,Bacteroidia,Chitinophagales,Chitinophagaceae,Niabella,Niabella sp023423285,0.375,0.001452785,0.8675/0.8639
Co.F.2.H.A,H05,Collins,dorm_sample,Bacteria,Pseudomonadota,Alphaproteobacteria,Caulobacterales,Hyphomonadaceae,UBA7672,UBA7672 sp965229115,0.375,0.001452785,0.9061/0.8487
Co.F.2.H.A,H05,Collins,dorm_sample,Bacteria,Pseudomonadota,Gammaproteobacteria,Steroidobacterales,Steroidobacteraceae,Steroidobacter,Steroidobacter soli,0.375,0.001452785,0.9123/0.9076
Co.F.2.H.A,H05,Collins,dorm_sample,Bacteria,Bacteroidota,Bacteroidia,Chitinophagales,Chitinophagaceae,Chitinophaga,Chitinophaga niabensis,0.375,0.001452785,0.9129/0.9051
Co.F.2.H.A,H05,Collins,dorm_sample,Bacteria,Pseudomonadota,Alphaproteobacteria,Reyranellales,Reyranellaceae,Reyranella,Reyranella sp046296475,0.375,0.001452785,0.9305/0.9194
Co.F.2.H.A,H05,Collins,dorm_sample,Bacteria,Pseudomonadota,Gammaproteobacteria,Xanthomonadales,Xanthomonadaceae,Pseudoxanthomonas_A,Pseudoxanthomonas_A sp047600885,0.375,0.001452785,0.9594/0.9541
Co.F.2.H.A,H05,Collins,dorm_sample,Bacteria,Pseudomonadota,Alphaproteobacteria,Rhizobiales,Beijerinckiaceae,Allobosea,Allobosea eneae,0.375,0.001452785,0.9742/0.9741
Co.F.2.H.A,H05,Collins,dorm_sample,Bacteria,Pseudomonadota,Gammaproteobacteria,Burkholderiales,Burkholderiaceae,Imbroritus,Imbroritus primus,0.375,0.001452785,0.9897/0.9896
Co.F.2.H.A,H05,Collins,dorm_sample,Bacteria,Acidobacteriota,Vicinamibacteria,Vicinamibacterales,CAVVIG01,CAVTHG01,CAVTHG01 sp963734375,0.5,0.001937046,0.7702/0.7305
Co.F.2.H.A,H05,Collins,dorm_sample,Bacteria,Bacteroidota,Bacteroidia,Cytophagales,172606-1,Xanthocytophaga,Xanthocytophaga sp963520985,0.5,0.001937046,0.8052/0.7861
Co.F.2.H.A,H05,Collins,dorm_sample,Bacteria,Bacteroidota,Bacteroidia,Sphingobacteriales,Sphingobacteriaceae,Mucilaginibacter,Mucilaginibacter hurinus,0.5,0.001937046,0.8678/0.8463
Co.F.2.H.A,H05,Collins,dorm_sample,Bacteria,Pseudomonadota,Gammaproteobacteria,Xanthomonadales,Rhodanobacteraceae,Tahibacter,Tahibacter harae,0.5,0.001937046,0.8748/0.7792
Co.F.2.H.A,H05,Collins,dorm_sample,Bacteria,Actinomycetota,Actinomycetes,Actinomycetales,Microbacteriaceae,Pseudolysinimonas_A,Pseudolysinimonas_A sp023457615,0.5,0.001937046,0.9017/0.8859
Co.F.2.H.A,H05,Collins,dorm_sample,Bacteria,Pseudomonadota,Alphaproteobacteria,Sphingomonadales,Sphingomonadaceae,Sphingobium_A,Sphingobium_A colocasiae,0.5,0.001937046,0.9036/0.8928
Co.F.2.H.A,H05,Collins,dorm_sample,Bacteria,Planctomycetota,Planctomycetia,Pirellulales,PNKZ01,PNKZ01,PNKZ01 sp017303535,0.5,0.001937046,0.9063/0.8578
Co.F.2.H.A,H05,Collins,dorm_sample,Bacteria,Planctomycetota,Planctomycetia,Kolteriales,Kolteriaceae,JAIEPU01,JAIEPU01 sp019748235,0.5,0.001937046,0.9329/0.9319
Co.F.2.H.A,H05,Collins,dorm_sample,Bacteria,Pseudomonadota,Alphaproteobacteria,Sphingomonadales,Sphingomonadaceae,Erythrobacter,Erythrobacter oryzae,0.5,0.001937046,0.9406/0.9319
Co.F.2.H.A,H05,Collins,dorm_sample,Bacteria,Pseudomonadota,Alphaproteobacteria,Caulobacterales,Caulobacteraceae,Phenylobacterium,Phenylobacterium haematophilum,0.5,0.001937046,0.9615/0.9614
Co.F.2.H.A,H05,Collins,dorm_sample,Bacteria,Pseudomonadota,Alphaproteobacteria,Rhizobiales,Beijerinckiaceae,Allobosea,Allobosea sp900112185,0.5,0.001937046,0.9688/0.9674
Co.F.2.H.A,H05,Collins,dorm_sample,Bacteria,Pseudomonadota,Gammaproteobacteria,Burkholderiales,Burkholderiaceae_C,Acidovorax,Acidovorax temperans,0.5,0.001937046,0.9831/0.9827
Co.F.2.H.A,H05,Collins,dorm_sample,Bacteria,Pseudomonadota,Gammaproteobacteria,Legionellales,Legionellaceae,Tatlockia,Tatlockia feeleii,0.5,0.001937046,0.9932/0.9930
Co.F.2.H.A,H05,Collins,dorm_sample,Bacteria,Babelota,Babeliae,Babelales,Vermiphilaceae,Vermiphilus,Vermiphilus pyriformis,0.5,0.001937046,0.9953/0.9950
Co.F.2.H.A,H05,Collins,dorm_sample,Bacteria,Pseudomonadota,Alphaproteobacteria,43-37,43-37,43-37,43-37 sp001897475,0.625,0.002421308,0.7449/0.7289
Co.F.2.H.A,H05,Collins,dorm_sample,Bacteria,Bacteroidota,Bacteroidia,B-17B0,Aurantibacillaceae,UBA4416,UBA4416 sp002390745,0.625,0.002421308,0.9038/0.8986
Co.F.2.H.A,H05,Collins,dorm_sample,Bacteria,Pseudomonadota,Alphaproteobacteria,Sphingomonadales,Sphingomonadaceae,Sphingopyxis,Sphingopyxis panaciterrae,0.625,0.002421308,0.9139/0.8879
Co.F.2.H.A,H05,Collins,dorm_sample,Bacteria,Cyanobacteriota,Vampirovibrionia,Obscuribacterales,Obscuribacteraceae,QKMZ01,QKMZ01 sp003242885,0.625,0.002421308,0.9886/0.9885
Co.F.2.H.A,H05,Collins,dorm_sample,Bacteria,Chlamydiota,Chlamydiia,Chlamydiales,Parachlamydiaceae,JANWJE01,JANWJE01 sp044226925,0.75,0.002905569,0.7568/0.7228
Co.F.2.H.A,H05,Collins,dorm_sample,Bacteria,Bacteroidota,Bacteroidia,Chitinophagales,LD1,Bog-950,Bog-950 sp018267435,0.75,0.002905569,0.8107/0.7802
Co.F.2.H.A,H05,Collins,dorm_sample,Bacteria,Pseudomonadota,Alphaproteobacteria,Sphingomonadales,Sphingomonadaceae,Sphingomonas,Sphingomonas jeddahensis,0.75,0.002905569,0.8900/0.8054
Co.F.2.H.A,H05,Collins,dorm_sample,Bacteria,Pseudomonadota,Gammaproteobacteria,Xanthomonadales,Rhodanobacteraceae,Tahibacter,Tahibacter sp042701255,0.75,0.002905569,0.9258/0.9185
Co.F.2.H.A,H05,Collins,dorm_sample,Bacteria,Chlamydiota,Chlamydiia,Chlamydiales,Parachlamydiaceae,Neochlamydia,Neochlamydia sp001897225,0.75,0.002905569,0.9650/0.9438
Co.F.2.H.A,H05,Collins,dorm_sample,Bacteria,Bacteroidota,Bacteroidia,Chitinophagales,Chitinophagaceae,Niabella,Niabella sp934486785,0.75,0.002905569,0.9846/0.9750
Co.F.2.H.A,H05,Collins,dorm_sample,Bacteria,Pseudomonadota,Alphaproteobacteria,Rhizobiales,Beijerinckiaceae,Methylobacterium,Methylobacterium radiotolerans,0.75,0.002905569,0.9952/0.9949
Co.F.2.H.A,H05,Collins,dorm_sample,Bacteria,Pseudomonadota,Gammaproteobacteria,Steroidobacterales,Steroidobacteraceae,Steroidobacter,Steroidobacter flavus,0.875,0.003389831,0.9175/0.9063
Co.F.2.H.A,H05,Collins,dorm_sample,Bacteria,Pseudomonadota,Gammaproteobacteria,Pseudomonadales,Moraxellaceae,Acinetobacter,Acinetobacter junii,0.875,0.003389831,0.9894/0.9882
Co.F.2.H.A,H05,Collins,dorm_sample,Bacteria,Pseudomonadota,Alphaproteobacteria,Rickettsiales,UBA3002,QFOX01,QFOX01 sp044341105,1,0.003874092,0.8116/0.7566
Co.F.2.H.A,H05,Collins,dorm_sample,Bacteria,Pseudomonadota,Alphaproteobacteria,Caulobacterales,Caulobacteraceae,Brevundimonas,Brevundimonas sp005484585,1,0.003874092,0.9742/0.9732
Co.F.2.H.A,H05,Collins,dorm_sample,Bacteria,Actinomycetota,Actinomycetes,Mycobacteriales,Mycobacteriaceae,Mycobacterium,Mycobacterium grossiae,1,0.003874092,0.9882/0.9867
Co.F.2.H.A,H05,Collins,dorm_sample,Bacteria,Actinomycetota,Actinomycetes,Actinomycetales,Microbacteriaceae,Microbacterium,Microbacterium sp003248845,1,0.003874092,0.9895/0.9716
Co.F.2.H.A,H05,Collins,dorm_sample,Bacteria,Pseudomonadota,Alphaproteobacteria,Rhizobiales,Rhizobiaceae,Shinella,Shinella sp001262505,1,0.003874092,0.9919/0.9918
Co.F.2.H.A,H05,Collins,dorm_sample,Bacteria,Pseudomonadota,Alphaproteobacteria,Caulobacterales,Caulobacteraceae,Phenylobacterium,Phenylobacterium sp001724985,1.125,0.004358354,0.8809/0.8377
Co.F.2.H.A,H05,Collins,dorm_sample,Bacteria,Bacteroidota,Bacteroidia,Chitinophagales,Chitinophagaceae,Pseudobacter,Pseudobacter ginsenosidimutans,1.125,0.004358354,0.9171/0.9147
Co.F.2.H.A,H05,Collins,dorm_sample,Bacteria,Actinomycetota,Actinomycetes,Actinomycetales,Microbacteriaceae,Agromyces,Agromyces mediolanus_A,1.125,0.004358354,0.9929/0.9922
Co.F.2.H.A,H05,Collins,dorm_sample,Bacteria,Bdellovibrionota,Bdellovibrionia,Bdellovibrionales,UBA1609,CAYHVK01,CAYHVK01 sp964360255,1.25,0.004842615,0.8355/0.8204
Co.F.2.H.A,H05,Collins,dorm_sample,Bacteria,Pseudomonadota,Alphaproteobacteria,Rhizobiales,Xanthobacteraceae,Bradyrhizobium,Bradyrhizobium lablabi_C,1.25,0.004842615,0.9020/0.8754
Co.F.2.H.A,H05,Collins,dorm_sample,Bacteria,Pseudomonadota,Alphaproteobacteria,Sphingomonadales,Sphingomonadaceae,Sphingopyxis,Sphingopyxis sp035998905,1.25,0.004842615,0.9474/0.9246
Co.F.2.H.A,H05,Collins,dorm_sample,Bacteria,Pseudomonadota,Gammaproteobacteria,Burkholderiales,Burkholderiaceae_C,Aquincola,Aquincola tertiaricarbonis_B,1.25,0.004842615,0.9658/0.9608
Co.F.2.H.A,H05,Collins,dorm_sample,Bacteria,Pseudomonadota,Gammaproteobacteria,Xanthomonadales,Xanthomonadaceae,Lysobacter,Lysobacter yananisis,1.5,0.005811138,0.8794/0.7968
Co.F.2.H.A,H05,Collins,dorm_sample,Bacteria,Pseudomonadota,Gammaproteobacteria,Xanthomonadales,Xanthomonadaceae,Pseudoxanthomonas_A,Pseudoxanthomonas_A japonensis,1.625,0.0062954,0.9959/0.9958
Co.F.2.H.A,H05,Collins,dorm_sample,Bacteria,Bacteroidota,Bacteroidia,Cytophagales,Cyclobacteriaceae,UBA2336,UBA2336 sp019694875,1.75,0.006779661,0.8590/0.8297
Co.F.2.H.A,H05,Collins,dorm_sample,Bacteria,Bacteroidota,Bacteroidia,B-17B0,Aurantibacillaceae,UBA4416,UBA4416 sp943362175,1.75,0.006779661,0.8826/0.8479
Co.F.2.H.A,H05,Collins,dorm_sample,Bacteria,Pseudomonadota,Alphaproteobacteria,Caulobacterales,Caulobacteraceae,Caulobacter,Caulobacter sp913776195,1.75,0.006779661,0.9763/0.9589
Co.F.2.H.A,H05,Collins,dorm_sample,Bacteria,Bacteroidota,Bacteroidia,Sphingobacteriales,Sphingobacteriaceae,Pedobacter,Pedobacter chitinilyticus,1.875,0.007263923,0.9902/0.9890
Co.F.2.H.A,H05,Collins,dorm_sample,Bacteria,Acidobacteriota,Blastocatellia,Pyrinomonadales,Pyrinomonadaceae,JAIBCC01,JAIBCC01 sp963779235,2,0.007748184,0.8002/0.7508
Co.F.2.H.A,H05,Collins,dorm_sample,Bacteria,Acidobacteriota,Blastocatellia,Pyrinomonadales,Pyrinomonadaceae,JAFDVJ01,JAFDVJ01 sp965247805,2,0.007748184,0.8043/0.7692
Co.F.2.H.A,H05,Collins,dorm_sample,Bacteria,Pseudomonadota,Gammaproteobacteria,Xanthomonadales,Xanthomonadaceae,Pseudoxanthomonas_A,Pseudoxanthomonas_A mexicana,2,0.007748184,0.9867/0.9851
Co.F.2.H.A,H05,Collins,dorm_sample,Bacteria,Bacteroidota,Bacteroidia,B-17B0,Aurantibacillaceae,Aurantibacillus,Aurantibacillus sp002319075,2.25,0.008716707,0.7860/0.7603
Co.F.2.H.A,H05,Collins,dorm_sample,Bacteria,Pseudomonadota,Gammaproteobacteria,Xanthomonadales,Xanthomonadaceae,Lysobacter_I,Lysobacter_I brunescens,2.375,0.009200969,0.9572/0.9518
Co.F.2.H.A,H05,Collins,dorm_sample,Bacteria,Pseudomonadota,Alphaproteobacteria,Sphingomonadales,Sphingomonadaceae,Sphingomonas,Sphingomonas sp036402235,2.625,0.01016949,0.9044/0.8618
Co.F.2.H.A,H05,Collins,dorm_sample,Bacteria,Pseudomonadota,Alphaproteobacteria,Sphingomonadales,Sphingomonadaceae,Sphingopyxis,Sphingopyxis sp014873485,3,0.01162228,0.9369/0.9263
Co.F.2.H.A,H05,Collins,dorm_sample,Bacteria,Pseudomonadota,Alphaproteobacteria,Sphingomonadales,Sphingomonadaceae,Sphingomonas,Sphingomonas koreensis,3.125,0.01210654,0.8912/0.8299
Co.F.2.H.A,H05,Collins,dorm_sample,Bacteria,Pseudomonadota,Gammaproteobacteria,Xanthomonadales,Xanthomonadaceae,Lysobacter,Lysobacter capsici_A,3.25,0.0125908,0.8963/0.8371
Co.F.2.H.A,H05,Collins,dorm_sample,Bacteria,Cyanobacteriota,Vampirovibrionia,Obscuribacterales,Obscuribacteraceae,JAFKGK01,JAFKGK01 sp017307165,4.125,0.01598063,0.9950/0.9945
Co.F.2.H.A,H05,Collins,dorm_sample,Bacteria,Pseudomonadota,Alphaproteobacteria,Caulobacterales,Caulobacteraceae,Phenylobacterium,Phenylobacterium sp041919955,4.625,0.01791768,0.9963/0.9948
Co.F.2.H.A,H05,Collins,dorm_sample,Bacteria,Bacteroidota,Bacteroidia,Chitinophagales,Chitinophagaceae,CADEDV01,CADEDV01 sp936908745,5.625,0.02179177,0.9871/0.9839
Co.F.2.H.A,H05,Collins,dorm_sample,Bacteria,Pseudomonadota,Alphaproteobacteria,Sphingomonadales,Sphingomonadaceae,Sphingopyxis,Sphingopyxis sp001468395,5.75,0.02227603,0.9720/0.9510
Co.F.2.H.A,H05,Collins,dorm_sample,Bacteria,Pseudomonadota,Alphaproteobacteria,Sphingomonadales,Sphingomonadaceae,Blastomonas,Blastomonas ursincola,10.75,0.04164649,0.9834/0.9727
Co.F.2.H.A,H05,Collins,dorm_sample,Bacteria,Pseudomonadota,Gammaproteobacteria,Burkholderiales,Burkholderiaceae_C,Ottowia,Ottowia testudinis,13.25,0.05133172,0.9066/0.8991
Co.F.2.H.A,H05,Collins,dorm_sample,Bacteria,Pseudomonadota,Gammaproteobacteria,Xanthomonadales,Xanthomonadaceae,Lysobacter,Lysobacter capsici,22.375,0.08668281,0.9162/0.8764
Co.F.2.H.A,H05,Collins,dorm_sample,Bacteria,unclassified Bacteria phylum,unclassified Bacteria class,unclassified Bacteria order,unclassified Bacteria family,unclassified Bacteria genus,unclassified Bacteria species,29,0.1123487,0.0000/0.0000
Co.F.2.H.A,H05,Collins,dorm_sample,Bacteria,Actinomycetota,Actinomycetes,Mycobacteriales,Mycobacteriaceae,Mycobacterium,Mycobacterium phocaicum,41.375,0.1602906,0.9920/0.9912
Co.F.2.H.A,H05,Collins,dorm_sample,Bacteria,Pseudomonadota,Gammaproteobacteria,Burkholderiales,Burkholderiaceae_C,Ottowia,Ottowia sp018060485,47.125,0.1825666,0.9863/0.9786
Me.F.4.L.C,H06,Memorial,dorm_sample,Archaea,unclassified Archaea phylum,unclassified Archaea class,unclassified Archaea order,unclassified Archaea family,unclassified Archaea genus,unclassified Archaea species,0.125,0.000117689,0.0000/0.0000
Me.F.4.L.C,H06,Memorial,dorm_sample,Bacteria,Acidobacteriota,Blastocatellia,Pyrinomonadales,Pyrinomonadaceae,GCA-002050365,GCA-002050365 sp030948995,0.25,0.000235377,0.7663/0.7337
Me.F.4.L.C,H06,Memorial,dorm_sample,Bacteria,Pseudomonadota,Alphaproteobacteria,Micavibrionales,UBA2020,UBA2020,UBA2020 sp030682495,0.25,0.000235377,0.7745/0.7513
Me.F.4.L.C,H06,Memorial,dorm_sample,Bacteria,Bdellovibrionota,UBA1018,CAIPTA01,CAIPTA01,JAKFYM01,JAKFYM01 sp050246755,0.25,0.000235377,0.7906/0.7595
Me.F.4.L.C,H06,Memorial,dorm_sample,Bacteria,Acidobacteriota,Blastocatellia,Pyrinomonadales,Pyrinomonadaceae,JAFDVJ01,JAFDVJ01 sp031411895,0.25,0.000235377,0.7957/0.7401
Me.F.4.L.C,H06,Memorial,dorm_sample,Bacteria,Bacteroidota,Bacteroidia,Chitinophagales,Chitinophagaceae,Rurimicrobium,Rurimicrobium sp040387755,0.25,0.000235377,0.8156/0.8001
Me.F.4.L.C,H06,Memorial,dorm_sample,Bacteria,Pseudomonadota,Alphaproteobacteria,Caulobacterales,Caulobacteraceae,Caulobacter,Caulobacter sp049323695,0.25,0.000235377,0.8268/0.7824
Me.F.4.L.C,H06,Memorial,dorm_sample,Bacteria,Acidobacteriota,Vicinamibacteria,Vicinamibacterales,Vicinamibacteraceae,Luteitalea,Luteitalea sp001464065,0.25,0.000235377,0.8305/0.7802
Me.F.4.L.C,H06,Memorial,dorm_sample,Bacteria,Verrucomicrobiota,Verrucomicrobiia,Chthoniobacterales,Terrimicrobiaceae,Terrimicrobium,Terrimicrobium sp001897195,0.25,0.000235377,0.8427/0.8301
Me.F.4.L.C,H06,Memorial,dorm_sample,Bacteria,Pseudomonadota,Alphaproteobacteria,Sphingomonadales,Sphingomonadaceae,Sphingomonas_E,Sphingomonas_E laterariae,0.25,0.000235377,0.8497/0.8267
Me.F.4.L.C,H06,Memorial,dorm_sample,Bacteria,Pseudomonadota,Alphaproteobacteria,Micavibrionales,UBA2020,JAEXMB01,JAEXMB01 sp023444705,0.25,0.000235377,0.8604/0.8530
Me.F.4.L.C,H06,Memorial,dorm_sample,Bacteria,Pseudomonadota,Alphaproteobacteria,Caulobacterales,Caulobacteraceae,Phenylobacterium,Phenylobacterium sp965284355,0.25,0.000235377,0.8660/0.8276
Me.F.4.L.C,H06,Memorial,dorm_sample,Bacteria,Planctomycetota,Planctomycetia,Gemmatales,Gemmataceae,Gemmata,Gemmata obscuriglobus,0.25,0.000235377,0.8701/0.8561
Me.F.4.L.C,H06,Memorial,dorm_sample,Bacteria,Pseudomonadota,Alphaproteobacteria,Caulobacterales,Caulobacteraceae,Phenylobacterium,Phenylobacterium sp031984885,0.25,0.000235377,0.8760/0.8307
Me.F.4.L.C,H06,Memorial,dorm_sample,Bacteria,Pseudomonadota,Gammaproteobacteria,Xanthomonadales,Xanthomonadaceae,Lysobacter,Lysobacter yananisis,0.25,0.000235377,0.8823/0.8210
Me.F.4.L.C,H06,Memorial,dorm_sample,Bacteria,Pseudomonadota,Alphaproteobacteria,Caulobacterales,Caulobacteraceae,Phenylobacterium,Phenylobacterium sp019636135,0.25,0.000235377,0.8862/0.8634
Me.F.4.L.C,H06,Memorial,dorm_sample,Bacteria,Pseudomonadota,Gammaproteobacteria,Xanthomonadales,Xanthomonadaceae,Lysobacter,Lysobacter capsici_A,0.25,0.000235377,0.8974/0.8570
Me.F.4.L.C,H06,Memorial,dorm_sample,Bacteria,Pseudomonadota,Alphaproteobacteria,Caulobacterales,Caulobacteraceae,Phenylobacterium,Phenylobacterium sp023445705,0.25,0.000235377,0.9122/0.8994
Me.F.4.L.C,H06,Memorial,dorm_sample,Bacteria,Pseudomonadota,Alphaproteobacteria,Rhizobiales,Beijerinckiaceae,Allobosea,Allobosea sp050275675,0.25,0.000235377,0.9148/0.9055
Me.F.4.L.C,H06,Memorial,dorm_sample,Bacteria,Pseudomonadota,Alphaproteobacteria,Sphingomonadales,Sphingomonadaceae,Sphingopyxis,Sphingopyxis sp002454115,0.25,0.000235377,0.9241/0.9123
Me.F.4.L.C,H06,Memorial,dorm_sample,Bacteria,Bacteroidota,Bacteroidia,Cytophagales,Spirosomataceae,Dyadobacter,Dyadobacter sp001898145,0.25,0.000235377,0.9482/0.9394
Me.F.4.L.C,H06,Memorial,dorm_sample,Bacteria,Pseudomonadota,Alphaproteobacteria,Sphingomonadales,Sphingomonadaceae,Sphingomonas,Sphingomonas sp042096255,0.25,0.000235377,0.9498/0.9404
Me.F.4.L.C,H06,Memorial,dorm_sample,Bacteria,Pseudomonadota,Alphaproteobacteria,Acetobacterales,Acetobacteraceae,Roseomonas,Roseomonas rosea,0.25,0.000235377,0.9585/0.9250
Me.F.4.L.C,H06,Memorial,dorm_sample,Bacteria,Pseudomonadota,Alphaproteobacteria,Caulobacterales,Caulobacteraceae,Brevundimonas,Brevundimonas vesicularis,0.25,0.000235377,0.9749/0.9743
Me.F.4.L.C,H06,Memorial,dorm_sample,Bacteria,Pseudomonadota,Gammaproteobacteria,Legionellales,Legionellaceae,Legionella,Legionella sp002352055,0.25,0.000235377,0.9850/0.9851
Me.F.4.L.C,H06,Memorial,dorm_sample,Bacteria,Pseudomonadota,Alphaproteobacteria,Caulobacterales,Caulobacteraceae,Brevundimonas,Brevundimonas diminuta,0.25,0.000235377,0.9868/0.9863
Me.F.4.L.C,H06,Memorial,dorm_sample,Bacteria,Bacteroidota,Bacteroidia,Chitinophagales,Chitinophagaceae,Sediminibacterium,Sediminibacterium sp013391385,0.25,0.000235377,1.0000/1.0000
Me.F.4.L.C,H06,Memorial,dorm_sample,Bacteria,Pseudomonadota,Alphaproteobacteria,Rickettsiales,UBA3002,JAFLDD01,JAFLDD01 sp017302575,0.375,0.000353066,0.7343/0.6894
Me.F.4.L.C,H06,Memorial,dorm_sample,Bacteria,Pseudomonadota,Alphaproteobacteria,Sphingomonadales,Sphingomonadaceae,Novosphingobium,Novosphingobium sp947477745,0.375,0.000353066,0.7803/0.7284
Me.F.4.L.C,H06,Memorial,dorm_sample,Bacteria,Myxococcota,XYA12-FULL-58-9,XYA12-FULL-58-9,JALHOP01,JALHOP01,JALHOP01 sp041288095,0.375,0.000353066,0.7862/0.7577
Me.F.4.L.C,H06,Memorial,dorm_sample,Bacteria,Bacteroidota,Bacteroidia,Cytophagales,UBA9547,UBA9547,UBA9547 sp025360395,0.375,0.000353066,0.7952/0.7882
Me.F.4.L.C,H06,Memorial,dorm_sample,Bacteria,Acidobacteriota,Blastocatellia,Pyrinomonadales,Pyrinomonadaceae,JALZHR01,JALZHR01 sp030860665,0.375,0.000353066,0.8143/0.7658
Me.F.4.L.C,H06,Memorial,dorm_sample,Bacteria,Myxococcota_A,Polyangia,Polyangiales,Polyangiaceae,JANWXX01,JANWXX01 sp025453595,0.375,0.000353066,0.8157/0.7752
Me.F.4.L.C,H06,Memorial,dorm_sample,Bacteria,Pseudomonadota,Alphaproteobacteria,Sphingomonadales,Sphingomonadaceae,Sphingomonas,Sphingomonas adhaesiva_A,0.375,0.000353066,0.8230/0.7900
Me.F.4.L.C,H06,Memorial,dorm_sample,Bacteria,Bacteroidota,Bacteroidia,Chitinophagales,Chitinophagaceae,Rurimicrobium,Rurimicrobium sp041661485,0.375,0.000353066,0.8491/0.8416
Me.F.4.L.C,H06,Memorial,dorm_sample,Bacteria,Pseudomonadota,Alphaproteobacteria,Sphingomonadales,Sphingomonadaceae,Sphingopyxis,Sphingopyxis sp000756375,0.375,0.000353066,0.8587/0.7983
Me.F.4.L.C,H06,Memorial,dorm_sample,Bacteria,Pseudomonadota,Alphaproteobacteria,Rhodobacterales,Rhodobacteraceae,Paracoccus,Paracoccus aestuarii,0.375,0.000353066,0.8675/0.8592
Me.F.4.L.C,H06,Memorial,dorm_sample,Bacteria,Pseudomonadota,Alphaproteobacteria,Caulobacterales,Caulobacteraceae,Phenylobacterium,Phenylobacterium sp024699985,0.375,0.000353066,0.8951/0.7902
Me.F.4.L.C,H06,Memorial,dorm_sample,Bacteria,Pseudomonadota,Alphaproteobacteria,Rhizobiales,Beijerinckiaceae,Allobosea,Allobosea sp001429505,0.375,0.000353066,0.9054/0.7552
Me.F.4.L.C,H06,Memorial,dorm_sample,Bacteria,Pseudomonadota,Alphaproteobacteria,Rhizobiales,Xanthobacteraceae,Afipia,Afipia sp964594185,0.375,0.000353066,0.9062/0.8930
Me.F.4.L.C,H06,Memorial,dorm_sample,Bacteria,Pseudomonadota,Alphaproteobacteria,Rhizobiales,Xanthobacteraceae,Afipia,Afipia clevelandensis,0.375,0.000353066,0.9109/0.8850
Me.F.4.L.C,H06,Memorial,dorm_sample,Bacteria,Pseudomonadota,Alphaproteobacteria,Reyranellales,Reyranellaceae,Reyranella,Reyranella sp965228225,0.375,0.000353066,0.9397/0.9390
Me.F.4.L.C,H06,Memorial,dorm_sample,Bacteria,Pseudomonadota,Alphaproteobacteria,Sphingomonadales,Sphingomonadaceae,Sphingomonas,Sphingomonas sp900109205,0.375,0.000353066,0.9595/0.9339
Me.F.4.L.C,H06,Memorial,dorm_sample,Bacteria,Pseudomonadota,Alphaproteobacteria,Rhizobiales,Xanthobacteraceae,Xanthobacter,Xanthobacter flavus_A,0.375,0.000353066,0.9639/0.9603
Me.F.4.L.C,H06,Memorial,dorm_sample,Bacteria,Pseudomonadota,Alphaproteobacteria,Sphingomonadales,Sphingomonadaceae,Sphingomonas,Sphingomonas sp031456125,0.375,0.000353066,0.9665/0.9593
Me.F.4.L.C,H06,Memorial,dorm_sample,Bacteria,Pseudomonadota,Alphaproteobacteria,Sphingomonadales,Sphingomonadaceae,Sphingomonas,Sphingomonas sp943913195,0.375,0.000353066,0.9686/0.9666
Me.F.4.L.C,H06,Memorial,dorm_sample,Bacteria,Pseudomonadota,Alphaproteobacteria,Sphingomonadales,Sphingomonadaceae,Sphingobium,Sphingobium sp003248505,0.375,0.000353066,0.9824/0.9823
Me.F.4.L.C,H06,Memorial,dorm_sample,Bacteria,Pseudomonadota,Alphaproteobacteria,Rhizobiales,Beijerinckiaceae,Methylobacterium,Methylobacterium gregans,0.375,0.000353066,0.9897/0.9862
Me.F.4.L.C,H06,Memorial,dorm_sample,Bacteria,Pseudomonadota,Gammaproteobacteria,Xanthomonadales,Xanthomonadaceae,Pseudoxanthomonas_A,Pseudoxanthomonas_A sp002863005,0.375,0.000353066,0.9907/0.9871
Me.F.4.L.C,H06,Memorial,dorm_sample,Bacteria,Bacteroidota,Bacteroidia,Cytophagales,Spirosomataceae,Larkinella,Larkinella sp006149005,0.375,0.000353066,0.9937/0.9938
Me.F.4.L.C,H06,Memorial,dorm_sample,Bacteria,Pseudomonadota,Gammaproteobacteria,Burkholderiales,Burkholderiaceae,Cupriavidus,Cupriavidus pauculus_C,0.375,0.000353066,0.9944/0.9944
Me.F.4.L.C,H06,Memorial,dorm_sample,Bacteria,Pseudomonadota,Alphaproteobacteria,Rhizobiales,Beijerinckiaceae,Methylobacterium,Methylobacterium currus,0.375,0.000353066,0.9997/0.9997
Me.F.4.L.C,H06,Memorial,dorm_sample,Bacteria,Bacteroidota,Bacteroidia,Chitinophagales,Chitinophagaceae,Flavitalea,Flavitalea sp964387165,0.5,0.000470754,0.7776/0.7280
Me.F.4.L.C,H06,Memorial,dorm_sample,Bacteria,Pseudomonadota,Alphaproteobacteria,Sphingomonadales,Sphingomonadaceae,Sphingomonas,Sphingomonas sp001555965,0.5,0.000470754,0.8002/0.7477
Me.F.4.L.C,H06,Memorial,dorm_sample,Bacteria,Pseudomonadota,Alphaproteobacteria,Micavibrionales,UBA2020,JAEXMB01,JAEXMB01 sp027483355,0.5,0.000470754,0.8595/0.8494
Me.F.4.L.C,H06,Memorial,dorm_sample,Bacteria,Planctomycetota,Planctomycetia,Planctomycetales,Planctomycetaceae,Planctomyces_A,Planctomyces_A sp001610835,0.5,0.000470754,0.8666/0.8136
Me.F.4.L.C,H06,Memorial,dorm_sample,Bacteria,Pseudomonadota,Alphaproteobacteria,Geminicoccales,Geminicoccaceae,Geminicoccus,Geminicoccus sp036263595,0.5,0.000470754,0.8690/0.8613
Me.F.4.L.C,H06,Memorial,dorm_sample,Bacteria,Pseudomonadota,Alphaproteobacteria,Sphingomonadales,Sphingomonadaceae,Sphingomonas,Sphingomonas sp049532975,0.5,0.000470754,0.8702/0.8432
Me.F.4.L.C,H06,Memorial,dorm_sample,Bacteria,Pseudomonadota,Alphaproteobacteria,Caulobacterales,Caulobacteraceae,Phenylobacterium,Phenylobacterium sp001824475,0.5,0.000470754,0.8857/0.8636
Me.F.4.L.C,H06,Memorial,dorm_sample,Bacteria,Pseudomonadota,Alphaproteobacteria,Rhizobiales,Xanthobacteraceae,Afipia,Afipia sp017308595,0.5,0.000470754,0.8976/0.8661
Me.F.4.L.C,H06,Memorial,dorm_sample,Bacteria,Pseudomonadota,Alphaproteobacteria,Sphingomonadales,Sphingomonadaceae,Sphingomonas,Sphingomonas panni,0.5,0.000470754,0.9063/0.8872
Me.F.4.L.C,H06,Memorial,dorm_sample,Bacteria,Pseudomonadota,Alphaproteobacteria,Reyranellales,Reyranellaceae,Reyranella,Reyranella sp903929895,0.5,0.000470754,0.9299/0.9285
Me.F.4.L.C,H06,Memorial,dorm_sample,Bacteria,Pseudomonadota,Alphaproteobacteria,Caedimonadales,Caedimonadaceae,Paracaedimonas,Paracaedimonas sp001898705,0.5,0.000470754,0.9359/0.8918
Me.F.4.L.C,H06,Memorial,dorm_sample,Bacteria,Pseudomonadota,Gammaproteobacteria,Burkholderiales,Burkholderiaceae,Cupriavidus,Cupriavidus cauae,0.5,0.000470754,0.9504/0.9320
Me.F.4.L.C,H06,Memorial,dorm_sample,Bacteria,Pseudomonadota,Alphaproteobacteria,Rhizobiales,Beijerinckiaceae,Allobosea,Allobosea lupini,0.5,0.000470754,0.9628/0.9613
Me.F.4.L.C,H06,Memorial,dorm_sample,Bacteria,Pseudomonadota,Gammaproteobacteria,Burkholderiales,Burkholderiaceae_C,Pseudorhodoferax,Pseudorhodoferax sp032153935,0.5,0.000470754,0.9655/0.8941
Me.F.4.L.C,H06,Memorial,dorm_sample,Bacteria,Pseudomonadota,Alphaproteobacteria,Rhizobiales,Beijerinckiaceae,Allobosea,Allobosea sp900112185,0.5,0.000470754,0.9868/0.9867
Me.F.4.L.C,H06,Memorial,dorm_sample,Bacteria,Acidobacteriota,Blastocatellia,Pyrinomonadales,Pyrinomonadaceae,G965247235,G965247235 sp965247235,0.625,0.000588443,0.7864/0.7317
Me.F.4.L.C,H06,Memorial,dorm_sample,Bacteria,Bacteroidota,Bacteroidia,Chitinophagales,Chitinophagaceae,Flavitalea,Flavitalea sp035525775,0.625,0.000588443,0.7917/0.7463
Me.F.4.L.C,H06,Memorial,dorm_sample,Bacteria,Bacteroidota,Bacteroidia,Cytophagales,UBA9547,UBA9547,UBA9547 sp044349205,0.625,0.000588443,0.7917/0.7840
Me.F.4.L.C,H06,Memorial,dorm_sample,Bacteria,Pseudomonadota,Alphaproteobacteria,UBA2136,UBA6156,UBA6156,UBA6156 sp027485835,0.625,0.000588443,0.8114/0.7969
Me.F.4.L.C,H06,Memorial,dorm_sample,Bacteria,Bacteroidota,Bacteroidia,Cytophagales,Cyclobacteriaceae,UBA2336,UBA2336 sp965227265,0.625,0.000588443,0.8321/0.8254
Me.F.4.L.C,H06,Memorial,dorm_sample,Bacteria,Bacteroidota,Bacteroidia,Chitinophagales,Chitinophagaceae,Rurimicrobium,Rurimicrobium sp035497375,0.625,0.000588443,0.8729/0.8461
Me.F.4.L.C,H06,Memorial,dorm_sample,Bacteria,Pseudomonadota,Alphaproteobacteria,Caulobacterales,Caulobacteraceae,Phenylobacterium,Phenylobacterium terrae,0.625,0.000588443,0.8765/0.8648
Me.F.4.L.C,H06,Memorial,dorm_sample,Bacteria,Pseudomonadota,Gammaproteobacteria,Burkholderiales,Burkholderiaceae_C,Acidovorax,Acidovorax sp030704685,0.625,0.000588443,0.9051/0.8871
Me.F.4.L.C,H06,Memorial,dorm_sample,Bacteria,Pseudomonadota,Alphaproteobacteria,Reyranellales,Reyranellaceae,Reyranella,Reyranella humidisoli,0.625,0.000588443,0.9520/0.9489
Me.F.4.L.C,H06,Memorial,dorm_sample,Bacteria,Actinomycetota,Actinomycetes,Actinomycetales,Microbacteriaceae,Microcella,Microcella alkaliphila_B,0.625,0.000588443,0.9815/0.9782
Me.F.4.L.C,H06,Memorial,dorm_sample,Bacteria,Bacteroidota,Bacteroidia,Chitinophagales,Chitinophagaceae,Niabella,Niabella sp023423285,0.625,0.000588443,0.9821/0.9796
Me.F.4.L.C,H06,Memorial,dorm_sample,Bacteria,Pseudomonadota,Alphaproteobacteria,Rhodobacterales,Rhodobacteraceae,Tabrizicola,Tabrizicola sp002280405,0.625,0.000588443,0.9992/0.9992
Me.F.4.L.C,H06,Memorial,dorm_sample,Bacteria,Pseudomonadota,Alphaproteobacteria,Sphingomonadales,Sphingomonadaceae,Sphingomonas,Sphingomonas aracearum,0.75,0.000706132,0.8146/0.7797
Me.F.4.L.C,H06,Memorial,dorm_sample,Bacteria,Myxococcota,XYA12-FULL-58-9,XYA12-FULL-58-9,JALHOP01,JALHOP01,JALHOP01 sp964484195,0.75,0.000706132,0.8241/0.7982
Me.F.4.L.C,H06,Memorial,dorm_sample,Bacteria,Planctomycetota,Planctomycetia,Gemmatales,Gemmataceae,Gemmata,Gemmata sp017306025,0.75,0.000706132,0.8294/0.7841
Me.F.4.L.C,H06,Memorial,dorm_sample,Bacteria,Pseudomonadota,Alphaproteobacteria,Sphingomonadales,Sphingomonadaceae,Novosphingobium,Novosphingobium sp902506425,0.75,0.000706132,0.8482/0.7971
Me.F.4.L.C,H06,Memorial,dorm_sample,Bacteria,Pseudomonadota,Alphaproteobacteria,Rhizobiales,Rhizobiaceae,Rhizobium_E,Rhizobium_E sp019739215,0.75,0.000706132,0.8538/0.8236
Me.F.4.L.C,H06,Memorial,dorm_sample,Bacteria,Pseudomonadota,Alphaproteobacteria,Caulobacterales,Caulobacteraceae,Phenylobacterium,Phenylobacterium sp004299445,0.75,0.000706132,0.8659/0.7988
Me.F.4.L.C,H06,Memorial,dorm_sample,Bacteria,Bacteroidota,Bacteroidia,Chitinophagales,Chitinophagaceae,Flavitalea,Flavitalea sp963808065,0.875,0.00082382,0.8307/0.7907
Me.F.4.L.C,H06,Memorial,dorm_sample,Bacteria,Pseudomonadota,Alphaproteobacteria,Sphingomonadales,Sphingomonadaceae,Erythrobacter,Erythrobacter sp019750455,0.875,0.00082382,0.8515/0.7937
Me.F.4.L.C,H06,Memorial,dorm_sample,Bacteria,Pseudomonadota,Alphaproteobacteria,Caulobacterales,Hyphomonadaceae,UBA7672,UBA7672 sp965229115,0.875,0.00082382,0.9074/0.8647
Me.F.4.L.C,H06,Memorial,dorm_sample,Bacteria,Pseudomonadota,Alphaproteobacteria,Sphingomonadales,Sphingomonadaceae,Erythrobacter,Erythrobacter donghaensis_B,0.875,0.00082382,0.9306/0.9090
Me.F.4.L.C,H06,Memorial,dorm_sample,Bacteria,Pseudomonadota,Gammaproteobacteria,Pseudomonadales,Moraxellaceae,Acinetobacter,Acinetobacter junii,0.875,0.00082382,0.9795/0.9794
Me.F.4.L.C,H06,Memorial,dorm_sample,Bacteria,Pseudomonadota,Gammaproteobacteria,Burkholderiales,Burkholderiaceae_C,Acidovorax,Acidovorax sp046339755,0.875,0.00082382,0.9947/0.9947
Me.F.4.L.C,H06,Memorial,dorm_sample,Bacteria,Pseudomonadota,Alphaproteobacteria,Rhizobiales,Beijerinckiaceae,Methylobacterium,Methylobacterium hispanicum,0.875,0.00082382,0.9984/0.9984
Me.F.4.L.C,H06,Memorial,dorm_sample,Bacteria,Pseudomonadota,Alphaproteobacteria,Sphingomonadales,Sphingomonadaceae,Sphingomonas,Sphingomonas sp004341505,1,0.000941509,0.7921/0.7650
Me.F.4.L.C,H06,Memorial,dorm_sample,Bacteria,Pseudomonadota,Alphaproteobacteria,Sphingomonadales,Sphingomonadaceae,Sphingomonas,Sphingomonas sp047975845,1,0.000941509,0.8249/0.8087
Me.F.4.L.C,H06,Memorial,dorm_sample,Bacteria,Actinomycetota,Actinomycetes,Actinomycetales,Microbacteriaceae,Pseudolysinimonas_A,Pseudolysinimonas_A sp947085045,1,0.000941509,0.8470/0.7848
Me.F.4.L.C,H06,Memorial,dorm_sample,Bacteria,Actinomycetota,Actinomycetes,Actinomycetales,Microbacteriaceae,Pseudolysinimonas_A,Pseudolysinimonas_A sp023457615,1,0.000941509,0.8907/0.8726
Me.F.4.L.C,H06,Memorial,dorm_sample,Bacteria,Pseudomonadota,Alphaproteobacteria,Reyranellales,Reyranellaceae,Reyranella,Reyranella sp046296475,1,0.000941509,0.9261/0.9198
Me.F.4.L.C,H06,Memorial,dorm_sample,Bacteria,Pseudomonadota,Alphaproteobacteria,Sphingomonadales,Sphingomonadaceae,Sphingopyxis,Sphingopyxis sp035998905,1,0.000941509,0.9779/0.9697
Me.F.4.L.C,H06,Memorial,dorm_sample,Bacteria,Pseudomonadota,Alphaproteobacteria,Caulobacterales,Caulobacteraceae,Caulobacter,Caulobacter sp913776195,1,0.000941509,0.9785/0.9603
Me.F.4.L.C,H06,Memorial,dorm_sample,Bacteria,Actinomycetota,Actinomycetes,Mycobacteriales,Mycobacteriaceae,Mycobacterium,Mycobacterium sp018326285,1,0.000941509,0.9915/0.9913
Me.F.4.L.C,H06,Memorial,dorm_sample,Bacteria,Pseudomonadota,Alphaproteobacteria,Sphingomonadales,Sphingomonadaceae,Sphingopyxis,Sphingopyxis sp017309275,1.125,0.001059197,0.8844/0.8225
Me.F.4.L.C,H06,Memorial,dorm_sample,Bacteria,Chlamydiota,Chlamydiia,Chlamydiales,Parachlamydiaceae,Rubidus,Rubidus massiliensis,1.25,0.001176886,0.7588/0.7403
Me.F.4.L.C,H06,Memorial,dorm_sample,Bacteria,Pseudomonadota,Alphaproteobacteria,UBA2136,UBA6156,DATAJX01,DATAJX01 sp036261915,1.25,0.001176886,0.7669/0.7301
Me.F.4.L.C,H06,Memorial,dorm_sample,Bacteria,Planctomycetota,Planctomycetia,Gemmatales,Gemmataceae,Gemmata,Gemmata tundricola,1.25,0.001176886,0.8103/0.7435
Me.F.4.L.C,H06,Memorial,dorm_sample,Bacteria,Pseudomonadota,Gammaproteobacteria,Legionellales,Legionellaceae,Legionella,Legionella sp001899505,1.25,0.001176886,0.8279/0.8199
Me.F.4.L.C,H06,Memorial,dorm_sample,Bacteria,Bacteroidota,Bacteroidia,Cytophagales,Cyclobacteriaceae,UBA2336,UBA2336 sp964538575,1.25,0.001176886,0.8623/0.7927
Me.F.4.L.C,H06,Memorial,dorm_sample,Bacteria,Bacteroidota,Bacteroidia,Chitinophagales,Chitinophagaceae,Rurimicrobium,Rurimicrobium sp016786525,1.25,0.001176886,0.9461/0.8569
Me.F.4.L.C,H06,Memorial,dorm_sample,Bacteria,Pseudomonadota,Alphaproteobacteria,Rickettsiales,UBA3002,QFOX01,QFOX01 sp965247335,1.375,0.001294575,0.7954/0.7753
Me.F.4.L.C,H06,Memorial,dorm_sample,Bacteria,Pseudomonadota,Alphaproteobacteria,Sphingomonadales,Sphingomonadaceae,Sphingomonas,Sphingomonas cannabina,1.375,0.001294575,0.8705/0.8295
Me.F.4.L.C,H06,Memorial,dorm_sample,Bacteria,Pseudomonadota,Alphaproteobacteria,Sphingomonadales,Sphingomonadaceae,Novosphingobium,Novosphingobium chloroacetimidivorans,1.375,0.001294575,0.8833/0.8371
Me.F.4.L.C,H06,Memorial,dorm_sample,Bacteria,Pseudomonadota,Gammaproteobacteria,Xanthomonadales,Xanthomonadaceae,Lysobacter,Lysobacter capsici,1.375,0.001294575,0.9040/0.8765
Me.F.4.L.C,H06,Memorial,dorm_sample,Bacteria,Actinomycetota,Actinomycetes,Mycobacteriales,Mycobacteriaceae,Mycobacterium,Mycobacterium paragordonae,1.5,0.001412263,0.9972/0.9948
Me.F.4.L.C,H06,Memorial,dorm_sample,Bacteria,Pseudomonadota,Alphaproteobacteria,Rhizobiales,Hyphomicrobiaceae,Hyphomicrobium_C,Hyphomicrobium_C zavarzinii,1.5,0.001412263,0.9976/0.9976
Me.F.4.L.C,H06,Memorial,dorm_sample,Bacteria,Myxococcota,XYA12-FULL-58-9,XYA12-FULL-58-9,JALHOP01,JALHOP01,JALHOP01 sp039809465,1.625,0.001529952,0.8594/0.8138
Me.F.4.L.C,H06,Memorial,dorm_sample,Bacteria,Pseudomonadota,Alphaproteobacteria,Rhizobiales,Beijerinckiaceae,Methylobacterium,Methylobacterium radiotolerans,1.75,0.00164764,0.9897/0.9885
Me.F.4.L.C,H06,Memorial,dorm_sample,Bacteria,Acidobacteriota,Blastocatellia,Pyrinomonadales,Pyrinomonadaceae,DATHTS01,DATHTS01 sp965217985,1.875,0.001765329,0.7982/0.7482
Me.F.4.L.C,H06,Memorial,dorm_sample,Bacteria,Pseudomonadota,Alphaproteobacteria,Sphingomonadales,Sphingomonadaceae,Sphingomonas,Sphingomonas ginsenosidimutans,2,0.001883018,0.9899/0.9887
Me.F.4.L.C,H06,Memorial,dorm_sample,Bacteria,Pseudomonadota,Alphaproteobacteria,Sphingomonadales,Sphingomonadaceae,Sphingomonas,Sphingomonas jeddahensis,2.125,0.002000706,0.8833/0.8414
Me.F.4.L.C,H06,Memorial,dorm_sample,Bacteria,Pseudomonadota,Alphaproteobacteria,Rickettsiales,UBA3002,QFOX01,QFOX01 sp044237845,2.25,0.002118395,0.7892/0.7698
Me.F.4.L.C,H06,Memorial,dorm_sample,Bacteria,Pseudomonadota,Alphaproteobacteria,Sphingomonadales,Sphingomonadaceae,Novosphingobium,Novosphingobium sp045629505,2.25,0.002118395,0.8446/0.8190
Me.F.4.L.C,H06,Memorial,dorm_sample,Bacteria,Pseudomonadota,Alphaproteobacteria,Sphingomonadales,Sphingomonadaceae,Sphingopyxis,Sphingopyxis macrogoltabida,2.25,0.002118395,0.8941/0.8705
Me.F.4.L.C,H06,Memorial,dorm_sample,Bacteria,Pseudomonadota,Alphaproteobacteria,Sphingomonadales,Sphingomonadaceae,Sphingopyxis,Sphingopyxis microcysteis,2.25,0.002118395,0.9902/0.9897
Me.F.4.L.C,H06,Memorial,dorm_sample,Bacteria,Actinomycetota,Actinomycetes,Mycobacteriales,Mycobacteriaceae,Mycobacterium,Mycobacterium gordonae,2.375,0.002236083,0.9962/0.9954
Me.F.4.L.C,H06,Memorial,dorm_sample,Bacteria,Pseudomonadota,Alphaproteobacteria,Sphingomonadales,Sphingomonadaceae,Sphingopyxis,Sphingopyxis sp022024275,2.5,0.002353772,0.9050/0.8795
Me.F.4.L.C,H06,Memorial,dorm_sample,Bacteria,Pseudomonadota,Gammaproteobacteria,Burkholderiales,Burkholderiaceae_C,Comamonas,Comamonas tsuruhatensis,2.625,0.002471461,0.9981/0.9981
Me.F.4.L.C,H06,Memorial,dorm_sample,Bacteria,Pseudomonadota,Gammaproteobacteria,Xanthomonadales,Rhodanobacteraceae,Tahibacter,Tahibacter sp042701255,2.75,0.002589149,0.9287/0.9265
Me.F.4.L.C,H06,Memorial,dorm_sample,Bacteria,Pseudomonadota,Alphaproteobacteria,Sphingomonadales,Sphingomonadaceae,Sphingopyxis,Sphingopyxis sp041916015,2.875,0.002706838,0.8889/0.8480
Me.F.4.L.C,H06,Memorial,dorm_sample,Bacteria,Bacteroidota,Bacteroidia,Flavobacteriales,Flavobacteriaceae,Flavobacterium,Flavobacterium microcysteis,2.875,0.002706838,0.9509/0.9360
Me.F.4.L.C,H06,Memorial,dorm_sample,Bacteria,Pseudomonadota,Gammaproteobacteria,Pseudomonadales,Moraxellaceae,Acinetobacter,Acinetobacter proteolyticus,2.875,0.002706838,0.9927/0.9927
Me.F.4.L.C,H06,Memorial,dorm_sample,Bacteria,Acidobacteriota,Vicinamibacteria,Vicinamibacterales,Vicinamibacteraceae,Luteitalea,Luteitalea sp016865485,3,0.002824526,0.8826/0.8526
Me.F.4.L.C,H06,Memorial,dorm_sample,Bacteria,Pseudomonadota,Alphaproteobacteria,Rhizobiales,Rhizobiaceae,Shinella,Shinella sp001262505,3,0.002824526,0.9940/0.9939
Me.F.4.L.C,H06,Memorial,dorm_sample,Bacteria,Pseudomonadota,Alphaproteobacteria,43-37,43-37,43-37,43-37 sp001897475,3.125,0.002942215,0.7424/0.7275
Me.F.4.L.C,H06,Memorial,dorm_sample,Bacteria,Actinomycetota,Actinomycetes,Mycobacteriales,Mycobacteriaceae,Mycobacterium,Mycobacterium gwanakae,3.125,0.002942215,0.9994/0.9994
Me.F.4.L.C,H06,Memorial,dorm_sample,Bacteria,Pseudomonadota,Alphaproteobacteria,Rickettsiales,UBA3002,QFOX01,QFOX01 sp040377415,3.25,0.003059903,0.7977/0.7606
Me.F.4.L.C,H06,Memorial,dorm_sample,Bacteria,Pseudomonadota,Alphaproteobacteria,Rhizobiales,Beijerinckiaceae,Methylobacterium,Methylobacterium isbiliense,3.25,0.003059903,0.9992/0.9992
Me.F.4.L.C,H06,Memorial,dorm_sample,Bacteria,Bacteroidota,Bacteroidia,Sphingobacteriales,Sphingobacteriaceae,Pedobacter,Pedobacter chitinilyticus,3.375,0.003177592,0.9866/0.9854
Me.F.4.L.C,H06,Memorial,dorm_sample,Bacteria,Pseudomonadota,Alphaproteobacteria,Sphingomonadales,Sphingomonadaceae,Sphingobium_A,Sphingobium_A colocasiae,3.5,0.003295281,0.9044/0.8813
Me.F.4.L.C,H06,Memorial,dorm_sample,Bacteria,Pseudomonadota,Alphaproteobacteria,Rhizobiales,Beijerinckiaceae,Allobosea,Allobosea eneae,3.625,0.003412969,0.9776/0.9586
Me.F.4.L.C,H06,Memorial,dorm_sample,Bacteria,Pseudomonadota,Gammaproteobacteria,Xanthomonadales,Xanthomonadaceae,Pseudoxanthomonas_A,Pseudoxanthomonas_A japonensis,3.75,0.003530658,0.9893/0.9890
Me.F.4.L.C,H06,Memorial,dorm_sample,Bacteria,Pseudomonadota,Alphaproteobacteria,Sphingomonadales,Sphingomonadaceae,Sphingomonas,Sphingomonas corticis,3.75,0.003530658,0.9952/0.9796
Me.F.4.L.C,H06,Memorial,dorm_sample,Bacteria,Actinomycetota,Actinomycetes,Mycobacteriales,Mycobacteriaceae,Mycobacterium,Mycobacterium gordonae_B,3.875,0.003648346,0.9920/0.9919
Me.F.4.L.C,H06,Memorial,dorm_sample,Bacteria,Acidobacteriota,Blastocatellia,Pyrinomonadales,Pyrinomonadaceae,JALZHR01,JALZHR01 sp036388475,4,0.003766035,0.7784/0.7485
Me.F.4.L.C,H06,Memorial,dorm_sample,Bacteria,Pseudomonadota,Alphaproteobacteria,Sphingomonadales,Sphingomonadaceae,Sphingopyxis,Sphingopyxis italica,4.375,0.004119101,0.8495/0.7721
Me.F.4.L.C,H06,Memorial,dorm_sample,Bacteria,Bacteroidota,Bacteroidia,Cytophagales,172606-1,Xanthocytophaga,Xanthocytophaga sp025455595,4.375,0.004119101,0.8855/0.8500
Me.F.4.L.C,H06,Memorial,dorm_sample,Bacteria,Pseudomonadota,Alphaproteobacteria,Caulobacterales,Caulobacteraceae,Phenylobacterium,Phenylobacterium sp024699945,4.375,0.004119101,0.8984/0.8708
Me.F.4.L.C,H06,Memorial,dorm_sample,Bacteria,Pseudomonadota,Alphaproteobacteria,Rickettsiales,UBA3002,QFOX01,QFOX01 sp044341105,4.5,0.004236789,0.8107/0.7636
Me.F.4.L.C,H06,Memorial,dorm_sample,Bacteria,Pseudomonadota,Gammaproteobacteria,Xanthomonadales,Xanthomonadaceae,Pseudoxanthomonas_A,Pseudoxanthomonas_A sp014851815,4.625,0.004354478,0.9409/0.9328
Me.F.4.L.C,H06,Memorial,dorm_sample,Bacteria,Acidobacteriota,Blastocatellia,Pyrinomonadales,Pyrinomonadaceae,GCA-002050365,GCA-002050365 sp964244835,4.75,0.004472167,0.7902/0.7611
Me.F.4.L.C,H06,Memorial,dorm_sample,Bacteria,Pseudomonadota,Alphaproteobacteria,Sphingomonadales,Sphingomonadaceae,Sphingopyxis,Sphingopyxis sp013821905,4.75,0.004472167,0.8843/0.8744
Me.F.4.L.C,H06,Memorial,dorm_sample,Bacteria,Babelota,Babeliae,Babelales,Vermiphilaceae,Vermiphilus,Vermiphilus pyriformis,5.125,0.004825232,0.9923/0.9915
Me.F.4.L.C,H06,Memorial,dorm_sample,Bacteria,Pseudomonadota,Alphaproteobacteria,Sphingomonadales,Sphingomonadaceae,Sphingopyxis,Sphingopyxis sp014873485,5.5,0.005178298,0.9415/0.9323
Me.F.4.L.C,H06,Memorial,dorm_sample,Bacteria,Bacteroidota,Bacteroidia,Cytophagales,Cyclobacteriaceae,UBA2336,UBA2336 sp019694875,5.625,0.005295987,0.8445/0.8277
Me.F.4.L.C,H06,Memorial,dorm_sample,Bacteria,Pseudomonadota,Alphaproteobacteria,Sphingomonadales,Sphingomonadaceae,Sphingopyxis,Sphingopyxis sp035686825,5.75,0.005413675,0.8564/0.8129
Me.F.4.L.C,H06,Memorial,dorm_sample,Bacteria,Pseudomonadota,Alphaproteobacteria,Sphingomonadales,Sphingomonadaceae,Sphingopyxis,Sphingopyxis sp900078365,5.875,0.005531364,0.8313/0.7629
Me.F.4.L.C,H06,Memorial,dorm_sample,Bacteria,Pseudomonadota,Alphaproteobacteria,Sphingomonadales,Sphingomonadaceae,Erythrobacter,Erythrobacter sp001557115,5.875,0.005531364,0.8829/0.8357
Me.F.4.L.C,H06,Memorial,dorm_sample,Bacteria,Pseudomonadota,Gammaproteobacteria,Xanthomonadales,Rhodanobacteraceae,Tahibacter,Tahibacter harae,6.625,0.006237496,0.8638/0.8173
Me.F.4.L.C,H06,Memorial,dorm_sample,Bacteria,Bacteroidota,Bacteroidia,Cytophagales,172606-1,Rhodocytophaga,Rhodocytophaga rosea,6.625,0.006237496,0.9026/0.8417
Me.F.4.L.C,H06,Memorial,dorm_sample,Bacteria,Gemmatimonadota,Gemmatimonadetes,Gemmatimonadales,Gemmatimonadaceae,Gemmatimonas,Gemmatimonas sp002483225,8.25,0.007767447,0.9895/0.9891
Me.F.4.L.C,H06,Memorial,dorm_sample,Bacteria,Acidobacteriota,Blastocatellia,Pyrinomonadales,Pyrinomonadaceae,GCA-002050365,GCA-002050365 sp963761145,9.125,0.008591268,0.7751/0.7078
Me.F.4.L.C,H06,Memorial,dorm_sample,Bacteria,Pseudomonadota,Gammaproteobacteria,Burkholderiales,Burkholderiaceae_C,Acidovorax,Acidovorax temperans,10.125,0.009532776,0.9836/0.9784
Me.F.4.L.C,H06,Memorial,dorm_sample,Bacteria,Bacteroidota,Bacteroidia,CAIKAF01,CAIKAF01,JAKRSD01,JAKRSD01 sp964473995,10.75,0.01012122,0.7864/0.7563
Me.F.4.L.C,H06,Memorial,dorm_sample,Bacteria,Pseudomonadota,Alphaproteobacteria,Sphingomonadales,Sphingomonadaceae,Sphingopyxis,Sphingopyxis sp001468265,10.75,0.01012122,0.8803/0.8472
Me.F.4.L.C,H06,Memorial,dorm_sample,Bacteria,Bacteroidota,Bacteroidia,Flavobacteriales,Flavobacteriaceae,Flavobacterium,Flavobacterium lindanitolerans,13.5,0.01271037,0.9914/0.9907
Me.F.4.L.C,H06,Memorial,dorm_sample,Bacteria,Pseudomonadota,Alphaproteobacteria,Sphingomonadales,Sphingomonadaceae,Sphingomonas,Sphingomonas koreensis,13.875,0.01306343,0.9910/0.9895
Me.F.4.L.C,H06,Memorial,dorm_sample,Bacteria,Bacteroidota,Bacteroidia,Cytophagales,172606-1,Xanthocytophaga,Xanthocytophaga sp963520985,14,0.01318112,0.7923/0.7400
Me.F.4.L.C,H06,Memorial,dorm_sample,Bacteria,Acidobacteriota,Blastocatellia,Pyrinomonadales,Pyrinomonadaceae,JAFDVJ01,JAFDVJ01 sp965247805,14.125,0.01329881,0.8009/0.7624
Me.F.4.L.C,H06,Memorial,dorm_sample,Bacteria,Pseudomonadota,Gammaproteobacteria,Xanthomonadales,Xanthomonadaceae,Pseudoxanthomonas_A,Pseudoxanthomonas_A sp014851805,14.375,0.01353419,0.9409/0.9373
Me.F.4.L.C,H06,Memorial,dorm_sample,Bacteria,Pseudomonadota,Alphaproteobacteria,Sphingomonadales,Sphingomonadaceae,Blastomonas,Blastomonas ursincola,14.875,0.01400494,0.9923/0.9920
Me.F.4.L.C,H06,Memorial,dorm_sample,Bacteria,Bacteroidota,Bacteroidia,CAIKAF01,CAIKAF01,JAKRSD01,JAKRSD01 sp022402535,15.75,0.01482876,0.8022/0.7942
Me.F.4.L.C,H06,Memorial,dorm_sample,Bacteria,Pseudomonadota,Gammaproteobacteria,Burkholderiales,Burkholderiaceae_C,Ottowia,Ottowia testudinis,21.5,0.02024244,0.9058/0.8972
Me.F.4.L.C,H06,Memorial,dorm_sample,Bacteria,Acidobacteriota,Blastocatellia,Pyrinomonadales,Pyrinomonadaceae,JAIBCC01,JAIBCC01 sp963779235,29.25,0.02753913,0.8035/0.7538
Me.F.4.L.C,H06,Memorial,dorm_sample,Bacteria,Pseudomonadota,Alphaproteobacteria,Sphingomonadales,Sphingomonadaceae,Erythrobacter,Erythrobacter oryzae,38.375,0.0361304,0.9008/0.8467
Me.F.4.L.C,H06,Memorial,dorm_sample,Bacteria,Pseudomonadota,Alphaproteobacteria,Sphingomonadales,Sphingomonadaceae,Sphingopyxis,Sphingopyxis macrogoltabida_A,39.875,0.03754266,0.9940/0.9846
Me.F.4.L.C,H06,Memorial,dorm_sample,Bacteria,Cyanobacteriota,Vampirovibrionia,Obscuribacterales,Obscuribacteraceae,JAFKGK01,JAFKGK01 sp017307165,47,0.04425091,0.9947/0.9943
Me.F.4.L.C,H06,Memorial,dorm_sample,Bacteria,Actinomycetota,Actinomycetes,Mycobacteriales,Mycobacteriaceae,Mycobacterium,Mycobacterium phocaicum,50,0.04707544,0.9941/0.9925
Me.F.4.L.C,H06,Memorial,dorm_sample,Bacteria,unclassified Bacteria phylum,unclassified Bacteria class,unclassified Bacteria order,unclassified Bacteria family,unclassified Bacteria genus,unclassified Bacteria species,62.125,0.05849123,0.0000/0.0000
Me.F.4.L.C,H06,Memorial,dorm_sample,Bacteria,Pseudomonadota,Alphaproteobacteria,Sphingomonadales,Sphingomonadaceae,Erythrobacter,Erythrobacter sp046452395,66,0.06213958,0.9834/0.9819
Me.F.4.L.C,H06,Memorial,dorm_sample,Bacteria,Pseudomonadota,Gammaproteobacteria,Burkholderiales,Burkholderiaceae_C,Ottowia,Ottowia sp018060485,66.5,0.06261033,0.9843/0.9769
Me.F.4.L.C,H06,Memorial,dorm_sample,Bacteria,Pseudomonadota,Alphaproteobacteria,Sphingomonadales,Sphingomonadaceae,Sphingopyxis,Sphingopyxis sp031457495,111,0.1045075,0.9941/0.9894
Me.F.4.L.C,H06,Memorial,dorm_sample,Bacteria,Pseudomonadota,Alphaproteobacteria,Sphingomonadales,Sphingomonadaceae,Sphingopyxis,Sphingopyxis sp001468395,153.625,0.1446393,0.9540/0.9416
2_Bacillus,H07,Not applicable,control,Bacteria,unclassified Bacteria phylum,unclassified Bacteria class,unclassified Bacteria order,unclassified Bacteria family,unclassified Bacteria genus,unclassified Bacteria species,0.5,0.000735294,0.0000/0.0000
2_Bacillus,H07,Not applicable,control,Bacteria,Bacillota,Bacilli,Bacillales,Bacillaceae,Bacillus,Bacillus pumilus_O,679.5,0.9992647,0.9993/0.9993