sample_id,filename_ID,Dorm,sample_type,lineage,type,subtype,carrier,copy,genome,abundance
Ea.F.1.L.A,A01,Earl,dorm_sample,Bacteria;Actinomycetota;Actinomycetes;Actinomycetales;Microbacteriaceae;Agromyces;Agromyces mediolanus_A,beta-lactam,bla*,chromosome,0.997,0.5,1.994
Ea.F.1.L.A,A01,Earl,dorm_sample,Bacteria;Actinomycetota;Actinomycetes;Actinomycetales;Microbacteriaceae;Microbacterium;Microbacterium sufflavum,beta-lactam,bla*,chromosome,1,0.75,1.333
Ea.F.1.L.A,A01,Earl,dorm_sample,Bacteria;Actinomycetota;Actinomycetes;Actinomycetales;Microbacteriaceae;Microbacterium;Microbacterium sufflavum,macrolide-lincosamide-streptogramin,erm*,chromosome,1,0.75,1.333
Ea.F.1.L.A,A01,Earl,dorm_sample,Bacteria;Actinomycetota;Actinomycetes;Mycobacteriales;Mycobacteriaceae;Mycobacterium;Mycobacterium fortuitum,aminoglycoside,aac(2')-I,chromosome,2,0.25,8
Ea.F.1.L.A,A01,Earl,dorm_sample,Bacteria;Actinomycetota;Actinomycetes;Mycobacteriales;Mycobacteriaceae;Mycobacterium;Mycobacterium fortuitum,aminoglycoside,eis,chromosome,2.792,0.25,11.169
Ea.F.1.L.A,A01,Earl,dorm_sample,Bacteria;Actinomycetota;Actinomycetes;Mycobacteriales;Mycobacteriaceae;Mycobacterium;Mycobacterium fortuitum,macrolide-lincosamide-streptogramin,erm(39),chromosome,1,0.25,4
Ea.F.1.L.A,A01,Earl,dorm_sample,Bacteria;Actinomycetota;Actinomycetes;Mycobacteriales;Mycobacteriaceae;Mycobacterium;Mycobacterium fortuitum,multidrug,lfrA,chromosome,1,0.25,4
Ea.F.1.L.A,A01,Earl,dorm_sample,Bacteria;Actinomycetota;Actinomycetes;Mycobacteriales;Mycobacteriaceae;Mycobacterium;Mycobacterium fortuitum,multidrug,tap,chromosome,1,0.25,4
Ea.F.1.L.A,A01,Earl,dorm_sample,Bacteria;Actinomycetota;Actinomycetes;Mycobacteriales;Mycobacteriaceae;Mycobacterium;Mycobacterium fortuitum,rifamycin,helR,chromosome,0.999,0.25,3.994
Ea.F.1.L.A,A01,Earl,dorm_sample,Bacteria;Actinomycetota;Actinomycetes;Mycobacteriales;Mycobacteriaceae;Mycobacterium;Mycobacterium fortuitum,rifamycin,rox,chromosome,1,0.25,4
Ea.F.1.L.A,A01,Earl,dorm_sample,Bacteria;Actinomycetota;Actinomycetes;Mycobacteriales;Mycobacteriaceae;Mycobacterium;Mycobacterium phocaicum,beta-lactam,bla*,chromosome,24.423,31,0.788
Ea.F.1.L.A,A01,Earl,dorm_sample,Bacteria;Actinomycetota;Actinomycetes;Mycobacteriales;Mycobacteriaceae;Mycobacterium;Mycobacterium phocaicum,defensin,lysX,chromosome,35.815,31,1.155
Ea.F.1.L.A,A01,Earl,dorm_sample,Bacteria;Actinomycetota;Actinomycetes;Mycobacteriales;Mycobacteriaceae;Mycobacterium;Mycobacterium phocaicum,multidrug,lfrA,chromosome,28.269,31,0.912
Ea.F.1.L.A,A01,Earl,dorm_sample,Bacteria;Actinomycetota;Actinomycetes;Mycobacteriales;Mycobacteriaceae;Mycobacterium;Mycobacterium phocaicum,rifamycin,arr,chromosome,38.008,31,1.226
Ea.F.1.L.A,A01,Earl,dorm_sample,Bacteria;Actinomycetota;Actinomycetes;Mycobacteriales;Mycobacteriaceae;Mycobacterium;Mycobacterium phocaicum,tetracycline,tet(V),chromosome,14.668,31,0.473
Ea.F.1.L.A,A01,Earl,dorm_sample,Bacteria;Actinomycetota;Actinomycetes;Mycobacteriales;Mycobacteriaceae;Mycobacterium;Mycobacterium sp018326285,multidrug,lfrA,chromosome,0.769,2.25,0.342
Ea.F.1.L.A,A01,Earl,dorm_sample,Bacteria;Actinomycetota;Actinomycetes;Mycobacteriales;Mycobacteriaceae;Mycobacterium;Mycobacterium sp018326285,rifamycin,arr,chromosome,1,2.25,0.444
Ea.F.1.L.A,A01,Earl,dorm_sample,Bacteria;Actinomycetota;Actinomycetes;Mycobacteriales;Mycobacteriaceae;Mycobacterium;Mycobacterium sp018326285,tetracycline,tet(V),chromosome,24.049,2.25,10.689
Ea.F.1.L.A,A01,Earl,dorm_sample,Bacteria;Actinomycetota;Actinomycetes;Mycobacteriales;Nakamurellaceae;Nakamurella;Nakamurella multipartita,rifamycin,rph*,chromosome,0.999,0.875,1.141
Ea.F.1.L.A,A01,Earl,dorm_sample,Bacteria;Pseudomonadota;Alphaproteobacteria;Caulobacterales;Caulobacteraceae;Brevundimonas;Brevundimonas sp023259385,beta-lactam,bla*,chromosome,2,0.25,8
Ea.F.1.L.A,A01,Earl,dorm_sample,Bacteria;Pseudomonadota;Alphaproteobacteria;Caulobacterales;Caulobacteraceae;Phenylobacterium;Phenylobacterium sp041919955,rifamycin,arr,chromosome,5,2.875,1.739
Ea.F.1.L.A,A01,Earl,dorm_sample,Bacteria;Pseudomonadota;Alphaproteobacteria;Rhizobiales;Beijerinckiaceae;Allobosea;Allobosea eneae,beta-lactam,bla*,chromosome,2,0.375,5.333
Ea.F.1.L.A,A01,Earl,dorm_sample,Bacteria;Pseudomonadota;Alphaproteobacteria;Rhizobiales;Beijerinckiaceae;Allobosea;Allobosea vestrisii,aminoglycoside,aac(3)*,chromosome,0.996,0.25,3.985
Ea.F.1.L.A,A01,Earl,dorm_sample,Bacteria;Pseudomonadota;Alphaproteobacteria;Rhizobiales;Hyphomicrobiaceae;Hyphomicrobium_C;Hyphomicrobium_C sp019744875,aminoglycoside,aac(3)-I,chromosome,1,0.75,1.333
Ea.F.1.L.A,A01,Earl,dorm_sample,Bacteria;Pseudomonadota;Alphaproteobacteria;Rhizobiales;Rhizobiaceae;Shinella;Shinella sp001262505,beta-lactam,bla*,chromosome,1.37,0.625,2.193
Ea.F.1.L.A,A01,Earl,dorm_sample,Bacteria;Pseudomonadota;Alphaproteobacteria;Rhizobiales;Rhizobiaceae;Shinella;Shinella sp001262505,phenicol,cml*,chromosome,1.98,0.625,3.168
Ea.F.1.L.A,A01,Earl,dorm_sample,Bacteria;Pseudomonadota;Alphaproteobacteria;Rhizobiales;Xanthobacteraceae;Bradyrhizobium;Bradyrhizobium lablabi_C,beta-lactam,bla*,chromosome,11.276,3.25,3.47
Ea.F.1.L.A,A01,Earl,dorm_sample,Bacteria;Pseudomonadota;Alphaproteobacteria;Sphingomonadales;Sphingomonadaceae;Blastomonas;Blastomonas ursincola,aminoglycoside,aac(3)*,chromosome,7.238,15.625,0.463
Ea.F.1.L.A,A01,Earl,dorm_sample,Bacteria;Pseudomonadota;Alphaproteobacteria;Sphingomonadales;Sphingomonadaceae;Blastomonas;Blastomonas ursincola,beta-lactam,bla*,chromosome,24.634,15.625,1.577
Ea.F.1.L.A,A01,Earl,dorm_sample,Bacteria;Pseudomonadota;Alphaproteobacteria;Sphingomonadales;Sphingomonadaceae;Sphingobium;Sphingobium phenoxybenzoativorans,beta-lactam,bla*,chromosome,1.182,0.25,4.727
Ea.F.1.L.A,A01,Earl,dorm_sample,Bacteria;Pseudomonadota;Alphaproteobacteria;Sphingomonadales;Sphingomonadaceae;Sphingomonas;Sphingomonas koreensis,aminoglycoside,aac(6')*,chromosome,2.98,2.25,1.324
Ea.F.1.L.A,A01,Earl,dorm_sample,Bacteria;Pseudomonadota;Alphaproteobacteria;Sphingomonadales;Sphingomonadaceae;Sphingomonas;Sphingomonas koreensis,beta-lactam,bla*,chromosome,5.672,2.25,2.521
Ea.F.1.L.A,A01,Earl,dorm_sample,Bacteria;Pseudomonadota;Alphaproteobacteria;Sphingomonadales;Sphingomonadaceae;Sphingomonas;Sphingomonas koreensis,phenicol,catB,chromosome,1.99,2.25,0.885
Ea.F.1.L.A,A01,Earl,dorm_sample,Bacteria;Pseudomonadota;Alphaproteobacteria;Sphingomonadales;Sphingomonadaceae;Sphingomonas;Sphingomonas koreensis,rifamycin,arr,chromosome,2,2.25,0.889
Ea.F.1.L.A,A01,Earl,dorm_sample,Bacteria;Pseudomonadota;Alphaproteobacteria;Sphingomonadales;Sphingomonadaceae;Sphingopyxis;Sphingopyxis sp001468395,beta-lactam,bla*,chromosome,35.772,28.875,1.239
Ea.F.1.L.A,A01,Earl,dorm_sample,Bacteria;Pseudomonadota;Alphaproteobacteria;Sphingomonadales;Sphingomonadaceae;Sphingopyxis;Sphingopyxis sp001468395,defensin,mprF,chromosome,32.271,28.875,1.118
Ea.F.1.L.A,A01,Earl,dorm_sample,Bacteria;Pseudomonadota;Alphaproteobacteria;Sphingomonadales;Sphingomonadaceae;Sphingopyxis;Sphingopyxis sp014873485,beta-lactam,bla*,chromosome,13.82,16.875,0.819
Ea.F.1.L.A,A01,Earl,dorm_sample,Bacteria;Pseudomonadota;Alphaproteobacteria;Sphingomonadales;Sphingomonadaceae;Sphingopyxis;Sphingopyxis sp014873485,phenicol,catB,chromosome,5,16.875,0.296
Ea.F.1.L.A,A01,Earl,dorm_sample,Bacteria;Pseudomonadota;Alphaproteobacteria;Sphingomonadales;Sphingomonadaceae;Sphingopyxis;Sphingopyxis sp014873485,rifamycin,arr,chromosome,5,16.875,0.296
Ea.F.1.L.A,A01,Earl,dorm_sample,Bacteria;Pseudomonadota;Gammaproteobacteria;Burkholderiales;Burkholderiaceae_C;Aquincola;Aquincola tertiaricarbonis_B,beta-lactam,bla*,chromosome,4,6.75,0.593
Ea.F.1.L.A,A01,Earl,dorm_sample,Bacteria;Pseudomonadota;Gammaproteobacteria;Steroidobacterales;Steroidobacteraceae;Steroidobacter;Steroidobacter soli,aminoglycoside,aac(3)-IV,chromosome,1.984,0.375,5.292
Ea.F.1.L.A,A01,Earl,dorm_sample,Bacteria;Pseudomonadota;Gammaproteobacteria;Xanthomonadales;Xanthomonadaceae;Pseudoxanthomonas_A;Pseudoxanthomonas_A japonensis,fosfomycin,fosX,chromosome,1.993,1.25,1.594
Ea.F.1.L.A,A01,Earl,dorm_sample,Bacteria;Pseudomonadota;Gammaproteobacteria;Xanthomonadales;Xanthomonadaceae;Pseudoxanthomonas_A;Pseudoxanthomonas_A mexicana,aminoglycoside,aac(3)-I,chromosome,8.419,3,2.806
Ea.F.1.L.A,A01,Earl,dorm_sample,Bacteria;Pseudomonadota;Gammaproteobacteria;Xanthomonadales;Xanthomonadaceae;Pseudoxanthomonas_A;Pseudoxanthomonas_A mexicana,aminoglycoside,aac(6')*,chromosome,1.866,3,0.622
Ea.F.1.L.A,A01,Earl,dorm_sample,Bacteria;Pseudomonadota;Gammaproteobacteria;Xanthomonadales;Xanthomonadaceae;Pseudoxanthomonas_A;Pseudoxanthomonas_A mexicana,beta-lactam,bla*,chromosome,1.742,3,0.581
Ea.F.1.L.A,A01,Earl,dorm_sample,Bacteria;Pseudomonadota;Gammaproteobacteria;Xanthomonadales;Xanthomonadaceae;Pseudoxanthomonas_A;Pseudoxanthomonas_A mexicana,rifamycin,arr,chromosome,4,3,1.333
Ea.F.1.L.A,A01,Earl,dorm_sample,unclassified,aminoglycoside,aac(3)*,plasmid,1,0,0
Ea.F.1.L.A,A01,Earl,dorm_sample,unclassified,aminoglycoside,aph(3'')-I,plasmid,1.751,0,0
Ea.F.1.L.A,A01,Earl,dorm_sample,unclassified,aminoglycoside,aph(3')*,chromosome,2,0,0
Ea.F.1.L.A,A01,Earl,dorm_sample,unclassified,aminoglycoside,aph(3')-II,chromosome,1,0,0
Ea.F.1.L.A,A01,Earl,dorm_sample,unclassified,aminoglycoside,aph(6)-I,plasmid,1,0,0
Ea.F.1.L.A,A01,Earl,dorm_sample,unclassified,beta-lactam,bla*,chromosome,31.183,0,0
Ea.F.1.L.A,A01,Earl,dorm_sample,unclassified,defensin,mprF,chromosome,23.141,0,0
Ea.F.1.L.A,A01,Earl,dorm_sample,unclassified,macrolide-lincosamide-streptogramin,erm*,plasmid,1,0,0
Ea.F.1.L.A,A01,Earl,dorm_sample,unclassified,multidrug,emrE,chromosome,1,0,0
Ea.F.1.L.A,A01,Earl,dorm_sample,unclassified,multidrug,macB,chromosome,2.105,0,0
Ea.F.1.L.A,A01,Earl,dorm_sample,unclassified,multidrug,mdtI,chromosome,2,0,0
Ea.F.1.L.A,A01,Earl,dorm_sample,unclassified,multidrug,tap,chromosome,0.998,0,0
Ea.F.1.L.A,A01,Earl,dorm_sample,unclassified,phenicol,catB,chromosome,2.953,0,0
Ea.F.1.L.A,A01,Earl,dorm_sample,unclassified,rifamycin,arr,chromosome,26.214,0,0
Ea.F.1.L.A,A01,Earl,dorm_sample,unclassified,rifamycin,helR,chromosome,1.52,0,0
Ea.F.1.L.A,A01,Earl,dorm_sample,unclassified,tetracycline,tet(X),plasmid,1,0,0
Ea.F.1.H.C,A02,Earl,dorm_sample,Bacteria;Actinomycetota;Actinomycetes;Mycobacteriales;Mycobacteriaceae;Mycobacterium;Mycobacterium fortuitum,aminoglycoside,aph(3'')-I,chromosome,1,0.625,1.6
Ea.F.1.H.C,A02,Earl,dorm_sample,Bacteria;Actinomycetota;Actinomycetes;Mycobacteriales;Mycobacteriaceae;Mycobacterium;Mycobacterium fortuitum,aminoglycoside,eis,chromosome,0.96,0.625,1.536
Ea.F.1.H.C,A02,Earl,dorm_sample,Bacteria;Actinomycetota;Actinomycetes;Mycobacteriales;Mycobacteriaceae;Mycobacterium;Mycobacterium fortuitum,rifamycin,arr,chromosome,1,0.625,1.6
Ea.F.1.H.C,A02,Earl,dorm_sample,Bacteria;Actinomycetota;Actinomycetes;Mycobacteriales;Mycobacteriaceae;Mycobacterium;Mycobacterium fortuitum,rifamycin,helR,chromosome,0.999,0.625,1.598
Ea.F.1.H.C,A02,Earl,dorm_sample,Bacteria;Actinomycetota;Actinomycetes;Mycobacteriales;Mycobacteriaceae;Mycobacterium;Mycobacterium phocaicum,beta-lactam,bla*,chromosome,2,1.375,1.455
Ea.F.1.H.C,A02,Earl,dorm_sample,Bacteria;Actinomycetota;Actinomycetes;Mycobacteriales;Mycobacteriaceae;Mycobacterium;Mycobacterium phocaicum,multidrug,lfrA,chromosome,2.354,1.375,1.712
Ea.F.1.H.C,A02,Earl,dorm_sample,Bacteria;Actinomycetota;Actinomycetes;Mycobacteriales;Mycobacteriaceae;Mycobacterium;Mycobacterium phocaicum,rifamycin,arr,chromosome,2,1.375,1.455
Ea.F.1.H.C,A02,Earl,dorm_sample,Bacteria;Actinomycetota;Actinomycetes;Mycobacteriales;Mycobacteriaceae;Mycobacterium;Mycobacterium phocaicum,tetracycline,tet(V),chromosome,1,1.375,0.727
Ea.F.1.H.C,A02,Earl,dorm_sample,Bacteria;Pseudomonadota;Alphaproteobacteria;Sphingomonadales;Sphingomonadaceae;Blastomonas;Blastomonas ursincola,beta-lactam,bla*,chromosome,2,1.125,1.778
Ea.F.1.H.C,A02,Earl,dorm_sample,Bacteria;Pseudomonadota;Alphaproteobacteria;Sphingomonadales;Sphingomonadaceae;Erythrobacter;Erythrobacter oryzae,aminoglycoside,aac(6')*,chromosome,1,0.375,2.667
Ea.F.1.H.C,A02,Earl,dorm_sample,Bacteria;Pseudomonadota;Alphaproteobacteria;Sphingomonadales;Sphingomonadaceae;Sphingopyxis;Sphingopyxis sp001468395,defensin,mprF,chromosome,2,1.25,1.6
Ea.F.1.H.C,A02,Earl,dorm_sample,Bacteria;Pseudomonadota;Alphaproteobacteria;Sphingomonadales;Sphingomonadaceae;Sphingopyxis;Sphingopyxis sp014873485,phenicol,catB,chromosome,4,1.125,3.556
Ea.F.1.H.C,A02,Earl,dorm_sample,Bacteria;Pseudomonadota;Alphaproteobacteria;Sphingomonadales;Sphingomonadaceae;Sphingopyxis;Sphingopyxis sp014873485,rifamycin,arr,chromosome,1,1.125,0.889
Ea.F.1.H.C,A02,Earl,dorm_sample,Bacteria;Pseudomonadota;Gammaproteobacteria;Burkholderiales;Burkholderiaceae_C;Acidovorax;Acidovorax temperans,beta-lactam,bla*,chromosome,1,0.875,1.143
Ea.F.1.H.C,A02,Earl,dorm_sample,Bacteria;Pseudomonadota;Gammaproteobacteria;Burkholderiales;Burkholderiaceae_C;Aquincola;Aquincola tertiaricarbonis_B,beta-lactam,bla*,chromosome,2,0.625,3.2
Ea.F.1.H.C,A02,Earl,dorm_sample,Bacteria;Pseudomonadota;Gammaproteobacteria;Pseudomonadales;Moraxellaceae;Acinetobacter;Acinetobacter junii,multidrug,macA,chromosome,1,0.875,1.143
Ea.F.1.H.C,A02,Earl,dorm_sample,Bacteria;Pseudomonadota;Gammaproteobacteria;Pseudomonadales;Moraxellaceae;Acinetobacter;Acinetobacter junii,multidrug,macB,chromosome,1,0.875,1.143
Ea.F.1.H.C,A02,Earl,dorm_sample,Bacteria;Pseudomonadota;Gammaproteobacteria;Pseudomonadales;Moraxellaceae;Acinetobacter;Acinetobacter junii,phenicol,cxpE,chromosome,1,0.875,1.143
Ea.F.1.H.C,A02,Earl,dorm_sample,Bacteria;Pseudomonadota;Gammaproteobacteria;Pseudomonadales;Pseudomonadaceae;Aquipseudomonas;Aquipseudomonas alcaligenes,beta-lactam,bla*,chromosome,0.997,0.25,3.989
Ea.F.1.H.C,A02,Earl,dorm_sample,Bacteria;Pseudomonadota;Gammaproteobacteria;Xanthomonadales;Xanthomonadaceae;Pseudoxanthomonas_A;Pseudoxanthomonas_A japonensis,aminoglycoside,aac(6')*,chromosome,1,0.375,2.667
Ea.F.1.H.C,A02,Earl,dorm_sample,Bacteria;Pseudomonadota;Gammaproteobacteria;Xanthomonadales;Xanthomonadaceae;Pseudoxanthomonas_A;Pseudoxanthomonas_A japonensis,fosfomycin,fosX,chromosome,2,0.375,5.333
Ea.F.1.H.C,A02,Earl,dorm_sample,Bacteria;Pseudomonadota;Gammaproteobacteria;Xanthomonadales;Xanthomonadaceae;Pseudoxanthomonas_A;Pseudoxanthomonas_A mexicana,aminoglycoside,aac(3)-I,chromosome,1,0.875,1.143
Ea.F.1.H.C,A02,Earl,dorm_sample,Bacteria;Pseudomonadota;Gammaproteobacteria;Xanthomonadales;Xanthomonadaceae;Pseudoxanthomonas_A;Pseudoxanthomonas_A mexicana,rifamycin,arr,chromosome,1,0.875,1.143
Ea.F.1.H.C,A02,Earl,dorm_sample,Bacteria;Pseudomonadota;Gammaproteobacteria;Xanthomonadales;Xanthomonadaceae;Pseudoxanthomonas_A;Pseudoxanthomonas_A sp002863005,rifamycin,arr,chromosome,1,0.375,2.667
Ea.F.1.H.C,A02,Earl,dorm_sample,Bacteria;Pseudomonadota;Gammaproteobacteria;Xanthomonadales;Xanthomonadaceae;Stenotrophomonas;Stenotrophomonas oahuensis,multidrug,smeE,chromosome,0.905,0.5,1.81
Ea.F.1.H.C,A02,Earl,dorm_sample,Bacteria;Pseudomonadota;Gammaproteobacteria;Xanthomonadales;Xanthomonadaceae;Stenotrophomonas;Stenotrophomonas sp032103445,multidrug,emrA,chromosome,1,0.25,4
Ea.F.1.H.C,A02,Earl,dorm_sample,Bacteria;Pseudomonadota;Gammaproteobacteria;Xanthomonadales;Xanthomonadaceae;Stenotrophomonas;Stenotrophomonas sp032103445,multidrug,emrB,chromosome,1,0.25,4
Ea.F.1.H.C,A02,Earl,dorm_sample,Bacteria;Pseudomonadota;Gammaproteobacteria;Xanthomonadales;Xanthomonadaceae;Stenotrophomonas;Stenotrophomonas sp032103445,multidrug,smeD,chromosome,1,0.25,4
Ea.F.1.H.C,A02,Earl,dorm_sample,Bacteria;Pseudomonadota;Gammaproteobacteria;Xanthomonadales;Xanthomonadaceae;Stenotrophomonas;Stenotrophomonas sp032103445,multidrug,smeE,chromosome,1,0.25,4
Ea.F.1.H.C,A02,Earl,dorm_sample,unclassified,aminoglycoside,aac(6')*,chromosome,0.98,0,0
Ea.F.1.H.C,A02,Earl,dorm_sample,unclassified,aminoglycoside,aph(3'')*,chromosome,1,0,0
Ea.F.1.H.C,A02,Earl,dorm_sample,unclassified,beta-lactam,bla*,chromosome,5,0,0
Ea.F.1.H.C,A02,Earl,dorm_sample,unclassified,defensin,mprF,chromosome,0.993,0,0
Ea.F.1.H.C,A02,Earl,dorm_sample,unclassified,multidrug,fsr,chromosome,0.967,0,0
Ea.F.1.H.C,A02,Earl,dorm_sample,unclassified,multidrug,macB,chromosome,1,0,0
Ea.F.1.H.C,A02,Earl,dorm_sample,unclassified,multidrug,tap,chromosome,0.988,0,0
Ea.F.1.H.C,A02,Earl,dorm_sample,unclassified,phenicol,floR,chromosome,2,0,0
Ea.F.1.H.C,A02,Earl,dorm_sample,unclassified,rifamycin,arr,chromosome,4.977,0,0
Ea.F.1.H.C,A02,Earl,dorm_sample,unclassified,tetracycline,tet(G),chromosome,1.997,0,0
Te.F.1.L.A,A03,Teal,dorm_sample,Bacteria;Actinomycetota;Actinomycetes;Actinomycetales;Microbacteriaceae;Microbacterium;Microbacterium sp003248845,rifamycin,helR,chromosome,1.732,0.625,2.772
Te.F.1.L.A,A03,Teal,dorm_sample,Bacteria;Actinomycetota;Actinomycetes;Mycobacteriales;Mycobacteriaceae;Mycobacterium;Mycobacterium gwanakae,aminoglycoside,aph(3'')*,chromosome,1.382,1,1.382
Te.F.1.L.A,A03,Teal,dorm_sample,Bacteria;Actinomycetota;Actinomycetes;Mycobacteriales;Mycobacteriaceae;Mycobacterium;Mycobacterium kiyosense,defensin,lysX,chromosome,0.999,0.625,1.599
Te.F.1.L.A,A03,Teal,dorm_sample,Bacteria;Actinomycetota;Actinomycetes;Mycobacteriales;Mycobacteriaceae;Mycobacterium;Mycobacterium phocaicum,beta-lactam,bla*,chromosome,12.164,12.875,0.945
Te.F.1.L.A,A03,Teal,dorm_sample,Bacteria;Actinomycetota;Actinomycetes;Mycobacteriales;Mycobacteriaceae;Mycobacterium;Mycobacterium phocaicum,multidrug,lfrA,chromosome,19.04,12.875,1.479
Te.F.1.L.A,A03,Teal,dorm_sample,Bacteria;Actinomycetota;Actinomycetes;Mycobacteriales;Mycobacteriaceae;Mycobacterium;Mycobacterium phocaicum,rifamycin,arr,chromosome,9.356,12.875,0.727
Te.F.1.L.A,A03,Teal,dorm_sample,Bacteria;Actinomycetota;Actinomycetes;Mycobacteriales;Mycobacteriaceae;Mycobacterium;Mycobacterium phocaicum,tetracycline,tet(V),chromosome,7.665,12.875,0.595
Te.F.1.L.A,A03,Teal,dorm_sample,Bacteria;Actinomycetota;Actinomycetes;Mycobacteriales;Mycobacteriaceae;Mycobacterium;Mycobacterium sp018326285,beta-lactam,bla*,chromosome,1,0.5,2
Te.F.1.L.A,A03,Teal,dorm_sample,Bacteria;Actinomycetota;Actinomycetes;Mycobacteriales;Mycobacteriaceae;Mycobacterium;Mycobacterium sp018326285,rifamycin,arr,chromosome,5.69,0.5,11.38
Te.F.1.L.A,A03,Teal,dorm_sample,Bacteria;Actinomycetota;Actinomycetes;Mycobacteriales;Mycobacteriaceae;Mycobacterium;Mycobacterium sp018326285,tetracycline,tet(V),chromosome,0.871,0.5,1.742
Te.F.1.L.A,A03,Teal,dorm_sample,Bacteria;Bacteroidota;Bacteroidia;Sphingobacteriales;Sphingobacteriaceae;Pedobacter;Pedobacter chitinilyticus,aminoglycoside,ant(6)*,chromosome,1,0.625,1.6
Te.F.1.L.A,A03,Teal,dorm_sample,Bacteria;Pseudomonadota;Alphaproteobacteria;Caulobacterales;Caulobacteraceae;Phenylobacterium;Phenylobacterium sp001824475,beta-lactam,bla*,chromosome,1,2.5,0.4
Te.F.1.L.A,A03,Teal,dorm_sample,Bacteria;Pseudomonadota;Alphaproteobacteria;Rhizobiales;Beijerinckiaceae;Methylobacterium;Methylobacterium isbiliense,aminoglycoside,aac(3)-I,chromosome,2,1.125,1.778
Te.F.1.L.A,A03,Teal,dorm_sample,Bacteria;Pseudomonadota;Alphaproteobacteria;Rhizobiales;Beijerinckiaceae;Methylobacterium;Methylobacterium isbiliense,beta-lactam,bla*,chromosome,3.093,1.125,2.749
Te.F.1.L.A,A03,Teal,dorm_sample,Bacteria;Pseudomonadota;Alphaproteobacteria;Rhizobiales;Beijerinckiaceae;Methylobacterium;Methylobacterium radiotolerans,beta-lactam,bla*,chromosome,5.87,4.375,1.342
Te.F.1.L.A,A03,Teal,dorm_sample,Bacteria;Pseudomonadota;Alphaproteobacteria;Rhizobiales;Beijerinckiaceae;Methylobacterium;Methylobacterium radiotolerans,multidrug,mdtN,chromosome,1.371,4.375,0.313
Te.F.1.L.A,A03,Teal,dorm_sample,Bacteria;Pseudomonadota;Alphaproteobacteria;Rhizobiales;Beijerinckiaceae;Methylobacterium;Methylobacterium sp900112625,beta-lactam,bla*,chromosome,1,0.25,4
Te.F.1.L.A,A03,Teal,dorm_sample,Bacteria;Pseudomonadota;Alphaproteobacteria;Rhizobiales;Rhizobiaceae;Shinella;Shinella sp001262505,beta-lactam,bla*,chromosome,1.175,2.25,0.522
Te.F.1.L.A,A03,Teal,dorm_sample,Bacteria;Pseudomonadota;Alphaproteobacteria;Rhizobiales;Xanthobacteraceae;Bradyrhizobium;Bradyrhizobium lablabi_C,beta-lactam,bla*,chromosome,5.905,1.375,4.295
Te.F.1.L.A,A03,Teal,dorm_sample,Bacteria;Pseudomonadota;Alphaproteobacteria;Sphingomonadales;Sphingomonadaceae;Blastomonas;Blastomonas ursincola,aminoglycoside,aac(3)*,chromosome,16.66,11.875,1.403
Te.F.1.L.A,A03,Teal,dorm_sample,Bacteria;Pseudomonadota;Alphaproteobacteria;Sphingomonadales;Sphingomonadaceae;Blastomonas;Blastomonas ursincola,beta-lactam,bla*,chromosome,21.236,11.875,1.788
Te.F.1.L.A,A03,Teal,dorm_sample,Bacteria;Pseudomonadota;Alphaproteobacteria;Sphingomonadales;Sphingomonadaceae;Sphingomonas;Sphingomonas koreensis,phenicol,catB,chromosome,0.995,2.125,0.468
Te.F.1.L.A,A03,Teal,dorm_sample,Bacteria;Pseudomonadota;Alphaproteobacteria;Sphingomonadales;Sphingomonadaceae;Sphingomonas;Sphingomonas sp964407945,beta-lactam,bla*,chromosome,7.354,0.25,29.418
Te.F.1.L.A,A03,Teal,dorm_sample,Bacteria;Pseudomonadota;Alphaproteobacteria;Sphingomonadales;Sphingomonadaceae;Sphingopyxis;Sphingopyxis soli,beta-lactam,bla*,chromosome,2.305,0.25,9.22
Te.F.1.L.A,A03,Teal,dorm_sample,Bacteria;Pseudomonadota;Alphaproteobacteria;Sphingomonadales;Sphingomonadaceae;Sphingopyxis;Sphingopyxis sp001468395,beta-lactam,bla*,chromosome,2,3.25,0.615
Te.F.1.L.A,A03,Teal,dorm_sample,Bacteria;Pseudomonadota;Alphaproteobacteria;Sphingomonadales;Sphingomonadaceae;Sphingopyxis;Sphingopyxis sp001468395,defensin,mprF,chromosome,1.63,3.25,0.502
Te.F.1.L.A,A03,Teal,dorm_sample,Bacteria;Pseudomonadota;Alphaproteobacteria;Sphingomonadales;Sphingomonadaceae;Sphingopyxis;Sphingopyxis sp014873485,beta-lactam,bla*,chromosome,18.381,9.875,1.861
Te.F.1.L.A,A03,Teal,dorm_sample,Bacteria;Pseudomonadota;Alphaproteobacteria;Sphingomonadales;Sphingomonadaceae;Sphingopyxis;Sphingopyxis sp014873485,phenicol,catB,chromosome,7.198,9.875,0.729
Te.F.1.L.A,A03,Teal,dorm_sample,Bacteria;Pseudomonadota;Alphaproteobacteria;Sphingomonadales;Sphingomonadaceae;Sphingopyxis;Sphingopyxis sp014873485,rifamycin,arr,chromosome,5,9.875,0.506
Te.F.1.L.A,A03,Teal,dorm_sample,Bacteria;Pseudomonadota;Alphaproteobacteria;Sphingomonadales;Sphingomonadaceae;Sphingopyxis;Sphingopyxis sp035998905,beta-lactam,bla*,chromosome,8.885,5.75,1.545
Te.F.1.L.A,A03,Teal,dorm_sample,Bacteria;Pseudomonadota;Alphaproteobacteria;Sphingomonadales;Sphingomonadaceae;Sphingopyxis;Sphingopyxis sp035998905,phenicol,catB,chromosome,5.849,5.75,1.017
Te.F.1.L.A,A03,Teal,dorm_sample,Bacteria;Pseudomonadota;Alphaproteobacteria;Sphingomonadales;Sphingomonadaceae;Sphingopyxis;Sphingopyxis sp035998905,rifamycin,arr,chromosome,7,5.75,1.217
Te.F.1.L.A,A03,Teal,dorm_sample,Bacteria;Pseudomonadota;Gammaproteobacteria;Burkholderiales;Burkholderiaceae_C;Aquincola;Aquincola tertiaricarbonis_B,beta-lactam,bla*,chromosome,5,2.875,1.739
Te.F.1.L.A,A03,Teal,dorm_sample,Bacteria;Pseudomonadota;Gammaproteobacteria;Xanthomonadales;Rhodanobacteraceae;Dokdonella;Dokdonella sp002483055,beta-lactam,bla*,chromosome,1,0.75,1.333
Te.F.1.L.A,A03,Teal,dorm_sample,Bacteria;Pseudomonadota;Gammaproteobacteria;Xanthomonadales;Rhodanobacteraceae;Dokdonella;Dokdonella sp002483055,defensin,mprF,chromosome,1,0.75,1.333
Te.F.1.L.A,A03,Teal,dorm_sample,Bacteria;Pseudomonadota;Gammaproteobacteria;Xanthomonadales;Rhodanobacteraceae;Dokdonella;Dokdonella sp002483055,multidrug,macB,chromosome,1,0.75,1.333
Te.F.1.L.A,A03,Teal,dorm_sample,Bacteria;Pseudomonadota;Gammaproteobacteria;Xanthomonadales;Rhodanobacteraceae;Tahibacter;Tahibacter harae,beta-lactam,bla*,chromosome,6,4.5,1.333
Te.F.1.L.A,A03,Teal,dorm_sample,Bacteria;Pseudomonadota;Gammaproteobacteria;Xanthomonadales;Rhodanobacteraceae;Tahibacter;Tahibacter harae,defensin,mprF,chromosome,4.332,4.5,0.963
Te.F.1.L.A,A03,Teal,dorm_sample,Bacteria;Pseudomonadota;Gammaproteobacteria;Xanthomonadales;Xanthomonadaceae;Lysobacter_I;Lysobacter_I brunescens,beta-lactam,bla*,chromosome,17.916,2.375,7.543
Te.F.1.L.A,A03,Teal,dorm_sample,Bacteria;Pseudomonadota;Gammaproteobacteria;Xanthomonadales;Xanthomonadaceae;Pseudoxanthomonas_A;Pseudoxanthomonas_A japonensis,aminoglycoside,aac(6')*,chromosome,8.511,10.5,0.811
Te.F.1.L.A,A03,Teal,dorm_sample,Bacteria;Pseudomonadota;Gammaproteobacteria;Xanthomonadales;Xanthomonadaceae;Pseudoxanthomonas_A;Pseudoxanthomonas_A japonensis,beta-lactam,blaPJM,chromosome,11.276,10.5,1.074
Te.F.1.L.A,A03,Teal,dorm_sample,Bacteria;Pseudomonadota;Gammaproteobacteria;Xanthomonadales;Xanthomonadaceae;Pseudoxanthomonas_A;Pseudoxanthomonas_A mexicana,aminoglycoside,aac(3)-I,chromosome,1,0.5,2
Te.F.1.L.A,A03,Teal,dorm_sample,unclassified,aminoglycoside,aac(2')-I,chromosome,1,0,0
Te.F.1.L.A,A03,Teal,dorm_sample,unclassified,aminoglycoside,aac(3)*,plasmid,9.674,0,0
Te.F.1.L.A,A03,Teal,dorm_sample,unclassified,aminoglycoside,aac(3)-I,chromosome,1,0,0
Te.F.1.L.A,A03,Teal,dorm_sample,unclassified,aminoglycoside,ant(3'')-I,chromosome,0.977,0,0
Te.F.1.L.A,A03,Teal,dorm_sample,unclassified,beta-lactam,bla*,chromosome,4.978,0,0
Te.F.1.L.A,A03,Teal,dorm_sample,unclassified,defensin,mprF,chromosome,0.994,0,0
Te.F.1.L.A,A03,Teal,dorm_sample,unclassified,multidrug,macB,chromosome,1,0,0
Te.F.1.L.A,A03,Teal,dorm_sample,unclassified,multidrug,mdtI,chromosome,1,0,0
Te.F.1.L.A,A03,Teal,dorm_sample,unclassified,multidrug,smrA,chromosome,0.997,0,0
Te.F.1.L.A,A03,Teal,dorm_sample,unclassified,multidrug,tap,chromosome,1,0,0
Te.F.1.L.A,A03,Teal,dorm_sample,unclassified,phenicol,catB,chromosome,1,0,0
Te.F.1.L.A,A03,Teal,dorm_sample,unclassified,rifamycin,arr,chromosome,5.878,0,0
Te.F.1.L.A,A03,Teal,dorm_sample,unclassified,rifamycin,helR,chromosome,3.655,0,0
Te.F.1.L.A,A03,Teal,dorm_sample,unclassified,sulfonamide,sul1,chromosome,4.074,0,0
Te.F.3.H.C,A05,Teal,dorm_sample,Bacteria;Actinomycetota;Actinomycetes;Mycobacteriales;Mycobacteriaceae;Mycobacterium;Mycobacterium fortuitum,aminoglycoside,aac(2')-I,chromosome,4,2.875,1.391
Te.F.3.H.C,A05,Teal,dorm_sample,Bacteria;Actinomycetota;Actinomycetes;Mycobacteriales;Mycobacteriaceae;Mycobacterium;Mycobacterium fortuitum,aminoglycoside,aph(3'')*,chromosome,4,2.875,1.391
Te.F.3.H.C,A05,Teal,dorm_sample,Bacteria;Actinomycetota;Actinomycetes;Mycobacteriales;Mycobacteriaceae;Mycobacterium;Mycobacterium fortuitum,aminoglycoside,eis,chromosome,3.04,2.875,1.057
Te.F.3.H.C,A05,Teal,dorm_sample,Bacteria;Actinomycetota;Actinomycetes;Mycobacteriales;Mycobacteriaceae;Mycobacterium;Mycobacterium fortuitum,beta-lactam,bla*,chromosome,3.612,2.875,1.256
Te.F.3.H.C,A05,Teal,dorm_sample,Bacteria;Actinomycetota;Actinomycetes;Mycobacteriales;Mycobacteriaceae;Mycobacterium;Mycobacterium fortuitum,defensin,lysX,chromosome,3.842,2.875,1.336
Te.F.3.H.C,A05,Teal,dorm_sample,Bacteria;Actinomycetota;Actinomycetes;Mycobacteriales;Mycobacteriaceae;Mycobacterium;Mycobacterium fortuitum,macrolide-lincosamide-streptogramin,erm(39),chromosome,2,2.875,0.696
Te.F.3.H.C,A05,Teal,dorm_sample,Bacteria;Actinomycetota;Actinomycetes;Mycobacteriales;Mycobacteriaceae;Mycobacterium;Mycobacterium fortuitum,multidrug,lfrA,chromosome,2.443,2.875,0.85
Te.F.3.H.C,A05,Teal,dorm_sample,Bacteria;Actinomycetota;Actinomycetes;Mycobacteriales;Mycobacteriaceae;Mycobacterium;Mycobacterium fortuitum,multidrug,tap,chromosome,2.35,2.875,0.817
Te.F.3.H.C,A05,Teal,dorm_sample,Bacteria;Actinomycetota;Actinomycetes;Mycobacteriales;Mycobacteriaceae;Mycobacterium;Mycobacterium fortuitum,rifamycin,arr,chromosome,3,2.875,1.043
Te.F.3.H.C,A05,Teal,dorm_sample,Bacteria;Actinomycetota;Actinomycetes;Mycobacteriales;Mycobacteriaceae;Mycobacterium;Mycobacterium fortuitum,rifamycin,helR,chromosome,4.883,2.875,1.699
Te.F.3.H.C,A05,Teal,dorm_sample,Bacteria;Actinomycetota;Actinomycetes;Mycobacteriales;Mycobacteriaceae;Mycobacterium;Mycobacterium fortuitum,rifamycin,rox,chromosome,2,2.875,0.696
Te.F.3.H.C,A05,Teal,dorm_sample,Bacteria;Actinomycetota;Actinomycetes;Mycobacteriales;Mycobacteriaceae;Mycobacterium;Mycobacterium fortuitum,tetracycline,tet(V),chromosome,1,2.875,0.348
Te.F.3.H.C,A05,Teal,dorm_sample,Bacteria;Actinomycetota;Actinomycetes;Mycobacteriales;Mycobacteriaceae;Mycobacterium;Mycobacterium fortuitum,tuberactinomycin,vph,chromosome,4.967,2.875,1.728
Te.F.3.H.C,A05,Teal,dorm_sample,Bacteria;Actinomycetota;Actinomycetes;Mycobacteriales;Mycobacteriaceae;Mycobacterium;Mycobacterium kiyosense,defensin,lysX,chromosome,2,0.75,2.667
Te.F.3.H.C,A05,Teal,dorm_sample,Bacteria;Actinomycetota;Actinomycetes;Mycobacteriales;Mycobacteriaceae;Mycobacterium;Mycobacterium kiyosense,multidrug,tap,chromosome,2,0.75,2.667
Te.F.3.H.C,A05,Teal,dorm_sample,Bacteria;Actinomycetota;Actinomycetes;Mycobacteriales;Mycobacteriaceae;Mycobacterium;Mycobacterium kiyosense,rifamycin,helR,chromosome,2,0.75,2.667
Te.F.3.H.C,A05,Teal,dorm_sample,Bacteria;Actinomycetota;Actinomycetes;Mycobacteriales;Mycobacteriaceae;Mycobacterium;Mycobacterium phocaicum,beta-lactam,bla*,chromosome,15.447,11.375,1.358
Te.F.3.H.C,A05,Teal,dorm_sample,Bacteria;Actinomycetota;Actinomycetes;Mycobacteriales;Mycobacteriaceae;Mycobacterium;Mycobacterium phocaicum,defensin,lysX,chromosome,8.16,11.375,0.717
Te.F.3.H.C,A05,Teal,dorm_sample,Bacteria;Actinomycetota;Actinomycetes;Mycobacteriales;Mycobacteriaceae;Mycobacterium;Mycobacterium phocaicum,multidrug,lfrA,chromosome,6.781,11.375,0.596
Te.F.3.H.C,A05,Teal,dorm_sample,Bacteria;Actinomycetota;Actinomycetes;Mycobacteriales;Mycobacteriaceae;Mycobacterium;Mycobacterium phocaicum,rifamycin,arr,chromosome,18.662,11.375,1.641
Te.F.3.H.C,A05,Teal,dorm_sample,Bacteria;Actinomycetota;Actinomycetes;Mycobacteriales;Mycobacteriaceae;Mycobacterium;Mycobacterium phocaicum,tetracycline,tet(V),chromosome,5.58,11.375,0.491
Te.F.3.H.C,A05,Teal,dorm_sample,Bacteria;Actinomycetota;Actinomycetes;Mycobacteriales;Mycobacteriaceae;Mycobacterium;Mycobacterium sp018326285,tetracycline,tet(V),chromosome,4.733,0.625,7.573
Te.F.3.H.C,A05,Teal,dorm_sample,Bacteria;Pseudomonadota;Alphaproteobacteria;Sphingomonadales;Sphingomonadaceae;Sphingobium;Sphingobium yanoikuyae_A,beta-lactam,bla*,chromosome,5,2.25,2.222
Te.F.3.H.C,A05,Teal,dorm_sample,Bacteria;Pseudomonadota;Alphaproteobacteria;Sphingomonadales;Sphingomonadaceae;Sphingopyxis;Sphingopyxis sp014873485,beta-lactam,bla*,chromosome,2.415,1.625,1.486
Te.F.3.H.C,A05,Teal,dorm_sample,Bacteria;Pseudomonadota;Alphaproteobacteria;Sphingomonadales;Sphingomonadaceae;Sphingopyxis;Sphingopyxis sp014873485,phenicol,catB,chromosome,2,1.625,1.231
Te.F.3.H.C,A05,Teal,dorm_sample,Bacteria;Pseudomonadota;Alphaproteobacteria;Sphingomonadales;Sphingomonadaceae;Sphingopyxis;Sphingopyxis sp014873485,rifamycin,arr,chromosome,2,1.625,1.231
Te.F.3.H.C,A05,Teal,dorm_sample,Bacteria;Pseudomonadota;Gammaproteobacteria;Pseudomonadales;Moraxellaceae;Acinetobacter;Acinetobacter johnsonii,beta-lactam,blaOXA,chromosome,4.099,3.875,1.058
Te.F.3.H.C,A05,Teal,dorm_sample,Bacteria;Pseudomonadota;Gammaproteobacteria;Pseudomonadales;Moraxellaceae;Acinetobacter;Acinetobacter johnsonii,multidrug,abuO,chromosome,6,3.875,1.548
Te.F.3.H.C,A05,Teal,dorm_sample,Bacteria;Pseudomonadota;Gammaproteobacteria;Pseudomonadales;Moraxellaceae;Acinetobacter;Acinetobacter johnsonii,multidrug,adeK,chromosome,1.74,3.875,0.449
Te.F.3.H.C,A05,Teal,dorm_sample,Bacteria;Pseudomonadota;Gammaproteobacteria;Pseudomonadales;Moraxellaceae;Acinetobacter;Acinetobacter johnsonii,multidrug,craA,chromosome,4.147,3.875,1.07
Te.F.3.H.C,A05,Teal,dorm_sample,Bacteria;Pseudomonadota;Gammaproteobacteria;Pseudomonadales;Moraxellaceae;Acinetobacter;Acinetobacter johnsonii,multidrug,macA,chromosome,7.998,3.875,2.064
Te.F.3.H.C,A05,Teal,dorm_sample,Bacteria;Pseudomonadota;Gammaproteobacteria;Pseudomonadales;Moraxellaceae;Acinetobacter;Acinetobacter johnsonii,multidrug,macB,chromosome,7.296,3.875,1.883
Te.F.3.H.C,A05,Teal,dorm_sample,Bacteria;Pseudomonadota;Gammaproteobacteria;Pseudomonadales;Moraxellaceae;Acinetobacter;Acinetobacter johnsonii,phenicol,cxpE,chromosome,7,3.875,1.806
Te.F.3.H.C,A05,Teal,dorm_sample,Bacteria;Pseudomonadota;Gammaproteobacteria;Pseudomonadales;Moraxellaceae;Acinetobacter;Acinetobacter johnsonii,sulfonamide,sul2,chromosome,1,3.875,0.258
Te.F.3.H.C,A05,Teal,dorm_sample,Bacteria;Pseudomonadota;Gammaproteobacteria;Pseudomonadales;Moraxellaceae;Acinetobacter;Acinetobacter johnsonii,tetracycline,tet(39),chromosome,50.997,3.875,13.161
Te.F.3.H.C,A05,Teal,dorm_sample,Bacteria;Pseudomonadota;Gammaproteobacteria;Pseudomonadales;Moraxellaceae;Acinetobacter;Acinetobacter junii,beta-lactam,bla*,chromosome,16.595,16,1.037
Te.F.3.H.C,A05,Teal,dorm_sample,Bacteria;Pseudomonadota;Gammaproteobacteria;Pseudomonadales;Moraxellaceae;Acinetobacter;Acinetobacter junii,multidrug,adeJ,chromosome,16.364,16,1.023
Te.F.3.H.C,A05,Teal,dorm_sample,Bacteria;Pseudomonadota;Gammaproteobacteria;Pseudomonadales;Moraxellaceae;Acinetobacter;Acinetobacter junii,multidrug,adeK,chromosome,13.348,16,0.834
Te.F.3.H.C,A05,Teal,dorm_sample,Bacteria;Pseudomonadota;Gammaproteobacteria;Pseudomonadales;Moraxellaceae;Acinetobacter;Acinetobacter junii,multidrug,craA,chromosome,27.472,16,1.717
Te.F.3.H.C,A05,Teal,dorm_sample,Bacteria;Pseudomonadota;Gammaproteobacteria;Pseudomonadales;Moraxellaceae;Acinetobacter;Acinetobacter junii,multidrug,macA,chromosome,12.138,16,0.759
Te.F.3.H.C,A05,Teal,dorm_sample,Bacteria;Pseudomonadota;Gammaproteobacteria;Pseudomonadales;Moraxellaceae;Acinetobacter;Acinetobacter junii,multidrug,macB,chromosome,12.437,16,0.777
Te.F.3.H.C,A05,Teal,dorm_sample,Bacteria;Pseudomonadota;Gammaproteobacteria;Pseudomonadales;Moraxellaceae;Acinetobacter;Acinetobacter junii,phenicol,cxpE,chromosome,19.872,16,1.242
Te.F.3.H.C,A05,Teal,dorm_sample,Bacteria;Pseudomonadota;Gammaproteobacteria;Xanthomonadales;Xanthomonadaceae;Stenotrophomonas;Stenotrophomonas maltophilia,aminoglycoside,aph(3')-II,chromosome,1,2.25,0.444
Te.F.3.H.C,A05,Teal,dorm_sample,Bacteria;Pseudomonadota;Gammaproteobacteria;Xanthomonadales;Xanthomonadaceae;Stenotrophomonas;Stenotrophomonas maltophilia,aminoglycoside,aph(6)*,chromosome,2,2.25,0.889
Te.F.3.H.C,A05,Teal,dorm_sample,Bacteria;Pseudomonadota;Gammaproteobacteria;Xanthomonadales;Xanthomonadaceae;Stenotrophomonas;Stenotrophomonas maltophilia,aminoglycoside,aph(9)-I,chromosome,1.199,2.25,0.533
Te.F.3.H.C,A05,Teal,dorm_sample,Bacteria;Pseudomonadota;Gammaproteobacteria;Xanthomonadales;Xanthomonadaceae;Stenotrophomonas;Stenotrophomonas maltophilia,beta-lactam,blaL1,chromosome,3,2.25,1.333
Te.F.3.H.C,A05,Teal,dorm_sample,Bacteria;Pseudomonadota;Gammaproteobacteria;Xanthomonadales;Xanthomonadaceae;Stenotrophomonas;Stenotrophomonas maltophilia,beta-lactam,blaL2,chromosome,1,2.25,0.444
Te.F.3.H.C,A05,Teal,dorm_sample,Bacteria;Pseudomonadota;Gammaproteobacteria;Xanthomonadales;Xanthomonadaceae;Stenotrophomonas;Stenotrophomonas maltophilia,colistin,eptA,chromosome,2.078,2.25,0.924
Te.F.3.H.C,A05,Teal,dorm_sample,Bacteria;Pseudomonadota;Gammaproteobacteria;Xanthomonadales;Xanthomonadaceae;Stenotrophomonas;Stenotrophomonas maltophilia,multidrug,emrA,chromosome,1,2.25,0.444
Te.F.3.H.C,A05,Teal,dorm_sample,Bacteria;Pseudomonadota;Gammaproteobacteria;Xanthomonadales;Xanthomonadaceae;Stenotrophomonas;Stenotrophomonas maltophilia,multidrug,emrB,chromosome,1,2.25,0.444
Te.F.3.H.C,A05,Teal,dorm_sample,Bacteria;Pseudomonadota;Gammaproteobacteria;Xanthomonadales;Xanthomonadaceae;Stenotrophomonas;Stenotrophomonas maltophilia,multidrug,emrC,chromosome,0.229,2.25,0.102
Te.F.3.H.C,A05,Teal,dorm_sample,Bacteria;Pseudomonadota;Gammaproteobacteria;Xanthomonadales;Xanthomonadaceae;Stenotrophomonas;Stenotrophomonas maltophilia,multidrug,macA,chromosome,1.749,2.25,0.777
Te.F.3.H.C,A05,Teal,dorm_sample,Bacteria;Pseudomonadota;Gammaproteobacteria;Xanthomonadales;Xanthomonadaceae;Stenotrophomonas;Stenotrophomonas maltophilia,multidrug,macB,chromosome,1,2.25,0.444
Te.F.3.H.C,A05,Teal,dorm_sample,Bacteria;Pseudomonadota;Gammaproteobacteria;Xanthomonadales;Xanthomonadaceae;Stenotrophomonas;Stenotrophomonas maltophilia,multidrug,macC,chromosome,1,2.25,0.444
Te.F.3.H.C,A05,Teal,dorm_sample,Bacteria;Pseudomonadota;Gammaproteobacteria;Xanthomonadales;Xanthomonadaceae;Stenotrophomonas;Stenotrophomonas maltophilia,multidrug,mfsA,chromosome,2.368,2.25,1.052
Te.F.3.H.C,A05,Teal,dorm_sample,Bacteria;Pseudomonadota;Gammaproteobacteria;Xanthomonadales;Xanthomonadaceae;Stenotrophomonas;Stenotrophomonas maltophilia,multidrug,smeA,chromosome,4,2.25,1.778
Te.F.3.H.C,A05,Teal,dorm_sample,Bacteria;Pseudomonadota;Gammaproteobacteria;Xanthomonadales;Xanthomonadaceae;Stenotrophomonas;Stenotrophomonas maltophilia,multidrug,smeB,chromosome,3.704,2.25,1.646
Te.F.3.H.C,A05,Teal,dorm_sample,Bacteria;Pseudomonadota;Gammaproteobacteria;Xanthomonadales;Xanthomonadaceae;Stenotrophomonas;Stenotrophomonas maltophilia,multidrug,smeC,chromosome,2,2.25,0.889
Te.F.3.H.C,A05,Teal,dorm_sample,Bacteria;Pseudomonadota;Gammaproteobacteria;Xanthomonadales;Xanthomonadaceae;Stenotrophomonas;Stenotrophomonas maltophilia,multidrug,smeD,chromosome,5.974,2.25,2.655
Te.F.3.H.C,A05,Teal,dorm_sample,Bacteria;Pseudomonadota;Gammaproteobacteria;Xanthomonadales;Xanthomonadaceae;Stenotrophomonas;Stenotrophomonas maltophilia,multidrug,smeE,chromosome,5.817,2.25,2.585
Te.F.3.H.C,A05,Teal,dorm_sample,Bacteria;Pseudomonadota;Gammaproteobacteria;Xanthomonadales;Xanthomonadaceae;Stenotrophomonas;Stenotrophomonas maltophilia,multidrug,smeF,chromosome,5.867,2.25,2.608
Te.F.3.H.C,A05,Teal,dorm_sample,Bacteria;Pseudomonadota;Gammaproteobacteria;Xanthomonadales;Xanthomonadaceae;Stenotrophomonas;Stenotrophomonas maltophilia,multidrug,smeI,chromosome,3.519,2.25,1.564
Te.F.3.H.C,A05,Teal,dorm_sample,Bacteria;Pseudomonadota;Gammaproteobacteria;Xanthomonadales;Xanthomonadaceae;Stenotrophomonas;Stenotrophomonas maltophilia,multidrug,smeJ,chromosome,2.503,2.25,1.113
Te.F.3.H.C,A05,Teal,dorm_sample,Bacteria;Pseudomonadota;Gammaproteobacteria;Xanthomonadales;Xanthomonadaceae;Stenotrophomonas;Stenotrophomonas maltophilia,multidrug,smeK,chromosome,3.235,2.25,1.438
Te.F.3.H.C,A05,Teal,dorm_sample,Bacteria;Pseudomonadota;Gammaproteobacteria;Xanthomonadales;Xanthomonadaceae;Stenotrophomonas;Stenotrophomonas maltophilia,multidrug,smeO,chromosome,3.301,2.25,1.467
Te.F.3.H.C,A05,Teal,dorm_sample,Bacteria;Pseudomonadota;Gammaproteobacteria;Xanthomonadales;Xanthomonadaceae;Stenotrophomonas;Stenotrophomonas maltophilia,multidrug,smeP,chromosome,1.885,2.25,0.838
Te.F.3.H.C,A05,Teal,dorm_sample,Bacteria;Pseudomonadota;Gammaproteobacteria;Xanthomonadales;Xanthomonadaceae;Stenotrophomonas;Stenotrophomonas maltophilia,multidrug,smeX,chromosome,3,2.25,1.333
Te.F.3.H.C,A05,Teal,dorm_sample,Bacteria;Pseudomonadota;Gammaproteobacteria;Xanthomonadales;Xanthomonadaceae;Stenotrophomonas;Stenotrophomonas maltophilia,multidrug,smeY,chromosome,1,2.25,0.444
Te.F.3.H.C,A05,Teal,dorm_sample,Bacteria;Pseudomonadota;Gammaproteobacteria;Xanthomonadales;Xanthomonadaceae;Stenotrophomonas;Stenotrophomonas maltophilia,multidrug,smeZ,chromosome,1.81,2.25,0.805
Te.F.3.H.C,A05,Teal,dorm_sample,Bacteria;Pseudomonadota;Gammaproteobacteria;Xanthomonadales;Xanthomonadaceae;Stenotrophomonas;Stenotrophomonas maltophilia,multidrug,smrA,chromosome,1.905,2.25,0.847
Te.F.3.H.C,A05,Teal,dorm_sample,Bacteria;Pseudomonadota;Gammaproteobacteria;Xanthomonadales;Xanthomonadaceae;Stenotrophomonas;Stenotrophomonas maltophilia,multidrug,tolC,chromosome,2.243,2.25,0.997
Te.F.3.H.C,A05,Teal,dorm_sample,Bacteria;Pseudomonadota;Gammaproteobacteria;Xanthomonadales;Xanthomonadaceae;Stenotrophomonas;Stenotrophomonas maltophilia,quinolone,qnr*,chromosome,3,2.25,1.333
Te.F.3.H.C,A05,Teal,dorm_sample,Bacteria;Pseudomonadota;Gammaproteobacteria;Xanthomonadales;Xanthomonadaceae;Stenotrophomonas;Stenotrophomonas maltophilia,rifamycin,arr,chromosome,2.771,2.25,1.231
Te.F.3.H.C,A05,Teal,dorm_sample,Bacteria;Pseudomonadota;Gammaproteobacteria;Xanthomonadales;Xanthomonadaceae;Stenotrophomonas;Stenotrophomonas maltophilia,tetracycline,tcrA,chromosome,6,2.25,2.667
Te.F.3.H.C,A05,Teal,dorm_sample,Bacteria;Pseudomonadota;Gammaproteobacteria;Xanthomonadales;Xanthomonadaceae;Stenotrophomonas;Stenotrophomonas maltophilia_A,aminoglycoside,aph(3')-II,chromosome,1.266,1.125,1.125
Te.F.3.H.C,A05,Teal,dorm_sample,Bacteria;Pseudomonadota;Gammaproteobacteria;Xanthomonadales;Xanthomonadaceae;Stenotrophomonas;Stenotrophomonas maltophilia_A,aminoglycoside,aph(6)*,chromosome,1,1.125,0.889
Te.F.3.H.C,A05,Teal,dorm_sample,Bacteria;Pseudomonadota;Gammaproteobacteria;Xanthomonadales;Xanthomonadaceae;Stenotrophomonas;Stenotrophomonas maltophilia_A,aminoglycoside,aph(9)-I,chromosome,1.777,1.125,1.58
Te.F.3.H.C,A05,Teal,dorm_sample,Bacteria;Pseudomonadota;Gammaproteobacteria;Xanthomonadales;Xanthomonadaceae;Stenotrophomonas;Stenotrophomonas maltophilia_A,beta-lactam,blaL2,chromosome,3.535,1.125,3.142
Te.F.3.H.C,A05,Teal,dorm_sample,Bacteria;Pseudomonadota;Gammaproteobacteria;Xanthomonadales;Xanthomonadaceae;Stenotrophomonas;Stenotrophomonas maltophilia_A,defensin,mprF,chromosome,1.258,1.125,1.118
Te.F.3.H.C,A05,Teal,dorm_sample,Bacteria;Pseudomonadota;Gammaproteobacteria;Xanthomonadales;Xanthomonadaceae;Stenotrophomonas;Stenotrophomonas maltophilia_A,multidrug,emrA,chromosome,1,1.125,0.889
Te.F.3.H.C,A05,Teal,dorm_sample,Bacteria;Pseudomonadota;Gammaproteobacteria;Xanthomonadales;Xanthomonadaceae;Stenotrophomonas;Stenotrophomonas maltophilia_A,multidrug,emrB,chromosome,1,1.125,0.889
Te.F.3.H.C,A05,Teal,dorm_sample,Bacteria;Pseudomonadota;Gammaproteobacteria;Xanthomonadales;Xanthomonadaceae;Stenotrophomonas;Stenotrophomonas maltophilia_A,multidrug,emrC,chromosome,1,1.125,0.889
Te.F.3.H.C,A05,Teal,dorm_sample,Bacteria;Pseudomonadota;Gammaproteobacteria;Xanthomonadales;Xanthomonadaceae;Stenotrophomonas;Stenotrophomonas maltophilia_A,multidrug,macC,chromosome,1,1.125,0.889
Te.F.3.H.C,A05,Teal,dorm_sample,Bacteria;Pseudomonadota;Gammaproteobacteria;Xanthomonadales;Xanthomonadaceae;Stenotrophomonas;Stenotrophomonas maltophilia_A,multidrug,mfsA,chromosome,2,1.125,1.778
Te.F.3.H.C,A05,Teal,dorm_sample,Bacteria;Pseudomonadota;Gammaproteobacteria;Xanthomonadales;Xanthomonadaceae;Stenotrophomonas;Stenotrophomonas maltophilia_A,multidrug,smeD,chromosome,0.974,1.125,0.866
Te.F.3.H.C,A05,Teal,dorm_sample,Bacteria;Pseudomonadota;Gammaproteobacteria;Xanthomonadales;Xanthomonadaceae;Stenotrophomonas;Stenotrophomonas maltophilia_A,multidrug,smeE,chromosome,1.565,1.125,1.391
Te.F.3.H.C,A05,Teal,dorm_sample,Bacteria;Pseudomonadota;Gammaproteobacteria;Xanthomonadales;Xanthomonadaceae;Stenotrophomonas;Stenotrophomonas maltophilia_A,multidrug,smeF,chromosome,1.084,1.125,0.963
Te.F.3.H.C,A05,Teal,dorm_sample,Bacteria;Pseudomonadota;Gammaproteobacteria;Xanthomonadales;Xanthomonadaceae;Stenotrophomonas;Stenotrophomonas maltophilia_A,multidrug,smeO,chromosome,2.955,1.125,2.626
Te.F.3.H.C,A05,Teal,dorm_sample,Bacteria;Pseudomonadota;Gammaproteobacteria;Xanthomonadales;Xanthomonadaceae;Stenotrophomonas;Stenotrophomonas maltophilia_A,multidrug,smeP,chromosome,1.157,1.125,1.028
Te.F.3.H.C,A05,Teal,dorm_sample,Bacteria;Pseudomonadota;Gammaproteobacteria;Xanthomonadales;Xanthomonadaceae;Stenotrophomonas;Stenotrophomonas maltophilia_A,multidrug,smeW,chromosome,1,1.125,0.889
Te.F.3.H.C,A05,Teal,dorm_sample,Bacteria;Pseudomonadota;Gammaproteobacteria;Xanthomonadales;Xanthomonadaceae;Stenotrophomonas;Stenotrophomonas maltophilia_A,multidrug,smeX,chromosome,1,1.125,0.889
Te.F.3.H.C,A05,Teal,dorm_sample,Bacteria;Pseudomonadota;Gammaproteobacteria;Xanthomonadales;Xanthomonadaceae;Stenotrophomonas;Stenotrophomonas maltophilia_A,multidrug,smeY,chromosome,3,1.125,2.667
Te.F.3.H.C,A05,Teal,dorm_sample,Bacteria;Pseudomonadota;Gammaproteobacteria;Xanthomonadales;Xanthomonadaceae;Stenotrophomonas;Stenotrophomonas maltophilia_A,multidrug,smeZ,chromosome,1.707,1.125,1.518
Te.F.3.H.C,A05,Teal,dorm_sample,Bacteria;Pseudomonadota;Gammaproteobacteria;Xanthomonadales;Xanthomonadaceae;Stenotrophomonas;Stenotrophomonas maltophilia_A,multidrug,tolC,chromosome,2.414,1.125,2.146
Te.F.3.H.C,A05,Teal,dorm_sample,Bacteria;Pseudomonadota;Gammaproteobacteria;Xanthomonadales;Xanthomonadaceae;Stenotrophomonas;Stenotrophomonas maltophilia_A,phenicol,cml*,chromosome,1.875,1.125,1.667
Te.F.3.H.C,A05,Teal,dorm_sample,Bacteria;Pseudomonadota;Gammaproteobacteria;Xanthomonadales;Xanthomonadaceae;Stenotrophomonas;Stenotrophomonas maltophilia_A,quinolone,qnr*,chromosome,1,1.125,0.889
Te.F.3.H.C,A05,Teal,dorm_sample,Bacteria;Pseudomonadota;Gammaproteobacteria;Xanthomonadales;Xanthomonadaceae;Stenotrophomonas;Stenotrophomonas maltophilia_A,tetracycline,tcrA,chromosome,2,1.125,1.778
Te.F.3.H.C,A05,Teal,dorm_sample,unclassified,aminoglycoside,aac(6')*,chromosome,1,0,0
Te.F.3.H.C,A05,Teal,dorm_sample,unclassified,aminoglycoside,eis,chromosome,1,0,0
Te.F.3.H.C,A05,Teal,dorm_sample,unclassified,beta-lactam,bla*,chromosome,9.805,0,0
Te.F.3.H.C,A05,Teal,dorm_sample,unclassified,beta-lactam,blaSGM,chromosome,1.172,0,0
Te.F.3.H.C,A05,Teal,dorm_sample,unclassified,defensin,mprF,chromosome,1,0,0
Te.F.3.H.C,A05,Teal,dorm_sample,unclassified,fosfomycin,fosX,chromosome,1,0,0
Te.F.3.H.C,A05,Teal,dorm_sample,unclassified,macrolide-lincosamide-streptogramin,erm(55),plasmid,1.807,0,0
Te.F.3.H.C,A05,Teal,dorm_sample,unclassified,phenicol,cml*,chromosome,1,0,0
Te.F.3.H.C,A05,Teal,dorm_sample,unclassified,rifamycin,arr,chromosome,2,0,0
Te.F.3.H.C,A05,Teal,dorm_sample,unclassified,rifamycin,helR,chromosome,1,0,0
Te.F.3.H.C,A05,Teal,dorm_sample,unclassified,tetracycline,tet(39),chromosome,65.603,0,0
Te.F.3.H.C,A05,Teal,dorm_sample,unclassified,tetracycline,tet(39),plasmid,4.096,0,0
Co.F.3.H.B,A06,Collins,dorm_sample,Bacteria;Actinomycetota;Actinomycetes;Actinomycetales;Microbacteriaceae;Agromyces;Agromyces mediolanus_A,rifamycin,helR,chromosome,1,0.375,2.667
Co.F.3.H.B,A06,Collins,dorm_sample,Bacteria;Actinomycetota;Actinomycetes;Mycobacteriales;Mycobacteriaceae;Mycobacterium;Mycobacterium gilvum,multidrug,tap,chromosome,0.998,0.375,2.66
Co.F.3.H.B,A06,Collins,dorm_sample,Bacteria;Actinomycetota;Actinomycetes;Mycobacteriales;Mycobacteriaceae;Mycobacterium;Mycobacterium gilvum,rifamycin,helR,chromosome,1,0.375,2.667
Co.F.3.H.B,A06,Collins,dorm_sample,Bacteria;Actinomycetota;Actinomycetes;Mycobacteriales;Mycobacteriaceae;Mycobacterium;Mycobacterium gordonae_B,beta-lactam,bla*,chromosome,2.911,1.75,1.663
Co.F.3.H.B,A06,Collins,dorm_sample,Bacteria;Actinomycetota;Actinomycetes;Mycobacteriales;Mycobacteriaceae;Mycobacterium;Mycobacterium gordonae_B,defensin,lysX,chromosome,1.256,1.75,0.717
Co.F.3.H.B,A06,Collins,dorm_sample,Bacteria;Actinomycetota;Actinomycetes;Mycobacteriales;Mycobacteriaceae;Mycobacterium;Mycobacterium gordonae_B,multidrug,tap,chromosome,2,1.75,1.143
Co.F.3.H.B,A06,Collins,dorm_sample,Bacteria;Actinomycetota;Actinomycetes;Mycobacteriales;Mycobacteriaceae;Mycobacterium;Mycobacterium gordonae_B,rifamycin,helR,chromosome,2,1.75,1.143
Co.F.3.H.B,A06,Collins,dorm_sample,Bacteria;Actinomycetota;Actinomycetes;Mycobacteriales;Mycobacteriaceae;Mycobacterium;Mycobacterium phocaicum,beta-lactam,bla*,chromosome,32.481,31.875,1.019
Co.F.3.H.B,A06,Collins,dorm_sample,Bacteria;Actinomycetota;Actinomycetes;Mycobacteriales;Mycobacteriaceae;Mycobacterium;Mycobacterium phocaicum,defensin,lysX,chromosome,22.377,31.875,0.702
Co.F.3.H.B,A06,Collins,dorm_sample,Bacteria;Actinomycetota;Actinomycetes;Mycobacteriales;Mycobacteriaceae;Mycobacterium;Mycobacterium phocaicum,multidrug,lfrA,chromosome,31.188,31.875,0.978
Co.F.3.H.B,A06,Collins,dorm_sample,Bacteria;Actinomycetota;Actinomycetes;Mycobacteriales;Mycobacteriaceae;Mycobacterium;Mycobacterium phocaicum,rifamycin,arr,chromosome,35.144,31.875,1.103
Co.F.3.H.B,A06,Collins,dorm_sample,Bacteria;Actinomycetota;Actinomycetes;Mycobacteriales;Mycobacteriaceae;Mycobacterium;Mycobacterium phocaicum,tetracycline,tet(V),chromosome,32.38,31.875,1.016
Co.F.3.H.B,A06,Collins,dorm_sample,Bacteria;Bacteroidota;Bacteroidia;Chitinophagales;Chitinophagaceae;Niabella;Niabella sp052044285,aminoglycoside,ant(6)*,chromosome,4,5,0.8
Co.F.3.H.B,A06,Collins,dorm_sample,Bacteria;Bacteroidota;Bacteroidia;Chitinophagales;Chitinophagaceae;Niabella;Niabella sp052044285,beta-lactam,bla*,chromosome,5.579,5,1.116
Co.F.3.H.B,A06,Collins,dorm_sample,Bacteria;Bacteroidota;Bacteroidia;Cytophagales;Spirosomataceae;Dyadobacter;Dyadobacter jiangsuensis,beta-lactam,bla*,chromosome,10.179,2.25,4.524
Co.F.3.H.B,A06,Collins,dorm_sample,Bacteria;Bacteroidota;Bacteroidia;Cytophagales;Spirosomataceae;Dyadobacter;Dyadobacter jiangsuensis,rifamycin,rph*,chromosome,1.339,2.25,0.595
Co.F.3.H.B,A06,Collins,dorm_sample,Bacteria;Bacteroidota;Bacteroidia;Cytophagales;Spirosomataceae;Siphonobacter;Siphonobacter aquaeclarae,beta-lactam,bla*,chromosome,1,0.375,2.667
Co.F.3.H.B,A06,Collins,dorm_sample,Bacteria;Bacteroidota;Bacteroidia;Flavobacteriales;Weeksellaceae;Chryseobacterium;Chryseobacterium phocaeense,aminoglycoside,ant(6)*,chromosome,1.163,3.25,0.358
Co.F.3.H.B,A06,Collins,dorm_sample,Bacteria;Bacteroidota;Bacteroidia;Flavobacteriales;Weeksellaceae;Chryseobacterium;Chryseobacterium phocaeense,beta-lactam,bla*,chromosome,4.829,3.25,1.486
Co.F.3.H.B,A06,Collins,dorm_sample,Bacteria;Bacteroidota;Bacteroidia;Flavobacteriales;Weeksellaceae;Chryseobacterium;Chryseobacterium phocaeense,beta-lactam,blaCHM,chromosome,2.885,3.25,0.888
Co.F.3.H.B,A06,Collins,dorm_sample,Bacteria;Bacteroidota;Bacteroidia;Flavobacteriales;Weeksellaceae;Chryseobacterium;Chryseobacterium salviniae,beta-lactam,bla*,chromosome,2,2.125,0.941
Co.F.3.H.B,A06,Collins,dorm_sample,Bacteria;Bacteroidota;Bacteroidia;Sphingobacteriales;Sphingobacteriaceae;Pedobacter;Pedobacter chitinilyticus,aminoglycoside,ant(6)*,chromosome,6.463,6.625,0.976
Co.F.3.H.B,A06,Collins,dorm_sample,Bacteria;Bacteroidota;Bacteroidia;Sphingobacteriales;Sphingobacteriaceae;Pedobacter;Pedobacter chitinilyticus,beta-lactam,bla*,chromosome,4.619,6.625,0.697
Co.F.3.H.B,A06,Collins,dorm_sample,Bacteria;Bacteroidota;Bacteroidia;Sphingobacteriales;Sphingobacteriaceae;Pedobacter;Pedobacter chitinilyticus,rifamycin,arr,chromosome,10,6.625,1.509
Co.F.3.H.B,A06,Collins,dorm_sample,Bacteria;Bacteroidota;Bacteroidia;Sphingobacteriales;Sphingobacteriaceae;Pedobacter;Pedobacter faecalis,rifamycin,arr,chromosome,1,1.5,0.667
Co.F.3.H.B,A06,Collins,dorm_sample,Bacteria;Pseudomonadota;Alphaproteobacteria;Acetobacterales;Acetobacteraceae;Roseomonas;Roseomonas sp001941945,beta-lactam,bla*,chromosome,1,0.375,2.667
Co.F.3.H.B,A06,Collins,dorm_sample,Bacteria;Pseudomonadota;Alphaproteobacteria;Caulobacterales;Caulobacteraceae;Brevundimonas;Brevundimonas diminuta_C,beta-lactam,bla*,chromosome,3,0.75,4
Co.F.3.H.B,A06,Collins,dorm_sample,Bacteria;Pseudomonadota;Alphaproteobacteria;Caulobacterales;Caulobacteraceae;Brevundimonas;Brevundimonas sp005484585,beta-lactam,bla*,chromosome,7.1,5.25,1.352
Co.F.3.H.B,A06,Collins,dorm_sample,Bacteria;Pseudomonadota;Alphaproteobacteria;Caulobacterales;Caulobacteraceae;Phenylobacterium;Phenylobacterium sp001557235,beta-lactam,bla*,chromosome,1,0.5,2
Co.F.3.H.B,A06,Collins,dorm_sample,Bacteria;Pseudomonadota;Alphaproteobacteria;Caulobacterales;Caulobacteraceae;Phenylobacterium;Phenylobacterium sp001824475,beta-lactam,bla*,chromosome,1,1,1
Co.F.3.H.B,A06,Collins,dorm_sample,Bacteria;Pseudomonadota;Alphaproteobacteria;Caulobacterales;Caulobacteraceae;Phenylobacterium;Phenylobacterium sp024699945,beta-lactam,bla*,chromosome,0.993,0.375,2.648
Co.F.3.H.B,A06,Collins,dorm_sample,Bacteria;Pseudomonadota;Alphaproteobacteria;Caulobacterales;Caulobacteraceae;Phenylobacterium;Phenylobacterium sp041919955,rifamycin,arr,chromosome,15.195,12,1.266
Co.F.3.H.B,A06,Collins,dorm_sample,Bacteria;Pseudomonadota;Alphaproteobacteria;Rhizobiales;Beijerinckiaceae;Allobosea;Allobosea eneae,aminoglycoside,aac(3)*,chromosome,1,0.25,4
Co.F.3.H.B,A06,Collins,dorm_sample,Bacteria;Pseudomonadota;Alphaproteobacteria;Sphingomonadales;Sphingomonadaceae;Sphingomonas;Sphingomonas koreensis,phenicol,catB,chromosome,4.976,2.75,1.81
Co.F.3.H.B,A06,Collins,dorm_sample,Bacteria;Pseudomonadota;Alphaproteobacteria;Sphingomonadales;Sphingomonadaceae;Sphingomonas;Sphingomonas sp031456125,beta-lactam,bla*,chromosome,1,0.875,1.143
Co.F.3.H.B,A06,Collins,dorm_sample,Bacteria;Pseudomonadota;Alphaproteobacteria;Sphingomonadales;Sphingomonadaceae;Sphingomonas;Sphingomonas sp031456125,defensin,mprF,chromosome,2.354,0.875,2.69
Co.F.3.H.B,A06,Collins,dorm_sample,Bacteria;Pseudomonadota;Alphaproteobacteria;Sphingomonadales;Sphingomonadaceae;Sphingomonas;Sphingomonas sp039615155,aminoglycoside,aph(3')-I,chromosome,1,0.25,4
Co.F.3.H.B,A06,Collins,dorm_sample,Bacteria;Pseudomonadota;Alphaproteobacteria;Sphingomonadales;Sphingomonadaceae;Sphingomonas;Sphingomonas sp900109205,beta-lactam,bla*,chromosome,1,0.625,1.6
Co.F.3.H.B,A06,Collins,dorm_sample,Bacteria;Pseudomonadota;Alphaproteobacteria;Sphingomonadales;Sphingomonadaceae;Sphingomonas;Sphingomonas sp943913195,beta-lactam,bla*,chromosome,2,1,2
Co.F.3.H.B,A06,Collins,dorm_sample,Bacteria;Pseudomonadota;Alphaproteobacteria;Sphingomonadales;Sphingomonadaceae;Sphingomonas;Sphingomonas sp943913195,phenicol,catB,chromosome,2,1,2
Co.F.3.H.B,A06,Collins,dorm_sample,Bacteria;Pseudomonadota;Alphaproteobacteria;Sphingomonadales;Sphingomonadaceae;Sphingomonas;Sphingomonas sp964407945,beta-lactam,bla*,chromosome,10.955,1.125,9.738
Co.F.3.H.B,A06,Collins,dorm_sample,Bacteria;Pseudomonadota;Alphaproteobacteria;Sphingomonadales;Sphingomonadaceae;Sphingopyxis;Sphingopyxis sp014873485,beta-lactam,bla*,chromosome,1,0.375,2.667
Co.F.3.H.B,A06,Collins,dorm_sample,Bacteria;Pseudomonadota;Gammaproteobacteria;Burkholderiales;Burkholderiaceae_C;Acidovorax;Acidovorax facilis,beta-lactam,blaACA,chromosome,1,0.375,2.667
Co.F.3.H.B,A06,Collins,dorm_sample,Bacteria;Pseudomonadota;Gammaproteobacteria;Burkholderiales;Burkholderiaceae_C;Aquincola;Aquincola tertiaricarbonis_B,beta-lactam,bla*,chromosome,20.054,16.375,1.225
Co.F.3.H.B,A06,Collins,dorm_sample,Bacteria;Pseudomonadota;Gammaproteobacteria;Burkholderiales;Burkholderiaceae_C;Comamonas;Comamonas sediminis,beta-lactam,bla*,chromosome,5.305,1.25,4.244
Co.F.3.H.B,A06,Collins,dorm_sample,Bacteria;Pseudomonadota;Gammaproteobacteria;Burkholderiales;Burkholderiaceae_C;Comamonas;Comamonas tsuruhatensis,beta-lactam,bla*,chromosome,6.099,1.375,4.436
Co.F.3.H.B,A06,Collins,dorm_sample,Bacteria;Pseudomonadota;Gammaproteobacteria;Burkholderiales;Burkholderiaceae_C;Comamonas;Comamonas tsuruhatensis,multidrug,macB,chromosome,1,1.375,0.727
Co.F.3.H.B,A06,Collins,dorm_sample,Bacteria;Pseudomonadota;Gammaproteobacteria;Burkholderiales;Burkholderiaceae_C;Paracidovorax;Paracidovorax sp913774955,beta-lactam,bla*,chromosome,3,2.375,1.263
Co.F.3.H.B,A06,Collins,dorm_sample,Bacteria;Pseudomonadota;Gammaproteobacteria;Burkholderiales;Burkholderiaceae_C;Pseudorhodoferax;Pseudorhodoferax aquiterrae,beta-lactam,bla*,chromosome,0.99,0.375,2.64
Co.F.3.H.B,A06,Collins,dorm_sample,Bacteria;Pseudomonadota;Gammaproteobacteria;Burkholderiales;Burkholderiaceae_C;Pseudorhodoferax;Pseudorhodoferax aquiterrae,phenicol,catB,chromosome,1.818,0.375,4.848
Co.F.3.H.B,A06,Collins,dorm_sample,Bacteria;Pseudomonadota;Gammaproteobacteria;Burkholderiales;Burkholderiaceae_C;Pseudorhodoferax;Pseudorhodoferax sp032153935,defensin,mprF,chromosome,1.567,1.125,1.393
Co.F.3.H.B,A06,Collins,dorm_sample,Bacteria;Pseudomonadota;Gammaproteobacteria;Xanthomonadales;Xanthomonadaceae;Lysobacter;Lysobacter capsici,defensin,mprF,chromosome,60.388,64.375,0.938
Co.F.3.H.B,A06,Collins,dorm_sample,Bacteria;Pseudomonadota;Gammaproteobacteria;Xanthomonadales;Xanthomonadaceae;Lysobacter;Lysobacter capsici_A,defensin,mprF,chromosome,19.461,8.875,2.193
Co.F.3.H.B,A06,Collins,dorm_sample,Bacteria;Pseudomonadota;Gammaproteobacteria;Xanthomonadales;Xanthomonadaceae;Pseudoxanthomonas_A;Pseudoxanthomonas_A beigongshangi,beta-lactam,bla*,chromosome,1.997,0.375,5.324
Co.F.3.H.B,A06,Collins,dorm_sample,Bacteria;Pseudomonadota;Gammaproteobacteria;Xanthomonadales;Xanthomonadaceae;Pseudoxanthomonas_A;Pseudoxanthomonas_A beigongshangi,multidrug,smeD,chromosome,1,0.375,2.667
Co.F.3.H.B,A06,Collins,dorm_sample,Bacteria;Pseudomonadota;Gammaproteobacteria;Xanthomonadales;Xanthomonadaceae;Pseudoxanthomonas_A;Pseudoxanthomonas_A beigongshangi,multidrug,smeE,chromosome,1.46,0.375,3.894
Co.F.3.H.B,A06,Collins,dorm_sample,Bacteria;Pseudomonadota;Gammaproteobacteria;Xanthomonadales;Xanthomonadaceae;Pseudoxanthomonas_A;Pseudoxanthomonas_A japonensis,fosfomycin,fosX,chromosome,1,0.375,2.667
Co.F.3.H.B,A06,Collins,dorm_sample,Bacteria;Pseudomonadota;Gammaproteobacteria;Xanthomonadales;Xanthomonadaceae;Pseudoxanthomonas_A;Pseudoxanthomonas_A sp037046485,aminoglycoside,aac(3)-I,chromosome,6,8,0.75
Co.F.3.H.B,A06,Collins,dorm_sample,Bacteria;Pseudomonadota;Gammaproteobacteria;Xanthomonadales;Xanthomonadaceae;Pseudoxanthomonas_A;Pseudoxanthomonas_A sp037046485,aminoglycoside,aac(6')*,chromosome,8.839,8,1.105
Co.F.3.H.B,A06,Collins,dorm_sample,Bacteria;Pseudomonadota;Gammaproteobacteria;Xanthomonadales;Xanthomonadaceae;Pseudoxanthomonas_A;Pseudoxanthomonas_A sp037046485,beta-lactam,bla*,chromosome,10,8,1.25
Co.F.3.H.B,A06,Collins,dorm_sample,Bacteria;Pseudomonadota;Gammaproteobacteria;Xanthomonadales;Xanthomonadaceae;Pseudoxanthomonas_A;Pseudoxanthomonas_A sp037046485,rifamycin,arr,chromosome,4,8,0.5
Co.F.3.H.B,A06,Collins,dorm_sample,Bacteria;Pseudomonadota;Gammaproteobacteria;Xanthomonadales;Xanthomonadaceae;Stenotrophomonas;Stenotrophomonas maltophilia,aminoglycoside,aph(3')-II,chromosome,1,0.375,2.667
Co.F.3.H.B,A06,Collins,dorm_sample,Bacteria;Pseudomonadota;Gammaproteobacteria;Xanthomonadales;Xanthomonadaceae;Stenotrophomonas;Stenotrophomonas maltophilia,aminoglycoside,aph(6)*,chromosome,2.993,0.375,7.98
Co.F.3.H.B,A06,Collins,dorm_sample,Bacteria;Pseudomonadota;Gammaproteobacteria;Xanthomonadales;Xanthomonadaceae;Stenotrophomonas;Stenotrophomonas maltophilia,beta-lactam,blaL1,chromosome,1,0.375,2.667
Co.F.3.H.B,A06,Collins,dorm_sample,Bacteria;Pseudomonadota;Gammaproteobacteria;Xanthomonadales;Xanthomonadaceae;Stenotrophomonas;Stenotrophomonas maltophilia,beta-lactam,blaL2,chromosome,1,0.375,2.667
Co.F.3.H.B,A06,Collins,dorm_sample,Bacteria;Pseudomonadota;Gammaproteobacteria;Xanthomonadales;Xanthomonadaceae;Stenotrophomonas;Stenotrophomonas maltophilia,multidrug,smeA,chromosome,1,0.375,2.667
Co.F.3.H.B,A06,Collins,dorm_sample,Bacteria;Pseudomonadota;Gammaproteobacteria;Xanthomonadales;Xanthomonadaceae;Stenotrophomonas;Stenotrophomonas maltophilia,multidrug,smeD,chromosome,1,0.375,2.667
Co.F.3.H.B,A06,Collins,dorm_sample,Bacteria;Pseudomonadota;Gammaproteobacteria;Xanthomonadales;Xanthomonadaceae;Stenotrophomonas;Stenotrophomonas maltophilia,multidrug,smeE,chromosome,1,0.375,2.667
Co.F.3.H.B,A06,Collins,dorm_sample,Bacteria;Pseudomonadota;Gammaproteobacteria;Xanthomonadales;Xanthomonadaceae;Stenotrophomonas;Stenotrophomonas maltophilia,multidrug,smeF,chromosome,0.773,0.375,2.06
Co.F.3.H.B,A06,Collins,dorm_sample,Bacteria;Pseudomonadota;Gammaproteobacteria;Xanthomonadales;Xanthomonadaceae;Stenotrophomonas;Stenotrophomonas maltophilia,multidrug,smeK,chromosome,1,0.375,2.667
Co.F.3.H.B,A06,Collins,dorm_sample,Bacteria;Pseudomonadota;Gammaproteobacteria;Xanthomonadales;Xanthomonadaceae;Stenotrophomonas;Stenotrophomonas sp003028475,beta-lactam,blaL2,chromosome,0.997,1,0.997
Co.F.3.H.B,A06,Collins,dorm_sample,Bacteria;Pseudomonadota;Gammaproteobacteria;Xanthomonadales;Xanthomonadaceae;Stenotrophomonas;Stenotrophomonas sp003028475,defensin,mprF,chromosome,1.581,1,1.581
Co.F.3.H.B,A06,Collins,dorm_sample,Bacteria;Pseudomonadota;Gammaproteobacteria;Xanthomonadales;Xanthomonadaceae;Stenotrophomonas;Stenotrophomonas sp003028475,multidrug,emrA,chromosome,1.941,1,1.941
Co.F.3.H.B,A06,Collins,dorm_sample,Bacteria;Pseudomonadota;Gammaproteobacteria;Xanthomonadales;Xanthomonadaceae;Stenotrophomonas;Stenotrophomonas sp003028475,multidrug,emrB,chromosome,2,1,2
Co.F.3.H.B,A06,Collins,dorm_sample,Bacteria;Pseudomonadota;Gammaproteobacteria;Xanthomonadales;Xanthomonadaceae;Stenotrophomonas;Stenotrophomonas sp003028475,multidrug,emrC,chromosome,1,1,1
Co.F.3.H.B,A06,Collins,dorm_sample,Bacteria;Pseudomonadota;Gammaproteobacteria;Xanthomonadales;Xanthomonadaceae;Stenotrophomonas;Stenotrophomonas sp003028475,multidrug,mfsA,chromosome,1,1,1
Co.F.3.H.B,A06,Collins,dorm_sample,Bacteria;Pseudomonadota;Gammaproteobacteria;Xanthomonadales;Xanthomonadaceae;Stenotrophomonas;Stenotrophomonas sp003028475,multidrug,smeA,chromosome,1,1,1
Co.F.3.H.B,A06,Collins,dorm_sample,Bacteria;Pseudomonadota;Gammaproteobacteria;Xanthomonadales;Xanthomonadaceae;Stenotrophomonas;Stenotrophomonas sp003028475,multidrug,smeB,chromosome,0.999,1,0.999
Co.F.3.H.B,A06,Collins,dorm_sample,Bacteria;Pseudomonadota;Gammaproteobacteria;Xanthomonadales;Xanthomonadaceae;Stenotrophomonas;Stenotrophomonas sp003028475,multidrug,smeC,chromosome,1,1,1
Co.F.3.H.B,A06,Collins,dorm_sample,Bacteria;Pseudomonadota;Gammaproteobacteria;Xanthomonadales;Xanthomonadaceae;Stenotrophomonas;Stenotrophomonas sp003028475,multidrug,smeD,chromosome,1.605,1,1.605
Co.F.3.H.B,A06,Collins,dorm_sample,Bacteria;Pseudomonadota;Gammaproteobacteria;Xanthomonadales;Xanthomonadaceae;Stenotrophomonas;Stenotrophomonas sp003028475,multidrug,smeE,chromosome,1.788,1,1.788
Co.F.3.H.B,A06,Collins,dorm_sample,Bacteria;Pseudomonadota;Gammaproteobacteria;Xanthomonadales;Xanthomonadaceae;Stenotrophomonas;Stenotrophomonas sp003028475,multidrug,smeF,chromosome,1.996,1,1.996
Co.F.3.H.B,A06,Collins,dorm_sample,Bacteria;Pseudomonadota;Gammaproteobacteria;Xanthomonadales;Xanthomonadaceae;Stenotrophomonas;Stenotrophomonas sp003028475,multidrug,smeI,chromosome,3.239,1,3.239
Co.F.3.H.B,A06,Collins,dorm_sample,Bacteria;Pseudomonadota;Gammaproteobacteria;Xanthomonadales;Xanthomonadaceae;Stenotrophomonas;Stenotrophomonas sp003028475,multidrug,smeJ,chromosome,1.345,1,1.345
Co.F.3.H.B,A06,Collins,dorm_sample,Bacteria;Pseudomonadota;Gammaproteobacteria;Xanthomonadales;Xanthomonadaceae;Stenotrophomonas;Stenotrophomonas sp003028475,multidrug,smeV,chromosome,1,1,1
Co.F.3.H.B,A06,Collins,dorm_sample,Bacteria;Pseudomonadota;Gammaproteobacteria;Xanthomonadales;Xanthomonadaceae;Stenotrophomonas;Stenotrophomonas sp003028475,multidrug,smeW,chromosome,1.102,1,1.102
Co.F.3.H.B,A06,Collins,dorm_sample,Bacteria;Pseudomonadota;Gammaproteobacteria;Xanthomonadales;Xanthomonadaceae;Stenotrophomonas;Stenotrophomonas sp003028475,multidrug,smeX,chromosome,2,1,2
Co.F.3.H.B,A06,Collins,dorm_sample,Bacteria;Pseudomonadota;Gammaproteobacteria;Xanthomonadales;Xanthomonadaceae;Stenotrophomonas;Stenotrophomonas sp003028475,multidrug,smrA,chromosome,0.923,1,0.923
Co.F.3.H.B,A06,Collins,dorm_sample,Bacteria;Pseudomonadota;Gammaproteobacteria;Xanthomonadales;Xanthomonadaceae;Stenotrophomonas;Stenotrophomonas sp003028475,multidrug,tolC,chromosome,0.998,1,0.998
Co.F.3.H.B,A06,Collins,dorm_sample,Bacteria;Pseudomonadota;Gammaproteobacteria;Xanthomonadales;Xanthomonadaceae;Stenotrophomonas;Stenotrophomonas sp003028475,quinolone,qnr*,chromosome,2,1,2
Co.F.3.H.B,A06,Collins,dorm_sample,Bacteria;Pseudomonadota;Gammaproteobacteria;Xanthomonadales;Xanthomonadaceae;Stenotrophomonas;Stenotrophomonas sp003028475,tetracycline,tcrA,chromosome,3,1,3
Co.F.3.H.B,A06,Collins,dorm_sample,unclassified,aminoglycoside,aac(3)*,chromosome,1.234,0,0
Co.F.3.H.B,A06,Collins,dorm_sample,unclassified,aminoglycoside,aac(3)-I,chromosome,2,0,0
Co.F.3.H.B,A06,Collins,dorm_sample,unclassified,beta-lactam,bla*,chromosome,20.163,0,0
Co.F.3.H.B,A06,Collins,dorm_sample,unclassified,beta-lactam,blaF,chromosome,3,0,0
Co.F.3.H.B,A06,Collins,dorm_sample,unclassified,defensin,lysX,chromosome,0.929,0,0
Co.F.3.H.B,A06,Collins,dorm_sample,unclassified,defensin,mprF,chromosome,5.815,0,0
Co.F.3.H.B,A06,Collins,dorm_sample,unclassified,multidrug,acrD,chromosome,1,0,0
Co.F.3.H.B,A06,Collins,dorm_sample,unclassified,multidrug,emmdR,chromosome,0.958,0,0
Co.F.3.H.B,A06,Collins,dorm_sample,unclassified,multidrug,lfrA,chromosome,1,0,0
Co.F.3.H.B,A06,Collins,dorm_sample,unclassified,multidrug,macB,chromosome,4,0,0
Co.F.3.H.B,A06,Collins,dorm_sample,unclassified,multidrug,macC,chromosome,1,0,0
Co.F.3.H.B,A06,Collins,dorm_sample,unclassified,multidrug,smaA,chromosome,1,0,0
Co.F.3.H.B,A06,Collins,dorm_sample,unclassified,multidrug,smeD,chromosome,0.974,0,0
Co.F.3.H.B,A06,Collins,dorm_sample,unclassified,multidrug,smeE,chromosome,0.073,0,0
Co.F.3.H.B,A06,Collins,dorm_sample,unclassified,multidrug,smeI,chromosome,1,0,0
Co.F.3.H.B,A06,Collins,dorm_sample,unclassified,multidrug,smeJ,chromosome,1,0,0
Co.F.3.H.B,A06,Collins,dorm_sample,unclassified,multidrug,smeK,chromosome,1,0,0
Co.F.3.H.B,A06,Collins,dorm_sample,unclassified,quinolone,qnr*,chromosome,1,0,0
Co.F.3.H.B,A06,Collins,dorm_sample,unclassified,rifamycin,arr,chromosome,21.341,0,0
Co.F.3.H.B,A06,Collins,dorm_sample,unclassified,tetracycline,tcrA,chromosome,1.117,0,0
He.F.2.L.A,A07,Heritage,dorm_sample,Bacteria;Actinomycetota;Actinomycetes;Mycobacteriales;Mycobacteriaceae;Mycobacterium;Mycobacterium phocaicum,defensin,lysX,chromosome,1.55,0.75,2.067
He.F.2.L.A,A07,Heritage,dorm_sample,Bacteria;Actinomycetota;Actinomycetes;Mycobacteriales;Mycobacteriaceae;Mycobacterium;Mycobacterium phocaicum,multidrug,lfrA,chromosome,1,0.75,1.333
He.F.2.L.A,A07,Heritage,dorm_sample,Bacteria;Pseudomonadota;Alphaproteobacteria;Sphingomonadales;Sphingomonadaceae;Sphingopyxis;Sphingopyxis sp001468395,beta-lactam,bla*,chromosome,0.968,1.125,0.861
He.F.2.L.A,A07,Heritage,dorm_sample,Bacteria;Pseudomonadota;Gammaproteobacteria;Burkholderiales;Burkholderiaceae_C;Acidovorax;Acidovorax temperans,beta-lactam,bla*,chromosome,0.917,0.75,1.223
He.F.2.L.A,A07,Heritage,dorm_sample,Bacteria;Pseudomonadota;Gammaproteobacteria;Burkholderiales;Burkholderiaceae_C;Acidovorax;Acidovorax temperans,fosfomycin,fosX,chromosome,1,0.75,1.333
He.F.2.L.A,A07,Heritage,dorm_sample,Bacteria;Pseudomonadota;Gammaproteobacteria;Xanthomonadales;Xanthomonadaceae;Pseudoxanthomonas_A;Pseudoxanthomonas_A mexicana,beta-lactam,bla*,chromosome,2,0.375,5.333
He.F.2.L.A,A07,Heritage,dorm_sample,unclassified,aminoglycoside,ant(3'')-I,chromosome,1,0,0
He.F.2.L.A,A07,Heritage,dorm_sample,unclassified,aminoglycoside,ant(3'')-I,plasmid,1,0,0
He.F.2.L.A,A07,Heritage,dorm_sample,unclassified,phenicol,catB,chromosome,1,0,0
He.F.2.L.A,A07,Heritage,dorm_sample,unclassified,rifamycin,rox,chromosome,1,0,0
He.F.2.L.A,A07,Heritage,dorm_sample,unclassified,sulfonamide,sul1,plasmid,1,0,0
He.F.2.L.A,A07,Heritage,dorm_sample,unclassified,sulfonamide,sul4,chromosome,1,0,0
He.F.2.L.A,A07,Heritage,dorm_sample,unclassified,tetracycline,tet(V),chromosome,1,0,0
Ea.F.1.L.B,B01,Earl,dorm_sample,Bacteria;Actinomycetota;Actinomycetes;Mycobacteriales;Mycobacteriaceae;Mycobacterium;Mycobacterium fortuitum,aminoglycoside,eis,chromosome,1,1.125,0.889
Ea.F.1.L.B,B01,Earl,dorm_sample,Bacteria;Actinomycetota;Actinomycetes;Mycobacteriales;Mycobacteriaceae;Mycobacterium;Mycobacterium fortuitum,beta-lactam,bla*,chromosome,2,1.125,1.778
Ea.F.1.L.B,B01,Earl,dorm_sample,Bacteria;Actinomycetota;Actinomycetes;Mycobacteriales;Mycobacteriaceae;Mycobacterium;Mycobacterium fortuitum,macrolide-lincosamide-streptogramin,erm(39),chromosome,1,1.125,0.889
Ea.F.1.L.B,B01,Earl,dorm_sample,Bacteria;Actinomycetota;Actinomycetes;Mycobacteriales;Mycobacteriaceae;Mycobacterium;Mycobacterium fortuitum,multidrug,tap,chromosome,2,1.125,1.778
Ea.F.1.L.B,B01,Earl,dorm_sample,Bacteria;Actinomycetota;Actinomycetes;Mycobacteriales;Mycobacteriaceae;Mycobacterium;Mycobacterium fortuitum,rifamycin,arr,chromosome,2,1.125,1.778
Ea.F.1.L.B,B01,Earl,dorm_sample,Bacteria;Actinomycetota;Actinomycetes;Mycobacteriales;Mycobacteriaceae;Mycobacterium;Mycobacterium fortuitum,rifamycin,helR,chromosome,1,1.125,0.889
Ea.F.1.L.B,B01,Earl,dorm_sample,Bacteria;Actinomycetota;Actinomycetes;Mycobacteriales;Mycobacteriaceae;Mycobacterium;Mycobacterium fortuitum,tetracycline,tet(V),chromosome,1.546,1.125,1.374
Ea.F.1.L.B,B01,Earl,dorm_sample,Bacteria;Actinomycetota;Actinomycetes;Mycobacteriales;Mycobacteriaceae;Mycobacterium;Mycobacterium fortuitum,tuberactinomycin,vph,chromosome,0.993,1.125,0.883
Ea.F.1.L.B,B01,Earl,dorm_sample,Bacteria;Actinomycetota;Actinomycetes;Mycobacteriales;Mycobacteriaceae;Mycobacterium;Mycobacterium gordonae_B,beta-lactam,bla*,chromosome,6.46,3.75,1.723
Ea.F.1.L.B,B01,Earl,dorm_sample,Bacteria;Actinomycetota;Actinomycetes;Mycobacteriales;Mycobacteriaceae;Mycobacterium;Mycobacterium gordonae_B,defensin,lysX,chromosome,4.311,3.75,1.15
Ea.F.1.L.B,B01,Earl,dorm_sample,Bacteria;Actinomycetota;Actinomycetes;Mycobacteriales;Mycobacteriaceae;Mycobacterium;Mycobacterium gordonae_B,multidrug,tap,chromosome,2.761,3.75,0.736
Ea.F.1.L.B,B01,Earl,dorm_sample,Bacteria;Actinomycetota;Actinomycetes;Mycobacteriales;Mycobacteriaceae;Mycobacterium;Mycobacterium gordonae_B,rifamycin,helR,chromosome,4.584,3.75,1.223
Ea.F.1.L.B,B01,Earl,dorm_sample,Bacteria;Actinomycetota;Actinomycetes;Mycobacteriales;Mycobacteriaceae;Mycobacterium;Mycobacterium grossiae,beta-lactam,bla*,chromosome,1,0.875,1.143
Ea.F.1.L.B,B01,Earl,dorm_sample,Bacteria;Actinomycetota;Actinomycetes;Mycobacteriales;Mycobacteriaceae;Mycobacterium;Mycobacterium grossiae,defensin,lysX,chromosome,1,0.875,1.143
Ea.F.1.L.B,B01,Earl,dorm_sample,Bacteria;Actinomycetota;Actinomycetes;Mycobacteriales;Mycobacteriaceae;Mycobacterium;Mycobacterium grossiae,multidrug,tap,chromosome,1.995,0.875,2.28
Ea.F.1.L.B,B01,Earl,dorm_sample,Bacteria;Actinomycetota;Actinomycetes;Mycobacteriales;Mycobacteriaceae;Mycobacterium;Mycobacterium phocaicum,beta-lactam,bla*,chromosome,33.13,38.625,0.858
Ea.F.1.L.B,B01,Earl,dorm_sample,Bacteria;Actinomycetota;Actinomycetes;Mycobacteriales;Mycobacteriaceae;Mycobacterium;Mycobacterium phocaicum,defensin,lysX,chromosome,44.381,38.625,1.149
Ea.F.1.L.B,B01,Earl,dorm_sample,Bacteria;Actinomycetota;Actinomycetes;Mycobacteriales;Mycobacteriaceae;Mycobacterium;Mycobacterium phocaicum,multidrug,lfrA,chromosome,40.277,38.625,1.043
Ea.F.1.L.B,B01,Earl,dorm_sample,Bacteria;Actinomycetota;Actinomycetes;Mycobacteriales;Mycobacteriaceae;Mycobacterium;Mycobacterium phocaicum,rifamycin,arr,chromosome,36.323,38.625,0.94
Ea.F.1.L.B,B01,Earl,dorm_sample,Bacteria;Actinomycetota;Actinomycetes;Mycobacteriales;Mycobacteriaceae;Mycobacterium;Mycobacterium phocaicum,tetracycline,tet(V),chromosome,35.393,38.625,0.916
Ea.F.1.L.B,B01,Earl,dorm_sample,Bacteria;Actinomycetota;Actinomycetes;Mycobacteriales;Mycobacteriaceae;Mycobacterium;Mycobacterium sp018326285,rifamycin,arr,chromosome,34.577,2.5,13.831
Ea.F.1.L.B,B01,Earl,dorm_sample,Bacteria;Actinomycetota;Actinomycetes;Mycobacteriales;Mycobacteriaceae;Mycobacterium;Mycobacterium sp018326285,tetracycline,tet(V),chromosome,11.923,2.5,4.769
Ea.F.1.L.B,B01,Earl,dorm_sample,Bacteria;Actinomycetota;Actinomycetes;Mycobacteriales;Nakamurellaceae;Nakamurella;Nakamurella multipartita,rifamycin,helR,chromosome,1.589,2,0.794
Ea.F.1.L.B,B01,Earl,dorm_sample,Bacteria;Actinomycetota;Actinomycetes;Mycobacteriales;Nakamurellaceae;Nakamurella;Nakamurella multipartita,rifamycin,rph*,chromosome,2.996,2,1.498
Ea.F.1.L.B,B01,Earl,dorm_sample,Bacteria;Bacteroidota;Bacteroidia;Cytophagales;Spirosomataceae;Runella;Runella sp029433105,beta-lactam,bla*,chromosome,2,0.875,2.286
Ea.F.1.L.B,B01,Earl,dorm_sample,Bacteria;Bacteroidota;Bacteroidia;Cytophagales;Spirosomataceae;Runella;Runella sp029433105,rifamycin,arr,chromosome,1,0.875,1.143
Ea.F.1.L.B,B01,Earl,dorm_sample,Bacteria;Pseudomonadota;Alphaproteobacteria;Caulobacterales;Caulobacteraceae;Brevundimonas;Brevundimonas bacteroides,beta-lactam,bla*,chromosome,1,0.375,2.667
Ea.F.1.L.B,B01,Earl,dorm_sample,Bacteria;Pseudomonadota;Alphaproteobacteria;Caulobacterales;Caulobacteraceae;Brevundimonas;Brevundimonas sp002479325,beta-lactam,bla*,chromosome,2,0.625,3.2
Ea.F.1.L.B,B01,Earl,dorm_sample,Bacteria;Pseudomonadota;Alphaproteobacteria;Caulobacterales;Caulobacteraceae;Phenylobacterium;Phenylobacterium sp041919955,rifamycin,arr,chromosome,1.977,0.625,3.164
Ea.F.1.L.B,B01,Earl,dorm_sample,Bacteria;Pseudomonadota;Alphaproteobacteria;Rhizobiales;Aestuariivirgaceae;Taklimakanibacter;Taklimakanibacter albus,beta-lactam,bla*,chromosome,9.82,8.875,1.107
Ea.F.1.L.B,B01,Earl,dorm_sample,Bacteria;Pseudomonadota;Alphaproteobacteria;Rhizobiales;Aestuariivirgaceae;Taklimakanibacter;Taklimakanibacter sp005502925,aminoglycoside,aac(3)-IV,chromosome,1.301,21.875,0.059
Ea.F.1.L.B,B01,Earl,dorm_sample,Bacteria;Pseudomonadota;Alphaproteobacteria;Rhizobiales;Aestuariivirgaceae;Taklimakanibacter;Taklimakanibacter sp005502925,beta-lactam,bla*,chromosome,21.096,21.875,0.964
Ea.F.1.L.B,B01,Earl,dorm_sample,Bacteria;Pseudomonadota;Alphaproteobacteria;Rhizobiales;Beijerinckiaceae;Allobosea;Allobosea eneae,aminoglycoside,aac(3)*,chromosome,3,1.875,1.6
Ea.F.1.L.B,B01,Earl,dorm_sample,Bacteria;Pseudomonadota;Alphaproteobacteria;Rhizobiales;Beijerinckiaceae;Allobosea;Allobosea eneae,beta-lactam,bla*,chromosome,2,1.875,1.067
Ea.F.1.L.B,B01,Earl,dorm_sample,Bacteria;Pseudomonadota;Alphaproteobacteria;Rhizobiales;Beijerinckiaceae;Allobosea;Allobosea eneae,multidrug,mdtI,chromosome,1.509,1.875,0.805
Ea.F.1.L.B,B01,Earl,dorm_sample,Bacteria;Pseudomonadota;Alphaproteobacteria;Rhizobiales;Beijerinckiaceae;Methylobacterium;Methylobacterium aquaticum,beta-lactam,bla*,chromosome,2,0.75,2.667
Ea.F.1.L.B,B01,Earl,dorm_sample,Bacteria;Pseudomonadota;Alphaproteobacteria;Rhizobiales;Beijerinckiaceae;Methylobacterium;Methylobacterium radiotolerans,beta-lactam,bla*,chromosome,1,1.375,0.727
Ea.F.1.L.B,B01,Earl,dorm_sample,Bacteria;Pseudomonadota;Alphaproteobacteria;Rhizobiales;Hyphomicrobiaceae;Hyphomicrobium_C;Hyphomicrobium_C sp019744875,aminoglycoside,aac(3)-I,chromosome,1,1.75,0.571
Ea.F.1.L.B,B01,Earl,dorm_sample,Bacteria;Pseudomonadota;Alphaproteobacteria;Rhizobiales;Xanthobacteraceae;Bradyrhizobium;Bradyrhizobium lablabi_C,beta-lactam,bla*,chromosome,53.707,21.625,2.484
Ea.F.1.L.B,B01,Earl,dorm_sample,Bacteria;Pseudomonadota;Alphaproteobacteria;Sphingomonadales;Sphingomonadaceae;Blastomonas;Blastomonas ursincola,aminoglycoside,aac(3)*,chromosome,89.638,88.375,1.014
Ea.F.1.L.B,B01,Earl,dorm_sample,Bacteria;Pseudomonadota;Alphaproteobacteria;Sphingomonadales;Sphingomonadaceae;Blastomonas;Blastomonas ursincola,beta-lactam,bla*,chromosome,84.735,88.375,0.959
Ea.F.1.L.B,B01,Earl,dorm_sample,Bacteria;Pseudomonadota;Alphaproteobacteria;Sphingomonadales;Sphingomonadaceae;Sphingobium;Sphingobium sp036170395,beta-lactam,bla*,chromosome,1,1.125,0.889
Ea.F.1.L.B,B01,Earl,dorm_sample,Bacteria;Pseudomonadota;Alphaproteobacteria;Sphingomonadales;Sphingomonadaceae;Sphingobium_A;Sphingobium_A colocasiae,aminoglycoside,aac(6')*,chromosome,0.986,10.125,0.097
Ea.F.1.L.B,B01,Earl,dorm_sample,Bacteria;Pseudomonadota;Alphaproteobacteria;Sphingomonadales;Sphingomonadaceae;Sphingobium_A;Sphingobium_A colocasiae,beta-lactam,bla*,chromosome,6.563,10.125,0.648
Ea.F.1.L.B,B01,Earl,dorm_sample,Bacteria;Pseudomonadota;Alphaproteobacteria;Sphingomonadales;Sphingomonadaceae;Sphingobium_A;Sphingobium_A colocasiae,defensin,mprF,chromosome,2,10.125,0.198
Ea.F.1.L.B,B01,Earl,dorm_sample,Bacteria;Pseudomonadota;Alphaproteobacteria;Sphingomonadales;Sphingomonadaceae;Sphingobium_A;Sphingobium_A colocasiae,phenicol,catB,chromosome,1,10.125,0.099
Ea.F.1.L.B,B01,Earl,dorm_sample,Bacteria;Pseudomonadota;Alphaproteobacteria;Sphingomonadales;Sphingomonadaceae;Sphingobium_A;Sphingobium_A colocasiae,rifamycin,arr,chromosome,1,10.125,0.099
Ea.F.1.L.B,B01,Earl,dorm_sample,Bacteria;Pseudomonadota;Alphaproteobacteria;Sphingomonadales;Sphingomonadaceae;Sphingomonas;Sphingomonas koreensis,aminoglycoside,aac(6')*,chromosome,3,3.75,0.8
Ea.F.1.L.B,B01,Earl,dorm_sample,Bacteria;Pseudomonadota;Alphaproteobacteria;Sphingomonadales;Sphingomonadaceae;Sphingomonas;Sphingomonas koreensis,beta-lactam,bla*,chromosome,16.821,3.75,4.486
Ea.F.1.L.B,B01,Earl,dorm_sample,Bacteria;Pseudomonadota;Alphaproteobacteria;Sphingomonadales;Sphingomonadaceae;Sphingomonas;Sphingomonas koreensis,phenicol,catB,chromosome,6,3.75,1.6
Ea.F.1.L.B,B01,Earl,dorm_sample,Bacteria;Pseudomonadota;Alphaproteobacteria;Sphingomonadales;Sphingomonadaceae;Sphingomonas;Sphingomonas koreensis,rifamycin,arr,chromosome,4.904,3.75,1.308
Ea.F.1.L.B,B01,Earl,dorm_sample,Bacteria;Pseudomonadota;Alphaproteobacteria;Sphingomonadales;Sphingomonadaceae;Sphingomonas;Sphingomonas sp001555965,beta-lactam,bla*,chromosome,0.997,1.125,0.886
Ea.F.1.L.B,B01,Earl,dorm_sample,Bacteria;Pseudomonadota;Alphaproteobacteria;Sphingomonadales;Sphingomonadaceae;Sphingopyxis;Sphingopyxis fribergensis,rifamycin,arr,chromosome,21.908,2.875,7.62
Ea.F.1.L.B,B01,Earl,dorm_sample,Bacteria;Pseudomonadota;Alphaproteobacteria;Sphingomonadales;Sphingomonadaceae;Sphingopyxis;Sphingopyxis soli,beta-lactam,bla*,chromosome,31.851,3.75,8.494
Ea.F.1.L.B,B01,Earl,dorm_sample,Bacteria;Pseudomonadota;Alphaproteobacteria;Sphingomonadales;Sphingomonadaceae;Sphingopyxis;Sphingopyxis soli,defensin,mprF,chromosome,13.266,3.75,3.538
Ea.F.1.L.B,B01,Earl,dorm_sample,Bacteria;Pseudomonadota;Alphaproteobacteria;Sphingomonadales;Sphingomonadaceae;Sphingopyxis;Sphingopyxis sp001468225,rifamycin,arr,chromosome,1,5.75,0.174
Ea.F.1.L.B,B01,Earl,dorm_sample,Bacteria;Pseudomonadota;Alphaproteobacteria;Sphingomonadales;Sphingomonadaceae;Sphingopyxis;Sphingopyxis sp001468395,beta-lactam,bla*,chromosome,3,27.125,0.111
Ea.F.1.L.B,B01,Earl,dorm_sample,Bacteria;Pseudomonadota;Alphaproteobacteria;Sphingomonadales;Sphingomonadaceae;Sphingopyxis;Sphingopyxis sp001468395,defensin,mprF,chromosome,19.944,27.125,0.735
Ea.F.1.L.B,B01,Earl,dorm_sample,Bacteria;Pseudomonadota;Alphaproteobacteria;Sphingomonadales;Sphingomonadaceae;Sphingopyxis;Sphingopyxis sp014873485,beta-lactam,bla*,chromosome,41.831,30,1.394
Ea.F.1.L.B,B01,Earl,dorm_sample,Bacteria;Pseudomonadota;Alphaproteobacteria;Sphingomonadales;Sphingomonadaceae;Sphingopyxis;Sphingopyxis sp014873485,phenicol,catB,chromosome,13.519,30,0.451
Ea.F.1.L.B,B01,Earl,dorm_sample,Bacteria;Pseudomonadota;Alphaproteobacteria;Sphingomonadales;Sphingomonadaceae;Sphingopyxis;Sphingopyxis sp014873485,rifamycin,arr,chromosome,8.922,30,0.297
Ea.F.1.L.B,B01,Earl,dorm_sample,Bacteria;Pseudomonadota;Gammaproteobacteria;Burkholderiales;Burkholderiaceae_C;Acidovorax;Acidovorax temperans,beta-lactam,bla*,chromosome,1,1.375,0.727
Ea.F.1.L.B,B01,Earl,dorm_sample,Bacteria;Pseudomonadota;Gammaproteobacteria;Burkholderiales;Burkholderiaceae_C;Acidovorax;Acidovorax temperans,fosfomycin,fosX,chromosome,2,1.375,1.455
Ea.F.1.L.B,B01,Earl,dorm_sample,Bacteria;Pseudomonadota;Gammaproteobacteria;Burkholderiales;Burkholderiaceae_C;Aquincola;Aquincola tertiaricarbonis_B,beta-lactam,bla*,chromosome,6.762,7,0.966
Ea.F.1.L.B,B01,Earl,dorm_sample,Bacteria;Pseudomonadota;Gammaproteobacteria;Burkholderiales;Burkholderiaceae_C;JAGOCV01;JAGOCV01 sp017307855,multidrug,macB,chromosome,0.994,0.875,1.136
Ea.F.1.L.B,B01,Earl,dorm_sample,Bacteria;Pseudomonadota;Gammaproteobacteria;Legionellales;Legionellaceae;Tatlockia;Tatlockia feeleii,beta-lactam,bla*,chromosome,4.287,2.5,1.715
Ea.F.1.L.B,B01,Earl,dorm_sample,Bacteria;Pseudomonadota;Gammaproteobacteria;Pseudomonadales;Moraxellaceae;Acinetobacter;Acinetobacter junii,beta-lactam,bla*,chromosome,11.385,6.875,1.656
Ea.F.1.L.B,B01,Earl,dorm_sample,Bacteria;Pseudomonadota;Gammaproteobacteria;Pseudomonadales;Moraxellaceae;Acinetobacter;Acinetobacter junii,multidrug,adeJ,chromosome,3.879,6.875,0.564
Ea.F.1.L.B,B01,Earl,dorm_sample,Bacteria;Pseudomonadota;Gammaproteobacteria;Pseudomonadales;Moraxellaceae;Acinetobacter;Acinetobacter junii,multidrug,adeK,chromosome,4,6.875,0.582
Ea.F.1.L.B,B01,Earl,dorm_sample,Bacteria;Pseudomonadota;Gammaproteobacteria;Pseudomonadales;Moraxellaceae;Acinetobacter;Acinetobacter junii,multidrug,craA,chromosome,3.389,6.875,0.493
Ea.F.1.L.B,B01,Earl,dorm_sample,Bacteria;Pseudomonadota;Gammaproteobacteria;Pseudomonadales;Moraxellaceae;Acinetobacter;Acinetobacter junii,multidrug,macA,chromosome,7.579,6.875,1.102
Ea.F.1.L.B,B01,Earl,dorm_sample,Bacteria;Pseudomonadota;Gammaproteobacteria;Pseudomonadales;Moraxellaceae;Acinetobacter;Acinetobacter junii,multidrug,macB,chromosome,6.997,6.875,1.018
Ea.F.1.L.B,B01,Earl,dorm_sample,Bacteria;Pseudomonadota;Gammaproteobacteria;Pseudomonadales;Moraxellaceae;Acinetobacter;Acinetobacter junii,phenicol,cxpE,chromosome,6,6.875,0.873
Ea.F.1.L.B,B01,Earl,dorm_sample,Bacteria;Pseudomonadota;Gammaproteobacteria;Pseudomonadales;Moraxellaceae;Faucicola;Faucicola osloensis,colistin,icr,chromosome,1,0.5,2
Ea.F.1.L.B,B01,Earl,dorm_sample,Bacteria;Pseudomonadota;Gammaproteobacteria;Pseudomonadales;Moraxellaceae;Faucicola;Faucicola tetraodonis,colistin,icr,chromosome,1,0.25,4
Ea.F.1.L.B,B01,Earl,dorm_sample,Bacteria;Pseudomonadota;Gammaproteobacteria;Steroidobacterales;Steroidobacteraceae;Steroidobacter;Steroidobacter flavus,beta-lactam,bla*,chromosome,1,0.5,2
Ea.F.1.L.B,B01,Earl,dorm_sample,Bacteria;Pseudomonadota;Gammaproteobacteria;Steroidobacterales;Steroidobacteraceae;Steroidobacter;Steroidobacter flavus,defensin,mprF,chromosome,0.805,0.5,1.611
Ea.F.1.L.B,B01,Earl,dorm_sample,Bacteria;Pseudomonadota;Gammaproteobacteria;Steroidobacterales;Steroidobacteraceae;Steroidobacter;Steroidobacter soli,aminoglycoside,aac(3)-IV,chromosome,6.943,1.125,6.171
Ea.F.1.L.B,B01,Earl,dorm_sample,Bacteria;Pseudomonadota;Gammaproteobacteria;Steroidobacterales;Steroidobacteraceae;Steroidobacter;Steroidobacter soli,beta-lactam,bla*,chromosome,2,1.125,1.778
Ea.F.1.L.B,B01,Earl,dorm_sample,Bacteria;Pseudomonadota;Gammaproteobacteria;Steroidobacterales;Steroidobacteraceae;Steroidobacter;Steroidobacter soli,defensin,mprF,chromosome,0.579,1.125,0.515
Ea.F.1.L.B,B01,Earl,dorm_sample,Bacteria;Pseudomonadota;Gammaproteobacteria;Steroidobacterales;Steroidobacteraceae;Steroidobacter;Steroidobacter soli,multidrug,macB,chromosome,4.054,1.125,3.604
Ea.F.1.L.B,B01,Earl,dorm_sample,Bacteria;Pseudomonadota;Gammaproteobacteria;Xanthomonadales;Xanthomonadaceae;Pseudoxanthomonas_A;Pseudoxanthomonas_A mexicana,aminoglycoside,aac(3)-I,chromosome,2.71,2.75,0.985
Ea.F.1.L.B,B01,Earl,dorm_sample,Bacteria;Pseudomonadota;Gammaproteobacteria;Xanthomonadales;Xanthomonadaceae;Pseudoxanthomonas_A;Pseudoxanthomonas_A mexicana,beta-lactam,bla*,chromosome,1,2.75,0.364
Ea.F.1.L.B,B01,Earl,dorm_sample,Bacteria;Pseudomonadota;Gammaproteobacteria;Xanthomonadales;Xanthomonadaceae;Pseudoxanthomonas_A;Pseudoxanthomonas_A mexicana,rifamycin,arr,chromosome,7.729,2.75,2.811
Ea.F.1.L.B,B01,Earl,dorm_sample,unclassified,aminoglycoside,aac(3)*,chromosome,1.993,0,0
Ea.F.1.L.B,B01,Earl,dorm_sample,unclassified,aminoglycoside,aac(3)*,plasmid,1,0,0
Ea.F.1.L.B,B01,Earl,dorm_sample,unclassified,aminoglycoside,aac(3)-I,chromosome,25.961,0,0
Ea.F.1.L.B,B01,Earl,dorm_sample,unclassified,aminoglycoside,aac(6')*,chromosome,3,0,0
Ea.F.1.L.B,B01,Earl,dorm_sample,unclassified,aminoglycoside,ant(3'')-I,plasmid,6.654,0,0
Ea.F.1.L.B,B01,Earl,dorm_sample,unclassified,aminoglycoside,aph(3'')-I,chromosome,1.821,0,0
Ea.F.1.L.B,B01,Earl,dorm_sample,unclassified,aminoglycoside,aph(3')-I,chromosome,1,0,0
Ea.F.1.L.B,B01,Earl,dorm_sample,unclassified,aminoglycoside,aph(6)-I,chromosome,2,0,0
Ea.F.1.L.B,B01,Earl,dorm_sample,unclassified,beta-lactam,bla*,chromosome,15.634,0,0
Ea.F.1.L.B,B01,Earl,dorm_sample,unclassified,defensin,mprF,chromosome,3.994,0,0
Ea.F.1.L.B,B01,Earl,dorm_sample,unclassified,macrolide-lincosamide-streptogramin,erm(55),plasmid,2.13,0,0
Ea.F.1.L.B,B01,Earl,dorm_sample,unclassified,multidrug,macB,chromosome,2.995,0,0
Ea.F.1.L.B,B01,Earl,dorm_sample,unclassified,multidrug,mdtI,chromosome,1,0,0
Ea.F.1.L.B,B01,Earl,dorm_sample,unclassified,multidrug,mexE,chromosome,1.988,0,0
Ea.F.1.L.B,B01,Earl,dorm_sample,unclassified,phenicol,cml*,chromosome,0.917,0,0
Ea.F.1.L.B,B01,Earl,dorm_sample,unclassified,rifamycin,arr,chromosome,38.731,0,0
Ea.F.1.L.B,B01,Earl,dorm_sample,unclassified,rifamycin,arr,plasmid,2.364,0,0
Ea.F.1.L.B,B01,Earl,dorm_sample,unclassified,rifamycin,helR,chromosome,4.881,0,0
Ea.F.1.L.B,B01,Earl,dorm_sample,unclassified,sulfonamide,sul1,plasmid,3,0,0
Ea.F.2.H.A,B02,Earl,dorm_sample,Bacteria;Actinomycetota;Actinomycetes;Actinomycetales;Microbacteriaceae;Agromyces;Agromyces mediolanus_A,beta-lactam,bla*,chromosome,6.977,7.125,0.979
Ea.F.2.H.A,B02,Earl,dorm_sample,Bacteria;Actinomycetota;Actinomycetes;Actinomycetales;Microbacteriaceae;Agromyces;Agromyces mediolanus_A,macrolide-lincosamide-streptogramin,erm*,chromosome,9.391,7.125,1.318
Ea.F.2.H.A,B02,Earl,dorm_sample,Bacteria;Actinomycetota;Actinomycetes;Actinomycetales;Microbacteriaceae;Agromyces;Agromyces mediolanus_A,rifamycin,helR,chromosome,8.093,7.125,1.136
Ea.F.2.H.A,B02,Earl,dorm_sample,Bacteria;Actinomycetota;Actinomycetes;Mycobacteriales;Mycobacteriaceae;Mycobacterium;Mycobacterium fortuitum,rifamycin,helR,chromosome,0.997,0.75,1.33
Ea.F.2.H.A,B02,Earl,dorm_sample,Bacteria;Actinomycetota;Actinomycetes;Mycobacteriales;Mycobacteriaceae;Mycobacterium;Mycobacterium fortuitum,tetracycline,tet(V),chromosome,1,0.75,1.333
Ea.F.2.H.A,B02,Earl,dorm_sample,Bacteria;Actinomycetota;Actinomycetes;Mycobacteriales;Mycobacteriaceae;Mycobacterium;Mycobacterium grossiae,beta-lactam,bla*,chromosome,1,0.875,1.143
Ea.F.2.H.A,B02,Earl,dorm_sample,Bacteria;Actinomycetota;Actinomycetes;Mycobacteriales;Mycobacteriaceae;Mycobacterium;Mycobacterium grossiae,multidrug,tap,chromosome,2.405,0.875,2.749
Ea.F.2.H.A,B02,Earl,dorm_sample,Bacteria;Actinomycetota;Actinomycetes;Mycobacteriales;Mycobacteriaceae;Mycobacterium;Mycobacterium grossiae,rifamycin,arr,chromosome,2,0.875,2.286
Ea.F.2.H.A,B02,Earl,dorm_sample,Bacteria;Actinomycetota;Actinomycetes;Mycobacteriales;Mycobacteriaceae;Mycobacterium;Mycobacterium phocaicum,beta-lactam,bla*,chromosome,53.082,36.5,1.454
Ea.F.2.H.A,B02,Earl,dorm_sample,Bacteria;Actinomycetota;Actinomycetes;Mycobacteriales;Mycobacteriaceae;Mycobacterium;Mycobacterium phocaicum,defensin,lysX,chromosome,38.191,36.5,1.046
Ea.F.2.H.A,B02,Earl,dorm_sample,Bacteria;Actinomycetota;Actinomycetes;Mycobacteriales;Mycobacteriaceae;Mycobacterium;Mycobacterium phocaicum,multidrug,lfrA,chromosome,44.152,36.5,1.21
Ea.F.2.H.A,B02,Earl,dorm_sample,Bacteria;Actinomycetota;Actinomycetes;Mycobacteriales;Mycobacteriaceae;Mycobacterium;Mycobacterium phocaicum,rifamycin,arr,chromosome,34.196,36.5,0.937
Ea.F.2.H.A,B02,Earl,dorm_sample,Bacteria;Actinomycetota;Actinomycetes;Mycobacteriales;Mycobacteriaceae;Mycobacterium;Mycobacterium phocaicum,tetracycline,tet(V),chromosome,43.325,36.5,1.187
Ea.F.2.H.A,B02,Earl,dorm_sample,Bacteria;Actinomycetota;Actinomycetes;Mycobacteriales;Mycobacteriaceae;Mycobacterium;Mycobacterium sp018326285,rifamycin,arr,chromosome,25.167,0.5,50.334
Ea.F.2.H.A,B02,Earl,dorm_sample,Bacteria;Actinomycetota;Actinomycetes;Mycobacteriales;Mycobacteriaceae;Mycobacterium;Mycobacterium sp018326285,tetracycline,tet(V),chromosome,6,0.5,12
Ea.F.2.H.A,B02,Earl,dorm_sample,Bacteria;Bacteroidota;Bacteroidia;Flavobacteriales;Weeksellaceae;Cloacibacterium;Cloacibacterium normanense,beta-lactam,bla*,chromosome,2,0.75,2.667
Ea.F.2.H.A,B02,Earl,dorm_sample,Bacteria;Bacteroidota;Bacteroidia;Sphingobacteriales;Sphingobacteriaceae;Pedobacter;Pedobacter chitinilyticus,aminoglycoside,ant(6)*,chromosome,1,3.875,0.258
Ea.F.2.H.A,B02,Earl,dorm_sample,Bacteria;Bacteroidota;Bacteroidia;Sphingobacteriales;Sphingobacteriaceae;Pedobacter;Pedobacter chitinilyticus,beta-lactam,bla*,chromosome,4.615,3.875,1.191
Ea.F.2.H.A,B02,Earl,dorm_sample,Bacteria;Bacteroidota;Bacteroidia;Sphingobacteriales;Sphingobacteriaceae;Pedobacter;Pedobacter chitinilyticus,rifamycin,arr,chromosome,4.794,3.875,1.237
Ea.F.2.H.A,B02,Earl,dorm_sample,Bacteria;Pseudomonadota;Alphaproteobacteria;Caulobacterales;Caulobacteraceae;Brevundimonas;Brevundimonas vancanneytii_D,beta-lactam,bla*,chromosome,0.515,1.125,0.458
Ea.F.2.H.A,B02,Earl,dorm_sample,Bacteria;Pseudomonadota;Alphaproteobacteria;Caulobacterales;Caulobacteraceae;Phenylobacterium;Phenylobacterium haematophilum,beta-lactam,bla*,chromosome,2,0.5,4
Ea.F.2.H.A,B02,Earl,dorm_sample,Bacteria;Pseudomonadota;Alphaproteobacteria;Caulobacterales;Caulobacteraceae;Phenylobacterium;Phenylobacterium sp041919955,rifamycin,arr,chromosome,11.917,5.875,2.028
Ea.F.2.H.A,B02,Earl,dorm_sample,Bacteria;Pseudomonadota;Alphaproteobacteria;Ferrovibrionales;Ferrovibrionaceae;Ferrovibrio;Ferrovibrio sp002796975,multidrug,macB,chromosome,1,0.375,2.667
Ea.F.2.H.A,B02,Earl,dorm_sample,Bacteria;Pseudomonadota;Alphaproteobacteria;Ferrovibrionales;Ferrovibrionaceae;Ferrovibrio;Ferrovibrio sp018336035,multidrug,macB,chromosome,1,0.25,4
Ea.F.2.H.A,B02,Earl,dorm_sample,Bacteria;Pseudomonadota;Alphaproteobacteria;Rhizobiales;Rhizobiaceae;Metarhizobium;Metarhizobium sp017305935,defensin,mprF,chromosome,1,0.875,1.143
Ea.F.2.H.A,B02,Earl,dorm_sample,Bacteria;Pseudomonadota;Alphaproteobacteria;Rhizobiales;Rhizobiaceae;Shinella;Shinella sp001262505,aminoglycoside,aph(3'')*,chromosome,3,2.5,1.2
Ea.F.2.H.A,B02,Earl,dorm_sample,Bacteria;Pseudomonadota;Alphaproteobacteria;Rhizobiales;Rhizobiaceae;Shinella;Shinella sp001262505,beta-lactam,bla*,chromosome,5.884,2.5,2.354
Ea.F.2.H.A,B02,Earl,dorm_sample,Bacteria;Pseudomonadota;Alphaproteobacteria;Rhizobiales;Rhizobiaceae;Shinella;Shinella sp001262505,phenicol,cml*,chromosome,4.073,2.5,1.629
Ea.F.2.H.A,B02,Earl,dorm_sample,Bacteria;Pseudomonadota;Alphaproteobacteria;Sphingomonadales;Sphingomonadaceae;Blastomonas;Blastomonas ursincola,aminoglycoside,aac(3)*,chromosome,15.57,18,0.865
Ea.F.2.H.A,B02,Earl,dorm_sample,Bacteria;Pseudomonadota;Alphaproteobacteria;Sphingomonadales;Sphingomonadaceae;Blastomonas;Blastomonas ursincola,beta-lactam,bla*,chromosome,25.068,18,1.393
Ea.F.2.H.A,B02,Earl,dorm_sample,Bacteria;Pseudomonadota;Alphaproteobacteria;Sphingomonadales;Sphingomonadaceae;Sphingomonas;Sphingomonas hankookensis_A,beta-lactam,bla*,chromosome,1,0.25,4
Ea.F.2.H.A,B02,Earl,dorm_sample,Bacteria;Pseudomonadota;Alphaproteobacteria;Sphingomonadales;Sphingomonadaceae;Sphingomonas;Sphingomonas koreensis,aminoglycoside,aac(6')*,chromosome,25.373,30.5,0.832
Ea.F.2.H.A,B02,Earl,dorm_sample,Bacteria;Pseudomonadota;Alphaproteobacteria;Sphingomonadales;Sphingomonadaceae;Sphingomonas;Sphingomonas koreensis,beta-lactam,bla*,chromosome,42.443,30.5,1.392
Ea.F.2.H.A,B02,Earl,dorm_sample,Bacteria;Pseudomonadota;Alphaproteobacteria;Sphingomonadales;Sphingomonadaceae;Sphingomonas;Sphingomonas koreensis,phenicol,catB,chromosome,29.505,30.5,0.967
Ea.F.2.H.A,B02,Earl,dorm_sample,Bacteria;Pseudomonadota;Alphaproteobacteria;Sphingomonadales;Sphingomonadaceae;Sphingomonas;Sphingomonas koreensis,rifamycin,arr,chromosome,20.404,30.5,0.669
Ea.F.2.H.A,B02,Earl,dorm_sample,Bacteria;Pseudomonadota;Alphaproteobacteria;Sphingomonadales;Sphingomonadaceae;Sphingomonas;Sphingomonas sp012650175,defensin,mprF,chromosome,1,0.375,2.667
Ea.F.2.H.A,B02,Earl,dorm_sample,Bacteria;Pseudomonadota;Alphaproteobacteria;Sphingomonadales;Sphingomonadaceae;Sphingomonas;Sphingomonas sp964407945,beta-lactam,bla*,chromosome,43.189,5.25,8.227
Ea.F.2.H.A,B02,Earl,dorm_sample,Bacteria;Pseudomonadota;Alphaproteobacteria;Sphingomonadales;Sphingomonadaceae;Sphingopyxis;Sphingopyxis microcysteis,beta-lactam,bla*,chromosome,3,0.25,12
Ea.F.2.H.A,B02,Earl,dorm_sample,Bacteria;Pseudomonadota;Alphaproteobacteria;Sphingomonadales;Sphingomonadaceae;Sphingopyxis;Sphingopyxis sp001468395,beta-lactam,bla*,chromosome,7.781,3,2.594
Ea.F.2.H.A,B02,Earl,dorm_sample,Bacteria;Pseudomonadota;Alphaproteobacteria;Sphingomonadales;Sphingomonadaceae;Sphingopyxis;Sphingopyxis sp001468395,defensin,mprF,chromosome,1,3,0.333
Ea.F.2.H.A,B02,Earl,dorm_sample,Bacteria;Pseudomonadota;Alphaproteobacteria;Sphingomonadales;Sphingomonadaceae;Sphingopyxis;Sphingopyxis sp002454115,beta-lactam,bla*,chromosome,5.929,3.875,1.53
Ea.F.2.H.A,B02,Earl,dorm_sample,Bacteria;Pseudomonadota;Alphaproteobacteria;Sphingomonadales;Sphingomonadaceae;Sphingopyxis;Sphingopyxis sp003609815,beta-lactam,bla*,chromosome,1.89,1.25,1.512
Ea.F.2.H.A,B02,Earl,dorm_sample,Bacteria;Pseudomonadota;Alphaproteobacteria;Sphingomonadales;Sphingomonadaceae;Sphingopyxis;Sphingopyxis sp003609815,rifamycin,arr,chromosome,0.993,1.25,0.794
Ea.F.2.H.A,B02,Earl,dorm_sample,Bacteria;Pseudomonadota;Alphaproteobacteria;Sphingomonadales;Sphingomonadaceae;Sphingopyxis;Sphingopyxis sp014873485,beta-lactam,bla*,chromosome,2.159,0.875,2.468
Ea.F.2.H.A,B02,Earl,dorm_sample,Bacteria;Pseudomonadota;Alphaproteobacteria;Sphingomonadales;Sphingomonadaceae;Sphingopyxis;Sphingopyxis sp035998905,beta-lactam,bla*,chromosome,1,0.75,1.333
Ea.F.2.H.A,B02,Earl,dorm_sample,Bacteria;Pseudomonadota;Alphaproteobacteria;Sphingomonadales;Sphingomonadaceae;Sphingopyxis;Sphingopyxis sp035998905,phenicol,catB,chromosome,1,0.75,1.333
Ea.F.2.H.A,B02,Earl,dorm_sample,Bacteria;Pseudomonadota;Alphaproteobacteria;Sphingomonadales;Sphingomonadaceae;Sphingopyxis;Sphingopyxis sp035998965,beta-lactam,bla*,chromosome,2,1,2
Ea.F.2.H.A,B02,Earl,dorm_sample,Bacteria;Pseudomonadota;Gammaproteobacteria;Burkholderiales;Burkholderiaceae_C;Acidovorax;Acidovorax facilis,beta-lactam,blaACA,chromosome,7.885,8.25,0.956
Ea.F.2.H.A,B02,Earl,dorm_sample,Bacteria;Pseudomonadota;Gammaproteobacteria;Burkholderiales;Burkholderiaceae_C;Acidovorax;Acidovorax sp046339755,beta-lactam,bla*,chromosome,2,1.5,1.333
Ea.F.2.H.A,B02,Earl,dorm_sample,Bacteria;Pseudomonadota;Gammaproteobacteria;Burkholderiales;Burkholderiaceae_C;Acidovorax;Acidovorax sp046339755,multidrug,macB,chromosome,3.593,1.5,2.396
Ea.F.2.H.A,B02,Earl,dorm_sample,Bacteria;Pseudomonadota;Gammaproteobacteria;Burkholderiales;Burkholderiaceae_C;Acidovorax;Acidovorax temperans,beta-lactam,bla*,chromosome,10.968,13.375,0.82
Ea.F.2.H.A,B02,Earl,dorm_sample,Bacteria;Pseudomonadota;Gammaproteobacteria;Burkholderiales;Burkholderiaceae_C;Acidovorax;Acidovorax temperans,fosfomycin,fosX,chromosome,6.964,13.375,0.521
Ea.F.2.H.A,B02,Earl,dorm_sample,Bacteria;Pseudomonadota;Gammaproteobacteria;Burkholderiales;Burkholderiaceae_C;Aquincola;Aquincola tertiaricarbonis_B,beta-lactam,bla*,chromosome,20.079,15,1.339
Ea.F.2.H.A,B02,Earl,dorm_sample,Bacteria;Pseudomonadota;Gammaproteobacteria;Burkholderiales;Burkholderiaceae_C;Comamonas;Comamonas tsuruhatensis,beta-lactam,bla*,chromosome,2,0.25,8
Ea.F.2.H.A,B02,Earl,dorm_sample,Bacteria;Pseudomonadota;Gammaproteobacteria;Pseudomonadales;Moraxellaceae;Acinetobacter;Acinetobacter johnsonii,multidrug,abuO,chromosome,0.998,0.25,3.991
Ea.F.2.H.A,B02,Earl,dorm_sample,Bacteria;Pseudomonadota;Gammaproteobacteria;Pseudomonadales;Moraxellaceae;Acinetobacter;Acinetobacter johnsonii,multidrug,adeK,chromosome,1,0.25,4
Ea.F.2.H.A,B02,Earl,dorm_sample,Bacteria;Pseudomonadota;Gammaproteobacteria;Pseudomonadales;Moraxellaceae;Acinetobacter;Acinetobacter johnsonii,multidrug,macA,chromosome,1,0.25,4
Ea.F.2.H.A,B02,Earl,dorm_sample,Bacteria;Pseudomonadota;Gammaproteobacteria;Pseudomonadales;Moraxellaceae;Acinetobacter;Acinetobacter johnsonii,multidrug,macB,chromosome,1,0.25,4
Ea.F.2.H.A,B02,Earl,dorm_sample,Bacteria;Pseudomonadota;Gammaproteobacteria;Pseudomonadales;Moraxellaceae;Acinetobacter;Acinetobacter junii,beta-lactam,bla*,chromosome,19.342,18.25,1.06
Ea.F.2.H.A,B02,Earl,dorm_sample,Bacteria;Pseudomonadota;Gammaproteobacteria;Pseudomonadales;Moraxellaceae;Acinetobacter;Acinetobacter junii,multidrug,adeJ,chromosome,10.952,18.25,0.6
Ea.F.2.H.A,B02,Earl,dorm_sample,Bacteria;Pseudomonadota;Gammaproteobacteria;Pseudomonadales;Moraxellaceae;Acinetobacter;Acinetobacter junii,multidrug,adeK,chromosome,10.016,18.25,0.549
Ea.F.2.H.A,B02,Earl,dorm_sample,Bacteria;Pseudomonadota;Gammaproteobacteria;Pseudomonadales;Moraxellaceae;Acinetobacter;Acinetobacter junii,multidrug,craA,chromosome,20.721,18.25,1.135
Ea.F.2.H.A,B02,Earl,dorm_sample,Bacteria;Pseudomonadota;Gammaproteobacteria;Pseudomonadales;Moraxellaceae;Acinetobacter;Acinetobacter junii,multidrug,macA,chromosome,18.767,18.25,1.028
Ea.F.2.H.A,B02,Earl,dorm_sample,Bacteria;Pseudomonadota;Gammaproteobacteria;Pseudomonadales;Moraxellaceae;Acinetobacter;Acinetobacter junii,multidrug,macB,chromosome,19.193,18.25,1.052
Ea.F.2.H.A,B02,Earl,dorm_sample,Bacteria;Pseudomonadota;Gammaproteobacteria;Pseudomonadales;Moraxellaceae;Acinetobacter;Acinetobacter junii,phenicol,cxpE,chromosome,13.768,18.25,0.754
Ea.F.2.H.A,B02,Earl,dorm_sample,Bacteria;Pseudomonadota;Gammaproteobacteria;Pseudomonadales;Moraxellaceae;Acinetobacter;Acinetobacter parvus,multidrug,adeJ,chromosome,0.961,0.5,1.923
Ea.F.2.H.A,B02,Earl,dorm_sample,Bacteria;Pseudomonadota;Gammaproteobacteria;Pseudomonadales;Moraxellaceae;Acinetobacter;Acinetobacter parvus,phenicol,cxpE,chromosome,3,0.5,6
Ea.F.2.H.A,B02,Earl,dorm_sample,Bacteria;Pseudomonadota;Gammaproteobacteria;Pseudomonadales;Pseudomonadaceae;Aquipseudomonas;Aquipseudomonas alcaligenes,beta-lactam,bla*,chromosome,5.723,4.125,1.387
Ea.F.2.H.A,B02,Earl,dorm_sample,Bacteria;Pseudomonadota;Gammaproteobacteria;Pseudomonadales;Pseudomonadaceae;Aquipseudomonas;Aquipseudomonas alcaligenes,multidrug,mexE,chromosome,2.494,4.125,0.605
Ea.F.2.H.A,B02,Earl,dorm_sample,Bacteria;Pseudomonadota;Gammaproteobacteria;Xanthomonadales;Rhodanobacteraceae;Tahibacter;Tahibacter soli,defensin,mprF,chromosome,5.419,7.75,0.699
Ea.F.2.H.A,B02,Earl,dorm_sample,Bacteria;Pseudomonadota;Gammaproteobacteria;Xanthomonadales;Xanthomonadaceae;Lysobacter_I;Lysobacter_I brunescens,beta-lactam,bla*,chromosome,67.644,12.625,5.358
Ea.F.2.H.A,B02,Earl,dorm_sample,Bacteria;Pseudomonadota;Gammaproteobacteria;Xanthomonadales;Xanthomonadaceae;Pseudoxanthomonas_A;Pseudoxanthomonas_A japonensis,beta-lactam,blaPJM,chromosome,2.169,0.5,4.339
Ea.F.2.H.A,B02,Earl,dorm_sample,Bacteria;Pseudomonadota;Gammaproteobacteria;Xanthomonadales;Xanthomonadaceae;Pseudoxanthomonas_A;Pseudoxanthomonas_A japonensis,fosfomycin,fosX,chromosome,2.993,0.5,5.985
Ea.F.2.H.A,B02,Earl,dorm_sample,Bacteria;Pseudomonadota;Gammaproteobacteria;Xanthomonadales;Xanthomonadaceae;Pseudoxanthomonas_A;Pseudoxanthomonas_A mexicana,aminoglycoside,aac(3)-I,chromosome,3,1.375,2.182
Ea.F.2.H.A,B02,Earl,dorm_sample,Bacteria;Pseudomonadota;Gammaproteobacteria;Xanthomonadales;Xanthomonadaceae;Pseudoxanthomonas_A;Pseudoxanthomonas_A mexicana,aminoglycoside,aac(6')*,chromosome,1.906,1.375,1.386
Ea.F.2.H.A,B02,Earl,dorm_sample,Bacteria;Pseudomonadota;Gammaproteobacteria;Xanthomonadales;Xanthomonadaceae;Pseudoxanthomonas_A;Pseudoxanthomonas_A mexicana,beta-lactam,bla*,chromosome,2.529,1.375,1.839
Ea.F.2.H.A,B02,Earl,dorm_sample,Bacteria;Pseudomonadota;Gammaproteobacteria;Xanthomonadales;Xanthomonadaceae;Stenotrophomonas;Stenotrophomonas muris,aminoglycoside,aph(3')-II,chromosome,1,1.875,0.533
Ea.F.2.H.A,B02,Earl,dorm_sample,Bacteria;Pseudomonadota;Gammaproteobacteria;Xanthomonadales;Xanthomonadaceae;Stenotrophomonas;Stenotrophomonas muris,aminoglycoside,aph(9)-I,chromosome,1,1.875,0.533
Ea.F.2.H.A,B02,Earl,dorm_sample,Bacteria;Pseudomonadota;Gammaproteobacteria;Xanthomonadales;Xanthomonadaceae;Stenotrophomonas;Stenotrophomonas muris,beta-lactam,blaL1,chromosome,3,1.875,1.6
Ea.F.2.H.A,B02,Earl,dorm_sample,Bacteria;Pseudomonadota;Gammaproteobacteria;Xanthomonadales;Xanthomonadaceae;Stenotrophomonas;Stenotrophomonas muris,beta-lactam,blaL2,chromosome,1,1.875,0.533
Ea.F.2.H.A,B02,Earl,dorm_sample,Bacteria;Pseudomonadota;Gammaproteobacteria;Xanthomonadales;Xanthomonadaceae;Stenotrophomonas;Stenotrophomonas muris,defensin,mprF,chromosome,2.852,1.875,1.521
Ea.F.2.H.A,B02,Earl,dorm_sample,Bacteria;Pseudomonadota;Gammaproteobacteria;Xanthomonadales;Xanthomonadaceae;Stenotrophomonas;Stenotrophomonas muris,multidrug,emrA,chromosome,1,1.875,0.533
Ea.F.2.H.A,B02,Earl,dorm_sample,Bacteria;Pseudomonadota;Gammaproteobacteria;Xanthomonadales;Xanthomonadaceae;Stenotrophomonas;Stenotrophomonas muris,multidrug,emrB,chromosome,1,1.875,0.533
Ea.F.2.H.A,B02,Earl,dorm_sample,Bacteria;Pseudomonadota;Gammaproteobacteria;Xanthomonadales;Xanthomonadaceae;Stenotrophomonas;Stenotrophomonas muris,multidrug,macB,chromosome,2.595,1.875,1.384
Ea.F.2.H.A,B02,Earl,dorm_sample,Bacteria;Pseudomonadota;Gammaproteobacteria;Xanthomonadales;Xanthomonadaceae;Stenotrophomonas;Stenotrophomonas muris,multidrug,mfsA,chromosome,1.45,1.875,0.774
Ea.F.2.H.A,B02,Earl,dorm_sample,Bacteria;Pseudomonadota;Gammaproteobacteria;Xanthomonadales;Xanthomonadaceae;Stenotrophomonas;Stenotrophomonas muris,multidrug,smeA,chromosome,4.927,1.875,2.628
Ea.F.2.H.A,B02,Earl,dorm_sample,Bacteria;Pseudomonadota;Gammaproteobacteria;Xanthomonadales;Xanthomonadaceae;Stenotrophomonas;Stenotrophomonas muris,multidrug,smeB,chromosome,5.137,1.875,2.74
Ea.F.2.H.A,B02,Earl,dorm_sample,Bacteria;Pseudomonadota;Gammaproteobacteria;Xanthomonadales;Xanthomonadaceae;Stenotrophomonas;Stenotrophomonas muris,multidrug,smeC,chromosome,6.675,1.875,3.56
Ea.F.2.H.A,B02,Earl,dorm_sample,Bacteria;Pseudomonadota;Gammaproteobacteria;Xanthomonadales;Xanthomonadaceae;Stenotrophomonas;Stenotrophomonas muris,multidrug,smeF,chromosome,2.998,1.875,1.599
Ea.F.2.H.A,B02,Earl,dorm_sample,Bacteria;Pseudomonadota;Gammaproteobacteria;Xanthomonadales;Xanthomonadaceae;Stenotrophomonas;Stenotrophomonas muris,multidrug,smeH,chromosome,1.274,1.875,0.68
Ea.F.2.H.A,B02,Earl,dorm_sample,Bacteria;Pseudomonadota;Gammaproteobacteria;Xanthomonadales;Xanthomonadaceae;Stenotrophomonas;Stenotrophomonas muris,multidrug,smeI,chromosome,2,1.875,1.067
Ea.F.2.H.A,B02,Earl,dorm_sample,Bacteria;Pseudomonadota;Gammaproteobacteria;Xanthomonadales;Xanthomonadaceae;Stenotrophomonas;Stenotrophomonas muris,multidrug,smeJ,chromosome,1.481,1.875,0.79
Ea.F.2.H.A,B02,Earl,dorm_sample,Bacteria;Pseudomonadota;Gammaproteobacteria;Xanthomonadales;Xanthomonadaceae;Stenotrophomonas;Stenotrophomonas muris,multidrug,smeO,chromosome,3.173,1.875,1.692
Ea.F.2.H.A,B02,Earl,dorm_sample,Bacteria;Pseudomonadota;Gammaproteobacteria;Xanthomonadales;Xanthomonadaceae;Stenotrophomonas;Stenotrophomonas muris,multidrug,smeP,chromosome,4.702,1.875,2.508
Ea.F.2.H.A,B02,Earl,dorm_sample,Bacteria;Pseudomonadota;Gammaproteobacteria;Xanthomonadales;Xanthomonadaceae;Stenotrophomonas;Stenotrophomonas muris,multidrug,smeX,chromosome,2.301,1.875,1.227
Ea.F.2.H.A,B02,Earl,dorm_sample,Bacteria;Pseudomonadota;Gammaproteobacteria;Xanthomonadales;Xanthomonadaceae;Stenotrophomonas;Stenotrophomonas muris,multidrug,smeY,chromosome,2,1.875,1.067
Ea.F.2.H.A,B02,Earl,dorm_sample,Bacteria;Pseudomonadota;Gammaproteobacteria;Xanthomonadales;Xanthomonadaceae;Stenotrophomonas;Stenotrophomonas muris,multidrug,smrA,chromosome,2.036,1.875,1.086
Ea.F.2.H.A,B02,Earl,dorm_sample,Bacteria;Pseudomonadota;Gammaproteobacteria;Xanthomonadales;Xanthomonadaceae;Stenotrophomonas;Stenotrophomonas muris,multidrug,tolC,chromosome,1.85,1.875,0.986
Ea.F.2.H.A,B02,Earl,dorm_sample,Bacteria;Pseudomonadota;Gammaproteobacteria;Xanthomonadales;Xanthomonadaceae;Stenotrophomonas;Stenotrophomonas muris,quinolone,qnr*,chromosome,3.433,1.875,1.831
Ea.F.2.H.A,B02,Earl,dorm_sample,Bacteria;Pseudomonadota;Gammaproteobacteria;Xanthomonadales;Xanthomonadaceae;Stenotrophomonas;Stenotrophomonas muris,rifamycin,arr,chromosome,2,1.875,1.067
Ea.F.2.H.A,B02,Earl,dorm_sample,Bacteria;Pseudomonadota;Gammaproteobacteria;Xanthomonadales;Xanthomonadaceae;Stenotrophomonas;Stenotrophomonas muris,tetracycline,tcrA,chromosome,4,1.875,2.133
Ea.F.2.H.A,B02,Earl,dorm_sample,unclassified,aminoglycoside,aac(3)*,chromosome,1.993,0,0
Ea.F.2.H.A,B02,Earl,dorm_sample,unclassified,aminoglycoside,aac(3)*,plasmid,1,0,0
Ea.F.2.H.A,B02,Earl,dorm_sample,unclassified,aminoglycoside,aac(3)-I,chromosome,2,0,0
Ea.F.2.H.A,B02,Earl,dorm_sample,unclassified,aminoglycoside,aac(6')*,chromosome,0.8,0,0
Ea.F.2.H.A,B02,Earl,dorm_sample,unclassified,aminoglycoside,ant(3'')-I,chromosome,0.977,0,0
Ea.F.2.H.A,B02,Earl,dorm_sample,unclassified,aminoglycoside,ant(3'')-I,plasmid,4.567,0,0
Ea.F.2.H.A,B02,Earl,dorm_sample,unclassified,aminoglycoside,aph(3'')-I,plasmid,0.939,0,0
Ea.F.2.H.A,B02,Earl,dorm_sample,unclassified,aminoglycoside,aph(6)-I,plasmid,1,0,0
Ea.F.2.H.A,B02,Earl,dorm_sample,unclassified,beta-lactam,bla*,chromosome,26.666,0,0
Ea.F.2.H.A,B02,Earl,dorm_sample,unclassified,colistin,arnA,chromosome,0.964,0,0
Ea.F.2.H.A,B02,Earl,dorm_sample,unclassified,colistin,arnC,chromosome,1,0,0
Ea.F.2.H.A,B02,Earl,dorm_sample,unclassified,defensin,mprF,chromosome,3.468,0,0
Ea.F.2.H.A,B02,Earl,dorm_sample,unclassified,fosfomycin,fosX,chromosome,1,0,0
Ea.F.2.H.A,B02,Earl,dorm_sample,unclassified,macrolide-lincosamide-streptogramin,ere(D),chromosome,0.974,0,0
Ea.F.2.H.A,B02,Earl,dorm_sample,unclassified,macrolide-lincosamide-streptogramin,lnu(H),chromosome,1,0,0
Ea.F.2.H.A,B02,Earl,dorm_sample,unclassified,multidrug,adeJ,chromosome,5.082,0,0
Ea.F.2.H.A,B02,Earl,dorm_sample,unclassified,multidrug,adeK,chromosome,4.961,0,0
Ea.F.2.H.A,B02,Earl,dorm_sample,unclassified,multidrug,macB,chromosome,3.994,0,0
Ea.F.2.H.A,B02,Earl,dorm_sample,unclassified,multidrug,mdtI,chromosome,1,0,0
Ea.F.2.H.A,B02,Earl,dorm_sample,unclassified,rifamycin,arr,chromosome,1.993,0,0
Ea.F.2.H.A,B02,Earl,dorm_sample,unclassified,rifamycin,rph*,chromosome,1,0,0
Te.F.2.L.A,B03,Teal,dorm_sample,Bacteria;Actinomycetota;Actinomycetes;Mycobacteriales;Mycobacteriaceae;Mycobacterium;Mycobacterium fortuitum,aminoglycoside,aac(2')-I,chromosome,1.933,3.375,0.573
Te.F.2.L.A,B03,Teal,dorm_sample,Bacteria;Actinomycetota;Actinomycetes;Mycobacteriales;Mycobacteriaceae;Mycobacterium;Mycobacterium fortuitum,aminoglycoside,aph(3'')*,chromosome,3.925,3.375,1.163
Te.F.2.L.A,B03,Teal,dorm_sample,Bacteria;Actinomycetota;Actinomycetes;Mycobacteriales;Mycobacteriaceae;Mycobacterium;Mycobacterium fortuitum,aminoglycoside,eis,chromosome,2.101,3.375,0.623
Te.F.2.L.A,B03,Teal,dorm_sample,Bacteria;Actinomycetota;Actinomycetes;Mycobacteriales;Mycobacteriaceae;Mycobacterium;Mycobacterium fortuitum,beta-lactam,bla*,chromosome,3,3.375,0.889
Te.F.2.L.A,B03,Teal,dorm_sample,Bacteria;Actinomycetota;Actinomycetes;Mycobacteriales;Mycobacteriaceae;Mycobacterium;Mycobacterium fortuitum,defensin,lysX,chromosome,5.196,3.375,1.54
Te.F.2.L.A,B03,Teal,dorm_sample,Bacteria;Actinomycetota;Actinomycetes;Mycobacteriales;Mycobacteriaceae;Mycobacterium;Mycobacterium fortuitum,macrolide-lincosamide-streptogramin,erm(39),chromosome,6,3.375,1.778
Te.F.2.L.A,B03,Teal,dorm_sample,Bacteria;Actinomycetota;Actinomycetes;Mycobacteriales;Mycobacteriaceae;Mycobacterium;Mycobacterium fortuitum,multidrug,tap,chromosome,3.318,3.375,0.983
Te.F.2.L.A,B03,Teal,dorm_sample,Bacteria;Actinomycetota;Actinomycetes;Mycobacteriales;Mycobacteriaceae;Mycobacterium;Mycobacterium fortuitum,rifamycin,helR,chromosome,4.205,3.375,1.246
Te.F.2.L.A,B03,Teal,dorm_sample,Bacteria;Actinomycetota;Actinomycetes;Mycobacteriales;Mycobacteriaceae;Mycobacterium;Mycobacterium fortuitum,rifamycin,rox,chromosome,0.971,3.375,0.288
Te.F.2.L.A,B03,Teal,dorm_sample,Bacteria;Actinomycetota;Actinomycetes;Mycobacteriales;Mycobacteriaceae;Mycobacterium;Mycobacterium fortuitum,tetracycline,tet(V),chromosome,4,3.375,1.185
Te.F.2.L.A,B03,Teal,dorm_sample,Bacteria;Actinomycetota;Actinomycetes;Mycobacteriales;Mycobacteriaceae;Mycobacterium;Mycobacterium fortuitum,tuberactinomycin,vph,chromosome,5.647,3.375,1.673
Te.F.2.L.A,B03,Teal,dorm_sample,Bacteria;Actinomycetota;Actinomycetes;Mycobacteriales;Mycobacteriaceae;Mycobacterium;Mycobacterium grossiae,beta-lactam,bla*,chromosome,2.013,2.625,0.767
Te.F.2.L.A,B03,Teal,dorm_sample,Bacteria;Actinomycetota;Actinomycetes;Mycobacteriales;Mycobacteriaceae;Mycobacterium;Mycobacterium grossiae,defensin,lysX,chromosome,1.47,2.625,0.56
Te.F.2.L.A,B03,Teal,dorm_sample,Bacteria;Actinomycetota;Actinomycetes;Mycobacteriales;Mycobacteriaceae;Mycobacterium;Mycobacterium grossiae,multidrug,tap,chromosome,3.012,2.625,1.148
Te.F.2.L.A,B03,Teal,dorm_sample,Bacteria;Actinomycetota;Actinomycetes;Mycobacteriales;Mycobacteriaceae;Mycobacterium;Mycobacterium grossiae,rifamycin,arr,chromosome,8,2.625,3.048
Te.F.2.L.A,B03,Teal,dorm_sample,Bacteria;Actinomycetota;Actinomycetes;Mycobacteriales;Mycobacteriaceae;Mycobacterium;Mycobacterium gwanakae,beta-lactam,bla*,chromosome,1,1.375,0.727
Te.F.2.L.A,B03,Teal,dorm_sample,Bacteria;Actinomycetota;Actinomycetes;Mycobacteriales;Mycobacteriaceae;Mycobacterium;Mycobacterium gwanakae,beta-lactam,blaMAB,chromosome,1.585,1.375,1.153
Te.F.2.L.A,B03,Teal,dorm_sample,Bacteria;Actinomycetota;Actinomycetes;Mycobacteriales;Mycobacteriaceae;Mycobacterium;Mycobacterium gwanakae,defensin,lysX,chromosome,1,1.375,0.727
Te.F.2.L.A,B03,Teal,dorm_sample,Bacteria;Actinomycetota;Actinomycetes;Mycobacteriales;Mycobacteriaceae;Mycobacterium;Mycobacterium gwanakae,macrolide-lincosamide-streptogramin,erm(55),plasmid,4.193,1.375,3.049
Te.F.2.L.A,B03,Teal,dorm_sample,Bacteria;Actinomycetota;Actinomycetes;Mycobacteriales;Mycobacteriaceae;Mycobacterium;Mycobacterium gwanakae,rifamycin,arr,chromosome,2,1.375,1.455
Te.F.2.L.A,B03,Teal,dorm_sample,Bacteria;Actinomycetota;Actinomycetes;Mycobacteriales;Mycobacteriaceae;Mycobacterium;Mycobacterium paragordonae,beta-lactam,bla*,chromosome,2,2.25,0.889
Te.F.2.L.A,B03,Teal,dorm_sample,Bacteria;Actinomycetota;Actinomycetes;Mycobacteriales;Mycobacteriaceae;Mycobacterium;Mycobacterium paragordonae,defensin,lysX,chromosome,1.527,2.25,0.679
Te.F.2.L.A,B03,Teal,dorm_sample,Bacteria;Actinomycetota;Actinomycetes;Mycobacteriales;Mycobacteriaceae;Mycobacterium;Mycobacterium paragordonae,multidrug,tap,chromosome,3.571,2.25,1.587
Te.F.2.L.A,B03,Teal,dorm_sample,Bacteria;Actinomycetota;Actinomycetes;Mycobacteriales;Mycobacteriaceae;Mycobacterium;Mycobacterium paragordonae,rifamycin,helR,chromosome,2.282,2.25,1.014
Te.F.2.L.A,B03,Teal,dorm_sample,Bacteria;Actinomycetota;Actinomycetes;Mycobacteriales;Mycobacteriaceae;Mycobacterium;Mycobacterium phocaicum,beta-lactam,bla*,chromosome,19.184,24.5,0.783
Te.F.2.L.A,B03,Teal,dorm_sample,Bacteria;Actinomycetota;Actinomycetes;Mycobacteriales;Mycobacteriaceae;Mycobacterium;Mycobacterium phocaicum,defensin,lysX,chromosome,25.658,24.5,1.047
Te.F.2.L.A,B03,Teal,dorm_sample,Bacteria;Actinomycetota;Actinomycetes;Mycobacteriales;Mycobacteriaceae;Mycobacterium;Mycobacterium phocaicum,multidrug,lfrA,chromosome,28.36,24.5,1.158
Te.F.2.L.A,B03,Teal,dorm_sample,Bacteria;Actinomycetota;Actinomycetes;Mycobacteriales;Mycobacteriaceae;Mycobacterium;Mycobacterium phocaicum,rifamycin,arr,chromosome,22.11,24.5,0.902
Te.F.2.L.A,B03,Teal,dorm_sample,Bacteria;Actinomycetota;Actinomycetes;Mycobacteriales;Mycobacteriaceae;Mycobacterium;Mycobacterium phocaicum,tetracycline,tet(V),chromosome,15.655,24.5,0.639
Te.F.2.L.A,B03,Teal,dorm_sample,Bacteria;Bacteroidota;Bacteroidia;Flavobacteriales;Weeksellaceae;Chryseobacterium;Chryseobacterium phocaeense,aminoglycoside,ant(6)*,chromosome,1,0.375,2.667
Te.F.2.L.A,B03,Teal,dorm_sample,Bacteria;Bacteroidota;Bacteroidia;Flavobacteriales;Weeksellaceae;Chryseobacterium;Chryseobacterium phocaeense,beta-lactam,blaIND,chromosome,1,0.375,2.667
Te.F.2.L.A,B03,Teal,dorm_sample,Bacteria;Pseudomonadota;Alphaproteobacteria;Caulobacterales;Caulobacteraceae;Brevundimonas;Brevundimonas sp016463295,beta-lactam,bla*,chromosome,1,0.375,2.667
Te.F.2.L.A,B03,Teal,dorm_sample,Bacteria;Pseudomonadota;Alphaproteobacteria;Caulobacterales;Caulobacteraceae;Brevundimonas;Brevundimonas sp937863155,beta-lactam,bla*,chromosome,1,0.25,4
Te.F.2.L.A,B03,Teal,dorm_sample,Bacteria;Pseudomonadota;Alphaproteobacteria;Caulobacterales;Caulobacteraceae;Caulobacter;Caulobacter sp039596335,beta-lactam,bla*,chromosome,2,0.375,5.333
Te.F.2.L.A,B03,Teal,dorm_sample,Bacteria;Pseudomonadota;Alphaproteobacteria;Caulobacterales;Caulobacteraceae;Phenylobacterium;Phenylobacterium haematophilum,beta-lactam,bla*,chromosome,1,0.75,1.333
Te.F.2.L.A,B03,Teal,dorm_sample,Bacteria;Pseudomonadota;Alphaproteobacteria;Caulobacterales;Caulobacteraceae;Phenylobacterium;Phenylobacterium haematophilum,phenicol,cml*,chromosome,2,0.75,2.667
Te.F.2.L.A,B03,Teal,dorm_sample,Bacteria;Pseudomonadota;Alphaproteobacteria;Reyranellales;Reyranellaceae;Vineibacter;Vineibacter sp007859315,beta-lactam,bla*,chromosome,1,0.5,2
Te.F.2.L.A,B03,Teal,dorm_sample,Bacteria;Pseudomonadota;Alphaproteobacteria;Reyranellales;Reyranellaceae;Vineibacter;Vineibacter sp007859315,multidrug,macB,chromosome,1,0.5,2
Te.F.2.L.A,B03,Teal,dorm_sample,Bacteria;Pseudomonadota;Alphaproteobacteria;Rhizobiales;Beijerinckiaceae;Methylobacterium;Methylobacterium radiotolerans,beta-lactam,bla*,chromosome,1,0.5,2
Te.F.2.L.A,B03,Teal,dorm_sample,Bacteria;Pseudomonadota;Alphaproteobacteria;Rhizobiales;Rhizobiaceae;Shinella;Shinella sp001262505,beta-lactam,bla*,chromosome,2.97,0.5,5.939
Te.F.2.L.A,B03,Teal,dorm_sample,Bacteria;Pseudomonadota;Alphaproteobacteria;Rhizobiales;Rhizobiaceae;Shinella;Shinella sp001262505,phenicol,cml*,chromosome,0.957,0.5,1.915
Te.F.2.L.A,B03,Teal,dorm_sample,Bacteria;Pseudomonadota;Alphaproteobacteria;Rhizobiales;Xanthobacteraceae;Bradyrhizobium;Bradyrhizobium lablabi_C,beta-lactam,bla*,chromosome,26.037,11.5,2.264
Te.F.2.L.A,B03,Teal,dorm_sample,Bacteria;Pseudomonadota;Alphaproteobacteria;Sphingomonadales;Sphingomonadaceae;Blastomonas;Blastomonas ursincola,aminoglycoside,aac(3)*,chromosome,10.868,10.125,1.073
Te.F.2.L.A,B03,Teal,dorm_sample,Bacteria;Pseudomonadota;Alphaproteobacteria;Sphingomonadales;Sphingomonadaceae;Blastomonas;Blastomonas ursincola,beta-lactam,bla*,chromosome,6.476,10.125,0.64
Te.F.2.L.A,B03,Teal,dorm_sample,Bacteria;Pseudomonadota;Alphaproteobacteria;Sphingomonadales;Sphingomonadaceae;Sphingobium_A;Sphingobium_A colocasiae,beta-lactam,bla*,chromosome,1,2.125,0.471
Te.F.2.L.A,B03,Teal,dorm_sample,Bacteria;Pseudomonadota;Alphaproteobacteria;Sphingomonadales;Sphingomonadaceae;Sphingobium_A;Sphingobium_A colocasiae,phenicol,catB,chromosome,1,2.125,0.471
Te.F.2.L.A,B03,Teal,dorm_sample,Bacteria;Pseudomonadota;Alphaproteobacteria;Sphingomonadales;Sphingomonadaceae;Sphingomonas;Sphingomonas koreensis,aminoglycoside,aac(6')*,chromosome,8.662,12.75,0.679
Te.F.2.L.A,B03,Teal,dorm_sample,Bacteria;Pseudomonadota;Alphaproteobacteria;Sphingomonadales;Sphingomonadaceae;Sphingomonas;Sphingomonas koreensis,beta-lactam,bla*,chromosome,36.381,12.75,2.853
Te.F.2.L.A,B03,Teal,dorm_sample,Bacteria;Pseudomonadota;Alphaproteobacteria;Sphingomonadales;Sphingomonadaceae;Sphingomonas;Sphingomonas koreensis,phenicol,catB,chromosome,4,12.75,0.314
Te.F.2.L.A,B03,Teal,dorm_sample,Bacteria;Pseudomonadota;Alphaproteobacteria;Sphingomonadales;Sphingomonadaceae;Sphingomonas;Sphingomonas koreensis,rifamycin,arr,chromosome,4.382,12.75,0.344
Te.F.2.L.A,B03,Teal,dorm_sample,Bacteria;Pseudomonadota;Alphaproteobacteria;Sphingomonadales;Sphingomonadaceae;Sphingomonas;Sphingomonas sp943913195,phenicol,catB,chromosome,1,1.25,0.8
Te.F.2.L.A,B03,Teal,dorm_sample,Bacteria;Pseudomonadota;Alphaproteobacteria;Sphingomonadales;Sphingomonadaceae;Sphingopyxis;Sphingopyxis soli,beta-lactam,bla*,chromosome,6.891,1.5,4.594
Te.F.2.L.A,B03,Teal,dorm_sample,Bacteria;Pseudomonadota;Alphaproteobacteria;Sphingomonadales;Sphingomonadaceae;Sphingopyxis;Sphingopyxis soli,defensin,mprF,chromosome,12.084,1.5,8.056
Te.F.2.L.A,B03,Teal,dorm_sample,Bacteria;Pseudomonadota;Alphaproteobacteria;Sphingomonadales;Sphingomonadaceae;Sphingopyxis;Sphingopyxis sp001468395,beta-lactam,bla*,chromosome,1.462,10.25,0.143
Te.F.2.L.A,B03,Teal,dorm_sample,Bacteria;Pseudomonadota;Alphaproteobacteria;Sphingomonadales;Sphingomonadaceae;Sphingopyxis;Sphingopyxis sp001468395,defensin,mprF,chromosome,2.171,10.25,0.212
Te.F.2.L.A,B03,Teal,dorm_sample,Bacteria;Pseudomonadota;Alphaproteobacteria;Sphingomonadales;Sphingomonadaceae;Sphingopyxis;Sphingopyxis sp014873485,beta-lactam,bla*,chromosome,73.237,33.375,2.194
Te.F.2.L.A,B03,Teal,dorm_sample,Bacteria;Pseudomonadota;Alphaproteobacteria;Sphingomonadales;Sphingomonadaceae;Sphingopyxis;Sphingopyxis sp014873485,phenicol,catB,chromosome,15.929,33.375,0.477
Te.F.2.L.A,B03,Teal,dorm_sample,Bacteria;Pseudomonadota;Alphaproteobacteria;Sphingomonadales;Sphingomonadaceae;Sphingopyxis;Sphingopyxis sp014873485,rifamycin,arr,chromosome,35.673,33.375,1.069
Te.F.2.L.A,B03,Teal,dorm_sample,Bacteria;Pseudomonadota;Alphaproteobacteria;Sphingomonadales;Sphingomonadaceae;Sphingopyxis;Sphingopyxis sp022701295,aminoglycoside,aac(3)-I,chromosome,1,4.5,0.222
Te.F.2.L.A,B03,Teal,dorm_sample,Bacteria;Pseudomonadota;Alphaproteobacteria;Sphingomonadales;Sphingomonadaceae;Sphingopyxis;Sphingopyxis sp022701295,beta-lactam,bla*,chromosome,3.876,4.5,0.861
Te.F.2.L.A,B03,Teal,dorm_sample,Bacteria;Pseudomonadota;Alphaproteobacteria;Sphingomonadales;Sphingomonadaceae;Sphingopyxis;Sphingopyxis sp022701295,defensin,mprF,chromosome,2.33,4.5,0.518
Te.F.2.L.A,B03,Teal,dorm_sample,Bacteria;Pseudomonadota;Alphaproteobacteria;Sphingomonadales;Sphingomonadaceae;Sphingopyxis;Sphingopyxis sp022701295,phenicol,catB,chromosome,3.224,4.5,0.716
Te.F.2.L.A,B03,Teal,dorm_sample,Bacteria;Pseudomonadota;Gammaproteobacteria;Burkholderiales;Burkholderiaceae_C;Aquabacterium;Aquabacterium sp049322875,multidrug,macB,chromosome,2.47,0.875,2.822
Te.F.2.L.A,B03,Teal,dorm_sample,Bacteria;Pseudomonadota;Gammaproteobacteria;Burkholderiales;Burkholderiaceae_C;MR-S7;MR-S7 sp000400995,beta-lactam,bla*,chromosome,1,1.375,0.727
Te.F.2.L.A,B03,Teal,dorm_sample,Bacteria;Pseudomonadota;Gammaproteobacteria;Burkholderiales;Burkholderiaceae_C;MR-S7;MR-S7 sp000400995,multidrug,macB,chromosome,1,1.375,0.727
Te.F.2.L.A,B03,Teal,dorm_sample,Bacteria;Pseudomonadota;Gammaproteobacteria;Steroidobacterales;Steroidobacteraceae;Steroidobacter;Steroidobacter flavus,defensin,mprF,chromosome,1,1.875,0.533
Te.F.2.L.A,B03,Teal,dorm_sample,Bacteria;Pseudomonadota;Gammaproteobacteria;Steroidobacterales;Steroidobacteraceae;Steroidobacter;Steroidobacter soli,defensin,mprF,chromosome,1.961,0.625,3.138
Te.F.2.L.A,B03,Teal,dorm_sample,Bacteria;Pseudomonadota;Gammaproteobacteria;Steroidobacterales;Steroidobacteraceae;Steroidobacter;Steroidobacter soli,multidrug,macB,chromosome,2,0.625,3.2
Te.F.2.L.A,B03,Teal,dorm_sample,Bacteria;Pseudomonadota;Gammaproteobacteria;Xanthomonadales;Rhodanobacteraceae;Tahibacter;Tahibacter soli,defensin,mprF,chromosome,0.915,0.875,1.046
Te.F.2.L.A,B03,Teal,dorm_sample,Bacteria;Pseudomonadota;Gammaproteobacteria;Xanthomonadales;Xanthomonadaceae;Pseudoxanthomonas_A;Pseudoxanthomonas_A japonensis,aminoglycoside,aac(6')*,chromosome,1,1,1
Te.F.2.L.A,B03,Teal,dorm_sample,Bacteria;Pseudomonadota;Gammaproteobacteria;Xanthomonadales;Xanthomonadaceae;Pseudoxanthomonas_A;Pseudoxanthomonas_A japonensis,beta-lactam,blaPJM,chromosome,1,1,1
Te.F.2.L.A,B03,Teal,dorm_sample,Bacteria;Pseudomonadota;Gammaproteobacteria;Xanthomonadales;Xanthomonadaceae;Pseudoxanthomonas_A;Pseudoxanthomonas_A sp047600885,beta-lactam,bla*,chromosome,3,1.875,1.6
Te.F.2.L.A,B03,Teal,dorm_sample,Bacteria;Pseudomonadota;Gammaproteobacteria;Xanthomonadales;Xanthomonadaceae;Pseudoxanthomonas_A;Pseudoxanthomonas_A sp964252705,beta-lactam,bla*,chromosome,1.583,4.375,0.362
Te.F.2.L.A,B03,Teal,dorm_sample,unclassified,aminoglycoside,aac(3)*,plasmid,6,0,0
Te.F.2.L.A,B03,Teal,dorm_sample,unclassified,aminoglycoside,aac(3)-I,chromosome,2,0,0
Te.F.2.L.A,B03,Teal,dorm_sample,unclassified,aminoglycoside,ant(6)*,chromosome,2,0,0
Te.F.2.L.A,B03,Teal,dorm_sample,unclassified,aminoglycoside,aph(3'')-I,plasmid,6.904,0,0
Te.F.2.L.A,B03,Teal,dorm_sample,unclassified,aminoglycoside,aph(6)-I,plasmid,8.015,0,0
Te.F.2.L.A,B03,Teal,dorm_sample,unclassified,aminoglycoside,eis,chromosome,1,0,0
Te.F.2.L.A,B03,Teal,dorm_sample,unclassified,beta-lactam,bla*,chromosome,13.139,0,0
Te.F.2.L.A,B03,Teal,dorm_sample,unclassified,defensin,mprF,chromosome,1,0,0
Te.F.2.L.A,B03,Teal,dorm_sample,unclassified,macrolide-lincosamide-streptogramin,erm(55),plasmid,3,0,0
Te.F.2.L.A,B03,Teal,dorm_sample,unclassified,macrolide-lincosamide-streptogramin,erm(F),chromosome,1,0,0
Te.F.2.L.A,B03,Teal,dorm_sample,unclassified,macrolide-lincosamide-streptogramin,msr(E),plasmid,1,0,0
Te.F.2.L.A,B03,Teal,dorm_sample,unclassified,multidrug,lfrA,chromosome,3.19,0,0
Te.F.2.L.A,B03,Teal,dorm_sample,unclassified,phenicol,cxpE,chromosome,1,0,0
Te.F.2.L.A,B03,Teal,dorm_sample,unclassified,rifamycin,arr,chromosome,13.926,0,0
Te.F.2.L.A,B03,Teal,dorm_sample,unclassified,rifamycin,helR,chromosome,3.85,0,0
Te.F.2.L.A,B03,Teal,dorm_sample,unclassified,sulfonamide,sul1,chromosome,3,0,0
Te.F.2.L.A,B03,Teal,dorm_sample,unclassified,sulfonamide,sul2,plasmid,8.539,0,0
Te.F.2.L.A,B03,Teal,dorm_sample,unclassified,tetracycline,tet(V),chromosome,8.138,0,0
Te.F.1.H.B,B04,Teal,dorm_sample,Bacteria;Actinomycetota;Actinomycetes;Mycobacteriales;Mycobacteriaceae;Mycobacterium;Mycobacterium fortuitum,aminoglycoside,aph(3'')*,chromosome,1,0.5,2
Te.F.1.H.B,B04,Teal,dorm_sample,Bacteria;Actinomycetota;Actinomycetes;Mycobacteriales;Mycobacteriaceae;Mycobacterium;Mycobacterium fortuitum,beta-lactam,bla*,chromosome,1,0.5,2
Te.F.1.H.B,B04,Teal,dorm_sample,Bacteria;Actinomycetota;Actinomycetes;Mycobacteriales;Mycobacteriaceae;Mycobacterium;Mycobacterium fortuitum,defensin,lysX,chromosome,1,0.5,2
Te.F.1.H.B,B04,Teal,dorm_sample,Bacteria;Actinomycetota;Actinomycetes;Mycobacteriales;Mycobacteriaceae;Mycobacterium;Mycobacterium kiyosense,defensin,lysX,chromosome,19.301,13.75,1.404
Te.F.1.H.B,B04,Teal,dorm_sample,Bacteria;Actinomycetota;Actinomycetes;Mycobacteriales;Mycobacteriaceae;Mycobacterium;Mycobacterium kiyosense,multidrug,tap,chromosome,5.516,13.75,0.401
Te.F.1.H.B,B04,Teal,dorm_sample,Bacteria;Actinomycetota;Actinomycetes;Mycobacteriales;Mycobacteriaceae;Mycobacterium;Mycobacterium kiyosense,rifamycin,helR,chromosome,22.742,13.75,1.654
Te.F.1.H.B,B04,Teal,dorm_sample,Bacteria;Actinomycetota;Actinomycetes;Mycobacteriales;Mycobacteriaceae;Mycobacterium;Mycobacterium phocaicum,rifamycin,arr,chromosome,2,1.25,1.6
Te.F.1.H.B,B04,Teal,dorm_sample,Bacteria;Actinomycetota;Actinomycetes;Mycobacteriales;Mycobacteriaceae;Mycobacterium;Mycobacterium phocaicum,tetracycline,tet(V),chromosome,0.907,1.25,0.726
Te.F.1.H.B,B04,Teal,dorm_sample,unclassified,beta-lactam,bla*,chromosome,2,0,0
Te.F.1.H.B,B04,Teal,dorm_sample,unclassified,defensin,lysX,chromosome,0.192,0,0
Te.F.1.H.B,B04,Teal,dorm_sample,unclassified,multidrug,mdtI,chromosome,1,0,0
Te.F.1.H.B,B04,Teal,dorm_sample,unclassified,multidrug,tap,chromosome,7.556,0,0
Te.F.1.H.B,B04,Teal,dorm_sample,unclassified,rifamycin,arr,chromosome,21.68,0,0
Te.F.1.H.B,B04,Teal,dorm_sample,unclassified,rifamycin,helR,chromosome,3.101,0,0
Co.F.4.H.C,B06,Collins,dorm_sample,Bacteria;Actinomycetota;Actinomycetes;Mycobacteriales;Mycobacteriaceae;Mycobacterium;Mycobacterium phocaicum,beta-lactam,bla*,chromosome,7.997,4.625,1.729
Co.F.4.H.C,B06,Collins,dorm_sample,Bacteria;Actinomycetota;Actinomycetes;Mycobacteriales;Mycobacteriaceae;Mycobacterium;Mycobacterium phocaicum,defensin,lysX,chromosome,7.669,4.625,1.658
Co.F.4.H.C,B06,Collins,dorm_sample,Bacteria;Actinomycetota;Actinomycetes;Mycobacteriales;Mycobacteriaceae;Mycobacterium;Mycobacterium phocaicum,multidrug,lfrA,chromosome,4.962,4.625,1.073
Co.F.4.H.C,B06,Collins,dorm_sample,Bacteria;Actinomycetota;Actinomycetes;Mycobacteriales;Mycobacteriaceae;Mycobacterium;Mycobacterium phocaicum,rifamycin,arr,chromosome,4.197,4.625,0.907
Co.F.4.H.C,B06,Collins,dorm_sample,Bacteria;Actinomycetota;Actinomycetes;Mycobacteriales;Mycobacteriaceae;Mycobacterium;Mycobacterium phocaicum,tetracycline,tet(V),chromosome,6.058,4.625,1.31
Co.F.4.H.C,B06,Collins,dorm_sample,Bacteria;Pseudomonadota;Alphaproteobacteria;Sphingomonadales;Sphingomonadaceae;Sphingopyxis;Sphingopyxis sp001468395,defensin,mprF,chromosome,1.847,0.75,2.462
Co.F.4.H.C,B06,Collins,dorm_sample,Bacteria;Pseudomonadota;Gammaproteobacteria;Burkholderiales;Burkholderiaceae_C;Comamonas;Comamonas tsuruhatensis,beta-lactam,bla*,chromosome,1,0.75,1.333
Co.F.4.H.C,B06,Collins,dorm_sample,Bacteria;Pseudomonadota;Gammaproteobacteria;Xanthomonadales;Xanthomonadaceae;Stenotrophomonas;Stenotrophomonas maltophilia,multidrug,mfsA,chromosome,1,0.375,2.667
Co.F.4.H.C,B06,Collins,dorm_sample,Bacteria;Pseudomonadota;Gammaproteobacteria;Xanthomonadales;Xanthomonadaceae;Stenotrophomonas;Stenotrophomonas maltophilia,multidrug,smeV,chromosome,1,0.375,2.667
Co.F.4.H.C,B06,Collins,dorm_sample,unclassified,beta-lactam,bla*,chromosome,1,0,0
Co.F.4.H.C,B06,Collins,dorm_sample,unclassified,multidrug,emrE,chromosome,2,0,0
Co.F.4.H.C,B06,Collins,dorm_sample,unclassified,rifamycin,arr,chromosome,4,0,0
He.F.3.L.B,B07,Heritage,dorm_sample,Bacteria;Actinomycetota;Actinomycetes;Actinomycetales;Microbacteriaceae;Microbacterium;Microbacterium sp003248845,rifamycin,helR,chromosome,8.713,10.125,0.861
He.F.3.L.B,B07,Heritage,dorm_sample,Bacteria;Actinomycetota;Actinomycetes;Actinomycetales;Microbacteriaceae;Microbacterium;Microbacterium sufflavum,beta-lactam,bla*,chromosome,11.306,12.5,0.905
He.F.3.L.B,B07,Heritage,dorm_sample,Bacteria;Actinomycetota;Actinomycetes;Actinomycetales;Microbacteriaceae;Microbacterium;Microbacterium sufflavum,macrolide-lincosamide-streptogramin,erm*,chromosome,9.479,12.5,0.758
He.F.3.L.B,B07,Heritage,dorm_sample,Bacteria;Actinomycetota;Actinomycetes;Actinomycetales;Microbacteriaceae;Microbacterium;Microbacterium sufflavum,rifamycin,helR,chromosome,15.68,12.5,1.254
He.F.3.L.B,B07,Heritage,dorm_sample,Bacteria;Actinomycetota;Actinomycetes;Mycobacteriales;Mycobacteriaceae;Mycobacterium;Mycobacterium fortuitum,aminoglycoside,aac(2')-I,chromosome,2,0.375,5.333
He.F.3.L.B,B07,Heritage,dorm_sample,Bacteria;Actinomycetota;Actinomycetes;Mycobacteriales;Mycobacteriaceae;Mycobacterium;Mycobacterium fortuitum,aminoglycoside,aph(3'')*,chromosome,1,0.375,2.667
He.F.3.L.B,B07,Heritage,dorm_sample,Bacteria;Actinomycetota;Actinomycetes;Mycobacteriales;Mycobacteriaceae;Mycobacterium;Mycobacterium fortuitum,macrolide-lincosamide-streptogramin,erm(39),chromosome,2,0.375,5.333
He.F.3.L.B,B07,Heritage,dorm_sample,Bacteria;Actinomycetota;Actinomycetes;Mycobacteriales;Mycobacteriaceae;Mycobacterium;Mycobacterium fortuitum,rifamycin,arr,chromosome,1,0.375,2.667
He.F.3.L.B,B07,Heritage,dorm_sample,Bacteria;Actinomycetota;Actinomycetes;Mycobacteriales;Mycobacteriaceae;Mycobacterium;Mycobacterium fortuitum,tetracycline,tet(V),chromosome,2,0.375,5.333
He.F.3.L.B,B07,Heritage,dorm_sample,Bacteria;Actinomycetota;Actinomycetes;Mycobacteriales;Mycobacteriaceae;Mycobacterium;Mycobacterium gwanakae,aminoglycoside,aph(3'')*,chromosome,2,1.375,1.455
He.F.3.L.B,B07,Heritage,dorm_sample,Bacteria;Actinomycetota;Actinomycetes;Mycobacteriales;Mycobacteriaceae;Mycobacterium;Mycobacterium gwanakae,beta-lactam,bla*,chromosome,2,1.375,1.455
He.F.3.L.B,B07,Heritage,dorm_sample,Bacteria;Actinomycetota;Actinomycetes;Mycobacteriales;Mycobacteriaceae;Mycobacterium;Mycobacterium gwanakae,beta-lactam,blaMAB,chromosome,1,1.375,0.727
He.F.3.L.B,B07,Heritage,dorm_sample,Bacteria;Actinomycetota;Actinomycetes;Mycobacteriales;Mycobacteriaceae;Mycobacterium;Mycobacterium gwanakae,defensin,lysX,chromosome,2,1.375,1.455
He.F.3.L.B,B07,Heritage,dorm_sample,Bacteria;Actinomycetota;Actinomycetes;Mycobacteriales;Mycobacteriaceae;Mycobacterium;Mycobacterium gwanakae,rifamycin,arr,chromosome,5.149,1.375,3.745
He.F.3.L.B,B07,Heritage,dorm_sample,Bacteria;Actinomycetota;Actinomycetes;Mycobacteriales;Mycobacteriaceae;Mycobacterium;Mycobacterium phocaicum,beta-lactam,bla*,chromosome,135.113,136.375,0.991
He.F.3.L.B,B07,Heritage,dorm_sample,Bacteria;Actinomycetota;Actinomycetes;Mycobacteriales;Mycobacteriaceae;Mycobacterium;Mycobacterium phocaicum,defensin,lysX,chromosome,152.152,136.375,1.116
He.F.3.L.B,B07,Heritage,dorm_sample,Bacteria;Actinomycetota;Actinomycetes;Mycobacteriales;Mycobacteriaceae;Mycobacterium;Mycobacterium phocaicum,multidrug,lfrA,chromosome,133.399,136.375,0.978
He.F.3.L.B,B07,Heritage,dorm_sample,Bacteria;Actinomycetota;Actinomycetes;Mycobacteriales;Mycobacteriaceae;Mycobacterium;Mycobacterium phocaicum,rifamycin,arr,chromosome,152.227,136.375,1.116
He.F.3.L.B,B07,Heritage,dorm_sample,Bacteria;Actinomycetota;Actinomycetes;Mycobacteriales;Mycobacteriaceae;Mycobacterium;Mycobacterium phocaicum,tetracycline,tet(V),chromosome,97.486,136.375,0.715
He.F.3.L.B,B07,Heritage,dorm_sample,Bacteria;Bacteroidota;Bacteroidia;Chitinophagales;Chitinophagaceae;Niabella;Niabella sp052044285,aminoglycoside,ant(6)*,chromosome,3,4.625,0.649
He.F.3.L.B,B07,Heritage,dorm_sample,Bacteria;Bacteroidota;Bacteroidia;Chitinophagales;Chitinophagaceae;Niabella;Niabella sp052044285,beta-lactam,bla*,chromosome,6.785,4.625,1.467
He.F.3.L.B,B07,Heritage,dorm_sample,Bacteria;Bacteroidota;Bacteroidia;Cytophagales;Spirosomataceae;Dyadobacter;Dyadobacter fermentans_A,beta-lactam,bla*,chromosome,11.878,5,2.376
He.F.3.L.B,B07,Heritage,dorm_sample,Bacteria;Bacteroidota;Bacteroidia;Cytophagales;Spirosomataceae;Dyadobacter;Dyadobacter fermentans_A,rifamycin,rph*,chromosome,5.929,5,1.186
He.F.3.L.B,B07,Heritage,dorm_sample,Bacteria;Bacteroidota;Bacteroidia;Flavobacteriales;Flavobacteriaceae;Flavobacterium;Flavobacterium microcysteis,aminoglycoside,ant(6)*,chromosome,1,2,0.5
He.F.3.L.B,B07,Heritage,dorm_sample,Bacteria;Bacteroidota;Bacteroidia;Flavobacteriales;Weeksellaceae;Chryseobacterium;Chryseobacterium salviniae,beta-lactam,bla*,chromosome,1,1.125,0.889
He.F.3.L.B,B07,Heritage,dorm_sample,Bacteria;Bacteroidota;Bacteroidia;Sphingobacteriales;Sphingobacteriaceae;Arcticibacter;Arcticibacter tournemirensis,beta-lactam,bla*,chromosome,3.445,2.25,1.531
He.F.3.L.B,B07,Heritage,dorm_sample,Bacteria;Bacteroidota;Bacteroidia;Sphingobacteriales;Sphingobacteriaceae;Pedobacter;Pedobacter chitinilyticus,aminoglycoside,ant(6)*,chromosome,17.763,17.375,1.022
He.F.3.L.B,B07,Heritage,dorm_sample,Bacteria;Bacteroidota;Bacteroidia;Sphingobacteriales;Sphingobacteriaceae;Pedobacter;Pedobacter chitinilyticus,beta-lactam,bla*,chromosome,20.782,17.375,1.196
He.F.3.L.B,B07,Heritage,dorm_sample,Bacteria;Bacteroidota;Bacteroidia;Sphingobacteriales;Sphingobacteriaceae;Pedobacter;Pedobacter chitinilyticus,rifamycin,arr,chromosome,13.887,17.375,0.799
He.F.3.L.B,B07,Heritage,dorm_sample,Bacteria;Myxococcota;Myxococcia;Myxococcales;Myxococcaceae;Myxococcus;Myxococcus fulvus,beta-lactam,bla*,chromosome,2,0.5,4
He.F.3.L.B,B07,Heritage,dorm_sample,Bacteria;Myxococcota;Myxococcia;Myxococcales;Myxococcaceae;Myxococcus;Myxococcus fulvus,phenicol,cml*,chromosome,1.082,0.5,2.165
He.F.3.L.B,B07,Heritage,dorm_sample,Bacteria;Planctomycetota;Planctomycetia;Planctomycetales;Planctomycetaceae;Planctomyces_A;Planctomyces_A sp001610835,tetracycline,tet*,chromosome,9.177,13.25,0.693
He.F.3.L.B,B07,Heritage,dorm_sample,Bacteria;Pseudomonadota;Alphaproteobacteria;Caulobacterales;Caulobacteraceae;Brevundimonas;Brevundimonas aurantiaca,beta-lactam,bla*,chromosome,4,1.375,2.909
He.F.3.L.B,B07,Heritage,dorm_sample,Bacteria;Pseudomonadota;Alphaproteobacteria;Caulobacterales;Caulobacteraceae;Brevundimonas;Brevundimonas colombiensis,beta-lactam,bla*,chromosome,1,0.625,1.6
He.F.3.L.B,B07,Heritage,dorm_sample,Bacteria;Pseudomonadota;Alphaproteobacteria;Caulobacterales;Caulobacteraceae;Brevundimonas;Brevundimonas pondensis,beta-lactam,bla*,chromosome,10.234,12,0.853
He.F.3.L.B,B07,Heritage,dorm_sample,Bacteria;Pseudomonadota;Alphaproteobacteria;Caulobacterales;Caulobacteraceae;Brevundimonas;Brevundimonas sp963515305,beta-lactam,bla*,chromosome,3,8,0.375
He.F.3.L.B,B07,Heritage,dorm_sample,Bacteria;Pseudomonadota;Alphaproteobacteria;Caulobacterales;Caulobacteraceae;Brevundimonas;Brevundimonas staleyi,beta-lactam,bla*,chromosome,1.174,1,1.174
He.F.3.L.B,B07,Heritage,dorm_sample,Bacteria;Pseudomonadota;Alphaproteobacteria;Caulobacterales;Caulobacteraceae;Caulobacter;Caulobacter sp013181195,beta-lactam,bla*,chromosome,1,0.625,1.6
He.F.3.L.B,B07,Heritage,dorm_sample,Bacteria;Pseudomonadota;Alphaproteobacteria;Caulobacterales;Caulobacteraceae;Phenylobacterium;Phenylobacterium sp041919955,rifamycin,arr,chromosome,14.571,12.5,1.166
He.F.3.L.B,B07,Heritage,dorm_sample,Bacteria;Pseudomonadota;Alphaproteobacteria;Reyranellales;Reyranellaceae;Reyranella;Reyranella massiliensis,aminoglycoside,aac(3)-IV,chromosome,4.185,7.625,0.549
He.F.3.L.B,B07,Heritage,dorm_sample,Bacteria;Pseudomonadota;Alphaproteobacteria;Reyranellales;Reyranellaceae;Reyranella;Reyranella sp020160995,beta-lactam,bla*,chromosome,12.564,3.75,3.35
He.F.3.L.B,B07,Heritage,dorm_sample,Bacteria;Pseudomonadota;Alphaproteobacteria;Rhizobiales;Beijerinckiaceae;Allobosea;Allobosea eneae,aminoglycoside,aac(3)*,chromosome,2.128,0.875,2.432
He.F.3.L.B,B07,Heritage,dorm_sample,Bacteria;Pseudomonadota;Alphaproteobacteria;Rhizobiales;Beijerinckiaceae;Allobosea;Allobosea eneae,beta-lactam,bla*,chromosome,2,0.875,2.286
He.F.3.L.B,B07,Heritage,dorm_sample,Bacteria;Pseudomonadota;Alphaproteobacteria;Rhizobiales;Beijerinckiaceae;Allobosea;Allobosea eneae,multidrug,mdtI,chromosome,5,0.875,5.714
He.F.3.L.B,B07,Heritage,dorm_sample,Bacteria;Pseudomonadota;Alphaproteobacteria;Rhizobiales;Beijerinckiaceae;Allobosea;Allobosea sp024655635,aminoglycoside,aac(6')*,chromosome,5.684,2.25,2.526
He.F.3.L.B,B07,Heritage,dorm_sample,Bacteria;Pseudomonadota;Alphaproteobacteria;Rhizobiales;Beijerinckiaceae;Allobosea;Allobosea sp024655635,beta-lactam,bla*,chromosome,3.039,2.25,1.351
He.F.3.L.B,B07,Heritage,dorm_sample,Bacteria;Pseudomonadota;Alphaproteobacteria;Rhizobiales;Beijerinckiaceae;Allobosea;Allobosea sp024655635,multidrug,macB,chromosome,1.29,2.25,0.573
He.F.3.L.B,B07,Heritage,dorm_sample,Bacteria;Pseudomonadota;Alphaproteobacteria;Rhizobiales;Beijerinckiaceae;Allobosea;Allobosea sp024655635,multidrug,mdtI,chromosome,3,2.25,1.333
He.F.3.L.B,B07,Heritage,dorm_sample,Bacteria;Pseudomonadota;Alphaproteobacteria;Rhizobiales;Beijerinckiaceae;Allobosea;Allobosea sp024655635,rifamycin,arr,chromosome,1,2.25,0.444
He.F.3.L.B,B07,Heritage,dorm_sample,Bacteria;Pseudomonadota;Alphaproteobacteria;Rhizobiales;Beijerinckiaceae;Allobosea;Allobosea sp900112185,beta-lactam,bla*,chromosome,2,0.5,4
He.F.3.L.B,B07,Heritage,dorm_sample,Bacteria;Pseudomonadota;Alphaproteobacteria;Rhizobiales;Beijerinckiaceae;Allobosea;Allobosea vestrisii,beta-lactam,bla*,chromosome,2,1,2
He.F.3.L.B,B07,Heritage,dorm_sample,Bacteria;Pseudomonadota;Alphaproteobacteria;Rhizobiales;Beijerinckiaceae;Allobosea;Allobosea vestrisii,multidrug,mdtI,chromosome,2,1,2
He.F.3.L.B,B07,Heritage,dorm_sample,Bacteria;Pseudomonadota;Alphaproteobacteria;Rhizobiales;Beijerinckiaceae;Methylobacterium;Methylobacterium radiotolerans,beta-lactam,bla*,chromosome,1.277,4.125,0.31
He.F.3.L.B,B07,Heritage,dorm_sample,Bacteria;Pseudomonadota;Alphaproteobacteria;Rhizobiales;Devosiaceae;Devosia_A;Devosia_A sp001402915,tetracycline,tet*,chromosome,1,0.625,1.6
He.F.3.L.B,B07,Heritage,dorm_sample,Bacteria;Pseudomonadota;Alphaproteobacteria;Rhizobiales;Devosiaceae;Devosia_A;Devosia_A sp001899085,multidrug,macB,chromosome,2,0.25,8
He.F.3.L.B,B07,Heritage,dorm_sample,Bacteria;Pseudomonadota;Alphaproteobacteria;Rhizobiales;Rhizobiaceae;Agrobacterium;Agrobacterium cavarae,beta-lactam,bla*,chromosome,2,0.75,2.667
He.F.3.L.B,B07,Heritage,dorm_sample,Bacteria;Pseudomonadota;Alphaproteobacteria;Rhizobiales;Rhizobiaceae;Agrobacterium;Agrobacterium cavarae,defensin,mprF,chromosome,0.088,0.75,0.117
He.F.3.L.B,B07,Heritage,dorm_sample,Bacteria;Pseudomonadota;Alphaproteobacteria;Rhizobiales;Rhizobiaceae;Agrobacterium;Agrobacterium sp943908365,defensin,mprF,chromosome,1,0.75,1.333
He.F.3.L.B,B07,Heritage,dorm_sample,Bacteria;Pseudomonadota;Alphaproteobacteria;Rhizobiales;Rhizobiaceae;Agrobacterium;Agrobacterium sp943908365,multidrug,ameB,chromosome,2.66,0.75,3.546
He.F.3.L.B,B07,Heritage,dorm_sample,Bacteria;Pseudomonadota;Alphaproteobacteria;Rhizobiales;Rhizobiaceae;Agrobacterium;Agrobacterium sp943908365,tetracycline,tet(30),chromosome,2.993,0.75,3.99
He.F.3.L.B,B07,Heritage,dorm_sample,Bacteria;Pseudomonadota;Alphaproteobacteria;Rhizobiales;Rhizobiaceae;Allorhizobium;Allorhizobium rosettiformans,aminoglycoside,aac(6')*,chromosome,1,0.875,1.143
He.F.3.L.B,B07,Heritage,dorm_sample,Bacteria;Pseudomonadota;Alphaproteobacteria;Rhizobiales;Rhizobiaceae;Allorhizobium;Allorhizobium rosettiformans,beta-lactam,bla*,chromosome,1,0.875,1.143
He.F.3.L.B,B07,Heritage,dorm_sample,Bacteria;Pseudomonadota;Alphaproteobacteria;Rhizobiales;Rhizobiaceae;Ferranicluibacter;Ferranicluibacter sp034720595,multidrug,macB,chromosome,1,0.375,2.667
He.F.3.L.B,B07,Heritage,dorm_sample,Bacteria;Pseudomonadota;Alphaproteobacteria;Rhizobiales;Rhizobiaceae;Metarhizobium;Metarhizobium sp017305935,beta-lactam,blaOXA,chromosome,1,0.625,1.6
He.F.3.L.B,B07,Heritage,dorm_sample,Bacteria;Pseudomonadota;Alphaproteobacteria;Rhizobiales;Rhizobiaceae;Metarhizobium;Metarhizobium sp017305935,defensin,mprF,chromosome,1,0.625,1.6
He.F.3.L.B,B07,Heritage,dorm_sample,Bacteria;Pseudomonadota;Alphaproteobacteria;Rhizobiales;Rhizobiaceae;Shinella;Shinella sp001262505,aminoglycoside,aph(3'')*,chromosome,6.992,5.5,1.271
He.F.3.L.B,B07,Heritage,dorm_sample,Bacteria;Pseudomonadota;Alphaproteobacteria;Rhizobiales;Rhizobiaceae;Shinella;Shinella sp001262505,beta-lactam,bla*,chromosome,9.598,5.5,1.745
He.F.3.L.B,B07,Heritage,dorm_sample,Bacteria;Pseudomonadota;Alphaproteobacteria;Rhizobiales;Rhizobiaceae;Shinella;Shinella sp001262505,phenicol,cml*,chromosome,9.263,5.5,1.684
He.F.3.L.B,B07,Heritage,dorm_sample,Bacteria;Pseudomonadota;Alphaproteobacteria;Rhizobiales;Xanthobacteraceae;Aquabacter;Aquabacter sp013911975,multidrug,macB,chromosome,4.273,2.125,2.011
He.F.3.L.B,B07,Heritage,dorm_sample,Bacteria;Pseudomonadota;Alphaproteobacteria;Sphingomonadales;Sphingomonadaceae;Sphingobium;Sphingobium yanoikuyae_A,beta-lactam,bla*,chromosome,1,0.875,1.143
He.F.3.L.B,B07,Heritage,dorm_sample,Bacteria;Pseudomonadota;Alphaproteobacteria;Sphingomonadales;Sphingomonadaceae;Sphingobium;Sphingobium yanoikuyae_A,defensin,mprF,chromosome,2.29,0.875,2.618
He.F.3.L.B,B07,Heritage,dorm_sample,Bacteria;Pseudomonadota;Alphaproteobacteria;Sphingomonadales;Sphingomonadaceae;Sphingobium_A;Sphingobium_A colocasiae,beta-lactam,bla*,chromosome,2,0.75,2.667
He.F.3.L.B,B07,Heritage,dorm_sample,Bacteria;Pseudomonadota;Alphaproteobacteria;Sphingomonadales;Sphingomonadaceae;Sphingobium_A;Sphingobium_A colocasiae,phenicol,catB,chromosome,1,0.75,1.333
He.F.3.L.B,B07,Heritage,dorm_sample,Bacteria;Pseudomonadota;Alphaproteobacteria;Sphingomonadales;Sphingomonadaceae;Sphingomonas;Sphingomonas ginsenosidimutans,beta-lactam,bla*,chromosome,1,0.25,4
He.F.3.L.B,B07,Heritage,dorm_sample,Bacteria;Pseudomonadota;Alphaproteobacteria;Sphingomonadales;Sphingomonadaceae;Sphingomonas;Sphingomonas ginsenosidimutans,defensin,mprF,chromosome,0.994,0.25,3.977
He.F.3.L.B,B07,Heritage,dorm_sample,Bacteria;Pseudomonadota;Alphaproteobacteria;Sphingomonadales;Sphingomonadaceae;Sphingomonas;Sphingomonas koreensis,aminoglycoside,aac(6')*,chromosome,4.358,42.625,0.102
He.F.3.L.B,B07,Heritage,dorm_sample,Bacteria;Pseudomonadota;Alphaproteobacteria;Sphingomonadales;Sphingomonadaceae;Sphingomonas;Sphingomonas koreensis,beta-lactam,bla*,chromosome,8.938,42.625,0.21
He.F.3.L.B,B07,Heritage,dorm_sample,Bacteria;Pseudomonadota;Alphaproteobacteria;Sphingomonadales;Sphingomonadaceae;Sphingomonas;Sphingomonas koreensis,phenicol,catB,chromosome,5.881,42.625,0.138
He.F.3.L.B,B07,Heritage,dorm_sample,Bacteria;Pseudomonadota;Alphaproteobacteria;Sphingomonadales;Sphingomonadaceae;Sphingomonas;Sphingomonas koreensis,rifamycin,arr,chromosome,5,42.625,0.117
He.F.3.L.B,B07,Heritage,dorm_sample,Bacteria;Pseudomonadota;Alphaproteobacteria;Sphingomonadales;Sphingomonadaceae;Sphingomonas;Sphingomonas sp964407945,beta-lactam,bla*,chromosome,120.163,8.25,14.565
He.F.3.L.B,B07,Heritage,dorm_sample,Bacteria;Pseudomonadota;Alphaproteobacteria;Sphingomonadales;Sphingomonadaceae;Sphingopyxis;Sphingopyxis sp001468395,beta-lactam,bla*,chromosome,39.184,21.75,1.802
He.F.3.L.B,B07,Heritage,dorm_sample,Bacteria;Pseudomonadota;Alphaproteobacteria;Sphingomonadales;Sphingomonadaceae;Sphingopyxis;Sphingopyxis sp001468395,defensin,mprF,chromosome,20.884,21.75,0.96
He.F.3.L.B,B07,Heritage,dorm_sample,Bacteria;Pseudomonadota;Alphaproteobacteria;Sphingomonadales;Sphingomonadaceae;Sphingopyxis;Sphingopyxis sp014873485,beta-lactam,bla*,chromosome,25.487,17.75,1.436
He.F.3.L.B,B07,Heritage,dorm_sample,Bacteria;Pseudomonadota;Alphaproteobacteria;Sphingomonadales;Sphingomonadaceae;Sphingopyxis;Sphingopyxis sp014873485,rifamycin,arr,chromosome,9,17.75,0.507
He.F.3.L.B,B07,Heritage,dorm_sample,Bacteria;Pseudomonadota;Alphaproteobacteria;Sphingomonadales;Sphingomonadaceae;Sphingopyxis;Sphingopyxis sp022701295,aminoglycoside,aac(3)-I,chromosome,11.627,5.625,2.067
He.F.3.L.B,B07,Heritage,dorm_sample,Bacteria;Pseudomonadota;Alphaproteobacteria;Sphingomonadales;Sphingomonadaceae;Sphingopyxis;Sphingopyxis sp022701295,beta-lactam,bla*,chromosome,14.055,5.625,2.499
He.F.3.L.B,B07,Heritage,dorm_sample,Bacteria;Pseudomonadota;Alphaproteobacteria;Sphingomonadales;Sphingomonadaceae;Sphingopyxis;Sphingopyxis sp022701295,defensin,mprF,chromosome,2.61,5.625,0.464
He.F.3.L.B,B07,Heritage,dorm_sample,Bacteria;Pseudomonadota;Alphaproteobacteria;Sphingomonadales;Sphingomonadaceae;Sphingopyxis;Sphingopyxis sp022701295,phenicol,catB,chromosome,9.752,5.625,1.734
He.F.3.L.B,B07,Heritage,dorm_sample,Bacteria;Pseudomonadota;Alphaproteobacteria;Sphingomonadales;Sphingomonadaceae;Sphingopyxis;Sphingopyxis sp035998905,beta-lactam,bla*,chromosome,7.48,2.25,3.324
He.F.3.L.B,B07,Heritage,dorm_sample,Bacteria;Pseudomonadota;Alphaproteobacteria;Sphingomonadales;Sphingomonadaceae;Sphingopyxis;Sphingopyxis sp035998905,phenicol,catB,chromosome,3,2.25,1.333
He.F.3.L.B,B07,Heritage,dorm_sample,Bacteria;Pseudomonadota;Alphaproteobacteria;Sphingomonadales;Sphingomonadaceae;Sphingopyxis;Sphingopyxis sp035998905,rifamycin,arr,chromosome,3,2.25,1.333
He.F.3.L.B,B07,Heritage,dorm_sample,Bacteria;Pseudomonadota;Gammaproteobacteria;Burkholderiales;Burkholderiaceae_C;Acidovorax;Acidovorax sp046339755,beta-lactam,bla*,chromosome,7,2.5,2.8
He.F.3.L.B,B07,Heritage,dorm_sample,Bacteria;Pseudomonadota;Gammaproteobacteria;Burkholderiales;Burkholderiaceae_C;Acidovorax;Acidovorax sp046339755,multidrug,macB,chromosome,2.648,2.5,1.059
He.F.3.L.B,B07,Heritage,dorm_sample,Bacteria;Pseudomonadota;Gammaproteobacteria;Burkholderiales;Burkholderiaceae_C;Acidovorax;Acidovorax temperans,beta-lactam,bla*,chromosome,29.101,34.625,0.84
He.F.3.L.B,B07,Heritage,dorm_sample,Bacteria;Pseudomonadota;Gammaproteobacteria;Burkholderiales;Burkholderiaceae_C;Acidovorax;Acidovorax temperans,fosfomycin,fosX,chromosome,36.874,34.625,1.065
He.F.3.L.B,B07,Heritage,dorm_sample,Bacteria;Pseudomonadota;Gammaproteobacteria;Burkholderiales;Burkholderiaceae_C;Aquabacterium;Aquabacterium sp049322875,multidrug,macB,chromosome,5,3.5,1.429
He.F.3.L.B,B07,Heritage,dorm_sample,Bacteria;Pseudomonadota;Gammaproteobacteria;Burkholderiales;Burkholderiaceae_C;Aquincola;Aquincola tertiaricarbonis_B,beta-lactam,bla*,chromosome,10.715,12.125,0.884
He.F.3.L.B,B07,Heritage,dorm_sample,Bacteria;Pseudomonadota;Gammaproteobacteria;Burkholderiales;Burkholderiaceae_C;Comamonas;Comamonas tsuruhatensis,beta-lactam,bla*,chromosome,10.144,1.125,9.017
He.F.3.L.B,B07,Heritage,dorm_sample,Bacteria;Pseudomonadota;Gammaproteobacteria;Burkholderiales;Burkholderiaceae_C;Comamonas;Comamonas tsuruhatensis,multidrug,macB,chromosome,1.528,1.125,1.358
He.F.3.L.B,B07,Heritage,dorm_sample,Bacteria;Pseudomonadota;Gammaproteobacteria;Burkholderiales;Burkholderiaceae_C;Pseudorhodoferax;Pseudorhodoferax sp001422365,beta-lactam,bla*,chromosome,10.844,4.375,2.479
He.F.3.L.B,B07,Heritage,dorm_sample,Bacteria;Pseudomonadota;Gammaproteobacteria;Burkholderiales;Burkholderiaceae_C;Pseudorhodoferax;Pseudorhodoferax sp001422365,defensin,mprF,chromosome,0.135,4.375,0.031
He.F.3.L.B,B07,Heritage,dorm_sample,Bacteria;Pseudomonadota;Gammaproteobacteria;Burkholderiales;Burkholderiaceae_C;Pseudorhodoferax;Pseudorhodoferax sp001422365,multidrug,macB,chromosome,25.838,4.375,5.906
He.F.3.L.B,B07,Heritage,dorm_sample,Bacteria;Pseudomonadota;Gammaproteobacteria;Burkholderiales;Burkholderiaceae_C;Pseudorhodoferax;Pseudorhodoferax sp032153935,defensin,mprF,chromosome,10.216,7.25,1.409
He.F.3.L.B,B07,Heritage,dorm_sample,Bacteria;Pseudomonadota;Gammaproteobacteria;Enterobacterales;Enterobacteriaceae;Citrobacter;Citrobacter freundii,colistin,arnE,chromosome,1,1.125,0.889
He.F.3.L.B,B07,Heritage,dorm_sample,Bacteria;Pseudomonadota;Gammaproteobacteria;Enterobacterales;Enterobacteriaceae;Citrobacter;Citrobacter freundii,colistin,arnF,chromosome,1,1.125,0.889
He.F.3.L.B,B07,Heritage,dorm_sample,Bacteria;Pseudomonadota;Gammaproteobacteria;Enterobacterales;Enterobacteriaceae;Citrobacter;Citrobacter freundii,colistin,eptA,chromosome,2.451,1.125,2.179
He.F.3.L.B,B07,Heritage,dorm_sample,Bacteria;Pseudomonadota;Gammaproteobacteria;Enterobacterales;Enterobacteriaceae;Citrobacter;Citrobacter freundii,multidrug,acrD,chromosome,0.95,1.125,0.844
He.F.3.L.B,B07,Heritage,dorm_sample,Bacteria;Pseudomonadota;Gammaproteobacteria;Enterobacterales;Enterobacteriaceae;Citrobacter;Citrobacter freundii,multidrug,acrE,chromosome,0.992,1.125,0.882
He.F.3.L.B,B07,Heritage,dorm_sample,Bacteria;Pseudomonadota;Gammaproteobacteria;Enterobacterales;Enterobacteriaceae;Citrobacter;Citrobacter freundii,multidrug,acrF,chromosome,1.514,1.125,1.346
He.F.3.L.B,B07,Heritage,dorm_sample,Bacteria;Pseudomonadota;Gammaproteobacteria;Enterobacterales;Enterobacteriaceae;Citrobacter;Citrobacter freundii,multidrug,emrA,chromosome,1,1.125,0.889
He.F.3.L.B,B07,Heritage,dorm_sample,Bacteria;Pseudomonadota;Gammaproteobacteria;Enterobacterales;Enterobacteriaceae;Citrobacter;Citrobacter freundii,multidrug,emrD,chromosome,2.685,1.125,2.387
He.F.3.L.B,B07,Heritage,dorm_sample,Bacteria;Pseudomonadota;Gammaproteobacteria;Enterobacterales;Enterobacteriaceae;Citrobacter;Citrobacter freundii,multidrug,emrE,chromosome,3,1.125,2.667
He.F.3.L.B,B07,Heritage,dorm_sample,Bacteria;Pseudomonadota;Gammaproteobacteria;Enterobacterales;Enterobacteriaceae;Citrobacter;Citrobacter freundii,multidrug,fsr,chromosome,1.933,1.125,1.719
He.F.3.L.B,B07,Heritage,dorm_sample,Bacteria;Pseudomonadota;Gammaproteobacteria;Enterobacterales;Enterobacteriaceae;Citrobacter;Citrobacter freundii,multidrug,macA,chromosome,0.903,1.125,0.802
He.F.3.L.B,B07,Heritage,dorm_sample,Bacteria;Pseudomonadota;Gammaproteobacteria;Enterobacterales;Enterobacteriaceae;Citrobacter;Citrobacter freundii,multidrug,mdtI,chromosome,1,1.125,0.889
He.F.3.L.B,B07,Heritage,dorm_sample,Bacteria;Pseudomonadota;Gammaproteobacteria;Enterobacterales;Enterobacteriaceae;Citrobacter;Citrobacter freundii,multidrug,mdtJ,chromosome,1,1.125,0.889
He.F.3.L.B,B07,Heritage,dorm_sample,Bacteria;Pseudomonadota;Gammaproteobacteria;Enterobacterales;Enterobacteriaceae;Citrobacter;Citrobacter freundii,multidrug,mdtL,chromosome,1,1.125,0.889
He.F.3.L.B,B07,Heritage,dorm_sample,Bacteria;Pseudomonadota;Gammaproteobacteria;Enterobacterales;Enterobacteriaceae;Citrobacter;Citrobacter freundii,multidrug,mdtM,chromosome,1,1.125,0.889
He.F.3.L.B,B07,Heritage,dorm_sample,Bacteria;Pseudomonadota;Gammaproteobacteria;Enterobacterales;Enterobacteriaceae;Citrobacter;Citrobacter freundii,multidrug,smdA,chromosome,2.044,1.125,1.817
He.F.3.L.B,B07,Heritage,dorm_sample,Bacteria;Pseudomonadota;Gammaproteobacteria;Enterobacterales;Enterobacteriaceae;Citrobacter;Citrobacter freundii,multidrug,smdB,chromosome,1.517,1.125,1.348
He.F.3.L.B,B07,Heritage,dorm_sample,Bacteria;Pseudomonadota;Gammaproteobacteria;Enterobacterales;Enterobacteriaceae;Citrobacter;Citrobacter freundii,multidrug,tolC,chromosome,3,1.125,2.667
He.F.3.L.B,B07,Heritage,dorm_sample,Bacteria;Pseudomonadota;Gammaproteobacteria;Pseudomonadales;Moraxellaceae;Acinetobacter;Acinetobacter junii,beta-lactam,bla*,chromosome,56.172,59.875,0.938
He.F.3.L.B,B07,Heritage,dorm_sample,Bacteria;Pseudomonadota;Gammaproteobacteria;Pseudomonadales;Moraxellaceae;Acinetobacter;Acinetobacter junii,multidrug,adeJ,chromosome,47.616,59.875,0.795
He.F.3.L.B,B07,Heritage,dorm_sample,Bacteria;Pseudomonadota;Gammaproteobacteria;Pseudomonadales;Moraxellaceae;Acinetobacter;Acinetobacter junii,multidrug,adeK,chromosome,62.226,59.875,1.039
He.F.3.L.B,B07,Heritage,dorm_sample,Bacteria;Pseudomonadota;Gammaproteobacteria;Pseudomonadales;Moraxellaceae;Acinetobacter;Acinetobacter junii,multidrug,craA,chromosome,78.934,59.875,1.318
He.F.3.L.B,B07,Heritage,dorm_sample,Bacteria;Pseudomonadota;Gammaproteobacteria;Pseudomonadales;Moraxellaceae;Acinetobacter;Acinetobacter junii,multidrug,macA,chromosome,53.785,59.875,0.898
He.F.3.L.B,B07,Heritage,dorm_sample,Bacteria;Pseudomonadota;Gammaproteobacteria;Pseudomonadales;Moraxellaceae;Acinetobacter;Acinetobacter junii,multidrug,macB,chromosome,56.437,59.875,0.943
He.F.3.L.B,B07,Heritage,dorm_sample,Bacteria;Pseudomonadota;Gammaproteobacteria;Pseudomonadales;Moraxellaceae;Acinetobacter;Acinetobacter junii,phenicol,cxpE,chromosome,54.272,59.875,0.906
He.F.3.L.B,B07,Heritage,dorm_sample,Bacteria;Pseudomonadota;Gammaproteobacteria;Xanthomonadales;Xanthomonadaceae;Pseudoxanthomonas_A;Pseudoxanthomonas_A japonensis,aminoglycoside,aac(6')*,chromosome,8.617,8.5,1.014
He.F.3.L.B,B07,Heritage,dorm_sample,Bacteria;Pseudomonadota;Gammaproteobacteria;Xanthomonadales;Xanthomonadaceae;Pseudoxanthomonas_A;Pseudoxanthomonas_A japonensis,beta-lactam,blaPJM,chromosome,4.904,8.5,0.577
He.F.3.L.B,B07,Heritage,dorm_sample,Bacteria;Pseudomonadota;Gammaproteobacteria;Xanthomonadales;Xanthomonadaceae;Pseudoxanthomonas_A;Pseudoxanthomonas_A japonensis,fosfomycin,fosX,chromosome,16.67,8.5,1.961
He.F.3.L.B,B07,Heritage,dorm_sample,Bacteria;Pseudomonadota;Gammaproteobacteria;Xanthomonadales;Xanthomonadaceae;Pseudoxanthomonas_A;Pseudoxanthomonas_A mexicana,aminoglycoside,aac(3)-I,chromosome,35.219,34.625,1.017
He.F.3.L.B,B07,Heritage,dorm_sample,Bacteria;Pseudomonadota;Gammaproteobacteria;Xanthomonadales;Xanthomonadaceae;Pseudoxanthomonas_A;Pseudoxanthomonas_A mexicana,aminoglycoside,aac(6')*,chromosome,33.885,34.625,0.979
He.F.3.L.B,B07,Heritage,dorm_sample,Bacteria;Pseudomonadota;Gammaproteobacteria;Xanthomonadales;Xanthomonadaceae;Pseudoxanthomonas_A;Pseudoxanthomonas_A mexicana,beta-lactam,bla*,chromosome,34.852,34.625,1.007
He.F.3.L.B,B07,Heritage,dorm_sample,Bacteria;Pseudomonadota;Gammaproteobacteria;Xanthomonadales;Xanthomonadaceae;Pseudoxanthomonas_A;Pseudoxanthomonas_A mexicana,rifamycin,arr,chromosome,38.135,34.625,1.101
He.F.3.L.B,B07,Heritage,dorm_sample,Bacteria;Pseudomonadota;Gammaproteobacteria;Xanthomonadales;Xanthomonadaceae;Pseudoxanthomonas_A;Pseudoxanthomonas_A sp014851805,beta-lactam,bla*,chromosome,8.369,5.75,1.455
He.F.3.L.B,B07,Heritage,dorm_sample,Bacteria;Pseudomonadota;Gammaproteobacteria;Xanthomonadales;Xanthomonadaceae;Pseudoxanthomonas_A;Pseudoxanthomonas_A sp014851805,fosfomycin,fosX,chromosome,4.09,5.75,0.711
He.F.3.L.B,B07,Heritage,dorm_sample,Bacteria;Pseudomonadota;Gammaproteobacteria;Xanthomonadales;Xanthomonadaceae;Stenotrophomonas;Stenotrophomonas maltophilia_Q,beta-lactam,blaL2,chromosome,2,0.375,5.333
He.F.3.L.B,B07,Heritage,dorm_sample,Bacteria;Pseudomonadota;Gammaproteobacteria;Xanthomonadales;Xanthomonadaceae;Stenotrophomonas;Stenotrophomonas maltophilia_Q,defensin,mprF,chromosome,2,0.375,5.333
He.F.3.L.B,B07,Heritage,dorm_sample,Bacteria;Pseudomonadota;Gammaproteobacteria;Xanthomonadales;Xanthomonadaceae;Stenotrophomonas;Stenotrophomonas maltophilia_Q,multidrug,emrA,chromosome,1,0.375,2.667
He.F.3.L.B,B07,Heritage,dorm_sample,Bacteria;Pseudomonadota;Gammaproteobacteria;Xanthomonadales;Xanthomonadaceae;Stenotrophomonas;Stenotrophomonas maltophilia_Q,multidrug,emrB,chromosome,0.964,0.375,2.571
He.F.3.L.B,B07,Heritage,dorm_sample,Bacteria;Pseudomonadota;Gammaproteobacteria;Xanthomonadales;Xanthomonadaceae;Stenotrophomonas;Stenotrophomonas maltophilia_Q,multidrug,emrC,chromosome,1,0.375,2.667
He.F.3.L.B,B07,Heritage,dorm_sample,Bacteria;Pseudomonadota;Gammaproteobacteria;Xanthomonadales;Xanthomonadaceae;Stenotrophomonas;Stenotrophomonas maltophilia_Q,multidrug,macA,chromosome,2.771,0.375,7.388
He.F.3.L.B,B07,Heritage,dorm_sample,Bacteria;Pseudomonadota;Gammaproteobacteria;Xanthomonadales;Xanthomonadaceae;Stenotrophomonas;Stenotrophomonas maltophilia_Q,multidrug,macB,chromosome,3.483,0.375,9.289
He.F.3.L.B,B07,Heritage,dorm_sample,Bacteria;Pseudomonadota;Gammaproteobacteria;Xanthomonadales;Xanthomonadaceae;Stenotrophomonas;Stenotrophomonas maltophilia_Q,multidrug,macC,chromosome,1.103,0.375,2.941
He.F.3.L.B,B07,Heritage,dorm_sample,Bacteria;Pseudomonadota;Gammaproteobacteria;Xanthomonadales;Xanthomonadaceae;Stenotrophomonas;Stenotrophomonas maltophilia_Q,multidrug,smeC,chromosome,3,0.375,8
He.F.3.L.B,B07,Heritage,dorm_sample,Bacteria;Pseudomonadota;Gammaproteobacteria;Xanthomonadales;Xanthomonadaceae;Stenotrophomonas;Stenotrophomonas maltophilia_Q,multidrug,smeO,chromosome,1,0.375,2.667
He.F.3.L.B,B07,Heritage,dorm_sample,Bacteria;Pseudomonadota;Gammaproteobacteria;Xanthomonadales;Xanthomonadaceae;Stenotrophomonas;Stenotrophomonas maltophilia_Q,multidrug,smeP,chromosome,1,0.375,2.667
He.F.3.L.B,B07,Heritage,dorm_sample,Bacteria;Pseudomonadota;Gammaproteobacteria;Xanthomonadales;Xanthomonadaceae;Stenotrophomonas;Stenotrophomonas maltophilia_Q,multidrug,smeV,chromosome,1,0.375,2.667
He.F.3.L.B,B07,Heritage,dorm_sample,Bacteria;Pseudomonadota;Gammaproteobacteria;Xanthomonadales;Xanthomonadaceae;Stenotrophomonas;Stenotrophomonas maltophilia_Q,multidrug,smeW,chromosome,1.082,0.375,2.886
He.F.3.L.B,B07,Heritage,dorm_sample,Bacteria;Pseudomonadota;Gammaproteobacteria;Xanthomonadales;Xanthomonadaceae;Stenotrophomonas;Stenotrophomonas maltophilia_Q,multidrug,smeX,chromosome,2,0.375,5.333
He.F.3.L.B,B07,Heritage,dorm_sample,Bacteria;Pseudomonadota;Gammaproteobacteria;Xanthomonadales;Xanthomonadaceae;Stenotrophomonas;Stenotrophomonas maltophilia_Q,multidrug,smrA,chromosome,1,0.375,2.667
He.F.3.L.B,B07,Heritage,dorm_sample,Bacteria;Pseudomonadota;Gammaproteobacteria;Xanthomonadales;Xanthomonadaceae;Stenotrophomonas;Stenotrophomonas maltophilia_Q,quinolone,qnr*,chromosome,1,0.375,2.667
He.F.3.L.B,B07,Heritage,dorm_sample,Bacteria;Pseudomonadota;Gammaproteobacteria;Xanthomonadales;Xanthomonadaceae;Stenotrophomonas;Stenotrophomonas maltophilia_Q,rifamycin,arr,chromosome,1,0.375,2.667
He.F.3.L.B,B07,Heritage,dorm_sample,Bacteria;Pseudomonadota;Gammaproteobacteria;Xanthomonadales;Xanthomonadaceae;Stenotrophomonas;Stenotrophomonas maltophilia_Q,tetracycline,tcrA,chromosome,1,0.375,2.667
He.F.3.L.B,B07,Heritage,dorm_sample,Bacteria;Pseudomonadota;Gammaproteobacteria;Xanthomonadales;Xanthomonadaceae;Stenotrophomonas;Stenotrophomonas rhizophila_A,multidrug,emrA,chromosome,1,0.25,4
He.F.3.L.B,B07,Heritage,dorm_sample,Bacteria;Pseudomonadota;Gammaproteobacteria;Xanthomonadales;Xanthomonadaceae;Stenotrophomonas;Stenotrophomonas rhizophila_A,multidrug,emrB,chromosome,1,0.25,4
He.F.3.L.B,B07,Heritage,dorm_sample,Bacteria;Pseudomonadota;Gammaproteobacteria;Xanthomonadales;Xanthomonadaceae;Stenotrophomonas;Stenotrophomonas rhizophila_A,multidrug,smeD,chromosome,1,0.25,4
He.F.3.L.B,B07,Heritage,dorm_sample,Bacteria;Pseudomonadota;Gammaproteobacteria;Xanthomonadales;Xanthomonadaceae;Stenotrophomonas;Stenotrophomonas rhizophila_A,multidrug,smeH,chromosome,1,0.25,4
He.F.3.L.B,B07,Heritage,dorm_sample,Bacteria;Pseudomonadota;Gammaproteobacteria;Xanthomonadales;Xanthomonadaceae;Stenotrophomonas;Stenotrophomonas rhizophila_A,multidrug,smrA,chromosome,0.997,0.25,3.987
He.F.3.L.B,B07,Heritage,dorm_sample,unclassified,aminoglycoside,aac(3)*,plasmid,1,0,0
He.F.3.L.B,B07,Heritage,dorm_sample,unclassified,aminoglycoside,aac(3)-IV,chromosome,6.973,0,0
He.F.3.L.B,B07,Heritage,dorm_sample,unclassified,aminoglycoside,ant(3'')-I,chromosome,1,0,0
He.F.3.L.B,B07,Heritage,dorm_sample,unclassified,aminoglycoside,ant(6)*,chromosome,0.715,0,0
He.F.3.L.B,B07,Heritage,dorm_sample,unclassified,aminoglycoside,aph(3')*,chromosome,58.828,0,0
He.F.3.L.B,B07,Heritage,dorm_sample,unclassified,aminoglycoside,aph(3')-II,chromosome,1,0,0
He.F.3.L.B,B07,Heritage,dorm_sample,unclassified,beta-lactam,bla*,chromosome,35.076,0,0
He.F.3.L.B,B07,Heritage,dorm_sample,unclassified,bleomycin,blmT,chromosome,1,0,0
He.F.3.L.B,B07,Heritage,dorm_sample,unclassified,colistin,eptA,chromosome,9.756,0,0
He.F.3.L.B,B07,Heritage,dorm_sample,unclassified,multidrug,adeJ,chromosome,4.781,0,0
He.F.3.L.B,B07,Heritage,dorm_sample,unclassified,multidrug,adeK,chromosome,0.981,0,0
He.F.3.L.B,B07,Heritage,dorm_sample,unclassified,multidrug,macA,chromosome,1,0,0
He.F.3.L.B,B07,Heritage,dorm_sample,unclassified,multidrug,macB,chromosome,1.282,0,0
He.F.3.L.B,B07,Heritage,dorm_sample,unclassified,multidrug,mdtN,chromosome,2.439,0,0
He.F.3.L.B,B07,Heritage,dorm_sample,unclassified,phenicol,catB,chromosome,4.995,0,0
He.F.3.L.B,B07,Heritage,dorm_sample,unclassified,phenicol,cml*,chromosome,9.113,0,0
He.F.3.L.B,B07,Heritage,dorm_sample,unclassified,rifamycin,arr,chromosome,69.069,0,0
He.F.3.L.B,B07,Heritage,dorm_sample,unclassified,rifamycin,helR,chromosome,1.051,0,0
He.F.3.L.B,B07,Heritage,dorm_sample,unclassified,tetracycline,tet(39),chromosome,316.722,0,0
He.F.3.L.B,B07,Heritage,dorm_sample,unclassified,tetracycline,tet(39),plasmid,8,0,0
He.F.3.L.B,B07,Heritage,dorm_sample,unclassified,tetracycline,tet(G),chromosome,2,0,0
He.F.3.L.B,B07,Heritage,dorm_sample,unclassified,tetracycline,tet(V),chromosome,54.525,0,0
He.F.3.L.B,B07,Heritage,dorm_sample,unclassified,tetracycline,tet*,chromosome,0.511,0,0
Ea.F.2.L.A,C01,Earl,dorm_sample,Bacteria;Actinomycetota;Actinomycetes;Actinomycetales;Microbacteriaceae;Microbacterium;Microbacterium aurum,rifamycin,helR,chromosome,1.378,1.5,0.919
Ea.F.2.L.A,C01,Earl,dorm_sample,Bacteria;Actinomycetota;Actinomycetes;Mycobacteriales;Mycobacteriaceae;Mycobacterium;Mycobacterium fortuitum,aminoglycoside,aac(2')-I,chromosome,2,2.125,0.941
Ea.F.2.L.A,C01,Earl,dorm_sample,Bacteria;Actinomycetota;Actinomycetes;Mycobacteriales;Mycobacteriaceae;Mycobacterium;Mycobacterium fortuitum,aminoglycoside,aph(3'')*,chromosome,4.756,2.125,2.238
Ea.F.2.L.A,C01,Earl,dorm_sample,Bacteria;Actinomycetota;Actinomycetes;Mycobacteriales;Mycobacteriaceae;Mycobacterium;Mycobacterium fortuitum,beta-lactam,blaF,chromosome,1.816,2.125,0.855
Ea.F.2.L.A,C01,Earl,dorm_sample,Bacteria;Actinomycetota;Actinomycetes;Mycobacteriales;Mycobacteriaceae;Mycobacterium;Mycobacterium fortuitum,defensin,lysX,chromosome,1.881,2.125,0.885
Ea.F.2.L.A,C01,Earl,dorm_sample,Bacteria;Actinomycetota;Actinomycetes;Mycobacteriales;Mycobacteriaceae;Mycobacterium;Mycobacterium fortuitum,macrolide-lincosamide-streptogramin,erm(39),chromosome,3,2.125,1.412
Ea.F.2.L.A,C01,Earl,dorm_sample,Bacteria;Actinomycetota;Actinomycetes;Mycobacteriales;Mycobacteriaceae;Mycobacterium;Mycobacterium fortuitum,rifamycin,arr,chromosome,1,2.125,0.471
Ea.F.2.L.A,C01,Earl,dorm_sample,Bacteria;Actinomycetota;Actinomycetes;Mycobacteriales;Mycobacteriaceae;Mycobacterium;Mycobacterium fortuitum,rifamycin,rox,chromosome,1,2.125,0.471
Ea.F.2.L.A,C01,Earl,dorm_sample,Bacteria;Actinomycetota;Actinomycetes;Mycobacteriales;Mycobacteriaceae;Mycobacterium;Mycobacterium fortuitum,tetracycline,tet(V),chromosome,1,2.125,0.471
Ea.F.2.L.A,C01,Earl,dorm_sample,Bacteria;Actinomycetota;Actinomycetes;Mycobacteriales;Mycobacteriaceae;Mycobacterium;Mycobacterium fortuitum,tuberactinomycin,vph,chromosome,2.407,2.125,1.133
Ea.F.2.L.A,C01,Earl,dorm_sample,Bacteria;Actinomycetota;Actinomycetes;Mycobacteriales;Mycobacteriaceae;Mycobacterium;Mycobacterium phocaicum,beta-lactam,bla*,chromosome,70.171,76.125,0.922
Ea.F.2.L.A,C01,Earl,dorm_sample,Bacteria;Actinomycetota;Actinomycetes;Mycobacteriales;Mycobacteriaceae;Mycobacterium;Mycobacterium phocaicum,defensin,lysX,chromosome,78.645,76.125,1.033
Ea.F.2.L.A,C01,Earl,dorm_sample,Bacteria;Actinomycetota;Actinomycetes;Mycobacteriales;Mycobacteriaceae;Mycobacterium;Mycobacterium phocaicum,multidrug,lfrA,chromosome,64.53,76.125,0.848
Ea.F.2.L.A,C01,Earl,dorm_sample,Bacteria;Actinomycetota;Actinomycetes;Mycobacteriales;Mycobacteriaceae;Mycobacterium;Mycobacterium phocaicum,rifamycin,arr,chromosome,128.631,76.125,1.69
Ea.F.2.L.A,C01,Earl,dorm_sample,Bacteria;Actinomycetota;Actinomycetes;Mycobacteriales;Mycobacteriaceae;Mycobacterium;Mycobacterium phocaicum,tetracycline,tet(V),chromosome,46.752,76.125,0.614
Ea.F.2.L.A,C01,Earl,dorm_sample,Bacteria;Actinomycetota;Actinomycetes;Mycobacteriales;Mycobacteriaceae;Mycobacterium;Mycobacterium sp018326285,beta-lactam,bla*,chromosome,6.379,3.75,1.701
Ea.F.2.L.A,C01,Earl,dorm_sample,Bacteria;Actinomycetota;Actinomycetes;Mycobacteriales;Mycobacteriaceae;Mycobacterium;Mycobacterium sp018326285,rifamycin,arr,chromosome,16.338,3.75,4.357
Ea.F.2.L.A,C01,Earl,dorm_sample,Bacteria;Actinomycetota;Actinomycetes;Mycobacteriales;Mycobacteriaceae;Mycobacterium;Mycobacterium sp018326285,tetracycline,tet(V),chromosome,29.019,3.75,7.738
Ea.F.2.L.A,C01,Earl,dorm_sample,Bacteria;Actinomycetota;Actinomycetes;Mycobacteriales;Nakamurellaceae;Nakamurella;Nakamurella multipartita,rifamycin,helR,chromosome,5.914,7.125,0.83
Ea.F.2.L.A,C01,Earl,dorm_sample,Bacteria;Actinomycetota;Actinomycetes;Mycobacteriales;Nakamurellaceae;Nakamurella;Nakamurella multipartita,rifamycin,rph*,chromosome,5.146,7.125,0.722
Ea.F.2.L.A,C01,Earl,dorm_sample,Bacteria;Bacteroidota;Bacteroidia;Chitinophagales;Chitinophagaceae;Niabella;Niabella sp052044285,aminoglycoside,ant(6)*,chromosome,1,1,1
Ea.F.2.L.A,C01,Earl,dorm_sample,Bacteria;Bacteroidota;Bacteroidia;Chitinophagales;Chitinophagaceae;Niabella;Niabella sp052044285,beta-lactam,bla*,chromosome,4.959,1,4.959
Ea.F.2.L.A,C01,Earl,dorm_sample,Bacteria;Bacteroidota;Bacteroidia;Cytophagales;Spirosomataceae;Dyadobacter;Dyadobacter bucti,beta-lactam,bla*,chromosome,1,0.625,1.6
Ea.F.2.L.A,C01,Earl,dorm_sample,Bacteria;Bacteroidota;Bacteroidia;Cytophagales;Spirosomataceae;Dyadobacter;Dyadobacter sp001898145,beta-lactam,bla*,chromosome,1,0.5,2
Ea.F.2.L.A,C01,Earl,dorm_sample,Bacteria;Bacteroidota;Bacteroidia;Cytophagales;Spirosomataceae;Dyadobacter;Dyadobacter sp001898145,rifamycin,rph*,chromosome,1,0.5,2
Ea.F.2.L.A,C01,Earl,dorm_sample,Bacteria;Bacteroidota;Bacteroidia;Cytophagales;Spirosomataceae;Larkinella;Larkinella sp006149005,aminoglycoside,aac(6')*,chromosome,1,0.375,2.667
Ea.F.2.L.A,C01,Earl,dorm_sample,Bacteria;Bacteroidota;Bacteroidia;Cytophagales;Spirosomataceae;Larkinella;Larkinella sp006149005,beta-lactam,bla*,chromosome,2,0.375,5.333
Ea.F.2.L.A,C01,Earl,dorm_sample,Bacteria;Pseudomonadota;Alphaproteobacteria;Caulobacterales;Caulobacteraceae;Brevundimonas;Brevundimonas diminuta,beta-lactam,bla*,chromosome,1,0.625,1.6
Ea.F.2.L.A,C01,Earl,dorm_sample,Bacteria;Pseudomonadota;Alphaproteobacteria;Caulobacterales;Caulobacteraceae;Brevundimonas;Brevundimonas sp002434505,beta-lactam,bla*,chromosome,2,0.75,2.667
Ea.F.2.L.A,C01,Earl,dorm_sample,Bacteria;Pseudomonadota;Alphaproteobacteria;Caulobacterales;Caulobacteraceae;Brevundimonas;Brevundimonas sp963515305,beta-lactam,bla*,chromosome,2,0.875,2.286
Ea.F.2.L.A,C01,Earl,dorm_sample,Bacteria;Pseudomonadota;Alphaproteobacteria;Caulobacterales;Caulobacteraceae;Caulobacter;Caulobacter sp013181195,beta-lactam,bla*,chromosome,4.855,7.75,0.626
Ea.F.2.L.A,C01,Earl,dorm_sample,Bacteria;Pseudomonadota;Alphaproteobacteria;Caulobacterales;Caulobacteraceae;Caulobacter;Caulobacter sp013181195,rifamycin,arr,chromosome,8,7.75,1.032
Ea.F.2.L.A,C01,Earl,dorm_sample,Bacteria;Pseudomonadota;Alphaproteobacteria;Caulobacterales;Caulobacteraceae;Caulobacter;Caulobacter sp039596335,aminoglycoside,aac(6')*,chromosome,0.932,36.375,0.026
Ea.F.2.L.A,C01,Earl,dorm_sample,Bacteria;Pseudomonadota;Alphaproteobacteria;Caulobacterales;Caulobacteraceae;Caulobacter;Caulobacter sp039596335,beta-lactam,bla*,chromosome,78.817,36.375,2.167
Ea.F.2.L.A,C01,Earl,dorm_sample,Bacteria;Pseudomonadota;Alphaproteobacteria;Caulobacterales;Caulobacteraceae;Phenylobacterium;Phenylobacterium koreense,multidrug,macB,chromosome,2.459,1,2.459
Ea.F.2.L.A,C01,Earl,dorm_sample,Bacteria;Pseudomonadota;Alphaproteobacteria;Caulobacterales;Caulobacteraceae;Phenylobacterium;Phenylobacterium sp036963605,beta-lactam,bla*,chromosome,7.346,0.875,8.396
Ea.F.2.L.A,C01,Earl,dorm_sample,Bacteria;Pseudomonadota;Alphaproteobacteria;Rhizobiales;Beijerinckiaceae;Allobosea;Allobosea sp024655635,aminoglycoside,aac(6')*,chromosome,1,0.625,1.6
Ea.F.2.L.A,C01,Earl,dorm_sample,Bacteria;Pseudomonadota;Alphaproteobacteria;Rhizobiales;Beijerinckiaceae;Allobosea;Allobosea sp900112185,aminoglycoside,aac(6')*,chromosome,1,5.5,0.182
Ea.F.2.L.A,C01,Earl,dorm_sample,Bacteria;Pseudomonadota;Alphaproteobacteria;Rhizobiales;Beijerinckiaceae;Allobosea;Allobosea sp900112185,beta-lactam,bla*,chromosome,2,5.5,0.364
Ea.F.2.L.A,C01,Earl,dorm_sample,Bacteria;Pseudomonadota;Alphaproteobacteria;Rhizobiales;Beijerinckiaceae;Allobosea;Allobosea sp900112185,multidrug,mdtI,chromosome,5.732,5.5,1.042
Ea.F.2.L.A,C01,Earl,dorm_sample,Bacteria;Pseudomonadota;Alphaproteobacteria;Rhizobiales;Beijerinckiaceae;Allobosea;Allobosea vestrisii,aminoglycoside,aac(3)-III,chromosome,11.717,8.375,1.399
Ea.F.2.L.A,C01,Earl,dorm_sample,Bacteria;Pseudomonadota;Alphaproteobacteria;Rhizobiales;Beijerinckiaceae;Allobosea;Allobosea vestrisii,beta-lactam,bla*,chromosome,17.166,8.375,2.05
Ea.F.2.L.A,C01,Earl,dorm_sample,Bacteria;Pseudomonadota;Alphaproteobacteria;Rhizobiales;Beijerinckiaceae;Allobosea;Allobosea vestrisii,multidrug,mdtI,chromosome,9.902,8.375,1.182
Ea.F.2.L.A,C01,Earl,dorm_sample,Bacteria;Pseudomonadota;Alphaproteobacteria;Rhizobiales;Beijerinckiaceae;Allobosea;Allobosea vestrisii,phenicol,catB,chromosome,8.147,8.375,0.973
Ea.F.2.L.A,C01,Earl,dorm_sample,Bacteria;Pseudomonadota;Alphaproteobacteria;Rhizobiales;Beijerinckiaceae;Methylobacterium;Methylobacterium aquaticum,beta-lactam,bla*,chromosome,9,9.375,0.96
Ea.F.2.L.A,C01,Earl,dorm_sample,Bacteria;Pseudomonadota;Alphaproteobacteria;Rhizobiales;Beijerinckiaceae;Methylobacterium;Methylobacterium radiotolerans,beta-lactam,bla*,chromosome,3.63,3.5,1.037
Ea.F.2.L.A,C01,Earl,dorm_sample,Bacteria;Pseudomonadota;Alphaproteobacteria;Rhizobiales;Devosiaceae;Devosia_A;Devosia_A sp001402915,tetracycline,tet*,chromosome,2,2.125,0.941
Ea.F.2.L.A,C01,Earl,dorm_sample,Bacteria;Pseudomonadota;Alphaproteobacteria;Rhizobiales;Devosiaceae;Devosia_A;Devosia_A sp001899085,aminoglycoside,aac(3)*,chromosome,1,0.375,2.667
Ea.F.2.L.A,C01,Earl,dorm_sample,Bacteria;Pseudomonadota;Alphaproteobacteria;Rhizobiales;Devosiaceae;Devosia_A;Devosia_A sp001899085,beta-lactam,bla*,chromosome,2.941,0.375,7.841
Ea.F.2.L.A,C01,Earl,dorm_sample,Bacteria;Pseudomonadota;Alphaproteobacteria;Rhizobiales;Devosiaceae;Devosia_A;Devosia_A sp001899085,multidrug,macB,chromosome,2.949,0.375,7.865
Ea.F.2.L.A,C01,Earl,dorm_sample,Bacteria;Pseudomonadota;Alphaproteobacteria;Rhizobiales;Rhizobiaceae;Agrobacterium;Agrobacterium oryzihabitans,multidrug,acrA,chromosome,1,0.375,2.667
Ea.F.2.L.A,C01,Earl,dorm_sample,Bacteria;Pseudomonadota;Alphaproteobacteria;Rhizobiales;Rhizobiaceae;Agrobacterium;Agrobacterium oryzihabitans,multidrug,acrB,chromosome,1.262,0.375,3.367
Ea.F.2.L.A,C01,Earl,dorm_sample,Bacteria;Pseudomonadota;Alphaproteobacteria;Rhizobiales;Rhizobiaceae;Agrobacterium;Agrobacterium oryzihabitans,multidrug,ameA,chromosome,1,0.375,2.667
Ea.F.2.L.A,C01,Earl,dorm_sample,Bacteria;Pseudomonadota;Alphaproteobacteria;Rhizobiales;Rhizobiaceae;Agrobacterium;Agrobacterium pusense,aminoglycoside,aac(6')*,chromosome,0.921,1.25,0.736
Ea.F.2.L.A,C01,Earl,dorm_sample,Bacteria;Pseudomonadota;Alphaproteobacteria;Rhizobiales;Rhizobiaceae;Agrobacterium;Agrobacterium pusense,beta-lactam,bla*,chromosome,4,1.25,3.2
Ea.F.2.L.A,C01,Earl,dorm_sample,Bacteria;Pseudomonadota;Alphaproteobacteria;Rhizobiales;Rhizobiaceae;Agrobacterium;Agrobacterium pusense,defensin,mprF,chromosome,1.088,1.25,0.87
Ea.F.2.L.A,C01,Earl,dorm_sample,Bacteria;Pseudomonadota;Alphaproteobacteria;Rhizobiales;Rhizobiaceae;Agrobacterium;Agrobacterium pusense,multidrug,acrA,chromosome,0.975,1.25,0.78
Ea.F.2.L.A,C01,Earl,dorm_sample,Bacteria;Pseudomonadota;Alphaproteobacteria;Rhizobiales;Rhizobiaceae;Agrobacterium;Agrobacterium pusense,multidrug,acrB,chromosome,1.416,1.25,1.133
Ea.F.2.L.A,C01,Earl,dorm_sample,Bacteria;Pseudomonadota;Alphaproteobacteria;Rhizobiales;Rhizobiaceae;Agrobacterium;Agrobacterium pusense,multidrug,ameA,chromosome,1.578,1.25,1.262
Ea.F.2.L.A,C01,Earl,dorm_sample,Bacteria;Pseudomonadota;Alphaproteobacteria;Rhizobiales;Rhizobiaceae;Agrobacterium;Agrobacterium pusense,multidrug,ameB,chromosome,2,1.25,1.6
Ea.F.2.L.A,C01,Earl,dorm_sample,Bacteria;Pseudomonadota;Alphaproteobacteria;Rhizobiales;Rhizobiaceae;Agrobacterium;Agrobacterium pusense,phenicol,catB,chromosome,4,1.25,3.2
Ea.F.2.L.A,C01,Earl,dorm_sample,Bacteria;Pseudomonadota;Alphaproteobacteria;Rhizobiales;Xanthobacteraceae;Bradyrhizobium;Bradyrhizobium lablabi_C,beta-lactam,bla*,chromosome,12.769,5.375,2.376
Ea.F.2.L.A,C01,Earl,dorm_sample,Bacteria;Pseudomonadota;Alphaproteobacteria;Rhizobiales;Xanthobacteraceae;Xanthobacter;Xanthobacter flavus_A,multidrug,macB,chromosome,0.997,0.5,1.994
Ea.F.2.L.A,C01,Earl,dorm_sample,Bacteria;Pseudomonadota;Alphaproteobacteria;Sphingomonadales;Sphingomonadaceae;Blastomonas;Blastomonas ursincola,aminoglycoside,aac(3)*,chromosome,1.487,4.625,0.321
Ea.F.2.L.A,C01,Earl,dorm_sample,Bacteria;Pseudomonadota;Alphaproteobacteria;Sphingomonadales;Sphingomonadaceae;Blastomonas;Blastomonas ursincola,beta-lactam,bla*,chromosome,3.576,4.625,0.773
Ea.F.2.L.A,C01,Earl,dorm_sample,Bacteria;Pseudomonadota;Alphaproteobacteria;Sphingomonadales;Sphingomonadaceae;Sphingobium;Sphingobium yanoikuyae_A,beta-lactam,bla*,chromosome,3.32,1,3.32
Ea.F.2.L.A,C01,Earl,dorm_sample,Bacteria;Pseudomonadota;Alphaproteobacteria;Sphingomonadales;Sphingomonadaceae;Sphingobium;Sphingobium yanoikuyae_A,defensin,mprF,chromosome,0.924,1,0.924
Ea.F.2.L.A,C01,Earl,dorm_sample,Bacteria;Pseudomonadota;Alphaproteobacteria;Sphingomonadales;Sphingomonadaceae;Sphingobium_A;Sphingobium_A colocasiae,aminoglycoside,aac(6')*,chromosome,2.959,4.375,0.676
Ea.F.2.L.A,C01,Earl,dorm_sample,Bacteria;Pseudomonadota;Alphaproteobacteria;Sphingomonadales;Sphingomonadaceae;Sphingobium_A;Sphingobium_A colocasiae,beta-lactam,bla*,chromosome,19.449,4.375,4.445
Ea.F.2.L.A,C01,Earl,dorm_sample,Bacteria;Pseudomonadota;Alphaproteobacteria;Sphingomonadales;Sphingomonadaceae;Sphingobium_A;Sphingobium_A colocasiae,defensin,mprF,chromosome,4.823,4.375,1.102
Ea.F.2.L.A,C01,Earl,dorm_sample,Bacteria;Pseudomonadota;Alphaproteobacteria;Sphingomonadales;Sphingomonadaceae;Sphingobium_A;Sphingobium_A colocasiae,phenicol,catB,chromosome,4.548,4.375,1.039
Ea.F.2.L.A,C01,Earl,dorm_sample,Bacteria;Pseudomonadota;Alphaproteobacteria;Sphingomonadales;Sphingomonadaceae;Sphingomonas;Sphingomonas koreensis,beta-lactam,bla*,chromosome,1,1.375,0.727
Ea.F.2.L.A,C01,Earl,dorm_sample,Bacteria;Pseudomonadota;Alphaproteobacteria;Sphingomonadales;Sphingomonadaceae;Sphingomonas;Sphingomonas koreensis,phenicol,catB,chromosome,2.986,1.375,2.171
Ea.F.2.L.A,C01,Earl,dorm_sample,Bacteria;Pseudomonadota;Alphaproteobacteria;Sphingomonadales;Sphingomonadaceae;Sphingomonas;Sphingomonas sp012650175,aminoglycoside,aph(3')*,chromosome,12.237,7.5,1.632
Ea.F.2.L.A,C01,Earl,dorm_sample,Bacteria;Pseudomonadota;Alphaproteobacteria;Sphingomonadales;Sphingomonadaceae;Sphingomonas;Sphingomonas sp012650175,beta-lactam,bla*,chromosome,6.262,7.5,0.835
Ea.F.2.L.A,C01,Earl,dorm_sample,Bacteria;Pseudomonadota;Alphaproteobacteria;Sphingomonadales;Sphingomonadaceae;Sphingomonas;Sphingomonas sp012650175,defensin,mprF,chromosome,8.348,7.5,1.113
Ea.F.2.L.A,C01,Earl,dorm_sample,Bacteria;Pseudomonadota;Alphaproteobacteria;Sphingomonadales;Sphingomonadaceae;Sphingomonas;Sphingomonas sp943913195,beta-lactam,bla*,chromosome,1,0.375,2.667
Ea.F.2.L.A,C01,Earl,dorm_sample,Bacteria;Pseudomonadota;Alphaproteobacteria;Sphingomonadales;Sphingomonadaceae;Sphingomonas;Sphingomonas sp943913195,phenicol,catB,chromosome,2,0.375,5.333
Ea.F.2.L.A,C01,Earl,dorm_sample,Bacteria;Pseudomonadota;Alphaproteobacteria;Sphingomonadales;Sphingomonadaceae;Sphingomonas;Sphingomonas sp964407945,beta-lactam,bla*,chromosome,1.909,0.25,7.637
Ea.F.2.L.A,C01,Earl,dorm_sample,Bacteria;Pseudomonadota;Alphaproteobacteria;Sphingomonadales;Sphingomonadaceae;Sphingopyxis;Sphingopyxis fribergensis,rifamycin,arr,chromosome,15.168,4.5,3.371
Ea.F.2.L.A,C01,Earl,dorm_sample,Bacteria;Pseudomonadota;Alphaproteobacteria;Sphingomonadales;Sphingomonadaceae;Sphingopyxis;Sphingopyxis soli,beta-lactam,bla*,chromosome,17.398,3.25,5.353
Ea.F.2.L.A,C01,Earl,dorm_sample,Bacteria;Pseudomonadota;Alphaproteobacteria;Sphingomonadales;Sphingomonadaceae;Sphingopyxis;Sphingopyxis soli,defensin,mprF,chromosome,15.471,3.25,4.76
Ea.F.2.L.A,C01,Earl,dorm_sample,Bacteria;Pseudomonadota;Alphaproteobacteria;Sphingomonadales;Sphingomonadaceae;Sphingopyxis;Sphingopyxis sp001468225,rifamycin,arr,chromosome,0.971,3.5,0.277
Ea.F.2.L.A,C01,Earl,dorm_sample,Bacteria;Pseudomonadota;Alphaproteobacteria;Sphingomonadales;Sphingomonadaceae;Sphingopyxis;Sphingopyxis sp001468395,defensin,mprF,chromosome,10.74,21.75,0.494
Ea.F.2.L.A,C01,Earl,dorm_sample,Bacteria;Pseudomonadota;Alphaproteobacteria;Sphingomonadales;Sphingomonadaceae;Sphingopyxis;Sphingopyxis sp014873485,beta-lactam,bla*,chromosome,33.437,18,1.858
Ea.F.2.L.A,C01,Earl,dorm_sample,Bacteria;Pseudomonadota;Alphaproteobacteria;Sphingomonadales;Sphingomonadaceae;Sphingopyxis;Sphingopyxis sp014873485,phenicol,catB,chromosome,1.34,18,0.074
Ea.F.2.L.A,C01,Earl,dorm_sample,Bacteria;Pseudomonadota;Alphaproteobacteria;Sphingomonadales;Sphingomonadaceae;Sphingopyxis;Sphingopyxis sp014873485,rifamycin,arr,chromosome,1.935,18,0.108
Ea.F.2.L.A,C01,Earl,dorm_sample,Bacteria;Pseudomonadota;Alphaproteobacteria;Sphingomonadales;Sphingomonadaceae;Sphingopyxis;Sphingopyxis sp035944815,beta-lactam,bla*,chromosome,9.838,1.375,7.155
Ea.F.2.L.A,C01,Earl,dorm_sample,Bacteria;Pseudomonadota;Alphaproteobacteria;Sphingomonadales;Sphingomonadaceae;Sphingopyxis;Sphingopyxis sp035944815,rifamycin,arr,chromosome,3.857,1.375,2.805
Ea.F.2.L.A,C01,Earl,dorm_sample,Bacteria;Pseudomonadota;Alphaproteobacteria;Sphingomonadales;Sphingomonadaceae;Sphingopyxis;Sphingopyxis sp035998905,beta-lactam,bla*,chromosome,0.997,1,0.997
Ea.F.2.L.A,C01,Earl,dorm_sample,Bacteria;Pseudomonadota;Alphaproteobacteria;Sphingomonadales;Sphingomonadaceae;Sphingopyxis;Sphingopyxis sp035998905,rifamycin,arr,chromosome,0.914,1,0.914
Ea.F.2.L.A,C01,Earl,dorm_sample,Bacteria;Pseudomonadota;Gammaproteobacteria;Burkholderiales;Burkholderiaceae_C;Acidovorax;Acidovorax temperans,beta-lactam,bla*,chromosome,5,3.875,1.29
Ea.F.2.L.A,C01,Earl,dorm_sample,Bacteria;Pseudomonadota;Gammaproteobacteria;Burkholderiales;Burkholderiaceae_C;Acidovorax;Acidovorax temperans,fosfomycin,fosX,chromosome,9,3.875,2.323
Ea.F.2.L.A,C01,Earl,dorm_sample,Bacteria;Pseudomonadota;Gammaproteobacteria;Burkholderiales;Burkholderiaceae_C;Aquabacterium;Aquabacterium soli,beta-lactam,bla*,chromosome,7,2.625,2.667
Ea.F.2.L.A,C01,Earl,dorm_sample,Bacteria;Pseudomonadota;Gammaproteobacteria;Burkholderiales;Burkholderiaceae_C;Aquabacterium;Aquabacterium soli,multidrug,macB,chromosome,3.659,2.625,1.394
Ea.F.2.L.A,C01,Earl,dorm_sample,Bacteria;Pseudomonadota;Gammaproteobacteria;Burkholderiales;Burkholderiaceae_C;Aquabacterium;Aquabacterium sp049322875,multidrug,macB,chromosome,28.378,29.125,0.974
Ea.F.2.L.A,C01,Earl,dorm_sample,Bacteria;Pseudomonadota;Gammaproteobacteria;Burkholderiales;Burkholderiaceae_C;Aquincola;Aquincola tertiaricarbonis_B,beta-lactam,bla*,chromosome,5,1,5
Ea.F.2.L.A,C01,Earl,dorm_sample,Bacteria;Pseudomonadota;Gammaproteobacteria;Burkholderiales;Burkholderiaceae_C;Comamonas;Comamonas sediminis,beta-lactam,bla*,chromosome,7.206,1.625,4.435
Ea.F.2.L.A,C01,Earl,dorm_sample,Bacteria;Pseudomonadota;Gammaproteobacteria;Burkholderiales;Burkholderiaceae_C;Comamonas;Comamonas sediminis,multidrug,macB,chromosome,3.692,1.625,2.272
Ea.F.2.L.A,C01,Earl,dorm_sample,Bacteria;Pseudomonadota;Gammaproteobacteria;Burkholderiales;Burkholderiaceae_C;Comamonas;Comamonas tsuruhatensis,multidrug,macB,chromosome,1,0.375,2.667
Ea.F.2.L.A,C01,Earl,dorm_sample,Bacteria;Pseudomonadota;Gammaproteobacteria;Burkholderiales;Burkholderiaceae_C;Diaphorobacter;Diaphorobacter nitroreducens,beta-lactam,bla*,chromosome,1,1,1
Ea.F.2.L.A,C01,Earl,dorm_sample,Bacteria;Pseudomonadota;Gammaproteobacteria;Burkholderiales;Burkholderiaceae_C;MR-S7;MR-S7 sp000400995,multidrug,macB,chromosome,1,0.25,4
Ea.F.2.L.A,C01,Earl,dorm_sample,Bacteria;Pseudomonadota;Gammaproteobacteria;Xanthomonadales;Rhodanobacteraceae;Dokdonella;Dokdonella sp002483055,beta-lactam,bla*,chromosome,12.341,12.125,1.018
Ea.F.2.L.A,C01,Earl,dorm_sample,Bacteria;Pseudomonadota;Gammaproteobacteria;Xanthomonadales;Rhodanobacteraceae;Dokdonella;Dokdonella sp002483055,defensin,mprF,chromosome,18.34,12.125,1.513
Ea.F.2.L.A,C01,Earl,dorm_sample,Bacteria;Pseudomonadota;Gammaproteobacteria;Xanthomonadales;Rhodanobacteraceae;Dokdonella;Dokdonella sp002483055,multidrug,macB,chromosome,17.982,12.125,1.483
Ea.F.2.L.A,C01,Earl,dorm_sample,Bacteria;Pseudomonadota;Gammaproteobacteria;Xanthomonadales;Xanthomonadaceae;Lysobacter;Lysobacter capsici,defensin,mprF,chromosome,6.658,7.125,0.934
Ea.F.2.L.A,C01,Earl,dorm_sample,Bacteria;Pseudomonadota;Gammaproteobacteria;Xanthomonadales;Xanthomonadaceae;Lysobacter;Lysobacter capsici_A,defensin,mprF,chromosome,2.461,0.75,3.281
Ea.F.2.L.A,C01,Earl,dorm_sample,Bacteria;Pseudomonadota;Gammaproteobacteria;Xanthomonadales;Xanthomonadaceae;Pseudoxanthomonas_A;Pseudoxanthomonas_A beigongshangi,aminoglycoside,aac(6')*,chromosome,8.192,13.25,0.618
Ea.F.2.L.A,C01,Earl,dorm_sample,Bacteria;Pseudomonadota;Gammaproteobacteria;Xanthomonadales;Xanthomonadaceae;Pseudoxanthomonas_A;Pseudoxanthomonas_A beigongshangi,beta-lactam,bla*,chromosome,23.138,13.25,1.746
Ea.F.2.L.A,C01,Earl,dorm_sample,Bacteria;Pseudomonadota;Gammaproteobacteria;Xanthomonadales;Xanthomonadaceae;Pseudoxanthomonas_A;Pseudoxanthomonas_A beigongshangi,multidrug,smeD,chromosome,23.157,13.25,1.748
Ea.F.2.L.A,C01,Earl,dorm_sample,Bacteria;Pseudomonadota;Gammaproteobacteria;Xanthomonadales;Xanthomonadaceae;Pseudoxanthomonas_A;Pseudoxanthomonas_A beigongshangi,multidrug,smeE,chromosome,19.025,13.25,1.436
Ea.F.2.L.A,C01,Earl,dorm_sample,Bacteria;Pseudomonadota;Gammaproteobacteria;Xanthomonadales;Xanthomonadaceae;Pseudoxanthomonas_A;Pseudoxanthomonas_A beigongshangi,rifamycin,arr,chromosome,10.842,13.25,0.818
Ea.F.2.L.A,C01,Earl,dorm_sample,Bacteria;Pseudomonadota;Gammaproteobacteria;Xanthomonadales;Xanthomonadaceae;Pseudoxanthomonas_A;Pseudoxanthomonas_A japonensis,aminoglycoside,aac(6')*,chromosome,2.752,2.125,1.295
Ea.F.2.L.A,C01,Earl,dorm_sample,Bacteria;Pseudomonadota;Gammaproteobacteria;Xanthomonadales;Xanthomonadaceae;Pseudoxanthomonas_A;Pseudoxanthomonas_A japonensis,beta-lactam,blaPJM,chromosome,1.252,2.125,0.589
Ea.F.2.L.A,C01,Earl,dorm_sample,Bacteria;Pseudomonadota;Gammaproteobacteria;Xanthomonadales;Xanthomonadaceae;Pseudoxanthomonas_A;Pseudoxanthomonas_A japonensis,fosfomycin,fosX,chromosome,2,2.125,0.941
Ea.F.2.L.A,C01,Earl,dorm_sample,Bacteria;Pseudomonadota;Gammaproteobacteria;Xanthomonadales;Xanthomonadaceae;Stenotrophomonas;Stenotrophomonas aracearum,beta-lactam,blaL2,chromosome,1,1.625,0.615
Ea.F.2.L.A,C01,Earl,dorm_sample,Bacteria;Pseudomonadota;Gammaproteobacteria;Xanthomonadales;Xanthomonadaceae;Stenotrophomonas;Stenotrophomonas aracearum,defensin,mprF,chromosome,1.546,1.625,0.951
Ea.F.2.L.A,C01,Earl,dorm_sample,Bacteria;Pseudomonadota;Gammaproteobacteria;Xanthomonadales;Xanthomonadaceae;Stenotrophomonas;Stenotrophomonas aracearum,multidrug,emrA,chromosome,2.901,1.625,1.785
Ea.F.2.L.A,C01,Earl,dorm_sample,Bacteria;Pseudomonadota;Gammaproteobacteria;Xanthomonadales;Xanthomonadaceae;Stenotrophomonas;Stenotrophomonas aracearum,multidrug,emrB,chromosome,1.948,1.625,1.199
Ea.F.2.L.A,C01,Earl,dorm_sample,Bacteria;Pseudomonadota;Gammaproteobacteria;Xanthomonadales;Xanthomonadaceae;Stenotrophomonas;Stenotrophomonas aracearum,multidrug,macB,chromosome,3,1.625,1.846
Ea.F.2.L.A,C01,Earl,dorm_sample,Bacteria;Pseudomonadota;Gammaproteobacteria;Xanthomonadales;Xanthomonadaceae;Stenotrophomonas;Stenotrophomonas aracearum,multidrug,smeD,chromosome,0.962,1.625,0.592
Ea.F.2.L.A,C01,Earl,dorm_sample,Bacteria;Pseudomonadota;Gammaproteobacteria;Xanthomonadales;Xanthomonadaceae;Stenotrophomonas;Stenotrophomonas aracearum,multidrug,smeE,chromosome,2.534,1.625,1.56
Ea.F.2.L.A,C01,Earl,dorm_sample,Bacteria;Pseudomonadota;Gammaproteobacteria;Xanthomonadales;Xanthomonadaceae;Stenotrophomonas;Stenotrophomonas aracearum,multidrug,smeH,chromosome,1.652,1.625,1.017
Ea.F.2.L.A,C01,Earl,dorm_sample,Bacteria;Pseudomonadota;Gammaproteobacteria;Xanthomonadales;Xanthomonadaceae;Stenotrophomonas;Stenotrophomonas aracearum,multidrug,smrA,chromosome,2.99,1.625,1.84
Ea.F.2.L.A,C01,Earl,dorm_sample,Bacteria;Pseudomonadota;Gammaproteobacteria;Xanthomonadales;Xanthomonadaceae;Stenotrophomonas;Stenotrophomonas muris,aminoglycoside,aph(6)*,chromosome,2,0.875,2.286
Ea.F.2.L.A,C01,Earl,dorm_sample,Bacteria;Pseudomonadota;Gammaproteobacteria;Xanthomonadales;Xanthomonadaceae;Stenotrophomonas;Stenotrophomonas muris,beta-lactam,blaL2,chromosome,1,0.875,1.143
Ea.F.2.L.A,C01,Earl,dorm_sample,Bacteria;Pseudomonadota;Gammaproteobacteria;Xanthomonadales;Xanthomonadaceae;Stenotrophomonas;Stenotrophomonas muris,multidrug,emrA,chromosome,1,0.875,1.143
Ea.F.2.L.A,C01,Earl,dorm_sample,Bacteria;Pseudomonadota;Gammaproteobacteria;Xanthomonadales;Xanthomonadaceae;Stenotrophomonas;Stenotrophomonas muris,multidrug,emrB,chromosome,1.402,0.875,1.602
Ea.F.2.L.A,C01,Earl,dorm_sample,Bacteria;Pseudomonadota;Gammaproteobacteria;Xanthomonadales;Xanthomonadaceae;Stenotrophomonas;Stenotrophomonas muris,multidrug,emrC,chromosome,1,0.875,1.143
Ea.F.2.L.A,C01,Earl,dorm_sample,Bacteria;Pseudomonadota;Gammaproteobacteria;Xanthomonadales;Xanthomonadaceae;Stenotrophomonas;Stenotrophomonas muris,multidrug,macA,chromosome,0.998,0.875,1.14
Ea.F.2.L.A,C01,Earl,dorm_sample,Bacteria;Pseudomonadota;Gammaproteobacteria;Xanthomonadales;Xanthomonadaceae;Stenotrophomonas;Stenotrophomonas muris,multidrug,macB,chromosome,2.197,0.875,2.511
Ea.F.2.L.A,C01,Earl,dorm_sample,Bacteria;Pseudomonadota;Gammaproteobacteria;Xanthomonadales;Xanthomonadaceae;Stenotrophomonas;Stenotrophomonas muris,multidrug,smeC,chromosome,1.968,0.875,2.249
Ea.F.2.L.A,C01,Earl,dorm_sample,Bacteria;Pseudomonadota;Gammaproteobacteria;Xanthomonadales;Xanthomonadaceae;Stenotrophomonas;Stenotrophomonas muris,multidrug,smeD,chromosome,0.974,0.875,1.113
Ea.F.2.L.A,C01,Earl,dorm_sample,Bacteria;Pseudomonadota;Gammaproteobacteria;Xanthomonadales;Xanthomonadaceae;Stenotrophomonas;Stenotrophomonas muris,multidrug,smeE,chromosome,1.605,0.875,1.834
Ea.F.2.L.A,C01,Earl,dorm_sample,Bacteria;Pseudomonadota;Gammaproteobacteria;Xanthomonadales;Xanthomonadaceae;Stenotrophomonas;Stenotrophomonas muris,multidrug,smeF,chromosome,1.976,0.875,2.259
Ea.F.2.L.A,C01,Earl,dorm_sample,Bacteria;Pseudomonadota;Gammaproteobacteria;Xanthomonadales;Xanthomonadaceae;Stenotrophomonas;Stenotrophomonas muris,multidrug,smeG,chromosome,0.506,0.875,0.578
Ea.F.2.L.A,C01,Earl,dorm_sample,Bacteria;Pseudomonadota;Gammaproteobacteria;Xanthomonadales;Xanthomonadaceae;Stenotrophomonas;Stenotrophomonas muris,multidrug,smeW,chromosome,0.803,0.875,0.918
Ea.F.2.L.A,C01,Earl,dorm_sample,Bacteria;Pseudomonadota;Gammaproteobacteria;Xanthomonadales;Xanthomonadaceae;Stenotrophomonas;Stenotrophomonas muris,multidrug,smeX,chromosome,1,0.875,1.143
Ea.F.2.L.A,C01,Earl,dorm_sample,Bacteria;Pseudomonadota;Gammaproteobacteria;Xanthomonadales;Xanthomonadaceae;Stenotrophomonas;Stenotrophomonas muris,multidrug,smeZ,chromosome,2.382,0.875,2.723
Ea.F.2.L.A,C01,Earl,dorm_sample,Bacteria;Pseudomonadota;Gammaproteobacteria;Xanthomonadales;Xanthomonadaceae;Stenotrophomonas;Stenotrophomonas muris,multidrug,tolC,chromosome,1,0.875,1.143
Ea.F.2.L.A,C01,Earl,dorm_sample,Bacteria;Pseudomonadota;Gammaproteobacteria;Xanthomonadales;Xanthomonadaceae;Stenotrophomonas;Stenotrophomonas muris,quinolone,qnr*,chromosome,2,0.875,2.286
Ea.F.2.L.A,C01,Earl,dorm_sample,Bacteria;Pseudomonadota;Gammaproteobacteria;Xanthomonadales;Xanthomonadaceae;Stenotrophomonas;Stenotrophomonas muris,tetracycline,tcrA,chromosome,2.422,0.875,2.768
Ea.F.2.L.A,C01,Earl,dorm_sample,Bacteria;Pseudomonadota;Gammaproteobacteria;Xanthomonadales;Xanthomonadaceae;Stenotrophomonas;Stenotrophomonas yanglingensis,aminoglycoside,aph(6)*,chromosome,3,3.75,0.8
Ea.F.2.L.A,C01,Earl,dorm_sample,Bacteria;Pseudomonadota;Gammaproteobacteria;Xanthomonadales;Xanthomonadaceae;Stenotrophomonas;Stenotrophomonas yanglingensis,aminoglycoside,aph(9)-I,chromosome,1.595,3.75,0.425
Ea.F.2.L.A,C01,Earl,dorm_sample,Bacteria;Pseudomonadota;Gammaproteobacteria;Xanthomonadales;Xanthomonadaceae;Stenotrophomonas;Stenotrophomonas yanglingensis,beta-lactam,blaL2,chromosome,4.855,3.75,1.295
Ea.F.2.L.A,C01,Earl,dorm_sample,Bacteria;Pseudomonadota;Gammaproteobacteria;Xanthomonadales;Xanthomonadaceae;Stenotrophomonas;Stenotrophomonas yanglingensis,defensin,mprF,chromosome,3.865,3.75,1.031
Ea.F.2.L.A,C01,Earl,dorm_sample,Bacteria;Pseudomonadota;Gammaproteobacteria;Xanthomonadales;Xanthomonadaceae;Stenotrophomonas;Stenotrophomonas yanglingensis,multidrug,emrA,chromosome,3.216,3.75,0.858
Ea.F.2.L.A,C01,Earl,dorm_sample,Bacteria;Pseudomonadota;Gammaproteobacteria;Xanthomonadales;Xanthomonadaceae;Stenotrophomonas;Stenotrophomonas yanglingensis,multidrug,emrB,chromosome,1.29,3.75,0.344
Ea.F.2.L.A,C01,Earl,dorm_sample,Bacteria;Pseudomonadota;Gammaproteobacteria;Xanthomonadales;Xanthomonadaceae;Stenotrophomonas;Stenotrophomonas yanglingensis,multidrug,emrC,chromosome,3.161,3.75,0.843
Ea.F.2.L.A,C01,Earl,dorm_sample,Bacteria;Pseudomonadota;Gammaproteobacteria;Xanthomonadales;Xanthomonadaceae;Stenotrophomonas;Stenotrophomonas yanglingensis,multidrug,macA,chromosome,6.802,3.75,1.814
Ea.F.2.L.A,C01,Earl,dorm_sample,Bacteria;Pseudomonadota;Gammaproteobacteria;Xanthomonadales;Xanthomonadaceae;Stenotrophomonas;Stenotrophomonas yanglingensis,multidrug,macB,chromosome,7.701,3.75,2.054
Ea.F.2.L.A,C01,Earl,dorm_sample,Bacteria;Pseudomonadota;Gammaproteobacteria;Xanthomonadales;Xanthomonadaceae;Stenotrophomonas;Stenotrophomonas yanglingensis,multidrug,macC,chromosome,5.496,3.75,1.466
Ea.F.2.L.A,C01,Earl,dorm_sample,Bacteria;Pseudomonadota;Gammaproteobacteria;Xanthomonadales;Xanthomonadaceae;Stenotrophomonas;Stenotrophomonas yanglingensis,multidrug,mfsA,chromosome,2.097,3.75,0.559
Ea.F.2.L.A,C01,Earl,dorm_sample,Bacteria;Pseudomonadota;Gammaproteobacteria;Xanthomonadales;Xanthomonadaceae;Stenotrophomonas;Stenotrophomonas yanglingensis,multidrug,smeD,chromosome,2.128,3.75,0.567
Ea.F.2.L.A,C01,Earl,dorm_sample,Bacteria;Pseudomonadota;Gammaproteobacteria;Xanthomonadales;Xanthomonadaceae;Stenotrophomonas;Stenotrophomonas yanglingensis,multidrug,smeE,chromosome,3.317,3.75,0.885
Ea.F.2.L.A,C01,Earl,dorm_sample,Bacteria;Pseudomonadota;Gammaproteobacteria;Xanthomonadales;Xanthomonadaceae;Stenotrophomonas;Stenotrophomonas yanglingensis,multidrug,smeF,chromosome,5.201,3.75,1.387
Ea.F.2.L.A,C01,Earl,dorm_sample,Bacteria;Pseudomonadota;Gammaproteobacteria;Xanthomonadales;Xanthomonadaceae;Stenotrophomonas;Stenotrophomonas yanglingensis,multidrug,smeG,chromosome,2.525,3.75,0.673
Ea.F.2.L.A,C01,Earl,dorm_sample,Bacteria;Pseudomonadota;Gammaproteobacteria;Xanthomonadales;Xanthomonadaceae;Stenotrophomonas;Stenotrophomonas yanglingensis,multidrug,smeH,chromosome,4.131,3.75,1.101
Ea.F.2.L.A,C01,Earl,dorm_sample,Bacteria;Pseudomonadota;Gammaproteobacteria;Xanthomonadales;Xanthomonadaceae;Stenotrophomonas;Stenotrophomonas yanglingensis,multidrug,smeI,chromosome,4.855,3.75,1.295
Ea.F.2.L.A,C01,Earl,dorm_sample,Bacteria;Pseudomonadota;Gammaproteobacteria;Xanthomonadales;Xanthomonadaceae;Stenotrophomonas;Stenotrophomonas yanglingensis,multidrug,smeJ,chromosome,4.023,3.75,1.073
Ea.F.2.L.A,C01,Earl,dorm_sample,Bacteria;Pseudomonadota;Gammaproteobacteria;Xanthomonadales;Xanthomonadaceae;Stenotrophomonas;Stenotrophomonas yanglingensis,multidrug,smeK,chromosome,3.932,3.75,1.048
Ea.F.2.L.A,C01,Earl,dorm_sample,Bacteria;Pseudomonadota;Gammaproteobacteria;Xanthomonadales;Xanthomonadaceae;Stenotrophomonas;Stenotrophomonas yanglingensis,multidrug,smeP,chromosome,2.933,3.75,0.782
Ea.F.2.L.A,C01,Earl,dorm_sample,Bacteria;Pseudomonadota;Gammaproteobacteria;Xanthomonadales;Xanthomonadaceae;Stenotrophomonas;Stenotrophomonas yanglingensis,multidrug,smeV,chromosome,2.91,3.75,0.776
Ea.F.2.L.A,C01,Earl,dorm_sample,Bacteria;Pseudomonadota;Gammaproteobacteria;Xanthomonadales;Xanthomonadaceae;Stenotrophomonas;Stenotrophomonas yanglingensis,multidrug,smeW,chromosome,5.06,3.75,1.349
Ea.F.2.L.A,C01,Earl,dorm_sample,Bacteria;Pseudomonadota;Gammaproteobacteria;Xanthomonadales;Xanthomonadaceae;Stenotrophomonas;Stenotrophomonas yanglingensis,multidrug,smeX,chromosome,3.587,3.75,0.956
Ea.F.2.L.A,C01,Earl,dorm_sample,Bacteria;Pseudomonadota;Gammaproteobacteria;Xanthomonadales;Xanthomonadaceae;Stenotrophomonas;Stenotrophomonas yanglingensis,multidrug,smeY,chromosome,3.625,3.75,0.967
Ea.F.2.L.A,C01,Earl,dorm_sample,Bacteria;Pseudomonadota;Gammaproteobacteria;Xanthomonadales;Xanthomonadaceae;Stenotrophomonas;Stenotrophomonas yanglingensis,multidrug,smeZ,chromosome,4.541,3.75,1.211
Ea.F.2.L.A,C01,Earl,dorm_sample,Bacteria;Pseudomonadota;Gammaproteobacteria;Xanthomonadales;Xanthomonadaceae;Stenotrophomonas;Stenotrophomonas yanglingensis,multidrug,smrA,chromosome,2.547,3.75,0.679
Ea.F.2.L.A,C01,Earl,dorm_sample,Bacteria;Pseudomonadota;Gammaproteobacteria;Xanthomonadales;Xanthomonadaceae;Stenotrophomonas;Stenotrophomonas yanglingensis,multidrug,tolC,chromosome,5.23,3.75,1.395
Ea.F.2.L.A,C01,Earl,dorm_sample,Bacteria;Pseudomonadota;Gammaproteobacteria;Xanthomonadales;Xanthomonadaceae;Stenotrophomonas;Stenotrophomonas yanglingensis,phenicol,cml*,chromosome,3.512,3.75,0.937
Ea.F.2.L.A,C01,Earl,dorm_sample,Bacteria;Pseudomonadota;Gammaproteobacteria;Xanthomonadales;Xanthomonadaceae;Stenotrophomonas;Stenotrophomonas yanglingensis,quinolone,qnr*,chromosome,8.557,3.75,2.282
Ea.F.2.L.A,C01,Earl,dorm_sample,Bacteria;Pseudomonadota;Gammaproteobacteria;Xanthomonadales;Xanthomonadaceae;Stenotrophomonas;Stenotrophomonas yanglingensis,rifamycin,arr,chromosome,5,3.75,1.333
Ea.F.2.L.A,C01,Earl,dorm_sample,Bacteria;Pseudomonadota;Gammaproteobacteria;Xanthomonadales;Xanthomonadaceae;Stenotrophomonas;Stenotrophomonas yanglingensis,tetracycline,tcrA,chromosome,6.371,3.75,1.699
Ea.F.2.L.A,C01,Earl,dorm_sample,unclassified,aminoglycoside,aac(3)*,chromosome,2,0,0
Ea.F.2.L.A,C01,Earl,dorm_sample,unclassified,aminoglycoside,aac(6')*,chromosome,1,0,0
Ea.F.2.L.A,C01,Earl,dorm_sample,unclassified,aminoglycoside,ant(3'')-I,plasmid,0.954,0,0
Ea.F.2.L.A,C01,Earl,dorm_sample,unclassified,aminoglycoside,aph(3')*,chromosome,1,0,0
Ea.F.2.L.A,C01,Earl,dorm_sample,unclassified,beta-lactam,bla*,chromosome,49.062,0,0
Ea.F.2.L.A,C01,Earl,dorm_sample,unclassified,beta-lactam,blaGMB,chromosome,2,0,0
Ea.F.2.L.A,C01,Earl,dorm_sample,unclassified,beta-lactam,blaIND,chromosome,1.296,0,0
Ea.F.2.L.A,C01,Earl,dorm_sample,unclassified,defensin,mprF,chromosome,4.739,0,0
Ea.F.2.L.A,C01,Earl,dorm_sample,unclassified,multidrug,macB,chromosome,5.952,0,0
Ea.F.2.L.A,C01,Earl,dorm_sample,unclassified,multidrug,macC,chromosome,1,0,0
Ea.F.2.L.A,C01,Earl,dorm_sample,unclassified,multidrug,mdtN,chromosome,4,0,0
Ea.F.2.L.A,C01,Earl,dorm_sample,unclassified,multidrug,smeP,chromosome,1.998,0,0
Ea.F.2.L.A,C01,Earl,dorm_sample,unclassified,multidrug,smeW,chromosome,0.968,0,0
Ea.F.2.L.A,C01,Earl,dorm_sample,unclassified,phenicol,catB,chromosome,1.995,0,0
Ea.F.2.L.A,C01,Earl,dorm_sample,unclassified,rifamycin,arr,chromosome,9.084,0,0
Ea.F.2.L.A,C01,Earl,dorm_sample,unclassified,tetracycline,tet*,chromosome,1.649,0,0
Ea.F.2.H.B,C02,Earl,dorm_sample,Bacteria;Actinomycetota;Actinomycetes;Actinomycetales;Microbacteriaceae;Microbacterium;Microbacterium sp003248845,rifamycin,helR,chromosome,2,1.125,1.778
Ea.F.2.H.B,C02,Earl,dorm_sample,Bacteria;Actinomycetota;Actinomycetes;Mycobacteriales;Mycobacteriaceae;Mycobacterium;Mycobacterium fortuitum,aminoglycoside,aac(2')-I,chromosome,3.569,2.125,1.68
Ea.F.2.H.B,C02,Earl,dorm_sample,Bacteria;Actinomycetota;Actinomycetes;Mycobacteriales;Mycobacteriaceae;Mycobacterium;Mycobacterium fortuitum,aminoglycoside,aph(3'')-I,chromosome,1,2.125,0.471
Ea.F.2.H.B,C02,Earl,dorm_sample,Bacteria;Actinomycetota;Actinomycetes;Mycobacteriales;Mycobacteriaceae;Mycobacterium;Mycobacterium fortuitum,aminoglycoside,eis,chromosome,2.634,2.125,1.239
Ea.F.2.H.B,C02,Earl,dorm_sample,Bacteria;Actinomycetota;Actinomycetes;Mycobacteriales;Mycobacteriaceae;Mycobacterium;Mycobacterium fortuitum,beta-lactam,blaF,chromosome,2.541,2.125,1.196
Ea.F.2.H.B,C02,Earl,dorm_sample,Bacteria;Actinomycetota;Actinomycetes;Mycobacteriales;Mycobacteriaceae;Mycobacterium;Mycobacterium fortuitum,macrolide-lincosamide-streptogramin,erm(39),chromosome,2,2.125,0.941
Ea.F.2.H.B,C02,Earl,dorm_sample,Bacteria;Actinomycetota;Actinomycetes;Mycobacteriales;Mycobacteriaceae;Mycobacterium;Mycobacterium fortuitum,multidrug,lfrA,chromosome,1.378,2.125,0.648
Ea.F.2.H.B,C02,Earl,dorm_sample,Bacteria;Actinomycetota;Actinomycetes;Mycobacteriales;Mycobacteriaceae;Mycobacterium;Mycobacterium fortuitum,multidrug,tap,chromosome,2.188,2.125,1.03
Ea.F.2.H.B,C02,Earl,dorm_sample,Bacteria;Actinomycetota;Actinomycetes;Mycobacteriales;Mycobacteriaceae;Mycobacterium;Mycobacterium fortuitum,rifamycin,arr,chromosome,2,2.125,0.941
Ea.F.2.H.B,C02,Earl,dorm_sample,Bacteria;Actinomycetota;Actinomycetes;Mycobacteriales;Mycobacteriaceae;Mycobacterium;Mycobacterium fortuitum,rifamycin,helR,chromosome,1,2.125,0.471
Ea.F.2.H.B,C02,Earl,dorm_sample,Bacteria;Actinomycetota;Actinomycetes;Mycobacteriales;Mycobacteriaceae;Mycobacterium;Mycobacterium fortuitum,rifamycin,rox,chromosome,3.065,2.125,1.442
Ea.F.2.H.B,C02,Earl,dorm_sample,Bacteria;Actinomycetota;Actinomycetes;Mycobacteriales;Mycobacteriaceae;Mycobacterium;Mycobacterium fortuitum,tetracycline,tet(V),chromosome,3,2.125,1.412
Ea.F.2.H.B,C02,Earl,dorm_sample,Bacteria;Actinomycetota;Actinomycetes;Mycobacteriales;Mycobacteriaceae;Mycobacterium;Mycobacterium fortuitum,tuberactinomycin,vph,chromosome,1.987,2.125,0.935
Ea.F.2.H.B,C02,Earl,dorm_sample,Bacteria;Actinomycetota;Actinomycetes;Mycobacteriales;Mycobacteriaceae;Mycobacterium;Mycobacterium phocaicum,beta-lactam,bla*,chromosome,14.358,8,1.795
Ea.F.2.H.B,C02,Earl,dorm_sample,Bacteria;Actinomycetota;Actinomycetes;Mycobacteriales;Mycobacteriaceae;Mycobacterium;Mycobacterium phocaicum,defensin,lysX,chromosome,8.727,8,1.091
Ea.F.2.H.B,C02,Earl,dorm_sample,Bacteria;Actinomycetota;Actinomycetes;Mycobacteriales;Mycobacteriaceae;Mycobacterium;Mycobacterium phocaicum,multidrug,lfrA,chromosome,9.522,8,1.19
Ea.F.2.H.B,C02,Earl,dorm_sample,Bacteria;Actinomycetota;Actinomycetes;Mycobacteriales;Mycobacteriaceae;Mycobacterium;Mycobacterium phocaicum,rifamycin,arr,chromosome,11.934,8,1.492
Ea.F.2.H.B,C02,Earl,dorm_sample,Bacteria;Actinomycetota;Actinomycetes;Mycobacteriales;Mycobacteriaceae;Mycobacterium;Mycobacterium phocaicum,tetracycline,tet(V),chromosome,3.852,8,0.482
Ea.F.2.H.B,C02,Earl,dorm_sample,Bacteria;Actinomycetota;Actinomycetes;Mycobacteriales;Mycobacteriaceae;Mycobacterium;Mycobacterium sp018326285,defensin,lysX,chromosome,8.507,2.375,3.582
Ea.F.2.H.B,C02,Earl,dorm_sample,Bacteria;Actinomycetota;Actinomycetes;Mycobacteriales;Mycobacteriaceae;Mycobacterium;Mycobacterium sp018326285,multidrug,lfrA,chromosome,5.19,2.375,2.185
Ea.F.2.H.B,C02,Earl,dorm_sample,Bacteria;Actinomycetota;Actinomycetes;Mycobacteriales;Mycobacteriaceae;Mycobacterium;Mycobacterium sp018326285,rifamycin,arr,chromosome,9,2.375,3.789
Ea.F.2.H.B,C02,Earl,dorm_sample,Bacteria;Actinomycetota;Actinomycetes;Mycobacteriales;Mycobacteriaceae;Mycobacterium;Mycobacterium sp018326285,tetracycline,tet(V),chromosome,7.691,2.375,3.238
Ea.F.2.H.B,C02,Earl,dorm_sample,Bacteria;Bacteroidota;Bacteroidia;Chitinophagales;Chitinophagaceae;Flavihumibacter;Flavihumibacter sp016787265,aminoglycoside,aph(3')*,chromosome,1,3.5,0.286
Ea.F.2.H.B,C02,Earl,dorm_sample,Bacteria;Bacteroidota;Bacteroidia;Flavobacteriales;Weeksellaceae;Chryseobacterium;Chryseobacterium hispalense,beta-lactam,bla*,chromosome,1,0.25,4
Ea.F.2.H.B,C02,Earl,dorm_sample,Bacteria;Pseudomonadota;Alphaproteobacteria;Caulobacterales;Caulobacteraceae;Brevundimonas;Brevundimonas sp002479495,beta-lactam,bla*,chromosome,1,0.75,1.333
Ea.F.2.H.B,C02,Earl,dorm_sample,Bacteria;Pseudomonadota;Alphaproteobacteria;Caulobacterales;Caulobacteraceae;Phenylobacterium;Phenylobacterium haematophilum,phenicol,cml*,chromosome,3.309,2.125,1.557
Ea.F.2.H.B,C02,Earl,dorm_sample,Bacteria;Pseudomonadota;Alphaproteobacteria;Caulobacterales;Caulobacteraceae;Phenylobacterium;Phenylobacterium sp018240795,rifamycin,arr,chromosome,3.933,0.625,6.293
Ea.F.2.H.B,C02,Earl,dorm_sample,Bacteria;Pseudomonadota;Alphaproteobacteria;Caulobacterales;Caulobacteraceae;Phenylobacterium;Phenylobacterium sp049445735,beta-lactam,bla*,chromosome,3,0.75,4
Ea.F.2.H.B,C02,Earl,dorm_sample,Bacteria;Pseudomonadota;Alphaproteobacteria;Rhizobiales;Beijerinckiaceae;Microvirga;Microvirga mediterraneensis,fosfomycin,fosX,chromosome,1,0.25,4
Ea.F.2.H.B,C02,Earl,dorm_sample,Bacteria;Pseudomonadota;Alphaproteobacteria;Sphingomonadales;Sphingomonadaceae;Blastomonas;Blastomonas ursincola,aminoglycoside,aac(3)*,chromosome,1,0.25,4
Ea.F.2.H.B,C02,Earl,dorm_sample,Bacteria;Pseudomonadota;Alphaproteobacteria;Sphingomonadales;Sphingomonadaceae;Sphingomonas;Sphingomonas sp001555965,aminoglycoside,aac(3)-I,chromosome,2,0.375,5.333
Ea.F.2.H.B,C02,Earl,dorm_sample,Bacteria;Pseudomonadota;Alphaproteobacteria;Sphingomonadales;Sphingomonadaceae;Sphingomonas;Sphingomonas sp943913195,beta-lactam,bla*,chromosome,1,0.875,1.143
Ea.F.2.H.B,C02,Earl,dorm_sample,Bacteria;Pseudomonadota;Gammaproteobacteria;Burkholderiales;Burkholderiaceae;Cupriavidus;Cupriavidus pauculus_C,beta-lactam,bla*,chromosome,5.092,1.75,2.909
Ea.F.2.H.B,C02,Earl,dorm_sample,Bacteria;Pseudomonadota;Gammaproteobacteria;Burkholderiales;Burkholderiaceae;Cupriavidus;Cupriavidus pauculus_C,beta-lactam,blaOXA,chromosome,4.912,1.75,2.807
Ea.F.2.H.B,C02,Earl,dorm_sample,Bacteria;Pseudomonadota;Gammaproteobacteria;Burkholderiales;Burkholderiaceae_D;Telluria;Telluria sp050586525,aminoglycoside,aac(3)*,chromosome,0.985,0.375,2.627
Ea.F.2.H.B,C02,Earl,dorm_sample,Bacteria;Pseudomonadota;Gammaproteobacteria;Burkholderiales;Burkholderiaceae_D;Telluria;Telluria sp050586525,aminoglycoside,aph(3')-I,chromosome,1,0.375,2.667
Ea.F.2.H.B,C02,Earl,dorm_sample,Bacteria;Pseudomonadota;Gammaproteobacteria;Pseudomonadales;Moraxellaceae;Acinetobacter;Acinetobacter junii,multidrug,macA,chromosome,2.167,2.375,0.913
Ea.F.2.H.B,C02,Earl,dorm_sample,Bacteria;Pseudomonadota;Gammaproteobacteria;Pseudomonadales;Moraxellaceae;Acinetobacter;Acinetobacter junii,multidrug,macB,chromosome,2.454,2.375,1.033
Ea.F.2.H.B,C02,Earl,dorm_sample,Bacteria;Pseudomonadota;Gammaproteobacteria;Pseudomonadales;Pseudomonadaceae;Aquipseudomonas;Aquipseudomonas alcaligenes,multidrug,mexE,chromosome,0.998,0.25,3.99
Ea.F.2.H.B,C02,Earl,dorm_sample,Bacteria;Pseudomonadota;Gammaproteobacteria;Pseudomonadales;Pseudomonadaceae;Aquipseudomonas;Aquipseudomonas subflava,beta-lactam,bla*,chromosome,2.157,0.875,2.465
Ea.F.2.H.B,C02,Earl,dorm_sample,Bacteria;Pseudomonadota;Gammaproteobacteria;Xanthomonadales;Xanthomonadaceae;Pseudoxanthomonas;Pseudoxanthomonas kaohsiungensis,aminoglycoside,aac(6')*,chromosome,4.205,2.625,1.602
Ea.F.2.H.B,C02,Earl,dorm_sample,Bacteria;Pseudomonadota;Gammaproteobacteria;Xanthomonadales;Xanthomonadaceae;Pseudoxanthomonas;Pseudoxanthomonas kaohsiungensis,beta-lactam,bla*,chromosome,1.226,2.625,0.467
Ea.F.2.H.B,C02,Earl,dorm_sample,Bacteria;Pseudomonadota;Gammaproteobacteria;Xanthomonadales;Xanthomonadaceae;Pseudoxanthomonas;Pseudoxanthomonas kaohsiungensis,rifamycin,arr,chromosome,1,2.625,0.381
Ea.F.2.H.B,C02,Earl,dorm_sample,Bacteria;Pseudomonadota;Gammaproteobacteria;Xanthomonadales;Xanthomonadaceae;Pseudoxanthomonas_A;Pseudoxanthomonas_A japonensis,beta-lactam,blaPJM,chromosome,5.924,4.5,1.316
Ea.F.2.H.B,C02,Earl,dorm_sample,Bacteria;Pseudomonadota;Gammaproteobacteria;Xanthomonadales;Xanthomonadaceae;Pseudoxanthomonas_A;Pseudoxanthomonas_A japonensis,fosfomycin,fosX,chromosome,9.583,4.5,2.13
Ea.F.2.H.B,C02,Earl,dorm_sample,Bacteria;Pseudomonadota;Gammaproteobacteria;Xanthomonadales;Xanthomonadaceae;Pseudoxanthomonas_A;Pseudoxanthomonas_A mexicana,aminoglycoside,aac(3)-I,chromosome,4.948,3.125,1.583
Ea.F.2.H.B,C02,Earl,dorm_sample,Bacteria;Pseudomonadota;Gammaproteobacteria;Xanthomonadales;Xanthomonadaceae;Pseudoxanthomonas_A;Pseudoxanthomonas_A mexicana,aminoglycoside,aac(6')*,chromosome,2.866,3.125,0.917
Ea.F.2.H.B,C02,Earl,dorm_sample,Bacteria;Pseudomonadota;Gammaproteobacteria;Xanthomonadales;Xanthomonadaceae;Pseudoxanthomonas_A;Pseudoxanthomonas_A mexicana,beta-lactam,bla*,chromosome,3.56,3.125,1.139
Ea.F.2.H.B,C02,Earl,dorm_sample,Bacteria;Pseudomonadota;Gammaproteobacteria;Xanthomonadales;Xanthomonadaceae;Pseudoxanthomonas_A;Pseudoxanthomonas_A mexicana,rifamycin,arr,chromosome,3,3.125,0.96
Ea.F.2.H.B,C02,Earl,dorm_sample,Bacteria;Pseudomonadota;Gammaproteobacteria;Xanthomonadales;Xanthomonadaceae;Stenotrophomonas;Stenotrophomonas muris,aminoglycoside,aph(3')-II,chromosome,2.596,1,2.596
Ea.F.2.H.B,C02,Earl,dorm_sample,Bacteria;Pseudomonadota;Gammaproteobacteria;Xanthomonadales;Xanthomonadaceae;Stenotrophomonas;Stenotrophomonas muris,aminoglycoside,aph(6)*,chromosome,0.941,1,0.941
Ea.F.2.H.B,C02,Earl,dorm_sample,Bacteria;Pseudomonadota;Gammaproteobacteria;Xanthomonadales;Xanthomonadaceae;Stenotrophomonas;Stenotrophomonas muris,aminoglycoside,aph(9)-I,chromosome,1,1,1
Ea.F.2.H.B,C02,Earl,dorm_sample,Bacteria;Pseudomonadota;Gammaproteobacteria;Xanthomonadales;Xanthomonadaceae;Stenotrophomonas;Stenotrophomonas muris,beta-lactam,blaL2,chromosome,1,1,1
Ea.F.2.H.B,C02,Earl,dorm_sample,Bacteria;Pseudomonadota;Gammaproteobacteria;Xanthomonadales;Xanthomonadaceae;Stenotrophomonas;Stenotrophomonas muris,colistin,eptA,chromosome,2,1,2
Ea.F.2.H.B,C02,Earl,dorm_sample,Bacteria;Pseudomonadota;Gammaproteobacteria;Xanthomonadales;Xanthomonadaceae;Stenotrophomonas;Stenotrophomonas muris,defensin,mprF,chromosome,1,1,1
Ea.F.2.H.B,C02,Earl,dorm_sample,Bacteria;Pseudomonadota;Gammaproteobacteria;Xanthomonadales;Xanthomonadaceae;Stenotrophomonas;Stenotrophomonas muris,multidrug,emrA,chromosome,1.412,1,1.412
Ea.F.2.H.B,C02,Earl,dorm_sample,Bacteria;Pseudomonadota;Gammaproteobacteria;Xanthomonadales;Xanthomonadaceae;Stenotrophomonas;Stenotrophomonas muris,multidrug,emrB,chromosome,2,1,2
Ea.F.2.H.B,C02,Earl,dorm_sample,Bacteria;Pseudomonadota;Gammaproteobacteria;Xanthomonadales;Xanthomonadaceae;Stenotrophomonas;Stenotrophomonas muris,multidrug,macA,chromosome,1.667,1,1.667
Ea.F.2.H.B,C02,Earl,dorm_sample,Bacteria;Pseudomonadota;Gammaproteobacteria;Xanthomonadales;Xanthomonadaceae;Stenotrophomonas;Stenotrophomonas muris,multidrug,macB,chromosome,3.338,1,3.338
Ea.F.2.H.B,C02,Earl,dorm_sample,Bacteria;Pseudomonadota;Gammaproteobacteria;Xanthomonadales;Xanthomonadaceae;Stenotrophomonas;Stenotrophomonas muris,multidrug,macC,chromosome,2.767,1,2.767
Ea.F.2.H.B,C02,Earl,dorm_sample,Bacteria;Pseudomonadota;Gammaproteobacteria;Xanthomonadales;Xanthomonadaceae;Stenotrophomonas;Stenotrophomonas muris,multidrug,mfsA,chromosome,2,1,2
Ea.F.2.H.B,C02,Earl,dorm_sample,Bacteria;Pseudomonadota;Gammaproteobacteria;Xanthomonadales;Xanthomonadaceae;Stenotrophomonas;Stenotrophomonas muris,multidrug,smeA,chromosome,1,1,1
Ea.F.2.H.B,C02,Earl,dorm_sample,Bacteria;Pseudomonadota;Gammaproteobacteria;Xanthomonadales;Xanthomonadaceae;Stenotrophomonas;Stenotrophomonas muris,multidrug,smeB,chromosome,1,1,1
Ea.F.2.H.B,C02,Earl,dorm_sample,Bacteria;Pseudomonadota;Gammaproteobacteria;Xanthomonadales;Xanthomonadaceae;Stenotrophomonas;Stenotrophomonas muris,multidrug,smeD,chromosome,1.948,1,1.948
Ea.F.2.H.B,C02,Earl,dorm_sample,Bacteria;Pseudomonadota;Gammaproteobacteria;Xanthomonadales;Xanthomonadaceae;Stenotrophomonas;Stenotrophomonas muris,multidrug,smeV,chromosome,1,1,1
Ea.F.2.H.B,C02,Earl,dorm_sample,Bacteria;Pseudomonadota;Gammaproteobacteria;Xanthomonadales;Xanthomonadaceae;Stenotrophomonas;Stenotrophomonas muris,multidrug,smeW,chromosome,1.867,1,1.867
Ea.F.2.H.B,C02,Earl,dorm_sample,Bacteria;Pseudomonadota;Gammaproteobacteria;Xanthomonadales;Xanthomonadaceae;Stenotrophomonas;Stenotrophomonas muris,multidrug,smeY,chromosome,0.929,1,0.929
Ea.F.2.H.B,C02,Earl,dorm_sample,Bacteria;Pseudomonadota;Gammaproteobacteria;Xanthomonadales;Xanthomonadaceae;Stenotrophomonas;Stenotrophomonas muris,multidrug,smeZ,chromosome,1.073,1,1.073
Ea.F.2.H.B,C02,Earl,dorm_sample,Bacteria;Pseudomonadota;Gammaproteobacteria;Xanthomonadales;Xanthomonadaceae;Stenotrophomonas;Stenotrophomonas muris,multidrug,smrA,chromosome,2.464,1,2.464
Ea.F.2.H.B,C02,Earl,dorm_sample,Bacteria;Pseudomonadota;Gammaproteobacteria;Xanthomonadales;Xanthomonadaceae;Stenotrophomonas;Stenotrophomonas muris,quinolone,qnr*,chromosome,2,1,2
Ea.F.2.H.B,C02,Earl,dorm_sample,Bacteria;Pseudomonadota;Gammaproteobacteria;Xanthomonadales;Xanthomonadaceae;Stenotrophomonas;Stenotrophomonas muris,rifamycin,arr,chromosome,1,1,1
Ea.F.2.H.B,C02,Earl,dorm_sample,Bacteria;Pseudomonadota;Gammaproteobacteria;Xanthomonadales;Xanthomonadaceae;Stenotrophomonas;Stenotrophomonas muris,tetracycline,tcrA,chromosome,1.186,1,1.186
Ea.F.2.H.B,C02,Earl,dorm_sample,unclassified,aminoglycoside,aac(3)-I,chromosome,2,0,0
Ea.F.2.H.B,C02,Earl,dorm_sample,unclassified,aminoglycoside,aac(6')*,chromosome,2,0,0
Ea.F.2.H.B,C02,Earl,dorm_sample,unclassified,aminoglycoside,eis,chromosome,2.677,0,0
Ea.F.2.H.B,C02,Earl,dorm_sample,unclassified,beta-lactam,bla*,chromosome,7,0,0
Ea.F.2.H.B,C02,Earl,dorm_sample,unclassified,beta-lactam,blaCHM,chromosome,1,0,0
Ea.F.2.H.B,C02,Earl,dorm_sample,unclassified,beta-lactam,blaL2,chromosome,0.993,0,0
Ea.F.2.H.B,C02,Earl,dorm_sample,unclassified,defensin,mprF,chromosome,0.989,0,0
Ea.F.2.H.B,C02,Earl,dorm_sample,unclassified,macrolide-lincosamide-streptogramin,erm(55),plasmid,1,0,0
Ea.F.2.H.B,C02,Earl,dorm_sample,unclassified,multidrug,lfrA,chromosome,1,0,0
Ea.F.2.H.B,C02,Earl,dorm_sample,unclassified,multidrug,macB,chromosome,0.962,0,0
Ea.F.2.H.B,C02,Earl,dorm_sample,unclassified,multidrug,smeC,chromosome,1,0,0
Ea.F.2.H.B,C02,Earl,dorm_sample,unclassified,multidrug,smeI,chromosome,2,0,0
Ea.F.2.H.B,C02,Earl,dorm_sample,unclassified,multidrug,smeJ,chromosome,1.243,0,0
Ea.F.2.H.B,C02,Earl,dorm_sample,unclassified,multidrug,smeK,chromosome,2.206,0,0
Ea.F.2.H.B,C02,Earl,dorm_sample,unclassified,multidrug,smeO,chromosome,1,0,0
Ea.F.2.H.B,C02,Earl,dorm_sample,unclassified,multidrug,tolC,chromosome,2,0,0
Ea.F.2.H.B,C02,Earl,dorm_sample,unclassified,rifamycin,arr,chromosome,6,0,0
Ea.F.2.H.B,C02,Earl,dorm_sample,unclassified,sulfonamide,sul4,plasmid,1,0,0
Ea.F.2.H.B,C02,Earl,dorm_sample,unclassified,tetracycline,tet(30),chromosome,1,0,0
Te.F.2.L.B,C03,Teal,dorm_sample,Bacteria;Actinomycetota;Actinomycetes;Mycobacteriales;Mycobacteriaceae;Mycobacterium;Mycobacterium fortuitum,aminoglycoside,aac(2')-I,chromosome,2.426,2.5,0.97
Te.F.2.L.B,C03,Teal,dorm_sample,Bacteria;Actinomycetota;Actinomycetes;Mycobacteriales;Mycobacteriaceae;Mycobacterium;Mycobacterium fortuitum,beta-lactam,blaF,chromosome,4,2.5,1.6
Te.F.2.L.B,C03,Teal,dorm_sample,Bacteria;Actinomycetota;Actinomycetes;Mycobacteriales;Mycobacteriaceae;Mycobacterium;Mycobacterium fortuitum,defensin,lysX,chromosome,2.299,2.5,0.92
Te.F.2.L.B,C03,Teal,dorm_sample,Bacteria;Actinomycetota;Actinomycetes;Mycobacteriales;Mycobacteriaceae;Mycobacterium;Mycobacterium fortuitum,macrolide-lincosamide-streptogramin,erm(39),chromosome,3,2.5,1.2
Te.F.2.L.B,C03,Teal,dorm_sample,Bacteria;Actinomycetota;Actinomycetes;Mycobacteriales;Mycobacteriaceae;Mycobacterium;Mycobacterium fortuitum,multidrug,tap,chromosome,2.822,2.5,1.129
Te.F.2.L.B,C03,Teal,dorm_sample,Bacteria;Actinomycetota;Actinomycetes;Mycobacteriales;Mycobacteriaceae;Mycobacterium;Mycobacterium fortuitum,rifamycin,arr,chromosome,7,2.5,2.8
Te.F.2.L.B,C03,Teal,dorm_sample,Bacteria;Actinomycetota;Actinomycetes;Mycobacteriales;Mycobacteriaceae;Mycobacterium;Mycobacterium fortuitum,rifamycin,helR,chromosome,1.562,2.5,0.625
Te.F.2.L.B,C03,Teal,dorm_sample,Bacteria;Actinomycetota;Actinomycetes;Mycobacteriales;Mycobacteriaceae;Mycobacterium;Mycobacterium fortuitum,rifamycin,rox,chromosome,1.489,2.5,0.595
Te.F.2.L.B,C03,Teal,dorm_sample,Bacteria;Actinomycetota;Actinomycetes;Mycobacteriales;Mycobacteriaceae;Mycobacterium;Mycobacterium fortuitum,tetracycline,tet(V),chromosome,1.578,2.5,0.631
Te.F.2.L.B,C03,Teal,dorm_sample,Bacteria;Actinomycetota;Actinomycetes;Mycobacteriales;Mycobacteriaceae;Mycobacterium;Mycobacterium fortuitum,tuberactinomycin,vph,chromosome,4.137,2.5,1.655
Te.F.2.L.B,C03,Teal,dorm_sample,Bacteria;Actinomycetota;Actinomycetes;Mycobacteriales;Mycobacteriaceae;Mycobacterium;Mycobacterium gordonae_B,rifamycin,helR,chromosome,1,1.375,0.727
Te.F.2.L.B,C03,Teal,dorm_sample,Bacteria;Actinomycetota;Actinomycetes;Mycobacteriales;Mycobacteriaceae;Mycobacterium;Mycobacterium paragordonae,beta-lactam,bla*,chromosome,1,0.875,1.143
Te.F.2.L.B,C03,Teal,dorm_sample,Bacteria;Actinomycetota;Actinomycetes;Mycobacteriales;Mycobacteriaceae;Mycobacterium;Mycobacterium paragordonae,multidrug,tap,chromosome,1,0.875,1.143
Te.F.2.L.B,C03,Teal,dorm_sample,Bacteria;Actinomycetota;Actinomycetes;Mycobacteriales;Mycobacteriaceae;Mycobacterium;Mycobacterium paragordonae,rifamycin,helR,chromosome,1,0.875,1.143
Te.F.2.L.B,C03,Teal,dorm_sample,Bacteria;Actinomycetota;Actinomycetes;Mycobacteriales;Mycobacteriaceae;Mycobacterium;Mycobacterium phocaicum,beta-lactam,bla*,chromosome,56.98,48.875,1.166
Te.F.2.L.B,C03,Teal,dorm_sample,Bacteria;Actinomycetota;Actinomycetes;Mycobacteriales;Mycobacteriaceae;Mycobacterium;Mycobacterium phocaicum,defensin,lysX,chromosome,51.412,48.875,1.052
Te.F.2.L.B,C03,Teal,dorm_sample,Bacteria;Actinomycetota;Actinomycetes;Mycobacteriales;Mycobacteriaceae;Mycobacterium;Mycobacterium phocaicum,multidrug,lfrA,chromosome,54.484,48.875,1.115
Te.F.2.L.B,C03,Teal,dorm_sample,Bacteria;Actinomycetota;Actinomycetes;Mycobacteriales;Mycobacteriaceae;Mycobacterium;Mycobacterium phocaicum,rifamycin,arr,chromosome,98.323,48.875,2.012
Te.F.2.L.B,C03,Teal,dorm_sample,Bacteria;Actinomycetota;Actinomycetes;Mycobacteriales;Mycobacteriaceae;Mycobacterium;Mycobacterium phocaicum,tetracycline,tet(V),chromosome,28.182,48.875,0.577
Te.F.2.L.B,C03,Teal,dorm_sample,Bacteria;Actinomycetota;Actinomycetes;Mycobacteriales;Mycobacteriaceae;Mycobacterium;Mycobacterium sp018326285,rifamycin,arr,chromosome,3,1.75,1.714
Te.F.2.L.B,C03,Teal,dorm_sample,Bacteria;Actinomycetota;Actinomycetes;Mycobacteriales;Mycobacteriaceae;Mycobacterium;Mycobacterium sp018326285,tetracycline,tet(V),chromosome,22.204,1.75,12.688
Te.F.2.L.B,C03,Teal,dorm_sample,Bacteria;Pseudomonadota;Alphaproteobacteria;Rhizobiales;Beijerinckiaceae;Methylobacterium;Methylobacterium sp900112625,beta-lactam,bla*,chromosome,2.59,1.125,2.302
Te.F.2.L.B,C03,Teal,dorm_sample,Bacteria;Pseudomonadota;Alphaproteobacteria;Rhizobiales;Beijerinckiaceae;Methylobacterium;Methylobacterium tarhaniae,beta-lactam,bla*,chromosome,1,1,1
Te.F.2.L.B,C03,Teal,dorm_sample,Bacteria;Pseudomonadota;Alphaproteobacteria;Rhizobiales;Xanthobacteraceae;Bradyrhizobium;Bradyrhizobium sp963783115,beta-lactam,bla*,chromosome,1.958,1.25,1.567
Te.F.2.L.B,C03,Teal,dorm_sample,Bacteria;Pseudomonadota;Alphaproteobacteria;Sphingomonadales;Sphingomonadaceae;Blastomonas;Blastomonas ursincola,aminoglycoside,aac(3)*,chromosome,26.626,34.375,0.775
Te.F.2.L.B,C03,Teal,dorm_sample,Bacteria;Pseudomonadota;Alphaproteobacteria;Sphingomonadales;Sphingomonadaceae;Blastomonas;Blastomonas ursincola,beta-lactam,bla*,chromosome,40.88,34.375,1.189
Te.F.2.L.B,C03,Teal,dorm_sample,Bacteria;Pseudomonadota;Alphaproteobacteria;Sphingomonadales;Sphingomonadaceae;Sphingomonas;Sphingomonas koreensis,aminoglycoside,aac(6')*,chromosome,5.768,10.75,0.537
Te.F.2.L.B,C03,Teal,dorm_sample,Bacteria;Pseudomonadota;Alphaproteobacteria;Sphingomonadales;Sphingomonadaceae;Sphingomonas;Sphingomonas koreensis,beta-lactam,bla*,chromosome,20.064,10.75,1.866
Te.F.2.L.B,C03,Teal,dorm_sample,Bacteria;Pseudomonadota;Alphaproteobacteria;Sphingomonadales;Sphingomonadaceae;Sphingomonas;Sphingomonas koreensis,phenicol,catB,chromosome,6.771,10.75,0.63
Te.F.2.L.B,C03,Teal,dorm_sample,Bacteria;Pseudomonadota;Alphaproteobacteria;Sphingomonadales;Sphingomonadaceae;Sphingomonas;Sphingomonas koreensis,rifamycin,arr,chromosome,10.912,10.75,1.015
Te.F.2.L.B,C03,Teal,dorm_sample,Bacteria;Pseudomonadota;Alphaproteobacteria;Sphingomonadales;Sphingomonadaceae;Sphingopyxis;Sphingopyxis sp014873485,beta-lactam,bla*,chromosome,20.991,7.25,2.895
Te.F.2.L.B,C03,Teal,dorm_sample,Bacteria;Pseudomonadota;Alphaproteobacteria;Sphingomonadales;Sphingomonadaceae;Sphingopyxis;Sphingopyxis sp014873485,phenicol,catB,chromosome,3.571,7.25,0.493
Te.F.2.L.B,C03,Teal,dorm_sample,Bacteria;Pseudomonadota;Alphaproteobacteria;Sphingomonadales;Sphingomonadaceae;Sphingopyxis;Sphingopyxis sp014873485,rifamycin,arr,chromosome,2.771,7.25,0.382
Te.F.2.L.B,C03,Teal,dorm_sample,Bacteria;Pseudomonadota;Alphaproteobacteria;Sphingomonadales;Sphingomonadaceae;Sphingopyxis;Sphingopyxis sp022701295,aminoglycoside,aac(3)-I,chromosome,2,4.25,0.471
Te.F.2.L.B,C03,Teal,dorm_sample,Bacteria;Pseudomonadota;Alphaproteobacteria;Sphingomonadales;Sphingomonadaceae;Sphingopyxis;Sphingopyxis sp022701295,beta-lactam,bla*,chromosome,8,4.25,1.882
Te.F.2.L.B,C03,Teal,dorm_sample,Bacteria;Pseudomonadota;Alphaproteobacteria;Sphingomonadales;Sphingomonadaceae;Sphingopyxis;Sphingopyxis sp022701295,defensin,mprF,chromosome,3.392,4.25,0.798
Te.F.2.L.B,C03,Teal,dorm_sample,Bacteria;Pseudomonadota;Alphaproteobacteria;Sphingomonadales;Sphingomonadaceae;Sphingopyxis;Sphingopyxis sp022701295,phenicol,catB,chromosome,4,4.25,0.941
Te.F.2.L.B,C03,Teal,dorm_sample,Bacteria;Pseudomonadota;Alphaproteobacteria;Sphingomonadales;Sphingomonadaceae;Sphingopyxis;Sphingopyxis sp035944815,rifamycin,arr,chromosome,1,0.25,4
Te.F.2.L.B,C03,Teal,dorm_sample,Bacteria;Pseudomonadota;Alphaproteobacteria;Sphingomonadales;Sphingomonadaceae;Sphingopyxis;Sphingopyxis sp035998905,beta-lactam,bla*,chromosome,3.979,1.25,3.183
Te.F.2.L.B,C03,Teal,dorm_sample,Bacteria;Pseudomonadota;Alphaproteobacteria;Sphingomonadales;Sphingomonadaceae;Sphingopyxis;Sphingopyxis sp035998905,phenicol,catB,chromosome,2.953,1.25,2.362
Te.F.2.L.B,C03,Teal,dorm_sample,Bacteria;Pseudomonadota;Alphaproteobacteria;Sphingomonadales;Sphingomonadaceae;Sphingopyxis;Sphingopyxis sp035998905,rifamycin,arr,chromosome,0.964,1.25,0.771
Te.F.2.L.B,C03,Teal,dorm_sample,Bacteria;Pseudomonadota;Gammaproteobacteria;Burkholderiales;Burkholderiaceae_C;Acidovorax;Acidovorax sp046339755,multidrug,macB,chromosome,1,0.375,2.667
Te.F.2.L.B,C03,Teal,dorm_sample,Bacteria;Pseudomonadota;Gammaproteobacteria;Burkholderiales;Burkholderiaceae_C;Aquincola;Aquincola tertiaricarbonis_B,beta-lactam,bla*,chromosome,8.949,8.75,1.023
Te.F.2.L.B,C03,Teal,dorm_sample,Bacteria;Pseudomonadota;Gammaproteobacteria;Burkholderiales;Burkholderiaceae_C;Pseudorhodoferax;Pseudorhodoferax sp001422365,beta-lactam,bla*,chromosome,2,0.375,5.333
Te.F.2.L.B,C03,Teal,dorm_sample,Bacteria;Pseudomonadota;Gammaproteobacteria;Burkholderiales;Burkholderiaceae_C;Pseudorhodoferax;Pseudorhodoferax sp001422365,multidrug,macB,chromosome,4.652,0.375,12.406
Te.F.2.L.B,C03,Teal,dorm_sample,Bacteria;Pseudomonadota;Gammaproteobacteria;Xanthomonadales;Xanthomonadaceae;Pseudoxanthomonas_A;Pseudoxanthomonas_A japonensis,beta-lactam,blaPJM,chromosome,1,1,1
Te.F.2.L.B,C03,Teal,dorm_sample,Bacteria;Pseudomonadota;Gammaproteobacteria;Xanthomonadales;Xanthomonadaceae;Pseudoxanthomonas_A;Pseudoxanthomonas_A mexicana,aminoglycoside,aac(3)-I,chromosome,5.31,5.875,0.904
Te.F.2.L.B,C03,Teal,dorm_sample,Bacteria;Pseudomonadota;Gammaproteobacteria;Xanthomonadales;Xanthomonadaceae;Pseudoxanthomonas_A;Pseudoxanthomonas_A mexicana,aminoglycoside,aac(6')*,chromosome,7.624,5.875,1.298
Te.F.2.L.B,C03,Teal,dorm_sample,Bacteria;Pseudomonadota;Gammaproteobacteria;Xanthomonadales;Xanthomonadaceae;Pseudoxanthomonas_A;Pseudoxanthomonas_A mexicana,beta-lactam,bla*,chromosome,6.357,5.875,1.082
Te.F.2.L.B,C03,Teal,dorm_sample,Bacteria;Pseudomonadota;Gammaproteobacteria;Xanthomonadales;Xanthomonadaceae;Pseudoxanthomonas_A;Pseudoxanthomonas_A mexicana,rifamycin,arr,chromosome,3,5.875,0.511
Te.F.2.L.B,C03,Teal,dorm_sample,unclassified,aminoglycoside,aph(3'')*,chromosome,1,0,0
Te.F.2.L.B,C03,Teal,dorm_sample,unclassified,beta-lactam,bla*,chromosome,4.658,0,0
Te.F.2.L.B,C03,Teal,dorm_sample,unclassified,defensin,mprF,chromosome,2,0,0
Te.F.2.L.B,C03,Teal,dorm_sample,unclassified,multidrug,lfrA,chromosome,1,0,0
Te.F.2.L.B,C03,Teal,dorm_sample,unclassified,multidrug,mdtN,chromosome,1.649,0,0
Te.F.2.L.B,C03,Teal,dorm_sample,unclassified,multidrug,tap,chromosome,0.998,0,0
Te.F.2.L.B,C03,Teal,dorm_sample,unclassified,rifamycin,arr,chromosome,2.854,0,0
Te.F.2.L.B,C03,Teal,dorm_sample,unclassified,rifamycin,helR,chromosome,2.391,0,0
Te.F.2.L.B,C03,Teal,dorm_sample,unclassified,tetracycline,tet(V),chromosome,0.155,0,0
Te.F.1.H.C,C04,Teal,dorm_sample,Bacteria;Actinomycetota;Actinomycetes;Actinomycetales;Microbacteriaceae;Microbacterium;Microbacterium sp003248845,rifamycin,helR,chromosome,5,1.875,2.667
Te.F.1.H.C,C04,Teal,dorm_sample,Bacteria;Actinomycetota;Actinomycetes;Mycobacteriales;Mycobacteriaceae;Mycobacterium;Mycobacterium fortuitum,aminoglycoside,aac(2')-I,chromosome,1,0.875,1.143
Te.F.1.H.C,C04,Teal,dorm_sample,Bacteria;Actinomycetota;Actinomycetes;Mycobacteriales;Mycobacteriaceae;Mycobacterium;Mycobacterium fortuitum,aminoglycoside,aph(3'')*,chromosome,2,0.875,2.286
Te.F.1.H.C,C04,Teal,dorm_sample,Bacteria;Actinomycetota;Actinomycetes;Mycobacteriales;Mycobacteriaceae;Mycobacterium;Mycobacterium fortuitum,aminoglycoside,eis,chromosome,1,0.875,1.143
Te.F.1.H.C,C04,Teal,dorm_sample,Bacteria;Actinomycetota;Actinomycetes;Mycobacteriales;Mycobacteriaceae;Mycobacterium;Mycobacterium fortuitum,multidrug,lfrA,chromosome,2,0.875,2.286
Te.F.1.H.C,C04,Teal,dorm_sample,Bacteria;Actinomycetota;Actinomycetes;Mycobacteriales;Mycobacteriaceae;Mycobacterium;Mycobacterium fortuitum,rifamycin,rox,chromosome,0.992,0.875,1.133
Te.F.1.H.C,C04,Teal,dorm_sample,Bacteria;Actinomycetota;Actinomycetes;Mycobacteriales;Mycobacteriaceae;Mycobacterium;Mycobacterium fortuitum,tetracycline,tet(V),chromosome,1,0.875,1.143
Te.F.1.H.C,C04,Teal,dorm_sample,Bacteria;Actinomycetota;Actinomycetes;Mycobacteriales;Mycobacteriaceae;Mycobacterium;Mycobacterium fortuitum,tuberactinomycin,vph,chromosome,0.993,0.875,1.135
Te.F.1.H.C,C04,Teal,dorm_sample,Bacteria;Actinomycetota;Actinomycetes;Mycobacteriales;Mycobacteriaceae;Mycobacterium;Mycobacterium gilvum,beta-lactam,bla*,chromosome,1,0.5,2
Te.F.1.H.C,C04,Teal,dorm_sample,Bacteria;Actinomycetota;Actinomycetes;Mycobacteriales;Mycobacteriaceae;Mycobacterium;Mycobacterium gilvum,multidrug,tap,chromosome,1,0.5,2
Te.F.1.H.C,C04,Teal,dorm_sample,Bacteria;Actinomycetota;Actinomycetes;Mycobacteriales;Mycobacteriaceae;Mycobacterium;Mycobacterium gilvum,rifamycin,arr,chromosome,1,0.5,2
Te.F.1.H.C,C04,Teal,dorm_sample,Bacteria;Actinomycetota;Actinomycetes;Mycobacteriales;Mycobacteriaceae;Mycobacterium;Mycobacterium gordonae_B,beta-lactam,bla*,chromosome,1.987,0.625,3.179
Te.F.1.H.C,C04,Teal,dorm_sample,Bacteria;Actinomycetota;Actinomycetes;Mycobacteriales;Mycobacteriaceae;Mycobacterium;Mycobacterium gordonae_B,multidrug,tap,chromosome,1,0.625,1.6
Te.F.1.H.C,C04,Teal,dorm_sample,Bacteria;Actinomycetota;Actinomycetes;Mycobacteriales;Mycobacteriaceae;Mycobacterium;Mycobacterium grossiae,beta-lactam,bla*,chromosome,1,0.625,1.6
Te.F.1.H.C,C04,Teal,dorm_sample,Bacteria;Actinomycetota;Actinomycetes;Mycobacteriales;Mycobacteriaceae;Mycobacterium;Mycobacterium paragordonae,rifamycin,helR,chromosome,1,0.25,4
Te.F.1.H.C,C04,Teal,dorm_sample,Bacteria;Actinomycetota;Actinomycetes;Mycobacteriales;Mycobacteriaceae;Mycobacterium;Mycobacterium phocaicum,beta-lactam,bla*,chromosome,23.935,24.25,0.987
Te.F.1.H.C,C04,Teal,dorm_sample,Bacteria;Actinomycetota;Actinomycetes;Mycobacteriales;Mycobacteriaceae;Mycobacterium;Mycobacterium phocaicum,defensin,lysX,chromosome,29.729,24.25,1.226
Te.F.1.H.C,C04,Teal,dorm_sample,Bacteria;Actinomycetota;Actinomycetes;Mycobacteriales;Mycobacteriaceae;Mycobacterium;Mycobacterium phocaicum,multidrug,lfrA,chromosome,21.83,24.25,0.9
Te.F.1.H.C,C04,Teal,dorm_sample,Bacteria;Actinomycetota;Actinomycetes;Mycobacteriales;Mycobacteriaceae;Mycobacterium;Mycobacterium phocaicum,rifamycin,arr,chromosome,15.404,24.25,0.635
Te.F.1.H.C,C04,Teal,dorm_sample,Bacteria;Actinomycetota;Actinomycetes;Mycobacteriales;Mycobacteriaceae;Mycobacterium;Mycobacterium phocaicum,tetracycline,tet(V),chromosome,17.227,24.25,0.71
Te.F.1.H.C,C04,Teal,dorm_sample,Bacteria;Actinomycetota;Actinomycetes;Mycobacteriales;Nakamurellaceae;Nakamurella;Nakamurella multipartita,rifamycin,helR,chromosome,7.025,6.75,1.041
Te.F.1.H.C,C04,Teal,dorm_sample,Bacteria;Actinomycetota;Actinomycetes;Mycobacteriales;Nakamurellaceae;Nakamurella;Nakamurella multipartita,rifamycin,rph*,chromosome,6.61,6.75,0.979
Te.F.1.H.C,C04,Teal,dorm_sample,Bacteria;Bacteroidota;Bacteroidia;Flavobacteriales;Flavobacteriaceae;Flavobacterium;Flavobacterium endophyticum,rifamycin,arr,chromosome,1,0.5,2
Te.F.1.H.C,C04,Teal,dorm_sample,Bacteria;Pseudomonadota;Alphaproteobacteria;Caulobacterales;Caulobacteraceae;Brevundimonas;Brevundimonas pondensis,beta-lactam,bla*,chromosome,1.221,0.5,2.441
Te.F.1.H.C,C04,Teal,dorm_sample,Bacteria;Pseudomonadota;Alphaproteobacteria;Caulobacterales;Caulobacteraceae;Brevundimonas;Brevundimonas sp041919755,beta-lactam,bla*,chromosome,1,0.625,1.6
Te.F.1.H.C,C04,Teal,dorm_sample,Bacteria;Pseudomonadota;Alphaproteobacteria;Caulobacterales;Caulobacteraceae;Brevundimonas;Brevundimonas sp963515305,beta-lactam,bla*,chromosome,1,0.375,2.667
Te.F.1.H.C,C04,Teal,dorm_sample,Bacteria;Pseudomonadota;Alphaproteobacteria;Caulobacterales;Caulobacteraceae;Phenylobacterium;Phenylobacterium haematophilum,beta-lactam,bla*,chromosome,4.563,2.25,2.028
Te.F.1.H.C,C04,Teal,dorm_sample,Bacteria;Pseudomonadota;Alphaproteobacteria;Caulobacterales;Caulobacteraceae;Phenylobacterium;Phenylobacterium haematophilum,phenicol,cml*,chromosome,1,2.25,0.444
Te.F.1.H.C,C04,Teal,dorm_sample,Bacteria;Pseudomonadota;Alphaproteobacteria;Rhizobiales;Aestuariivirgaceae;Taklimakanibacter;Taklimakanibacter sp005502925,beta-lactam,bla*,chromosome,1.352,1,1.352
Te.F.1.H.C,C04,Teal,dorm_sample,Bacteria;Pseudomonadota;Alphaproteobacteria;Rhizobiales;Xanthobacteraceae;Bradyrhizobium;Bradyrhizobium lablabi_C,beta-lactam,bla*,chromosome,19.887,7.125,2.791
Te.F.1.H.C,C04,Teal,dorm_sample,Bacteria;Pseudomonadota;Alphaproteobacteria;Sphingomonadales;Sphingomonadaceae;Sphingomonas;Sphingomonas koreensis,aminoglycoside,aac(6')*,chromosome,2.689,2.375,1.132
Te.F.1.H.C,C04,Teal,dorm_sample,Bacteria;Pseudomonadota;Alphaproteobacteria;Sphingomonadales;Sphingomonadaceae;Sphingomonas;Sphingomonas koreensis,beta-lactam,bla*,chromosome,5.424,2.375,2.284
Te.F.1.H.C,C04,Teal,dorm_sample,Bacteria;Pseudomonadota;Alphaproteobacteria;Sphingomonadales;Sphingomonadaceae;Sphingomonas;Sphingomonas koreensis,phenicol,catB,chromosome,3,2.375,1.263
Te.F.1.H.C,C04,Teal,dorm_sample,Bacteria;Pseudomonadota;Alphaproteobacteria;Sphingomonadales;Sphingomonadaceae;Sphingomonas;Sphingomonas koreensis,rifamycin,arr,chromosome,2,2.375,0.842
Te.F.1.H.C,C04,Teal,dorm_sample,Bacteria;Pseudomonadota;Alphaproteobacteria;Sphingomonadales;Sphingomonadaceae;Sphingomonas;Sphingomonas sp943913195,beta-lactam,bla*,chromosome,1,0.375,2.667
Te.F.1.H.C,C04,Teal,dorm_sample,Bacteria;Pseudomonadota;Alphaproteobacteria;Sphingomonadales;Sphingomonadaceae;Sphingopyxis;Sphingopyxis sp001468395,beta-lactam,bla*,chromosome,15.44,17.125,0.902
Te.F.1.H.C,C04,Teal,dorm_sample,Bacteria;Pseudomonadota;Alphaproteobacteria;Sphingomonadales;Sphingomonadaceae;Sphingopyxis;Sphingopyxis sp001468395,defensin,mprF,chromosome,15.27,17.125,0.892
Te.F.1.H.C,C04,Teal,dorm_sample,Bacteria;Pseudomonadota;Alphaproteobacteria;Sphingomonadales;Sphingomonadaceae;Sphingopyxis;Sphingopyxis sp014873485,beta-lactam,bla*,chromosome,14.159,6.25,2.265
Te.F.1.H.C,C04,Teal,dorm_sample,Bacteria;Pseudomonadota;Alphaproteobacteria;Sphingomonadales;Sphingomonadaceae;Sphingopyxis;Sphingopyxis sp014873485,phenicol,catB,chromosome,8.915,6.25,1.426
Te.F.1.H.C,C04,Teal,dorm_sample,Bacteria;Pseudomonadota;Alphaproteobacteria;Sphingomonadales;Sphingomonadaceae;Sphingopyxis;Sphingopyxis sp014873485,rifamycin,arr,chromosome,8,6.25,1.28
Te.F.1.H.C,C04,Teal,dorm_sample,Bacteria;Pseudomonadota;Alphaproteobacteria;Sphingomonadales;Sphingomonadaceae;Sphingopyxis;Sphingopyxis sp035998905,beta-lactam,bla*,chromosome,2.528,1.375,1.838
Te.F.1.H.C,C04,Teal,dorm_sample,Bacteria;Pseudomonadota;Gammaproteobacteria;Enterobacterales;Alteromonadaceae;Pararheinheimera;Pararheinheimera sp030824435,multidrug,tolC,chromosome,6.046,3.25,1.86
Te.F.1.H.C,C04,Teal,dorm_sample,Bacteria;Pseudomonadota;Gammaproteobacteria;Pseudomonadales;Moraxellaceae;Acinetobacter;Acinetobacter johnsonii,multidrug,abuO,chromosome,3.299,1.75,1.885
Te.F.1.H.C,C04,Teal,dorm_sample,Bacteria;Pseudomonadota;Gammaproteobacteria;Pseudomonadales;Moraxellaceae;Acinetobacter;Acinetobacter johnsonii,multidrug,adeJ,chromosome,4.471,1.75,2.555
Te.F.1.H.C,C04,Teal,dorm_sample,Bacteria;Pseudomonadota;Gammaproteobacteria;Pseudomonadales;Moraxellaceae;Acinetobacter;Acinetobacter johnsonii,multidrug,adeK,chromosome,5.814,1.75,3.322
Te.F.1.H.C,C04,Teal,dorm_sample,Bacteria;Pseudomonadota;Gammaproteobacteria;Pseudomonadales;Moraxellaceae;Acinetobacter;Acinetobacter johnsonii,phenicol,cxpE,chromosome,1.778,1.75,1.016
Te.F.1.H.C,C04,Teal,dorm_sample,Bacteria;Pseudomonadota;Gammaproteobacteria;Xanthomonadales;Xanthomonadaceae;Lysobacter_I;Lysobacter_I brunescens,beta-lactam,bla*,chromosome,2,0.875,2.286
Te.F.1.H.C,C04,Teal,dorm_sample,Bacteria;Pseudomonadota;Gammaproteobacteria;Xanthomonadales;Xanthomonadaceae;Pseudoxanthomonas_A;Pseudoxanthomonas_A japonensis,aminoglycoside,aac(6')*,chromosome,2,3.875,0.516
Te.F.1.H.C,C04,Teal,dorm_sample,Bacteria;Pseudomonadota;Gammaproteobacteria;Xanthomonadales;Xanthomonadaceae;Pseudoxanthomonas_A;Pseudoxanthomonas_A japonensis,beta-lactam,blaPJM,chromosome,2.977,3.875,0.768
Te.F.1.H.C,C04,Teal,dorm_sample,Bacteria;Pseudomonadota;Gammaproteobacteria;Xanthomonadales;Xanthomonadaceae;Pseudoxanthomonas_A;Pseudoxanthomonas_A japonensis,fosfomycin,fosX,chromosome,7.985,3.875,2.061
Te.F.1.H.C,C04,Teal,dorm_sample,Bacteria;Pseudomonadota;Gammaproteobacteria;Xanthomonadales;Xanthomonadaceae;Pseudoxanthomonas_A;Pseudoxanthomonas_A mexicana,aminoglycoside,aac(3)-I,chromosome,4,3.5,1.143
Te.F.1.H.C,C04,Teal,dorm_sample,Bacteria;Pseudomonadota;Gammaproteobacteria;Xanthomonadales;Xanthomonadaceae;Pseudoxanthomonas_A;Pseudoxanthomonas_A mexicana,aminoglycoside,aac(6')*,chromosome,2.859,3.5,0.817
Te.F.1.H.C,C04,Teal,dorm_sample,Bacteria;Pseudomonadota;Gammaproteobacteria;Xanthomonadales;Xanthomonadaceae;Pseudoxanthomonas_A;Pseudoxanthomonas_A mexicana,beta-lactam,bla*,chromosome,1,3.5,0.286
Te.F.1.H.C,C04,Teal,dorm_sample,Bacteria;Pseudomonadota;Gammaproteobacteria;Xanthomonadales;Xanthomonadaceae;Pseudoxanthomonas_A;Pseudoxanthomonas_A mexicana,rifamycin,arr,chromosome,4.549,3.5,1.3
Te.F.1.H.C,C04,Teal,dorm_sample,Bacteria;Pseudomonadota;Gammaproteobacteria;Xanthomonadales;Xanthomonadaceae;Pseudoxanthomonas_A;Pseudoxanthomonas_A sp002863005,aminoglycoside,aac(3)-I,chromosome,1,0.625,1.6
Te.F.1.H.C,C04,Teal,dorm_sample,Bacteria;Pseudomonadota;Gammaproteobacteria;Xanthomonadales;Xanthomonadaceae;Pseudoxanthomonas_A;Pseudoxanthomonas_A sp014851805,beta-lactam,bla*,chromosome,1,0.25,4
Te.F.1.H.C,C04,Teal,dorm_sample,Bacteria;Pseudomonadota;Gammaproteobacteria;Xanthomonadales;Xanthomonadaceae;Stenotrophomonas;Stenotrophomonas oahuensis,defensin,mprF,chromosome,0.945,0.25,3.78
Te.F.1.H.C,C04,Teal,dorm_sample,Bacteria;Pseudomonadota;Gammaproteobacteria;Xanthomonadales;Xanthomonadaceae;Stenotrophomonas;Stenotrophomonas oahuensis,multidrug,smeJ,chromosome,0.997,0.25,3.989
Te.F.1.H.C,C04,Teal,dorm_sample,unclassified,aminoglycoside,ant(3'')-I,chromosome,3.125,0,0
Te.F.1.H.C,C04,Teal,dorm_sample,unclassified,aminoglycoside,aph(3'')*,chromosome,1,0,0
Te.F.1.H.C,C04,Teal,dorm_sample,unclassified,aminoglycoside,aph(3')-I,chromosome,1,0,0
Te.F.1.H.C,C04,Teal,dorm_sample,unclassified,beta-lactam,bla*,chromosome,7.208,0,0
Te.F.1.H.C,C04,Teal,dorm_sample,unclassified,beta-lactam,blaOXA,chromosome,2,0,0
Te.F.1.H.C,C04,Teal,dorm_sample,unclassified,defensin,mprF,chromosome,1.992,0,0
Te.F.1.H.C,C04,Teal,dorm_sample,unclassified,multidrug,etsA,chromosome,1,0,0
Te.F.1.H.C,C04,Teal,dorm_sample,unclassified,multidrug,macB,chromosome,1,0,0
Te.F.1.H.C,C04,Teal,dorm_sample,unclassified,multidrug,mdtH,chromosome,1,0,0
Te.F.1.H.C,C04,Teal,dorm_sample,unclassified,multidrug,mdtN,chromosome,2,0,0
Te.F.1.H.C,C04,Teal,dorm_sample,unclassified,multidrug,smeJ,chromosome,1.454,0,0
Te.F.1.H.C,C04,Teal,dorm_sample,unclassified,multidrug,smeZ,chromosome,0.996,0,0
Te.F.1.H.C,C04,Teal,dorm_sample,unclassified,multidrug,smrA,chromosome,1,0,0
Te.F.1.H.C,C04,Teal,dorm_sample,unclassified,phenicol,cml*,chromosome,1,0,0
Te.F.1.H.C,C04,Teal,dorm_sample,unclassified,quinolone,qnr*,chromosome,1,0,0
Te.F.1.H.C,C04,Teal,dorm_sample,unclassified,rifamycin,arr,chromosome,10.417,0,0
Te.F.1.H.C,C04,Teal,dorm_sample,unclassified,rifamycin,helR,chromosome,4.477,0,0
Te.F.1.H.C,C04,Teal,dorm_sample,unclassified,sulfonamide,sul1,chromosome,2,0,0
Te.F.1.H.C,C04,Teal,dorm_sample,unclassified,tetracycline,tet(V),chromosome,5.138,0,0
Te.F.1.H.C,C04,Teal,dorm_sample,unclassified,tetracycline,tet*,chromosome,1,0,0
Te.F.1.H.C,C04,Teal,dorm_sample,unclassified,trimethoprim,dfrA,chromosome,2,0,0
SR.F.2.H.B,C05,SoRo,dorm_sample,Bacteria;Acidobacteriota;Blastocatellia;Pyrinomonadales;Pyrinomonadaceae;JAJQRF01;JAJQRF01 sp021228405,beta-lactam,blaCAM,chromosome,2,0.5,4
SR.F.2.H.B,C05,SoRo,dorm_sample,Bacteria;Actinomycetota;Actinomycetes;Actinomycetales;Microbacteriaceae;Pseudolysinimonas_A;Pseudolysinimonas_A sp044239695,rifamycin,helR,chromosome,1,0.25,4
SR.F.2.H.B,C05,SoRo,dorm_sample,Bacteria;Actinomycetota;Actinomycetes;Mycobacteriales;Mycobacteriaceae;Mycobacterium;Mycobacterium phocaicum,beta-lactam,bla*,chromosome,13.713,6.5,2.11
SR.F.2.H.B,C05,SoRo,dorm_sample,Bacteria;Actinomycetota;Actinomycetes;Mycobacteriales;Mycobacteriaceae;Mycobacterium;Mycobacterium phocaicum,defensin,lysX,chromosome,8.341,6.5,1.283
SR.F.2.H.B,C05,SoRo,dorm_sample,Bacteria;Actinomycetota;Actinomycetes;Mycobacteriales;Mycobacteriaceae;Mycobacterium;Mycobacterium phocaicum,multidrug,lfrA,chromosome,10.231,6.5,1.574
SR.F.2.H.B,C05,SoRo,dorm_sample,Bacteria;Actinomycetota;Actinomycetes;Mycobacteriales;Mycobacteriaceae;Mycobacterium;Mycobacterium phocaicum,rifamycin,arr,chromosome,8.993,6.5,1.384
SR.F.2.H.B,C05,SoRo,dorm_sample,Bacteria;Actinomycetota;Actinomycetes;Mycobacteriales;Mycobacteriaceae;Mycobacterium;Mycobacterium phocaicum,tetracycline,tet(V),chromosome,4.616,6.5,0.71
SR.F.2.H.B,C05,SoRo,dorm_sample,Bacteria;Pseudomonadota;Alphaproteobacteria;Rhizobiales;Hyphomicrobiaceae;Hyphomicrobium_C;Hyphomicrobium_C zavarzinii,defensin,mprF,chromosome,1,0.25,4
SR.F.2.H.B,C05,SoRo,dorm_sample,Bacteria;Pseudomonadota;Alphaproteobacteria;Rhizobiales;Xanthobacteraceae;Bradyrhizobium;Bradyrhizobium japonicum_C,beta-lactam,bla*,chromosome,1,1.375,0.727
SR.F.2.H.B,C05,SoRo,dorm_sample,Bacteria;Pseudomonadota;Alphaproteobacteria;Rhizobiales;Xanthobacteraceae;Bradyrhizobium;Bradyrhizobium lablabi_C,beta-lactam,bla*,chromosome,1,0.5,2
SR.F.2.H.B,C05,SoRo,dorm_sample,Bacteria;Pseudomonadota;Alphaproteobacteria;Sphingomonadales;Sphingomonadaceae;Blastomonas;Blastomonas ursincola,aminoglycoside,aac(3)*,chromosome,2.234,5,0.447
SR.F.2.H.B,C05,SoRo,dorm_sample,Bacteria;Pseudomonadota;Alphaproteobacteria;Sphingomonadales;Sphingomonadaceae;Blastomonas;Blastomonas ursincola,beta-lactam,bla*,chromosome,7.252,5,1.45
SR.F.2.H.B,C05,SoRo,dorm_sample,Bacteria;Pseudomonadota;Alphaproteobacteria;Sphingomonadales;Sphingomonadaceae;Erythrobacter;Erythrobacter oryzae,beta-lactam,bla*,chromosome,1,1.5,0.667
SR.F.2.H.B,C05,SoRo,dorm_sample,Bacteria;Pseudomonadota;Alphaproteobacteria;Sphingomonadales;Sphingomonadaceae;Erythrobacter;Erythrobacter sp009905735,beta-lactam,bla*,chromosome,6,3,2
SR.F.2.H.B,C05,SoRo,dorm_sample,Bacteria;Pseudomonadota;Alphaproteobacteria;Sphingomonadales;Sphingomonadaceae;Sphingobium_A;Sphingobium_A colocasiae,phenicol,catB,chromosome,1,0.25,4
SR.F.2.H.B,C05,SoRo,dorm_sample,Bacteria;Pseudomonadota;Alphaproteobacteria;Sphingomonadales;Sphingomonadaceae;Sphingomonas;Sphingomonas koreensis,aminoglycoside,aac(6')*,chromosome,0.993,0.25,3.973
SR.F.2.H.B,C05,SoRo,dorm_sample,Bacteria;Pseudomonadota;Alphaproteobacteria;Sphingomonadales;Sphingomonadaceae;Sphingopyxis;Sphingopyxis sp001468395,beta-lactam,bla*,chromosome,14.274,5.375,2.656
SR.F.2.H.B,C05,SoRo,dorm_sample,Bacteria;Pseudomonadota;Alphaproteobacteria;Sphingomonadales;Sphingomonadaceae;Sphingopyxis;Sphingopyxis sp001468395,defensin,mprF,chromosome,2.688,5.375,0.5
SR.F.2.H.B,C05,SoRo,dorm_sample,Bacteria;Pseudomonadota;Alphaproteobacteria;Sphingomonadales;Sphingomonadaceae;Sphingopyxis;Sphingopyxis sp014873485,beta-lactam,bla*,chromosome,2,1.625,1.231
SR.F.2.H.B,C05,SoRo,dorm_sample,Bacteria;Pseudomonadota;Alphaproteobacteria;Sphingomonadales;Sphingomonadaceae;Sphingopyxis;Sphingopyxis sp014873485,phenicol,catB,chromosome,1,1.625,0.615
SR.F.2.H.B,C05,SoRo,dorm_sample,Bacteria;Pseudomonadota;Alphaproteobacteria;Sphingomonadales;Sphingomonadaceae;Sphingopyxis;Sphingopyxis sp014873485,rifamycin,arr,chromosome,1,1.625,0.615
SR.F.2.H.B,C05,SoRo,dorm_sample,Bacteria;Pseudomonadota;Alphaproteobacteria;Sphingomonadales;Sphingomonadaceae;Sphingosinicella;Sphingosinicella sp041916975,beta-lactam,bla*,chromosome,1,0.75,1.333
SR.F.2.H.B,C05,SoRo,dorm_sample,Bacteria;Pseudomonadota;Gammaproteobacteria;Burkholderiales;Burkholderiaceae_C;Acidovorax;Acidovorax temperans,beta-lactam,bla*,chromosome,3,2.75,1.091
SR.F.2.H.B,C05,SoRo,dorm_sample,Bacteria;Pseudomonadota;Gammaproteobacteria;Burkholderiales;Burkholderiaceae_C;Acidovorax;Acidovorax temperans,fosfomycin,fosX,chromosome,3,2.75,1.091
SR.F.2.H.B,C05,SoRo,dorm_sample,Bacteria;Pseudomonadota;Gammaproteobacteria;Burkholderiales;Burkholderiaceae_C;Aquincola;Aquincola tertiaricarbonis_B,beta-lactam,bla*,chromosome,1,0.5,2
SR.F.2.H.B,C05,SoRo,dorm_sample,Bacteria;Pseudomonadota;Gammaproteobacteria;Xanthomonadales;Xanthomonadaceae;Lysobacter_I;Lysobacter_I brunescens,beta-lactam,bla*,chromosome,3,0.875,3.429
SR.F.2.H.B,C05,SoRo,dorm_sample,Bacteria;Pseudomonadota;Gammaproteobacteria;Xanthomonadales;Xanthomonadaceae;Pseudoxanthomonas_A;Pseudoxanthomonas_A japonensis,fosfomycin,fosX,chromosome,1,0.875,1.143
SR.F.2.H.B,C05,SoRo,dorm_sample,Bacteria;Pseudomonadota;Gammaproteobacteria;Xanthomonadales;Xanthomonadaceae;Pseudoxanthomonas_A;Pseudoxanthomonas_A mexicana,aminoglycoside,aac(3)-I,chromosome,2,1.75,1.143
SR.F.2.H.B,C05,SoRo,dorm_sample,Bacteria;Pseudomonadota;Gammaproteobacteria;Xanthomonadales;Xanthomonadaceae;Pseudoxanthomonas_A;Pseudoxanthomonas_A mexicana,aminoglycoside,aac(6')*,chromosome,2.617,1.75,1.496
SR.F.2.H.B,C05,SoRo,dorm_sample,Bacteria;Pseudomonadota;Gammaproteobacteria;Xanthomonadales;Xanthomonadaceae;Pseudoxanthomonas_A;Pseudoxanthomonas_A mexicana,beta-lactam,bla*,chromosome,5.286,1.75,3.021
SR.F.2.H.B,C05,SoRo,dorm_sample,Bacteria;Pseudomonadota;Gammaproteobacteria;Xanthomonadales;Xanthomonadaceae;Pseudoxanthomonas_A;Pseudoxanthomonas_A mexicana,rifamycin,arr,chromosome,1.429,1.75,0.816
SR.F.2.H.B,C05,SoRo,dorm_sample,unclassified,aminoglycoside,aac(3)-I,chromosome,1,0,0
SR.F.2.H.B,C05,SoRo,dorm_sample,unclassified,aminoglycoside,aac(6')*,chromosome,2,0,0
SR.F.2.H.B,C05,SoRo,dorm_sample,unclassified,aminoglycoside,ant(3'')-I,plasmid,1,0,0
SR.F.2.H.B,C05,SoRo,dorm_sample,unclassified,aminoglycoside,aph(3'')-I,plasmid,1.847,0,0
SR.F.2.H.B,C05,SoRo,dorm_sample,unclassified,aminoglycoside,aph(6)-I,plasmid,2,0,0
SR.F.2.H.B,C05,SoRo,dorm_sample,unclassified,beta-lactam,bla*,chromosome,14.973,0,0
SR.F.2.H.B,C05,SoRo,dorm_sample,unclassified,defensin,mprF,chromosome,4.579,0,0
SR.F.2.H.B,C05,SoRo,dorm_sample,unclassified,macrolide-lincosamide-streptogramin,ere(D),chromosome,0.974,0,0
SR.F.2.H.B,C05,SoRo,dorm_sample,unclassified,macrolide-lincosamide-streptogramin,mph*,chromosome,1.993,0,0
SR.F.2.H.B,C05,SoRo,dorm_sample,unclassified,multidrug,adeK,chromosome,1,0,0
SR.F.2.H.B,C05,SoRo,dorm_sample,unclassified,multidrug,tap,chromosome,1,0,0
SR.F.2.H.B,C05,SoRo,dorm_sample,unclassified,phenicol,catB,chromosome,1,0,0
SR.F.2.H.B,C05,SoRo,dorm_sample,unclassified,phenicol,floR,chromosome,1,0,0
SR.F.2.H.B,C05,SoRo,dorm_sample,unclassified,rifamycin,arr,chromosome,5.603,0,0
SR.F.2.H.B,C05,SoRo,dorm_sample,unclassified,rifamycin,helR,chromosome,3.815,0,0
SR.F.2.H.B,C05,SoRo,dorm_sample,unclassified,sulfonamide,sul1,plasmid,0.997,0,0
SR.F.2.H.B,C05,SoRo,dorm_sample,unclassified,tetracycline,tet(36),chromosome,0.923,0,0
SR.F.2.H.B,C05,SoRo,dorm_sample,unclassified,tetracycline,tet(V),chromosome,1,0,0
Ea.F.3.L.A,D01,Earl,dorm_sample,Bacteria;Actinomycetota;Actinomycetes;Mycobacteriales;Mycobacteriaceae;Mycobacterium;Mycobacterium phocaicum,beta-lactam,bla*,chromosome,7.765,4.25,1.827
Ea.F.3.L.A,D01,Earl,dorm_sample,Bacteria;Actinomycetota;Actinomycetes;Mycobacteriales;Mycobacteriaceae;Mycobacterium;Mycobacterium phocaicum,defensin,lysX,chromosome,6.704,4.25,1.577
Ea.F.3.L.A,D01,Earl,dorm_sample,Bacteria;Actinomycetota;Actinomycetes;Mycobacteriales;Mycobacteriaceae;Mycobacterium;Mycobacterium phocaicum,multidrug,lfrA,chromosome,4.049,4.25,0.953
Ea.F.3.L.A,D01,Earl,dorm_sample,Bacteria;Actinomycetota;Actinomycetes;Mycobacteriales;Mycobacteriaceae;Mycobacterium;Mycobacterium phocaicum,rifamycin,arr,chromosome,7,4.25,1.647
Ea.F.3.L.A,D01,Earl,dorm_sample,Bacteria;Actinomycetota;Actinomycetes;Mycobacteriales;Mycobacteriaceae;Mycobacterium;Mycobacterium phocaicum,tetracycline,tet(V),chromosome,3.234,4.25,0.761
Ea.F.3.L.A,D01,Earl,dorm_sample,Bacteria;Bacteroidota;Bacteroidia;Chitinophagales;Chitinophagaceae;Flavihumibacter;Flavihumibacter fluminis,rifamycin,arr,chromosome,1,0.875,1.143
Ea.F.3.L.A,D01,Earl,dorm_sample,Bacteria;Bacteroidota;Bacteroidia;Chitinophagales;Chitinophagaceae;Haoranjiania;Haoranjiania flava,aminoglycoside,aph(3')*,chromosome,1.889,0.5,3.779
Ea.F.3.L.A,D01,Earl,dorm_sample,Bacteria;Bacteroidota;Bacteroidia;Flavobacteriales;Weeksellaceae;Cloacibacterium;Cloacibacterium sp047601505,beta-lactam,bla*,chromosome,1,0.5,2
Ea.F.3.L.A,D01,Earl,dorm_sample,Bacteria;Pseudomonadota;Alphaproteobacteria;Caulobacterales;Caulobacteraceae;Phenylobacterium;Phenylobacterium haematophilum,beta-lactam,bla*,chromosome,5,1,5
Ea.F.3.L.A,D01,Earl,dorm_sample,Bacteria;Pseudomonadota;Alphaproteobacteria;Caulobacterales;Caulobacteraceae;Phenylobacterium;Phenylobacterium haematophilum,phenicol,cml*,chromosome,1.151,1,1.151
Ea.F.3.L.A,D01,Earl,dorm_sample,Bacteria;Pseudomonadota;Alphaproteobacteria;Caulobacterales;Caulobacteraceae;Phenylobacterium;Phenylobacterium sp018240795,phenicol,cml*,chromosome,1,0.5,2
Ea.F.3.L.A,D01,Earl,dorm_sample,Bacteria;Pseudomonadota;Alphaproteobacteria;Caulobacterales;Caulobacteraceae;Phenylobacterium;Phenylobacterium sp018240795,rifamycin,arr,chromosome,4,0.5,8
Ea.F.3.L.A,D01,Earl,dorm_sample,Bacteria;Pseudomonadota;Alphaproteobacteria;Caulobacterales;Caulobacteraceae;Phenylobacterium;Phenylobacterium sp041919955,rifamycin,arr,chromosome,8.602,4.5,1.911
Ea.F.3.L.A,D01,Earl,dorm_sample,Bacteria;Pseudomonadota;Alphaproteobacteria;Rhizobiales;Beijerinckiaceae;Allobosea;Allobosea eneae,aminoglycoside,aac(3)*,chromosome,2.321,1.625,1.428
Ea.F.3.L.A,D01,Earl,dorm_sample,Bacteria;Pseudomonadota;Alphaproteobacteria;Rhizobiales;Beijerinckiaceae;Allobosea;Allobosea eneae,beta-lactam,bla*,chromosome,4,1.625,2.462
Ea.F.3.L.A,D01,Earl,dorm_sample,Bacteria;Pseudomonadota;Alphaproteobacteria;Rhizobiales;Beijerinckiaceae;Allobosea;Allobosea eneae,multidrug,mdtI,chromosome,4,1.625,2.462
Ea.F.3.L.A,D01,Earl,dorm_sample,Bacteria;Pseudomonadota;Alphaproteobacteria;Rhizobiales;Beijerinckiaceae;Allobosea;Allobosea sp900112185,beta-lactam,bla*,chromosome,2,0.25,8
Ea.F.3.L.A,D01,Earl,dorm_sample,Bacteria;Pseudomonadota;Alphaproteobacteria;Rhizobiales;Beijerinckiaceae;Methylobacterium;Methylobacterium radiotolerans,multidrug,mdtN,chromosome,1,0.375,2.667
Ea.F.3.L.A,D01,Earl,dorm_sample,Bacteria;Pseudomonadota;Alphaproteobacteria;Rhizobiales;Rhizobiaceae;Agrobacterium;Agrobacterium leguminum,aminoglycoside,aac(6')*,chromosome,1,0.375,2.667
Ea.F.3.L.A,D01,Earl,dorm_sample,Bacteria;Pseudomonadota;Alphaproteobacteria;Rhizobiales;Rhizobiaceae;Agrobacterium;Agrobacterium leguminum,beta-lactam,bla*,chromosome,3.545,0.375,9.455
Ea.F.3.L.A,D01,Earl,dorm_sample,Bacteria;Pseudomonadota;Alphaproteobacteria;Rhizobiales;Rhizobiaceae;Agrobacterium;Agrobacterium leguminum,defensin,mprF,chromosome,1.238,0.375,3.301
Ea.F.3.L.A,D01,Earl,dorm_sample,Bacteria;Pseudomonadota;Alphaproteobacteria;Rhizobiales;Rhizobiaceae;Agrobacterium;Agrobacterium leguminum,multidrug,acrA,chromosome,0.973,0.375,2.594
Ea.F.3.L.A,D01,Earl,dorm_sample,Bacteria;Pseudomonadota;Alphaproteobacteria;Rhizobiales;Rhizobiaceae;Agrobacterium;Agrobacterium leguminum,multidrug,emrB,chromosome,2,0.375,5.333
Ea.F.3.L.A,D01,Earl,dorm_sample,Bacteria;Pseudomonadota;Alphaproteobacteria;Rhizobiales;Rhizobiaceae;Agrobacterium;Agrobacterium leguminum,multidrug,macB,chromosome,3,0.375,8
Ea.F.3.L.A,D01,Earl,dorm_sample,Bacteria;Pseudomonadota;Alphaproteobacteria;Rhizobiales;Rhizobiaceae;Agrobacterium;Agrobacterium leguminum,phenicol,catB,chromosome,2,0.375,5.333
Ea.F.3.L.A,D01,Earl,dorm_sample,Bacteria;Pseudomonadota;Alphaproteobacteria;Rhizobiales;Rhizobiaceae;Metarhizobium;Metarhizobium sp017305935,beta-lactam,blaOXA,chromosome,1,1.125,0.889
Ea.F.3.L.A,D01,Earl,dorm_sample,Bacteria;Pseudomonadota;Alphaproteobacteria;Rhizobiales;Rhizobiaceae;Shinella;Shinella sp001262505,beta-lactam,bla*,chromosome,1,0.375,2.667
Ea.F.3.L.A,D01,Earl,dorm_sample,Bacteria;Pseudomonadota;Alphaproteobacteria;Rhizobiales;Rhizobiaceae;Shinella;Shinella sp001262505,phenicol,cml*,plasmid,0.955,0.375,2.546
Ea.F.3.L.A,D01,Earl,dorm_sample,Bacteria;Pseudomonadota;Alphaproteobacteria;Rhizobiales;Rhizobiaceae;Shinella;Shinella sp001262505,sulfonamide,sul2,plasmid,2.131,0.375,5.683
Ea.F.3.L.A,D01,Earl,dorm_sample,Bacteria;Pseudomonadota;Alphaproteobacteria;Sphingomonadales;Sphingomonadaceae;Blastomonas;Blastomonas ursincola,aminoglycoside,aac(3)*,chromosome,20.098,17.875,1.124
Ea.F.3.L.A,D01,Earl,dorm_sample,Bacteria;Pseudomonadota;Alphaproteobacteria;Sphingomonadales;Sphingomonadaceae;Blastomonas;Blastomonas ursincola,beta-lactam,bla*,chromosome,22.693,17.875,1.27
Ea.F.3.L.A,D01,Earl,dorm_sample,Bacteria;Pseudomonadota;Alphaproteobacteria;Sphingomonadales;Sphingomonadaceae;Erythrobacter;Erythrobacter sp046452395,aminoglycoside,aac(6')*,chromosome,40.856,34.75,1.176
Ea.F.3.L.A,D01,Earl,dorm_sample,Bacteria;Pseudomonadota;Alphaproteobacteria;Sphingomonadales;Sphingomonadaceae;Erythrobacter;Erythrobacter sp046452395,beta-lactam,bla*,chromosome,43.942,34.75,1.265
Ea.F.3.L.A,D01,Earl,dorm_sample,Bacteria;Pseudomonadota;Alphaproteobacteria;Sphingomonadales;Sphingomonadaceae;Sphingobium;Sphingobium quisquiliarum,beta-lactam,blaSGM,chromosome,1,1.375,0.727
Ea.F.3.L.A,D01,Earl,dorm_sample,Bacteria;Pseudomonadota;Alphaproteobacteria;Sphingomonadales;Sphingomonadaceae;Sphingobium;Sphingobium yanoikuyae_A,beta-lactam,bla*,chromosome,2,0.375,5.333
Ea.F.3.L.A,D01,Earl,dorm_sample,Bacteria;Pseudomonadota;Alphaproteobacteria;Sphingomonadales;Sphingomonadaceae;Sphingobium_A;Sphingobium_A colocasiae,beta-lactam,bla*,chromosome,6,1.5,4
Ea.F.3.L.A,D01,Earl,dorm_sample,Bacteria;Pseudomonadota;Alphaproteobacteria;Sphingomonadales;Sphingomonadaceae;Sphingobium_A;Sphingobium_A colocasiae,defensin,mprF,chromosome,2,1.5,1.333
Ea.F.3.L.A,D01,Earl,dorm_sample,Bacteria;Pseudomonadota;Alphaproteobacteria;Sphingomonadales;Sphingomonadaceae;Sphingobium_A;Sphingobium_A colocasiae,phenicol,catB,chromosome,1,1.5,0.667
Ea.F.3.L.A,D01,Earl,dorm_sample,Bacteria;Pseudomonadota;Alphaproteobacteria;Sphingomonadales;Sphingomonadaceae;Sphingobium_A;Sphingobium_A colocasiae,rifamycin,arr,chromosome,1,1.5,0.667
Ea.F.3.L.A,D01,Earl,dorm_sample,Bacteria;Pseudomonadota;Alphaproteobacteria;Sphingomonadales;Sphingomonadaceae;Sphingomonas;Sphingomonas hankookensis_A,beta-lactam,bla*,chromosome,1,1.5,0.667
Ea.F.3.L.A,D01,Earl,dorm_sample,Bacteria;Pseudomonadota;Alphaproteobacteria;Sphingomonadales;Sphingomonadaceae;Sphingomonas;Sphingomonas hankookensis_A,defensin,mprF,chromosome,0.969,1.5,0.646
Ea.F.3.L.A,D01,Earl,dorm_sample,Bacteria;Pseudomonadota;Alphaproteobacteria;Sphingomonadales;Sphingomonadaceae;Sphingomonas;Sphingomonas sp031456125,beta-lactam,bla*,chromosome,1,0.25,4
Ea.F.3.L.A,D01,Earl,dorm_sample,Bacteria;Pseudomonadota;Alphaproteobacteria;Sphingomonadales;Sphingomonadaceae;Sphingomonas;Sphingomonas sp964407945,beta-lactam,bla*,chromosome,1,0.25,4
Ea.F.3.L.A,D01,Earl,dorm_sample,Bacteria;Pseudomonadota;Alphaproteobacteria;Sphingomonadales;Sphingomonadaceae;Sphingopyxis;Sphingopyxis fribergensis,beta-lactam,bla*,chromosome,1,0.625,1.6
Ea.F.3.L.A,D01,Earl,dorm_sample,Bacteria;Pseudomonadota;Alphaproteobacteria;Sphingomonadales;Sphingomonadaceae;Sphingopyxis;Sphingopyxis fribergensis,rifamycin,arr,chromosome,4.514,0.625,7.223
Ea.F.3.L.A,D01,Earl,dorm_sample,Bacteria;Pseudomonadota;Alphaproteobacteria;Sphingomonadales;Sphingomonadaceae;Sphingopyxis;Sphingopyxis soli,beta-lactam,bla*,chromosome,16.597,3.125,5.311
Ea.F.3.L.A,D01,Earl,dorm_sample,Bacteria;Pseudomonadota;Alphaproteobacteria;Sphingomonadales;Sphingomonadaceae;Sphingopyxis;Sphingopyxis soli,defensin,mprF,chromosome,12.538,3.125,4.012
Ea.F.3.L.A,D01,Earl,dorm_sample,Bacteria;Pseudomonadota;Alphaproteobacteria;Sphingomonadales;Sphingomonadaceae;Sphingopyxis;Sphingopyxis sp001468395,beta-lactam,bla*,chromosome,11.244,22.625,0.497
Ea.F.3.L.A,D01,Earl,dorm_sample,Bacteria;Pseudomonadota;Alphaproteobacteria;Sphingomonadales;Sphingomonadaceae;Sphingopyxis;Sphingopyxis sp001468395,defensin,mprF,chromosome,14.452,22.625,0.639
Ea.F.3.L.A,D01,Earl,dorm_sample,Bacteria;Pseudomonadota;Alphaproteobacteria;Sphingomonadales;Sphingomonadaceae;Sphingopyxis;Sphingopyxis sp014873485,beta-lactam,bla*,chromosome,4.486,5.625,0.797
Ea.F.3.L.A,D01,Earl,dorm_sample,Bacteria;Pseudomonadota;Alphaproteobacteria;Sphingomonadales;Sphingomonadaceae;Sphingopyxis;Sphingopyxis sp014873485,phenicol,catB,chromosome,1,5.625,0.178
Ea.F.3.L.A,D01,Earl,dorm_sample,Bacteria;Pseudomonadota;Alphaproteobacteria;Sphingomonadales;Sphingomonadaceae;Sphingopyxis;Sphingopyxis sp014873485,rifamycin,arr,chromosome,1,5.625,0.178
Ea.F.3.L.A,D01,Earl,dorm_sample,Bacteria;Pseudomonadota;Alphaproteobacteria;Sphingomonadales;Sphingomonadaceae;Sphingorhabdus_B;Sphingorhabdus_B lacus,beta-lactam,bla*,chromosome,0.909,0.75,1.213
Ea.F.3.L.A,D01,Earl,dorm_sample,Bacteria;Pseudomonadota;Gammaproteobacteria;Burkholderiales;Burkholderiaceae_C;Acidovorax;Acidovorax temperans,beta-lactam,bla*,chromosome,3,1.625,1.846
Ea.F.3.L.A,D01,Earl,dorm_sample,Bacteria;Pseudomonadota;Gammaproteobacteria;Burkholderiales;Burkholderiaceae_C;Acidovorax;Acidovorax temperans,fosfomycin,fosX,chromosome,3,1.625,1.846
Ea.F.3.L.A,D01,Earl,dorm_sample,Bacteria;Pseudomonadota;Gammaproteobacteria;Burkholderiales;Burkholderiaceae_C;Aquincola;Aquincola tertiaricarbonis_B,beta-lactam,bla*,chromosome,8.878,6.375,1.393
Ea.F.3.L.A,D01,Earl,dorm_sample,Bacteria;Pseudomonadota;Gammaproteobacteria;Burkholderiales;Burkholderiaceae_C;Comamonas;Comamonas tsuruhatensis,multidrug,macB,chromosome,1,0.25,4
Ea.F.3.L.A,D01,Earl,dorm_sample,Bacteria;Pseudomonadota;Gammaproteobacteria;Burkholderiales;Burkholderiaceae_C;MR-S7;MR-S7 sp000400995,beta-lactam,bla*,chromosome,2.644,0.875,3.022
Ea.F.3.L.A,D01,Earl,dorm_sample,Bacteria;Pseudomonadota;Gammaproteobacteria;Burkholderiales;Burkholderiaceae_C;Paracidovorax;Paracidovorax sp040365715,multidrug,macB,chromosome,1,0.5,2
Ea.F.3.L.A,D01,Earl,dorm_sample,Bacteria;Pseudomonadota;Gammaproteobacteria;Burkholderiales;Rhodocyclaceae;Azospira;Azospira oryzae,beta-lactam,bla*,chromosome,4,3.375,1.185
Ea.F.3.L.A,D01,Earl,dorm_sample,Bacteria;Pseudomonadota;Gammaproteobacteria;Pseudomonadales;Moraxellaceae;Acinetobacter;Acinetobacter junii,aminoglycoside,ant(3'')-I,chromosome,4,6.125,0.653
Ea.F.3.L.A,D01,Earl,dorm_sample,Bacteria;Pseudomonadota;Gammaproteobacteria;Pseudomonadales;Moraxellaceae;Acinetobacter;Acinetobacter junii,beta-lactam,bla*,chromosome,4.618,6.125,0.754
Ea.F.3.L.A,D01,Earl,dorm_sample,Bacteria;Pseudomonadota;Gammaproteobacteria;Pseudomonadales;Moraxellaceae;Acinetobacter;Acinetobacter junii,multidrug,adeJ,chromosome,6.243,6.125,1.019
Ea.F.3.L.A,D01,Earl,dorm_sample,Bacteria;Pseudomonadota;Gammaproteobacteria;Pseudomonadales;Moraxellaceae;Acinetobacter;Acinetobacter junii,multidrug,adeK,chromosome,6.934,6.125,1.132
Ea.F.3.L.A,D01,Earl,dorm_sample,Bacteria;Pseudomonadota;Gammaproteobacteria;Pseudomonadales;Moraxellaceae;Acinetobacter;Acinetobacter junii,multidrug,craA,chromosome,3.732,6.125,0.609
Ea.F.3.L.A,D01,Earl,dorm_sample,Bacteria;Pseudomonadota;Gammaproteobacteria;Pseudomonadales;Moraxellaceae;Acinetobacter;Acinetobacter junii,multidrug,macA,chromosome,6.419,6.125,1.048
Ea.F.3.L.A,D01,Earl,dorm_sample,Bacteria;Pseudomonadota;Gammaproteobacteria;Pseudomonadales;Moraxellaceae;Acinetobacter;Acinetobacter junii,multidrug,macB,chromosome,6.652,6.125,1.086
Ea.F.3.L.A,D01,Earl,dorm_sample,Bacteria;Pseudomonadota;Gammaproteobacteria;Pseudomonadales;Moraxellaceae;Acinetobacter;Acinetobacter junii,phenicol,cxpE,chromosome,5.33,6.125,0.87
Ea.F.3.L.A,D01,Earl,dorm_sample,Bacteria;Pseudomonadota;Gammaproteobacteria;Pseudomonadales;Moraxellaceae;Faucicola;Faucicola tetraodonis,colistin,icr,chromosome,1,2.5,0.4
Ea.F.3.L.A,D01,Earl,dorm_sample,Bacteria;Pseudomonadota;Gammaproteobacteria;Pseudomonadales;Moraxellaceae;Faucicola;Faucicola tetraodonis,multidrug,macB,chromosome,4.291,2.5,1.717
Ea.F.3.L.A,D01,Earl,dorm_sample,Bacteria;Pseudomonadota;Gammaproteobacteria;Xanthomonadales;Xanthomonadaceae;Pseudoxanthomonas_A;Pseudoxanthomonas_A japonensis,aminoglycoside,aac(6')*,chromosome,3,2.5,1.2
Ea.F.3.L.A,D01,Earl,dorm_sample,Bacteria;Pseudomonadota;Gammaproteobacteria;Xanthomonadales;Xanthomonadaceae;Pseudoxanthomonas_A;Pseudoxanthomonas_A japonensis,beta-lactam,blaPJM,chromosome,3.831,2.5,1.532
Ea.F.3.L.A,D01,Earl,dorm_sample,Bacteria;Pseudomonadota;Gammaproteobacteria;Xanthomonadales;Xanthomonadaceae;Pseudoxanthomonas_A;Pseudoxanthomonas_A japonensis,fosfomycin,fosX,chromosome,0.993,2.5,0.397
Ea.F.3.L.A,D01,Earl,dorm_sample,Bacteria;Pseudomonadota;Gammaproteobacteria;Xanthomonadales;Xanthomonadaceae;Pseudoxanthomonas_A;Pseudoxanthomonas_A mexicana,aminoglycoside,aac(3)-I,chromosome,6,3.75,1.6
Ea.F.3.L.A,D01,Earl,dorm_sample,Bacteria;Pseudomonadota;Gammaproteobacteria;Xanthomonadales;Xanthomonadaceae;Pseudoxanthomonas_A;Pseudoxanthomonas_A mexicana,aminoglycoside,aac(6')*,chromosome,1.946,3.75,0.519
Ea.F.3.L.A,D01,Earl,dorm_sample,Bacteria;Pseudomonadota;Gammaproteobacteria;Xanthomonadales;Xanthomonadaceae;Pseudoxanthomonas_A;Pseudoxanthomonas_A mexicana,beta-lactam,bla*,chromosome,1.643,3.75,0.438
Ea.F.3.L.A,D01,Earl,dorm_sample,Bacteria;Pseudomonadota;Gammaproteobacteria;Xanthomonadales;Xanthomonadaceae;Pseudoxanthomonas_A;Pseudoxanthomonas_A mexicana,rifamycin,arr,chromosome,4.977,3.75,1.327
Ea.F.3.L.A,D01,Earl,dorm_sample,unclassified,aminoglycoside,aac(3)*,chromosome,1.304,0,0
Ea.F.3.L.A,D01,Earl,dorm_sample,unclassified,aminoglycoside,aac(3)*,plasmid,19.008,0,0
Ea.F.3.L.A,D01,Earl,dorm_sample,unclassified,aminoglycoside,aac(6')*,chromosome,1.539,0,0
Ea.F.3.L.A,D01,Earl,dorm_sample,unclassified,aminoglycoside,ant(3'')-I,chromosome,1,0,0
Ea.F.3.L.A,D01,Earl,dorm_sample,unclassified,aminoglycoside,ant(6)*,plasmid,4.972,0,0
Ea.F.3.L.A,D01,Earl,dorm_sample,unclassified,beta-lactam,bla*,chromosome,21.68,0,0
Ea.F.3.L.A,D01,Earl,dorm_sample,unclassified,colistin,arnE,chromosome,1,0,0
Ea.F.3.L.A,D01,Earl,dorm_sample,unclassified,colistin,arnF,chromosome,1,0,0
Ea.F.3.L.A,D01,Earl,dorm_sample,unclassified,macrolide-lincosamide-streptogramin,erm(39),chromosome,1,0,0
Ea.F.3.L.A,D01,Earl,dorm_sample,unclassified,macrolide-lincosamide-streptogramin,lsa*,chromosome,1.827,0,0
Ea.F.3.L.A,D01,Earl,dorm_sample,unclassified,macrolide-lincosamide-streptogramin,vat*,chromosome,8.179,0,0
Ea.F.3.L.A,D01,Earl,dorm_sample,unclassified,multidrug,abuO,chromosome,1,0,0
Ea.F.3.L.A,D01,Earl,dorm_sample,unclassified,multidrug,emrA,chromosome,2,0,0
Ea.F.3.L.A,D01,Earl,dorm_sample,unclassified,multidrug,emrD,chromosome,3,0,0
Ea.F.3.L.A,D01,Earl,dorm_sample,unclassified,multidrug,fsr,chromosome,0.967,0,0
Ea.F.3.L.A,D01,Earl,dorm_sample,unclassified,multidrug,macB,chromosome,2.997,0,0
Ea.F.3.L.A,D01,Earl,dorm_sample,unclassified,multidrug,mdtI,chromosome,2,0,0
Ea.F.3.L.A,D01,Earl,dorm_sample,unclassified,multidrug,mdtL,chromosome,1,0,0
Ea.F.3.L.A,D01,Earl,dorm_sample,unclassified,multidrug,oqxA,chromosome,1,0,0
Ea.F.3.L.A,D01,Earl,dorm_sample,unclassified,multidrug,oqxB,chromosome,0.999,0,0
Ea.F.3.L.A,D01,Earl,dorm_sample,unclassified,multidrug,ybhR,chromosome,0.997,0,0
Ea.F.3.L.A,D01,Earl,dorm_sample,unclassified,multidrug,ybhS,chromosome,1,0,0
Ea.F.3.L.A,D01,Earl,dorm_sample,unclassified,phenicol,catB,chromosome,1,0,0
Ea.F.3.L.A,D01,Earl,dorm_sample,unclassified,phenicol,floR,chromosome,1,0,0
Ea.F.3.L.A,D01,Earl,dorm_sample,unclassified,rifamycin,arr,chromosome,6.226,0,0
Ea.F.3.L.A,D01,Earl,dorm_sample,unclassified,sulfonamide,sul1,chromosome,1,0,0
Ea.F.3.L.A,D01,Earl,dorm_sample,unclassified,sulfonamide,sul2,plasmid,1,0,0
Ea.F.3.L.A,D01,Earl,dorm_sample,unclassified,tetracycline,tet(G),chromosome,1,0,0
Ea.F.3.L.A,D01,Earl,dorm_sample,unclassified,tetracycline,tet(V),chromosome,4.436,0,0
Ea.F.3.L.A,D01,Earl,dorm_sample,unclassified,tetracycline,tet*,chromosome,1,0,0
Ea.F.2.H.C,D02,Earl,dorm_sample,Bacteria;Actinomycetota;Actinomycetes;Mycobacteriales;Mycobacteriaceae;Mycobacterium;Mycobacterium fortuitum,beta-lactam,blaF,chromosome,1,0.25,4
Ea.F.2.H.C,D02,Earl,dorm_sample,Bacteria;Actinomycetota;Actinomycetes;Mycobacteriales;Mycobacteriaceae;Mycobacterium;Mycobacterium grossiae,aminoglycoside,eis,chromosome,3,1.125,2.667
Ea.F.2.H.C,D02,Earl,dorm_sample,Bacteria;Actinomycetota;Actinomycetes;Mycobacteriales;Mycobacteriaceae;Mycobacterium;Mycobacterium grossiae,beta-lactam,bla*,chromosome,2,1.125,1.778
Ea.F.2.H.C,D02,Earl,dorm_sample,Bacteria;Actinomycetota;Actinomycetes;Mycobacteriales;Mycobacteriaceae;Mycobacterium;Mycobacterium grossiae,defensin,lysX,chromosome,1,1.125,0.889
Ea.F.2.H.C,D02,Earl,dorm_sample,Bacteria;Actinomycetota;Actinomycetes;Mycobacteriales;Mycobacteriaceae;Mycobacterium;Mycobacterium grossiae,rifamycin,arr,chromosome,2,1.125,1.778
Ea.F.2.H.C,D02,Earl,dorm_sample,Bacteria;Actinomycetota;Actinomycetes;Mycobacteriales;Mycobacteriaceae;Mycobacterium;Mycobacterium phocaicum,beta-lactam,bla*,chromosome,6.488,4.75,1.366
Ea.F.2.H.C,D02,Earl,dorm_sample,Bacteria;Actinomycetota;Actinomycetes;Mycobacteriales;Mycobacteriaceae;Mycobacterium;Mycobacterium phocaicum,defensin,lysX,chromosome,3.478,4.75,0.732
Ea.F.2.H.C,D02,Earl,dorm_sample,Bacteria;Actinomycetota;Actinomycetes;Mycobacteriales;Mycobacteriaceae;Mycobacterium;Mycobacterium phocaicum,multidrug,lfrA,chromosome,5.336,4.75,1.123
Ea.F.2.H.C,D02,Earl,dorm_sample,Bacteria;Actinomycetota;Actinomycetes;Mycobacteriales;Mycobacteriaceae;Mycobacterium;Mycobacterium phocaicum,rifamycin,arr,chromosome,2,4.75,0.421
Ea.F.2.H.C,D02,Earl,dorm_sample,Bacteria;Actinomycetota;Actinomycetes;Mycobacteriales;Mycobacteriaceae;Mycobacterium;Mycobacterium phocaicum,tetracycline,tet(V),chromosome,0.492,4.75,0.104
Ea.F.2.H.C,D02,Earl,dorm_sample,Bacteria;Bacteroidota;Bacteroidia;Flavobacteriales;Flavobacteriaceae;Flavobacterium;Flavobacterium lindanitolerans,beta-lactam,blaCHM,chromosome,1,0.5,2
Ea.F.2.H.C,D02,Earl,dorm_sample,Bacteria;Bacteroidota;Bacteroidia;Flavobacteriales;Flavobacteriaceae;Flavobacterium;Flavobacterium lindanitolerans,colistin,eptA,chromosome,1.785,0.5,3.571
Ea.F.2.H.C,D02,Earl,dorm_sample,Bacteria;Pseudomonadota;Alphaproteobacteria;Rhizobiales;Beijerinckiaceae;Methylobacterium;Methylobacterium radiotolerans,beta-lactam,bla*,chromosome,1,0.25,4
Ea.F.2.H.C,D02,Earl,dorm_sample,Bacteria;Pseudomonadota;Alphaproteobacteria;Sphingomonadales;Sphingomonadaceae;Blastomonas;Blastomonas ursincola,aminoglycoside,aac(3)*,chromosome,5.672,5.375,1.055
Ea.F.2.H.C,D02,Earl,dorm_sample,Bacteria;Pseudomonadota;Alphaproteobacteria;Sphingomonadales;Sphingomonadaceae;Blastomonas;Blastomonas ursincola,beta-lactam,bla*,chromosome,3.605,5.375,0.671
Ea.F.2.H.C,D02,Earl,dorm_sample,Bacteria;Pseudomonadota;Alphaproteobacteria;Sphingomonadales;Sphingomonadaceae;Sphingomonas;Sphingomonas koreensis,beta-lactam,bla*,chromosome,6.051,1.375,4.401
Ea.F.2.H.C,D02,Earl,dorm_sample,Bacteria;Pseudomonadota;Alphaproteobacteria;Sphingomonadales;Sphingomonadaceae;Sphingomonas;Sphingomonas koreensis,phenicol,catB,chromosome,1.576,1.375,1.146
Ea.F.2.H.C,D02,Earl,dorm_sample,Bacteria;Pseudomonadota;Alphaproteobacteria;Sphingomonadales;Sphingomonadaceae;Sphingopyxis;Sphingopyxis fribergensis,beta-lactam,bla*,chromosome,3,0.375,8
Ea.F.2.H.C,D02,Earl,dorm_sample,Bacteria;Pseudomonadota;Alphaproteobacteria;Sphingomonadales;Sphingomonadaceae;Sphingopyxis;Sphingopyxis fribergensis,rifamycin,arr,chromosome,0.971,0.375,2.59
Ea.F.2.H.C,D02,Earl,dorm_sample,Bacteria;Pseudomonadota;Alphaproteobacteria;Sphingomonadales;Sphingomonadaceae;Sphingopyxis;Sphingopyxis sp001468395,beta-lactam,bla*,chromosome,1,2.25,0.444
Ea.F.2.H.C,D02,Earl,dorm_sample,Bacteria;Pseudomonadota;Alphaproteobacteria;Sphingomonadales;Sphingomonadaceae;Sphingopyxis;Sphingopyxis sp001468395,defensin,mprF,chromosome,1.167,2.25,0.519
Ea.F.2.H.C,D02,Earl,dorm_sample,Bacteria;Pseudomonadota;Alphaproteobacteria;Sphingomonadales;Sphingomonadaceae;Sphingopyxis;Sphingopyxis sp014873485,beta-lactam,bla*,chromosome,4,3.125,1.28
Ea.F.2.H.C,D02,Earl,dorm_sample,Bacteria;Pseudomonadota;Gammaproteobacteria;Burkholderiales;Burkholderiaceae_C;Diaphorobacter;Diaphorobacter nitroreducens,beta-lactam,bla*,chromosome,1,0.25,4
Ea.F.2.H.C,D02,Earl,dorm_sample,Bacteria;Pseudomonadota;Gammaproteobacteria;Xanthomonadales;Xanthomonadaceae;Pseudoxanthomonas_A;Pseudoxanthomonas_A mexicana,aminoglycoside,aac(3)-I,chromosome,3,0.625,4.8
Ea.F.2.H.C,D02,Earl,dorm_sample,Bacteria;Pseudomonadota;Gammaproteobacteria;Xanthomonadales;Xanthomonadaceae;Pseudoxanthomonas_A;Pseudoxanthomonas_A mexicana,aminoglycoside,aac(6')*,chromosome,0.946,0.625,1.514
Ea.F.2.H.C,D02,Earl,dorm_sample,Bacteria;Pseudomonadota;Gammaproteobacteria;Xanthomonadales;Xanthomonadaceae;Pseudoxanthomonas_A;Pseudoxanthomonas_A mexicana,rifamycin,arr,chromosome,3,0.625,4.8
Ea.F.2.H.C,D02,Earl,dorm_sample,unclassified,aminoglycoside,aac(6')*,chromosome,1,0,0
Ea.F.2.H.C,D02,Earl,dorm_sample,unclassified,aminoglycoside,ant(3'')-II,chromosome,0.993,0,0
Ea.F.2.H.C,D02,Earl,dorm_sample,unclassified,beta-lactam,bla*,chromosome,1,0,0
Ea.F.2.H.C,D02,Earl,dorm_sample,unclassified,fosfomycin,fosX,chromosome,1,0,0
Ea.F.2.H.C,D02,Earl,dorm_sample,unclassified,macrolide-lincosamide-streptogramin,erm(55),plasmid,3.719,0,0
Ea.F.2.H.C,D02,Earl,dorm_sample,unclassified,macrolide-lincosamide-streptogramin,erm*,chromosome,0.949,0,0
Ea.F.2.H.C,D02,Earl,dorm_sample,unclassified,multidrug,adeK,chromosome,1,0,0
Ea.F.2.H.C,D02,Earl,dorm_sample,unclassified,multidrug,mdtN,chromosome,1,0,0
Ea.F.2.H.C,D02,Earl,dorm_sample,unclassified,multidrug,smeD,chromosome,1,0,0
Ea.F.2.H.C,D02,Earl,dorm_sample,unclassified,multidrug,smeE,chromosome,1.379,0,0
Ea.F.2.H.C,D02,Earl,dorm_sample,unclassified,phenicol,catB,chromosome,0.991,0,0
Ea.F.2.H.C,D02,Earl,dorm_sample,unclassified,rifamycin,arr,chromosome,7,0,0
Ea.F.2.H.C,D02,Earl,dorm_sample,unclassified,sulfonamide,sul2,chromosome,1,0,0
Ea.F.2.H.C,D02,Earl,dorm_sample,unclassified,tetracycline,tet(V),chromosome,2.717,0,0
Te.F.2.H.A,D04,Teal,dorm_sample,Bacteria;Actinomycetota;Actinomycetes;Mycobacteriales;Mycobacteriaceae;Mycobacterium;Mycobacterium fortuitum,beta-lactam,blaF,chromosome,3,1.625,1.846
Te.F.2.H.A,D04,Teal,dorm_sample,Bacteria;Actinomycetota;Actinomycetes;Mycobacteriales;Mycobacteriaceae;Mycobacterium;Mycobacterium fortuitum,multidrug,tap,chromosome,1,1.625,0.615
Te.F.2.H.A,D04,Teal,dorm_sample,Bacteria;Actinomycetota;Actinomycetes;Mycobacteriales;Mycobacteriaceae;Mycobacterium;Mycobacterium fortuitum,rifamycin,arr,chromosome,2,1.625,1.231
Te.F.2.H.A,D04,Teal,dorm_sample,Bacteria;Actinomycetota;Actinomycetes;Mycobacteriales;Mycobacteriaceae;Mycobacterium;Mycobacterium fortuitum,rifamycin,rox,chromosome,1,1.625,0.615
Te.F.2.H.A,D04,Teal,dorm_sample,Bacteria;Actinomycetota;Actinomycetes;Mycobacteriales;Mycobacteriaceae;Mycobacterium;Mycobacterium phocaicum,defensin,lysX,chromosome,2,1.125,1.778
Te.F.2.H.A,D04,Teal,dorm_sample,Bacteria;Actinomycetota;Actinomycetes;Mycobacteriales;Mycobacteriaceae;Mycobacterium;Mycobacterium phocaicum,multidrug,lfrA,chromosome,1,1.125,0.889
Te.F.2.H.A,D04,Teal,dorm_sample,Bacteria;Actinomycetota;Actinomycetes;Mycobacteriales;Mycobacteriaceae;Mycobacterium;Mycobacterium phocaicum,rifamycin,arr,chromosome,1,1.125,0.889
Te.F.2.H.A,D04,Teal,dorm_sample,Bacteria;Actinomycetota;Actinomycetes;Mycobacteriales;Mycobacteriaceae;Mycobacterium;Mycobacterium phocaicum,tetracycline,tet(V),chromosome,1,1.125,0.889
Te.F.2.H.A,D04,Teal,dorm_sample,Bacteria;Actinomycetota;Actinomycetes;Mycobacteriales;Mycobacteriaceae;Mycobacterium;Mycobacterium sp018326285,tetracycline,tet(V),chromosome,1,0.375,2.667
SR.F.3.H.C,D05,SoRo,dorm_sample,Bacteria;Acidobacteriota;Blastocatellia;Pyrinomonadales;Pyrinomonadaceae;JAJQRF01;JAJQRF01 sp021228405,beta-lactam,blaCAM,chromosome,8,2.875,2.783
SR.F.3.H.C,D05,SoRo,dorm_sample,Bacteria;Actinomycetota;Actinomycetes;Actinomycetales;Microbacteriaceae;Agromyces;Agromyces mediolanus_A,beta-lactam,bla*,chromosome,1.771,2.125,0.833
SR.F.3.H.C,D05,SoRo,dorm_sample,Bacteria;Actinomycetota;Actinomycetes;Actinomycetales;Microbacteriaceae;Agromyces;Agromyces mediolanus_A,macrolide-lincosamide-streptogramin,erm*,chromosome,3.9,2.125,1.835
SR.F.3.H.C,D05,SoRo,dorm_sample,Bacteria;Actinomycetota;Actinomycetes;Actinomycetales;Microbacteriaceae;Agromyces;Agromyces mediolanus_A,rifamycin,helR,chromosome,3.245,2.125,1.527
SR.F.3.H.C,D05,SoRo,dorm_sample,Bacteria;Actinomycetota;Actinomycetes;Mycobacteriales;Mycobacteriaceae;Mycobacterium;Mycobacterium fortuitum,aminoglycoside,aac(2')-I,chromosome,4.687,8,0.586
SR.F.3.H.C,D05,SoRo,dorm_sample,Bacteria;Actinomycetota;Actinomycetes;Mycobacteriales;Mycobacteriaceae;Mycobacterium;Mycobacterium fortuitum,aminoglycoside,aph(3'')-I,chromosome,4.484,8,0.561
SR.F.3.H.C,D05,SoRo,dorm_sample,Bacteria;Actinomycetota;Actinomycetes;Mycobacteriales;Mycobacteriaceae;Mycobacterium;Mycobacterium fortuitum,aminoglycoside,eis,chromosome,4.431,8,0.554
SR.F.3.H.C,D05,SoRo,dorm_sample,Bacteria;Actinomycetota;Actinomycetes;Mycobacteriales;Mycobacteriaceae;Mycobacterium;Mycobacterium fortuitum,beta-lactam,blaF,chromosome,7.585,8,0.948
SR.F.3.H.C,D05,SoRo,dorm_sample,Bacteria;Actinomycetota;Actinomycetes;Mycobacteriales;Mycobacteriaceae;Mycobacterium;Mycobacterium fortuitum,defensin,lysX,chromosome,9.287,8,1.161
SR.F.3.H.C,D05,SoRo,dorm_sample,Bacteria;Actinomycetota;Actinomycetes;Mycobacteriales;Mycobacteriaceae;Mycobacterium;Mycobacterium fortuitum,macrolide-lincosamide-streptogramin,erm(39),chromosome,5,8,0.625
SR.F.3.H.C,D05,SoRo,dorm_sample,Bacteria;Actinomycetota;Actinomycetes;Mycobacteriales;Mycobacteriaceae;Mycobacterium;Mycobacterium fortuitum,multidrug,lfrA,chromosome,4.598,8,0.575
SR.F.3.H.C,D05,SoRo,dorm_sample,Bacteria;Actinomycetota;Actinomycetes;Mycobacteriales;Mycobacteriaceae;Mycobacterium;Mycobacterium fortuitum,multidrug,tap,chromosome,5.963,8,0.745
SR.F.3.H.C,D05,SoRo,dorm_sample,Bacteria;Actinomycetota;Actinomycetes;Mycobacteriales;Mycobacteriaceae;Mycobacterium;Mycobacterium fortuitum,rifamycin,arr,chromosome,8,8,1
SR.F.3.H.C,D05,SoRo,dorm_sample,Bacteria;Actinomycetota;Actinomycetes;Mycobacteriales;Mycobacteriaceae;Mycobacterium;Mycobacterium fortuitum,rifamycin,helR,chromosome,7.878,8,0.985
SR.F.3.H.C,D05,SoRo,dorm_sample,Bacteria;Actinomycetota;Actinomycetes;Mycobacteriales;Mycobacteriaceae;Mycobacterium;Mycobacterium fortuitum,rifamycin,rox,chromosome,7.049,8,0.881
SR.F.3.H.C,D05,SoRo,dorm_sample,Bacteria;Actinomycetota;Actinomycetes;Mycobacteriales;Mycobacteriaceae;Mycobacterium;Mycobacterium fortuitum,tetracycline,tet(V),chromosome,13.792,8,1.724
SR.F.3.H.C,D05,SoRo,dorm_sample,Bacteria;Actinomycetota;Actinomycetes;Mycobacteriales;Mycobacteriaceae;Mycobacterium;Mycobacterium fortuitum,tuberactinomycin,vph,chromosome,9.577,8,1.197
SR.F.3.H.C,D05,SoRo,dorm_sample,Bacteria;Actinomycetota;Actinomycetes;Mycobacteriales;Mycobacteriaceae;Mycobacterium;Mycobacterium paragordonae,beta-lactam,bla*,chromosome,1,0.5,2
SR.F.3.H.C,D05,SoRo,dorm_sample,Bacteria;Actinomycetota;Actinomycetes;Mycobacteriales;Mycobacteriaceae;Mycobacterium;Mycobacterium paragordonae,multidrug,tap,chromosome,1.961,0.5,3.922
SR.F.3.H.C,D05,SoRo,dorm_sample,Bacteria;Actinomycetota;Actinomycetes;Mycobacteriales;Mycobacteriaceae;Mycobacterium;Mycobacterium phocaicum,beta-lactam,bla*,chromosome,13.399,17.125,0.782
SR.F.3.H.C,D05,SoRo,dorm_sample,Bacteria;Actinomycetota;Actinomycetes;Mycobacteriales;Mycobacteriaceae;Mycobacterium;Mycobacterium phocaicum,defensin,lysX,chromosome,22.585,17.125,1.319
SR.F.3.H.C,D05,SoRo,dorm_sample,Bacteria;Actinomycetota;Actinomycetes;Mycobacteriales;Mycobacteriaceae;Mycobacterium;Mycobacterium phocaicum,multidrug,lfrA,chromosome,11.178,17.125,0.653
SR.F.3.H.C,D05,SoRo,dorm_sample,Bacteria;Actinomycetota;Actinomycetes;Mycobacteriales;Mycobacteriaceae;Mycobacterium;Mycobacterium phocaicum,rifamycin,arr,chromosome,21.824,17.125,1.274
SR.F.3.H.C,D05,SoRo,dorm_sample,Bacteria;Actinomycetota;Actinomycetes;Mycobacteriales;Mycobacteriaceae;Mycobacterium;Mycobacterium phocaicum,tetracycline,tet(V),chromosome,21.481,17.125,1.254
SR.F.3.H.C,D05,SoRo,dorm_sample,Bacteria;Actinomycetota;Actinomycetes;Mycobacteriales;Mycobacteriaceae;Mycobacterium;Mycobacterium sp018326285,defensin,lysX,chromosome,0.323,1,0.323
SR.F.3.H.C,D05,SoRo,dorm_sample,Bacteria;Actinomycetota;Actinomycetes;Mycobacteriales;Mycobacteriaceae;Mycobacterium;Mycobacterium sp018326285,rifamycin,arr,chromosome,4,1,4
SR.F.3.H.C,D05,SoRo,dorm_sample,Bacteria;Pseudomonadota;Alphaproteobacteria;Caulobacterales;Caulobacteraceae;Phenylobacterium;Phenylobacterium haematophilum,beta-lactam,bla*,chromosome,5.885,1.5,3.923
SR.F.3.H.C,D05,SoRo,dorm_sample,Bacteria;Pseudomonadota;Alphaproteobacteria;Caulobacterales;Caulobacteraceae;Phenylobacterium;Phenylobacterium haematophilum,phenicol,cml*,chromosome,1.538,1.5,1.025
SR.F.3.H.C,D05,SoRo,dorm_sample,Bacteria;Pseudomonadota;Alphaproteobacteria;Caulobacterales;Caulobacteraceae;Phenylobacterium;Phenylobacterium sp041919955,rifamycin,arr,chromosome,4,3.375,1.185
SR.F.3.H.C,D05,SoRo,dorm_sample,Bacteria;Pseudomonadota;Alphaproteobacteria;Rhizobiales;Hyphomicrobiaceae;Hyphomicrobium_C;Hyphomicrobium_C zavarzinii,defensin,mprF,chromosome,1.535,0.75,2.046
SR.F.3.H.C,D05,SoRo,dorm_sample,Bacteria;Pseudomonadota;Alphaproteobacteria;Rhizobiales;Xanthobacteraceae;Bradyrhizobium;Bradyrhizobium japonicum_C,beta-lactam,bla*,chromosome,5.64,2,2.82
SR.F.3.H.C,D05,SoRo,dorm_sample,Bacteria;Pseudomonadota;Alphaproteobacteria;Rhizobiales;Xanthobacteraceae;Bradyrhizobium;Bradyrhizobium japonicum_C,multidrug,macB,chromosome,1,2,0.5
SR.F.3.H.C,D05,SoRo,dorm_sample,Bacteria;Pseudomonadota;Alphaproteobacteria;Rhizobiales;Xanthobacteraceae;Bradyrhizobium;Bradyrhizobium lablabi_C,beta-lactam,bla*,chromosome,3,1.5,2
SR.F.3.H.C,D05,SoRo,dorm_sample,Bacteria;Pseudomonadota;Alphaproteobacteria;Sphingomonadales;Sphingomonadaceae;Blastomonas;Blastomonas ursincola,aminoglycoside,aac(3)*,chromosome,12.928,19.25,0.672
SR.F.3.H.C,D05,SoRo,dorm_sample,Bacteria;Pseudomonadota;Alphaproteobacteria;Sphingomonadales;Sphingomonadaceae;Blastomonas;Blastomonas ursincola,beta-lactam,bla*,chromosome,24.346,19.25,1.265
SR.F.3.H.C,D05,SoRo,dorm_sample,Bacteria;Pseudomonadota;Alphaproteobacteria;Sphingomonadales;Sphingomonadaceae;Erythrobacter;Erythrobacter oryzae,aminoglycoside,aac(6')*,chromosome,2.959,7.625,0.388
SR.F.3.H.C,D05,SoRo,dorm_sample,Bacteria;Pseudomonadota;Alphaproteobacteria;Sphingomonadales;Sphingomonadaceae;Sphingobium_A;Sphingobium_A colocasiae,beta-lactam,bla*,chromosome,2,0.75,2.667
SR.F.3.H.C,D05,SoRo,dorm_sample,Bacteria;Pseudomonadota;Alphaproteobacteria;Sphingomonadales;Sphingomonadaceae;Sphingomonas;Sphingomonas koreensis,aminoglycoside,aac(6')*,chromosome,1.987,0.625,3.179
SR.F.3.H.C,D05,SoRo,dorm_sample,Bacteria;Pseudomonadota;Alphaproteobacteria;Sphingomonadales;Sphingomonadaceae;Sphingomonas;Sphingomonas sp943913195,beta-lactam,bla*,chromosome,1,2,0.5
SR.F.3.H.C,D05,SoRo,dorm_sample,Bacteria;Pseudomonadota;Alphaproteobacteria;Sphingomonadales;Sphingomonadaceae;Sphingomonas;Sphingomonas sp943913195,phenicol,catB,chromosome,2,2,1
SR.F.3.H.C,D05,SoRo,dorm_sample,Bacteria;Pseudomonadota;Alphaproteobacteria;Sphingomonadales;Sphingomonadaceae;Sphingopyxis;Sphingopyxis lacunae,beta-lactam,bla*,chromosome,0.262,3.25,0.081
SR.F.3.H.C,D05,SoRo,dorm_sample,Bacteria;Pseudomonadota;Alphaproteobacteria;Sphingomonadales;Sphingomonadaceae;Sphingopyxis;Sphingopyxis sp001468395,beta-lactam,bla*,chromosome,4.555,8.5,0.536
SR.F.3.H.C,D05,SoRo,dorm_sample,Bacteria;Pseudomonadota;Alphaproteobacteria;Sphingomonadales;Sphingomonadaceae;Sphingopyxis;Sphingopyxis sp001468395,defensin,mprF,chromosome,9.637,8.5,1.134
SR.F.3.H.C,D05,SoRo,dorm_sample,Bacteria;Pseudomonadota;Alphaproteobacteria;Sphingomonadales;Sphingomonadaceae;Sphingopyxis;Sphingopyxis sp014873485,beta-lactam,bla*,chromosome,1,2.125,0.471
SR.F.3.H.C,D05,SoRo,dorm_sample,Bacteria;Pseudomonadota;Alphaproteobacteria;Sphingomonadales;Sphingomonadaceae;Sphingopyxis;Sphingopyxis sp022701295,aminoglycoside,aac(3)-I,chromosome,1,0.875,1.143
SR.F.3.H.C,D05,SoRo,dorm_sample,Bacteria;Pseudomonadota;Alphaproteobacteria;Sphingomonadales;Sphingomonadaceae;Sphingopyxis;Sphingopyxis sp022701295,beta-lactam,bla*,chromosome,12.259,0.875,14.011
SR.F.3.H.C,D05,SoRo,dorm_sample,Bacteria;Pseudomonadota;Alphaproteobacteria;Sphingomonadales;Sphingomonadaceae;Sphingopyxis;Sphingopyxis sp022701295,defensin,mprF,chromosome,2,0.875,2.286
SR.F.3.H.C,D05,SoRo,dorm_sample,Bacteria;Pseudomonadota;Alphaproteobacteria;Sphingomonadales;Sphingomonadaceae;Sphingopyxis;Sphingopyxis sp022701295,phenicol,catB,chromosome,2,0.875,2.286
SR.F.3.H.C,D05,SoRo,dorm_sample,Bacteria;Pseudomonadota;Gammaproteobacteria;Burkholderiales;Burkholderiaceae_C;Acidovorax;Acidovorax temperans,fosfomycin,fosX,chromosome,2,1.375,1.455
SR.F.3.H.C,D05,SoRo,dorm_sample,Bacteria;Pseudomonadota;Gammaproteobacteria;Steroidobacterales;Steroidobacteraceae;Steroidobacter;Steroidobacter soli,beta-lactam,bla*,chromosome,2,0.25,8
SR.F.3.H.C,D05,SoRo,dorm_sample,Bacteria;Pseudomonadota;Gammaproteobacteria;Xanthomonadales;Rhodanobacteraceae;Dokdonella;Dokdonella denitrificans_A,beta-lactam,bla*,chromosome,1,0.875,1.143
SR.F.3.H.C,D05,SoRo,dorm_sample,Bacteria;Pseudomonadota;Gammaproteobacteria;Xanthomonadales;Rhodanobacteraceae;Dokdonella;Dokdonella denitrificans_A,defensin,mprF,chromosome,3.616,0.875,4.133
SR.F.3.H.C,D05,SoRo,dorm_sample,Bacteria;Pseudomonadota;Gammaproteobacteria;Xanthomonadales;Rhodanobacteraceae;Dokdonella;Dokdonella denitrificans_A,multidrug,macB,chromosome,1.401,0.875,1.601
SR.F.3.H.C,D05,SoRo,dorm_sample,Bacteria;Pseudomonadota;Gammaproteobacteria;Xanthomonadales;Rhodanobacteraceae;Dokdonella;Dokdonella sp002483055,defensin,mprF,chromosome,1.538,2,0.769
SR.F.3.H.C,D05,SoRo,dorm_sample,Bacteria;Pseudomonadota;Gammaproteobacteria;Xanthomonadales;Xanthomonadaceae;Pseudoxanthomonas_A;Pseudoxanthomonas_A japonensis,beta-lactam,blaPJM,chromosome,2,1.625,1.231
SR.F.3.H.C,D05,SoRo,dorm_sample,Bacteria;Pseudomonadota;Gammaproteobacteria;Xanthomonadales;Xanthomonadaceae;Pseudoxanthomonas_A;Pseudoxanthomonas_A japonensis,fosfomycin,fosX,chromosome,1.993,1.625,1.226
SR.F.3.H.C,D05,SoRo,dorm_sample,Bacteria;Pseudomonadota;Gammaproteobacteria;Xanthomonadales;Xanthomonadaceae;Pseudoxanthomonas_A;Pseudoxanthomonas_A mexicana,aminoglycoside,aac(3)-I,chromosome,1,0.5,2
SR.F.3.H.C,D05,SoRo,dorm_sample,Bacteria;Pseudomonadota;Gammaproteobacteria;Xanthomonadales;Xanthomonadaceae;Pseudoxanthomonas_A;Pseudoxanthomonas_A mexicana,aminoglycoside,aac(6')*,chromosome,0.946,0.5,1.893
SR.F.3.H.C,D05,SoRo,dorm_sample,Bacteria;Pseudomonadota;Gammaproteobacteria;Xanthomonadales;Xanthomonadaceae;Pseudoxanthomonas_A;Pseudoxanthomonas_A sp047600885,beta-lactam,bla*,chromosome,5.482,4.25,1.29
SR.F.3.H.C,D05,SoRo,dorm_sample,Bacteria;Pseudomonadota;Gammaproteobacteria;Xanthomonadales;Xanthomonadaceae;Pseudoxanthomonas_A;Pseudoxanthomonas_A sp051953815,beta-lactam,bla*,chromosome,1.753,0.625,2.805
SR.F.3.H.C,D05,SoRo,dorm_sample,unclassified,aminoglycoside,aac(6')*,chromosome,1.973,0,0
SR.F.3.H.C,D05,SoRo,dorm_sample,unclassified,aminoglycoside,ant(3'')-I,plasmid,1.047,0,0
SR.F.3.H.C,D05,SoRo,dorm_sample,unclassified,aminoglycoside,aph(6)-I,chromosome,1,0,0
SR.F.3.H.C,D05,SoRo,dorm_sample,unclassified,beta-lactam,bla*,chromosome,20.056,0,0
SR.F.3.H.C,D05,SoRo,dorm_sample,unclassified,macrolide-lincosamide-streptogramin,erm*,chromosome,2,0,0
SR.F.3.H.C,D05,SoRo,dorm_sample,unclassified,multidrug,macB,chromosome,1.986,0,0
SR.F.3.H.C,D05,SoRo,dorm_sample,unclassified,multidrug,tap,chromosome,2,0,0
SR.F.3.H.C,D05,SoRo,dorm_sample,unclassified,phenicol,cml*,chromosome,0.99,0,0
SR.F.3.H.C,D05,SoRo,dorm_sample,unclassified,rifamycin,arr,chromosome,1,0,0
SR.F.3.H.C,D05,SoRo,dorm_sample,unclassified,rifamycin,helR,chromosome,1,0,0
Da.F.3.L.B,D06,Dawson,dorm_sample,Bacteria;Actinomycetota;Actinomycetes;Mycobacteriales;Mycobacteriaceae;Mycobacterium;Mycobacterium adipatum,defensin,lysX,chromosome,1.93,1.25,1.544
Da.F.3.L.B,D06,Dawson,dorm_sample,Bacteria;Actinomycetota;Actinomycetes;Mycobacteriales;Mycobacteriaceae;Mycobacterium;Mycobacterium adipatum,rifamycin,helR,chromosome,1.468,1.25,1.175
Da.F.3.L.B,D06,Dawson,dorm_sample,Bacteria;Actinomycetota;Actinomycetes;Mycobacteriales;Mycobacteriaceae;Mycobacterium;Mycobacterium gwanakae,aminoglycoside,aph(3'')*,chromosome,4.67,3.125,1.495
Da.F.3.L.B,D06,Dawson,dorm_sample,Bacteria;Actinomycetota;Actinomycetes;Mycobacteriales;Mycobacteriaceae;Mycobacterium;Mycobacterium gwanakae,beta-lactam,bla*,chromosome,1.993,3.125,0.638
Da.F.3.L.B,D06,Dawson,dorm_sample,Bacteria;Actinomycetota;Actinomycetes;Mycobacteriales;Mycobacteriaceae;Mycobacterium;Mycobacterium gwanakae,beta-lactam,blaMAB,chromosome,2.612,3.125,0.836
Da.F.3.L.B,D06,Dawson,dorm_sample,Bacteria;Actinomycetota;Actinomycetes;Mycobacteriales;Mycobacteriaceae;Mycobacterium;Mycobacterium gwanakae,defensin,lysX,chromosome,4.97,3.125,1.591
Da.F.3.L.B,D06,Dawson,dorm_sample,Bacteria;Actinomycetota;Actinomycetes;Mycobacteriales;Mycobacteriaceae;Mycobacterium;Mycobacterium gwanakae,rifamycin,arr,chromosome,3,3.125,0.96
Da.F.3.L.B,D06,Dawson,dorm_sample,Bacteria;Actinomycetota;Actinomycetes;Mycobacteriales;Mycobacteriaceae;Mycobacterium;Mycobacterium gwanakae,rifamycin,helR,chromosome,2.678,3.125,0.857
Da.F.3.L.B,D06,Dawson,dorm_sample,Bacteria;Actinomycetota;Actinomycetes;Mycobacteriales;Mycobacteriaceae;Mycobacterium;Mycobacterium phocaicum,beta-lactam,bla*,chromosome,14.188,12.5,1.135
Da.F.3.L.B,D06,Dawson,dorm_sample,Bacteria;Actinomycetota;Actinomycetes;Mycobacteriales;Mycobacteriaceae;Mycobacterium;Mycobacterium phocaicum,defensin,lysX,chromosome,10.286,12.5,0.823
Da.F.3.L.B,D06,Dawson,dorm_sample,Bacteria;Actinomycetota;Actinomycetes;Mycobacteriales;Mycobacteriaceae;Mycobacterium;Mycobacterium phocaicum,multidrug,lfrA,chromosome,10.802,12.5,0.864
Da.F.3.L.B,D06,Dawson,dorm_sample,Bacteria;Actinomycetota;Actinomycetes;Mycobacteriales;Mycobacteriaceae;Mycobacterium;Mycobacterium phocaicum,rifamycin,arr,chromosome,9.941,12.5,0.795
Da.F.3.L.B,D06,Dawson,dorm_sample,Bacteria;Actinomycetota;Actinomycetes;Mycobacteriales;Mycobacteriaceae;Mycobacterium;Mycobacterium phocaicum,tetracycline,tet(V),chromosome,9.208,12.5,0.737
Da.F.3.L.B,D06,Dawson,dorm_sample,Bacteria;Actinomycetota;Actinomycetes;Mycobacteriales;Mycobacteriaceae;Mycobacterium;Mycobacterium sp018326285,multidrug,lfrA,chromosome,1,0.625,1.6
Da.F.3.L.B,D06,Dawson,dorm_sample,Bacteria;Actinomycetota;Actinomycetes;Mycobacteriales;Mycobacteriaceae;Mycobacterium;Mycobacterium sp018326285,rifamycin,arr,chromosome,7.183,0.625,11.493
Da.F.3.L.B,D06,Dawson,dorm_sample,Bacteria;Actinomycetota;Actinomycetes;Mycobacteriales;Mycobacteriaceae;Mycobacterium;Mycobacterium sp018326285,tetracycline,tet(V),chromosome,2,0.625,3.2
Da.F.3.L.B,D06,Dawson,dorm_sample,Bacteria;Pseudomonadota;Alphaproteobacteria;Caulobacterales;Caulobacteraceae;Brevundimonas;Brevundimonas huaxiensis,beta-lactam,bla*,chromosome,5.963,1.75,3.408
Da.F.3.L.B,D06,Dawson,dorm_sample,Bacteria;Pseudomonadota;Alphaproteobacteria;Caulobacterales;Caulobacteraceae;Phenylobacterium;Phenylobacterium sp001824475,aminoglycoside,aac(3)*,chromosome,1.993,2,0.996
Da.F.3.L.B,D06,Dawson,dorm_sample,Bacteria;Pseudomonadota;Alphaproteobacteria;Caulobacterales;Caulobacteraceae;Phenylobacterium;Phenylobacterium sp001824475,beta-lactam,bla*,chromosome,5.843,2,2.921
Da.F.3.L.B,D06,Dawson,dorm_sample,Bacteria;Pseudomonadota;Alphaproteobacteria;Rhizobiales;Beijerinckiaceae;Methylobacterium;Methylobacterium gregans,aminoglycoside,aac(3)-I,chromosome,1,0.25,4
Da.F.3.L.B,D06,Dawson,dorm_sample,Bacteria;Pseudomonadota;Alphaproteobacteria;Rhizobiales;Beijerinckiaceae;Methylobacterium;Methylobacterium gregans,beta-lactam,bla*,chromosome,1,0.25,4
Da.F.3.L.B,D06,Dawson,dorm_sample,Bacteria;Pseudomonadota;Alphaproteobacteria;Rhizobiales;Beijerinckiaceae;Methylobacterium;Methylobacterium radiotolerans,beta-lactam,bla*,chromosome,0.99,1.25,0.792
Da.F.3.L.B,D06,Dawson,dorm_sample,Bacteria;Pseudomonadota;Alphaproteobacteria;Sphingomonadales;Sphingomonadaceae;Blastomonas;Blastomonas ursincola,aminoglycoside,aac(3)*,chromosome,14.755,8,1.844
Da.F.3.L.B,D06,Dawson,dorm_sample,Bacteria;Pseudomonadota;Alphaproteobacteria;Sphingomonadales;Sphingomonadaceae;Blastomonas;Blastomonas ursincola,beta-lactam,bla*,chromosome,14.184,8,1.773
Da.F.3.L.B,D06,Dawson,dorm_sample,Bacteria;Pseudomonadota;Alphaproteobacteria;Sphingomonadales;Sphingomonadaceae;Erythrobacter;Erythrobacter sp002482865,beta-lactam,bla*,chromosome,1,1.625,0.615
Da.F.3.L.B,D06,Dawson,dorm_sample,Bacteria;Pseudomonadota;Alphaproteobacteria;Sphingomonadales;Sphingomonadaceae;Erythrobacter;Erythrobacter sp009905735,beta-lactam,bla*,chromosome,0.482,0.375,1.286
Da.F.3.L.B,D06,Dawson,dorm_sample,Bacteria;Pseudomonadota;Alphaproteobacteria;Sphingomonadales;Sphingomonadaceae;Sphingomonas;Sphingomonas ginsenosidimutans,aminoglycoside,aph(3')*,chromosome,2,1.125,1.778
Da.F.3.L.B,D06,Dawson,dorm_sample,Bacteria;Pseudomonadota;Alphaproteobacteria;Sphingomonadales;Sphingomonadaceae;Sphingomonas;Sphingomonas ginsenosidimutans,beta-lactam,bla*,chromosome,2.238,1.125,1.989
Da.F.3.L.B,D06,Dawson,dorm_sample,Bacteria;Pseudomonadota;Alphaproteobacteria;Sphingomonadales;Sphingomonadaceae;Sphingomonas;Sphingomonas ginsenosidimutans,defensin,mprF,chromosome,0.994,1.125,0.884
Da.F.3.L.B,D06,Dawson,dorm_sample,Bacteria;Pseudomonadota;Alphaproteobacteria;Sphingomonadales;Sphingomonadaceae;Sphingomonas;Sphingomonas panaciterrae,phenicol,catB,chromosome,0.981,1.25,0.785
Da.F.3.L.B,D06,Dawson,dorm_sample,Bacteria;Pseudomonadota;Alphaproteobacteria;Sphingomonadales;Sphingomonadaceae;Sphingomonas;Sphingomonas sp031456125,beta-lactam,bla*,chromosome,1,0.875,1.143
Da.F.3.L.B,D06,Dawson,dorm_sample,Bacteria;Pseudomonadota;Alphaproteobacteria;Sphingomonadales;Sphingomonadaceae;Sphingomonas;Sphingomonas sp039615155,aminoglycoside,aph(3')-I,chromosome,2.238,1.75,1.279
Da.F.3.L.B,D06,Dawson,dorm_sample,Bacteria;Pseudomonadota;Alphaproteobacteria;Sphingomonadales;Sphingomonadaceae;Sphingomonas;Sphingomonas sp039615155,beta-lactam,bla*,chromosome,4.746,1.75,2.712
Da.F.3.L.B,D06,Dawson,dorm_sample,Bacteria;Pseudomonadota;Alphaproteobacteria;Sphingomonadales;Sphingomonadaceae;Sphingomonas;Sphingomonas sp900109205,aminoglycoside,aac(3)-I,chromosome,1,1.125,0.889
Da.F.3.L.B,D06,Dawson,dorm_sample,Bacteria;Pseudomonadota;Alphaproteobacteria;Sphingomonadales;Sphingomonadaceae;Sphingomonas;Sphingomonas sp964021865,defensin,mprF,chromosome,1.86,1,1.86
Da.F.3.L.B,D06,Dawson,dorm_sample,Bacteria;Pseudomonadota;Alphaproteobacteria;Sphingomonadales;Sphingomonadaceae;Sphingopyxis;Sphingopyxis sp001830555,beta-lactam,bla*,chromosome,3.976,4.875,0.816
Da.F.3.L.B,D06,Dawson,dorm_sample,Bacteria;Pseudomonadota;Alphaproteobacteria;Sphingomonadales;Sphingomonadaceae;Sphingopyxis;Sphingopyxis sp001830555,rifamycin,arr,chromosome,8.879,4.875,1.821
Da.F.3.L.B,D06,Dawson,dorm_sample,Bacteria;Pseudomonadota;Alphaproteobacteria;Sphingomonadales;Sphingomonadaceae;Sphingopyxis;Sphingopyxis sp014873485,beta-lactam,bla*,chromosome,11.59,12.625,0.918
Da.F.3.L.B,D06,Dawson,dorm_sample,Bacteria;Pseudomonadota;Alphaproteobacteria;Sphingomonadales;Sphingomonadaceae;Sphingopyxis;Sphingopyxis sp022701295,aminoglycoside,aac(3)-I,chromosome,3.601,1.75,2.058
Da.F.3.L.B,D06,Dawson,dorm_sample,Bacteria;Pseudomonadota;Alphaproteobacteria;Sphingomonadales;Sphingomonadaceae;Sphingopyxis;Sphingopyxis sp022701295,beta-lactam,bla*,chromosome,2,1.75,1.143
Da.F.3.L.B,D06,Dawson,dorm_sample,Bacteria;Pseudomonadota;Alphaproteobacteria;Sphingomonadales;Sphingomonadaceae;Sphingopyxis;Sphingopyxis sp022701295,defensin,mprF,chromosome,4.271,1.75,2.441
Da.F.3.L.B,D06,Dawson,dorm_sample,Bacteria;Pseudomonadota;Alphaproteobacteria;Sphingomonadales;Sphingomonadaceae;Sphingopyxis;Sphingopyxis sp022701295,phenicol,catB,chromosome,0.962,1.75,0.55
Da.F.3.L.B,D06,Dawson,dorm_sample,Bacteria;Pseudomonadota;Gammaproteobacteria;Burkholderiales;Burkholderiaceae_C;Pseudorhodoferax;Pseudorhodoferax aquiterrae,defensin,mprF,chromosome,1,0.25,4
Da.F.3.L.B,D06,Dawson,dorm_sample,Bacteria;Pseudomonadota;Gammaproteobacteria;Xanthomonadales;Xanthomonadaceae;Lysobacter;Lysobacter capsici,defensin,mprF,chromosome,6.375,6.75,0.944
Da.F.3.L.B,D06,Dawson,dorm_sample,Bacteria;Pseudomonadota;Gammaproteobacteria;Xanthomonadales;Xanthomonadaceae;Pseudoxanthomonas_A;Pseudoxanthomonas_A japonensis,fosfomycin,fosX,chromosome,1,0.625,1.6
Da.F.3.L.B,D06,Dawson,dorm_sample,Bacteria;Pseudomonadota;Gammaproteobacteria;Xanthomonadales;Xanthomonadaceae;Pseudoxanthomonas_A;Pseudoxanthomonas_A mexicana,rifamycin,arr,chromosome,2,0.625,3.2
Da.F.3.L.B,D06,Dawson,dorm_sample,unclassified,aminoglycoside,aac(3)*,chromosome,1.759,0,0
Da.F.3.L.B,D06,Dawson,dorm_sample,unclassified,aminoglycoside,aac(3)*,plasmid,4.568,0,0
Da.F.3.L.B,D06,Dawson,dorm_sample,unclassified,aminoglycoside,aac(3)-I,chromosome,2,0,0
Da.F.3.L.B,D06,Dawson,dorm_sample,unclassified,aminoglycoside,aph(3')*,chromosome,1,0,0
Da.F.3.L.B,D06,Dawson,dorm_sample,unclassified,beta-lactam,bla*,chromosome,17.908,0,0
Da.F.3.L.B,D06,Dawson,dorm_sample,unclassified,beta-lactam,blaSGM,chromosome,2,0,0
Da.F.3.L.B,D06,Dawson,dorm_sample,unclassified,defensin,mprF,chromosome,3.069,0,0
Da.F.3.L.B,D06,Dawson,dorm_sample,unclassified,multidrug,tap,chromosome,0.998,0,0
Da.F.3.L.B,D06,Dawson,dorm_sample,unclassified,phenicol,cml*,chromosome,0.998,0,0
Da.F.3.L.B,D06,Dawson,dorm_sample,unclassified,phenicol,cxpE,chromosome,1,0,0
Da.F.3.L.B,D06,Dawson,dorm_sample,unclassified,rifamycin,arr,chromosome,2,0,0
Da.F.3.L.B,D06,Dawson,dorm_sample,unclassified,sulfonamide,sul1,plasmid,0.997,0,0
Da.F.3.L.B,D06,Dawson,dorm_sample,unclassified,sulfonamide,sul4,chromosome,1,0,0
Da.F.3.L.B,D06,Dawson,dorm_sample,unclassified,tetracycline,tet(V),chromosome,1.625,0,0
Pe.F.2.H.A,D07,Penland,dorm_sample,Bacteria;Actinomycetota;Actinomycetes;Actinomycetales;Microbacteriaceae;Agromyces;Agromyces mediolanus_A,beta-lactam,bla*,chromosome,10.955,4.375,2.504
Pe.F.2.H.A,D07,Penland,dorm_sample,Bacteria;Actinomycetota;Actinomycetes;Actinomycetales;Microbacteriaceae;Agromyces;Agromyces mediolanus_A,macrolide-lincosamide-streptogramin,erm*,chromosome,7.976,4.375,1.823
Pe.F.2.H.A,D07,Penland,dorm_sample,Bacteria;Actinomycetota;Actinomycetes;Mycobacteriales;Mycobacteriaceae;Mycobacterium;Mycobacterium fortuitum,aminoglycoside,aph(3'')*,chromosome,1,1.375,0.727
Pe.F.2.H.A,D07,Penland,dorm_sample,Bacteria;Actinomycetota;Actinomycetes;Mycobacteriales;Mycobacteriaceae;Mycobacterium;Mycobacterium fortuitum,beta-lactam,bla*,chromosome,1,1.375,0.727
Pe.F.2.H.A,D07,Penland,dorm_sample,Bacteria;Actinomycetota;Actinomycetes;Mycobacteriales;Mycobacteriaceae;Mycobacterium;Mycobacterium fortuitum,beta-lactam,blaF,chromosome,1,1.375,0.727
Pe.F.2.H.A,D07,Penland,dorm_sample,Bacteria;Actinomycetota;Actinomycetes;Mycobacteriales;Mycobacteriaceae;Mycobacterium;Mycobacterium fortuitum,multidrug,lfrA,chromosome,1.882,1.375,1.369
Pe.F.2.H.A,D07,Penland,dorm_sample,Bacteria;Actinomycetota;Actinomycetes;Mycobacteriales;Mycobacteriaceae;Mycobacterium;Mycobacterium fortuitum,rifamycin,arr,chromosome,0.993,1.375,0.722
Pe.F.2.H.A,D07,Penland,dorm_sample,Bacteria;Actinomycetota;Actinomycetes;Mycobacteriales;Mycobacteriaceae;Mycobacterium;Mycobacterium fortuitum,rifamycin,helR,chromosome,3,1.375,2.182
Pe.F.2.H.A,D07,Penland,dorm_sample,Bacteria;Actinomycetota;Actinomycetes;Mycobacteriales;Mycobacteriaceae;Mycobacterium;Mycobacterium fortuitum,rifamycin,rox,chromosome,3.148,1.375,2.29
Pe.F.2.H.A,D07,Penland,dorm_sample,Bacteria;Actinomycetota;Actinomycetes;Mycobacteriales;Mycobacteriaceae;Mycobacterium;Mycobacterium phocaicum,beta-lactam,bla*,chromosome,21.952,20.875,1.052
Pe.F.2.H.A,D07,Penland,dorm_sample,Bacteria;Actinomycetota;Actinomycetes;Mycobacteriales;Mycobacteriaceae;Mycobacterium;Mycobacterium phocaicum,defensin,lysX,chromosome,22.014,20.875,1.055
Pe.F.2.H.A,D07,Penland,dorm_sample,Bacteria;Actinomycetota;Actinomycetes;Mycobacteriales;Mycobacteriaceae;Mycobacterium;Mycobacterium phocaicum,multidrug,lfrA,chromosome,19.966,20.875,0.956
Pe.F.2.H.A,D07,Penland,dorm_sample,Bacteria;Actinomycetota;Actinomycetes;Mycobacteriales;Mycobacteriaceae;Mycobacterium;Mycobacterium phocaicum,rifamycin,arr,chromosome,24.993,20.875,1.197
Pe.F.2.H.A,D07,Penland,dorm_sample,Bacteria;Actinomycetota;Actinomycetes;Mycobacteriales;Mycobacteriaceae;Mycobacterium;Mycobacterium phocaicum,tetracycline,tet(V),chromosome,14.979,20.875,0.718
Pe.F.2.H.A,D07,Penland,dorm_sample,Bacteria;Actinomycetota;Actinomycetes;Mycobacteriales;Mycobacteriaceae;Mycobacterium;Mycobacterium sp018326285,rifamycin,arr,chromosome,12.704,1,12.704
Pe.F.2.H.A,D07,Penland,dorm_sample,Bacteria;Actinomycetota;Actinomycetes;Mycobacteriales;Mycobacteriaceae;Mycobacterium;Mycobacterium sp018326285,tetracycline,tet(V),chromosome,7.447,1,7.447
Pe.F.2.H.A,D07,Penland,dorm_sample,Bacteria;Bacteroidota;Bacteroidia;Chitinophagales;Chitinophagaceae;Flavihumibacter;Flavihumibacter cheonanensis,rifamycin,arr,chromosome,2,2.625,0.762
Pe.F.2.H.A,D07,Penland,dorm_sample,Bacteria;Bacteroidota;Bacteroidia;Chitinophagales;Chitinophagaceae;Flavihumibacter;Flavihumibacter fluminis,rifamycin,arr,chromosome,2.623,2.375,1.105
Pe.F.2.H.A,D07,Penland,dorm_sample,Bacteria;Bacteroidota;Bacteroidia;Chitinophagales;Chitinophagaceae;Niabella;Niabella sp052044285,beta-lactam,bla*,chromosome,0.987,0.875,1.128
Pe.F.2.H.A,D07,Penland,dorm_sample,Bacteria;Bacteroidota;Bacteroidia;Cytophagales;Spirosomataceae;Spirosoma;Spirosoma terrae,beta-lactam,bla*,chromosome,2,0.625,3.2
Pe.F.2.H.A,D07,Penland,dorm_sample,Bacteria;Bacteroidota;Bacteroidia;Sphingobacteriales;Sphingobacteriaceae;Pedobacter;Pedobacter chitinilyticus,aminoglycoside,ant(6)*,chromosome,4.209,4.625,0.91
Pe.F.2.H.A,D07,Penland,dorm_sample,Bacteria;Bacteroidota;Bacteroidia;Sphingobacteriales;Sphingobacteriaceae;Pedobacter;Pedobacter chitinilyticus,beta-lactam,bla*,chromosome,3,4.625,0.649
Pe.F.2.H.A,D07,Penland,dorm_sample,Bacteria;Bacteroidota;Bacteroidia;Sphingobacteriales;Sphingobacteriaceae;Pedobacter;Pedobacter chitinilyticus,rifamycin,arr,chromosome,2,4.625,0.432
Pe.F.2.H.A,D07,Penland,dorm_sample,Bacteria;Pseudomonadota;Alphaproteobacteria;Caulobacterales;Caulobacteraceae;Phenylobacterium;Phenylobacterium sp041919955,rifamycin,arr,chromosome,16.902,8.5,1.989
Pe.F.2.H.A,D07,Penland,dorm_sample,Bacteria;Pseudomonadota;Alphaproteobacteria;Rhizobiales;Rhizobiaceae;Agrobacterium;Agrobacterium pusense,aminoglycoside,aac(6')*,chromosome,2,1.125,1.778
Pe.F.2.H.A,D07,Penland,dorm_sample,Bacteria;Pseudomonadota;Alphaproteobacteria;Rhizobiales;Rhizobiaceae;Agrobacterium;Agrobacterium pusense,beta-lactam,bla*,chromosome,4,1.125,3.556
Pe.F.2.H.A,D07,Penland,dorm_sample,Bacteria;Pseudomonadota;Alphaproteobacteria;Rhizobiales;Rhizobiaceae;Agrobacterium;Agrobacterium pusense,defensin,mprF,chromosome,1,1.125,0.889
Pe.F.2.H.A,D07,Penland,dorm_sample,Bacteria;Pseudomonadota;Alphaproteobacteria;Rhizobiales;Rhizobiaceae;Agrobacterium;Agrobacterium pusense,multidrug,acrA,chromosome,2.921,1.125,2.596
Pe.F.2.H.A,D07,Penland,dorm_sample,Bacteria;Pseudomonadota;Alphaproteobacteria;Rhizobiales;Rhizobiaceae;Agrobacterium;Agrobacterium pusense,multidrug,acrB,chromosome,3,1.125,2.667
Pe.F.2.H.A,D07,Penland,dorm_sample,Bacteria;Pseudomonadota;Alphaproteobacteria;Rhizobiales;Rhizobiaceae;Agrobacterium;Agrobacterium pusense,multidrug,ameA,chromosome,1,1.125,0.889
Pe.F.2.H.A,D07,Penland,dorm_sample,Bacteria;Pseudomonadota;Alphaproteobacteria;Rhizobiales;Rhizobiaceae;Agrobacterium;Agrobacterium pusense,multidrug,ameB,chromosome,1,1.125,0.889
Pe.F.2.H.A,D07,Penland,dorm_sample,Bacteria;Pseudomonadota;Alphaproteobacteria;Rhizobiales;Rhizobiaceae;Agrobacterium;Agrobacterium pusense,multidrug,emrB,chromosome,2,1.125,1.778
Pe.F.2.H.A,D07,Penland,dorm_sample,Bacteria;Pseudomonadota;Alphaproteobacteria;Rhizobiales;Rhizobiaceae;Agrobacterium;Agrobacterium pusense,phenicol,catB,chromosome,2,1.125,1.778
Pe.F.2.H.A,D07,Penland,dorm_sample,Bacteria;Pseudomonadota;Alphaproteobacteria;Sphingomonadales;Sphingomonadaceae;Blastomonas;Blastomonas ursincola,aminoglycoside,aac(3)*,chromosome,6.906,10.625,0.65
Pe.F.2.H.A,D07,Penland,dorm_sample,Bacteria;Pseudomonadota;Alphaproteobacteria;Sphingomonadales;Sphingomonadaceae;Blastomonas;Blastomonas ursincola,beta-lactam,bla*,chromosome,8.01,10.625,0.754
Pe.F.2.H.A,D07,Penland,dorm_sample,Bacteria;Pseudomonadota;Alphaproteobacteria;Sphingomonadales;Sphingomonadaceae;Erythrobacter;Erythrobacter sp046452395,aminoglycoside,aac(6')*,chromosome,3,2.125,1.412
Pe.F.2.H.A,D07,Penland,dorm_sample,Bacteria;Pseudomonadota;Alphaproteobacteria;Sphingomonadales;Sphingomonadaceae;Erythrobacter;Erythrobacter sp046452395,beta-lactam,bla*,chromosome,8.271,2.125,3.892
Pe.F.2.H.A,D07,Penland,dorm_sample,Bacteria;Pseudomonadota;Alphaproteobacteria;Sphingomonadales;Sphingomonadaceae;Sphingomonas;Sphingomonas koreensis,aminoglycoside,aac(6')*,chromosome,11.331,8.375,1.353
Pe.F.2.H.A,D07,Penland,dorm_sample,Bacteria;Pseudomonadota;Alphaproteobacteria;Sphingomonadales;Sphingomonadaceae;Sphingomonas;Sphingomonas koreensis,beta-lactam,bla*,chromosome,22.824,8.375,2.725
Pe.F.2.H.A,D07,Penland,dorm_sample,Bacteria;Pseudomonadota;Alphaproteobacteria;Sphingomonadales;Sphingomonadaceae;Sphingomonas;Sphingomonas koreensis,phenicol,catB,chromosome,10,8.375,1.194
Pe.F.2.H.A,D07,Penland,dorm_sample,Bacteria;Pseudomonadota;Alphaproteobacteria;Sphingomonadales;Sphingomonadaceae;Sphingomonas;Sphingomonas koreensis,rifamycin,arr,chromosome,5,8.375,0.597
Pe.F.2.H.A,D07,Penland,dorm_sample,Bacteria;Pseudomonadota;Alphaproteobacteria;Sphingomonadales;Sphingomonadaceae;Sphingomonas;Sphingomonas sp001555965,aminoglycoside,aac(3)-I,chromosome,2,3,0.667
Pe.F.2.H.A,D07,Penland,dorm_sample,Bacteria;Pseudomonadota;Alphaproteobacteria;Sphingomonadales;Sphingomonadaceae;Sphingomonas;Sphingomonas sp001555965,beta-lactam,bla*,chromosome,2.823,3,0.941
Pe.F.2.H.A,D07,Penland,dorm_sample,Bacteria;Pseudomonadota;Alphaproteobacteria;Sphingomonadales;Sphingomonadaceae;Sphingopyxis;Sphingopyxis sp001468395,beta-lactam,bla*,chromosome,10.718,4.25,2.522
Pe.F.2.H.A,D07,Penland,dorm_sample,Bacteria;Pseudomonadota;Alphaproteobacteria;Sphingomonadales;Sphingomonadaceae;Sphingopyxis;Sphingopyxis sp001468395,defensin,mprF,chromosome,3.47,4.25,0.816
Pe.F.2.H.A,D07,Penland,dorm_sample,Bacteria;Pseudomonadota;Gammaproteobacteria;Burkholderiales;Burkholderiaceae_C;Acidovorax;Acidovorax temperans,beta-lactam,bla*,chromosome,7.731,10.25,0.754
Pe.F.2.H.A,D07,Penland,dorm_sample,Bacteria;Pseudomonadota;Gammaproteobacteria;Burkholderiales;Burkholderiaceae_C;Acidovorax;Acidovorax temperans,fosfomycin,fosX,chromosome,4.317,10.25,0.421
Pe.F.2.H.A,D07,Penland,dorm_sample,Bacteria;Pseudomonadota;Gammaproteobacteria;Burkholderiales;Burkholderiaceae_C;Aquincola;Aquincola tertiaricarbonis_B,beta-lactam,bla*,chromosome,6.844,6.5,1.053
Pe.F.2.H.A,D07,Penland,dorm_sample,Bacteria;Pseudomonadota;Gammaproteobacteria;Xanthomonadales;Rhodanobacteraceae;Dokdonella;Dokdonella sp002483055,beta-lactam,bla*,chromosome,6.386,5.25,1.216
Pe.F.2.H.A,D07,Penland,dorm_sample,Bacteria;Pseudomonadota;Gammaproteobacteria;Xanthomonadales;Rhodanobacteraceae;Dokdonella;Dokdonella sp002483055,defensin,mprF,chromosome,4.444,5.25,0.846
Pe.F.2.H.A,D07,Penland,dorm_sample,Bacteria;Pseudomonadota;Gammaproteobacteria;Xanthomonadales;Rhodanobacteraceae;Dokdonella;Dokdonella sp002483055,multidrug,macB,chromosome,6.951,5.25,1.324
Pe.F.2.H.A,D07,Penland,dorm_sample,Bacteria;Pseudomonadota;Gammaproteobacteria;Xanthomonadales;Xanthomonadaceae;Pseudoxanthomonas_A;Pseudoxanthomonas_A mexicana,aminoglycoside,aac(3)-I,chromosome,1,2,0.5
Pe.F.2.H.A,D07,Penland,dorm_sample,Bacteria;Pseudomonadota;Gammaproteobacteria;Xanthomonadales;Xanthomonadaceae;Pseudoxanthomonas_A;Pseudoxanthomonas_A mexicana,beta-lactam,bla*,chromosome,2.182,2,1.091
Pe.F.2.H.A,D07,Penland,dorm_sample,Bacteria;Pseudomonadota;Gammaproteobacteria;Xanthomonadales;Xanthomonadaceae;Pseudoxanthomonas_A;Pseudoxanthomonas_A mexicana,rifamycin,arr,chromosome,1,2,0.5
Pe.F.2.H.A,D07,Penland,dorm_sample,unclassified,aminoglycoside,aac(3)-I,chromosome,1,0,0
Pe.F.2.H.A,D07,Penland,dorm_sample,unclassified,aminoglycoside,aac(3)-III,chromosome,0.953,0,0
Pe.F.2.H.A,D07,Penland,dorm_sample,unclassified,aminoglycoside,aac(6')*,chromosome,1.933,0,0
Pe.F.2.H.A,D07,Penland,dorm_sample,unclassified,aminoglycoside,ant(3'')-I,plasmid,5,0,0
Pe.F.2.H.A,D07,Penland,dorm_sample,unclassified,aminoglycoside,ant(3'')-II,chromosome,1.986,0,0
Pe.F.2.H.A,D07,Penland,dorm_sample,unclassified,aminoglycoside,ant(6)*,chromosome,1,0,0
Pe.F.2.H.A,D07,Penland,dorm_sample,unclassified,aminoglycoside,aph(3')-II,chromosome,2,0,0
Pe.F.2.H.A,D07,Penland,dorm_sample,unclassified,beta-lactam,bla*,chromosome,18.593,0,0
Pe.F.2.H.A,D07,Penland,dorm_sample,unclassified,beta-lactam,blaOXA,plasmid,1,0,0
Pe.F.2.H.A,D07,Penland,dorm_sample,unclassified,multidrug,emrA,chromosome,1.997,0,0
Pe.F.2.H.A,D07,Penland,dorm_sample,unclassified,multidrug,emrB,chromosome,1,0,0
Pe.F.2.H.A,D07,Penland,dorm_sample,unclassified,multidrug,emrC,chromosome,1,0,0
Pe.F.2.H.A,D07,Penland,dorm_sample,unclassified,multidrug,macB,chromosome,1.839,0,0
Pe.F.2.H.A,D07,Penland,dorm_sample,unclassified,multidrug,mdtI,chromosome,2,0,0
Pe.F.2.H.A,D07,Penland,dorm_sample,unclassified,multidrug,smeE,chromosome,0.949,0,0
Pe.F.2.H.A,D07,Penland,dorm_sample,unclassified,multidrug,smeF,chromosome,0.998,0,0
Pe.F.2.H.A,D07,Penland,dorm_sample,unclassified,rifamycin,arr,chromosome,7,0,0
Pe.F.2.H.A,D07,Penland,dorm_sample,unclassified,rifamycin,helR,chromosome,1,0,0
Pe.F.2.H.A,D07,Penland,dorm_sample,unclassified,sulfonamide,sul2,chromosome,1,0,0
Pe.F.2.H.A,D07,Penland,dorm_sample,unclassified,sulfonamide,sul2,plasmid,0.972,0,0
Ea.F.3.L.B,E01,Earl,dorm_sample,Bacteria;Actinomycetota;Actinomycetes;Actinomycetales;Microbacteriaceae;Agromyces;Agromyces mediolanus_A,beta-lactam,bla*,chromosome,2.258,2.125,1.063
Ea.F.3.L.B,E01,Earl,dorm_sample,Bacteria;Actinomycetota;Actinomycetes;Actinomycetales;Microbacteriaceae;Agromyces;Agromyces mediolanus_A,rifamycin,helR,chromosome,2.698,2.125,1.27
Ea.F.3.L.B,E01,Earl,dorm_sample,Bacteria;Actinomycetota;Actinomycetes;Mycobacteriales;Mycobacteriaceae;Mycobacterium;Mycobacterium phocaicum,beta-lactam,bla*,chromosome,29.324,30.875,0.95
Ea.F.3.L.B,E01,Earl,dorm_sample,Bacteria;Actinomycetota;Actinomycetes;Mycobacteriales;Mycobacteriaceae;Mycobacterium;Mycobacterium phocaicum,defensin,lysX,chromosome,29.028,30.875,0.94
Ea.F.3.L.B,E01,Earl,dorm_sample,Bacteria;Actinomycetota;Actinomycetes;Mycobacteriales;Mycobacteriaceae;Mycobacterium;Mycobacterium phocaicum,multidrug,lfrA,chromosome,31.455,30.875,1.019
Ea.F.3.L.B,E01,Earl,dorm_sample,Bacteria;Actinomycetota;Actinomycetes;Mycobacteriales;Mycobacteriaceae;Mycobacterium;Mycobacterium phocaicum,rifamycin,arr,chromosome,44.953,30.875,1.456
Ea.F.3.L.B,E01,Earl,dorm_sample,Bacteria;Actinomycetota;Actinomycetes;Mycobacteriales;Mycobacteriaceae;Mycobacterium;Mycobacterium phocaicum,tetracycline,tet(V),chromosome,31.314,30.875,1.014
Ea.F.3.L.B,E01,Earl,dorm_sample,Bacteria;Bacteroidota;Bacteroidia;Flavobacteriales;Flavobacteriaceae;Flavobacterium;Flavobacterium endophyticum,rifamycin,arr,chromosome,8,7.875,1.016
Ea.F.3.L.B,E01,Earl,dorm_sample,Bacteria;Bacteroidota;Bacteroidia;Flavobacteriales;Weeksellaceae;Chryseobacterium;Chryseobacterium phocaeense,beta-lactam,bla*,chromosome,1,0.375,2.667
Ea.F.3.L.B,E01,Earl,dorm_sample,Bacteria;Bacteroidota;Bacteroidia;Sphingobacteriales;Sphingobacteriaceae;Pedobacter;Pedobacter chitinilyticus,beta-lactam,bla*,chromosome,3.417,2.375,1.439
Ea.F.3.L.B,E01,Earl,dorm_sample,Bacteria;Planctomycetota;Planctomycetia;Planctomycetales;Planctomycetaceae;Planctomyces_A;Planctomyces_A sp001610835,tetracycline,tet*,chromosome,2.525,3.125,0.808
Ea.F.3.L.B,E01,Earl,dorm_sample,Bacteria;Pseudomonadota;Alphaproteobacteria;Azospirillales;Azospirillaceae;Skermanella;Skermanella aerolata,defensin,mprF,chromosome,1.504,0.25,6.016
Ea.F.3.L.B,E01,Earl,dorm_sample,Bacteria;Pseudomonadota;Alphaproteobacteria;Caulobacterales;Caulobacteraceae;Brevundimonas;Brevundimonas pondensis,beta-lactam,bla*,chromosome,16.602,20.875,0.795
Ea.F.3.L.B,E01,Earl,dorm_sample,Bacteria;Pseudomonadota;Alphaproteobacteria;Caulobacterales;Caulobacteraceae;Phenylobacterium;Phenylobacterium sp018240795,beta-lactam,bla*,chromosome,6,2.125,2.824
Ea.F.3.L.B,E01,Earl,dorm_sample,Bacteria;Pseudomonadota;Alphaproteobacteria;Caulobacterales;Caulobacteraceae;Phenylobacterium;Phenylobacterium sp018240795,defensin,mprF,chromosome,1.107,2.125,0.521
Ea.F.3.L.B,E01,Earl,dorm_sample,Bacteria;Pseudomonadota;Alphaproteobacteria;Caulobacterales;Caulobacteraceae;Phenylobacterium;Phenylobacterium sp018240795,phenicol,cml*,chromosome,1,2.125,0.471
Ea.F.3.L.B,E01,Earl,dorm_sample,Bacteria;Pseudomonadota;Alphaproteobacteria;Caulobacterales;Caulobacteraceae;Phenylobacterium;Phenylobacterium sp030681155,beta-lactam,bla*,chromosome,5.828,2.25,2.59
Ea.F.3.L.B,E01,Earl,dorm_sample,Bacteria;Pseudomonadota;Alphaproteobacteria;Rhizobiales;Beijerinckiaceae;Allobosea;Allobosea eneae,aminoglycoside,aac(3)*,chromosome,7.891,8.125,0.971
Ea.F.3.L.B,E01,Earl,dorm_sample,Bacteria;Pseudomonadota;Alphaproteobacteria;Rhizobiales;Beijerinckiaceae;Allobosea;Allobosea eneae,beta-lactam,bla*,chromosome,12.863,8.125,1.583
Ea.F.3.L.B,E01,Earl,dorm_sample,Bacteria;Pseudomonadota;Alphaproteobacteria;Rhizobiales;Beijerinckiaceae;Allobosea;Allobosea eneae,multidrug,mdtI,chromosome,5.821,8.125,0.716
Ea.F.3.L.B,E01,Earl,dorm_sample,Bacteria;Pseudomonadota;Alphaproteobacteria;Rhizobiales;Beijerinckiaceae;Allobosea;Allobosea sp900112185,beta-lactam,bla*,chromosome,3,0.625,4.8
Ea.F.3.L.B,E01,Earl,dorm_sample,Bacteria;Pseudomonadota;Alphaproteobacteria;Rhizobiales;Beijerinckiaceae;Allobosea;Allobosea sp965283735,multidrug,macB,chromosome,1,0.25,4
Ea.F.3.L.B,E01,Earl,dorm_sample,Bacteria;Pseudomonadota;Alphaproteobacteria;Rhizobiales;Beijerinckiaceae;Allobosea;Allobosea vestrisii,aminoglycoside,aac(3)*,chromosome,1.547,1.5,1.032
Ea.F.3.L.B,E01,Earl,dorm_sample,Bacteria;Pseudomonadota;Alphaproteobacteria;Rhizobiales;Beijerinckiaceae;Allobosea;Allobosea vestrisii,beta-lactam,bla*,chromosome,2.446,1.5,1.631
Ea.F.3.L.B,E01,Earl,dorm_sample,Bacteria;Pseudomonadota;Alphaproteobacteria;Rhizobiales;Beijerinckiaceae;Methylobacterium;Methylobacterium aquaticum,beta-lactam,bla*,chromosome,1,4.125,0.242
Ea.F.3.L.B,E01,Earl,dorm_sample,Bacteria;Pseudomonadota;Alphaproteobacteria;Rhizobiales;Beijerinckiaceae;Methylobacterium;Methylobacterium radiotolerans,beta-lactam,bla*,chromosome,1,3.25,0.308
Ea.F.3.L.B,E01,Earl,dorm_sample,Bacteria;Pseudomonadota;Alphaproteobacteria;Rhizobiales;Hyphomicrobiaceae;Hyphomicrobium_C;Hyphomicrobium_C sp019744875,aminoglycoside,aac(3)-I,chromosome,4,5.125,0.78
Ea.F.3.L.B,E01,Earl,dorm_sample,Bacteria;Pseudomonadota;Alphaproteobacteria;Rhizobiales;Rhizobiaceae;Shinella;Shinella sp001262505,aminoglycoside,aph(3'')*,chromosome,1,2.125,0.471
Ea.F.3.L.B,E01,Earl,dorm_sample,Bacteria;Pseudomonadota;Alphaproteobacteria;Rhizobiales;Rhizobiaceae;Shinella;Shinella sp001262505,beta-lactam,bla*,chromosome,3.205,2.125,1.508
Ea.F.3.L.B,E01,Earl,dorm_sample,Bacteria;Pseudomonadota;Alphaproteobacteria;Rhizobiales;Rhizobiaceae;Shinella;Shinella sp001262505,phenicol,cml*,chromosome,1.98,2.125,0.932
Ea.F.3.L.B,E01,Earl,dorm_sample,Bacteria;Pseudomonadota;Alphaproteobacteria;Rhizobiales;Xanthobacteraceae;Bradyrhizobium;Bradyrhizobium lablabi_C,beta-lactam,bla*,chromosome,8.909,5.625,1.584
Ea.F.3.L.B,E01,Earl,dorm_sample,Bacteria;Pseudomonadota;Alphaproteobacteria;Sphingomonadales;Sphingomonadaceae;Blastomonas;Blastomonas sp000503195,aminoglycoside,aac(3)*,chromosome,3,0.75,4
Ea.F.3.L.B,E01,Earl,dorm_sample,Bacteria;Pseudomonadota;Alphaproteobacteria;Sphingomonadales;Sphingomonadaceae;Blastomonas;Blastomonas sp000503195,beta-lactam,bla*,chromosome,0.994,0.75,1.325
Ea.F.3.L.B,E01,Earl,dorm_sample,Bacteria;Pseudomonadota;Alphaproteobacteria;Sphingomonadales;Sphingomonadaceae;Blastomonas;Blastomonas sp000503195,rifamycin,arr,chromosome,2,0.75,2.667
Ea.F.3.L.B,E01,Earl,dorm_sample,Bacteria;Pseudomonadota;Alphaproteobacteria;Sphingomonadales;Sphingomonadaceae;Blastomonas;Blastomonas ursincola,aminoglycoside,aac(3)*,chromosome,23.279,24,0.97
Ea.F.3.L.B,E01,Earl,dorm_sample,Bacteria;Pseudomonadota;Alphaproteobacteria;Sphingomonadales;Sphingomonadaceae;Blastomonas;Blastomonas ursincola,beta-lactam,bla*,chromosome,20.32,24,0.847
Ea.F.3.L.B,E01,Earl,dorm_sample,Bacteria;Pseudomonadota;Alphaproteobacteria;Sphingomonadales;Sphingomonadaceae;Sphingobium;Sphingobium yanoikuyae,beta-lactam,bla*,chromosome,2,0.5,4
Ea.F.3.L.B,E01,Earl,dorm_sample,Bacteria;Pseudomonadota;Alphaproteobacteria;Sphingomonadales;Sphingomonadaceae;Sphingobium_A;Sphingobium_A colocasiae,beta-lactam,bla*,chromosome,2,1.125,1.778
Ea.F.3.L.B,E01,Earl,dorm_sample,Bacteria;Pseudomonadota;Alphaproteobacteria;Sphingomonadales;Sphingomonadaceae;Sphingobium_A;Sphingobium_A colocasiae,defensin,mprF,chromosome,1.748,1.125,1.554
Ea.F.3.L.B,E01,Earl,dorm_sample,Bacteria;Pseudomonadota;Alphaproteobacteria;Sphingomonadales;Sphingomonadaceae;Sphingopyxis;Sphingopyxis soli,beta-lactam,bla*,chromosome,69.727,9.75,7.151
Ea.F.3.L.B,E01,Earl,dorm_sample,Bacteria;Pseudomonadota;Alphaproteobacteria;Sphingomonadales;Sphingomonadaceae;Sphingopyxis;Sphingopyxis soli,defensin,mprF,chromosome,34.557,9.75,3.544
Ea.F.3.L.B,E01,Earl,dorm_sample,Bacteria;Pseudomonadota;Alphaproteobacteria;Sphingomonadales;Sphingomonadaceae;Sphingopyxis;Sphingopyxis sp001468395,beta-lactam,bla*,chromosome,66.289,125.125,0.53
Ea.F.3.L.B,E01,Earl,dorm_sample,Bacteria;Pseudomonadota;Alphaproteobacteria;Sphingomonadales;Sphingomonadaceae;Sphingopyxis;Sphingopyxis sp001468395,defensin,mprF,chromosome,97.654,125.125,0.78
Ea.F.3.L.B,E01,Earl,dorm_sample,Bacteria;Pseudomonadota;Alphaproteobacteria;Sphingomonadales;Sphingomonadaceae;Sphingopyxis;Sphingopyxis sp005503215,rifamycin,arr,chromosome,6,0.875,6.857
Ea.F.3.L.B,E01,Earl,dorm_sample,Bacteria;Pseudomonadota;Alphaproteobacteria;Sphingomonadales;Sphingomonadaceae;Sphingopyxis;Sphingopyxis sp014873485,beta-lactam,bla*,chromosome,77.594,57,1.361
Ea.F.3.L.B,E01,Earl,dorm_sample,Bacteria;Pseudomonadota;Alphaproteobacteria;Sphingomonadales;Sphingomonadaceae;Sphingopyxis;Sphingopyxis sp014873485,phenicol,catB,chromosome,20.75,57,0.364
Ea.F.3.L.B,E01,Earl,dorm_sample,Bacteria;Pseudomonadota;Alphaproteobacteria;Sphingomonadales;Sphingomonadaceae;Sphingopyxis;Sphingopyxis sp014873485,rifamycin,arr,chromosome,30.493,57,0.535
Ea.F.3.L.B,E01,Earl,dorm_sample,Bacteria;Pseudomonadota;Alphaproteobacteria;Sphingomonadales;Sphingomonadaceae;Sphingopyxis;Sphingopyxis sp035998905,beta-lactam,bla*,chromosome,10.544,6.125,1.721
Ea.F.3.L.B,E01,Earl,dorm_sample,Bacteria;Pseudomonadota;Alphaproteobacteria;Sphingomonadales;Sphingomonadaceae;Sphingopyxis;Sphingopyxis sp035998905,phenicol,catB,chromosome,3.165,6.125,0.517
Ea.F.3.L.B,E01,Earl,dorm_sample,Bacteria;Pseudomonadota;Alphaproteobacteria;Sphingomonadales;Sphingomonadaceae;Sphingopyxis;Sphingopyxis sp035998905,rifamycin,arr,chromosome,1,6.125,0.163
Ea.F.3.L.B,E01,Earl,dorm_sample,Bacteria;Pseudomonadota;Gammaproteobacteria;Burkholderiales;Burkholderiaceae_C;Aquabacterium;Aquabacterium sp049322875,multidrug,macB,chromosome,0.999,0.375,2.663
Ea.F.3.L.B,E01,Earl,dorm_sample,Bacteria;Pseudomonadota;Gammaproteobacteria;Burkholderiales;Burkholderiaceae_C;Aquincola;Aquincola tertiaricarbonis_B,beta-lactam,bla*,chromosome,7.612,9.625,0.791
Ea.F.3.L.B,E01,Earl,dorm_sample,Bacteria;Pseudomonadota;Gammaproteobacteria;Burkholderiales;Burkholderiaceae_C;Pseudorhodoferax;Pseudorhodoferax sp001422365,beta-lactam,bla*,chromosome,2,0.75,2.667
Ea.F.3.L.B,E01,Earl,dorm_sample,Bacteria;Pseudomonadota;Gammaproteobacteria;Burkholderiales;Burkholderiaceae_C;Pseudorhodoferax;Pseudorhodoferax sp001422365,multidrug,macB,chromosome,3,0.75,4
Ea.F.3.L.B,E01,Earl,dorm_sample,Bacteria;Pseudomonadota;Gammaproteobacteria;Burkholderiales;Burkholderiaceae_C;Pseudorhodoferax;Pseudorhodoferax sp032153935,defensin,mprF,chromosome,1.064,2,0.532
Ea.F.3.L.B,E01,Earl,dorm_sample,Bacteria;Pseudomonadota;Gammaproteobacteria;Enterobacterales;Enterobacteriaceae;Citrobacter;Citrobacter freundii,beta-lactam,blaCMY,chromosome,2,0.625,3.2
Ea.F.3.L.B,E01,Earl,dorm_sample,Bacteria;Pseudomonadota;Gammaproteobacteria;Enterobacterales;Enterobacteriaceae;Citrobacter;Citrobacter freundii,colistin,arnB,chromosome,1,0.625,1.6
Ea.F.3.L.B,E01,Earl,dorm_sample,Bacteria;Pseudomonadota;Gammaproteobacteria;Enterobacterales;Enterobacteriaceae;Citrobacter;Citrobacter freundii,colistin,arnC,chromosome,1,0.625,1.6
Ea.F.3.L.B,E01,Earl,dorm_sample,Bacteria;Pseudomonadota;Gammaproteobacteria;Enterobacterales;Enterobacteriaceae;Citrobacter;Citrobacter freundii,colistin,eptB,chromosome,2.486,0.625,3.977
Ea.F.3.L.B,E01,Earl,dorm_sample,Bacteria;Pseudomonadota;Gammaproteobacteria;Enterobacterales;Enterobacteriaceae;Citrobacter;Citrobacter freundii,multidrug,acrA,chromosome,1.116,0.625,1.785
Ea.F.3.L.B,E01,Earl,dorm_sample,Bacteria;Pseudomonadota;Gammaproteobacteria;Enterobacterales;Enterobacteriaceae;Citrobacter;Citrobacter freundii,multidrug,acrB,chromosome,1,0.625,1.6
Ea.F.3.L.B,E01,Earl,dorm_sample,Bacteria;Pseudomonadota;Gammaproteobacteria;Enterobacterales;Enterobacteriaceae;Citrobacter;Citrobacter freundii,multidrug,bcr,chromosome,1,0.625,1.6
Ea.F.3.L.B,E01,Earl,dorm_sample,Bacteria;Pseudomonadota;Gammaproteobacteria;Enterobacterales;Enterobacteriaceae;Citrobacter;Citrobacter freundii,multidrug,emrD,chromosome,2.563,0.625,4.102
Ea.F.3.L.B,E01,Earl,dorm_sample,Bacteria;Pseudomonadota;Gammaproteobacteria;Enterobacterales;Enterobacteriaceae;Citrobacter;Citrobacter freundii,multidrug,macA,chromosome,3.779,0.625,6.046
Ea.F.3.L.B,E01,Earl,dorm_sample,Bacteria;Pseudomonadota;Gammaproteobacteria;Enterobacterales;Enterobacteriaceae;Citrobacter;Citrobacter freundii,multidrug,macB,chromosome,2.265,0.625,3.625
Ea.F.3.L.B,E01,Earl,dorm_sample,Bacteria;Pseudomonadota;Gammaproteobacteria;Enterobacterales;Enterobacteriaceae;Citrobacter;Citrobacter freundii,multidrug,mdtB,chromosome,1.418,0.625,2.269
Ea.F.3.L.B,E01,Earl,dorm_sample,Bacteria;Pseudomonadota;Gammaproteobacteria;Enterobacterales;Enterobacteriaceae;Citrobacter;Citrobacter freundii,multidrug,mdtC,chromosome,2,0.625,3.2
Ea.F.3.L.B,E01,Earl,dorm_sample,Bacteria;Pseudomonadota;Gammaproteobacteria;Enterobacterales;Enterobacteriaceae;Citrobacter;Citrobacter freundii,multidrug,mdtH,chromosome,1,0.625,1.6
Ea.F.3.L.B,E01,Earl,dorm_sample,Bacteria;Pseudomonadota;Gammaproteobacteria;Enterobacterales;Enterobacteriaceae;Citrobacter;Citrobacter freundii,multidrug,mdtI,chromosome,1,0.625,1.6
Ea.F.3.L.B,E01,Earl,dorm_sample,Bacteria;Pseudomonadota;Gammaproteobacteria;Enterobacterales;Enterobacteriaceae;Citrobacter;Citrobacter freundii,multidrug,mdtK,chromosome,1,0.625,1.6
Ea.F.3.L.B,E01,Earl,dorm_sample,Bacteria;Pseudomonadota;Gammaproteobacteria;Enterobacterales;Enterobacteriaceae;Citrobacter;Citrobacter freundii,multidrug,mdtM,chromosome,2,0.625,3.2
Ea.F.3.L.B,E01,Earl,dorm_sample,Bacteria;Pseudomonadota;Gammaproteobacteria;Enterobacterales;Enterobacteriaceae;Citrobacter;Citrobacter freundii,multidrug,tolC,chromosome,1,0.625,1.6
Ea.F.3.L.B,E01,Earl,dorm_sample,Bacteria;Pseudomonadota;Gammaproteobacteria;Enterobacterales;Enterobacteriaceae;Citrobacter;Citrobacter freundii,multidrug,ybhR,chromosome,1,0.625,1.6
Ea.F.3.L.B,E01,Earl,dorm_sample,Bacteria;Pseudomonadota;Gammaproteobacteria;Enterobacterales;Enterobacteriaceae;Citrobacter;Citrobacter freundii,multidrug,ybhS,chromosome,1,0.625,1.6
Ea.F.3.L.B,E01,Earl,dorm_sample,Bacteria;Pseudomonadota;Gammaproteobacteria;Enterobacterales;Enterobacteriaceae;Citrobacter;Citrobacter freundii,quinolone,qnrB,chromosome,2,0.625,3.2
Ea.F.3.L.B,E01,Earl,dorm_sample,Bacteria;Pseudomonadota;Gammaproteobacteria;Pseudomonadales;Moraxellaceae;Acinetobacter;Acinetobacter johnsonii,multidrug,adeK,chromosome,1,0.25,4
Ea.F.3.L.B,E01,Earl,dorm_sample,Bacteria;Pseudomonadota;Gammaproteobacteria;Pseudomonadales;Moraxellaceae;Acinetobacter;Acinetobacter parvus,multidrug,adeJ,chromosome,3.328,3.125,1.065
Ea.F.3.L.B,E01,Earl,dorm_sample,Bacteria;Pseudomonadota;Gammaproteobacteria;Pseudomonadales;Moraxellaceae;Acinetobacter;Acinetobacter parvus,multidrug,adeK,chromosome,1.84,3.125,0.589
Ea.F.3.L.B,E01,Earl,dorm_sample,Bacteria;Pseudomonadota;Gammaproteobacteria;Pseudomonadales;Moraxellaceae;Acinetobacter;Acinetobacter parvus,multidrug,macA,chromosome,1.272,3.125,0.407
Ea.F.3.L.B,E01,Earl,dorm_sample,Bacteria;Pseudomonadota;Gammaproteobacteria;Pseudomonadales;Moraxellaceae;Acinetobacter;Acinetobacter parvus,phenicol,cxpE,chromosome,1.506,3.125,0.482
Ea.F.3.L.B,E01,Earl,dorm_sample,Bacteria;Pseudomonadota;Gammaproteobacteria;Pseudomonadales;Pseudomonadaceae;Aquipseudomonas;Aquipseudomonas asiatica,multidrug,ttgA,chromosome,2,0.75,2.667
Ea.F.3.L.B,E01,Earl,dorm_sample,Bacteria;Pseudomonadota;Gammaproteobacteria;Pseudomonadales;Pseudomonadaceae;Metapseudomonas;Metapseudomonas tohonis,beta-lactam,blaPAM,chromosome,1,0.5,2
Ea.F.3.L.B,E01,Earl,dorm_sample,Bacteria;Pseudomonadota;Gammaproteobacteria;Pseudomonadales;Pseudomonadaceae;Metapseudomonas;Metapseudomonas tohonis,macrolide-lincosamide-streptogramin,vat*,chromosome,2,0.5,4
Ea.F.3.L.B,E01,Earl,dorm_sample,Bacteria;Pseudomonadota;Gammaproteobacteria;Xanthomonadales;Xanthomonadaceae;Pseudoxanthomonas_A;Pseudoxanthomonas_A japonensis,aminoglycoside,aac(6')*,chromosome,1,4.125,0.242
Ea.F.3.L.B,E01,Earl,dorm_sample,Bacteria;Pseudomonadota;Gammaproteobacteria;Xanthomonadales;Xanthomonadaceae;Pseudoxanthomonas_A;Pseudoxanthomonas_A japonensis,beta-lactam,blaPJM,chromosome,2.488,4.125,0.603
Ea.F.3.L.B,E01,Earl,dorm_sample,Bacteria;Pseudomonadota;Gammaproteobacteria;Xanthomonadales;Xanthomonadaceae;Pseudoxanthomonas_A;Pseudoxanthomonas_A japonensis,fosfomycin,fosX,chromosome,12.134,4.125,2.942
Ea.F.3.L.B,E01,Earl,dorm_sample,Bacteria;Pseudomonadota;Gammaproteobacteria;Xanthomonadales;Xanthomonadaceae;Pseudoxanthomonas_A;Pseudoxanthomonas_A mexicana,aminoglycoside,aac(3)-I,chromosome,33.284,18.375,1.811
Ea.F.3.L.B,E01,Earl,dorm_sample,Bacteria;Pseudomonadota;Gammaproteobacteria;Xanthomonadales;Xanthomonadaceae;Pseudoxanthomonas_A;Pseudoxanthomonas_A mexicana,aminoglycoside,aac(6')*,chromosome,13.209,18.375,0.719
Ea.F.3.L.B,E01,Earl,dorm_sample,Bacteria;Pseudomonadota;Gammaproteobacteria;Xanthomonadales;Xanthomonadaceae;Pseudoxanthomonas_A;Pseudoxanthomonas_A mexicana,beta-lactam,bla*,chromosome,23.523,18.375,1.28
Ea.F.3.L.B,E01,Earl,dorm_sample,Bacteria;Pseudomonadota;Gammaproteobacteria;Xanthomonadales;Xanthomonadaceae;Pseudoxanthomonas_A;Pseudoxanthomonas_A mexicana,rifamycin,arr,chromosome,8.992,18.375,0.489
Ea.F.3.L.B,E01,Earl,dorm_sample,Bacteria;Pseudomonadota;Gammaproteobacteria;Xanthomonadales;Xanthomonadaceae;Pseudoxanthomonas_A;Pseudoxanthomonas_A sp014851805,beta-lactam,bla*,chromosome,21.498,5.125,4.195
Ea.F.3.L.B,E01,Earl,dorm_sample,Bacteria;Pseudomonadota;Gammaproteobacteria;Xanthomonadales;Xanthomonadaceae;Pseudoxanthomonas_A;Pseudoxanthomonas_A sp014851805,fosfomycin,fosX,chromosome,9.007,5.125,1.758
Ea.F.3.L.B,E01,Earl,dorm_sample,Bacteria;Pseudomonadota;Gammaproteobacteria;Xanthomonadales;Xanthomonadaceae;Stenotrophomonas;Stenotrophomonas rhizophila_A,beta-lactam,blaL2,chromosome,3,2.25,1.333
Ea.F.3.L.B,E01,Earl,dorm_sample,Bacteria;Pseudomonadota;Gammaproteobacteria;Xanthomonadales;Xanthomonadaceae;Stenotrophomonas;Stenotrophomonas rhizophila_A,defensin,mprF,chromosome,2.461,2.25,1.094
Ea.F.3.L.B,E01,Earl,dorm_sample,Bacteria;Pseudomonadota;Gammaproteobacteria;Xanthomonadales;Xanthomonadaceae;Stenotrophomonas;Stenotrophomonas rhizophila_A,multidrug,emrA,chromosome,5.822,2.25,2.588
Ea.F.3.L.B,E01,Earl,dorm_sample,Bacteria;Pseudomonadota;Gammaproteobacteria;Xanthomonadales;Xanthomonadaceae;Stenotrophomonas;Stenotrophomonas rhizophila_A,multidrug,emrB,chromosome,6,2.25,2.667
Ea.F.3.L.B,E01,Earl,dorm_sample,Bacteria;Pseudomonadota;Gammaproteobacteria;Xanthomonadales;Xanthomonadaceae;Stenotrophomonas;Stenotrophomonas rhizophila_A,multidrug,smeD,chromosome,3,2.25,1.333
Ea.F.3.L.B,E01,Earl,dorm_sample,Bacteria;Pseudomonadota;Gammaproteobacteria;Xanthomonadales;Xanthomonadaceae;Stenotrophomonas;Stenotrophomonas rhizophila_A,multidrug,smeE,chromosome,3.987,2.25,1.772
Ea.F.3.L.B,E01,Earl,dorm_sample,Bacteria;Pseudomonadota;Gammaproteobacteria;Xanthomonadales;Xanthomonadaceae;Stenotrophomonas;Stenotrophomonas rhizophila_A,multidrug,smeW,chromosome,2.073,2.25,0.921
Ea.F.3.L.B,E01,Earl,dorm_sample,Bacteria;Pseudomonadota;Gammaproteobacteria;Xanthomonadales;Xanthomonadaceae;Stenotrophomonas;Stenotrophomonas rhizophila_A,multidrug,smrA,chromosome,4.511,2.25,2.005
Ea.F.3.L.B,E01,Earl,dorm_sample,Bacteria;Pseudomonadota;Gammaproteobacteria;Xanthomonadales;Xanthomonadaceae;Stenotrophomonas;Stenotrophomonas sp029960115,multidrug,emrA,chromosome,1,0.5,2
Ea.F.3.L.B,E01,Earl,dorm_sample,Bacteria;Pseudomonadota;Gammaproteobacteria;Xanthomonadales;Xanthomonadaceae;Stenotrophomonas;Stenotrophomonas sp029960115,multidrug,emrB,chromosome,1,0.5,2
Ea.F.3.L.B,E01,Earl,dorm_sample,Bacteria;Pseudomonadota;Gammaproteobacteria;Xanthomonadales;Xanthomonadaceae;Stenotrophomonas;Stenotrophomonas sp029960115,multidrug,macB,chromosome,1.832,0.5,3.665
Ea.F.3.L.B,E01,Earl,dorm_sample,Bacteria;Pseudomonadota;Gammaproteobacteria;Xanthomonadales;Xanthomonadaceae;Stenotrophomonas;Stenotrophomonas sp029960115,multidrug,smeD,chromosome,1,0.5,2
Ea.F.3.L.B,E01,Earl,dorm_sample,Bacteria;Pseudomonadota;Gammaproteobacteria;Xanthomonadales;Xanthomonadaceae;Stenotrophomonas;Stenotrophomonas sp029960115,multidrug,smeE,chromosome,1.137,0.5,2.274
Ea.F.3.L.B,E01,Earl,dorm_sample,Bacteria;Pseudomonadota;Gammaproteobacteria;Xanthomonadales;Xanthomonadaceae;Stenotrophomonas;Stenotrophomonas tuberculopleuritidis,aminoglycoside,aph(3')-II,chromosome,1,0.25,4
Ea.F.3.L.B,E01,Earl,dorm_sample,Bacteria;Pseudomonadota;Gammaproteobacteria;Xanthomonadales;Xanthomonadaceae;Stenotrophomonas;Stenotrophomonas tuberculopleuritidis,beta-lactam,blaL1,chromosome,1,0.25,4
Ea.F.3.L.B,E01,Earl,dorm_sample,Bacteria;Pseudomonadota;Gammaproteobacteria;Xanthomonadales;Xanthomonadaceae;Stenotrophomonas;Stenotrophomonas tuberculopleuritidis,multidrug,macA,chromosome,1.986,0.25,7.942
Ea.F.3.L.B,E01,Earl,dorm_sample,Bacteria;Pseudomonadota;Gammaproteobacteria;Xanthomonadales;Xanthomonadaceae;Stenotrophomonas;Stenotrophomonas tuberculopleuritidis,multidrug,macB,chromosome,3.046,0.25,12.185
Ea.F.3.L.B,E01,Earl,dorm_sample,Bacteria;Pseudomonadota;Gammaproteobacteria;Xanthomonadales;Xanthomonadaceae;Stenotrophomonas;Stenotrophomonas tuberculopleuritidis,multidrug,macC,chromosome,1,0.25,4
Ea.F.3.L.B,E01,Earl,dorm_sample,Bacteria;Pseudomonadota;Gammaproteobacteria;Xanthomonadales;Xanthomonadaceae;Stenotrophomonas;Stenotrophomonas tuberculopleuritidis,multidrug,smrA,chromosome,2,0.25,8
Ea.F.3.L.B,E01,Earl,dorm_sample,Bacteria;Pseudomonadota;Gammaproteobacteria;Xanthomonadales;Xanthomonadaceae;Stenotrophomonas;Stenotrophomonas tuberculopleuritidis,multidrug,tolC,chromosome,1.785,0.25,7.142
Ea.F.3.L.B,E01,Earl,dorm_sample,Bacteria;Pseudomonadota;Gammaproteobacteria;Xanthomonadales;Xanthomonadaceae;Stenotrophomonas;Stenotrophomonas tuberculopleuritidis,quinolone,qnr*,chromosome,2,0.25,8
Ea.F.3.L.B,E01,Earl,dorm_sample,Bacteria;Pseudomonadota;Gammaproteobacteria;Xanthomonadales;Xanthomonadaceae;Stenotrophomonas;Stenotrophomonas tuberculopleuritidis,rifamycin,arr,chromosome,1,0.25,4
Ea.F.3.L.B,E01,Earl,dorm_sample,Bacteria;Pseudomonadota;Gammaproteobacteria;Xanthomonadales;Xanthomonadaceae;Stenotrophomonas;Stenotrophomonas yanglingensis,multidrug,smrA,chromosome,1,0.25,4
Ea.F.3.L.B,E01,Earl,dorm_sample,unclassified,aminoglycoside,aac(3)*,plasmid,7.757,0,0
Ea.F.3.L.B,E01,Earl,dorm_sample,unclassified,aminoglycoside,aac(6')*,chromosome,4.378,0,0
Ea.F.3.L.B,E01,Earl,dorm_sample,unclassified,aminoglycoside,ant(3'')-I,plasmid,1,0,0
Ea.F.3.L.B,E01,Earl,dorm_sample,unclassified,aminoglycoside,ant(3'')-II,chromosome,0.993,0,0
Ea.F.3.L.B,E01,Earl,dorm_sample,unclassified,aminoglycoside,ant(3'')-II,plasmid,0.778,0,0
Ea.F.3.L.B,E01,Earl,dorm_sample,unclassified,aminoglycoside,aph(3'')-I,plasmid,0.939,0,0
Ea.F.3.L.B,E01,Earl,dorm_sample,unclassified,aminoglycoside,aph(3')*,chromosome,1,0,0
Ea.F.3.L.B,E01,Earl,dorm_sample,unclassified,aminoglycoside,aph(6)-I,plasmid,1,0,0
Ea.F.3.L.B,E01,Earl,dorm_sample,unclassified,beta-lactam,bla*,chromosome,10.866,0,0
Ea.F.3.L.B,E01,Earl,dorm_sample,unclassified,colistin,eptB,chromosome,0.988,0,0
Ea.F.3.L.B,E01,Earl,dorm_sample,unclassified,colistin,icr,chromosome,1,0,0
Ea.F.3.L.B,E01,Earl,dorm_sample,unclassified,defensin,mprF,chromosome,4,0,0
Ea.F.3.L.B,E01,Earl,dorm_sample,unclassified,multidrug,adeK,chromosome,1,0,0
Ea.F.3.L.B,E01,Earl,dorm_sample,unclassified,multidrug,mdtN,chromosome,3,0,0
Ea.F.3.L.B,E01,Earl,dorm_sample,unclassified,phenicol,catB,chromosome,0.995,0,0
Ea.F.3.L.B,E01,Earl,dorm_sample,unclassified,rifamycin,arr,chromosome,56.321,0,0
Ea.F.3.L.B,E01,Earl,dorm_sample,unclassified,rifamycin,helR,chromosome,1,0,0
Ea.F.3.L.B,E01,Earl,dorm_sample,unclassified,sulfonamide,sul1,chromosome,1.317,0,0
Ea.F.3.L.B,E01,Earl,dorm_sample,unclassified,sulfonamide,sul1,plasmid,1,0,0
Ea.F.3.L.B,E01,Earl,dorm_sample,unclassified,sulfonamide,sul2,chromosome,2,0,0
Ea.F.3.L.B,E01,Earl,dorm_sample,unclassified,sulfonamide,sul2,plasmid,1,0,0
Ea.F.3.L.B,E01,Earl,dorm_sample,unclassified,tetracycline,tet(V),chromosome,1,0,0
Ea.F.3.H.A,E02,Earl,dorm_sample,Bacteria;Actinomycetota;Actinomycetes;Actinomycetales;Microbacteriaceae;Microbacterium;Microbacterium aurum,rifamycin,helR,chromosome,2.333,2.125,1.098
Ea.F.3.H.A,E02,Earl,dorm_sample,Bacteria;Actinomycetota;Actinomycetes;Mycobacteriales;Mycobacteriaceae;Mycobacterium;Mycobacterium fortuitum,aminoglycoside,aph(3'')*,chromosome,2.354,2.875,0.819
Ea.F.3.H.A,E02,Earl,dorm_sample,Bacteria;Actinomycetota;Actinomycetes;Mycobacteriales;Mycobacteriaceae;Mycobacterium;Mycobacterium fortuitum,aminoglycoside,eis,chromosome,2,2.875,0.696
Ea.F.3.H.A,E02,Earl,dorm_sample,Bacteria;Actinomycetota;Actinomycetes;Mycobacteriales;Mycobacteriaceae;Mycobacterium;Mycobacterium fortuitum,beta-lactam,bla*,chromosome,3.095,2.875,1.077
Ea.F.3.H.A,E02,Earl,dorm_sample,Bacteria;Actinomycetota;Actinomycetes;Mycobacteriales;Mycobacteriaceae;Mycobacterium;Mycobacterium fortuitum,defensin,lysX,chromosome,2.022,2.875,0.703
Ea.F.3.H.A,E02,Earl,dorm_sample,Bacteria;Actinomycetota;Actinomycetes;Mycobacteriales;Mycobacteriaceae;Mycobacterium;Mycobacterium fortuitum,macrolide-lincosamide-streptogramin,erm(39),chromosome,3,2.875,1.043
Ea.F.3.H.A,E02,Earl,dorm_sample,Bacteria;Actinomycetota;Actinomycetes;Mycobacteriales;Mycobacteriaceae;Mycobacterium;Mycobacterium fortuitum,multidrug,lfrA,chromosome,1,2.875,0.348
Ea.F.3.H.A,E02,Earl,dorm_sample,Bacteria;Actinomycetota;Actinomycetes;Mycobacteriales;Mycobacteriaceae;Mycobacterium;Mycobacterium fortuitum,multidrug,tap,chromosome,2.423,2.875,0.843
Ea.F.3.H.A,E02,Earl,dorm_sample,Bacteria;Actinomycetota;Actinomycetes;Mycobacteriales;Mycobacteriaceae;Mycobacterium;Mycobacterium fortuitum,rifamycin,arr,chromosome,4,2.875,1.391
Ea.F.3.H.A,E02,Earl,dorm_sample,Bacteria;Actinomycetota;Actinomycetes;Mycobacteriales;Mycobacteriaceae;Mycobacterium;Mycobacterium fortuitum,rifamycin,helR,chromosome,4.577,2.875,1.592
Ea.F.3.H.A,E02,Earl,dorm_sample,Bacteria;Actinomycetota;Actinomycetes;Mycobacteriales;Mycobacteriaceae;Mycobacterium;Mycobacterium fortuitum,rifamycin,rox,chromosome,1,2.875,0.348
Ea.F.3.H.A,E02,Earl,dorm_sample,Bacteria;Actinomycetota;Actinomycetes;Mycobacteriales;Mycobacteriaceae;Mycobacterium;Mycobacterium fortuitum,tetracycline,tet(V),chromosome,3.909,2.875,1.36
Ea.F.3.H.A,E02,Earl,dorm_sample,Bacteria;Actinomycetota;Actinomycetes;Mycobacteriales;Mycobacteriaceae;Mycobacterium;Mycobacterium fortuitum,tuberactinomycin,vph,chromosome,1.987,2.875,0.691
Ea.F.3.H.A,E02,Earl,dorm_sample,Bacteria;Actinomycetota;Actinomycetes;Mycobacteriales;Mycobacteriaceae;Mycobacterium;Mycobacterium grossiae,multidrug,tap,chromosome,0.995,1,0.995
Ea.F.3.H.A,E02,Earl,dorm_sample,Bacteria;Actinomycetota;Actinomycetes;Mycobacteriales;Mycobacteriaceae;Mycobacterium;Mycobacterium grossiae,rifamycin,arr,chromosome,4,1,4
Ea.F.3.H.A,E02,Earl,dorm_sample,Bacteria;Actinomycetota;Actinomycetes;Mycobacteriales;Mycobacteriaceae;Mycobacterium;Mycobacterium neoaurum,defensin,lysX,chromosome,2.513,0.5,5.026
Ea.F.3.H.A,E02,Earl,dorm_sample,Bacteria;Actinomycetota;Actinomycetes;Mycobacteriales;Mycobacteriaceae;Mycobacterium;Mycobacterium neoaurum,multidrug,lfrA,chromosome,1,0.5,2
Ea.F.3.H.A,E02,Earl,dorm_sample,Bacteria;Actinomycetota;Actinomycetes;Mycobacteriales;Mycobacteriaceae;Mycobacterium;Mycobacterium neoaurum,rifamycin,helR,chromosome,1,0.5,2
Ea.F.3.H.A,E02,Earl,dorm_sample,Bacteria;Actinomycetota;Actinomycetes;Mycobacteriales;Mycobacteriaceae;Mycobacterium;Mycobacterium phocaicum,beta-lactam,bla*,chromosome,8.399,7.625,1.102
Ea.F.3.H.A,E02,Earl,dorm_sample,Bacteria;Actinomycetota;Actinomycetes;Mycobacteriales;Mycobacteriaceae;Mycobacterium;Mycobacterium phocaicum,defensin,lysX,chromosome,8.399,7.625,1.102
Ea.F.3.H.A,E02,Earl,dorm_sample,Bacteria;Actinomycetota;Actinomycetes;Mycobacteriales;Mycobacteriaceae;Mycobacterium;Mycobacterium phocaicum,multidrug,lfrA,chromosome,6.802,7.625,0.892
Ea.F.3.H.A,E02,Earl,dorm_sample,Bacteria;Actinomycetota;Actinomycetes;Mycobacteriales;Mycobacteriaceae;Mycobacterium;Mycobacterium phocaicum,rifamycin,arr,chromosome,10.692,7.625,1.402
Ea.F.3.H.A,E02,Earl,dorm_sample,Bacteria;Actinomycetota;Actinomycetes;Mycobacteriales;Mycobacteriaceae;Mycobacterium;Mycobacterium phocaicum,tetracycline,tet(V),chromosome,0.678,7.625,0.089
Ea.F.3.H.A,E02,Earl,dorm_sample,Bacteria;Bacteroidota;Bacteroidia;Flavobacteriales;Weeksellaceae;Chryseobacterium;Chryseobacterium phocaeense,aminoglycoside,ant(6)*,chromosome,1.142,0.5,2.285
Ea.F.3.H.A,E02,Earl,dorm_sample,Bacteria;Bacteroidota;Bacteroidia;Flavobacteriales;Weeksellaceae;Chryseobacterium;Chryseobacterium phocaeense,beta-lactam,blaCHM,chromosome,2,0.5,4
Ea.F.3.H.A,E02,Earl,dorm_sample,Bacteria;Pseudomonadota;Alphaproteobacteria;Caulobacterales;Caulobacteraceae;Phenylobacterium;Phenylobacterium haematophilum,phenicol,cml*,chromosome,1,0.5,2
Ea.F.3.H.A,E02,Earl,dorm_sample,Bacteria;Pseudomonadota;Alphaproteobacteria;Rhizobiales;Beijerinckiaceae;Methylobacterium;Methylobacterium radiotolerans,beta-lactam,bla*,chromosome,1,2.25,0.444
Ea.F.3.H.A,E02,Earl,dorm_sample,Bacteria;Pseudomonadota;Alphaproteobacteria;Rhizobiales;Beijerinckiaceae;Methylobacterium;Methylobacterium radiotolerans,multidrug,mdtN,chromosome,2,2.25,0.889
Ea.F.3.H.A,E02,Earl,dorm_sample,Bacteria;Pseudomonadota;Alphaproteobacteria;Rhizobiales;Xanthobacteraceae;Bradyrhizobium;Bradyrhizobium lablabi_C,beta-lactam,bla*,chromosome,1,0.5,2
Ea.F.3.H.A,E02,Earl,dorm_sample,Bacteria;Pseudomonadota;Alphaproteobacteria;Sphingomonadales;Sphingomonadaceae;Erythrobacter;Erythrobacter oryzae,aminoglycoside,aac(6')*,chromosome,3,2.875,1.043
Ea.F.3.H.A,E02,Earl,dorm_sample,Bacteria;Pseudomonadota;Alphaproteobacteria;Sphingomonadales;Sphingomonadaceae;Erythrobacter;Erythrobacter oryzae,beta-lactam,bla*,chromosome,1.305,2.875,0.454
Ea.F.3.H.A,E02,Earl,dorm_sample,Bacteria;Pseudomonadota;Alphaproteobacteria;Sphingomonadales;Sphingomonadaceae;Sphingomonas;Sphingomonas koreensis,aminoglycoside,aac(6')*,chromosome,0.993,0.875,1.135
Ea.F.3.H.A,E02,Earl,dorm_sample,Bacteria;Pseudomonadota;Alphaproteobacteria;Sphingomonadales;Sphingomonadaceae;Sphingomonas;Sphingomonas koreensis,beta-lactam,bla*,chromosome,1,0.875,1.143
Ea.F.3.H.A,E02,Earl,dorm_sample,Bacteria;Pseudomonadota;Alphaproteobacteria;Sphingomonadales;Sphingomonadaceae;Sphingomonas;Sphingomonas koreensis,phenicol,catB,chromosome,3.414,0.875,3.902
Ea.F.3.H.A,E02,Earl,dorm_sample,Bacteria;Pseudomonadota;Alphaproteobacteria;Sphingomonadales;Sphingomonadaceae;Sphingomonas;Sphingomonas koreensis,rifamycin,arr,chromosome,1,0.875,1.143
Ea.F.3.H.A,E02,Earl,dorm_sample,Bacteria;Pseudomonadota;Alphaproteobacteria;Sphingomonadales;Sphingomonadaceae;Sphingomonas;Sphingomonas sp964407945,beta-lactam,bla*,chromosome,2.994,0.375,7.983
Ea.F.3.H.A,E02,Earl,dorm_sample,Bacteria;Pseudomonadota;Alphaproteobacteria;Sphingomonadales;Sphingomonadaceae;Sphingopyxis;Sphingopyxis macrogoltabida,rifamycin,arr,chromosome,1,0.625,1.6
Ea.F.3.H.A,E02,Earl,dorm_sample,Bacteria;Pseudomonadota;Alphaproteobacteria;Sphingomonadales;Sphingomonadaceae;Sphingopyxis;Sphingopyxis panaciterrae,beta-lactam,bla*,chromosome,2,1.5,1.333
Ea.F.3.H.A,E02,Earl,dorm_sample,Bacteria;Pseudomonadota;Alphaproteobacteria;Sphingomonadales;Sphingomonadaceae;Sphingopyxis;Sphingopyxis sp001468395,beta-lactam,bla*,chromosome,1,0.75,1.333
Ea.F.3.H.A,E02,Earl,dorm_sample,Bacteria;Pseudomonadota;Alphaproteobacteria;Sphingomonadales;Sphingomonadaceae;Sphingopyxis;Sphingopyxis sp014873485,beta-lactam,bla*,chromosome,4.571,2.75,1.662
Ea.F.3.H.A,E02,Earl,dorm_sample,Bacteria;Pseudomonadota;Alphaproteobacteria;Sphingomonadales;Sphingomonadaceae;Sphingopyxis;Sphingopyxis sp014873485,rifamycin,arr,chromosome,3,2.75,1.091
Ea.F.3.H.A,E02,Earl,dorm_sample,Bacteria;Pseudomonadota;Gammaproteobacteria;Burkholderiales;Burkholderiaceae_C;Pseudorhodoferax;Pseudorhodoferax aquiterrae,defensin,mprF,chromosome,1,0.25,4
Ea.F.3.H.A,E02,Earl,dorm_sample,Bacteria;Pseudomonadota;Gammaproteobacteria;Burkholderiales;Burkholderiaceae_C;Pseudorhodoferax;Pseudorhodoferax aquiterrae,multidrug,macB,chromosome,1,0.25,4
Ea.F.3.H.A,E02,Earl,dorm_sample,Bacteria;Pseudomonadota;Gammaproteobacteria;Burkholderiales;Burkholderiaceae_C;Pseudorhodoferax;Pseudorhodoferax aquiterrae,phenicol,catB,chromosome,1,0.25,4
Ea.F.3.H.A,E02,Earl,dorm_sample,Bacteria;Pseudomonadota;Gammaproteobacteria;Xanthomonadales;Rhodanobacteraceae;Dokdonella;Dokdonella sp002483055,defensin,mprF,chromosome,3.68,2.25,1.636
Ea.F.3.H.A,E02,Earl,dorm_sample,Bacteria;Pseudomonadota;Gammaproteobacteria;Xanthomonadales;Rhodanobacteraceae;Dokdonella;Dokdonella sp002483055,multidrug,macB,chromosome,6.232,2.25,2.77
Ea.F.3.H.A,E02,Earl,dorm_sample,Bacteria;Pseudomonadota;Gammaproteobacteria;Xanthomonadales;Xanthomonadaceae;Lysobacter;Lysobacter yananisis,beta-lactam,bla*,chromosome,0.987,0.5,1.974
Ea.F.3.H.A,E02,Earl,dorm_sample,Bacteria;Pseudomonadota;Gammaproteobacteria;Xanthomonadales;Xanthomonadaceae;Pseudoxanthomonas_A;Pseudoxanthomonas_A japonensis,aminoglycoside,aac(6')*,chromosome,17.695,13.25,1.335
Ea.F.3.H.A,E02,Earl,dorm_sample,Bacteria;Pseudomonadota;Gammaproteobacteria;Xanthomonadales;Xanthomonadaceae;Pseudoxanthomonas_A;Pseudoxanthomonas_A japonensis,beta-lactam,blaPJM,chromosome,7,13.25,0.528
Ea.F.3.H.A,E02,Earl,dorm_sample,Bacteria;Pseudomonadota;Gammaproteobacteria;Xanthomonadales;Xanthomonadaceae;Pseudoxanthomonas_A;Pseudoxanthomonas_A japonensis,fosfomycin,fosX,chromosome,9.201,13.25,0.694
Ea.F.3.H.A,E02,Earl,dorm_sample,Bacteria;Pseudomonadota;Gammaproteobacteria;Xanthomonadales;Xanthomonadaceae;Pseudoxanthomonas_A;Pseudoxanthomonas_A mexicana,aminoglycoside,aac(3)-I,chromosome,6,7.5,0.8
Ea.F.3.H.A,E02,Earl,dorm_sample,Bacteria;Pseudomonadota;Gammaproteobacteria;Xanthomonadales;Xanthomonadaceae;Pseudoxanthomonas_A;Pseudoxanthomonas_A mexicana,aminoglycoside,aac(6')*,chromosome,3.812,7.5,0.508
Ea.F.3.H.A,E02,Earl,dorm_sample,Bacteria;Pseudomonadota;Gammaproteobacteria;Xanthomonadales;Xanthomonadaceae;Pseudoxanthomonas_A;Pseudoxanthomonas_A mexicana,beta-lactam,bla*,chromosome,10.391,7.5,1.385
Ea.F.3.H.A,E02,Earl,dorm_sample,Bacteria;Pseudomonadota;Gammaproteobacteria;Xanthomonadales;Xanthomonadaceae;Pseudoxanthomonas_A;Pseudoxanthomonas_A mexicana,rifamycin,arr,chromosome,9.518,7.5,1.269
Ea.F.3.H.A,E02,Earl,dorm_sample,Bacteria;Pseudomonadota;Gammaproteobacteria;Xanthomonadales;Xanthomonadaceae;Pseudoxanthomonas_A;Pseudoxanthomonas_A sp037046485,aminoglycoside,aac(3)-I,chromosome,8.155,9.5,0.858
Ea.F.3.H.A,E02,Earl,dorm_sample,Bacteria;Pseudomonadota;Gammaproteobacteria;Xanthomonadales;Xanthomonadaceae;Pseudoxanthomonas_A;Pseudoxanthomonas_A sp037046485,aminoglycoside,aac(6')*,chromosome,8.772,9.5,0.923
Ea.F.3.H.A,E02,Earl,dorm_sample,Bacteria;Pseudomonadota;Gammaproteobacteria;Xanthomonadales;Xanthomonadaceae;Pseudoxanthomonas_A;Pseudoxanthomonas_A sp037046485,beta-lactam,bla*,chromosome,6.668,9.5,0.702
Ea.F.3.H.A,E02,Earl,dorm_sample,Bacteria;Pseudomonadota;Gammaproteobacteria;Xanthomonadales;Xanthomonadaceae;Pseudoxanthomonas_A;Pseudoxanthomonas_A sp037046485,rifamycin,arr,chromosome,5.985,9.5,0.63
Ea.F.3.H.A,E02,Earl,dorm_sample,Bacteria;Pseudomonadota;Gammaproteobacteria;Xanthomonadales;Xanthomonadaceae;Stenotrophomonas;Stenotrophomonas muris,aminoglycoside,aph(3')-II,chromosome,1,0.75,1.333
Ea.F.3.H.A,E02,Earl,dorm_sample,Bacteria;Pseudomonadota;Gammaproteobacteria;Xanthomonadales;Xanthomonadaceae;Stenotrophomonas;Stenotrophomonas muris,defensin,mprF,chromosome,2.436,0.75,3.247
Ea.F.3.H.A,E02,Earl,dorm_sample,Bacteria;Pseudomonadota;Gammaproteobacteria;Xanthomonadales;Xanthomonadaceae;Stenotrophomonas;Stenotrophomonas muris,multidrug,emrA,chromosome,1,0.75,1.333
Ea.F.3.H.A,E02,Earl,dorm_sample,Bacteria;Pseudomonadota;Gammaproteobacteria;Xanthomonadales;Xanthomonadaceae;Stenotrophomonas;Stenotrophomonas muris,multidrug,emrB,chromosome,1,0.75,1.333
Ea.F.3.H.A,E02,Earl,dorm_sample,Bacteria;Pseudomonadota;Gammaproteobacteria;Xanthomonadales;Xanthomonadaceae;Stenotrophomonas;Stenotrophomonas muris,multidrug,macB,chromosome,1,0.75,1.333
Ea.F.3.H.A,E02,Earl,dorm_sample,Bacteria;Pseudomonadota;Gammaproteobacteria;Xanthomonadales;Xanthomonadaceae;Stenotrophomonas;Stenotrophomonas muris,multidrug,smeA,chromosome,1.41,0.75,1.879
Ea.F.3.H.A,E02,Earl,dorm_sample,Bacteria;Pseudomonadota;Gammaproteobacteria;Xanthomonadales;Xanthomonadaceae;Stenotrophomonas;Stenotrophomonas muris,multidrug,smeB,chromosome,1,0.75,1.333
Ea.F.3.H.A,E02,Earl,dorm_sample,Bacteria;Pseudomonadota;Gammaproteobacteria;Xanthomonadales;Xanthomonadaceae;Stenotrophomonas;Stenotrophomonas muris,multidrug,smeF,chromosome,2.994,0.75,3.991
Ea.F.3.H.A,E02,Earl,dorm_sample,Bacteria;Pseudomonadota;Gammaproteobacteria;Xanthomonadales;Xanthomonadaceae;Stenotrophomonas;Stenotrophomonas muris,multidrug,smeH,chromosome,1,0.75,1.333
Ea.F.3.H.A,E02,Earl,dorm_sample,Bacteria;Pseudomonadota;Gammaproteobacteria;Xanthomonadales;Xanthomonadaceae;Stenotrophomonas;Stenotrophomonas muris,multidrug,smeI,chromosome,1,0.75,1.333
Ea.F.3.H.A,E02,Earl,dorm_sample,Bacteria;Pseudomonadota;Gammaproteobacteria;Xanthomonadales;Xanthomonadaceae;Stenotrophomonas;Stenotrophomonas muris,multidrug,smeO,chromosome,1,0.75,1.333
Ea.F.3.H.A,E02,Earl,dorm_sample,Bacteria;Pseudomonadota;Gammaproteobacteria;Xanthomonadales;Xanthomonadaceae;Stenotrophomonas;Stenotrophomonas muris,multidrug,smeV,chromosome,3,0.75,4
Ea.F.3.H.A,E02,Earl,dorm_sample,Bacteria;Pseudomonadota;Gammaproteobacteria;Xanthomonadales;Xanthomonadaceae;Stenotrophomonas;Stenotrophomonas muris,multidrug,smeW,chromosome,2.643,0.75,3.524
Ea.F.3.H.A,E02,Earl,dorm_sample,Bacteria;Pseudomonadota;Gammaproteobacteria;Xanthomonadales;Xanthomonadaceae;Stenotrophomonas;Stenotrophomonas muris,multidrug,smeX,chromosome,2,0.75,2.667
Ea.F.3.H.A,E02,Earl,dorm_sample,Bacteria;Pseudomonadota;Gammaproteobacteria;Xanthomonadales;Xanthomonadaceae;Stenotrophomonas;Stenotrophomonas muris,quinolone,qnr*,chromosome,2.329,0.75,3.105
Ea.F.3.H.A,E02,Earl,dorm_sample,Bacteria;Pseudomonadota;Gammaproteobacteria;Xanthomonadales;Xanthomonadaceae;Stenotrophomonas;Stenotrophomonas muris,tetracycline,tcrA,chromosome,2,0.75,2.667
Ea.F.3.H.A,E02,Earl,dorm_sample,unclassified,aminoglycoside,aac(3)*,chromosome,1,0,0
Ea.F.3.H.A,E02,Earl,dorm_sample,unclassified,aminoglycoside,aac(3)*,plasmid,1,0,0
Ea.F.3.H.A,E02,Earl,dorm_sample,unclassified,aminoglycoside,aac(6')*,chromosome,0.98,0,0
Ea.F.3.H.A,E02,Earl,dorm_sample,unclassified,aminoglycoside,aph(3')*,chromosome,3,0,0
Ea.F.3.H.A,E02,Earl,dorm_sample,unclassified,beta-lactam,bla*,chromosome,11.907,0,0
Ea.F.3.H.A,E02,Earl,dorm_sample,unclassified,beta-lactam,blaMAB,chromosome,1,0,0
Ea.F.3.H.A,E02,Earl,dorm_sample,unclassified,defensin,lysX,chromosome,0.965,0,0
Ea.F.3.H.A,E02,Earl,dorm_sample,unclassified,defensin,mprF,chromosome,0.91,0,0
Ea.F.3.H.A,E02,Earl,dorm_sample,unclassified,multidrug,macB,chromosome,2.96,0,0
Ea.F.3.H.A,E02,Earl,dorm_sample,unclassified,phenicol,catB,chromosome,1,0,0
Ea.F.3.H.A,E02,Earl,dorm_sample,unclassified,rifamycin,arr,chromosome,12.858,0,0
Ea.F.3.H.A,E02,Earl,dorm_sample,unclassified,rifamycin,helR,chromosome,1,0,0
Ea.F.3.H.A,E02,Earl,dorm_sample,unclassified,tetracycline,tet(V),chromosome,9,0,0
Te.F.3.L.A,E03,Teal,dorm_sample,Bacteria;Actinomycetota;Actinomycetes;Mycobacteriales;Mycobacteriaceae;Mycobacterium;Mycobacterium phocaicum,multidrug,lfrA,chromosome,1,0.875,1.143
Te.F.3.L.A,E03,Teal,dorm_sample,Bacteria;Actinomycetota;Actinomycetes;Mycobacteriales;Mycobacteriaceae;Mycobacterium;Mycobacterium phocaicum,rifamycin,arr,chromosome,1,0.875,1.143
Te.F.3.L.A,E03,Teal,dorm_sample,Bacteria;Actinomycetota;Actinomycetes;Mycobacteriales;Mycobacteriaceae;Mycobacterium;Mycobacterium phocaicum,tetracycline,tet(V),chromosome,1,0.875,1.143
Te.F.3.L.A,E03,Teal,dorm_sample,Bacteria;Pseudomonadota;Alphaproteobacteria;Sphingomonadales;Sphingomonadaceae;Sphingopyxis;Sphingopyxis sp014873485,beta-lactam,bla*,chromosome,3.935,2.875,1.369
Te.F.3.L.A,E03,Teal,dorm_sample,Bacteria;Pseudomonadota;Alphaproteobacteria;Sphingomonadales;Sphingomonadaceae;Sphingopyxis;Sphingopyxis sp014873485,phenicol,catB,chromosome,1,2.875,0.348
Te.F.3.L.A,E03,Teal,dorm_sample,Bacteria;Pseudomonadota;Alphaproteobacteria;Sphingomonadales;Sphingomonadaceae;Sphingopyxis;Sphingopyxis sp014873485,rifamycin,arr,chromosome,2,2.875,0.696
Te.F.3.L.A,E03,Teal,dorm_sample,Bacteria;Pseudomonadota;Gammaproteobacteria;Xanthomonadales;Xanthomonadaceae;Pseudoxanthomonas_A;Pseudoxanthomonas_A japonensis,fosfomycin,fosX,chromosome,1,1.125,0.889
Te.F.3.L.A,E03,Teal,dorm_sample,unclassified,rifamycin,arr,chromosome,1,0,0
Te.F.3.L.A,E03,Teal,dorm_sample,unclassified,rifamycin,rox,chromosome,1,0,0
Te.F.2.H.B,E04,Teal,dorm_sample,Bacteria;Actinomycetota;Actinomycetes;Mycobacteriales;Mycobacteriaceae;Mycobacterium;Mycobacterium fortuitum,aminoglycoside,eis,chromosome,2,0.875,2.286
Te.F.2.H.B,E04,Teal,dorm_sample,Bacteria;Actinomycetota;Actinomycetes;Mycobacteriales;Mycobacteriaceae;Mycobacterium;Mycobacterium fortuitum,beta-lactam,blaF,chromosome,2,0.875,2.286
Te.F.2.H.B,E04,Teal,dorm_sample,Bacteria;Actinomycetota;Actinomycetes;Mycobacteriales;Mycobacteriaceae;Mycobacterium;Mycobacterium fortuitum,defensin,lysX,chromosome,3.019,0.875,3.45
Te.F.2.H.B,E04,Teal,dorm_sample,Bacteria;Actinomycetota;Actinomycetes;Mycobacteriales;Mycobacteriaceae;Mycobacterium;Mycobacterium fortuitum,macrolide-lincosamide-streptogramin,erm(39),chromosome,1,0.875,1.143
Te.F.2.H.B,E04,Teal,dorm_sample,Bacteria;Actinomycetota;Actinomycetes;Mycobacteriales;Mycobacteriaceae;Mycobacterium;Mycobacterium fortuitum,multidrug,lfrA,chromosome,5.622,0.875,6.425
Te.F.2.H.B,E04,Teal,dorm_sample,Bacteria;Actinomycetota;Actinomycetes;Mycobacteriales;Mycobacteriaceae;Mycobacterium;Mycobacterium fortuitum,rifamycin,helR,chromosome,1.999,0.875,2.284
Te.F.2.H.B,E04,Teal,dorm_sample,Bacteria;Actinomycetota;Actinomycetes;Mycobacteriales;Mycobacteriaceae;Mycobacterium;Mycobacterium fortuitum,tetracycline,tet(V),chromosome,2,0.875,2.286
Te.F.2.H.B,E04,Teal,dorm_sample,Bacteria;Actinomycetota;Actinomycetes;Mycobacteriales;Mycobacteriaceae;Mycobacterium;Mycobacterium fortuitum,tuberactinomycin,vph,chromosome,1.987,0.875,2.27
Te.F.2.H.B,E04,Teal,dorm_sample,Bacteria;Actinomycetota;Actinomycetes;Mycobacteriales;Mycobacteriaceae;Mycobacterium;Mycobacterium phocaicum,beta-lactam,bla*,chromosome,5.372,3.75,1.433
Te.F.2.H.B,E04,Teal,dorm_sample,Bacteria;Actinomycetota;Actinomycetes;Mycobacteriales;Mycobacteriaceae;Mycobacterium;Mycobacterium phocaicum,defensin,lysX,chromosome,2.652,3.75,0.707
Te.F.2.H.B,E04,Teal,dorm_sample,Bacteria;Actinomycetota;Actinomycetes;Mycobacteriales;Mycobacteriaceae;Mycobacterium;Mycobacterium phocaicum,multidrug,lfrA,chromosome,1,3.75,0.267
Te.F.2.H.B,E04,Teal,dorm_sample,Bacteria;Actinomycetota;Actinomycetes;Mycobacteriales;Mycobacteriaceae;Mycobacterium;Mycobacterium phocaicum,rifamycin,arr,chromosome,5.265,3.75,1.404
Te.F.2.H.B,E04,Teal,dorm_sample,Bacteria;Actinomycetota;Actinomycetes;Mycobacteriales;Mycobacteriaceae;Mycobacterium;Mycobacterium phocaicum,tetracycline,tet(V),chromosome,4,3.75,1.067
Te.F.2.H.B,E04,Teal,dorm_sample,Bacteria;Actinomycetota;Actinomycetes;Mycobacteriales;Mycobacteriaceae;Mycobacterium;Mycobacterium sp018326285,rifamycin,arr,chromosome,2.493,0.625,3.989
Te.F.2.H.B,E04,Teal,dorm_sample,Bacteria;Actinomycetota;Actinomycetes;Mycobacteriales;Mycobacteriaceae;Mycobacterium;Mycobacterium sp018326285,tetracycline,tet(V),chromosome,1.773,0.625,2.837
Te.F.2.H.B,E04,Teal,dorm_sample,unclassified,aminoglycoside,aac(3)*,plasmid,1,0,0
Te.F.2.H.B,E04,Teal,dorm_sample,unclassified,beta-lactam,bla*,chromosome,1,0,0
NR.F.1.H.A,E05,NoRo,dorm_sample,Bacteria;Actinomycetota;Actinomycetes;Actinomycetales;Microbacteriaceae;Agromyces;Agromyces mediolanus_A,beta-lactam,bla*,chromosome,1.994,2,0.997
NR.F.1.H.A,E05,NoRo,dorm_sample,Bacteria;Actinomycetota;Actinomycetes;Actinomycetales;Microbacteriaceae;Agromyces;Agromyces mediolanus_A,macrolide-lincosamide-streptogramin,erm*,chromosome,0.997,2,0.499
NR.F.1.H.A,E05,NoRo,dorm_sample,Bacteria;Actinomycetota;Actinomycetes;Mycobacteriales;Mycobacteriaceae;Mycobacterium;Mycobacterium fortuitum,aminoglycoside,aac(2')-I,chromosome,4,1.375,2.909
NR.F.1.H.A,E05,NoRo,dorm_sample,Bacteria;Actinomycetota;Actinomycetes;Mycobacteriales;Mycobacteriaceae;Mycobacterium;Mycobacterium fortuitum,aminoglycoside,aph(3'')-I,chromosome,5,1.375,3.636
NR.F.1.H.A,E05,NoRo,dorm_sample,Bacteria;Actinomycetota;Actinomycetes;Mycobacteriales;Mycobacteriaceae;Mycobacterium;Mycobacterium fortuitum,aminoglycoside,eis,chromosome,1,1.375,0.727
NR.F.1.H.A,E05,NoRo,dorm_sample,Bacteria;Actinomycetota;Actinomycetes;Mycobacteriales;Mycobacteriaceae;Mycobacterium;Mycobacterium fortuitum,beta-lactam,bla*,chromosome,3,1.375,2.182
NR.F.1.H.A,E05,NoRo,dorm_sample,Bacteria;Actinomycetota;Actinomycetes;Mycobacteriales;Mycobacteriaceae;Mycobacterium;Mycobacterium fortuitum,defensin,lysX,chromosome,4.507,1.375,3.278
NR.F.1.H.A,E05,NoRo,dorm_sample,Bacteria;Actinomycetota;Actinomycetes;Mycobacteriales;Mycobacteriaceae;Mycobacterium;Mycobacterium fortuitum,macrolide-lincosamide-streptogramin,erm(39),chromosome,2,1.375,1.455
NR.F.1.H.A,E05,NoRo,dorm_sample,Bacteria;Actinomycetota;Actinomycetes;Mycobacteriales;Mycobacteriaceae;Mycobacterium;Mycobacterium fortuitum,multidrug,lfrA,chromosome,5.988,1.375,4.355
NR.F.1.H.A,E05,NoRo,dorm_sample,Bacteria;Actinomycetota;Actinomycetes;Mycobacteriales;Mycobacteriaceae;Mycobacterium;Mycobacterium fortuitum,multidrug,tap,chromosome,3.384,1.375,2.461
NR.F.1.H.A,E05,NoRo,dorm_sample,Bacteria;Actinomycetota;Actinomycetes;Mycobacteriales;Mycobacteriaceae;Mycobacterium;Mycobacterium fortuitum,rifamycin,arr,chromosome,1,1.375,0.727
NR.F.1.H.A,E05,NoRo,dorm_sample,Bacteria;Actinomycetota;Actinomycetes;Mycobacteriales;Mycobacteriaceae;Mycobacterium;Mycobacterium fortuitum,tetracycline,tet(V),chromosome,3.262,1.375,2.373
NR.F.1.H.A,E05,NoRo,dorm_sample,Bacteria;Actinomycetota;Actinomycetes;Mycobacteriales;Mycobacteriaceae;Mycobacterium;Mycobacterium fortuitum,tuberactinomycin,vph,chromosome,3.127,1.375,2.274
NR.F.1.H.A,E05,NoRo,dorm_sample,Bacteria;Actinomycetota;Actinomycetes;Mycobacteriales;Mycobacteriaceae;Mycobacterium;Mycobacterium phocaicum,beta-lactam,bla*,chromosome,38.365,35.875,1.069
NR.F.1.H.A,E05,NoRo,dorm_sample,Bacteria;Actinomycetota;Actinomycetes;Mycobacteriales;Mycobacteriaceae;Mycobacterium;Mycobacterium phocaicum,defensin,lysX,chromosome,32.858,35.875,0.916
NR.F.1.H.A,E05,NoRo,dorm_sample,Bacteria;Actinomycetota;Actinomycetes;Mycobacteriales;Mycobacteriaceae;Mycobacterium;Mycobacterium phocaicum,multidrug,lfrA,chromosome,27.358,35.875,0.763
NR.F.1.H.A,E05,NoRo,dorm_sample,Bacteria;Actinomycetota;Actinomycetes;Mycobacteriales;Mycobacteriaceae;Mycobacterium;Mycobacterium phocaicum,rifamycin,arr,chromosome,51.063,35.875,1.423
NR.F.1.H.A,E05,NoRo,dorm_sample,Bacteria;Actinomycetota;Actinomycetes;Mycobacteriales;Mycobacteriaceae;Mycobacterium;Mycobacterium phocaicum,tetracycline,tet(V),chromosome,17.308,35.875,0.482
NR.F.1.H.A,E05,NoRo,dorm_sample,Bacteria;Actinomycetota;Actinomycetes;Mycobacteriales;Mycobacteriaceae;Mycobacterium;Mycobacterium sp018326285,multidrug,lfrA,chromosome,1.903,2.25,0.846
NR.F.1.H.A,E05,NoRo,dorm_sample,Bacteria;Actinomycetota;Actinomycetes;Mycobacteriales;Mycobacteriaceae;Mycobacterium;Mycobacterium sp018326285,rifamycin,arr,chromosome,4,2.25,1.778
NR.F.1.H.A,E05,NoRo,dorm_sample,Bacteria;Actinomycetota;Actinomycetes;Mycobacteriales;Mycobacteriaceae;Mycobacterium;Mycobacterium sp018326285,tetracycline,tet(V),chromosome,23.37,2.25,10.387
NR.F.1.H.A,E05,NoRo,dorm_sample,Bacteria;Actinomycetota;Actinomycetes;Mycobacteriales;Nakamurellaceae;Nakamurella;Nakamurella multipartita,rifamycin,helR,chromosome,1.15,0.75,1.534
NR.F.1.H.A,E05,NoRo,dorm_sample,Bacteria;Actinomycetota;Actinomycetes;Mycobacteriales;Nakamurellaceae;Nakamurella;Nakamurella multipartita,rifamycin,rph*,chromosome,1.996,0.75,2.662
NR.F.1.H.A,E05,NoRo,dorm_sample,Bacteria;Pseudomonadota;Alphaproteobacteria;Rhizobiales;Xanthobacteraceae;Bradyrhizobium;Bradyrhizobium lablabi_C,beta-lactam,bla*,chromosome,1,0.5,2
NR.F.1.H.A,E05,NoRo,dorm_sample,Bacteria;Pseudomonadota;Alphaproteobacteria;Sphingomonadales;Sphingomonadaceae;Blastomonas;Blastomonas ursincola,aminoglycoside,aac(3)*,chromosome,2,2.625,0.762
NR.F.1.H.A,E05,NoRo,dorm_sample,Bacteria;Pseudomonadota;Alphaproteobacteria;Sphingomonadales;Sphingomonadaceae;Blastomonas;Blastomonas ursincola,beta-lactam,bla*,chromosome,2.35,2.625,0.895
NR.F.1.H.A,E05,NoRo,dorm_sample,Bacteria;Pseudomonadota;Alphaproteobacteria;Sphingomonadales;Sphingomonadaceae;Erythrobacter;Erythrobacter oryzae,aminoglycoside,aac(6')*,chromosome,6.905,4.25,1.625
NR.F.1.H.A,E05,NoRo,dorm_sample,Bacteria;Pseudomonadota;Alphaproteobacteria;Sphingomonadales;Sphingomonadaceae;Erythrobacter;Erythrobacter oryzae,beta-lactam,bla*,chromosome,4,4.25,0.941
NR.F.1.H.A,E05,NoRo,dorm_sample,Bacteria;Pseudomonadota;Alphaproteobacteria;Sphingomonadales;Sphingomonadaceae;Erythrobacter;Erythrobacter sp001557115,beta-lactam,bla*,chromosome,0.723,0.875,0.827
NR.F.1.H.A,E05,NoRo,dorm_sample,Bacteria;Pseudomonadota;Alphaproteobacteria;Sphingomonadales;Sphingomonadaceae;Sphingopyxis;Sphingopyxis sp001468395,beta-lactam,bla*,chromosome,3.973,4.75,0.836
NR.F.1.H.A,E05,NoRo,dorm_sample,Bacteria;Pseudomonadota;Alphaproteobacteria;Sphingomonadales;Sphingomonadaceae;Sphingopyxis;Sphingopyxis sp001468395,defensin,mprF,chromosome,4.928,4.75,1.037
NR.F.1.H.A,E05,NoRo,dorm_sample,Bacteria;Pseudomonadota;Alphaproteobacteria;Sphingomonadales;Sphingomonadaceae;Sphingopyxis;Sphingopyxis sp014873485,beta-lactam,bla*,chromosome,5.993,2.625,2.283
NR.F.1.H.A,E05,NoRo,dorm_sample,Bacteria;Pseudomonadota;Alphaproteobacteria;Sphingomonadales;Sphingomonadaceae;Sphingopyxis;Sphingopyxis sp014873485,phenicol,catB,chromosome,3,2.625,1.143
NR.F.1.H.A,E05,NoRo,dorm_sample,Bacteria;Pseudomonadota;Alphaproteobacteria;Sphingomonadales;Sphingomonadaceae;Sphingopyxis;Sphingopyxis sp014873485,rifamycin,arr,chromosome,2,2.625,0.762
NR.F.1.H.A,E05,NoRo,dorm_sample,Bacteria;Pseudomonadota;Alphaproteobacteria;Sphingomonadales;Sphingomonadaceae;Sphingopyxis;Sphingopyxis sp035998905,beta-lactam,bla*,chromosome,1,0.625,1.6
NR.F.1.H.A,E05,NoRo,dorm_sample,Bacteria;Pseudomonadota;Alphaproteobacteria;Sphingomonadales;Sphingomonadaceae;Sphingopyxis;Sphingopyxis sp035998905,phenicol,catB,chromosome,3,0.625,4.8
NR.F.1.H.A,E05,NoRo,dorm_sample,Bacteria;Pseudomonadota;Gammaproteobacteria;Burkholderiales;Burkholderiaceae_C;Acidovorax;Acidovorax temperans,beta-lactam,bla*,chromosome,4.975,2.875,1.73
NR.F.1.H.A,E05,NoRo,dorm_sample,Bacteria;Pseudomonadota;Gammaproteobacteria;Burkholderiales;Burkholderiaceae_C;Acidovorax;Acidovorax temperans,fosfomycin,fosX,chromosome,4,2.875,1.391
NR.F.1.H.A,E05,NoRo,dorm_sample,Bacteria;Pseudomonadota;Gammaproteobacteria;Burkholderiales;Burkholderiaceae_C;Aquincola;Aquincola tertiaricarbonis_B,beta-lactam,bla*,chromosome,2,0.5,4
NR.F.1.H.A,E05,NoRo,dorm_sample,Bacteria;Pseudomonadota;Gammaproteobacteria;Steroidobacterales;Steroidobacteraceae;Steroidobacter;Steroidobacter flavus,defensin,mprF,chromosome,0.996,0.375,2.657
NR.F.1.H.A,E05,NoRo,dorm_sample,Bacteria;Pseudomonadota;Gammaproteobacteria;Xanthomonadales;Rhodanobacteraceae;Dokdonella_A;Dokdonella_A ginsengisoli,defensin,mprF,chromosome,1,0.25,4
NR.F.1.H.A,E05,NoRo,dorm_sample,Bacteria;Pseudomonadota;Gammaproteobacteria;Xanthomonadales;Xanthomonadaceae;Lysobacter;Lysobacter capsici,defensin,mprF,chromosome,1.008,1.625,0.62
NR.F.1.H.A,E05,NoRo,dorm_sample,Bacteria;Pseudomonadota;Gammaproteobacteria;Xanthomonadales;Xanthomonadaceae;Lysobacter;Lysobacter capsici_A,defensin,mprF,chromosome,1.191,0.25,4.764
NR.F.1.H.A,E05,NoRo,dorm_sample,Bacteria;Pseudomonadota;Gammaproteobacteria;Xanthomonadales;Xanthomonadaceae;Lysobacter;Lysobacter yananisis,beta-lactam,bla*,chromosome,0.987,1.375,0.718
NR.F.1.H.A,E05,NoRo,dorm_sample,Bacteria;Pseudomonadota;Gammaproteobacteria;Xanthomonadales;Xanthomonadaceae;Lysobacter_I;Lysobacter_I brunescens,beta-lactam,bla*,chromosome,24.9,2.5,9.96
NR.F.1.H.A,E05,NoRo,dorm_sample,Bacteria;Pseudomonadota;Gammaproteobacteria;Xanthomonadales;Xanthomonadaceae;Pseudoxanthomonas_A;Pseudoxanthomonas_A japonensis,beta-lactam,blaPJM,chromosome,2,1.125,1.778
NR.F.1.H.A,E05,NoRo,dorm_sample,Bacteria;Pseudomonadota;Gammaproteobacteria;Xanthomonadales;Xanthomonadaceae;Pseudoxanthomonas_A;Pseudoxanthomonas_A japonensis,fosfomycin,fosX,chromosome,0.985,1.125,0.876
NR.F.1.H.A,E05,NoRo,dorm_sample,Bacteria;Pseudomonadota;Gammaproteobacteria;Xanthomonadales;Xanthomonadaceae;Pseudoxanthomonas_A;Pseudoxanthomonas_A mexicana,aminoglycoside,aac(6')*,chromosome,1.966,0.375,5.244
NR.F.1.H.A,E05,NoRo,dorm_sample,Bacteria;Pseudomonadota;Gammaproteobacteria;Xanthomonadales;Xanthomonadaceae;Pseudoxanthomonas_A;Pseudoxanthomonas_A mexicana,rifamycin,arr,chromosome,1,0.375,2.667
NR.F.1.H.A,E05,NoRo,dorm_sample,unclassified,aminoglycoside,aac(3)*,chromosome,2,0,0
NR.F.1.H.A,E05,NoRo,dorm_sample,unclassified,aminoglycoside,aac(6')*,chromosome,2.967,0,0
NR.F.1.H.A,E05,NoRo,dorm_sample,unclassified,aminoglycoside,aph(3'')*,chromosome,2,0,0
NR.F.1.H.A,E05,NoRo,dorm_sample,unclassified,aminoglycoside,aph(3'')-I,chromosome,0.911,0,0
NR.F.1.H.A,E05,NoRo,dorm_sample,unclassified,aminoglycoside,aph(3')*,chromosome,0.993,0,0
NR.F.1.H.A,E05,NoRo,dorm_sample,unclassified,aminoglycoside,aph(6)-I,chromosome,1,0,0
NR.F.1.H.A,E05,NoRo,dorm_sample,unclassified,beta-lactam,bla*,chromosome,14.974,0,0
NR.F.1.H.A,E05,NoRo,dorm_sample,unclassified,fosfomycin,fosX,chromosome,0.784,0,0
NR.F.1.H.A,E05,NoRo,dorm_sample,unclassified,multidrug,macB,chromosome,1,0,0
NR.F.1.H.A,E05,NoRo,dorm_sample,unclassified,multidrug,mfsA,chromosome,1,0,0
NR.F.1.H.A,E05,NoRo,dorm_sample,unclassified,multidrug,smeD,chromosome,0.962,0,0
NR.F.1.H.A,E05,NoRo,dorm_sample,unclassified,multidrug,smeE,chromosome,0.973,0,0
NR.F.1.H.A,E05,NoRo,dorm_sample,unclassified,multidrug,smeH,chromosome,0.905,0,0
NR.F.1.H.A,E05,NoRo,dorm_sample,unclassified,multidrug,smeK,chromosome,1,0,0
NR.F.1.H.A,E05,NoRo,dorm_sample,unclassified,multidrug,smeW,chromosome,1,0,0
NR.F.1.H.A,E05,NoRo,dorm_sample,unclassified,multidrug,tolC,chromosome,1,0,0
NR.F.1.H.A,E05,NoRo,dorm_sample,unclassified,phenicol,catB,chromosome,1,0,0
NR.F.1.H.A,E05,NoRo,dorm_sample,unclassified,rifamycin,arr,chromosome,5.912,0,0
NR.F.1.H.A,E05,NoRo,dorm_sample,unclassified,rifamycin,helR,chromosome,3,0,0
NR.F.1.H.A,E05,NoRo,dorm_sample,unclassified,sulfonamide,sul1,chromosome,2.092,0,0
Da.F.4.L.C,E06,Dawson,dorm_sample,Bacteria;Bacteroidota;Bacteroidia;Cytophagales;Spirosomataceae;Larkinella;Larkinella sp006149005,aminoglycoside,aac(6')*,chromosome,1,1.125,0.889
Da.F.4.L.C,E06,Dawson,dorm_sample,Bacteria;Bacteroidota;Bacteroidia;Cytophagales;Spirosomataceae;Larkinella;Larkinella sp006149005,beta-lactam,bla*,chromosome,1,1.125,0.889
Da.F.4.L.C,E06,Dawson,dorm_sample,Bacteria;Pseudomonadota;Alphaproteobacteria;Caulobacterales;Caulobacteraceae;Brevundimonas;Brevundimonas huaxiensis,beta-lactam,bla*,chromosome,3.428,0.75,4.571
Da.F.4.L.C,E06,Dawson,dorm_sample,Bacteria;Pseudomonadota;Alphaproteobacteria;Caulobacterales;Caulobacteraceae;Caulobacter;Caulobacter sp013181195,beta-lactam,bla*,chromosome,1.969,0.375,5.252
Da.F.4.L.C,E06,Dawson,dorm_sample,Bacteria;Pseudomonadota;Alphaproteobacteria;Caulobacterales;Caulobacteraceae;Phenylobacterium;Phenylobacterium haematophilum,beta-lactam,bla*,chromosome,1.175,0.375,3.133
Da.F.4.L.C,E06,Dawson,dorm_sample,Bacteria;Pseudomonadota;Alphaproteobacteria;Rhizobiales;Beijerinckiaceae;Allobosea;Allobosea eneae,aminoglycoside,aac(3)*,chromosome,1,1.75,0.571
Da.F.4.L.C,E06,Dawson,dorm_sample,Bacteria;Pseudomonadota;Alphaproteobacteria;Rhizobiales;Beijerinckiaceae;Allobosea;Allobosea eneae,multidrug,mdtI,chromosome,2,1.75,1.143
Da.F.4.L.C,E06,Dawson,dorm_sample,Bacteria;Pseudomonadota;Alphaproteobacteria;Rhizobiales;Beijerinckiaceae;Allobosea;Allobosea rubneri,phenicol,catB,chromosome,2,0.875,2.286
Da.F.4.L.C,E06,Dawson,dorm_sample,Bacteria;Pseudomonadota;Alphaproteobacteria;Rhizobiales;Beijerinckiaceae;Allobosea;Allobosea sp035998995,multidrug,mdtI,chromosome,2,0.625,3.2
Da.F.4.L.C,E06,Dawson,dorm_sample,Bacteria;Pseudomonadota;Alphaproteobacteria;Rhizobiales;Beijerinckiaceae;Allobosea;Allobosea sp050275675,beta-lactam,bla*,chromosome,1,0.625,1.6
Da.F.4.L.C,E06,Dawson,dorm_sample,Bacteria;Pseudomonadota;Alphaproteobacteria;Rhizobiales;Beijerinckiaceae;Methylobacterium;Methylobacterium hispanicum,beta-lactam,bla*,chromosome,5,2.75,1.818
Da.F.4.L.C,E06,Dawson,dorm_sample,Bacteria;Pseudomonadota;Alphaproteobacteria;Rhizobiales;Beijerinckiaceae;Methylobacterium;Methylobacterium radiotolerans,beta-lactam,bla*,chromosome,8.274,4.75,1.742
Da.F.4.L.C,E06,Dawson,dorm_sample,Bacteria;Pseudomonadota;Alphaproteobacteria;Rhizobiales;Rhizobiaceae;Shinella;Shinella sp001262505,beta-lactam,bla*,chromosome,2.34,0.75,3.119
Da.F.4.L.C,E06,Dawson,dorm_sample,Bacteria;Pseudomonadota;Alphaproteobacteria;Rhizobiales;Rhizobiaceae;Shinella;Shinella sp001262505,phenicol,cml*,chromosome,1.97,0.75,2.627
Da.F.4.L.C,E06,Dawson,dorm_sample,Bacteria;Pseudomonadota;Alphaproteobacteria;Sphingomonadales;Sphingomonadaceae;Blastomonas;Blastomonas ursincola,aminoglycoside,aac(3)*,chromosome,3.921,5.375,0.729
Da.F.4.L.C,E06,Dawson,dorm_sample,Bacteria;Pseudomonadota;Alphaproteobacteria;Sphingomonadales;Sphingomonadaceae;Blastomonas;Blastomonas ursincola,beta-lactam,bla*,chromosome,2.65,5.375,0.493
Da.F.4.L.C,E06,Dawson,dorm_sample,Bacteria;Pseudomonadota;Alphaproteobacteria;Sphingomonadales;Sphingomonadaceae;Sphingobium;Sphingobium sp003248505,aminoglycoside,aac(6')*,chromosome,5.377,5.125,1.049
Da.F.4.L.C,E06,Dawson,dorm_sample,Bacteria;Pseudomonadota;Alphaproteobacteria;Sphingomonadales;Sphingomonadaceae;Sphingobium;Sphingobium sp003248505,beta-lactam,blaSGM,chromosome,7.618,5.125,1.486
Da.F.4.L.C,E06,Dawson,dorm_sample,Bacteria;Pseudomonadota;Alphaproteobacteria;Sphingomonadales;Sphingomonadaceae;Sphingobium;Sphingobium sp003248505,defensin,mprF,chromosome,6.507,5.125,1.27
Da.F.4.L.C,E06,Dawson,dorm_sample,Bacteria;Pseudomonadota;Alphaproteobacteria;Sphingomonadales;Sphingomonadaceae;Sphingobium;Sphingobium yanoikuyae,beta-lactam,blaSGM,chromosome,6,1.25,4.8
Da.F.4.L.C,E06,Dawson,dorm_sample,Bacteria;Pseudomonadota;Alphaproteobacteria;Sphingomonadales;Sphingomonadaceae;Sphingobium;Sphingobium yanoikuyae,defensin,mprF,chromosome,4.738,1.25,3.79
Da.F.4.L.C,E06,Dawson,dorm_sample,Bacteria;Pseudomonadota;Alphaproteobacteria;Sphingomonadales;Sphingomonadaceae;Sphingobium;Sphingobium yanoikuyae,sulfonamide,sul4,plasmid,1,1.25,0.8
Da.F.4.L.C,E06,Dawson,dorm_sample,Bacteria;Pseudomonadota;Alphaproteobacteria;Sphingomonadales;Sphingomonadaceae;Sphingobium;Sphingobium yanoikuyae_A,beta-lactam,bla*,chromosome,37.463,15.25,2.457
Da.F.4.L.C,E06,Dawson,dorm_sample,Bacteria;Pseudomonadota;Alphaproteobacteria;Sphingomonadales;Sphingomonadaceae;Sphingobium;Sphingobium yanoikuyae_A,beta-lactam,blaSGM,chromosome,10.463,15.25,0.686
Da.F.4.L.C,E06,Dawson,dorm_sample,Bacteria;Pseudomonadota;Alphaproteobacteria;Sphingomonadales;Sphingomonadaceae;Sphingobium;Sphingobium yanoikuyae_A,defensin,mprF,chromosome,17.804,15.25,1.167
Da.F.4.L.C,E06,Dawson,dorm_sample,Bacteria;Pseudomonadota;Alphaproteobacteria;Sphingomonadales;Sphingomonadaceae;Sphingobium;Sphingobium yanoikuyae_A,defensin,mprF,plasmid,11.144,15.25,0.731
Da.F.4.L.C,E06,Dawson,dorm_sample,Bacteria;Pseudomonadota;Alphaproteobacteria;Sphingomonadales;Sphingomonadaceae;Sphingobium_A;Sphingobium_A colocasiae,beta-lactam,bla*,chromosome,4.399,1.5,2.932
Da.F.4.L.C,E06,Dawson,dorm_sample,Bacteria;Pseudomonadota;Alphaproteobacteria;Sphingomonadales;Sphingomonadaceae;Sphingobium_A;Sphingobium_A colocasiae,defensin,mprF,chromosome,1,1.5,0.667
Da.F.4.L.C,E06,Dawson,dorm_sample,Bacteria;Pseudomonadota;Alphaproteobacteria;Sphingomonadales;Sphingomonadaceae;Sphingomonas;Sphingomonas adhaesiva,aminoglycoside,aph(3')*,chromosome,1,1.25,0.8
Da.F.4.L.C,E06,Dawson,dorm_sample,Bacteria;Pseudomonadota;Alphaproteobacteria;Sphingomonadales;Sphingomonadaceae;Sphingomonas;Sphingomonas adhaesiva,beta-lactam,bla*,chromosome,2,1.25,1.6
Da.F.4.L.C,E06,Dawson,dorm_sample,Bacteria;Pseudomonadota;Alphaproteobacteria;Sphingomonadales;Sphingomonadaceae;Sphingomonas;Sphingomonas adhaesiva,defensin,mprF,chromosome,2.997,1.25,2.397
Da.F.4.L.C,E06,Dawson,dorm_sample,Bacteria;Pseudomonadota;Alphaproteobacteria;Sphingomonadales;Sphingomonadaceae;Sphingomonas;Sphingomonas corticis,beta-lactam,bla*,chromosome,4,0.625,6.4
Da.F.4.L.C,E06,Dawson,dorm_sample,Bacteria;Pseudomonadota;Alphaproteobacteria;Sphingomonadales;Sphingomonadaceae;Sphingomonas;Sphingomonas dokdonensis,beta-lactam,bla*,chromosome,1.997,2.125,0.94
Da.F.4.L.C,E06,Dawson,dorm_sample,Bacteria;Pseudomonadota;Alphaproteobacteria;Sphingomonadales;Sphingomonadaceae;Sphingomonas;Sphingomonas hankookensis_A,beta-lactam,bla*,chromosome,4,0.625,6.4
Da.F.4.L.C,E06,Dawson,dorm_sample,Bacteria;Pseudomonadota;Alphaproteobacteria;Sphingomonadales;Sphingomonadaceae;Sphingomonas;Sphingomonas koreensis,aminoglycoside,aac(6')*,chromosome,68.411,73.625,0.929
Da.F.4.L.C,E06,Dawson,dorm_sample,Bacteria;Pseudomonadota;Alphaproteobacteria;Sphingomonadales;Sphingomonadaceae;Sphingomonas;Sphingomonas koreensis,beta-lactam,bla*,chromosome,242.208,73.625,3.29
Da.F.4.L.C,E06,Dawson,dorm_sample,Bacteria;Pseudomonadota;Alphaproteobacteria;Sphingomonadales;Sphingomonadaceae;Sphingomonas;Sphingomonas koreensis,phenicol,catB,chromosome,69.367,73.625,0.942
Da.F.4.L.C,E06,Dawson,dorm_sample,Bacteria;Pseudomonadota;Alphaproteobacteria;Sphingomonadales;Sphingomonadaceae;Sphingomonas;Sphingomonas koreensis,rifamycin,arr,chromosome,80.831,73.625,1.098
Da.F.4.L.C,E06,Dawson,dorm_sample,Bacteria;Pseudomonadota;Alphaproteobacteria;Sphingomonadales;Sphingomonadaceae;Sphingomonas;Sphingomonas sp030145815,aminoglycoside,aac(3)-I,chromosome,1,0.5,2
Da.F.4.L.C,E06,Dawson,dorm_sample,Bacteria;Pseudomonadota;Alphaproteobacteria;Sphingomonadales;Sphingomonadaceae;Sphingomonas;Sphingomonas sp030145815,beta-lactam,bla*,chromosome,2,0.5,4
Da.F.4.L.C,E06,Dawson,dorm_sample,Bacteria;Pseudomonadota;Alphaproteobacteria;Sphingomonadales;Sphingomonadaceae;Sphingomonas;Sphingomonas sp031456125,aminoglycoside,aph(3')*,chromosome,9.215,10.25,0.899
Da.F.4.L.C,E06,Dawson,dorm_sample,Bacteria;Pseudomonadota;Alphaproteobacteria;Sphingomonadales;Sphingomonadaceae;Sphingomonas;Sphingomonas sp031456125,beta-lactam,bla*,chromosome,9.799,10.25,0.956
Da.F.4.L.C,E06,Dawson,dorm_sample,Bacteria;Pseudomonadota;Alphaproteobacteria;Sphingomonadales;Sphingomonadaceae;Sphingomonas;Sphingomonas sp031456125,defensin,mprF,chromosome,9.988,10.25,0.974
Da.F.4.L.C,E06,Dawson,dorm_sample,Bacteria;Pseudomonadota;Alphaproteobacteria;Sphingomonadales;Sphingomonadaceae;Sphingomonas;Sphingomonas sp943913195,beta-lactam,bla*,chromosome,6.601,7.625,0.866
Da.F.4.L.C,E06,Dawson,dorm_sample,Bacteria;Pseudomonadota;Alphaproteobacteria;Sphingomonadales;Sphingomonadaceae;Sphingomonas;Sphingomonas sp943913195,phenicol,catB,chromosome,6.203,7.625,0.813
Da.F.4.L.C,E06,Dawson,dorm_sample,Bacteria;Pseudomonadota;Alphaproteobacteria;Sphingomonadales;Sphingomonadaceae;Sphingomonas;Sphingomonas zeae,defensin,mprF,chromosome,0.998,0.25,3.991
Da.F.4.L.C,E06,Dawson,dorm_sample,Bacteria;Pseudomonadota;Alphaproteobacteria;Sphingomonadales;Sphingomonadaceae;Sphingopyxis;Sphingopyxis fribergensis,beta-lactam,bla*,chromosome,2.631,1.125,2.339
Da.F.4.L.C,E06,Dawson,dorm_sample,Bacteria;Pseudomonadota;Alphaproteobacteria;Sphingomonadales;Sphingomonadaceae;Sphingopyxis;Sphingopyxis sp001468265,beta-lactam,bla*,chromosome,32.593,36.625,0.89
Da.F.4.L.C,E06,Dawson,dorm_sample,Bacteria;Pseudomonadota;Alphaproteobacteria;Sphingomonadales;Sphingomonadaceae;Sphingopyxis;Sphingopyxis sp001468265,rifamycin,arr,chromosome,39.295,36.625,1.073
Da.F.4.L.C,E06,Dawson,dorm_sample,Bacteria;Pseudomonadota;Alphaproteobacteria;Sphingomonadales;Sphingomonadaceae;Sphingopyxis;Sphingopyxis sp014873485,beta-lactam,bla*,chromosome,2.761,4.5,0.614
Da.F.4.L.C,E06,Dawson,dorm_sample,Bacteria;Pseudomonadota;Alphaproteobacteria;Sphingomonadales;Sphingomonadaceae;Sphingopyxis;Sphingopyxis sp022701295,aminoglycoside,aac(3)-I,chromosome,30.471,39.75,0.767
Da.F.4.L.C,E06,Dawson,dorm_sample,Bacteria;Pseudomonadota;Alphaproteobacteria;Sphingomonadales;Sphingomonadaceae;Sphingopyxis;Sphingopyxis sp022701295,beta-lactam,bla*,chromosome,65.565,39.75,1.649
Da.F.4.L.C,E06,Dawson,dorm_sample,Bacteria;Pseudomonadota;Alphaproteobacteria;Sphingomonadales;Sphingomonadaceae;Sphingopyxis;Sphingopyxis sp022701295,defensin,mprF,chromosome,36.828,39.75,0.927
Da.F.4.L.C,E06,Dawson,dorm_sample,Bacteria;Pseudomonadota;Alphaproteobacteria;Sphingomonadales;Sphingomonadaceae;Sphingopyxis;Sphingopyxis sp022701295,phenicol,catB,chromosome,42.024,39.75,1.057
Da.F.4.L.C,E06,Dawson,dorm_sample,Bacteria;Pseudomonadota;Alphaproteobacteria;Sphingomonadales;Sphingomonadaceae;Sphingopyxis;Sphingopyxis sp035944815,beta-lactam,bla*,chromosome,9.806,3.125,3.138
Da.F.4.L.C,E06,Dawson,dorm_sample,Bacteria;Pseudomonadota;Alphaproteobacteria;Sphingomonadales;Sphingomonadaceae;Sphingopyxis;Sphingopyxis sp035944815,rifamycin,arr,chromosome,2.893,3.125,0.926
Da.F.4.L.C,E06,Dawson,dorm_sample,Bacteria;Pseudomonadota;Alphaproteobacteria;Sphingomonadales;Sphingomonadaceae;Sphingopyxis;Sphingopyxis sp035998905,beta-lactam,bla*,chromosome,172.728,61,2.832
Da.F.4.L.C,E06,Dawson,dorm_sample,Bacteria;Pseudomonadota;Alphaproteobacteria;Sphingomonadales;Sphingomonadaceae;Sphingopyxis;Sphingopyxis sp035998905,phenicol,catB,chromosome,44.986,61,0.737
Da.F.4.L.C,E06,Dawson,dorm_sample,Bacteria;Pseudomonadota;Alphaproteobacteria;Sphingomonadales;Sphingomonadaceae;Sphingopyxis;Sphingopyxis sp035998905,rifamycin,arr,chromosome,58.784,61,0.964
Da.F.4.L.C,E06,Dawson,dorm_sample,Bacteria;Pseudomonadota;Gammaproteobacteria;Burkholderiales;Burkholderiaceae_C;Acidovorax;Acidovorax temperans,beta-lactam,bla*,chromosome,11.194,11.375,0.984
Da.F.4.L.C,E06,Dawson,dorm_sample,Bacteria;Pseudomonadota;Gammaproteobacteria;Burkholderiales;Burkholderiaceae_C;Aquabacterium;Aquabacterium sp049322875,multidrug,macB,chromosome,6.747,3.25,2.076
Da.F.4.L.C,E06,Dawson,dorm_sample,Bacteria;Pseudomonadota;Gammaproteobacteria;Burkholderiales;Burkholderiaceae_C;Comamonas;Comamonas tsuruhatensis,beta-lactam,bla*,chromosome,4,0.875,4.571
Da.F.4.L.C,E06,Dawson,dorm_sample,Bacteria;Pseudomonadota;Gammaproteobacteria;Burkholderiales;Burkholderiaceae_C;Comamonas;Comamonas tsuruhatensis,multidrug,macB,chromosome,1,0.875,1.143
Da.F.4.L.C,E06,Dawson,dorm_sample,Bacteria;Pseudomonadota;Gammaproteobacteria;Burkholderiales;Burkholderiaceae_C;Paracidovorax;Paracidovorax sp040365715,beta-lactam,bla*,chromosome,0.997,0.25,3.986
Da.F.4.L.C,E06,Dawson,dorm_sample,Bacteria;Pseudomonadota;Gammaproteobacteria;Burkholderiales;Burkholderiaceae_C;Pseudorhodoferax;Pseudorhodoferax aquiterrae,beta-lactam,bla*,chromosome,3.611,8,0.451
Da.F.4.L.C,E06,Dawson,dorm_sample,Bacteria;Pseudomonadota;Gammaproteobacteria;Burkholderiales;Burkholderiaceae_C;Pseudorhodoferax;Pseudorhodoferax aquiterrae,defensin,mprF,chromosome,11.062,8,1.383
Da.F.4.L.C,E06,Dawson,dorm_sample,Bacteria;Pseudomonadota;Gammaproteobacteria;Burkholderiales;Burkholderiaceae_C;Pseudorhodoferax;Pseudorhodoferax aquiterrae,multidrug,macB,chromosome,8.339,8,1.042
Da.F.4.L.C,E06,Dawson,dorm_sample,Bacteria;Pseudomonadota;Gammaproteobacteria;Burkholderiales;Burkholderiaceae_C;Pseudorhodoferax;Pseudorhodoferax aquiterrae,phenicol,catB,chromosome,8.416,8,1.052
Da.F.4.L.C,E06,Dawson,dorm_sample,Bacteria;Pseudomonadota;Gammaproteobacteria;Burkholderiales;Burkholderiaceae_C;Xenophilus;Xenophilus sp005503065,rifamycin,arr,chromosome,11,13,0.846
Da.F.4.L.C,E06,Dawson,dorm_sample,Bacteria;Pseudomonadota;Gammaproteobacteria;Pseudomonadales;Moraxellaceae;Acinetobacter;Acinetobacter junii,beta-lactam,bla*,chromosome,2.767,2.25,1.23
Da.F.4.L.C,E06,Dawson,dorm_sample,Bacteria;Pseudomonadota;Gammaproteobacteria;Pseudomonadales;Moraxellaceae;Acinetobacter;Acinetobacter junii,multidrug,adeJ,chromosome,2.677,2.25,1.19
Da.F.4.L.C,E06,Dawson,dorm_sample,Bacteria;Pseudomonadota;Gammaproteobacteria;Pseudomonadales;Moraxellaceae;Acinetobacter;Acinetobacter junii,multidrug,adeK,chromosome,4.031,2.25,1.791
Da.F.4.L.C,E06,Dawson,dorm_sample,Bacteria;Pseudomonadota;Gammaproteobacteria;Pseudomonadales;Moraxellaceae;Acinetobacter;Acinetobacter junii,multidrug,craA,chromosome,2.392,2.25,1.063
Da.F.4.L.C,E06,Dawson,dorm_sample,Bacteria;Pseudomonadota;Gammaproteobacteria;Pseudomonadales;Moraxellaceae;Acinetobacter;Acinetobacter junii,multidrug,macA,chromosome,2.613,2.25,1.161
Da.F.4.L.C,E06,Dawson,dorm_sample,Bacteria;Pseudomonadota;Gammaproteobacteria;Pseudomonadales;Moraxellaceae;Acinetobacter;Acinetobacter junii,multidrug,macB,chromosome,3.047,2.25,1.354
Da.F.4.L.C,E06,Dawson,dorm_sample,Bacteria;Pseudomonadota;Gammaproteobacteria;Pseudomonadales;Moraxellaceae;Acinetobacter;Acinetobacter junii,phenicol,cxpE,chromosome,2,2.25,0.889
Da.F.4.L.C,E06,Dawson,dorm_sample,Bacteria;Pseudomonadota;Gammaproteobacteria;Pseudomonadales;Pseudomonadaceae;Chryseomonas;Chryseomonas benzopyrenica,beta-lactam,bla*,chromosome,2,0.25,8
Da.F.4.L.C,E06,Dawson,dorm_sample,Bacteria;Pseudomonadota;Gammaproteobacteria;Pseudomonadales;Pseudomonadaceae;Chryseomonas;Chryseomonas benzopyrenica,defensin,mprF,chromosome,1,0.25,4
Da.F.4.L.C,E06,Dawson,dorm_sample,Bacteria;Pseudomonadota;Gammaproteobacteria;Xanthomonadales;Xanthomonadaceae;Pseudoxanthomonas_A;Pseudoxanthomonas_A japonensis,beta-lactam,blaPJM,chromosome,1,2.625,0.381
Da.F.4.L.C,E06,Dawson,dorm_sample,Bacteria;Pseudomonadota;Gammaproteobacteria;Xanthomonadales;Xanthomonadaceae;Pseudoxanthomonas_A;Pseudoxanthomonas_A japonensis,fosfomycin,fosX,chromosome,2.604,2.625,0.992
Da.F.4.L.C,E06,Dawson,dorm_sample,Bacteria;Pseudomonadota;Gammaproteobacteria;Xanthomonadales;Xanthomonadaceae;Pseudoxanthomonas_A;Pseudoxanthomonas_A sp002863005,rifamycin,arr,chromosome,2,0.375,5.333
Da.F.4.L.C,E06,Dawson,dorm_sample,Bacteria;Pseudomonadota;Gammaproteobacteria;Xanthomonadales;Xanthomonadaceae;Pseudoxanthomonas_A;Pseudoxanthomonas_A sp037046485,aminoglycoside,aac(3)-I,chromosome,30.419,23.25,1.308
Da.F.4.L.C,E06,Dawson,dorm_sample,Bacteria;Pseudomonadota;Gammaproteobacteria;Xanthomonadales;Xanthomonadaceae;Pseudoxanthomonas_A;Pseudoxanthomonas_A sp037046485,aminoglycoside,aac(6')*,chromosome,18.664,23.25,0.803
Da.F.4.L.C,E06,Dawson,dorm_sample,Bacteria;Pseudomonadota;Gammaproteobacteria;Xanthomonadales;Xanthomonadaceae;Pseudoxanthomonas_A;Pseudoxanthomonas_A sp037046485,rifamycin,arr,chromosome,15,23.25,0.645
Da.F.4.L.C,E06,Dawson,dorm_sample,Bacteria;Pseudomonadota;Gammaproteobacteria;Xanthomonadales;Xanthomonadaceae;Stenotrophomonas;Stenotrophomonas rhizophila_A,multidrug,smeD,chromosome,1,0.25,4
Da.F.4.L.C,E06,Dawson,dorm_sample,unclassified,aminoglycoside,aac(3)*,chromosome,2.672,0,0
Da.F.4.L.C,E06,Dawson,dorm_sample,unclassified,aminoglycoside,aac(3)*,plasmid,17.457,0,0
Da.F.4.L.C,E06,Dawson,dorm_sample,unclassified,aminoglycoside,aac(6')*,chromosome,11.554,0,0
Da.F.4.L.C,E06,Dawson,dorm_sample,unclassified,beta-lactam,bla*,chromosome,46.113,0,0
Da.F.4.L.C,E06,Dawson,dorm_sample,unclassified,multidrug,macB,chromosome,1,0,0
Da.F.4.L.C,E06,Dawson,dorm_sample,unclassified,multidrug,mdtN,chromosome,11.313,0,0
Da.F.4.L.C,E06,Dawson,dorm_sample,unclassified,phenicol,catB,chromosome,1.866,0,0
Da.F.4.L.C,E06,Dawson,dorm_sample,unclassified,phenicol,cml*,chromosome,14.401,0,0
Da.F.4.L.C,E06,Dawson,dorm_sample,unclassified,rifamycin,arr,chromosome,10.072,0,0
Pe.F.3.H.B,E07,Penland,dorm_sample,Bacteria;Actinomycetota;Actinomycetes;Mycobacteriales;Mycobacteriaceae;Mycobacterium;Mycobacterium fortuitum,aminoglycoside,aac(2')-I,chromosome,11.364,10.125,1.122
Pe.F.3.H.B,E07,Penland,dorm_sample,Bacteria;Actinomycetota;Actinomycetes;Mycobacteriales;Mycobacteriaceae;Mycobacterium;Mycobacterium fortuitum,aminoglycoside,aph(3'')-I,chromosome,10.992,10.125,1.086
Pe.F.3.H.B,E07,Penland,dorm_sample,Bacteria;Actinomycetota;Actinomycetes;Mycobacteriales;Mycobacteriaceae;Mycobacterium;Mycobacterium fortuitum,aminoglycoside,eis,chromosome,5.625,10.125,0.556
Pe.F.3.H.B,E07,Penland,dorm_sample,Bacteria;Actinomycetota;Actinomycetes;Mycobacteriales;Mycobacteriaceae;Mycobacterium;Mycobacterium fortuitum,beta-lactam,blaF,chromosome,11.412,10.125,1.127
Pe.F.3.H.B,E07,Penland,dorm_sample,Bacteria;Actinomycetota;Actinomycetes;Mycobacteriales;Mycobacteriaceae;Mycobacterium;Mycobacterium fortuitum,defensin,lysX,chromosome,10.934,10.125,1.08
Pe.F.3.H.B,E07,Penland,dorm_sample,Bacteria;Actinomycetota;Actinomycetes;Mycobacteriales;Mycobacteriaceae;Mycobacterium;Mycobacterium fortuitum,macrolide-lincosamide-streptogramin,erm(39),chromosome,12,10.125,1.185
Pe.F.3.H.B,E07,Penland,dorm_sample,Bacteria;Actinomycetota;Actinomycetes;Mycobacteriales;Mycobacteriaceae;Mycobacterium;Mycobacterium fortuitum,multidrug,lfrA,chromosome,9.238,10.125,0.912
Pe.F.3.H.B,E07,Penland,dorm_sample,Bacteria;Actinomycetota;Actinomycetes;Mycobacteriales;Mycobacteriaceae;Mycobacterium;Mycobacterium fortuitum,multidrug,tap,chromosome,9.518,10.125,0.94
Pe.F.3.H.B,E07,Penland,dorm_sample,Bacteria;Actinomycetota;Actinomycetes;Mycobacteriales;Mycobacteriaceae;Mycobacterium;Mycobacterium fortuitum,rifamycin,arr,chromosome,6.781,10.125,0.67
Pe.F.3.H.B,E07,Penland,dorm_sample,Bacteria;Actinomycetota;Actinomycetes;Mycobacteriales;Mycobacteriaceae;Mycobacterium;Mycobacterium fortuitum,rifamycin,helR,chromosome,8.184,10.125,0.808
Pe.F.3.H.B,E07,Penland,dorm_sample,Bacteria;Actinomycetota;Actinomycetes;Mycobacteriales;Mycobacteriaceae;Mycobacterium;Mycobacterium fortuitum,rifamycin,rox,chromosome,12.28,10.125,1.213
Pe.F.3.H.B,E07,Penland,dorm_sample,Bacteria;Actinomycetota;Actinomycetes;Mycobacteriales;Mycobacteriaceae;Mycobacterium;Mycobacterium fortuitum,tetracycline,tet(V),chromosome,7.656,10.125,0.756
Pe.F.3.H.B,E07,Penland,dorm_sample,Bacteria;Actinomycetota;Actinomycetes;Mycobacteriales;Mycobacteriaceae;Mycobacterium;Mycobacterium fortuitum,tuberactinomycin,vph,chromosome,12.767,10.125,1.261
Pe.F.3.H.B,E07,Penland,dorm_sample,Bacteria;Actinomycetota;Actinomycetes;Mycobacteriales;Mycobacteriaceae;Mycobacterium;Mycobacterium phocaicum,beta-lactam,bla*,chromosome,1.28,0.25,5.119
Pe.F.3.H.B,E07,Penland,dorm_sample,Bacteria;Actinomycetota;Actinomycetes;Mycobacteriales;Mycobacteriaceae;Mycobacterium;Mycobacterium phocaicum,multidrug,lfrA,chromosome,1,0.25,4
Pe.F.3.H.B,E07,Penland,dorm_sample,Bacteria;Actinomycetota;Actinomycetes;Mycobacteriales;Mycobacteriaceae;Mycobacterium;Mycobacterium phocaicum,rifamycin,arr,chromosome,1,0.25,4
Pe.F.3.H.B,E07,Penland,dorm_sample,Bacteria;Actinomycetota;Actinomycetes;Mycobacteriales;Mycobacteriaceae;Mycobacterium;Mycobacterium phocaicum,tetracycline,tet(V),chromosome,0.213,0.25,0.852
Pe.F.3.H.B,E07,Penland,dorm_sample,Bacteria;Pseudomonadota;Alphaproteobacteria;Caulobacterales;Caulobacteraceae;Caulobacter;Caulobacter sp937900395,aminoglycoside,aac(6')*,chromosome,2.442,0.25,9.769
Pe.F.3.H.B,E07,Penland,dorm_sample,Bacteria;Pseudomonadota;Alphaproteobacteria;Caulobacterales;Caulobacteraceae;Caulobacter;Caulobacter sp937900395,beta-lactam,bla*,chromosome,3.328,0.25,13.311
Pe.F.3.H.B,E07,Penland,dorm_sample,Bacteria;Pseudomonadota;Alphaproteobacteria;Caulobacterales;Caulobacteraceae;Caulobacter;Caulobacter sp937900395,beta-lactam,blaCAU,chromosome,2.989,0.25,11.957
Pe.F.3.H.B,E07,Penland,dorm_sample,Bacteria;Pseudomonadota;Alphaproteobacteria;Caulobacterales;Caulobacteraceae;Phenylobacterium;Phenylobacterium sp024699945,beta-lactam,bla*,chromosome,2,0.625,3.2
Pe.F.3.H.B,E07,Penland,dorm_sample,Bacteria;Pseudomonadota;Alphaproteobacteria;Caulobacterales;Caulobacteraceae;Phenylobacterium;Phenylobacterium sp041919955,rifamycin,arr,chromosome,1,1.25,0.8
Pe.F.3.H.B,E07,Penland,dorm_sample,Bacteria;Pseudomonadota;Alphaproteobacteria;Sphingomonadales;Sphingomonadaceae;Blastomonas;Blastomonas ursincola,aminoglycoside,aac(3)*,chromosome,0.992,2.25,0.441
Pe.F.3.H.B,E07,Penland,dorm_sample,Bacteria;Pseudomonadota;Alphaproteobacteria;Sphingomonadales;Sphingomonadaceae;Blastomonas;Blastomonas ursincola,beta-lactam,bla*,chromosome,1,2.25,0.444
Pe.F.3.H.B,E07,Penland,dorm_sample,Bacteria;Pseudomonadota;Alphaproteobacteria;Sphingomonadales;Sphingomonadaceae;Sphingomonas;Sphingomonas koreensis,phenicol,catB,chromosome,2,0.375,5.333
Pe.F.3.H.B,E07,Penland,dorm_sample,Bacteria;Pseudomonadota;Alphaproteobacteria;Sphingomonadales;Sphingomonadaceae;Sphingopyxis;Sphingopyxis sp001468395,beta-lactam,bla*,chromosome,4.344,4.625,0.939
Pe.F.3.H.B,E07,Penland,dorm_sample,Bacteria;Pseudomonadota;Alphaproteobacteria;Sphingomonadales;Sphingomonadaceae;Sphingopyxis;Sphingopyxis sp001468395,defensin,mprF,chromosome,8.39,4.625,1.814
Pe.F.3.H.B,E07,Penland,dorm_sample,Bacteria;Pseudomonadota;Gammaproteobacteria;Burkholderiales;Burkholderiaceae_C;Acidovorax;Acidovorax temperans,beta-lactam,bla*,chromosome,3,2,1.5
Pe.F.3.H.B,E07,Penland,dorm_sample,Bacteria;Pseudomonadota;Gammaproteobacteria;Burkholderiales;Burkholderiaceae_C;Acidovorax;Acidovorax temperans,fosfomycin,fosX,chromosome,2.957,2,1.478
Pe.F.3.H.B,E07,Penland,dorm_sample,Bacteria;Pseudomonadota;Gammaproteobacteria;Burkholderiales;Burkholderiaceae_C;Aquincola;Aquincola tertiaricarbonis_B,beta-lactam,bla*,chromosome,1,0.625,1.6
Pe.F.3.H.B,E07,Penland,dorm_sample,Bacteria;Pseudomonadota;Gammaproteobacteria;Xanthomonadales;Rhodanobacteraceae;Dokdonella;Dokdonella sp002483055,multidrug,macB,chromosome,5.057,0.875,5.779
Pe.F.3.H.B,E07,Penland,dorm_sample,Bacteria;Pseudomonadota;Gammaproteobacteria;Xanthomonadales;Xanthomonadaceae;Lysobacter;Lysobacter sp900107375,defensin,mprF,chromosome,0.726,1,0.726
Pe.F.3.H.B,E07,Penland,dorm_sample,Bacteria;Pseudomonadota;Gammaproteobacteria;Xanthomonadales;Xanthomonadaceae;Lysobacter;Lysobacter yananisis,defensin,mprF,chromosome,14.442,16.125,0.896
Pe.F.3.H.B,E07,Penland,dorm_sample,Bacteria;Pseudomonadota;Gammaproteobacteria;Xanthomonadales;Xanthomonadaceae;Pseudoxanthomonas_A;Pseudoxanthomonas_A mexicana,aminoglycoside,aac(3)-I,chromosome,1,4.25,0.235
Pe.F.3.H.B,E07,Penland,dorm_sample,Bacteria;Pseudomonadota;Gammaproteobacteria;Xanthomonadales;Xanthomonadaceae;Pseudoxanthomonas_A;Pseudoxanthomonas_A mexicana,aminoglycoside,aac(6')*,chromosome,2.913,4.25,0.685
Pe.F.3.H.B,E07,Penland,dorm_sample,Bacteria;Pseudomonadota;Gammaproteobacteria;Xanthomonadales;Xanthomonadaceae;Pseudoxanthomonas_A;Pseudoxanthomonas_A mexicana,beta-lactam,bla*,chromosome,5.437,4.25,1.279
Pe.F.3.H.B,E07,Penland,dorm_sample,Bacteria;Pseudomonadota;Gammaproteobacteria;Xanthomonadales;Xanthomonadaceae;Pseudoxanthomonas_A;Pseudoxanthomonas_A mexicana,rifamycin,arr,chromosome,1.985,4.25,0.467
Pe.F.3.H.B,E07,Penland,dorm_sample,unclassified,aminoglycoside,aac(3)-I,plasmid,3,0,0
Pe.F.3.H.B,E07,Penland,dorm_sample,unclassified,aminoglycoside,aac(6')*,chromosome,1,0,0
Pe.F.3.H.B,E07,Penland,dorm_sample,unclassified,aminoglycoside,aph(3')*,chromosome,1,0,0
Pe.F.3.H.B,E07,Penland,dorm_sample,unclassified,beta-lactam,bla*,chromosome,6.768,0,0
Pe.F.3.H.B,E07,Penland,dorm_sample,unclassified,multidrug,emrE,chromosome,2,0,0
Pe.F.3.H.B,E07,Penland,dorm_sample,unclassified,multidrug,mfsA,chromosome,1,0,0
Pe.F.3.H.B,E07,Penland,dorm_sample,unclassified,rifamycin,arr,chromosome,2.97,0,0
Pe.F.3.H.B,E07,Penland,dorm_sample,unclassified,tetracycline,tet(V),chromosome,1,0,0
Ea.F.3.L.C,F01,Earl,dorm_sample,Bacteria;Actinomycetota;Actinomycetes;Actinomycetales;Microbacteriaceae;Microbacterium;Microbacterium oxydans,tetracycline,tet(42),chromosome,1.9,0.25,7.598
Ea.F.3.L.C,F01,Earl,dorm_sample,Bacteria;Actinomycetota;Actinomycetes;Mycobacteriales;Mycobacteriaceae;Mycobacterium;Mycobacterium gilvum,aminoglycoside,eis,chromosome,3,0.75,4
Ea.F.3.L.C,F01,Earl,dorm_sample,Bacteria;Actinomycetota;Actinomycetes;Mycobacteriales;Mycobacteriaceae;Mycobacterium;Mycobacterium gilvum,beta-lactam,bla*,chromosome,1,0.75,1.333
Ea.F.3.L.C,F01,Earl,dorm_sample,Bacteria;Actinomycetota;Actinomycetes;Mycobacteriales;Mycobacteriaceae;Mycobacterium;Mycobacterium gilvum,defensin,lysX,chromosome,1.841,0.75,2.455
Ea.F.3.L.C,F01,Earl,dorm_sample,Bacteria;Actinomycetota;Actinomycetes;Mycobacteriales;Mycobacteriaceae;Mycobacterium;Mycobacterium gilvum,multidrug,tap,chromosome,3.114,0.75,4.152
Ea.F.3.L.C,F01,Earl,dorm_sample,Bacteria;Actinomycetota;Actinomycetes;Mycobacteriales;Mycobacteriaceae;Mycobacterium;Mycobacterium gilvum,rifamycin,arr,chromosome,5.338,0.75,7.117
Ea.F.3.L.C,F01,Earl,dorm_sample,Bacteria;Actinomycetota;Actinomycetes;Mycobacteriales;Mycobacteriaceae;Mycobacterium;Mycobacterium gilvum,rifamycin,helR,chromosome,5.75,0.75,7.666
Ea.F.3.L.C,F01,Earl,dorm_sample,Bacteria;Actinomycetota;Actinomycetes;Mycobacteriales;Mycobacteriaceae;Mycobacterium;Mycobacterium gwanakae,aminoglycoside,aph(3'')*,chromosome,2,2,1
Ea.F.3.L.C,F01,Earl,dorm_sample,Bacteria;Actinomycetota;Actinomycetes;Mycobacteriales;Mycobacteriaceae;Mycobacterium;Mycobacterium gwanakae,beta-lactam,bla*,chromosome,3,2,1.5
Ea.F.3.L.C,F01,Earl,dorm_sample,Bacteria;Actinomycetota;Actinomycetes;Mycobacteriales;Mycobacteriaceae;Mycobacterium;Mycobacterium gwanakae,beta-lactam,blaMAB,chromosome,2.581,2,1.291
Ea.F.3.L.C,F01,Earl,dorm_sample,Bacteria;Actinomycetota;Actinomycetes;Mycobacteriales;Mycobacteriaceae;Mycobacterium;Mycobacterium gwanakae,rifamycin,arr,chromosome,1,2,0.5
Ea.F.3.L.C,F01,Earl,dorm_sample,Bacteria;Actinomycetota;Actinomycetes;Mycobacteriales;Mycobacteriaceae;Mycobacterium;Mycobacterium gwanakae,rifamycin,helR,chromosome,4.574,2,2.287
Ea.F.3.L.C,F01,Earl,dorm_sample,Bacteria;Actinomycetota;Actinomycetes;Mycobacteriales;Mycobacteriaceae;Mycobacterium;Mycobacterium phocaicum,beta-lactam,bla*,chromosome,26.672,20.25,1.317
Ea.F.3.L.C,F01,Earl,dorm_sample,Bacteria;Actinomycetota;Actinomycetes;Mycobacteriales;Mycobacteriaceae;Mycobacterium;Mycobacterium phocaicum,defensin,lysX,chromosome,25.651,20.25,1.267
Ea.F.3.L.C,F01,Earl,dorm_sample,Bacteria;Actinomycetota;Actinomycetes;Mycobacteriales;Mycobacteriaceae;Mycobacterium;Mycobacterium phocaicum,multidrug,lfrA,chromosome,28.247,20.25,1.395
Ea.F.3.L.C,F01,Earl,dorm_sample,Bacteria;Actinomycetota;Actinomycetes;Mycobacteriales;Mycobacteriaceae;Mycobacterium;Mycobacterium phocaicum,rifamycin,arr,chromosome,43.877,20.25,2.167
Ea.F.3.L.C,F01,Earl,dorm_sample,Bacteria;Actinomycetota;Actinomycetes;Mycobacteriales;Mycobacteriaceae;Mycobacterium;Mycobacterium phocaicum,tetracycline,tet(V),chromosome,27.69,20.25,1.367
Ea.F.3.L.C,F01,Earl,dorm_sample,Bacteria;Bacteroidota;Bacteroidia;Flavobacteriales;Flavobacteriaceae;Flavobacterium;Flavobacterium lindanitolerans,aminoglycoside,ant(6)*,chromosome,6.123,9.625,0.636
Ea.F.3.L.C,F01,Earl,dorm_sample,Bacteria;Bacteroidota;Bacteroidia;Flavobacteriales;Flavobacteriaceae;Flavobacterium;Flavobacterium lindanitolerans,beta-lactam,blaCHM,chromosome,9.684,9.625,1.006
Ea.F.3.L.C,F01,Earl,dorm_sample,Bacteria;Bacteroidota;Bacteroidia;Flavobacteriales;Flavobacteriaceae;Flavobacterium;Flavobacterium lindanitolerans,colistin,eptA,chromosome,8.096,9.625,0.841
Ea.F.3.L.C,F01,Earl,dorm_sample,Bacteria;Bacteroidota;Bacteroidia;Flavobacteriales;Flavobacteriaceae;Flavobacterium;Flavobacterium lindanitolerans,rifamycin,arr,chromosome,7.902,9.625,0.821
Ea.F.3.L.C,F01,Earl,dorm_sample,Bacteria;Bacteroidota;Bacteroidia;Flavobacteriales;Weeksellaceae;Chryseobacterium;Chryseobacterium salviniae,beta-lactam,bla*,chromosome,1,1.125,0.889
Ea.F.3.L.C,F01,Earl,dorm_sample,Bacteria;Bacteroidota;Bacteroidia;Flavobacteriales;Weeksellaceae;Chryseobacterium;Chryseobacterium salviniae,rifamycin,arr,chromosome,1,1.125,0.889
Ea.F.3.L.C,F01,Earl,dorm_sample,Bacteria;Bacteroidota;Bacteroidia;Sphingobacteriales;Sphingobacteriaceae;Pedobacter;Pedobacter africanus,aminoglycoside,ant(6)*,chromosome,6,0.75,8
Ea.F.3.L.C,F01,Earl,dorm_sample,Bacteria;Bacteroidota;Bacteroidia;Sphingobacteriales;Sphingobacteriaceae;Pedobacter;Pedobacter africanus,beta-lactam,bla*,chromosome,5,0.75,6.667
Ea.F.3.L.C,F01,Earl,dorm_sample,Bacteria;Bacteroidota;Bacteroidia;Sphingobacteriales;Sphingobacteriaceae;Pedobacter;Pedobacter africanus_A,aminoglycoside,ant(6)*,chromosome,3,1.75,1.714
Ea.F.3.L.C,F01,Earl,dorm_sample,Bacteria;Bacteroidota;Bacteroidia;Sphingobacteriales;Sphingobacteriaceae;Pedobacter;Pedobacter africanus_A,beta-lactam,bla*,chromosome,3,1.75,1.714
Ea.F.3.L.C,F01,Earl,dorm_sample,Bacteria;Bacteroidota;Bacteroidia;Sphingobacteriales;Sphingobacteriaceae;Pedobacter;Pedobacter chitinilyticus,rifamycin,arr,chromosome,1,1.25,0.8
Ea.F.3.L.C,F01,Earl,dorm_sample,Bacteria;Pseudomonadota;Alphaproteobacteria;Caulobacterales;Caulobacteraceae;Brevundimonas;Brevundimonas sp003938605,beta-lactam,bla*,chromosome,31.038,27.75,1.119
Ea.F.3.L.C,F01,Earl,dorm_sample,Bacteria;Pseudomonadota;Alphaproteobacteria;Caulobacterales;Caulobacteraceae;Brevundimonas;Brevundimonas sp003938605,phenicol,catB,chromosome,25.515,27.75,0.919
Ea.F.3.L.C,F01,Earl,dorm_sample,Bacteria;Pseudomonadota;Alphaproteobacteria;Caulobacterales;Caulobacteraceae;Caulobacter;Caulobacter sp013181195,beta-lactam,bla*,chromosome,10.745,5.375,1.999
Ea.F.3.L.C,F01,Earl,dorm_sample,Bacteria;Pseudomonadota;Alphaproteobacteria;Caulobacterales;Caulobacteraceae;Caulobacter;Caulobacter sp039596335,beta-lactam,bla*,chromosome,0.668,2.875,0.232
Ea.F.3.L.C,F01,Earl,dorm_sample,Bacteria;Pseudomonadota;Alphaproteobacteria;Caulobacterales;Caulobacteraceae;Caulobacter;Caulobacter sp964601775,beta-lactam,bla*,chromosome,6,0.75,8
Ea.F.3.L.C,F01,Earl,dorm_sample,Bacteria;Pseudomonadota;Alphaproteobacteria;Caulobacterales;Caulobacteraceae;Phenylobacterium;Phenylobacterium sp001824475,beta-lactam,bla*,chromosome,1,2.125,0.471
Ea.F.3.L.C,F01,Earl,dorm_sample,Bacteria;Pseudomonadota;Alphaproteobacteria;Caulobacterales;Caulobacteraceae;Phenylobacterium;Phenylobacterium sp018240795,beta-lactam,bla*,chromosome,5.976,9,0.664
Ea.F.3.L.C,F01,Earl,dorm_sample,Bacteria;Pseudomonadota;Alphaproteobacteria;Caulobacterales;Caulobacteraceae;Phenylobacterium;Phenylobacterium sp018240795,defensin,mprF,chromosome,14.389,9,1.599
Ea.F.3.L.C,F01,Earl,dorm_sample,Bacteria;Pseudomonadota;Alphaproteobacteria;Caulobacterales;Caulobacteraceae;Phenylobacterium;Phenylobacterium sp018240795,phenicol,cml*,chromosome,10.391,9,1.155
Ea.F.3.L.C,F01,Earl,dorm_sample,Bacteria;Pseudomonadota;Alphaproteobacteria;Caulobacterales;Caulobacteraceae;Phenylobacterium;Phenylobacterium sp030681155,beta-lactam,bla*,chromosome,1.971,1.25,1.577
Ea.F.3.L.C,F01,Earl,dorm_sample,Bacteria;Pseudomonadota;Alphaproteobacteria;Caulobacterales;Caulobacteraceae;Phenylobacterium;Phenylobacterium sp037189685,beta-lactam,bla*,chromosome,1,1,1
Ea.F.3.L.C,F01,Earl,dorm_sample,Bacteria;Pseudomonadota;Alphaproteobacteria;Reyranellales;Reyranellaceae;Vineibacter;Vineibacter sp007859315,beta-lactam,bla*,chromosome,2,0.25,8
Ea.F.3.L.C,F01,Earl,dorm_sample,Bacteria;Pseudomonadota;Alphaproteobacteria;Rhizobiales;Beijerinckiaceae;Allobosea;Allobosea eneae,aminoglycoside,aac(3)*,chromosome,20.274,15.875,1.277
Ea.F.3.L.C,F01,Earl,dorm_sample,Bacteria;Pseudomonadota;Alphaproteobacteria;Rhizobiales;Beijerinckiaceae;Allobosea;Allobosea eneae,beta-lactam,bla*,chromosome,18.935,15.875,1.193
Ea.F.3.L.C,F01,Earl,dorm_sample,Bacteria;Pseudomonadota;Alphaproteobacteria;Rhizobiales;Beijerinckiaceae;Allobosea;Allobosea eneae,multidrug,mdtI,chromosome,21,15.875,1.323
Ea.F.3.L.C,F01,Earl,dorm_sample,Bacteria;Pseudomonadota;Alphaproteobacteria;Rhizobiales;Beijerinckiaceae;Allobosea;Allobosea sp900112185,beta-lactam,bla*,chromosome,14.374,1.375,10.454
Ea.F.3.L.C,F01,Earl,dorm_sample,Bacteria;Pseudomonadota;Alphaproteobacteria;Rhizobiales;Beijerinckiaceae;Methylobacterium;Methylobacterium currus,beta-lactam,bla*,chromosome,2,0.375,5.333
Ea.F.3.L.C,F01,Earl,dorm_sample,Bacteria;Pseudomonadota;Alphaproteobacteria;Rhizobiales;Beijerinckiaceae;Methylobacterium;Methylobacterium isbiliense,aminoglycoside,aac(3)-I,chromosome,1,0.25,4
Ea.F.3.L.C,F01,Earl,dorm_sample,Bacteria;Pseudomonadota;Alphaproteobacteria;Rhizobiales;Hyphomicrobiaceae;Hyphomicrobium_C;Hyphomicrobium_C sp019744875,aminoglycoside,aac(3)-I,chromosome,1,1.25,0.8
Ea.F.3.L.C,F01,Earl,dorm_sample,Bacteria;Pseudomonadota;Alphaproteobacteria;Rhizobiales;Rhizobiaceae;Aminobacter;Aminobacter sp050433665,beta-lactam,bla*,chromosome,1,2,0.5
Ea.F.3.L.C,F01,Earl,dorm_sample,Bacteria;Pseudomonadota;Alphaproteobacteria;Rhizobiales;Rhizobiaceae;Shinella;Shinella sp001262505,aminoglycoside,aph(3'')*,chromosome,8,4.5,1.778
Ea.F.3.L.C,F01,Earl,dorm_sample,Bacteria;Pseudomonadota;Alphaproteobacteria;Rhizobiales;Rhizobiaceae;Shinella;Shinella sp001262505,beta-lactam,bla*,chromosome,17.773,4.5,3.95
Ea.F.3.L.C,F01,Earl,dorm_sample,Bacteria;Pseudomonadota;Alphaproteobacteria;Rhizobiales;Rhizobiaceae;Shinella;Shinella sp001262505,phenicol,cml*,chromosome,6.654,4.5,1.479
Ea.F.3.L.C,F01,Earl,dorm_sample,Bacteria;Pseudomonadota;Alphaproteobacteria;Rhizobiales;Rhizobiaceae;Shinella;Shinella sp001262505,sulfonamide,sul2,chromosome,4.845,4.5,1.077
Ea.F.3.L.C,F01,Earl,dorm_sample,Bacteria;Pseudomonadota;Alphaproteobacteria;Rhizobiales;Xanthobacteraceae;Bradyrhizobium;Bradyrhizobium lablabi_C,beta-lactam,bla*,chromosome,7.405,4.625,1.601
Ea.F.3.L.C,F01,Earl,dorm_sample,Bacteria;Pseudomonadota;Alphaproteobacteria;Sphingomonadales;Sphingomonadaceae;Blastomonas;Blastomonas ursincola,aminoglycoside,aac(3)*,chromosome,30.415,36.25,0.839
Ea.F.3.L.C,F01,Earl,dorm_sample,Bacteria;Pseudomonadota;Alphaproteobacteria;Sphingomonadales;Sphingomonadaceae;Blastomonas;Blastomonas ursincola,beta-lactam,bla*,chromosome,36.816,36.25,1.016
Ea.F.3.L.C,F01,Earl,dorm_sample,Bacteria;Pseudomonadota;Alphaproteobacteria;Sphingomonadales;Sphingomonadaceae;Sphingobium;Sphingobium yanoikuyae_A,beta-lactam,bla*,chromosome,2,0.75,2.667
Ea.F.3.L.C,F01,Earl,dorm_sample,Bacteria;Pseudomonadota;Alphaproteobacteria;Sphingomonadales;Sphingomonadaceae;Sphingobium;Sphingobium yanoikuyae_A,defensin,mprF,chromosome,1,0.75,1.333
Ea.F.3.L.C,F01,Earl,dorm_sample,Bacteria;Pseudomonadota;Alphaproteobacteria;Sphingomonadales;Sphingomonadaceae;Sphingobium_A;Sphingobium_A colocasiae,aminoglycoside,aac(6')*,chromosome,0.986,9.125,0.108
Ea.F.3.L.C,F01,Earl,dorm_sample,Bacteria;Pseudomonadota;Alphaproteobacteria;Sphingomonadales;Sphingomonadaceae;Sphingobium_A;Sphingobium_A colocasiae,beta-lactam,bla*,chromosome,5.51,9.125,0.604
Ea.F.3.L.C,F01,Earl,dorm_sample,Bacteria;Pseudomonadota;Alphaproteobacteria;Sphingomonadales;Sphingomonadaceae;Sphingobium_A;Sphingobium_A colocasiae,defensin,mprF,chromosome,1,9.125,0.11
Ea.F.3.L.C,F01,Earl,dorm_sample,Bacteria;Pseudomonadota;Alphaproteobacteria;Sphingomonadales;Sphingomonadaceae;Sphingomonas;Sphingomonas corticis,beta-lactam,bla*,chromosome,1.596,1,1.596
Ea.F.3.L.C,F01,Earl,dorm_sample,Bacteria;Pseudomonadota;Alphaproteobacteria;Sphingomonadales;Sphingomonadaceae;Sphingomonas;Sphingomonas hankookensis_A,beta-lactam,bla*,chromosome,3.225,1.25,2.58
Ea.F.3.L.C,F01,Earl,dorm_sample,Bacteria;Pseudomonadota;Alphaproteobacteria;Sphingomonadales;Sphingomonadaceae;Sphingomonas;Sphingomonas koreensis,aminoglycoside,aac(6')*,chromosome,8,14.5,0.552
Ea.F.3.L.C,F01,Earl,dorm_sample,Bacteria;Pseudomonadota;Alphaproteobacteria;Sphingomonadales;Sphingomonadaceae;Sphingomonas;Sphingomonas koreensis,beta-lactam,bla*,chromosome,51.168,14.5,3.529
Ea.F.3.L.C,F01,Earl,dorm_sample,Bacteria;Pseudomonadota;Alphaproteobacteria;Sphingomonadales;Sphingomonadaceae;Sphingomonas;Sphingomonas koreensis,phenicol,catB,chromosome,15.862,14.5,1.094
Ea.F.3.L.C,F01,Earl,dorm_sample,Bacteria;Pseudomonadota;Alphaproteobacteria;Sphingomonadales;Sphingomonadaceae;Sphingomonas;Sphingomonas koreensis,rifamycin,arr,chromosome,10,14.5,0.69
Ea.F.3.L.C,F01,Earl,dorm_sample,Bacteria;Pseudomonadota;Alphaproteobacteria;Sphingomonadales;Sphingomonadaceae;Sphingomonas;Sphingomonas sp001555965,beta-lactam,bla*,chromosome,1.993,0.625,3.189
Ea.F.3.L.C,F01,Earl,dorm_sample,Bacteria;Pseudomonadota;Alphaproteobacteria;Sphingomonadales;Sphingomonadaceae;Sphingopyxis;Sphingopyxis fribergensis,rifamycin,arr,chromosome,1.942,0.75,2.59
Ea.F.3.L.C,F01,Earl,dorm_sample,Bacteria;Pseudomonadota;Alphaproteobacteria;Sphingomonadales;Sphingomonadaceae;Sphingopyxis;Sphingopyxis soli,beta-lactam,bla*,chromosome,27.44,4.125,6.652
Ea.F.3.L.C,F01,Earl,dorm_sample,Bacteria;Pseudomonadota;Alphaproteobacteria;Sphingomonadales;Sphingomonadaceae;Sphingopyxis;Sphingopyxis soli,defensin,mprF,chromosome,20.245,4.125,4.908
Ea.F.3.L.C,F01,Earl,dorm_sample,Bacteria;Pseudomonadota;Alphaproteobacteria;Sphingomonadales;Sphingomonadaceae;Sphingopyxis;Sphingopyxis sp001468395,beta-lactam,bla*,chromosome,92.652,91.375,1.014
Ea.F.3.L.C,F01,Earl,dorm_sample,Bacteria;Pseudomonadota;Alphaproteobacteria;Sphingomonadales;Sphingomonadaceae;Sphingopyxis;Sphingopyxis sp001468395,defensin,mprF,chromosome,74.968,91.375,0.82
Ea.F.3.L.C,F01,Earl,dorm_sample,Bacteria;Pseudomonadota;Alphaproteobacteria;Sphingomonadales;Sphingomonadaceae;Sphingopyxis;Sphingopyxis sp014873485,beta-lactam,bla*,chromosome,178.526,90,1.984
Ea.F.3.L.C,F01,Earl,dorm_sample,Bacteria;Pseudomonadota;Alphaproteobacteria;Sphingomonadales;Sphingomonadaceae;Sphingopyxis;Sphingopyxis sp014873485,phenicol,catB,chromosome,93.925,90,1.044
Ea.F.3.L.C,F01,Earl,dorm_sample,Bacteria;Pseudomonadota;Alphaproteobacteria;Sphingomonadales;Sphingomonadaceae;Sphingopyxis;Sphingopyxis sp014873485,rifamycin,arr,chromosome,74.649,90,0.829
Ea.F.3.L.C,F01,Earl,dorm_sample,Bacteria;Pseudomonadota;Alphaproteobacteria;Sphingomonadales;Sphingomonadaceae;Sphingopyxis;Sphingopyxis sp020160755,beta-lactam,bla*,chromosome,4.743,0.875,5.421
Ea.F.3.L.C,F01,Earl,dorm_sample,Bacteria;Pseudomonadota;Alphaproteobacteria;Sphingomonadales;Sphingomonadaceae;Sphingopyxis;Sphingopyxis sp020160755,rifamycin,arr,chromosome,1.958,0.875,2.238
Ea.F.3.L.C,F01,Earl,dorm_sample,Bacteria;Pseudomonadota;Alphaproteobacteria;Sphingomonadales;Sphingomonadaceae;Sphingopyxis;Sphingopyxis sp035998905,beta-lactam,bla*,chromosome,70.636,23.125,3.055
Ea.F.3.L.C,F01,Earl,dorm_sample,Bacteria;Pseudomonadota;Alphaproteobacteria;Sphingomonadales;Sphingomonadaceae;Sphingopyxis;Sphingopyxis sp035998905,phenicol,catB,chromosome,19.613,23.125,0.848
Ea.F.3.L.C,F01,Earl,dorm_sample,Bacteria;Pseudomonadota;Alphaproteobacteria;Sphingomonadales;Sphingomonadaceae;Sphingopyxis;Sphingopyxis sp035998905,rifamycin,arr,chromosome,29.259,23.125,1.265
Ea.F.3.L.C,F01,Earl,dorm_sample,Bacteria;Pseudomonadota;Alphaproteobacteria;Sphingomonadales;Sphingomonadaceae;Sphingosinicella;Sphingosinicella sp041916975,beta-lactam,bla*,chromosome,1,1.5,0.667
Ea.F.3.L.C,F01,Earl,dorm_sample,Bacteria;Pseudomonadota;Gammaproteobacteria;Burkholderiales;Burkholderiaceae_C;Aquabacterium;Aquabacterium sp049322875,multidrug,macB,chromosome,6.959,8.125,0.856
Ea.F.3.L.C,F01,Earl,dorm_sample,Bacteria;Pseudomonadota;Gammaproteobacteria;Burkholderiales;Burkholderiaceae_C;Comamonas;Comamonas tsuruhatensis,beta-lactam,bla*,chromosome,9,1.25,7.2
Ea.F.3.L.C,F01,Earl,dorm_sample,Bacteria;Pseudomonadota;Gammaproteobacteria;Burkholderiales;Burkholderiaceae_C;Comamonas;Comamonas tsuruhatensis,multidrug,macB,chromosome,2,1.25,1.6
Ea.F.3.L.C,F01,Earl,dorm_sample,Bacteria;Pseudomonadota;Gammaproteobacteria;Burkholderiales;Burkholderiaceae_C;MR-S7;MR-S7 sp000400995,multidrug,macB,chromosome,1,0.625,1.6
Ea.F.3.L.C,F01,Earl,dorm_sample,Bacteria;Pseudomonadota;Gammaproteobacteria;Burkholderiales;Burkholderiaceae_C;Pseudorhodoferax;Pseudorhodoferax sp001422365,defensin,mprF,chromosome,0.149,0.625,0.238
Ea.F.3.L.C,F01,Earl,dorm_sample,Bacteria;Pseudomonadota;Gammaproteobacteria;Burkholderiales;Burkholderiaceae_C;Pseudorhodoferax;Pseudorhodoferax sp001422365,multidrug,macB,chromosome,2,0.625,3.2
Ea.F.3.L.C,F01,Earl,dorm_sample,Bacteria;Pseudomonadota;Gammaproteobacteria;Burkholderiales;Burkholderiaceae_C;Pseudorhodoferax;Pseudorhodoferax sp032153935,defensin,mprF,chromosome,1.116,2,0.558
Ea.F.3.L.C,F01,Earl,dorm_sample,Bacteria;Pseudomonadota;Gammaproteobacteria;Pseudomonadales;Moraxellaceae;Acinetobacter;Acinetobacter parvus,multidrug,macA,chromosome,3.097,0.75,4.129
Ea.F.3.L.C,F01,Earl,dorm_sample,Bacteria;Pseudomonadota;Gammaproteobacteria;Pseudomonadales;Moraxellaceae;Acinetobacter;Acinetobacter parvus,multidrug,macB,chromosome,4.125,0.75,5.5
Ea.F.3.L.C,F01,Earl,dorm_sample,Bacteria;Pseudomonadota;Gammaproteobacteria;Xanthomonadales;Xanthomonadaceae;Lysobacter;Lysobacter capsici,defensin,mprF,chromosome,2,0.375,5.333
Ea.F.3.L.C,F01,Earl,dorm_sample,Bacteria;Pseudomonadota;Gammaproteobacteria;Xanthomonadales;Xanthomonadaceae;Pseudoxanthomonas_A;Pseudoxanthomonas_A japonensis,aminoglycoside,aac(6')*,chromosome,6.638,10.25,0.648
Ea.F.3.L.C,F01,Earl,dorm_sample,Bacteria;Pseudomonadota;Gammaproteobacteria;Xanthomonadales;Xanthomonadaceae;Pseudoxanthomonas_A;Pseudoxanthomonas_A japonensis,beta-lactam,blaPJM,chromosome,12.458,10.25,1.215
Ea.F.3.L.C,F01,Earl,dorm_sample,Bacteria;Pseudomonadota;Gammaproteobacteria;Xanthomonadales;Xanthomonadaceae;Pseudoxanthomonas_A;Pseudoxanthomonas_A japonensis,fosfomycin,fosX,chromosome,22.94,10.25,2.238
Ea.F.3.L.C,F01,Earl,dorm_sample,Bacteria;Pseudomonadota;Gammaproteobacteria;Xanthomonadales;Xanthomonadaceae;Pseudoxanthomonas_A;Pseudoxanthomonas_A sp014851805,fosfomycin,fosX,chromosome,5.821,1.75,3.326
Ea.F.3.L.C,F01,Earl,dorm_sample,Bacteria;Pseudomonadota;Gammaproteobacteria;Xanthomonadales;Xanthomonadaceae;Pseudoxanthomonas_A;Pseudoxanthomonas_A sp047600885,beta-lactam,bla*,chromosome,9,13.5,0.667
Ea.F.3.L.C,F01,Earl,dorm_sample,Bacteria;Pseudomonadota;Gammaproteobacteria;Xanthomonadales;Xanthomonadaceae;Stenotrophomonas;Stenotrophomonas maltophilia_A,aminoglycoside,aph(3')-II,chromosome,1,0.25,4
Ea.F.3.L.C,F01,Earl,dorm_sample,Bacteria;Pseudomonadota;Gammaproteobacteria;Xanthomonadales;Xanthomonadaceae;Stenotrophomonas;Stenotrophomonas maltophilia_A,beta-lactam,blaL2,chromosome,1,0.25,4
Ea.F.3.L.C,F01,Earl,dorm_sample,Bacteria;Pseudomonadota;Gammaproteobacteria;Xanthomonadales;Xanthomonadaceae;Stenotrophomonas;Stenotrophomonas maltophilia_A,multidrug,smeI,chromosome,1.942,0.25,7.768
Ea.F.3.L.C,F01,Earl,dorm_sample,Bacteria;Pseudomonadota;Gammaproteobacteria;Xanthomonadales;Xanthomonadaceae;Stenotrophomonas;Stenotrophomonas maltophilia_A,multidrug,smeJ,chromosome,1.98,0.25,7.918
Ea.F.3.L.C,F01,Earl,dorm_sample,Bacteria;Pseudomonadota;Gammaproteobacteria;Xanthomonadales;Xanthomonadaceae;Stenotrophomonas;Stenotrophomonas maltophilia_A,multidrug,smeY,chromosome,1,0.25,4
Ea.F.3.L.C,F01,Earl,dorm_sample,Bacteria;Pseudomonadota;Gammaproteobacteria;Xanthomonadales;Xanthomonadaceae;Stenotrophomonas;Stenotrophomonas maltophilia_A,quinolone,qnr*,chromosome,1.611,0.25,6.444
Ea.F.3.L.C,F01,Earl,dorm_sample,unclassified,aminoglycoside,aac(3)*,chromosome,0.996,0,0
Ea.F.3.L.C,F01,Earl,dorm_sample,unclassified,aminoglycoside,aac(3)*,plasmid,3,0,0
Ea.F.3.L.C,F01,Earl,dorm_sample,unclassified,aminoglycoside,aph(3'')-I,plasmid,0.939,0,0
Ea.F.3.L.C,F01,Earl,dorm_sample,unclassified,aminoglycoside,aph(6)-I,plasmid,1,0,0
Ea.F.3.L.C,F01,Earl,dorm_sample,unclassified,beta-lactam,bla*,chromosome,18.402,0,0
Ea.F.3.L.C,F01,Earl,dorm_sample,unclassified,beta-lactam,blaALG11,chromosome,0.99,0,0
Ea.F.3.L.C,F01,Earl,dorm_sample,unclassified,beta-lactam,blaCPS,chromosome,1,0,0
Ea.F.3.L.C,F01,Earl,dorm_sample,unclassified,beta-lactam,blaSGM,chromosome,1,0,0
Ea.F.3.L.C,F01,Earl,dorm_sample,unclassified,colistin,mcr-5,chromosome,1,0,0
Ea.F.3.L.C,F01,Earl,dorm_sample,unclassified,defensin,mprF,chromosome,40.609,0,0
Ea.F.3.L.C,F01,Earl,dorm_sample,unclassified,multidrug,emrE,chromosome,1,0,0
Ea.F.3.L.C,F01,Earl,dorm_sample,unclassified,multidrug,macB,chromosome,1,0,0
Ea.F.3.L.C,F01,Earl,dorm_sample,unclassified,multidrug,mdtI,chromosome,1,0,0
Ea.F.3.L.C,F01,Earl,dorm_sample,unclassified,phenicol,cml*,chromosome,17.229,0,0
Ea.F.3.L.C,F01,Earl,dorm_sample,unclassified,rifamycin,arr,chromosome,36.244,0,0
Ea.F.3.L.C,F01,Earl,dorm_sample,unclassified,rifamycin,helR,chromosome,7.363,0,0
Ea.F.3.L.C,F01,Earl,dorm_sample,unclassified,sulfonamide,sul1,chromosome,13.159,0,0
Ea.F.3.L.C,F01,Earl,dorm_sample,unclassified,sulfonamide,sul2,chromosome,3,0,0
Ea.F.3.L.C,F01,Earl,dorm_sample,unclassified,tetracycline,tet(X),chromosome,2,0,0
Ea.F.3.H.B,F02,Earl,dorm_sample,Bacteria;Acidobacteriota;Blastocatellia;Pyrinomonadales;Pyrinomonadaceae;JAJQRF01;JAJQRF01 sp021228405,beta-lactam,blaCAM,chromosome,124.39,78.375,1.587
Ea.F.3.H.B,F02,Earl,dorm_sample,Bacteria;Actinomycetota;Actinomycetes;Actinomycetales;Microbacteriaceae;Agromyces;Agromyces mediolanus_A,macrolide-lincosamide-streptogramin,erm*,chromosome,1,0.25,4
Ea.F.3.H.B,F02,Earl,dorm_sample,Bacteria;Actinomycetota;Actinomycetes;Actinomycetales;Microbacteriaceae;Microbacterium;Microbacterium sp003248845,rifamycin,helR,chromosome,1.31,0.75,1.747
Ea.F.3.H.B,F02,Earl,dorm_sample,Bacteria;Actinomycetota;Actinomycetes;Mycobacteriales;Mycobacteriaceae;Mycobacterium;Mycobacterium fortuitum,aminoglycoside,eis,chromosome,1.448,0.25,5.792
Ea.F.3.H.B,F02,Earl,dorm_sample,Bacteria;Actinomycetota;Actinomycetes;Mycobacteriales;Mycobacteriaceae;Mycobacterium;Mycobacterium fortuitum,rifamycin,arr,chromosome,1.993,0.25,7.973
Ea.F.3.H.B,F02,Earl,dorm_sample,Bacteria;Actinomycetota;Actinomycetes;Mycobacteriales;Mycobacteriaceae;Mycobacterium;Mycobacterium fortuitum,rifamycin,rox,chromosome,1,0.25,4
Ea.F.3.H.B,F02,Earl,dorm_sample,Bacteria;Actinomycetota;Actinomycetes;Mycobacteriales;Mycobacteriaceae;Mycobacterium;Mycobacterium fortuitum,tuberactinomycin,vph,chromosome,0.993,0.25,3.973
Ea.F.3.H.B,F02,Earl,dorm_sample,Bacteria;Actinomycetota;Actinomycetes;Mycobacteriales;Mycobacteriaceae;Mycobacterium;Mycobacterium grossiae,aminoglycoside,eis,chromosome,1,1,1
Ea.F.3.H.B,F02,Earl,dorm_sample,Bacteria;Actinomycetota;Actinomycetes;Mycobacteriales;Mycobacteriaceae;Mycobacterium;Mycobacterium grossiae,defensin,lysX,chromosome,2.509,1,2.509
Ea.F.3.H.B,F02,Earl,dorm_sample,Bacteria;Actinomycetota;Actinomycetes;Mycobacteriales;Mycobacteriaceae;Mycobacterium;Mycobacterium grossiae,multidrug,lfrA,chromosome,4,1,4
Ea.F.3.H.B,F02,Earl,dorm_sample,Bacteria;Actinomycetota;Actinomycetes;Mycobacteriales;Mycobacteriaceae;Mycobacterium;Mycobacterium grossiae,rifamycin,arr,chromosome,3,1,3
Ea.F.3.H.B,F02,Earl,dorm_sample,Bacteria;Actinomycetota;Actinomycetes;Mycobacteriales;Mycobacteriaceae;Mycobacterium;Mycobacterium phocaicum,beta-lactam,bla*,chromosome,40.846,44,0.928
Ea.F.3.H.B,F02,Earl,dorm_sample,Bacteria;Actinomycetota;Actinomycetes;Mycobacteriales;Mycobacteriaceae;Mycobacterium;Mycobacterium phocaicum,defensin,lysX,chromosome,39.039,44,0.887
Ea.F.3.H.B,F02,Earl,dorm_sample,Bacteria;Actinomycetota;Actinomycetes;Mycobacteriales;Mycobacteriaceae;Mycobacterium;Mycobacterium phocaicum,multidrug,lfrA,chromosome,30.071,44,0.683
Ea.F.3.H.B,F02,Earl,dorm_sample,Bacteria;Actinomycetota;Actinomycetes;Mycobacteriales;Mycobacteriaceae;Mycobacterium;Mycobacterium phocaicum,rifamycin,arr,chromosome,56.845,44,1.292
Ea.F.3.H.B,F02,Earl,dorm_sample,Bacteria;Actinomycetota;Actinomycetes;Mycobacteriales;Mycobacteriaceae;Mycobacterium;Mycobacterium phocaicum,tetracycline,tet(V),chromosome,46.907,44,1.066
Ea.F.3.H.B,F02,Earl,dorm_sample,Bacteria;Actinomycetota;Actinomycetes;Mycobacteriales;Mycobacteriaceae;Mycobacterium;Mycobacterium sp018326285,rifamycin,arr,chromosome,22.557,0.625,36.091
Ea.F.3.H.B,F02,Earl,dorm_sample,Bacteria;Actinomycetota;Actinomycetes;Mycobacteriales;Mycobacteriaceae;Mycobacterium;Mycobacterium sp018326285,tetracycline,tet(V),chromosome,10.96,0.625,17.536
Ea.F.3.H.B,F02,Earl,dorm_sample,Bacteria;Actinomycetota;Actinomycetes;Mycobacteriales;Nakamurellaceae;Nakamurella;Nakamurella multipartita,rifamycin,rph*,chromosome,3.435,2.5,1.374
Ea.F.3.H.B,F02,Earl,dorm_sample,Bacteria;Bacteroidota;Bacteroidia;Cytophagales;Spirosomataceae;Spirosoma;Spirosoma terrae,macrolide-lincosamide-streptogramin,estT,chromosome,3,0.25,12
Ea.F.3.H.B,F02,Earl,dorm_sample,Bacteria;Bacteroidota;Bacteroidia;Flavobacteriales;Weeksellaceae;Cloacibacterium;Cloacibacterium normanense,beta-lactam,bla*,chromosome,5.297,1.25,4.238
Ea.F.3.H.B,F02,Earl,dorm_sample,Bacteria;Bacteroidota;Bacteroidia;Flavobacteriales_D;Crocinitomicaceae;Taishania;Taishania pollutisoli,rifamycin,arr,chromosome,1,0.375,2.667
Ea.F.3.H.B,F02,Earl,dorm_sample,Bacteria;Pseudomonadota;Alphaproteobacteria;Caulobacterales;Caulobacteraceae;Brevundimonas;Brevundimonas bacteroides,beta-lactam,bla*,chromosome,2,5.875,0.34
Ea.F.3.H.B,F02,Earl,dorm_sample,Bacteria;Pseudomonadota;Alphaproteobacteria;Caulobacterales;Caulobacteraceae;Brevundimonas;Brevundimonas pondensis,beta-lactam,bla*,chromosome,1,0.5,2
Ea.F.3.H.B,F02,Earl,dorm_sample,Bacteria;Pseudomonadota;Alphaproteobacteria;Caulobacterales;Caulobacteraceae;Brevundimonas;Brevundimonas sp001295975,beta-lactam,bla*,chromosome,5.532,0.5,11.064
Ea.F.3.H.B,F02,Earl,dorm_sample,Bacteria;Pseudomonadota;Alphaproteobacteria;Caulobacterales;Caulobacteraceae;Brevundimonas;Brevundimonas sp049445955,beta-lactam,bla*,chromosome,3.993,1,3.993
Ea.F.3.H.B,F02,Earl,dorm_sample,Bacteria;Pseudomonadota;Alphaproteobacteria;Caulobacterales;Caulobacteraceae;Brevundimonas;Brevundimonas sp051858995,beta-lactam,bla*,chromosome,1,0.375,2.667
Ea.F.3.H.B,F02,Earl,dorm_sample,Bacteria;Pseudomonadota;Alphaproteobacteria;Caulobacterales;Caulobacteraceae;Brevundimonas;Brevundimonas staleyi,beta-lactam,bla*,chromosome,35.813,36.375,0.985
Ea.F.3.H.B,F02,Earl,dorm_sample,Bacteria;Pseudomonadota;Alphaproteobacteria;Caulobacterales;Caulobacteraceae;Caulobacter;Caulobacter sp039596335,aminoglycoside,aac(6')*,chromosome,3,3,1
Ea.F.3.H.B,F02,Earl,dorm_sample,Bacteria;Pseudomonadota;Alphaproteobacteria;Caulobacterales;Caulobacteraceae;Caulobacter;Caulobacter sp039596335,beta-lactam,bla*,chromosome,6,3,2
Ea.F.3.H.B,F02,Earl,dorm_sample,Bacteria;Pseudomonadota;Alphaproteobacteria;Caulobacterales;Caulobacteraceae;Phenylobacterium;Phenylobacterium sp041919955,rifamycin,arr,chromosome,9.654,5.125,1.884
Ea.F.3.H.B,F02,Earl,dorm_sample,Bacteria;Pseudomonadota;Alphaproteobacteria;Rhizobiales;Beijerinckiaceae;Allobosea;Allobosea eneae,aminoglycoside,aac(3)*,chromosome,3,3.375,0.889
Ea.F.3.H.B,F02,Earl,dorm_sample,Bacteria;Pseudomonadota;Alphaproteobacteria;Rhizobiales;Beijerinckiaceae;Allobosea;Allobosea eneae,aminoglycoside,aac(3)-III,chromosome,1,3.375,0.296
Ea.F.3.H.B,F02,Earl,dorm_sample,Bacteria;Pseudomonadota;Alphaproteobacteria;Rhizobiales;Beijerinckiaceae;Allobosea;Allobosea eneae,beta-lactam,bla*,chromosome,5,3.375,1.481
Ea.F.3.H.B,F02,Earl,dorm_sample,Bacteria;Pseudomonadota;Alphaproteobacteria;Rhizobiales;Beijerinckiaceae;Allobosea;Allobosea eneae,multidrug,mdtI,chromosome,1,3.375,0.296
Ea.F.3.H.B,F02,Earl,dorm_sample,Bacteria;Pseudomonadota;Alphaproteobacteria;Rhizobiales;Beijerinckiaceae;Allobosea;Allobosea sp900112185,beta-lactam,bla*,chromosome,5.842,1.25,4.674
Ea.F.3.H.B,F02,Earl,dorm_sample,Bacteria;Pseudomonadota;Alphaproteobacteria;Rhizobiales;Beijerinckiaceae;Methylobacterium;Methylobacterium aquaticum,beta-lactam,bla*,chromosome,1,0.875,1.143
Ea.F.3.H.B,F02,Earl,dorm_sample,Bacteria;Pseudomonadota;Alphaproteobacteria;Rhizobiales;Beijerinckiaceae;Methylobacterium;Methylobacterium sp900112625,beta-lactam,bla*,chromosome,3,0.75,4
Ea.F.3.H.B,F02,Earl,dorm_sample,Bacteria;Pseudomonadota;Alphaproteobacteria;Rhizobiales;Hyphomicrobiaceae;Hyphomicrobium_C;Hyphomicrobium_C sp019744875,aminoglycoside,aac(3)-I,chromosome,1,0.25,4
Ea.F.3.H.B,F02,Earl,dorm_sample,Bacteria;Pseudomonadota;Alphaproteobacteria;Rhizobiales;Rhizobiaceae;Ensifer;Ensifer sp000799055,aminoglycoside,aac(6')*,chromosome,1,0.875,1.143
Ea.F.3.H.B,F02,Earl,dorm_sample,Bacteria;Pseudomonadota;Alphaproteobacteria;Rhizobiales;Rhizobiaceae;Ensifer;Ensifer sp000799055,multidrug,macB,chromosome,1.201,0.875,1.372
Ea.F.3.H.B,F02,Earl,dorm_sample,Bacteria;Pseudomonadota;Alphaproteobacteria;Rhizobiales;Xanthobacteraceae;Bradyrhizobium;Bradyrhizobium sp016462955,multidrug,macB,chromosome,11.61,0.5,23.221
Ea.F.3.H.B,F02,Earl,dorm_sample,Bacteria;Pseudomonadota;Alphaproteobacteria;Rhizobiales;Xanthobacteraceae;Bradyrhizobium;Bradyrhizobium sp035575945,beta-lactam,bla*,chromosome,6.404,1.125,5.692
Ea.F.3.H.B,F02,Earl,dorm_sample,Bacteria;Pseudomonadota;Alphaproteobacteria;Sphingomonadales;Sphingomonadaceae;Blastomonas;Blastomonas ursincola,aminoglycoside,aac(3)*,chromosome,24.823,25.875,0.959
Ea.F.3.H.B,F02,Earl,dorm_sample,Bacteria;Pseudomonadota;Alphaproteobacteria;Sphingomonadales;Sphingomonadaceae;Blastomonas;Blastomonas ursincola,beta-lactam,bla*,chromosome,33.152,25.875,1.281
Ea.F.3.H.B,F02,Earl,dorm_sample,Bacteria;Pseudomonadota;Alphaproteobacteria;Sphingomonadales;Sphingomonadaceae;Erythrobacter;Erythrobacter oryzae,aminoglycoside,aac(6')*,chromosome,4,1.625,2.462
Ea.F.3.H.B,F02,Earl,dorm_sample,Bacteria;Pseudomonadota;Alphaproteobacteria;Sphingomonadales;Sphingomonadaceae;Erythrobacter;Erythrobacter oryzae,beta-lactam,bla*,chromosome,1,1.625,0.615
Ea.F.3.H.B,F02,Earl,dorm_sample,Bacteria;Pseudomonadota;Alphaproteobacteria;Sphingomonadales;Sphingomonadaceae;Sphingobium;Sphingobium yanoikuyae_A,beta-lactam,blaSGM,chromosome,1,1,1
Ea.F.3.H.B,F02,Earl,dorm_sample,Bacteria;Pseudomonadota;Alphaproteobacteria;Sphingomonadales;Sphingomonadaceae;Sphingomonas;Sphingomonas koreensis,beta-lactam,bla*,chromosome,2,0.75,2.667
Ea.F.3.H.B,F02,Earl,dorm_sample,Bacteria;Pseudomonadota;Alphaproteobacteria;Sphingomonadales;Sphingomonadaceae;Sphingomonas;Sphingomonas koreensis,phenicol,catB,chromosome,2.99,0.75,3.987
Ea.F.3.H.B,F02,Earl,dorm_sample,Bacteria;Pseudomonadota;Alphaproteobacteria;Sphingomonadales;Sphingomonadaceae;Sphingomonas;Sphingomonas sp012650175,aminoglycoside,aph(3')*,chromosome,1,0.5,2
Ea.F.3.H.B,F02,Earl,dorm_sample,Bacteria;Pseudomonadota;Alphaproteobacteria;Sphingomonadales;Sphingomonadaceae;Sphingomonas;Sphingomonas sp012650175,beta-lactam,bla*,chromosome,1,0.5,2
Ea.F.3.H.B,F02,Earl,dorm_sample,Bacteria;Pseudomonadota;Alphaproteobacteria;Sphingomonadales;Sphingomonadaceae;Sphingomonas;Sphingomonas sp900109205,aminoglycoside,aac(3)-I,chromosome,1,0.375,2.667
Ea.F.3.H.B,F02,Earl,dorm_sample,Bacteria;Pseudomonadota;Alphaproteobacteria;Sphingomonadales;Sphingomonadaceae;Sphingomonas;Sphingomonas sp964407945,beta-lactam,bla*,chromosome,1.997,0.375,5.324
Ea.F.3.H.B,F02,Earl,dorm_sample,Bacteria;Pseudomonadota;Alphaproteobacteria;Sphingomonadales;Sphingomonadaceae;Sphingopyxis;Sphingopyxis fribergensis,beta-lactam,bla*,chromosome,11.094,1.125,9.862
Ea.F.3.H.B,F02,Earl,dorm_sample,Bacteria;Pseudomonadota;Alphaproteobacteria;Sphingomonadales;Sphingomonadaceae;Sphingopyxis;Sphingopyxis soli,beta-lactam,bla*,chromosome,27.772,3.125,8.887
Ea.F.3.H.B,F02,Earl,dorm_sample,Bacteria;Pseudomonadota;Alphaproteobacteria;Sphingomonadales;Sphingomonadaceae;Sphingopyxis;Sphingopyxis soli,defensin,mprF,chromosome,17.147,3.125,5.487
Ea.F.3.H.B,F02,Earl,dorm_sample,Bacteria;Pseudomonadota;Alphaproteobacteria;Sphingomonadales;Sphingomonadaceae;Sphingopyxis;Sphingopyxis sp001468395,beta-lactam,bla*,chromosome,72.663,79.75,0.911
Ea.F.3.H.B,F02,Earl,dorm_sample,Bacteria;Pseudomonadota;Alphaproteobacteria;Sphingomonadales;Sphingomonadaceae;Sphingopyxis;Sphingopyxis sp001468395,defensin,mprF,chromosome,66.081,79.75,0.829
Ea.F.3.H.B,F02,Earl,dorm_sample,Bacteria;Pseudomonadota;Alphaproteobacteria;Sphingomonadales;Sphingomonadaceae;Sphingopyxis;Sphingopyxis sp014873485,beta-lactam,bla*,chromosome,16.447,17.625,0.933
Ea.F.3.H.B,F02,Earl,dorm_sample,Bacteria;Pseudomonadota;Alphaproteobacteria;Sphingomonadales;Sphingomonadaceae;Sphingopyxis;Sphingopyxis sp014873485,phenicol,catB,chromosome,5,17.625,0.284
Ea.F.3.H.B,F02,Earl,dorm_sample,Bacteria;Pseudomonadota;Gammaproteobacteria;Burkholderiales;Burkholderiaceae_C;Acidovorax;Acidovorax sp046339755,multidrug,macB,chromosome,1,1.375,0.727
Ea.F.3.H.B,F02,Earl,dorm_sample,Bacteria;Pseudomonadota;Gammaproteobacteria;Burkholderiales;Burkholderiaceae_C;Acidovorax;Acidovorax temperans,beta-lactam,bla*,chromosome,1,2.25,0.444
Ea.F.3.H.B,F02,Earl,dorm_sample,Bacteria;Pseudomonadota;Gammaproteobacteria;Burkholderiales;Burkholderiaceae_C;Acidovorax;Acidovorax temperans,fosfomycin,fosX,chromosome,1,2.25,0.444
Ea.F.3.H.B,F02,Earl,dorm_sample,Bacteria;Pseudomonadota;Gammaproteobacteria;Burkholderiales;Burkholderiaceae_C;Aquabacterium;Aquabacterium sp001770725,multidrug,macB,chromosome,10.643,8.375,1.271
Ea.F.3.H.B,F02,Earl,dorm_sample,Bacteria;Pseudomonadota;Gammaproteobacteria;Burkholderiales;Burkholderiaceae_C;Aquabacterium;Aquabacterium sp029268225,multidrug,macB,chromosome,5.545,8.25,0.672
Ea.F.3.H.B,F02,Earl,dorm_sample,Bacteria;Pseudomonadota;Gammaproteobacteria;Burkholderiales;Burkholderiaceae_C;Aquabacterium;Aquabacterium sp049322875,multidrug,macB,chromosome,1,0.5,2
Ea.F.3.H.B,F02,Earl,dorm_sample,Bacteria;Pseudomonadota;Gammaproteobacteria;Burkholderiales;Burkholderiaceae_C;Aquincola;Aquincola tertiaricarbonis_B,beta-lactam,bla*,chromosome,5,3.5,1.429
Ea.F.3.H.B,F02,Earl,dorm_sample,Bacteria;Pseudomonadota;Gammaproteobacteria;Burkholderiales;Burkholderiaceae_C;MR-S7;MR-S7 sp000400995,beta-lactam,bla*,chromosome,11.051,7.625,1.449
Ea.F.3.H.B,F02,Earl,dorm_sample,Bacteria;Pseudomonadota;Gammaproteobacteria;Burkholderiales;Burkholderiaceae_C;MR-S7;MR-S7 sp000400995,multidrug,macB,chromosome,8.934,7.625,1.172
Ea.F.3.H.B,F02,Earl,dorm_sample,Bacteria;Pseudomonadota;Gammaproteobacteria;Burkholderiales;Burkholderiaceae_C;Pseudorhodoferax;Pseudorhodoferax sp049840715,multidrug,macB,chromosome,7.941,3.75,2.118
Ea.F.3.H.B,F02,Earl,dorm_sample,Bacteria;Pseudomonadota;Gammaproteobacteria;Burkholderiales;Rhodocyclaceae;Azonexus;Azonexus fungiphilus,beta-lactam,bla*,chromosome,3.41,2,1.705
Ea.F.3.H.B,F02,Earl,dorm_sample,Bacteria;Pseudomonadota;Gammaproteobacteria;Burkholderiales;Rhodocyclaceae;Azonexus;Azonexus fungiphilus,multidrug,macB,chromosome,1,2,0.5
Ea.F.3.H.B,F02,Earl,dorm_sample,Bacteria;Pseudomonadota;Gammaproteobacteria;Burkholderiales;Rhodocyclaceae;Zoogloea;Zoogloea dura,multidrug,macB,chromosome,1,0.25,4
Ea.F.3.H.B,F02,Earl,dorm_sample,Bacteria;Pseudomonadota;Gammaproteobacteria;Pseudomonadales;Moraxellaceae;Acinetobacter;Acinetobacter johnsonii,beta-lactam,blaOXA,chromosome,1,0.875,1.143
Ea.F.3.H.B,F02,Earl,dorm_sample,Bacteria;Pseudomonadota;Gammaproteobacteria;Pseudomonadales;Moraxellaceae;Acinetobacter;Acinetobacter junii,beta-lactam,bla*,chromosome,3.575,8,0.447
Ea.F.3.H.B,F02,Earl,dorm_sample,Bacteria;Pseudomonadota;Gammaproteobacteria;Pseudomonadales;Moraxellaceae;Acinetobacter;Acinetobacter junii,multidrug,adeJ,chromosome,3.983,8,0.498
Ea.F.3.H.B,F02,Earl,dorm_sample,Bacteria;Pseudomonadota;Gammaproteobacteria;Pseudomonadales;Moraxellaceae;Acinetobacter;Acinetobacter junii,multidrug,adeK,chromosome,3.541,8,0.443
Ea.F.3.H.B,F02,Earl,dorm_sample,Bacteria;Pseudomonadota;Gammaproteobacteria;Pseudomonadales;Moraxellaceae;Acinetobacter;Acinetobacter junii,multidrug,craA,chromosome,4.981,8,0.623
Ea.F.3.H.B,F02,Earl,dorm_sample,Bacteria;Pseudomonadota;Gammaproteobacteria;Pseudomonadales;Moraxellaceae;Acinetobacter;Acinetobacter junii,multidrug,macA,chromosome,4.905,8,0.613
Ea.F.3.H.B,F02,Earl,dorm_sample,Bacteria;Pseudomonadota;Gammaproteobacteria;Pseudomonadales;Moraxellaceae;Acinetobacter;Acinetobacter junii,multidrug,macB,chromosome,2.931,8,0.366
Ea.F.3.H.B,F02,Earl,dorm_sample,Bacteria;Pseudomonadota;Gammaproteobacteria;Pseudomonadales;Moraxellaceae;Acinetobacter;Acinetobacter junii,phenicol,cxpE,chromosome,5.892,8,0.736
Ea.F.3.H.B,F02,Earl,dorm_sample,Bacteria;Pseudomonadota;Gammaproteobacteria;Pseudomonadales;Pseudomonadaceae;Aquipseudomonas;Aquipseudomonas alcaligenes,beta-lactam,bla*,chromosome,7.16,6.75,1.061
Ea.F.3.H.B,F02,Earl,dorm_sample,Bacteria;Pseudomonadota;Gammaproteobacteria;Pseudomonadales;Pseudomonadaceae;Aquipseudomonas;Aquipseudomonas alcaligenes,multidrug,mexE,chromosome,4.368,6.75,0.647
Ea.F.3.H.B,F02,Earl,dorm_sample,Bacteria;Pseudomonadota;Gammaproteobacteria;Steroidobacterales;Steroidobacteraceae;Steroidobacter;Steroidobacter flavus,defensin,mprF,chromosome,1,0.75,1.333
Ea.F.3.H.B,F02,Earl,dorm_sample,Bacteria;Pseudomonadota;Gammaproteobacteria;Steroidobacterales;Steroidobacteraceae;Steroidobacter;Steroidobacter sp036402275,multidrug,macB,chromosome,3.358,0.375,8.954
Ea.F.3.H.B,F02,Earl,dorm_sample,Bacteria;Pseudomonadota;Gammaproteobacteria;Xanthomonadales;Xanthomonadaceae;Pseudoxanthomonas_A;Pseudoxanthomonas_A beigongshangi,aminoglycoside,aac(6')*,chromosome,3,1.5,2
Ea.F.3.H.B,F02,Earl,dorm_sample,Bacteria;Pseudomonadota;Gammaproteobacteria;Xanthomonadales;Xanthomonadaceae;Pseudoxanthomonas_A;Pseudoxanthomonas_A beigongshangi,beta-lactam,bla*,chromosome,4.16,1.5,2.774
Ea.F.3.H.B,F02,Earl,dorm_sample,Bacteria;Pseudomonadota;Gammaproteobacteria;Xanthomonadales;Xanthomonadaceae;Pseudoxanthomonas_A;Pseudoxanthomonas_A beigongshangi,multidrug,smeD,chromosome,3.883,1.5,2.589
Ea.F.3.H.B,F02,Earl,dorm_sample,Bacteria;Pseudomonadota;Gammaproteobacteria;Xanthomonadales;Xanthomonadaceae;Pseudoxanthomonas_A;Pseudoxanthomonas_A beigongshangi,multidrug,smeE,chromosome,4.167,1.5,2.778
Ea.F.3.H.B,F02,Earl,dorm_sample,Bacteria;Pseudomonadota;Gammaproteobacteria;Xanthomonadales;Xanthomonadaceae;Pseudoxanthomonas_A;Pseudoxanthomonas_A mexicana,aminoglycoside,aac(3)-I,chromosome,48.277,31.5,1.533
Ea.F.3.H.B,F02,Earl,dorm_sample,Bacteria;Pseudomonadota;Gammaproteobacteria;Xanthomonadales;Xanthomonadaceae;Pseudoxanthomonas_A;Pseudoxanthomonas_A mexicana,aminoglycoside,aac(6')*,chromosome,17.295,31.5,0.549
Ea.F.3.H.B,F02,Earl,dorm_sample,Bacteria;Pseudomonadota;Gammaproteobacteria;Xanthomonadales;Xanthomonadaceae;Pseudoxanthomonas_A;Pseudoxanthomonas_A mexicana,beta-lactam,bla*,chromosome,44.323,31.5,1.407
Ea.F.3.H.B,F02,Earl,dorm_sample,Bacteria;Pseudomonadota;Gammaproteobacteria;Xanthomonadales;Xanthomonadaceae;Pseudoxanthomonas_A;Pseudoxanthomonas_A mexicana,rifamycin,arr,chromosome,22.068,31.5,0.701
Ea.F.3.H.B,F02,Earl,dorm_sample,Bacteria;Pseudomonadota;Gammaproteobacteria;Xanthomonadales;Xanthomonadaceae;Pseudoxanthomonas_A;Pseudoxanthomonas_A sp037046485,aminoglycoside,aac(6')*,chromosome,4.651,1.875,2.481
Ea.F.3.H.B,F02,Earl,dorm_sample,Bacteria;Pseudomonadota;Gammaproteobacteria;Xanthomonadales;Xanthomonadaceae;Pseudoxanthomonas_A;Pseudoxanthomonas_A sp037046485,rifamycin,arr,chromosome,3.414,1.875,1.821
Ea.F.3.H.B,F02,Earl,dorm_sample,Bacteria;Pseudomonadota;Gammaproteobacteria;Xanthomonadales;Xanthomonadaceae;Stenotrophomonas;Stenotrophomonas oahuensis,multidrug,smeD,chromosome,1,0.25,4
Ea.F.3.H.B,F02,Earl,dorm_sample,unclassified,aminoglycoside,aac(3)*,chromosome,0.989,0,0
Ea.F.3.H.B,F02,Earl,dorm_sample,unclassified,aminoglycoside,aac(3)-I,chromosome,1,0,0
Ea.F.3.H.B,F02,Earl,dorm_sample,unclassified,aminoglycoside,aac(3)-II,plasmid,2,0,0
Ea.F.3.H.B,F02,Earl,dorm_sample,unclassified,aminoglycoside,aac(3)-III,chromosome,1.191,0,0
Ea.F.3.H.B,F02,Earl,dorm_sample,unclassified,aminoglycoside,ant(3'')-I,chromosome,14.083,0,0
Ea.F.3.H.B,F02,Earl,dorm_sample,unclassified,aminoglycoside,ant(3'')-I,plasmid,0.992,0,0
Ea.F.3.H.B,F02,Earl,dorm_sample,unclassified,aminoglycoside,aph(3')*,chromosome,3,0,0
Ea.F.3.H.B,F02,Earl,dorm_sample,unclassified,aminoglycoside,aph(6)-I,plasmid,1,0,0
Ea.F.3.H.B,F02,Earl,dorm_sample,unclassified,beta-lactam,bla*,chromosome,24.73,0,0
Ea.F.3.H.B,F02,Earl,dorm_sample,unclassified,colistin,eptA,chromosome,1,0,0
Ea.F.3.H.B,F02,Earl,dorm_sample,unclassified,defensin,mprF,chromosome,1.503,0,0
Ea.F.3.H.B,F02,Earl,dorm_sample,unclassified,macrolide-lincosamide-streptogramin,ere(D),chromosome,4.87,0,0
Ea.F.3.H.B,F02,Earl,dorm_sample,unclassified,macrolide-lincosamide-streptogramin,erm(55),plasmid,1,0,0
Ea.F.3.H.B,F02,Earl,dorm_sample,unclassified,macrolide-lincosamide-streptogramin,lnu(H),chromosome,4,0,0
Ea.F.3.H.B,F02,Earl,dorm_sample,unclassified,multidrug,macB,chromosome,4.997,0,0
Ea.F.3.H.B,F02,Earl,dorm_sample,unclassified,multidrug,mdtI,chromosome,3,0,0
Ea.F.3.H.B,F02,Earl,dorm_sample,unclassified,multidrug,mexE,chromosome,2.993,0,0
Ea.F.3.H.B,F02,Earl,dorm_sample,unclassified,multidrug,smeD,chromosome,0.492,0,0
Ea.F.3.H.B,F02,Earl,dorm_sample,unclassified,multidrug,smeE,chromosome,1,0,0
Ea.F.3.H.B,F02,Earl,dorm_sample,unclassified,multidrug,smeX,chromosome,1,0,0
Ea.F.3.H.B,F02,Earl,dorm_sample,unclassified,phenicol,cml*,chromosome,2.045,0,0
Ea.F.3.H.B,F02,Earl,dorm_sample,unclassified,phenicol,cml*,plasmid,0.136,0,0
Ea.F.3.H.B,F02,Earl,dorm_sample,unclassified,rifamycin,arr,chromosome,41.499,0,0
Ea.F.3.H.B,F02,Earl,dorm_sample,unclassified,rifamycin,arr,plasmid,1,0,0
Ea.F.3.H.B,F02,Earl,dorm_sample,unclassified,rifamycin,helR,chromosome,6.237,0,0
Ea.F.3.H.B,F02,Earl,dorm_sample,unclassified,sulfonamide,sul1,chromosome,3,0,0
Ea.F.3.H.B,F02,Earl,dorm_sample,unclassified,sulfonamide,sul1,plasmid,2.637,0,0
Ea.F.3.H.B,F02,Earl,dorm_sample,unclassified,sulfonamide,sul4,chromosome,8.249,0,0
Ea.F.3.H.B,F02,Earl,dorm_sample,unclassified,tetracycline,tet(30),chromosome,0.998,0,0
Ea.F.3.H.B,F02,Earl,dorm_sample,unclassified,tetracycline,tet(C),chromosome,1,0,0
Ea.F.3.H.B,F02,Earl,dorm_sample,unclassified,tetracycline,tet(C),plasmid,1,0,0
Te.F.3.L.B,F03,Teal,dorm_sample,Bacteria;Actinomycetota;Actinomycetes;Mycobacteriales;Mycobacteriaceae;Mycobacterium;Mycobacterium phocaicum,beta-lactam,bla*,chromosome,4,4.125,0.97
Te.F.3.L.B,F03,Teal,dorm_sample,Bacteria;Actinomycetota;Actinomycetes;Mycobacteriales;Mycobacteriaceae;Mycobacterium;Mycobacterium phocaicum,defensin,lysX,chromosome,6.137,4.125,1.488
Te.F.3.L.B,F03,Teal,dorm_sample,Bacteria;Actinomycetota;Actinomycetes;Mycobacteriales;Mycobacteriaceae;Mycobacterium;Mycobacterium phocaicum,multidrug,lfrA,chromosome,5.678,4.125,1.376
Te.F.3.L.B,F03,Teal,dorm_sample,Bacteria;Actinomycetota;Actinomycetes;Mycobacteriales;Mycobacteriaceae;Mycobacterium;Mycobacterium phocaicum,rifamycin,arr,chromosome,5,4.125,1.212
Te.F.3.L.B,F03,Teal,dorm_sample,Bacteria;Actinomycetota;Actinomycetes;Mycobacteriales;Mycobacteriaceae;Mycobacterium;Mycobacterium phocaicum,tetracycline,tet(V),chromosome,3.912,4.125,0.948
Te.F.3.L.B,F03,Teal,dorm_sample,Bacteria;Actinomycetota;Actinomycetes;Mycobacteriales;Mycobacteriaceae;Mycobacterium;Mycobacterium sp018326285,rifamycin,arr,chromosome,1,0.5,2
Te.F.3.L.B,F03,Teal,dorm_sample,Bacteria;Actinomycetota;Actinomycetes;Mycobacteriales;Mycobacteriaceae;Mycobacterium;Mycobacterium sp018326285,tetracycline,tet(V),chromosome,1,0.5,2
Te.F.3.L.B,F03,Teal,dorm_sample,Bacteria;Pseudomonadota;Alphaproteobacteria;Caulobacterales;Caulobacteraceae;Brevundimonas;Brevundimonas sp041919755,beta-lactam,bla*,chromosome,1.162,2.25,0.517
Te.F.3.L.B,F03,Teal,dorm_sample,Bacteria;Pseudomonadota;Alphaproteobacteria;Caulobacterales;Caulobacteraceae;Phenylobacterium;Phenylobacterium sp041913825,beta-lactam,bla*,chromosome,0.995,0.875,1.137
Te.F.3.L.B,F03,Teal,dorm_sample,Bacteria;Pseudomonadota;Alphaproteobacteria;Rhizobiales;Beijerinckiaceae;Methylobacterium;Methylobacterium aquaticum,beta-lactam,bla*,chromosome,1,0.5,2
Te.F.3.L.B,F03,Teal,dorm_sample,Bacteria;Pseudomonadota;Alphaproteobacteria;Rhizobiales;Beijerinckiaceae;Methylobacterium;Methylobacterium currus,beta-lactam,bla*,chromosome,2.673,1.5,1.782
Te.F.3.L.B,F03,Teal,dorm_sample,Bacteria;Pseudomonadota;Alphaproteobacteria;Rhizobiales;Beijerinckiaceae;Methylobacterium;Methylobacterium isbiliense,aminoglycoside,aac(3)-I,chromosome,1,0.25,4
Te.F.3.L.B,F03,Teal,dorm_sample,Bacteria;Pseudomonadota;Alphaproteobacteria;Rhizobiales;Beijerinckiaceae;Methylobacterium;Methylobacterium radiotolerans,beta-lactam,bla*,chromosome,5,5.25,0.952
Te.F.3.L.B,F03,Teal,dorm_sample,Bacteria;Pseudomonadota;Alphaproteobacteria;Rhizobiales;Xanthobacteraceae;Bradyrhizobium;Bradyrhizobium lablabi_C,beta-lactam,bla*,chromosome,1,0.5,2
Te.F.3.L.B,F03,Teal,dorm_sample,Bacteria;Pseudomonadota;Alphaproteobacteria;Sphingomonadales;Sphingomonadaceae;Blastomonas;Blastomonas sp000503195,aminoglycoside,aac(3)*,chromosome,2,1.5,1.333
Te.F.3.L.B,F03,Teal,dorm_sample,Bacteria;Pseudomonadota;Alphaproteobacteria;Sphingomonadales;Sphingomonadaceae;Blastomonas;Blastomonas sp000503195,beta-lactam,bla*,chromosome,2,1.5,1.333
Te.F.3.L.B,F03,Teal,dorm_sample,Bacteria;Pseudomonadota;Alphaproteobacteria;Sphingomonadales;Sphingomonadaceae;Blastomonas;Blastomonas ursincola,beta-lactam,bla*,chromosome,2,0.625,3.2
Te.F.3.L.B,F03,Teal,dorm_sample,Bacteria;Pseudomonadota;Alphaproteobacteria;Sphingomonadales;Sphingomonadaceae;Erythrobacter;Erythrobacter oryzae,aminoglycoside,aac(6')*,chromosome,11,11.5,0.957
Te.F.3.L.B,F03,Teal,dorm_sample,Bacteria;Pseudomonadota;Alphaproteobacteria;Sphingomonadales;Sphingomonadaceae;Erythrobacter;Erythrobacter oryzae,beta-lactam,bla*,chromosome,13.225,11.5,1.15
Te.F.3.L.B,F03,Teal,dorm_sample,Bacteria;Pseudomonadota;Alphaproteobacteria;Sphingomonadales;Sphingomonadaceae;Erythrobacter;Erythrobacter sp046452395,aminoglycoside,aac(6')*,chromosome,4,2.375,1.684
Te.F.3.L.B,F03,Teal,dorm_sample,Bacteria;Pseudomonadota;Alphaproteobacteria;Sphingomonadales;Sphingomonadaceae;Erythrobacter;Erythrobacter sp046452395,beta-lactam,bla*,chromosome,2.215,2.375,0.933
Te.F.3.L.B,F03,Teal,dorm_sample,Bacteria;Pseudomonadota;Alphaproteobacteria;Sphingomonadales;Sphingomonadaceae;Sphingopyxis;Sphingopyxis sp001468395,beta-lactam,bla*,chromosome,10.658,7.75,1.375
Te.F.3.L.B,F03,Teal,dorm_sample,Bacteria;Pseudomonadota;Alphaproteobacteria;Sphingomonadales;Sphingomonadaceae;Sphingopyxis;Sphingopyxis sp001468395,defensin,mprF,chromosome,6.259,7.75,0.808
Te.F.3.L.B,F03,Teal,dorm_sample,Bacteria;Pseudomonadota;Alphaproteobacteria;Sphingomonadales;Sphingomonadaceae;Sphingopyxis;Sphingopyxis sp014873485,beta-lactam,bla*,chromosome,44.051,21,2.098
Te.F.3.L.B,F03,Teal,dorm_sample,Bacteria;Pseudomonadota;Alphaproteobacteria;Sphingomonadales;Sphingomonadaceae;Sphingopyxis;Sphingopyxis sp014873485,phenicol,catB,chromosome,8.429,21,0.401
Te.F.3.L.B,F03,Teal,dorm_sample,Bacteria;Pseudomonadota;Alphaproteobacteria;Sphingomonadales;Sphingomonadaceae;Sphingopyxis;Sphingopyxis sp014873485,rifamycin,arr,chromosome,20.938,21,0.997
Te.F.3.L.B,F03,Teal,dorm_sample,Bacteria;Pseudomonadota;Alphaproteobacteria;Sphingomonadales;Sphingomonadaceae;Sphingopyxis;Sphingopyxis sp035944815,beta-lactam,bla*,chromosome,7.365,2.75,2.678
Te.F.3.L.B,F03,Teal,dorm_sample,Bacteria;Pseudomonadota;Alphaproteobacteria;Sphingomonadales;Sphingomonadaceae;Sphingopyxis;Sphingopyxis sp035944815,rifamycin,arr,chromosome,3,2.75,1.091
Te.F.3.L.B,F03,Teal,dorm_sample,Bacteria;Pseudomonadota;Gammaproteobacteria;Burkholderiales;Burkholderiaceae_C;Aquincola;Aquincola tertiaricarbonis_B,beta-lactam,bla*,chromosome,4,3,1.333
Te.F.3.L.B,F03,Teal,dorm_sample,unclassified,aminoglycoside,aac(3)*,plasmid,1,0,0
Te.F.3.L.B,F03,Teal,dorm_sample,unclassified,aminoglycoside,aac(6')*,chromosome,0.939,0,0
Te.F.3.L.B,F03,Teal,dorm_sample,unclassified,beta-lactam,bla*,chromosome,8,0,0
Te.F.3.L.B,F03,Teal,dorm_sample,unclassified,beta-lactam,blaPJM,chromosome,0.98,0,0
Te.F.3.L.B,F03,Teal,dorm_sample,unclassified,multidrug,mdtN,chromosome,5.444,0,0
Te.F.3.L.B,F03,Teal,dorm_sample,unclassified,multidrug,smeJ,chromosome,0.997,0,0
Te.F.3.L.B,F03,Teal,dorm_sample,unclassified,phenicol,catB,chromosome,1,0,0
Te.F.3.L.B,F03,Teal,dorm_sample,unclassified,rifamycin,arr,chromosome,15.306,0,0
Me.F.2.L.A,F06,Memorial,dorm_sample,Bacteria;Actinomycetota;Actinomycetes;Mycobacteriales;Mycobacteriaceae;Mycobacterium;Mycobacterium phocaicum,beta-lactam,bla*,chromosome,31.352,38.75,0.809
Me.F.2.L.A,F06,Memorial,dorm_sample,Bacteria;Actinomycetota;Actinomycetes;Mycobacteriales;Mycobacteriaceae;Mycobacterium;Mycobacterium phocaicum,defensin,lysX,chromosome,34.705,38.75,0.896
Me.F.2.L.A,F06,Memorial,dorm_sample,Bacteria;Actinomycetota;Actinomycetes;Mycobacteriales;Mycobacteriaceae;Mycobacterium;Mycobacterium phocaicum,multidrug,lfrA,chromosome,41.945,38.75,1.082
Me.F.2.L.A,F06,Memorial,dorm_sample,Bacteria;Actinomycetota;Actinomycetes;Mycobacteriales;Mycobacteriaceae;Mycobacterium;Mycobacterium phocaicum,rifamycin,arr,chromosome,70.276,38.75,1.814
Me.F.2.L.A,F06,Memorial,dorm_sample,Bacteria;Actinomycetota;Actinomycetes;Mycobacteriales;Mycobacteriaceae;Mycobacterium;Mycobacterium phocaicum,tetracycline,tet(V),chromosome,47.453,38.75,1.225
Me.F.2.L.A,F06,Memorial,dorm_sample,Bacteria;Actinomycetota;Actinomycetes;Mycobacteriales;Mycobacteriaceae;Mycobacterium;Mycobacterium sp018326285,beta-lactam,bla*,chromosome,10,1.375,7.273
Me.F.2.L.A,F06,Memorial,dorm_sample,Bacteria;Actinomycetota;Actinomycetes;Mycobacteriales;Mycobacteriaceae;Mycobacterium;Mycobacterium sp018326285,defensin,lysX,chromosome,0.454,1.375,0.33
Me.F.2.L.A,F06,Memorial,dorm_sample,Bacteria;Actinomycetota;Actinomycetes;Mycobacteriales;Mycobacteriaceae;Mycobacterium;Mycobacterium sp018326285,multidrug,lfrA,chromosome,1.826,1.375,1.328
Me.F.2.L.A,F06,Memorial,dorm_sample,Bacteria;Actinomycetota;Actinomycetes;Mycobacteriales;Mycobacteriaceae;Mycobacterium;Mycobacterium sp018326285,rifamycin,arr,chromosome,19,1.375,13.818
Me.F.2.L.A,F06,Memorial,dorm_sample,Bacteria;Actinomycetota;Actinomycetes;Mycobacteriales;Mycobacteriaceae;Mycobacterium;Mycobacterium sp018326285,tetracycline,tet(V),chromosome,3,1.375,2.182
Me.F.2.L.A,F06,Memorial,dorm_sample,Bacteria;Bacteroidota;Bacteroidia;Flavobacteriales;Flavobacteriaceae;Flavobacterium;Flavobacterium lindanitolerans,aminoglycoside,ant(6)*,chromosome,7.63,10.25,0.744
Me.F.2.L.A,F06,Memorial,dorm_sample,Bacteria;Bacteroidota;Bacteroidia;Flavobacteriales;Flavobacteriaceae;Flavobacterium;Flavobacterium lindanitolerans,beta-lactam,blaCHM,chromosome,11.324,10.25,1.105
Me.F.2.L.A,F06,Memorial,dorm_sample,Bacteria;Bacteroidota;Bacteroidia;Flavobacteriales;Flavobacteriaceae;Flavobacterium;Flavobacterium lindanitolerans,colistin,eptA,chromosome,6.13,10.25,0.598
Me.F.2.L.A,F06,Memorial,dorm_sample,Bacteria;Bacteroidota;Bacteroidia;Flavobacteriales;Flavobacteriaceae;Flavobacterium;Flavobacterium lindanitolerans,rifamycin,arr,chromosome,7.336,10.25,0.716
Me.F.2.L.A,F06,Memorial,dorm_sample,Bacteria;Bacteroidota;Bacteroidia;Flavobacteriales;Weeksellaceae;Chryseobacterium;Chryseobacterium salviniae,beta-lactam,bla*,chromosome,3.325,2.125,1.565
Me.F.2.L.A,F06,Memorial,dorm_sample,Bacteria;Bacteroidota;Bacteroidia;Flavobacteriales;Weeksellaceae;Chryseobacterium;Chryseobacterium salviniae,rifamycin,arr,chromosome,4,2.125,1.882
Me.F.2.L.A,F06,Memorial,dorm_sample,Bacteria;Bacteroidota;Bacteroidia;Sphingobacteriales;Sphingobacteriaceae;Sphingobacterium;Sphingobacterium multivorum,rifamycin,arr,chromosome,1,0.25,4
Me.F.2.L.A,F06,Memorial,dorm_sample,Bacteria;Gemmatimonadota;Gemmatimonadetes;Gemmatimonadales;Gemmatimonadaceae;Gemmatimonas;Gemmatimonas sp002483225,aminoglycoside,aph(3')*,chromosome,2.989,2,1.494
Me.F.2.L.A,F06,Memorial,dorm_sample,Bacteria;Gemmatimonadota;Gemmatimonadetes;Gemmatimonadales;Gemmatimonadaceae;Gemmatimonas;Gemmatimonas sp002483225,beta-lactam,bla*,chromosome,2,2,1
Me.F.2.L.A,F06,Memorial,dorm_sample,Bacteria;Planctomycetota;Planctomycetia;Planctomycetales;Planctomycetaceae;Planctomyces_A;Planctomyces_A sp001610835,tetracycline,tet*,chromosome,1,0.875,1.143
Me.F.2.L.A,F06,Memorial,dorm_sample,Bacteria;Pseudomonadota;Alphaproteobacteria;Caulobacterales;Caulobacteraceae;Brevundimonas;Brevundimonas balnearis,beta-lactam,bla*,chromosome,1.992,2.75,0.724
Me.F.2.L.A,F06,Memorial,dorm_sample,Bacteria;Pseudomonadota;Alphaproteobacteria;Caulobacterales;Caulobacteraceae;Phenylobacterium;Phenylobacterium koreense,multidrug,macB,chromosome,1.991,3.25,0.613
Me.F.2.L.A,F06,Memorial,dorm_sample,Bacteria;Pseudomonadota;Alphaproteobacteria;Rhizobiales;Beijerinckiaceae;Allobosea;Allobosea eneae,aminoglycoside,aac(3)*,chromosome,1,1.375,0.727
Me.F.2.L.A,F06,Memorial,dorm_sample,Bacteria;Pseudomonadota;Alphaproteobacteria;Rhizobiales;Beijerinckiaceae;Allobosea;Allobosea eneae,multidrug,mdtI,chromosome,1,1.375,0.727
Me.F.2.L.A,F06,Memorial,dorm_sample,Bacteria;Pseudomonadota;Alphaproteobacteria;Rhizobiales;Beijerinckiaceae;Allobosea;Allobosea rubneri,phenicol,catB,chromosome,1,0.5,2
Me.F.2.L.A,F06,Memorial,dorm_sample,Bacteria;Pseudomonadota;Alphaproteobacteria;Rhizobiales;Beijerinckiaceae;Allobosea;Allobosea sp001429505,multidrug,mdtI,chromosome,3,1,3
Me.F.2.L.A,F06,Memorial,dorm_sample,Bacteria;Pseudomonadota;Alphaproteobacteria;Rhizobiales;Beijerinckiaceae;Allobosea;Allobosea sp050275675,beta-lactam,bla*,chromosome,0.485,0.375,1.294
Me.F.2.L.A,F06,Memorial,dorm_sample,Bacteria;Pseudomonadota;Alphaproteobacteria;Rhizobiales;Beijerinckiaceae;Methylobacterium;Methylobacterium currus,beta-lactam,bla*,chromosome,1,0.375,2.667
Me.F.2.L.A,F06,Memorial,dorm_sample,Bacteria;Pseudomonadota;Alphaproteobacteria;Rhizobiales;Beijerinckiaceae;Methylobacterium;Methylobacterium radiotolerans,beta-lactam,bla*,chromosome,4,2.25,1.778
Me.F.2.L.A,F06,Memorial,dorm_sample,Bacteria;Pseudomonadota;Alphaproteobacteria;Rhizobiales;Beijerinckiaceae;Methylobacterium;Methylobacterium radiotolerans,multidrug,mdtN,chromosome,3,2.25,1.333
Me.F.2.L.A,F06,Memorial,dorm_sample,Bacteria;Pseudomonadota;Alphaproteobacteria;Rhizobiales;Rhizobiaceae;Agrobacterium;Agrobacterium fabrum_A,beta-lactam,bla*,chromosome,2,0.25,8
Me.F.2.L.A,F06,Memorial,dorm_sample,Bacteria;Pseudomonadota;Alphaproteobacteria;Rhizobiales;Rhizobiaceae;Agrobacterium;Agrobacterium fabrum_A,multidrug,acrA,chromosome,0.973,0.25,3.891
Me.F.2.L.A,F06,Memorial,dorm_sample,Bacteria;Pseudomonadota;Alphaproteobacteria;Rhizobiales;Rhizobiaceae;Agrobacterium;Agrobacterium fabrum_A,phenicol,catB,chromosome,0.986,0.25,3.943
Me.F.2.L.A,F06,Memorial,dorm_sample,Bacteria;Pseudomonadota;Alphaproteobacteria;Rhizobiales;Xanthobacteraceae;Bradyrhizobium;Bradyrhizobium sp001556045,beta-lactam,bla*,chromosome,11.993,6.125,1.958
Me.F.2.L.A,F06,Memorial,dorm_sample,Bacteria;Pseudomonadota;Alphaproteobacteria;Rhizobiales;Xanthobacteraceae;Bradyrhizobium;Bradyrhizobium sp001556045,multidrug,macB,chromosome,6.804,6.125,1.111
Me.F.2.L.A,F06,Memorial,dorm_sample,Bacteria;Pseudomonadota;Alphaproteobacteria;Sphingomonadales;Sphingomonadaceae;Blastomonas;Blastomonas ursincola,aminoglycoside,aac(3)*,chromosome,15.54,23.875,0.651
Me.F.2.L.A,F06,Memorial,dorm_sample,Bacteria;Pseudomonadota;Alphaproteobacteria;Sphingomonadales;Sphingomonadaceae;Blastomonas;Blastomonas ursincola,beta-lactam,bla*,chromosome,17.1,23.875,0.716
Me.F.2.L.A,F06,Memorial,dorm_sample,Bacteria;Pseudomonadota;Alphaproteobacteria;Sphingomonadales;Sphingomonadaceae;Sphingobium;Sphingobium sp001650725,beta-lactam,bla*,chromosome,1.955,1.25,1.564
Me.F.2.L.A,F06,Memorial,dorm_sample,Bacteria;Pseudomonadota;Alphaproteobacteria;Sphingomonadales;Sphingomonadaceae;Sphingobium;Sphingobium sp003248505,beta-lactam,blaSGM,chromosome,2,0.375,5.333
Me.F.2.L.A,F06,Memorial,dorm_sample,Bacteria;Pseudomonadota;Alphaproteobacteria;Sphingomonadales;Sphingomonadaceae;Sphingobium;Sphingobium yanoikuyae,beta-lactam,bla*,chromosome,0.542,1,0.542
Me.F.2.L.A,F06,Memorial,dorm_sample,Bacteria;Pseudomonadota;Alphaproteobacteria;Sphingomonadales;Sphingomonadaceae;Sphingobium;Sphingobium yanoikuyae,sulfonamide,sul4,plasmid,11.294,1,11.294
Me.F.2.L.A,F06,Memorial,dorm_sample,Bacteria;Pseudomonadota;Alphaproteobacteria;Sphingomonadales;Sphingomonadaceae;Sphingobium;Sphingobium yanoikuyae_A,beta-lactam,bla*,chromosome,2,2.25,0.889
Me.F.2.L.A,F06,Memorial,dorm_sample,Bacteria;Pseudomonadota;Alphaproteobacteria;Sphingomonadales;Sphingomonadaceae;Sphingobium;Sphingobium yanoikuyae_A,beta-lactam,blaSGM,chromosome,1,2.25,0.444
Me.F.2.L.A,F06,Memorial,dorm_sample,Bacteria;Pseudomonadota;Alphaproteobacteria;Sphingomonadales;Sphingomonadaceae;Sphingobium;Sphingobium yanoikuyae_A,defensin,mprF,chromosome,2.847,2.25,1.265
Me.F.2.L.A,F06,Memorial,dorm_sample,Bacteria;Pseudomonadota;Alphaproteobacteria;Sphingomonadales;Sphingomonadaceae;Sphingomonas;Sphingomonas corticis,aminoglycoside,aac(3)*,chromosome,1,0.375,2.667
Me.F.2.L.A,F06,Memorial,dorm_sample,Bacteria;Pseudomonadota;Alphaproteobacteria;Sphingomonadales;Sphingomonadaceae;Sphingomonas;Sphingomonas corticis,beta-lactam,bla*,chromosome,1,0.375,2.667
Me.F.2.L.A,F06,Memorial,dorm_sample,Bacteria;Pseudomonadota;Alphaproteobacteria;Sphingomonadales;Sphingomonadaceae;Sphingomonas;Sphingomonas ginsenosidimutans,aminoglycoside,aph(3')*,chromosome,1,1,1
Me.F.2.L.A,F06,Memorial,dorm_sample,Bacteria;Pseudomonadota;Alphaproteobacteria;Sphingomonadales;Sphingomonadaceae;Sphingomonas;Sphingomonas hankookensis_A,beta-lactam,bla*,chromosome,4.741,1.5,3.16
Me.F.2.L.A,F06,Memorial,dorm_sample,Bacteria;Pseudomonadota;Alphaproteobacteria;Sphingomonadales;Sphingomonadaceae;Sphingomonas;Sphingomonas hankookensis_A,defensin,mprF,chromosome,2.041,1.5,1.361
Me.F.2.L.A,F06,Memorial,dorm_sample,Bacteria;Pseudomonadota;Alphaproteobacteria;Sphingomonadales;Sphingomonadaceae;Sphingomonas;Sphingomonas koreensis,aminoglycoside,aac(6')*,chromosome,2.172,1.625,1.337
Me.F.2.L.A,F06,Memorial,dorm_sample,Bacteria;Pseudomonadota;Alphaproteobacteria;Sphingomonadales;Sphingomonadaceae;Sphingomonas;Sphingomonas koreensis,beta-lactam,bla*,chromosome,7,1.625,4.308
Me.F.2.L.A,F06,Memorial,dorm_sample,Bacteria;Pseudomonadota;Alphaproteobacteria;Sphingomonadales;Sphingomonadaceae;Sphingomonas;Sphingomonas koreensis,phenicol,catB,chromosome,2,1.625,1.231
Me.F.2.L.A,F06,Memorial,dorm_sample,Bacteria;Pseudomonadota;Alphaproteobacteria;Sphingomonadales;Sphingomonadaceae;Sphingomonas;Sphingomonas koreensis,rifamycin,arr,chromosome,1,1.625,0.615
Me.F.2.L.A,F06,Memorial,dorm_sample,Bacteria;Pseudomonadota;Alphaproteobacteria;Sphingomonadales;Sphingomonadaceae;Sphingomonas;Sphingomonas panaciterrae,beta-lactam,bla*,chromosome,1,2.25,0.444
Me.F.2.L.A,F06,Memorial,dorm_sample,Bacteria;Pseudomonadota;Alphaproteobacteria;Sphingomonadales;Sphingomonadaceae;Sphingomonas;Sphingomonas panaciterrae,phenicol,catB,chromosome,4.907,2.25,2.181
Me.F.2.L.A,F06,Memorial,dorm_sample,Bacteria;Pseudomonadota;Alphaproteobacteria;Sphingomonadales;Sphingomonadaceae;Sphingomonas;Sphingomonas sp943913195,beta-lactam,bla*,chromosome,1.689,1.25,1.351
Me.F.2.L.A,F06,Memorial,dorm_sample,Bacteria;Pseudomonadota;Alphaproteobacteria;Sphingomonadales;Sphingomonadaceae;Sphingomonas;Sphingomonas sp943913195,phenicol,catB,chromosome,1,1.25,0.8
Me.F.2.L.A,F06,Memorial,dorm_sample,Bacteria;Pseudomonadota;Alphaproteobacteria;Sphingomonadales;Sphingomonadaceae;Sphingopyxis;Sphingopyxis fribergensis,beta-lactam,bla*,chromosome,2,0.375,5.333
Me.F.2.L.A,F06,Memorial,dorm_sample,Bacteria;Pseudomonadota;Alphaproteobacteria;Sphingomonadales;Sphingomonadaceae;Sphingopyxis;Sphingopyxis kveilinensis,beta-lactam,bla*,chromosome,1,0.625,1.6
Me.F.2.L.A,F06,Memorial,dorm_sample,Bacteria;Pseudomonadota;Alphaproteobacteria;Sphingomonadales;Sphingomonadaceae;Sphingopyxis;Sphingopyxis kveilinensis,rifamycin,arr,chromosome,1,0.625,1.6
Me.F.2.L.A,F06,Memorial,dorm_sample,Bacteria;Pseudomonadota;Alphaproteobacteria;Sphingomonadales;Sphingomonadaceae;Sphingopyxis;Sphingopyxis soli,beta-lactam,bla*,chromosome,71.43,35.25,2.026
Me.F.2.L.A,F06,Memorial,dorm_sample,Bacteria;Pseudomonadota;Alphaproteobacteria;Sphingomonadales;Sphingomonadaceae;Sphingopyxis;Sphingopyxis soli,defensin,mprF,chromosome,35.797,35.25,1.016
Me.F.2.L.A,F06,Memorial,dorm_sample,Bacteria;Pseudomonadota;Alphaproteobacteria;Sphingomonadales;Sphingomonadaceae;Sphingopyxis;Sphingopyxis sp001468395,beta-lactam,bla*,chromosome,97.24,50.875,1.911
Me.F.2.L.A,F06,Memorial,dorm_sample,Bacteria;Pseudomonadota;Alphaproteobacteria;Sphingomonadales;Sphingomonadaceae;Sphingopyxis;Sphingopyxis sp001468395,defensin,mprF,chromosome,44.864,50.875,0.882
Me.F.2.L.A,F06,Memorial,dorm_sample,Bacteria;Pseudomonadota;Alphaproteobacteria;Sphingomonadales;Sphingomonadaceae;Sphingopyxis;Sphingopyxis sp001468465,beta-lactam,bla*,chromosome,1,0.375,2.667
Me.F.2.L.A,F06,Memorial,dorm_sample,Bacteria;Pseudomonadota;Alphaproteobacteria;Sphingomonadales;Sphingomonadaceae;Sphingopyxis;Sphingopyxis sp001468465,rifamycin,arr,chromosome,1,0.375,2.667
Me.F.2.L.A,F06,Memorial,dorm_sample,Bacteria;Pseudomonadota;Alphaproteobacteria;Sphingomonadales;Sphingomonadaceae;Sphingopyxis;Sphingopyxis sp001830555,beta-lactam,bla*,chromosome,69.646,36.125,1.928
Me.F.2.L.A,F06,Memorial,dorm_sample,Bacteria;Pseudomonadota;Alphaproteobacteria;Sphingomonadales;Sphingomonadaceae;Sphingopyxis;Sphingopyxis sp001830555,rifamycin,arr,chromosome,35.688,36.125,0.988
Me.F.2.L.A,F06,Memorial,dorm_sample,Bacteria;Pseudomonadota;Alphaproteobacteria;Sphingomonadales;Sphingomonadaceae;Sphingopyxis;Sphingopyxis sp014873485,beta-lactam,bla*,chromosome,1,2.375,0.421
Me.F.2.L.A,F06,Memorial,dorm_sample,Bacteria;Pseudomonadota;Gammaproteobacteria;Burkholderiales;Burkholderiaceae_C;Acidovorax;Acidovorax temperans,beta-lactam,bla*,chromosome,32.407,33.625,0.964
Me.F.2.L.A,F06,Memorial,dorm_sample,Bacteria;Pseudomonadota;Gammaproteobacteria;Burkholderiales;Burkholderiaceae_C;Acidovorax;Acidovorax temperans,fosfomycin,fosX,chromosome,39.477,33.625,1.174
Me.F.2.L.A,F06,Memorial,dorm_sample,Bacteria;Pseudomonadota;Gammaproteobacteria;Burkholderiales;Burkholderiaceae_C;Pseudorhodoferax;Pseudorhodoferax sp001422365,beta-lactam,bla*,chromosome,1.542,0.25,6.166
Me.F.2.L.A,F06,Memorial,dorm_sample,Bacteria;Pseudomonadota;Gammaproteobacteria;Enterobacterales;Enterobacteriaceae;Enterobacter;Enterobacter roggenkampii,beta-lactam,blaMIR,chromosome,1,1.125,0.889
Me.F.2.L.A,F06,Memorial,dorm_sample,Bacteria;Pseudomonadota;Gammaproteobacteria;Enterobacterales;Enterobacteriaceae;Enterobacter;Enterobacter roggenkampii,colistin,arnA,chromosome,2.443,1.125,2.171
Me.F.2.L.A,F06,Memorial,dorm_sample,Bacteria;Pseudomonadota;Gammaproteobacteria;Enterobacterales;Enterobacteriaceae;Enterobacter;Enterobacter roggenkampii,colistin,arnB,chromosome,1.809,1.125,1.608
Me.F.2.L.A,F06,Memorial,dorm_sample,Bacteria;Pseudomonadota;Gammaproteobacteria;Enterobacterales;Enterobacteriaceae;Enterobacter;Enterobacter roggenkampii,colistin,arnC,chromosome,2.734,1.125,2.43
Me.F.2.L.A,F06,Memorial,dorm_sample,Bacteria;Pseudomonadota;Gammaproteobacteria;Enterobacterales;Enterobacteriaceae;Enterobacter;Enterobacter roggenkampii,colistin,arnD,chromosome,1.987,1.125,1.766
Me.F.2.L.A,F06,Memorial,dorm_sample,Bacteria;Pseudomonadota;Gammaproteobacteria;Enterobacterales;Enterobacteriaceae;Enterobacter;Enterobacter roggenkampii,colistin,arnT,chromosome,1.069,1.125,0.95
Me.F.2.L.A,F06,Memorial,dorm_sample,Bacteria;Pseudomonadota;Gammaproteobacteria;Enterobacterales;Enterobacteriaceae;Enterobacter;Enterobacter roggenkampii,colistin,eptA,chromosome,1,1.125,0.889
Me.F.2.L.A,F06,Memorial,dorm_sample,Bacteria;Pseudomonadota;Gammaproteobacteria;Enterobacterales;Enterobacteriaceae;Enterobacter;Enterobacter roggenkampii,colistin,eptB,chromosome,1,1.125,0.889
Me.F.2.L.A,F06,Memorial,dorm_sample,Bacteria;Pseudomonadota;Gammaproteobacteria;Enterobacterales;Enterobacteriaceae;Enterobacter;Enterobacter roggenkampii,fosfomycin,fosA,chromosome,3,1.125,2.667
Me.F.2.L.A,F06,Memorial,dorm_sample,Bacteria;Pseudomonadota;Gammaproteobacteria;Enterobacterales;Enterobacteriaceae;Enterobacter;Enterobacter roggenkampii,multidrug,acrA,chromosome,1,1.125,0.889
Me.F.2.L.A,F06,Memorial,dorm_sample,Bacteria;Pseudomonadota;Gammaproteobacteria;Enterobacterales;Enterobacteriaceae;Enterobacter;Enterobacter roggenkampii,multidrug,acrB,chromosome,1.082,1.125,0.962
Me.F.2.L.A,F06,Memorial,dorm_sample,Bacteria;Pseudomonadota;Gammaproteobacteria;Enterobacterales;Enterobacteriaceae;Enterobacter;Enterobacter roggenkampii,multidrug,fsr,chromosome,1.995,1.125,1.773
Me.F.2.L.A,F06,Memorial,dorm_sample,Bacteria;Pseudomonadota;Gammaproteobacteria;Enterobacterales;Enterobacteriaceae;Enterobacter;Enterobacter roggenkampii,multidrug,macA,chromosome,2,1.125,1.778
Me.F.2.L.A,F06,Memorial,dorm_sample,Bacteria;Pseudomonadota;Gammaproteobacteria;Enterobacterales;Enterobacteriaceae;Enterobacter;Enterobacter roggenkampii,multidrug,macB,chromosome,2,1.125,1.778
Me.F.2.L.A,F06,Memorial,dorm_sample,Bacteria;Pseudomonadota;Gammaproteobacteria;Enterobacterales;Enterobacteriaceae;Enterobacter;Enterobacter roggenkampii,multidrug,mdtG,chromosome,1.573,1.125,1.398
Me.F.2.L.A,F06,Memorial,dorm_sample,Bacteria;Pseudomonadota;Gammaproteobacteria;Enterobacterales;Enterobacteriaceae;Enterobacter;Enterobacter roggenkampii,multidrug,mdtI,chromosome,1,1.125,0.889
Me.F.2.L.A,F06,Memorial,dorm_sample,Bacteria;Pseudomonadota;Gammaproteobacteria;Enterobacterales;Enterobacteriaceae;Enterobacter;Enterobacter roggenkampii,multidrug,mdtJ,chromosome,1,1.125,0.889
Me.F.2.L.A,F06,Memorial,dorm_sample,Bacteria;Pseudomonadota;Gammaproteobacteria;Enterobacterales;Enterobacteriaceae;Enterobacter;Enterobacter roggenkampii,multidrug,mdtQ,chromosome,2,1.125,1.778
Me.F.2.L.A,F06,Memorial,dorm_sample,Bacteria;Pseudomonadota;Gammaproteobacteria;Enterobacterales;Enterobacteriaceae;Enterobacter;Enterobacter roggenkampii,phenicol,catA,chromosome,0.987,1.125,0.877
Me.F.2.L.A,F06,Memorial,dorm_sample,Bacteria;Pseudomonadota;Gammaproteobacteria;Pseudomonadales;Moraxellaceae;Acinetobacter;Acinetobacter parvus,multidrug,adeJ,chromosome,0.997,0.75,1.33
Me.F.2.L.A,F06,Memorial,dorm_sample,Bacteria;Pseudomonadota;Gammaproteobacteria;Pseudomonadales;Moraxellaceae;Acinetobacter;Acinetobacter parvus,multidrug,adeK,chromosome,1,0.75,1.333
Me.F.2.L.A,F06,Memorial,dorm_sample,Bacteria;Pseudomonadota;Gammaproteobacteria;Pseudomonadales;Moraxellaceae;Acinetobacter;Acinetobacter parvus,multidrug,macA,chromosome,1,0.75,1.333
Me.F.2.L.A,F06,Memorial,dorm_sample,Bacteria;Pseudomonadota;Gammaproteobacteria;Pseudomonadales;Moraxellaceae;Acinetobacter;Acinetobacter parvus,multidrug,macB,chromosome,1.113,0.75,1.484
Me.F.2.L.A,F06,Memorial,dorm_sample,Bacteria;Pseudomonadota;Gammaproteobacteria;Pseudomonadales;Moraxellaceae;Acinetobacter;Acinetobacter parvus,phenicol,cxpE,chromosome,2,0.75,2.667
Me.F.2.L.A,F06,Memorial,dorm_sample,Bacteria;Pseudomonadota;Gammaproteobacteria;Xanthomonadales;Xanthomonadaceae;Pseudoxanthomonas_A;Pseudoxanthomonas_A japonensis,fosfomycin,fosX,chromosome,0.97,0.375,2.587
Me.F.2.L.A,F06,Memorial,dorm_sample,Bacteria;Pseudomonadota;Gammaproteobacteria;Xanthomonadales;Xanthomonadaceae;Pseudoxanthomonas_A;Pseudoxanthomonas_A mexicana,aminoglycoside,aac(3)-I,chromosome,9.826,12.25,0.802
Me.F.2.L.A,F06,Memorial,dorm_sample,Bacteria;Pseudomonadota;Gammaproteobacteria;Xanthomonadales;Xanthomonadaceae;Pseudoxanthomonas_A;Pseudoxanthomonas_A mexicana,aminoglycoside,aac(6')*,chromosome,18,12.25,1.469
Me.F.2.L.A,F06,Memorial,dorm_sample,Bacteria;Pseudomonadota;Gammaproteobacteria;Xanthomonadales;Xanthomonadaceae;Pseudoxanthomonas_A;Pseudoxanthomonas_A mexicana,beta-lactam,bla*,chromosome,4.951,12.25,0.404
Me.F.2.L.A,F06,Memorial,dorm_sample,Bacteria;Pseudomonadota;Gammaproteobacteria;Xanthomonadales;Xanthomonadaceae;Pseudoxanthomonas_A;Pseudoxanthomonas_A mexicana,rifamycin,arr,chromosome,7.977,12.25,0.651
Me.F.2.L.A,F06,Memorial,dorm_sample,Bacteria;Pseudomonadota;Gammaproteobacteria;Xanthomonadales;Xanthomonadaceae;Pseudoxanthomonas_A;Pseudoxanthomonas_A sp014851805,beta-lactam,bla*,chromosome,2,0.75,2.667
Me.F.2.L.A,F06,Memorial,dorm_sample,Bacteria;Pseudomonadota;Gammaproteobacteria;Xanthomonadales;Xanthomonadaceae;Pseudoxanthomonas_A;Pseudoxanthomonas_A sp022965755,rifamycin,arr,chromosome,1,0.25,4
Me.F.2.L.A,F06,Memorial,dorm_sample,Bacteria;Pseudomonadota;Gammaproteobacteria;Xanthomonadales;Xanthomonadaceae;Pseudoxanthomonas_A;Pseudoxanthomonas_A sp035999195,aminoglycoside,aac(3)-I,chromosome,3.779,2.125,1.778
Me.F.2.L.A,F06,Memorial,dorm_sample,Bacteria;Pseudomonadota;Gammaproteobacteria;Xanthomonadales;Xanthomonadaceae;Pseudoxanthomonas_A;Pseudoxanthomonas_A sp035999195,aminoglycoside,aac(6')*,chromosome,4.866,2.125,2.29
Me.F.2.L.A,F06,Memorial,dorm_sample,Bacteria;Pseudomonadota;Gammaproteobacteria;Xanthomonadales;Xanthomonadaceae;Pseudoxanthomonas_A;Pseudoxanthomonas_A sp035999195,beta-lactam,blaPJM,chromosome,2,2.125,0.941
Me.F.2.L.A,F06,Memorial,dorm_sample,Bacteria;Pseudomonadota;Gammaproteobacteria;Xanthomonadales;Xanthomonadaceae;Stenotrophomonas;Stenotrophomonas muris,aminoglycoside,aph(3')-II,chromosome,15,19.125,0.784
Me.F.2.L.A,F06,Memorial,dorm_sample,Bacteria;Pseudomonadota;Gammaproteobacteria;Xanthomonadales;Xanthomonadaceae;Stenotrophomonas;Stenotrophomonas muris,aminoglycoside,aph(6)*,chromosome,16.959,19.125,0.887
Me.F.2.L.A,F06,Memorial,dorm_sample,Bacteria;Pseudomonadota;Gammaproteobacteria;Xanthomonadales;Xanthomonadaceae;Stenotrophomonas;Stenotrophomonas muris,aminoglycoside,aph(9)-I,chromosome,10.909,19.125,0.57
Me.F.2.L.A,F06,Memorial,dorm_sample,Bacteria;Pseudomonadota;Gammaproteobacteria;Xanthomonadales;Xanthomonadaceae;Stenotrophomonas;Stenotrophomonas muris,beta-lactam,blaL1,chromosome,14.152,19.125,0.74
Me.F.2.L.A,F06,Memorial,dorm_sample,Bacteria;Pseudomonadota;Gammaproteobacteria;Xanthomonadales;Xanthomonadaceae;Stenotrophomonas;Stenotrophomonas muris,beta-lactam,blaL2,chromosome,11.789,19.125,0.616
Me.F.2.L.A,F06,Memorial,dorm_sample,Bacteria;Pseudomonadota;Gammaproteobacteria;Xanthomonadales;Xanthomonadaceae;Stenotrophomonas;Stenotrophomonas muris,colistin,eptA,chromosome,21.826,19.125,1.141
Me.F.2.L.A,F06,Memorial,dorm_sample,Bacteria;Pseudomonadota;Gammaproteobacteria;Xanthomonadales;Xanthomonadaceae;Stenotrophomonas;Stenotrophomonas muris,defensin,mprF,chromosome,17.956,19.125,0.939
Me.F.2.L.A,F06,Memorial,dorm_sample,Bacteria;Pseudomonadota;Gammaproteobacteria;Xanthomonadales;Xanthomonadaceae;Stenotrophomonas;Stenotrophomonas muris,multidrug,emrA,chromosome,18.774,19.125,0.982
Me.F.2.L.A,F06,Memorial,dorm_sample,Bacteria;Pseudomonadota;Gammaproteobacteria;Xanthomonadales;Xanthomonadaceae;Stenotrophomonas;Stenotrophomonas muris,multidrug,emrB,chromosome,16.542,19.125,0.865
Me.F.2.L.A,F06,Memorial,dorm_sample,Bacteria;Pseudomonadota;Gammaproteobacteria;Xanthomonadales;Xanthomonadaceae;Stenotrophomonas;Stenotrophomonas muris,multidrug,emrC,chromosome,20.592,19.125,1.077
Me.F.2.L.A,F06,Memorial,dorm_sample,Bacteria;Pseudomonadota;Gammaproteobacteria;Xanthomonadales;Xanthomonadaceae;Stenotrophomonas;Stenotrophomonas muris,multidrug,macA,chromosome,13.944,19.125,0.729
Me.F.2.L.A,F06,Memorial,dorm_sample,Bacteria;Pseudomonadota;Gammaproteobacteria;Xanthomonadales;Xanthomonadaceae;Stenotrophomonas;Stenotrophomonas muris,multidrug,macB,chromosome,45.771,19.125,2.393
Me.F.2.L.A,F06,Memorial,dorm_sample,Bacteria;Pseudomonadota;Gammaproteobacteria;Xanthomonadales;Xanthomonadaceae;Stenotrophomonas;Stenotrophomonas muris,multidrug,macC,chromosome,13.349,19.125,0.698
Me.F.2.L.A,F06,Memorial,dorm_sample,Bacteria;Pseudomonadota;Gammaproteobacteria;Xanthomonadales;Xanthomonadaceae;Stenotrophomonas;Stenotrophomonas muris,multidrug,mfsA,chromosome,16.178,19.125,0.846
Me.F.2.L.A,F06,Memorial,dorm_sample,Bacteria;Pseudomonadota;Gammaproteobacteria;Xanthomonadales;Xanthomonadaceae;Stenotrophomonas;Stenotrophomonas muris,multidrug,smeA,chromosome,17.653,19.125,0.923
Me.F.2.L.A,F06,Memorial,dorm_sample,Bacteria;Pseudomonadota;Gammaproteobacteria;Xanthomonadales;Xanthomonadaceae;Stenotrophomonas;Stenotrophomonas muris,multidrug,smeB,chromosome,19.686,19.125,1.029
Me.F.2.L.A,F06,Memorial,dorm_sample,Bacteria;Pseudomonadota;Gammaproteobacteria;Xanthomonadales;Xanthomonadaceae;Stenotrophomonas;Stenotrophomonas muris,multidrug,smeC,chromosome,16.35,19.125,0.855
Me.F.2.L.A,F06,Memorial,dorm_sample,Bacteria;Pseudomonadota;Gammaproteobacteria;Xanthomonadales;Xanthomonadaceae;Stenotrophomonas;Stenotrophomonas muris,multidrug,smeD,chromosome,15.379,19.125,0.804
Me.F.2.L.A,F06,Memorial,dorm_sample,Bacteria;Pseudomonadota;Gammaproteobacteria;Xanthomonadales;Xanthomonadaceae;Stenotrophomonas;Stenotrophomonas muris,multidrug,smeE,chromosome,16.272,19.125,0.851
Me.F.2.L.A,F06,Memorial,dorm_sample,Bacteria;Pseudomonadota;Gammaproteobacteria;Xanthomonadales;Xanthomonadaceae;Stenotrophomonas;Stenotrophomonas muris,multidrug,smeF,chromosome,15.575,19.125,0.814
Me.F.2.L.A,F06,Memorial,dorm_sample,Bacteria;Pseudomonadota;Gammaproteobacteria;Xanthomonadales;Xanthomonadaceae;Stenotrophomonas;Stenotrophomonas muris,multidrug,smeG,chromosome,17.501,19.125,0.915
Me.F.2.L.A,F06,Memorial,dorm_sample,Bacteria;Pseudomonadota;Gammaproteobacteria;Xanthomonadales;Xanthomonadaceae;Stenotrophomonas;Stenotrophomonas muris,multidrug,smeH,chromosome,19.117,19.125,1
Me.F.2.L.A,F06,Memorial,dorm_sample,Bacteria;Pseudomonadota;Gammaproteobacteria;Xanthomonadales;Xanthomonadaceae;Stenotrophomonas;Stenotrophomonas muris,multidrug,smeI,chromosome,15.198,19.125,0.795
Me.F.2.L.A,F06,Memorial,dorm_sample,Bacteria;Pseudomonadota;Gammaproteobacteria;Xanthomonadales;Xanthomonadaceae;Stenotrophomonas;Stenotrophomonas muris,multidrug,smeJ,chromosome,17.831,19.125,0.932
Me.F.2.L.A,F06,Memorial,dorm_sample,Bacteria;Pseudomonadota;Gammaproteobacteria;Xanthomonadales;Xanthomonadaceae;Stenotrophomonas;Stenotrophomonas muris,multidrug,smeK,chromosome,24.087,19.125,1.259
Me.F.2.L.A,F06,Memorial,dorm_sample,Bacteria;Pseudomonadota;Gammaproteobacteria;Xanthomonadales;Xanthomonadaceae;Stenotrophomonas;Stenotrophomonas muris,multidrug,smeO,chromosome,18.279,19.125,0.956
Me.F.2.L.A,F06,Memorial,dorm_sample,Bacteria;Pseudomonadota;Gammaproteobacteria;Xanthomonadales;Xanthomonadaceae;Stenotrophomonas;Stenotrophomonas muris,multidrug,smeP,chromosome,17.524,19.125,0.916
Me.F.2.L.A,F06,Memorial,dorm_sample,Bacteria;Pseudomonadota;Gammaproteobacteria;Xanthomonadales;Xanthomonadaceae;Stenotrophomonas;Stenotrophomonas muris,multidrug,smeV,chromosome,17.601,19.125,0.92
Me.F.2.L.A,F06,Memorial,dorm_sample,Bacteria;Pseudomonadota;Gammaproteobacteria;Xanthomonadales;Xanthomonadaceae;Stenotrophomonas;Stenotrophomonas muris,multidrug,smeW,chromosome,20.337,19.125,1.063
Me.F.2.L.A,F06,Memorial,dorm_sample,Bacteria;Pseudomonadota;Gammaproteobacteria;Xanthomonadales;Xanthomonadaceae;Stenotrophomonas;Stenotrophomonas muris,multidrug,smeX,chromosome,16.739,19.125,0.875
Me.F.2.L.A,F06,Memorial,dorm_sample,Bacteria;Pseudomonadota;Gammaproteobacteria;Xanthomonadales;Xanthomonadaceae;Stenotrophomonas;Stenotrophomonas muris,multidrug,smeY,chromosome,21.43,19.125,1.121
Me.F.2.L.A,F06,Memorial,dorm_sample,Bacteria;Pseudomonadota;Gammaproteobacteria;Xanthomonadales;Xanthomonadaceae;Stenotrophomonas;Stenotrophomonas muris,multidrug,smeZ,chromosome,18.941,19.125,0.99
Me.F.2.L.A,F06,Memorial,dorm_sample,Bacteria;Pseudomonadota;Gammaproteobacteria;Xanthomonadales;Xanthomonadaceae;Stenotrophomonas;Stenotrophomonas muris,multidrug,smrA,chromosome,14.81,19.125,0.774
Me.F.2.L.A,F06,Memorial,dorm_sample,Bacteria;Pseudomonadota;Gammaproteobacteria;Xanthomonadales;Xanthomonadaceae;Stenotrophomonas;Stenotrophomonas muris,multidrug,tolC,chromosome,20.69,19.125,1.082
Me.F.2.L.A,F06,Memorial,dorm_sample,Bacteria;Pseudomonadota;Gammaproteobacteria;Xanthomonadales;Xanthomonadaceae;Stenotrophomonas;Stenotrophomonas muris,quinolone,qnr*,chromosome,11.427,19.125,0.597
Me.F.2.L.A,F06,Memorial,dorm_sample,Bacteria;Pseudomonadota;Gammaproteobacteria;Xanthomonadales;Xanthomonadaceae;Stenotrophomonas;Stenotrophomonas muris,rifamycin,arr,chromosome,21.056,19.125,1.101
Me.F.2.L.A,F06,Memorial,dorm_sample,unclassified,aminoglycoside,aac(3)-I,chromosome,2,0,0
Me.F.2.L.A,F06,Memorial,dorm_sample,unclassified,aminoglycoside,aac(6')*,chromosome,0.973,0,0
Me.F.2.L.A,F06,Memorial,dorm_sample,unclassified,aminoglycoside,ant(3'')-I,chromosome,1.203,0,0
Me.F.2.L.A,F06,Memorial,dorm_sample,unclassified,beta-lactam,bla*,chromosome,15.874,0,0
Me.F.2.L.A,F06,Memorial,dorm_sample,unclassified,beta-lactam,blaL2,chromosome,1,0,0
Me.F.2.L.A,F06,Memorial,dorm_sample,unclassified,defensin,mprF,chromosome,2.974,0,0
Me.F.2.L.A,F06,Memorial,dorm_sample,unclassified,multidrug,macB,chromosome,1,0,0
Me.F.2.L.A,F06,Memorial,dorm_sample,unclassified,multidrug,mdtI,chromosome,2,0,0
Me.F.2.L.A,F06,Memorial,dorm_sample,unclassified,multidrug,mdtN,chromosome,1,0,0
Me.F.2.L.A,F06,Memorial,dorm_sample,unclassified,multidrug,smeI,chromosome,1,0,0
Me.F.2.L.A,F06,Memorial,dorm_sample,unclassified,multidrug,smeJ,chromosome,1,0,0
Me.F.2.L.A,F06,Memorial,dorm_sample,unclassified,multidrug,smeK,chromosome,1,0,0
Me.F.2.L.A,F06,Memorial,dorm_sample,unclassified,multidrug,smeO,chromosome,0.37,0,0
Me.F.2.L.A,F06,Memorial,dorm_sample,unclassified,multidrug,tolC,chromosome,1,0,0
Me.F.2.L.A,F06,Memorial,dorm_sample,unclassified,phenicol,catB,plasmid,0.976,0,0
Me.F.2.L.A,F06,Memorial,dorm_sample,unclassified,rifamycin,arr,chromosome,9.717,0,0
Me.F.2.L.A,F06,Memorial,dorm_sample,unclassified,sulfonamide,sul2,plasmid,1,0,0
Pe.F.4.H.C,F07,Penland,dorm_sample,Bacteria;Actinomycetota;Actinomycetes;Actinomycetales;Microbacteriaceae;Agromyces;Agromyces mediolanus_A,beta-lactam,bla*,chromosome,0.997,1.75,0.57
Pe.F.4.H.C,F07,Penland,dorm_sample,Bacteria;Actinomycetota;Actinomycetes;Actinomycetales;Microbacteriaceae;Agromyces;Agromyces mediolanus_A,macrolide-lincosamide-streptogramin,erm*,chromosome,2.576,1.75,1.472
Pe.F.4.H.C,F07,Penland,dorm_sample,Bacteria;Actinomycetota;Actinomycetes;Mycobacteriales;Mycobacteriaceae;Mycobacterium;Mycobacterium grossiae,aminoglycoside,eis,chromosome,2,0.875,2.286
Pe.F.4.H.C,F07,Penland,dorm_sample,Bacteria;Actinomycetota;Actinomycetes;Mycobacteriales;Mycobacteriaceae;Mycobacterium;Mycobacterium grossiae,beta-lactam,bla*,chromosome,4.687,0.875,5.356
Pe.F.4.H.C,F07,Penland,dorm_sample,Bacteria;Actinomycetota;Actinomycetes;Mycobacteriales;Mycobacteriaceae;Mycobacterium;Mycobacterium grossiae,multidrug,lfrA,chromosome,2,0.875,2.286
Pe.F.4.H.C,F07,Penland,dorm_sample,Bacteria;Actinomycetota;Actinomycetes;Mycobacteriales;Mycobacteriaceae;Mycobacterium;Mycobacterium grossiae,multidrug,tap,chromosome,2.919,0.875,3.336
Pe.F.4.H.C,F07,Penland,dorm_sample,Bacteria;Actinomycetota;Actinomycetes;Mycobacteriales;Mycobacteriaceae;Mycobacterium;Mycobacterium grossiae,rifamycin,arr,chromosome,1,0.875,1.143
Pe.F.4.H.C,F07,Penland,dorm_sample,Bacteria;Actinomycetota;Actinomycetes;Mycobacteriales;Mycobacteriaceae;Mycobacterium;Mycobacterium phocaicum,beta-lactam,bla*,chromosome,16.089,16.625,0.968
Pe.F.4.H.C,F07,Penland,dorm_sample,Bacteria;Actinomycetota;Actinomycetes;Mycobacteriales;Mycobacteriaceae;Mycobacterium;Mycobacterium phocaicum,defensin,lysX,chromosome,16.477,16.625,0.991
Pe.F.4.H.C,F07,Penland,dorm_sample,Bacteria;Actinomycetota;Actinomycetes;Mycobacteriales;Mycobacteriaceae;Mycobacterium;Mycobacterium phocaicum,multidrug,lfrA,chromosome,20.763,16.625,1.249
Pe.F.4.H.C,F07,Penland,dorm_sample,Bacteria;Actinomycetota;Actinomycetes;Mycobacteriales;Mycobacteriaceae;Mycobacterium;Mycobacterium phocaicum,rifamycin,arr,chromosome,27.949,16.625,1.681
Pe.F.4.H.C,F07,Penland,dorm_sample,Bacteria;Actinomycetota;Actinomycetes;Mycobacteriales;Mycobacteriaceae;Mycobacterium;Mycobacterium phocaicum,tetracycline,tet(V),chromosome,10.384,16.625,0.625
Pe.F.4.H.C,F07,Penland,dorm_sample,Bacteria;Pseudomonadota;Alphaproteobacteria;Caulobacterales;Caulobacteraceae;Phenylobacterium;Phenylobacterium haematophilum,beta-lactam,bla*,chromosome,2,0.375,5.333
Pe.F.4.H.C,F07,Penland,dorm_sample,Bacteria;Pseudomonadota;Alphaproteobacteria;Caulobacterales;Caulobacteraceae;Phenylobacterium;Phenylobacterium haematophilum,phenicol,cml*,chromosome,1,0.375,2.667
Pe.F.4.H.C,F07,Penland,dorm_sample,Bacteria;Pseudomonadota;Alphaproteobacteria;Rhizobiales;Beijerinckiaceae;Allobosea;Allobosea eneae,beta-lactam,bla*,chromosome,1,0.625,1.6
Pe.F.4.H.C,F07,Penland,dorm_sample,Bacteria;Pseudomonadota;Alphaproteobacteria;Rhizobiales;Rhizobiaceae;Shinella;Shinella sp001262505,aminoglycoside,aph(3'')*,chromosome,1,0.25,4
Pe.F.4.H.C,F07,Penland,dorm_sample,Bacteria;Pseudomonadota;Alphaproteobacteria;Sphingomonadales;Sphingomonadaceae;Blastomonas;Blastomonas ursincola,aminoglycoside,aac(3)*,chromosome,11.275,14.625,0.771
Pe.F.4.H.C,F07,Penland,dorm_sample,Bacteria;Pseudomonadota;Alphaproteobacteria;Sphingomonadales;Sphingomonadaceae;Blastomonas;Blastomonas ursincola,beta-lactam,bla*,chromosome,12.65,14.625,0.865
Pe.F.4.H.C,F07,Penland,dorm_sample,Bacteria;Pseudomonadota;Alphaproteobacteria;Sphingomonadales;Sphingomonadaceae;Erythrobacter;Erythrobacter sp046452395,aminoglycoside,aac(6')*,chromosome,1,1.375,0.727
Pe.F.4.H.C,F07,Penland,dorm_sample,Bacteria;Pseudomonadota;Alphaproteobacteria;Sphingomonadales;Sphingomonadaceae;Erythrobacter;Erythrobacter sp046452395,beta-lactam,bla*,chromosome,2,1.375,1.455
Pe.F.4.H.C,F07,Penland,dorm_sample,Bacteria;Pseudomonadota;Alphaproteobacteria;Sphingomonadales;Sphingomonadaceae;Sphingopyxis;Sphingopyxis sp001468225,beta-lactam,bla*,chromosome,1.627,1,1.627
Pe.F.4.H.C,F07,Penland,dorm_sample,Bacteria;Pseudomonadota;Alphaproteobacteria;Sphingomonadales;Sphingomonadaceae;Sphingopyxis;Sphingopyxis sp001468395,beta-lactam,bla*,chromosome,1,0.25,4
Pe.F.4.H.C,F07,Penland,dorm_sample,Bacteria;Pseudomonadota;Alphaproteobacteria;Sphingomonadales;Sphingomonadaceae;Sphingopyxis;Sphingopyxis sp051861185,rifamycin,arr,chromosome,1.942,0.625,3.108
Pe.F.4.H.C,F07,Penland,dorm_sample,Bacteria;Pseudomonadota;Gammaproteobacteria;Burkholderiales;Burkholderiaceae_C;Acidovorax;Acidovorax temperans,beta-lactam,bla*,chromosome,2.518,2.875,0.876
Pe.F.4.H.C,F07,Penland,dorm_sample,Bacteria;Pseudomonadota;Gammaproteobacteria;Burkholderiales;Burkholderiaceae_C;Acidovorax;Acidovorax temperans,fosfomycin,fosX,chromosome,1,2.875,0.348
Pe.F.4.H.C,F07,Penland,dorm_sample,Bacteria;Pseudomonadota;Gammaproteobacteria;Burkholderiales;Burkholderiaceae_C;Aquincola;Aquincola tertiaricarbonis_B,beta-lactam,bla*,chromosome,2.969,5.375,0.552
Pe.F.4.H.C,F07,Penland,dorm_sample,Bacteria;Pseudomonadota;Gammaproteobacteria;Burkholderiales;Burkholderiaceae_C;Comamonas;Comamonas tsuruhatensis,beta-lactam,bla*,chromosome,1,0.25,4
Pe.F.4.H.C,F07,Penland,dorm_sample,Bacteria;Pseudomonadota;Gammaproteobacteria;Xanthomonadales;Xanthomonadaceae;Lysobacter;Lysobacter capsici,defensin,mprF,chromosome,3,2,1.5
Pe.F.4.H.C,F07,Penland,dorm_sample,Bacteria;Pseudomonadota;Gammaproteobacteria;Xanthomonadales;Xanthomonadaceae;Lysobacter_I;Lysobacter_I brunescens,beta-lactam,bla*,chromosome,21.793,3.5,6.227
Pe.F.4.H.C,F07,Penland,dorm_sample,Bacteria;Pseudomonadota;Gammaproteobacteria;Xanthomonadales;Xanthomonadaceae;Pseudoxanthomonas_A;Pseudoxanthomonas_A japonensis,aminoglycoside,aac(6')*,chromosome,2,0.875,2.286
Pe.F.4.H.C,F07,Penland,dorm_sample,Bacteria;Pseudomonadota;Gammaproteobacteria;Xanthomonadales;Xanthomonadaceae;Pseudoxanthomonas_A;Pseudoxanthomonas_A japonensis,fosfomycin,fosX,chromosome,0.97,0.875,1.109
Pe.F.4.H.C,F07,Penland,dorm_sample,unclassified,aminoglycoside,aac(3)*,plasmid,0.996,0,0
Pe.F.4.H.C,F07,Penland,dorm_sample,unclassified,beta-lactam,bla*,chromosome,18.618,0,0
Pe.F.4.H.C,F07,Penland,dorm_sample,unclassified,fosfomycin,fosX,chromosome,1,0,0
Pe.F.4.H.C,F07,Penland,dorm_sample,unclassified,phenicol,catB,chromosome,1,0,0
Pe.F.4.H.C,F07,Penland,dorm_sample,unclassified,rifamycin,arr,chromosome,13,0,0
Pe.F.4.H.C,F07,Penland,dorm_sample,unclassified,tetracycline,tet(V),chromosome,5.344,0,0
Ea.F.1.H.A,G01,Earl,dorm_sample,Bacteria;Actinomycetota;Actinomycetes;Mycobacteriales;Mycobacteriaceae;Mycobacterium;Mycobacterium fortuitum,aminoglycoside,aac(2')-I,chromosome,1,1,1
Ea.F.1.H.A,G01,Earl,dorm_sample,Bacteria;Actinomycetota;Actinomycetes;Mycobacteriales;Mycobacteriaceae;Mycobacterium;Mycobacterium fortuitum,aminoglycoside,aph(3'')*,chromosome,2.772,1,2.772
Ea.F.1.H.A,G01,Earl,dorm_sample,Bacteria;Actinomycetota;Actinomycetes;Mycobacteriales;Mycobacteriaceae;Mycobacterium;Mycobacterium fortuitum,beta-lactam,blaF,chromosome,4.503,1,4.503
Ea.F.1.H.A,G01,Earl,dorm_sample,Bacteria;Actinomycetota;Actinomycetes;Mycobacteriales;Mycobacteriaceae;Mycobacterium;Mycobacterium fortuitum,macrolide-lincosamide-streptogramin,erm(39),chromosome,3.89,1,3.89
Ea.F.1.H.A,G01,Earl,dorm_sample,Bacteria;Actinomycetota;Actinomycetes;Mycobacteriales;Mycobacteriaceae;Mycobacterium;Mycobacterium fortuitum,multidrug,lfrA,chromosome,1,1,1
Ea.F.1.H.A,G01,Earl,dorm_sample,Bacteria;Actinomycetota;Actinomycetes;Mycobacteriales;Mycobacteriaceae;Mycobacterium;Mycobacterium fortuitum,multidrug,tap,chromosome,2.694,1,2.694
Ea.F.1.H.A,G01,Earl,dorm_sample,Bacteria;Actinomycetota;Actinomycetes;Mycobacteriales;Mycobacteriaceae;Mycobacterium;Mycobacterium fortuitum,rifamycin,helR,chromosome,4.28,1,4.28
Ea.F.1.H.A,G01,Earl,dorm_sample,Bacteria;Actinomycetota;Actinomycetes;Mycobacteriales;Mycobacteriaceae;Mycobacterium;Mycobacterium fortuitum,tuberactinomycin,vph,chromosome,1.86,1,1.86
Ea.F.1.H.A,G01,Earl,dorm_sample,Bacteria;Actinomycetota;Actinomycetes;Mycobacteriales;Mycobacteriaceae;Mycobacterium;Mycobacterium phocaicum,beta-lactam,bla*,chromosome,16.867,16.125,1.046
Ea.F.1.H.A,G01,Earl,dorm_sample,Bacteria;Actinomycetota;Actinomycetes;Mycobacteriales;Mycobacteriaceae;Mycobacterium;Mycobacterium phocaicum,defensin,lysX,chromosome,17.416,16.125,1.08
Ea.F.1.H.A,G01,Earl,dorm_sample,Bacteria;Actinomycetota;Actinomycetes;Mycobacteriales;Mycobacteriaceae;Mycobacterium;Mycobacterium phocaicum,multidrug,lfrA,chromosome,15.528,16.125,0.963
Ea.F.1.H.A,G01,Earl,dorm_sample,Bacteria;Actinomycetota;Actinomycetes;Mycobacteriales;Mycobacteriaceae;Mycobacterium;Mycobacterium phocaicum,rifamycin,arr,chromosome,9.616,16.125,0.596
Ea.F.1.H.A,G01,Earl,dorm_sample,Bacteria;Actinomycetota;Actinomycetes;Mycobacteriales;Mycobacteriaceae;Mycobacterium;Mycobacterium phocaicum,tetracycline,tet(V),chromosome,6.664,16.125,0.413
Ea.F.1.H.A,G01,Earl,dorm_sample,Bacteria;Actinomycetota;Actinomycetes;Mycobacteriales;Nakamurellaceae;Nakamurella;Nakamurella multipartita,rifamycin,helR,chromosome,1.546,0.875,1.767
Ea.F.1.H.A,G01,Earl,dorm_sample,Bacteria;Actinomycetota;Actinomycetes;Mycobacteriales;Nakamurellaceae;Nakamurella;Nakamurella multipartita,rifamycin,rph*,chromosome,1.944,0.875,2.222
Ea.F.1.H.A,G01,Earl,dorm_sample,Bacteria;Bacteroidota;Bacteroidia;Chitinophagales;Chitinophagaceae;Niabella;Niabella sp052044285,beta-lactam,bla*,chromosome,1,0.25,4
Ea.F.1.H.A,G01,Earl,dorm_sample,Bacteria;Bacteroidota;Bacteroidia;Cytophagales;Cyclobacteriaceae;Chryseolinea;Chryseolinea sp029360725,beta-lactam,bla*,chromosome,1,0.25,4
Ea.F.1.H.A,G01,Earl,dorm_sample,Bacteria;Pseudomonadota;Alphaproteobacteria;Caulobacterales;Caulobacteraceae;Brevundimonas;Brevundimonas sp001422455,beta-lactam,bla*,chromosome,2,0.75,2.667
Ea.F.1.H.A,G01,Earl,dorm_sample,Bacteria;Pseudomonadota;Alphaproteobacteria;Caulobacterales;Caulobacteraceae;Brevundimonas;Brevundimonas sp005484585,beta-lactam,bla*,chromosome,5.543,2.875,1.928
Ea.F.1.H.A,G01,Earl,dorm_sample,Bacteria;Pseudomonadota;Alphaproteobacteria;Caulobacterales;Caulobacteraceae;Phenylobacterium;Phenylobacterium sp041919955,rifamycin,arr,chromosome,1,2.125,0.471
Ea.F.1.H.A,G01,Earl,dorm_sample,Bacteria;Pseudomonadota;Alphaproteobacteria;Rhizobiales;Beijerinckiaceae;Allobosea;Allobosea lupini,aminoglycoside,aac(3)*,chromosome,3,0.625,4.8
Ea.F.1.H.A,G01,Earl,dorm_sample,Bacteria;Pseudomonadota;Alphaproteobacteria;Rhizobiales;Beijerinckiaceae;Methylobacterium;Methylobacterium sp900112625,beta-lactam,bla*,chromosome,2,0.25,8
Ea.F.1.H.A,G01,Earl,dorm_sample,Bacteria;Pseudomonadota;Alphaproteobacteria;Rhizobiales;Hyphomicrobiaceae;Hyphomicrobium_C;Hyphomicrobium_C sp019744875,aminoglycoside,aac(3)-I,chromosome,1,1.25,0.8
Ea.F.1.H.A,G01,Earl,dorm_sample,Bacteria;Pseudomonadota;Alphaproteobacteria;Rhizobiales;Rhizobiaceae;Shinella;Shinella sp001262505,beta-lactam,bla*,chromosome,2,0.375,5.333
Ea.F.1.H.A,G01,Earl,dorm_sample,Bacteria;Pseudomonadota;Alphaproteobacteria;Rhizobiales;Xanthobacteraceae;Bradyrhizobium;Bradyrhizobium lablabi_C,beta-lactam,bla*,chromosome,1,0.5,2
Ea.F.1.H.A,G01,Earl,dorm_sample,Bacteria;Pseudomonadota;Alphaproteobacteria;Sphingomonadales;Sphingomonadaceae;Blastomonas;Blastomonas ursincola,aminoglycoside,aac(3)*,chromosome,4.943,3.5,1.412
Ea.F.1.H.A,G01,Earl,dorm_sample,Bacteria;Pseudomonadota;Alphaproteobacteria;Sphingomonadales;Sphingomonadaceae;Blastomonas;Blastomonas ursincola,beta-lactam,bla*,chromosome,3,3.5,0.857
Ea.F.1.H.A,G01,Earl,dorm_sample,Bacteria;Pseudomonadota;Alphaproteobacteria;Sphingomonadales;Sphingomonadaceae;Erythrobacter;Erythrobacter oryzae,aminoglycoside,aac(6')*,chromosome,4,3.25,1.231
Ea.F.1.H.A,G01,Earl,dorm_sample,Bacteria;Pseudomonadota;Alphaproteobacteria;Sphingomonadales;Sphingomonadaceae;Erythrobacter;Erythrobacter oryzae,beta-lactam,bla*,chromosome,1,3.25,0.308
Ea.F.1.H.A,G01,Earl,dorm_sample,Bacteria;Pseudomonadota;Alphaproteobacteria;Sphingomonadales;Sphingomonadaceae;Sphingobium;Sphingobium yanoikuyae_A,beta-lactam,bla*,chromosome,2,0.75,2.667
Ea.F.1.H.A,G01,Earl,dorm_sample,Bacteria;Pseudomonadota;Alphaproteobacteria;Sphingomonadales;Sphingomonadaceae;Sphingomonas;Sphingomonas koreensis,beta-lactam,bla*,chromosome,2,2.625,0.762
Ea.F.1.H.A,G01,Earl,dorm_sample,Bacteria;Pseudomonadota;Alphaproteobacteria;Sphingomonadales;Sphingomonadaceae;Sphingomonas;Sphingomonas koreensis,phenicol,catB,chromosome,2.986,2.625,1.137
Ea.F.1.H.A,G01,Earl,dorm_sample,Bacteria;Pseudomonadota;Alphaproteobacteria;Sphingomonadales;Sphingomonadaceae;Sphingomonas;Sphingomonas sp031456125,beta-lactam,bla*,chromosome,1,1,1
Ea.F.1.H.A,G01,Earl,dorm_sample,Bacteria;Pseudomonadota;Alphaproteobacteria;Sphingomonadales;Sphingomonadaceae;Sphingomonas;Sphingomonas sp031456125,defensin,mprF,chromosome,2,1,2
Ea.F.1.H.A,G01,Earl,dorm_sample,Bacteria;Pseudomonadota;Alphaproteobacteria;Sphingomonadales;Sphingomonadaceae;Sphingomonas;Sphingomonas sp900109205,aminoglycoside,aac(3)-I,chromosome,1,0.625,1.6
Ea.F.1.H.A,G01,Earl,dorm_sample,Bacteria;Pseudomonadota;Alphaproteobacteria;Sphingomonadales;Sphingomonadaceae;Sphingomonas;Sphingomonas sp900109205,beta-lactam,bla*,chromosome,2,0.625,3.2
Ea.F.1.H.A,G01,Earl,dorm_sample,Bacteria;Pseudomonadota;Alphaproteobacteria;Sphingomonadales;Sphingomonadaceae;Sphingomonas;Sphingomonas sp964407945,beta-lactam,bla*,chromosome,3.993,1,3.993
Ea.F.1.H.A,G01,Earl,dorm_sample,Bacteria;Pseudomonadota;Alphaproteobacteria;Sphingomonadales;Sphingomonadaceae;Sphingopyxis;Sphingopyxis panaciterrae,defensin,mprF,chromosome,4.686,1.25,3.749
Ea.F.1.H.A,G01,Earl,dorm_sample,Bacteria;Pseudomonadota;Alphaproteobacteria;Sphingomonadales;Sphingomonadaceae;Sphingopyxis;Sphingopyxis sp001468395,beta-lactam,bla*,chromosome,1.931,3.375,0.572
Ea.F.1.H.A,G01,Earl,dorm_sample,Bacteria;Pseudomonadota;Alphaproteobacteria;Sphingomonadales;Sphingomonadaceae;Sphingopyxis;Sphingopyxis sp001468395,defensin,mprF,chromosome,1,3.375,0.296
Ea.F.1.H.A,G01,Earl,dorm_sample,Bacteria;Pseudomonadota;Alphaproteobacteria;Sphingomonadales;Sphingomonadaceae;Sphingopyxis;Sphingopyxis sp014873485,beta-lactam,bla*,chromosome,16.834,12.5,1.347
Ea.F.1.H.A,G01,Earl,dorm_sample,Bacteria;Pseudomonadota;Alphaproteobacteria;Sphingomonadales;Sphingomonadaceae;Sphingopyxis;Sphingopyxis sp014873485,phenicol,catB,chromosome,1,12.5,0.08
Ea.F.1.H.A,G01,Earl,dorm_sample,Bacteria;Pseudomonadota;Alphaproteobacteria;Sphingomonadales;Sphingomonadaceae;Sphingopyxis;Sphingopyxis sp014873485,rifamycin,arr,chromosome,4.958,12.5,0.397
Ea.F.1.H.A,G01,Earl,dorm_sample,Bacteria;Pseudomonadota;Gammaproteobacteria;Burkholderiales;Burkholderiaceae_C;Acidovorax;Acidovorax sp046339755,beta-lactam,bla*,chromosome,1,0.25,4
Ea.F.1.H.A,G01,Earl,dorm_sample,Bacteria;Pseudomonadota;Gammaproteobacteria;Burkholderiales;Burkholderiaceae_C;Acidovorax;Acidovorax temperans,beta-lactam,bla*,chromosome,1,0.625,1.6
Ea.F.1.H.A,G01,Earl,dorm_sample,Bacteria;Pseudomonadota;Gammaproteobacteria;Burkholderiales;Burkholderiaceae_C;Aquincola;Aquincola tertiaricarbonis_B,beta-lactam,bla*,chromosome,1.898,1.625,1.168
Ea.F.1.H.A,G01,Earl,dorm_sample,Bacteria;Pseudomonadota;Gammaproteobacteria;Burkholderiales;Burkholderiaceae_C;Comamonas;Comamonas tsuruhatensis,beta-lactam,bla*,chromosome,2,0.25,8
Ea.F.1.H.A,G01,Earl,dorm_sample,Bacteria;Pseudomonadota;Gammaproteobacteria;Burkholderiales;Burkholderiaceae_C;Pseudorhodoferax;Pseudorhodoferax sp049840715,multidrug,macB,chromosome,0.994,0.5,1.988
Ea.F.1.H.A,G01,Earl,dorm_sample,Bacteria;Pseudomonadota;Gammaproteobacteria;Pseudomonadales;Moraxellaceae;Acinetobacter;Acinetobacter junii,aminoglycoside,ant(3'')-I,chromosome,0.907,2.875,0.315
Ea.F.1.H.A,G01,Earl,dorm_sample,Bacteria;Pseudomonadota;Gammaproteobacteria;Pseudomonadales;Moraxellaceae;Acinetobacter;Acinetobacter junii,beta-lactam,bla*,chromosome,1.995,2.875,0.694
Ea.F.1.H.A,G01,Earl,dorm_sample,Bacteria;Pseudomonadota;Gammaproteobacteria;Pseudomonadales;Moraxellaceae;Acinetobacter;Acinetobacter junii,multidrug,adeJ,chromosome,0.378,2.875,0.132
Ea.F.1.H.A,G01,Earl,dorm_sample,Bacteria;Pseudomonadota;Gammaproteobacteria;Pseudomonadales;Moraxellaceae;Acinetobacter;Acinetobacter junii,multidrug,craA,chromosome,2.151,2.875,0.748
Ea.F.1.H.A,G01,Earl,dorm_sample,Bacteria;Pseudomonadota;Gammaproteobacteria;Pseudomonadales;Moraxellaceae;Acinetobacter;Acinetobacter junii,multidrug,macA,chromosome,3.59,2.875,1.249
Ea.F.1.H.A,G01,Earl,dorm_sample,Bacteria;Pseudomonadota;Gammaproteobacteria;Pseudomonadales;Moraxellaceae;Acinetobacter;Acinetobacter junii,multidrug,macB,chromosome,3.446,2.875,1.199
Ea.F.1.H.A,G01,Earl,dorm_sample,Bacteria;Pseudomonadota;Gammaproteobacteria;Pseudomonadales;Moraxellaceae;Acinetobacter;Acinetobacter junii,phenicol,cxpE,chromosome,1.95,2.875,0.678
Ea.F.1.H.A,G01,Earl,dorm_sample,Bacteria;Pseudomonadota;Gammaproteobacteria;Xanthomonadales;Xanthomonadaceae;Lysobacter;Lysobacter capsici,defensin,mprF,chromosome,5.316,6.125,0.868
Ea.F.1.H.A,G01,Earl,dorm_sample,Bacteria;Pseudomonadota;Gammaproteobacteria;Xanthomonadales;Xanthomonadaceae;Lysobacter;Lysobacter capsici_A,defensin,mprF,chromosome,0.842,0.625,1.348
Ea.F.1.H.A,G01,Earl,dorm_sample,Bacteria;Pseudomonadota;Gammaproteobacteria;Xanthomonadales;Xanthomonadaceae;Pseudoxanthomonas_A;Pseudoxanthomonas_A japonensis,aminoglycoside,aac(6')*,chromosome,1,1.375,0.727
Ea.F.1.H.A,G01,Earl,dorm_sample,Bacteria;Pseudomonadota;Gammaproteobacteria;Xanthomonadales;Xanthomonadaceae;Pseudoxanthomonas_A;Pseudoxanthomonas_A japonensis,beta-lactam,blaPJM,chromosome,3.678,1.375,2.675
Ea.F.1.H.A,G01,Earl,dorm_sample,Bacteria;Pseudomonadota;Gammaproteobacteria;Xanthomonadales;Xanthomonadaceae;Pseudoxanthomonas_A;Pseudoxanthomonas_A mexicana,aminoglycoside,aac(6')*,chromosome,1.926,0.5,3.852
Ea.F.1.H.A,G01,Earl,dorm_sample,Bacteria;Pseudomonadota;Gammaproteobacteria;Xanthomonadales;Xanthomonadaceae;Pseudoxanthomonas_A;Pseudoxanthomonas_A mexicana,beta-lactam,bla*,chromosome,1,0.5,2
Ea.F.1.H.A,G01,Earl,dorm_sample,Bacteria;Pseudomonadota;Gammaproteobacteria;Xanthomonadales;Xanthomonadaceae;Pseudoxanthomonas_A;Pseudoxanthomonas_A mexicana,rifamycin,arr,chromosome,2,0.5,4
Ea.F.1.H.A,G01,Earl,dorm_sample,Bacteria;Pseudomonadota;Gammaproteobacteria;Xanthomonadales;Xanthomonadaceae;Stenotrophomonas;Stenotrophomonas muris,aminoglycoside,aph(3')-II,chromosome,2,0.875,2.286
Ea.F.1.H.A,G01,Earl,dorm_sample,Bacteria;Pseudomonadota;Gammaproteobacteria;Xanthomonadales;Xanthomonadaceae;Stenotrophomonas;Stenotrophomonas muris,aminoglycoside,aph(6)*,chromosome,2,0.875,2.286
Ea.F.1.H.A,G01,Earl,dorm_sample,Bacteria;Pseudomonadota;Gammaproteobacteria;Xanthomonadales;Xanthomonadaceae;Stenotrophomonas;Stenotrophomonas muris,aminoglycoside,aph(9)-I,chromosome,1,0.875,1.143
Ea.F.1.H.A,G01,Earl,dorm_sample,Bacteria;Pseudomonadota;Gammaproteobacteria;Xanthomonadales;Xanthomonadaceae;Stenotrophomonas;Stenotrophomonas muris,multidrug,macB,chromosome,1.688,0.875,1.929
Ea.F.1.H.A,G01,Earl,dorm_sample,Bacteria;Pseudomonadota;Gammaproteobacteria;Xanthomonadales;Xanthomonadaceae;Stenotrophomonas;Stenotrophomonas muris,multidrug,smeE,chromosome,1,0.875,1.143
Ea.F.1.H.A,G01,Earl,dorm_sample,Bacteria;Pseudomonadota;Gammaproteobacteria;Xanthomonadales;Xanthomonadaceae;Stenotrophomonas;Stenotrophomonas muris,multidrug,smeF,chromosome,0.998,0.875,1.14
Ea.F.1.H.A,G01,Earl,dorm_sample,Bacteria;Pseudomonadota;Gammaproteobacteria;Xanthomonadales;Xanthomonadaceae;Stenotrophomonas;Stenotrophomonas muris,multidrug,smeH,chromosome,1,0.875,1.143
Ea.F.1.H.A,G01,Earl,dorm_sample,Bacteria;Pseudomonadota;Gammaproteobacteria;Xanthomonadales;Xanthomonadaceae;Stenotrophomonas;Stenotrophomonas muris,multidrug,smeI,chromosome,1,0.875,1.143
Ea.F.1.H.A,G01,Earl,dorm_sample,Bacteria;Pseudomonadota;Gammaproteobacteria;Xanthomonadales;Xanthomonadaceae;Stenotrophomonas;Stenotrophomonas muris,multidrug,smeJ,chromosome,1.793,0.875,2.049
Ea.F.1.H.A,G01,Earl,dorm_sample,Bacteria;Pseudomonadota;Gammaproteobacteria;Xanthomonadales;Xanthomonadaceae;Stenotrophomonas;Stenotrophomonas muris,multidrug,smeK,chromosome,2.762,0.875,3.156
Ea.F.1.H.A,G01,Earl,dorm_sample,Bacteria;Pseudomonadota;Gammaproteobacteria;Xanthomonadales;Xanthomonadaceae;Stenotrophomonas;Stenotrophomonas muris,multidrug,smeP,chromosome,1,0.875,1.143
Ea.F.1.H.A,G01,Earl,dorm_sample,Bacteria;Pseudomonadota;Gammaproteobacteria;Xanthomonadales;Xanthomonadaceae;Stenotrophomonas;Stenotrophomonas muris,multidrug,smeZ,chromosome,1.588,0.875,1.815
Ea.F.1.H.A,G01,Earl,dorm_sample,Bacteria;Pseudomonadota;Gammaproteobacteria;Xanthomonadales;Xanthomonadaceae;Stenotrophomonas;Stenotrophomonas muris,multidrug,smrA,chromosome,1,0.875,1.143
Ea.F.1.H.A,G01,Earl,dorm_sample,Bacteria;Pseudomonadota;Gammaproteobacteria;Xanthomonadales;Xanthomonadaceae;Stenotrophomonas;Stenotrophomonas muris,quinolone,qnr*,chromosome,2,0.875,2.286
Ea.F.1.H.A,G01,Earl,dorm_sample,Bacteria;Pseudomonadota;Gammaproteobacteria;Xanthomonadales;Xanthomonadaceae;Stenotrophomonas;Stenotrophomonas muris,rifamycin,arr,chromosome,2,0.875,2.286
Ea.F.1.H.A,G01,Earl,dorm_sample,Bacteria;Pseudomonadota;Gammaproteobacteria;Xanthomonadales;Xanthomonadaceae;Stenotrophomonas;Stenotrophomonas muris,tetracycline,tcrA,chromosome,2,0.875,2.286
Ea.F.1.H.A,G01,Earl,dorm_sample,unclassified,aminoglycoside,aac(3)-I,chromosome,1,0,0
Ea.F.1.H.A,G01,Earl,dorm_sample,unclassified,aminoglycoside,aac(6')*,chromosome,1,0,0
Ea.F.1.H.A,G01,Earl,dorm_sample,unclassified,aminoglycoside,ant(3'')-II,chromosome,0.993,0,0
Ea.F.1.H.A,G01,Earl,dorm_sample,unclassified,aminoglycoside,aph(3'')-I,chromosome,0.939,0,0
Ea.F.1.H.A,G01,Earl,dorm_sample,unclassified,aminoglycoside,aph(3'')-I,plasmid,0.939,0,0
Ea.F.1.H.A,G01,Earl,dorm_sample,unclassified,aminoglycoside,aph(3')*,chromosome,1.989,0,0
Ea.F.1.H.A,G01,Earl,dorm_sample,unclassified,aminoglycoside,aph(3')-II,chromosome,1,0,0
Ea.F.1.H.A,G01,Earl,dorm_sample,unclassified,aminoglycoside,aph(6)-I,chromosome,1,0,0
Ea.F.1.H.A,G01,Earl,dorm_sample,unclassified,beta-lactam,bla*,chromosome,18.056,0,0
Ea.F.1.H.A,G01,Earl,dorm_sample,unclassified,beta-lactam,blaCHM,chromosome,1,0,0
Ea.F.1.H.A,G01,Earl,dorm_sample,unclassified,beta-lactam,blaIND,chromosome,1,0,0
Ea.F.1.H.A,G01,Earl,dorm_sample,unclassified,defensin,lysX,chromosome,1,0,0
Ea.F.1.H.A,G01,Earl,dorm_sample,unclassified,defensin,mprF,chromosome,2,0,0
Ea.F.1.H.A,G01,Earl,dorm_sample,unclassified,multidrug,adeJ,chromosome,0.716,0,0
Ea.F.1.H.A,G01,Earl,dorm_sample,unclassified,multidrug,adeK,chromosome,1,0,0
Ea.F.1.H.A,G01,Earl,dorm_sample,unclassified,multidrug,macB,chromosome,1.997,0,0
Ea.F.1.H.A,G01,Earl,dorm_sample,unclassified,rifamycin,arr,chromosome,2.964,0,0
Ea.F.1.H.A,G01,Earl,dorm_sample,unclassified,sulfonamide,sul2,chromosome,1,0,0
Ea.F.1.H.A,G01,Earl,dorm_sample,unclassified,tetracycline,tet(V),chromosome,5.44,0,0
Ea.F.3.H.C,G02,Earl,dorm_sample,Bacteria;Actinomycetota;Actinomycetes;Mycobacteriales;Mycobacteriaceae;Mycobacterium;Mycobacterium phocaicum,rifamycin,arr,chromosome,0.993,0.375,2.648
Ea.F.3.H.C,G02,Earl,dorm_sample,unclassified,macrolide-lincosamide-streptogramin,erm(55),plasmid,1,0,0
Te.M.2.H.A,G03,Teal,dorm_sample,Bacteria;Actinomycetota;Actinomycetes;Actinomycetales;Microbacteriaceae;Agromyces;Agromyces mediolanus_A,macrolide-lincosamide-streptogramin,erm*,chromosome,0.997,1,0.997
Te.M.2.H.A,G03,Teal,dorm_sample,Bacteria;Actinomycetota;Actinomycetes;Actinomycetales;Microbacteriaceae;Microbacterium;Microbacterium oxydans,rifamycin,helR,chromosome,1.608,1.375,1.169
Te.M.2.H.A,G03,Teal,dorm_sample,Bacteria;Actinomycetota;Actinomycetes;Actinomycetales;Microbacteriaceae;Microbacterium;Microbacterium oxydans,tetracycline,tet(42),chromosome,0.928,1.375,0.675
Te.M.2.H.A,G03,Teal,dorm_sample,Bacteria;Actinomycetota;Actinomycetes;Actinomycetales;Microbacteriaceae;Microbacterium;Microbacterium sp025143365,rifamycin,helR,chromosome,1,1.125,0.889
Te.M.2.H.A,G03,Teal,dorm_sample,Bacteria;Actinomycetota;Actinomycetes;Mycobacteriales;Mycobacteriaceae;Mycobacterium;Mycobacterium fortuitum,aminoglycoside,aac(2')-I,chromosome,27.369,29,0.944
Te.M.2.H.A,G03,Teal,dorm_sample,Bacteria;Actinomycetota;Actinomycetes;Mycobacteriales;Mycobacteriaceae;Mycobacterium;Mycobacterium fortuitum,aminoglycoside,aph(3'')-I,chromosome,24.142,29,0.832
Te.M.2.H.A,G03,Teal,dorm_sample,Bacteria;Actinomycetota;Actinomycetes;Mycobacteriales;Mycobacteriaceae;Mycobacterium;Mycobacterium fortuitum,aminoglycoside,eis,chromosome,25.741,29,0.888
Te.M.2.H.A,G03,Teal,dorm_sample,Bacteria;Actinomycetota;Actinomycetes;Mycobacteriales;Mycobacteriaceae;Mycobacterium;Mycobacterium fortuitum,beta-lactam,blaF,chromosome,30.772,29,1.061
Te.M.2.H.A,G03,Teal,dorm_sample,Bacteria;Actinomycetota;Actinomycetes;Mycobacteriales;Mycobacteriaceae;Mycobacterium;Mycobacterium fortuitum,defensin,lysX,chromosome,31.381,29,1.082
Te.M.2.H.A,G03,Teal,dorm_sample,Bacteria;Actinomycetota;Actinomycetes;Mycobacteriales;Mycobacteriaceae;Mycobacterium;Mycobacterium fortuitum,macrolide-lincosamide-streptogramin,erm(39),chromosome,31.821,29,1.097
Te.M.2.H.A,G03,Teal,dorm_sample,Bacteria;Actinomycetota;Actinomycetes;Mycobacteriales;Mycobacteriaceae;Mycobacterium;Mycobacterium fortuitum,multidrug,lfrA,chromosome,24.252,29,0.836
Te.M.2.H.A,G03,Teal,dorm_sample,Bacteria;Actinomycetota;Actinomycetes;Mycobacteriales;Mycobacteriaceae;Mycobacterium;Mycobacterium fortuitum,multidrug,tap,chromosome,22.663,29,0.781
Te.M.2.H.A,G03,Teal,dorm_sample,Bacteria;Actinomycetota;Actinomycetes;Mycobacteriales;Mycobacteriaceae;Mycobacterium;Mycobacterium fortuitum,rifamycin,arr,chromosome,25.007,29,0.862
Te.M.2.H.A,G03,Teal,dorm_sample,Bacteria;Actinomycetota;Actinomycetes;Mycobacteriales;Mycobacteriaceae;Mycobacterium;Mycobacterium fortuitum,rifamycin,helR,chromosome,15.403,29,0.531
Te.M.2.H.A,G03,Teal,dorm_sample,Bacteria;Actinomycetota;Actinomycetes;Mycobacteriales;Mycobacteriaceae;Mycobacterium;Mycobacterium fortuitum,rifamycin,rox,chromosome,31.746,29,1.095
Te.M.2.H.A,G03,Teal,dorm_sample,Bacteria;Actinomycetota;Actinomycetes;Mycobacteriales;Mycobacteriaceae;Mycobacterium;Mycobacterium fortuitum,tetracycline,tet(V),chromosome,24.302,29,0.838
Te.M.2.H.A,G03,Teal,dorm_sample,Bacteria;Actinomycetota;Actinomycetes;Mycobacteriales;Mycobacteriaceae;Mycobacterium;Mycobacterium fortuitum,tuberactinomycin,vph,chromosome,31.587,29,1.089
Te.M.2.H.A,G03,Teal,dorm_sample,Bacteria;Actinomycetota;Actinomycetes;Mycobacteriales;Mycobacteriaceae;Mycobacterium;Mycobacterium grossiae,aminoglycoside,eis,chromosome,15.444,12.5,1.236
Te.M.2.H.A,G03,Teal,dorm_sample,Bacteria;Actinomycetota;Actinomycetes;Mycobacteriales;Mycobacteriaceae;Mycobacterium;Mycobacterium grossiae,beta-lactam,bla*,chromosome,17,12.5,1.36
Te.M.2.H.A,G03,Teal,dorm_sample,Bacteria;Actinomycetota;Actinomycetes;Mycobacteriales;Mycobacteriaceae;Mycobacterium;Mycobacterium grossiae,defensin,lysX,chromosome,8.632,12.5,0.691
Te.M.2.H.A,G03,Teal,dorm_sample,Bacteria;Actinomycetota;Actinomycetes;Mycobacteriales;Mycobacteriaceae;Mycobacterium;Mycobacterium grossiae,multidrug,lfrA,chromosome,13.53,12.5,1.082
Te.M.2.H.A,G03,Teal,dorm_sample,Bacteria;Actinomycetota;Actinomycetes;Mycobacteriales;Mycobacteriaceae;Mycobacterium;Mycobacterium grossiae,multidrug,tap,chromosome,11.042,12.5,0.883
Te.M.2.H.A,G03,Teal,dorm_sample,Bacteria;Actinomycetota;Actinomycetes;Mycobacteriales;Mycobacteriaceae;Mycobacterium;Mycobacterium grossiae,rifamycin,arr,chromosome,27.592,12.5,2.207
Te.M.2.H.A,G03,Teal,dorm_sample,Bacteria;Actinomycetota;Actinomycetes;Mycobacteriales;Mycobacteriaceae;Mycobacterium;Mycobacterium gwanakae,aminoglycoside,aph(3'')*,chromosome,1.948,1.375,1.416
Te.M.2.H.A,G03,Teal,dorm_sample,Bacteria;Actinomycetota;Actinomycetes;Mycobacteriales;Mycobacteriaceae;Mycobacterium;Mycobacterium gwanakae,beta-lactam,bla*,chromosome,2.289,1.375,1.664
Te.M.2.H.A,G03,Teal,dorm_sample,Bacteria;Actinomycetota;Actinomycetes;Mycobacteriales;Mycobacteriaceae;Mycobacterium;Mycobacterium gwanakae,macrolide-lincosamide-streptogramin,erm(55),plasmid,14,1.375,10.182
Te.M.2.H.A,G03,Teal,dorm_sample,Bacteria;Actinomycetota;Actinomycetes;Mycobacteriales;Mycobacteriaceae;Mycobacterium;Mycobacterium gwanakae,rifamycin,arr,chromosome,2,1.375,1.455
Te.M.2.H.A,G03,Teal,dorm_sample,Bacteria;Actinomycetota;Actinomycetes;Mycobacteriales;Mycobacteriaceae;Mycobacterium;Mycobacterium phocaicum,beta-lactam,bla*,chromosome,174.109,156.25,1.114
Te.M.2.H.A,G03,Teal,dorm_sample,Bacteria;Actinomycetota;Actinomycetes;Mycobacteriales;Mycobacteriaceae;Mycobacterium;Mycobacterium phocaicum,defensin,lysX,chromosome,165.672,156.25,1.06
Te.M.2.H.A,G03,Teal,dorm_sample,Bacteria;Actinomycetota;Actinomycetes;Mycobacteriales;Mycobacteriaceae;Mycobacterium;Mycobacterium phocaicum,multidrug,lfrA,chromosome,151.607,156.25,0.97
Te.M.2.H.A,G03,Teal,dorm_sample,Bacteria;Actinomycetota;Actinomycetes;Mycobacteriales;Mycobacteriaceae;Mycobacterium;Mycobacterium phocaicum,rifamycin,arr,chromosome,296.434,156.25,1.897
Te.M.2.H.A,G03,Teal,dorm_sample,Bacteria;Actinomycetota;Actinomycetes;Mycobacteriales;Mycobacteriaceae;Mycobacterium;Mycobacterium phocaicum,tetracycline,tet(V),chromosome,75.516,156.25,0.483
Te.M.2.H.A,G03,Teal,dorm_sample,Bacteria;Actinomycetota;Actinomycetes;Mycobacteriales;Mycobacteriaceae;Mycobacterium;Mycobacterium sp018326285,beta-lactam,bla*,chromosome,1.539,12.375,0.124
Te.M.2.H.A,G03,Teal,dorm_sample,Bacteria;Actinomycetota;Actinomycetes;Mycobacteriales;Mycobacteriaceae;Mycobacterium;Mycobacterium sp018326285,rifamycin,arr,chromosome,2,12.375,0.162
Te.M.2.H.A,G03,Teal,dorm_sample,Bacteria;Actinomycetota;Actinomycetes;Mycobacteriales;Mycobacteriaceae;Mycobacterium;Mycobacterium sp018326285,tetracycline,tet(V),chromosome,125.649,12.375,10.153
Te.M.2.H.A,G03,Teal,dorm_sample,Bacteria;Bacteroidota;Bacteroidia;Chitinophagales;Chitinophagaceae;Niabella;Niabella sp052044285,beta-lactam,bla*,chromosome,9.27,4.875,1.901
Te.M.2.H.A,G03,Teal,dorm_sample,Bacteria;Bacteroidota;Bacteroidia;Cytophagales;Spirosomataceae;Dyadobacter;Dyadobacter fermentans_A,rifamycin,rph*,chromosome,1.254,1.375,0.912
Te.M.2.H.A,G03,Teal,dorm_sample,Bacteria;Bacteroidota;Bacteroidia;Flavobacteriales;Weeksellaceae;Chryseobacterium;Chryseobacterium oranimense_A,aminoglycoside,ant(6)*,chromosome,1,0.25,4
Te.M.2.H.A,G03,Teal,dorm_sample,Bacteria;Bacteroidota;Bacteroidia;Flavobacteriales;Weeksellaceae;Chryseobacterium;Chryseobacterium salviniae,beta-lactam,bla*,chromosome,10.168,3.5,2.905
Te.M.2.H.A,G03,Teal,dorm_sample,Bacteria;Bacteroidota;Bacteroidia;Flavobacteriales;Weeksellaceae;Chryseobacterium;Chryseobacterium salviniae,rifamycin,arr,chromosome,5,3.5,1.429
Te.M.2.H.A,G03,Teal,dorm_sample,Bacteria;Bacteroidota;Bacteroidia;Flavobacteriales;Weeksellaceae;Chryseobacterium;Chryseobacterium sp001045445,beta-lactam,blaIND,chromosome,1.988,0.625,3.18
Te.M.2.H.A,G03,Teal,dorm_sample,Bacteria;Bacteroidota;Bacteroidia;Flavobacteriales;Weeksellaceae;Chryseobacterium;Chryseobacterium sp001045445,rifamycin,arr,chromosome,1,0.625,1.6
Te.M.2.H.A,G03,Teal,dorm_sample,Bacteria;Bacteroidota;Bacteroidia;Sphingobacteriales;Sphingobacteriaceae;Pedobacter;Pedobacter chitinilyticus,beta-lactam,bla*,chromosome,1,1,1
Te.M.2.H.A,G03,Teal,dorm_sample,Bacteria;Pseudomonadota;Alphaproteobacteria;Caulobacterales;Caulobacteraceae;Brevundimonas;Brevundimonas diminuta_C,beta-lactam,bla*,chromosome,3.209,10,0.321
Te.M.2.H.A,G03,Teal,dorm_sample,Bacteria;Pseudomonadota;Alphaproteobacteria;Caulobacterales;Caulobacteraceae;Brevundimonas;Brevundimonas huaxiensis,beta-lactam,bla*,chromosome,1,1.625,0.615
Te.M.2.H.A,G03,Teal,dorm_sample,Bacteria;Pseudomonadota;Alphaproteobacteria;Caulobacterales;Caulobacteraceae;Brevundimonas;Brevundimonas sp006547065,beta-lactam,bla*,chromosome,6,13.375,0.449
Te.M.2.H.A,G03,Teal,dorm_sample,Bacteria;Pseudomonadota;Alphaproteobacteria;Caulobacterales;Caulobacteraceae;Brevundimonas;Brevundimonas sp041919755,beta-lactam,bla*,chromosome,6.026,7.75,0.778
Te.M.2.H.A,G03,Teal,dorm_sample,Bacteria;Pseudomonadota;Alphaproteobacteria;Caulobacterales;Caulobacteraceae;Phenylobacterium;Phenylobacterium haematophilum,beta-lactam,bla*,chromosome,15.563,6.625,2.349
Te.M.2.H.A,G03,Teal,dorm_sample,Bacteria;Pseudomonadota;Alphaproteobacteria;Caulobacterales;Caulobacteraceae;Phenylobacterium;Phenylobacterium haematophilum,phenicol,cml*,chromosome,9.686,6.625,1.462
Te.M.2.H.A,G03,Teal,dorm_sample,Bacteria;Pseudomonadota;Alphaproteobacteria;Rhizobiales;Beijerinckiaceae;Methylobacterium;Methylobacterium radiotolerans,beta-lactam,bla*,chromosome,5.894,4.25,1.387
Te.M.2.H.A,G03,Teal,dorm_sample,Bacteria;Pseudomonadota;Alphaproteobacteria;Rhizobiales;Beijerinckiaceae;Microvirga;Microvirga sp014699075,aminoglycoside,aac(6')*,chromosome,1,0.25,4
Te.M.2.H.A,G03,Teal,dorm_sample,Bacteria;Pseudomonadota;Alphaproteobacteria;Rhizobiales;Rhizobiaceae;Agrobacterium;Agrobacterium cavarae,aminoglycoside,aac(6')*,chromosome,5.693,3,1.898
Te.M.2.H.A,G03,Teal,dorm_sample,Bacteria;Pseudomonadota;Alphaproteobacteria;Rhizobiales;Rhizobiaceae;Agrobacterium;Agrobacterium cavarae,beta-lactam,bla*,chromosome,2.195,3,0.732
Te.M.2.H.A,G03,Teal,dorm_sample,Bacteria;Pseudomonadota;Alphaproteobacteria;Rhizobiales;Rhizobiaceae;Agrobacterium;Agrobacterium cavarae,defensin,mprF,chromosome,2.219,3,0.74
Te.M.2.H.A,G03,Teal,dorm_sample,Bacteria;Pseudomonadota;Alphaproteobacteria;Rhizobiales;Rhizobiaceae;Agrobacterium;Agrobacterium cavarae,tetracycline,tet(30),chromosome,3.114,3,1.038
Te.M.2.H.A,G03,Teal,dorm_sample,Bacteria;Pseudomonadota;Alphaproteobacteria;Rhizobiales;Rhizobiaceae;Agrobacterium;Agrobacterium pusense,multidrug,acrA,chromosome,0.975,0.25,3.901
Te.M.2.H.A,G03,Teal,dorm_sample,Bacteria;Pseudomonadota;Alphaproteobacteria;Rhizobiales;Rhizobiaceae;Agrobacterium;Agrobacterium pusense,multidrug,acrB,chromosome,1,0.25,4
Te.M.2.H.A,G03,Teal,dorm_sample,Bacteria;Pseudomonadota;Alphaproteobacteria;Rhizobiales;Rhizobiaceae;Agrobacterium;Agrobacterium pusense,multidrug,ameA,chromosome,1,0.25,4
Te.M.2.H.A,G03,Teal,dorm_sample,Bacteria;Pseudomonadota;Alphaproteobacteria;Rhizobiales;Rhizobiaceae;Agrobacterium;Agrobacterium pusense,multidrug,ameB,chromosome,1,0.25,4
Te.M.2.H.A,G03,Teal,dorm_sample,Bacteria;Pseudomonadota;Alphaproteobacteria;Rhizobiales;Rhizobiaceae;Agrobacterium;Agrobacterium pusense,phenicol,catB,chromosome,1,0.25,4
Te.M.2.H.A,G03,Teal,dorm_sample,Bacteria;Pseudomonadota;Alphaproteobacteria;Rhizobiales;Rhizobiaceae;Shinella;Shinella sp001262505,aminoglycoside,aph(3'')*,chromosome,5.35,6.375,0.839
Te.M.2.H.A,G03,Teal,dorm_sample,Bacteria;Pseudomonadota;Alphaproteobacteria;Rhizobiales;Rhizobiaceae;Shinella;Shinella sp001262505,beta-lactam,bla*,chromosome,10.224,6.375,1.604
Te.M.2.H.A,G03,Teal,dorm_sample,Bacteria;Pseudomonadota;Alphaproteobacteria;Rhizobiales;Rhizobiaceae;Shinella;Shinella sp001262505,phenicol,cml*,chromosome,15.353,6.375,2.408
Te.M.2.H.A,G03,Teal,dorm_sample,Bacteria;Pseudomonadota;Alphaproteobacteria;Sphingomonadales;Sphingomonadaceae;Blastomonas;Blastomonas ursincola,aminoglycoside,aac(3)*,chromosome,111.808,121.625,0.919
Te.M.2.H.A,G03,Teal,dorm_sample,Bacteria;Pseudomonadota;Alphaproteobacteria;Sphingomonadales;Sphingomonadaceae;Blastomonas;Blastomonas ursincola,beta-lactam,bla*,chromosome,146.013,121.625,1.201
Te.M.2.H.A,G03,Teal,dorm_sample,Bacteria;Pseudomonadota;Alphaproteobacteria;Sphingomonadales;Sphingomonadaceae;Sphingomonas;Sphingomonas ginsenosidimutans,aminoglycoside,aph(3')*,chromosome,5.822,3.875,1.502
Te.M.2.H.A,G03,Teal,dorm_sample,Bacteria;Pseudomonadota;Alphaproteobacteria;Sphingomonadales;Sphingomonadaceae;Sphingomonas;Sphingomonas ginsenosidimutans,beta-lactam,bla*,chromosome,5.901,3.875,1.523
Te.M.2.H.A,G03,Teal,dorm_sample,Bacteria;Pseudomonadota;Alphaproteobacteria;Sphingomonadales;Sphingomonadaceae;Sphingomonas;Sphingomonas ginsenosidimutans,defensin,mprF,chromosome,4.674,3.875,1.206
Te.M.2.H.A,G03,Teal,dorm_sample,Bacteria;Pseudomonadota;Alphaproteobacteria;Sphingomonadales;Sphingomonadaceae;Sphingomonas;Sphingomonas koreensis,aminoglycoside,aac(6')*,chromosome,84.94,73.75,1.152
Te.M.2.H.A,G03,Teal,dorm_sample,Bacteria;Pseudomonadota;Alphaproteobacteria;Sphingomonadales;Sphingomonadaceae;Sphingomonas;Sphingomonas koreensis,beta-lactam,bla*,chromosome,136.172,73.75,1.846
Te.M.2.H.A,G03,Teal,dorm_sample,Bacteria;Pseudomonadota;Alphaproteobacteria;Sphingomonadales;Sphingomonadaceae;Sphingomonas;Sphingomonas koreensis,phenicol,catB,chromosome,56.933,73.75,0.772
Te.M.2.H.A,G03,Teal,dorm_sample,Bacteria;Pseudomonadota;Alphaproteobacteria;Sphingomonadales;Sphingomonadaceae;Sphingomonas;Sphingomonas koreensis,rifamycin,arr,chromosome,51.368,73.75,0.697
Te.M.2.H.A,G03,Teal,dorm_sample,Bacteria;Pseudomonadota;Alphaproteobacteria;Sphingomonadales;Sphingomonadaceae;Sphingomonas;Sphingomonas sp036402235,beta-lactam,bla*,chromosome,2,11.375,0.176
Te.M.2.H.A,G03,Teal,dorm_sample,Bacteria;Pseudomonadota;Alphaproteobacteria;Sphingomonadales;Sphingomonadaceae;Sphingomonas;Sphingomonas sp913775315,aminoglycoside,aac(3)*,chromosome,1,0.25,4
Te.M.2.H.A,G03,Teal,dorm_sample,Bacteria;Pseudomonadota;Alphaproteobacteria;Sphingomonadales;Sphingomonadaceae;Sphingomonas;Sphingomonas sp943913195,beta-lactam,bla*,chromosome,10.633,8.625,1.233
Te.M.2.H.A,G03,Teal,dorm_sample,Bacteria;Pseudomonadota;Alphaproteobacteria;Sphingomonadales;Sphingomonadaceae;Sphingomonas;Sphingomonas sp943913195,phenicol,catB,chromosome,11.307,8.625,1.311
Te.M.2.H.A,G03,Teal,dorm_sample,Bacteria;Pseudomonadota;Alphaproteobacteria;Sphingomonadales;Sphingomonadaceae;Sphingomonas;Sphingomonas sp964407945,beta-lactam,bla*,chromosome,83.716,11,7.611
Te.M.2.H.A,G03,Teal,dorm_sample,Bacteria;Pseudomonadota;Alphaproteobacteria;Sphingomonadales;Sphingomonadaceae;Sphingomonas;Sphingomonas yantingensis,beta-lactam,bla*,chromosome,1,0.375,2.667
Te.M.2.H.A,G03,Teal,dorm_sample,Bacteria;Pseudomonadota;Alphaproteobacteria;Sphingomonadales;Sphingomonadaceae;Sphingomonas;Sphingomonas yantingensis,defensin,mprF,chromosome,2.482,0.375,6.619
Te.M.2.H.A,G03,Teal,dorm_sample,Bacteria;Pseudomonadota;Alphaproteobacteria;Sphingomonadales;Sphingomonadaceae;Sphingopyxis;Sphingopyxis panaciterrae,beta-lactam,bla*,chromosome,2,2.25,0.889
Te.M.2.H.A,G03,Teal,dorm_sample,Bacteria;Pseudomonadota;Alphaproteobacteria;Sphingomonadales;Sphingomonadaceae;Sphingopyxis;Sphingopyxis panaciterrae,defensin,mprF,chromosome,4.289,2.25,1.906
Te.M.2.H.A,G03,Teal,dorm_sample,Bacteria;Pseudomonadota;Alphaproteobacteria;Sphingomonadales;Sphingomonadaceae;Sphingopyxis;Sphingopyxis sp014873485,beta-lactam,bla*,chromosome,0.993,1.5,0.662
Te.M.2.H.A,G03,Teal,dorm_sample,Bacteria;Pseudomonadota;Alphaproteobacteria;Sphingomonadales;Sphingomonadaceae;Sphingopyxis;Sphingopyxis sp014873485,phenicol,catB,chromosome,1.401,1.5,0.934
Te.M.2.H.A,G03,Teal,dorm_sample,Bacteria;Pseudomonadota;Alphaproteobacteria;Sphingomonadales;Sphingomonadaceae;Sphingopyxis;Sphingopyxis sp035944815,rifamycin,arr,chromosome,3,0.25,12
Te.M.2.H.A,G03,Teal,dorm_sample,Bacteria;Pseudomonadota;Alphaproteobacteria;Sphingomonadales;Sphingomonadaceae;Sphingopyxis;Sphingopyxis sp035998905,beta-lactam,bla*,chromosome,17.619,8.5,2.073
Te.M.2.H.A,G03,Teal,dorm_sample,Bacteria;Pseudomonadota;Alphaproteobacteria;Sphingomonadales;Sphingomonadaceae;Sphingopyxis;Sphingopyxis sp035998905,phenicol,catB,chromosome,4.656,8.5,0.548
Te.M.2.H.A,G03,Teal,dorm_sample,Bacteria;Pseudomonadota;Alphaproteobacteria;Sphingomonadales;Sphingomonadaceae;Sphingopyxis;Sphingopyxis sp035998905,rifamycin,arr,chromosome,7,8.5,0.824
Te.M.2.H.A,G03,Teal,dorm_sample,Bacteria;Pseudomonadota;Alphaproteobacteria;Sphingomonadales;Sphingomonadaceae;Sphingopyxis;Sphingopyxis sp051861185,rifamycin,arr,chromosome,7,0.875,8
Te.M.2.H.A,G03,Teal,dorm_sample,Bacteria;Pseudomonadota;Gammaproteobacteria;Burkholderiales;Burkholderiaceae_C;Acidovorax;Acidovorax sp046294525,aminoglycoside,aac(3)-I,chromosome,2,1.625,1.231
Te.M.2.H.A,G03,Teal,dorm_sample,Bacteria;Pseudomonadota;Gammaproteobacteria;Burkholderiales;Burkholderiaceae_C;Acidovorax;Acidovorax sp046294525,beta-lactam,blaACA,chromosome,3.303,1.625,2.033
Te.M.2.H.A,G03,Teal,dorm_sample,Bacteria;Pseudomonadota;Gammaproteobacteria;Burkholderiales;Burkholderiaceae_C;Acidovorax;Acidovorax sp046294525,fosfomycin,fosX,chromosome,1.432,1.625,0.881
Te.M.2.H.A,G03,Teal,dorm_sample,Bacteria;Pseudomonadota;Gammaproteobacteria;Burkholderiales;Burkholderiaceae_C;Aquincola;Aquincola tertiaricarbonis_B,beta-lactam,bla*,chromosome,74.351,61.125,1.216
Te.M.2.H.A,G03,Teal,dorm_sample,Bacteria;Pseudomonadota;Gammaproteobacteria;Burkholderiales;Burkholderiaceae_C;Diaphorobacter;Diaphorobacter nitroreducens,beta-lactam,bla*,chromosome,5,5.875,0.851
Te.M.2.H.A,G03,Teal,dorm_sample,Bacteria;Pseudomonadota;Gammaproteobacteria;Xanthomonadales;Xanthomonadaceae;Lysobacter;Lysobacter capsici,defensin,mprF,chromosome,29.635,33.5,0.885
Te.M.2.H.A,G03,Teal,dorm_sample,Bacteria;Pseudomonadota;Gammaproteobacteria;Xanthomonadales;Xanthomonadaceae;Lysobacter;Lysobacter capsici_A,defensin,mprF,chromosome,7.707,6.125,1.258
Te.M.2.H.A,G03,Teal,dorm_sample,Bacteria;Pseudomonadota;Gammaproteobacteria;Xanthomonadales;Xanthomonadaceae;Lysobacter_I;Lysobacter_I brunescens,beta-lactam,bla*,chromosome,12.567,0.75,16.756
Te.M.2.H.A,G03,Teal,dorm_sample,Bacteria;Pseudomonadota;Gammaproteobacteria;Xanthomonadales;Xanthomonadaceae;Pseudoxanthomonas_A;Pseudoxanthomonas_A japonensis,aminoglycoside,aac(6')*,chromosome,22.384,19.875,1.126
Te.M.2.H.A,G03,Teal,dorm_sample,Bacteria;Pseudomonadota;Gammaproteobacteria;Xanthomonadales;Xanthomonadaceae;Pseudoxanthomonas_A;Pseudoxanthomonas_A japonensis,beta-lactam,blaPJM,chromosome,24.256,19.875,1.22
Te.M.2.H.A,G03,Teal,dorm_sample,Bacteria;Pseudomonadota;Gammaproteobacteria;Xanthomonadales;Xanthomonadaceae;Pseudoxanthomonas_A;Pseudoxanthomonas_A japonensis,fosfomycin,fosX,chromosome,49.801,19.875,2.506
Te.M.2.H.A,G03,Teal,dorm_sample,Bacteria;Pseudomonadota;Gammaproteobacteria;Xanthomonadales;Xanthomonadaceae;Pseudoxanthomonas_A;Pseudoxanthomonas_A sp014851805,beta-lactam,bla*,chromosome,37.764,15.5,2.436
Te.M.2.H.A,G03,Teal,dorm_sample,Bacteria;Pseudomonadota;Gammaproteobacteria;Xanthomonadales;Xanthomonadaceae;Pseudoxanthomonas_A;Pseudoxanthomonas_A sp014851805,fosfomycin,fosX,chromosome,16.306,15.5,1.052
Te.M.2.H.A,G03,Teal,dorm_sample,Bacteria;Pseudomonadota;Gammaproteobacteria;Xanthomonadales;Xanthomonadaceae;Stenotrophomonas;Stenotrophomonas tuberculopleuritidis,aminoglycoside,aph(3')-II,chromosome,8.015,11.75,0.682
Te.M.2.H.A,G03,Teal,dorm_sample,Bacteria;Pseudomonadota;Gammaproteobacteria;Xanthomonadales;Xanthomonadaceae;Stenotrophomonas;Stenotrophomonas tuberculopleuritidis,aminoglycoside,aph(6)*,chromosome,12.83,11.75,1.092
Te.M.2.H.A,G03,Teal,dorm_sample,Bacteria;Pseudomonadota;Gammaproteobacteria;Xanthomonadales;Xanthomonadaceae;Stenotrophomonas;Stenotrophomonas tuberculopleuritidis,beta-lactam,blaL1,chromosome,10.09,11.75,0.859
Te.M.2.H.A,G03,Teal,dorm_sample,Bacteria;Pseudomonadota;Gammaproteobacteria;Xanthomonadales;Xanthomonadaceae;Stenotrophomonas;Stenotrophomonas tuberculopleuritidis,beta-lactam,blaL2,chromosome,16.702,11.75,1.421
Te.M.2.H.A,G03,Teal,dorm_sample,Bacteria;Pseudomonadota;Gammaproteobacteria;Xanthomonadales;Xanthomonadaceae;Stenotrophomonas;Stenotrophomonas tuberculopleuritidis,defensin,mprF,chromosome,17.132,11.75,1.458
Te.M.2.H.A,G03,Teal,dorm_sample,Bacteria;Pseudomonadota;Gammaproteobacteria;Xanthomonadales;Xanthomonadaceae;Stenotrophomonas;Stenotrophomonas tuberculopleuritidis,multidrug,emrA,chromosome,6.425,11.75,0.547
Te.M.2.H.A,G03,Teal,dorm_sample,Bacteria;Pseudomonadota;Gammaproteobacteria;Xanthomonadales;Xanthomonadaceae;Stenotrophomonas;Stenotrophomonas tuberculopleuritidis,multidrug,emrB,chromosome,10.366,11.75,0.882
Te.M.2.H.A,G03,Teal,dorm_sample,Bacteria;Pseudomonadota;Gammaproteobacteria;Xanthomonadales;Xanthomonadaceae;Stenotrophomonas;Stenotrophomonas tuberculopleuritidis,multidrug,emrC,chromosome,6.121,11.75,0.521
Te.M.2.H.A,G03,Teal,dorm_sample,Bacteria;Pseudomonadota;Gammaproteobacteria;Xanthomonadales;Xanthomonadaceae;Stenotrophomonas;Stenotrophomonas tuberculopleuritidis,multidrug,macA,chromosome,11.795,11.75,1.004
Te.M.2.H.A,G03,Teal,dorm_sample,Bacteria;Pseudomonadota;Gammaproteobacteria;Xanthomonadales;Xanthomonadaceae;Stenotrophomonas;Stenotrophomonas tuberculopleuritidis,multidrug,macB,chromosome,29.206,11.75,2.486
Te.M.2.H.A,G03,Teal,dorm_sample,Bacteria;Pseudomonadota;Gammaproteobacteria;Xanthomonadales;Xanthomonadaceae;Stenotrophomonas;Stenotrophomonas tuberculopleuritidis,multidrug,macC,chromosome,15.941,11.75,1.357
Te.M.2.H.A,G03,Teal,dorm_sample,Bacteria;Pseudomonadota;Gammaproteobacteria;Xanthomonadales;Xanthomonadaceae;Stenotrophomonas;Stenotrophomonas tuberculopleuritidis,multidrug,smeD,chromosome,12.902,11.75,1.098
Te.M.2.H.A,G03,Teal,dorm_sample,Bacteria;Pseudomonadota;Gammaproteobacteria;Xanthomonadales;Xanthomonadaceae;Stenotrophomonas;Stenotrophomonas tuberculopleuritidis,multidrug,smeE,chromosome,9.62,11.75,0.819
Te.M.2.H.A,G03,Teal,dorm_sample,Bacteria;Pseudomonadota;Gammaproteobacteria;Xanthomonadales;Xanthomonadaceae;Stenotrophomonas;Stenotrophomonas tuberculopleuritidis,multidrug,smeF,chromosome,9.798,11.75,0.834
Te.M.2.H.A,G03,Teal,dorm_sample,Bacteria;Pseudomonadota;Gammaproteobacteria;Xanthomonadales;Xanthomonadaceae;Stenotrophomonas;Stenotrophomonas tuberculopleuritidis,multidrug,smeH,chromosome,16.044,11.75,1.365
Te.M.2.H.A,G03,Teal,dorm_sample,Bacteria;Pseudomonadota;Gammaproteobacteria;Xanthomonadales;Xanthomonadaceae;Stenotrophomonas;Stenotrophomonas tuberculopleuritidis,multidrug,smeI,chromosome,9.754,11.75,0.83
Te.M.2.H.A,G03,Teal,dorm_sample,Bacteria;Pseudomonadota;Gammaproteobacteria;Xanthomonadales;Xanthomonadaceae;Stenotrophomonas;Stenotrophomonas tuberculopleuritidis,multidrug,smeJ,chromosome,10.063,11.75,0.856
Te.M.2.H.A,G03,Teal,dorm_sample,Bacteria;Pseudomonadota;Gammaproteobacteria;Xanthomonadales;Xanthomonadaceae;Stenotrophomonas;Stenotrophomonas tuberculopleuritidis,multidrug,smeK,chromosome,6.509,11.75,0.554
Te.M.2.H.A,G03,Teal,dorm_sample,Bacteria;Pseudomonadota;Gammaproteobacteria;Xanthomonadales;Xanthomonadaceae;Stenotrophomonas;Stenotrophomonas tuberculopleuritidis,multidrug,smeP,chromosome,13.606,11.75,1.158
Te.M.2.H.A,G03,Teal,dorm_sample,Bacteria;Pseudomonadota;Gammaproteobacteria;Xanthomonadales;Xanthomonadaceae;Stenotrophomonas;Stenotrophomonas tuberculopleuritidis,multidrug,smeV,chromosome,12.294,11.75,1.046
Te.M.2.H.A,G03,Teal,dorm_sample,Bacteria;Pseudomonadota;Gammaproteobacteria;Xanthomonadales;Xanthomonadaceae;Stenotrophomonas;Stenotrophomonas tuberculopleuritidis,multidrug,smeW,chromosome,9.736,11.75,0.829
Te.M.2.H.A,G03,Teal,dorm_sample,Bacteria;Pseudomonadota;Gammaproteobacteria;Xanthomonadales;Xanthomonadaceae;Stenotrophomonas;Stenotrophomonas tuberculopleuritidis,multidrug,smeX,chromosome,13.335,11.75,1.135
Te.M.2.H.A,G03,Teal,dorm_sample,Bacteria;Pseudomonadota;Gammaproteobacteria;Xanthomonadales;Xanthomonadaceae;Stenotrophomonas;Stenotrophomonas tuberculopleuritidis,multidrug,smeZ,chromosome,16.642,11.75,1.416
Te.M.2.H.A,G03,Teal,dorm_sample,Bacteria;Pseudomonadota;Gammaproteobacteria;Xanthomonadales;Xanthomonadaceae;Stenotrophomonas;Stenotrophomonas tuberculopleuritidis,multidrug,smrA,chromosome,12.793,11.75,1.089
Te.M.2.H.A,G03,Teal,dorm_sample,Bacteria;Pseudomonadota;Gammaproteobacteria;Xanthomonadales;Xanthomonadaceae;Stenotrophomonas;Stenotrophomonas tuberculopleuritidis,multidrug,tolC,chromosome,9.283,11.75,0.79
Te.M.2.H.A,G03,Teal,dorm_sample,Bacteria;Pseudomonadota;Gammaproteobacteria;Xanthomonadales;Xanthomonadaceae;Stenotrophomonas;Stenotrophomonas tuberculopleuritidis,quinolone,qnr*,chromosome,13.423,11.75,1.142
Te.M.2.H.A,G03,Teal,dorm_sample,Bacteria;Pseudomonadota;Gammaproteobacteria;Xanthomonadales;Xanthomonadaceae;Stenotrophomonas;Stenotrophomonas tuberculopleuritidis,rifamycin,arr,chromosome,7,11.75,0.596
Te.M.2.H.A,G03,Teal,dorm_sample,unclassified,aminoglycoside,aac(3)*,chromosome,3.827,0,0
Te.M.2.H.A,G03,Teal,dorm_sample,unclassified,aminoglycoside,aac(3)-III,chromosome,1,0,0
Te.M.2.H.A,G03,Teal,dorm_sample,unclassified,aminoglycoside,aac(6')*,chromosome,3.474,0,0
Te.M.2.H.A,G03,Teal,dorm_sample,unclassified,aminoglycoside,ant(3'')-I,plasmid,1.791,0,0
Te.M.2.H.A,G03,Teal,dorm_sample,unclassified,aminoglycoside,ant(3'')-II,chromosome,4.966,0,0
Te.M.2.H.A,G03,Teal,dorm_sample,unclassified,aminoglycoside,aph(3')*,chromosome,13.367,0,0
Te.M.2.H.A,G03,Teal,dorm_sample,unclassified,beta-lactam,bla*,chromosome,40.365,0,0
Te.M.2.H.A,G03,Teal,dorm_sample,unclassified,beta-lactam,blaL2,chromosome,1,0,0
Te.M.2.H.A,G03,Teal,dorm_sample,unclassified,colistin,eptA,chromosome,0.965,0,0
Te.M.2.H.A,G03,Teal,dorm_sample,unclassified,defensin,mprF,chromosome,7.042,0,0
Te.M.2.H.A,G03,Teal,dorm_sample,unclassified,fosfomycin,fosX,chromosome,0.979,0,0
Te.M.2.H.A,G03,Teal,dorm_sample,unclassified,macrolide-lincosamide-streptogramin,erm(55),plasmid,15.152,0,0
Te.M.2.H.A,G03,Teal,dorm_sample,unclassified,macrolide-lincosamide-streptogramin,erm*,chromosome,0.996,0,0
Te.M.2.H.A,G03,Teal,dorm_sample,unclassified,multidrug,lfrA,chromosome,0.182,0,0
Te.M.2.H.A,G03,Teal,dorm_sample,unclassified,multidrug,macB,chromosome,3.729,0,0
Te.M.2.H.A,G03,Teal,dorm_sample,unclassified,multidrug,mdtN,chromosome,3.269,0,0
Te.M.2.H.A,G03,Teal,dorm_sample,unclassified,multidrug,smeD,chromosome,1,0,0
Te.M.2.H.A,G03,Teal,dorm_sample,unclassified,multidrug,smeH,chromosome,0.414,0,0
Te.M.2.H.A,G03,Teal,dorm_sample,unclassified,multidrug,smrA,chromosome,0.687,0,0
Te.M.2.H.A,G03,Teal,dorm_sample,unclassified,phenicol,catB,chromosome,1,0,0
Te.M.2.H.A,G03,Teal,dorm_sample,unclassified,phenicol,cml*,chromosome,2.826,0,0
Te.M.2.H.A,G03,Teal,dorm_sample,unclassified,phenicol,cxpE,chromosome,1,0,0
Te.M.2.H.A,G03,Teal,dorm_sample,unclassified,rifamycin,arr,chromosome,25.859,0,0
Te.M.2.H.A,G03,Teal,dorm_sample,unclassified,sulfonamide,sul1,chromosome,1,0,0
Te.M.2.H.A,G03,Teal,dorm_sample,unclassified,sulfonamide,sul1,plasmid,0.997,0,0
Te.M.2.H.A,G03,Teal,dorm_sample,unclassified,sulfonamide,sul2,chromosome,4.288,0,0
Te.F.3.H.A,G04,Teal,dorm_sample,Bacteria;Actinomycetota;Actinomycetes;Actinomycetales;Microbacteriaceae;Agromyces;Agromyces mediolanus_A,beta-lactam,bla*,chromosome,0.997,1.25,0.797
Te.F.3.H.A,G04,Teal,dorm_sample,Bacteria;Actinomycetota;Actinomycetes;Mycobacteriales;Mycobacteriaceae;Mycobacterium;Mycobacterium fortuitum,aminoglycoside,aac(2')-I,chromosome,2.692,0.625,4.308
Te.F.3.H.A,G04,Teal,dorm_sample,Bacteria;Actinomycetota;Actinomycetes;Mycobacteriales;Mycobacteriaceae;Mycobacterium;Mycobacterium fortuitum,defensin,lysX,chromosome,1,0.625,1.6
Te.F.3.H.A,G04,Teal,dorm_sample,Bacteria;Actinomycetota;Actinomycetes;Mycobacteriales;Mycobacteriaceae;Mycobacterium;Mycobacterium fortuitum,macrolide-lincosamide-streptogramin,erm(39),chromosome,2,0.625,3.2
Te.F.3.H.A,G04,Teal,dorm_sample,Bacteria;Actinomycetota;Actinomycetes;Mycobacteriales;Mycobacteriaceae;Mycobacterium;Mycobacterium fortuitum,multidrug,tap,chromosome,2,0.625,3.2
Te.F.3.H.A,G04,Teal,dorm_sample,Bacteria;Actinomycetota;Actinomycetes;Mycobacteriales;Mycobacteriaceae;Mycobacterium;Mycobacterium fortuitum,rifamycin,helR,chromosome,0.993,0.625,1.589
Te.F.3.H.A,G04,Teal,dorm_sample,Bacteria;Actinomycetota;Actinomycetes;Mycobacteriales;Mycobacteriaceae;Mycobacterium;Mycobacterium fortuitum,rifamycin,rox,chromosome,1.758,0.625,2.813
Te.F.3.H.A,G04,Teal,dorm_sample,Bacteria;Actinomycetota;Actinomycetes;Mycobacteriales;Mycobacteriaceae;Mycobacterium;Mycobacterium gordonae_B,beta-lactam,bla*,chromosome,1.725,0.375,4.6
Te.F.3.H.A,G04,Teal,dorm_sample,Bacteria;Actinomycetota;Actinomycetes;Mycobacteriales;Mycobacteriaceae;Mycobacterium;Mycobacterium gordonae_B,multidrug,tap,chromosome,1,0.375,2.667
Te.F.3.H.A,G04,Teal,dorm_sample,Bacteria;Actinomycetota;Actinomycetes;Mycobacteriales;Mycobacteriaceae;Mycobacterium;Mycobacterium gordonae_B,rifamycin,helR,chromosome,0.901,0.375,2.403
Te.F.3.H.A,G04,Teal,dorm_sample,Bacteria;Actinomycetota;Actinomycetes;Mycobacteriales;Mycobacteriaceae;Mycobacterium;Mycobacterium phocaicum,beta-lactam,bla*,chromosome,16.983,12.375,1.372
Te.F.3.H.A,G04,Teal,dorm_sample,Bacteria;Actinomycetota;Actinomycetes;Mycobacteriales;Mycobacteriaceae;Mycobacterium;Mycobacterium phocaicum,defensin,lysX,chromosome,13.662,12.375,1.104
Te.F.3.H.A,G04,Teal,dorm_sample,Bacteria;Actinomycetota;Actinomycetes;Mycobacteriales;Mycobacteriaceae;Mycobacterium;Mycobacterium phocaicum,multidrug,lfrA,chromosome,14.949,12.375,1.208
Te.F.3.H.A,G04,Teal,dorm_sample,Bacteria;Actinomycetota;Actinomycetes;Mycobacteriales;Mycobacteriaceae;Mycobacterium;Mycobacterium phocaicum,rifamycin,arr,chromosome,19.705,12.375,1.592
Te.F.3.H.A,G04,Teal,dorm_sample,Bacteria;Actinomycetota;Actinomycetes;Mycobacteriales;Mycobacteriaceae;Mycobacterium;Mycobacterium phocaicum,tetracycline,tet(V),chromosome,13.496,12.375,1.091
Te.F.3.H.A,G04,Teal,dorm_sample,Bacteria;Pseudomonadota;Gammaproteobacteria;Enterobacterales;Enterobacteriaceae;Citrobacter;Citrobacter freundii,colistin,arnA,chromosome,1,1.5,0.667
Te.F.3.H.A,G04,Teal,dorm_sample,Bacteria;Pseudomonadota;Gammaproteobacteria;Enterobacterales;Enterobacteriaceae;Citrobacter;Citrobacter freundii,colistin,arnB,chromosome,1,1.5,0.667
Te.F.3.H.A,G04,Teal,dorm_sample,Bacteria;Pseudomonadota;Gammaproteobacteria;Enterobacterales;Enterobacteriaceae;Citrobacter;Citrobacter freundii,colistin,arnC,chromosome,1,1.5,0.667
Te.F.3.H.A,G04,Teal,dorm_sample,Bacteria;Pseudomonadota;Gammaproteobacteria;Enterobacterales;Enterobacteriaceae;Citrobacter;Citrobacter freundii,colistin,arnD,chromosome,1,1.5,0.667
Te.F.3.H.A,G04,Teal,dorm_sample,Bacteria;Pseudomonadota;Gammaproteobacteria;Enterobacterales;Enterobacteriaceae;Citrobacter;Citrobacter freundii,colistin,arnE,chromosome,1,1.5,0.667
Te.F.3.H.A,G04,Teal,dorm_sample,Bacteria;Pseudomonadota;Gammaproteobacteria;Enterobacterales;Enterobacteriaceae;Citrobacter;Citrobacter freundii,colistin,arnF,chromosome,1,1.5,0.667
Te.F.3.H.A,G04,Teal,dorm_sample,Bacteria;Pseudomonadota;Gammaproteobacteria;Enterobacterales;Enterobacteriaceae;Citrobacter;Citrobacter freundii,colistin,arnT,chromosome,1,1.5,0.667
Te.F.3.H.A,G04,Teal,dorm_sample,Bacteria;Pseudomonadota;Gammaproteobacteria;Enterobacterales;Enterobacteriaceae;Citrobacter;Citrobacter freundii,colistin,eptA,chromosome,1,1.5,0.667
Te.F.3.H.A,G04,Teal,dorm_sample,Bacteria;Pseudomonadota;Gammaproteobacteria;Enterobacterales;Enterobacteriaceae;Citrobacter;Citrobacter freundii,colistin,eptB,chromosome,1,1.5,0.667
Te.F.3.H.A,G04,Teal,dorm_sample,Bacteria;Pseudomonadota;Gammaproteobacteria;Enterobacterales;Enterobacteriaceae;Citrobacter;Citrobacter freundii,multidrug,acrA,chromosome,1,1.5,0.667
Te.F.3.H.A,G04,Teal,dorm_sample,Bacteria;Pseudomonadota;Gammaproteobacteria;Enterobacterales;Enterobacteriaceae;Citrobacter;Citrobacter freundii,multidrug,acrF,chromosome,0.939,1.5,0.626
Te.F.3.H.A,G04,Teal,dorm_sample,Bacteria;Pseudomonadota;Gammaproteobacteria;Enterobacterales;Enterobacteriaceae;Citrobacter;Citrobacter freundii,multidrug,emrA,chromosome,1,1.5,0.667
Te.F.3.H.A,G04,Teal,dorm_sample,Bacteria;Pseudomonadota;Gammaproteobacteria;Enterobacterales;Enterobacteriaceae;Citrobacter;Citrobacter freundii,multidrug,macA,chromosome,1,1.5,0.667
Te.F.3.H.A,G04,Teal,dorm_sample,Bacteria;Pseudomonadota;Gammaproteobacteria;Enterobacterales;Enterobacteriaceae;Citrobacter;Citrobacter freundii,multidrug,macB,chromosome,1,1.5,0.667
Te.F.3.H.A,G04,Teal,dorm_sample,Bacteria;Pseudomonadota;Gammaproteobacteria;Enterobacterales;Enterobacteriaceae;Citrobacter;Citrobacter freundii,multidrug,smdA,chromosome,1.231,1.5,0.82
Te.F.3.H.A,G04,Teal,dorm_sample,Bacteria;Pseudomonadota;Gammaproteobacteria;Enterobacterales;Enterobacteriaceae;Citrobacter;Citrobacter freundii,multidrug,smdB,chromosome,1.34,1.5,0.893
Te.F.3.H.A,G04,Teal,dorm_sample,Bacteria;Pseudomonadota;Gammaproteobacteria;Enterobacterales;Enterobacteriaceae;Citrobacter;Citrobacter freundii,multidrug,tolC,chromosome,1,1.5,0.667
Te.F.3.H.A,G04,Teal,dorm_sample,Bacteria;Pseudomonadota;Gammaproteobacteria;Enterobacterales;Enterobacteriaceae;Citrobacter;Citrobacter freundii,quinolone,qnrB,chromosome,1,1.5,0.667
Te.F.3.H.A,G04,Teal,dorm_sample,Bacteria;Pseudomonadota;Gammaproteobacteria;Pseudomonadales;Moraxellaceae;Acinetobacter;Acinetobacter johnsonii,beta-lactam,blaOXA,chromosome,1,0.5,2
Te.F.3.H.A,G04,Teal,dorm_sample,Bacteria;Pseudomonadota;Gammaproteobacteria;Pseudomonadales;Moraxellaceae;Acinetobacter;Acinetobacter johnsonii,multidrug,adeJ,chromosome,1,0.5,2
Te.F.3.H.A,G04,Teal,dorm_sample,Bacteria;Pseudomonadota;Gammaproteobacteria;Pseudomonadales;Moraxellaceae;Acinetobacter;Acinetobacter johnsonii,multidrug,craA,chromosome,0.998,0.5,1.995
Te.F.3.H.A,G04,Teal,dorm_sample,Bacteria;Pseudomonadota;Gammaproteobacteria;Pseudomonadales;Moraxellaceae;Acinetobacter;Acinetobacter johnsonii,multidrug,macA,chromosome,2.689,0.5,5.378
Te.F.3.H.A,G04,Teal,dorm_sample,Bacteria;Pseudomonadota;Gammaproteobacteria;Pseudomonadales;Moraxellaceae;Acinetobacter;Acinetobacter johnsonii,multidrug,macB,chromosome,1.787,0.5,3.575
Te.F.3.H.A,G04,Teal,dorm_sample,Bacteria;Pseudomonadota;Gammaproteobacteria;Pseudomonadales;Moraxellaceae;Acinetobacter;Acinetobacter johnsonii,phenicol,cxpE,chromosome,1,0.5,2
Te.F.3.H.A,G04,Teal,dorm_sample,unclassified,beta-lactam,bla*,chromosome,1,0,0
Te.F.3.H.A,G04,Teal,dorm_sample,unclassified,phenicol,catA,chromosome,1,0,0
Te.F.3.H.A,G04,Teal,dorm_sample,unclassified,rifamycin,arr,chromosome,1,0,0
Te.F.3.H.A,G04,Teal,dorm_sample,unclassified,tetracycline,tet(V),chromosome,3.098,0,0
Te.F.3.H.A,G04,Teal,dorm_sample,unclassified,tetracycline,tetB(60),chromosome,1,0,0
NR.F.3.H.C,G05,NoRo,dorm_sample,Bacteria;Acidobacteriota;Blastocatellia;Pyrinomonadales;Pyrinomonadaceae;JAJQRF01;JAJQRF01 sp021228405,beta-lactam,blaCAM,chromosome,1.71,0.5,3.419
NR.F.3.H.C,G05,NoRo,dorm_sample,Bacteria;Actinomycetota;Actinomycetes;Actinomycetales;Microbacteriaceae;Agromyces;Agromyces mediolanus_A,rifamycin,helR,chromosome,0.988,0.25,3.952
NR.F.3.H.C,G05,NoRo,dorm_sample,Bacteria;Actinomycetota;Actinomycetes;Mycobacteriales;Mycobacteriaceae;Mycobacterium;Mycobacterium gordonae_B,beta-lactam,bla*,chromosome,1,0.25,4
NR.F.3.H.C,G05,NoRo,dorm_sample,Bacteria;Actinomycetota;Actinomycetes;Mycobacteriales;Mycobacteriaceae;Mycobacterium;Mycobacterium phocaicum,beta-lactam,bla*,chromosome,8.563,6.375,1.343
NR.F.3.H.C,G05,NoRo,dorm_sample,Bacteria;Actinomycetota;Actinomycetes;Mycobacteriales;Mycobacteriaceae;Mycobacterium;Mycobacterium phocaicum,defensin,lysX,chromosome,12.695,6.375,1.991
NR.F.3.H.C,G05,NoRo,dorm_sample,Bacteria;Actinomycetota;Actinomycetes;Mycobacteriales;Mycobacteriaceae;Mycobacterium;Mycobacterium phocaicum,multidrug,lfrA,chromosome,11.583,6.375,1.817
NR.F.3.H.C,G05,NoRo,dorm_sample,Bacteria;Actinomycetota;Actinomycetes;Mycobacteriales;Mycobacteriaceae;Mycobacterium;Mycobacterium phocaicum,rifamycin,arr,chromosome,19.014,6.375,2.983
NR.F.3.H.C,G05,NoRo,dorm_sample,Bacteria;Actinomycetota;Actinomycetes;Mycobacteriales;Mycobacteriaceae;Mycobacterium;Mycobacterium phocaicum,tetracycline,tet(V),chromosome,10.451,6.375,1.639
NR.F.3.H.C,G05,NoRo,dorm_sample,Bacteria;Actinomycetota;Actinomycetes;Mycobacteriales;Nakamurellaceae;Nakamurella;Nakamurella multipartita,rifamycin,rph*,chromosome,2.214,0.5,4.428
NR.F.3.H.C,G05,NoRo,dorm_sample,Bacteria;Pseudomonadota;Alphaproteobacteria;Rhizobiales;Rhizobiaceae;Shinella;Shinella sp001262505,beta-lactam,bla*,chromosome,1.953,0.75,2.604
NR.F.3.H.C,G05,NoRo,dorm_sample,Bacteria;Pseudomonadota;Alphaproteobacteria;Rhizobiales;Rhizobiaceae;Shinella;Shinella sp001262505,phenicol,cml*,chromosome,0.99,0.75,1.32
NR.F.3.H.C,G05,NoRo,dorm_sample,Bacteria;Pseudomonadota;Alphaproteobacteria;Sphingomonadales;Sphingomonadaceae;Blastomonas;Blastomonas ursincola,aminoglycoside,aac(3)*,chromosome,0.902,1.625,0.555
NR.F.3.H.C,G05,NoRo,dorm_sample,Bacteria;Pseudomonadota;Alphaproteobacteria;Sphingomonadales;Sphingomonadaceae;Blastomonas;Blastomonas ursincola,beta-lactam,bla*,chromosome,3.181,1.625,1.958
NR.F.3.H.C,G05,NoRo,dorm_sample,Bacteria;Pseudomonadota;Alphaproteobacteria;Sphingomonadales;Sphingomonadaceae;Erythrobacter;Erythrobacter oryzae,beta-lactam,bla*,chromosome,2.305,2.5,0.922
NR.F.3.H.C,G05,NoRo,dorm_sample,Bacteria;Pseudomonadota;Alphaproteobacteria;Sphingomonadales;Sphingomonadaceae;Sphingomonas;Sphingomonas koreensis,aminoglycoside,aac(6')*,chromosome,1,1.375,0.727
NR.F.3.H.C,G05,NoRo,dorm_sample,Bacteria;Pseudomonadota;Alphaproteobacteria;Sphingomonadales;Sphingomonadaceae;Sphingomonas;Sphingomonas koreensis,beta-lactam,bla*,chromosome,7.643,1.375,5.558
NR.F.3.H.C,G05,NoRo,dorm_sample,Bacteria;Pseudomonadota;Alphaproteobacteria;Sphingomonadales;Sphingomonadaceae;Sphingomonas;Sphingomonas koreensis,phenicol,catB,chromosome,2.933,1.375,2.133
NR.F.3.H.C,G05,NoRo,dorm_sample,Bacteria;Pseudomonadota;Alphaproteobacteria;Sphingomonadales;Sphingomonadaceae;Sphingomonas;Sphingomonas koreensis,rifamycin,arr,chromosome,2,1.375,1.455
NR.F.3.H.C,G05,NoRo,dorm_sample,Bacteria;Pseudomonadota;Alphaproteobacteria;Sphingomonadales;Sphingomonadaceae;Sphingopyxis;Sphingopyxis sp001468395,beta-lactam,bla*,chromosome,1.987,5.625,0.353
NR.F.3.H.C,G05,NoRo,dorm_sample,Bacteria;Pseudomonadota;Alphaproteobacteria;Sphingomonadales;Sphingomonadaceae;Sphingopyxis;Sphingopyxis sp001468395,defensin,mprF,chromosome,6.215,5.625,1.105
NR.F.3.H.C,G05,NoRo,dorm_sample,Bacteria;Pseudomonadota;Alphaproteobacteria;Sphingomonadales;Sphingomonadaceae;Sphingopyxis;Sphingopyxis sp014873485,beta-lactam,bla*,chromosome,6,2.875,2.087
NR.F.3.H.C,G05,NoRo,dorm_sample,Bacteria;Pseudomonadota;Alphaproteobacteria;Sphingomonadales;Sphingomonadaceae;Sphingopyxis;Sphingopyxis sp014873485,phenicol,catB,chromosome,3,2.875,1.043
NR.F.3.H.C,G05,NoRo,dorm_sample,Bacteria;Pseudomonadota;Alphaproteobacteria;Sphingomonadales;Sphingomonadaceae;Sphingopyxis;Sphingopyxis sp014873485,rifamycin,arr,chromosome,2,2.875,0.696
NR.F.3.H.C,G05,NoRo,dorm_sample,Bacteria;Pseudomonadota;Alphaproteobacteria;Sphingomonadales;Sphingomonadaceae;Sphingopyxis;Sphingopyxis sp035998905,beta-lactam,bla*,chromosome,0.971,0.5,1.942
NR.F.3.H.C,G05,NoRo,dorm_sample,Bacteria;Pseudomonadota;Alphaproteobacteria;Sphingomonadales;Sphingomonadaceae;Sphingopyxis;Sphingopyxis sp035998905,phenicol,catB,chromosome,1,0.5,2
NR.F.3.H.C,G05,NoRo,dorm_sample,Bacteria;Pseudomonadota;Alphaproteobacteria;Sphingomonadales;Sphingomonadaceae;Sphingopyxis;Sphingopyxis sp035998905,rifamycin,arr,chromosome,3,0.5,6
NR.F.3.H.C,G05,NoRo,dorm_sample,Bacteria;Pseudomonadota;Gammaproteobacteria;Xanthomonadales;Xanthomonadaceae;Pseudoxanthomonas_A;Pseudoxanthomonas_A japonensis,aminoglycoside,aac(6')*,chromosome,4,4.25,0.941
NR.F.3.H.C,G05,NoRo,dorm_sample,Bacteria;Pseudomonadota;Gammaproteobacteria;Xanthomonadales;Xanthomonadaceae;Pseudoxanthomonas_A;Pseudoxanthomonas_A japonensis,beta-lactam,blaPJM,chromosome,1,4.25,0.235
NR.F.3.H.C,G05,NoRo,dorm_sample,Bacteria;Pseudomonadota;Gammaproteobacteria;Xanthomonadales;Xanthomonadaceae;Pseudoxanthomonas_A;Pseudoxanthomonas_A japonensis,fosfomycin,fosX,chromosome,14.187,4.25,3.338
NR.F.3.H.C,G05,NoRo,dorm_sample,Bacteria;Pseudomonadota;Gammaproteobacteria;Xanthomonadales;Xanthomonadaceae;Pseudoxanthomonas_A;Pseudoxanthomonas_A mexicana,aminoglycoside,aac(6')*,chromosome,0.953,0.375,2.541
NR.F.3.H.C,G05,NoRo,dorm_sample,unclassified,aminoglycoside,aac(3)-I,chromosome,2,0,0
NR.F.3.H.C,G05,NoRo,dorm_sample,unclassified,aminoglycoside,aph(3'')-I,chromosome,1,0,0
NR.F.3.H.C,G05,NoRo,dorm_sample,unclassified,aminoglycoside,eis,chromosome,1.313,0,0
NR.F.3.H.C,G05,NoRo,dorm_sample,unclassified,beta-lactam,bla*,chromosome,18.781,0,0
NR.F.3.H.C,G05,NoRo,dorm_sample,unclassified,beta-lactam,blaL2,chromosome,1.477,0,0
NR.F.3.H.C,G05,NoRo,dorm_sample,unclassified,bleomycin,blmT,plasmid,0.992,0,0
NR.F.3.H.C,G05,NoRo,dorm_sample,unclassified,defensin,mprF,chromosome,1,0,0
NR.F.3.H.C,G05,NoRo,dorm_sample,unclassified,fosfomycin,fosX,chromosome,1,0,0
NR.F.3.H.C,G05,NoRo,dorm_sample,unclassified,multidrug,emrA,chromosome,1,0,0
NR.F.3.H.C,G05,NoRo,dorm_sample,unclassified,multidrug,macB,chromosome,0.994,0,0
NR.F.3.H.C,G05,NoRo,dorm_sample,unclassified,multidrug,smeW,chromosome,1,0,0
NR.F.3.H.C,G05,NoRo,dorm_sample,unclassified,rifamycin,arr,chromosome,5.929,0,0
NR.F.3.H.C,G05,NoRo,dorm_sample,unclassified,tetracycline,tet(V),chromosome,2,0,0
Me.F.3.L.B,G06,Memorial,dorm_sample,Bacteria;Actinomycetota;Actinomycetes;Actinomycetales;Microbacteriaceae;Microbacterium;Microbacterium aurum,rifamycin,helR,chromosome,3.175,1.375,2.309
Me.F.3.L.B,G06,Memorial,dorm_sample,Bacteria;Actinomycetota;Actinomycetes;Mycobacteriales;Mycobacteriaceae;Mycobacterium;Mycobacterium gordonae,beta-lactam,bla*,chromosome,26.039,34.375,0.758
Me.F.3.L.B,G06,Memorial,dorm_sample,Bacteria;Actinomycetota;Actinomycetes;Mycobacteriales;Mycobacteriaceae;Mycobacterium;Mycobacterium gordonae,defensin,lysX,chromosome,32.819,34.375,0.955
Me.F.3.L.B,G06,Memorial,dorm_sample,Bacteria;Actinomycetota;Actinomycetes;Mycobacteriales;Mycobacteriaceae;Mycobacterium;Mycobacterium gordonae,multidrug,tap,chromosome,27.718,34.375,0.806
Me.F.3.L.B,G06,Memorial,dorm_sample,Bacteria;Actinomycetota;Actinomycetes;Mycobacteriales;Mycobacteriaceae;Mycobacterium;Mycobacterium gordonae,rifamycin,helR,chromosome,44.177,34.375,1.285
Me.F.3.L.B,G06,Memorial,dorm_sample,Bacteria;Actinomycetota;Actinomycetes;Mycobacteriales;Mycobacteriaceae;Mycobacterium;Mycobacterium phocaicum,beta-lactam,bla*,chromosome,146.287,146.875,0.996
Me.F.3.L.B,G06,Memorial,dorm_sample,Bacteria;Actinomycetota;Actinomycetes;Mycobacteriales;Mycobacteriaceae;Mycobacterium;Mycobacterium phocaicum,defensin,lysX,chromosome,147.737,146.875,1.006
Me.F.3.L.B,G06,Memorial,dorm_sample,Bacteria;Actinomycetota;Actinomycetes;Mycobacteriales;Mycobacteriaceae;Mycobacterium;Mycobacterium phocaicum,multidrug,lfrA,chromosome,146.577,146.875,0.998
Me.F.3.L.B,G06,Memorial,dorm_sample,Bacteria;Actinomycetota;Actinomycetes;Mycobacteriales;Mycobacteriaceae;Mycobacterium;Mycobacterium phocaicum,rifamycin,arr,chromosome,104.446,146.875,0.711
Me.F.3.L.B,G06,Memorial,dorm_sample,Bacteria;Actinomycetota;Actinomycetes;Mycobacteriales;Mycobacteriaceae;Mycobacterium;Mycobacterium phocaicum,tetracycline,tet(V),chromosome,167.163,146.875,1.138
Me.F.3.L.B,G06,Memorial,dorm_sample,Bacteria;Actinomycetota;Actinomycetes;Mycobacteriales;Mycobacteriaceae;Mycobacterium;Mycobacterium sp018326285,beta-lactam,bla*,chromosome,3,0.25,12
Me.F.3.L.B,G06,Memorial,dorm_sample,Bacteria;Actinomycetota;Actinomycetes;Mycobacteriales;Mycobacteriaceae;Mycobacterium;Mycobacterium sp018326285,rifamycin,arr,chromosome,33.152,0.25,132.61
Me.F.3.L.B,G06,Memorial,dorm_sample,Bacteria;Bacteroidota;Bacteroidia;Cytophagales;Spirosomataceae;Spirosoma;Spirosoma terrae,beta-lactam,bla*,chromosome,320.317,84.25,3.802
Me.F.3.L.B,G06,Memorial,dorm_sample,Bacteria;Bacteroidota;Bacteroidia;Cytophagales;Spirosomataceae;Spirosoma;Spirosoma terrae,macrolide-lincosamide-streptogramin,estT,chromosome,78.925,84.25,0.937
Me.F.3.L.B,G06,Memorial,dorm_sample,Bacteria;Bacteroidota;Bacteroidia;Flavobacteriales;Weeksellaceae;Chryseobacterium;Chryseobacterium salviniae,beta-lactam,bla*,chromosome,34.134,15,2.276
Me.F.3.L.B,G06,Memorial,dorm_sample,Bacteria;Bacteroidota;Bacteroidia;Flavobacteriales;Weeksellaceae;Chryseobacterium;Chryseobacterium salviniae,rifamycin,arr,chromosome,25.397,15,1.693
Me.F.3.L.B,G06,Memorial,dorm_sample,Bacteria;Bacteroidota;Bacteroidia;Sphingobacteriales;Sphingobacteriaceae;Pedobacter;Pedobacter chitinilyticus,aminoglycoside,ant(6)*,chromosome,2.174,5.625,0.387
Me.F.3.L.B,G06,Memorial,dorm_sample,Bacteria;Bacteroidota;Bacteroidia;Sphingobacteriales;Sphingobacteriaceae;Pedobacter;Pedobacter chitinilyticus,beta-lactam,bla*,chromosome,6,5.625,1.067
Me.F.3.L.B,G06,Memorial,dorm_sample,Bacteria;Bacteroidota;Bacteroidia;Sphingobacteriales;Sphingobacteriaceae;Pedobacter;Pedobacter chitinilyticus,rifamycin,arr,chromosome,3,5.625,0.533
Me.F.3.L.B,G06,Memorial,dorm_sample,Bacteria;Gemmatimonadota;Gemmatimonadetes;Gemmatimonadales;Gemmatimonadaceae;Gemmatimonas;Gemmatimonas sp002483225,aminoglycoside,aph(3')*,chromosome,7.173,7.75,0.926
Me.F.3.L.B,G06,Memorial,dorm_sample,Bacteria;Gemmatimonadota;Gemmatimonadetes;Gemmatimonadales;Gemmatimonadaceae;Gemmatimonas;Gemmatimonas sp002483225,beta-lactam,bla*,chromosome,5.454,7.75,0.704
Me.F.3.L.B,G06,Memorial,dorm_sample,Bacteria;Pseudomonadota;Alphaproteobacteria;Acetobacterales;Acetobacteraceae;Roseomonas;Roseomonas sp001941945,defensin,mprF,chromosome,2.771,0.875,3.167
Me.F.3.L.B,G06,Memorial,dorm_sample,Bacteria;Pseudomonadota;Alphaproteobacteria;Caulobacterales;Caulobacteraceae;Brevundimonas;Brevundimonas diminuta,beta-lactam,bla*,chromosome,1,0.875,1.143
Me.F.3.L.B,G06,Memorial,dorm_sample,Bacteria;Pseudomonadota;Alphaproteobacteria;Caulobacterales;Caulobacteraceae;Brevundimonas;Brevundimonas sp041919755,beta-lactam,bla*,chromosome,0.256,4.75,0.054
Me.F.3.L.B,G06,Memorial,dorm_sample,Bacteria;Pseudomonadota;Alphaproteobacteria;Caulobacterales;Caulobacteraceae;Caulobacter;Caulobacter sp001556515,rifamycin,arr,chromosome,5,0.25,20
Me.F.3.L.B,G06,Memorial,dorm_sample,Bacteria;Pseudomonadota;Alphaproteobacteria;Caulobacterales;Caulobacteraceae;Caulobacter;Caulobacter sp002742635,beta-lactam,bla*,chromosome,1,1.75,0.571
Me.F.3.L.B,G06,Memorial,dorm_sample,Bacteria;Pseudomonadota;Alphaproteobacteria;Caulobacterales;Caulobacteraceae;Phenylobacterium;Phenylobacterium koreense,multidrug,macB,chromosome,10.184,6.125,1.663
Me.F.3.L.B,G06,Memorial,dorm_sample,Bacteria;Pseudomonadota;Alphaproteobacteria;Ferrovibrionales;Ferrovibrionaceae;Ferrovibrio;Ferrovibrio sp018336035,multidrug,macB,chromosome,1.735,0.25,6.94
Me.F.3.L.B,G06,Memorial,dorm_sample,Bacteria;Pseudomonadota;Alphaproteobacteria;Geminicoccales;Geminicoccaceae;Geminicoccus;Geminicoccus harenae,multidrug,macB,chromosome,1,1,1
Me.F.3.L.B,G06,Memorial,dorm_sample,Bacteria;Pseudomonadota;Alphaproteobacteria;Geminicoccales;Geminicoccaceae;Geminicoccus;Geminicoccus sp036263595,defensin,mprF,chromosome,3.92,5.625,0.697
Me.F.3.L.B,G06,Memorial,dorm_sample,Bacteria;Pseudomonadota;Alphaproteobacteria;Reyranellales;Reyranellaceae;Reyranella;Reyranella sp052439685,beta-lactam,bla*,chromosome,23.214,15.125,1.535
Me.F.3.L.B,G06,Memorial,dorm_sample,Bacteria;Pseudomonadota;Alphaproteobacteria;Rhizobiales;Aestuariivirgaceae;Taklimakanibacter;Taklimakanibacter sp049323275,aminoglycoside,aac(3)-IV,chromosome,4.942,5.125,0.964
Me.F.3.L.B,G06,Memorial,dorm_sample,Bacteria;Pseudomonadota;Alphaproteobacteria;Rhizobiales;Beijerinckiaceae;Allobosea;Allobosea eneae,aminoglycoside,aac(3)*,chromosome,1,2,0.5
Me.F.3.L.B,G06,Memorial,dorm_sample,Bacteria;Pseudomonadota;Alphaproteobacteria;Rhizobiales;Beijerinckiaceae;Allobosea;Allobosea eneae,beta-lactam,bla*,chromosome,1.917,2,0.958
Me.F.3.L.B,G06,Memorial,dorm_sample,Bacteria;Pseudomonadota;Alphaproteobacteria;Rhizobiales;Beijerinckiaceae;Allobosea;Allobosea sp024655635,multidrug,macB,chromosome,3.753,3.25,1.155
Me.F.3.L.B,G06,Memorial,dorm_sample,Bacteria;Pseudomonadota;Alphaproteobacteria;Rhizobiales;Beijerinckiaceae;Allobosea;Allobosea sp037147855,multidrug,macB,chromosome,3.06,1.375,2.225
Me.F.3.L.B,G06,Memorial,dorm_sample,Bacteria;Pseudomonadota;Alphaproteobacteria;Rhizobiales;Beijerinckiaceae;Allobosea;Allobosea sp900112185,aminoglycoside,aac(6')*,chromosome,1.55,1,1.55
Me.F.3.L.B,G06,Memorial,dorm_sample,Bacteria;Pseudomonadota;Alphaproteobacteria;Rhizobiales;Beijerinckiaceae;Allobosea;Allobosea sp900112185,beta-lactam,bla*,chromosome,2,1,2
Me.F.3.L.B,G06,Memorial,dorm_sample,Bacteria;Pseudomonadota;Alphaproteobacteria;Rhizobiales;Beijerinckiaceae;Allobosea;Allobosea vestrisii,aminoglycoside,aac(3)*,chromosome,1.993,1.875,1.063
Me.F.3.L.B,G06,Memorial,dorm_sample,Bacteria;Pseudomonadota;Alphaproteobacteria;Rhizobiales;Beijerinckiaceae;Allobosea;Allobosea vestrisii,beta-lactam,bla*,chromosome,3.64,1.875,1.941
Me.F.3.L.B,G06,Memorial,dorm_sample,Bacteria;Pseudomonadota;Alphaproteobacteria;Rhizobiales;Beijerinckiaceae;Allobosea;Allobosea vestrisii,multidrug,mdtI,chromosome,4,1.875,2.133
Me.F.3.L.B,G06,Memorial,dorm_sample,Bacteria;Pseudomonadota;Alphaproteobacteria;Rhizobiales;Beijerinckiaceae;Methylobacterium;Methylobacterium isbiliense,aminoglycoside,aac(3)-I,chromosome,3,1.375,2.182
Me.F.3.L.B,G06,Memorial,dorm_sample,Bacteria;Pseudomonadota;Alphaproteobacteria;Rhizobiales;Beijerinckiaceae;Methylobacterium;Methylobacterium isbiliense,beta-lactam,bla*,chromosome,3.372,1.375,2.453
Me.F.3.L.B,G06,Memorial,dorm_sample,Bacteria;Pseudomonadota;Alphaproteobacteria;Rhizobiales;Beijerinckiaceae;Methylobacterium;Methylobacterium radiotolerans,beta-lactam,bla*,chromosome,18.36,11.625,1.579
Me.F.3.L.B,G06,Memorial,dorm_sample,Bacteria;Pseudomonadota;Alphaproteobacteria;Rhizobiales;Hyphomicrobiaceae;Hyphomicrobium_C;Hyphomicrobium_C sp019744875,aminoglycoside,aac(3)-I,chromosome,6,4.75,1.263
Me.F.3.L.B,G06,Memorial,dorm_sample,Bacteria;Pseudomonadota;Alphaproteobacteria;Rhizobiales;Rhizobiaceae;Agrobacterium;Agrobacterium pusense,aminoglycoside,aac(6')*,chromosome,11.265,9,1.252
Me.F.3.L.B,G06,Memorial,dorm_sample,Bacteria;Pseudomonadota;Alphaproteobacteria;Rhizobiales;Rhizobiaceae;Agrobacterium;Agrobacterium pusense,beta-lactam,bla*,chromosome,25.021,9,2.78
Me.F.3.L.B,G06,Memorial,dorm_sample,Bacteria;Pseudomonadota;Alphaproteobacteria;Rhizobiales;Rhizobiaceae;Agrobacterium;Agrobacterium pusense,defensin,mprF,chromosome,15.688,9,1.743
Me.F.3.L.B,G06,Memorial,dorm_sample,Bacteria;Pseudomonadota;Alphaproteobacteria;Rhizobiales;Rhizobiaceae;Agrobacterium;Agrobacterium pusense,multidrug,acrA,chromosome,11.8,9,1.311
Me.F.3.L.B,G06,Memorial,dorm_sample,Bacteria;Pseudomonadota;Alphaproteobacteria;Rhizobiales;Rhizobiaceae;Agrobacterium;Agrobacterium pusense,multidrug,acrB,chromosome,15.105,9,1.678
Me.F.3.L.B,G06,Memorial,dorm_sample,Bacteria;Pseudomonadota;Alphaproteobacteria;Rhizobiales;Rhizobiaceae;Agrobacterium;Agrobacterium pusense,multidrug,ameA,chromosome,10.283,9,1.143
Me.F.3.L.B,G06,Memorial,dorm_sample,Bacteria;Pseudomonadota;Alphaproteobacteria;Rhizobiales;Rhizobiaceae;Agrobacterium;Agrobacterium pusense,multidrug,ameB,chromosome,11.638,9,1.293
Me.F.3.L.B,G06,Memorial,dorm_sample,Bacteria;Pseudomonadota;Alphaproteobacteria;Rhizobiales;Rhizobiaceae;Agrobacterium;Agrobacterium pusense,multidrug,emrB,chromosome,10.829,9,1.203
Me.F.3.L.B,G06,Memorial,dorm_sample,Bacteria;Pseudomonadota;Alphaproteobacteria;Rhizobiales;Rhizobiaceae;Agrobacterium;Agrobacterium pusense,phenicol,catB,chromosome,20.161,9,2.24
Me.F.3.L.B,G06,Memorial,dorm_sample,Bacteria;Pseudomonadota;Alphaproteobacteria;Rhizobiales;Xanthobacteraceae;Bradyrhizobium;Bradyrhizobium sp001556045,beta-lactam,bla*,chromosome,17.182,6.25,2.749
Me.F.3.L.B,G06,Memorial,dorm_sample,Bacteria;Pseudomonadota;Alphaproteobacteria;Rhizobiales;Xanthobacteraceae;Bradyrhizobium;Bradyrhizobium sp001556045,multidrug,macB,chromosome,7.819,6.25,1.251
Me.F.3.L.B,G06,Memorial,dorm_sample,Bacteria;Pseudomonadota;Alphaproteobacteria;Rhizobiales;Xanthobacteraceae;Xanthobacter;Xanthobacter flavus_A,multidrug,macB,chromosome,1.751,2.75,0.637
Me.F.3.L.B,G06,Memorial,dorm_sample,Bacteria;Pseudomonadota;Alphaproteobacteria;Sphingomonadales;Sphingomonadaceae;Blastomonas;Blastomonas ursincola,aminoglycoside,aac(3)*,chromosome,86.487,81.625,1.06
Me.F.3.L.B,G06,Memorial,dorm_sample,Bacteria;Pseudomonadota;Alphaproteobacteria;Sphingomonadales;Sphingomonadaceae;Blastomonas;Blastomonas ursincola,beta-lactam,bla*,chromosome,95.165,81.625,1.166
Me.F.3.L.B,G06,Memorial,dorm_sample,Bacteria;Pseudomonadota;Alphaproteobacteria;Sphingomonadales;Sphingomonadaceae;Novosphingobium;Novosphingobium silvae,beta-lactam,bla*,chromosome,3.164,0.875,3.616
Me.F.3.L.B,G06,Memorial,dorm_sample,Bacteria;Pseudomonadota;Alphaproteobacteria;Sphingomonadales;Sphingomonadaceae;Sphingomonas;Sphingomonas corticis,aminoglycoside,aac(3)*,chromosome,23.54,20,1.177
Me.F.3.L.B,G06,Memorial,dorm_sample,Bacteria;Pseudomonadota;Alphaproteobacteria;Sphingomonadales;Sphingomonadaceae;Sphingomonas;Sphingomonas corticis,beta-lactam,bla*,chromosome,9.978,20,0.499
Me.F.3.L.B,G06,Memorial,dorm_sample,Bacteria;Pseudomonadota;Alphaproteobacteria;Sphingomonadales;Sphingomonadaceae;Sphingomonas;Sphingomonas ginsenosidimutans,aminoglycoside,aph(3')*,chromosome,4,2.625,1.524
Me.F.3.L.B,G06,Memorial,dorm_sample,Bacteria;Pseudomonadota;Alphaproteobacteria;Sphingomonadales;Sphingomonadaceae;Sphingomonas;Sphingomonas ginsenosidimutans,beta-lactam,bla*,chromosome,2,2.625,0.762
Me.F.3.L.B,G06,Memorial,dorm_sample,Bacteria;Pseudomonadota;Alphaproteobacteria;Sphingomonadales;Sphingomonadaceae;Sphingomonas;Sphingomonas ginsenosidimutans,defensin,mprF,chromosome,4.954,2.625,1.887
Me.F.3.L.B,G06,Memorial,dorm_sample,Bacteria;Pseudomonadota;Alphaproteobacteria;Sphingomonadales;Sphingomonadaceae;Sphingomonas;Sphingomonas hankookensis_A,beta-lactam,bla*,chromosome,3.323,0.875,3.798
Me.F.3.L.B,G06,Memorial,dorm_sample,Bacteria;Pseudomonadota;Alphaproteobacteria;Sphingomonadales;Sphingomonadaceae;Sphingomonas;Sphingomonas koreensis,aminoglycoside,aac(6')*,chromosome,0.947,0.625,1.515
Me.F.3.L.B,G06,Memorial,dorm_sample,Bacteria;Pseudomonadota;Alphaproteobacteria;Sphingomonadales;Sphingomonadaceae;Sphingomonas;Sphingomonas koreensis,beta-lactam,bla*,chromosome,3.99,0.625,6.383
Me.F.3.L.B,G06,Memorial,dorm_sample,Bacteria;Pseudomonadota;Alphaproteobacteria;Sphingomonadales;Sphingomonadaceae;Sphingomonas;Sphingomonas koreensis,phenicol,catB,chromosome,1,0.625,1.6
Me.F.3.L.B,G06,Memorial,dorm_sample,Bacteria;Pseudomonadota;Alphaproteobacteria;Sphingomonadales;Sphingomonadaceae;Sphingomonas;Sphingomonas sp900109205,aminoglycoside,aac(3)-I,chromosome,2,2.625,0.762
Me.F.3.L.B,G06,Memorial,dorm_sample,Bacteria;Pseudomonadota;Alphaproteobacteria;Sphingomonadales;Sphingomonadaceae;Sphingomonas;Sphingomonas sp900109205,beta-lactam,bla*,chromosome,9.99,2.625,3.806
Me.F.3.L.B,G06,Memorial,dorm_sample,Bacteria;Pseudomonadota;Alphaproteobacteria;Sphingomonadales;Sphingomonadaceae;Sphingopyxis;Sphingopyxis macrogoltabida_B,aminoglycoside,aac(3)-I,chromosome,1,0.5,2
Me.F.3.L.B,G06,Memorial,dorm_sample,Bacteria;Pseudomonadota;Alphaproteobacteria;Sphingomonadales;Sphingomonadaceae;Sphingopyxis;Sphingopyxis sp001468395,beta-lactam,bla*,chromosome,21.982,8.75,2.512
Me.F.3.L.B,G06,Memorial,dorm_sample,Bacteria;Pseudomonadota;Alphaproteobacteria;Sphingomonadales;Sphingomonadaceae;Sphingopyxis;Sphingopyxis sp001468395,defensin,mprF,chromosome,7.97,8.75,0.911
Me.F.3.L.B,G06,Memorial,dorm_sample,Bacteria;Pseudomonadota;Alphaproteobacteria;Sphingomonadales;Sphingomonadaceae;Sphingopyxis;Sphingopyxis sp014873485,beta-lactam,bla*,chromosome,737.367,391.25,1.885
Me.F.3.L.B,G06,Memorial,dorm_sample,Bacteria;Pseudomonadota;Alphaproteobacteria;Sphingomonadales;Sphingomonadaceae;Sphingopyxis;Sphingopyxis sp014873485,rifamycin,arr,chromosome,428.986,391.25,1.096
Me.F.3.L.B,G06,Memorial,dorm_sample,Bacteria;Pseudomonadota;Alphaproteobacteria;Sphingomonadales;Sphingomonadaceae;Sphingopyxis;Sphingopyxis sp035944815,rifamycin,arr,chromosome,25.972,3.5,7.42
Me.F.3.L.B,G06,Memorial,dorm_sample,Bacteria;Pseudomonadota;Alphaproteobacteria;Sphingomonadales;Sphingomonadaceae;Sphingopyxis;Sphingopyxis sp035998905,beta-lactam,bla*,chromosome,117.742,55.625,2.117
Me.F.3.L.B,G06,Memorial,dorm_sample,Bacteria;Pseudomonadota;Alphaproteobacteria;Sphingomonadales;Sphingomonadaceae;Sphingopyxis;Sphingopyxis sp035998905,phenicol,catB,chromosome,60.316,55.625,1.084
Me.F.3.L.B,G06,Memorial,dorm_sample,Bacteria;Pseudomonadota;Alphaproteobacteria;Sphingomonadales;Sphingomonadaceae;Sphingopyxis;Sphingopyxis sp035998905,rifamycin,arr,chromosome,19,55.625,0.342
Me.F.3.L.B,G06,Memorial,dorm_sample,Bacteria;Pseudomonadota;Gammaproteobacteria;Burkholderiales;Burkholderiaceae_C;Acidovorax;Acidovorax temperans,beta-lactam,bla*,chromosome,53.678,43.625,1.23
Me.F.3.L.B,G06,Memorial,dorm_sample,Bacteria;Pseudomonadota;Gammaproteobacteria;Burkholderiales;Burkholderiaceae_C;Acidovorax;Acidovorax temperans,fosfomycin,fosX,chromosome,41.801,43.625,0.958
Me.F.3.L.B,G06,Memorial,dorm_sample,Bacteria;Pseudomonadota;Gammaproteobacteria;Burkholderiales;Burkholderiaceae_C;Comamonas;Comamonas tsuruhatensis,aminoglycoside,aph(3')-II,chromosome,3,11.5,0.261
Me.F.3.L.B,G06,Memorial,dorm_sample,Bacteria;Pseudomonadota;Gammaproteobacteria;Burkholderiales;Burkholderiaceae_C;Comamonas;Comamonas tsuruhatensis,beta-lactam,bla*,chromosome,39.145,11.5,3.404
Me.F.3.L.B,G06,Memorial,dorm_sample,Bacteria;Pseudomonadota;Gammaproteobacteria;Burkholderiales;Burkholderiaceae_C;Comamonas;Comamonas tsuruhatensis,multidrug,macB,chromosome,7.863,11.5,0.684
Me.F.3.L.B,G06,Memorial,dorm_sample,Bacteria;Pseudomonadota;Gammaproteobacteria;Burkholderiales;Burkholderiaceae_C;Paracidovorax;Paracidovorax sp040365715,multidrug,macB,chromosome,1.352,1.25,1.082
Me.F.3.L.B,G06,Memorial,dorm_sample,Bacteria;Pseudomonadota;Gammaproteobacteria;Burkholderiales;Burkholderiaceae_C;Variovorax;Variovorax sp900115375,aminoglycoside,ant(3'')-I,chromosome,10.478,20.5,0.511
Me.F.3.L.B,G06,Memorial,dorm_sample,Bacteria;Pseudomonadota;Gammaproteobacteria;Burkholderiales;Burkholderiaceae_C;Variovorax;Variovorax sp900115375,aminoglycoside,aph(3')-II,chromosome,14.316,20.5,0.698
Me.F.3.L.B,G06,Memorial,dorm_sample,Bacteria;Pseudomonadota;Gammaproteobacteria;Burkholderiales;Burkholderiaceae_C;Variovorax;Variovorax sp900115375,beta-lactam,bla*,chromosome,30.401,20.5,1.483
Me.F.3.L.B,G06,Memorial,dorm_sample,Bacteria;Pseudomonadota;Gammaproteobacteria;Burkholderiales;Burkholderiaceae_C;Variovorax;Variovorax sp900115375,multidrug,macA,chromosome,20.941,20.5,1.021
Me.F.3.L.B,G06,Memorial,dorm_sample,Bacteria;Pseudomonadota;Gammaproteobacteria;Burkholderiales;Burkholderiaceae_C;Variovorax;Variovorax sp900115375,multidrug,macB,chromosome,41.041,20.5,2.002
Me.F.3.L.B,G06,Memorial,dorm_sample,Bacteria;Pseudomonadota;Gammaproteobacteria;Burkholderiales;Burkholderiaceae_C;Variovorax;Variovorax sp900115375,rifamycin,arr,chromosome,18.246,20.5,0.89
Me.F.3.L.B,G06,Memorial,dorm_sample,Bacteria;Pseudomonadota;Gammaproteobacteria;Burkholderiales;Burkholderiaceae_C;Variovorax;Variovorax sp900115375,tetracycline,tet*,chromosome,18.043,20.5,0.88
Me.F.3.L.B,G06,Memorial,dorm_sample,Bacteria;Pseudomonadota;Gammaproteobacteria;Legionellales;Legionellaceae;Legionella_C;Legionella_C beliardensis,multidrug,mdfA,chromosome,15.204,18,0.845
Me.F.3.L.B,G06,Memorial,dorm_sample,Bacteria;Pseudomonadota;Gammaproteobacteria;Legionellales;Legionellaceae;Legionella_C;Legionella_C beliardensis,tetracycline,tet*,chromosome,18.183,18,1.01
Me.F.3.L.B,G06,Memorial,dorm_sample,Bacteria;Pseudomonadota;Gammaproteobacteria;Pseudomonadales;Moraxellaceae;Acinetobacter;Acinetobacter junii,beta-lactam,bla*,chromosome,0.995,0.625,1.592
Me.F.3.L.B,G06,Memorial,dorm_sample,Bacteria;Pseudomonadota;Gammaproteobacteria;Xanthomonadales;Xanthomonadaceae;Chiayiivirga;Chiayiivirga flava,multidrug,macB,chromosome,2.765,17.375,0.159
Me.F.3.L.B,G06,Memorial,dorm_sample,Bacteria;Pseudomonadota;Gammaproteobacteria;Xanthomonadales;Xanthomonadaceae;Pseudoxanthomonas_A;Pseudoxanthomonas_A sp014851805,beta-lactam,bla*,chromosome,1,2,0.5
Me.F.3.L.B,G06,Memorial,dorm_sample,Bacteria;Pseudomonadota;Gammaproteobacteria;Xanthomonadales;Xanthomonadaceae;Pseudoxanthomonas_A;Pseudoxanthomonas_A sp014851805,fosfomycin,fosX,chromosome,3.246,2,1.623
Me.F.3.L.B,G06,Memorial,dorm_sample,Bacteria;Pseudomonadota;Gammaproteobacteria;Xanthomonadales;Xanthomonadaceae;Stenotrophomonas;Stenotrophomonas aracearum,multidrug,smeD,chromosome,0.962,0.25,3.847
Me.F.3.L.B,G06,Memorial,dorm_sample,Bacteria;Pseudomonadota;Gammaproteobacteria;Xanthomonadales;Xanthomonadaceae;Stenotrophomonas;Stenotrophomonas aracearum,multidrug,smeE,chromosome,0.99,0.25,3.959
Me.F.3.L.B,G06,Memorial,dorm_sample,Bacteria;Pseudomonadota;Gammaproteobacteria;Xanthomonadales;Xanthomonadaceae;Stenotrophomonas;Stenotrophomonas aracearum,multidrug,smeH,chromosome,1,0.25,4
Me.F.3.L.B,G06,Memorial,dorm_sample,Bacteria;Pseudomonadota;Gammaproteobacteria;Xanthomonadales;Xanthomonadaceae;Stenotrophomonas;Stenotrophomonas pavanii,aminoglycoside,aph(6)*,chromosome,3,2.25,1.333
Me.F.3.L.B,G06,Memorial,dorm_sample,Bacteria;Pseudomonadota;Gammaproteobacteria;Xanthomonadales;Xanthomonadaceae;Stenotrophomonas;Stenotrophomonas pavanii,aminoglycoside,aph(9)-I,chromosome,1,2.25,0.444
Me.F.3.L.B,G06,Memorial,dorm_sample,Bacteria;Pseudomonadota;Gammaproteobacteria;Xanthomonadales;Xanthomonadaceae;Stenotrophomonas;Stenotrophomonas pavanii,beta-lactam,blaL2,chromosome,3,2.25,1.333
Me.F.3.L.B,G06,Memorial,dorm_sample,Bacteria;Pseudomonadota;Gammaproteobacteria;Xanthomonadales;Xanthomonadaceae;Stenotrophomonas;Stenotrophomonas pavanii,multidrug,emrA,chromosome,2,2.25,0.889
Me.F.3.L.B,G06,Memorial,dorm_sample,Bacteria;Pseudomonadota;Gammaproteobacteria;Xanthomonadales;Xanthomonadaceae;Stenotrophomonas;Stenotrophomonas pavanii,multidrug,emrB,chromosome,2.679,2.25,1.19
Me.F.3.L.B,G06,Memorial,dorm_sample,Bacteria;Pseudomonadota;Gammaproteobacteria;Xanthomonadales;Xanthomonadaceae;Stenotrophomonas;Stenotrophomonas pavanii,multidrug,emrC,chromosome,2.33,2.25,1.036
Me.F.3.L.B,G06,Memorial,dorm_sample,Bacteria;Pseudomonadota;Gammaproteobacteria;Xanthomonadales;Xanthomonadaceae;Stenotrophomonas;Stenotrophomonas pavanii,multidrug,macA,chromosome,2.993,2.25,1.33
Me.F.3.L.B,G06,Memorial,dorm_sample,Bacteria;Pseudomonadota;Gammaproteobacteria;Xanthomonadales;Xanthomonadaceae;Stenotrophomonas;Stenotrophomonas pavanii,multidrug,macB,chromosome,3,2.25,1.333
Me.F.3.L.B,G06,Memorial,dorm_sample,Bacteria;Pseudomonadota;Gammaproteobacteria;Xanthomonadales;Xanthomonadaceae;Stenotrophomonas;Stenotrophomonas pavanii,multidrug,macC,chromosome,3,2.25,1.333
Me.F.3.L.B,G06,Memorial,dorm_sample,Bacteria;Pseudomonadota;Gammaproteobacteria;Xanthomonadales;Xanthomonadaceae;Stenotrophomonas;Stenotrophomonas pavanii,multidrug,mfsA,chromosome,3,2.25,1.333
Me.F.3.L.B,G06,Memorial,dorm_sample,Bacteria;Pseudomonadota;Gammaproteobacteria;Xanthomonadales;Xanthomonadaceae;Stenotrophomonas;Stenotrophomonas pavanii,multidrug,smeB,chromosome,2.331,2.25,1.036
Me.F.3.L.B,G06,Memorial,dorm_sample,Bacteria;Pseudomonadota;Gammaproteobacteria;Xanthomonadales;Xanthomonadaceae;Stenotrophomonas;Stenotrophomonas pavanii,multidrug,smeC,chromosome,3,2.25,1.333
Me.F.3.L.B,G06,Memorial,dorm_sample,Bacteria;Pseudomonadota;Gammaproteobacteria;Xanthomonadales;Xanthomonadaceae;Stenotrophomonas;Stenotrophomonas pavanii,multidrug,smeF,chromosome,1,2.25,0.444
Me.F.3.L.B,G06,Memorial,dorm_sample,Bacteria;Pseudomonadota;Gammaproteobacteria;Xanthomonadales;Xanthomonadaceae;Stenotrophomonas;Stenotrophomonas pavanii,multidrug,smeH,chromosome,1.852,2.25,0.823
Me.F.3.L.B,G06,Memorial,dorm_sample,Bacteria;Pseudomonadota;Gammaproteobacteria;Xanthomonadales;Xanthomonadaceae;Stenotrophomonas;Stenotrophomonas pavanii,multidrug,smeI,chromosome,1.403,2.25,0.624
Me.F.3.L.B,G06,Memorial,dorm_sample,Bacteria;Pseudomonadota;Gammaproteobacteria;Xanthomonadales;Xanthomonadaceae;Stenotrophomonas;Stenotrophomonas pavanii,multidrug,smeK,chromosome,2,2.25,0.889
Me.F.3.L.B,G06,Memorial,dorm_sample,Bacteria;Pseudomonadota;Gammaproteobacteria;Xanthomonadales;Xanthomonadaceae;Stenotrophomonas;Stenotrophomonas pavanii,multidrug,smeP,chromosome,1.379,2.25,0.613
Me.F.3.L.B,G06,Memorial,dorm_sample,Bacteria;Pseudomonadota;Gammaproteobacteria;Xanthomonadales;Xanthomonadaceae;Stenotrophomonas;Stenotrophomonas pavanii,multidrug,smeV,chromosome,5,2.25,2.222
Me.F.3.L.B,G06,Memorial,dorm_sample,Bacteria;Pseudomonadota;Gammaproteobacteria;Xanthomonadales;Xanthomonadaceae;Stenotrophomonas;Stenotrophomonas pavanii,multidrug,smeW,chromosome,4.171,2.25,1.854
Me.F.3.L.B,G06,Memorial,dorm_sample,Bacteria;Pseudomonadota;Gammaproteobacteria;Xanthomonadales;Xanthomonadaceae;Stenotrophomonas;Stenotrophomonas pavanii,multidrug,smeX,chromosome,2.826,2.25,1.256
Me.F.3.L.B,G06,Memorial,dorm_sample,Bacteria;Pseudomonadota;Gammaproteobacteria;Xanthomonadales;Xanthomonadaceae;Stenotrophomonas;Stenotrophomonas pavanii,multidrug,smeY,chromosome,2,2.25,0.889
Me.F.3.L.B,G06,Memorial,dorm_sample,Bacteria;Pseudomonadota;Gammaproteobacteria;Xanthomonadales;Xanthomonadaceae;Stenotrophomonas;Stenotrophomonas pavanii,multidrug,tolC,chromosome,1.338,2.25,0.595
Me.F.3.L.B,G06,Memorial,dorm_sample,Bacteria;Pseudomonadota;Gammaproteobacteria;Xanthomonadales;Xanthomonadaceae;Stenotrophomonas;Stenotrophomonas pavanii,quinolone,qnr*,chromosome,1.344,2.25,0.597
Me.F.3.L.B,G06,Memorial,dorm_sample,Bacteria;Pseudomonadota;Gammaproteobacteria;Xanthomonadales;Xanthomonadaceae;Stenotrophomonas;Stenotrophomonas pavanii,rifamycin,arr,chromosome,4,2.25,1.778
Me.F.3.L.B,G06,Memorial,dorm_sample,unclassified,aminoglycoside,aac(3)*,chromosome,44.493,0,0
Me.F.3.L.B,G06,Memorial,dorm_sample,unclassified,aminoglycoside,aac(3)*,plasmid,41.505,0,0
Me.F.3.L.B,G06,Memorial,dorm_sample,unclassified,aminoglycoside,aac(6')*,chromosome,3,0,0
Me.F.3.L.B,G06,Memorial,dorm_sample,unclassified,aminoglycoside,ant(3'')-I,plasmid,9.849,0,0
Me.F.3.L.B,G06,Memorial,dorm_sample,unclassified,aminoglycoside,aph(3')-II,chromosome,1.457,0,0
Me.F.3.L.B,G06,Memorial,dorm_sample,unclassified,beta-lactam,bla*,chromosome,35.246,0,0
Me.F.3.L.B,G06,Memorial,dorm_sample,unclassified,bleomycin,blmT,chromosome,2,0,0
Me.F.3.L.B,G06,Memorial,dorm_sample,unclassified,defensin,dltA,chromosome,1,0,0
Me.F.3.L.B,G06,Memorial,dorm_sample,unclassified,defensin,dltB,chromosome,1,0,0
Me.F.3.L.B,G06,Memorial,dorm_sample,unclassified,defensin,dltC,chromosome,1,0,0
Me.F.3.L.B,G06,Memorial,dorm_sample,unclassified,defensin,dltD,chromosome,1,0,0
Me.F.3.L.B,G06,Memorial,dorm_sample,unclassified,defensin,mprF,chromosome,1,0,0
Me.F.3.L.B,G06,Memorial,dorm_sample,unclassified,fosfomycin,fosX,chromosome,0.97,0,0
Me.F.3.L.B,G06,Memorial,dorm_sample,unclassified,multidrug,ainY,chromosome,1,0,0
Me.F.3.L.B,G06,Memorial,dorm_sample,unclassified,multidrug,ainZ,chromosome,0.909,0,0
Me.F.3.L.B,G06,Memorial,dorm_sample,unclassified,multidrug,ameA,chromosome,1,0,0
Me.F.3.L.B,G06,Memorial,dorm_sample,unclassified,multidrug,emrC,chromosome,1,0,0
Me.F.3.L.B,G06,Memorial,dorm_sample,unclassified,multidrug,macB,chromosome,4.106,0,0
Me.F.3.L.B,G06,Memorial,dorm_sample,unclassified,multidrug,mdtN,chromosome,24.789,0,0
Me.F.3.L.B,G06,Memorial,dorm_sample,unclassified,rifamycin,arr,chromosome,25.382,0,0
Me.F.3.L.B,G06,Memorial,dorm_sample,unclassified,rifamycin,helR,chromosome,1.399,0,0
Me.F.3.L.B,G06,Memorial,dorm_sample,unclassified,tetracycline,tet(G),chromosome,4.184,0,0
1_Parracocus,G07,Not applicable,control,Bacteria;Bacillota;Bacilli;Bacillales;Bacillaceae;Bacillus;Bacillus pumilus_O,beta-lactam,blaBPU,chromosome,97.025,96.5,1.005
1_Parracocus,G07,Not applicable,control,Bacteria;Bacillota;Bacilli;Bacillales;Bacillaceae;Bacillus;Bacillus pumilus_O,defensin,dltA,chromosome,95.655,96.5,0.991
1_Parracocus,G07,Not applicable,control,Bacteria;Bacillota;Bacilli;Bacillales;Bacillaceae;Bacillus;Bacillus pumilus_O,defensin,dltB,chromosome,96.434,96.5,0.999
1_Parracocus,G07,Not applicable,control,Bacteria;Bacillota;Bacilli;Bacillales;Bacillaceae;Bacillus;Bacillus pumilus_O,defensin,dltC,chromosome,98.103,96.5,1.017
1_Parracocus,G07,Not applicable,control,Bacteria;Bacillota;Bacilli;Bacillales;Bacillaceae;Bacillus;Bacillus pumilus_O,defensin,dltD,chromosome,97.686,96.5,1.012
1_Parracocus,G07,Not applicable,control,Bacteria;Bacillota;Bacilli;Bacillales;Bacillaceae;Bacillus;Bacillus pumilus_O,defensin,mprF,chromosome,121.668,96.5,1.261
1_Parracocus,G07,Not applicable,control,Bacteria;Bacillota;Bacilli;Bacillales;Bacillaceae;Bacillus;Bacillus pumilus_O,multidrug,bmrC,chromosome,113.186,96.5,1.173
1_Parracocus,G07,Not applicable,control,Bacteria;Bacillota;Bacilli;Bacillales;Bacillaceae;Bacillus;Bacillus pumilus_O,phenicol,catA,chromosome,84.009,96.5,0.871
1_Parracocus,G07,Not applicable,control,Bacteria;Bacillota;Bacilli;Bacillales;Bacillaceae;Bacillus;Bacillus pumilus_O,rifamycin,arr,chromosome,116.08,96.5,1.203
Ea.F.1.H.B,H01,Earl,dorm_sample,Bacteria;Actinomycetota;Actinomycetes;Actinomycetales;Microbacteriaceae;Agromyces;Agromyces mediolanus_A,rifamycin,helR,chromosome,2,1.75,1.143
Ea.F.1.H.B,H01,Earl,dorm_sample,Bacteria;Actinomycetota;Actinomycetes;Mycobacteriales;Mycobacteriaceae;Mycobacterium;Mycobacterium fortuitum,rifamycin,arr,chromosome,1,0.25,4
Ea.F.1.H.B,H01,Earl,dorm_sample,Bacteria;Actinomycetota;Actinomycetes;Mycobacteriales;Mycobacteriaceae;Mycobacterium;Mycobacterium fortuitum,rifamycin,rox,chromosome,1.992,0.25,7.966
Ea.F.1.H.B,H01,Earl,dorm_sample,Bacteria;Actinomycetota;Actinomycetes;Mycobacteriales;Mycobacteriaceae;Mycobacterium;Mycobacterium phocaicum,beta-lactam,bla*,chromosome,67.034,72.125,0.929
Ea.F.1.H.B,H01,Earl,dorm_sample,Bacteria;Actinomycetota;Actinomycetes;Mycobacteriales;Mycobacteriaceae;Mycobacterium;Mycobacterium phocaicum,defensin,lysX,chromosome,73.655,72.125,1.021
Ea.F.1.H.B,H01,Earl,dorm_sample,Bacteria;Actinomycetota;Actinomycetes;Mycobacteriales;Mycobacteriaceae;Mycobacterium;Mycobacterium phocaicum,multidrug,lfrA,chromosome,80.217,72.125,1.112
Ea.F.1.H.B,H01,Earl,dorm_sample,Bacteria;Actinomycetota;Actinomycetes;Mycobacteriales;Mycobacteriaceae;Mycobacterium;Mycobacterium phocaicum,rifamycin,arr,chromosome,180.364,72.125,2.501
Ea.F.1.H.B,H01,Earl,dorm_sample,Bacteria;Actinomycetota;Actinomycetes;Mycobacteriales;Mycobacteriaceae;Mycobacterium;Mycobacterium phocaicum,tetracycline,tet(V),chromosome,43.496,72.125,0.603
Ea.F.1.H.B,H01,Earl,dorm_sample,Bacteria;Actinomycetota;Actinomycetes;Mycobacteriales;Mycobacteriaceae;Mycobacterium;Mycobacterium sp018326285,beta-lactam,bla*,chromosome,2,4.25,0.471
Ea.F.1.H.B,H01,Earl,dorm_sample,Bacteria;Actinomycetota;Actinomycetes;Mycobacteriales;Mycobacteriaceae;Mycobacterium;Mycobacterium sp018326285,tetracycline,tet(V),chromosome,56.923,4.25,13.394
Ea.F.1.H.B,H01,Earl,dorm_sample,Bacteria;Bacteroidota;Bacteroidia;Chitinophagales;Chitinophagaceae;Niabella;Niabella sp052044285,aminoglycoside,ant(6)*,chromosome,1.945,2.375,0.819
Ea.F.1.H.B,H01,Earl,dorm_sample,Bacteria;Bacteroidota;Bacteroidia;Chitinophagales;Chitinophagaceae;Niabella;Niabella sp052044285,beta-lactam,bla*,chromosome,1.993,2.375,0.839
Ea.F.1.H.B,H01,Earl,dorm_sample,Bacteria;Bacteroidota;Bacteroidia;Chitinophagales;Chitinophagaceae;Terrimonas;Terrimonas ferruginea,beta-lactam,bla*,chromosome,7.636,2.625,2.909
Ea.F.1.H.B,H01,Earl,dorm_sample,Bacteria;Bacteroidota;Bacteroidia;Cytophagales;Spirosomataceae;Runella;Runella zeae,aminoglycoside,aac(6')*,chromosome,2,0.375,5.333
Ea.F.1.H.B,H01,Earl,dorm_sample,Bacteria;Bacteroidota;Bacteroidia;Cytophagales;Spirosomataceae;Runella;Runella zeae,beta-lactam,bla*,chromosome,2,0.375,5.333
Ea.F.1.H.B,H01,Earl,dorm_sample,Bacteria;Bacteroidota;Bacteroidia;Flavobacteriales;Flavobacteriaceae;Flavobacterium;Flavobacterium endophyticum,rifamycin,arr,chromosome,3,3.875,0.774
Ea.F.1.H.B,H01,Earl,dorm_sample,Bacteria;Bacteroidota;Bacteroidia;Flavobacteriales;Weeksellaceae;Chryseobacterium;Chryseobacterium phocaeense,aminoglycoside,ant(6)*,chromosome,1,1.375,0.727
Ea.F.1.H.B,H01,Earl,dorm_sample,Bacteria;Bacteroidota;Bacteroidia;Flavobacteriales;Weeksellaceae;Chryseobacterium;Chryseobacterium phocaeense,beta-lactam,blaCHM,chromosome,1.813,1.375,1.319
Ea.F.1.H.B,H01,Earl,dorm_sample,Bacteria;Bacteroidota;Bacteroidia;Flavobacteriales;Weeksellaceae;Chryseobacterium;Chryseobacterium phocaeense,beta-lactam,blaIND,chromosome,1,1.375,0.727
Ea.F.1.H.B,H01,Earl,dorm_sample,Bacteria;Bacteroidota;Bacteroidia;Sphingobacteriales;Sphingobacteriaceae;Pedobacter;Pedobacter chitinilyticus,beta-lactam,bla*,chromosome,5,4.375,1.143
Ea.F.1.H.B,H01,Earl,dorm_sample,Bacteria;Bacteroidota;Bacteroidia;Sphingobacteriales;Sphingobacteriaceae;Pedobacter;Pedobacter chitinilyticus,rifamycin,arr,chromosome,4,4.375,0.914
Ea.F.1.H.B,H01,Earl,dorm_sample,Bacteria;Pseudomonadota;Alphaproteobacteria;Caulobacterales;Caulobacteraceae;Brevundimonas;Brevundimonas diminuta_C,beta-lactam,bla*,chromosome,1.814,0.625,2.902
Ea.F.1.H.B,H01,Earl,dorm_sample,Bacteria;Pseudomonadota;Alphaproteobacteria;Caulobacterales;Caulobacteraceae;Brevundimonas;Brevundimonas pondensis,beta-lactam,bla*,chromosome,5.823,3.375,1.725
Ea.F.1.H.B,H01,Earl,dorm_sample,Bacteria;Pseudomonadota;Alphaproteobacteria;Caulobacterales;Caulobacteraceae;Brevundimonas;Brevundimonas sp001422455,beta-lactam,bla*,chromosome,1,0.625,1.6
Ea.F.1.H.B,H01,Earl,dorm_sample,Bacteria;Pseudomonadota;Alphaproteobacteria;Caulobacterales;Caulobacteraceae;Brevundimonas;Brevundimonas sp002479325,beta-lactam,bla*,chromosome,3.785,1.5,2.523
Ea.F.1.H.B,H01,Earl,dorm_sample,Bacteria;Pseudomonadota;Alphaproteobacteria;Caulobacterales;Caulobacteraceae;Brevundimonas;Brevundimonas sp005484585,beta-lactam,bla*,chromosome,5,1.25,4
Ea.F.1.H.B,H01,Earl,dorm_sample,Bacteria;Pseudomonadota;Alphaproteobacteria;Caulobacterales;Caulobacteraceae;Brevundimonas;Brevundimonas sp041919755,beta-lactam,bla*,chromosome,1,3.375,0.296
Ea.F.1.H.B,H01,Earl,dorm_sample,Bacteria;Pseudomonadota;Alphaproteobacteria;Caulobacterales;Caulobacteraceae;Brevundimonas;Brevundimonas sp049445955,beta-lactam,bla*,chromosome,9,2.25,4
Ea.F.1.H.B,H01,Earl,dorm_sample,Bacteria;Pseudomonadota;Alphaproteobacteria;Caulobacterales;Caulobacteraceae;Brevundimonas;Brevundimonas staleyi,beta-lactam,bla*,chromosome,0.987,0.25,3.947
Ea.F.1.H.B,H01,Earl,dorm_sample,Bacteria;Pseudomonadota;Alphaproteobacteria;Caulobacterales;Caulobacteraceae;Brevundimonas;Brevundimonas vesicularis_D,beta-lactam,bla*,chromosome,1,5.625,0.178
Ea.F.1.H.B,H01,Earl,dorm_sample,Bacteria;Pseudomonadota;Alphaproteobacteria;Caulobacterales;Caulobacteraceae;Caulobacter;Caulobacter sp013181195,rifamycin,arr,chromosome,2,0.75,2.667
Ea.F.1.H.B,H01,Earl,dorm_sample,Bacteria;Pseudomonadota;Alphaproteobacteria;Caulobacterales;Caulobacteraceae;Caulobacter;Caulobacter sp020161365,beta-lactam,blaCAU,chromosome,3.918,1.5,2.612
Ea.F.1.H.B,H01,Earl,dorm_sample,Bacteria;Pseudomonadota;Alphaproteobacteria;Caulobacterales;Caulobacteraceae;Caulobacter;Caulobacter sp039596335,beta-lactam,bla*,chromosome,1.703,1.375,1.238
Ea.F.1.H.B,H01,Earl,dorm_sample,Bacteria;Pseudomonadota;Alphaproteobacteria;Caulobacterales;Caulobacteraceae;Phenylobacterium;Phenylobacterium haematophilum,beta-lactam,bla*,chromosome,8.79,5.875,1.496
Ea.F.1.H.B,H01,Earl,dorm_sample,Bacteria;Pseudomonadota;Alphaproteobacteria;Caulobacterales;Caulobacteraceae;Phenylobacterium;Phenylobacterium haematophilum,phenicol,cml*,chromosome,2.965,5.875,0.505
Ea.F.1.H.B,H01,Earl,dorm_sample,Bacteria;Pseudomonadota;Alphaproteobacteria;Caulobacterales;Caulobacteraceae;Phenylobacterium;Phenylobacterium sp001824475,beta-lactam,bla*,chromosome,1,0.625,1.6
Ea.F.1.H.B,H01,Earl,dorm_sample,Bacteria;Pseudomonadota;Alphaproteobacteria;Caulobacterales;Caulobacteraceae;Phenylobacterium;Phenylobacterium sp018240795,rifamycin,arr,chromosome,8.585,1,8.585
Ea.F.1.H.B,H01,Earl,dorm_sample,Bacteria;Pseudomonadota;Alphaproteobacteria;Caulobacterales;Caulobacteraceae;Phenylobacterium;Phenylobacterium sp024699945,beta-lactam,bla*,chromosome,7,2,3.5
Ea.F.1.H.B,H01,Earl,dorm_sample,Bacteria;Pseudomonadota;Alphaproteobacteria;Reyranellales;Reyranellaceae;Reyranella;Reyranella sp965228225,beta-lactam,bla*,chromosome,0.986,1.5,0.658
Ea.F.1.H.B,H01,Earl,dorm_sample,Bacteria;Pseudomonadota;Alphaproteobacteria;Rhizobiales;Beijerinckiaceae;Allobosea;Allobosea eneae,aminoglycoside,aac(3)*,chromosome,2.161,4.5,0.48
Ea.F.1.H.B,H01,Earl,dorm_sample,Bacteria;Pseudomonadota;Alphaproteobacteria;Rhizobiales;Beijerinckiaceae;Allobosea;Allobosea eneae,beta-lactam,bla*,chromosome,8.145,4.5,1.81
Ea.F.1.H.B,H01,Earl,dorm_sample,Bacteria;Pseudomonadota;Alphaproteobacteria;Rhizobiales;Beijerinckiaceae;Allobosea;Allobosea eneae,multidrug,mdtI,chromosome,9,4.5,2
Ea.F.1.H.B,H01,Earl,dorm_sample,Bacteria;Pseudomonadota;Alphaproteobacteria;Rhizobiales;Beijerinckiaceae;Allobosea;Allobosea lupini,aminoglycoside,aac(3)*,chromosome,5,4.875,1.026
Ea.F.1.H.B,H01,Earl,dorm_sample,Bacteria;Pseudomonadota;Alphaproteobacteria;Rhizobiales;Beijerinckiaceae;Allobosea;Allobosea lupini,beta-lactam,bla*,chromosome,13.968,4.875,2.865
Ea.F.1.H.B,H01,Earl,dorm_sample,Bacteria;Pseudomonadota;Alphaproteobacteria;Rhizobiales;Beijerinckiaceae;Allobosea;Allobosea lupini,multidrug,mdtI,chromosome,2,4.875,0.41
Ea.F.1.H.B,H01,Earl,dorm_sample,Bacteria;Pseudomonadota;Alphaproteobacteria;Rhizobiales;Beijerinckiaceae;Allobosea;Allobosea sp900112185,beta-lactam,bla*,chromosome,1.869,0.625,2.99
Ea.F.1.H.B,H01,Earl,dorm_sample,Bacteria;Pseudomonadota;Alphaproteobacteria;Rhizobiales;Beijerinckiaceae;Methylobacterium;Methylobacterium radiotolerans,beta-lactam,bla*,chromosome,7,4,1.75
Ea.F.1.H.B,H01,Earl,dorm_sample,Bacteria;Pseudomonadota;Alphaproteobacteria;Rhizobiales;Beijerinckiaceae;Methylobacterium;Methylobacterium sp900112625,beta-lactam,bla*,chromosome,1,0.875,1.143
Ea.F.1.H.B,H01,Earl,dorm_sample,Bacteria;Pseudomonadota;Alphaproteobacteria;Rhizobiales;Hyphomicrobiaceae;Hyphomicrobium_C;Hyphomicrobium_C sp019744875,aminoglycoside,aac(3)-I,chromosome,6,5.625,1.067
Ea.F.1.H.B,H01,Earl,dorm_sample,Bacteria;Pseudomonadota;Alphaproteobacteria;Rhizobiales;Rhizobiaceae;Shinella;Shinella sp001262505,beta-lactam,bla*,chromosome,1.746,1,1.746
Ea.F.1.H.B,H01,Earl,dorm_sample,Bacteria;Pseudomonadota;Alphaproteobacteria;Rhizobiales;Xanthobacteraceae;Bradyrhizobium;Bradyrhizobium lablabi_C,beta-lactam,bla*,chromosome,4.758,4.75,1.002
Ea.F.1.H.B,H01,Earl,dorm_sample,Bacteria;Pseudomonadota;Alphaproteobacteria;Rhizobiales;Xanthobacteraceae;Xanthobacter;Xanthobacter flavus_A,multidrug,macB,chromosome,0.997,0.25,3.988
Ea.F.1.H.B,H01,Earl,dorm_sample,Bacteria;Pseudomonadota;Alphaproteobacteria;Sphingomonadales;Sphingomonadaceae;Blastomonas;Blastomonas ursincola,aminoglycoside,aac(3)*,chromosome,22,30.625,0.718
Ea.F.1.H.B,H01,Earl,dorm_sample,Bacteria;Pseudomonadota;Alphaproteobacteria;Sphingomonadales;Sphingomonadaceae;Blastomonas;Blastomonas ursincola,beta-lactam,bla*,chromosome,35.977,30.625,1.175
Ea.F.1.H.B,H01,Earl,dorm_sample,Bacteria;Pseudomonadota;Alphaproteobacteria;Sphingomonadales;Sphingomonadaceae;Erythrobacter;Erythrobacter oryzae,aminoglycoside,aac(6')*,chromosome,60.583,62.25,0.973
Ea.F.1.H.B,H01,Earl,dorm_sample,Bacteria;Pseudomonadota;Alphaproteobacteria;Sphingomonadales;Sphingomonadaceae;Erythrobacter;Erythrobacter oryzae,beta-lactam,bla*,chromosome,6.659,62.25,0.107
Ea.F.1.H.B,H01,Earl,dorm_sample,Bacteria;Pseudomonadota;Alphaproteobacteria;Sphingomonadales;Sphingomonadaceae;Erythrobacter;Erythrobacter sp046452395,beta-lactam,bla*,chromosome,2.466,1.25,1.973
Ea.F.1.H.B,H01,Earl,dorm_sample,Bacteria;Pseudomonadota;Alphaproteobacteria;Sphingomonadales;Sphingomonadaceae;Sphingobium_A;Sphingobium_A colocasiae,beta-lactam,bla*,chromosome,3.396,1.25,2.717
Ea.F.1.H.B,H01,Earl,dorm_sample,Bacteria;Pseudomonadota;Alphaproteobacteria;Sphingomonadales;Sphingomonadaceae;Sphingobium_A;Sphingobium_A colocasiae,defensin,mprF,chromosome,1,1.25,0.8
Ea.F.1.H.B,H01,Earl,dorm_sample,Bacteria;Pseudomonadota;Alphaproteobacteria;Sphingomonadales;Sphingomonadaceae;Sphingobium_A;Sphingobium_A colocasiae,rifamycin,arr,chromosome,1,1.25,0.8
Ea.F.1.H.B,H01,Earl,dorm_sample,Bacteria;Pseudomonadota;Alphaproteobacteria;Sphingomonadales;Sphingomonadaceae;Sphingomonas;Sphingomonas koreensis,beta-lactam,bla*,chromosome,23.632,6.875,3.437
Ea.F.1.H.B,H01,Earl,dorm_sample,Bacteria;Pseudomonadota;Alphaproteobacteria;Sphingomonadales;Sphingomonadaceae;Sphingomonas;Sphingomonas koreensis,phenicol,catB,chromosome,14.929,6.875,2.171
Ea.F.1.H.B,H01,Earl,dorm_sample,Bacteria;Pseudomonadota;Alphaproteobacteria;Sphingomonadales;Sphingomonadaceae;Sphingomonas;Sphingomonas sp001555965,aminoglycoside,aac(3)-I,chromosome,1,0.25,4
Ea.F.1.H.B,H01,Earl,dorm_sample,Bacteria;Pseudomonadota;Alphaproteobacteria;Sphingomonadales;Sphingomonadaceae;Sphingomonas;Sphingomonas sp012650175,beta-lactam,bla*,chromosome,2,0.75,2.667
Ea.F.1.H.B,H01,Earl,dorm_sample,Bacteria;Pseudomonadota;Alphaproteobacteria;Sphingomonadales;Sphingomonadaceae;Sphingomonas;Sphingomonas sp036402235,beta-lactam,bla*,chromosome,7,16.375,0.427
Ea.F.1.H.B,H01,Earl,dorm_sample,Bacteria;Pseudomonadota;Alphaproteobacteria;Sphingomonadales;Sphingomonadaceae;Sphingomonas;Sphingomonas sp900109205,aminoglycoside,aac(3)-I,chromosome,1,0.25,4
Ea.F.1.H.B,H01,Earl,dorm_sample,Bacteria;Pseudomonadota;Alphaproteobacteria;Sphingomonadales;Sphingomonadaceae;Sphingomonas;Sphingomonas sp964407945,beta-lactam,bla*,chromosome,19.498,0.375,51.995
Ea.F.1.H.B,H01,Earl,dorm_sample,Bacteria;Pseudomonadota;Alphaproteobacteria;Sphingomonadales;Sphingomonadaceae;Sphingopyxis;Sphingopyxis panaciterrae,beta-lactam,bla*,chromosome,3.645,3.25,1.122
Ea.F.1.H.B,H01,Earl,dorm_sample,Bacteria;Pseudomonadota;Alphaproteobacteria;Sphingomonadales;Sphingomonadaceae;Sphingopyxis;Sphingopyxis panaciterrae,defensin,mprF,chromosome,1.617,3.25,0.497
Ea.F.1.H.B,H01,Earl,dorm_sample,Bacteria;Pseudomonadota;Alphaproteobacteria;Sphingomonadales;Sphingomonadaceae;Sphingopyxis;Sphingopyxis sp001468395,beta-lactam,bla*,chromosome,21.148,31.125,0.679
Ea.F.1.H.B,H01,Earl,dorm_sample,Bacteria;Pseudomonadota;Alphaproteobacteria;Sphingomonadales;Sphingomonadaceae;Sphingopyxis;Sphingopyxis sp001468395,defensin,mprF,chromosome,19.575,31.125,0.629
Ea.F.1.H.B,H01,Earl,dorm_sample,Bacteria;Pseudomonadota;Alphaproteobacteria;Sphingomonadales;Sphingomonadaceae;Sphingopyxis;Sphingopyxis sp014873485,beta-lactam,bla*,chromosome,36.303,19.125,1.898
Ea.F.1.H.B,H01,Earl,dorm_sample,Bacteria;Pseudomonadota;Alphaproteobacteria;Sphingomonadales;Sphingomonadaceae;Sphingopyxis;Sphingopyxis sp014873485,phenicol,catB,chromosome,9.009,19.125,0.471
Ea.F.1.H.B,H01,Earl,dorm_sample,Bacteria;Pseudomonadota;Alphaproteobacteria;Sphingomonadales;Sphingomonadaceae;Sphingopyxis;Sphingopyxis sp014873485,rifamycin,arr,chromosome,20.569,19.125,1.076
Ea.F.1.H.B,H01,Earl,dorm_sample,Bacteria;Pseudomonadota;Gammaproteobacteria;Burkholderiales;Burkholderiaceae_C;Acidovorax;Acidovorax sp046339755,beta-lactam,bla*,chromosome,2,0.75,2.667
Ea.F.1.H.B,H01,Earl,dorm_sample,Bacteria;Pseudomonadota;Gammaproteobacteria;Burkholderiales;Burkholderiaceae_C;Acidovorax;Acidovorax temperans,beta-lactam,bla*,chromosome,50.567,71.375,0.708
Ea.F.1.H.B,H01,Earl,dorm_sample,Bacteria;Pseudomonadota;Gammaproteobacteria;Burkholderiales;Burkholderiaceae_C;Acidovorax;Acidovorax temperans,fosfomycin,fosX,chromosome,15.662,71.375,0.219
Ea.F.1.H.B,H01,Earl,dorm_sample,Bacteria;Pseudomonadota;Gammaproteobacteria;Burkholderiales;Burkholderiaceae_C;Aquabacterium;Aquabacterium sp029268225,multidrug,macB,chromosome,3.405,3.125,1.089
Ea.F.1.H.B,H01,Earl,dorm_sample,Bacteria;Pseudomonadota;Gammaproteobacteria;Burkholderiales;Burkholderiaceae_C;Aquincola;Aquincola tertiaricarbonis_B,beta-lactam,bla*,chromosome,14.956,14.125,1.059
Ea.F.1.H.B,H01,Earl,dorm_sample,Bacteria;Pseudomonadota;Gammaproteobacteria;Burkholderiales;Rhodocyclaceae;Azospira;Azospira oryzae,beta-lactam,bla*,chromosome,1,0.625,1.6
Ea.F.1.H.B,H01,Earl,dorm_sample,Bacteria;Pseudomonadota;Gammaproteobacteria;Pseudomonadales;Moraxellaceae;Acinetobacter;Acinetobacter junii,aminoglycoside,ant(3'')-I,chromosome,3,1.875,1.6
Ea.F.1.H.B,H01,Earl,dorm_sample,Bacteria;Pseudomonadota;Gammaproteobacteria;Pseudomonadales;Moraxellaceae;Acinetobacter;Acinetobacter junii,beta-lactam,bla*,chromosome,1,1.875,0.533
Ea.F.1.H.B,H01,Earl,dorm_sample,Bacteria;Pseudomonadota;Gammaproteobacteria;Pseudomonadales;Moraxellaceae;Acinetobacter;Acinetobacter junii,multidrug,adeJ,chromosome,2.193,1.875,1.17
Ea.F.1.H.B,H01,Earl,dorm_sample,Bacteria;Pseudomonadota;Gammaproteobacteria;Pseudomonadales;Moraxellaceae;Acinetobacter;Acinetobacter junii,multidrug,adeK,chromosome,2.914,1.875,1.554
Ea.F.1.H.B,H01,Earl,dorm_sample,Bacteria;Pseudomonadota;Gammaproteobacteria;Pseudomonadales;Moraxellaceae;Acinetobacter;Acinetobacter junii,multidrug,craA,chromosome,2,1.875,1.067
Ea.F.1.H.B,H01,Earl,dorm_sample,Bacteria;Pseudomonadota;Gammaproteobacteria;Pseudomonadales;Moraxellaceae;Acinetobacter;Acinetobacter junii,multidrug,macA,chromosome,1.446,1.875,0.771
Ea.F.1.H.B,H01,Earl,dorm_sample,Bacteria;Pseudomonadota;Gammaproteobacteria;Pseudomonadales;Moraxellaceae;Acinetobacter;Acinetobacter junii,multidrug,macB,chromosome,2,1.875,1.067
Ea.F.1.H.B,H01,Earl,dorm_sample,Bacteria;Pseudomonadota;Gammaproteobacteria;Pseudomonadales;Pseudomonadaceae;Aquipseudomonas;Aquipseudomonas alcaligenes,beta-lactam,bla*,chromosome,1.995,1.625,1.228
Ea.F.1.H.B,H01,Earl,dorm_sample,Bacteria;Pseudomonadota;Gammaproteobacteria;Pseudomonadales;Pseudomonadaceae;Aquipseudomonas;Aquipseudomonas alcaligenes,multidrug,mexE,chromosome,0.998,1.625,0.614
Ea.F.1.H.B,H01,Earl,dorm_sample,Bacteria;Pseudomonadota;Gammaproteobacteria;Steroidobacterales;Steroidobacteraceae;Steroidobacter;Steroidobacter flavus,multidrug,macB,chromosome,0.994,0.625,1.59
Ea.F.1.H.B,H01,Earl,dorm_sample,Bacteria;Pseudomonadota;Gammaproteobacteria;Xanthomonadales;Xanthomonadaceae;Lysobacter;Lysobacter capsici,defensin,mprF,chromosome,54.481,53.75,1.014
Ea.F.1.H.B,H01,Earl,dorm_sample,Bacteria;Pseudomonadota;Gammaproteobacteria;Xanthomonadales;Xanthomonadaceae;Lysobacter;Lysobacter capsici_A,defensin,mprF,chromosome,14.383,5.875,2.448
Ea.F.1.H.B,H01,Earl,dorm_sample,Bacteria;Pseudomonadota;Gammaproteobacteria;Xanthomonadales;Xanthomonadaceae;Lysobacter_I;Lysobacter_I hankyongensis,aminoglycoside,aac(3)-I,chromosome,3,5.375,0.558
Ea.F.1.H.B,H01,Earl,dorm_sample,Bacteria;Pseudomonadota;Gammaproteobacteria;Xanthomonadales;Xanthomonadaceae;Pseudoxanthomonas_A;Pseudoxanthomonas_A japonensis,aminoglycoside,aac(6')*,chromosome,1.289,3.125,0.412
Ea.F.1.H.B,H01,Earl,dorm_sample,Bacteria;Pseudomonadota;Gammaproteobacteria;Xanthomonadales;Xanthomonadaceae;Pseudoxanthomonas_A;Pseudoxanthomonas_A japonensis,beta-lactam,blaPJM,chromosome,2,3.125,0.64
Ea.F.1.H.B,H01,Earl,dorm_sample,Bacteria;Pseudomonadota;Gammaproteobacteria;Xanthomonadales;Xanthomonadaceae;Pseudoxanthomonas_A;Pseudoxanthomonas_A japonensis,fosfomycin,fosX,chromosome,11.828,3.125,3.785
Ea.F.1.H.B,H01,Earl,dorm_sample,Bacteria;Pseudomonadota;Gammaproteobacteria;Xanthomonadales;Xanthomonadaceae;Pseudoxanthomonas_A;Pseudoxanthomonas_A mexicana,aminoglycoside,aac(3)-I,chromosome,14,17.125,0.818
Ea.F.1.H.B,H01,Earl,dorm_sample,Bacteria;Pseudomonadota;Gammaproteobacteria;Xanthomonadales;Xanthomonadaceae;Pseudoxanthomonas_A;Pseudoxanthomonas_A mexicana,aminoglycoside,aac(6')*,chromosome,16.617,17.125,0.97
Ea.F.1.H.B,H01,Earl,dorm_sample,Bacteria;Pseudomonadota;Gammaproteobacteria;Xanthomonadales;Xanthomonadaceae;Pseudoxanthomonas_A;Pseudoxanthomonas_A mexicana,beta-lactam,bla*,chromosome,17.554,17.125,1.025
Ea.F.1.H.B,H01,Earl,dorm_sample,Bacteria;Pseudomonadota;Gammaproteobacteria;Xanthomonadales;Xanthomonadaceae;Pseudoxanthomonas_A;Pseudoxanthomonas_A mexicana,rifamycin,arr,chromosome,14.308,17.125,0.836
Ea.F.1.H.B,H01,Earl,dorm_sample,Bacteria;Pseudomonadota;Gammaproteobacteria;Xanthomonadales;Xanthomonadaceae;Pseudoxanthomonas_A;Pseudoxanthomonas_A sp002863005,aminoglycoside,aac(3)-I,chromosome,10,13.375,0.748
Ea.F.1.H.B,H01,Earl,dorm_sample,Bacteria;Pseudomonadota;Gammaproteobacteria;Xanthomonadales;Xanthomonadaceae;Pseudoxanthomonas_A;Pseudoxanthomonas_A sp002863005,beta-lactam,bla*,chromosome,14.172,13.375,1.06
Ea.F.1.H.B,H01,Earl,dorm_sample,Bacteria;Pseudomonadota;Gammaproteobacteria;Xanthomonadales;Xanthomonadaceae;Pseudoxanthomonas_A;Pseudoxanthomonas_A sp002863005,rifamycin,arr,chromosome,19,13.375,1.421
Ea.F.1.H.B,H01,Earl,dorm_sample,Bacteria;Pseudomonadota;Gammaproteobacteria;Xanthomonadales;Xanthomonadaceae;Pseudoxanthomonas_A;Pseudoxanthomonas_A sp014851805,beta-lactam,bla*,chromosome,11.458,1.875,6.111
Ea.F.1.H.B,H01,Earl,dorm_sample,Bacteria;Pseudomonadota;Gammaproteobacteria;Xanthomonadales;Xanthomonadaceae;Pseudoxanthomonas_A;Pseudoxanthomonas_A sp014851805,fosfomycin,fosX,chromosome,3.119,1.875,1.664
Ea.F.1.H.B,H01,Earl,dorm_sample,Bacteria;Pseudomonadota;Gammaproteobacteria;Xanthomonadales;Xanthomonadaceae;Pseudoxanthomonas_A;Pseudoxanthomonas_A sp047600885,beta-lactam,bla*,chromosome,4.65,5.75,0.809
Ea.F.1.H.B,H01,Earl,dorm_sample,Bacteria;Pseudomonadota;Gammaproteobacteria;Xanthomonadales;Xanthomonadaceae;Stenotrophomonas;Stenotrophomonas muris,aminoglycoside,aph(3')-II,chromosome,26.906,20.75,1.297
Ea.F.1.H.B,H01,Earl,dorm_sample,Bacteria;Pseudomonadota;Gammaproteobacteria;Xanthomonadales;Xanthomonadaceae;Stenotrophomonas;Stenotrophomonas muris,aminoglycoside,aph(6)*,chromosome,16.837,20.75,0.811
Ea.F.1.H.B,H01,Earl,dorm_sample,Bacteria;Pseudomonadota;Gammaproteobacteria;Xanthomonadales;Xanthomonadaceae;Stenotrophomonas;Stenotrophomonas muris,aminoglycoside,aph(9)-I,chromosome,18.268,20.75,0.88
Ea.F.1.H.B,H01,Earl,dorm_sample,Bacteria;Pseudomonadota;Gammaproteobacteria;Xanthomonadales;Xanthomonadaceae;Stenotrophomonas;Stenotrophomonas muris,beta-lactam,blaL1,chromosome,23.979,20.75,1.156
Ea.F.1.H.B,H01,Earl,dorm_sample,Bacteria;Pseudomonadota;Gammaproteobacteria;Xanthomonadales;Xanthomonadaceae;Stenotrophomonas;Stenotrophomonas muris,beta-lactam,blaL2,chromosome,21.016,20.75,1.013
Ea.F.1.H.B,H01,Earl,dorm_sample,Bacteria;Pseudomonadota;Gammaproteobacteria;Xanthomonadales;Xanthomonadaceae;Stenotrophomonas;Stenotrophomonas muris,colistin,eptA,chromosome,20.498,20.75,0.988
Ea.F.1.H.B,H01,Earl,dorm_sample,Bacteria;Pseudomonadota;Gammaproteobacteria;Xanthomonadales;Xanthomonadaceae;Stenotrophomonas;Stenotrophomonas muris,defensin,mprF,chromosome,12.13,20.75,0.585
Ea.F.1.H.B,H01,Earl,dorm_sample,Bacteria;Pseudomonadota;Gammaproteobacteria;Xanthomonadales;Xanthomonadaceae;Stenotrophomonas;Stenotrophomonas muris,multidrug,emrA,chromosome,7.865,20.75,0.379
Ea.F.1.H.B,H01,Earl,dorm_sample,Bacteria;Pseudomonadota;Gammaproteobacteria;Xanthomonadales;Xanthomonadaceae;Stenotrophomonas;Stenotrophomonas muris,multidrug,emrB,chromosome,10.364,20.75,0.499
Ea.F.1.H.B,H01,Earl,dorm_sample,Bacteria;Pseudomonadota;Gammaproteobacteria;Xanthomonadales;Xanthomonadaceae;Stenotrophomonas;Stenotrophomonas muris,multidrug,emrC,chromosome,8.972,20.75,0.432
Ea.F.1.H.B,H01,Earl,dorm_sample,Bacteria;Pseudomonadota;Gammaproteobacteria;Xanthomonadales;Xanthomonadaceae;Stenotrophomonas;Stenotrophomonas muris,multidrug,macA,chromosome,20.473,20.75,0.987
Ea.F.1.H.B,H01,Earl,dorm_sample,Bacteria;Pseudomonadota;Gammaproteobacteria;Xanthomonadales;Xanthomonadaceae;Stenotrophomonas;Stenotrophomonas muris,multidrug,macB,chromosome,38.936,20.75,1.876
Ea.F.1.H.B,H01,Earl,dorm_sample,Bacteria;Pseudomonadota;Gammaproteobacteria;Xanthomonadales;Xanthomonadaceae;Stenotrophomonas;Stenotrophomonas muris,multidrug,macC,chromosome,12.777,20.75,0.616
Ea.F.1.H.B,H01,Earl,dorm_sample,Bacteria;Pseudomonadota;Gammaproteobacteria;Xanthomonadales;Xanthomonadaceae;Stenotrophomonas;Stenotrophomonas muris,multidrug,mfsA,chromosome,10.641,20.75,0.513
Ea.F.1.H.B,H01,Earl,dorm_sample,Bacteria;Pseudomonadota;Gammaproteobacteria;Xanthomonadales;Xanthomonadaceae;Stenotrophomonas;Stenotrophomonas muris,multidrug,smeA,chromosome,22.183,20.75,1.069
Ea.F.1.H.B,H01,Earl,dorm_sample,Bacteria;Pseudomonadota;Gammaproteobacteria;Xanthomonadales;Xanthomonadaceae;Stenotrophomonas;Stenotrophomonas muris,multidrug,smeB,chromosome,23,20.75,1.108
Ea.F.1.H.B,H01,Earl,dorm_sample,Bacteria;Pseudomonadota;Gammaproteobacteria;Xanthomonadales;Xanthomonadaceae;Stenotrophomonas;Stenotrophomonas muris,multidrug,smeC,chromosome,24.149,20.75,1.164
Ea.F.1.H.B,H01,Earl,dorm_sample,Bacteria;Pseudomonadota;Gammaproteobacteria;Xanthomonadales;Xanthomonadaceae;Stenotrophomonas;Stenotrophomonas muris,multidrug,smeD,chromosome,21.415,20.75,1.032
Ea.F.1.H.B,H01,Earl,dorm_sample,Bacteria;Pseudomonadota;Gammaproteobacteria;Xanthomonadales;Xanthomonadaceae;Stenotrophomonas;Stenotrophomonas muris,multidrug,smeE,chromosome,21.151,20.75,1.019
Ea.F.1.H.B,H01,Earl,dorm_sample,Bacteria;Pseudomonadota;Gammaproteobacteria;Xanthomonadales;Xanthomonadaceae;Stenotrophomonas;Stenotrophomonas muris,multidrug,smeF,chromosome,19.405,20.75,0.935
Ea.F.1.H.B,H01,Earl,dorm_sample,Bacteria;Pseudomonadota;Gammaproteobacteria;Xanthomonadales;Xanthomonadaceae;Stenotrophomonas;Stenotrophomonas muris,multidrug,smeG,chromosome,18.239,20.75,0.879
Ea.F.1.H.B,H01,Earl,dorm_sample,Bacteria;Pseudomonadota;Gammaproteobacteria;Xanthomonadales;Xanthomonadaceae;Stenotrophomonas;Stenotrophomonas muris,multidrug,smeH,chromosome,20.009,20.75,0.964
Ea.F.1.H.B,H01,Earl,dorm_sample,Bacteria;Pseudomonadota;Gammaproteobacteria;Xanthomonadales;Xanthomonadaceae;Stenotrophomonas;Stenotrophomonas muris,multidrug,smeI,chromosome,14.072,20.75,0.678
Ea.F.1.H.B,H01,Earl,dorm_sample,Bacteria;Pseudomonadota;Gammaproteobacteria;Xanthomonadales;Xanthomonadaceae;Stenotrophomonas;Stenotrophomonas muris,multidrug,smeJ,chromosome,15.877,20.75,0.765
Ea.F.1.H.B,H01,Earl,dorm_sample,Bacteria;Pseudomonadota;Gammaproteobacteria;Xanthomonadales;Xanthomonadaceae;Stenotrophomonas;Stenotrophomonas muris,multidrug,smeK,chromosome,17.463,20.75,0.842
Ea.F.1.H.B,H01,Earl,dorm_sample,Bacteria;Pseudomonadota;Gammaproteobacteria;Xanthomonadales;Xanthomonadaceae;Stenotrophomonas;Stenotrophomonas muris,multidrug,smeO,chromosome,16.444,20.75,0.792
Ea.F.1.H.B,H01,Earl,dorm_sample,Bacteria;Pseudomonadota;Gammaproteobacteria;Xanthomonadales;Xanthomonadaceae;Stenotrophomonas;Stenotrophomonas muris,multidrug,smeP,chromosome,18.082,20.75,0.871
Ea.F.1.H.B,H01,Earl,dorm_sample,Bacteria;Pseudomonadota;Gammaproteobacteria;Xanthomonadales;Xanthomonadaceae;Stenotrophomonas;Stenotrophomonas muris,multidrug,smeV,chromosome,12.051,20.75,0.581
Ea.F.1.H.B,H01,Earl,dorm_sample,Bacteria;Pseudomonadota;Gammaproteobacteria;Xanthomonadales;Xanthomonadaceae;Stenotrophomonas;Stenotrophomonas muris,multidrug,smeW,chromosome,15.994,20.75,0.771
Ea.F.1.H.B,H01,Earl,dorm_sample,Bacteria;Pseudomonadota;Gammaproteobacteria;Xanthomonadales;Xanthomonadaceae;Stenotrophomonas;Stenotrophomonas muris,multidrug,smeX,chromosome,20.54,20.75,0.99
Ea.F.1.H.B,H01,Earl,dorm_sample,Bacteria;Pseudomonadota;Gammaproteobacteria;Xanthomonadales;Xanthomonadaceae;Stenotrophomonas;Stenotrophomonas muris,multidrug,smeY,chromosome,3.283,20.75,0.158
Ea.F.1.H.B,H01,Earl,dorm_sample,Bacteria;Pseudomonadota;Gammaproteobacteria;Xanthomonadales;Xanthomonadaceae;Stenotrophomonas;Stenotrophomonas muris,multidrug,smeZ,chromosome,16.58,20.75,0.799
Ea.F.1.H.B,H01,Earl,dorm_sample,Bacteria;Pseudomonadota;Gammaproteobacteria;Xanthomonadales;Xanthomonadaceae;Stenotrophomonas;Stenotrophomonas muris,multidrug,smrA,chromosome,22.577,20.75,1.088
Ea.F.1.H.B,H01,Earl,dorm_sample,Bacteria;Pseudomonadota;Gammaproteobacteria;Xanthomonadales;Xanthomonadaceae;Stenotrophomonas;Stenotrophomonas muris,multidrug,tolC,chromosome,14.513,20.75,0.699
Ea.F.1.H.B,H01,Earl,dorm_sample,Bacteria;Pseudomonadota;Gammaproteobacteria;Xanthomonadales;Xanthomonadaceae;Stenotrophomonas;Stenotrophomonas muris,quinolone,qnr*,chromosome,12.324,20.75,0.594
Ea.F.1.H.B,H01,Earl,dorm_sample,Bacteria;Pseudomonadota;Gammaproteobacteria;Xanthomonadales;Xanthomonadaceae;Stenotrophomonas;Stenotrophomonas muris,rifamycin,arr,chromosome,20.667,20.75,0.996
Ea.F.1.H.B,H01,Earl,dorm_sample,Bacteria;Pseudomonadota;Gammaproteobacteria;Xanthomonadales;Xanthomonadaceae;Stenotrophomonas;Stenotrophomonas muris,tetracycline,tcrA,chromosome,12.844,20.75,0.619
Ea.F.1.H.B,H01,Earl,dorm_sample,Bacteria;Pseudomonadota;Gammaproteobacteria;Xanthomonadales;Xanthomonadaceae;Thermomonas;Thermomonas sp041919455,beta-lactam,bla*,chromosome,1.208,0.5,2.416
Ea.F.1.H.B,H01,Earl,dorm_sample,unclassified,aminoglycoside,aac(3)-I,chromosome,1.899,0,0
Ea.F.1.H.B,H01,Earl,dorm_sample,unclassified,aminoglycoside,ant(3'')-I,chromosome,9.168,0,0
Ea.F.1.H.B,H01,Earl,dorm_sample,unclassified,aminoglycoside,ant(3'')-I,plasmid,32.962,0,0
Ea.F.1.H.B,H01,Earl,dorm_sample,unclassified,aminoglycoside,ant(3'')-II,chromosome,2.98,0,0
Ea.F.1.H.B,H01,Earl,dorm_sample,unclassified,aminoglycoside,aph(3')*,chromosome,19.622,0,0
Ea.F.1.H.B,H01,Earl,dorm_sample,unclassified,beta-lactam,bla*,chromosome,46.307,0,0
Ea.F.1.H.B,H01,Earl,dorm_sample,unclassified,colistin,eptA,chromosome,2.71,0,0
Ea.F.1.H.B,H01,Earl,dorm_sample,unclassified,defensin,mprF,chromosome,4.525,0,0
Ea.F.1.H.B,H01,Earl,dorm_sample,unclassified,macrolide-lincosamide-streptogramin,lnu(H),chromosome,1,0,0
Ea.F.1.H.B,H01,Earl,dorm_sample,unclassified,multidrug,acrA,chromosome,2.228,0,0
Ea.F.1.H.B,H01,Earl,dorm_sample,unclassified,multidrug,acrB,chromosome,2.166,0,0
Ea.F.1.H.B,H01,Earl,dorm_sample,unclassified,multidrug,adeJ,chromosome,0.997,0,0
Ea.F.1.H.B,H01,Earl,dorm_sample,unclassified,multidrug,adeK,chromosome,0.728,0,0
Ea.F.1.H.B,H01,Earl,dorm_sample,unclassified,multidrug,emrA,chromosome,1,0,0
Ea.F.1.H.B,H01,Earl,dorm_sample,unclassified,multidrug,emrB,chromosome,1,0,0
Ea.F.1.H.B,H01,Earl,dorm_sample,unclassified,multidrug,fsr,chromosome,0.967,0,0
Ea.F.1.H.B,H01,Earl,dorm_sample,unclassified,multidrug,lfrA,chromosome,1,0,0
Ea.F.1.H.B,H01,Earl,dorm_sample,unclassified,multidrug,macB,chromosome,4,0,0
Ea.F.1.H.B,H01,Earl,dorm_sample,unclassified,multidrug,mdtN,chromosome,11.5,0,0
Ea.F.1.H.B,H01,Earl,dorm_sample,unclassified,multidrug,tolC,chromosome,1,0,0
Ea.F.1.H.B,H01,Earl,dorm_sample,unclassified,phenicol,cml*,chromosome,0.936,0,0
Ea.F.1.H.B,H01,Earl,dorm_sample,unclassified,rifamycin,arr,chromosome,11.271,0,0
Ea.F.1.H.B,H01,Earl,dorm_sample,unclassified,rifamycin,helR,chromosome,4.712,0,0
Ea.F.1.H.B,H01,Earl,dorm_sample,unclassified,sulfonamide,sul1,chromosome,3.803,0,0
Ea.F.1.H.B,H01,Earl,dorm_sample,unclassified,sulfonamide,sul1,plasmid,1.994,0,0
Ea.F.1.H.B,H01,Earl,dorm_sample,unclassified,sulfonamide,sul2,chromosome,1,0,0
Ea.F.1.H.B,H01,Earl,dorm_sample,unclassified,sulfonamide,sul2,plasmid,2.824,0,0
Ea.F.1.H.B,H01,Earl,dorm_sample,unclassified,tetracycline,tet(42),chromosome,0.995,0,0
Te.M.1.L.A,H02,Teal,dorm_sample,Bacteria;Actinomycetota;Actinomycetes;Actinomycetales;Microbacteriaceae;Agromyces;Agromyces mediolanus_A,beta-lactam,bla*,chromosome,3.839,3.5,1.097
Te.M.1.L.A,H02,Teal,dorm_sample,Bacteria;Actinomycetota;Actinomycetes;Actinomycetales;Microbacteriaceae;Agromyces;Agromyces mediolanus_A,macrolide-lincosamide-streptogramin,erm*,chromosome,2.003,3.5,0.572
Te.M.1.L.A,H02,Teal,dorm_sample,Bacteria;Actinomycetota;Actinomycetes;Actinomycetales;Microbacteriaceae;Agromyces;Agromyces mediolanus_A,rifamycin,helR,chromosome,5.387,3.5,1.539
Te.M.1.L.A,H02,Teal,dorm_sample,Bacteria;Actinomycetota;Actinomycetes;Actinomycetales;Microbacteriaceae;Microbacterium;Microbacterium oxydans,macrolide-lincosamide-streptogramin,erm*,chromosome,3.094,4.25,0.728
Te.M.1.L.A,H02,Teal,dorm_sample,Bacteria;Actinomycetota;Actinomycetes;Actinomycetales;Microbacteriaceae;Microbacterium;Microbacterium oxydans,rifamycin,helR,chromosome,2.868,4.25,0.675
Te.M.1.L.A,H02,Teal,dorm_sample,Bacteria;Actinomycetota;Actinomycetes;Actinomycetales;Microbacteriaceae;Microbacterium;Microbacterium oxydans,tetracycline,tet(42),chromosome,8.002,4.25,1.883
Te.M.1.L.A,H02,Teal,dorm_sample,Bacteria;Actinomycetota;Actinomycetes;Mycobacteriales;Mycobacteriaceae;Mycobacterium;Mycobacterium fortuitum,aminoglycoside,aac(2')-I,chromosome,36.149,35.25,1.025
Te.M.1.L.A,H02,Teal,dorm_sample,Bacteria;Actinomycetota;Actinomycetes;Mycobacteriales;Mycobacteriaceae;Mycobacterium;Mycobacterium fortuitum,aminoglycoside,aph(3'')*,chromosome,30.413,35.25,0.863
Te.M.1.L.A,H02,Teal,dorm_sample,Bacteria;Actinomycetota;Actinomycetes;Mycobacteriales;Mycobacteriaceae;Mycobacterium;Mycobacterium fortuitum,aminoglycoside,eis,chromosome,28.952,35.25,0.821
Te.M.1.L.A,H02,Teal,dorm_sample,Bacteria;Actinomycetota;Actinomycetes;Mycobacteriales;Mycobacteriaceae;Mycobacterium;Mycobacterium fortuitum,beta-lactam,bla*,chromosome,35.007,35.25,0.993
Te.M.1.L.A,H02,Teal,dorm_sample,Bacteria;Actinomycetota;Actinomycetes;Mycobacteriales;Mycobacteriaceae;Mycobacterium;Mycobacterium fortuitum,defensin,lysX,chromosome,40.969,35.25,1.162
Te.M.1.L.A,H02,Teal,dorm_sample,Bacteria;Actinomycetota;Actinomycetes;Mycobacteriales;Mycobacteriaceae;Mycobacterium;Mycobacterium fortuitum,macrolide-lincosamide-streptogramin,erm(39),chromosome,30.045,35.25,0.852
Te.M.1.L.A,H02,Teal,dorm_sample,Bacteria;Actinomycetota;Actinomycetes;Mycobacteriales;Mycobacteriaceae;Mycobacterium;Mycobacterium fortuitum,multidrug,lfrA,chromosome,41.827,35.25,1.187
Te.M.1.L.A,H02,Teal,dorm_sample,Bacteria;Actinomycetota;Actinomycetes;Mycobacteriales;Mycobacteriaceae;Mycobacterium;Mycobacterium fortuitum,multidrug,tap,chromosome,33.699,35.25,0.956
Te.M.1.L.A,H02,Teal,dorm_sample,Bacteria;Actinomycetota;Actinomycetes;Mycobacteriales;Mycobacteriaceae;Mycobacterium;Mycobacterium fortuitum,rifamycin,arr,chromosome,38.19,35.25,1.083
Te.M.1.L.A,H02,Teal,dorm_sample,Bacteria;Actinomycetota;Actinomycetes;Mycobacteriales;Mycobacteriaceae;Mycobacterium;Mycobacterium fortuitum,rifamycin,helR,chromosome,26.48,35.25,0.751
Te.M.1.L.A,H02,Teal,dorm_sample,Bacteria;Actinomycetota;Actinomycetes;Mycobacteriales;Mycobacteriaceae;Mycobacterium;Mycobacterium fortuitum,rifamycin,rox,chromosome,38.549,35.25,1.094
Te.M.1.L.A,H02,Teal,dorm_sample,Bacteria;Actinomycetota;Actinomycetes;Mycobacteriales;Mycobacteriaceae;Mycobacterium;Mycobacterium fortuitum,tetracycline,tet(V),chromosome,39.108,35.25,1.109
Te.M.1.L.A,H02,Teal,dorm_sample,Bacteria;Actinomycetota;Actinomycetes;Mycobacteriales;Mycobacteriaceae;Mycobacterium;Mycobacterium fortuitum,tuberactinomycin,vph,chromosome,38.983,35.25,1.106
Te.M.1.L.A,H02,Teal,dorm_sample,Bacteria;Actinomycetota;Actinomycetes;Mycobacteriales;Mycobacteriaceae;Mycobacterium;Mycobacterium gilvum,aminoglycoside,eis,chromosome,8.334,9.25,0.901
Te.M.1.L.A,H02,Teal,dorm_sample,Bacteria;Actinomycetota;Actinomycetes;Mycobacteriales;Mycobacteriaceae;Mycobacterium;Mycobacterium gilvum,beta-lactam,bla*,chromosome,5.757,9.25,0.622
Te.M.1.L.A,H02,Teal,dorm_sample,Bacteria;Actinomycetota;Actinomycetes;Mycobacteriales;Mycobacteriaceae;Mycobacterium;Mycobacterium gilvum,defensin,lysX,chromosome,6.075,9.25,0.657
Te.M.1.L.A,H02,Teal,dorm_sample,Bacteria;Actinomycetota;Actinomycetes;Mycobacteriales;Mycobacteriaceae;Mycobacterium;Mycobacterium gilvum,multidrug,tap,chromosome,4.99,9.25,0.539
Te.M.1.L.A,H02,Teal,dorm_sample,Bacteria;Actinomycetota;Actinomycetes;Mycobacteriales;Mycobacteriaceae;Mycobacterium;Mycobacterium gilvum,rifamycin,arr,chromosome,3,9.25,0.324
Te.M.1.L.A,H02,Teal,dorm_sample,Bacteria;Actinomycetota;Actinomycetes;Mycobacteriales;Mycobacteriaceae;Mycobacterium;Mycobacterium gilvum,rifamycin,helR,chromosome,6.087,9.25,0.658
Te.M.1.L.A,H02,Teal,dorm_sample,Bacteria;Actinomycetota;Actinomycetes;Mycobacteriales;Mycobacteriaceae;Mycobacterium;Mycobacterium gwanakae,aminoglycoside,aph(3'')*,chromosome,1,0.625,1.6
Te.M.1.L.A,H02,Teal,dorm_sample,Bacteria;Actinomycetota;Actinomycetes;Mycobacteriales;Mycobacteriaceae;Mycobacterium;Mycobacterium gwanakae,rifamycin,arr,chromosome,1,0.625,1.6
Te.M.1.L.A,H02,Teal,dorm_sample,Bacteria;Actinomycetota;Actinomycetes;Mycobacteriales;Mycobacteriaceae;Mycobacterium;Mycobacterium phocaicum,beta-lactam,bla*,chromosome,441.389,420.5,1.05
Te.M.1.L.A,H02,Teal,dorm_sample,Bacteria;Actinomycetota;Actinomycetes;Mycobacteriales;Mycobacteriaceae;Mycobacterium;Mycobacterium phocaicum,defensin,lysX,chromosome,412.782,420.5,0.982
Te.M.1.L.A,H02,Teal,dorm_sample,Bacteria;Actinomycetota;Actinomycetes;Mycobacteriales;Mycobacteriaceae;Mycobacterium;Mycobacterium phocaicum,multidrug,lfrA,chromosome,434.65,420.5,1.034
Te.M.1.L.A,H02,Teal,dorm_sample,Bacteria;Actinomycetota;Actinomycetes;Mycobacteriales;Mycobacteriaceae;Mycobacterium;Mycobacterium phocaicum,rifamycin,arr,chromosome,403.296,420.5,0.959
Te.M.1.L.A,H02,Teal,dorm_sample,Bacteria;Actinomycetota;Actinomycetes;Mycobacteriales;Mycobacteriaceae;Mycobacterium;Mycobacterium phocaicum,tetracycline,tet(V),chromosome,331.418,420.5,0.788
Te.M.1.L.A,H02,Teal,dorm_sample,Bacteria;Actinomycetota;Actinomycetes;Mycobacteriales;Mycobacteriaceae;Mycobacterium;Mycobacterium senegalense,aminoglycoside,aph(3'')*,chromosome,1,0.75,1.333
Te.M.1.L.A,H02,Teal,dorm_sample,Bacteria;Actinomycetota;Actinomycetes;Mycobacteriales;Mycobacteriaceae;Mycobacterium;Mycobacterium senegalense,aminoglycoside,eis,chromosome,1,0.75,1.333
Te.M.1.L.A,H02,Teal,dorm_sample,Bacteria;Actinomycetota;Actinomycetes;Mycobacteriales;Mycobacteriaceae;Mycobacterium;Mycobacterium senegalense,multidrug,lfrA,chromosome,0.998,0.75,1.331
Te.M.1.L.A,H02,Teal,dorm_sample,Bacteria;Actinomycetota;Actinomycetes;Mycobacteriales;Mycobacteriaceae;Mycobacterium;Mycobacterium senegalense,rifamycin,arr,chromosome,1,0.75,1.333
Te.M.1.L.A,H02,Teal,dorm_sample,Bacteria;Actinomycetota;Actinomycetes;Mycobacteriales;Mycobacteriaceae;Mycobacterium;Mycobacterium senegalense,rifamycin,helR,chromosome,1.206,0.75,1.608
Te.M.1.L.A,H02,Teal,dorm_sample,Bacteria;Actinomycetota;Actinomycetes;Mycobacteriales;Mycobacteriaceae;Mycobacterium;Mycobacterium senegalense,tetracycline,tet(V),chromosome,1,0.75,1.333
Te.M.1.L.A,H02,Teal,dorm_sample,Bacteria;Actinomycetota;Actinomycetes;Mycobacteriales;Mycobacteriaceae;Mycobacterium;Mycobacterium sp018326285,rifamycin,arr,chromosome,23,11,2.091
Te.M.1.L.A,H02,Teal,dorm_sample,Bacteria;Actinomycetota;Actinomycetes;Mycobacteriales;Mycobacteriaceae;Mycobacterium;Mycobacterium sp018326285,tetracycline,tet(V),chromosome,116.646,11,10.604
Te.M.1.L.A,H02,Teal,dorm_sample,Bacteria;Bacteroidota;Bacteroidia;Chitinophagales;Chitinophagaceae;Niabella;Niabella sp052044285,aminoglycoside,ant(6)*,chromosome,4,6.5,0.615
Te.M.1.L.A,H02,Teal,dorm_sample,Bacteria;Bacteroidota;Bacteroidia;Chitinophagales;Chitinophagaceae;Niabella;Niabella sp052044285,beta-lactam,bla*,chromosome,6.936,6.5,1.067
Te.M.1.L.A,H02,Teal,dorm_sample,Bacteria;Bacteroidota;Bacteroidia;Cytophagales;Spirosomataceae;Dyadobacter;Dyadobacter bucti,beta-lactam,bla*,chromosome,2,0.375,5.333
Te.M.1.L.A,H02,Teal,dorm_sample,Bacteria;Bacteroidota;Bacteroidia;Cytophagales;Spirosomataceae;Dyadobacter;Dyadobacter fermentans,beta-lactam,bla*,chromosome,6.996,2.625,2.665
Te.M.1.L.A,H02,Teal,dorm_sample,Bacteria;Bacteroidota;Bacteroidia;Cytophagales;Spirosomataceae;Dyadobacter;Dyadobacter fermentans,rifamycin,rph*,chromosome,2,2.625,0.762
Te.M.1.L.A,H02,Teal,dorm_sample,Bacteria;Bacteroidota;Bacteroidia;Cytophagales;Spirosomataceae;Larkinella;Larkinella sp006149005,beta-lactam,bla*,chromosome,1,0.25,4
Te.M.1.L.A,H02,Teal,dorm_sample,Bacteria;Bacteroidota;Bacteroidia;Sphingobacteriales;Sphingobacteriaceae;Pedobacter;Pedobacter chitinilyticus,aminoglycoside,ant(6)*,chromosome,17.916,17.375,1.031
Te.M.1.L.A,H02,Teal,dorm_sample,Bacteria;Bacteroidota;Bacteroidia;Sphingobacteriales;Sphingobacteriaceae;Pedobacter;Pedobacter chitinilyticus,beta-lactam,bla*,chromosome,20.81,17.375,1.198
Te.M.1.L.A,H02,Teal,dorm_sample,Bacteria;Bacteroidota;Bacteroidia;Sphingobacteriales;Sphingobacteriaceae;Pedobacter;Pedobacter chitinilyticus,rifamycin,arr,chromosome,12.078,17.375,0.695
Te.M.1.L.A,H02,Teal,dorm_sample,Bacteria;Planctomycetota;Planctomycetia;Planctomycetales;Planctomycetaceae;SXPC01;SXPC01 sp052161635,defensin,mprF,chromosome,1,0.625,1.6
Te.M.1.L.A,H02,Teal,dorm_sample,Bacteria;Pseudomonadota;Alphaproteobacteria;Caulobacterales;Caulobacteraceae;Brevundimonas;Brevundimonas pondensis,beta-lactam,bla*,chromosome,10.816,9.375,1.154
Te.M.1.L.A,H02,Teal,dorm_sample,Bacteria;Pseudomonadota;Alphaproteobacteria;Caulobacterales;Caulobacteraceae;Brevundimonas;Brevundimonas sp003938605,beta-lactam,bla*,chromosome,2.79,0.625,4.464
Te.M.1.L.A,H02,Teal,dorm_sample,Bacteria;Pseudomonadota;Alphaproteobacteria;Caulobacterales;Caulobacteraceae;Brevundimonas;Brevundimonas sp003938605,phenicol,catB,chromosome,2,0.625,3.2
Te.M.1.L.A,H02,Teal,dorm_sample,Bacteria;Pseudomonadota;Alphaproteobacteria;Caulobacterales;Caulobacteraceae;Brevundimonas;Brevundimonas sp041919755,beta-lactam,bla*,chromosome,1.464,32.625,0.045
Te.M.1.L.A,H02,Teal,dorm_sample,Bacteria;Pseudomonadota;Alphaproteobacteria;Caulobacterales;Caulobacteraceae;Phenylobacterium;Phenylobacterium haematophilum,beta-lactam,bla*,chromosome,18.608,10.625,1.751
Te.M.1.L.A,H02,Teal,dorm_sample,Bacteria;Pseudomonadota;Alphaproteobacteria;Caulobacterales;Caulobacteraceae;Phenylobacterium;Phenylobacterium haematophilum,phenicol,cml*,chromosome,20.063,10.625,1.888
Te.M.1.L.A,H02,Teal,dorm_sample,Bacteria;Pseudomonadota;Alphaproteobacteria;Caulobacterales;Caulobacteraceae;Phenylobacterium;Phenylobacterium sp001824475,aminoglycoside,aac(3)*,chromosome,17.75,12.375,1.434
Te.M.1.L.A,H02,Teal,dorm_sample,Bacteria;Pseudomonadota;Alphaproteobacteria;Caulobacterales;Caulobacteraceae;Phenylobacterium;Phenylobacterium sp001824475,beta-lactam,bla*,chromosome,28.031,12.375,2.265
Te.M.1.L.A,H02,Teal,dorm_sample,Bacteria;Pseudomonadota;Alphaproteobacteria;Caulobacterales;Caulobacteraceae;Phenylobacterium;Phenylobacterium sp024699945,beta-lactam,bla*,chromosome,0.99,0.375,2.639
Te.M.1.L.A,H02,Teal,dorm_sample,Bacteria;Pseudomonadota;Alphaproteobacteria;Caulobacterales;Caulobacteraceae;Phenylobacterium;Phenylobacterium sp030681155,beta-lactam,bla*,chromosome,32.916,15,2.194
Te.M.1.L.A,H02,Teal,dorm_sample,Bacteria;Pseudomonadota;Alphaproteobacteria;Reyranellales;Reyranellaceae;Reyranella;Reyranella sp965228225,beta-lactam,bla*,chromosome,11.171,8,1.396
Te.M.1.L.A,H02,Teal,dorm_sample,Bacteria;Pseudomonadota;Alphaproteobacteria;Rhizobiales;Beijerinckiaceae;Allobosea;Allobosea beijingensis,aminoglycoside,aac(6')*,chromosome,1,0.375,2.667
Te.M.1.L.A,H02,Teal,dorm_sample,Bacteria;Pseudomonadota;Alphaproteobacteria;Rhizobiales;Beijerinckiaceae;Allobosea;Allobosea beijingensis,multidrug,mdtI,chromosome,1,0.375,2.667
Te.M.1.L.A,H02,Teal,dorm_sample,Bacteria;Pseudomonadota;Alphaproteobacteria;Rhizobiales;Beijerinckiaceae;Allobosea;Allobosea eneae,aminoglycoside,aac(3)*,chromosome,9.219,9.375,0.983
Te.M.1.L.A,H02,Teal,dorm_sample,Bacteria;Pseudomonadota;Alphaproteobacteria;Rhizobiales;Beijerinckiaceae;Allobosea;Allobosea eneae,beta-lactam,bla*,chromosome,9,9.375,0.96
Te.M.1.L.A,H02,Teal,dorm_sample,Bacteria;Pseudomonadota;Alphaproteobacteria;Rhizobiales;Beijerinckiaceae;Allobosea;Allobosea eneae,multidrug,mdtI,chromosome,15,9.375,1.6
Te.M.1.L.A,H02,Teal,dorm_sample,Bacteria;Pseudomonadota;Alphaproteobacteria;Rhizobiales;Beijerinckiaceae;Allobosea;Allobosea rubneri,phenicol,catB,chromosome,1,0.375,2.667
Te.M.1.L.A,H02,Teal,dorm_sample,Bacteria;Pseudomonadota;Alphaproteobacteria;Rhizobiales;Beijerinckiaceae;Allobosea;Allobosea sp900112185,beta-lactam,bla*,chromosome,5.134,18.5,0.278
Te.M.1.L.A,H02,Teal,dorm_sample,Bacteria;Pseudomonadota;Alphaproteobacteria;Rhizobiales;Beijerinckiaceae;Allobosea;Allobosea vestrisii,aminoglycoside,aac(3)*,chromosome,69.212,56.25,1.23
Te.M.1.L.A,H02,Teal,dorm_sample,Bacteria;Pseudomonadota;Alphaproteobacteria;Rhizobiales;Beijerinckiaceae;Allobosea;Allobosea vestrisii,beta-lactam,bla*,chromosome,137.799,56.25,2.45
Te.M.1.L.A,H02,Teal,dorm_sample,Bacteria;Pseudomonadota;Alphaproteobacteria;Rhizobiales;Beijerinckiaceae;Allobosea;Allobosea vestrisii,multidrug,mdtI,chromosome,78.438,56.25,1.394
Te.M.1.L.A,H02,Teal,dorm_sample,Bacteria;Pseudomonadota;Alphaproteobacteria;Rhizobiales;Beijerinckiaceae;Allobosea;Allobosea vestrisii,phenicol,catB,chromosome,58.275,56.25,1.036
Te.M.1.L.A,H02,Teal,dorm_sample,Bacteria;Pseudomonadota;Alphaproteobacteria;Rhizobiales;Beijerinckiaceae;Methylobacterium;Methylobacterium sp900112625,beta-lactam,bla*,chromosome,3.226,4.125,0.782
Te.M.1.L.A,H02,Teal,dorm_sample,Bacteria;Pseudomonadota;Alphaproteobacteria;Rhizobiales;Rhizobiaceae;Agrobacterium;Agrobacterium pusense,aminoglycoside,aac(6')*,chromosome,11.457,12.75,0.899
Te.M.1.L.A,H02,Teal,dorm_sample,Bacteria;Pseudomonadota;Alphaproteobacteria;Rhizobiales;Rhizobiaceae;Agrobacterium;Agrobacterium pusense,beta-lactam,bla*,chromosome,46.974,12.75,3.684
Te.M.1.L.A,H02,Teal,dorm_sample,Bacteria;Pseudomonadota;Alphaproteobacteria;Rhizobiales;Rhizobiaceae;Agrobacterium;Agrobacterium pusense,defensin,mprF,chromosome,11.155,12.75,0.875
Te.M.1.L.A,H02,Teal,dorm_sample,Bacteria;Pseudomonadota;Alphaproteobacteria;Rhizobiales;Rhizobiaceae;Agrobacterium;Agrobacterium pusense,multidrug,acrA,chromosome,29.272,12.75,2.296
Te.M.1.L.A,H02,Teal,dorm_sample,Bacteria;Pseudomonadota;Alphaproteobacteria;Rhizobiales;Rhizobiaceae;Agrobacterium;Agrobacterium pusense,multidrug,acrB,chromosome,27.213,12.75,2.134
Te.M.1.L.A,H02,Teal,dorm_sample,Bacteria;Pseudomonadota;Alphaproteobacteria;Rhizobiales;Rhizobiaceae;Agrobacterium;Agrobacterium pusense,multidrug,ameA,chromosome,17.393,12.75,1.364
Te.M.1.L.A,H02,Teal,dorm_sample,Bacteria;Pseudomonadota;Alphaproteobacteria;Rhizobiales;Rhizobiaceae;Agrobacterium;Agrobacterium pusense,multidrug,ameB,chromosome,13.153,12.75,1.032
Te.M.1.L.A,H02,Teal,dorm_sample,Bacteria;Pseudomonadota;Alphaproteobacteria;Rhizobiales;Rhizobiaceae;Agrobacterium;Agrobacterium pusense,multidrug,emrB,chromosome,25.78,12.75,2.022
Te.M.1.L.A,H02,Teal,dorm_sample,Bacteria;Pseudomonadota;Alphaproteobacteria;Rhizobiales;Rhizobiaceae;Agrobacterium;Agrobacterium pusense,phenicol,catB,chromosome,29.848,12.75,2.341
Te.M.1.L.A,H02,Teal,dorm_sample,Bacteria;Pseudomonadota;Alphaproteobacteria;Rhizobiales;Rhizobiaceae;Shinella;Shinella sp001262505,aminoglycoside,aph(3'')*,chromosome,40.906,40.125,1.019
Te.M.1.L.A,H02,Teal,dorm_sample,Bacteria;Pseudomonadota;Alphaproteobacteria;Rhizobiales;Rhizobiaceae;Shinella;Shinella sp001262505,beta-lactam,bla*,chromosome,112.42,40.125,2.802
Te.M.1.L.A,H02,Teal,dorm_sample,Bacteria;Pseudomonadota;Alphaproteobacteria;Rhizobiales;Rhizobiaceae;Shinella;Shinella sp001262505,phenicol,cml*,chromosome,38.855,40.125,0.968
Te.M.1.L.A,H02,Teal,dorm_sample,Bacteria;Pseudomonadota;Alphaproteobacteria;Rhizobiales;Xanthobacteraceae;Bradyrhizobium;Bradyrhizobium lablabi_C,beta-lactam,bla*,chromosome,2,0.375,5.333
Te.M.1.L.A,H02,Teal,dorm_sample,Bacteria;Pseudomonadota;Alphaproteobacteria;Rhizobiales;Xanthobacteraceae;Xanthobacter;Xanthobacter flavus_A,multidrug,macB,chromosome,1.961,1,1.961
Te.M.1.L.A,H02,Teal,dorm_sample,Bacteria;Pseudomonadota;Alphaproteobacteria;Sphingomonadales;Sphingomonadaceae;Blastomonas;Blastomonas ursincola,aminoglycoside,aac(3)*,chromosome,32.098,31.75,1.011
Te.M.1.L.A,H02,Teal,dorm_sample,Bacteria;Pseudomonadota;Alphaproteobacteria;Sphingomonadales;Sphingomonadaceae;Blastomonas;Blastomonas ursincola,beta-lactam,bla*,chromosome,36.44,31.75,1.148
Te.M.1.L.A,H02,Teal,dorm_sample,Bacteria;Pseudomonadota;Alphaproteobacteria;Sphingomonadales;Sphingomonadaceae;Novosphingobium;Novosphingobium silvae,beta-lactam,bla*,chromosome,1,2.25,0.444
Te.M.1.L.A,H02,Teal,dorm_sample,Bacteria;Pseudomonadota;Alphaproteobacteria;Sphingomonadales;Sphingomonadaceae;Sphingobium;Sphingobium sp003248505,aminoglycoside,aac(6')*,chromosome,39.565,19.625,2.016
Te.M.1.L.A,H02,Teal,dorm_sample,Bacteria;Pseudomonadota;Alphaproteobacteria;Sphingomonadales;Sphingomonadaceae;Sphingobium;Sphingobium sp003248505,beta-lactam,blaSGM,chromosome,33.483,19.625,1.706
Te.M.1.L.A,H02,Teal,dorm_sample,Bacteria;Pseudomonadota;Alphaproteobacteria;Sphingomonadales;Sphingomonadaceae;Sphingobium;Sphingobium sp003248505,defensin,mprF,chromosome,22.775,19.625,1.16
Te.M.1.L.A,H02,Teal,dorm_sample,Bacteria;Pseudomonadota;Alphaproteobacteria;Sphingomonadales;Sphingomonadaceae;Sphingobium_A;Sphingobium_A colocasiae,beta-lactam,bla*,chromosome,1,1.25,0.8
Te.M.1.L.A,H02,Teal,dorm_sample,Bacteria;Pseudomonadota;Alphaproteobacteria;Sphingomonadales;Sphingomonadaceae;Sphingobium_A;Sphingobium_A colocasiae,defensin,mprF,chromosome,1,1.25,0.8
Te.M.1.L.A,H02,Teal,dorm_sample,Bacteria;Pseudomonadota;Alphaproteobacteria;Sphingomonadales;Sphingomonadaceae;Sphingomonas;Sphingomonas agrestis,beta-lactam,bla*,chromosome,4,4.375,0.914
Te.M.1.L.A,H02,Teal,dorm_sample,Bacteria;Pseudomonadota;Alphaproteobacteria;Sphingomonadales;Sphingomonadaceae;Sphingomonas;Sphingomonas endophytica,aminoglycoside,aph(3')*,chromosome,0.602,0.625,0.962
Te.M.1.L.A,H02,Teal,dorm_sample,Bacteria;Pseudomonadota;Alphaproteobacteria;Sphingomonadales;Sphingomonadaceae;Sphingomonas;Sphingomonas ginsenosidimutans,aminoglycoside,aph(3')*,chromosome,2,1.25,1.6
Te.M.1.L.A,H02,Teal,dorm_sample,Bacteria;Pseudomonadota;Alphaproteobacteria;Sphingomonadales;Sphingomonadaceae;Sphingomonas;Sphingomonas ginsenosidimutans,beta-lactam,bla*,chromosome,1,1.25,0.8
Te.M.1.L.A,H02,Teal,dorm_sample,Bacteria;Pseudomonadota;Alphaproteobacteria;Sphingomonadales;Sphingomonadaceae;Sphingomonas;Sphingomonas koreensis,beta-lactam,bla*,chromosome,128.087,55.625,2.303
Te.M.1.L.A,H02,Teal,dorm_sample,Bacteria;Pseudomonadota;Alphaproteobacteria;Sphingomonadales;Sphingomonadaceae;Sphingomonas;Sphingomonas koreensis,phenicol,catB,chromosome,88.748,55.625,1.595
Te.M.1.L.A,H02,Teal,dorm_sample,Bacteria;Pseudomonadota;Alphaproteobacteria;Sphingomonadales;Sphingomonadaceae;Sphingomonas;Sphingomonas phyllosphaerae,aminoglycoside,aph(3')*,chromosome,1,5.375,0.186
Te.M.1.L.A,H02,Teal,dorm_sample,Bacteria;Pseudomonadota;Alphaproteobacteria;Sphingomonadales;Sphingomonadaceae;Sphingomonas;Sphingomonas sp943913195,beta-lactam,bla*,chromosome,13.283,11.625,1.143
Te.M.1.L.A,H02,Teal,dorm_sample,Bacteria;Pseudomonadota;Alphaproteobacteria;Sphingomonadales;Sphingomonadaceae;Sphingomonas;Sphingomonas sp943913195,phenicol,catB,chromosome,19.524,11.625,1.679
Te.M.1.L.A,H02,Teal,dorm_sample,Bacteria;Pseudomonadota;Alphaproteobacteria;Sphingomonadales;Sphingomonadaceae;Sphingomonas;Sphingomonas sp964021865,beta-lactam,bla*,chromosome,14.287,14.125,1.011
Te.M.1.L.A,H02,Teal,dorm_sample,Bacteria;Pseudomonadota;Alphaproteobacteria;Sphingomonadales;Sphingomonadaceae;Sphingomonas;Sphingomonas sp964021865,defensin,mprF,chromosome,12.076,14.125,0.855
Te.M.1.L.A,H02,Teal,dorm_sample,Bacteria;Pseudomonadota;Alphaproteobacteria;Sphingomonadales;Sphingomonadaceae;Sphingomonas;Sphingomonas sp964407945,beta-lactam,bla*,chromosome,15.848,3.75,4.226
Te.M.1.L.A,H02,Teal,dorm_sample,Bacteria;Pseudomonadota;Alphaproteobacteria;Sphingomonadales;Sphingomonadaceae;Sphingopyxis;Sphingopyxis macrogoltabida,beta-lactam,bla*,chromosome,1,0.25,4
Te.M.1.L.A,H02,Teal,dorm_sample,Bacteria;Pseudomonadota;Alphaproteobacteria;Sphingomonadales;Sphingomonadaceae;Sphingopyxis;Sphingopyxis panaciterrae,beta-lactam,bla*,chromosome,2.491,1.5,1.661
Te.M.1.L.A,H02,Teal,dorm_sample,Bacteria;Pseudomonadota;Alphaproteobacteria;Sphingomonadales;Sphingomonadaceae;Sphingopyxis;Sphingopyxis panaciterrae,defensin,mprF,chromosome,1.143,1.5,0.762
Te.M.1.L.A,H02,Teal,dorm_sample,Bacteria;Pseudomonadota;Alphaproteobacteria;Sphingomonadales;Sphingomonadaceae;Sphingopyxis;Sphingopyxis sp001468225,rifamycin,arr,chromosome,1,0.25,4
Te.M.1.L.A,H02,Teal,dorm_sample,Bacteria;Pseudomonadota;Alphaproteobacteria;Sphingomonadales;Sphingomonadaceae;Sphingopyxis;Sphingopyxis sp014873485,beta-lactam,bla*,chromosome,9.64,7.375,1.307
Te.M.1.L.A,H02,Teal,dorm_sample,Bacteria;Pseudomonadota;Alphaproteobacteria;Sphingomonadales;Sphingomonadaceae;Sphingopyxis;Sphingopyxis sp014873485,phenicol,catB,chromosome,5,7.375,0.678
Te.M.1.L.A,H02,Teal,dorm_sample,Bacteria;Pseudomonadota;Alphaproteobacteria;Sphingomonadales;Sphingomonadaceae;Sphingopyxis;Sphingopyxis sp014873485,rifamycin,arr,chromosome,5,7.375,0.678
Te.M.1.L.A,H02,Teal,dorm_sample,Bacteria;Pseudomonadota;Alphaproteobacteria;Sphingomonadales;Sphingomonadaceae;Sphingopyxis;Sphingopyxis sp022701295,aminoglycoside,aac(3)-I,chromosome,3,1.125,2.667
Te.M.1.L.A,H02,Teal,dorm_sample,Bacteria;Pseudomonadota;Alphaproteobacteria;Sphingomonadales;Sphingomonadaceae;Sphingopyxis;Sphingopyxis sp022701295,defensin,mprF,chromosome,1.943,1.125,1.727
Te.M.1.L.A,H02,Teal,dorm_sample,Bacteria;Pseudomonadota;Alphaproteobacteria;Sphingomonadales;Sphingomonadaceae;Sphingopyxis;Sphingopyxis sp035998905,beta-lactam,bla*,chromosome,194.463,68.5,2.839
Te.M.1.L.A,H02,Teal,dorm_sample,Bacteria;Pseudomonadota;Alphaproteobacteria;Sphingomonadales;Sphingomonadaceae;Sphingopyxis;Sphingopyxis sp035998905,phenicol,catB,chromosome,65.83,68.5,0.961
Te.M.1.L.A,H02,Teal,dorm_sample,Bacteria;Pseudomonadota;Alphaproteobacteria;Sphingomonadales;Sphingomonadaceae;Sphingopyxis;Sphingopyxis sp035998905,rifamycin,arr,chromosome,71.245,68.5,1.04
Te.M.1.L.A,H02,Teal,dorm_sample,Bacteria;Pseudomonadota;Gammaproteobacteria;Burkholderiales;Burkholderiaceae_C;Acidovorax;Acidovorax sp046339755,beta-lactam,bla*,chromosome,10.593,5,2.119
Te.M.1.L.A,H02,Teal,dorm_sample,Bacteria;Pseudomonadota;Gammaproteobacteria;Burkholderiales;Burkholderiaceae_C;Acidovorax;Acidovorax sp046339755,multidrug,macB,chromosome,7.048,5,1.41
Te.M.1.L.A,H02,Teal,dorm_sample,Bacteria;Pseudomonadota;Gammaproteobacteria;Burkholderiales;Burkholderiaceae_C;Aquabacterium;Aquabacterium sp049322875,multidrug,macB,chromosome,17.627,19,0.928
Te.M.1.L.A,H02,Teal,dorm_sample,Bacteria;Pseudomonadota;Gammaproteobacteria;Burkholderiales;Burkholderiaceae_C;Comamonas;Comamonas tsuruhatensis,beta-lactam,bla*,chromosome,28.238,8.625,3.274
Te.M.1.L.A,H02,Teal,dorm_sample,Bacteria;Pseudomonadota;Gammaproteobacteria;Burkholderiales;Burkholderiaceae_C;Comamonas;Comamonas tsuruhatensis,multidrug,macB,chromosome,8.179,8.625,0.948
Te.M.1.L.A,H02,Teal,dorm_sample,Bacteria;Pseudomonadota;Gammaproteobacteria;Burkholderiales;Burkholderiaceae_C;Pseudorhodoferax;Pseudorhodoferax aquiterrae,beta-lactam,bla*,chromosome,0.99,1.375,0.72
Te.M.1.L.A,H02,Teal,dorm_sample,Bacteria;Pseudomonadota;Gammaproteobacteria;Burkholderiales;Burkholderiaceae_C;Pseudorhodoferax;Pseudorhodoferax aquiterrae,multidrug,macB,chromosome,4.135,1.375,3.007
Te.M.1.L.A,H02,Teal,dorm_sample,Bacteria;Pseudomonadota;Gammaproteobacteria;Burkholderiales;Burkholderiaceae_C;Pseudorhodoferax;Pseudorhodoferax aquiterrae,phenicol,catB,chromosome,7,1.375,5.091
Te.M.1.L.A,H02,Teal,dorm_sample,Bacteria;Pseudomonadota;Gammaproteobacteria;Burkholderiales;Burkholderiaceae_C;Pseudorhodoferax;Pseudorhodoferax sp001422365,beta-lactam,bla*,chromosome,12.06,6.5,1.855
Te.M.1.L.A,H02,Teal,dorm_sample,Bacteria;Pseudomonadota;Gammaproteobacteria;Burkholderiales;Burkholderiaceae_C;Pseudorhodoferax;Pseudorhodoferax sp001422365,defensin,mprF,chromosome,1.248,6.5,0.192
Te.M.1.L.A,H02,Teal,dorm_sample,Bacteria;Pseudomonadota;Gammaproteobacteria;Burkholderiales;Burkholderiaceae_C;Pseudorhodoferax;Pseudorhodoferax sp001422365,multidrug,macB,chromosome,26.358,6.5,4.055
Te.M.1.L.A,H02,Teal,dorm_sample,Bacteria;Pseudomonadota;Gammaproteobacteria;Burkholderiales;Burkholderiaceae_C;Pseudorhodoferax;Pseudorhodoferax sp032153935,defensin,mprF,chromosome,13.025,9,1.447
Te.M.1.L.A,H02,Teal,dorm_sample,Bacteria;Pseudomonadota;Gammaproteobacteria;Burkholderiales;Burkholderiaceae_C;Xenophilus;Xenophilus sp003671765,rifamycin,arr,chromosome,2,22.125,0.09
Te.M.1.L.A,H02,Teal,dorm_sample,Bacteria;Pseudomonadota;Gammaproteobacteria;Burkholderiales;Rhodocyclaceae;Methyloversatilis;Methyloversatilis sp016791045,aminoglycoside,aac(3)-I,chromosome,2,0.5,4
Te.M.1.L.A,H02,Teal,dorm_sample,Bacteria;Pseudomonadota;Gammaproteobacteria;Legionellales;Legionellaceae;Legionella_C;Legionella_C beliardensis,multidrug,mdfA,chromosome,5.872,6.25,0.94
Te.M.1.L.A,H02,Teal,dorm_sample,Bacteria;Pseudomonadota;Gammaproteobacteria;Legionellales;Legionellaceae;Legionella_C;Legionella_C beliardensis,tetracycline,tet*,chromosome,5.76,6.25,0.922
Te.M.1.L.A,H02,Teal,dorm_sample,Bacteria;Pseudomonadota;Gammaproteobacteria;Pseudomonadales;Pseudomonadaceae;Metapseudomonas;Metapseudomonas solani,aminoglycoside,aph(3')*,chromosome,1,0.875,1.143
Te.M.1.L.A,H02,Teal,dorm_sample,Bacteria;Pseudomonadota;Gammaproteobacteria;Pseudomonadales;Pseudomonadaceae;Metapseudomonas;Metapseudomonas solani,multidrug,mexE,chromosome,1.913,0.875,2.186
Te.M.1.L.A,H02,Teal,dorm_sample,Bacteria;Pseudomonadota;Gammaproteobacteria;Xanthomonadales;Rhodanobacteraceae;Dokdonella;Dokdonella koreensis,beta-lactam,bla*,chromosome,18.729,34.125,0.549
Te.M.1.L.A,H02,Teal,dorm_sample,Bacteria;Pseudomonadota;Gammaproteobacteria;Xanthomonadales;Rhodanobacteraceae;Dokdonella;Dokdonella koreensis,defensin,mprF,chromosome,29.962,34.125,0.878
Te.M.1.L.A,H02,Teal,dorm_sample,Bacteria;Pseudomonadota;Gammaproteobacteria;Xanthomonadales;Rhodanobacteraceae;Dokdonella;Dokdonella koreensis,multidrug,macB,chromosome,22.778,34.125,0.667
Te.M.1.L.A,H02,Teal,dorm_sample,Bacteria;Pseudomonadota;Gammaproteobacteria;Xanthomonadales;Rhodanobacteraceae;Dokdonella;Dokdonella koreensis,rifamycin,arr,chromosome,41.248,34.125,1.209
Te.M.1.L.A,H02,Teal,dorm_sample,Bacteria;Pseudomonadota;Gammaproteobacteria;Xanthomonadales;Xanthomonadaceae;Lysobacter;Lysobacter sp900107375,beta-lactam,bla*,chromosome,5.428,5.5,0.987
Te.M.1.L.A,H02,Teal,dorm_sample,Bacteria;Pseudomonadota;Gammaproteobacteria;Xanthomonadales;Xanthomonadaceae;Lysobacter;Lysobacter sp900107375,defensin,mprF,chromosome,20.927,5.5,3.805
Te.M.1.L.A,H02,Teal,dorm_sample,Bacteria;Pseudomonadota;Gammaproteobacteria;Xanthomonadales;Xanthomonadaceae;Lysobacter;Lysobacter yananisis,beta-lactam,bla*,chromosome,106.61,80.125,1.331
Te.M.1.L.A,H02,Teal,dorm_sample,Bacteria;Pseudomonadota;Gammaproteobacteria;Xanthomonadales;Xanthomonadaceae;Lysobacter;Lysobacter yananisis,defensin,mprF,chromosome,65.269,80.125,0.815
Te.M.1.L.A,H02,Teal,dorm_sample,Bacteria;Pseudomonadota;Gammaproteobacteria;Xanthomonadales;Xanthomonadaceae;Pseudoxanthomonas_A;Pseudoxanthomonas_A japonensis,aminoglycoside,aac(6')*,chromosome,178.475,188.625,0.946
Te.M.1.L.A,H02,Teal,dorm_sample,Bacteria;Pseudomonadota;Gammaproteobacteria;Xanthomonadales;Xanthomonadaceae;Pseudoxanthomonas_A;Pseudoxanthomonas_A japonensis,beta-lactam,bla*,chromosome,0.836,188.625,0.004
Te.M.1.L.A,H02,Teal,dorm_sample,Bacteria;Pseudomonadota;Gammaproteobacteria;Xanthomonadales;Xanthomonadaceae;Pseudoxanthomonas_A;Pseudoxanthomonas_A japonensis,beta-lactam,blaPJM,chromosome,198.15,188.625,1.05
Te.M.1.L.A,H02,Teal,dorm_sample,Bacteria;Pseudomonadota;Gammaproteobacteria;Xanthomonadales;Xanthomonadaceae;Pseudoxanthomonas_A;Pseudoxanthomonas_A japonensis,fosfomycin,fosX,chromosome,192.664,188.625,1.021
Te.M.1.L.A,H02,Teal,dorm_sample,Bacteria;Pseudomonadota;Gammaproteobacteria;Xanthomonadales;Xanthomonadaceae;Pseudoxanthomonas_A;Pseudoxanthomonas_A sp002863005,aminoglycoside,aac(3)-I,chromosome,1,3.5,0.286
Te.M.1.L.A,H02,Teal,dorm_sample,Bacteria;Pseudomonadota;Gammaproteobacteria;Xanthomonadales;Xanthomonadaceae;Pseudoxanthomonas_A;Pseudoxanthomonas_A sp002863005,beta-lactam,bla*,chromosome,2,3.5,0.571
Te.M.1.L.A,H02,Teal,dorm_sample,Bacteria;Pseudomonadota;Gammaproteobacteria;Xanthomonadales;Xanthomonadaceae;Pseudoxanthomonas_A;Pseudoxanthomonas_A sp002863005,rifamycin,arr,chromosome,3.541,3.5,1.012
Te.M.1.L.A,H02,Teal,dorm_sample,Bacteria;Pseudomonadota;Gammaproteobacteria;Xanthomonadales;Xanthomonadaceae;Pseudoxanthomonas_A;Pseudoxanthomonas_A sp014851805,beta-lactam,bla*,chromosome,6.605,14.625,0.452
Te.M.1.L.A,H02,Teal,dorm_sample,Bacteria;Pseudomonadota;Gammaproteobacteria;Xanthomonadales;Xanthomonadaceae;Pseudoxanthomonas_A;Pseudoxanthomonas_A sp014851805,fosfomycin,fosX,chromosome,36.933,14.625,2.525
Te.M.1.L.A,H02,Teal,dorm_sample,Bacteria;Pseudomonadota;Gammaproteobacteria;Xanthomonadales;Xanthomonadaceae;Pseudoxanthomonas_A;Pseudoxanthomonas_A sp014851815,beta-lactam,bla*,chromosome,0.943,63.875,0.015
Te.M.1.L.A,H02,Teal,dorm_sample,Bacteria;Pseudomonadota;Gammaproteobacteria;Xanthomonadales;Xanthomonadaceae;Stenotrophomonas;Stenotrophomonas muris,aminoglycoside,aph(3')-II,chromosome,6.464,5.5,1.175
Te.M.1.L.A,H02,Teal,dorm_sample,Bacteria;Pseudomonadota;Gammaproteobacteria;Xanthomonadales;Xanthomonadaceae;Stenotrophomonas;Stenotrophomonas muris,aminoglycoside,aph(6)*,chromosome,3.03,5.5,0.551
Te.M.1.L.A,H02,Teal,dorm_sample,Bacteria;Pseudomonadota;Gammaproteobacteria;Xanthomonadales;Xanthomonadaceae;Stenotrophomonas;Stenotrophomonas muris,aminoglycoside,aph(9)-I,chromosome,6.234,5.5,1.133
Te.M.1.L.A,H02,Teal,dorm_sample,Bacteria;Pseudomonadota;Gammaproteobacteria;Xanthomonadales;Xanthomonadaceae;Stenotrophomonas;Stenotrophomonas muris,beta-lactam,blaL1,chromosome,8,5.5,1.455
Te.M.1.L.A,H02,Teal,dorm_sample,Bacteria;Pseudomonadota;Gammaproteobacteria;Xanthomonadales;Xanthomonadaceae;Stenotrophomonas;Stenotrophomonas muris,beta-lactam,blaL2,chromosome,3.977,5.5,0.723
Te.M.1.L.A,H02,Teal,dorm_sample,Bacteria;Pseudomonadota;Gammaproteobacteria;Xanthomonadales;Xanthomonadaceae;Stenotrophomonas;Stenotrophomonas muris,colistin,eptA,chromosome,5.453,5.5,0.992
Te.M.1.L.A,H02,Teal,dorm_sample,Bacteria;Pseudomonadota;Gammaproteobacteria;Xanthomonadales;Xanthomonadaceae;Stenotrophomonas;Stenotrophomonas muris,defensin,mprF,chromosome,3.374,5.5,0.613
Te.M.1.L.A,H02,Teal,dorm_sample,Bacteria;Pseudomonadota;Gammaproteobacteria;Xanthomonadales;Xanthomonadaceae;Stenotrophomonas;Stenotrophomonas muris,multidrug,emrA,chromosome,9.058,5.5,1.647
Te.M.1.L.A,H02,Teal,dorm_sample,Bacteria;Pseudomonadota;Gammaproteobacteria;Xanthomonadales;Xanthomonadaceae;Stenotrophomonas;Stenotrophomonas muris,multidrug,emrB,chromosome,8.568,5.5,1.558
Te.M.1.L.A,H02,Teal,dorm_sample,Bacteria;Pseudomonadota;Gammaproteobacteria;Xanthomonadales;Xanthomonadaceae;Stenotrophomonas;Stenotrophomonas muris,multidrug,emrC,chromosome,9.31,5.5,1.693
Te.M.1.L.A,H02,Teal,dorm_sample,Bacteria;Pseudomonadota;Gammaproteobacteria;Xanthomonadales;Xanthomonadaceae;Stenotrophomonas;Stenotrophomonas muris,multidrug,macA,chromosome,5.797,5.5,1.054
Te.M.1.L.A,H02,Teal,dorm_sample,Bacteria;Pseudomonadota;Gammaproteobacteria;Xanthomonadales;Xanthomonadaceae;Stenotrophomonas;Stenotrophomonas muris,multidrug,macB,chromosome,15.853,5.5,2.882
Te.M.1.L.A,H02,Teal,dorm_sample,Bacteria;Pseudomonadota;Gammaproteobacteria;Xanthomonadales;Xanthomonadaceae;Stenotrophomonas;Stenotrophomonas muris,multidrug,macC,chromosome,6.866,5.5,1.248
Te.M.1.L.A,H02,Teal,dorm_sample,Bacteria;Pseudomonadota;Gammaproteobacteria;Xanthomonadales;Xanthomonadaceae;Stenotrophomonas;Stenotrophomonas muris,multidrug,mfsA,chromosome,4.573,5.5,0.831
Te.M.1.L.A,H02,Teal,dorm_sample,Bacteria;Pseudomonadota;Gammaproteobacteria;Xanthomonadales;Xanthomonadaceae;Stenotrophomonas;Stenotrophomonas muris,multidrug,smeA,chromosome,9,5.5,1.636
Te.M.1.L.A,H02,Teal,dorm_sample,Bacteria;Pseudomonadota;Gammaproteobacteria;Xanthomonadales;Xanthomonadaceae;Stenotrophomonas;Stenotrophomonas muris,multidrug,smeB,chromosome,6.274,5.5,1.141
Te.M.1.L.A,H02,Teal,dorm_sample,Bacteria;Pseudomonadota;Gammaproteobacteria;Xanthomonadales;Xanthomonadaceae;Stenotrophomonas;Stenotrophomonas muris,multidrug,smeC,chromosome,6.263,5.5,1.139
Te.M.1.L.A,H02,Teal,dorm_sample,Bacteria;Pseudomonadota;Gammaproteobacteria;Xanthomonadales;Xanthomonadaceae;Stenotrophomonas;Stenotrophomonas muris,multidrug,smeD,chromosome,7.571,5.5,1.377
Te.M.1.L.A,H02,Teal,dorm_sample,Bacteria;Pseudomonadota;Gammaproteobacteria;Xanthomonadales;Xanthomonadaceae;Stenotrophomonas;Stenotrophomonas muris,multidrug,smeE,chromosome,5.654,5.5,1.028
Te.M.1.L.A,H02,Teal,dorm_sample,Bacteria;Pseudomonadota;Gammaproteobacteria;Xanthomonadales;Xanthomonadaceae;Stenotrophomonas;Stenotrophomonas muris,multidrug,smeF,chromosome,5.811,5.5,1.057
Te.M.1.L.A,H02,Teal,dorm_sample,Bacteria;Pseudomonadota;Gammaproteobacteria;Xanthomonadales;Xanthomonadaceae;Stenotrophomonas;Stenotrophomonas muris,multidrug,smeG,chromosome,10.89,5.5,1.98
Te.M.1.L.A,H02,Teal,dorm_sample,Bacteria;Pseudomonadota;Gammaproteobacteria;Xanthomonadales;Xanthomonadaceae;Stenotrophomonas;Stenotrophomonas muris,multidrug,smeH,chromosome,7.438,5.5,1.352
Te.M.1.L.A,H02,Teal,dorm_sample,Bacteria;Pseudomonadota;Gammaproteobacteria;Xanthomonadales;Xanthomonadaceae;Stenotrophomonas;Stenotrophomonas muris,multidrug,smeI,chromosome,6.039,5.5,1.098
Te.M.1.L.A,H02,Teal,dorm_sample,Bacteria;Pseudomonadota;Gammaproteobacteria;Xanthomonadales;Xanthomonadaceae;Stenotrophomonas;Stenotrophomonas muris,multidrug,smeJ,chromosome,7.863,5.5,1.43
Te.M.1.L.A,H02,Teal,dorm_sample,Bacteria;Pseudomonadota;Gammaproteobacteria;Xanthomonadales;Xanthomonadaceae;Stenotrophomonas;Stenotrophomonas muris,multidrug,smeK,chromosome,7.443,5.5,1.353
Te.M.1.L.A,H02,Teal,dorm_sample,Bacteria;Pseudomonadota;Gammaproteobacteria;Xanthomonadales;Xanthomonadaceae;Stenotrophomonas;Stenotrophomonas muris,multidrug,smeO,chromosome,2.984,5.5,0.543
Te.M.1.L.A,H02,Teal,dorm_sample,Bacteria;Pseudomonadota;Gammaproteobacteria;Xanthomonadales;Xanthomonadaceae;Stenotrophomonas;Stenotrophomonas muris,multidrug,smeP,chromosome,3.829,5.5,0.696
Te.M.1.L.A,H02,Teal,dorm_sample,Bacteria;Pseudomonadota;Gammaproteobacteria;Xanthomonadales;Xanthomonadaceae;Stenotrophomonas;Stenotrophomonas muris,multidrug,smeV,chromosome,3.992,5.5,0.726
Te.M.1.L.A,H02,Teal,dorm_sample,Bacteria;Pseudomonadota;Gammaproteobacteria;Xanthomonadales;Xanthomonadaceae;Stenotrophomonas;Stenotrophomonas muris,multidrug,smeW,chromosome,4.741,5.5,0.862
Te.M.1.L.A,H02,Teal,dorm_sample,Bacteria;Pseudomonadota;Gammaproteobacteria;Xanthomonadales;Xanthomonadaceae;Stenotrophomonas;Stenotrophomonas muris,multidrug,smeX,chromosome,8.157,5.5,1.483
Te.M.1.L.A,H02,Teal,dorm_sample,Bacteria;Pseudomonadota;Gammaproteobacteria;Xanthomonadales;Xanthomonadaceae;Stenotrophomonas;Stenotrophomonas muris,multidrug,smeY,chromosome,2.651,5.5,0.482
Te.M.1.L.A,H02,Teal,dorm_sample,Bacteria;Pseudomonadota;Gammaproteobacteria;Xanthomonadales;Xanthomonadaceae;Stenotrophomonas;Stenotrophomonas muris,multidrug,smeZ,chromosome,6.802,5.5,1.237
Te.M.1.L.A,H02,Teal,dorm_sample,Bacteria;Pseudomonadota;Gammaproteobacteria;Xanthomonadales;Xanthomonadaceae;Stenotrophomonas;Stenotrophomonas muris,multidrug,smrA,chromosome,6.457,5.5,1.174
Te.M.1.L.A,H02,Teal,dorm_sample,Bacteria;Pseudomonadota;Gammaproteobacteria;Xanthomonadales;Xanthomonadaceae;Stenotrophomonas;Stenotrophomonas muris,multidrug,tolC,chromosome,4.111,5.5,0.747
Te.M.1.L.A,H02,Teal,dorm_sample,Bacteria;Pseudomonadota;Gammaproteobacteria;Xanthomonadales;Xanthomonadaceae;Stenotrophomonas;Stenotrophomonas muris,quinolone,qnr*,chromosome,2.121,5.5,0.386
Te.M.1.L.A,H02,Teal,dorm_sample,Bacteria;Pseudomonadota;Gammaproteobacteria;Xanthomonadales;Xanthomonadaceae;Stenotrophomonas;Stenotrophomonas muris,rifamycin,arr,chromosome,4,5.5,0.727
Te.M.1.L.A,H02,Teal,dorm_sample,Bacteria;Pseudomonadota;Gammaproteobacteria;Xanthomonadales;Xanthomonadaceae;Stenotrophomonas;Stenotrophomonas muris,tetracycline,tcrA,chromosome,2.796,5.5,0.508
Te.M.1.L.A,H02,Teal,dorm_sample,Bacteria;Pseudomonadota;Gammaproteobacteria;Xanthomonadales;Xanthomonadaceae;Stenotrophomonas;Stenotrophomonas rhizophila_A,beta-lactam,blaL2,chromosome,6.361,10.125,0.628
Te.M.1.L.A,H02,Teal,dorm_sample,Bacteria;Pseudomonadota;Gammaproteobacteria;Xanthomonadales;Xanthomonadaceae;Stenotrophomonas;Stenotrophomonas rhizophila_A,defensin,mprF,chromosome,6.212,10.125,0.614
Te.M.1.L.A,H02,Teal,dorm_sample,Bacteria;Pseudomonadota;Gammaproteobacteria;Xanthomonadales;Xanthomonadaceae;Stenotrophomonas;Stenotrophomonas rhizophila_A,multidrug,emrA,chromosome,8.099,10.125,0.8
Te.M.1.L.A,H02,Teal,dorm_sample,Bacteria;Pseudomonadota;Gammaproteobacteria;Xanthomonadales;Xanthomonadaceae;Stenotrophomonas;Stenotrophomonas rhizophila_A,multidrug,emrB,chromosome,8.945,10.125,0.883
Te.M.1.L.A,H02,Teal,dorm_sample,Bacteria;Pseudomonadota;Gammaproteobacteria;Xanthomonadales;Xanthomonadaceae;Stenotrophomonas;Stenotrophomonas rhizophila_A,multidrug,macB,chromosome,7.337,10.125,0.725
Te.M.1.L.A,H02,Teal,dorm_sample,Bacteria;Pseudomonadota;Gammaproteobacteria;Xanthomonadales;Xanthomonadaceae;Stenotrophomonas;Stenotrophomonas rhizophila_A,multidrug,smeD,chromosome,6.97,10.125,0.688
Te.M.1.L.A,H02,Teal,dorm_sample,Bacteria;Pseudomonadota;Gammaproteobacteria;Xanthomonadales;Xanthomonadaceae;Stenotrophomonas;Stenotrophomonas rhizophila_A,multidrug,smeE,chromosome,5.527,10.125,0.546
Te.M.1.L.A,H02,Teal,dorm_sample,Bacteria;Pseudomonadota;Gammaproteobacteria;Xanthomonadales;Xanthomonadaceae;Stenotrophomonas;Stenotrophomonas rhizophila_A,multidrug,smeH,chromosome,9.132,10.125,0.902
Te.M.1.L.A,H02,Teal,dorm_sample,Bacteria;Pseudomonadota;Gammaproteobacteria;Xanthomonadales;Xanthomonadaceae;Stenotrophomonas;Stenotrophomonas rhizophila_A,multidrug,smeJ,chromosome,11.049,10.125,1.091
Te.M.1.L.A,H02,Teal,dorm_sample,Bacteria;Pseudomonadota;Gammaproteobacteria;Xanthomonadales;Xanthomonadaceae;Stenotrophomonas;Stenotrophomonas rhizophila_A,multidrug,smeW,chromosome,5.979,10.125,0.591
Te.M.1.L.A,H02,Teal,dorm_sample,Bacteria;Pseudomonadota;Gammaproteobacteria;Xanthomonadales;Xanthomonadaceae;Stenotrophomonas;Stenotrophomonas rhizophila_A,multidrug,smrA,chromosome,4.702,10.125,0.464
Te.M.1.L.A,H02,Teal,dorm_sample,unclassified,aminoglycoside,aac(3)*,plasmid,5,0,0
Te.M.1.L.A,H02,Teal,dorm_sample,unclassified,aminoglycoside,aac(6')*,chromosome,2.954,0,0
Te.M.1.L.A,H02,Teal,dorm_sample,unclassified,aminoglycoside,aph(3')*,chromosome,17.31,0,0
Te.M.1.L.A,H02,Teal,dorm_sample,unclassified,aminoglycoside,aph(3')-II,chromosome,3,0,0
Te.M.1.L.A,H02,Teal,dorm_sample,unclassified,beta-lactam,bla*,chromosome,336.96,0,0
Te.M.1.L.A,H02,Teal,dorm_sample,unclassified,beta-lactam,blaL1,chromosome,1,0,0
Te.M.1.L.A,H02,Teal,dorm_sample,unclassified,beta-lactam,blaM,chromosome,1.981,0,0
Te.M.1.L.A,H02,Teal,dorm_sample,unclassified,colistin,eptA,chromosome,9.887,0,0
Te.M.1.L.A,H02,Teal,dorm_sample,unclassified,defensin,mprF,chromosome,2.163,0,0
Te.M.1.L.A,H02,Teal,dorm_sample,unclassified,multidrug,acrA,chromosome,0.99,0,0
Te.M.1.L.A,H02,Teal,dorm_sample,unclassified,multidrug,acrB,chromosome,0.939,0,0
Te.M.1.L.A,H02,Teal,dorm_sample,unclassified,multidrug,emrA,chromosome,1,0,0
Te.M.1.L.A,H02,Teal,dorm_sample,unclassified,multidrug,emrB,chromosome,1,0,0
Te.M.1.L.A,H02,Teal,dorm_sample,unclassified,multidrug,emrC,chromosome,1,0,0
Te.M.1.L.A,H02,Teal,dorm_sample,unclassified,multidrug,macA,chromosome,0.874,0,0
Te.M.1.L.A,H02,Teal,dorm_sample,unclassified,multidrug,macC,chromosome,0.964,0,0
Te.M.1.L.A,H02,Teal,dorm_sample,unclassified,multidrug,smrA,chromosome,1,0,0
Te.M.1.L.A,H02,Teal,dorm_sample,unclassified,multidrug,tap,chromosome,0.345,0,0
Te.M.1.L.A,H02,Teal,dorm_sample,unclassified,phenicol,catB,chromosome,0.195,0,0
Te.M.1.L.A,H02,Teal,dorm_sample,unclassified,phenicol,cml*,chromosome,18.431,0,0
Te.M.1.L.A,H02,Teal,dorm_sample,unclassified,quinolone,qnr*,chromosome,1,0,0
Te.M.1.L.A,H02,Teal,dorm_sample,unclassified,rifamycin,arr,chromosome,137.971,0,0
Te.M.1.L.A,H02,Teal,dorm_sample,unclassified,rifamycin,helR,chromosome,2.11,0,0
Te.M.1.L.A,H02,Teal,dorm_sample,unclassified,sulfonamide,sul1,chromosome,5.981,0,0
Te.M.1.L.A,H02,Teal,dorm_sample,unclassified,sulfonamide,sul1,plasmid,6.533,0,0
Te.M.1.L.A,H02,Teal,dorm_sample,unclassified,tetracycline,tet(V),chromosome,1.126,0,0
Te.M.2.H.B,H03,Teal,dorm_sample,Bacteria;Actinomycetota;Actinomycetes;Actinomycetales;Microbacteriaceae;Microbacterium;Microbacterium sp003248845,rifamycin,helR,chromosome,3,2,1.5
Te.M.2.H.B,H03,Teal,dorm_sample,Bacteria;Actinomycetota;Actinomycetes;Mycobacteriales;Micromonosporaceae;Micromonospora;Micromonospora aurantiaca,beta-lactam,bla*,chromosome,1,0.75,1.333
Te.M.2.H.B,H03,Teal,dorm_sample,Bacteria;Actinomycetota;Actinomycetes;Mycobacteriales;Micromonosporaceae;Micromonospora;Micromonospora aurantiaca,rifamycin,helR,chromosome,1,0.75,1.333
Te.M.2.H.B,H03,Teal,dorm_sample,Bacteria;Actinomycetota;Actinomycetes;Mycobacteriales;Micromonosporaceae;Micromonospora;Micromonospora aurantiaca,rifamycin,rox,chromosome,1,0.75,1.333
Te.M.2.H.B,H03,Teal,dorm_sample,Bacteria;Actinomycetota;Actinomycetes;Mycobacteriales;Micromonosporaceae;Micromonospora;Micromonospora aurantiaca,rifamycin,rph*,chromosome,2,0.75,2.667
Te.M.2.H.B,H03,Teal,dorm_sample,Bacteria;Actinomycetota;Actinomycetes;Mycobacteriales;Mycobacteriaceae;Mycobacterium;Mycobacterium fortuitum,aminoglycoside,aac(2')-I,chromosome,8.867,7.875,1.126
Te.M.2.H.B,H03,Teal,dorm_sample,Bacteria;Actinomycetota;Actinomycetes;Mycobacteriales;Mycobacteriaceae;Mycobacterium;Mycobacterium fortuitum,aminoglycoside,aph(3'')*,chromosome,10,7.875,1.27
Te.M.2.H.B,H03,Teal,dorm_sample,Bacteria;Actinomycetota;Actinomycetes;Mycobacteriales;Mycobacteriaceae;Mycobacterium;Mycobacterium fortuitum,aminoglycoside,eis,chromosome,13.551,7.875,1.721
Te.M.2.H.B,H03,Teal,dorm_sample,Bacteria;Actinomycetota;Actinomycetes;Mycobacteriales;Mycobacteriaceae;Mycobacterium;Mycobacterium fortuitum,beta-lactam,blaF,chromosome,4.401,7.875,0.559
Te.M.2.H.B,H03,Teal,dorm_sample,Bacteria;Actinomycetota;Actinomycetes;Mycobacteriales;Mycobacteriaceae;Mycobacterium;Mycobacterium fortuitum,defensin,lysX,chromosome,2.582,7.875,0.328
Te.M.2.H.B,H03,Teal,dorm_sample,Bacteria;Actinomycetota;Actinomycetes;Mycobacteriales;Mycobacteriaceae;Mycobacterium;Mycobacterium fortuitum,macrolide-lincosamide-streptogramin,erm(39),chromosome,9.967,7.875,1.266
Te.M.2.H.B,H03,Teal,dorm_sample,Bacteria;Actinomycetota;Actinomycetes;Mycobacteriales;Mycobacteriaceae;Mycobacterium;Mycobacterium fortuitum,multidrug,lfrA,chromosome,8.705,7.875,1.105
Te.M.2.H.B,H03,Teal,dorm_sample,Bacteria;Actinomycetota;Actinomycetes;Mycobacteriales;Mycobacteriaceae;Mycobacterium;Mycobacterium fortuitum,multidrug,tap,chromosome,6.325,7.875,0.803
Te.M.2.H.B,H03,Teal,dorm_sample,Bacteria;Actinomycetota;Actinomycetes;Mycobacteriales;Mycobacteriaceae;Mycobacterium;Mycobacterium fortuitum,rifamycin,arr,chromosome,8.137,7.875,1.033
Te.M.2.H.B,H03,Teal,dorm_sample,Bacteria;Actinomycetota;Actinomycetes;Mycobacteriales;Mycobacteriaceae;Mycobacterium;Mycobacterium fortuitum,rifamycin,helR,chromosome,10.85,7.875,1.378
Te.M.2.H.B,H03,Teal,dorm_sample,Bacteria;Actinomycetota;Actinomycetes;Mycobacteriales;Mycobacteriaceae;Mycobacterium;Mycobacterium fortuitum,rifamycin,rox,chromosome,8.425,7.875,1.07
Te.M.2.H.B,H03,Teal,dorm_sample,Bacteria;Actinomycetota;Actinomycetes;Mycobacteriales;Mycobacteriaceae;Mycobacterium;Mycobacterium fortuitum,tetracycline,tet(V),chromosome,5.258,7.875,0.668
Te.M.2.H.B,H03,Teal,dorm_sample,Bacteria;Actinomycetota;Actinomycetes;Mycobacteriales;Mycobacteriaceae;Mycobacterium;Mycobacterium fortuitum,tuberactinomycin,vph,chromosome,11.91,7.875,1.512
Te.M.2.H.B,H03,Teal,dorm_sample,Bacteria;Actinomycetota;Actinomycetes;Mycobacteriales;Mycobacteriaceae;Mycobacterium;Mycobacterium grossiae,aminoglycoside,eis,chromosome,2.194,1.375,1.595
Te.M.2.H.B,H03,Teal,dorm_sample,Bacteria;Actinomycetota;Actinomycetes;Mycobacteriales;Mycobacteriaceae;Mycobacterium;Mycobacterium grossiae,beta-lactam,bla*,chromosome,1,1.375,0.727
Te.M.2.H.B,H03,Teal,dorm_sample,Bacteria;Actinomycetota;Actinomycetes;Mycobacteriales;Mycobacteriaceae;Mycobacterium;Mycobacterium grossiae,defensin,lysX,chromosome,4.082,1.375,2.969
Te.M.2.H.B,H03,Teal,dorm_sample,Bacteria;Actinomycetota;Actinomycetes;Mycobacteriales;Mycobacteriaceae;Mycobacterium;Mycobacterium grossiae,multidrug,lfrA,chromosome,3,1.375,2.182
Te.M.2.H.B,H03,Teal,dorm_sample,Bacteria;Actinomycetota;Actinomycetes;Mycobacteriales;Mycobacteriaceae;Mycobacterium;Mycobacterium grossiae,multidrug,tap,chromosome,1,1.375,0.727
Te.M.2.H.B,H03,Teal,dorm_sample,Bacteria;Actinomycetota;Actinomycetes;Mycobacteriales;Mycobacteriaceae;Mycobacterium;Mycobacterium grossiae,rifamycin,arr,chromosome,1,1.375,0.727
Te.M.2.H.B,H03,Teal,dorm_sample,Bacteria;Actinomycetota;Actinomycetes;Mycobacteriales;Mycobacteriaceae;Mycobacterium;Mycobacterium gwanakae,rifamycin,arr,chromosome,1,0.75,1.333
Te.M.2.H.B,H03,Teal,dorm_sample,Bacteria;Actinomycetota;Actinomycetes;Mycobacteriales;Mycobacteriaceae;Mycobacterium;Mycobacterium paragordonae,beta-lactam,bla*,chromosome,2,1.375,1.455
Te.M.2.H.B,H03,Teal,dorm_sample,Bacteria;Actinomycetota;Actinomycetes;Mycobacteriales;Mycobacteriaceae;Mycobacterium;Mycobacterium paragordonae,defensin,lysX,chromosome,2.407,1.375,1.75
Te.M.2.H.B,H03,Teal,dorm_sample,Bacteria;Actinomycetota;Actinomycetes;Mycobacteriales;Mycobacteriaceae;Mycobacterium;Mycobacterium paragordonae,rifamycin,helR,chromosome,2.414,1.375,1.756
Te.M.2.H.B,H03,Teal,dorm_sample,Bacteria;Actinomycetota;Actinomycetes;Mycobacteriales;Mycobacteriaceae;Mycobacterium;Mycobacterium phocaicum,beta-lactam,bla*,chromosome,34.454,37.375,0.922
Te.M.2.H.B,H03,Teal,dorm_sample,Bacteria;Actinomycetota;Actinomycetes;Mycobacteriales;Mycobacteriaceae;Mycobacterium;Mycobacterium phocaicum,defensin,lysX,chromosome,45.32,37.375,1.213
Te.M.2.H.B,H03,Teal,dorm_sample,Bacteria;Actinomycetota;Actinomycetes;Mycobacteriales;Mycobacteriaceae;Mycobacterium;Mycobacterium phocaicum,multidrug,lfrA,chromosome,46.257,37.375,1.238
Te.M.2.H.B,H03,Teal,dorm_sample,Bacteria;Actinomycetota;Actinomycetes;Mycobacteriales;Mycobacteriaceae;Mycobacterium;Mycobacterium phocaicum,rifamycin,arr,chromosome,33.536,37.375,0.897
Te.M.2.H.B,H03,Teal,dorm_sample,Bacteria;Actinomycetota;Actinomycetes;Mycobacteriales;Mycobacteriaceae;Mycobacterium;Mycobacterium phocaicum,tetracycline,tet(V),chromosome,31.158,37.375,0.834
Te.M.2.H.B,H03,Teal,dorm_sample,Bacteria;Actinomycetota;Actinomycetes;Mycobacteriales;Mycobacteriaceae;Mycobacterium;Mycobacterium sp018326285,beta-lactam,bla*,chromosome,4.925,2.25,2.189
Te.M.2.H.B,H03,Teal,dorm_sample,Bacteria;Actinomycetota;Actinomycetes;Mycobacteriales;Mycobacteriaceae;Mycobacterium;Mycobacterium sp018326285,defensin,lysX,chromosome,2,2.25,0.889
Te.M.2.H.B,H03,Teal,dorm_sample,Bacteria;Actinomycetota;Actinomycetes;Mycobacteriales;Mycobacteriaceae;Mycobacterium;Mycobacterium sp018326285,rifamycin,arr,chromosome,6,2.25,2.667
Te.M.2.H.B,H03,Teal,dorm_sample,Bacteria;Actinomycetota;Actinomycetes;Mycobacteriales;Mycobacteriaceae;Mycobacterium;Mycobacterium sp018326285,tetracycline,tet(V),chromosome,8,2.25,3.556
Te.M.2.H.B,H03,Teal,dorm_sample,Bacteria;Bacteroidota;Bacteroidia;Chitinophagales;Chitinophagaceae;Terrimonas;Terrimonas ferruginea,beta-lactam,bla*,chromosome,1.993,0.75,2.658
Te.M.2.H.B,H03,Teal,dorm_sample,Bacteria;Pseudomonadota;Alphaproteobacteria;Rhizobiales;Beijerinckiaceae;Methylobacterium;Methylobacterium radiotolerans,beta-lactam,bla*,chromosome,1,0.5,2
Te.M.2.H.B,H03,Teal,dorm_sample,Bacteria;Pseudomonadota;Alphaproteobacteria;Rhizobiales;Rhizobiaceae;Shinella;Shinella sp001262505,aminoglycoside,aph(3'')*,chromosome,1,1.125,0.889
Te.M.2.H.B,H03,Teal,dorm_sample,Bacteria;Pseudomonadota;Alphaproteobacteria;Rhizobiales;Rhizobiaceae;Shinella;Shinella sp001262505,beta-lactam,bla*,chromosome,3,1.125,2.667
Te.M.2.H.B,H03,Teal,dorm_sample,Bacteria;Pseudomonadota;Alphaproteobacteria;Rhizobiales;Xanthobacteraceae;Bradyrhizobium;Bradyrhizobium lablabi_C,beta-lactam,bla*,chromosome,1,0.625,1.6
Te.M.2.H.B,H03,Teal,dorm_sample,Bacteria;Pseudomonadota;Alphaproteobacteria;Sphingomonadales;Sphingomonadaceae;Blastomonas;Blastomonas ursincola,aminoglycoside,aac(3)*,chromosome,9.811,10.25,0.957
Te.M.2.H.B,H03,Teal,dorm_sample,Bacteria;Pseudomonadota;Alphaproteobacteria;Sphingomonadales;Sphingomonadaceae;Blastomonas;Blastomonas ursincola,beta-lactam,bla*,chromosome,13.573,10.25,1.324
Te.M.2.H.B,H03,Teal,dorm_sample,Bacteria;Pseudomonadota;Alphaproteobacteria;Sphingomonadales;Sphingomonadaceae;Sphingomonas;Sphingomonas koreensis,aminoglycoside,aac(6')*,chromosome,5.967,7.375,0.809
Te.M.2.H.B,H03,Teal,dorm_sample,Bacteria;Pseudomonadota;Alphaproteobacteria;Sphingomonadales;Sphingomonadaceae;Sphingomonas;Sphingomonas koreensis,beta-lactam,bla*,chromosome,21.631,7.375,2.933
Te.M.2.H.B,H03,Teal,dorm_sample,Bacteria;Pseudomonadota;Alphaproteobacteria;Sphingomonadales;Sphingomonadaceae;Sphingomonas;Sphingomonas koreensis,phenicol,catB,chromosome,7.433,7.375,1.008
Te.M.2.H.B,H03,Teal,dorm_sample,Bacteria;Pseudomonadota;Alphaproteobacteria;Sphingomonadales;Sphingomonadaceae;Sphingomonas;Sphingomonas koreensis,rifamycin,arr,chromosome,7,7.375,0.949
Te.M.2.H.B,H03,Teal,dorm_sample,Bacteria;Pseudomonadota;Alphaproteobacteria;Sphingomonadales;Sphingomonadaceae;Sphingopyxis;Sphingopyxis sp014873485,beta-lactam,bla*,chromosome,1.761,2.75,0.64
Te.M.2.H.B,H03,Teal,dorm_sample,Bacteria;Pseudomonadota;Alphaproteobacteria;Sphingomonadales;Sphingomonadaceae;Sphingopyxis;Sphingopyxis sp035998905,beta-lactam,bla*,chromosome,3,0.375,8
Te.M.2.H.B,H03,Teal,dorm_sample,Bacteria;Pseudomonadota;Alphaproteobacteria;Sphingomonadales;Sphingomonadaceae;Sphingopyxis;Sphingopyxis sp035998905,phenicol,catB,chromosome,1,0.375,2.667
Te.M.2.H.B,H03,Teal,dorm_sample,Bacteria;Pseudomonadota;Alphaproteobacteria;Sphingomonadales;Sphingomonadaceae;Sphingopyxis;Sphingopyxis sp035998905,rifamycin,arr,chromosome,1,0.375,2.667
Te.M.2.H.B,H03,Teal,dorm_sample,Bacteria;Pseudomonadota;Gammaproteobacteria;Burkholderiales;Burkholderiaceae_C;Acidovorax;Acidovorax temperans,fosfomycin,fosX,chromosome,3,0.375,8
Te.M.2.H.B,H03,Teal,dorm_sample,Bacteria;Pseudomonadota;Gammaproteobacteria;Burkholderiales;Burkholderiaceae_C;Aquincola;Aquincola tertiaricarbonis_B,beta-lactam,bla*,chromosome,4,4.25,0.941
Te.M.2.H.B,H03,Teal,dorm_sample,Bacteria;Pseudomonadota;Gammaproteobacteria;Xanthomonadales;Xanthomonadaceae;Lysobacter_I;Lysobacter_I brunescens,beta-lactam,bla*,chromosome,25.057,2.625,9.546
Te.M.2.H.B,H03,Teal,dorm_sample,Bacteria;Pseudomonadota;Gammaproteobacteria;Xanthomonadales;Xanthomonadaceae;Pseudoxanthomonas_A;Pseudoxanthomonas_A japonensis,aminoglycoside,aac(6')*,chromosome,1,0.625,1.6
Te.M.2.H.B,H03,Teal,dorm_sample,Bacteria;Pseudomonadota;Gammaproteobacteria;Xanthomonadales;Xanthomonadaceae;Pseudoxanthomonas_A;Pseudoxanthomonas_A mexicana,aminoglycoside,aac(3)-I,chromosome,1,1.125,0.889
Te.M.2.H.B,H03,Teal,dorm_sample,Bacteria;Pseudomonadota;Gammaproteobacteria;Xanthomonadales;Xanthomonadaceae;Pseudoxanthomonas_A;Pseudoxanthomonas_A mexicana,beta-lactam,bla*,chromosome,1,1.125,0.889
Te.M.2.H.B,H03,Teal,dorm_sample,unclassified,beta-lactam,bla*,chromosome,5,0,0
Te.M.2.H.B,H03,Teal,dorm_sample,unclassified,beta-lactam,blaACA,chromosome,1,0,0
Te.M.2.H.B,H03,Teal,dorm_sample,unclassified,beta-lactam,blaOXA,chromosome,1,0,0
Te.M.2.H.B,H03,Teal,dorm_sample,unclassified,macrolide-lincosamide-streptogramin,erm(55),plasmid,1,0,0
Te.M.2.H.B,H03,Teal,dorm_sample,unclassified,multidrug,macA,chromosome,1,0,0
Te.M.2.H.B,H03,Teal,dorm_sample,unclassified,multidrug,mdtI,chromosome,1,0,0
Te.M.2.H.B,H03,Teal,dorm_sample,unclassified,multidrug,mdtN,chromosome,1,0,0
Te.M.2.H.B,H03,Teal,dorm_sample,unclassified,phenicol,catB,chromosome,1,0,0
Te.M.2.H.B,H03,Teal,dorm_sample,unclassified,rifamycin,arr,chromosome,10.052,0,0
Te.M.2.H.B,H03,Teal,dorm_sample,unclassified,sulfonamide,sul2,chromosome,1.975,0,0
Te.M.2.H.B,H03,Teal,dorm_sample,unclassified,sulfonamide,sul2,plasmid,1,0,0
Te.M.2.H.B,H03,Teal,dorm_sample,unclassified,tetracycline,tet(G),chromosome,0.995,0,0
Te.F.3.H.B,H04,Teal,dorm_sample,Bacteria;Actinomycetota;Actinomycetes;Mycobacteriales;Mycobacteriaceae;Mycobacterium;Mycobacterium fortuitum,aminoglycoside,aac(2')-I,chromosome,6,3.875,1.548
Te.F.3.H.B,H04,Teal,dorm_sample,Bacteria;Actinomycetota;Actinomycetes;Mycobacteriales;Mycobacteriaceae;Mycobacterium;Mycobacterium fortuitum,aminoglycoside,aph(3'')*,chromosome,1,3.875,0.258
Te.F.3.H.B,H04,Teal,dorm_sample,Bacteria;Actinomycetota;Actinomycetes;Mycobacteriales;Mycobacteriaceae;Mycobacterium;Mycobacterium fortuitum,beta-lactam,blaF,chromosome,1,3.875,0.258
Te.F.3.H.B,H04,Teal,dorm_sample,Bacteria;Actinomycetota;Actinomycetes;Mycobacteriales;Mycobacteriaceae;Mycobacterium;Mycobacterium fortuitum,defensin,lysX,chromosome,3.133,3.875,0.809
Te.F.3.H.B,H04,Teal,dorm_sample,Bacteria;Actinomycetota;Actinomycetes;Mycobacteriales;Mycobacteriaceae;Mycobacterium;Mycobacterium fortuitum,macrolide-lincosamide-streptogramin,erm(39),chromosome,8,3.875,2.065
Te.F.3.H.B,H04,Teal,dorm_sample,Bacteria;Actinomycetota;Actinomycetes;Mycobacteriales;Mycobacteriaceae;Mycobacterium;Mycobacterium fortuitum,multidrug,lfrA,chromosome,2,3.875,0.516
Te.F.3.H.B,H04,Teal,dorm_sample,Bacteria;Actinomycetota;Actinomycetes;Mycobacteriales;Mycobacteriaceae;Mycobacterium;Mycobacterium fortuitum,multidrug,tap,chromosome,3.719,3.875,0.96
Te.F.3.H.B,H04,Teal,dorm_sample,Bacteria;Actinomycetota;Actinomycetes;Mycobacteriales;Mycobacteriaceae;Mycobacterium;Mycobacterium fortuitum,rifamycin,arr,chromosome,1,3.875,0.258
Te.F.3.H.B,H04,Teal,dorm_sample,Bacteria;Actinomycetota;Actinomycetes;Mycobacteriales;Mycobacteriaceae;Mycobacterium;Mycobacterium fortuitum,rifamycin,helR,chromosome,2.13,3.875,0.55
Te.F.3.H.B,H04,Teal,dorm_sample,Bacteria;Actinomycetota;Actinomycetes;Mycobacteriales;Mycobacteriaceae;Mycobacterium;Mycobacterium fortuitum,rifamycin,rox,chromosome,4,3.875,1.032
Te.F.3.H.B,H04,Teal,dorm_sample,Bacteria;Actinomycetota;Actinomycetes;Mycobacteriales;Mycobacteriaceae;Mycobacterium;Mycobacterium fortuitum,tetracycline,tet(V),chromosome,2.293,3.875,0.592
Te.F.3.H.B,H04,Teal,dorm_sample,Bacteria;Actinomycetota;Actinomycetes;Mycobacteriales;Mycobacteriaceae;Mycobacterium;Mycobacterium fortuitum,tuberactinomycin,vph,chromosome,1.987,3.875,0.513
Te.F.3.H.B,H04,Teal,dorm_sample,Bacteria;Actinomycetota;Actinomycetes;Mycobacteriales;Mycobacteriaceae;Mycobacterium;Mycobacterium gwanakae,defensin,lysX,chromosome,0.998,0.25,3.993
Te.F.3.H.B,H04,Teal,dorm_sample,Bacteria;Actinomycetota;Actinomycetes;Mycobacteriales;Mycobacteriaceae;Mycobacterium;Mycobacterium gwanakae,rifamycin,arr,chromosome,1,0.25,4
Te.F.3.H.B,H04,Teal,dorm_sample,Bacteria;Actinomycetota;Actinomycetes;Mycobacteriales;Mycobacteriaceae;Mycobacterium;Mycobacterium phocaicum,multidrug,lfrA,chromosome,1,0.875,1.143
Te.F.3.H.B,H04,Teal,dorm_sample,Bacteria;Actinomycetota;Actinomycetes;Mycobacteriales;Mycobacteriaceae;Mycobacterium;Mycobacterium phocaicum,rifamycin,arr,chromosome,1,0.875,1.143
Te.F.3.H.B,H04,Teal,dorm_sample,unclassified,beta-lactam,bla*,chromosome,2.996,0,0
Te.F.3.H.B,H04,Teal,dorm_sample,unclassified,beta-lactam,blaL2,chromosome,2,0,0
Te.F.3.H.B,H04,Teal,dorm_sample,unclassified,beta-lactam,blaSGM,chromosome,1,0,0
Te.F.3.H.B,H04,Teal,dorm_sample,unclassified,colistin,arnD,chromosome,1,0,0
Te.F.3.H.B,H04,Teal,dorm_sample,unclassified,colistin,arnF,chromosome,0.992,0,0
Te.F.3.H.B,H04,Teal,dorm_sample,unclassified,colistin,arnT,chromosome,1,0,0
Te.F.3.H.B,H04,Teal,dorm_sample,unclassified,fosfomycin,fosX,chromosome,0.955,0,0
Te.F.3.H.B,H04,Teal,dorm_sample,unclassified,macrolide-lincosamide-streptogramin,erm*,chromosome,1,0,0
Te.F.3.H.B,H04,Teal,dorm_sample,unclassified,multidrug,acrE,chromosome,0.992,0,0
Te.F.3.H.B,H04,Teal,dorm_sample,unclassified,multidrug,macB,chromosome,1,0,0
Te.F.3.H.B,H04,Teal,dorm_sample,unclassified,multidrug,mexE,chromosome,1,0,0
Te.F.3.H.B,H04,Teal,dorm_sample,unclassified,multidrug,smeC,chromosome,1,0,0
Te.F.3.H.B,H04,Teal,dorm_sample,unclassified,multidrug,smeD,chromosome,0.962,0,0
Te.F.3.H.B,H04,Teal,dorm_sample,unclassified,multidrug,smeE,chromosome,0.973,0,0
Te.F.3.H.B,H04,Teal,dorm_sample,unclassified,multidrug,smeO,chromosome,1.295,0,0
Te.F.3.H.B,H04,Teal,dorm_sample,unclassified,multidrug,smeP,chromosome,1.438,0,0
Te.F.3.H.B,H04,Teal,dorm_sample,unclassified,multidrug,tap,chromosome,1,0,0
Te.F.3.H.B,H04,Teal,dorm_sample,unclassified,multidrug,tolC,chromosome,1,0,0
Te.F.3.H.B,H04,Teal,dorm_sample,unclassified,multidrug,ttgC,chromosome,2,0,0
Te.F.3.H.B,H04,Teal,dorm_sample,unclassified,rifamycin,arr,chromosome,1,0,0
Te.F.3.H.B,H04,Teal,dorm_sample,unclassified,rifamycin,rph*,chromosome,1.998,0,0
Co.F.2.H.A,H05,Collins,dorm_sample,Bacteria;Actinomycetota;Actinomycetes;Actinomycetales;Microbacteriaceae;Agromyces;Agromyces mediolanus_A,macrolide-lincosamide-streptogramin,erm*,chromosome,0.997,1.125,0.886
Co.F.2.H.A,H05,Collins,dorm_sample,Bacteria;Actinomycetota;Actinomycetes;Actinomycetales;Microbacteriaceae;Agromyces;Agromyces mediolanus_A,rifamycin,helR,chromosome,1.911,1.125,1.698
Co.F.2.H.A,H05,Collins,dorm_sample,Bacteria;Actinomycetota;Actinomycetes;Actinomycetales;Microbacteriaceae;Microbacterium;Microbacterium sp003248845,rifamycin,helR,chromosome,1.329,1,1.329
Co.F.2.H.A,H05,Collins,dorm_sample,Bacteria;Actinomycetota;Actinomycetes;Mycobacteriales;Mycobacteriaceae;Mycobacterium;Mycobacterium grossiae,beta-lactam,bla*,chromosome,2,1,2
Co.F.2.H.A,H05,Collins,dorm_sample,Bacteria;Actinomycetota;Actinomycetes;Mycobacteriales;Mycobacteriaceae;Mycobacterium;Mycobacterium grossiae,rifamycin,arr,chromosome,2,1,2
Co.F.2.H.A,H05,Collins,dorm_sample,Bacteria;Actinomycetota;Actinomycetes;Mycobacteriales;Mycobacteriaceae;Mycobacterium;Mycobacterium phocaicum,beta-lactam,bla*,chromosome,40.898,41.375,0.988
Co.F.2.H.A,H05,Collins,dorm_sample,Bacteria;Actinomycetota;Actinomycetes;Mycobacteriales;Mycobacteriaceae;Mycobacterium;Mycobacterium phocaicum,defensin,lysX,chromosome,39.607,41.375,0.957
Co.F.2.H.A,H05,Collins,dorm_sample,Bacteria;Actinomycetota;Actinomycetes;Mycobacteriales;Mycobacteriaceae;Mycobacterium;Mycobacterium phocaicum,multidrug,lfrA,chromosome,42.221,41.375,1.02
Co.F.2.H.A,H05,Collins,dorm_sample,Bacteria;Actinomycetota;Actinomycetes;Mycobacteriales;Mycobacteriaceae;Mycobacterium;Mycobacterium phocaicum,rifamycin,arr,chromosome,66.542,41.375,1.608
Co.F.2.H.A,H05,Collins,dorm_sample,Bacteria;Actinomycetota;Actinomycetes;Mycobacteriales;Mycobacteriaceae;Mycobacterium;Mycobacterium phocaicum,tetracycline,tet(V),chromosome,51.705,41.375,1.25
Co.F.2.H.A,H05,Collins,dorm_sample,Bacteria;Bacteroidota;Bacteroidia;Chitinophagales;Chitinophagaceae;Pseudobacter;Pseudobacter ginsenosidimutans,beta-lactam,bla*,chromosome,2.774,1.125,2.465
Co.F.2.H.A,H05,Collins,dorm_sample,Bacteria;Bacteroidota;Bacteroidia;Flavobacteriales;Weeksellaceae;Chryseobacterium;Chryseobacterium phocaeense,beta-lactam,bla*,chromosome,1,0.25,4
Co.F.2.H.A,H05,Collins,dorm_sample,Bacteria;Bacteroidota;Bacteroidia;Flavobacteriales;Weeksellaceae;Chryseobacterium;Chryseobacterium salviniae,rifamycin,arr,chromosome,1,0.25,4
Co.F.2.H.A,H05,Collins,dorm_sample,Bacteria;Bacteroidota;Bacteroidia;Sphingobacteriales;Sphingobacteriaceae;Pedobacter;Pedobacter chitinilyticus,aminoglycoside,ant(6)*,chromosome,1,1.875,0.533
Co.F.2.H.A,H05,Collins,dorm_sample,Bacteria;Pseudomonadota;Alphaproteobacteria;Caulobacterales;Caulobacteraceae;Phenylobacterium;Phenylobacterium haematophilum,beta-lactam,bla*,chromosome,1,0.5,2
Co.F.2.H.A,H05,Collins,dorm_sample,Bacteria;Pseudomonadota;Alphaproteobacteria;Caulobacterales;Caulobacteraceae;Phenylobacterium;Phenylobacterium sp041919955,rifamycin,arr,chromosome,6.902,4.625,1.492
Co.F.2.H.A,H05,Collins,dorm_sample,Bacteria;Pseudomonadota;Alphaproteobacteria;Rhizobiales;Beijerinckiaceae;Allobosea;Allobosea eneae,multidrug,mdtI,chromosome,1,0.375,2.667
Co.F.2.H.A,H05,Collins,dorm_sample,Bacteria;Pseudomonadota;Alphaproteobacteria;Rhizobiales;Beijerinckiaceae;Allobosea;Allobosea sp900112185,beta-lactam,bla*,chromosome,1,0.5,2
Co.F.2.H.A,H05,Collins,dorm_sample,Bacteria;Pseudomonadota;Alphaproteobacteria;Rhizobiales;Beijerinckiaceae;Methylobacterium;Methylobacterium radiotolerans,multidrug,mdtN,chromosome,1,0.75,1.333
Co.F.2.H.A,H05,Collins,dorm_sample,Bacteria;Pseudomonadota;Alphaproteobacteria;Rhizobiales;Rhizobiaceae;Shinella;Shinella sp001262505,aminoglycoside,aph(3'')*,chromosome,1,1,1
Co.F.2.H.A,H05,Collins,dorm_sample,Bacteria;Pseudomonadota;Alphaproteobacteria;Rhizobiales;Rhizobiaceae;Shinella;Shinella sp001262505,beta-lactam,bla*,chromosome,1,1,1
Co.F.2.H.A,H05,Collins,dorm_sample,Bacteria;Pseudomonadota;Alphaproteobacteria;Rhizobiales;Rhizobiaceae;Shinella;Shinella sp001262505,phenicol,cml*,chromosome,3.847,1,3.847
Co.F.2.H.A,H05,Collins,dorm_sample,Bacteria;Pseudomonadota;Alphaproteobacteria;Rhizobiales;Xanthobacteraceae;Bradyrhizobium;Bradyrhizobium lablabi_C,beta-lactam,bla*,chromosome,6.259,1.25,5.007
Co.F.2.H.A,H05,Collins,dorm_sample,Bacteria;Pseudomonadota;Alphaproteobacteria;Sphingomonadales;Sphingomonadaceae;Blastomonas;Blastomonas ursincola,aminoglycoside,aac(3)*,chromosome,4.094,10.75,0.381
Co.F.2.H.A,H05,Collins,dorm_sample,Bacteria;Pseudomonadota;Alphaproteobacteria;Sphingomonadales;Sphingomonadaceae;Blastomonas;Blastomonas ursincola,beta-lactam,bla*,chromosome,13.757,10.75,1.28
Co.F.2.H.A,H05,Collins,dorm_sample,Bacteria;Pseudomonadota;Alphaproteobacteria;Sphingomonadales;Sphingomonadaceae;Sphingobium_A;Sphingobium_A colocasiae,beta-lactam,bla*,chromosome,2.903,0.5,5.805
Co.F.2.H.A,H05,Collins,dorm_sample,Bacteria;Pseudomonadota;Alphaproteobacteria;Sphingomonadales;Sphingomonadaceae;Sphingobium_A;Sphingobium_A colocasiae,defensin,mprF,chromosome,1,0.5,2
Co.F.2.H.A,H05,Collins,dorm_sample,Bacteria;Pseudomonadota;Alphaproteobacteria;Sphingomonadales;Sphingomonadaceae;Sphingobium_A;Sphingobium_A colocasiae,phenicol,catB,chromosome,0.957,0.5,1.914
Co.F.2.H.A,H05,Collins,dorm_sample,Bacteria;Pseudomonadota;Alphaproteobacteria;Sphingomonadales;Sphingomonadaceae;Sphingomonas;Sphingomonas koreensis,beta-lactam,bla*,chromosome,7.653,3.125,2.449
Co.F.2.H.A,H05,Collins,dorm_sample,Bacteria;Pseudomonadota;Alphaproteobacteria;Sphingomonadales;Sphingomonadaceae;Sphingomonas;Sphingomonas koreensis,phenicol,catB,chromosome,6.967,3.125,2.229
Co.F.2.H.A,H05,Collins,dorm_sample,Bacteria;Pseudomonadota;Alphaproteobacteria;Sphingomonadales;Sphingomonadaceae;Sphingopyxis;Sphingopyxis sp001468395,beta-lactam,bla*,chromosome,7,5.75,1.217
Co.F.2.H.A,H05,Collins,dorm_sample,Bacteria;Pseudomonadota;Alphaproteobacteria;Sphingomonadales;Sphingomonadaceae;Sphingopyxis;Sphingopyxis sp001468395,defensin,mprF,chromosome,5.384,5.75,0.936
Co.F.2.H.A,H05,Collins,dorm_sample,Bacteria;Pseudomonadota;Alphaproteobacteria;Sphingomonadales;Sphingomonadaceae;Sphingopyxis;Sphingopyxis sp014873485,beta-lactam,bla*,chromosome,2.821,3,0.94
Co.F.2.H.A,H05,Collins,dorm_sample,Bacteria;Pseudomonadota;Alphaproteobacteria;Sphingomonadales;Sphingomonadaceae;Sphingopyxis;Sphingopyxis sp014873485,phenicol,catB,chromosome,1,3,0.333
Co.F.2.H.A,H05,Collins,dorm_sample,Bacteria;Pseudomonadota;Alphaproteobacteria;Sphingomonadales;Sphingomonadaceae;Sphingopyxis;Sphingopyxis sp014873485,rifamycin,arr,chromosome,2,3,0.667
Co.F.2.H.A,H05,Collins,dorm_sample,Bacteria;Pseudomonadota;Alphaproteobacteria;Sphingomonadales;Sphingomonadaceae;Sphingopyxis;Sphingopyxis sp035998905,beta-lactam,bla*,chromosome,1,1.25,0.8
Co.F.2.H.A,H05,Collins,dorm_sample,Bacteria;Pseudomonadota;Gammaproteobacteria;Burkholderiales;Burkholderiaceae_C;Acidovorax;Acidovorax temperans,beta-lactam,bla*,chromosome,1,0.5,2
Co.F.2.H.A,H05,Collins,dorm_sample,Bacteria;Pseudomonadota;Gammaproteobacteria;Burkholderiales;Burkholderiaceae_C;Aquincola;Aquincola tertiaricarbonis_B,beta-lactam,bla*,chromosome,2.631,1.25,2.104
Co.F.2.H.A,H05,Collins,dorm_sample,Bacteria;Pseudomonadota;Gammaproteobacteria;Burkholderiales;Burkholderiaceae_C;Comamonas;Comamonas tsuruhatensis,multidrug,macB,chromosome,0.957,0.25,3.827
Co.F.2.H.A,H05,Collins,dorm_sample,Bacteria;Pseudomonadota;Gammaproteobacteria;Legionellales;Legionellaceae;Tatlockia;Tatlockia feeleii,phenicol,catB,chromosome,1.731,0.5,3.462
Co.F.2.H.A,H05,Collins,dorm_sample,Bacteria;Pseudomonadota;Gammaproteobacteria;Steroidobacterales;Steroidobacteraceae;Steroidobacter;Steroidobacter flavus,defensin,mprF,chromosome,1,0.875,1.143
Co.F.2.H.A,H05,Collins,dorm_sample,Bacteria;Pseudomonadota;Gammaproteobacteria;Steroidobacterales;Steroidobacteraceae;Steroidobacter;Steroidobacter soli,beta-lactam,bla*,chromosome,1,0.375,2.667
Co.F.2.H.A,H05,Collins,dorm_sample,Bacteria;Pseudomonadota;Gammaproteobacteria;Steroidobacterales;Steroidobacteraceae;Steroidobacter;Steroidobacter soli,defensin,mprF,chromosome,0.205,0.375,0.546
Co.F.2.H.A,H05,Collins,dorm_sample,Bacteria;Pseudomonadota;Gammaproteobacteria;Xanthomonadales;Xanthomonadaceae;Lysobacter;Lysobacter capsici,defensin,mprF,chromosome,26.727,22.375,1.195
Co.F.2.H.A,H05,Collins,dorm_sample,Bacteria;Pseudomonadota;Gammaproteobacteria;Xanthomonadales;Xanthomonadaceae;Lysobacter;Lysobacter capsici_A,defensin,mprF,chromosome,4.71,3.25,1.449
Co.F.2.H.A,H05,Collins,dorm_sample,Bacteria;Pseudomonadota;Gammaproteobacteria;Xanthomonadales;Xanthomonadaceae;Lysobacter_I;Lysobacter_I brunescens,beta-lactam,bla*,chromosome,4.544,2.375,1.913
Co.F.2.H.A,H05,Collins,dorm_sample,Bacteria;Pseudomonadota;Gammaproteobacteria;Xanthomonadales;Xanthomonadaceae;Pseudoxanthomonas_A;Pseudoxanthomonas_A japonensis,aminoglycoside,aac(6')*,chromosome,1,1.625,0.615
Co.F.2.H.A,H05,Collins,dorm_sample,Bacteria;Pseudomonadota;Gammaproteobacteria;Xanthomonadales;Xanthomonadaceae;Pseudoxanthomonas_A;Pseudoxanthomonas_A japonensis,beta-lactam,blaPJM,chromosome,1.359,1.625,0.836
Co.F.2.H.A,H05,Collins,dorm_sample,Bacteria;Pseudomonadota;Gammaproteobacteria;Xanthomonadales;Xanthomonadaceae;Pseudoxanthomonas_A;Pseudoxanthomonas_A mexicana,aminoglycoside,aac(3)-I,chromosome,2,2,1
Co.F.2.H.A,H05,Collins,dorm_sample,Bacteria;Pseudomonadota;Gammaproteobacteria;Xanthomonadales;Xanthomonadaceae;Pseudoxanthomonas_A;Pseudoxanthomonas_A mexicana,beta-lactam,bla*,chromosome,2,2,1
Co.F.2.H.A,H05,Collins,dorm_sample,Bacteria;Pseudomonadota;Gammaproteobacteria;Xanthomonadales;Xanthomonadaceae;Pseudoxanthomonas_A;Pseudoxanthomonas_A mexicana,rifamycin,arr,chromosome,4.444,2,2.222
Co.F.2.H.A,H05,Collins,dorm_sample,Bacteria;Pseudomonadota;Gammaproteobacteria;Xanthomonadales;Xanthomonadaceae;Pseudoxanthomonas_A;Pseudoxanthomonas_A sp037046485,rifamycin,arr,chromosome,0.985,0.25,3.94
Co.F.2.H.A,H05,Collins,dorm_sample,unclassified,aminoglycoside,aac(3)*,chromosome,2.906,0,0
Co.F.2.H.A,H05,Collins,dorm_sample,unclassified,aminoglycoside,aac(3)-I,chromosome,1,0,0
Co.F.2.H.A,H05,Collins,dorm_sample,unclassified,aminoglycoside,aac(6')*,chromosome,0.985,0,0
Co.F.2.H.A,H05,Collins,dorm_sample,unclassified,aminoglycoside,aph(3')-II,chromosome,1,0,0
Co.F.2.H.A,H05,Collins,dorm_sample,unclassified,beta-lactam,bla*,chromosome,22.182,0,0
Co.F.2.H.A,H05,Collins,dorm_sample,unclassified,beta-lactam,blaCAM,chromosome,1,0,0
Co.F.2.H.A,H05,Collins,dorm_sample,unclassified,beta-lactam,blaCAU,chromosome,0.99,0,0
Co.F.2.H.A,H05,Collins,dorm_sample,unclassified,defensin,lysX,chromosome,0.95,0,0
Co.F.2.H.A,H05,Collins,dorm_sample,unclassified,defensin,mprF,chromosome,2.109,0,0
Co.F.2.H.A,H05,Collins,dorm_sample,unclassified,macrolide-lincosamide-streptogramin,erm*,chromosome,4,0,0
Co.F.2.H.A,H05,Collins,dorm_sample,unclassified,multidrug,emrA,chromosome,1,0,0
Co.F.2.H.A,H05,Collins,dorm_sample,unclassified,multidrug,emrB,chromosome,1,0,0
Co.F.2.H.A,H05,Collins,dorm_sample,unclassified,multidrug,emrC,chromosome,1,0,0
Co.F.2.H.A,H05,Collins,dorm_sample,unclassified,multidrug,macB,chromosome,1,0,0
Co.F.2.H.A,H05,Collins,dorm_sample,unclassified,multidrug,mdtI,chromosome,2,0,0
Co.F.2.H.A,H05,Collins,dorm_sample,unclassified,multidrug,smeE,chromosome,1.983,0,0
Co.F.2.H.A,H05,Collins,dorm_sample,unclassified,multidrug,tap,chromosome,1,0,0
Co.F.2.H.A,H05,Collins,dorm_sample,unclassified,phenicol,catB,chromosome,4,0,0
Co.F.2.H.A,H05,Collins,dorm_sample,unclassified,rifamycin,arr,chromosome,15.021,0,0
Co.F.2.H.A,H05,Collins,dorm_sample,unclassified,sulfonamide,sul2,chromosome,1,0,0
Co.F.2.H.A,H05,Collins,dorm_sample,unclassified,tuberactinomycin,vph,chromosome,0.993,0,0
Me.F.4.L.C,H06,Memorial,dorm_sample,Bacteria;Actinomycetota;Actinomycetes;Mycobacteriales;Mycobacteriaceae;Mycobacterium;Mycobacterium gordonae,beta-lactam,bla*,chromosome,1.485,2.375,0.625
Me.F.4.L.C,H06,Memorial,dorm_sample,Bacteria;Actinomycetota;Actinomycetes;Mycobacteriales;Mycobacteriaceae;Mycobacterium;Mycobacterium gordonae,defensin,lysX,chromosome,1.807,2.375,0.761
Me.F.4.L.C,H06,Memorial,dorm_sample,Bacteria;Actinomycetota;Actinomycetes;Mycobacteriales;Mycobacteriaceae;Mycobacterium;Mycobacterium gordonae,multidrug,tap,chromosome,3.427,2.375,1.443
Me.F.4.L.C,H06,Memorial,dorm_sample,Bacteria;Actinomycetota;Actinomycetes;Mycobacteriales;Mycobacteriaceae;Mycobacterium;Mycobacterium gordonae,rifamycin,helR,chromosome,3.184,2.375,1.341
Me.F.4.L.C,H06,Memorial,dorm_sample,Bacteria;Actinomycetota;Actinomycetes;Mycobacteriales;Mycobacteriaceae;Mycobacterium;Mycobacterium gordonae_B,beta-lactam,bla*,chromosome,3.652,3.875,0.943
Me.F.4.L.C,H06,Memorial,dorm_sample,Bacteria;Actinomycetota;Actinomycetes;Mycobacteriales;Mycobacteriaceae;Mycobacterium;Mycobacterium gordonae_B,defensin,lysX,chromosome,5.107,3.875,1.318
Me.F.4.L.C,H06,Memorial,dorm_sample,Bacteria;Actinomycetota;Actinomycetes;Mycobacteriales;Mycobacteriaceae;Mycobacterium;Mycobacterium gordonae_B,multidrug,tap,chromosome,3.127,3.875,0.807
Me.F.4.L.C,H06,Memorial,dorm_sample,Bacteria;Actinomycetota;Actinomycetes;Mycobacteriales;Mycobacteriaceae;Mycobacterium;Mycobacterium gordonae_B,rifamycin,helR,chromosome,2.687,3.875,0.694
Me.F.4.L.C,H06,Memorial,dorm_sample,Bacteria;Actinomycetota;Actinomycetes;Mycobacteriales;Mycobacteriaceae;Mycobacterium;Mycobacterium gwanakae,aminoglycoside,aph(3'')*,chromosome,1,3.125,0.32
Me.F.4.L.C,H06,Memorial,dorm_sample,Bacteria;Actinomycetota;Actinomycetes;Mycobacteriales;Mycobacteriaceae;Mycobacterium;Mycobacterium gwanakae,beta-lactam,bla*,chromosome,5.669,3.125,1.814
Me.F.4.L.C,H06,Memorial,dorm_sample,Bacteria;Actinomycetota;Actinomycetes;Mycobacteriales;Mycobacteriaceae;Mycobacterium;Mycobacterium gwanakae,beta-lactam,blaMAB,chromosome,8.01,3.125,2.563
Me.F.4.L.C,H06,Memorial,dorm_sample,Bacteria;Actinomycetota;Actinomycetes;Mycobacteriales;Mycobacteriaceae;Mycobacterium;Mycobacterium gwanakae,defensin,lysX,chromosome,5.671,3.125,1.815
Me.F.4.L.C,H06,Memorial,dorm_sample,Bacteria;Actinomycetota;Actinomycetes;Mycobacteriales;Mycobacteriaceae;Mycobacterium;Mycobacterium gwanakae,rifamycin,arr,chromosome,3.844,3.125,1.23
Me.F.4.L.C,H06,Memorial,dorm_sample,Bacteria;Actinomycetota;Actinomycetes;Mycobacteriales;Mycobacteriaceae;Mycobacterium;Mycobacterium gwanakae,rifamycin,helR,chromosome,4.003,3.125,1.281
Me.F.4.L.C,H06,Memorial,dorm_sample,Bacteria;Actinomycetota;Actinomycetes;Mycobacteriales;Mycobacteriaceae;Mycobacterium;Mycobacterium paragordonae,rifamycin,helR,chromosome,2.35,1.5,1.567
Me.F.4.L.C,H06,Memorial,dorm_sample,Bacteria;Actinomycetota;Actinomycetes;Mycobacteriales;Mycobacteriaceae;Mycobacterium;Mycobacterium phocaicum,beta-lactam,bla*,chromosome,51.191,50,1.024
Me.F.4.L.C,H06,Memorial,dorm_sample,Bacteria;Actinomycetota;Actinomycetes;Mycobacteriales;Mycobacteriaceae;Mycobacterium;Mycobacterium phocaicum,defensin,lysX,chromosome,46.596,50,0.932
Me.F.4.L.C,H06,Memorial,dorm_sample,Bacteria;Actinomycetota;Actinomycetes;Mycobacteriales;Mycobacteriaceae;Mycobacterium;Mycobacterium phocaicum,multidrug,lfrA,chromosome,48.522,50,0.97
Me.F.4.L.C,H06,Memorial,dorm_sample,Bacteria;Actinomycetota;Actinomycetes;Mycobacteriales;Mycobacteriaceae;Mycobacterium;Mycobacterium phocaicum,rifamycin,arr,chromosome,38.438,50,0.769
Me.F.4.L.C,H06,Memorial,dorm_sample,Bacteria;Actinomycetota;Actinomycetes;Mycobacteriales;Mycobacteriaceae;Mycobacterium;Mycobacterium phocaicum,tetracycline,tet(V),chromosome,43.917,50,0.878
Me.F.4.L.C,H06,Memorial,dorm_sample,Bacteria;Actinomycetota;Actinomycetes;Mycobacteriales;Mycobacteriaceae;Mycobacterium;Mycobacterium sp018326285,defensin,lysX,chromosome,0.142,1,0.142
Me.F.4.L.C,H06,Memorial,dorm_sample,Bacteria;Actinomycetota;Actinomycetes;Mycobacteriales;Mycobacteriaceae;Mycobacterium;Mycobacterium sp018326285,rifamycin,arr,chromosome,37.819,1,37.819
Me.F.4.L.C,H06,Memorial,dorm_sample,Bacteria;Actinomycetota;Actinomycetes;Mycobacteriales;Mycobacteriaceae;Mycobacterium;Mycobacterium sp018326285,tetracycline,tet(V),chromosome,8.752,1,8.752
Me.F.4.L.C,H06,Memorial,dorm_sample,Bacteria;Bacteroidota;Bacteroidia;Chitinophagales;Chitinophagaceae;Sediminibacterium;Sediminibacterium sp013391385,beta-lactam,bla*,chromosome,0.988,0.25,3.951
Me.F.4.L.C,H06,Memorial,dorm_sample,Bacteria;Bacteroidota;Bacteroidia;Cytophagales;172606-1;Rhodocytophaga;Rhodocytophaga rosea,beta-lactam,bla*,chromosome,5.585,6.625,0.843
Me.F.4.L.C,H06,Memorial,dorm_sample,Bacteria;Bacteroidota;Bacteroidia;Cytophagales;Spirosomataceae;Larkinella;Larkinella sp006149005,beta-lactam,bla*,chromosome,1,0.375,2.667
Me.F.4.L.C,H06,Memorial,dorm_sample,Bacteria;Bacteroidota;Bacteroidia;Flavobacteriales;Flavobacteriaceae;Flavobacterium;Flavobacterium lindanitolerans,aminoglycoside,ant(6)*,chromosome,12.74,13.5,0.944
Me.F.4.L.C,H06,Memorial,dorm_sample,Bacteria;Bacteroidota;Bacteroidia;Flavobacteriales;Flavobacteriaceae;Flavobacterium;Flavobacterium lindanitolerans,beta-lactam,blaCHM,chromosome,13.612,13.5,1.008
Me.F.4.L.C,H06,Memorial,dorm_sample,Bacteria;Bacteroidota;Bacteroidia;Flavobacteriales;Flavobacteriaceae;Flavobacterium;Flavobacterium lindanitolerans,colistin,eptA,chromosome,18.098,13.5,1.341
Me.F.4.L.C,H06,Memorial,dorm_sample,Bacteria;Bacteroidota;Bacteroidia;Flavobacteriales;Flavobacteriaceae;Flavobacterium;Flavobacterium lindanitolerans,rifamycin,arr,chromosome,12,13.5,0.889
Me.F.4.L.C,H06,Memorial,dorm_sample,Bacteria;Bacteroidota;Bacteroidia;Flavobacteriales;Flavobacteriaceae;Flavobacterium;Flavobacterium microcysteis,aminoglycoside,ant(6)*,chromosome,2,2.875,0.696
Me.F.4.L.C,H06,Memorial,dorm_sample,Bacteria;Bacteroidota;Bacteroidia;Sphingobacteriales;Sphingobacteriaceae;Pedobacter;Pedobacter chitinilyticus,aminoglycoside,ant(6)*,chromosome,6.477,3.375,1.919
Me.F.4.L.C,H06,Memorial,dorm_sample,Bacteria;Bacteroidota;Bacteroidia;Sphingobacteriales;Sphingobacteriaceae;Pedobacter;Pedobacter chitinilyticus,beta-lactam,bla*,chromosome,3.873,3.375,1.148
Me.F.4.L.C,H06,Memorial,dorm_sample,Bacteria;Bacteroidota;Bacteroidia;Sphingobacteriales;Sphingobacteriaceae;Pedobacter;Pedobacter chitinilyticus,rifamycin,arr,chromosome,1.73,3.375,0.513
Me.F.4.L.C,H06,Memorial,dorm_sample,Bacteria;Gemmatimonadota;Gemmatimonadetes;Gemmatimonadales;Gemmatimonadaceae;Gemmatimonas;Gemmatimonas sp002483225,aminoglycoside,aph(3')*,chromosome,7.68,8.25,0.931
Me.F.4.L.C,H06,Memorial,dorm_sample,Bacteria;Gemmatimonadota;Gemmatimonadetes;Gemmatimonadales;Gemmatimonadaceae;Gemmatimonas;Gemmatimonas sp002483225,beta-lactam,bla*,chromosome,15,8.25,1.818
Me.F.4.L.C,H06,Memorial,dorm_sample,Bacteria;Pseudomonadota;Alphaproteobacteria;Caulobacterales;Caulobacteraceae;Phenylobacterium;Phenylobacterium sp024699945,beta-lactam,bla*,chromosome,9.745,4.375,2.227
Me.F.4.L.C,H06,Memorial,dorm_sample,Bacteria;Pseudomonadota;Alphaproteobacteria;Rhizobiales;Beijerinckiaceae;Allobosea;Allobosea eneae,aminoglycoside,aac(3)*,chromosome,4.172,3.625,1.151
Me.F.4.L.C,H06,Memorial,dorm_sample,Bacteria;Pseudomonadota;Alphaproteobacteria;Rhizobiales;Beijerinckiaceae;Allobosea;Allobosea eneae,beta-lactam,bla*,chromosome,3.446,3.625,0.951
Me.F.4.L.C,H06,Memorial,dorm_sample,Bacteria;Pseudomonadota;Alphaproteobacteria;Rhizobiales;Beijerinckiaceae;Allobosea;Allobosea eneae,multidrug,mdtI,chromosome,1,3.625,0.276
Me.F.4.L.C,H06,Memorial,dorm_sample,Bacteria;Pseudomonadota;Alphaproteobacteria;Rhizobiales;Beijerinckiaceae;Allobosea;Allobosea sp900112185,aminoglycoside,aac(3)*,chromosome,0.92,0.5,1.839
Me.F.4.L.C,H06,Memorial,dorm_sample,Bacteria;Pseudomonadota;Alphaproteobacteria;Rhizobiales;Beijerinckiaceae;Allobosea;Allobosea sp900112185,beta-lactam,bla*,chromosome,2,0.5,4
Me.F.4.L.C,H06,Memorial,dorm_sample,Bacteria;Pseudomonadota;Alphaproteobacteria;Rhizobiales;Beijerinckiaceae;Methylobacterium;Methylobacterium hispanicum,beta-lactam,bla*,chromosome,2,0.875,2.286
Me.F.4.L.C,H06,Memorial,dorm_sample,Bacteria;Pseudomonadota;Alphaproteobacteria;Rhizobiales;Beijerinckiaceae;Methylobacterium;Methylobacterium isbiliense,aminoglycoside,aac(3)-I,chromosome,3,3.25,0.923
Me.F.4.L.C,H06,Memorial,dorm_sample,Bacteria;Pseudomonadota;Alphaproteobacteria;Rhizobiales;Beijerinckiaceae;Methylobacterium;Methylobacterium isbiliense,beta-lactam,bla*,chromosome,4,3.25,1.231
Me.F.4.L.C,H06,Memorial,dorm_sample,Bacteria;Pseudomonadota;Alphaproteobacteria;Rhizobiales;Beijerinckiaceae;Methylobacterium;Methylobacterium radiotolerans,beta-lactam,bla*,chromosome,3,1.75,1.714
Me.F.4.L.C,H06,Memorial,dorm_sample,Bacteria;Pseudomonadota;Alphaproteobacteria;Rhizobiales;Hyphomicrobiaceae;Hyphomicrobium_C;Hyphomicrobium_C zavarzinii,defensin,mprF,chromosome,1.661,1.5,1.108
Me.F.4.L.C,H06,Memorial,dorm_sample,Bacteria;Pseudomonadota;Alphaproteobacteria;Rhizobiales;Rhizobiaceae;Shinella;Shinella sp001262505,aminoglycoside,aph(3'')*,chromosome,3.65,3,1.217
Me.F.4.L.C,H06,Memorial,dorm_sample,Bacteria;Pseudomonadota;Alphaproteobacteria;Rhizobiales;Rhizobiaceae;Shinella;Shinella sp001262505,beta-lactam,bla*,chromosome,4.859,3,1.62
Me.F.4.L.C,H06,Memorial,dorm_sample,Bacteria;Pseudomonadota;Alphaproteobacteria;Rhizobiales;Rhizobiaceae;Shinella;Shinella sp001262505,phenicol,cml*,chromosome,2.451,3,0.817
Me.F.4.L.C,H06,Memorial,dorm_sample,Bacteria;Pseudomonadota;Alphaproteobacteria;Rhizobiales;Xanthobacteraceae;Xanthobacter;Xanthobacter flavus_A,multidrug,macB,chromosome,0.997,0.375,2.659
Me.F.4.L.C,H06,Memorial,dorm_sample,Bacteria;Pseudomonadota;Alphaproteobacteria;Sphingomonadales;Sphingomonadaceae;Blastomonas;Blastomonas ursincola,aminoglycoside,aac(3)*,chromosome,9.004,14.875,0.605
Me.F.4.L.C,H06,Memorial,dorm_sample,Bacteria;Pseudomonadota;Alphaproteobacteria;Sphingomonadales;Sphingomonadaceae;Blastomonas;Blastomonas ursincola,beta-lactam,bla*,chromosome,23.479,14.875,1.578
Me.F.4.L.C,H06,Memorial,dorm_sample,Bacteria;Pseudomonadota;Alphaproteobacteria;Sphingomonadales;Sphingomonadaceae;Erythrobacter;Erythrobacter oryzae,aminoglycoside,aac(6')*,chromosome,34.741,38.375,0.905
Me.F.4.L.C,H06,Memorial,dorm_sample,Bacteria;Pseudomonadota;Alphaproteobacteria;Sphingomonadales;Sphingomonadaceae;Erythrobacter;Erythrobacter oryzae,beta-lactam,bla*,chromosome,37.476,38.375,0.977
Me.F.4.L.C,H06,Memorial,dorm_sample,Bacteria;Pseudomonadota;Alphaproteobacteria;Sphingomonadales;Sphingomonadaceae;Erythrobacter;Erythrobacter sp046452395,aminoglycoside,aac(6')*,chromosome,78.033,66,1.182
Me.F.4.L.C,H06,Memorial,dorm_sample,Bacteria;Pseudomonadota;Alphaproteobacteria;Sphingomonadales;Sphingomonadaceae;Erythrobacter;Erythrobacter sp046452395,beta-lactam,bla*,chromosome,121.383,66,1.839
Me.F.4.L.C,H06,Memorial,dorm_sample,Bacteria;Pseudomonadota;Alphaproteobacteria;Sphingomonadales;Sphingomonadaceae;Sphingobium_A;Sphingobium_A colocasiae,aminoglycoside,aac(6')*,chromosome,1,3.5,0.286
Me.F.4.L.C,H06,Memorial,dorm_sample,Bacteria;Pseudomonadota;Alphaproteobacteria;Sphingomonadales;Sphingomonadaceae;Sphingobium_A;Sphingobium_A colocasiae,beta-lactam,bla*,chromosome,11.711,3.5,3.346
Me.F.4.L.C,H06,Memorial,dorm_sample,Bacteria;Pseudomonadota;Alphaproteobacteria;Sphingomonadales;Sphingomonadaceae;Sphingobium_A;Sphingobium_A colocasiae,phenicol,catB,chromosome,1.981,3.5,0.566
Me.F.4.L.C,H06,Memorial,dorm_sample,Bacteria;Pseudomonadota;Alphaproteobacteria;Sphingomonadales;Sphingomonadaceae;Sphingomonas;Sphingomonas corticis,aminoglycoside,aac(3)*,chromosome,2,3.75,0.533
Me.F.4.L.C,H06,Memorial,dorm_sample,Bacteria;Pseudomonadota;Alphaproteobacteria;Sphingomonadales;Sphingomonadaceae;Sphingomonas;Sphingomonas corticis,beta-lactam,bla*,chromosome,4.267,3.75,1.138
Me.F.4.L.C,H06,Memorial,dorm_sample,Bacteria;Pseudomonadota;Alphaproteobacteria;Sphingomonadales;Sphingomonadaceae;Sphingomonas;Sphingomonas ginsenosidimutans,beta-lactam,bla*,chromosome,2,2,1
Me.F.4.L.C,H06,Memorial,dorm_sample,Bacteria;Pseudomonadota;Alphaproteobacteria;Sphingomonadales;Sphingomonadaceae;Sphingomonas;Sphingomonas ginsenosidimutans,defensin,mprF,chromosome,1.984,2,0.992
Me.F.4.L.C,H06,Memorial,dorm_sample,Bacteria;Pseudomonadota;Alphaproteobacteria;Sphingomonadales;Sphingomonadaceae;Sphingomonas;Sphingomonas koreensis,aminoglycoside,aac(6')*,chromosome,7.636,13.875,0.55
Me.F.4.L.C,H06,Memorial,dorm_sample,Bacteria;Pseudomonadota;Alphaproteobacteria;Sphingomonadales;Sphingomonadaceae;Sphingomonas;Sphingomonas koreensis,beta-lactam,bla*,chromosome,41.11,13.875,2.963
Me.F.4.L.C,H06,Memorial,dorm_sample,Bacteria;Pseudomonadota;Alphaproteobacteria;Sphingomonadales;Sphingomonadaceae;Sphingomonas;Sphingomonas koreensis,phenicol,catB,chromosome,18.01,13.875,1.298
Me.F.4.L.C,H06,Memorial,dorm_sample,Bacteria;Pseudomonadota;Alphaproteobacteria;Sphingomonadales;Sphingomonadaceae;Sphingomonas;Sphingomonas koreensis,rifamycin,arr,chromosome,8.551,13.875,0.616
Me.F.4.L.C,H06,Memorial,dorm_sample,Bacteria;Pseudomonadota;Alphaproteobacteria;Sphingomonadales;Sphingomonadaceae;Sphingomonas;Sphingomonas sp943913195,beta-lactam,bla*,chromosome,1,0.375,2.667
Me.F.4.L.C,H06,Memorial,dorm_sample,Bacteria;Pseudomonadota;Alphaproteobacteria;Sphingomonadales;Sphingomonadaceae;Sphingopyxis;Sphingopyxis microcysteis,aminoglycoside,aac(3)-I,chromosome,3,2.25,1.333
Me.F.4.L.C,H06,Memorial,dorm_sample,Bacteria;Pseudomonadota;Alphaproteobacteria;Sphingomonadales;Sphingomonadaceae;Sphingopyxis;Sphingopyxis microcysteis,beta-lactam,bla*,chromosome,1,2.25,0.444
Me.F.4.L.C,H06,Memorial,dorm_sample,Bacteria;Pseudomonadota;Alphaproteobacteria;Sphingomonadales;Sphingomonadaceae;Sphingopyxis;Sphingopyxis microcysteis,rifamycin,arr,chromosome,4.778,2.25,2.123
Me.F.4.L.C,H06,Memorial,dorm_sample,Bacteria;Pseudomonadota;Alphaproteobacteria;Sphingomonadales;Sphingomonadaceae;Sphingopyxis;Sphingopyxis sp001468395,beta-lactam,bla*,chromosome,92.361,153.625,0.601
Me.F.4.L.C,H06,Memorial,dorm_sample,Bacteria;Pseudomonadota;Alphaproteobacteria;Sphingomonadales;Sphingomonadaceae;Sphingopyxis;Sphingopyxis sp001468395,defensin,mprF,chromosome,111.202,153.625,0.724
Me.F.4.L.C,H06,Memorial,dorm_sample,Bacteria;Pseudomonadota;Alphaproteobacteria;Sphingomonadales;Sphingomonadaceae;Sphingopyxis;Sphingopyxis sp014873485,beta-lactam,bla*,chromosome,7.485,5.5,1.361
Me.F.4.L.C,H06,Memorial,dorm_sample,Bacteria;Pseudomonadota;Alphaproteobacteria;Sphingomonadales;Sphingomonadaceae;Sphingopyxis;Sphingopyxis sp014873485,phenicol,catB,chromosome,3.16,5.5,0.575
Me.F.4.L.C,H06,Memorial,dorm_sample,Bacteria;Pseudomonadota;Alphaproteobacteria;Sphingomonadales;Sphingomonadaceae;Sphingopyxis;Sphingopyxis sp014873485,rifamycin,arr,chromosome,3,5.5,0.545
Me.F.4.L.C,H06,Memorial,dorm_sample,Bacteria;Pseudomonadota;Alphaproteobacteria;Sphingomonadales;Sphingomonadaceae;Sphingopyxis;Sphingopyxis sp031457495,beta-lactam,bla*,chromosome,207.109,111,1.866
Me.F.4.L.C,H06,Memorial,dorm_sample,Bacteria;Pseudomonadota;Alphaproteobacteria;Sphingomonadales;Sphingomonadaceae;Sphingopyxis;Sphingopyxis sp035998905,beta-lactam,bla*,chromosome,3,1,3
Me.F.4.L.C,H06,Memorial,dorm_sample,Bacteria;Pseudomonadota;Alphaproteobacteria;Sphingomonadales;Sphingomonadaceae;Sphingopyxis;Sphingopyxis sp035998905,phenicol,catB,chromosome,2.995,1,2.995
Me.F.4.L.C,H06,Memorial,dorm_sample,Bacteria;Pseudomonadota;Alphaproteobacteria;Sphingomonadales;Sphingomonadaceae;Sphingopyxis;Sphingopyxis sp035998905,rifamycin,arr,chromosome,1,1,1
Me.F.4.L.C,H06,Memorial,dorm_sample,Bacteria;Pseudomonadota;Gammaproteobacteria;Burkholderiales;Burkholderiaceae_C;Acidovorax;Acidovorax sp046339755,beta-lactam,bla*,chromosome,1,0.875,1.143
Me.F.4.L.C,H06,Memorial,dorm_sample,Bacteria;Pseudomonadota;Gammaproteobacteria;Burkholderiales;Burkholderiaceae_C;Acidovorax;Acidovorax temperans,beta-lactam,bla*,chromosome,8.248,10.125,0.815
Me.F.4.L.C,H06,Memorial,dorm_sample,Bacteria;Pseudomonadota;Gammaproteobacteria;Burkholderiales;Burkholderiaceae_C;Comamonas;Comamonas tsuruhatensis,beta-lactam,bla*,chromosome,12,2.625,4.571
Me.F.4.L.C,H06,Memorial,dorm_sample,Bacteria;Pseudomonadota;Gammaproteobacteria;Pseudomonadales;Moraxellaceae;Acinetobacter;Acinetobacter junii,beta-lactam,bla*,chromosome,1,0.875,1.143
Me.F.4.L.C,H06,Memorial,dorm_sample,Bacteria;Pseudomonadota;Gammaproteobacteria;Pseudomonadales;Moraxellaceae;Acinetobacter;Acinetobacter junii,phenicol,cxpE,chromosome,1,0.875,1.143
Me.F.4.L.C,H06,Memorial,dorm_sample,Bacteria;Pseudomonadota;Gammaproteobacteria;Pseudomonadales;Moraxellaceae;Acinetobacter;Acinetobacter proteolyticus,aminoglycoside,aac(6')-I,chromosome,3,2.875,1.043
Me.F.4.L.C,H06,Memorial,dorm_sample,Bacteria;Pseudomonadota;Gammaproteobacteria;Pseudomonadales;Moraxellaceae;Acinetobacter;Acinetobacter proteolyticus,aminoglycoside,ant(3'')-II,chromosome,1,2.875,0.348
Me.F.4.L.C,H06,Memorial,dorm_sample,Bacteria;Pseudomonadota;Gammaproteobacteria;Pseudomonadales;Moraxellaceae;Acinetobacter;Acinetobacter proteolyticus,beta-lactam,blaOXA,chromosome,2.143,2.875,0.745
Me.F.4.L.C,H06,Memorial,dorm_sample,Bacteria;Pseudomonadota;Gammaproteobacteria;Pseudomonadales;Moraxellaceae;Acinetobacter;Acinetobacter proteolyticus,multidrug,adeB,chromosome,1.433,2.875,0.499
Me.F.4.L.C,H06,Memorial,dorm_sample,Bacteria;Pseudomonadota;Gammaproteobacteria;Pseudomonadales;Moraxellaceae;Acinetobacter;Acinetobacter proteolyticus,multidrug,adeG,chromosome,2,2.875,0.696
Me.F.4.L.C,H06,Memorial,dorm_sample,Bacteria;Pseudomonadota;Gammaproteobacteria;Pseudomonadales;Moraxellaceae;Acinetobacter;Acinetobacter proteolyticus,multidrug,adeJ,chromosome,2.074,2.875,0.721
Me.F.4.L.C,H06,Memorial,dorm_sample,Bacteria;Pseudomonadota;Gammaproteobacteria;Pseudomonadales;Moraxellaceae;Acinetobacter;Acinetobacter proteolyticus,multidrug,craA,chromosome,1,2.875,0.348
Me.F.4.L.C,H06,Memorial,dorm_sample,Bacteria;Pseudomonadota;Gammaproteobacteria;Pseudomonadales;Moraxellaceae;Acinetobacter;Acinetobacter proteolyticus,multidrug,emrB,chromosome,1.809,2.875,0.629
Me.F.4.L.C,H06,Memorial,dorm_sample,Bacteria;Pseudomonadota;Gammaproteobacteria;Pseudomonadales;Moraxellaceae;Acinetobacter;Acinetobacter proteolyticus,phenicol,cxpE,chromosome,2,2.875,0.696
Me.F.4.L.C,H06,Memorial,dorm_sample,Bacteria;Pseudomonadota;Gammaproteobacteria;Xanthomonadales;Xanthomonadaceae;Pseudoxanthomonas_A;Pseudoxanthomonas_A japonensis,aminoglycoside,aac(6')*,chromosome,6.906,3.75,1.842
Me.F.4.L.C,H06,Memorial,dorm_sample,Bacteria;Pseudomonadota;Gammaproteobacteria;Xanthomonadales;Xanthomonadaceae;Pseudoxanthomonas_A;Pseudoxanthomonas_A japonensis,beta-lactam,blaPJM,chromosome,2.316,3.75,0.617
Me.F.4.L.C,H06,Memorial,dorm_sample,Bacteria;Pseudomonadota;Gammaproteobacteria;Xanthomonadales;Xanthomonadaceae;Pseudoxanthomonas_A;Pseudoxanthomonas_A japonensis,fosfomycin,fosX,chromosome,4.731,3.75,1.262
Me.F.4.L.C,H06,Memorial,dorm_sample,Bacteria;Pseudomonadota;Gammaproteobacteria;Xanthomonadales;Xanthomonadaceae;Pseudoxanthomonas_A;Pseudoxanthomonas_A sp014851805,beta-lactam,bla*,chromosome,26.555,14.375,1.847
Me.F.4.L.C,H06,Memorial,dorm_sample,Bacteria;Pseudomonadota;Gammaproteobacteria;Xanthomonadales;Xanthomonadaceae;Pseudoxanthomonas_A;Pseudoxanthomonas_A sp014851805,fosfomycin,fosX,chromosome,10.537,14.375,0.733
Me.F.4.L.C,H06,Memorial,dorm_sample,unclassified,aminoglycoside,aac(3)*,plasmid,7.818,0,0
Me.F.4.L.C,H06,Memorial,dorm_sample,unclassified,aminoglycoside,ant(3'')-I,chromosome,1,0,0
Me.F.4.L.C,H06,Memorial,dorm_sample,unclassified,aminoglycoside,ant(6)*,chromosome,1.241,0,0
Me.F.4.L.C,H06,Memorial,dorm_sample,unclassified,beta-lactam,bla*,chromosome,18.477,0,0
Me.F.4.L.C,H06,Memorial,dorm_sample,unclassified,beta-lactam,blaOXA,chromosome,2,0,0
Me.F.4.L.C,H06,Memorial,dorm_sample,unclassified,defensin,lysX,chromosome,0.997,0,0
Me.F.4.L.C,H06,Memorial,dorm_sample,unclassified,defensin,mprF,chromosome,1.997,0,0
Me.F.4.L.C,H06,Memorial,dorm_sample,unclassified,multidrug,acrA,chromosome,0.975,0,0
Me.F.4.L.C,H06,Memorial,dorm_sample,unclassified,multidrug,acrB,chromosome,1,0,0
Me.F.4.L.C,H06,Memorial,dorm_sample,unclassified,multidrug,adeK,chromosome,2,0,0
Me.F.4.L.C,H06,Memorial,dorm_sample,unclassified,multidrug,macB,chromosome,2,0,0
Me.F.4.L.C,H06,Memorial,dorm_sample,unclassified,multidrug,mdtI,chromosome,1,0,0
Me.F.4.L.C,H06,Memorial,dorm_sample,unclassified,multidrug,mdtN,chromosome,3.351,0,0
Me.F.4.L.C,H06,Memorial,dorm_sample,unclassified,multidrug,smeJ,chromosome,0.997,0,0
Me.F.4.L.C,H06,Memorial,dorm_sample,unclassified,phenicol,catB,chromosome,1,0,0
Me.F.4.L.C,H06,Memorial,dorm_sample,unclassified,phenicol,cxpE,chromosome,1,0,0
Me.F.4.L.C,H06,Memorial,dorm_sample,unclassified,rifamycin,arr,chromosome,52.345,0,0
Me.F.4.L.C,H06,Memorial,dorm_sample,unclassified,rifamycin,helR,chromosome,3.935,0,0
Me.F.4.L.C,H06,Memorial,dorm_sample,unclassified,tetracycline,tet(V),chromosome,0.511,0,0
2_Bacillus,H07,Not applicable,control,Bacteria;Bacillota;Bacilli;Bacillales;Bacillaceae;Bacillus;Bacillus pumilus_O,beta-lactam,blaBPU,chromosome,586.48,679.5,0.863
2_Bacillus,H07,Not applicable,control,Bacteria;Bacillota;Bacilli;Bacillales;Bacillaceae;Bacillus;Bacillus pumilus_O,defensin,dltA,chromosome,562.635,679.5,0.828
2_Bacillus,H07,Not applicable,control,Bacteria;Bacillota;Bacilli;Bacillales;Bacillaceae;Bacillus;Bacillus pumilus_O,defensin,dltB,chromosome,553.779,679.5,0.815
2_Bacillus,H07,Not applicable,control,Bacteria;Bacillota;Bacilli;Bacillales;Bacillaceae;Bacillus;Bacillus pumilus_O,defensin,dltC,chromosome,541.59,679.5,0.797
2_Bacillus,H07,Not applicable,control,Bacteria;Bacillota;Bacilli;Bacillales;Bacillaceae;Bacillus;Bacillus pumilus_O,defensin,dltD,chromosome,564.33,679.5,0.831
2_Bacillus,H07,Not applicable,control,Bacteria;Bacillota;Bacilli;Bacillales;Bacillaceae;Bacillus;Bacillus pumilus_O,defensin,mprF,chromosome,689.661,679.5,1.015
2_Bacillus,H07,Not applicable,control,Bacteria;Bacillota;Bacilli;Bacillales;Bacillaceae;Bacillus;Bacillus pumilus_O,multidrug,bmrC,chromosome,675.513,679.5,0.994
2_Bacillus,H07,Not applicable,control,Bacteria;Bacillota;Bacilli;Bacillales;Bacillaceae;Bacillus;Bacillus pumilus_O,phenicol,catA,chromosome,580.35,679.5,0.854
2_Bacillus,H07,Not applicable,control,Bacteria;Bacillota;Bacilli;Bacillales;Bacillaceae;Bacillus;Bacillus pumilus_O,rifamycin,arr,chromosome,762.291,679.5,1.122