Sample,Name,Completeness,Contamination,Completeness_Model_Used,Translation_Table_Used,Coding_Density,Contig_N50,Average_Gene_Length,Genome_Size,GC_Content,Total_Coding_Sequences,Total_Contigs,Max_Contig_Length,classification,closest_genome_reference,closest_genome_taxonomy,closest_genome_ani,High Quality,Complete,filename_ID,5S_rRNA,16S_rRNA,23S_rRNA,total_rRNA_genes,tRNA_genes,rRNA_operons,n_viruses,truly_complete,contig_id,circular,sample_id,Dorm,sample_type,input_DNA_ng
R022_R024.combined.A01,complete.3,99.96,0.06,Neural Network (Specific Model),11,0.914,4637695,359.0154744,4637695,0.7,3942,1,4637695,d__Bacteria;p__Pseudomonadota;c__Gammaproteobacteria;o__Xanthomonadales;f__Ahniellaceae;g__JBGAHD01;s__,N/A,N/A,N/A,1,1,A01,2,2,2,6,48,2,0,TRUE,,FALSE,Ea.F.1.L.A,Earl,dorm_sample,21.75
R022_R024.combined.A01,complete.37,96.63,1.3,Gradient Boost (General Model),11,0.886,5503321,342.0569807,5503321,0.46,4756,1,5503321,d__Bacteria;p__Acidobacteriota;c__Blastocatellia;o__Pyrinomonadales;f__Pyrinomonadaceae;g__DATHTS01;s__,N/A,N/A,N/A,1,1,A01,1,1,1,3,71,1,0,TRUE,u291227ctg_len-5503321,TRUE,Ea.F.1.L.A,Earl,dorm_sample,21.75
R022_R024.combined.A01,complete.38,99.97,0.34,Neural Network (Specific Model),11,0.896,5040754,346.4500115,5040754,0.66,4351,1,5040754,d__Bacteria;p__Pseudomonadota;c__Gammaproteobacteria;o__Xanthomonadales;f__Xanthomonadaceae;g__Lysobacter_I;s__Lysobacter_I sp016789405,GCA_016789405.1,d__Bacteria;p__Pseudomonadota;c__Gammaproteobacteria;o__Xanthomonadales;f__Xanthomonadaceae;g__Lysobacter_I;s__Lysobacter_I sp016789405,98.45,1,1,A01,2,2,2,6,56,1,2,TRUE,u143735ctg_len-5040754,TRUE,Ea.F.1.L.A,Earl,dorm_sample,21.75
R022_R024.combined.A01,complete.39,99.51,0.72,Neural Network (Specific Model),11,0.92,3705577,311.6185652,3705577,0.69,3652,1,3705577,d__Bacteria;p__Pseudomonadota;c__Alphaproteobacteria;o__Caulobacterales;f__Caulobacteraceae;g__Phenylobacterium;s__,N/A,N/A,N/A,1,1,A01,1,1,1,3,44,1,0,TRUE,u267653ctg_len-3705577,TRUE,Ea.F.1.L.A,Earl,dorm_sample,21.75
R022_R024.combined.A01,complete.6,100,0.87,Neural Network (Specific Model),11,0.904,3981559,315.8396846,3981559,0.64,3805,1,3981559,d__Bacteria;p__Pseudomonadota;c__Alphaproteobacteria;o__Sphingomonadales;f__Sphingomonadaceae;g__Sphingopyxis;s__,N/A,N/A,N/A,1,1,A01,1,1,1,3,45,1,1,TRUE,,FALSE,Ea.F.1.L.A,Earl,dorm_sample,21.75
R022_R024.combined.A01,metabat2.18_sub,85.43,37.39,Neural Network (Specific Model),11,0.892,192014,307.6855321,5184979,0.66,5018,50,1285767,d__Bacteria;p__Pseudomonadota;c__Gammaproteobacteria;o__Burkholderiales;f__Burkholderiaceae_C;g__Ottowia;s__Ottowia sp018060485,GCA_018060485.1,d__Bacteria;p__Pseudomonadota;c__Gammaproteobacteria;o__Burkholderiales;f__Burkholderiaceae_C;g__Ottowia;s__Ottowia sp018060485,98.7,0,0,A01,,,,,,,,FALSE,,FALSE,Ea.F.1.L.A,Earl,dorm_sample,21.75
R022_R024.combined.A01,metabat2.19_sub,81.78,18.01,Neural Network (Specific Model),11,0.912,129321,314.4779358,5655750,0.67,5484,58,452355,d__Bacteria;p__Actinomycetota;c__Actinomycetes;o__Mycobacteriales;f__Mycobacteriaceae;g__Mycobacterium;s__,N/A,N/A,N/A,0,0,A01,,,,,,,,FALSE,u35244ctg_len-103395,TRUE,Ea.F.1.L.A,Earl,dorm_sample,21.75
R022_R024.combined.A01,metabat2.20_sub,91.81,39.37,Neural Network (Specific Model),11,0.907,369027,318.2288967,6000463,0.65,5710,28,942300,d__Bacteria;p__Pseudomonadota;c__Alphaproteobacteria;o__Sphingomonadales;f__Sphingomonadaceae;g__Sphingopyxis;s__Sphingopyxis sp001468395,GCF_001468395.1,d__Bacteria;p__Pseudomonadota;c__Alphaproteobacteria;o__Sphingomonadales;f__Sphingomonadaceae;g__Sphingopyxis;s__Sphingopyxis sp001468395,95.8,0,0,A01,,,,,,,,FALSE,,FALSE,Ea.F.1.L.A,Earl,dorm_sample,21.75
R022_R024.combined.A01,metabat2.21,99.64,0.72,Gradient Boost (General Model),11,0.924,3563347,341.5601993,6887086,0.72,6221,3,3563347,d__Bacteria;p__Pseudomonadota;c__Gammaproteobacteria;o__Burkholderiales;f__Burkholderiaceae_C;g__Aquincola;s__,N/A,N/A,N/A,1,0,A01,,,,,,,,FALSE,u80928ctg_len-2634316,TRUE,Ea.F.1.L.A,Earl,dorm_sample,21.75
R022_R024.combined.A01,metabat2.24,100,2.4,Neural Network (Specific Model),11,0.895,993635,315.1308756,4574156,0.7,4340,4,2092869,d__Bacteria;p__Actinomycetota;c__Actinomycetes;o__Propionibacteriales;f__Propionibacteriaceae;g__Micropruina;s__Micropruina sp937863965,GCA_937863965.1,d__Bacteria;p__Actinomycetota;c__Actinomycetes;o__Propionibacteriales;f__Propionibacteriaceae;g__Micropruina;s__Micropruina sp937863965,98.56,1,0,A01,,,,,,,,FALSE,,FALSE,Ea.F.1.L.A,Earl,dorm_sample,21.75
R022_R024.combined.A01,metabat2.26_sub,52.63,8.19,Neural Network (Specific Model),11,0.861,75889,294.2737538,3717806,0.64,3631,57,175994,d__Bacteria;p__Pseudomonadota;c__Alphaproteobacteria;o__Rhizobiales;f__Xanthobacteraceae;g__Bradyrhizobium;s__,N/A,N/A,N/A,0,0,A01,,,,,,,,FALSE,,FALSE,Ea.F.1.L.A,Earl,dorm_sample,21.75
R022_R024.combined.A01,metabat2.27,32.03,6.93,Neural Network (Specific Model),11,0.887,44814,297.6662078,1459791,0.67,1453,30,94074,d__Bacteria;p__Pseudomonadota;c__Gammaproteobacteria;o__Burkholderiales;f__Burkholderiaceae_C;g__Ottowia;s__Ottowia sp018060485,GCA_018060485.1,d__Bacteria;p__Pseudomonadota;c__Gammaproteobacteria;o__Burkholderiales;f__Burkholderiaceae_C;g__Ottowia;s__Ottowia sp018060485,98.1,0,0,A01,,,,,,,,FALSE,,FALSE,Ea.F.1.L.A,Earl,dorm_sample,21.75
R022_R024.combined.A01,metabat2.29,99.99,1.07,Neural Network (Specific Model),11,0.89,224316,301.7960616,5208134,0.65,5129,36,610813,d__Bacteria;p__Pseudomonadota;c__Alphaproteobacteria;o__Rhizobiales;f__Rhizobiaceae;g__Arvimicrobium;s__,N/A,N/A,N/A,0,0,A01,,,,,,,,FALSE,,FALSE,Ea.F.1.L.A,Earl,dorm_sample,21.75
R022_R024.combined.A01,metabat2.30_sub,61.55,2.32,Neural Network (Specific Model),11,0.91,884925,319.7643521,3846187,0.67,3658,12,1104718,d__Bacteria;p__Actinomycetota;c__Actinomycetes;o__Mycobacteriales;f__Mycobacteriaceae;g__Mycobacterium;s__Mycobacterium phocaicum,GCF_010731115.1,d__Bacteria;p__Actinomycetota;c__Actinomycetes;o__Mycobacteriales;f__Mycobacteriaceae;g__Mycobacterium;s__Mycobacterium phocaicum,95.6,0,0,A01,,,,,,,,FALSE,u219476ctg_len-43163,TRUE,Ea.F.1.L.A,Earl,dorm_sample,21.75
R022_R024.combined.A01,metabat2.36,99.95,0.73,Neural Network (Specific Model),11,0.898,3354893,326.2478346,3892142,0.66,3579,2,3354893,d__Bacteria;p__Pseudomonadota;c__Alphaproteobacteria;o__Sphingomonadales;f__Sphingomonadaceae;g__Sphingopyxis;s__,N/A,N/A,N/A,1,0,A01,,,,,,,,FALSE,,FALSE,Ea.F.1.L.A,Earl,dorm_sample,21.75
R022_R024.combined.A01,semibin2_10,80.56,0.03,Neural Network (Specific Model),11,0.889,46466,337.8637736,3016021,0.69,2650,84,118375,d__Bacteria;p__Pseudomonadota;c__Gammaproteobacteria;o__Xanthomonadales;f__Rhodanobacteraceae;g__Dokdonella_A;s__Dokdonella_A sp023430685,GCA_023430685.1,d__Bacteria;p__Pseudomonadota;c__Gammaproteobacteria;o__Xanthomonadales;f__Rhodanobacteraceae;g__Dokdonella_A;s__Dokdonella_A sp023430685,98.1,0,0,A01,,,,,,,,FALSE,,FALSE,Ea.F.1.L.A,Earl,dorm_sample,21.75
R022_R024.combined.A01,semibin2_101_sub,53.97,16.32,Gradient Boost (General Model),11,0.879,18303,283.2585512,6449304,0.65,6695,389,207473,d__Bacteria;p__Pseudomonadota;c__Gammaproteobacteria;o__Xanthomonadales;f__Rhodanobacteraceae;g__;s__,N/A,N/A,N/A,0,0,A01,,,,,,,,FALSE,u227017ctg_len-17547,TRUE,Ea.F.1.L.A,Earl,dorm_sample,21.75
R022_R024.combined.A01,semibin2_102,42.82,6.35,Neural Network (Specific Model),11,0.878,14738,273.6644199,4563551,0.64,4896,323,207360,d__Bacteria;p__Pseudomonadota;c__Gammaproteobacteria;o__Xanthomonadales;f__Xanthomonadaceae;g__Pseudoxanthomonas_A;s__,N/A,N/A,N/A,0,0,A01,,,,,,,,FALSE,,FALSE,Ea.F.1.L.A,Earl,dorm_sample,21.75
R022_R024.combined.A01,semibin2_103,12.07,0.19,Neural Network (Specific Model),11,0.875,13516,275.5663532,900773,0.59,957,69,47625,d__Bacteria;p__Pseudomonadota;c__Gammaproteobacteria;o__Burkholderiales;f__Burkholderiaceae;g__Imbroritus;s__,N/A,N/A,N/A,0,0,A01,,,,,,,,FALSE,,FALSE,Ea.F.1.L.A,Earl,dorm_sample,21.75
R022_R024.combined.A01,semibin2_11,67.35,6.48,Neural Network (Specific Model),11,0.903,104494,307.5532423,2987564,0.65,2930,41,332311,d__Bacteria;p__Pseudomonadota;c__Alphaproteobacteria;o__Sphingomonadales;f__Sphingomonadaceae;g__Blastomonas;s__Blastomonas ursincola,GCF_013607875.1,d__Bacteria;p__Pseudomonadota;c__Alphaproteobacteria;o__Sphingomonadales;f__Sphingomonadaceae;g__Blastomonas;s__Blastomonas ursincola,97.73,0,0,A01,,,,,,,,FALSE,,FALSE,Ea.F.1.L.A,Earl,dorm_sample,21.75
R022_R024.combined.A01,semibin2_12,53.29,0.32,Gradient Boost (General Model),11,0.887,30615,333.192829,2571705,0.71,2287,103,68200,d__Bacteria;p__Planctomycetota;c__Phycisphaerae;o__Phycisphaerales;f__UBA1924;g__JADLFW01;s__,N/A,N/A,N/A,0,0,A01,,,,,,,,FALSE,,FALSE,Ea.F.1.L.A,Earl,dorm_sample,21.75
R022_R024.combined.A01,semibin2_13,58.64,0.72,Neural Network (Specific Model),11,0.92,26768,321.2275399,2489272,0.49,2382,106,77037,d__Bacteria;p__Bacteroidota;c__Bacteroidia;o__B-17B0;f__Aurantibacillaceae;g__Aurantibacillus;s__,N/A,N/A,N/A,0,0,A01,,,,,,,,FALSE,,FALSE,Ea.F.1.L.A,Earl,dorm_sample,21.75
R022_R024.combined.A01,semibin2_14,69.69,9.63,Gradient Boost (General Model),11,0.912,28498,313.3453378,5761393,0.7,5609,238,134906,d__Bacteria;p__Pseudomonadota;c__Gammaproteobacteria;o__Burkholderiales;f__Burkholderiaceae_C;g__Aquincola;s__Aquincola sp964001545,GCF_964001545.1,d__Bacteria;p__Pseudomonadota;c__Gammaproteobacteria;o__Burkholderiales;f__Burkholderiaceae_C;g__Aquincola;s__Aquincola sp964001545,95.75,0,0,A01,,,,,,,,FALSE,,FALSE,Ea.F.1.L.A,Earl,dorm_sample,21.75
R022_R024.combined.A01,semibin2_15,37.32,0.05,Neural Network (Specific Model),11,0.88,17481,286.463833,1306429,0.58,1341,75,41680,d__Bacteria;p__Pseudomonadota;c__Alphaproteobacteria;o__Rhizobiales;f__Hyphomicrobiaceae;g__Hyphomicrobium_B;s__,N/A,N/A,N/A,0,0,A01,,,,,,,,FALSE,,FALSE,Ea.F.1.L.A,Earl,dorm_sample,21.75
R022_R024.combined.A01,semibin2_16,62.16,2.75,Neural Network (Specific Model),11,0.892,50551,302.3244898,2485877,0.68,2450,63,215930,d__Bacteria;p__Pseudomonadota;c__Gammaproteobacteria;o__Xanthomonadales;f__Xanthomonadaceae;g__Pseudoxanthomonas_A;s__Pseudoxanthomonas_A mexicana,GCF_010093385.1,d__Bacteria;p__Pseudomonadota;c__Gammaproteobacteria;o__Xanthomonadales;f__Xanthomonadaceae;g__Pseudoxanthomonas_A;s__Pseudoxanthomonas_A mexicana,95.61,0,0,A01,,,,,,,,FALSE,,FALSE,Ea.F.1.L.A,Earl,dorm_sample,21.75
R022_R024.combined.A01,semibin2_17,54.66,1.41,Neural Network (Specific Model),11,0.911,26148,294.4169788,2322159,0.67,2403,95,56310,d__Bacteria;p__Pseudomonadota;c__Alphaproteobacteria;o__Sphingomonadales;f__Sphingomonadaceae;g__Sphingomonas;s__Sphingomonas koreensis,GCF_002797435.1,d__Bacteria;p__Pseudomonadota;c__Alphaproteobacteria;o__Sphingomonadales;f__Sphingomonadaceae;g__Sphingomonas;s__Sphingomonas koreensis,97.74,0,0,A01,,,,,,,,FALSE,,FALSE,Ea.F.1.L.A,Earl,dorm_sample,21.75
R022_R024.combined.A01,semibin2_18,18.62,0,Neural Network (Specific Model),11,0.924,1001944,315.0907238,1001944,0.67,981,1,1001944,d__Bacteria;p__Actinomycetota;c__Actinomycetes;o__Mycobacteriales;f__Mycobacteriaceae;g__Mycobacterium;s__,N/A,N/A,N/A,0,0,A01,,,,,,,,FALSE,,FALSE,Ea.F.1.L.A,Earl,dorm_sample,21.75
R022_R024.combined.A01,semibin2_19,44.13,0.01,Neural Network (Specific Model),11,0.887,18910,300.8934772,2162057,0.46,2131,123,46343,d__Bacteria;p__Bacteroidota;c__Bacteroidia;o__Chitinophagales;f__Chitinophagaceae;g__CAYMZZ01;s__,N/A,N/A,N/A,0,0,A01,,,,,,,,FALSE,,FALSE,Ea.F.1.L.A,Earl,dorm_sample,21.75
R022_R024.combined.A01,semibin2_2,100,2.09,Gradient Boost (General Model),11,0.916,285684,399.8006856,10678080,0.67,8168,65,780753,d__Bacteria;p__Acidobacteriota;c__Vicinamibacteria;o__Vicinamibacterales;f__Vicinamibacteraceae;g__;s__,N/A,N/A,N/A,0,0,A01,,,,,,,,FALSE,,FALSE,Ea.F.1.L.A,Earl,dorm_sample,21.75
R022_R024.combined.A01,semibin2_20,10.66,0,Neural Network (Specific Model),11,0.908,515430,300.65,515430,0.67,520,1,515430,d__Bacteria;p__Actinomycetota;c__Actinomycetes;o__Mycobacteriales;f__Mycobacteriaceae;g__Mycobacterium;s__Mycobacterium phocaicum,GCF_010731115.1,d__Bacteria;p__Actinomycetota;c__Actinomycetes;o__Mycobacteriales;f__Mycobacteriaceae;g__Mycobacterium;s__Mycobacterium phocaicum,95.3,0,0,A01,,,,,,,,FALSE,,FALSE,Ea.F.1.L.A,Earl,dorm_sample,21.75
R022_R024.combined.A01,semibin2_21,45.71,0.07,Gradient Boost (General Model),11,0.872,19834,319.4739756,1981771,0.66,1806,109,66102,d__Bacteria;p__Planctomycetota;c__Phycisphaerae;o__Phycisphaerales;f__UBA1924;g__JAFEBO01;s__JAFEBO01 sp036392375,GCA_036392375.1,d__Bacteria;p__Planctomycetota;c__Phycisphaerae;o__Phycisphaerales;f__UBA1924;g__JAFEBO01;s__JAFEBO01 sp036392375,97.9,0,0,A01,,,,,,,,FALSE,,FALSE,Ea.F.1.L.A,Earl,dorm_sample,21.75
R022_R024.combined.A01,semibin2_23,45.77,5.78,Neural Network (Specific Model),11,0.892,196167,306.8748538,1761680,0.67,1710,12,351142,d__Bacteria;p__Pseudomonadota;c__Gammaproteobacteria;o__Burkholderiales;f__Burkholderiaceae_C;g__Ottowia;s__Ottowia sp018060485,GCA_018060485.1,d__Bacteria;p__Pseudomonadota;c__Gammaproteobacteria;o__Burkholderiales;f__Burkholderiaceae_C;g__Ottowia;s__Ottowia sp018060485,98.65,0,0,A01,,,,,,,,FALSE,,FALSE,Ea.F.1.L.A,Earl,dorm_sample,21.75
R022_R024.combined.A01,semibin2_24,34.45,2.29,Neural Network (Specific Model),11,0.9,17627,284.6152074,1230725,0.71,1302,74,43993,d__Bacteria;p__Actinomycetota;c__Actinomycetes;o__Actinomycetales;f__Microbacteriaceae;g__Pseudolysinimonas_A;s__,N/A,N/A,N/A,0,0,A01,,,,,,,,FALSE,,FALSE,Ea.F.1.L.A,Earl,dorm_sample,21.75
R022_R024.combined.A01,semibin2_25,26.9,0,Neural Network (Specific Model),11,0.897,16283,282.3065015,304293,0.37,323,22,23621,d__Bacteria;p__Babelota;c__Babeliae;o__Babelales;f__Vermiphilaceae;g__Vermiphilus;s__Vermiphilus pyriformis,GCA_022559525.1,d__Bacteria;p__Babelota;c__Babeliae;o__Babelales;f__Vermiphilaceae;g__Vermiphilus;s__Vermiphilus pyriformis,97.51,0,0,A01,,,,,,,,FALSE,,FALSE,Ea.F.1.L.A,Earl,dorm_sample,21.75
R022_R024.combined.A01,semibin2_28,9.78,0.02,Neural Network (Specific Model),11,0.898,533929,336.6008403,533929,0.64,476,1,533929,d__Bacteria;p__Pseudomonadota;c__Alphaproteobacteria;o__Sphingomonadales;f__Sphingomonadaceae;g__Sphingopyxis;s__,N/A,N/A,N/A,0,0,A01,,,,,,,,FALSE,,FALSE,Ea.F.1.L.A,Earl,dorm_sample,21.75
R022_R024.combined.A01,semibin2_30,9.83,0.01,Neural Network (Specific Model),11,0.932,15529,321.2828125,659580,0.65,640,46,22991,d__Bacteria;p__Myxococcota;c__XYA12-FULL-58-9;o__XYA12-FULL-58-9;f__JALHOP01;g__JALHOP01;s__,N/A,N/A,N/A,0,0,A01,,,,,,,,FALSE,,FALSE,Ea.F.1.L.A,Earl,dorm_sample,21.75
R022_R024.combined.A01,semibin2_39,32.64,5.73,Neural Network (Specific Model),11,0.891,15049,306.7902882,1930402,0.44,1874,132,30159,d__Bacteria;p__Bacteroidota;c__Bacteroidia;o__Chitinophagales;f__Chitinophagaceae;g__Niabella;s__,N/A,N/A,N/A,0,0,A01,,,,,,,,FALSE,,FALSE,Ea.F.1.L.A,Earl,dorm_sample,21.75
R022_R024.combined.A01,semibin2_4,99.77,0.26,Neural Network (Specific Model),11,0.908,129751,304.1368585,4516161,0.68,4501,45,505030,d__Bacteria;p__Pseudomonadota;c__Alphaproteobacteria;o__Caulobacterales;f__Caulobacteraceae;g__Phenylobacterium;s__Phenylobacterium sp041919955,GCF_041919955.1,d__Bacteria;p__Pseudomonadota;c__Alphaproteobacteria;o__Caulobacterales;f__Caulobacteraceae;g__Phenylobacterium;s__Phenylobacterium sp041919955,99.08,0,0,A01,,,,,,,,FALSE,,FALSE,Ea.F.1.L.A,Earl,dorm_sample,21.75
R022_R024.combined.A01,semibin2_5,88.91,2.4,Neural Network (Specific Model),11,0.905,1056871,317.7305072,4164138,0.64,3963,8,1481403,d__Bacteria;p__Pseudomonadota;c__Alphaproteobacteria;o__Sphingomonadales;f__Sphingomonadaceae;g__Blastomonas;s__Blastomonas ursincola,GCF_013607875.1,d__Bacteria;p__Pseudomonadota;c__Alphaproteobacteria;o__Sphingomonadales;f__Sphingomonadaceae;g__Blastomonas;s__Blastomonas ursincola,98.18,0,0,A01,,,,,,,,FALSE,u190728ctg_len-1481403,TRUE,Ea.F.1.L.A,Earl,dorm_sample,21.75
R022_R024.combined.A01,semibin2_6,92.45,1.03,Neural Network (Specific Model),11,0.891,1955263,310.5196272,3698038,0.67,3541,2,1955263,d__Bacteria;p__Pseudomonadota;c__Gammaproteobacteria;o__Burkholderiales;f__Burkholderiaceae_C;g__Ottowia;s__Ottowia sp018060485,GCA_018060485.1,d__Bacteria;p__Pseudomonadota;c__Gammaproteobacteria;o__Burkholderiales;f__Burkholderiaceae_C;g__Ottowia;s__Ottowia sp018060485,98.58,1,0,A01,,,,,,,,FALSE,,FALSE,Ea.F.1.L.A,Earl,dorm_sample,21.75
R022_R024.combined.A01,semibin2_64,68.27,9.19,Neural Network (Specific Model),11,0.872,76406,303.4592728,5132755,0.64,4923,82,301440,d__Bacteria;p__Pseudomonadota;c__Alphaproteobacteria;o__Rhizobiales;f__Xanthobacteraceae;g__Bradyrhizobium;s__,N/A,N/A,N/A,0,0,A01,,,,,,,,FALSE,,FALSE,Ea.F.1.L.A,Earl,dorm_sample,21.75
R022_R024.combined.A01,semibin2_7,78.98,0.6,Gradient Boost (General Model),11,0.907,30903,310.8327622,2994605,0.42,2918,109,108054,d__Bacteria;p__Bacteroidota;c__Bacteroidia;o__Chitinophagales;f__Chitinophagaceae;g__Ferruginibacter;s__,N/A,N/A,N/A,0,0,A01,,,,,,,,FALSE,,FALSE,Ea.F.1.L.A,Earl,dorm_sample,21.75
R022_R024.combined.A01,semibin2_70,51.53,4.81,Neural Network (Specific Model),11,0.916,304217,317.0675015,3391774,0.67,3274,14,681742,d__Bacteria;p__Actinomycetota;c__Actinomycetes;o__Mycobacteriales;f__Mycobacteriaceae;g__Mycobacterium;s__Mycobacterium phocaicum,GCF_010731115.1,d__Bacteria;p__Actinomycetota;c__Actinomycetes;o__Mycobacteriales;f__Mycobacteriaceae;g__Mycobacterium;s__Mycobacterium phocaicum,95.33,0,0,A01,,,,,,,,FALSE,,FALSE,Ea.F.1.L.A,Earl,dorm_sample,21.75
R022_R024.combined.A01,semibin2_75,39.94,3.53,Neural Network (Specific Model),11,0.882,19707,275.2181122,3658382,0.67,3920,197,321428,d__Bacteria;p__Pseudomonadota;c__Gammaproteobacteria;o__Burkholderiales;f__Burkholderiaceae_C;g__Schlegelella_A;s__,N/A,N/A,N/A,0,0,A01,,,,,,,,FALSE,,FALSE,Ea.F.1.L.A,Earl,dorm_sample,21.75
R022_R024.combined.A01,semibin2_8,87.56,5.37,Gradient Boost (General Model),11,0.927,52658,335.7861642,9641475,0.69,8890,241,234324,d__Bacteria;p__Myxococcota_A;c__Polyangia;o__Haliangiales;f__Haliangiaceae;g__JABFXX01;s__,N/A,N/A,N/A,0,0,A01,,,,,,,,FALSE,,FALSE,Ea.F.1.L.A,Earl,dorm_sample,21.75
R022_R024.combined.A01,semibin2_93,82.94,35.46,Neural Network (Specific Model),11,0.911,100334,316.5962518,5106824,0.65,4909,66,196683,d__Bacteria;p__Pseudomonadota;c__Alphaproteobacteria;o__Sphingomonadales;f__Sphingomonadaceae;g__Sphingopyxis;s__,N/A,N/A,N/A,0,0,A01,,,,,,,,FALSE,,FALSE,Ea.F.1.L.A,Earl,dorm_sample,21.75
R022_R024.combined.A01,semibin2_96,34.2,4.5,Neural Network (Specific Model),11,0.881,16897,270.3691006,2060707,0.41,2246,131,71406,d__Bacteria;p__Bacteroidota;c__Bacteroidia;o__Chitinophagales;f__Chitinophagaceae;g__Niabella;s__,N/A,N/A,N/A,0,0,A01,,,,,,,,FALSE,,FALSE,Ea.F.1.L.A,Earl,dorm_sample,21.75
R022_R024.combined.A02,semibin2_0,50.69,0.51,Neural Network (Specific Model),11,0.876,47253,312.0540153,2231574,0.67,2092,62,112252,d__Bacteria;p__Pseudomonadota;c__Gammaproteobacteria;o__Xanthomonadales;f__Xanthomonadaceae;g__Lysobacter_I;s__Lysobacter_I sp036404915,GCA_036404915.1,d__Bacteria;p__Pseudomonadota;c__Gammaproteobacteria;o__Xanthomonadales;f__Xanthomonadaceae;g__Lysobacter_I;s__Lysobacter_I sp036404915,97.55,0,0,A02,,,,,,,,FALSE,,FALSE,Ea.F.1.H.C,Earl,dorm_sample,35.25
R022_R024.combined.A02,semibin2_1,65.43,3.89,Neural Network (Specific Model),11,0.866,39265,279.8307933,2472991,0.67,2559,69,137469,d__Bacteria;p__Pseudomonadota;c__Gammaproteobacteria;o__Burkholderiales;f__Burkholderiaceae_C;g__Ottowia;s__Ottowia sp018060485,GCA_018060485.1,d__Bacteria;p__Pseudomonadota;c__Gammaproteobacteria;o__Burkholderiales;f__Burkholderiaceae_C;g__Ottowia;s__Ottowia sp018060485,98.4,0,0,A02,,,,,,,,FALSE,,FALSE,Ea.F.1.H.C,Earl,dorm_sample,35.25
R022_R024.combined.A02,semibin2_2,37.35,2.04,Neural Network (Specific Model),11,0.869,27135,266.6239748,1452397,0.65,1585,55,80110,d__Bacteria;p__Pseudomonadota;c__Alphaproteobacteria;o__Sphingomonadales;f__Sphingomonadaceae;g__Sphingopyxis;s__,N/A,N/A,N/A,0,0,A02,,,,,,,,FALSE,,FALSE,Ea.F.1.H.C,Earl,dorm_sample,35.25
R022_R024.combined.A02,semibin2_3,52.08,2.56,Neural Network (Specific Model),11,0.895,28427,276.1167095,3587461,0.67,3890,140,77965,d__Bacteria;p__Actinomycetota;c__Actinomycetes;o__Mycobacteriales;f__Mycobacteriaceae;g__Mycobacterium;s__,N/A,N/A,N/A,0,0,A02,,,,,,,,FALSE,,FALSE,Ea.F.1.H.C,Earl,dorm_sample,35.25
R022_R024.combined.A02,semibin2_4,29.93,0.05,Neural Network (Specific Model),11,0.902,27391,284.0628366,1046979,0.51,1114,42,70231,d__Bacteria;p__Cyanobacteriota;c__Vampirovibrionia;o__Obscuribacterales;f__Obscuribacteraceae;g__JAFKGK01;s__,N/A,N/A,N/A,0,0,A02,,,,,,,,FALSE,,FALSE,Ea.F.1.H.C,Earl,dorm_sample,35.25
R022_R024.combined.A02,semibin2_5,29.46,0.05,Neural Network (Specific Model),11,0.89,29119,283.2504521,1053440,0.65,1106,41,70262,d__Bacteria;p__Pseudomonadota;c__Alphaproteobacteria;o__Sphingomonadales;f__Sphingomonadaceae;g__Blastomonas;s__Blastomonas ursincola,GCF_013607875.1,d__Bacteria;p__Pseudomonadota;c__Alphaproteobacteria;o__Sphingomonadales;f__Sphingomonadaceae;g__Blastomonas;s__Blastomonas ursincola,98.07,0,0,A02,,,,,,,,FALSE,,FALSE,Ea.F.1.H.C,Earl,dorm_sample,35.25
R022_R024.combined.A02,semibin2_6,13.97,0,Neural Network (Specific Model),11,0.873,26530,280.7824074,623290,0.64,648,26,41296,d__Bacteria;p__Pseudomonadota;c__Alphaproteobacteria;o__Rhizobiales;f__Hyphomicrobiaceae;g__JAKAXS01;s__JAKAXS01 sp021816505,GCA_021816505.1,d__Bacteria;p__Pseudomonadota;c__Alphaproteobacteria;o__Rhizobiales;f__Hyphomicrobiaceae;g__JAKAXS01;s__JAKAXS01 sp021816505,96.99,0,0,A02,,,,,,,,FALSE,,FALSE,Ea.F.1.H.C,Earl,dorm_sample,35.25
R022_R024.combined.A03,complete.20,100,0.37,Neural Network (Specific Model),11,0.894,4685474,341.7439472,4685474,0.67,4089,1,4685474,d__Bacteria;p__Pseudomonadota;c__Gammaproteobacteria;o__Xanthomonadales;f__Xanthomonadaceae;g__Lysobacter_I;s__Lysobacter_I sp036404915,GCA_036404915.1,d__Bacteria;p__Pseudomonadota;c__Gammaproteobacteria;o__Xanthomonadales;f__Xanthomonadaceae;g__Lysobacter_I;s__Lysobacter_I sp036404915,97.27,1,1,A03,1,1,1,3,53,1,1,TRUE,u139701ctg_len-4685474,TRUE,Te.F.1.L.A,Teal,dorm_sample,18
R022_R024.combined.A03,complete.21,100,0.78,Gradient Boost (General Model),11,0.884,3953898,307.3562582,3953898,0.63,3795,1,3953898,d__Bacteria;p__Pseudomonadota;c__Alphaproteobacteria;o__Rhizobiales;f__Hyphomicrobiaceae;g__JAKAXS01;s__JAKAXS01 sp021816505,GCA_021816505.1,d__Bacteria;p__Pseudomonadota;c__Alphaproteobacteria;o__Rhizobiales;f__Hyphomicrobiaceae;g__JAKAXS01;s__JAKAXS01 sp021816505,99.44,1,1,A03,1,1,1,3,50,1,1,TRUE,u7464ctg_len-3953898,TRUE,Te.F.1.L.A,Teal,dorm_sample,18
R022_R024.combined.A03,complete.22,97.56,0.55,Gradient Boost (General Model),11,0.895,4519189,333.4288538,4519189,0.45,4048,1,4519189,d__Bacteria;p__Acidobacteriota;c__Blastocatellia;o__Pyrinomonadales;f__Pyrinomonadaceae;g__JBPCRW01;s__,N/A,N/A,N/A,1,1,A03,1,1,1,3,70,1,1,TRUE,u203267ctg_len-4519189,TRUE,Te.F.1.L.A,Teal,dorm_sample,18
R022_R024.combined.A03,complete.5,100,0.06,Neural Network (Specific Model),11,0.895,4011063,309.9086912,4011063,0.66,3866,1,4011063,d__Bacteria;p__Pseudomonadota;c__Gammaproteobacteria;o__Burkholderiales;f__Burkholderiaceae_C;g__Ottowia;s__Ottowia sp018060485,GCA_018060485.1,d__Bacteria;p__Pseudomonadota;c__Gammaproteobacteria;o__Burkholderiales;f__Burkholderiaceae_C;g__Ottowia;s__Ottowia sp018060485,98.65,1,1,A03,1,1,1,3,44,1,2,TRUE,,FALSE,Te.F.1.L.A,Teal,dorm_sample,18
R022_R024.combined.A03,metabat2.25,100,16.81,Neural Network (Specific Model),11,0.899,4372737,324.0994955,5353602,0.67,4955,2,4372737,d__Bacteria;p__Pseudomonadota;c__Gammaproteobacteria;o__Xanthomonadales;f__Xanthomonadaceae;g__Pseudoxanthomonas_A;s__Pseudoxanthomonas_A japonensis,GCF_010093445.1,d__Bacteria;p__Pseudomonadota;c__Gammaproteobacteria;o__Xanthomonadales;f__Xanthomonadaceae;g__Pseudoxanthomonas_A;s__Pseudoxanthomonas_A japonensis,96.66,0,0,A03,,,,,,,,FALSE,,FALSE,Te.F.1.L.A,Teal,dorm_sample,18
R022_R024.combined.A03,metabat2.30,82.34,1,Neural Network (Specific Model),11,0.892,1104957,310.8726974,3173311,0.66,3040,4,1266805,d__Bacteria;p__Pseudomonadota;c__Gammaproteobacteria;o__Burkholderiales;f__Burkholderiaceae_C;g__Ottowia;s__Ottowia sp018060485,GCA_018060485.1,d__Bacteria;p__Pseudomonadota;c__Gammaproteobacteria;o__Burkholderiales;f__Burkholderiaceae_C;g__Ottowia;s__Ottowia sp018060485,98.61,0,0,A03,,,,,,,,FALSE,,FALSE,Te.F.1.L.A,Teal,dorm_sample,18
R022_R024.combined.A03,metabat2.32,88.14,1.31,Neural Network (Specific Model),11,0.874,201454,380.8713277,5735436,0.68,4391,38,576310,d__Bacteria;p__Pseudomonadota;c__Gammaproteobacteria;o__Xanthomonadales;f__Rhodanobacteraceae;g__Tahibacter;s__Tahibacter harae,GCF_024437735.1,d__Bacteria;p__Pseudomonadota;c__Gammaproteobacteria;o__Xanthomonadales;f__Rhodanobacteraceae;g__Tahibacter;s__Tahibacter harae,99.08,0,0,A03,,,,,,,,FALSE,,FALSE,Te.F.1.L.A,Teal,dorm_sample,18
R022_R024.combined.A03,metabat2.34,64.86,0.02,Neural Network (Specific Model),11,0.893,59232,370.7285665,3582949,0.68,2881,64,133595,d__Bacteria;p__Pseudomonadota;c__Gammaproteobacteria;o__Xanthomonadales;f__Rhodanobacteraceae;g__Tahibacter;s__,N/A,N/A,N/A,0,0,A03,,,,,,,,FALSE,,FALSE,Te.F.1.L.A,Teal,dorm_sample,18
R022_R024.combined.A03,metabat2.38_sub,91.68,40.52,Neural Network (Specific Model),11,0.912,200957,322.5247556,6607626,0.65,6241,60,587211,d__Bacteria;p__Pseudomonadota;c__Alphaproteobacteria;o__Sphingomonadales;f__Sphingomonadaceae;g__Sphingopyxis;s__,N/A,N/A,N/A,0,0,A03,,,,,,,,FALSE,,FALSE,Te.F.1.L.A,Teal,dorm_sample,18
R022_R024.combined.A03,semibin2_1,92.02,0.68,Neural Network (Specific Model),11,0.894,222751,308.413916,5511179,0.7,5332,42,563856,d__Bacteria;p__Pseudomonadota;c__Alphaproteobacteria;o__Caulobacterales;f__Caulobacteraceae;g__Phenylobacterium;s__,N/A,N/A,N/A,0,0,A03,,,,,,,,FALSE,,FALSE,Te.F.1.L.A,Teal,dorm_sample,18
R022_R024.combined.A03,semibin2_11,73.87,0.08,Neural Network (Specific Model),11,0.833,24802,330.8733695,5928500,0.66,4983,270,97021,d__Bacteria;p__Planctomycetota;c__Planctomycetia;o__Planctomycetales;f__Planctomycetaceae;g__Planctomyces_A;s__,N/A,N/A,N/A,0,0,A03,,,,,,,,FALSE,,FALSE,Te.F.1.L.A,Teal,dorm_sample,18
R022_R024.combined.A03,semibin2_12,49.63,0.93,Neural Network (Specific Model),11,0.902,64889,306.9605178,1575731,0.65,1545,31,124249,d__Bacteria;p__Pseudomonadota;c__Alphaproteobacteria;o__Sphingomonadales;f__Sphingomonadaceae;g__Blastomonas;s__Blastomonas ursincola,GCF_013607875.1,d__Bacteria;p__Pseudomonadota;c__Alphaproteobacteria;o__Sphingomonadales;f__Sphingomonadaceae;g__Blastomonas;s__Blastomonas ursincola,98.15,0,0,A03,,,,,,,,FALSE,,FALSE,Te.F.1.L.A,Teal,dorm_sample,18
R022_R024.combined.A03,semibin2_13,84.28,1.34,Gradient Boost (General Model),11,0.925,43532,330.2922728,5658981,0.7,5293,163,172067,d__Bacteria;p__Pseudomonadota;c__Gammaproteobacteria;o__Burkholderiales;f__Burkholderiaceae_C;g__Aquincola;s__,N/A,N/A,N/A,0,0,A03,,,,,,,,FALSE,,FALSE,Te.F.1.L.A,Teal,dorm_sample,18
R022_R024.combined.A03,semibin2_14,70.41,0.34,Neural Network (Specific Model),11,0.916,46192,303.2389439,3000264,0.66,3030,79,136070,d__Bacteria;p__Pseudomonadota;c__Alphaproteobacteria;o__Sphingomonadales;f__Sphingomonadaceae;g__Sphingomonas;s__,N/A,N/A,N/A,0,0,A03,,,,,,,,FALSE,,FALSE,Te.F.1.L.A,Teal,dorm_sample,18
R022_R024.combined.A03,semibin2_15,52.63,0.08,Neural Network (Specific Model),11,0.921,24684,293.9896319,1843468,0.72,1929,81,82755,d__Bacteria;p__Actinomycetota;c__Actinomycetes;o__Actinomycetales;f__Microbacteriaceae;g__Pseudolysinimonas_A;s__,N/A,N/A,N/A,0,0,A03,,,,,,,,FALSE,,FALSE,Te.F.1.L.A,Teal,dorm_sample,18
R022_R024.combined.A03,semibin2_16,42.47,3.56,Neural Network (Specific Model),11,0.898,17276,286.0669704,2091594,0.69,2195,126,179492,d__Bacteria;p__Pseudomonadota;c__Alphaproteobacteria;o__Caulobacterales;f__Caulobacteraceae;g__Phenylobacterium;s__,N/A,N/A,N/A,0,0,A03,,,,,,,,FALSE,,FALSE,Te.F.1.L.A,Teal,dorm_sample,18
R022_R024.combined.A03,semibin2_17,36.59,0.1,Neural Network (Specific Model),11,0.87,18954,293.3698914,1952199,0.44,1933,113,47589,d__Bacteria;p__Acidobacteriota;c__Blastocatellia;o__Pyrinomonadales;f__Pyrinomonadaceae;g__;s__,N/A,N/A,N/A,0,0,A03,,,,,,,,FALSE,,FALSE,Te.F.1.L.A,Teal,dorm_sample,18
R022_R024.combined.A03,semibin2_18,48.92,0.64,Neural Network (Specific Model),11,0.892,23660,297.311421,3006196,0.64,3012,144,69351,d__Bacteria;p__Pseudomonadota;c__Alphaproteobacteria;o__Rhizobiales;f__Rhizobiaceae;g__Shinella;s__Shinella sp001262505,GCF_001262505.1,d__Bacteria;p__Pseudomonadota;c__Alphaproteobacteria;o__Rhizobiales;f__Rhizobiaceae;g__Shinella;s__Shinella sp001262505,98.78,0,0,A03,,,,,,,,FALSE,,FALSE,Te.F.1.L.A,Teal,dorm_sample,18
R022_R024.combined.A03,semibin2_2,90.11,2.14,Neural Network (Specific Model),11,0.892,158357,309.6784098,3217508,0.67,3094,31,536985,d__Bacteria;p__Pseudomonadota;c__Gammaproteobacteria;o__Burkholderiales;f__Burkholderiaceae_C;g__Ottowia;s__Ottowia sp018060485,GCA_018060485.1,d__Bacteria;p__Pseudomonadota;c__Gammaproteobacteria;o__Burkholderiales;f__Burkholderiaceae_C;g__Ottowia;s__Ottowia sp018060485,98.59,0,0,A03,,,,,,,,FALSE,,FALSE,Te.F.1.L.A,Teal,dorm_sample,18
R022_R024.combined.A03,semibin2_20,44.95,0.84,Neural Network (Specific Model),11,0.919,24244,293.0937719,1362663,0.66,1429,63,63042,d__Bacteria;p__Pseudomonadota;c__Alphaproteobacteria;o__Sphingomonadales;f__Sphingomonadaceae;g__Sphingobium_A;s__,N/A,N/A,N/A,0,0,A03,,,,,,,,FALSE,,FALSE,Te.F.1.L.A,Teal,dorm_sample,18
R022_R024.combined.A03,semibin2_21,37.58,0.06,Neural Network (Specific Model),11,0.908,18800,283.0991168,951106,0.66,1019,54,44829,d__Bacteria;p__Pseudomonadota;c__Alphaproteobacteria;o__Caulobacterales;f__Caulobacteraceae;g__Brevundimonas;s__Brevundimonas sp943913055,GCF_943913055.1,d__Bacteria;p__Pseudomonadota;c__Alphaproteobacteria;o__Caulobacterales;f__Caulobacteraceae;g__Brevundimonas;s__Brevundimonas sp943913055,95.87,0,0,A03,,,,,,,,FALSE,,FALSE,Te.F.1.L.A,Teal,dorm_sample,18
R022_R024.combined.A03,semibin2_26,24.33,0.13,Neural Network (Specific Model),11,0.917,15650,290.608799,796958,0.7,841,57,31582,d__Bacteria;p__Actinomycetota;c__Actinomycetes;o__Actinomycetales;f__Microbacteriaceae;g__Microbacterium;s__Microbacterium sp003248845,GCF_037147735.1,d__Bacteria;p__Actinomycetota;c__Actinomycetes;o__Actinomycetales;f__Microbacteriaceae;g__Microbacterium;s__Microbacterium sp003248845,97.4,0,0,A03,,,,,,,,FALSE,,FALSE,Te.F.1.L.A,Teal,dorm_sample,18
R022_R024.combined.A03,semibin2_27,11.29,0,Neural Network (Specific Model),11,0.887,15751,298.184,377056,0.7,375,26,38401,d__Bacteria;p__Actinomycetota;c__Actinomycetes;o__Actinomycetales;f__Microbacteriaceae;g__Pseudolysinimonas_A;s__,N/A,N/A,N/A,0,0,A03,,,,,,,,FALSE,,FALSE,Te.F.1.L.A,Teal,dorm_sample,18
R022_R024.combined.A03,semibin2_3,93.21,0.27,Neural Network (Specific Model),11,0.886,408618,309.7527346,3638098,0.63,3474,20,640117,d__Bacteria;p__Pseudomonadota;c__Alphaproteobacteria;o__Rhizobiales;f__Hyphomicrobiaceae;g__JAKAXS01;s__JAKAXS01 sp021816505,GCA_021816505.1,d__Bacteria;p__Pseudomonadota;c__Alphaproteobacteria;o__Rhizobiales;f__Hyphomicrobiaceae;g__JAKAXS01;s__JAKAXS01 sp021816505,98.35,0,0,A03,,,,,,,,FALSE,,FALSE,Te.F.1.L.A,Teal,dorm_sample,18
R022_R024.combined.A03,semibin2_39,52.37,6.26,Neural Network (Specific Model),11,0.915,114451,325.360952,2415241,0.65,2269,26,190030,d__Bacteria;p__Pseudomonadota;c__Alphaproteobacteria;o__Sphingomonadales;f__Sphingomonadaceae;g__Sphingopyxis;s__,N/A,N/A,N/A,0,0,A03,,,,,,,,FALSE,,FALSE,Te.F.1.L.A,Teal,dorm_sample,18
R022_R024.combined.A03,semibin2_4,89.67,0.13,Neural Network (Specific Model),11,0.908,1988034,319.4348692,3703649,0.65,3516,3,1988034,d__Bacteria;p__Pseudomonadota;c__Alphaproteobacteria;o__Sphingomonadales;f__Sphingomonadaceae;g__Blastomonas;s__Blastomonas ursincola,GCF_013607875.1,d__Bacteria;p__Pseudomonadota;c__Alphaproteobacteria;o__Sphingomonadales;f__Sphingomonadaceae;g__Blastomonas;s__Blastomonas ursincola,98.12,0,0,A03,,,,,,,,FALSE,,FALSE,Te.F.1.L.A,Teal,dorm_sample,18
R022_R024.combined.A03,semibin2_5,89.13,1.79,Neural Network (Specific Model),11,0.91,446735,309.1680842,5019204,0.67,4938,21,1202360,d__Bacteria;p__Actinomycetota;c__Actinomycetes;o__Mycobacteriales;f__Mycobacteriaceae;g__Mycobacterium;s__Mycobacterium phocaicum,GCF_010731115.1,d__Bacteria;p__Actinomycetota;c__Actinomycetes;o__Mycobacteriales;f__Mycobacteriaceae;g__Mycobacterium;s__Mycobacterium phocaicum,95.59,0,0,A03,,,,,,,,FALSE,,FALSE,Te.F.1.L.A,Teal,dorm_sample,18
R022_R024.combined.A03,semibin2_57,33.45,3.26,Neural Network (Specific Model),11,0.889,16259,277.2536799,2977025,0.65,3193,192,94801,d__Bacteria;p__Actinomycetota;c__Actinomycetes;o__Mycobacteriales;f__Mycobacteriaceae;g__Mycobacterium;s__,N/A,N/A,N/A,0,0,A03,,,,,,,,FALSE,,FALSE,Te.F.1.L.A,Teal,dorm_sample,18
R022_R024.combined.A03,semibin2_60,70.5,36.55,Neural Network (Specific Model),11,0.91,36542,313.2201819,6112819,0.65,5936,191,179150,d__Bacteria;p__Pseudomonadota;c__Alphaproteobacteria;o__Sphingomonadales;f__Sphingomonadaceae;g__Sphingopyxis;s__,N/A,N/A,N/A,0,0,A03,,,,,,,,FALSE,,FALSE,Te.F.1.L.A,Teal,dorm_sample,18
R022_R024.combined.A03,semibin2_61,56.82,13.25,Neural Network (Specific Model),11,0.896,30238,297.8935018,3856712,0.65,3878,169,192439,d__Bacteria;p__Pseudomonadota;c__Alphaproteobacteria;o__Sphingomonadales;f__Sphingomonadaceae;g__Sphingomonas;s__,N/A,N/A,N/A,0,0,A03,,,,,,,,FALSE,,FALSE,Te.F.1.L.A,Teal,dorm_sample,18
R022_R024.combined.A03,semibin2_62,63.58,17.96,Gradient Boost (General Model),11,0.876,19827,276.1497567,7946272,0.65,8427,446,178592,d__Bacteria;p__Pseudomonadota;c__Alphaproteobacteria;o__Caulobacterales;f__Caulobacteraceae;g__;s__,N/A,N/A,N/A,0,0,A03,,,,,,,,FALSE,,FALSE,Te.F.1.L.A,Teal,dorm_sample,18
R022_R024.combined.A03,semibin2_63,37.5,9.19,Neural Network (Specific Model),11,0.869,14634,271.1975937,4033698,0.64,4322,286,82603,d__Bacteria;p__Pseudomonadota;c__Alphaproteobacteria;o__Rhizobiales;f__Rhizobiaceae;g__;s__,N/A,N/A,N/A,0,0,A03,,,,,,,,FALSE,u136028ctg_len-82603,TRUE,Te.F.1.L.A,Teal,dorm_sample,18
R022_R024.combined.A03,semibin2_7,78.89,1.28,Neural Network (Specific Model),11,0.861,58903,298.8926145,4741371,0.72,4563,99,236292,d__Bacteria;p__Pseudomonadota;c__Alphaproteobacteria;o__Rhizobiales;f__Beijerinckiaceae;g__Methylobacterium;s__Methylobacterium radiotolerans,GCF_000019725.1,d__Bacteria;p__Pseudomonadota;c__Alphaproteobacteria;o__Rhizobiales;f__Beijerinckiaceae;g__Methylobacterium;s__Methylobacterium radiotolerans,99,0,0,A03,,,,,,,,FALSE,,FALSE,Te.F.1.L.A,Teal,dorm_sample,18
R022_R024.combined.A03,semibin2_8,72.86,0.05,Neural Network (Specific Model),11,0.905,35225,316.2674566,2472565,0.7,2363,80,120074,d__Bacteria;p__Pseudomonadota;c__Alphaproteobacteria;o__Sphingomonadales;f__Sphingomonadaceae;g__Sphingomonas;s__Sphingomonas taxi_B,GCA_003243195.1,d__Bacteria;p__Pseudomonadota;c__Alphaproteobacteria;o__Sphingomonadales;f__Sphingomonadaceae;g__Sphingomonas;s__Sphingomonas taxi_B,99.91,0,0,A03,,,,,,,,FALSE,,FALSE,Te.F.1.L.A,Teal,dorm_sample,18
R022_R024.combined.A05,complete.5,100,0.03,Neural Network (Specific Model),11,0.874,3332447,304.5163009,3332447,0.39,3190,1,3332447,d__Bacteria;p__Pseudomonadota;c__Gammaproteobacteria;o__Pseudomonadales;f__Moraxellaceae;g__Acinetobacter;s__Acinetobacter junii,GCF_000368765.1,d__Bacteria;p__Pseudomonadota;c__Gammaproteobacteria;o__Pseudomonadales;f__Moraxellaceae;g__Acinetobacter;s__Acinetobacter junii,97.91,1,1,A05,6,6,6,18,75,6,3,TRUE,u23744ctg_len-3332447,TRUE,Te.F.3.H.C,Teal,dorm_sample,33
R022_R024.combined.A05,metabat2.7_sub,3.72,0.01,Neural Network (Specific Model),11,0.92,94978,327.9276316,162207,0.68,152,3,94978,d__Bacteria;p__Actinomycetota;c__Actinomycetes;o__Mycobacteriales;f__Mycobacteriaceae;g__Mycobacterium;s__Mycobacterium phocaicum,GCF_010731115.1,d__Bacteria;p__Actinomycetota;c__Actinomycetes;o__Mycobacteriales;f__Mycobacteriaceae;g__Mycobacterium;s__Mycobacterium phocaicum,95.63,0,0,A05,,,,,,,,FALSE,,FALSE,Te.F.3.H.C,Teal,dorm_sample,33
R022_R024.combined.A05,semibin2_0,93.29,3.65,Neural Network (Specific Model),11,0.909,608410,308.9908088,5534361,0.67,5440,15,881024,d__Bacteria;p__Actinomycetota;c__Actinomycetes;o__Mycobacteriales;f__Mycobacteriaceae;g__Mycobacterium;s__Mycobacterium phocaicum,GCF_010731115.1,d__Bacteria;p__Actinomycetota;c__Actinomycetes;o__Mycobacteriales;f__Mycobacteriaceae;g__Mycobacterium;s__Mycobacterium phocaicum,95.43,1,0,A05,,,,,,,,FALSE,,FALSE,Te.F.3.H.C,Teal,dorm_sample,33
R022_R024.combined.A05,semibin2_1,70.4,5.76,Neural Network (Specific Model),11,0.871,48758,298.6596351,3597191,0.66,3508,89,174830,d__Bacteria;p__Pseudomonadota;c__Gammaproteobacteria;o__Xanthomonadales;f__Xanthomonadaceae;g__Stenotrophomonas;s__Stenotrophomonas maltophilia,GCF_900186865.1,d__Bacteria;p__Pseudomonadota;c__Gammaproteobacteria;o__Xanthomonadales;f__Xanthomonadaceae;g__Stenotrophomonas;s__Stenotrophomonas maltophilia,96.88,0,0,A05,,,,,,,,FALSE,,FALSE,Te.F.3.H.C,Teal,dorm_sample,33
R022_R024.combined.A05,semibin2_10,45.94,2.7,Gradient Boost (General Model),11,0.852,27363,273.1398981,2824218,0.63,2945,113,81014,d__Bacteria;p__Pseudomonadota;c__Alphaproteobacteria;o__Rhizobiales;f__Xanthobacteraceae;g__Bradyrhizobium;s__,N/A,N/A,N/A,0,0,A05,,,,,,,,FALSE,,FALSE,Te.F.3.H.C,Teal,dorm_sample,33
R022_R024.combined.A05,semibin2_11,33.95,0.66,Neural Network (Specific Model),11,0.889,35191,290.1471306,1599149,0.65,1638,55,92703,d__Bacteria;p__Pseudomonadota;c__Alphaproteobacteria;o__Sphingomonadales;f__Sphingomonadaceae;g__Sphingobium;s__Sphingobium yanoikuyae_A,GCF_013001025.1,d__Bacteria;p__Pseudomonadota;c__Alphaproteobacteria;o__Sphingomonadales;f__Sphingomonadaceae;g__Sphingobium;s__Sphingobium yanoikuyae_A,96.59,0,0,A05,,,,,,,,FALSE,,FALSE,Te.F.3.H.C,Teal,dorm_sample,33
R022_R024.combined.A05,semibin2_12,27.08,0.41,Neural Network (Specific Model),11,0.885,35817,349.2378378,2183465,0.69,1850,71,97810,d__Bacteria;p__Acidobacteriota;c__Vicinamibacteria;o__Vicinamibacterales;f__Vicinamibacteraceae;g__;s__,N/A,N/A,N/A,0,0,A05,,,,,,,,FALSE,,FALSE,Te.F.3.H.C,Teal,dorm_sample,33
R022_R024.combined.A05,semibin2_13,22.8,0.65,Neural Network (Specific Model),11,0.879,23744,354.504,1959539,0.69,1625,94,39318,d__Bacteria;p__Acidobacteriota;c__Vicinamibacteria;o__Vicinamibacterales;f__Vicinamibacteraceae;g__;s__,N/A,N/A,N/A,0,0,A05,,,,,,,,FALSE,,FALSE,Te.F.3.H.C,Teal,dorm_sample,33
R022_R024.combined.A05,semibin2_2,65.47,0.47,Gradient Boost (General Model),11,0.869,37725,290.882622,3284189,0.46,3280,101,89756,d__Bacteria;p__Acidobacteriota;c__Blastocatellia;o__Pyrinomonadales;f__Pyrinomonadaceae;g__JAJQRF01;s__,N/A,N/A,N/A,0,0,A05,,,,,,,,FALSE,,FALSE,Te.F.3.H.C,Teal,dorm_sample,33
R022_R024.combined.A05,semibin2_25_sub,58.59,10.04,Neural Network (Specific Model),11,0.876,30165,266.2806146,5855335,0.65,6443,207,223104,d__Bacteria;p__Actinomycetota;c__Actinomycetes;o__Mycobacteriales;f__Mycobacteriaceae;g__Mycobacterium;s__,N/A,N/A,N/A,0,0,A05,,,,,,,,FALSE,u20523ctg_len-23635,TRUE,Te.F.3.H.C,Teal,dorm_sample,33
R022_R024.combined.A05,semibin2_3,32.67,0.22,Neural Network (Specific Model),11,0.851,98869,282.8707547,1054477,0.42,1060,12,176315,d__Bacteria;p__Pseudomonadota;c__Gammaproteobacteria;o__Pseudomonadales;f__Moraxellaceae;g__Acinetobacter;s__Acinetobacter johnsonii,GCF_000368045.1,d__Bacteria;p__Pseudomonadota;c__Gammaproteobacteria;o__Pseudomonadales;f__Moraxellaceae;g__Acinetobacter;s__Acinetobacter johnsonii,96.34,0,0,A05,,,,,,,,FALSE,,FALSE,Te.F.3.H.C,Teal,dorm_sample,33
R022_R024.combined.A05,semibin2_4,45.44,0.22,Neural Network (Specific Model),11,0.914,79256,298.3230879,2728789,0.66,2798,39,190258,d__Bacteria;p__Actinomycetota;c__Actinomycetes;o__Mycobacteriales;f__Mycobacteriaceae;g__Mycobacterium;s__Mycobacterium fortuitum,GCF_022179545.1,d__Bacteria;p__Actinomycetota;c__Actinomycetes;o__Mycobacteriales;f__Mycobacteriaceae;g__Mycobacterium;s__Mycobacterium fortuitum,98.35,0,0,A05,,,,,,,,FALSE,,FALSE,Te.F.3.H.C,Teal,dorm_sample,33
R022_R024.combined.A05,semibin2_5,52.39,5.27,Neural Network (Specific Model),11,0.85,34591,313.0307409,4192650,0.61,3806,140,83589,d__Bacteria;p__Planctomycetota;c__Planctomycetia;o__Pirellulales;f__PALSA-1355;g__JALHMI01;s__,N/A,N/A,N/A,0,0,A05,,,,,,,,FALSE,,FALSE,Te.F.3.H.C,Teal,dorm_sample,33
R022_R024.combined.A05,semibin2_6,66.56,17.18,Neural Network (Specific Model),11,0.914,40879,305.4262263,5174769,0.67,5178,137,132409,d__Bacteria;p__Actinomycetota;c__Actinomycetes;o__Mycobacteriales;f__Mycobacteriaceae;g__Mycobacterium;s__,N/A,N/A,N/A,0,0,A05,,,,,,,,FALSE,,FALSE,Te.F.3.H.C,Teal,dorm_sample,33
R022_R024.combined.A05,semibin2_7,37.54,1.22,Neural Network (Specific Model),11,0.88,25618,274.0744792,1786937,0.65,1920,76,59834,d__Bacteria;p__Pseudomonadota;c__Alphaproteobacteria;o__Sphingomonadales;f__Sphingomonadaceae;g__Sphingopyxis;s__Sphingopyxis sp014873485,GCF_014873485.1,d__Bacteria;p__Pseudomonadota;c__Alphaproteobacteria;o__Sphingomonadales;f__Sphingomonadaceae;g__Sphingopyxis;s__Sphingopyxis sp014873485,95.1,0,0,A05,,,,,,,,FALSE,,FALSE,Te.F.3.H.C,Teal,dorm_sample,33
R022_R024.combined.A05,semibin2_8,49.59,0.24,Neural Network (Specific Model),11,0.855,44330,271.9608815,1725682,0.41,1815,45,127362,d__Bacteria;p__Pseudomonadota;c__Gammaproteobacteria;o__Pseudomonadales;f__Moraxellaceae;g__Acinetobacter;s__Acinetobacter johnsonii,GCF_000368045.1,d__Bacteria;p__Pseudomonadota;c__Gammaproteobacteria;o__Pseudomonadales;f__Moraxellaceae;g__Acinetobacter;s__Acinetobacter johnsonii,95.92,0,0,A05,,,,,,,,FALSE,,FALSE,Te.F.3.H.C,Teal,dorm_sample,33
R022_R024.combined.A05,semibin2_9,34.9,0.05,Neural Network (Specific Model),11,0.909,28447,284.0538564,1406573,0.67,1504,57,51832,d__Bacteria;p__Pseudomonadota;c__Alphaproteobacteria;o__Sphingomonadales;f__Sphingomonadaceae;g__Allosphingosinicella;s__,N/A,N/A,N/A,0,0,A05,,,,,,,,FALSE,,FALSE,Te.F.3.H.C,Teal,dorm_sample,33
R022_R024.combined.A06,complete.25,100,0.08,Neural Network (Specific Model),11,0.893,4144004,308.8092977,4144004,0.66,4001,1,4144004,d__Bacteria;p__Pseudomonadota;c__Gammaproteobacteria;o__Burkholderiales;f__Burkholderiaceae_C;g__Ottowia;s__Ottowia sp018060485,GCA_018060485.1,d__Bacteria;p__Pseudomonadota;c__Gammaproteobacteria;o__Burkholderiales;f__Burkholderiaceae_C;g__Ottowia;s__Ottowia sp018060485,98.58,1,1,A06,1,1,1,3,45,1,1,TRUE,u122055ctg_len-4144004,TRUE,Co.F.3.H.B,Collins,dorm_sample,55.5
R022_R024.combined.A06,complete.26,99.99,0.58,Neural Network (Specific Model),11,0.913,4691097,310.8679861,4691097,0.68,4598,1,4691097,d__Bacteria;p__Pseudomonadota;c__Alphaproteobacteria;o__Caulobacterales;f__Caulobacteraceae;g__Phenylobacterium;s__Phenylobacterium sp041919955,GCF_041919955.1,d__Bacteria;p__Pseudomonadota;c__Alphaproteobacteria;o__Caulobacterales;f__Caulobacteraceae;g__Phenylobacterium;s__Phenylobacterium sp041919955,99.23,1,1,A06,1,1,1,3,47,1,0,TRUE,u15824ctg_len-4691097,TRUE,Co.F.3.H.B,Collins,dorm_sample,55.5
R022_R024.combined.A06,complete.28,100,1.32,Neural Network (Specific Model),11,0.848,6117120,353.8916155,6117120,0.69,4890,1,6117120,d__Bacteria;p__Pseudomonadota;c__Gammaproteobacteria;o__Xanthomonadales;f__Xanthomonadaceae;g__Lysobacter;s__,N/A,N/A,N/A,1,1,A06,2,2,2,6,55,2,1,TRUE,u147700ctg_len-6117120,TRUE,Co.F.3.H.B,Collins,dorm_sample,55.5
R022_R024.combined.A06,metabat2.15,97.65,9.69,Neural Network (Specific Model),11,0.903,189260,303.4482093,5730257,0.65,5696,51,366679,d__Bacteria;p__Pseudomonadota;c__Alphaproteobacteria;o__Sphingomonadales;f__Sphingomonadaceae;g__Sphingomonas;s__,N/A,N/A,N/A,0,0,A06,,,,,,,,FALSE,,FALSE,Co.F.3.H.B,Collins,dorm_sample,55.5
R022_R024.combined.A06,metabat2.16,99.97,0.38,Neural Network (Specific Model),11,0.901,615522,322.4331683,3896646,0.67,3636,10,985966,d__Bacteria;p__Pseudomonadota;c__Gammaproteobacteria;o__Xanthomonadales;f__Xanthomonadaceae;g__Pseudoxanthomonas_A;s__Pseudoxanthomonas_A sp037046485,GCF_037046485.1,d__Bacteria;p__Pseudomonadota;c__Gammaproteobacteria;o__Xanthomonadales;f__Xanthomonadaceae;g__Pseudoxanthomonas_A;s__Pseudoxanthomonas_A sp037046485,98.58,1,0,A06,,,,,,,,FALSE,,FALSE,Co.F.3.H.B,Collins,dorm_sample,55.5
R022_R024.combined.A06,metabat2.19,100,0.11,Neural Network (Specific Model),11,0.91,870258,322.1115991,4103028,0.67,3871,8,1369541,d__Bacteria;p__Pseudomonadota;c__Alphaproteobacteria;o__Caulobacterales;f__Caulobacteraceae;g__Caulobacter;s__Caulobacter sp913776195,GCA_913776195.1,d__Bacteria;p__Pseudomonadota;c__Alphaproteobacteria;o__Caulobacterales;f__Caulobacteraceae;g__Caulobacter;s__Caulobacter sp913776195,96.8,1,0,A06,,,,,,,,FALSE,,FALSE,Co.F.3.H.B,Collins,dorm_sample,55.5
R022_R024.combined.A06,metabat2.28,53.45,0.05,Neural Network (Specific Model),11,0.892,70800,321.7388384,2734159,0.69,2531,44,201214,d__Bacteria;p__Pseudomonadota;c__Gammaproteobacteria;o__Burkholderiales;f__Burkholderiaceae_C;g__Paracidovorax;s__Paracidovorax sp913774955,GCA_913774955.1,d__Bacteria;p__Pseudomonadota;c__Gammaproteobacteria;o__Burkholderiales;f__Burkholderiaceae_C;g__Paracidovorax;s__Paracidovorax sp913774955,95.75,0,0,A06,,,,,,,,FALSE,,FALSE,Co.F.3.H.B,Collins,dorm_sample,55.5
R022_R024.combined.A06,metabat2.31,97.34,0.56,Gradient Boost (General Model),11,0.889,2182996,353.1675897,5802997,0.5,4875,5,2404947,d__Bacteria;p__Bacteroidota;c__Bacteroidia;o__B-17B0;f__Aurantibacillaceae;g__UBA4416;s__,N/A,N/A,N/A,1,0,A06,,,,,,,,FALSE,,FALSE,Co.F.3.H.B,Collins,dorm_sample,55.5
R022_R024.combined.A06,metabat2.32,99.97,1.3,Neural Network (Specific Model),11,0.884,835226,349.0662393,5540012,0.39,4680,9,1643324,d__Bacteria;p__Bacteroidota;c__Bacteroidia;o__Sphingobacteriales;f__Sphingobacteriaceae;g__Pedobacter;s__Pedobacter chitinilyticus,GCF_003313385.1,d__Bacteria;p__Bacteroidota;c__Bacteroidia;o__Sphingobacteriales;f__Sphingobacteriaceae;g__Pedobacter;s__Pedobacter chitinilyticus,97.69,1,0,A06,,,,,,,,FALSE,,FALSE,Co.F.3.H.B,Collins,dorm_sample,55.5
R022_R024.combined.A06,metabat2.33_sub,59.44,2.51,Neural Network (Specific Model),11,0.897,81071,296.3679417,2169569,0.67,2196,29,297095,d__Bacteria;p__Pseudomonadota;c__Alphaproteobacteria;o__Sphingomonadales;f__Sphingomonadaceae;g__Sphingomonas;s__,N/A,N/A,N/A,0,0,A06,,,,,,,,FALSE,,FALSE,Co.F.3.H.B,Collins,dorm_sample,55.5
R022_R024.combined.A06,metabat2.34,99.73,0.1,Gradient Boost (General Model),11,0.926,3886815,336.066242,6825437,0.7,6280,3,3886815,d__Bacteria;p__Pseudomonadota;c__Gammaproteobacteria;o__Burkholderiales;f__Burkholderiaceae_C;g__Aquincola;s__,N/A,N/A,N/A,1,0,A06,,,,,,,,FALSE,u198450ctg_len-3886815,TRUE,Co.F.3.H.B,Collins,dorm_sample,55.5
R022_R024.combined.A06,metabat2.41,100,4.96,Neural Network (Specific Model),11,0.916,1916980,320.5000821,6376332,0.67,6089,5,3092670,d__Bacteria;p__Actinomycetota;c__Actinomycetes;o__Mycobacteriales;f__Mycobacteriaceae;g__Mycobacterium;s__Mycobacterium phocaicum,GCF_010731115.1,d__Bacteria;p__Actinomycetota;c__Actinomycetes;o__Mycobacteriales;f__Mycobacteriaceae;g__Mycobacterium;s__Mycobacterium phocaicum,95.62,1,0,A06,,,,,,,,FALSE,,FALSE,Co.F.3.H.B,Collins,dorm_sample,55.5
R022_R024.combined.A06,semibin2_10,63.13,4.11,Neural Network (Specific Model),11,0.903,31842,324.2827165,5632066,0.5,5242,199,152845,d__Bacteria;p__Bacteroidota;c__Bacteroidia;o__Cytophagales;f__Spirosomataceae;g__Dyadobacter;s__Dyadobacter jiangsuensis,GCF_003014695.1,d__Bacteria;p__Bacteroidota;c__Bacteroidia;o__Cytophagales;f__Spirosomataceae;g__Dyadobacter;s__Dyadobacter jiangsuensis,97.46,0,0,A06,,,,,,,,FALSE,,FALSE,Co.F.3.H.B,Collins,dorm_sample,55.5
R022_R024.combined.A06,semibin2_12,65.26,11,Gradient Boost (General Model),11,0.855,26648,285.0819226,5122245,0.46,5139,214,95943,d__Bacteria;p__Bacteroidota;c__Bacteroidia;o__Cytophagales;f__172606-1;g__Xanthocytophaga;s__,N/A,N/A,N/A,0,0,A06,,,,,,,,FALSE,,FALSE,Co.F.3.H.B,Collins,dorm_sample,55.5
R022_R024.combined.A06,semibin2_16,32.49,0.95,Neural Network (Specific Model),11,0.871,21781,279.2918628,1424210,0.67,1487,71,57535,d__Bacteria;p__Pseudomonadota;c__Gammaproteobacteria;o__Xanthomonadales;f__Xanthomonadaceae;g__Stenotrophomonas;s__Stenotrophomonas sp003028475,GCF_023518235.1,d__Bacteria;p__Pseudomonadota;c__Gammaproteobacteria;o__Xanthomonadales;f__Xanthomonadaceae;g__Stenotrophomonas;s__Stenotrophomonas sp003028475,96.54,0,0,A06,,,,,,,,FALSE,,FALSE,Co.F.3.H.B,Collins,dorm_sample,55.5
R022_R024.combined.A06,semibin2_17,33.01,0.16,Neural Network (Specific Model),11,0.926,19903,308.1861893,1946468,0.67,1955,103,52141,d__Bacteria;p__Myxococcota;c__Myxococcia;o__Myxococcales;f__Myxococcaceae;g__Archangium_A;s__Archangium_A gephyra_A,GCA_003243425.1,d__Bacteria;p__Myxococcota;c__Myxococcia;o__Myxococcales;f__Myxococcaceae;g__Archangium_A;s__Archangium_A gephyra_A,98.48,0,0,A06,,,,,,,,FALSE,,FALSE,Co.F.3.H.B,Collins,dorm_sample,55.5
R022_R024.combined.A06,semibin2_18,14.98,0,Neural Network (Specific Model),11,0.922,214228,311.5062762,725506,0.67,717,4,276585,d__Bacteria;p__Actinomycetota;c__Actinomycetes;o__Mycobacteriales;f__Mycobacteriaceae;g__Mycobacterium;s__Mycobacterium phocaicum,GCF_010731115.1,d__Bacteria;p__Actinomycetota;c__Actinomycetes;o__Mycobacteriales;f__Mycobacteriaceae;g__Mycobacterium;s__Mycobacterium phocaicum,96.39,0,0,A06,,,,,,,,FALSE,,FALSE,Co.F.3.H.B,Collins,dorm_sample,55.5
R022_R024.combined.A06,semibin2_19,36.24,0.41,Neural Network (Specific Model),11,0.9,25638,297.1368534,2748819,0.7,2784,119,78375,d__Bacteria;p__Pseudomonadota;c__Gammaproteobacteria;o__Burkholderiales;f__Burkholderiaceae_C;g__Pseudorhodoferax;s__,N/A,N/A,N/A,0,0,A06,,,,,,,,FALSE,,FALSE,Co.F.3.H.B,Collins,dorm_sample,55.5
R022_R024.combined.A06,semibin2_20,13.27,0.13,Neural Network (Specific Model),11,0.902,20479,279.8600683,543335,0.53,586,28,43627,d__Bacteria;p__Bdellovibrionota;c__Bdellovibrionia;o__Bdellovibrionales;f__JAMPXM01;g__CAJYOV01;s__,N/A,N/A,N/A,0,0,A06,,,,,,,,FALSE,,FALSE,Co.F.3.H.B,Collins,dorm_sample,55.5
R022_R024.combined.A06,semibin2_21,27.39,1.28,Neural Network (Specific Model),11,0.907,21372,288.4025218,1960405,0.66,2062,101,56859,d__Bacteria;p__Actinomycetota;c__Actinomycetes;o__Mycobacteriales;f__Mycobacteriaceae;g__Mycobacterium;s__,N/A,N/A,N/A,0,0,A06,,,,,,,,FALSE,,FALSE,Co.F.3.H.B,Collins,dorm_sample,55.5
R022_R024.combined.A06,semibin2_24,61.7,11.69,Neural Network (Specific Model),11,0.868,30182,290.5781424,3603850,0.38,3596,141,58479,d__Bacteria;p__Bacteroidota;c__Bacteroidia;o__Flavobacteriales;f__Weeksellaceae;g__Chryseobacterium;s__Chryseobacterium phocaeense,GCF_900169075.1,d__Bacteria;p__Bacteroidota;c__Bacteroidia;o__Flavobacteriales;f__Weeksellaceae;g__Chryseobacterium;s__Chryseobacterium phocaeense,96.65,0,0,A06,,,,,,,,FALSE,,FALSE,Co.F.3.H.B,Collins,dorm_sample,55.5
R022_R024.combined.A06,semibin2_29_sub,29.35,5.43,Neural Network (Specific Model),11,0.858,23887,264.8085106,2471822,0.64,2679,111,186696,d__Bacteria;p__Pseudomonadota;c__Gammaproteobacteria;o__Burkholderiales;f__Burkholderiaceae_C;g__Comamonas;s__,N/A,N/A,N/A,0,0,A06,,,,,,,,FALSE,,FALSE,Co.F.3.H.B,Collins,dorm_sample,55.5
R022_R024.combined.A06,semibin2_43,57.36,10.86,Neural Network (Specific Model),11,0.914,78644,311.3287705,4096302,0.67,4018,56,190810,d__Bacteria;p__Actinomycetota;c__Actinomycetes;o__Mycobacteriales;f__Mycobacteriaceae;g__Mycobacterium;s__,N/A,N/A,N/A,0,0,A06,,,,,,,,FALSE,,FALSE,Co.F.3.H.B,Collins,dorm_sample,55.5
R022_R024.combined.A06,semibin2_46_sub,58.87,11.24,Gradient Boost (General Model),11,0.894,25093,299.3305819,2427213,0.68,2423,105,78967,d__Bacteria;p__Pseudomonadota;c__Alphaproteobacteria;o__Sphingomonadales;f__Sphingomonadaceae;g__Sphingomonas;s__,N/A,N/A,N/A,0,0,A06,,,,,,,,FALSE,,FALSE,Co.F.3.H.B,Collins,dorm_sample,55.5
R022_R024.combined.A06,semibin2_48_sub,31.94,4.67,Neural Network (Specific Model),11,0.883,24286,282.1045959,1807088,0.65,1893,79,83410,d__Bacteria;p__Pseudomonadota;c__Alphaproteobacteria;o__Sphingomonadales;f__Sphingomonadaceae;g__Sphingomonas;s__,N/A,N/A,N/A,0,0,A06,,,,,,,,FALSE,,FALSE,Co.F.3.H.B,Collins,dorm_sample,55.5
R022_R024.combined.A06,semibin2_49_sub,47.07,9.99,Neural Network (Specific Model),11,0.874,22603,278.0047809,3581682,0.7,3765,175,77014,d__Bacteria;p__Pseudomonadota;c__Alphaproteobacteria;o__Caulobacterales;f__Caulobacteraceae;g__Phenylobacterium;s__,N/A,N/A,N/A,0,0,A06,,,,,,,,FALSE,,FALSE,Co.F.3.H.B,Collins,dorm_sample,55.5
R022_R024.combined.A06,semibin2_5,89.95,0.51,Neural Network (Specific Model),11,0.884,105930,328.8703842,5977424,0.42,5362,86,313513,d__Bacteria;p__Bacteroidota;c__Bacteroidia;o__Chitinophagales;f__Chitinophagaceae;g__Niabella;s__Niabella sp052044285,GCF_052044285.1,d__Bacteria;p__Bacteroidota;c__Bacteroidia;o__Chitinophagales;f__Chitinophagaceae;g__Niabella;s__Niabella sp052044285,96.17,0,0,A06,,,,,,,,FALSE,,FALSE,Co.F.3.H.B,Collins,dorm_sample,55.5
R022_R024.combined.A06,semibin2_7,95.61,2.46,Neural Network (Specific Model),11,0.892,758379,305.7993335,4314350,0.66,4201,22,842315,d__Bacteria;p__Pseudomonadota;c__Gammaproteobacteria;o__Burkholderiales;f__Burkholderiaceae_C;g__Ottowia;s__Ottowia sp018060485,GCA_018060485.1,d__Bacteria;p__Pseudomonadota;c__Gammaproteobacteria;o__Burkholderiales;f__Burkholderiaceae_C;g__Ottowia;s__Ottowia sp018060485,98.61,0,0,A06,,,,,,,,FALSE,u204411ctg_len-99884,TRUE,Co.F.3.H.B,Collins,dorm_sample,55.5
R022_R024.combined.A06,semibin2_8,90.16,3.37,Gradient Boost (General Model),11,0.91,73128,322.6076314,4419047,0.51,4167,79,165765,d__Bacteria;p__Cyanobacteriota;c__Vampirovibrionia;o__Obscuribacterales;f__Obscuribacteraceae;g__JAFKGK01;s__JAFKGK01 sp017307165,GCA_017307165.1,d__Bacteria;p__Cyanobacteriota;c__Vampirovibrionia;o__Obscuribacterales;f__Obscuribacteraceae;g__JAFKGK01;s__JAFKGK01 sp017307165,98.05,0,0,A06,,,,,,,,FALSE,,FALSE,Co.F.3.H.B,Collins,dorm_sample,55.5
R022_R024.combined.A06,semibin2_9,75.74,7.42,Neural Network (Specific Model),11,0.896,129437,289.4565641,2481307,0.67,2567,29,366171,d__Bacteria;p__Pseudomonadota;c__Alphaproteobacteria;o__Caulobacterales;f__Caulobacteraceae;g__Brevundimonas;s__Brevundimonas sp005484585,GCF_005484585.1,d__Bacteria;p__Pseudomonadota;c__Alphaproteobacteria;o__Caulobacterales;f__Caulobacteraceae;g__Brevundimonas;s__Brevundimonas sp005484585,95.01,0,0,A06,,,,,,,,FALSE,,FALSE,Co.F.3.H.B,Collins,dorm_sample,55.5
R022_R024.combined.A07,semibin2_0,37.36,3.39,Gradient Boost (General Model),11,0.882,24551,265.0806075,3074722,0.66,3424,135,52085,d__Bacteria;p__Actinomycetota;c__Actinomycetes;o__Mycobacteriales;f__Mycobacteriaceae;g__Mycobacterium;s__,N/A,N/A,N/A,0,0,A07,,,,,,,,FALSE,,FALSE,He.F.2.L.A,Heritage,dorm_sample,46.5
R022_R024.combined.B01,complete.13,95.98,0.11,Gradient Boost (General Model),11,0.908,4106730,321.7421189,4106730,0.52,3870,1,4106730,d__Bacteria;p__Acidobacteriota;c__Blastocatellia;o__Pyrinomonadales;f__Pyrinomonadaceae;g__OLB17;s__,N/A,N/A,N/A,1,1,B01,1,1,1,3,63,1,3,TRUE,,FALSE,Ea.F.1.L.B,Earl,dorm_sample,104.25
R022_R024.combined.B01,complete.2,100,40.39,Neural Network (Specific Model),11,0.914,8894043,321.426542,8894043,0.67,8447,1,8894043,d__Bacteria;p__Actinomycetota;c__Actinomycetes;o__Mycobacteriales;f__Mycobacteriaceae;g__Mycobacterium;s__Mycobacterium phocaicum,GCF_010731115.1,d__Bacteria;p__Actinomycetota;c__Actinomycetes;o__Mycobacteriales;f__Mycobacteriaceae;g__Mycobacterium;s__Mycobacterium phocaicum,95.98,0,0,B01,,,,,,,,FALSE,,FALSE,Ea.F.1.L.B,Earl,dorm_sample,104.25
R022_R024.combined.B01,complete.5,99.99,0.18,Neural Network (Specific Model),11,0.864,6301679,303.9102157,6301679,0.64,5981,1,6301679,d__Bacteria;p__Pseudomonadota;c__Alphaproteobacteria;o__Rhizobiales;f__Xanthobacteraceae;g__Bradyrhizobium;s__,N/A,N/A,N/A,1,1,B01,1,1,1,3,52,1,1,TRUE,,FALSE,Ea.F.1.L.B,Earl,dorm_sample,104.25
R022_R024.combined.B01,complete.70,99.54,2.05,Gradient Boost (General Model),11,0.917,7475774,324.7229394,7475774,0.63,7049,1,7475774,d__Bacteria;p__Pseudomonadota;c__Alphaproteobacteria;o__Rhizobiales;f__Aestuariivirgaceae;g__Taklimakanibacter;s__,N/A,N/A,N/A,1,1,B01,1,1,1,3,66,1,1,TRUE,u377039ctg_len-7475774,TRUE,Ea.F.1.L.B,Earl,dorm_sample,104.25
R022_R024.combined.B01,complete.71,100,0.59,Neural Network (Specific Model),11,0.907,3915974,315.7233759,3915974,0.69,3756,1,3915974,d__Bacteria;p__Pseudomonadota;c__Alphaproteobacteria;o__Caulobacterales;f__Caulobacteraceae;g__Phenylobacterium;s__,N/A,N/A,N/A,1,1,B01,1,1,1,3,45,1,0,TRUE,u34925ctg_len-3915974,TRUE,Ea.F.1.L.B,Earl,dorm_sample,104.25
R022_R024.combined.B01,complete.72,100,0.59,Neural Network (Specific Model),11,0.903,4208900,328.310559,4208900,0.68,3864,1,4208900,d__Bacteria;p__Pseudomonadota;c__Gammaproteobacteria;o__Xanthomonadales;f__Xanthomonadaceae;g__Pseudoxanthomonas_A;s__,N/A,N/A,N/A,1,1,B01,2,2,2,6,50,1,0,TRUE,u373971ctg_len-4208900,TRUE,Ea.F.1.L.B,Earl,dorm_sample,104.25
R022_R024.combined.B01,complete.73,99.96,0.84,Neural Network (Specific Model),11,0.921,2580517,318.8196063,2580517,0.55,2489,1,2580517,d__Bacteria;p__Pseudomonadota;c__Alphaproteobacteria;o__Micavibrionales;f__UBA2020;g__JAEXMB01;s__,N/A,N/A,N/A,1,1,B01,1,1,1,3,42,1,2,TRUE,u656772ctg_len-2580517,TRUE,Ea.F.1.L.B,Earl,dorm_sample,104.25
R022_R024.combined.B01,complete.74,99.94,0.43,Neural Network (Specific Model),11,0.921,3945765,310.6704197,3945765,0.68,3908,1,3945765,d__Bacteria;p__Pseudomonadota;c__Alphaproteobacteria;o__Sphingomonadales;f__Sphingomonadaceae;g__Allosphingosinicella;s__,N/A,N/A,N/A,1,1,B01,1,1,1,3,51,1,2,TRUE,u227005ctg_len-3945765,TRUE,Ea.F.1.L.B,Earl,dorm_sample,104.25
R022_R024.combined.B01,complete.75,100,0.66,Neural Network (Specific Model),11,0.905,4847600,319.4061887,4847600,0.64,4589,1,4847600,d__Bacteria;p__Pseudomonadota;c__Alphaproteobacteria;o__Sphingomonadales;f__Sphingomonadaceae;g__Sphingopyxis;s__,N/A,N/A,N/A,1,1,B01,1,1,1,3,48,1,1,TRUE,u483038ctg_len-4847600,TRUE,Ea.F.1.L.B,Earl,dorm_sample,104.25
R022_R024.combined.B01,complete.76,100,0.79,Neural Network (Specific Model),11,0.916,4733562,322.6082405,4733562,0.65,4490,1,4733562,d__Bacteria;p__Pseudomonadota;c__Alphaproteobacteria;o__Sphingomonadales;f__Sphingomonadaceae;g__Sphingopyxis;s__,N/A,N/A,N/A,1,1,B01,1,1,1,3,49,1,0,TRUE,u310250ctg_len-4733562,TRUE,Ea.F.1.L.B,Earl,dorm_sample,104.25
R022_R024.combined.B01,complete.77,100,0.77,Neural Network (Specific Model),11,0.909,3601124,311.1970948,3601124,0.68,3511,1,3601124,d__Bacteria;p__Pseudomonadota;c__Alphaproteobacteria;o__Caulobacterales;f__Caulobacteraceae;g__Brevundimonas;s__,N/A,N/A,N/A,1,1,B01,2,2,2,6,47,1,1,TRUE,u378472ctg_len-3601124,TRUE,Ea.F.1.L.B,Earl,dorm_sample,104.25
R022_R024.combined.B01,complete.78,99.99,0.51,Neural Network (Specific Model),11,0.897,5776312,350.8242338,5776312,0.46,4927,1,5776312,d__Bacteria;p__Bacteroidota;c__Bacteroidia;o__Chitinophagales;f__Chitinophagaceae;g__CAYMZZ01;s__CAYMZZ01 sp001898485,GCA_001898485.1,d__Bacteria;p__Bacteroidota;c__Bacteroidia;o__Chitinophagales;f__Chitinophagaceae;g__CAYMZZ01;s__CAYMZZ01 sp001898485,98.26,1,1,B01,1,1,1,3,44,1,0,TRUE,u564627ctg_len-5776312,TRUE,Ea.F.1.L.B,Earl,dorm_sample,104.25
R022_R024.combined.B01,complete.79,100,0.01,Gradient Boost (General Model),11,0.912,3392619,344.4132755,3392619,0.47,2998,1,3392619,d__Bacteria;p__Bacteroidota;c__Bacteroidia;o__Chitinophagales;f__Chitinophagaceae;g__JAFIGV01;s__,N/A,N/A,N/A,1,1,B01,2,3,2,7,40,2,0,TRUE,u96924ctg_len-3392619,TRUE,Ea.F.1.L.B,Earl,dorm_sample,104.25
R022_R024.combined.B01,complete.80,99.44,0.12,Gradient Boost (General Model),11,0.927,4523799,342.4002936,4523799,0.48,4087,1,4523799,d__Bacteria;p__Bacteroidota;c__Bacteroidia;o__Cytophagales;f__Cyclobacteriaceae;g__UBA2336;s__,N/A,N/A,N/A,1,1,B01,2,2,2,6,38,2,0,TRUE,u605334ctg_len-4523799,TRUE,Ea.F.1.L.B,Earl,dorm_sample,104.25
R022_R024.combined.B01,complete.81,99.9,0.1,Neural Network (Specific Model),11,0.924,3316870,313.1063895,3316870,0.43,3271,1,3316870,d__Bacteria;p__Bdellovibrionota;c__Bdellovibrionia;o__Bdellovibrionales;f__UBA1609;g__CAYHVK01;s__,N/A,N/A,N/A,1,1,B01,1,1,1,3,34,1,1,TRUE,u619975ctg_len-3316870,TRUE,Ea.F.1.L.B,Earl,dorm_sample,104.25
R022_R024.combined.B01,complete.82,100,0.06,Neural Network (Specific Model),11,0.89,3940035,312.4402029,3940035,0.66,3746,1,3940035,d__Bacteria;p__Pseudomonadota;c__Gammaproteobacteria;o__Burkholderiales;f__Burkholderiaceae_C;g__Ottowia;s__Ottowia sp018060485,GCA_018060485.1,d__Bacteria;p__Pseudomonadota;c__Gammaproteobacteria;o__Burkholderiales;f__Burkholderiaceae_C;g__Ottowia;s__Ottowia sp018060485,98.61,1,1,B01,1,1,1,3,44,1,0,TRUE,u345141ctg_len-3940035,TRUE,Ea.F.1.L.B,Earl,dorm_sample,104.25
R022_R024.combined.B01,complete.83,96.56,0.63,Gradient Boost (General Model),11,0.883,5805201,347.1443362,5805201,0.54,4926,1,5805201,d__Bacteria;p__Acidobacteriota;c__Blastocatellia;o__Pyrinomonadales;f__Pyrinomonadaceae;g__;s__,N/A,N/A,N/A,1,1,B01,1,1,1,3,71,1,1,TRUE,u32275ctg_len-5805201,TRUE,Ea.F.1.L.B,Earl,dorm_sample,104.25
R022_R024.combined.B01,metabat2.100,94.7,0.61,Gradient Boost (General Model),11,0.888,3121257,341.6206749,5402235,0.47,4682,6,3121257,d__Bacteria;p__Acidobacteriota;c__Blastocatellia;o__Pyrinomonadales;f__Pyrinomonadaceae;g__DATHTS01;s__,N/A,N/A,N/A,1,0,B01,,,,,,,,FALSE,,FALSE,Ea.F.1.L.B,Earl,dorm_sample,104.25
R022_R024.combined.B01,metabat2.14,42.04,0.29,Neural Network (Specific Model),11,0.856,50836,297.70722,1830095,0.65,1759,37,98875,d__Bacteria;p__Pseudomonadota;c__Alphaproteobacteria;o__Rhizobiales;f__Hyphomicrobiaceae;g__Hyphomicrobium_C;s__Hyphomicrobium_C sp019744875,GCF_019744875.1,d__Bacteria;p__Pseudomonadota;c__Alphaproteobacteria;o__Rhizobiales;f__Hyphomicrobiaceae;g__Hyphomicrobium_C;s__Hyphomicrobium_C sp019744875,98.19,0,0,B01,,,,,,,,FALSE,,FALSE,Ea.F.1.L.B,Earl,dorm_sample,104.25
R022_R024.combined.B01,metabat2.16,99.99,0.99,Neural Network (Specific Model),11,0.919,1407562,306.6965944,1936280,0.43,1938,4,1407562,d__Bacteria;p__Pseudomonadota;c__Alphaproteobacteria;o__Micavibrionales;f__GCA-2720935;g__;s__,N/A,N/A,N/A,1,0,B01,,,,,,,,FALSE,,FALSE,Ea.F.1.L.B,Earl,dorm_sample,104.25
R022_R024.combined.B01,metabat2.28,99.63,0,Gradient Boost (General Model),11,0.925,413359,307.4903007,2053456,0.6,2062,5,994706,d__Bacteria;p__Pseudomonadota;c__Alphaproteobacteria;o__Rickettsiales;f__UBA3002;g__QFOX01;s__,N/A,N/A,N/A,1,0,B01,,,,,,,,FALSE,,FALSE,Ea.F.1.L.B,Earl,dorm_sample,104.25
R022_R024.combined.B01,metabat2.33,99.93,1.52,Neural Network (Specific Model),11,0.841,976167,351.5738506,8724769,0.66,6960,19,1461384,d__Bacteria;p__Planctomycetota;c__Planctomycetia;o__Planctomycetales;f__Planctomycetaceae;g__Planctomyces_A;s__,N/A,N/A,N/A,1,0,B01,,,,,,,,FALSE,,FALSE,Ea.F.1.L.B,Earl,dorm_sample,104.25
R022_R024.combined.B01,metabat2.43,55.67,0.07,Neural Network (Specific Model),11,0.92,809175,315.972073,2871780,0.67,2793,8,833525,d__Bacteria;p__Actinomycetota;c__Actinomycetes;o__Mycobacteriales;f__Mycobacteriaceae;g__Mycobacterium;s__Mycobacterium phocaicum,GCF_010731115.1,d__Bacteria;p__Actinomycetota;c__Actinomycetes;o__Mycobacteriales;f__Mycobacteriaceae;g__Mycobacterium;s__Mycobacterium phocaicum,95.84,0,0,B01,,,,,,,,FALSE,,FALSE,Ea.F.1.L.B,Earl,dorm_sample,104.25
R022_R024.combined.B01,metabat2.44,92.7,0.3,Neural Network (Specific Model),11,0.918,118788,311.2050505,3012699,0.45,2970,26,394009,d__Bacteria;p__Bdellovibrionota;c__Bdellovibrionia;o__Bdellovibrionales;f__Bdellovibrionaceae;g__;s__,N/A,N/A,N/A,0,0,B01,,,,,,,,FALSE,,FALSE,Ea.F.1.L.B,Earl,dorm_sample,104.25
R022_R024.combined.B01,metabat2.45,99.94,0.4,Neural Network (Specific Model),11,0.901,3296235,319.7044044,3594035,0.66,3383,2,3296235,d__Bacteria;p__Pseudomonadota;c__Alphaproteobacteria;o__Sphingomonadales;f__Sphingomonadaceae;g__Sphingopyxis;s__,N/A,N/A,N/A,1,0,B01,,,,,,,,FALSE,,FALSE,Ea.F.1.L.B,Earl,dorm_sample,104.25
R022_R024.combined.B01,metabat2.48,100,0,Neural Network (Specific Model),11,0.888,1143110,364.6656222,5500133,0.68,4468,7,1745992,d__Bacteria;p__Pseudomonadota;c__Gammaproteobacteria;o__Xanthomonadales;f__Xanthomonadaceae;g__JALCLA01;s__,N/A,N/A,N/A,1,0,B01,,,,,,,,FALSE,,FALSE,Ea.F.1.L.B,Earl,dorm_sample,104.25
R022_R024.combined.B01,metabat2.5,64.73,9.32,Gradient Boost (General Model),11,0.882,49362,280.8977724,3124444,0.63,3277,63,129832,d__Bacteria;p__Pseudomonadota;c__Alphaproteobacteria;o__Caulobacterales;f__Hyphomonadaceae;g__UBA7672;s__,N/A,N/A,N/A,0,0,B01,,,,,,,,FALSE,,FALSE,Ea.F.1.L.B,Earl,dorm_sample,104.25
R022_R024.combined.B01,metabat2.50,89,12.6,Gradient Boost (General Model),11,0.913,162184,395.2608447,11355319,0.67,8760,108,711767,d__Bacteria;p__Acidobacteriota;c__Vicinamibacteria;o__Vicinamibacterales;f__Vicinamibacteraceae;g__;s__,N/A,N/A,N/A,0,0,B01,,,,,,,,FALSE,,FALSE,Ea.F.1.L.B,Earl,dorm_sample,104.25
R022_R024.combined.B01,metabat2.56,80.31,3.9,Neural Network (Specific Model),11,0.912,67817,317.110784,5651549,0.67,5434,93,196240,d__Bacteria;p__Actinomycetota;c__Actinomycetes;o__Mycobacteriales;f__Mycobacteriaceae;g__Mycobacterium;s__Mycobacterium gordonae_B,GCF_031583025.2,d__Bacteria;p__Actinomycetota;c__Actinomycetes;o__Mycobacteriales;f__Mycobacteriaceae;g__Mycobacterium;s__Mycobacterium gordonae_B,96,0,0,B01,,,,,,,,FALSE,,FALSE,Ea.F.1.L.B,Earl,dorm_sample,104.25
R022_R024.combined.B01,metabat2.61,99.99,1.14,Neural Network (Specific Model),11,0.882,1528035,396.4685962,6837828,0.67,5079,18,2039070,d__Bacteria;p__Pseudomonadota;c__Gammaproteobacteria;o__Xanthomonadales;f__Rhodanobacteraceae;g__Tahibacter;s__,N/A,N/A,N/A,1,0,B01,,,,,,,,FALSE,,FALSE,Ea.F.1.L.B,Earl,dorm_sample,104.25
R022_R024.combined.B01,metabat2.62,96.42,2.95,Gradient Boost (General Model),11,0.91,3043823,336.3642082,5099994,0.51,4610,3,3043823,d__Bacteria;p__Cyanobacteriota;c__Vampirovibrionia;o__Obscuribacterales;f__Obscuribacteraceae;g__JAFKGK01;s__JAFKGK01 sp017307165,GCA_017307165.1,d__Bacteria;p__Cyanobacteriota;c__Vampirovibrionia;o__Obscuribacterales;f__Obscuribacteraceae;g__JAFKGK01;s__JAFKGK01 sp017307165,98.13,1,0,B01,,,,,,,,FALSE,,FALSE,Ea.F.1.L.B,Earl,dorm_sample,104.25
R022_R024.combined.B01,metabat2.65_sub,100,21.7,Neural Network (Specific Model),11,0.902,1889791,312.9981978,5188198,0.64,4994,5,2490319,d__Bacteria;p__Pseudomonadota;c__Alphaproteobacteria;o__Sphingomonadales;f__Sphingomonadaceae;g__Blastomonas;s__Blastomonas ursincola,GCF_013607875.1,d__Bacteria;p__Pseudomonadota;c__Alphaproteobacteria;o__Sphingomonadales;f__Sphingomonadaceae;g__Blastomonas;s__Blastomonas ursincola,98.21,0,0,B01,,,,,,,,FALSE,,FALSE,Ea.F.1.L.B,Earl,dorm_sample,104.25
R022_R024.combined.B01,metabat2.72,99.97,3.04,Neural Network (Specific Model),11,0.894,1098458,313.6470899,5961280,0.65,5670,12,1364376,d__Bacteria;p__Pseudomonadota;c__Alphaproteobacteria;o__Rhizobiales;f__Rhizobiaceae;g__Arvimicrobium;s__,N/A,N/A,N/A,1,0,B01,,,,,,,,FALSE,,FALSE,Ea.F.1.L.B,Earl,dorm_sample,104.25
R022_R024.combined.B01,metabat2.74,99.95,0.68,Neural Network (Specific Model),11,0.877,713222,353.7393874,6746966,0.43,5583,13,1105888,d__Bacteria;p__Bacteroidota;c__Bacteroidia;o__Chitinophagales;f__Chitinophagaceae;g__Agriterribacter;s__,N/A,N/A,N/A,1,0,B01,,,,,,,,FALSE,,FALSE,Ea.F.1.L.B,Earl,dorm_sample,104.25
R022_R024.combined.B01,metabat2.77,99.99,0.04,Neural Network (Specific Model),11,0.869,4912130,307.6205414,6660978,0.63,6280,2,4912130,d__Bacteria;p__Pseudomonadota;c__Alphaproteobacteria;o__Rhizobiales;f__Xanthobacteraceae;g__Bradyrhizobium;s__Bradyrhizobium sp023387735,GCA_023387735.1,d__Bacteria;p__Pseudomonadota;c__Alphaproteobacteria;o__Rhizobiales;f__Xanthobacteraceae;g__Bradyrhizobium;s__Bradyrhizobium sp023387735,98.4,1,0,B01,,,,,,,,FALSE,,FALSE,Ea.F.1.L.B,Earl,dorm_sample,104.25
R022_R024.combined.B01,metabat2.84,100,0.91,Neural Network (Specific Model),11,0.9,3064346,348.1550613,5575156,0.47,4811,2,3064346,d__Bacteria;p__Bacteroidota;c__Bacteroidia;o__B-17B0;f__Aurantibacillaceae;g__UBA4416;s__,N/A,N/A,N/A,1,0,B01,,,,,,,,FALSE,,FALSE,Ea.F.1.L.B,Earl,dorm_sample,104.25
R022_R024.combined.B01,metabat2.94,78.68,0.06,Neural Network (Specific Model),11,0.916,170302,303.7598839,2735982,0.65,2757,21,668253,d__Bacteria;p__Pseudomonadota;c__Alphaproteobacteria;o__Sphingomonadales;f__Sphingomonadaceae;g__Sphingobium_A;s__,N/A,N/A,N/A,0,0,B01,,,,,,,,FALSE,,FALSE,Ea.F.1.L.B,Earl,dorm_sample,104.25
R022_R024.combined.B01,semibin2_114_sub,41.99,6.5,Neural Network (Specific Model),11,0.862,28065,330.1933447,4718607,0.67,4117,192,165525,d__Bacteria;p__Acidobacteriota;c__Vicinamibacteria;o__Vicinamibacterales;f__UBA2999;g__;s__,N/A,N/A,N/A,0,0,B01,,,,,,,,FALSE,,FALSE,Ea.F.1.L.B,Earl,dorm_sample,104.25
R022_R024.combined.B01,semibin2_12,98.05,2.02,Gradient Boost (General Model),11,0.933,267518,299.8863049,4089327,0.48,4257,26,459462,d__Bacteria;p__Bdellovibrionota;c__Bacteriovoracia;o__Bacteriovoracales;f__Bacteriovoracaceae;g__Peredibacter;s__,N/A,N/A,N/A,0,0,B01,,,,,,,,FALSE,,FALSE,Ea.F.1.L.B,Earl,dorm_sample,104.25
R022_R024.combined.B01,semibin2_13,100,5.86,Neural Network (Specific Model),11,0.894,325965,307.0598897,3919061,0.67,3807,23,743711,d__Bacteria;p__Pseudomonadota;c__Gammaproteobacteria;o__Burkholderiales;f__Burkholderiaceae_C;g__Ottowia;s__Ottowia sp018060485,GCA_018060485.1,d__Bacteria;p__Pseudomonadota;c__Gammaproteobacteria;o__Burkholderiales;f__Burkholderiaceae_C;g__Ottowia;s__Ottowia sp018060485,98.65,0,0,B01,,,,,,,,FALSE,,FALSE,Ea.F.1.L.B,Earl,dorm_sample,104.25
R022_R024.combined.B01,semibin2_132,70.48,18.55,Neural Network (Specific Model),11,0.9,28987,306.5125948,3358943,0.67,3295,130,117428,d__Bacteria;p__Pseudomonadota;c__Gammaproteobacteria;o__Xanthomonadales;f__Xanthomonadaceae;g__Pseudoxanthomonas_A;s__Pseudoxanthomonas_A mexicana,GCF_010093385.1,d__Bacteria;p__Pseudomonadota;c__Gammaproteobacteria;o__Xanthomonadales;f__Xanthomonadaceae;g__Pseudoxanthomonas_A;s__Pseudoxanthomonas_A mexicana,95.48,0,0,B01,,,,,,,,FALSE,,FALSE,Ea.F.1.L.B,Earl,dorm_sample,104.25
R022_R024.combined.B01,semibin2_134_sub,33.57,1.6,Neural Network (Specific Model),11,0.871,22195,262.1204746,2954808,0.67,3287,142,99890,d__Bacteria;p__Actinomycetota;c__Actinomycetes;o__Mycobacteriales;f__Nakamurellaceae;g__;s__,N/A,N/A,N/A,0,0,B01,,,,,,,,FALSE,,FALSE,Ea.F.1.L.B,Earl,dorm_sample,104.25
R022_R024.combined.B01,semibin2_135,73.37,19.91,Gradient Boost (General Model),11,0.895,24532,284.9021102,3250774,0.68,3412,140,115929,d__Bacteria;p__Pseudomonadota;c__Alphaproteobacteria;o__Caulobacterales;f__Caulobacteraceae;g__Brevundimonas;s__,N/A,N/A,N/A,0,0,B01,,,,,,,,FALSE,,FALSE,Ea.F.1.L.B,Earl,dorm_sample,104.25
R022_R024.combined.B01,semibin2_138_sub,70.13,21.67,Neural Network (Specific Model),11,0.899,32643,296.956538,5296179,0.65,5361,190,305721,d__Bacteria;p__Pseudomonadota;c__Alphaproteobacteria;o__Sphingomonadales;f__Sphingomonadaceae;g__Sphingobium_A;s__,N/A,N/A,N/A,0,0,B01,,,,,,,,FALSE,,FALSE,Ea.F.1.L.B,Earl,dorm_sample,104.25
R022_R024.combined.B01,semibin2_14,93.62,0.6,Neural Network (Specific Model),11,0.873,129560,301.4353606,3112668,0.39,3009,27,387999,d__Bacteria;p__Pseudomonadota;c__Gammaproteobacteria;o__Pseudomonadales;f__Moraxellaceae;g__Acinetobacter;s__Acinetobacter junii,GCF_000368765.1,d__Bacteria;p__Pseudomonadota;c__Gammaproteobacteria;o__Pseudomonadales;f__Moraxellaceae;g__Acinetobacter;s__Acinetobacter junii,98.31,0,0,B01,,,,,,,,FALSE,,FALSE,Ea.F.1.L.B,Earl,dorm_sample,104.25
R022_R024.combined.B01,semibin2_142,40.71,9.8,Gradient Boost (General Model),11,0.869,21292,266.3370846,5205745,0.61,5687,271,101019,d__Bacteria;p__Pseudomonadota;c__MNWR01;o__;f__;g__;s__,N/A,N/A,N/A,0,0,B01,,,,,,,,FALSE,,FALSE,Ea.F.1.L.B,Earl,dorm_sample,104.25
R022_R024.combined.B01,semibin2_16,97.36,0.82,Gradient Boost (General Model),11,0.897,135085,346.921003,4298584,0.44,3709,45,326720,d__Bacteria;p__Bacteroidota;c__Bacteroidia;o__Chitinophagales;f__LD1;g__Bog-950;s__Bog-950 sp018267435,GCA_018267435.1,d__Bacteria;p__Bacteroidota;c__Bacteroidia;o__Chitinophagales;f__LD1;g__Bog-950;s__Bog-950 sp018267435,96.68,0,0,B01,,,,,,,,FALSE,,FALSE,Ea.F.1.L.B,Earl,dorm_sample,104.25
R022_R024.combined.B01,semibin2_18,99.3,0.56,Neural Network (Specific Model),11,0.881,1242435,368.5854715,7814122,0.58,6236,17,1357210,d__Bacteria;p__Planctomycetota;c__Planctomycetia;o__Pirellulales;f__Pirellulaceae;g__CAZWSX01;s__,N/A,N/A,N/A,1,0,B01,,,,,,,,FALSE,,FALSE,Ea.F.1.L.B,Earl,dorm_sample,104.25
R022_R024.combined.B01,semibin2_20,97.49,0.33,Gradient Boost (General Model),11,0.934,168305,308.206,1975277,0.54,2000,16,323939,d__Bacteria;p__Pseudomonadota;c__Alphaproteobacteria;o__Rickettsiales;f__UBA3002;g__JALHRI01;s__,N/A,N/A,N/A,1,0,B01,,,,,,,,FALSE,,FALSE,Ea.F.1.L.B,Earl,dorm_sample,104.25
R022_R024.combined.B01,semibin2_21,98.73,3,Gradient Boost (General Model),11,0.928,319141,347.5042247,9820726,0.69,8758,50,850477,d__Bacteria;p__Myxococcota_A;c__Polyangia;o__Haliangiales;f__Haliangiaceae;g__JABFXX01;s__,N/A,N/A,N/A,0,0,B01,,,,,,,,FALSE,,FALSE,Ea.F.1.L.B,Earl,dorm_sample,104.25
R022_R024.combined.B01,semibin2_22,80.79,0.21,Neural Network (Specific Model),11,0.903,3421835,322.7809077,3421835,0.64,3195,1,3421835,d__Bacteria;p__Pseudomonadota;c__Alphaproteobacteria;o__Sphingomonadales;f__Sphingomonadaceae;g__Blastomonas;s__Blastomonas ursincola,GCF_013607875.1,d__Bacteria;p__Pseudomonadota;c__Alphaproteobacteria;o__Sphingomonadales;f__Sphingomonadaceae;g__Blastomonas;s__Blastomonas ursincola,98.11,0,0,B01,,,,,,,,FALSE,,FALSE,Ea.F.1.L.B,Earl,dorm_sample,104.25
R022_R024.combined.B01,semibin2_23,87.42,0.31,Neural Network (Specific Model),11,0.884,295055,298.8258777,3574797,0.63,3532,21,596798,d__Bacteria;p__Pseudomonadota;c__Alphaproteobacteria;o__Rhizobiales;f__Hyphomicrobiaceae;g__JAKAXS01;s__JAKAXS01 sp021816505,GCA_021816505.1,d__Bacteria;p__Pseudomonadota;c__Alphaproteobacteria;o__Rhizobiales;f__Hyphomicrobiaceae;g__JAKAXS01;s__JAKAXS01 sp021816505,97.93,0,0,B01,,,,,,,,FALSE,,FALSE,Ea.F.1.L.B,Earl,dorm_sample,104.25
R022_R024.combined.B01,semibin2_24,90.86,3.86,Gradient Boost (General Model),11,0.905,203119,340.9500981,5174960,0.53,4589,38,402574,d__Bacteria;p__Cyanobacteriota;c__Vampirovibrionia;o__Obscuribacterales;f__Obscuribacteraceae;g__Ga0077546;s__,N/A,N/A,N/A,0,0,B01,,,,,,,,FALSE,,FALSE,Ea.F.1.L.B,Earl,dorm_sample,104.25
R022_R024.combined.B01,semibin2_25,84.22,0.6,Gradient Boost (General Model),11,0.879,68053,310.0730994,3252011,0.64,3078,62,169619,d__Bacteria;p__Pseudomonadota;c__Gammaproteobacteria;o__Burkholderiales;f__Burkholderiaceae;g__Imbroritus;s__,N/A,N/A,N/A,0,0,B01,,,,,,,,FALSE,,FALSE,Ea.F.1.L.B,Earl,dorm_sample,104.25
R022_R024.combined.B01,semibin2_26,80.94,0.49,Neural Network (Specific Model),11,0.909,43864,288.7858729,2137962,0.54,2251,55,141976,d__Bacteria;p__Pseudomonadota;c__Alphaproteobacteria;o__Micavibrionales;f__Micavibrionaceae;g__Micavibrio_C;s__,N/A,N/A,N/A,0,0,B01,,,,,,,,FALSE,,FALSE,Ea.F.1.L.B,Earl,dorm_sample,104.25
R022_R024.combined.B01,semibin2_27,85.27,0.64,Gradient Boost (General Model),11,0.926,123355,305.5077155,2623161,0.71,2657,36,394045,d__Bacteria;p__Actinomycetota;c__Actinomycetes;o__Actinomycetales;f__Microbacteriaceae;g__Pseudolysinimonas_A;s__,N/A,N/A,N/A,0,0,B01,,,,,,,,FALSE,,FALSE,Ea.F.1.L.B,Earl,dorm_sample,104.25
R022_R024.combined.B01,semibin2_28,93.85,0.24,Gradient Boost (General Model),11,0.897,407035,357.5607789,4293484,0.7,3595,19,487149,d__Bacteria;p__Planctomycetota;c__Phycisphaerae;o__Phycisphaerales;f__UBA1924;g__JADLFW01;s__,N/A,N/A,N/A,1,0,B01,,,,,,,,FALSE,,FALSE,Ea.F.1.L.B,Earl,dorm_sample,104.25
R022_R024.combined.B01,semibin2_29,91.91,0.39,Gradient Boost (General Model),11,0.933,83284,349.5869525,6014021,0.66,5365,106,298673,d__Bacteria;p__Myxococcota;c__XYA12-FULL-58-9;o__XYA12-FULL-58-9;f__JALHOP01;g__JALHOP01;s__,N/A,N/A,N/A,0,0,B01,,,,,,,,FALSE,,FALSE,Ea.F.1.L.B,Earl,dorm_sample,104.25
R022_R024.combined.B01,semibin2_30,86.63,3.46,Gradient Boost (General Model),11,0.879,76701,342.8165182,7208953,0.51,6175,120,233429,d__Bacteria;p__Cyanobacteriota;c__Vampirovibrionia;o__Obscuribacterales;f__Obscuribacteraceae;g__JADYXR01;s__,N/A,N/A,N/A,0,0,B01,,,,,,,,FALSE,,FALSE,Ea.F.1.L.B,Earl,dorm_sample,104.25
R022_R024.combined.B01,semibin2_31,87.69,14.99,Gradient Boost (General Model),11,0.915,29125,324.4379085,4218076,0.46,3978,156,92364,d__Bacteria;p__Bacteroidota;c__Bacteroidia;o__UKL13-3;f__UKL13-3;g__UBA6183;s__,N/A,N/A,N/A,0,0,B01,,,,,,,,FALSE,,FALSE,Ea.F.1.L.B,Earl,dorm_sample,104.25
R022_R024.combined.B01,semibin2_32,93.55,1.17,Gradient Boost (General Model),11,0.913,63435,309.8538398,1229925,0.44,1211,24,126898,d__Bacteria;p__Babelota;c__Babeliae;o__Babelales;f__Vermiphilaceae;g__JAGVMI01;s__,N/A,N/A,N/A,0,0,B01,,,,,,,,FALSE,,FALSE,Ea.F.1.L.B,Earl,dorm_sample,104.25
R022_R024.combined.B01,semibin2_33,92.61,1.13,Gradient Boost (General Model),11,0.926,60550,310.0872629,1847727,0.39,1845,42,126205,d__Bacteria;p__Pseudomonadota;c__Gammaproteobacteria;o__DSM-16500;f__DSM-16500;g__Aquicella;s__,N/A,N/A,N/A,0,0,B01,,,,,,,,FALSE,,FALSE,Ea.F.1.L.B,Earl,dorm_sample,104.25
R022_R024.combined.B01,semibin2_34,85.19,0.54,Neural Network (Specific Model),11,0.916,195777,314.6532837,3864772,0.66,3761,31,323570,d__Bacteria;p__Pseudomonadota;c__Alphaproteobacteria;o__Sphingomonadales;f__Sphingomonadaceae;g__Sphingomonas;s__Sphingomonas koreensis,GCF_002797435.1,d__Bacteria;p__Pseudomonadota;c__Alphaproteobacteria;o__Sphingomonadales;f__Sphingomonadaceae;g__Sphingomonas;s__Sphingomonas koreensis,98.07,0,0,B01,,,,,,,,FALSE,,FALSE,Ea.F.1.L.B,Earl,dorm_sample,104.25
R022_R024.combined.B01,semibin2_35,80.21,0.09,Gradient Boost (General Model),11,0.925,73133,289.7844875,1692362,0.58,1805,31,190158,d__Bacteria;p__Pseudomonadota;c__Alphaproteobacteria;o__Rickettsiales;f__UBA3002;g__QFOX01;s__,N/A,N/A,N/A,0,0,B01,,,,,,,,FALSE,,FALSE,Ea.F.1.L.B,Earl,dorm_sample,104.25
R022_R024.combined.B01,semibin2_36,61.26,0,Neural Network (Specific Model),11,0.918,131279,315.2865275,2168095,0.64,2108,23,280877,d__Bacteria;p__Pseudomonadota;c__Alphaproteobacteria;o__Sphingomonadales;f__Sphingomonadaceae;g__Novosphingobium;s__,N/A,N/A,N/A,0,0,B01,,,,,,,,FALSE,,FALSE,Ea.F.1.L.B,Earl,dorm_sample,104.25
R022_R024.combined.B01,semibin2_37,89.2,0.34,Gradient Boost (General Model),11,0.892,103062,329.8865532,3318395,0.49,2997,38,413214,d__Bacteria;p__Bacteroidota;c__Bacteroidia;o__Chitinophagales;f__Chitinophagaceae;g__Rurimicrobium;s__,N/A,N/A,N/A,0,0,B01,,,,,,,,FALSE,,FALSE,Ea.F.1.L.B,Earl,dorm_sample,104.25
R022_R024.combined.B01,semibin2_38,77.03,0.51,Gradient Boost (General Model),11,0.907,36019,308.0018854,2695586,0.43,2652,86,91834,d__Bacteria;p__Bacteroidota;c__Bacteroidia;o__CAMBQF01;f__CAMBQF01;g__CAMBQF01;s__,N/A,N/A,N/A,0,0,B01,,,,,,,,FALSE,,FALSE,Ea.F.1.L.B,Earl,dorm_sample,104.25
R022_R024.combined.B01,semibin2_39,83.56,0.29,Gradient Boost (General Model),11,0.896,45214,327.5199664,5207433,0.43,4758,136,143699,d__Bacteria;p__Bacteroidota;c__Bacteroidia;o__Chitinophagales;f__Chitinophagaceae;g__Agriterribacter;s__,N/A,N/A,N/A,0,0,B01,,,,,,,,FALSE,,FALSE,Ea.F.1.L.B,Earl,dorm_sample,104.25
R022_R024.combined.B01,semibin2_42,44.67,1.83,Neural Network (Specific Model),11,0.85,29704,314.8255848,3836812,0.62,3463,143,72126,d__Bacteria;p__Planctomycetota;c__Planctomycetia;o__Pirellulales;f__Lacipirellulaceae;g__Lacipirellula;s__,N/A,N/A,N/A,0,0,B01,,,,,,,,FALSE,,FALSE,Ea.F.1.L.B,Earl,dorm_sample,104.25
R022_R024.combined.B01,semibin2_44,79.88,1.01,Neural Network (Specific Model),11,0.864,45264,288.4280058,2771387,0.41,2778,73,190967,d__Bacteria;p__Pseudomonadota;c__Gammaproteobacteria;o__Legionellales;f__Legionellaceae;g__Tatlockia;s__Tatlockia feeleii,GCF_001467625.1,d__Bacteria;p__Pseudomonadota;c__Gammaproteobacteria;o__Legionellales;f__Legionellaceae;g__Tatlockia;s__Tatlockia feeleii,98.55,0,0,B01,,,,,,,,FALSE,,FALSE,Ea.F.1.L.B,Earl,dorm_sample,104.25
R022_R024.combined.B01,semibin2_45,52.7,0.6,Neural Network (Specific Model),11,0.9,31092,277.1528533,1355347,0.54,1472,46,62407,d__Bacteria;p__Pseudomonadota;c__Alphaproteobacteria;o__Micavibrionales;f__Micavibrionaceae;g__CAZLPZ01;s__,N/A,N/A,N/A,0,0,B01,,,,,,,,FALSE,,FALSE,Ea.F.1.L.B,Earl,dorm_sample,104.25
R022_R024.combined.B01,semibin2_46,59.03,1.97,Gradient Boost (General Model),11,0.924,26982,277.9229584,1167904,0.58,1298,47,69300,d__Bacteria;p__Pseudomonadota;c__Alphaproteobacteria;o__Rickettsiales;f__UBA3002;g__QFOX01;s__,N/A,N/A,N/A,0,0,B01,,,,,,,,FALSE,,FALSE,Ea.F.1.L.B,Earl,dorm_sample,104.25
R022_R024.combined.B01,semibin2_47,53.81,2,Neural Network (Specific Model),11,0.885,35066,299.8822751,3064656,0.72,3024,111,72285,d__Bacteria;p__Actinomycetota;c__Actinomycetes;o__Mycobacteriales;f__Nakamurellaceae;g__Nakamurella;s__Nakamurella multipartita,GCF_000024365.1,d__Bacteria;p__Actinomycetota;c__Actinomycetes;o__Mycobacteriales;f__Nakamurellaceae;g__Nakamurella;s__Nakamurella multipartita,97.77,0,0,B01,,,,,,,,FALSE,,FALSE,Ea.F.1.L.B,Earl,dorm_sample,104.25
R022_R024.combined.B01,semibin2_48,60.44,1.14,Neural Network (Specific Model),11,0.916,45422,288.8664384,2480932,0.66,2628,67,141476,d__Bacteria;p__Pseudomonadota;c__Alphaproteobacteria;o__Micropepsales;f__Micropepsaceae;g__JADZAI01;s__,N/A,N/A,N/A,0,0,B01,,,,,,,,FALSE,,FALSE,Ea.F.1.L.B,Earl,dorm_sample,104.25
R022_R024.combined.B01,semibin2_49,40.73,4.15,Neural Network (Specific Model),11,0.885,19568,293.6221116,2789035,0.66,2813,145,191279,d__Bacteria;p__Pseudomonadota;c__Gammaproteobacteria;o__Burkholderiales;f__Burkholderiaceae_C;g__Acidovorax;s__,N/A,N/A,N/A,0,0,B01,,,,,,,,FALSE,,FALSE,Ea.F.1.L.B,Earl,dorm_sample,104.25
R022_R024.combined.B01,semibin2_50,68.87,0.95,Gradient Boost (General Model),11,0.919,38561,338.7777778,3676485,0.72,3330,119,108486,d__Bacteria;p__Acidobacteriota;c__Vicinamibacteria;o__Vicinamibacterales;f__UBA2999;g__CADEFD01;s__,N/A,N/A,N/A,0,0,B01,,,,,,,,FALSE,,FALSE,Ea.F.1.L.B,Earl,dorm_sample,104.25
R022_R024.combined.B01,semibin2_51,35.78,1.74,Neural Network (Specific Model),11,0.867,26165,264.1403931,2270277,0.67,2493,94,84970,d__Bacteria;p__Pseudomonadota;c__Alphaproteobacteria;o__Rhizobiales;f__Beijerinckiaceae;g__Allobosea;s__Allobosea eneae,GCF_042657265.1,d__Bacteria;p__Pseudomonadota;c__Alphaproteobacteria;o__Rhizobiales;f__Beijerinckiaceae;g__Allobosea;s__Allobosea eneae,97.08,0,0,B01,,,,,,,,FALSE,,FALSE,Ea.F.1.L.B,Earl,dorm_sample,104.25
R022_R024.combined.B01,semibin2_52,49.3,0.05,Neural Network (Specific Model),11,0.874,31166,330.405193,3307579,0.55,2927,126,96083,d__Bacteria;p__Planctomycetota;c__Planctomycetia;o__Kolteriales;f__Kolteriaceae;g__JAIEPU01;s__,N/A,N/A,N/A,0,0,B01,,,,,,,,FALSE,,FALSE,Ea.F.1.L.B,Earl,dorm_sample,104.25
R022_R024.combined.B01,semibin2_53,39.57,0.04,Gradient Boost (General Model),11,0.901,29415,302.0378151,2387110,0.69,2380,95,59573,d__Bacteria;p__Pseudomonadota;c__Gammaproteobacteria;o__Burkholderiales;f__Casimicrobiaceae;g__VBCG01;s__,N/A,N/A,N/A,0,0,B01,,,,,,,,FALSE,,FALSE,Ea.F.1.L.B,Earl,dorm_sample,104.25
R022_R024.combined.B01,semibin2_54,28.86,0,Neural Network (Specific Model),11,0.906,64929,301.7207547,1057143,0.65,1060,19,172385,d__Bacteria;p__Pseudomonadota;c__Alphaproteobacteria;o__Sphingomonadales;f__Sphingomonadaceae;g__Blastomonas;s__Blastomonas ursincola,GCF_013607875.1,d__Bacteria;p__Pseudomonadota;c__Alphaproteobacteria;o__Sphingomonadales;f__Sphingomonadaceae;g__Blastomonas;s__Blastomonas ursincola,97.37,0,0,B01,,,,,,,,FALSE,,FALSE,Ea.F.1.L.B,Earl,dorm_sample,104.25
R022_R024.combined.B01,semibin2_55,42.11,0.02,Neural Network (Specific Model),11,0.926,35259,284.9451554,1004895,0.56,1094,36,63531,d__Bacteria;p__Pseudomonadota;c__Alphaproteobacteria;o__Rickettsiales;f__CAIJLX01;g__CAIJLX01;s__,N/A,N/A,N/A,0,0,B01,,,,,,,,FALSE,,FALSE,Ea.F.1.L.B,Earl,dorm_sample,104.25
R022_R024.combined.B01,semibin2_56,55.11,9.02,Gradient Boost (General Model),11,0.848,24981,318.1667038,5043419,0.62,4493,224,94140,d__Bacteria;p__Planctomycetota;c__Planctomycetia;o__Pirellulales;f__PNKZ01;g__;s__,N/A,N/A,N/A,0,0,B01,,,,,,,,FALSE,,FALSE,Ea.F.1.L.B,Earl,dorm_sample,104.25
R022_R024.combined.B01,semibin2_57,30.97,0.28,Neural Network (Specific Model),11,0.883,26469,316.5542857,2630451,0.72,2450,106,82989,d__Bacteria;p__Planctomycetota;c__Planctomycetia;o__Gemmatales;f__Gemmataceae;g__JAXMAZ01;s__,N/A,N/A,N/A,0,0,B01,,,,,,,,FALSE,,FALSE,Ea.F.1.L.B,Earl,dorm_sample,104.25
R022_R024.combined.B01,semibin2_61,37.16,0.31,Neural Network (Specific Model),11,0.894,22655,309.9933993,3456596,0.67,3333,169,47541,d__Bacteria;p__Myxococcota_A;c__Polyangia;o__Polyangiales;f__Polyangiaceae;g__Labilithrix;s__,N/A,N/A,N/A,0,0,B01,,,,,,,,FALSE,,FALSE,Ea.F.1.L.B,Earl,dorm_sample,104.25
R022_R024.combined.B01,semibin2_62,48.48,8.04,Neural Network (Specific Model),11,0.902,37360,298.1408207,2288785,0.65,2315,73,95900,d__Bacteria;p__Pseudomonadota;c__Alphaproteobacteria;o__Sphingomonadales;f__Sphingomonadaceae;g__Sphingopyxis;s__,N/A,N/A,N/A,0,0,B01,,,,,,,,FALSE,,FALSE,Ea.F.1.L.B,Earl,dorm_sample,104.25
R022_R024.combined.B01,semibin2_67,38.8,0.5,Neural Network (Specific Model),11,0.911,31164,291.0337662,1471198,0.41,1540,54,69283,d__Bacteria;p__Bacteroidota;c__Bacteroidia;o__Flavobacteriales;f__Flavobacteriaceae;g__Flavobacterium;s__,N/A,N/A,N/A,0,0,B01,,,,,,,,FALSE,,FALSE,Ea.F.1.L.B,Earl,dorm_sample,104.25
R022_R024.combined.B01,semibin2_71,19.05,1.21,Neural Network (Specific Model),11,0.855,27125,275.393508,1689873,0.44,1756,69,121044,d__Bacteria;p__Bacteroidota;c__Bacteroidia;o__Chitinophagales;f__Chitinophagaceae;g__;s__,N/A,N/A,N/A,0,0,B01,,,,,,,,FALSE,,FALSE,Ea.F.1.L.B,Earl,dorm_sample,104.25
R022_R024.combined.B01,semibin2_72,34.88,5.47,Neural Network (Specific Model),11,0.883,23063,278.0294894,2138648,0.43,2272,104,67645,d__Bacteria;p__Bacteroidota;c__Bacteroidia;o__Flavobacteriales;f__Flavobacteriaceae;g__Flavobacterium;s__,N/A,N/A,N/A,0,0,B01,,,,,,,,FALSE,,FALSE,Ea.F.1.L.B,Earl,dorm_sample,104.25
R022_R024.combined.B01,semibin2_8,99.27,0.02,Neural Network (Specific Model),11,0.896,1845386,310.5376471,3529850,0.66,3400,2,1845386,d__Bacteria;p__Pseudomonadota;c__Gammaproteobacteria;o__Burkholderiales;f__Burkholderiaceae_C;g__Ottowia;s__Ottowia sp018060485,GCA_018060485.1,d__Bacteria;p__Pseudomonadota;c__Gammaproteobacteria;o__Burkholderiales;f__Burkholderiaceae_C;g__Ottowia;s__Ottowia sp018060485,98.65,1,0,B01,,,,,,,,FALSE,,FALSE,Ea.F.1.L.B,Earl,dorm_sample,104.25
R022_R024.combined.B01,semibin2_9,99.43,1.04,Gradient Boost (General Model),11,0.916,454386,332.7306746,6190225,0.7,5692,34,1143210,d__Bacteria;p__Pseudomonadota;c__Gammaproteobacteria;o__Burkholderiales;f__Burkholderiaceae_C;g__Aquincola;s__,N/A,N/A,N/A,0,0,B01,,,,,,,,FALSE,,FALSE,Ea.F.1.L.B,Earl,dorm_sample,104.25
R022_R024.combined.B02,complete.1,99.99,1.65,Neural Network (Specific Model),11,0.915,4601529,319.1389015,4601529,0.66,4406,1,4601529,d__Bacteria;p__Pseudomonadota;c__Alphaproteobacteria;o__Sphingomonadales;f__Sphingomonadaceae;g__Sphingomonas;s__Sphingomonas koreensis,GCF_002797435.1,d__Bacteria;p__Pseudomonadota;c__Alphaproteobacteria;o__Sphingomonadales;f__Sphingomonadaceae;g__Sphingomonas;s__Sphingomonas koreensis,98.32,1,1,B02,2,2,2,6,56,2,1,TRUE,,FALSE,Ea.F.2.H.A,Earl,dorm_sample,36
R022_R024.combined.B02,complete.2,99.99,2.37,Neural Network (Specific Model),11,0.915,4760741,316.9159225,4760741,0.65,4591,1,4760741,d__Bacteria;p__Pseudomonadota;c__Alphaproteobacteria;o__Sphingomonadales;f__Sphingomonadaceae;g__Sphingomonas;s__,N/A,N/A,N/A,1,1,B02,2,2,2,6,54,2,2,TRUE,,FALSE,Ea.F.2.H.A,Earl,dorm_sample,36
R022_R024.combined.B02,complete.29,99.99,0.6,Neural Network (Specific Model),11,0.912,4690877,310.7488038,4690877,0.68,4598,1,4690877,d__Bacteria;p__Pseudomonadota;c__Alphaproteobacteria;o__Caulobacterales;f__Caulobacteraceae;g__Phenylobacterium;s__Phenylobacterium sp041919955,GCF_041919955.1,d__Bacteria;p__Pseudomonadota;c__Alphaproteobacteria;o__Caulobacterales;f__Caulobacteraceae;g__Phenylobacterium;s__Phenylobacterium sp041919955,99.22,1,1,B02,1,1,1,3,47,1,0,TRUE,u274202ctg_len-4690877,TRUE,Ea.F.2.H.A,Earl,dorm_sample,36
R022_R024.combined.B02,complete.30,100,0.29,Neural Network (Specific Model),11,0.893,4890359,341.3990632,4890359,0.67,4270,1,4890359,d__Bacteria;p__Pseudomonadota;c__Gammaproteobacteria;o__Xanthomonadales;f__Xanthomonadaceae;g__Lysobacter_I;s__Lysobacter_I sp036404915,GCA_036404915.1,d__Bacteria;p__Pseudomonadota;c__Gammaproteobacteria;o__Xanthomonadales;f__Xanthomonadaceae;g__Lysobacter_I;s__Lysobacter_I sp036404915,97.14,1,1,B02,2,2,2,6,55,1,1,TRUE,u30166ctg_len-4890359,TRUE,Ea.F.2.H.A,Earl,dorm_sample,36
R022_R024.combined.B02,complete.31,100,0.05,Neural Network (Specific Model),11,0.892,4095439,310.7202958,4095439,0.66,3922,1,4095439,d__Bacteria;p__Pseudomonadota;c__Gammaproteobacteria;o__Burkholderiales;f__Burkholderiaceae_C;g__Ottowia;s__Ottowia sp018060485,GCA_018060485.1,d__Bacteria;p__Pseudomonadota;c__Gammaproteobacteria;o__Burkholderiales;f__Burkholderiaceae_C;g__Ottowia;s__Ottowia sp018060485,98.6,1,1,B02,1,1,1,3,46,1,2,TRUE,u38461ctg_len-4095439,TRUE,Ea.F.2.H.A,Earl,dorm_sample,36
R022_R024.combined.B02,complete.8,95.04,0,Gradient Boost (General Model),11,0.925,5066598,336.2332975,5066598,0.69,4655,1,5066598,d__Bacteria;p__Pseudomonadota;c__Gammaproteobacteria;o__Burkholderiales;f__Burkholderiaceae_C;g__Aquincola;s__,N/A,N/A,N/A,1,1,B02,2,2,2,6,46,2,1,TRUE,,FALSE,Ea.F.2.H.A,Earl,dorm_sample,36
R022_R024.combined.B02,metabat2.21,99.97,0.45,Neural Network (Specific Model),11,0.906,1182946,382.917263,7256954,0.67,5729,8,1710715,d__Bacteria;p__Pseudomonadota;c__Gammaproteobacteria;o__Xanthomonadales;f__Rhodanobacteraceae;g__Tahibacter;s__,N/A,N/A,N/A,1,0,B02,,,,,,,,FALSE,,FALSE,Ea.F.2.H.A,Earl,dorm_sample,36
R022_R024.combined.B02,metabat2.26_sub,65.96,23.18,Neural Network (Specific Model),11,0.876,273870,315.9335227,3801769,0.63,3520,19,660276,d__Bacteria;p__Pseudomonadota;c__Gammaproteobacteria;o__Burkholderiales;f__Burkholderiaceae_C;g__Acidovorax;s__Acidovorax temperans,GCF_006716905.1,d__Bacteria;p__Pseudomonadota;c__Gammaproteobacteria;o__Burkholderiales;f__Burkholderiaceae_C;g__Acidovorax;s__Acidovorax temperans,96.15,0,0,B02,,,,,,,,FALSE,,FALSE,Ea.F.2.H.A,Earl,dorm_sample,36
R022_R024.combined.B02,metabat2.28,33.89,1.24,Neural Network (Specific Model),11,0.892,54529,291.2594893,1415743,0.65,1449,27,111390,d__Bacteria;p__Pseudomonadota;c__Alphaproteobacteria;o__Sphingomonadales;f__Sphingomonadaceae;g__Sphingopyxis;s__Sphingopyxis sp001468395,GCF_001468395.1,d__Bacteria;p__Pseudomonadota;c__Alphaproteobacteria;o__Sphingomonadales;f__Sphingomonadaceae;g__Sphingopyxis;s__Sphingopyxis sp001468395,97.44,0,0,B02,,,,,,,,FALSE,,FALSE,Ea.F.2.H.A,Earl,dorm_sample,36
R022_R024.combined.B02,metabat2.29_sub,85.81,31.34,Neural Network (Specific Model),11,0.889,389607,320.1899478,6610932,0.65,6128,31,1391541,d__Bacteria;p__Pseudomonadota;c__Gammaproteobacteria;o__Burkholderiales;f__Burkholderiaceae_C;g__Acidovorax;s__,N/A,N/A,N/A,0,0,B02,,,,,,,,FALSE,,FALSE,Ea.F.2.H.A,Earl,dorm_sample,36
R022_R024.combined.B02,metabat2.45,79.86,6.02,Neural Network (Specific Model),11,0.904,896495,317.1541374,3885785,0.64,3698,6,1460831,d__Bacteria;p__Pseudomonadota;c__Alphaproteobacteria;o__Sphingomonadales;f__Sphingomonadaceae;g__Blastomonas;s__Blastomonas ursincola,GCF_013607875.1,d__Bacteria;p__Pseudomonadota;c__Alphaproteobacteria;o__Sphingomonadales;f__Sphingomonadaceae;g__Blastomonas;s__Blastomonas ursincola,98.11,0,0,B02,,,,,,,,FALSE,u374931ctg_len-1460831,TRUE,Ea.F.2.H.A,Earl,dorm_sample,36
R022_R024.combined.B02,metabat2.47_sub,92.46,22.38,Neural Network (Specific Model),11,0.913,407337,320.6270136,6785495,0.67,6456,37,1201400,d__Bacteria;p__Actinomycetota;c__Actinomycetes;o__Mycobacteriales;f__Mycobacteriaceae;g__Mycobacterium;s__Mycobacterium phocaicum,GCF_010731115.1,d__Bacteria;p__Actinomycetota;c__Actinomycetes;o__Mycobacteriales;f__Mycobacteriaceae;g__Mycobacterium;s__Mycobacterium phocaicum,95.47,0,0,B02,,,,,,,,FALSE,,FALSE,Ea.F.2.H.A,Earl,dorm_sample,36
R022_R024.combined.B02,metabat2.8,100,1.2,Neural Network (Specific Model),11,0.871,2906840,312.176799,3465046,0.39,3224,3,2906840,d__Bacteria;p__Pseudomonadota;c__Gammaproteobacteria;o__Pseudomonadales;f__Moraxellaceae;g__Acinetobacter;s__Acinetobacter junii,GCF_000368765.1,d__Bacteria;p__Pseudomonadota;c__Gammaproteobacteria;o__Pseudomonadales;f__Moraxellaceae;g__Acinetobacter;s__Acinetobacter junii,98.66,1,0,B02,,,,,,,,FALSE,,FALSE,Ea.F.2.H.A,Earl,dorm_sample,36
R022_R024.combined.B02,metabat2.9_sub,7.92,0,Neural Network (Specific Model),11,0.897,46655,293.4690027,363532,0.67,371,7,94799,d__Bacteria;p__Pseudomonadota;c__Gammaproteobacteria;o__Burkholderiales;f__Burkholderiaceae_C;g__Ottowia;s__Ottowia sp018060485,GCA_018060485.1,d__Bacteria;p__Pseudomonadota;c__Gammaproteobacteria;o__Burkholderiales;f__Burkholderiaceae_C;g__Ottowia;s__Ottowia sp018060485,97.23,0,0,B02,,,,,,,,FALSE,,FALSE,Ea.F.2.H.A,Earl,dorm_sample,36
R022_R024.combined.B02,semibin2_10,84.2,0.01,Neural Network (Specific Model),11,0.883,49767,312.5521583,1767025,0.39,1668,43,110592,d__Bacteria;p__Pseudomonadota;c__Alphaproteobacteria;o__Paracaedibacterales;f__Paracaedibacteraceae;g__;s__,N/A,N/A,N/A,0,0,B02,,,,,,,,FALSE,,FALSE,Ea.F.2.H.A,Earl,dorm_sample,36
R022_R024.combined.B02,semibin2_11,78.34,0.03,Neural Network (Specific Model),11,0.908,64770,305.0916306,2789467,0.67,2772,49,368325,d__Bacteria;p__Pseudomonadota;c__Alphaproteobacteria;o__Caulobacterales;f__Caulobacteraceae;g__Caulobacter;s__Caulobacter sp913776195,GCA_913776195.1,d__Bacteria;p__Pseudomonadota;c__Alphaproteobacteria;o__Caulobacterales;f__Caulobacteraceae;g__Caulobacter;s__Caulobacter sp913776195,97.04,0,0,B02,,,,,,,,FALSE,,FALSE,Ea.F.2.H.A,Earl,dorm_sample,36
R022_R024.combined.B02,semibin2_12,57.97,0.89,Neural Network (Specific Model),11,0.91,30639,295.6407061,1872371,0.66,1926,72,62312,d__Bacteria;p__Pseudomonadota;c__Alphaproteobacteria;o__Sphingomonadales;f__Sphingomonadaceae;g__Erythrobacter;s__,N/A,N/A,N/A,0,0,B02,,,,,,,,FALSE,,FALSE,Ea.F.2.H.A,Earl,dorm_sample,36
R022_R024.combined.B02,semibin2_13,68,2.36,Neural Network (Specific Model),11,0.892,150175,296.2983976,2294486,0.64,2309,20,319060,d__Bacteria;p__Pseudomonadota;c__Alphaproteobacteria;o__Sphingomonadales;f__Sphingomonadaceae;g__Sphingopyxis;s__Sphingopyxis sp035998965,GCF_035998965.1,d__Bacteria;p__Pseudomonadota;c__Alphaproteobacteria;o__Sphingomonadales;f__Sphingomonadaceae;g__Sphingopyxis;s__Sphingopyxis sp035998965,95.74,0,0,B02,,,,,,,,FALSE,,FALSE,Ea.F.2.H.A,Earl,dorm_sample,36
R022_R024.combined.B02,semibin2_14,71.53,0.55,Neural Network (Specific Model),11,0.889,39372,320.0983347,4079109,0.45,3783,137,82682,d__Bacteria;p__Bacteroidota;c__Bacteroidia;o__Chitinophagales;f__Chitinophagaceae;g__Endoryza;s__,N/A,N/A,N/A,0,0,B02,,,,,,,,FALSE,,FALSE,Ea.F.2.H.A,Earl,dorm_sample,36
R022_R024.combined.B02,semibin2_15,67.62,0.49,Neural Network (Specific Model),11,0.892,26020,307.29312,3222793,0.47,3125,143,63402,d__Bacteria;p__Bacteroidota;c__Bacteroidia;o__B-17B0;f__Aurantibacillaceae;g__UBA4416;s__,N/A,N/A,N/A,0,0,B02,,,,,,,,FALSE,,FALSE,Ea.F.2.H.A,Earl,dorm_sample,36
R022_R024.combined.B02,semibin2_17,67.43,10.07,Gradient Boost (General Model),11,0.924,26566,276.7540509,1548804,0.58,1728,70,59374,d__Bacteria;p__Pseudomonadota;c__Alphaproteobacteria;o__Rickettsiales;f__UBA3002;g__QFOX01;s__,N/A,N/A,N/A,0,0,B02,,,,,,,,FALSE,,FALSE,Ea.F.2.H.A,Earl,dorm_sample,36
R022_R024.combined.B02,semibin2_18,56.81,0.17,Neural Network (Specific Model),11,0.905,40805,308.7544333,2649596,0.4,2594,78,108969,d__Bacteria;p__Bacteroidota;c__Bacteroidia;o__Sphingobacteriales;f__Sphingobacteriaceae;g__Pedobacter;s__,N/A,N/A,N/A,0,0,B02,,,,,,,,FALSE,,FALSE,Ea.F.2.H.A,Earl,dorm_sample,36
R022_R024.combined.B02,semibin2_19,85.36,13.65,Gradient Boost (General Model),11,0.877,34510,305.7203458,5186658,0.39,4974,177,170629,d__Bacteria;p__Bacteroidota;c__Bacteroidia;o__Sphingobacteriales;f__Sphingobacteriaceae;g__Pedobacter;s__Pedobacter chitinilyticus,GCF_003313385.1,d__Bacteria;p__Bacteroidota;c__Bacteroidia;o__Sphingobacteriales;f__Sphingobacteriaceae;g__Pedobacter;s__Pedobacter chitinilyticus,96.92,0,0,B02,,,,,,,,FALSE,,FALSE,Ea.F.2.H.A,Earl,dorm_sample,36
R022_R024.combined.B02,semibin2_2,94.47,0.85,Neural Network (Specific Model),11,0.903,229278,323.399177,1823183,0.48,1701,20,277945,d__Bacteria;p__Pseudomonadota;c__Alphaproteobacteria;o__Caedimonadales;f__UBA1908;g__JACESU01;s__,N/A,N/A,N/A,0,0,B02,,,,,,,,FALSE,,FALSE,Ea.F.2.H.A,Earl,dorm_sample,36
R022_R024.combined.B02,semibin2_20,85.43,16.98,Neural Network (Specific Model),11,0.88,32087,290.4129988,6733078,0.64,6816,252,114266,d__Bacteria;p__Pseudomonadota;c__Alphaproteobacteria;o__Rhizobiales;f__Rhizobiaceae;g__Shinella;s__Shinella sp001262505,GCF_001262505.1,d__Bacteria;p__Pseudomonadota;c__Alphaproteobacteria;o__Rhizobiales;f__Rhizobiaceae;g__Shinella;s__Shinella sp001262505,98.31,0,0,B02,,,,,,,,FALSE,,FALSE,Ea.F.2.H.A,Earl,dorm_sample,36
R022_R024.combined.B02,semibin2_23,56.82,6.09,Neural Network (Specific Model),11,0.907,95181,318.0076409,2198127,0.65,2094,24,282165,d__Bacteria;p__Pseudomonadota;c__Alphaproteobacteria;o__Sphingomonadales;f__Sphingomonadaceae;g__Blastomonas;s__Blastomonas ursincola,GCF_013607875.1,d__Bacteria;p__Pseudomonadota;c__Alphaproteobacteria;o__Sphingomonadales;f__Sphingomonadaceae;g__Blastomonas;s__Blastomonas ursincola,98.23,0,0,B02,,,,,,,,FALSE,,FALSE,Ea.F.2.H.A,Earl,dorm_sample,36
R022_R024.combined.B02,semibin2_24,63.25,8.82,Neural Network (Specific Model),11,0.884,21664,283.2317484,2560905,0.68,2671,130,53104,d__Bacteria;p__Pseudomonadota;c__Gammaproteobacteria;o__Xanthomonadales;f__Xanthomonadaceae;g__Pseudoxanthomonas_A;s__,N/A,N/A,N/A,0,0,B02,,,,,,,,FALSE,,FALSE,Ea.F.2.H.A,Earl,dorm_sample,36
R022_R024.combined.B02,semibin2_25,33.85,0,Neural Network (Specific Model),11,0.886,17265,289.562671,1786445,0.42,1827,112,47200,d__Bacteria;p__Bacteroidota;c__Bacteroidia;o__Cytophagales;f__UBA9547;g__;s__,N/A,N/A,N/A,0,0,B02,,,,,,,,FALSE,,FALSE,Ea.F.2.H.A,Earl,dorm_sample,36
R022_R024.combined.B02,semibin2_26,28.15,2.45,Neural Network (Specific Model),11,0.912,17656,267.3454392,1036952,0.54,1184,65,37981,d__Bacteria;p__Bdellovibrionota;c__Bdellovibrionia;o__Bdellovibrionales;f__JAMPXM01;g__Ga0074137;s__,N/A,N/A,N/A,0,0,B02,,,,,,,,FALSE,,FALSE,Ea.F.2.H.A,Earl,dorm_sample,36
R022_R024.combined.B02,semibin2_3,99.98,1.99,Neural Network (Specific Model),11,0.916,547347,329.3734405,3884070,0.71,3607,11,833826,d__Bacteria;p__Actinomycetota;c__Actinomycetes;o__Actinomycetales;f__Microbacteriaceae;g__Agromyces;s__Agromyces mediolanus_A,GCF_023715325.1,d__Bacteria;p__Actinomycetota;c__Actinomycetes;o__Actinomycetales;f__Microbacteriaceae;g__Agromyces;s__Agromyces mediolanus_A,99.02,1,0,B02,,,,,,,,FALSE,,FALSE,Ea.F.2.H.A,Earl,dorm_sample,36
R022_R024.combined.B02,semibin2_34,19.04,0.09,Neural Network (Specific Model),11,0.89,19896,274.1241497,541581,0.33,588,30,34488,d__Bacteria;p__Bacteroidota;c__Bacteroidia;o__Flavobacteriales;f__Weeksellaceae;g__Cloacibacterium;s__Cloacibacterium normanense,GCF_003860565.1,d__Bacteria;p__Bacteroidota;c__Bacteroidia;o__Flavobacteriales;f__Weeksellaceae;g__Cloacibacterium;s__Cloacibacterium normanense,96.05,0,0,B02,,,,,,,,FALSE,,FALSE,Ea.F.2.H.A,Earl,dorm_sample,36
R022_R024.combined.B02,semibin2_35,8.02,0.03,Neural Network (Specific Model),11,0.898,16265,311.4718101,349505,0.6,337,22,35748,d__Bacteria;p__Verrucomicrobiota;c__Verrucomicrobiia;o__Verrucomicrobiales;f__Verrucomicrobiaceae;g__Prosthecobacter;s__,N/A,N/A,N/A,0,0,B02,,,,,,,,FALSE,,FALSE,Ea.F.2.H.A,Earl,dorm_sample,36
R022_R024.combined.B02,semibin2_4,86.02,1.16,Neural Network (Specific Model),11,0.846,50897,306.8168526,7205326,0.48,6634,177,148426,d__Bacteria;p__Bacteroidota;c__Bacteroidia;o__Cytophagales;f__172606-1;g__Xanthocytophaga;s__,N/A,N/A,N/A,0,0,B02,,,,,,,,FALSE,,FALSE,Ea.F.2.H.A,Earl,dorm_sample,36
R022_R024.combined.B02,semibin2_40,19,0.2,Neural Network (Specific Model),11,0.885,17318,292.734139,983192,0.45,993,62,63210,d__Bacteria;p__Bacteroidota;c__Bacteroidia;o__Chitinophagales;f__Chitinophagaceae;g__DAOLFO01;s__,N/A,N/A,N/A,0,0,B02,,,,,,,,FALSE,,FALSE,Ea.F.2.H.A,Earl,dorm_sample,36
R022_R024.combined.B02,semibin2_41,47.46,7.45,Gradient Boost (General Model),11,0.889,17711,275.064176,4033445,0.42,4363,239,96450,d__Bacteria;p__;c__;o__;f__;g__;s__,N/A,N/A,N/A,0,0,B02,,,,,,,,FALSE,,FALSE,Ea.F.2.H.A,Earl,dorm_sample,36
R022_R024.combined.B02,semibin2_5,91.79,2.49,Gradient Boost (General Model),11,0.912,106923,327.5141466,4633811,0.51,4312,67,256251,d__Bacteria;p__Cyanobacteriota;c__Vampirovibrionia;o__Obscuribacterales;f__Obscuribacteraceae;g__JAFKGK01;s__JAFKGK01 sp017307165,GCA_017307165.1,d__Bacteria;p__Cyanobacteriota;c__Vampirovibrionia;o__Obscuribacterales;f__Obscuribacteraceae;g__JAFKGK01;s__JAFKGK01 sp017307165,98.35,0,0,B02,,,,,,,,FALSE,,FALSE,Ea.F.2.H.A,Earl,dorm_sample,36
R022_R024.combined.B02,semibin2_6,87.34,0.81,Neural Network (Specific Model),11,0.91,153654,327.4539029,3508345,0.39,3254,34,418763,d__Bacteria;p__Bacteroidota;c__Bacteroidia;o__Flavobacteriales;f__Flavobacteriaceae;g__Flavobacterium;s__,N/A,N/A,N/A,0,0,B02,,,,,,,,FALSE,,FALSE,Ea.F.2.H.A,Earl,dorm_sample,36
R022_R024.combined.B02,semibin2_7,89.22,0.2,Neural Network (Specific Model),11,0.902,99528,315.0150396,3823827,0.65,3657,57,269293,d__Bacteria;p__Pseudomonadota;c__Gammaproteobacteria;o__Pseudomonadales;f__Pseudomonadaceae;g__Aquipseudomonas;s__Aquipseudomonas alcaligenes,GCF_000467105.1,d__Bacteria;p__Pseudomonadota;c__Gammaproteobacteria;o__Pseudomonadales;f__Pseudomonadaceae;g__Aquipseudomonas;s__Aquipseudomonas alcaligenes,96.78,0,0,B02,,,,,,,,FALSE,,FALSE,Ea.F.2.H.A,Earl,dorm_sample,36
R022_R024.combined.B02,semibin2_75,54.88,11.74,Neural Network (Specific Model),11,0.885,17303,281.6731529,3131092,0.7,3289,199,45472,d__Bacteria;p__Pseudomonadota;c__Alphaproteobacteria;o__Caulobacterales;f__Caulobacteraceae;g__Phenylobacterium;s__,N/A,N/A,N/A,0,0,B02,,,,,,,,FALSE,,FALSE,Ea.F.2.H.A,Earl,dorm_sample,36
R022_R024.combined.B02,semibin2_8,78.14,1.6,Neural Network (Specific Model),11,0.877,41694,324.1321897,2192887,0.38,1982,65,79727,d__Bacteria;p__Chlamydiota;c__Chlamydiia;o__Chlamydiales;f__Parachlamydiaceae;g__Neochlamydia;s__,N/A,N/A,N/A,0,0,B02,,,,,,,,FALSE,,FALSE,Ea.F.2.H.A,Earl,dorm_sample,36
R022_R024.combined.B02,semibin2_81,46.39,8.05,Neural Network (Specific Model),11,0.876,58860,299.5432211,2251055,0.64,2198,54,193752,d__Bacteria;p__Pseudomonadota;c__Gammaproteobacteria;o__Burkholderiales;f__Burkholderiaceae_C;g__Acidovorax;s__,N/A,N/A,N/A,0,0,B02,,,,,,,,FALSE,,FALSE,Ea.F.2.H.A,Earl,dorm_sample,36
R022_R024.combined.B02,semibin2_82_sub,67.89,12.84,Gradient Boost (General Model),11,0.89,18246,296.46651,4241583,0.67,4255,256,79116,d__Bacteria;p__Pseudomonadota;c__Gammaproteobacteria;o__Burkholderiales;f__Burkholderiaceae_C;g__Acidovorax;s__,N/A,N/A,N/A,0,0,B02,,,,,,,,FALSE,,FALSE,Ea.F.2.H.A,Earl,dorm_sample,36
R022_R024.combined.B02,semibin2_84_sub,54.65,14.25,Gradient Boost (General Model),11,0.879,20888,277.6732323,6665758,0.64,7057,364,102409,d__Bacteria;p__Pseudomonadota;c__Alphaproteobacteria;o__Rhizobiales;f__Rhizobiaceae;g__Shinella;s__,N/A,N/A,N/A,0,0,B02,,,,,,,,FALSE,,FALSE,Ea.F.2.H.A,Earl,dorm_sample,36
R022_R024.combined.B02,semibin2_85_sub,38.1,5.26,Neural Network (Specific Model),11,0.88,18366,273.1822522,3304544,0.64,3561,205,128303,d__Bacteria;p__Pseudomonadota;c__Gammaproteobacteria;o__Burkholderiales;f__Burkholderiaceae_C;g__Xenophilus;s__,N/A,N/A,N/A,0,0,B02,,,,,,,,FALSE,u101675ctg_len-32475;u244821ctg_len-54699;u212355ctg_len-17547;u172944ctg_len-31052,TRUE,Ea.F.2.H.A,Earl,dorm_sample,36
R022_R024.combined.B02,semibin2_86_sub,34.01,2.51,Neural Network (Specific Model),11,0.876,17052,263.6718075,2916823,0.62,3242,182,179070,d__Bacteria;p__Pseudomonadota;c__Gammaproteobacteria;o__Burkholderiales;f__Burkholderiaceae_C;g__Aquabacterium;s__,N/A,N/A,N/A,0,0,B02,,,,,,,,FALSE,u381242ctg_len-16396,TRUE,Ea.F.2.H.A,Earl,dorm_sample,36
R022_R024.combined.B02,semibin2_9,80.1,7.16,Neural Network (Specific Model),11,0.917,965127,316.8384647,5038323,0.67,4872,7,1733754,d__Bacteria;p__Actinomycetota;c__Actinomycetes;o__Mycobacteriales;f__Mycobacteriaceae;g__Mycobacterium;s__Mycobacterium phocaicum,GCF_010731115.1,d__Bacteria;p__Actinomycetota;c__Actinomycetes;o__Mycobacteriales;f__Mycobacteriaceae;g__Mycobacterium;s__Mycobacterium phocaicum,95.21,0,0,B02,,,,,,,,FALSE,,FALSE,Ea.F.2.H.A,Earl,dorm_sample,36
R022_R024.combined.B03,complete.17,99.93,0.24,Neural Network (Specific Model),11,0.904,4273772,318.2239211,4273772,0.64,4055,1,4273772,d__Bacteria;p__Pseudomonadota;c__Alphaproteobacteria;o__Sphingomonadales;f__Sphingomonadaceae;g__Blastomonas;s__Blastomonas ursincola,GCF_013607875.1,d__Bacteria;p__Pseudomonadota;c__Alphaproteobacteria;o__Sphingomonadales;f__Sphingomonadaceae;g__Blastomonas;s__Blastomonas ursincola,98.11,1,1,B03,2,2,2,6,50,2,3,TRUE,,FALSE,Te.F.2.L.A,Teal,dorm_sample,68.25
R022_R024.combined.B03,complete.19,99.97,0.96,Neural Network (Specific Model),11,0.901,3479301,315.8397707,3479301,0.66,3314,1,3479301,d__Bacteria;p__Pseudomonadota;c__Alphaproteobacteria;o__Sphingomonadales;f__Sphingomonadaceae;g__Sphingopyxis;s__,N/A,N/A,N/A,1,1,B03,1,1,1,3,47,1,4,TRUE,,FALSE,Te.F.2.L.A,Teal,dorm_sample,68.25
R022_R024.combined.B03,complete.2,99.99,0.18,Neural Network (Specific Model),11,0.909,4680197,342.7503016,4680197,0.43,4145,1,4680197,d__Bacteria;p__Bacteroidota;c__Bacteroidia;o__Chitinophagales;f__Chitinophagaceae;g__CADEDV01;s__,N/A,N/A,N/A,1,1,B03,1,1,1,3,46,1,0,TRUE,,FALSE,Te.F.2.L.A,Teal,dorm_sample,68.25
R022_R024.combined.B03,complete.37,100,0.51,Gradient Boost (General Model),11,0.913,4489054,349.7569018,4489054,0.42,3912,1,4489054,d__Bacteria;p__Bacteroidota;c__Bacteroidia;o__Chitinophagales;f__Chitinophagaceae;g__Ferruginibacter;s__,N/A,N/A,N/A,1,1,B03,1,1,1,3,51,1,1,TRUE,u931ctg_len-4489054,TRUE,Te.F.2.L.A,Teal,dorm_sample,68.25
R022_R024.combined.B03,complete.38,99.98,0.04,Neural Network (Specific Model),11,0.925,4082990,323.2744746,4082990,0.58,3902,1,4082990,d__Bacteria;p__Armatimonadota;c__Fimbriimonadia;o__Fimbriimonadales;f__Fimbriimonadaceae;g__55-13;s__,N/A,N/A,N/A,1,1,B03,1,1,1,3,58,0,1,TRUE,u217536ctg_len-4082990,TRUE,Te.F.2.L.A,Teal,dorm_sample,68.25
R022_R024.combined.B03,complete.39,100,0.06,Neural Network (Specific Model),11,0.895,4006575,309.3194624,4006575,0.66,3869,1,4006575,d__Bacteria;p__Pseudomonadota;c__Gammaproteobacteria;o__Burkholderiales;f__Burkholderiaceae_C;g__Ottowia;s__Ottowia sp018060485,GCA_018060485.1,d__Bacteria;p__Pseudomonadota;c__Gammaproteobacteria;o__Burkholderiales;f__Burkholderiaceae_C;g__Ottowia;s__Ottowia sp018060485,98.65,1,1,B03,1,1,1,3,44,1,2,TRUE,u78388ctg_len-4006575,TRUE,Te.F.2.L.A,Teal,dorm_sample,68.25
R022_R024.combined.B03,complete.40,99.19,0.81,Neural Network (Specific Model),11,0.929,4913120,362.8302381,4913120,0.4,4200,1,4913120,d__Bacteria;p__Bacteroidota;c__Bacteroidia;o__Chitinophagales;f__Chitinophagaceae;g__Flavitalea;s__,N/A,N/A,N/A,1,1,B03,1,1,1,3,48,1,0,TRUE,u243258ctg_len-4913120,TRUE,Te.F.2.L.A,Teal,dorm_sample,68.25
R022_R024.combined.B03,complete.41,99.98,0.45,Neural Network (Specific Model),11,0.872,6733912,306.2458991,6733912,0.63,6401,1,6733912,d__Bacteria;p__Pseudomonadota;c__Alphaproteobacteria;o__Rhizobiales;f__Xanthobacteraceae;g__Bradyrhizobium;s__,N/A,N/A,N/A,1,1,B03,1,1,1,3,51,1,2,TRUE,u8596ctg_len-6733912,TRUE,Te.F.2.L.A,Teal,dorm_sample,68.25
R022_R024.combined.B03,metabat2.108,57.33,0.03,Neural Network (Specific Model),11,0.869,70434,318.8007449,2361024,0.7,2148,37,179702,d__Bacteria;p__Pseudomonadota;c__Gammaproteobacteria;o__Xanthomonadales;f__Xanthomonadaceae;g__Luteimonas;s__,N/A,N/A,N/A,0,0,B03,,,,,,,,FALSE,,FALSE,Te.F.2.L.A,Teal,dorm_sample,68.25
R022_R024.combined.B03,metabat2.109,100,1.46,Neural Network (Specific Model),11,0.914,2870560,329.2859657,4906289,0.65,4546,2,2870560,d__Bacteria;p__Pseudomonadota;c__Alphaproteobacteria;o__Sphingomonadales;f__Sphingomonadaceae;g__Sphingopyxis;s__,N/A,N/A,N/A,1,0,B03,,,,,,,,FALSE,,FALSE,Te.F.2.L.A,Teal,dorm_sample,68.25
R022_R024.combined.B03,metabat2.10_sub,48.52,8.28,Neural Network (Specific Model),11,0.899,51619,307.8302374,1987298,0.67,1938,39,147979,d__Bacteria;p__Pseudomonadota;c__Alphaproteobacteria;o__Sphingomonadales;f__Sphingomonadaceae;g__Sphingopyxis;s__,N/A,N/A,N/A,0,0,B03,,,,,,,,FALSE,,FALSE,Te.F.2.L.A,Teal,dorm_sample,68.25
R022_R024.combined.B03,metabat2.111,100,0.84,Gradient Boost (General Model),11,0.896,5850288,359.757089,7344548,0.43,6101,2,5850288,d__Bacteria;p__Bacteroidota;c__Bacteroidia;o__Chitinophagales;f__Chitinophagaceae;g__Agriterribacter;s__,N/A,N/A,N/A,1,0,B03,,,,,,,,FALSE,,FALSE,Te.F.2.L.A,Teal,dorm_sample,68.25
R022_R024.combined.B03,metabat2.116,100,0.2,Neural Network (Specific Model),11,0.907,4311784,323.4936067,4847346,0.64,4536,2,4311784,d__Bacteria;p__Pseudomonadota;c__Alphaproteobacteria;o__Sphingomonadales;f__Sphingomonadaceae;g__Sphingopyxis;s__Sphingopyxis sp014873485,GCF_014873485.1,d__Bacteria;p__Pseudomonadota;c__Alphaproteobacteria;o__Sphingomonadales;f__Sphingomonadaceae;g__Sphingopyxis;s__Sphingopyxis sp014873485,96.55,1,0,B03,,,,,,,,FALSE,,FALSE,Te.F.2.L.A,Teal,dorm_sample,68.25
R022_R024.combined.B03,metabat2.16,89.6,14.87,Gradient Boost (General Model),11,0.904,69404,307.6787367,3741785,0.67,3673,53,330842,d__Bacteria;p__Pseudomonadota;c__Gammaproteobacteria;o__Xanthomonadales;f__Xanthomonadaceae;g__Pseudoxanthomonas_A;s__Pseudoxanthomonas_A sp964252705,GCF_964252705.1,d__Bacteria;p__Pseudomonadota;c__Gammaproteobacteria;o__Xanthomonadales;f__Xanthomonadaceae;g__Pseudoxanthomonas_A;s__Pseudoxanthomonas_A sp964252705,95.66,0,0,B03,,,,,,,,FALSE,,FALSE,Te.F.2.L.A,Teal,dorm_sample,68.25
R022_R024.combined.B03,metabat2.2,6.89,0,Neural Network (Specific Model),11,0.838,77711,258.0990991,204456,0.62,222,3,81992,d__Bacteria;p__Pseudomonadota;c__Alphaproteobacteria;o__Rhizobiales;f__Rhizobiaceae;g__Kumtagia;s__,N/A,N/A,N/A,0,0,B03,,,,,,,,FALSE,,FALSE,Te.F.2.L.A,Teal,dorm_sample,68.25
R022_R024.combined.B03,metabat2.38,100,3.42,Gradient Boost (General Model),11,0.916,6980245,416.4116291,10629269,0.67,7808,3,6980245,d__Bacteria;p__Acidobacteriota;c__Vicinamibacteria;o__Vicinamibacterales;f__Vicinamibacteraceae;g__;s__,N/A,N/A,N/A,1,0,B03,,,,,,,,FALSE,,FALSE,Te.F.2.L.A,Teal,dorm_sample,68.25
R022_R024.combined.B03,metabat2.42,89.62,0.59,Neural Network (Specific Model),11,0.919,365825,322.1577602,4104292,0.66,3911,16,510291,d__Bacteria;p__Pseudomonadota;c__Alphaproteobacteria;o__Sphingomonadales;f__Sphingomonadaceae;g__Sphingomonas;s__Sphingomonas koreensis,GCF_002797435.1,d__Bacteria;p__Pseudomonadota;c__Alphaproteobacteria;o__Sphingomonadales;f__Sphingomonadaceae;g__Sphingomonas;s__Sphingomonas koreensis,98.22,0,0,B03,,,,,,,,FALSE,,FALSE,Te.F.2.L.A,Teal,dorm_sample,68.25
R022_R024.combined.B03,metabat2.43,99.69,0.57,Gradient Boost (General Model),11,0.888,583589,321.3028427,3850522,0.64,3553,8,1647978,d__Bacteria;p__Pseudomonadota;c__Gammaproteobacteria;o__Burkholderiales;f__Burkholderiaceae;g__Imbroritus;s__,N/A,N/A,N/A,1,0,B03,,,,,,,,FALSE,u20115ctg_len-255884,TRUE,Te.F.2.L.A,Teal,dorm_sample,68.25
R022_R024.combined.B03,metabat2.44,82.07,2.7,Gradient Boost (General Model),11,0.912,200142,346.2931214,4363916,0.52,3838,29,752010,d__Bacteria;p__Cyanobacteriota;c__Vampirovibrionia;o__Obscuribacterales;f__Obscuribacteraceae;g__Ga0077546;s__,N/A,N/A,N/A,0,0,B03,,,,,,,,FALSE,,FALSE,Te.F.2.L.A,Teal,dorm_sample,68.25
R022_R024.combined.B03,metabat2.52,91.36,0.29,Neural Network (Specific Model),11,0.889,153282,322.6147033,4907778,0.73,4516,47,360920,d__Bacteria;p__Actinomycetota;c__Actinomycetes;o__Mycobacteriales;f__Nakamurellaceae;g__Nakamurella;s__,N/A,N/A,N/A,0,0,B03,,,,,,,,FALSE,,FALSE,Te.F.2.L.A,Teal,dorm_sample,68.25
R022_R024.combined.B03,metabat2.59,99.96,5.01,Neural Network (Specific Model),11,0.918,1119822,322.9526475,4518173,0.67,4287,5,2172815,d__Bacteria;p__Pseudomonadota;c__Alphaproteobacteria;o__Sphingomonadales;f__Sphingomonadaceae;g__Sphingomonas;s__,N/A,N/A,N/A,0,0,B03,,,,,,,,FALSE,,FALSE,Te.F.2.L.A,Teal,dorm_sample,68.25
R022_R024.combined.B03,metabat2.62_sub,60.21,0.11,Neural Network (Specific Model),11,0.887,218739,373.2720063,3179726,0.68,2522,19,501096,d__Bacteria;p__Pseudomonadota;c__Gammaproteobacteria;o__Xanthomonadales;f__Rhodanobacteraceae;g__Tahibacter;s__,N/A,N/A,N/A,0,0,B03,,,,,,,,FALSE,,FALSE,Te.F.2.L.A,Teal,dorm_sample,68.25
R022_R024.combined.B03,metabat2.64,78.15,3.26,Neural Network (Specific Model),11,0.91,61790,307.2909973,3333842,0.67,3299,56,136521,d__Bacteria;p__Pseudomonadota;c__Alphaproteobacteria;o__Sphingomonadales;f__Sphingomonadaceae;g__Sphingobium_A;s__,N/A,N/A,N/A,0,0,B03,,,,,,,,FALSE,,FALSE,Te.F.2.L.A,Teal,dorm_sample,68.25
R022_R024.combined.B03,metabat2.67,71.54,9.21,Neural Network (Specific Model),11,0.92,48677,307.4997946,4866573,0.66,4868,96,128189,d__Bacteria;p__Actinomycetota;c__Actinomycetes;o__Mycobacteriales;f__Mycobacteriaceae;g__Mycobacterium;s__Mycobacterium fortuitum,GCF_022179545.1,d__Bacteria;p__Actinomycetota;c__Actinomycetes;o__Mycobacteriales;f__Mycobacteriaceae;g__Mycobacterium;s__Mycobacterium fortuitum,98.18,0,0,B03,,,,,,,,FALSE,,FALSE,Te.F.2.L.A,Teal,dorm_sample,68.25
R022_R024.combined.B03,semibin2_10,96.52,1.42,Gradient Boost (General Model),11,0.895,83144,320.0452904,3261789,0.49,3047,58,164429,d__Bacteria;p__Bacteroidota;c__Bacteroidia;o__Chitinophagales;f__Chitinophagaceae;g__JAFIGV01;s__,N/A,N/A,N/A,0,0,B03,,,,,,,,FALSE,,FALSE,Te.F.2.L.A,Teal,dorm_sample,68.25
R022_R024.combined.B03,semibin2_13,87.85,0.21,Gradient Boost (General Model),11,0.896,119263,336.7659942,3908744,0.44,3470,59,236710,d__Bacteria;p__Bacteroidota;c__Bacteroidia;o__Chitinophagales;f__LD1;g__Bog-950;s__Bog-950 sp018267435,GCA_018267435.1,d__Bacteria;p__Bacteroidota;c__Bacteroidia;o__Chitinophagales;f__LD1;g__Bog-950;s__Bog-950 sp018267435,95.82,0,0,B03,,,,,,,,FALSE,,FALSE,Te.F.2.L.A,Teal,dorm_sample,68.25
R022_R024.combined.B03,semibin2_133,48.86,12.51,Neural Network (Specific Model),11,0.905,79013,307.419064,2369793,0.7,2329,32,317425,d__Bacteria;p__Pseudomonadota;c__Alphaproteobacteria;o__Caulobacterales;f__Caulobacteraceae;g__Phenylobacterium;s__,N/A,N/A,N/A,0,0,B03,,,,,,,,FALSE,,FALSE,Te.F.2.L.A,Teal,dorm_sample,68.25
R022_R024.combined.B03,semibin2_135,67.7,13.58,Gradient Boost (General Model),11,0.897,49623,293.0434126,2591647,0.7,2649,59,124642,d__Bacteria;p__Pseudomonadota;c__Alphaproteobacteria;o__Caulobacterales;f__Caulobacteraceae;g__Phenylobacterium;s__,N/A,N/A,N/A,0,0,B03,,,,,,,,FALSE,,FALSE,Te.F.2.L.A,Teal,dorm_sample,68.25
R022_R024.combined.B03,semibin2_136,60.41,12.03,Neural Network (Specific Model),11,0.889,27948,289.1124597,3928699,0.69,4037,150,126291,d__Bacteria;p__Pseudomonadota;c__Alphaproteobacteria;o__Caulobacterales;f__Caulobacteraceae;g__Phenylobacterium;s__,N/A,N/A,N/A,0,0,B03,,,,,,,,FALSE,,FALSE,Te.F.2.L.A,Teal,dorm_sample,68.25
R022_R024.combined.B03,semibin2_14,89,2.84,Neural Network (Specific Model),11,0.884,134617,302.7410244,4286947,0.64,4178,41,417215,d__Bacteria;p__Pseudomonadota;c__Alphaproteobacteria;o__Caulobacterales;f__Hyphomonadaceae;g__UBA7672;s__,N/A,N/A,N/A,0,0,B03,,,,,,,,FALSE,,FALSE,Te.F.2.L.A,Teal,dorm_sample,68.25
R022_R024.combined.B03,semibin2_142_sub,58.21,18.39,Neural Network (Specific Model),11,0.906,35708,300.5713738,5175229,0.67,5219,161,189436,d__Bacteria;p__Actinomycetota;c__Actinomycetes;o__Mycobacteriales;f__Mycobacteriaceae;g__Mycobacterium;s__,N/A,N/A,N/A,0,0,B03,,,,,,,,FALSE,,FALSE,Te.F.2.L.A,Teal,dorm_sample,68.25
R022_R024.combined.B03,semibin2_143_sub,76.91,17.46,Neural Network (Specific Model),11,0.89,26555,283.7817141,7830269,0.66,8214,315,224558,d__Bacteria;p__Actinomycetota;c__Actinomycetes;o__Mycobacteriales;f__Mycobacteriaceae;g__Mycobacterium;s__,N/A,N/A,N/A,0,0,B03,,,,,,,,FALSE,u116629ctg_len-106324,TRUE,Te.F.2.L.A,Teal,dorm_sample,68.25
R022_R024.combined.B03,semibin2_144_sub,62.35,16.08,Gradient Boost (General Model),11,0.893,24184,285.6268458,6480270,0.65,6772,297,109456,d__Bacteria;p__Pseudomonadota;c__Alphaproteobacteria;o__Sphingomonadales;f__;g__;s__,N/A,N/A,N/A,0,0,B03,,,,,,,,FALSE,,FALSE,Te.F.2.L.A,Teal,dorm_sample,68.25
R022_R024.combined.B03,semibin2_148,41.35,10.24,Gradient Boost (General Model),11,0.864,22217,273.5618902,4947664,0.61,5227,250,71549,d__Bacteria;p__Pseudomonadota;c__Magnetococcia;o__;f__;g__;s__,N/A,N/A,N/A,0,0,B03,,,,,,,,FALSE,,FALSE,Te.F.2.L.A,Teal,dorm_sample,68.25
R022_R024.combined.B03,semibin2_149_sub,41.01,6.95,Gradient Boost (General Model),11,0.884,22238,278.4121718,4622578,0.57,4913,222,167720,d__Bacteria;p__Pseudomonadota;c__Gammaproteobacteria;o__Cardiobacteriales;f__CAKMZF01;g__;s__,N/A,N/A,N/A,0,0,B03,,,,,,,,FALSE,u212654ctg_len-38609;u338205ctg_len-27278;u365984ctg_len-16397;u338802ctg_len-17548,TRUE,Te.F.2.L.A,Teal,dorm_sample,68.25
R022_R024.combined.B03,semibin2_15,79.71,0.96,Gradient Boost (General Model),11,0.927,88538,326.7088496,3575879,0.47,3390,57,166839,d__Bacteria;p__Bacteroidota;c__Bacteroidia;o__Cytophagales;f__Cyclobacteriaceae;g__UBA2336;s__,N/A,N/A,N/A,0,0,B03,,,,,,,,FALSE,,FALSE,Te.F.2.L.A,Teal,dorm_sample,68.25
R022_R024.combined.B03,semibin2_16,47.23,0.1,Neural Network (Specific Model),11,0.917,1696229,314.9488068,2670335,0.67,2598,3,1696229,d__Bacteria;p__Actinomycetota;c__Actinomycetes;o__Mycobacteriales;f__Mycobacteriaceae;g__Mycobacterium;s__Mycobacterium phocaicum,GCF_010731115.1,d__Bacteria;p__Actinomycetota;c__Actinomycetes;o__Mycobacteriales;f__Mycobacteriaceae;g__Mycobacterium;s__Mycobacterium phocaicum,95.44,0,0,B03,,,,,,,,FALSE,,FALSE,Te.F.2.L.A,Teal,dorm_sample,68.25
R022_R024.combined.B03,semibin2_17,69.1,0.33,Gradient Boost (General Model),11,0.917,40608,291.3401476,1673334,0.57,1761,51,115678,d__Bacteria;p__Pseudomonadota;c__Alphaproteobacteria;o__Rickettsiales;f__VGDC01;g__VGDC01;s__VGDC01 sp016869895,GCA_016869895.1,d__Bacteria;p__Pseudomonadota;c__Alphaproteobacteria;o__Rickettsiales;f__VGDC01;g__VGDC01;s__VGDC01 sp016869895,95.76,0,0,B03,,,,,,,,FALSE,,FALSE,Te.F.2.L.A,Teal,dorm_sample,68.25
R022_R024.combined.B03,semibin2_18,73.87,0.75,Gradient Boost (General Model),11,0.898,41752,325.0698366,3644872,0.47,3365,98,139178,d__Bacteria;p__Bacteroidota;c__Bacteroidia;o__Chitinophagales;f__Chitinophagaceae;g__CAYMZZ01;s__CAYMZZ01 sp047600605,GCA_047600605.1,d__Bacteria;p__Bacteroidota;c__Bacteroidia;o__Chitinophagales;f__Chitinophagaceae;g__CAYMZZ01;s__CAYMZZ01 sp047600605,99.01,0,0,B03,,,,,,,,FALSE,,FALSE,Te.F.2.L.A,Teal,dorm_sample,68.25
R022_R024.combined.B03,semibin2_19,99.22,1.58,Gradient Boost (General Model),11,0.917,388666,407.0659589,10014959,0.67,7535,53,821209,d__Bacteria;p__Acidobacteriota;c__Vicinamibacteria;o__Vicinamibacterales;f__Vicinamibacteraceae;g__;s__,N/A,N/A,N/A,0,0,B03,,,,,,,,FALSE,,FALSE,Te.F.2.L.A,Teal,dorm_sample,68.25
R022_R024.combined.B03,semibin2_21,73.44,11.52,Neural Network (Specific Model),11,0.888,69436,298.6287574,3251214,0.67,3227,62,194901,d__Bacteria;p__Pseudomonadota;c__Gammaproteobacteria;o__Burkholderiales;f__Burkholderiaceae_C;g__Ottowia;s__Ottowia sp018060485,GCA_018060485.1,d__Bacteria;p__Pseudomonadota;c__Gammaproteobacteria;o__Burkholderiales;f__Burkholderiaceae_C;g__Ottowia;s__Ottowia sp018060485,98.7,0,0,B03,,,,,,,,FALSE,,FALSE,Te.F.2.L.A,Teal,dorm_sample,68.25
R022_R024.combined.B03,semibin2_22,66.38,0.32,Neural Network (Specific Model),11,0.915,52608,306.0210582,3798557,0.71,3799,100,148741,d__Bacteria;p__Actinomycetota;c__Actinomycetes;o__Mycobacteriales;f__Mycobacteriaceae;g__Mycobacterium;s__Mycobacterium grossiae,GCF_008329645.1,d__Bacteria;p__Actinomycetota;c__Actinomycetes;o__Mycobacteriales;f__Mycobacteriaceae;g__Mycobacterium;s__Mycobacterium grossiae,98.27,0,0,B03,,,,,,,,FALSE,,FALSE,Te.F.2.L.A,Teal,dorm_sample,68.25
R022_R024.combined.B03,semibin2_23,63.26,0.19,Neural Network (Specific Model),11,0.897,34940,304.0068128,3425726,0.69,3376,120,95078,d__Bacteria;p__Pseudomonadota;c__Gammaproteobacteria;o__Burkholderiales;f__Burkholderiaceae_C;g__Xenophilus;s__Xenophilus sp901875635,GCA_901875635.1,d__Bacteria;p__Pseudomonadota;c__Gammaproteobacteria;o__Burkholderiales;f__Burkholderiaceae_C;g__Xenophilus;s__Xenophilus sp901875635,98.78,0,0,B03,,,,,,,,FALSE,,FALSE,Te.F.2.L.A,Teal,dorm_sample,68.25
R022_R024.combined.B03,semibin2_24,60.61,1.16,Neural Network (Specific Model),11,0.901,34250,263.7905109,1199388,0.43,1370,37,112998,d__Bacteria;p__Pseudomonadota;c__Alphaproteobacteria;o__Micavibrionales;f__GCA-2720935;g__;s__,N/A,N/A,N/A,0,0,B03,,,,,,,,FALSE,,FALSE,Te.F.2.L.A,Teal,dorm_sample,68.25
R022_R024.combined.B03,semibin2_25,57.96,2.51,Gradient Boost (General Model),11,0.911,33704,267.3050847,1496910,0.49,1711,52,57899,d__Bacteria;p__Bdellovibrionota;c__Bdellovibrionia;o__Bdellovibrionales;f__UBA1609;g__;s__,N/A,N/A,N/A,0,0,B03,,,,,,,,FALSE,,FALSE,Te.F.2.L.A,Teal,dorm_sample,68.25
R022_R024.combined.B03,semibin2_26,61.58,0.71,Gradient Boost (General Model),11,0.914,30838,273.7169811,1612535,0.43,1802,61,71903,d__Bacteria;p__Bdellovibrionota;c__Bdellovibrionia;o__Bdellovibrionales;f__UBA1609;g__CAYHVK01;s__,N/A,N/A,N/A,0,0,B03,,,,,,,,FALSE,,FALSE,Te.F.2.L.A,Teal,dorm_sample,68.25
R022_R024.combined.B03,semibin2_27,38.1,0.09,Neural Network (Specific Model),11,0.922,83240,316.2123336,1465754,0.65,1427,21,187129,d__Bacteria;p__Pseudomonadota;c__Alphaproteobacteria;o__Sphingomonadales;f__Sphingomonadaceae;g__Sphingopyxis;s__,N/A,N/A,N/A,0,0,B03,,,,,,,,FALSE,,FALSE,Te.F.2.L.A,Teal,dorm_sample,68.25
R022_R024.combined.B03,semibin2_28,72.53,0.4,Neural Network (Specific Model),11,0.908,41240,321.0762926,3356878,0.66,3172,100,102655,d__Bacteria;p__Pseudomonadota;c__Gammaproteobacteria;o__Burkholderiales;f__Burkholderiaceae_C;g__Aquabacterium;s__Aquabacterium sp937923225,GCA_937923225.1,d__Bacteria;p__Pseudomonadota;c__Gammaproteobacteria;o__Burkholderiales;f__Burkholderiaceae_C;g__Aquabacterium;s__Aquabacterium sp937923225,97.84,0,0,B03,,,,,,,,FALSE,,FALSE,Te.F.2.L.A,Teal,dorm_sample,68.25
R022_R024.combined.B03,semibin2_29,55.27,2.71,Gradient Boost (General Model),11,0.901,25812,283.0227681,1567034,0.71,1669,70,69811,d__Bacteria;p__Actinomycetota;c__Actinomycetes;o__Actinomycetales;f__Microbacteriaceae;g__Pseudolysinimonas_A;s__,N/A,N/A,N/A,0,0,B03,,,,,,,,FALSE,,FALSE,Te.F.2.L.A,Teal,dorm_sample,68.25
R022_R024.combined.B03,semibin2_30,74.23,1.83,Gradient Boost (General Model),11,0.901,72552,304.4299611,4159926,0.65,4112,77,211514,d__Bacteria;p__Pseudomonadota;c__Alphaproteobacteria;o__Rhizobiales;f__Beijerinckiaceae;g__JAJXWB01;s__,N/A,N/A,N/A,0,0,B03,,,,,,,,FALSE,,FALSE,Te.F.2.L.A,Teal,dorm_sample,68.25
R022_R024.combined.B03,semibin2_31,52.14,1.13,Gradient Boost (General Model),11,0.861,27760,321.7824867,3983346,0.5,3563,156,69759,d__Bacteria;p__Cyanobacteriota;c__Vampirovibrionia;o__Obscuribacterales;f__Obscuribacteraceae;g__JADYXR01;s__,N/A,N/A,N/A,0,0,B03,,,,,,,,FALSE,,FALSE,Te.F.2.L.A,Teal,dorm_sample,68.25
R022_R024.combined.B03,semibin2_32,57.02,0.23,Neural Network (Specific Model),11,0.84,31430,340.8696864,5230350,0.64,4305,188,81588,d__Bacteria;p__Planctomycetota;c__Planctomycetia;o__Pirellulales;f__PNKZ01;g__CAYSUC01;s__,N/A,N/A,N/A,0,0,B03,,,,,,,,FALSE,,FALSE,Te.F.2.L.A,Teal,dorm_sample,68.25
R022_R024.combined.B03,semibin2_33,80.51,6.12,Gradient Boost (General Model),11,0.927,57651,323.7580286,3286433,0.44,3145,72,145071,d__Bacteria;p__Bacteroidota;c__Bacteroidia;o__Cytophagales;f__Cyclobacteriaceae;g__UBA2336;s__,N/A,N/A,N/A,0,0,B03,,,,,,,,FALSE,,FALSE,Te.F.2.L.A,Teal,dorm_sample,68.25
R022_R024.combined.B03,semibin2_34,55.93,7.46,Neural Network (Specific Model),11,0.888,26574,294.5319911,4431937,0.46,4470,180,77944,d__Bacteria;p__Bacteroidota;c__Bacteroidia;o__Cytophagales;f__Cyclobacteriaceae;g__Chryseolinea;s__,N/A,N/A,N/A,0,0,B03,,,,,,,,FALSE,,FALSE,Te.F.2.L.A,Teal,dorm_sample,68.25
R022_R024.combined.B03,semibin2_36,25.74,0.01,Neural Network (Specific Model),11,0.916,23375,269.3206612,531872,0.59,605,23,50790,d__Bacteria;p__Pseudomonadota;c__Alphaproteobacteria;o__Rickettsiales;f__UBA3002;g__QFOX01;s__,N/A,N/A,N/A,0,0,B03,,,,,,,,FALSE,,FALSE,Te.F.2.L.A,Teal,dorm_sample,68.25
R022_R024.combined.B03,semibin2_38,58.13,7.99,Gradient Boost (General Model),11,0.881,58729,367.4404494,4444186,0.67,3560,98,495339,d__Bacteria;p__Pseudomonadota;c__Gammaproteobacteria;o__Xanthomonadales;f__Rhodanobacteraceae;g__Tahibacter;s__,N/A,N/A,N/A,0,0,B03,,,,,,,,FALSE,,FALSE,Te.F.2.L.A,Teal,dorm_sample,68.25
R022_R024.combined.B03,semibin2_39,27.01,3.5,Neural Network (Specific Model),11,0.89,23250,294.458492,1298683,0.47,1313,61,48185,d__Bacteria;p__Bacteroidota;c__Bacteroidia;o__Chitinophagales;f__Chitinophagaceae;g__Rurimicrobium;s__,N/A,N/A,N/A,0,0,B03,,,,,,,,FALSE,,FALSE,Te.F.2.L.A,Teal,dorm_sample,68.25
R022_R024.combined.B03,semibin2_4,99.8,0.53,Gradient Boost (General Model),11,0.928,1014743,335.3608661,4048485,0.44,3741,9,1488014,d__Bacteria;p__Bacteroidota;c__Bacteroidia;o__Cytophagales;f__Cyclobacteriaceae;g__UBA2336;s__,N/A,N/A,N/A,1,0,B03,,,,,,,,FALSE,,FALSE,Te.F.2.L.A,Teal,dorm_sample,68.25
R022_R024.combined.B03,semibin2_40,31.7,0.59,Neural Network (Specific Model),11,0.913,28163,262.4647758,937485,0.45,1093,38,75449,d__Bacteria;p__Bdellovibrionota;c__Bdellovibrionia;o__Bdellovibrionales;f__Bdellovibrionaceae;g__Bdellovibrio;s__,N/A,N/A,N/A,0,0,B03,,,,,,,,FALSE,,FALSE,Te.F.2.L.A,Teal,dorm_sample,68.25
R022_R024.combined.B03,semibin2_41,33.37,0.39,Neural Network (Specific Model),11,0.901,31484,308.6601307,1880172,0.44,1836,72,69920,d__Bacteria;p__Bacteroidota;c__Bacteroidia;o__Chitinophagales;f__Chitinophagaceae;g__Flavitalea;s__,N/A,N/A,N/A,0,0,B03,,,,,,,,FALSE,,FALSE,Te.F.2.L.A,Teal,dorm_sample,68.25
R022_R024.combined.B03,semibin2_42,38.22,0.44,Gradient Boost (General Model),11,0.895,29473,361.7242991,4143031,0.69,3424,158,340122,d__Bacteria;p__Acidobacteriota;c__Vicinamibacteria;o__Vicinamibacterales;f__Vicinamibacteraceae;g__;s__,N/A,N/A,N/A,0,0,B03,,,,,,,,FALSE,,FALSE,Te.F.2.L.A,Teal,dorm_sample,68.25
R022_R024.combined.B03,semibin2_43,55.77,1.96,Neural Network (Specific Model),11,0.87,28852,273.2429071,2414461,0.58,2573,93,69103,d__Bacteria;p__Nitrospirota;c__Nitrospiria;o__Nitrospirales;f__Nitrospiraceae;g__Nitrospira_A;s__,N/A,N/A,N/A,0,0,B03,,,,,,,,FALSE,,FALSE,Te.F.2.L.A,Teal,dorm_sample,68.25
R022_R024.combined.B03,semibin2_45,31.59,0.02,Neural Network (Specific Model),11,0.897,24698,279.1912727,1281291,0.44,1375,56,60344,d__Bacteria;p__Bacteroidota;c__Bacteroidia;o__Chitinophagales;f__Chitinophagaceae;g__UBA5543;s__,N/A,N/A,N/A,0,0,B03,,,,,,,,FALSE,,FALSE,Te.F.2.L.A,Teal,dorm_sample,68.25
R022_R024.combined.B03,semibin2_48,64.29,19.96,Neural Network (Specific Model),11,0.906,280712,312.9413395,4477742,0.67,4330,21,1545683,d__Bacteria;p__Actinomycetota;c__Actinomycetes;o__Mycobacteriales;f__Mycobacteriaceae;g__Mycobacterium;s__Mycobacterium phocaicum,GCF_010731115.1,d__Bacteria;p__Actinomycetota;c__Actinomycetes;o__Mycobacteriales;f__Mycobacteriaceae;g__Mycobacterium;s__Mycobacterium phocaicum,95.85,0,0,B03,,,,,,,,FALSE,,FALSE,Te.F.2.L.A,Teal,dorm_sample,68.25
R022_R024.combined.B03,semibin2_50,18.68,0.07,Neural Network (Specific Model),11,0.863,23421,293.1051693,1139150,0.44,1122,52,42455,d__Bacteria;p__Bacteroidota;c__Bacteroidia;o__Chitinophagales;f__Chitinophagaceae;g__Agriterribacter;s__Agriterribacter sp051955255,GCA_051955255.1,d__Bacteria;p__Bacteroidota;c__Bacteroidia;o__Chitinophagales;f__Chitinophagaceae;g__Agriterribacter;s__Agriterribacter sp051955255,98.29,0,0,B03,,,,,,,,FALSE,,FALSE,Te.F.2.L.A,Teal,dorm_sample,68.25
R022_R024.combined.B03,semibin2_51,27.23,1.82,Neural Network (Specific Model),11,0.877,23893,288.1867284,1274134,0.42,1296,59,62141,d__Bacteria;p__Bacteroidota;c__Bacteroidia;o__Chitinophagales;f__Chitinophagaceae;g__;s__,N/A,N/A,N/A,0,0,B03,,,,,,,,FALSE,,FALSE,Te.F.2.L.A,Teal,dorm_sample,68.25
R022_R024.combined.B03,semibin2_53,51.41,2.65,Neural Network (Specific Model),11,0.903,30133,338.0316237,4211293,0.62,3763,153,98617,d__Bacteria;p__Pseudomonadota;c__Gammaproteobacteria;o__Steroidobacterales;f__Steroidobacteraceae;g__Steroidobacter;s__,N/A,N/A,N/A,0,0,B03,,,,,,,,FALSE,,FALSE,Te.F.2.L.A,Teal,dorm_sample,68.25
R022_R024.combined.B03,semibin2_54,22.38,0.12,Neural Network (Specific Model),11,0.908,23441,302.0060606,1150218,0.69,1155,49,60771,d__Bacteria;p__Pseudomonadota;c__Gammaproteobacteria;o__Burkholderiales;f__Burkholderiaceae_C;g__MR-S7;s__MR-S7 sp000400995,GCF_045291395.1,d__Bacteria;p__Pseudomonadota;c__Gammaproteobacteria;o__Burkholderiales;f__Burkholderiaceae_C;g__MR-S7;s__MR-S7 sp000400995,98.31,0,0,B03,,,,,,,,FALSE,,FALSE,Te.F.2.L.A,Teal,dorm_sample,68.25
R022_R024.combined.B03,semibin2_6,94.42,2.18,Gradient Boost (General Model),11,0.911,170572,353.9963812,4824513,0.47,4145,38,298509,d__Bacteria;p__Bacteroidota;c__Bacteroidia;o__B-17B0;f__Aurantibacillaceae;g__Aurantibacillus;s__,N/A,N/A,N/A,0,0,B03,,,,,,,,FALSE,,FALSE,Te.F.2.L.A,Teal,dorm_sample,68.25
R022_R024.combined.B03,semibin2_64,77.03,19.98,Gradient Boost (General Model),11,0.922,39868,351.0918268,5872901,0.69,5151,172,109865,d__Bacteria;p__Acidobacteriota;c__Vicinamibacteria;o__Vicinamibacterales;f__UBA2999;g__VFZN01;s__,N/A,N/A,N/A,0,0,B03,,,,,,,,FALSE,,FALSE,Te.F.2.L.A,Teal,dorm_sample,68.25
R022_R024.combined.B03,semibin2_7,99.81,0.31,Neural Network (Specific Model),11,0.9,211772,348.6726824,6111272,0.48,5264,44,556242,d__Bacteria;p__Bacteroidota;c__Bacteroidia;o__B-17B0;f__Aurantibacillaceae;g__UBA4416;s__,N/A,N/A,N/A,0,0,B03,,,,,,,,FALSE,,FALSE,Te.F.2.L.A,Teal,dorm_sample,68.25
R022_R024.combined.B03,semibin2_9,94.49,0.02,Gradient Boost (General Model),11,0.881,255850,305.4567411,3396974,0.63,3271,24,460682,d__Bacteria;p__Pseudomonadota;c__Alphaproteobacteria;o__Rhizobiales;f__Hyphomicrobiaceae;g__JAKAXS01;s__JAKAXS01 sp021816505,GCA_021816505.1,d__Bacteria;p__Pseudomonadota;c__Alphaproteobacteria;o__Rhizobiales;f__Hyphomicrobiaceae;g__JAKAXS01;s__JAKAXS01 sp021816505,97.83,0,0,B03,,,,,,,,FALSE,,FALSE,Te.F.2.L.A,Teal,dorm_sample,68.25
R022_R024.combined.B04,metabat2.1,100,0.04,Neural Network (Specific Model),11,0.917,5127542,335.3648622,5598906,0.67,5117,4,5127542,d__Bacteria;p__Actinomycetota;c__Actinomycetes;o__Mycobacteriales;f__Mycobacteriaceae;g__Mycobacterium;s__,N/A,N/A,N/A,1,0,B04,,,,,,,,FALSE,u3545ctg_len-5127542,TRUE,Te.F.1.H.B,Teal,dorm_sample,19.5
R022_R024.combined.B04,semibin2_2,24.13,0.27,Neural Network (Specific Model),11,0.886,14060,259.9023508,1453944,0.67,1659,107,35019,d__Bacteria;p__Actinomycetota;c__Actinomycetes;o__Mycobacteriales;f__Mycobacteriaceae;g__Mycobacterium;s__,N/A,N/A,N/A,0,0,B04,,,,,,,,FALSE,,FALSE,Te.F.1.H.B,Teal,dorm_sample,19.5
R022_R024.combined.B06,metabat2.1,79.78,0.81,Neural Network (Specific Model),11,0.913,110400,309.7409069,4296843,0.67,4234,49,284883,d__Bacteria;p__Actinomycetota;c__Actinomycetes;o__Mycobacteriales;f__Mycobacteriaceae;g__Mycobacterium;s__Mycobacterium phocaicum,GCF_010731115.1,d__Bacteria;p__Actinomycetota;c__Actinomycetes;o__Mycobacteriales;f__Mycobacteriaceae;g__Mycobacterium;s__Mycobacterium phocaicum,95.82,0,0,B06,,,,,,,,FALSE,,FALSE,Co.F.4.H.C,Collins,dorm_sample,7.02
R022_R024.combined.B06,semibin2_1,33.64,1.01,Neural Network (Specific Model),11,0.881,14195,283.931745,1497320,0.67,1553,110,38068,d__Bacteria;p__Pseudomonadota;c__Gammaproteobacteria;o__Burkholderiales;f__Burkholderiaceae_C;g__Ottowia;s__Ottowia sp018060485,GCA_018060485.1,d__Bacteria;p__Pseudomonadota;c__Gammaproteobacteria;o__Burkholderiales;f__Burkholderiaceae_C;g__Ottowia;s__Ottowia sp018060485,97.74,0,0,B06,,,,,,,,FALSE,,FALSE,Co.F.4.H.C,Collins,dorm_sample,7.02
R022_R024.combined.B07,complete.1,94.51,0.09,Neural Network (Specific Model),11,0.906,4987775,321.6163187,4987775,0.64,4694,1,4987775,d__Bacteria;p__Pseudomonadota;c__Alphaproteobacteria;o__Sphingomonadales;f__Sphingomonadaceae;g__Sphingopyxis;s__,N/A,N/A,N/A,1,1,B07,1,1,1,3,51,1,1,TRUE,,FALSE,He.F.3.L.B,Heritage,dorm_sample,102.75
R022_R024.combined.B07,complete.10,100,1.04,Neural Network (Specific Model),11,0.903,3294101,304.4593683,3294101,0.66,3261,1,3294101,d__Bacteria;p__Pseudomonadota;c__Alphaproteobacteria;o__Caulobacterales;f__Caulobacteraceae;g__Brevundimonas;s__Brevundimonas fontaquae,GCF_017086445.1,d__Bacteria;p__Pseudomonadota;c__Alphaproteobacteria;o__Caulobacterales;f__Caulobacteraceae;g__Brevundimonas;s__Brevundimonas fontaquae,95.16,1,1,B07,2,2,2,6,58,2,1,TRUE,,FALSE,He.F.3.L.B,Heritage,dorm_sample,102.75
R022_R024.combined.B07,complete.12,98.51,2.17,Gradient Boost (General Model),11,0.928,8926504,361.1072547,8926504,0.68,7664,1,8926504,d__Bacteria;p__Myxococcota_A;c__Polyangia;o__Polyangiales;f__Polyangiaceae;g__Labilithrix;s__,N/A,N/A,N/A,1,1,B07,1,1,1,3,74,1,0,TRUE,,FALSE,He.F.3.L.B,Heritage,dorm_sample,102.75
R022_R024.combined.B07,complete.14,99.99,0.36,Neural Network (Specific Model),11,0.912,4470462,309.6105048,4470462,0.68,4398,1,4470462,d__Bacteria;p__Pseudomonadota;c__Alphaproteobacteria;o__Caulobacterales;f__Caulobacteraceae;g__Phenylobacterium;s__Phenylobacterium sp041919955,GCF_041919955.1,d__Bacteria;p__Pseudomonadota;c__Alphaproteobacteria;o__Caulobacterales;f__Caulobacteraceae;g__Phenylobacterium;s__Phenylobacterium sp041919955,99.28,1,1,B07,2,2,2,6,52,2,3,TRUE,,FALSE,He.F.3.L.B,Heritage,dorm_sample,102.75
R022_R024.combined.B07,complete.17,100,1,Neural Network (Specific Model),11,0.915,6170228,318.1417482,6170228,0.67,5926,1,6170228,d__Bacteria;p__Actinomycetota;c__Actinomycetes;o__Mycobacteriales;f__Mycobacteriaceae;g__Mycobacterium;s__Mycobacterium phocaicum,GCF_010731115.1,d__Bacteria;p__Actinomycetota;c__Actinomycetes;o__Mycobacteriales;f__Mycobacteriaceae;g__Mycobacterium;s__Mycobacterium phocaicum,95.35,1,1,B07,2,2,2,6,65,2,1,TRUE,,FALSE,He.F.3.L.B,Heritage,dorm_sample,102.75
R022_R024.combined.B07,complete.30,99.98,0.49,Neural Network (Specific Model),11,0.927,3860586,326.5665119,3860586,0.71,3661,1,3860586,d__Bacteria;p__Actinomycetota;c__Actinomycetes;o__Actinomycetales;f__Microbacteriaceae;g__Microbacterium;s__Microbacterium sufflavum,GCF_023091155.1,d__Bacteria;p__Actinomycetota;c__Actinomycetes;o__Actinomycetales;f__Microbacteriaceae;g__Microbacterium;s__Microbacterium sufflavum,99.13,1,1,B07,2,2,2,6,48,2,1,TRUE,,FALSE,He.F.3.L.B,Heritage,dorm_sample,102.75
R022_R024.combined.B07,complete.48,100,0.03,Gradient Boost (General Model),11,0.928,2177874,305.860444,2177874,0.58,2207,1,2177874,d__Bacteria;p__Pseudomonadota;c__Alphaproteobacteria;o__Rickettsiales;f__UBA3002;g__QFOX01;s__,N/A,N/A,N/A,1,1,B07,1,1,1,3,44,0,1,TRUE,u430782ctg_len-2177874,TRUE,He.F.3.L.B,Heritage,dorm_sample,102.75
R022_R024.combined.B07,complete.49,99.97,0.27,Neural Network (Specific Model),11,0.901,3412383,318.7116279,3412383,0.4,3225,1,3412383,d__Bacteria;p__Bdellovibrionota;c__Bdellovibrionia;o__Bdellovibrionales;f__JAEYZS01;g__CAUJDY01;s__,N/A,N/A,N/A,1,1,B07,1,1,1,3,34,1,1,TRUE,u648624ctg_len-3412383,TRUE,He.F.3.L.B,Heritage,dorm_sample,102.75
R022_R024.combined.B07,complete.50,100,1.35,Neural Network (Specific Model),11,0.913,4051461,324.1664042,4051461,0.67,3810,1,4051461,d__Bacteria;p__Pseudomonadota;c__Alphaproteobacteria;o__Caulobacterales;f__Caulobacteraceae;g__Caulobacter;s__Caulobacter sp913776195,GCA_913776195.1,d__Bacteria;p__Pseudomonadota;c__Alphaproteobacteria;o__Caulobacterales;f__Caulobacteraceae;g__Caulobacter;s__Caulobacter sp913776195,97.16,1,1,B07,1,1,1,3,46,1,0,TRUE,u170595ctg_len-4051461,TRUE,He.F.3.L.B,Heritage,dorm_sample,102.75
R022_R024.combined.B07,complete.51,99.99,0.11,Neural Network (Specific Model),11,0.902,4234345,316.0934788,4234345,0.65,4033,1,4234345,d__Bacteria;p__Pseudomonadota;c__Alphaproteobacteria;o__Sphingomonadales;f__Sphingomonadaceae;g__Sphingopyxis;s__Sphingopyxis sp001468395,GCF_001468395.1,d__Bacteria;p__Pseudomonadota;c__Alphaproteobacteria;o__Sphingomonadales;f__Sphingomonadaceae;g__Sphingopyxis;s__Sphingopyxis sp001468395,96.93,1,1,B07,1,1,1,3,47,1,0,TRUE,u264938ctg_len-4234345,TRUE,He.F.3.L.B,Heritage,dorm_sample,102.75
R022_R024.combined.B07,complete.53,98.99,1.26,Gradient Boost (General Model),11,0.916,5420783,356.1699979,5420783,0.47,4653,1,5420783,d__Bacteria;p__Bacteroidota;c__Bacteroidia;o__B-17B0;f__Aurantibacillaceae;g__Aurantibacillus;s__,N/A,N/A,N/A,1,1,B07,2,2,2,6,39,2,1,TRUE,u584444ctg_len-5420783,TRUE,He.F.3.L.B,Heritage,dorm_sample,102.75
R022_R024.combined.B07,complete.54,99.63,0.03,Neural Network (Specific Model),11,0.922,3899861,370.2727553,3899861,0.45,3241,1,3899861,d__Bacteria;p__Bacteroidota;c__Bacteroidia;o__UKL13-3;f__UKL13-3;g__UBA6183;s__,N/A,N/A,N/A,1,1,B07,2,3,2,7,35,2,1,TRUE,u606128ctg_len-3899861,TRUE,He.F.3.L.B,Heritage,dorm_sample,102.75
R022_R024.combined.B07,complete.55,99.99,0.47,Neural Network (Specific Model),11,0.906,3553784,309.2801265,3553784,0.67,3477,1,3553784,d__Bacteria;p__Pseudomonadota;c__Alphaproteobacteria;o__Caulobacterales;f__Caulobacteraceae;g__Brevundimonas;s__Brevundimonas pondensis,GCF_017487345.1,d__Bacteria;p__Pseudomonadota;c__Alphaproteobacteria;o__Caulobacterales;f__Caulobacteraceae;g__Brevundimonas;s__Brevundimonas pondensis,97.95,1,1,B07,2,2,2,6,54,2,3,TRUE,u805731ctg_len-3553784,TRUE,He.F.3.L.B,Heritage,dorm_sample,102.75
R022_R024.combined.B07,complete.56,99.04,0.4,Gradient Boost (General Model),11,0.921,6231870,317.1989737,6231870,0.65,6041,1,6231870,d__Bacteria;p__Pseudomonadota;c__Alphaproteobacteria;o__Reyranellales;f__Reyranellaceae;g__Reyranella;s__,N/A,N/A,N/A,1,1,B07,1,1,1,3,51,1,1,TRUE,u799865ctg_len-6231870,TRUE,He.F.3.L.B,Heritage,dorm_sample,102.75
R022_R024.combined.B07,complete.57,100,0.01,Neural Network (Specific Model),11,0.872,3217180,306.4968883,3217180,0.39,3053,1,3217180,d__Bacteria;p__Pseudomonadota;c__Gammaproteobacteria;o__Pseudomonadales;f__Moraxellaceae;g__Acinetobacter;s__Acinetobacter junii,GCF_000368765.1,d__Bacteria;p__Pseudomonadota;c__Gammaproteobacteria;o__Pseudomonadales;f__Moraxellaceae;g__Acinetobacter;s__Acinetobacter junii,97.91,1,1,B07,6,6,6,18,75,6,1,TRUE,u305315ctg_len-3217180,TRUE,He.F.3.L.B,Heritage,dorm_sample,102.75
R022_R024.combined.B07,complete.58,99.98,0.3,Neural Network (Specific Model),11,0.915,4069108,315.0455927,4069108,0.65,3948,1,4069108,d__Bacteria;p__Pseudomonadota;c__Alphaproteobacteria;o__Sphingomonadales;f__Sphingomonadaceae;g__Sphingomonas;s__,N/A,N/A,N/A,1,1,B07,2,2,2,6,56,2,3,TRUE,u439317ctg_len-4069108,TRUE,He.F.3.L.B,Heritage,dorm_sample,102.75
R022_R024.combined.B07,complete.59,99.97,0.57,Neural Network (Specific Model),11,0.881,8322614,373.6758863,8322614,0.52,6544,1,8322614,d__Bacteria;p__Bacteroidota;c__Bacteroidia;o__Chitinophagales;f__Chitinophagaceae;g__Paraflavitalea;s__,N/A,N/A,N/A,1,1,B07,3,3,3,9,53,2,0,TRUE,u149047ctg_len-8322614,TRUE,He.F.3.L.B,Heritage,dorm_sample,102.75
R022_R024.combined.B07,complete.60,96.46,0.74,Gradient Boost (General Model),11,0.902,6242936,356.0704812,6242936,0.48,5278,1,6242936,d__Bacteria;p__Bacteroidota;c__Bacteroidia;o__B-17B0;f__Aurantibacillaceae;g__UBA4416;s__,N/A,N/A,N/A,1,1,B07,2,3,2,7,66,2,2,TRUE,u272158ctg_len-6242936,TRUE,He.F.3.L.B,Heritage,dorm_sample,102.75
R022_R024.combined.B07,complete.61,100,0.18,Neural Network (Specific Model),11,0.901,4232757,344.3987547,4232757,0.38,3694,1,4232757,d__Bacteria;p__Bacteroidota;c__Bacteroidia;o__Cytophagales;f__Cytophagaceae;g__Cytophaga;s__,N/A,N/A,N/A,1,1,B07,3,3,3,9,37,3,0,TRUE,u331363ctg_len-4232757,TRUE,He.F.3.L.B,Heritage,dorm_sample,102.75
R022_R024.combined.B07,metabat2.25,99.99,0.19,Neural Network (Specific Model),11,0.91,1208273,310.1843165,4307294,0.69,4221,3,1898955,d__Bacteria;p__Pseudomonadota;c__Alphaproteobacteria;o__Caulobacterales;f__Caulobacteraceae;g__Phenylobacterium;s__,N/A,N/A,N/A,1,0,B07,,,,,,,,FALSE,,FALSE,He.F.3.L.B,Heritage,dorm_sample,102.75
R022_R024.combined.B07,metabat2.35_sub,100,60.45,Neural Network (Specific Model),11,0.902,349487,328.8110368,7180186,0.67,6578,36,846118,d__Bacteria;p__Pseudomonadota;c__Gammaproteobacteria;o__Xanthomonadales;f__Xanthomonadaceae;g__Pseudoxanthomonas_A;s__Pseudoxanthomonas_A japonensis,GCF_010093445.1,d__Bacteria;p__Pseudomonadota;c__Gammaproteobacteria;o__Xanthomonadales;f__Xanthomonadaceae;g__Pseudoxanthomonas_A;s__Pseudoxanthomonas_A japonensis,96,0,0,B07,,,,,,,,FALSE,,FALSE,He.F.3.L.B,Heritage,dorm_sample,102.75
R022_R024.combined.B07,metabat2.40_sub,100,28.14,Gradient Boost (General Model),11,0.912,1446688,319.8877013,7566191,0.67,7204,7,1729107,d__Bacteria;p__Actinomycetota;c__Actinomycetes;o__Mycobacteriales;f__Mycobacteriaceae;g__Mycobacterium;s__Mycobacterium phocaicum,GCF_010731115.1,d__Bacteria;p__Actinomycetota;c__Actinomycetes;o__Mycobacteriales;f__Mycobacteriaceae;g__Mycobacterium;s__Mycobacterium phocaicum,95.62,0,0,B07,,,,,,,,FALSE,,FALSE,He.F.3.L.B,Heritage,dorm_sample,102.75
R022_R024.combined.B07,metabat2.41,86.49,0.15,Neural Network (Specific Model),11,0.902,91264,313.5152151,3967251,0.67,3812,45,379340,d__Bacteria;p__Pseudomonadota;c__Alphaproteobacteria;o__Sphingomonadales;f__Sphingomonadaceae;g__Sphingopyxis;s__Sphingopyxis sp022701295,GCF_022701295.1,d__Bacteria;p__Pseudomonadota;c__Alphaproteobacteria;o__Sphingomonadales;f__Sphingomonadaceae;g__Sphingopyxis;s__Sphingopyxis sp022701295,98.22,0,0,B07,,,,,,,,FALSE,,FALSE,He.F.3.L.B,Heritage,dorm_sample,102.75
R022_R024.combined.B07,metabat2.45,98.76,0.06,Neural Network (Specific Model),11,0.927,220874,328.6465278,3058913,0.72,2880,19,398726,d__Bacteria;p__Actinomycetota;c__Actinomycetes;o__Actinomycetales;f__Microbacteriaceae;g__Homoserinibacter;s__Homoserinibacter sp001898835,GCA_001898835.1,d__Bacteria;p__Actinomycetota;c__Actinomycetes;o__Actinomycetales;f__Microbacteriaceae;g__Homoserinibacter;s__Homoserinibacter sp001898835,96.2,1,0,B07,,,,,,,,FALSE,,FALSE,He.F.3.L.B,Heritage,dorm_sample,102.75
R022_R024.combined.B07,metabat2.46,99.98,1.25,Gradient Boost (General Model),11,0.926,3536561,339.4755267,6926530,0.7,6313,3,3536561,d__Bacteria;p__Pseudomonadota;c__Gammaproteobacteria;o__Burkholderiales;f__Burkholderiaceae_C;g__Aquincola;s__Aquincola tertiaricarbonis_B,GCF_023573145.1,d__Bacteria;p__Pseudomonadota;c__Gammaproteobacteria;o__Burkholderiales;f__Burkholderiaceae_C;g__Aquincola;s__Aquincola tertiaricarbonis_B,98.12,1,0,B07,,,,,,,,FALSE,,FALSE,He.F.3.L.B,Heritage,dorm_sample,102.75
R022_R024.combined.B07,metabat2.47,21.45,0.2,Neural Network (Specific Model),11,0.918,44470,311.2624878,1036057,0.67,1021,22,94727,d__Bacteria;p__Actinomycetota;c__Actinomycetes;o__Mycobacteriales;f__Mycobacteriaceae;g__Mycobacterium;s__Mycobacterium phocaicum,GCF_010731115.1,d__Bacteria;p__Actinomycetota;c__Actinomycetes;o__Mycobacteriales;f__Mycobacteriaceae;g__Mycobacterium;s__Mycobacterium phocaicum,95.9,0,0,B07,,,,,,,,FALSE,,FALSE,He.F.3.L.B,Heritage,dorm_sample,102.75
R022_R024.combined.B07,metabat2.48_sub,72.57,9.63,Neural Network (Specific Model),11,0.885,56068,290.8186006,4483024,0.66,4559,84,160412,d__Bacteria;p__Pseudomonadota;c__Alphaproteobacteria;o__Rhizobiales;f__Beijerinckiaceae;g__Allobosea;s__Allobosea sp024655635,GCF_024655635.1,d__Bacteria;p__Pseudomonadota;c__Alphaproteobacteria;o__Rhizobiales;f__Beijerinckiaceae;g__Allobosea;s__Allobosea sp024655635,98.9,0,0,B07,,,,,,,,FALSE,,FALSE,He.F.3.L.B,Heritage,dorm_sample,102.75
R022_R024.combined.B07,metabat2.49,100,1.79,Neural Network (Specific Model),11,0.918,7253911,330.6019623,8137188,0.69,7542,2,7253911,d__Bacteria;p__Pseudomonadota;c__Gammaproteobacteria;o__Burkholderiales;f__Burkholderiaceae_C;g__Pseudorhodoferax;s__,N/A,N/A,N/A,1,0,B07,,,,,,,,FALSE,,FALSE,He.F.3.L.B,Heritage,dorm_sample,102.75
R022_R024.combined.B07,metabat2.52,76.39,0.69,Neural Network (Specific Model),11,0.898,165583,340.5416667,3679497,0.66,3240,34,336356,d__Bacteria;p__Pseudomonadota;c__Gammaproteobacteria;o__Burkholderiales;f__Burkholderiaceae_C;g__Aquabacterium;s__Aquabacterium sp937923225,GCA_937923225.1,d__Bacteria;p__Pseudomonadota;c__Gammaproteobacteria;o__Burkholderiales;f__Burkholderiaceae_C;g__Aquabacterium;s__Aquabacterium sp937923225,97.91,0,0,B07,,,,,,,,FALSE,,FALSE,He.F.3.L.B,Heritage,dorm_sample,102.75
R022_R024.combined.B07,metabat2.54,99.99,1.03,Neural Network (Specific Model),11,0.905,3839948,326.9485756,4483113,0.67,4142,4,3839948,d__Bacteria;p__Pseudomonadota;c__Alphaproteobacteria;o__Rhodospirillales;f__Magnetospirillaceae;g__Magnetospirillum;s__Magnetospirillum sp023458315,GCA_023458315.1,d__Bacteria;p__Pseudomonadota;c__Alphaproteobacteria;o__Rhodospirillales;f__Magnetospirillaceae;g__Magnetospirillum;s__Magnetospirillum sp023458315,98.79,1,0,B07,,,,,,,,FALSE,,FALSE,He.F.3.L.B,Heritage,dorm_sample,102.75
R022_R024.combined.B07,metabat2.56,42.27,4.5,Neural Network (Specific Model),4,0.879,5618438,495.6493969,8510858,0.65,5057,2,5618438,d__Bacteria;p__Planctomycetota;c__Planctomycetia;o__Planctomycetales;f__Planctomycetaceae;g__Planctomyces_A;s__Planctomyces_A sp001610835,GCF_001610835.1,d__Bacteria;p__Planctomycetota;c__Planctomycetia;o__Planctomycetales;f__Planctomycetaceae;g__Planctomyces_A;s__Planctomyces_A sp001610835,96.89,0,0,B07,,,,,,,,FALSE,,FALSE,He.F.3.L.B,Heritage,dorm_sample,102.75
R022_R024.combined.B07,metabat2.58,99.92,0.16,Neural Network (Specific Model),11,0.886,3963624,349.8770546,5402839,0.39,4563,3,3963624,d__Bacteria;p__Bacteroidota;c__Bacteroidia;o__Sphingobacteriales;f__Sphingobacteriaceae;g__Pedobacter;s__Pedobacter chitinilyticus,GCF_003313385.1,d__Bacteria;p__Bacteroidota;c__Bacteroidia;o__Sphingobacteriales;f__Sphingobacteriaceae;g__Pedobacter;s__Pedobacter chitinilyticus,97.69,1,0,B07,,,,,,,,FALSE,u629777ctg_len-3963624,TRUE,He.F.3.L.B,Heritage,dorm_sample,102.75
R022_R024.combined.B07,metabat2.60,100,0.77,Neural Network (Specific Model),11,0.905,3698220,326.3077889,4298545,0.67,3980,3,3698220,d__Bacteria;p__Pseudomonadota;c__Gammaproteobacteria;o__Xanthomonadales;f__Xanthomonadaceae;g__Pseudoxanthomonas_A;s__Pseudoxanthomonas_A mexicana,GCF_010093385.1,d__Bacteria;p__Pseudomonadota;c__Gammaproteobacteria;o__Xanthomonadales;f__Xanthomonadaceae;g__Pseudoxanthomonas_A;s__Pseudoxanthomonas_A mexicana,97.38,1,0,B07,,,,,,,,FALSE,,FALSE,He.F.3.L.B,Heritage,dorm_sample,102.75
R022_R024.combined.B07,metabat2.71,99.97,0.11,Neural Network (Specific Model),11,0.903,522885,307.2862367,3065980,0.67,3008,10,570930,d__Bacteria;p__Pseudomonadota;c__Alphaproteobacteria;o__Caulobacterales;f__Caulobacteraceae;g__Brevundimonas;s__,N/A,N/A,N/A,1,0,B07,,,,,,,,FALSE,,FALSE,He.F.3.L.B,Heritage,dorm_sample,102.75
R022_R024.combined.B07,metabat2.72,99.66,0.04,Neural Network (Specific Model),11,0.921,2278290,307.5756965,2977979,0.39,2979,3,2278290,d__Bacteria;p__Bdellovibrionota;c__Bdellovibrionia;o__Bdellovibrionales;f__JAEYZS01;g__JAEYZS01;s__,N/A,N/A,N/A,1,0,B07,,,,,,,,FALSE,,FALSE,He.F.3.L.B,Heritage,dorm_sample,102.75
R022_R024.combined.B07,metabat2.86,99.95,0,Neural Network (Specific Model),11,0.883,4080719,381.5481289,5982572,0.68,4623,2,4080719,d__Bacteria;p__Pseudomonadota;c__Gammaproteobacteria;o__Xanthomonadales;f__Rhodanobacteraceae;g__Tahibacter;s__,N/A,N/A,N/A,1,0,B07,,,,,,,,FALSE,,FALSE,He.F.3.L.B,Heritage,dorm_sample,102.75
R022_R024.combined.B07,metabat2.87,81.06,1.57,Gradient Boost (General Model),11,0.841,92660,332.8283898,5597264,0.62,4720,65,260184,d__Bacteria;p__Planctomycetota;c__Planctomycetia;o__Pirellulales;f__Lacipirellulaceae;g__Lacipirellula;s__,N/A,N/A,N/A,0,0,B07,,,,,,,,FALSE,,FALSE,He.F.3.L.B,Heritage,dorm_sample,102.75
R022_R024.combined.B07,metabat2.90,100,0.95,Neural Network (Specific Model),11,0.886,2417402,320.2804037,4398626,0.63,4062,4,2417402,d__Bacteria;p__Pseudomonadota;c__Gammaproteobacteria;o__Burkholderiales;f__Burkholderiaceae_C;g__Acidovorax;s__Acidovorax temperans,GCF_006716905.1,d__Bacteria;p__Pseudomonadota;c__Gammaproteobacteria;o__Burkholderiales;f__Burkholderiaceae_C;g__Acidovorax;s__Acidovorax temperans,96.45,1,0,B07,,,,,,,,FALSE,,FALSE,He.F.3.L.B,Heritage,dorm_sample,102.75
R022_R024.combined.B07,semibin2_115,19.52,3.03,Neural Network (Specific Model),11,0.884,14609,276.9944598,1015272,0.68,1083,72,34273,d__Bacteria;p__Pseudomonadota;c__Alphaproteobacteria;o__Caulobacterales;f__Caulobacteraceae;g__Brevundimonas;s__,N/A,N/A,N/A,0,0,B07,,,,,,,,FALSE,,FALSE,He.F.3.L.B,Heritage,dorm_sample,102.75
R022_R024.combined.B07,semibin2_117,19.09,2.55,Neural Network (Specific Model),11,0.848,22990,270.8323191,1412005,0.7,1479,65,54571,d__Bacteria;p__Pseudomonadota;c__Alphaproteobacteria;o__Rhizobiales;f__Beijerinckiaceae;g__Methylobacterium;s__,N/A,N/A,N/A,0,0,B07,,,,,,,,FALSE,,FALSE,He.F.3.L.B,Heritage,dorm_sample,102.75
R022_R024.combined.B07,semibin2_118,74.32,23.17,Gradient Boost (General Model),11,0.872,20177,272.5181389,8110361,0.64,8683,422,126753,d__Bacteria;p__Pseudomonadota;c__Alphaproteobacteria;o__;f__;g__;s__,N/A,N/A,N/A,0,0,B07,,,,,,,,FALSE,u649231ctg_len-126753,TRUE,He.F.3.L.B,Heritage,dorm_sample,102.75
R022_R024.combined.B07,semibin2_13,99.88,1.39,Neural Network (Specific Model),11,0.904,151548,350.4613295,8118183,0.5,6995,83,364847,d__Bacteria;p__Bacteroidota;c__Bacteroidia;o__Cytophagales;f__Spirosomataceae;g__Dyadobacter;s__Dyadobacter fermentans_A,GCF_019924045.2,d__Bacteria;p__Bacteroidota;c__Bacteroidia;o__Cytophagales;f__Spirosomataceae;g__Dyadobacter;s__Dyadobacter fermentans_A,97.99,0,0,B07,,,,,,,,FALSE,,FALSE,He.F.3.L.B,Heritage,dorm_sample,102.75
R022_R024.combined.B07,semibin2_14,99.97,1.66,Neural Network (Specific Model),11,0.927,617871,321.9437849,2979277,0.69,2864,9,910333,d__Bacteria;p__Actinomycetota;c__Actinomycetes;o__Actinomycetales;f__Microbacteriaceae;g__Microbacterium;s__Microbacterium sp003248845,GCF_037147735.1,d__Bacteria;p__Actinomycetota;c__Actinomycetes;o__Actinomycetales;f__Microbacteriaceae;g__Microbacterium;s__Microbacterium sp003248845,97.73,1,0,B07,,,,,,,,FALSE,u161611ctg_len-30781,TRUE,He.F.3.L.B,Heritage,dorm_sample,102.75
R022_R024.combined.B07,semibin2_17,88.42,0.69,Gradient Boost (General Model),11,0.92,67914,314.7885728,4425472,0.46,4323,93,181411,d__Bacteria;p__Bdellovibrionota_B;c__Oligoflexia;o__Oligoflexales;f__CACXFL01;g__;s__,N/A,N/A,N/A,0,0,B07,,,,,,,,FALSE,,FALSE,He.F.3.L.B,Heritage,dorm_sample,102.75
R022_R024.combined.B07,semibin2_18,88.84,0.84,Gradient Boost (General Model),11,0.904,51881,306.9410029,3445016,0.46,3390,89,121374,d__Bacteria;p__Bacteroidota;c__Bacteroidia;o__Chitinophagales;f__Chitinophagaceae;g__Polluticoccus;s__,N/A,N/A,N/A,0,0,B07,,,,,,,,FALSE,,FALSE,He.F.3.L.B,Heritage,dorm_sample,102.75
R022_R024.combined.B07,semibin2_19,87.31,2.18,Neural Network (Specific Model),11,0.886,70175,334.0154338,6002995,0.42,5313,105,220334,d__Bacteria;p__Bacteroidota;c__Bacteroidia;o__Chitinophagales;f__Chitinophagaceae;g__Niabella;s__Niabella sp052044285,GCF_052044285.1,d__Bacteria;p__Bacteroidota;c__Bacteroidia;o__Chitinophagales;f__Chitinophagaceae;g__Niabella;s__Niabella sp052044285,96.08,0,0,B07,,,,,,,,FALSE,,FALSE,He.F.3.L.B,Heritage,dorm_sample,102.75
R022_R024.combined.B07,semibin2_20,83.16,0.15,Neural Network (Specific Model),11,0.898,54019,332.9826525,1983215,0.34,1787,47,168464,d__Bacteria;p__Chlamydiota;c__Chlamydiia;o__Chlamydiales;f__Parachlamydiaceae;g__JASBUW01;s__,N/A,N/A,N/A,0,0,B07,,,,,,,,FALSE,,FALSE,He.F.3.L.B,Heritage,dorm_sample,102.75
R022_R024.combined.B07,semibin2_22,99.72,5.22,Neural Network (Specific Model),11,0.891,878828,304.0813923,3906162,0.66,3821,10,1299583,d__Bacteria;p__Pseudomonadota;c__Gammaproteobacteria;o__Burkholderiales;f__Burkholderiaceae_C;g__Ottowia;s__Ottowia sp018060485,GCA_018060485.1,d__Bacteria;p__Pseudomonadota;c__Gammaproteobacteria;o__Burkholderiales;f__Burkholderiaceae_C;g__Ottowia;s__Ottowia sp018060485,98.66,0,0,B07,,,,,,,,FALSE,,FALSE,He.F.3.L.B,Heritage,dorm_sample,102.75
R022_R024.combined.B07,semibin2_23,84.29,0.45,Neural Network (Specific Model),11,0.915,84098,312.0762227,3921951,0.66,3844,68,152264,d__Bacteria;p__Pseudomonadota;c__Alphaproteobacteria;o__Sphingomonadales;f__Sphingomonadaceae;g__Sphingomonas;s__Sphingomonas koreensis,GCF_002797435.1,d__Bacteria;p__Pseudomonadota;c__Alphaproteobacteria;o__Sphingomonadales;f__Sphingomonadaceae;g__Sphingomonas;s__Sphingomonas koreensis,98.39,0,0,B07,,,,,,,,FALSE,,FALSE,He.F.3.L.B,Heritage,dorm_sample,102.75
R022_R024.combined.B07,semibin2_24,86.99,0.24,Neural Network (Specific Model),11,0.914,78129,360.7847783,6587435,0.48,5571,126,187945,d__Bacteria;p__Bacteroidota;c__Bacteroidia;o__Chitinophagales;f__Chitinophagaceae;g__Pseudobacter;s__,N/A,N/A,N/A,0,0,B07,,,,,,,,FALSE,,FALSE,He.F.3.L.B,Heritage,dorm_sample,102.75
R022_R024.combined.B07,semibin2_25,47.51,0.01,Neural Network (Specific Model),11,0.921,39991,303.3729952,2642183,0.67,2681,76,113102,d__Bacteria;p__Pseudomonadota;c__Alphaproteobacteria;o__Reyranellales;f__Reyranellaceae;g__Reyranella;s__,N/A,N/A,N/A,0,0,B07,,,,,,,,FALSE,,FALSE,He.F.3.L.B,Heritage,dorm_sample,102.75
R022_R024.combined.B07,semibin2_26,64.71,0.16,Neural Network (Specific Model),11,0.852,54522,296.6585366,4106029,0.72,3936,92,181021,d__Bacteria;p__Pseudomonadota;c__Alphaproteobacteria;o__Rhizobiales;f__Beijerinckiaceae;g__Methylobacterium;s__Methylobacterium radiotolerans,GCF_000019725.1,d__Bacteria;p__Pseudomonadota;c__Alphaproteobacteria;o__Rhizobiales;f__Beijerinckiaceae;g__Methylobacterium;s__Methylobacterium radiotolerans,99,0,0,B07,,,,,,,,FALSE,,FALSE,He.F.3.L.B,Heritage,dorm_sample,102.75
R022_R024.combined.B07,semibin2_27,95.19,6.17,Neural Network (Specific Model),11,0.892,127018,308.6883599,6704584,0.64,6469,68,352843,d__Bacteria;p__Pseudomonadota;c__Alphaproteobacteria;o__Rhizobiales;f__Rhizobiaceae;g__Shinella;s__Shinella sp001262505,GCF_001262505.1,d__Bacteria;p__Pseudomonadota;c__Alphaproteobacteria;o__Rhizobiales;f__Rhizobiaceae;g__Shinella;s__Shinella sp001262505,98.61,0,0,B07,,,,,,,,FALSE,,FALSE,He.F.3.L.B,Heritage,dorm_sample,102.75
R022_R024.combined.B07,semibin2_28,59.45,1.09,Gradient Boost (General Model),11,0.906,25243,303.5816857,2888036,0.51,2883,120,112046,d__Bacteria;p__Cyanobacteriota;c__Vampirovibrionia;o__Obscuribacterales;f__Obscuribacteraceae;g__JAFKGK01;s__,N/A,N/A,N/A,0,0,B07,,,,,,,,FALSE,,FALSE,He.F.3.L.B,Heritage,dorm_sample,102.75
R022_R024.combined.B07,semibin2_29,67.02,3.76,Gradient Boost (General Model),11,0.905,29753,332.4618321,3169543,0.44,2882,124,65151,d__Bacteria;p__Bacteroidota;c__Bacteroidia;o__Sphingobacteriales;f__Sphingobacteriaceae;g__Arcticibacter;s__Arcticibacter tournemirensis,GCF_006716645.1,d__Bacteria;p__Bacteroidota;c__Bacteroidia;o__Sphingobacteriales;f__Sphingobacteriaceae;g__Arcticibacter;s__Arcticibacter tournemirensis,95.66,0,0,B07,,,,,,,,FALSE,,FALSE,He.F.3.L.B,Heritage,dorm_sample,102.75
R022_R024.combined.B07,semibin2_30,82.09,0.04,Neural Network (Specific Model),11,0.934,48601,324.2272057,4931531,0.46,4749,137,153987,d__Bacteria;p__Bacteroidota;c__Bacteroidia;o__Cytophagales;f__Cyclobacteriaceae;g__ELB16-189;s__,N/A,N/A,N/A,0,0,B07,,,,,,,,FALSE,,FALSE,He.F.3.L.B,Heritage,dorm_sample,102.75
R022_R024.combined.B07,semibin2_31,48.91,0.17,Neural Network (Specific Model),11,0.89,25872,305.1083669,2033941,0.49,1984,88,141382,d__Bacteria;p__Bacteroidota;c__Bacteroidia;o__Chitinophagales;f__Chitinophagaceae;g__Rurimicrobium;s__,N/A,N/A,N/A,0,0,B07,,,,,,,,FALSE,,FALSE,He.F.3.L.B,Heritage,dorm_sample,102.75
R022_R024.combined.B07,semibin2_32,74.78,0.47,Neural Network (Specific Model),11,0.901,41702,295.7213115,3177136,0.38,3233,95,102800,d__Bacteria;p__Bacteroidota;c__Bacteroidia;o__Flavobacteriales;f__Flavobacteriaceae;g__Flavobacterium;s__,N/A,N/A,N/A,0,0,B07,,,,,,,,FALSE,,FALSE,He.F.3.L.B,Heritage,dorm_sample,102.75
R022_R024.combined.B07,semibin2_33,54.83,0.04,Neural Network (Specific Model),11,0.9,52340,318.2908433,3803186,0.68,3593,86,216693,d__Bacteria;p__Pseudomonadota;c__Gammaproteobacteria;o__Burkholderiales;f__Burkholderiaceae_C;g__Acidovorax;s__Acidovorax sp046339755,GCF_046339755.1,d__Bacteria;p__Pseudomonadota;c__Gammaproteobacteria;o__Burkholderiales;f__Burkholderiaceae_C;g__Acidovorax;s__Acidovorax sp046339755,98.43,0,0,B07,,,,,,,,FALSE,,FALSE,He.F.3.L.B,Heritage,dorm_sample,102.75
R022_R024.combined.B07,semibin2_34,51.8,0.29,Gradient Boost (General Model),11,0.882,28247,283.1964752,2943158,0.46,3064,116,82308,d__Bacteria;p__Acidobacteriota;c__Blastocatellia;o__Pyrinomonadales;f__Pyrinomonadaceae;g__;s__,N/A,N/A,N/A,0,0,B07,,,,,,,,FALSE,,FALSE,He.F.3.L.B,Heritage,dorm_sample,102.75
R022_R024.combined.B07,semibin2_35,62.75,2.23,Neural Network (Specific Model),11,0.881,28895,292.0605739,2800804,0.65,2823,107,104383,d__Bacteria;p__Pseudomonadota;c__Gammaproteobacteria;o__Burkholderiales;f__Rhodocyclaceae;g__Azospira;s__Azospira oryzae,GCF_004217225.1,d__Bacteria;p__Pseudomonadota;c__Gammaproteobacteria;o__Burkholderiales;f__Rhodocyclaceae;g__Azospira;s__Azospira oryzae,97.97,0,0,B07,,,,,,,,FALSE,,FALSE,He.F.3.L.B,Heritage,dorm_sample,102.75
R022_R024.combined.B07,semibin2_36,64.28,1.4,Gradient Boost (General Model),11,0.926,26485,272.8392264,2910780,0.48,3309,120,89535,d__Bacteria;p__Bdellovibrionota;c__Bacteriovoracia;o__Bacteriovoracales;f__Bacteriovoracaceae;g__Peredibacter;s__,N/A,N/A,N/A,0,0,B07,,,,,,,,FALSE,,FALSE,He.F.3.L.B,Heritage,dorm_sample,102.75
R022_R024.combined.B07,semibin2_37,77.38,1.45,Gradient Boost (General Model),11,0.924,40859,278.9989089,1653051,0.5,1833,53,89229,d__Bacteria;p__Pseudomonadota;c__Alphaproteobacteria;o__Micavibrionales;f__Micavibrionaceae;g__Micavibrio_B;s__,N/A,N/A,N/A,0,0,B07,,,,,,,,FALSE,,FALSE,He.F.3.L.B,Heritage,dorm_sample,102.75
R022_R024.combined.B07,semibin2_38,47.78,2.05,Neural Network (Specific Model),11,0.914,21932,285.1580094,2565360,0.64,2753,128,57657,d__Bacteria;p__Actinomycetota;c__Actinomycetes;o__Mycobacteriales;f__Mycobacteriaceae;g__Mycobacterium;s__Mycobacterium gwanakae,GCF_016767715.1,d__Bacteria;p__Actinomycetota;c__Actinomycetes;o__Mycobacteriales;f__Mycobacteriaceae;g__Mycobacterium;s__Mycobacterium gwanakae,96.73,0,0,B07,,,,,,,,FALSE,,FALSE,He.F.3.L.B,Heritage,dorm_sample,102.75
R022_R024.combined.B07,semibin2_39,37.3,6.8,Neural Network (Specific Model),11,0.886,41119,291.8919861,1698369,0.67,1722,54,77723,d__Bacteria;p__Pseudomonadota;c__Gammaproteobacteria;o__Burkholderiales;f__Burkholderiaceae_C;g__Ottowia;s__Ottowia sp018060485,GCA_018060485.1,d__Bacteria;p__Pseudomonadota;c__Gammaproteobacteria;o__Burkholderiales;f__Burkholderiaceae_C;g__Ottowia;s__Ottowia sp018060485,98.66,0,0,B07,,,,,,,,FALSE,,FALSE,He.F.3.L.B,Heritage,dorm_sample,102.75
R022_R024.combined.B07,semibin2_42,59.89,11.19,Neural Network (Specific Model),11,0.881,25106,294.1327118,3640808,0.71,3647,154,76614,d__Bacteria;p__Pseudomonadota;c__Alphaproteobacteria;o__Rhizobiales;f__Xanthobacteraceae;g__Aquabacter;s__,N/A,N/A,N/A,0,0,B07,,,,,,,,FALSE,,FALSE,He.F.3.L.B,Heritage,dorm_sample,102.75
R022_R024.combined.B07,semibin2_44,9.66,0,Neural Network (Specific Model),11,0.914,472788,307.5309168,472788,0.68,469,1,472788,d__Bacteria;p__Pseudomonadota;c__Gammaproteobacteria;o__Xanthomonadales;f__Xanthomonadaceae;g__Pseudoxanthomonas_A;s__,N/A,N/A,N/A,0,0,B07,,,,,,,,FALSE,,FALSE,He.F.3.L.B,Heritage,dorm_sample,102.75
R022_R024.combined.B07,semibin2_45,9.98,0.1,Neural Network (Specific Model),11,0.897,19475,278.6228209,586142,0.59,631,32,33275,d__Bacteria;p__Bdellovibrionota;c__UBA1018;o__CAIPTA01;f__CAIPTA01;g__;s__,N/A,N/A,N/A,0,0,B07,,,,,,,,FALSE,,FALSE,He.F.3.L.B,Heritage,dorm_sample,102.75
R022_R024.combined.B07,semibin2_46,10.45,0,Neural Network (Specific Model),11,0.909,476642,306.5995763,476642,0.68,472,1,476642,d__Bacteria;p__Actinomycetota;c__Actinomycetes;o__Mycobacteriales;f__Mycobacteriaceae;g__Mycobacterium;s__Mycobacterium phocaicum,GCF_010731115.1,d__Bacteria;p__Actinomycetota;c__Actinomycetes;o__Mycobacteriales;f__Mycobacteriaceae;g__Mycobacterium;s__Mycobacterium phocaicum,96.32,0,0,B07,,,,,,,,FALSE,,FALSE,He.F.3.L.B,Heritage,dorm_sample,102.75
R022_R024.combined.B07,semibin2_48,19.04,0.34,Neural Network (Specific Model),11,0.871,18346,257.0862745,224801,0.36,255,12,33469,d__Bacteria;p__Babelota;c__Babeliae;o__Babelales;f__Vermiphilaceae;g__Vermiphilus;s__Vermiphilus pyriformis,GCA_022559525.1,d__Bacteria;p__Babelota;c__Babeliae;o__Babelales;f__Vermiphilaceae;g__Vermiphilus;s__Vermiphilus pyriformis,99.97,0,0,B07,,,,,,,,FALSE,,FALSE,He.F.3.L.B,Heritage,dorm_sample,102.75
R022_R024.combined.B07,semibin2_5,99.95,0.12,Neural Network (Specific Model),11,0.904,640429,324.4931617,4009792,0.46,3729,14,878507,d__Bacteria;p__Bacteroidota;c__Bacteroidia;o__Flavobacteriales;f__Flavobacteriaceae;g__Flavobacterium;s__,N/A,N/A,N/A,1,0,B07,,,,,,,,FALSE,,FALSE,He.F.3.L.B,Heritage,dorm_sample,102.75
R022_R024.combined.B07,semibin2_50,35.02,3.52,Neural Network (Specific Model),11,0.894,23418,283.8215816,2436823,0.66,2567,111,72888,d__Bacteria;p__Pseudomonadota;c__Alphaproteobacteria;o__Rhizobiales;f__Rhizobiaceae;g__JBFXAF01;s__,N/A,N/A,N/A,0,0,B07,,,,,,,,FALSE,,FALSE,He.F.3.L.B,Heritage,dorm_sample,102.75
R022_R024.combined.B07,semibin2_7,99.58,0.13,Neural Network (Specific Model),11,0.886,1172507,330.4157956,1925142,0.39,1722,4,1172507,d__Bacteria;p__Pseudomonadota;c__Alphaproteobacteria;o__Paracaedibacterales;f__Paracaedibacteraceae;g__;s__,N/A,N/A,N/A,1,0,B07,,,,,,,,FALSE,,FALSE,He.F.3.L.B,Heritage,dorm_sample,102.75
R022_R024.combined.B07,semibin2_77,53.39,0.56,Neural Network (Specific Model),11,0.914,234328,311.2422642,2701034,0.67,2650,12,614628,d__Bacteria;p__Actinomycetota;c__Actinomycetes;o__Mycobacteriales;f__Mycobacteriaceae;g__Mycobacterium;s__Mycobacterium phocaicum,GCF_010731115.1,d__Bacteria;p__Actinomycetota;c__Actinomycetes;o__Mycobacteriales;f__Mycobacteriaceae;g__Mycobacterium;s__Mycobacterium phocaicum,95.33,0,0,B07,,,,,,,,FALSE,,FALSE,He.F.3.L.B,Heritage,dorm_sample,102.75
R022_R024.combined.B07,semibin2_91_sub,62.14,11.75,Neural Network (Specific Model),11,0.889,24124,304.5893032,4182176,0.67,4076,198,66435,d__Bacteria;p__Pseudomonadota;c__Gammaproteobacteria;o__Burkholderiales;f__Burkholderiaceae_C;g__Comamonas;s__Comamonas tsuruhatensis,GCF_001571325.1,d__Bacteria;p__Pseudomonadota;c__Gammaproteobacteria;o__Burkholderiales;f__Burkholderiaceae_C;g__Comamonas;s__Comamonas tsuruhatensis,96.6,0,0,B07,,,,,,,,FALSE,,FALSE,He.F.3.L.B,Heritage,dorm_sample,102.75
R022_R024.combined.C01,complete.24,100,0.26,Neural Network (Specific Model),11,0.903,5196302,330.4153132,5196302,0.68,4741,1,5196302,d__Bacteria;p__Pseudomonadota;c__Alphaproteobacteria;o__Caulobacterales;f__Caulobacteraceae;g__Caulobacter;s__,N/A,N/A,N/A,1,1,C01,3,3,3,9,57,3,0,TRUE,,FALSE,Ea.F.2.L.A,Earl,dorm_sample,101.25
R022_R024.combined.C01,complete.64,99.99,0.52,Neural Network (Specific Model),11,0.881,8392206,373.5120436,8392206,0.52,6601,1,8392206,d__Bacteria;p__Bacteroidota;c__Bacteroidia;o__Chitinophagales;f__Chitinophagaceae;g__Paraflavitalea;s__,N/A,N/A,N/A,1,1,C01,2,2,2,6,61,2,0,TRUE,u605345ctg_len-8392206,TRUE,Ea.F.2.L.A,Earl,dorm_sample,101.25
R022_R024.combined.C01,complete.65,100,0.04,Neural Network (Specific Model),11,0.887,4388151,369.1934659,4388151,0.7,3520,1,4388151,d__Bacteria;p__Pseudomonadota;c__Gammaproteobacteria;o__Xanthomonadales;f__Rhodanobacteraceae;g__Dokdonella;s__Dokdonella sp002483055,GCA_024707225.1,d__Bacteria;p__Pseudomonadota;c__Gammaproteobacteria;o__Xanthomonadales;f__Rhodanobacteraceae;g__Dokdonella;s__Dokdonella sp002483055,98.8,1,1,C01,2,2,2,6,46,2,0,TRUE,u75797ctg_len-4388151,TRUE,Ea.F.2.L.A,Earl,dorm_sample,101.25
R022_R024.combined.C01,complete.66,100,0.02,Neural Network (Specific Model),11,0.889,3947023,306.7335079,3947023,0.67,3820,1,3947023,d__Bacteria;p__Pseudomonadota;c__Gammaproteobacteria;o__Burkholderiales;f__Burkholderiaceae_C;g__Ottowia;s__Ottowia sp018060485,GCA_018060485.1,d__Bacteria;p__Pseudomonadota;c__Gammaproteobacteria;o__Burkholderiales;f__Burkholderiaceae_C;g__Ottowia;s__Ottowia sp018060485,98.66,1,1,C01,1,1,1,3,43,1,1,TRUE,u159436ctg_len-3947023,TRUE,Ea.F.2.L.A,Earl,dorm_sample,101.25
R022_R024.combined.C01,complete.67,99.93,0.23,Neural Network (Specific Model),11,0.918,4025006,378.8230415,4025006,0.52,3255,1,4025006,d__Bacteria;p__Bacteroidota;c__Bacteroidia;o__UKL13-3;f__UKL13-3;g__UBA6183;s__,N/A,N/A,N/A,1,1,C01,2,2,2,6,46,2,1,TRUE,u267978ctg_len-4025006,TRUE,Ea.F.2.L.A,Earl,dorm_sample,101.25
R022_R024.combined.C01,complete.68,99.98,0,Neural Network (Specific Model),11,0.886,5833930,385.2522885,5833930,0.68,4479,1,5833930,d__Bacteria;p__Pseudomonadota;c__Gammaproteobacteria;o__Xanthomonadales;f__Rhodanobacteraceae;g__Tahibacter;s__,N/A,N/A,N/A,1,1,C01,2,2,2,6,50,2,0,TRUE,u169571ctg_len-5833930,TRUE,Ea.F.2.L.A,Earl,dorm_sample,101.25
R022_R024.combined.C01,complete.69,100,1.65,Neural Network (Specific Model),11,0.909,4364399,320.4091898,4364399,0.67,4135,1,4364399,d__Bacteria;p__Pseudomonadota;c__Alphaproteobacteria;o__Caulobacterales;f__Caulobacteraceae;g__Caulobacter;s__Caulobacter sp913776195,GCA_913776195.1,d__Bacteria;p__Pseudomonadota;c__Alphaproteobacteria;o__Caulobacterales;f__Caulobacteraceae;g__Caulobacter;s__Caulobacter sp913776195,96.78,1,1,C01,2,2,2,6,52,1,2,TRUE,u676517ctg_len-4364399,TRUE,Ea.F.2.L.A,Earl,dorm_sample,101.25
R022_R024.combined.C01,complete.70,100,0.15,Neural Network (Specific Model),11,0.911,6160444,317.3548824,6160444,0.67,5909,1,6160444,d__Bacteria;p__Actinomycetota;c__Actinomycetes;o__Mycobacteriales;f__Mycobacteriaceae;g__Mycobacterium;s__Mycobacterium phocaicum,GCF_010731115.1,d__Bacteria;p__Actinomycetota;c__Actinomycetes;o__Mycobacteriales;f__Mycobacteriaceae;g__Mycobacterium;s__Mycobacterium phocaicum,95.11,1,1,C01,2,2,2,6,60,2,1,TRUE,u342369ctg_len-6160444,TRUE,Ea.F.2.L.A,Earl,dorm_sample,101.25
R022_R024.combined.C01,complete.72,97.83,0.12,Neural Network (Specific Model),11,0.931,2239763,316.1879256,2239763,0.51,2203,1,2239763,d__Bacteria;p__Pseudomonadota;c__Alphaproteobacteria;o__Micavibrionales;f__Micavibrionaceae;g__Micavibrio_B;s__,N/A,N/A,N/A,1,1,C01,1,1,1,3,38,1,0,TRUE,u143611ctg_len-2239763,TRUE,Ea.F.2.L.A,Earl,dorm_sample,101.25
R022_R024.combined.C01,metabat2.100,100,0.27,Neural Network (Specific Model),11,0.848,3178541,352.9530715,6194763,0.69,4965,7,3178541,d__Bacteria;p__Pseudomonadota;c__Gammaproteobacteria;o__Xanthomonadales;f__Xanthomonadaceae;g__Lysobacter;s__,N/A,N/A,N/A,1,0,C01,,,,,,,,FALSE,,FALSE,Ea.F.2.L.A,Earl,dorm_sample,101.25
R022_R024.combined.C01,metabat2.104,85.67,0.31,Neural Network (Specific Model),11,0.91,454787,324.4586093,3224785,0.66,3020,11,748267,d__Bacteria;p__Pseudomonadota;c__Alphaproteobacteria;o__Sphingomonadales;f__Sphingomonadaceae;g__Sphingopyxis;s__Sphingopyxis macrogoltabida_A,GCA_003241685.1,d__Bacteria;p__Pseudomonadota;c__Alphaproteobacteria;o__Sphingomonadales;f__Sphingomonadaceae;g__Sphingopyxis;s__Sphingopyxis macrogoltabida_A,99.93,0,0,C01,,,,,,,,FALSE,,FALSE,Ea.F.2.L.A,Earl,dorm_sample,101.25
R022_R024.combined.C01,metabat2.12,96.16,0.05,Gradient Boost (General Model),11,0.933,435819,304.0969224,2123158,0.58,2177,7,664297,d__Bacteria;p__Pseudomonadota;c__Alphaproteobacteria;o__Rickettsiales;f__UBA3002;g__QFOX01;s__,N/A,N/A,N/A,1,0,C01,,,,,,,,FALSE,,FALSE,Ea.F.2.L.A,Earl,dorm_sample,101.25
R022_R024.combined.C01,metabat2.17,100,1.9,Neural Network (Specific Model),11,0.894,5038270,309.9737085,6752659,0.67,6504,5,5038270,d__Bacteria;p__Pseudomonadota;c__Alphaproteobacteria;o__Rhizobiales;f__Beijerinckiaceae;g__Allobosea;s__Allobosea vestrisii,GCF_042655345.1,d__Bacteria;p__Pseudomonadota;c__Alphaproteobacteria;o__Rhizobiales;f__Beijerinckiaceae;g__Allobosea;s__Allobosea vestrisii,96.19,1,0,C01,,,,,,,,FALSE,,FALSE,Ea.F.2.L.A,Earl,dorm_sample,101.25
R022_R024.combined.C01,metabat2.28,72.3,11.27,Neural Network (Specific Model),11,0.89,95662,316.8306719,3540191,0.67,3319,43,335517,d__Bacteria;p__Pseudomonadota;c__Gammaproteobacteria;o__Xanthomonadales;f__Xanthomonadaceae;g__Stenotrophomonas;s__,N/A,N/A,N/A,0,0,C01,,,,,,,,FALSE,,FALSE,Ea.F.2.L.A,Earl,dorm_sample,101.25
R022_R024.combined.C01,metabat2.29_sub,21.92,0,Neural Network (Specific Model),11,0.899,72780,320.0012376,860990,0.67,808,13,127750,d__Bacteria;p__Pseudomonadota;c__Alphaproteobacteria;o__Sphingomonadales;f__Sphingomonadaceae;g__Sphingomonas;s__,N/A,N/A,N/A,0,0,C01,,,,,,,,FALSE,,FALSE,Ea.F.2.L.A,Earl,dorm_sample,101.25
R022_R024.combined.C01,metabat2.35,100,0.9,Neural Network (Specific Model),11,0.904,1774885,341.7431564,4758235,0.66,4201,3,1923118,d__Bacteria;p__Pseudomonadota;c__Gammaproteobacteria;o__Burkholderiales;f__Burkholderiaceae_C;g__Aquabacterium;s__Aquabacterium sp937923225,GCA_937923225.1,d__Bacteria;p__Pseudomonadota;c__Gammaproteobacteria;o__Burkholderiales;f__Burkholderiaceae_C;g__Aquabacterium;s__Aquabacterium sp937923225,97.21,1,0,C01,,,,,,,,FALSE,,FALSE,Ea.F.2.L.A,Earl,dorm_sample,101.25
R022_R024.combined.C01,metabat2.44,56.61,0.02,Neural Network (Specific Model),11,0.91,53659,309.3194579,2102185,0.69,2066,41,121386,d__Bacteria;p__Pseudomonadota;c__Alphaproteobacteria;o__Caulobacterales;f__Caulobacteraceae;g__Phenylobacterium;s__,N/A,N/A,N/A,0,0,C01,,,,,,,,FALSE,,FALSE,Ea.F.2.L.A,Earl,dorm_sample,101.25
R022_R024.combined.C01,metabat2.53,45.83,0.68,Neural Network (Specific Model),11,0.88,62351,291.0321244,1909816,0.7,1930,33,189673,d__Bacteria;p__Pseudomonadota;c__Alphaproteobacteria;o__Caulobacterales;f__Caulobacteraceae;g__Phenylobacterium;s__,N/A,N/A,N/A,0,0,C01,,,,,,,,FALSE,,FALSE,Ea.F.2.L.A,Earl,dorm_sample,101.25
R022_R024.combined.C01,metabat2.60_sub,31.75,4.36,Neural Network (Specific Model),11,0.907,228905,308.8804348,2063409,0.67,2024,14,681918,d__Bacteria;p__Actinomycetota;c__Actinomycetes;o__Mycobacteriales;f__Mycobacteriaceae;g__Mycobacterium;s__Mycobacterium phocaicum,GCF_010731115.1,d__Bacteria;p__Actinomycetota;c__Actinomycetes;o__Mycobacteriales;f__Mycobacteriaceae;g__Mycobacterium;s__Mycobacterium phocaicum,95.33,0,0,C01,,,,,,,,FALSE,,FALSE,Ea.F.2.L.A,Earl,dorm_sample,101.25
R022_R024.combined.C01,metabat2.64_sub,74.47,21.24,Neural Network (Specific Model),11,0.913,262815,314.5944575,5691420,0.67,5521,24,623029,d__Bacteria;p__Actinomycetota;c__Actinomycetes;o__Mycobacteriales;f__Mycobacteriaceae;g__Mycobacterium;s__Mycobacterium phocaicum,GCF_010731115.1,d__Bacteria;p__Actinomycetota;c__Actinomycetes;o__Mycobacteriales;f__Mycobacteriaceae;g__Mycobacterium;s__Mycobacterium phocaicum,95.33,0,0,C01,,,,,,,,FALSE,u491350ctg_len-480292,TRUE,Ea.F.2.L.A,Earl,dorm_sample,101.25
R022_R024.combined.C01,metabat2.82_sub,82.87,3.22,Neural Network (Specific Model),11,0.928,175020,343.3681583,5992788,0.7,5408,44,664420,d__Bacteria;p__Pseudomonadota;c__Gammaproteobacteria;o__Burkholderiales;f__Burkholderiaceae_C;g__Aquincola;s__,N/A,N/A,N/A,0,0,C01,,,,,,,,FALSE,,FALSE,Ea.F.2.L.A,Earl,dorm_sample,101.25
R022_R024.combined.C01,metabat2.85,52.95,2.94,Neural Network (Specific Model),11,0.89,47853,308.8427553,2186167,0.67,2105,49,78860,d__Bacteria;p__Pseudomonadota;c__Gammaproteobacteria;o__Xanthomonadales;f__Xanthomonadaceae;g__Pseudoxanthomonas_A;s__,N/A,N/A,N/A,0,0,C01,,,,,,,,FALSE,,FALSE,Ea.F.2.L.A,Earl,dorm_sample,101.25
R022_R024.combined.C01,metabat2.91,100,1.41,Neural Network (Specific Model),11,0.892,3822658,338.4768844,4523159,0.67,3980,3,3822658,d__Bacteria;p__Pseudomonadota;c__Gammaproteobacteria;o__Xanthomonadales;f__Xanthomonadaceae;g__Pseudoxanthomonas_A;s__Pseudoxanthomonas_A beigongshangi,GCF_016820515.1,d__Bacteria;p__Pseudomonadota;c__Gammaproteobacteria;o__Xanthomonadales;f__Xanthomonadaceae;g__Pseudoxanthomonas_A;s__Pseudoxanthomonas_A beigongshangi,97.64,1,0,C01,,,,,,,,FALSE,,FALSE,Ea.F.2.L.A,Earl,dorm_sample,101.25
R022_R024.combined.C01,semibin2_10,94.58,0.1,Neural Network (Specific Model),11,0.871,408416,303.5260096,6097299,0.64,5844,23,1185999,d__Bacteria;p__Pseudomonadota;c__Alphaproteobacteria;o__Rhizobiales;f__Xanthobacteraceae;g__Bradyrhizobium;s__,N/A,N/A,N/A,0,0,C01,,,,,,,,FALSE,,FALSE,Ea.F.2.L.A,Earl,dorm_sample,101.25
R022_R024.combined.C01,semibin2_11,99.93,0.64,Neural Network (Specific Model),11,0.901,241260,331.0532178,5330882,0.71,4848,37,702611,d__Bacteria;p__Actinomycetota;c__Actinomycetes;o__Mycobacteriales;f__Nakamurellaceae;g__Nakamurella;s__Nakamurella multipartita,GCF_000024365.1,d__Bacteria;p__Actinomycetota;c__Actinomycetes;o__Mycobacteriales;f__Nakamurellaceae;g__Nakamurella;s__Nakamurella multipartita,98.43,0,0,C01,,,,,,,,FALSE,,FALSE,Ea.F.2.L.A,Earl,dorm_sample,101.25
R022_R024.combined.C01,semibin2_12,95.33,0.45,Neural Network (Specific Model),11,0.905,719438,317.6442357,4136057,0.64,3938,8,1958122,d__Bacteria;p__Pseudomonadota;c__Alphaproteobacteria;o__Sphingomonadales;f__Sphingomonadaceae;g__Sphingopyxis;s__,N/A,N/A,N/A,1,0,C01,,,,,,,,FALSE,,FALSE,Ea.F.2.L.A,Earl,dorm_sample,101.25
R022_R024.combined.C01,semibin2_120,43.05,4.34,Neural Network (Specific Model),11,0.874,17787,290.8822589,3735983,0.45,3754,229,81242,d__Bacteria;p__Bacteroidota;c__Bacteroidia;o__Chitinophagales;f__Chitinophagaceae;g__Endoryza;s__,N/A,N/A,N/A,0,0,C01,,,,,,,,FALSE,,FALSE,Ea.F.2.L.A,Earl,dorm_sample,101.25
R022_R024.combined.C01,semibin2_13,93.77,1.83,Gradient Boost (General Model),11,0.912,462909,314.9049951,4221804,0.58,4084,20,754020,d__Bacteria;p__Bdellovibrionota;c__UBA1018;o__CAIPTA01;f__CAIPTA01;g__JAKFYM01;s__,N/A,N/A,N/A,0,0,C01,,,,,,,,FALSE,,FALSE,Ea.F.2.L.A,Earl,dorm_sample,101.25
R022_R024.combined.C01,semibin2_14,97.3,0.17,Gradient Boost (General Model),11,0.896,294960,332.1861758,4194347,0.44,3776,19,844163,d__Bacteria;p__Acidobacteriota;c__Blastocatellia;o__Pyrinomonadales;f__Pyrinomonadaceae;g__;s__,N/A,N/A,N/A,1,0,C01,,,,,,,,FALSE,,FALSE,Ea.F.2.L.A,Earl,dorm_sample,101.25
R022_R024.combined.C01,semibin2_146_sub,32.84,0.96,Neural Network (Specific Model),11,0.891,26348,311.0759322,1540983,0.67,1475,61,78814,d__Bacteria;p__Pseudomonadota;c__Gammaproteobacteria;o__Xanthomonadales;f__Xanthomonadaceae;g__Stenotrophomonas;s__,N/A,N/A,N/A,0,0,C01,,,,,,,,FALSE,,FALSE,Ea.F.2.L.A,Earl,dorm_sample,101.25
R022_R024.combined.C01,semibin2_149,78.5,39.68,Neural Network (Specific Model),11,0.915,77402,315.0450921,7494757,0.67,7274,121,180543,d__Bacteria;p__Actinomycetota;c__Actinomycetes;o__Mycobacteriales;f__Mycobacteriaceae;g__Mycobacterium;s__,N/A,N/A,N/A,0,0,C01,,,,,,,,FALSE,,FALSE,Ea.F.2.L.A,Earl,dorm_sample,101.25
R022_R024.combined.C01,semibin2_15,99.84,1.15,Neural Network (Specific Model),11,0.842,206535,350.6938951,8713939,0.65,6978,66,585421,d__Bacteria;p__Planctomycetota;c__Planctomycetia;o__Planctomycetales;f__Planctomycetaceae;g__Planctomyces_A;s__,N/A,N/A,N/A,0,0,C01,,,,,,,,FALSE,,FALSE,Ea.F.2.L.A,Earl,dorm_sample,101.25
R022_R024.combined.C01,semibin2_151,76.3,22.01,Neural Network (Specific Model),11,0.905,39924,301.6082769,3831317,0.67,3842,106,96623,d__Bacteria;p__Pseudomonadota;c__Alphaproteobacteria;o__Sphingomonadales;f__Sphingomonadaceae;g__Sphingomonas;s__,N/A,N/A,N/A,0,0,C01,,,,,,,,FALSE,,FALSE,Ea.F.2.L.A,Earl,dorm_sample,101.25
R022_R024.combined.C01,semibin2_16,100,3.47,Neural Network (Specific Model),11,0.906,1031712,323.2614913,5232273,0.68,4895,8,1212869,d__Bacteria;p__Pseudomonadota;c__Alphaproteobacteria;o__Caulobacterales;f__Caulobacteraceae;g__Caulobacter;s__,N/A,N/A,N/A,1,0,C01,,,,,,,,FALSE,,FALSE,Ea.F.2.L.A,Earl,dorm_sample,101.25
R022_R024.combined.C01,semibin2_161,27.66,0.62,Neural Network (Specific Model),11,0.887,19429,306.9667171,1368909,0.65,1322,81,70510,d__Bacteria;p__Pseudomonadota;c__Gammaproteobacteria;o__Burkholderiales;f__Burkholderiaceae_C;g__Diaphorobacter;s__,N/A,N/A,N/A,0,0,C01,,,,,,,,FALSE,,FALSE,Ea.F.2.L.A,Earl,dorm_sample,101.25
R022_R024.combined.C01,semibin2_164_sub,48.26,20.76,Gradient Boost (General Model),11,0.867,19257,268.8175515,9355438,0.61,10096,520,216298,d__Bacteria;p__Bdellovibrionota;c__Bdellovibrionia;o__;f__;g__;s__,N/A,N/A,N/A,0,0,C01,,,,,,,,FALSE,u613647ctg_len-49944;u54702ctg_len-85239;u118913ctg_len-87350;u496503ctg_len-14419;u79225ctg_len-124168,TRUE,Ea.F.2.L.A,Earl,dorm_sample,101.25
R022_R024.combined.C01,semibin2_165,34.13,2.04,Neural Network (Specific Model),11,0.879,23172,289.5185185,3402257,0.57,3456,168,229001,d__Bacteria;p__Pseudomonadota;c__;o__;f__;g__;s__,N/A,N/A,N/A,0,0,C01,,,,,,,,FALSE,u511901ctg_len-114126;u55270ctg_len-229001,TRUE,Ea.F.2.L.A,Earl,dorm_sample,101.25
R022_R024.combined.C01,semibin2_17,91.76,0.1,Gradient Boost (General Model),11,0.885,77727,319.0880876,4730460,0.46,4382,77,222437,d__Bacteria;p__Acidobacteriota;c__Blastocatellia;o__Pyrinomonadales;f__Pyrinomonadaceae;g__JAJQRF01;s__,N/A,N/A,N/A,0,0,C01,,,,,,,,FALSE,,FALSE,Ea.F.2.L.A,Earl,dorm_sample,101.25
R022_R024.combined.C01,semibin2_18,92.29,3.33,Gradient Boost (General Model),11,0.926,82406,323.4476516,8243206,0.61,7899,147,302722,d__Bacteria;p__Vulcanimicrobiota;c__Xenobia;o__Xenobiales;f__JADMJV01;g__JADMJV01;s__,N/A,N/A,N/A,0,0,C01,,,,,,,,FALSE,,FALSE,Ea.F.2.L.A,Earl,dorm_sample,101.25
R022_R024.combined.C01,semibin2_19,86.81,1.25,Neural Network (Specific Model),11,0.923,68410,311.8682193,3559628,0.53,3521,72,274302,d__Bacteria;p__Bdellovibrionota;c__Bdellovibrionia;o__Bdellovibrionales;f__JAMPXM01;g__Ga0074137;s__,N/A,N/A,N/A,0,0,C01,,,,,,,,FALSE,,FALSE,Ea.F.2.L.A,Earl,dorm_sample,101.25
R022_R024.combined.C01,semibin2_20,92.31,1.43,Gradient Boost (General Model),11,0.917,76224,342.1905397,9204738,0.68,8245,155,398132,d__Bacteria;p__Myxococcota_A;c__Polyangia;o__Polyangiales;f__Polyangiaceae;g__Labilithrix;s__,N/A,N/A,N/A,0,0,C01,,,,,,,,FALSE,,FALSE,Ea.F.2.L.A,Earl,dorm_sample,101.25
R022_R024.combined.C01,semibin2_21,93.57,0.01,Gradient Boost (General Model),11,0.896,71842,348.4134963,4191333,0.63,3601,76,243014,d__Bacteria;p__Verrucomicrobiota;c__Verrucomicrobiia;o__Chthoniobacterales;f__Chthoniobacteraceae;g__CAWEPO01;s__,N/A,N/A,N/A,0,0,C01,,,,,,,,FALSE,,FALSE,Ea.F.2.L.A,Earl,dorm_sample,101.25
R022_R024.combined.C01,semibin2_22,95.01,0.05,Gradient Boost (General Model),11,0.933,82154,328.4811471,3972082,0.43,3766,67,179909,d__Bacteria;p__Bacteroidota;c__Bacteroidia;o__Cytophagales;f__Cyclobacteriaceae;g__UBA2336;s__,N/A,N/A,N/A,0,0,C01,,,,,,,,FALSE,,FALSE,Ea.F.2.L.A,Earl,dorm_sample,101.25
R022_R024.combined.C01,semibin2_23,96.17,3.07,Gradient Boost (General Model),11,0.913,175200,332.955141,4913520,0.51,4503,36,713487,d__Bacteria;p__Cyanobacteriota;c__Vampirovibrionia;o__Obscuribacterales;f__Obscuribacteraceae;g__JAFKGK01;s__JAFKGK01 sp017307165,GCA_017307165.1,d__Bacteria;p__Cyanobacteriota;c__Vampirovibrionia;o__Obscuribacterales;f__Obscuribacteraceae;g__JAFKGK01;s__JAFKGK01 sp017307165,98.41,0,0,C01,,,,,,,,FALSE,,FALSE,Ea.F.2.L.A,Earl,dorm_sample,101.25
R022_R024.combined.C01,semibin2_25,88.58,2.87,Gradient Boost (General Model),11,0.905,77694,334.1322456,5148168,0.53,4658,85,349784,d__Bacteria;p__Cyanobacteriota;c__Vampirovibrionia;o__Obscuribacterales;f__Obscuribacteraceae;g__Ga0077546;s__,N/A,N/A,N/A,0,0,C01,,,,,,,,FALSE,,FALSE,Ea.F.2.L.A,Earl,dorm_sample,101.25
R022_R024.combined.C01,semibin2_26,87.81,1.07,Gradient Boost (General Model),11,0.901,96811,325.7071095,7883755,0.59,7286,109,333882,d__Bacteria;p__Verrucomicrobiota;c__Verrucomicrobiia;o__Chthoniobacterales;f__Terrimicrobiaceae;g__CALCJD01;s__,N/A,N/A,N/A,0,0,C01,,,,,,,,FALSE,,FALSE,Ea.F.2.L.A,Earl,dorm_sample,101.25
R022_R024.combined.C01,semibin2_27,82.14,0.29,Neural Network (Specific Model),11,0.899,55339,348.4238692,5464698,0.43,4709,116,158152,d__Bacteria;p__Bacteroidota;c__Bacteroidia;o__Chitinophagales;f__Chitinophagaceae;g__Agriterribacter;s__,N/A,N/A,N/A,0,0,C01,,,,,,,,FALSE,,FALSE,Ea.F.2.L.A,Earl,dorm_sample,101.25
R022_R024.combined.C01,semibin2_28,77.69,1.42,Gradient Boost (General Model),11,0.916,54619,322.8805031,4025279,0.65,3816,89,168966,d__Bacteria;p__Pseudomonadota;c__Alphaproteobacteria;o__Sphingomonadales;f__Sphingomonadaceae;g__Sphingobium_A;s__,N/A,N/A,N/A,0,0,C01,,,,,,,,FALSE,,FALSE,Ea.F.2.L.A,Earl,dorm_sample,101.25
R022_R024.combined.C01,semibin2_3,100,0.95,Neural Network (Specific Model),11,0.899,1352592,324.8528147,5535504,0.68,5116,5,1822154,d__Bacteria;p__Pseudomonadota;c__Alphaproteobacteria;o__Caulobacterales;f__Caulobacteraceae;g__Caulobacter;s__,N/A,N/A,N/A,1,0,C01,,,,,,,,FALSE,,FALSE,Ea.F.2.L.A,Earl,dorm_sample,101.25
R022_R024.combined.C01,semibin2_30,86.51,0.08,Neural Network (Specific Model),11,0.894,56869,329.0730838,4943492,0.43,4488,116,261538,d__Bacteria;p__Bacteroidota;c__Bacteroidia;o__Cytophagales;f__UBA9547;g__;s__,N/A,N/A,N/A,0,0,C01,,,,,,,,FALSE,,FALSE,Ea.F.2.L.A,Earl,dorm_sample,101.25
R022_R024.combined.C01,semibin2_31,79.26,2.68,Gradient Boost (General Model),11,0.898,27510,313.016315,3708376,0.48,3555,148,92758,d__Bacteria;p__Bacteroidota;c__Bacteroidia;o__Chitinophagales;f__Chitinophagaceae;g__Terrimonas;s__,N/A,N/A,N/A,0,0,C01,,,,,,,,FALSE,,FALSE,Ea.F.2.L.A,Earl,dorm_sample,101.25
R022_R024.combined.C01,semibin2_32,63.97,0.06,Neural Network (Specific Model),11,0.906,58179,312.2775161,2411080,0.65,2335,52,119496,d__Bacteria;p__Pseudomonadota;c__Alphaproteobacteria;o__Sphingomonadales;f__Sphingomonadaceae;g__Blastomonas;s__Blastomonas ursincola,GCF_013607875.1,d__Bacteria;p__Pseudomonadota;c__Alphaproteobacteria;o__Sphingomonadales;f__Sphingomonadaceae;g__Blastomonas;s__Blastomonas ursincola,98.1,0,0,C01,,,,,,,,FALSE,,FALSE,Ea.F.2.L.A,Earl,dorm_sample,101.25
R022_R024.combined.C01,semibin2_33,75.66,1.3,Gradient Boost (General Model),11,0.884,33724,308.960961,4178392,0.59,3996,147,131447,d__Bacteria;p__Chloroflexota;c__Anaerolineae;o__Aggregatilineales;f__Phototrophicaceae;g__Flexifilum;s__,N/A,N/A,N/A,0,0,C01,,,,,,,,FALSE,,FALSE,Ea.F.2.L.A,Earl,dorm_sample,101.25
R022_R024.combined.C01,semibin2_34,73.05,0.36,Neural Network (Specific Model),11,0.849,45859,289.2812236,4835854,0.71,4740,122,135997,d__Bacteria;p__Pseudomonadota;c__Alphaproteobacteria;o__Rhizobiales;f__Beijerinckiaceae;g__Methylobacterium;s__Methylobacterium radiotolerans,GCF_000019725.1,d__Bacteria;p__Pseudomonadota;c__Alphaproteobacteria;o__Rhizobiales;f__Beijerinckiaceae;g__Methylobacterium;s__Methylobacterium radiotolerans,98.9,0,0,C01,,,,,,,,FALSE,,FALSE,Ea.F.2.L.A,Earl,dorm_sample,101.25
R022_R024.combined.C01,semibin2_35,85.34,0.15,Neural Network (Specific Model),11,0.888,91824,315.0076705,3738700,0.64,3520,54,308655,d__Bacteria;p__Pseudomonadota;c__Gammaproteobacteria;o__Burkholderiales;f__Burkholderiaceae_C;g__Acidovorax;s__Acidovorax temperans,GCF_006716905.1,d__Bacteria;p__Pseudomonadota;c__Gammaproteobacteria;o__Burkholderiales;f__Burkholderiaceae_C;g__Acidovorax;s__Acidovorax temperans,96.42,0,0,C01,,,,,,,,FALSE,,FALSE,Ea.F.2.L.A,Earl,dorm_sample,101.25
R022_R024.combined.C01,semibin2_36,63.78,0.42,Neural Network (Specific Model),11,0.919,27837,285.1174052,2031745,0.43,2189,80,82049,d__Bacteria;p__Bdellovibrionota;c__Bdellovibrionia;o__Bdellovibrionales;f__UBA1609;g__CAYHVK01;s__,N/A,N/A,N/A,0,0,C01,,,,,,,,FALSE,,FALSE,Ea.F.2.L.A,Earl,dorm_sample,101.25
R022_R024.combined.C01,semibin2_37,48.68,1.16,Neural Network (Specific Model),11,0.901,101047,312.2198068,1718257,0.65,1656,20,221243,d__Bacteria;p__Pseudomonadota;c__Alphaproteobacteria;o__Sphingomonadales;f__Sphingomonadaceae;g__Sphingopyxis;s__,N/A,N/A,N/A,0,0,C01,,,,,,,,FALSE,,FALSE,Ea.F.2.L.A,Earl,dorm_sample,101.25
R022_R024.combined.C01,semibin2_38,70.47,2.37,Neural Network (Specific Model),11,0.845,48407,338.8416092,5225151,0.62,4350,135,133777,d__Bacteria;p__Planctomycetota;c__Planctomycetia;o__Pirellulales;f__Lacipirellulaceae;g__Lacipirellula;s__,N/A,N/A,N/A,0,0,C01,,,,,,,,FALSE,,FALSE,Ea.F.2.L.A,Earl,dorm_sample,101.25
R022_R024.combined.C01,semibin2_39,50.19,0.55,Neural Network (Specific Model),11,0.87,27871,324.7736626,3528799,0.62,3159,141,75472,d__Bacteria;p__Planctomycetota;c__Planctomycetia;o__Pirellulales;f__PALSA-1355;g__JALHMI01;s__,N/A,N/A,N/A,0,0,C01,,,,,,,,FALSE,,FALSE,Ea.F.2.L.A,Earl,dorm_sample,101.25
R022_R024.combined.C01,semibin2_41,73.76,1.02,Gradient Boost (General Model),11,0.925,36138,326.5409948,4653235,0.7,4403,163,149822,d__Bacteria;p__Pseudomonadota;c__Gammaproteobacteria;o__Burkholderiales;f__Burkholderiaceae_C;g__Aquincola;s__Aquincola sp964001545,GCF_964001545.1,d__Bacteria;p__Pseudomonadota;c__Gammaproteobacteria;o__Burkholderiales;f__Burkholderiaceae_C;g__Aquincola;s__Aquincola sp964001545,96.42,0,0,C01,,,,,,,,FALSE,,FALSE,Ea.F.2.L.A,Earl,dorm_sample,101.25
R022_R024.combined.C01,semibin2_42,64.45,0,Neural Network (Specific Model),11,0.913,41547,330.8176597,3023932,0.66,2786,93,137077,d__Bacteria;p__Pseudomonadota;c__Gammaproteobacteria;o__Burkholderiales;f__Burkholderiaceae_C;g__Aquabacterium;s__Aquabacterium soli,GCF_003933735.1,d__Bacteria;p__Pseudomonadota;c__Gammaproteobacteria;o__Burkholderiales;f__Burkholderiaceae_C;g__Aquabacterium;s__Aquabacterium soli,98.37,0,0,C01,,,,,,,,FALSE,,FALSE,Ea.F.2.L.A,Earl,dorm_sample,101.25
R022_R024.combined.C01,semibin2_43,54.5,0.49,Neural Network (Specific Model),11,0.883,27438,308.4828924,2964795,0.64,2835,127,110784,d__Bacteria;p__Pseudomonadota;c__Gammaproteobacteria;o__Burkholderiales;f__Burkholderiaceae_C;g__Comamonas;s__Comamonas sediminis,GCF_041107495.1,d__Bacteria;p__Pseudomonadota;c__Gammaproteobacteria;o__Burkholderiales;f__Burkholderiaceae_C;g__Comamonas;s__Comamonas sediminis,97.98,0,0,C01,,,,,,,,FALSE,,FALSE,Ea.F.2.L.A,Earl,dorm_sample,101.25
R022_R024.combined.C01,semibin2_44,46.53,5.33,Neural Network (Specific Model),11,0.91,77246,308.0168514,2284069,0.64,2255,43,259718,d__Bacteria;p__Pseudomonadota;c__Alphaproteobacteria;o__Sphingomonadales;f__Sphingomonadaceae;g__Sphingopyxis;s__,N/A,N/A,N/A,0,0,C01,,,,,,,,FALSE,,FALSE,Ea.F.2.L.A,Earl,dorm_sample,101.25
R022_R024.combined.C01,semibin2_45,56.96,4.54,Gradient Boost (General Model),11,0.904,18614,277.4691429,1605039,0.71,1750,94,46374,d__Bacteria;p__Actinomycetota;c__Actinomycetes;o__Actinomycetales;f__Microbacteriaceae;g__Microbacterium;s__,N/A,N/A,N/A,0,0,C01,,,,,,,,FALSE,,FALSE,Ea.F.2.L.A,Earl,dorm_sample,101.25
R022_R024.combined.C01,semibin2_46,63.64,0.15,Neural Network (Specific Model),11,0.911,3663520,320.9789868,3663520,0.67,3474,1,3663520,d__Bacteria;p__Actinomycetota;c__Actinomycetes;o__Mycobacteriales;f__Mycobacteriaceae;g__Mycobacterium;s__Mycobacterium phocaicum,GCF_010731115.1,d__Bacteria;p__Actinomycetota;c__Actinomycetes;o__Mycobacteriales;f__Mycobacteriaceae;g__Mycobacterium;s__Mycobacterium phocaicum,95.82,0,0,C01,,,,,,,,FALSE,,FALSE,Ea.F.2.L.A,Earl,dorm_sample,101.25
R022_R024.combined.C01,semibin2_48,62.89,0.31,Neural Network (Specific Model),11,0.885,28589,288.4754444,3237847,0.66,3319,132,74699,d__Bacteria;p__Pseudomonadota;c__Alphaproteobacteria;o__Rhizobiales;f__Devosiaceae;g__Devosia_A;s__,N/A,N/A,N/A,0,0,C01,,,,,,,,FALSE,,FALSE,Ea.F.2.L.A,Earl,dorm_sample,101.25
R022_R024.combined.C01,semibin2_49,55.13,9.45,Gradient Boost (General Model),11,0.9,22021,306.3896216,3552258,0.59,3488,170,77827,d__Bacteria;p__Verrucomicrobiota;c__Verrucomicrobiia;o__Verrucomicrobiales;f__Akkermansiaceae;g__Luteolibacter;s__,N/A,N/A,N/A,0,0,C01,,,,,,,,FALSE,,FALSE,Ea.F.2.L.A,Earl,dorm_sample,101.25
R022_R024.combined.C01,semibin2_5,100,0.64,Neural Network (Specific Model),11,0.907,648764,325.1008827,4255174,0.67,3965,9,1005122,d__Bacteria;p__Pseudomonadota;c__Alphaproteobacteria;o__Sphingomonadales;f__Sphingomonadaceae;g__Sphingomonas;s__Sphingomonas sp012650175,GCF_012650175.1,d__Bacteria;p__Pseudomonadota;c__Alphaproteobacteria;o__Sphingomonadales;f__Sphingomonadaceae;g__Sphingomonas;s__Sphingomonas sp012650175,98.07,1,0,C01,,,,,,,,FALSE,u671114ctg_len-251710,TRUE,Ea.F.2.L.A,Earl,dorm_sample,101.25
R022_R024.combined.C01,semibin2_51,36.62,0,Neural Network (Specific Model),11,0.925,1922915,317.5098878,1922915,0.67,1871,1,1922915,d__Bacteria;p__Actinomycetota;c__Actinomycetes;o__Mycobacteriales;f__Mycobacteriaceae;g__Mycobacterium;s__Mycobacterium phocaicum,GCF_010731115.1,d__Bacteria;p__Actinomycetota;c__Actinomycetes;o__Mycobacteriales;f__Mycobacteriaceae;g__Mycobacterium;s__Mycobacterium phocaicum,95.86,0,0,C01,,,,,,,,FALSE,,FALSE,Ea.F.2.L.A,Earl,dorm_sample,101.25
R022_R024.combined.C01,semibin2_52,59.95,0.33,Neural Network (Specific Model),11,0.912,26327,345.6692731,3917138,0.48,3453,168,102556,d__Bacteria;p__Bacteroidota;c__Bacteroidia;o__Chitinophagales;f__Chitinophagaceae;g__Pseudobacter;s__,N/A,N/A,N/A,0,0,C01,,,,,,,,FALSE,,FALSE,Ea.F.2.L.A,Earl,dorm_sample,101.25
R022_R024.combined.C01,semibin2_53,62.24,0.17,Neural Network (Specific Model),11,0.921,24095,294.1219077,3743280,0.66,3921,176,60258,d__Bacteria;p__Actinomycetota;c__Actinomycetes;o__Mycobacteriales;f__Mycobacteriaceae;g__Mycobacterium;s__Mycobacterium fortuitum,GCF_022179545.1,d__Bacteria;p__Actinomycetota;c__Actinomycetes;o__Mycobacteriales;f__Mycobacteriaceae;g__Mycobacterium;s__Mycobacterium fortuitum,98.41,0,0,C01,,,,,,,,FALSE,,FALSE,Ea.F.2.L.A,Earl,dorm_sample,101.25
R022_R024.combined.C01,semibin2_54,28.48,0.32,Neural Network (Specific Model),11,0.925,1249848,322.6696429,1870798,0.67,1792,2,1249848,d__Bacteria;p__Actinomycetota;c__Actinomycetes;o__Mycobacteriales;f__Mycobacteriaceae;g__Mycobacterium;s__Mycobacterium phocaicum,GCF_010731115.1,d__Bacteria;p__Actinomycetota;c__Actinomycetes;o__Mycobacteriales;f__Mycobacteriaceae;g__Mycobacterium;s__Mycobacterium phocaicum,95.18,0,0,C01,,,,,,,,FALSE,,FALSE,Ea.F.2.L.A,Earl,dorm_sample,101.25
R022_R024.combined.C01,semibin2_57,30.99,0.19,Neural Network (Specific Model),11,0.901,19729,280.4521158,418071,0.59,449,23,30913,d__Bacteria;p__Pseudomonadota;c__Alphaproteobacteria;o__JAIXQD01;f__JAIXQD01;g__CBDFFX01;s__,N/A,N/A,N/A,0,0,C01,,,,,,,,FALSE,,FALSE,Ea.F.2.L.A,Earl,dorm_sample,101.25
R022_R024.combined.C01,semibin2_58,34.88,0.48,Neural Network (Specific Model),11,0.91,1918722,321.6745725,1918722,0.67,1813,1,1918722,d__Bacteria;p__Actinomycetota;c__Actinomycetes;o__Mycobacteriales;f__Mycobacteriaceae;g__Mycobacterium;s__,N/A,N/A,N/A,0,0,C01,,,,,,,,FALSE,,FALSE,Ea.F.2.L.A,Earl,dorm_sample,101.25
R022_R024.combined.C01,semibin2_59,22.19,0.13,Neural Network (Specific Model),11,0.912,530209,316.7425214,972462,0.66,936,6,530209,d__Bacteria;p__Pseudomonadota;c__Alphaproteobacteria;o__Caulobacterales;f__Caulobacteraceae;g__Caulobacter;s__,N/A,N/A,N/A,0,0,C01,,,,,,,,FALSE,,FALSE,Ea.F.2.L.A,Earl,dorm_sample,101.25
R022_R024.combined.C01,semibin2_6,99.99,2.42,Neural Network (Specific Model),11,0.901,287702,346.5962733,5379061,0.47,4669,25,1000680,d__Bacteria;p__Bacteroidota;c__Bacteroidia;o__B-17B0;f__Aurantibacillaceae;g__UBA4416;s__,N/A,N/A,N/A,0,0,C01,,,,,,,,FALSE,,FALSE,Ea.F.2.L.A,Earl,dorm_sample,101.25
R022_R024.combined.C01,semibin2_63,14.49,0.11,Neural Network (Specific Model),11,0.904,16141,285.5907173,672191,0.52,711,45,26095,d__Bacteria;p__Bdellovibrionota;c__Bdellovibrionia;o__Bdellovibrionales;f__JAMPXM01;g__;s__,N/A,N/A,N/A,0,0,C01,,,,,,,,FALSE,,FALSE,Ea.F.2.L.A,Earl,dorm_sample,101.25
R022_R024.combined.C01,semibin2_64,34.99,0.01,Neural Network (Specific Model),11,0.906,17720,274.9991823,1110396,0.44,1223,67,35296,d__Bacteria;p__Bacteroidota;c__Bacteroidia;o__Chitinophagales;f__Chitinophagaceae;g__Polluticoccus;s__Polluticoccus sp036406055,GCA_036406055.1,d__Bacteria;p__Bacteroidota;c__Bacteroidia;o__Chitinophagales;f__Chitinophagaceae;g__Polluticoccus;s__Polluticoccus sp036406055,97.23,0,0,C01,,,,,,,,FALSE,,FALSE,Ea.F.2.L.A,Earl,dorm_sample,101.25
R022_R024.combined.C01,semibin2_67,24.33,0,Neural Network (Specific Model),11,0.909,15426,269.7702206,482510,0.54,544,33,25737,d__Bacteria;p__Pseudomonadota;c__Alphaproteobacteria;o__Micavibrionales;f__UBA2020;g__JAEXMB01;s__,N/A,N/A,N/A,0,0,C01,,,,,,,,FALSE,,FALSE,Ea.F.2.L.A,Earl,dorm_sample,101.25
R022_R024.combined.C01,semibin2_68,15.78,0.47,Neural Network (Specific Model),11,0.863,20705,316.6583564,1188932,0.61,1083,62,61188,d__Bacteria;p__Planctomycetota;c__Planctomycetia;o__Pirellulales;f__Lacipirellulaceae;g__Lacipirellula;s__,N/A,N/A,N/A,0,0,C01,,,,,,,,FALSE,,FALSE,Ea.F.2.L.A,Earl,dorm_sample,101.25
R022_R024.combined.C01,semibin2_69,20.03,0.59,Neural Network (Specific Model),11,0.851,23686,325.003736,917431,0.37,803,44,88207,d__Bacteria;p__Chlamydiota;c__Chlamydiia;o__;f__;g__;s__,N/A,N/A,N/A,0,0,C01,,,,,,,,FALSE,,FALSE,Ea.F.2.L.A,Earl,dorm_sample,101.25
R022_R024.combined.C01,semibin2_7,100,0.28,Neural Network (Specific Model),11,0.851,2173216,318.1964523,7578845,0.7,6765,7,2813008,d__Bacteria;p__Pseudomonadota;c__Alphaproteobacteria;o__Rhizobiales;f__Beijerinckiaceae;g__Methylobacterium;s__Methylobacterium aquaticum,GCF_001043915.1,d__Bacteria;p__Pseudomonadota;c__Alphaproteobacteria;o__Rhizobiales;f__Beijerinckiaceae;g__Methylobacterium;s__Methylobacterium aquaticum,99.98,1,0,C01,,,,,,,,FALSE,,FALSE,Ea.F.2.L.A,Earl,dorm_sample,101.25
R022_R024.combined.C01,semibin2_70,8.36,0,Neural Network (Specific Model),11,0.878,18238,295.2605042,598467,0.49,595,37,34151,d__Bacteria;p__Cyanobacteriota;c__Sericytochromatia;o__UBA7694;f__UBA7694;g__CAJYHH01;s__,N/A,N/A,N/A,0,0,C01,,,,,,,,FALSE,,FALSE,Ea.F.2.L.A,Earl,dorm_sample,101.25
R022_R024.combined.C01,semibin2_73_sub,30.41,2.33,Neural Network (Specific Model),11,0.897,28778,292.7059849,1680343,0.67,1721,60,95804,d__Bacteria;p__Pseudomonadota;c__Alphaproteobacteria;o__Caulobacterales;f__Caulobacteraceae;g__Phenylobacterium;s__,N/A,N/A,N/A,0,0,C01,,,,,,,,FALSE,,FALSE,Ea.F.2.L.A,Earl,dorm_sample,101.25
R022_R024.combined.C01,semibin2_74,32.16,0.1,Neural Network (Specific Model),11,0.888,24508,286.8686527,1429108,0.68,1477,65,63613,d__Bacteria;p__Pseudomonadota;c__Gammaproteobacteria;o__Burkholderiales;f__Burkholderiaceae_C;g__Diaphorobacter;s__Diaphorobacter nitroreducens,GCF_003755025.1,d__Bacteria;p__Pseudomonadota;c__Gammaproteobacteria;o__Burkholderiales;f__Burkholderiaceae_C;g__Diaphorobacter;s__Diaphorobacter nitroreducens,98.13,0,0,C01,,,,,,,,FALSE,,FALSE,Ea.F.2.L.A,Earl,dorm_sample,101.25
R022_R024.combined.C01,semibin2_8,100,0.48,Neural Network (Specific Model),11,0.906,3052703,316.899669,5062582,0.64,4834,3,3052703,d__Bacteria;p__Pseudomonadota;c__Alphaproteobacteria;o__Sphingomonadales;f__Sphingomonadaceae;g__Sphingopyxis;s__,N/A,N/A,N/A,1,0,C01,,,,,,,,FALSE,,FALSE,Ea.F.2.L.A,Earl,dorm_sample,101.25
R022_R024.combined.C01,semibin2_9,99.94,1.44,Neural Network (Specific Model),11,0.903,2648285,319.2835624,4005452,0.66,3784,2,2648285,d__Bacteria;p__Pseudomonadota;c__Alphaproteobacteria;o__Sphingomonadales;f__Sphingomonadaceae;g__Sphingopyxis;s__,N/A,N/A,N/A,1,0,C01,,,,,,,,FALSE,,FALSE,Ea.F.2.L.A,Earl,dorm_sample,101.25
R022_R024.combined.C02,metabat2.4,70.65,0.2,Neural Network (Specific Model),11,0.905,78414,301.1809117,2797207,0.68,2808,43,202832,d__Bacteria;p__Pseudomonadota;c__Alphaproteobacteria;o__Caulobacterales;f__Caulobacteraceae;g__Phenylobacterium;s__Phenylobacterium haematophilum,GCF_014196295.1,d__Bacteria;p__Pseudomonadota;c__Alphaproteobacteria;o__Caulobacterales;f__Caulobacteraceae;g__Phenylobacterium;s__Phenylobacterium haematophilum,99.08,0,0,C02,,,,,,,,FALSE,,FALSE,Ea.F.2.H.B,Earl,dorm_sample,8.175
R022_R024.combined.C02,semibin2_0,81.02,1,Neural Network (Specific Model),11,0.911,32651,320.5910901,4232920,0.42,4018,178,88663,d__Bacteria;p__Bacteroidota;c__Bacteroidia;o__Cytophagales;f__UBA9547;g__UBA9547;s__,N/A,N/A,N/A,0,0,C02,,,,,,,,FALSE,,FALSE,Ea.F.2.H.B,Earl,dorm_sample,8.175
R022_R024.combined.C02,semibin2_1,72.31,0.36,Neural Network (Specific Model),11,0.912,445282,316.0994225,4133445,0.67,3983,21,1018969,d__Bacteria;p__Actinomycetota;c__Actinomycetes;o__Mycobacteriales;f__Mycobacteriaceae;g__Mycobacterium;s__,N/A,N/A,N/A,0,0,C02,,,,,,,,FALSE,,FALSE,Ea.F.2.H.B,Earl,dorm_sample,8.175
R022_R024.combined.C02,semibin2_10,45.05,0,Neural Network (Specific Model),11,0.881,22751,307.0149793,2019590,0.69,1936,95,67457,d__Bacteria;p__Pseudomonadota;c__Gammaproteobacteria;o__Burkholderiales;f__Burkholderiaceae;g__Cupriavidus;s__Cupriavidus pauculus_C,GCF_003854935.1,d__Bacteria;p__Pseudomonadota;c__Gammaproteobacteria;o__Burkholderiales;f__Burkholderiaceae;g__Cupriavidus;s__Cupriavidus pauculus_C,98.96,0,0,C02,,,,,,,,FALSE,,FALSE,Ea.F.2.H.B,Earl,dorm_sample,8.175
R022_R024.combined.C02,semibin2_11,15.41,0.42,Neural Network (Specific Model),11,0.843,12890,273.2911765,989158,0.71,1020,77,32878,d__Bacteria;p__Pseudomonadota;c__Alphaproteobacteria;o__Rhizobiales;f__Beijerinckiaceae;g__Methylobacterium;s__Methylobacterium radiotolerans,GCF_000019725.1,d__Bacteria;p__Pseudomonadota;c__Alphaproteobacteria;o__Rhizobiales;f__Beijerinckiaceae;g__Methylobacterium;s__Methylobacterium radiotolerans,98.01,0,0,C02,,,,,,,,FALSE,,FALSE,Ea.F.2.H.B,Earl,dorm_sample,8.175
R022_R024.combined.C02,semibin2_12,39.97,0.39,Neural Network (Specific Model),11,0.924,26985,299.6361763,2352922,0.66,2427,107,53018,d__Bacteria;p__Actinomycetota;c__Actinomycetes;o__Mycobacteriales;f__Mycobacteriaceae;g__Mycobacterium;s__Mycobacterium fortuitum,GCF_022179545.1,d__Bacteria;p__Actinomycetota;c__Actinomycetes;o__Mycobacteriales;f__Mycobacteriaceae;g__Mycobacterium;s__Mycobacterium fortuitum,98.44,0,0,C02,,,,,,,,FALSE,,FALSE,Ea.F.2.H.B,Earl,dorm_sample,8.175
R022_R024.combined.C02,semibin2_14,44.28,6.08,Neural Network (Specific Model),11,0.908,17251,292.0507946,3388175,0.66,3524,221,67819,d__Bacteria;p__Actinomycetota;c__Actinomycetes;o__Mycobacteriales;f__Mycobacteriaceae;g__Mycobacterium;s__,N/A,N/A,N/A,0,0,C02,,,,,,,,FALSE,,FALSE,Ea.F.2.H.B,Earl,dorm_sample,8.175
R022_R024.combined.C02,semibin2_17,16.76,0.04,Neural Network (Specific Model),11,0.914,12149,277.8401487,488845,0.39,538,41,19210,Unclassified Bacteria,N/A,N/A,N/A,0,0,C02,,,,,,,,FALSE,,FALSE,Ea.F.2.H.B,Earl,dorm_sample,8.175
R022_R024.combined.C02,semibin2_2,79.44,0.26,Gradient Boost (General Model),11,0.932,25069,320.3632117,3521502,0.44,3425,170,68473,d__Bacteria;p__Bacteroidota;c__Bacteroidia;o__Chitinophagales;f__Chitinophagaceae;g__Flavihumibacter;s__Flavihumibacter sp016787265,GCA_016787265.1,d__Bacteria;p__Bacteroidota;c__Bacteroidia;o__Chitinophagales;f__Chitinophagaceae;g__Flavihumibacter;s__Flavihumibacter sp016787265,98.58,0,0,C02,,,,,,,,FALSE,,FALSE,Ea.F.2.H.B,Earl,dorm_sample,8.175
R022_R024.combined.C02,semibin2_25,40.07,4.94,Neural Network (Specific Model),11,0.885,13850,313.619802,2142095,0.68,2020,162,46820,d__Bacteria;p__Pseudomonadota;c__Gammaproteobacteria;o__Xanthomonadales;f__Xanthomonadaceae;g__Pseudoxanthomonas_A;s__,N/A,N/A,N/A,0,0,C02,,,,,,,,FALSE,,FALSE,Ea.F.2.H.B,Earl,dorm_sample,8.175
R022_R024.combined.C02,semibin2_27,41.77,7.08,Neural Network (Specific Model),11,0.881,13804,276.7621158,3180303,0.66,3384,235,65372,d__Bacteria;p__Pseudomonadota;c__Gammaproteobacteria;o__Burkholderiales;f__;g__;s__,N/A,N/A,N/A,0,0,C02,,,,,,,,FALSE,,FALSE,Ea.F.2.H.B,Earl,dorm_sample,8.175
R022_R024.combined.C02,semibin2_3,79.5,15.43,Neural Network (Specific Model),11,0.894,79155,303.9224402,3320479,0.68,3262,62,201493,d__Bacteria;p__Pseudomonadota;c__Gammaproteobacteria;o__Xanthomonadales;f__Xanthomonadaceae;g__Pseudoxanthomonas_A;s__,N/A,N/A,N/A,0,0,C02,,,,,,,,FALSE,,FALSE,Ea.F.2.H.B,Earl,dorm_sample,8.175
R022_R024.combined.C02,semibin2_5,53.76,0.55,Neural Network (Specific Model),11,0.869,15747,275.5400445,1705228,0.39,1798,108,47705,d__Bacteria;p__Pseudomonadota;c__Gammaproteobacteria;o__Pseudomonadales;f__Moraxellaceae;g__Acinetobacter;s__Acinetobacter junii,GCF_000368765.1,d__Bacteria;p__Pseudomonadota;c__Gammaproteobacteria;o__Pseudomonadales;f__Moraxellaceae;g__Acinetobacter;s__Acinetobacter junii,98.17,0,0,C02,,,,,,,,FALSE,,FALSE,Ea.F.2.H.B,Earl,dorm_sample,8.175
R022_R024.combined.C02,semibin2_6,51.44,0.2,Neural Network (Specific Model),11,0.883,19664,289.5722092,2516007,0.66,2562,139,80520,d__Bacteria;p__Pseudomonadota;c__Gammaproteobacteria;o__Pseudomonadales;f__Pseudomonadaceae;g__Aquipseudomonas;s__Aquipseudomonas subflava,GCF_023823685.1,d__Bacteria;p__Pseudomonadota;c__Gammaproteobacteria;o__Pseudomonadales;f__Pseudomonadaceae;g__Aquipseudomonas;s__Aquipseudomonas subflava,95.39,0,0,C02,,,,,,,,FALSE,,FALSE,Ea.F.2.H.B,Earl,dorm_sample,8.175
R022_R024.combined.C02,semibin2_7,57.78,0.63,Neural Network (Specific Model),11,0.885,23404,309.5633411,2258064,0.71,2155,111,64598,d__Bacteria;p__Pseudomonadota;c__Gammaproteobacteria;o__Xanthomonadales;f__Xanthomonadaceae;g__Pseudoxanthomonas;s__Pseudoxanthomonas kaohsiungensis,GCF_010211765.1,d__Bacteria;p__Pseudomonadota;c__Gammaproteobacteria;o__Xanthomonadales;f__Xanthomonadaceae;g__Pseudoxanthomonas;s__Pseudoxanthomonas kaohsiungensis,97.83,0,0,C02,,,,,,,,FALSE,,FALSE,Ea.F.2.H.B,Earl,dorm_sample,8.175
R022_R024.combined.C02,semibin2_8,42.02,0.04,Neural Network (Specific Model),11,0.91,20040,297.1620735,1488332,0.67,1524,82,48925,d__Bacteria;p__Pseudomonadota;c__Alphaproteobacteria;o__Sphingomonadales;f__Sphingomonadaceae;g__Sphingomonas;s__Sphingomonas sp943913195,GCF_045371305.1,d__Bacteria;p__Pseudomonadota;c__Alphaproteobacteria;o__Sphingomonadales;f__Sphingomonadaceae;g__Sphingomonas;s__Sphingomonas sp943913195,98.35,0,0,C02,,,,,,,,FALSE,,FALSE,Ea.F.2.H.B,Earl,dorm_sample,8.175
R022_R024.combined.C02,semibin2_9,23.29,0,Neural Network (Specific Model),11,0.879,13915,321.1696535,915837,0.72,837,68,35812,d__Bacteria;p__Pseudomonadota;c__Gammaproteobacteria;o__Burkholderiales;f__Burkholderiaceae_C;g__Aquabacterium;s__,N/A,N/A,N/A,0,0,C02,,,,,,,,FALSE,,FALSE,Ea.F.2.H.B,Earl,dorm_sample,8.175
R022_R024.combined.C03,complete.2,99.93,0.28,Neural Network (Specific Model),11,0.904,4272239,318.266716,4272239,0.64,4053,1,4272239,d__Bacteria;p__Pseudomonadota;c__Alphaproteobacteria;o__Sphingomonadales;f__Sphingomonadaceae;g__Blastomonas;s__Blastomonas ursincola,GCF_013607875.1,d__Bacteria;p__Pseudomonadota;c__Alphaproteobacteria;o__Sphingomonadales;f__Sphingomonadaceae;g__Blastomonas;s__Blastomonas ursincola,98.11,1,1,C03,2,2,2,6,50,2,3,TRUE,,FALSE,Te.F.2.L.B,Teal,dorm_sample,27.75
R022_R024.combined.C03,metabat2.14_sub,57.11,3.63,Neural Network (Specific Model),11,0.909,88107,311.7169052,2297357,0.67,2236,34,150436,d__Bacteria;p__Pseudomonadota;c__Alphaproteobacteria;o__Sphingomonadales;f__Sphingomonadaceae;g__Sphingopyxis;s__Sphingopyxis sp022701295,GCF_022701295.1,d__Bacteria;p__Pseudomonadota;c__Alphaproteobacteria;o__Sphingomonadales;f__Sphingomonadaceae;g__Sphingopyxis;s__Sphingopyxis sp022701295,98.41,0,0,C03,,,,,,,,FALSE,,FALSE,Te.F.2.L.B,Teal,dorm_sample,27.75
R022_R024.combined.C03,metabat2.15,100,0.65,Neural Network (Specific Model),11,0.916,2876298,318.0932836,4735735,0.66,4556,5,2876298,d__Bacteria;p__Pseudomonadota;c__Alphaproteobacteria;o__Sphingomonadales;f__Sphingomonadaceae;g__Sphingomonas;s__Sphingomonas koreensis,GCF_002797435.1,d__Bacteria;p__Pseudomonadota;c__Alphaproteobacteria;o__Sphingomonadales;f__Sphingomonadaceae;g__Sphingomonas;s__Sphingomonas koreensis,98.33,1,0,C03,,,,,,,,FALSE,,FALSE,Te.F.2.L.B,Teal,dorm_sample,27.75
R022_R024.combined.C03,metabat2.2,99.65,0.45,Gradient Boost (General Model),11,0.926,3765192,339.9663389,6593853,0.69,6001,2,3765192,d__Bacteria;p__Pseudomonadota;c__Gammaproteobacteria;o__Burkholderiales;f__Burkholderiaceae_C;g__Aquincola;s__,N/A,N/A,N/A,1,0,C03,,,,,,,,FALSE,u148159ctg_len-3765192;u39518ctg_len-2828661,TRUE,Te.F.2.L.B,Teal,dorm_sample,27.75
R022_R024.combined.C03,metabat2.20,41.2,0.58,Neural Network (Specific Model),11,0.913,41596,304.7624085,2454918,0.66,2458,57,129938,d__Bacteria;p__Actinomycetota;c__Actinomycetes;o__Mycobacteriales;f__Mycobacteriaceae;g__Mycobacterium;s__Mycobacterium fortuitum,GCF_022179545.1,d__Bacteria;p__Actinomycetota;c__Actinomycetes;o__Mycobacteriales;f__Mycobacteriaceae;g__Mycobacterium;s__Mycobacterium fortuitum,98.63,0,0,C03,,,,,,,,FALSE,,FALSE,Te.F.2.L.B,Teal,dorm_sample,27.75
R022_R024.combined.C03,metabat2.25,84.49,1.67,Neural Network (Specific Model),11,0.904,69539,305.4280032,3814745,0.68,3771,55,269272,d__Bacteria;p__Pseudomonadota;c__Alphaproteobacteria;o__Caulobacterales;f__Caulobacteraceae;g__Phenylobacterium;s__,N/A,N/A,N/A,0,0,C03,,,,,,,,FALSE,,FALSE,Te.F.2.L.B,Teal,dorm_sample,27.75
R022_R024.combined.C03,metabat2.27,94.99,0.34,Gradient Boost (General Model),11,0.88,1006013,342.0883255,5699821,0.53,4891,8,1687544,d__Bacteria;p__Acidobacteriota;c__Blastocatellia;o__Pyrinomonadales;f__Pyrinomonadaceae;g__JAFDVJ01;s__,N/A,N/A,N/A,1,0,C03,,,,,,,,FALSE,,FALSE,Te.F.2.L.B,Teal,dorm_sample,27.75
R022_R024.combined.C03,metabat2.29_sub,69.78,6.5,Neural Network (Specific Model),11,0.904,108532,305.5312872,3396620,0.65,3356,36,443560,d__Bacteria;p__Pseudomonadota;c__Alphaproteobacteria;o__Sphingomonadales;f__Sphingomonadaceae;g__Sphingopyxis;s__,N/A,N/A,N/A,0,0,C03,,,,,,,,FALSE,,FALSE,Te.F.2.L.B,Teal,dorm_sample,27.75
R022_R024.combined.C03,semibin2_1,99.93,0.01,Neural Network (Specific Model),11,0.886,410709,382.2166401,5684076,0.68,4399,25,949532,d__Bacteria;p__Pseudomonadota;c__Gammaproteobacteria;o__Xanthomonadales;f__Rhodanobacteraceae;g__Tahibacter;s__,N/A,N/A,N/A,0,0,C03,,,,,,,,FALSE,,FALSE,Te.F.2.L.B,Teal,dorm_sample,27.75
R022_R024.combined.C03,semibin2_10,75.65,3.33,Neural Network (Specific Model),11,0.886,22925,327.9306108,6406094,0.5,5779,322,87360,d__Bacteria;p__Bacteroidota;c__Bacteroidia;o__Chitinophagales;f__Chitinophagaceae;g__Paraflavitalea;s__,N/A,N/A,N/A,0,0,C03,,,,,,,,FALSE,,FALSE,Te.F.2.L.B,Teal,dorm_sample,27.75
R022_R024.combined.C03,semibin2_11,48.31,0.12,Neural Network (Specific Model),11,0.858,16595,277.134009,857627,0.38,888,53,36933,d__Bacteria;p__Pseudomonadota;c__Alphaproteobacteria;o__Caedimonadales;f__Caedimonadaceae;g__Paracaedimonas;s__,N/A,N/A,N/A,0,0,C03,,,,,,,,FALSE,,FALSE,Te.F.2.L.B,Teal,dorm_sample,27.75
R022_R024.combined.C03,semibin2_14,52.92,4.18,Neural Network (Specific Model),11,0.843,21741,286.1241867,3591324,0.71,3535,192,60903,d__Bacteria;p__Pseudomonadota;c__Alphaproteobacteria;o__Rhizobiales;f__Beijerinckiaceae;g__Methylobacterium;s__Methylobacterium tarhaniae,GCF_001043955.1,d__Bacteria;p__Pseudomonadota;c__Alphaproteobacteria;o__Rhizobiales;f__Beijerinckiaceae;g__Methylobacterium;s__Methylobacterium tarhaniae,98.73,0,0,C03,,,,,,,,FALSE,,FALSE,Te.F.2.L.B,Teal,dorm_sample,27.75
R022_R024.combined.C03,semibin2_21,22.04,0.84,Neural Network (Specific Model),11,0.863,15871,276.2846154,1371056,0.64,1430,91,54053,d__Bacteria;p__Pseudomonadota;c__Alphaproteobacteria;o__Rhizobiales;f__Xanthobacteraceae;g__Bradyrhizobium;s__,N/A,N/A,N/A,0,0,C03,,,,,,,,FALSE,,FALSE,Te.F.2.L.B,Teal,dorm_sample,27.75
R022_R024.combined.C03,semibin2_22,15.03,0,Neural Network (Specific Model),11,0.838,15457,271.8038618,955154,0.7,984,65,57468,d__Bacteria;p__Pseudomonadota;c__Alphaproteobacteria;o__Rhizobiales;f__Beijerinckiaceae;g__Methylobacterium;s__,N/A,N/A,N/A,0,0,C03,,,,,,,,FALSE,,FALSE,Te.F.2.L.B,Teal,dorm_sample,27.75
R022_R024.combined.C03,semibin2_23,18.02,0.24,Neural Network (Specific Model),11,0.898,13313,290.9147844,944645,0.69,974,77,22937,d__Bacteria;p__Pseudomonadota;c__Gammaproteobacteria;o__Burkholderiales;f__Burkholderiaceae_C;g__Pseudorhodoferax;s__,N/A,N/A,N/A,0,0,C03,,,,,,,,FALSE,,FALSE,Te.F.2.L.B,Teal,dorm_sample,27.75
R022_R024.combined.C03,semibin2_3,99.99,0.19,Neural Network (Specific Model),11,0.884,984518,310.3882794,3929476,0.63,3737,7,1672571,d__Bacteria;p__Pseudomonadota;c__Alphaproteobacteria;o__Rhizobiales;f__Hyphomicrobiaceae;g__JAKAXS01;s__JAKAXS01 sp021816505,GCA_021816505.1,d__Bacteria;p__Pseudomonadota;c__Alphaproteobacteria;o__Rhizobiales;f__Hyphomicrobiaceae;g__JAKAXS01;s__JAKAXS01 sp021816505,97.77,1,0,C03,,,,,,,,FALSE,,FALSE,Te.F.2.L.B,Teal,dorm_sample,27.75
R022_R024.combined.C03,semibin2_4,99.79,0.76,Neural Network (Specific Model),11,0.906,2103534,310.979921,6244540,0.67,6076,7,2252058,d__Bacteria;p__Actinomycetota;c__Actinomycetes;o__Mycobacteriales;f__Mycobacteriaceae;g__Mycobacterium;s__,N/A,N/A,N/A,1,0,C03,,,,,,,,FALSE,,FALSE,Te.F.2.L.B,Teal,dorm_sample,27.75
R022_R024.combined.C03,semibin2_44_sub,64.09,13.7,Neural Network (Specific Model),11,0.897,17573,284.6335701,6139118,0.66,6476,394,113159,d__Bacteria;p__Actinomycetota;c__Actinomycetes;o__Mycobacteriales;f__Mycobacteriaceae;g__Mycobacterium;s__,N/A,N/A,N/A,0,0,C03,,,,,,,,FALSE,u188119ctg_len-53793;u211842ctg_len-26020;u55475ctg_len-31534,TRUE,Te.F.2.L.B,Teal,dorm_sample,27.75
R022_R024.combined.C03,semibin2_47,42.1,5.8,Neural Network (Specific Model),11,0.897,22109,300.148584,2720952,0.65,2719,135,222515,d__Bacteria;p__Pseudomonadota;c__Alphaproteobacteria;o__Sphingomonadales;f__Sphingomonadaceae;g__Sphingopyxis;s__,N/A,N/A,N/A,0,0,C03,,,,,,,,FALSE,,FALSE,Te.F.2.L.B,Teal,dorm_sample,27.75
R022_R024.combined.C03,semibin2_51,8.18,0.04,Neural Network (Specific Model),11,0.854,15620,292.430622,427312,0.63,418,31,54114,d__Bacteria;p__Pseudomonadota;c__Gammaproteobacteria;o__Xanthomonadales;f__Xanthomonadaceae;g__Pseudoxanthomonas_A;s__,N/A,N/A,N/A,0,0,C03,,,,,,,,FALSE,,FALSE,Te.F.2.L.B,Teal,dorm_sample,27.75
R022_R024.combined.C03,semibin2_6,84.02,0.86,Neural Network (Specific Model),11,0.917,614393,323.4546254,4802940,0.67,4551,13,1202978,d__Bacteria;p__Actinomycetota;c__Actinomycetes;o__Mycobacteriales;f__Mycobacteriaceae;g__Mycobacterium;s__Mycobacterium phocaicum,GCF_010731115.1,d__Bacteria;p__Actinomycetota;c__Actinomycetes;o__Mycobacteriales;f__Mycobacteriaceae;g__Mycobacterium;s__Mycobacterium phocaicum,95.82,0,0,C03,,,,,,,,FALSE,,FALSE,Te.F.2.L.B,Teal,dorm_sample,27.75
R022_R024.combined.C03,semibin2_8,87.15,0.57,Neural Network (Specific Model),11,0.932,58960,306.9621774,2788339,0.72,2829,65,166357,d__Bacteria;p__Actinomycetota;c__Actinomycetes;o__Actinomycetales;f__Microbacteriaceae;g__Pseudolysinimonas_A;s__,N/A,N/A,N/A,0,0,C03,,,,,,,,FALSE,,FALSE,Te.F.2.L.B,Teal,dorm_sample,27.75
R022_R024.combined.C03,semibin2_9,89.36,1.58,Neural Network (Specific Model),11,0.905,110901,314.5177505,3314484,0.68,3183,53,294472,d__Bacteria;p__Pseudomonadota;c__Gammaproteobacteria;o__Xanthomonadales;f__Xanthomonadaceae;g__Pseudoxanthomonas_A;s__Pseudoxanthomonas_A mexicana,GCF_010093385.1,d__Bacteria;p__Pseudomonadota;c__Gammaproteobacteria;o__Xanthomonadales;f__Xanthomonadaceae;g__Pseudoxanthomonas_A;s__Pseudoxanthomonas_A mexicana,96.85,0,0,C03,,,,,,,,FALSE,,FALSE,Te.F.2.L.B,Teal,dorm_sample,27.75
R022_R024.combined.C04,complete.11,100,0.05,Neural Network (Specific Model),11,0.913,5969684,318.591951,5969684,0.67,5715,1,5969684,d__Bacteria;p__Actinomycetota;c__Actinomycetes;o__Mycobacteriales;f__Mycobacteriaceae;g__Mycobacterium;s__Mycobacterium phocaicum,GCF_010731115.1,d__Bacteria;p__Actinomycetota;c__Actinomycetes;o__Mycobacteriales;f__Mycobacteriaceae;g__Mycobacterium;s__Mycobacterium phocaicum,95.21,1,1,C04,2,2,2,6,60,2,1,TRUE,u57186ctg_len-5969684,TRUE,Te.F.1.H.C,Teal,dorm_sample,40.5
R022_R024.combined.C04,complete.12,100,0.25,Neural Network (Specific Model),11,0.892,4183332,307.0490631,4183332,0.66,4056,1,4183332,d__Bacteria;p__Pseudomonadota;c__Gammaproteobacteria;o__Burkholderiales;f__Burkholderiaceae_C;g__Ottowia;s__Ottowia sp018060485,GCA_018060485.1,d__Bacteria;p__Pseudomonadota;c__Gammaproteobacteria;o__Burkholderiales;f__Burkholderiaceae_C;g__Ottowia;s__Ottowia sp018060485,98.61,1,1,C04,1,1,1,3,46,1,3,TRUE,u52224ctg_len-4183332,TRUE,Te.F.1.H.C,Teal,dorm_sample,40.5
R022_R024.combined.C04,complete.13,100,0.78,Neural Network (Specific Model),11,0.899,4251699,314.5503819,4251699,0.65,4059,1,4251699,d__Bacteria;p__Pseudomonadota;c__Alphaproteobacteria;o__Sphingomonadales;f__Sphingomonadaceae;g__Sphingopyxis;s__Sphingopyxis sp001468395,GCF_001468395.1,d__Bacteria;p__Pseudomonadota;c__Alphaproteobacteria;o__Sphingomonadales;f__Sphingomonadaceae;g__Sphingopyxis;s__Sphingopyxis sp001468395,97.07,1,1,C04,1,1,1,3,48,1,1,TRUE,u65488ctg_len-4251699,TRUE,Te.F.1.H.C,Teal,dorm_sample,40.5
R022_R024.combined.C04,complete.14,94.25,1.06,Gradient Boost (General Model),11,0.886,5825487,334.3893204,5825487,0.51,5150,1,5825487,d__Bacteria;p__Acidobacteriota;c__Blastocatellia;o__Pyrinomonadales;f__Pyrinomonadaceae;g__JAFDVJ01;s__,N/A,N/A,N/A,1,1,C04,1,1,1,3,72,1,3,TRUE,u184297ctg_len-5825487,TRUE,Te.F.1.H.C,Teal,dorm_sample,40.5
R022_R024.combined.C04,metabat2.15,64.24,0.7,Neural Network (Specific Model),11,0.879,68311,288.5832179,3546924,0.65,3611,56,192192,d__Bacteria;p__Pseudomonadota;c__Alphaproteobacteria;o__Rhizobiales;f__Rhizobiaceae;g__Arvimicrobium;s__,N/A,N/A,N/A,0,0,C04,,,,,,,,FALSE,,FALSE,Te.F.1.H.C,Teal,dorm_sample,40.5
R022_R024.combined.C04,metabat2.18,85.48,6.4,Gradient Boost (General Model),11,0.898,98156,336.5098404,4218425,0.7,3760,51,317113,d__Bacteria;p__Pseudomonadota;c__Gammaproteobacteria;o__Xanthomonadales;f__Ahniellaceae;g__JBGAHD01;s__,N/A,N/A,N/A,0,0,C04,,,,,,,,FALSE,,FALSE,Te.F.1.H.C,Teal,dorm_sample,40.5
R022_R024.combined.C04,metabat2.20,78.35,19.44,Neural Network (Specific Model),11,0.911,64763,313.4459632,5649174,0.67,5487,87,377476,d__Bacteria;p__Actinomycetota;c__Actinomycetes;o__Mycobacteriales;f__Mycobacteriaceae;g__Mycobacterium;s__Mycobacterium phocaicum,GCF_010731115.1,d__Bacteria;p__Actinomycetota;c__Actinomycetes;o__Mycobacteriales;f__Mycobacteriaceae;g__Mycobacterium;s__Mycobacterium phocaicum,95.54,0,0,C04,,,,,,,,FALSE,,FALSE,Te.F.1.H.C,Teal,dorm_sample,40.5
R022_R024.combined.C04,metabat2.21,38.81,0.35,Neural Network (Specific Model),11,0.886,45546,319.4588997,1668119,0.68,1545,37,89515,d__Bacteria;p__Pseudomonadota;c__Gammaproteobacteria;o__Xanthomonadales;f__Xanthomonadaceae;g__Lysobacter_I;s__Lysobacter_I sp036404915,GCA_036404915.1,d__Bacteria;p__Pseudomonadota;c__Gammaproteobacteria;o__Xanthomonadales;f__Xanthomonadaceae;g__Lysobacter_I;s__Lysobacter_I sp036404915,97.24,0,0,C04,,,,,,,,FALSE,,FALSE,Te.F.1.H.C,Teal,dorm_sample,40.5
R022_R024.combined.C04,metabat2.22,76.2,22.09,Neural Network (Specific Model),11,0.888,58392,308.6115108,3904163,0.68,3753,69,183706,d__Bacteria;p__Pseudomonadota;c__Gammaproteobacteria;o__Xanthomonadales;f__Xanthomonadaceae;g__Pseudoxanthomonas_A;s__,N/A,N/A,N/A,0,0,C04,,,,,,,,FALSE,,FALSE,Te.F.1.H.C,Teal,dorm_sample,40.5
R022_R024.combined.C04,metabat2.23,99.97,0.49,Neural Network (Specific Model),11,0.869,6087538,306.5116392,6535386,0.64,6186,4,6087538,d__Bacteria;p__Pseudomonadota;c__Alphaproteobacteria;o__Rhizobiales;f__Xanthobacteraceae;g__Bradyrhizobium;s__,N/A,N/A,N/A,1,0,C04,,,,,,,,FALSE,,FALSE,Te.F.1.H.C,Teal,dorm_sample,40.5
R022_R024.combined.C04,metabat2.27,98.32,0.06,Neural Network (Specific Model),11,0.933,257939,309.9397842,2856253,0.71,2873,15,586964,d__Bacteria;p__Actinomycetota;c__Actinomycetes;o__Actinomycetales;f__Microbacteriaceae;g__Pseudolysinimonas_A;s__,N/A,N/A,N/A,1,0,C04,,,,,,,,FALSE,,FALSE,Te.F.1.H.C,Teal,dorm_sample,40.5
R022_R024.combined.C04,metabat2.6,11.9,0,Neural Network (Specific Model),11,0.91,39427,306.0152672,395171,0.65,393,10,67226,d__Bacteria;p__Pseudomonadota;c__Alphaproteobacteria;o__Sphingomonadales;f__Sphingomonadaceae;g__Qipengyuania;s__,N/A,N/A,N/A,0,0,C04,,,,,,,,FALSE,,FALSE,Te.F.1.H.C,Teal,dorm_sample,40.5
R022_R024.combined.C04,metabat2.7,73.87,10.26,Neural Network (Specific Model),11,0.901,90263,292.9633342,3686247,0.65,3791,52,285294,d__Bacteria;p__Pseudomonadota;c__Alphaproteobacteria;o__Sphingomonadales;f__Sphingomonadaceae;g__Sphingopyxis;s__,N/A,N/A,N/A,0,0,C04,,,,,,,,FALSE,,FALSE,Te.F.1.H.C,Teal,dorm_sample,40.5
R022_R024.combined.C04,semibin2_1,99.98,1.05,Neural Network (Specific Model),11,0.905,466935,332.812553,5190297,0.71,4716,20,706145,d__Bacteria;p__Actinomycetota;c__Actinomycetes;o__Mycobacteriales;f__Nakamurellaceae;g__Nakamurella;s__Nakamurella multipartita,GCF_000024365.1,d__Bacteria;p__Actinomycetota;c__Actinomycetes;o__Mycobacteriales;f__Nakamurellaceae;g__Nakamurella;s__Nakamurella multipartita,96.13,0,0,C04,,,,,,,,FALSE,,FALSE,Te.F.1.H.C,Teal,dorm_sample,40.5
R022_R024.combined.C04,semibin2_10,76.38,0,Neural Network (Specific Model),11,0.914,38964,312.2327546,2178193,0.7,2131,72,85265,d__Bacteria;p__Actinomycetota;c__Actinomycetes;o__Actinomycetales;f__Microbacteriaceae;g__Microbacterium;s__Microbacterium sp003248845,GCF_037147735.1,d__Bacteria;p__Actinomycetota;c__Actinomycetes;o__Actinomycetales;f__Microbacteriaceae;g__Microbacterium;s__Microbacterium sp003248845,97.93,0,0,C04,,,,,,,,FALSE,,FALSE,Te.F.1.H.C,Teal,dorm_sample,40.5
R022_R024.combined.C04,semibin2_11,31.52,0,Neural Network (Specific Model),11,0.9,22085,293.7163324,1364116,0.4,1396,70,60656,d__Bacteria;p__Bacteroidota;c__Bacteroidia;o__Sphingobacteriales;f__Sphingobacteriaceae;g__Pedobacter;s__,N/A,N/A,N/A,0,0,C04,,,,,,,,FALSE,,FALSE,Te.F.1.H.C,Teal,dorm_sample,40.5
R022_R024.combined.C04,semibin2_13,49.09,1.12,Neural Network (Specific Model),11,0.858,17185,251.4087389,1582679,0.42,1808,101,44828,d__Bacteria;p__Pseudomonadota;c__Gammaproteobacteria;o__Pseudomonadales;f__Moraxellaceae;g__Acinetobacter;s__Acinetobacter johnsonii,GCF_000368045.1,d__Bacteria;p__Pseudomonadota;c__Gammaproteobacteria;o__Pseudomonadales;f__Moraxellaceae;g__Acinetobacter;s__Acinetobacter johnsonii,96.14,0,0,C04,,,,,,,,FALSE,,FALSE,Te.F.1.H.C,Teal,dorm_sample,40.5
R022_R024.combined.C04,semibin2_14,72.77,4.14,Neural Network (Specific Model),11,0.901,31728,288.2795011,2993785,0.68,3127,105,101545,d__Bacteria;p__Pseudomonadota;c__Alphaproteobacteria;o__Caulobacterales;f__Caulobacteraceae;g__Phenylobacterium;s__Phenylobacterium haematophilum,GCF_014196295.1,d__Bacteria;p__Pseudomonadota;c__Alphaproteobacteria;o__Caulobacterales;f__Caulobacteraceae;g__Phenylobacterium;s__Phenylobacterium haematophilum,98.49,0,0,C04,,,,,,,,FALSE,,FALSE,Te.F.1.H.C,Teal,dorm_sample,40.5
R022_R024.combined.C04,semibin2_15,49.82,11.75,Neural Network (Specific Model),11,0.888,26824,288.9915179,2183251,0.67,2240,92,79918,d__Bacteria;p__Pseudomonadota;c__Gammaproteobacteria;o__Burkholderiales;f__Burkholderiaceae_C;g__Ottowia;s__Ottowia sp018060485,GCA_018060485.1,d__Bacteria;p__Pseudomonadota;c__Gammaproteobacteria;o__Burkholderiales;f__Burkholderiaceae_C;g__Ottowia;s__Ottowia sp018060485,98.74,0,0,C04,,,,,,,,FALSE,,FALSE,Te.F.1.H.C,Teal,dorm_sample,40.5
R022_R024.combined.C04,semibin2_16,47.53,0.01,Neural Network (Specific Model),11,0.905,24023,311.1538902,1799348,0.46,1748,84,56181,d__Bacteria;p__Bacteroidota;c__Bacteroidia;o__Chitinophagales;f__Chitinophagaceae;g__JAFIGV01;s__,N/A,N/A,N/A,0,0,C04,,,,,,,,FALSE,,FALSE,Te.F.1.H.C,Teal,dorm_sample,40.5
R022_R024.combined.C04,semibin2_18_sub,58.63,2.57,Neural Network (Specific Model),11,0.887,26628,324.9500223,2458580,0.7,2241,110,74395,d__Bacteria;p__Pseudomonadota;c__Gammaproteobacteria;o__Xanthomonadales;f__Rhodanobacteraceae;g__Dokdonella_A;s__Dokdonella_A sp023430685,GCA_023430685.1,d__Bacteria;p__Pseudomonadota;c__Gammaproteobacteria;o__Xanthomonadales;f__Rhodanobacteraceae;g__Dokdonella_A;s__Dokdonella_A sp023430685,98.36,0,0,C04,,,,,,,,FALSE,,FALSE,Te.F.1.H.C,Teal,dorm_sample,40.5
R022_R024.combined.C04,semibin2_19,62.38,6.44,Neural Network (Specific Model),11,0.899,18175,295.0841844,3557417,0.47,3623,211,52898,d__Bacteria;p__Bacteroidota;c__Bacteroidia;o__B-17B0;f__Aurantibacillaceae;g__UBA4416;s__,N/A,N/A,N/A,0,0,C04,,,,,,,,FALSE,,FALSE,Te.F.1.H.C,Teal,dorm_sample,40.5
R022_R024.combined.C04,semibin2_20,38.14,0.15,Neural Network (Specific Model),11,0.903,25005,279.5079727,2032377,0.66,2195,95,58264,d__Bacteria;p__Pseudomonadota;c__Alphaproteobacteria;o__Reyranellales;f__Reyranellaceae;g__Reyranella;s__,N/A,N/A,N/A,0,0,C04,,,,,,,,FALSE,,FALSE,Te.F.1.H.C,Teal,dorm_sample,40.5
R022_R024.combined.C04,semibin2_3,92.59,0.19,Gradient Boost (General Model),11,0.892,209709,328.0899485,4276570,0.45,3880,31,644525,d__Bacteria;p__Acidobacteriota;c__Blastocatellia;o__Pyrinomonadales;f__Pyrinomonadaceae;g__JBPCRW01;s__,N/A,N/A,N/A,0,0,C04,,,,,,,,FALSE,,FALSE,Te.F.1.H.C,Teal,dorm_sample,40.5
R022_R024.combined.C04,semibin2_4,90.29,3.93,Gradient Boost (General Model),11,0.905,203675,342.9899979,5335310,0.53,4699,37,530822,d__Bacteria;p__Cyanobacteriota;c__Vampirovibrionia;o__Obscuribacterales;f__Obscuribacteraceae;g__Ga0077546;s__,N/A,N/A,N/A,0,0,C04,,,,,,,,FALSE,,FALSE,Te.F.1.H.C,Teal,dorm_sample,40.5
R022_R024.combined.C04,semibin2_44_sub,31.34,2.51,Neural Network (Specific Model),11,0.889,19864,275.1365114,2561126,0.66,2769,139,78200,d__Bacteria;p__Actinomycetota;c__Actinomycetes;o__Mycobacteriales;f__Mycobacteriaceae;g__Mycobacterium;s__,N/A,N/A,N/A,0,0,C04,,,,,,,,FALSE,,FALSE,Te.F.1.H.C,Teal,dorm_sample,40.5
R022_R024.combined.C04,semibin2_45_sub,23.49,6.87,Neural Network (Specific Model),11,0.868,37536,255.068567,2280018,0.67,2596,82,386855,d__Bacteria;p__Actinomycetota;c__Actinomycetes;o__Actinomycetales;f__Microbacteriaceae;g__Microbacterium;s__,N/A,N/A,N/A,0,0,C04,,,,,,,,FALSE,u78451ctg_len-54825;u33176ctg_len-26264,TRUE,Te.F.1.H.C,Teal,dorm_sample,40.5
R022_R024.combined.C04,semibin2_6,81.66,1.01,Neural Network (Specific Model),11,0.883,42305,319.969172,3695120,0.49,3406,106,105340,d__Bacteria;p__Pseudomonadota;c__Gammaproteobacteria;o__Enterobacterales;f__Alteromonadaceae;g__Pararheinheimera;s__,N/A,N/A,N/A,0,0,C04,,,,,,,,FALSE,,FALSE,Te.F.1.H.C,Teal,dorm_sample,40.5
R022_R024.combined.C04,semibin2_60_sub,67.38,16.15,Neural Network (Specific Model),11,0.907,24271,288.129661,3364374,0.66,3540,154,82024,d__Bacteria;p__Pseudomonadota;c__Alphaproteobacteria;o__Sphingomonadales;f__Sphingomonadaceae;g__Sphingomonas;s__,N/A,N/A,N/A,0,0,C04,,,,,,,,FALSE,,FALSE,Te.F.1.H.C,Teal,dorm_sample,40.5
R022_R024.combined.C04,semibin2_62_sub,48.5,14.78,Gradient Boost (General Model),11,0.875,19056,272.179855,5773098,0.63,6205,336,89845,d__Bacteria;p__Pseudomonadota;c__;o__;f__;g__;s__,N/A,N/A,N/A,0,0,C04,,,,,,,,FALSE,,FALSE,Te.F.1.H.C,Teal,dorm_sample,40.5
R022_R024.combined.C04,semibin2_7,78.69,0.05,Gradient Boost (General Model),11,0.883,63684,315.2104317,2973578,0.64,2780,65,144942,d__Bacteria;p__Pseudomonadota;c__Gammaproteobacteria;o__Burkholderiales;f__Burkholderiaceae;g__Imbroritus;s__,N/A,N/A,N/A,0,0,C04,,,,,,,,FALSE,,FALSE,Te.F.1.H.C,Teal,dorm_sample,40.5
R022_R024.combined.C04,semibin2_9,82.81,1.16,Neural Network (Specific Model),11,0.844,96629,340.3252382,6464017,0.62,5353,97,310771,d__Bacteria;p__Planctomycetota;c__Planctomycetia;o__Pirellulales;f__Lacipirellulaceae;g__Lacipirellula;s__,N/A,N/A,N/A,0,0,C04,,,,,,,,FALSE,,FALSE,Te.F.1.H.C,Teal,dorm_sample,40.5
R022_R024.combined.C05,complete.3,100,0.07,Gradient Boost (General Model),11,0.903,4392367,344.0730249,4392367,0.46,3848,1,4392367,d__Bacteria;p__Bacteroidota;c__Bacteroidia;o__Chitinophagales;f__Chitinophagaceae;g__JJ008;s__,N/A,N/A,N/A,1,1,C05,1,1,1,3,47,1,0,TRUE,,FALSE,SR.F.2.H.B,SoRo,dorm_sample,67.5
R022_R024.combined.C05,metabat2.14,94.73,0.56,Neural Network (Specific Model),11,0.885,2199682,303.2026951,3653114,0.67,3562,7,2199682,d__Bacteria;p__Pseudomonadota;c__Gammaproteobacteria;o__Burkholderiales;f__Burkholderiaceae_C;g__Ottowia;s__Ottowia sp018060485,GCA_018060485.1,d__Bacteria;p__Pseudomonadota;c__Gammaproteobacteria;o__Burkholderiales;f__Burkholderiaceae_C;g__Ottowia;s__Ottowia sp018060485,98.79,1,0,C05,,,,,,,,FALSE,,FALSE,SR.F.2.H.B,SoRo,dorm_sample,67.5
R022_R024.combined.C05,metabat2.16,7.42,0,Neural Network (Specific Model),11,0.869,41524,270.4507576,246009,0.65,264,6,47409,Unclassified Bacteria,N/A,N/A,N/A,0,0,C05,,,,,,,,FALSE,,FALSE,SR.F.2.H.B,SoRo,dorm_sample,67.5
R022_R024.combined.C05,metabat2.19,64.92,12.87,Neural Network (Specific Model),11,0.879,44641,282.7063407,3576836,0.65,3722,80,127565,d__Bacteria;p__Pseudomonadota;c__Alphaproteobacteria;o__Sphingomonadales;f__Sphingomonadaceae;g__Sphingopyxis;s__,N/A,N/A,N/A,0,0,C05,,,,,,,,FALSE,,FALSE,SR.F.2.H.B,SoRo,dorm_sample,67.5
R022_R024.combined.C05,metabat2.20,65.7,1.14,Neural Network (Specific Model),11,0.904,71318,304.207109,2124668,0.65,2110,35,160984,d__Bacteria;p__Pseudomonadota;c__Alphaproteobacteria;o__Sphingomonadales;f__Sphingomonadaceae;g__Erythrobacter;s__Erythrobacter sp009905735,GCF_009905735.1,d__Bacteria;p__Pseudomonadota;c__Alphaproteobacteria;o__Sphingomonadales;f__Sphingomonadaceae;g__Erythrobacter;s__Erythrobacter sp009905735,95.68,0,0,C05,,,,,,,,FALSE,,FALSE,SR.F.2.H.B,SoRo,dorm_sample,67.5
R022_R024.combined.C05,metabat2.21,84.6,4.08,Neural Network (Specific Model),11,0.897,133184,307.2976641,3248069,0.65,3168,28,411140,d__Bacteria;p__Pseudomonadota;c__Alphaproteobacteria;o__Sphingomonadales;f__Sphingomonadaceae;g__Blastomonas;s__Blastomonas ursincola,GCF_013607875.1,d__Bacteria;p__Pseudomonadota;c__Alphaproteobacteria;o__Sphingomonadales;f__Sphingomonadaceae;g__Blastomonas;s__Blastomonas ursincola,98.07,0,0,C05,,,,,,,,FALSE,,FALSE,SR.F.2.H.B,SoRo,dorm_sample,67.5
R022_R024.combined.C05,metabat2.25,31.17,2.13,Neural Network (Specific Model),11,0.88,41693,287.3627519,1404909,0.68,1439,33,78149,d__Bacteria;p__Pseudomonadota;c__Gammaproteobacteria;o__Xanthomonadales;f__Xanthomonadaceae;g__Pseudoxanthomonas_A;s__Pseudoxanthomonas_A mexicana,GCF_010093385.1,d__Bacteria;p__Pseudomonadota;c__Gammaproteobacteria;o__Xanthomonadales;f__Xanthomonadaceae;g__Pseudoxanthomonas_A;s__Pseudoxanthomonas_A mexicana,95.36,0,0,C05,,,,,,,,FALSE,,FALSE,SR.F.2.H.B,SoRo,dorm_sample,67.5
R022_R024.combined.C05,metabat2.28,87.53,1.98,Gradient Boost (General Model),11,0.884,852090,342.0009313,6222270,0.49,5369,18,1499715,d__Bacteria;p__Cyanobacteriota;c__Vampirovibrionia;o__Obscuribacterales;f__Obscuribacteraceae;g__QKMZ01;s__,N/A,N/A,N/A,0,0,C05,,,,,,,,FALSE,,FALSE,SR.F.2.H.B,SoRo,dorm_sample,67.5
R022_R024.combined.C05,metabat2.6_sub,21.82,0.69,Neural Network (Specific Model),11,0.854,36323,274.4439868,1166675,0.64,1214,31,70302,d__Bacteria;p__Pseudomonadota;c__Alphaproteobacteria;o__Rhizobiales;f__Xanthobacteraceae;g__Bradyrhizobium;s__,N/A,N/A,N/A,0,0,C05,,,,,,,,FALSE,,FALSE,SR.F.2.H.B,SoRo,dorm_sample,67.5
R022_R024.combined.C05,semibin2_1,88.4,3.12,Neural Network (Specific Model),11,0.909,515604,308.8732315,5388410,0.67,5301,28,1065203,d__Bacteria;p__Actinomycetota;c__Actinomycetes;o__Mycobacteriales;f__Mycobacteriaceae;g__Mycobacterium;s__Mycobacterium phocaicum,GCF_010731115.1,d__Bacteria;p__Actinomycetota;c__Actinomycetes;o__Mycobacteriales;f__Mycobacteriaceae;g__Mycobacterium;s__Mycobacterium phocaicum,95.81,0,0,C05,,,,,,,,FALSE,,FALSE,SR.F.2.H.B,SoRo,dorm_sample,67.5
R022_R024.combined.C05,semibin2_10,54.96,12.86,Neural Network (Specific Model),11,0.862,23949,249.6438619,2705320,0.69,3128,123,68476,d__Bacteria;p__Pseudomonadota;c__Alphaproteobacteria;o__Caulobacterales;f__Caulobacteraceae;g__Phenylobacterium;s__,N/A,N/A,N/A,0,0,C05,,,,,,,,FALSE,,FALSE,SR.F.2.H.B,SoRo,dorm_sample,67.5
R022_R024.combined.C05,semibin2_12,57.87,0.04,Gradient Boost (General Model),11,0.897,36659,326.8812965,2490916,0.45,2283,89,124370,d__Bacteria;p__Bacteroidota;c__Bacteroidia;o__Chitinophagales;f__LD1;g__Bog-950;s__,N/A,N/A,N/A,0,0,C05,,,,,,,,FALSE,,FALSE,SR.F.2.H.B,SoRo,dorm_sample,67.5
R022_R024.combined.C05,semibin2_13,50.34,0.13,Gradient Boost (General Model),11,0.888,29843,285.4817961,1584624,0.44,1648,61,67878,d__Bacteria;p__Bacteroidota;c__Bacteroidia;o__Chitinophagales;f__Chitinophagaceae;g__Ferruginibacter;s__,N/A,N/A,N/A,0,0,C05,,,,,,,,FALSE,,FALSE,SR.F.2.H.B,SoRo,dorm_sample,67.5
R022_R024.combined.C05,semibin2_14,25.89,1.86,Neural Network (Specific Model),11,0.874,21866,281.8613782,1203841,0.71,1248,59,61009,d__Bacteria;p__Actinomycetota;c__Actinomycetes;o__Propionibacteriales;f__Propionibacteriaceae;g__Micropruina;s__Micropruina sp937863965,GCA_937863965.1,d__Bacteria;p__Actinomycetota;c__Actinomycetes;o__Propionibacteriales;f__Propionibacteriaceae;g__Micropruina;s__Micropruina sp937863965,97.6,0,0,C05,,,,,,,,FALSE,,FALSE,SR.F.2.H.B,SoRo,dorm_sample,67.5
R022_R024.combined.C05,semibin2_15,35.78,1.95,Neural Network (Specific Model),11,0.889,26040,300.3794275,2082676,0.46,2061,88,62017,d__Bacteria;p__Bacteroidota;c__Bacteroidia;o__Chitinophagales;f__Chitinophagaceae;g__;s__,N/A,N/A,N/A,0,0,C05,,,,,,,,FALSE,,FALSE,SR.F.2.H.B,SoRo,dorm_sample,67.5
R022_R024.combined.C05,semibin2_16,15.73,0.72,Neural Network (Specific Model),11,0.901,30358,267.0020661,428265,0.41,484,19,44364,d__Bacteria;p__Bdellovibrionota;c__Bdellovibrionia;o__Bdellovibrionales;f__Bdellovibrionaceae;g__Pseudobdellovibrio;s__,N/A,N/A,N/A,0,0,C05,,,,,,,,FALSE,,FALSE,SR.F.2.H.B,SoRo,dorm_sample,67.5
R022_R024.combined.C05,semibin2_19,29.59,1.87,Neural Network (Specific Model),11,0.926,21168,289.6351744,643288,0.58,688,33,43816,d__Bacteria;p__Pseudomonadota;c__Alphaproteobacteria;o__Rickettsiales;f__UBA3002;g__QFOX01;s__,N/A,N/A,N/A,0,0,C05,,,,,,,,FALSE,,FALSE,SR.F.2.H.B,SoRo,dorm_sample,67.5
R022_R024.combined.C05,semibin2_20,10.95,0.03,Neural Network (Specific Model),11,0.872,23436,309.8129032,329281,0.44,310,15,40178,d__Bacteria;p__Chlamydiota;c__Chlamydiia;o__Chlamydiales;f__Rhabdochlamydiaceae;g__Acherontichlamydia;s__,N/A,N/A,N/A,0,0,C05,,,,,,,,FALSE,,FALSE,SR.F.2.H.B,SoRo,dorm_sample,67.5
R022_R024.combined.C05,semibin2_21_sub,24.42,0.78,Neural Network (Specific Model),11,0.894,20449,278.8161694,968415,0.66,1039,50,56905,d__Bacteria;p__Pseudomonadota;c__Alphaproteobacteria;o__Sphingomonadales;f__Sphingomonadaceae;g__Erythrobacter;s__,N/A,N/A,N/A,0,0,C05,,,,,,,,FALSE,,FALSE,SR.F.2.H.B,SoRo,dorm_sample,67.5
R022_R024.combined.C05,semibin2_23,12.35,0.07,Neural Network (Specific Model),11,0.88,29344,284.9763206,532099,0.47,549,22,35073,d__Bacteria;p__Bacteroidota;c__Bacteroidia;o__Chitinophagales;f__Chitinophagaceae;g__CAYMZZ01;s__CAYMZZ01 sp001898485,GCA_001898485.1,d__Bacteria;p__Bacteroidota;c__Bacteroidia;o__Chitinophagales;f__Chitinophagaceae;g__CAYMZZ01;s__CAYMZZ01 sp001898485,96.62,0,0,C05,,,,,,,,FALSE,,FALSE,SR.F.2.H.B,SoRo,dorm_sample,67.5
R022_R024.combined.C05,semibin2_24,21.94,0.03,Neural Network (Specific Model),11,0.898,30856,295.7652284,775703,0.44,788,30,49548,d__Bacteria;p__Bacteroidota;c__Bacteroidia;o__Chitinophagales;f__Chitinophagaceae;g__CADEDV01;s__CADEDV01 sp936908745,GCA_936908745.1,d__Bacteria;p__Bacteroidota;c__Bacteroidia;o__Chitinophagales;f__Chitinophagaceae;g__CADEDV01;s__CADEDV01 sp936908745,98.42,0,0,C05,,,,,,,,FALSE,,FALSE,SR.F.2.H.B,SoRo,dorm_sample,67.5
R022_R024.combined.C05,semibin2_28,47.61,6.75,Gradient Boost (General Model),11,0.877,22652,281.9016289,3006794,0.44,3131,150,74824,d__Bacteria;p__Bacteroidota;c__Bacteroidia;o__Chitinophagales;f__Chitinophagaceae;g__;s__,N/A,N/A,N/A,0,0,C05,,,,,,,,FALSE,,FALSE,SR.F.2.H.B,SoRo,dorm_sample,67.5
R022_R024.combined.C05,semibin2_3,84.17,0.02,Neural Network (Specific Model),11,0.902,110450,316.1521813,3101821,0.66,2957,36,409341,d__Bacteria;p__Pseudomonadota;c__Alphaproteobacteria;o__Sphingomonadales;f__Sphingomonadaceae;g__Sphingopyxis;s__,N/A,N/A,N/A,0,0,C05,,,,,,,,FALSE,,FALSE,SR.F.2.H.B,SoRo,dorm_sample,67.5
R022_R024.combined.C05,semibin2_4,83.97,1.38,Neural Network (Specific Model),11,0.905,72317,290.2846555,3496889,0.66,3643,64,167603,d__Bacteria;p__Pseudomonadota;c__Alphaproteobacteria;o__Rhodobacterales;f__Rhodobacteraceae;g__Albidovulum;s__,N/A,N/A,N/A,0,0,C05,,,,,,,,FALSE,,FALSE,SR.F.2.H.B,SoRo,dorm_sample,67.5
R022_R024.combined.C05,semibin2_58_sub,33.29,11.37,Neural Network (Specific Model),11,0.878,24462,272.6742185,3239318,0.64,3487,149,71738,d__Bacteria;p__Actinomycetota;c__Actinomycetes;o__Actinomycetales;f__Microbacteriaceae;g__Microcella;s__,N/A,N/A,N/A,0,0,C05,,,,,,,,FALSE,,FALSE,SR.F.2.H.B,SoRo,dorm_sample,67.5
R022_R024.combined.C05,semibin2_59_sub,27.47,5.14,Neural Network (Specific Model),11,0.882,19638,281.7448738,2419134,0.56,2536,130,71355,d__Bacteria;p__Pseudomonadota;c__Alphaproteobacteria;o__Rhodobacterales;f__Rhodobacteraceae;g__Tabrizicola;s__,N/A,N/A,N/A,0,0,C05,,,,,,,,FALSE,,FALSE,SR.F.2.H.B,SoRo,dorm_sample,67.5
R022_R024.combined.C05,semibin2_6,80.95,1.51,Neural Network (Specific Model),11,0.88,48904,299.3538866,3481933,0.63,3422,88,156010,d__Bacteria;p__Pseudomonadota;c__Gammaproteobacteria;o__Burkholderiales;f__Burkholderiaceae_C;g__Acidovorax;s__Acidovorax temperans,GCF_006716905.1,d__Bacteria;p__Pseudomonadota;c__Gammaproteobacteria;o__Burkholderiales;f__Burkholderiaceae_C;g__Acidovorax;s__Acidovorax temperans,96.33,0,0,C05,,,,,,,,FALSE,,FALSE,SR.F.2.H.B,SoRo,dorm_sample,67.5
R022_R024.combined.C05,semibin2_60,20.11,1.11,Neural Network (Specific Model),11,0.881,22972,244.4168248,1308902,0.55,1581,62,67537,d__Bacteria;p__Pseudomonadota;c__Alphaproteobacteria;o__Caulobacterales;f__Caulobacteraceae;g__;s__,N/A,N/A,N/A,0,0,C05,,,,,,,,FALSE,,FALSE,SR.F.2.H.B,SoRo,dorm_sample,67.5
R022_R024.combined.C05,semibin2_7,77.21,0.79,Gradient Boost (General Model),11,0.894,51709,342.4827887,2631847,0.65,2295,58,134815,d__Bacteria;p__Planctomycetota;c__Phycisphaerae;o__Phycisphaerales;f__UBA1924;g__CAZTQN01;s__,N/A,N/A,N/A,0,0,C05,,,,,,,,FALSE,,FALSE,SR.F.2.H.B,SoRo,dorm_sample,67.5
R022_R024.combined.C05,semibin2_8,56.43,0.78,Gradient Boost (General Model),11,0.913,54768,278.9975962,1140516,0.56,1248,30,118114,d__Bacteria;p__Pseudomonadota;c__Alphaproteobacteria;o__Rickettsiales;f__UBA3002;g__QFOX01;s__,N/A,N/A,N/A,0,0,C05,,,,,,,,FALSE,,FALSE,SR.F.2.H.B,SoRo,dorm_sample,67.5
R022_R024.combined.C05,semibin2_9,85.05,0.02,Gradient Boost (General Model),11,0.907,42825,277.5582609,526480,0.49,575,15,79181,d__Bacteria;p__Patescibacteriota;c__Saccharimonadia;o__Saccharimonadales;f__Saccharimonadaceae;g__Microsaccharimonas;s__,N/A,N/A,N/A,0,0,C05,,,,,,,,FALSE,,FALSE,SR.F.2.H.B,SoRo,dorm_sample,67.5
R022_R024.combined.D01,complete.15,100,0.25,Neural Network (Specific Model),11,0.907,3615675,321.0641852,3615675,0.65,3412,1,3615675,d__Bacteria;p__Pseudomonadota;c__Alphaproteobacteria;o__Sphingomonadales;f__Sphingomonadaceae;g__Erythrobacter;s__Erythrobacter sp046452395,GCF_046452395.1,d__Bacteria;p__Pseudomonadota;c__Alphaproteobacteria;o__Sphingomonadales;f__Sphingomonadaceae;g__Erythrobacter;s__Erythrobacter sp046452395,97.78,1,1,D01,1,1,1,3,50,1,1,TRUE,u89937ctg_len-3615675,TRUE,Ea.F.3.L.A,Earl,dorm_sample,31.5
R022_R024.combined.D01,complete.16,100,0.04,Neural Network (Specific Model),11,0.892,4103769,310.0723534,4103769,0.66,3939,1,4103769,d__Bacteria;p__Pseudomonadota;c__Gammaproteobacteria;o__Burkholderiales;f__Burkholderiaceae_C;g__Ottowia;s__Ottowia sp018060485,GCA_018060485.1,d__Bacteria;p__Pseudomonadota;c__Gammaproteobacteria;o__Burkholderiales;f__Burkholderiaceae_C;g__Ottowia;s__Ottowia sp018060485,98.59,1,1,D01,1,1,1,3,46,1,2,TRUE,u164946ctg_len-4103769,TRUE,Ea.F.3.L.A,Earl,dorm_sample,31.5
R022_R024.combined.D01,complete.2,99.96,0.01,Neural Network (Specific Model),11,0.902,4258193,320.1238452,4258193,0.64,4005,1,4258193,d__Bacteria;p__Pseudomonadota;c__Alphaproteobacteria;o__Sphingomonadales;f__Sphingomonadaceae;g__Blastomonas;s__Blastomonas ursincola,GCF_013607875.1,d__Bacteria;p__Pseudomonadota;c__Alphaproteobacteria;o__Sphingomonadales;f__Sphingomonadaceae;g__Blastomonas;s__Blastomonas ursincola,98.13,1,1,D01,2,2,2,6,49,2,2,TRUE,,FALSE,Ea.F.3.L.A,Earl,dorm_sample,31.5
R022_R024.combined.D01,metabat2.13,68.4,0,Neural Network (Specific Model),11,0.913,66564,348.9628611,3330033,0.71,2908,54,185038,d__Bacteria;p__Pseudomonadota;c__Gammaproteobacteria;o__Xanthomonadales;f__Ahniellaceae;g__JBGAHD01;s__,N/A,N/A,N/A,0,0,D01,,,,,,,,FALSE,,FALSE,Ea.F.3.L.A,Earl,dorm_sample,31.5
R022_R024.combined.D01,metabat2.16,79.36,1.47,Neural Network (Specific Model),11,0.91,197475,303.4739556,3874314,0.68,3878,27,456072,d__Bacteria;p__Pseudomonadota;c__Alphaproteobacteria;o__Caulobacterales;f__Caulobacteraceae;g__Phenylobacterium;s__Phenylobacterium sp041919955,GCF_041919955.1,d__Bacteria;p__Pseudomonadota;c__Alphaproteobacteria;o__Caulobacterales;f__Caulobacteraceae;g__Phenylobacterium;s__Phenylobacterium sp041919955,98.33,0,0,D01,,,,,,,,FALSE,,FALSE,Ea.F.3.L.A,Earl,dorm_sample,31.5
R022_R024.combined.D01,metabat2.24,99.68,1.56,Neural Network (Specific Model),11,0.893,137846,315.7963055,4239034,0.7,4006,47,336331,d__Bacteria;p__Actinomycetota;c__Actinomycetes;o__Propionibacteriales;f__Propionibacteriaceae;g__Micropruina;s__Micropruina sp937863965,GCA_937863965.1,d__Bacteria;p__Actinomycetota;c__Actinomycetes;o__Propionibacteriales;f__Propionibacteriaceae;g__Micropruina;s__Micropruina sp937863965,98.68,0,0,D01,,,,,,,,FALSE,,FALSE,Ea.F.3.L.A,Earl,dorm_sample,31.5
R022_R024.combined.D01,metabat2.43,98.86,0.1,Neural Network (Specific Model),11,0.93,1637476,340.9845632,6470262,0.7,5895,4,2627564,d__Bacteria;p__Pseudomonadota;c__Gammaproteobacteria;o__Burkholderiales;f__Burkholderiaceae_C;g__Aquincola;s__Aquincola sp964001545,GCF_964001545.1,d__Bacteria;p__Pseudomonadota;c__Gammaproteobacteria;o__Burkholderiales;f__Burkholderiaceae_C;g__Aquincola;s__Aquincola sp964001545,97.06,1,0,D01,,,,,,,,FALSE,u159048ctg_len-2627564,TRUE,Ea.F.3.L.A,Earl,dorm_sample,31.5
R022_R024.combined.D01,metabat2.8_sub,63.97,4.19,Neural Network (Specific Model),11,0.917,69446,297.8116994,2276157,0.65,2342,35,189357,d__Bacteria;p__Pseudomonadota;c__Alphaproteobacteria;o__Micropepsales;f__Micropepsaceae;g__JADZAI01;s__,N/A,N/A,N/A,0,0,D01,,,,,,,,FALSE,,FALSE,Ea.F.3.L.A,Earl,dorm_sample,31.5
R022_R024.combined.D01,semibin2_0,100,0.76,Neural Network (Specific Model),11,0.873,189188,302.1971873,3468079,0.39,3342,21,516522,d__Bacteria;p__Pseudomonadota;c__Gammaproteobacteria;o__Pseudomonadales;f__Moraxellaceae;g__Acinetobacter;s__Acinetobacter junii,GCF_000368765.1,d__Bacteria;p__Pseudomonadota;c__Gammaproteobacteria;o__Pseudomonadales;f__Moraxellaceae;g__Acinetobacter;s__Acinetobacter junii,98.27,0,0,D01,,,,,,,,FALSE,,FALSE,Ea.F.3.L.A,Earl,dorm_sample,31.5
R022_R024.combined.D01,semibin2_1,90.18,0.01,Neural Network (Specific Model),11,0.899,66149,323.4012121,3557022,0.66,3300,65,319646,d__Bacteria;p__Pseudomonadota;c__Gammaproteobacteria;o__Burkholderiales;f__Rhodocyclaceae;g__Azospira;s__Azospira oryzae,GCF_004217225.1,d__Bacteria;p__Pseudomonadota;c__Gammaproteobacteria;o__Burkholderiales;f__Rhodocyclaceae;g__Azospira;s__Azospira oryzae,98.14,0,0,D01,,,,,,,,FALSE,,FALSE,Ea.F.3.L.A,Earl,dorm_sample,31.5
R022_R024.combined.D01,semibin2_11,69.8,0.75,Neural Network (Specific Model),11,0.885,33822,299.9539986,2867921,0.64,2826,112,78013,d__Bacteria;p__Pseudomonadota;c__Gammaproteobacteria;o__Burkholderiales;f__Burkholderiaceae_C;g__Acidovorax;s__Acidovorax temperans,GCF_006716905.1,d__Bacteria;p__Pseudomonadota;c__Gammaproteobacteria;o__Burkholderiales;f__Burkholderiaceae_C;g__Acidovorax;s__Acidovorax temperans,96.46,0,0,D01,,,,,,,,FALSE,,FALSE,Ea.F.3.L.A,Earl,dorm_sample,31.5
R022_R024.combined.D01,semibin2_12,72.88,0.76,Neural Network (Specific Model),11,0.904,88583,298.7458746,3891957,0.68,3939,59,413670,d__Bacteria;p__Actinomycetota;c__Actinomycetes;o__Mycobacteriales;f__Mycobacteriaceae;g__Mycobacterium;s__Mycobacterium phocaicum,GCF_010731115.1,d__Bacteria;p__Actinomycetota;c__Actinomycetes;o__Mycobacteriales;f__Mycobacteriaceae;g__Mycobacterium;s__Mycobacterium phocaicum,95.5,0,0,D01,,,,,,,,FALSE,,FALSE,Ea.F.3.L.A,Earl,dorm_sample,31.5
R022_R024.combined.D01,semibin2_13,69.71,5.67,Neural Network (Specific Model),11,0.852,49801,287.5938019,1823781,0.44,1807,54,145492,d__Bacteria;p__Pseudomonadota;c__Gammaproteobacteria;o__Pseudomonadales;f__Moraxellaceae;g__Faucicola;s__Faucicola osloensis_C,GCA_019353055.1,d__Bacteria;p__Pseudomonadota;c__Gammaproteobacteria;o__Pseudomonadales;f__Moraxellaceae;g__Faucicola;s__Faucicola osloensis_C,95.66,0,0,D01,,,,,,,,FALSE,,FALSE,Ea.F.3.L.A,Earl,dorm_sample,31.5
R022_R024.combined.D01,semibin2_14,57.38,0.43,Neural Network (Specific Model),11,0.927,21975,309.6192279,2639005,0.45,2642,128,59047,d__Bacteria;p__Bacteroidota;c__Bacteroidia;o__Chitinophagales;f__Chitinophagaceae;g__Flavihumibacter;s__,N/A,N/A,N/A,0,0,D01,,,,,,,,FALSE,,FALSE,Ea.F.3.L.A,Earl,dorm_sample,31.5
R022_R024.combined.D01,semibin2_15,72.72,0.33,Neural Network (Specific Model),11,0.902,35241,349.4703618,4520952,0.6,3897,151,142432,d__Bacteria;p__Verrucomicrobiota;c__Verrucomicrobiia;o__Verrucomicrobiales;f__Verrucomicrobiaceae;g__Prosthecobacter;s__Prosthecobacter sp036405615,GCA_036405615.1,d__Bacteria;p__Verrucomicrobiota;c__Verrucomicrobiia;o__Verrucomicrobiales;f__Verrucomicrobiaceae;g__Prosthecobacter;s__Prosthecobacter sp036405615,96.7,0,0,D01,,,,,,,,FALSE,,FALSE,Ea.F.3.L.A,Earl,dorm_sample,31.5
R022_R024.combined.D01,semibin2_16,81.52,0.6,Gradient Boost (General Model),11,0.888,49100,313.9332004,3187519,0.64,3009,88,116052,d__Bacteria;p__Pseudomonadota;c__Gammaproteobacteria;o__Burkholderiales;f__Burkholderiaceae;g__Imbroritus;s__,N/A,N/A,N/A,0,0,D01,,,,,,,,FALSE,,FALSE,Ea.F.3.L.A,Earl,dorm_sample,31.5
R022_R024.combined.D01,semibin2_17,61.38,8.69,Gradient Boost (General Model),11,0.92,18034,309.1088047,4403007,0.67,4384,267,54882,d__Bacteria;p__Myxococcota_A;c__Polyangia;o__Haliangiales;f__Haliangiaceae;g__JABFXX01;s__,N/A,N/A,N/A,0,0,D01,,,,,,,,FALSE,,FALSE,Ea.F.3.L.A,Earl,dorm_sample,31.5
R022_R024.combined.D01,semibin2_19,42.06,0.2,Neural Network (Specific Model),11,0.914,24106,297.4736842,1054672,0.57,1083,51,55170,d__Bacteria;p__Pseudomonadota;c__Alphaproteobacteria;o__Micavibrionales;f__UBA2020;g__JAEXMB01;s__,N/A,N/A,N/A,0,0,D01,,,,,,,,FALSE,,FALSE,Ea.F.3.L.A,Earl,dorm_sample,31.5
R022_R024.combined.D01,semibin2_20_sub,29.11,2.27,Neural Network (Specific Model),11,0.88,23133,282.5271579,2282011,0.67,2375,121,86229,d__Bacteria;p__Actinomycetota;c__Actinomycetes;o__Mycobacteriales;f__Mycobacteriaceae;g__Mycobacterium;s__,N/A,N/A,N/A,0,0,D01,,,,,,,,FALSE,,FALSE,Ea.F.3.L.A,Earl,dorm_sample,31.5
R022_R024.combined.D01,semibin2_21,24.58,1.08,Neural Network (Specific Model),11,0.916,14709,268.9967897,546868,0.57,623,36,41146,d__Bacteria;p__Pseudomonadota;c__Alphaproteobacteria;o__Rickettsiales;f__UBA3002;g__JALHRI01;s__,N/A,N/A,N/A,0,0,D01,,,,,,,,FALSE,,FALSE,Ea.F.3.L.A,Earl,dorm_sample,31.5
R022_R024.combined.D01,semibin2_22,38.1,2.95,Gradient Boost (General Model),11,0.908,18435,265.9119804,1073986,0.49,1227,60,41492,d__Bacteria;p__Pseudomonadota;c__Alphaproteobacteria;o__Micavibrionales;f__Micavibrionaceae;g__CAYJDG01;s__,N/A,N/A,N/A,0,0,D01,,,,,,,,FALSE,,FALSE,Ea.F.3.L.A,Earl,dorm_sample,31.5
R022_R024.combined.D01,semibin2_23,43.78,0.15,Neural Network (Specific Model),11,0.892,22923,307.1536232,2488909,0.46,2415,126,57088,d__Bacteria;p__Bacteroidota;c__Bacteroidia;o__Chitinophagales;f__Chitinophagaceae;g__Endoryza;s__,N/A,N/A,N/A,0,0,D01,,,,,,,,FALSE,,FALSE,Ea.F.3.L.A,Earl,dorm_sample,31.5
R022_R024.combined.D01,semibin2_24,29.72,2.28,Neural Network (Specific Model),11,0.901,50752,299.5052462,1233118,0.65,1239,31,106126,d__Bacteria;p__Pseudomonadota;c__Alphaproteobacteria;o__Sphingomonadales;f__Sphingomonadaceae;g__Blastomonas;s__Blastomonas ursincola,GCF_013607875.1,d__Bacteria;p__Pseudomonadota;c__Alphaproteobacteria;o__Sphingomonadales;f__Sphingomonadaceae;g__Blastomonas;s__Blastomonas ursincola,98.08,0,0,D01,,,,,,,,FALSE,,FALSE,Ea.F.3.L.A,Earl,dorm_sample,31.5
R022_R024.combined.D01,semibin2_25,32.69,0.64,Neural Network (Specific Model),11,0.914,23356,279.8054054,1017565,0.67,1110,47,61396,d__Bacteria;p__Pseudomonadota;c__Alphaproteobacteria;o__Caulobacterales;f__Caulobacteraceae;g__Brevundimonas;s__,N/A,N/A,N/A,0,0,D01,,,,,,,,FALSE,,FALSE,Ea.F.3.L.A,Earl,dorm_sample,31.5
R022_R024.combined.D01,semibin2_3,93.45,0.8,Gradient Boost (General Model),11,0.911,276344,316.4657841,5582163,0.4,5363,33,884282,d__Bacteria;p__Acidobacteriota;c__Blastocatellia;o__Pyrinomonadales;f__Pyrinomonadaceae;g__JAIBCC01;s__,N/A,N/A,N/A,0,0,D01,,,,,,,,FALSE,,FALSE,Ea.F.3.L.A,Earl,dorm_sample,31.5
R022_R024.combined.D01,semibin2_37,52.18,9.43,Neural Network (Specific Model),11,0.896,40864,303.8963415,2166142,0.68,2132,58,236078,d__Bacteria;p__Pseudomonadota;c__Gammaproteobacteria;o__Xanthomonadales;f__Xanthomonadaceae;g__Pseudoxanthomonas_A;s__,N/A,N/A,N/A,0,0,D01,,,,,,,,FALSE,,FALSE,Ea.F.3.L.A,Earl,dorm_sample,31.5
R022_R024.combined.D01,semibin2_4,92.05,1.33,Gradient Boost (General Model),11,0.896,2884736,369.1650485,4451245,0.69,3605,4,2884736,d__Bacteria;p__Planctomycetota;c__Phycisphaerae;o__Phycisphaerales;f__UBA1924;g__CAZMCC01;s__,N/A,N/A,N/A,1,0,D01,,,,,,,,FALSE,,FALSE,Ea.F.3.L.A,Earl,dorm_sample,31.5
R022_R024.combined.D01,semibin2_42,31.47,2.64,Neural Network (Specific Model),11,0.889,17810,304.4690214,1771253,0.67,1727,106,57219,d__Bacteria;p__Pseudomonadota;c__Gammaproteobacteria;o__Burkholderiales;f__Burkholderiaceae_C;g__Ottowia;s__,N/A,N/A,N/A,0,0,D01,,,,,,,,FALSE,,FALSE,Ea.F.3.L.A,Earl,dorm_sample,31.5
R022_R024.combined.D01,semibin2_5,74.79,0.28,Neural Network (Specific Model),11,0.907,59248,302.5975039,1922473,0.34,1923,40,141840,d__Bacteria;p__Bacteroidota;c__Bacteroidia;o__Flavobacteriales;f__Weeksellaceae;g__JAEXBA01;s__JAEXBA01 sp023420435,GCA_023420435.1,d__Bacteria;p__Bacteroidota;c__Bacteroidia;o__Flavobacteriales;f__Weeksellaceae;g__JAEXBA01;s__JAEXBA01 sp023420435,97.43,0,0,D01,,,,,,,,FALSE,,FALSE,Ea.F.3.L.A,Earl,dorm_sample,31.5
R022_R024.combined.D01,semibin2_6,79.08,0,Neural Network (Specific Model),11,0.902,2863050,322.0847964,2863050,0.66,2677,1,2863050,d__Bacteria;p__Pseudomonadota;c__Alphaproteobacteria;o__Sphingomonadales;f__Sphingomonadaceae;g__Sphingopyxis;s__,N/A,N/A,N/A,0,0,D01,,,,,,,,FALSE,,FALSE,Ea.F.3.L.A,Earl,dorm_sample,31.5
R022_R024.combined.D01,semibin2_7,86.48,0.5,Neural Network (Specific Model),11,0.898,2006395,324.7321142,3376246,0.66,3117,2,2006395,d__Bacteria;p__Pseudomonadota;c__Alphaproteobacteria;o__Sphingomonadales;f__Sphingomonadaceae;g__Sphingopyxis;s__,N/A,N/A,N/A,0,0,D01,,,,,,,,FALSE,u154918ctg_len-1369851,TRUE,Ea.F.3.L.A,Earl,dorm_sample,31.5
R022_R024.combined.D01,semibin2_72,43.51,4.23,Gradient Boost (General Model),11,0.91,31162,297.5470968,1517562,0.65,1550,53,94041,d__Bacteria;p__Pseudomonadota;c__Alphaproteobacteria;o__Micropepsales;f__Micropepsaceae;g__JADZAI01;s__,N/A,N/A,N/A,0,0,D01,,,,,,,,FALSE,,FALSE,Ea.F.3.L.A,Earl,dorm_sample,31.5
R022_R024.combined.D01,semibin2_80_sub,46.98,12.66,Gradient Boost (General Model),11,0.875,15946,272.6889638,4972560,0.63,5337,319,78474,d__Bacteria;p__Pseudomonadota;c__Alphaproteobacteria;o__;f__;g__;s__,N/A,N/A,N/A,0,0,D01,,,,,,,,FALSE,,FALSE,Ea.F.3.L.A,Earl,dorm_sample,31.5
R022_R024.combined.D01,semibin2_81_sub,57.64,15.98,Gradient Boost (General Model),11,0.881,16757,280.041344,7603079,0.63,8006,483,193970,d__Bacteria;p__Pseudomonadota;c__Magnetococcia;o__;f__;g__;s__,N/A,N/A,N/A,0,0,D01,,,,,,,,FALSE,,FALSE,Ea.F.3.L.A,Earl,dorm_sample,31.5
R022_R024.combined.D01,semibin2_9,92.06,4.99,Neural Network (Specific Model),11,0.903,170431,310.9437086,4358340,0.65,4228,41,399162,d__Bacteria;p__Pseudomonadota;c__Alphaproteobacteria;o__Sphingomonadales;f__Sphingomonadaceae;g__Sphingopyxis;s__,N/A,N/A,N/A,0,0,D01,,,,,,,,FALSE,,FALSE,Ea.F.3.L.A,Earl,dorm_sample,31.5
R022_R024.combined.D02,complete.1,99.56,0.12,Neural Network (Specific Model),11,0.891,4498390,339.8717297,4498390,0.68,3937,1,4498390,d__Bacteria;p__Pseudomonadota;c__Gammaproteobacteria;o__Xanthomonadales;f__Xanthomonadaceae;g__Lysobacter_I;s__,N/A,N/A,N/A,1,1,D02,2,2,2,6,46,1,0,TRUE,,FALSE,Ea.F.2.H.C,Earl,dorm_sample,39
R022_R024.combined.D02,complete.4,100,0.05,Neural Network (Specific Model),11,0.891,4126673,311.173428,4126673,0.66,3944,1,4126673,d__Bacteria;p__Pseudomonadota;c__Gammaproteobacteria;o__Burkholderiales;f__Burkholderiaceae_C;g__Ottowia;s__Ottowia sp018060485,GCA_018060485.1,d__Bacteria;p__Pseudomonadota;c__Gammaproteobacteria;o__Burkholderiales;f__Burkholderiaceae_C;g__Ottowia;s__Ottowia sp018060485,98.61,1,1,D02,1,1,1,3,46,1,2,TRUE,u59071ctg_len-4126673,TRUE,Ea.F.2.H.C,Earl,dorm_sample,39
R022_R024.combined.D02,complete.5,95.21,0.82,Gradient Boost (General Model),11,0.895,4060288,332.5878804,4060288,0.46,3647,1,4060288,d__Bacteria;p__Acidobacteriota;c__Blastocatellia;o__Pyrinomonadales;f__Pyrinomonadaceae;g__;s__,N/A,N/A,N/A,1,1,D02,1,1,1,3,70,1,1,TRUE,u49616ctg_len-4060288,TRUE,Ea.F.2.H.C,Earl,dorm_sample,39
R022_R024.combined.D02,metabat2.14,70.44,13.44,Neural Network (Specific Model),11,0.887,55338,289.2874402,3875554,0.65,3973,72,190599,d__Bacteria;p__Pseudomonadota;c__Alphaproteobacteria;o__Sphingomonadales;f__Sphingomonadaceae;g__Sphingopyxis;s__,N/A,N/A,N/A,0,0,D02,,,,,,,,FALSE,,FALSE,Ea.F.2.H.C,Earl,dorm_sample,39
R022_R024.combined.D02,metabat2.30,97.71,0,Neural Network (Specific Model),11,0.899,272223,316.2812064,3770403,0.65,3581,23,844985,d__Bacteria;p__Pseudomonadota;c__Alphaproteobacteria;o__Sphingomonadales;f__Sphingomonadaceae;g__Blastomonas;s__Blastomonas ursincola,GCF_013607875.1,d__Bacteria;p__Pseudomonadota;c__Alphaproteobacteria;o__Sphingomonadales;f__Sphingomonadaceae;g__Blastomonas;s__Blastomonas ursincola,98.16,0,0,D02,,,,,,,,FALSE,,FALSE,Ea.F.2.H.C,Earl,dorm_sample,39
R022_R024.combined.D02,semibin2_1,79.66,0.05,Neural Network (Specific Model),11,0.91,137345,310.0966172,4398461,0.67,4316,43,619697,d__Bacteria;p__Actinomycetota;c__Actinomycetes;o__Mycobacteriales;f__Mycobacteriaceae;g__Mycobacterium;s__Mycobacterium phocaicum,GCF_010731115.1,d__Bacteria;p__Actinomycetota;c__Actinomycetes;o__Mycobacteriales;f__Mycobacteriaceae;g__Mycobacterium;s__Mycobacterium phocaicum,96.14,0,0,D02,,,,,,,,FALSE,,FALSE,Ea.F.2.H.C,Earl,dorm_sample,39
R022_R024.combined.D02,semibin2_11,31.74,1.25,Neural Network (Specific Model),11,0.906,29441,363.179561,3331511,0.67,2779,130,89891,d__Bacteria;p__Acidobacteriota;c__Vicinamibacteria;o__Vicinamibacterales;f__Vicinamibacteraceae;g__;s__,N/A,N/A,N/A,0,0,D02,,,,,,,,FALSE,,FALSE,Ea.F.2.H.C,Earl,dorm_sample,39
R022_R024.combined.D02,semibin2_16,21.74,2.2,Neural Network (Specific Model),11,0.879,55831,275.639407,1958695,0.65,2091,50,125053,d__Bacteria;p__Actinomycetota;c__Actinomycetes;o__Mycobacteriales;f__Mycobacteriaceae;g__Mycobacterium;s__,N/A,N/A,N/A,0,0,D02,,,,,,,,FALSE,,FALSE,Ea.F.2.H.C,Earl,dorm_sample,39
R022_R024.combined.D02,semibin2_17,19.13,0.07,Neural Network (Specific Model),11,0.89,22894,283.1411348,1341397,0.69,1410,64,116383,d__Bacteria;p__Actinomycetota;c__Actinomycetes;o__Mycobacteriales;f__Mycobacteriaceae;g__Mycobacterium;s__Mycobacterium grossiae,GCF_008329645.1,d__Bacteria;p__Actinomycetota;c__Actinomycetes;o__Mycobacteriales;f__Mycobacteriaceae;g__Mycobacterium;s__Mycobacterium grossiae,97.64,0,0,D02,,,,,,,,FALSE,,FALSE,Ea.F.2.H.C,Earl,dorm_sample,39
R022_R024.combined.D02,semibin2_2,54.69,0,Neural Network (Specific Model),11,0.893,38551,288.9759288,1848545,0.51,1911,55,97316,d__Bacteria;p__Bacteroidota;c__Bacteroidia;o__Sphingobacteriales;f__Sphingobacteriaceae;g__;s__,N/A,N/A,N/A,0,0,D02,,,,,,,,FALSE,,FALSE,Ea.F.2.H.C,Earl,dorm_sample,39
R022_R024.combined.D02,semibin2_3,74.11,0.35,Neural Network (Specific Model),11,0.895,47766,294.888527,2723618,0.66,2763,68,169377,d__Bacteria;p__Pseudomonadota;c__Alphaproteobacteria;o__Sphingomonadales;f__Sphingomonadaceae;g__Sphingopyxis;s__,N/A,N/A,N/A,0,0,D02,,,,,,,,FALSE,,FALSE,Ea.F.2.H.C,Earl,dorm_sample,39
R022_R024.combined.D02,semibin2_4,72.18,1.04,Neural Network (Specific Model),11,0.913,41469,308.4936823,4479340,0.7,4432,132,153230,d__Bacteria;p__Pseudomonadota;c__Gammaproteobacteria;o__Burkholderiales;f__Burkholderiaceae_C;g__Aquincola;s__,N/A,N/A,N/A,0,0,D02,,,,,,,,FALSE,,FALSE,Ea.F.2.H.C,Earl,dorm_sample,39
R022_R024.combined.D02,semibin2_5,29.38,0.1,Neural Network (Specific Model),11,0.896,22477,286.7699221,1597203,0.75,1669,80,49673,d__Bacteria;p__Actinomycetota;c__Actinomycetes;o__Mycobacteriales;f__CADCTP01;g__;s__,N/A,N/A,N/A,0,0,D02,,,,,,,,FALSE,,FALSE,Ea.F.2.H.C,Earl,dorm_sample,39
R022_R024.combined.D02,semibin2_6,51.87,5.64,Neural Network (Specific Model),11,0.889,45535,299.4391761,2595774,0.67,2573,68,121859,d__Bacteria;p__Pseudomonadota;c__Gammaproteobacteria;o__Burkholderiales;f__Burkholderiaceae_C;g__Ottowia;s__,N/A,N/A,N/A,0,0,D02,,,,,,,,FALSE,,FALSE,Ea.F.2.H.C,Earl,dorm_sample,39
R022_R024.combined.D02,semibin2_7,37.88,0.33,Neural Network (Specific Model),11,0.881,31070,284.312844,2103461,0.65,2180,72,74909,d__Bacteria;p__Pseudomonadota;c__Alphaproteobacteria;o__Rhizobiales;f__Rhizobiaceae;g__Arvimicrobium;s__,N/A,N/A,N/A,0,0,D02,,,,,,,,FALSE,,FALSE,Ea.F.2.H.C,Earl,dorm_sample,39
R022_R024.combined.D02,semibin2_8,47.75,0.18,Neural Network (Specific Model),11,0.903,48285,302.3719607,1936520,0.66,1933,54,81975,d__Bacteria;p__Pseudomonadota;c__Alphaproteobacteria;o__Sphingomonadales;f__Sphingomonadaceae;g__Sphingomonas;s__Sphingomonas koreensis,GCF_002797435.1,d__Bacteria;p__Pseudomonadota;c__Alphaproteobacteria;o__Sphingomonadales;f__Sphingomonadaceae;g__Sphingomonas;s__Sphingomonas koreensis,98,0,0,D02,,,,,,,,FALSE,,FALSE,Ea.F.2.H.C,Earl,dorm_sample,39
R022_R024.combined.D02,semibin2_9,33.74,1.17,Neural Network (Specific Model),11,0.865,30020,273.0716846,2108859,0.5,2232,79,86623,d__Bacteria;p__Acidobacteriota;c__Blastocatellia;o__Pyrinomonadales;f__Pyrinomonadaceae;g__JAFDVJ01;s__,N/A,N/A,N/A,0,0,D02,,,,,,,,FALSE,,FALSE,Ea.F.2.H.C,Earl,dorm_sample,39
R022_R024.combined.D05,complete.30,100,0.91,Neural Network (Specific Model),11,0.891,3912996,309.3507839,3912996,0.66,3763,1,3912996,d__Bacteria;p__Pseudomonadota;c__Gammaproteobacteria;o__Burkholderiales;f__Burkholderiaceae_C;g__Ottowia;s__Ottowia sp018060485,GCA_018060485.1,d__Bacteria;p__Pseudomonadota;c__Gammaproteobacteria;o__Burkholderiales;f__Burkholderiaceae_C;g__Ottowia;s__Ottowia sp018060485,98.79,1,1,D05,1,1,1,3,43,1,0,TRUE,u64384ctg_len-3912996,TRUE,SR.F.3.H.C,SoRo,dorm_sample,55.5
R022_R024.combined.D05,metabat2.11,94.69,27.68,Gradient Boost (General Model),11,0.897,59981,296.049991,5473410,0.68,5541,93,166879,d__Bacteria;p__Pseudomonadota;c__Alphaproteobacteria;o__Caulobacterales;f__Caulobacteraceae;g__Phenylobacterium;s__Phenylobacterium sp041919955,GCF_041919955.1,d__Bacteria;p__Pseudomonadota;c__Alphaproteobacteria;o__Caulobacterales;f__Caulobacteraceae;g__Phenylobacterium;s__Phenylobacterium sp041919955,96.13,0,0,D05,,,,,,,,FALSE,,FALSE,SR.F.3.H.C,SoRo,dorm_sample,55.5
R022_R024.combined.D05,metabat2.12,92.75,0.37,Gradient Boost (General Model),11,0.896,441524,324.3254344,4120429,0.46,3798,14,800212,d__Bacteria;p__Acidobacteriota;c__Blastocatellia;o__Pyrinomonadales;f__Pyrinomonadaceae;g__;s__,N/A,N/A,N/A,1,0,D05,,,,,,,,FALSE,,FALSE,SR.F.3.H.C,SoRo,dorm_sample,55.5
R022_R024.combined.D05,metabat2.18,100,0.61,Neural Network (Specific Model),11,0.902,1015057,317.0191939,4384506,0.64,4168,6,1238578,d__Bacteria;p__Pseudomonadota;c__Alphaproteobacteria;o__Sphingomonadales;f__Sphingomonadaceae;g__Blastomonas;s__Blastomonas ursincola,GCF_013607875.1,d__Bacteria;p__Pseudomonadota;c__Alphaproteobacteria;o__Sphingomonadales;f__Sphingomonadaceae;g__Blastomonas;s__Blastomonas ursincola,98.19,1,0,D05,,,,,,,,FALSE,,FALSE,SR.F.3.H.C,SoRo,dorm_sample,55.5
R022_R024.combined.D05,metabat2.21,42.48,0.05,Neural Network (Specific Model),11,0.86,52761,291.0958666,2917208,0.64,2879,60,94980,d__Bacteria;p__Pseudomonadota;c__Alphaproteobacteria;o__Rhizobiales;f__Xanthobacteraceae;g__Bradyrhizobium;s__Bradyrhizobium japonicum_C,GCF_000426845.1,d__Bacteria;p__Pseudomonadota;c__Alphaproteobacteria;o__Rhizobiales;f__Xanthobacteraceae;g__Bradyrhizobium;s__Bradyrhizobium japonicum_C,98.95,0,0,D05,,,,,,,,FALSE,,FALSE,SR.F.3.H.C,SoRo,dorm_sample,55.5
R022_R024.combined.D05,metabat2.24,100,0.05,Neural Network (Specific Model),11,0.908,1422322,326.9518374,3873961,0.66,3592,3,1526216,d__Bacteria;p__Pseudomonadota;c__Alphaproteobacteria;o__Sphingomonadales;f__Sphingomonadaceae;g__Erythrobacter;s__,N/A,N/A,N/A,1,0,D05,,,,,,,,FALSE,,FALSE,SR.F.3.H.C,SoRo,dorm_sample,55.5
R022_R024.combined.D05,metabat2.33,61.34,9.65,Neural Network (Specific Model),11,0.909,88838,310.5652947,4024843,0.67,3936,48,665506,d__Bacteria;p__Actinomycetota;c__Actinomycetes;o__Mycobacteriales;f__Mycobacteriaceae;g__Mycobacterium;s__Mycobacterium phocaicum,GCF_010731115.1,d__Bacteria;p__Actinomycetota;c__Actinomycetes;o__Mycobacteriales;f__Mycobacteriaceae;g__Mycobacterium;s__Mycobacterium phocaicum,95.3,0,0,D05,,,,,,,,FALSE,,FALSE,SR.F.3.H.C,SoRo,dorm_sample,55.5
R022_R024.combined.D05,metabat2.34,100,0.63,Neural Network (Specific Model),11,0.906,2201163,323.9162632,3760785,0.66,3511,2,2201163,d__Bacteria;p__Pseudomonadota;c__Alphaproteobacteria;o__Sphingomonadales;f__Sphingomonadaceae;g__Sphingopyxis;s__,N/A,N/A,N/A,1,0,D05,,,,,,,,FALSE,,FALSE,SR.F.3.H.C,SoRo,dorm_sample,55.5
R022_R024.combined.D05,metabat2.41,81.49,0.95,Neural Network (Specific Model),11,0.891,257328,302.1947075,4186999,0.65,4119,31,497119,d__Bacteria;p__Pseudomonadota;c__Alphaproteobacteria;o__Rhizobiales;f__Rhizobiaceae;g__Arvimicrobium;s__,N/A,N/A,N/A,0,0,D05,,,,,,,,FALSE,,FALSE,SR.F.3.H.C,SoRo,dorm_sample,55.5
R022_R024.combined.D05,semibin2_1,99.97,0.1,Neural Network (Specific Model),11,0.917,790384,353.6193627,4711713,0.7,4080,8,1364918,d__Bacteria;p__Pseudomonadota;c__Gammaproteobacteria;o__Xanthomonadales;f__Ahniellaceae;g__JBGAHD01;s__,N/A,N/A,N/A,1,0,D05,,,,,,,,FALSE,,FALSE,SR.F.3.H.C,SoRo,dorm_sample,55.5
R022_R024.combined.D05,semibin2_10,64.38,0.61,Neural Network (Specific Model),11,0.886,34304,293.3514005,2722422,0.71,2749,93,71576,d__Bacteria;p__Actinomycetota;c__Actinomycetes;o__Propionibacteriales;f__Propionibacteriaceae;g__Micropruina;s__Micropruina sp937863965,GCA_937863965.1,d__Bacteria;p__Actinomycetota;c__Actinomycetes;o__Propionibacteriales;f__Propionibacteriaceae;g__Micropruina;s__Micropruina sp937863965,98.4,0,0,D05,,,,,,,,FALSE,,FALSE,SR.F.3.H.C,SoRo,dorm_sample,55.5
R022_R024.combined.D05,semibin2_11,76.69,5.58,Neural Network (Specific Model),11,0.899,31246,302.6411231,3444513,0.71,3419,125,113624,d__Bacteria;p__Actinomycetota;c__Actinomycetes;o__Actinomycetales;f__Microbacteriaceae;g__Agromyces;s__Agromyces mediolanus_A,GCF_023715325.1,d__Bacteria;p__Actinomycetota;c__Actinomycetes;o__Actinomycetales;f__Microbacteriaceae;g__Agromyces;s__Agromyces mediolanus_A,98.76,0,0,D05,,,,,,,,FALSE,,FALSE,SR.F.3.H.C,SoRo,dorm_sample,55.5
R022_R024.combined.D05,semibin2_12,87.82,12.47,Neural Network (Specific Model),11,0.889,27702,352.0736615,7124883,0.68,6014,301,114984,d__Bacteria;p__Pseudomonadota;c__Gammaproteobacteria;o__Xanthomonadales;f__Rhodanobacteraceae;g__Dokdonella;s__,N/A,N/A,N/A,0,0,D05,,,,,,,,FALSE,,FALSE,SR.F.3.H.C,SoRo,dorm_sample,55.5
R022_R024.combined.D05,semibin2_14,45.2,1.71,Gradient Boost (General Model),11,0.875,28448,302.0992026,3238500,0.47,3135,131,82132,d__Bacteria;p__Acidobacteriota;c__Blastocatellia;o__Pyrinomonadales;f__Pyrinomonadaceae;g__DATHTS01;s__,N/A,N/A,N/A,0,0,D05,,,,,,,,FALSE,,FALSE,SR.F.3.H.C,SoRo,dorm_sample,55.5
R022_R024.combined.D05,semibin2_15,29.31,1.36,Neural Network (Specific Model),11,0.862,18190,289.7648428,863020,0.39,859,53,40506,d__Bacteria;p__Chlamydiota;c__Chlamydiia;o__Chlamydiales;f__Parachlamydiaceae;g__Neochlamydia;s__,N/A,N/A,N/A,0,0,D05,,,,,,,,FALSE,,FALSE,SR.F.3.H.C,SoRo,dorm_sample,55.5
R022_R024.combined.D05,semibin2_17,37.99,1.66,Neural Network (Specific Model),11,0.892,19225,299.7369641,2601722,0.44,2589,143,55220,d__Bacteria;p__Bacteroidota;c__Bacteroidia;o__Chitinophagales;f__Chitinophagaceae;g__Agriterribacter;s__Agriterribacter sp051955255,GCA_051955255.1,d__Bacteria;p__Bacteroidota;c__Bacteroidia;o__Chitinophagales;f__Chitinophagaceae;g__Agriterribacter;s__Agriterribacter sp051955255,98.41,0,0,D05,,,,,,,,FALSE,,FALSE,SR.F.3.H.C,SoRo,dorm_sample,55.5
R022_R024.combined.D05,semibin2_18,17.29,1.27,Neural Network (Specific Model),11,0.891,18033,281.9539295,1046775,0.45,1107,60,40135,d__Bacteria;p__Bacteroidota;c__Bacteroidia;o__Chitinophagales;f__Chitinophagaceae;g__Flavitalea;s__,N/A,N/A,N/A,0,0,D05,,,,,,,,FALSE,,FALSE,SR.F.3.H.C,SoRo,dorm_sample,55.5
R022_R024.combined.D05,semibin2_19,14.71,0.01,Neural Network (Specific Model),11,0.926,14285,310.2089762,714116,0.67,713,50,27252,d__Bacteria;p__Myxococcota;c__XYA12-FULL-58-9;o__XYA12-FULL-58-9;f__JALHOP01;g__JALHOP01;s__,N/A,N/A,N/A,0,0,D05,,,,,,,,FALSE,,FALSE,SR.F.3.H.C,SoRo,dorm_sample,55.5
R022_R024.combined.D05,semibin2_24,23.23,0.27,Neural Network (Specific Model),11,0.875,17754,266.1473788,919135,0.64,1011,59,30606,d__Bacteria;p__Pseudomonadota;c__Gammaproteobacteria;o__Burkholderiales;f__Burkholderiaceae_C;g__Acidovorax;s__Acidovorax temperans,GCF_006716905.1,d__Bacteria;p__Pseudomonadota;c__Gammaproteobacteria;o__Burkholderiales;f__Burkholderiaceae_C;g__Acidovorax;s__Acidovorax temperans,96.53,0,0,D05,,,,,,,,FALSE,,FALSE,SR.F.3.H.C,SoRo,dorm_sample,55.5
R022_R024.combined.D05,semibin2_27,7.86,0,Neural Network (Specific Model),11,0.924,19946,264.5930233,220385,0.51,258,13,24538,d__Bacteria;p__Pseudomonadota;c__Alphaproteobacteria;o__Rickettsiales;f__;g__;s__,N/A,N/A,N/A,0,0,D05,,,,,,,,FALSE,,FALSE,SR.F.3.H.C,SoRo,dorm_sample,55.5
R022_R024.combined.D05,semibin2_37_sub,36.88,6.53,Neural Network (Specific Model),11,0.885,20806,283.3380282,1701447,0.67,1775,92,47763,d__Bacteria;p__Pseudomonadota;c__Gammaproteobacteria;o__Burkholderiales;f__Burkholderiaceae_C;g__Ottowia;s__Ottowia sp018060485,GCA_018060485.1,d__Bacteria;p__Pseudomonadota;c__Gammaproteobacteria;o__Burkholderiales;f__Burkholderiaceae_C;g__Ottowia;s__Ottowia sp018060485,98.59,0,0,D05,,,,,,,,FALSE,,FALSE,SR.F.3.H.C,SoRo,dorm_sample,55.5
R022_R024.combined.D05,semibin2_4,99.79,0.58,Neural Network (Specific Model),11,0.915,2001119,321.9294987,5275137,0.67,5007,3,2419328,d__Bacteria;p__Actinomycetota;c__Actinomycetes;o__Mycobacteriales;f__Mycobacteriaceae;g__Mycobacterium;s__Mycobacterium phocaicum,GCF_010731115.1,d__Bacteria;p__Actinomycetota;c__Actinomycetes;o__Mycobacteriales;f__Mycobacteriaceae;g__Mycobacterium;s__Mycobacterium phocaicum,95.84,1,0,D05,,,,,,,,FALSE,,FALSE,SR.F.3.H.C,SoRo,dorm_sample,55.5
R022_R024.combined.D05,semibin2_5,97.63,0.1,Gradient Boost (General Model),11,0.888,771254,341.2650234,5653714,0.46,4909,7,1577904,d__Bacteria;p__Acidobacteriota;c__Blastocatellia;o__Pyrinomonadales;f__Pyrinomonadaceae;g__JAJQRF01;s__,N/A,N/A,N/A,1,0,D05,,,,,,,,FALSE,,FALSE,SR.F.3.H.C,SoRo,dorm_sample,55.5
R022_R024.combined.D05,semibin2_53_sub,68.59,8.1,Gradient Boost (General Model),11,0.881,23444,283.0813476,3513044,0.65,3651,161,65419,d__Bacteria;p__Pseudomonadota;c__Alphaproteobacteria;o__Rhizobiales;f__Xanthobacteraceae;g__Bradyrhizobium;s__,N/A,N/A,N/A,0,0,D05,,,,,,,,FALSE,,FALSE,SR.F.3.H.C,SoRo,dorm_sample,55.5
R022_R024.combined.D05,semibin2_58_sub,53.71,10.83,Gradient Boost (General Model),11,0.88,21312,283.2368797,6074648,0.64,6307,327,100607,d__Bacteria;p__Pseudomonadota;c__Alphaproteobacteria;o__Sphingomonadales;f__Sphingomonadaceae;g__Sphingomonas;s__,N/A,N/A,N/A,0,0,D05,,,,,,,,FALSE,,FALSE,SR.F.3.H.C,SoRo,dorm_sample,55.5
R022_R024.combined.D05,semibin2_6,86.68,3.6,Neural Network (Specific Model),11,0.904,154242,317.6448455,3441938,0.67,3269,33,303155,d__Bacteria;p__Pseudomonadota;c__Gammaproteobacteria;o__Xanthomonadales;f__Xanthomonadaceae;g__Pseudoxanthomonas_A;s__,N/A,N/A,N/A,0,0,D05,,,,,,,,FALSE,,FALSE,SR.F.3.H.C,SoRo,dorm_sample,55.5
R022_R024.combined.D05,semibin2_8,85.24,3.17,Neural Network (Specific Model),11,0.926,543270,322.6457055,5440425,0.66,5216,12,1288814,d__Bacteria;p__Actinomycetota;c__Actinomycetes;o__Mycobacteriales;f__Mycobacteriaceae;g__Mycobacterium;s__Mycobacterium fortuitum,GCF_022179545.1,d__Bacteria;p__Actinomycetota;c__Actinomycetes;o__Mycobacteriales;f__Mycobacteriaceae;g__Mycobacterium;s__Mycobacterium fortuitum,98.97,0,0,D05,,,,,,,,FALSE,,FALSE,SR.F.3.H.C,SoRo,dorm_sample,55.5
R022_R024.combined.D05,semibin2_9,79.83,6.77,Neural Network (Specific Model),11,0.9,224838,302.3928464,3344801,0.65,3327,30,508294,d__Bacteria;p__Pseudomonadota;c__Alphaproteobacteria;o__Sphingomonadales;f__Sphingomonadaceae;g__Sphingopyxis;s__Sphingopyxis sp001468395,GCF_001468395.1,d__Bacteria;p__Pseudomonadota;c__Alphaproteobacteria;o__Sphingomonadales;f__Sphingomonadaceae;g__Sphingopyxis;s__Sphingopyxis sp001468395,97.06,0,0,D05,,,,,,,,FALSE,,FALSE,SR.F.3.H.C,SoRo,dorm_sample,55.5
R022_R024.combined.D06,complete.14,100,0.43,Neural Network (Specific Model),11,0.906,3872927,318.4163043,3872927,0.64,3680,1,3872927,d__Bacteria;p__Pseudomonadota;c__Alphaproteobacteria;o__Sphingomonadales;f__Sphingomonadaceae;g__Sphingopyxis;s__,N/A,N/A,N/A,1,1,D06,1,1,1,3,48,1,2,TRUE,u99163ctg_len-3872927,TRUE,Da.F.3.L.B,Dawson,dorm_sample,15.75
R022_R024.combined.D06,metabat2.14,100,0.19,Neural Network (Specific Model),11,0.914,1115493,320.1703372,6093884,0.67,5812,6,2820077,d__Bacteria;p__Actinomycetota;c__Actinomycetes;o__Mycobacteriales;f__Mycobacteriaceae;g__Mycobacterium;s__Mycobacterium phocaicum,GCF_010731115.1,d__Bacteria;p__Actinomycetota;c__Actinomycetes;o__Mycobacteriales;f__Mycobacteriaceae;g__Mycobacterium;s__Mycobacterium phocaicum,95.11,1,0,D06,,,,,,,,FALSE,,FALSE,Da.F.3.L.B,Dawson,dorm_sample,15.75
R022_R024.combined.D06,metabat2.16,99.95,0,Neural Network (Specific Model),11,0.903,838508,322.841694,4248855,0.64,3967,7,1132080,d__Bacteria;p__Pseudomonadota;c__Alphaproteobacteria;o__Sphingomonadales;f__Sphingomonadaceae;g__Blastomonas;s__Blastomonas ursincola,GCF_013607875.1,d__Bacteria;p__Pseudomonadota;c__Alphaproteobacteria;o__Sphingomonadales;f__Sphingomonadaceae;g__Blastomonas;s__Blastomonas ursincola,98.14,1,0,D06,,,,,,,,FALSE,,FALSE,Da.F.3.L.B,Dawson,dorm_sample,15.75
R022_R024.combined.D06,semibin2_1,100,0.34,Neural Network (Specific Model),11,0.845,873860,358.5510549,6030444,0.69,4740,12,1382743,d__Bacteria;p__Pseudomonadota;c__Gammaproteobacteria;o__Xanthomonadales;f__Xanthomonadaceae;g__Lysobacter;s__,N/A,N/A,N/A,1,0,D06,,,,,,,,FALSE,,FALSE,Da.F.3.L.B,Dawson,dorm_sample,15.75
R022_R024.combined.D06,semibin2_11,8.69,0,Neural Network (Specific Model),11,0.88,14083,275.9213115,286252,0.68,305,22,22988,d__Bacteria;p__Pseudomonadota;c__Gammaproteobacteria;o__Xanthomonadales;f__Xanthomonadaceae;g__Pseudoxanthomonas_A;s__,N/A,N/A,N/A,0,0,D06,,,,,,,,FALSE,,FALSE,Da.F.3.L.B,Dawson,dorm_sample,15.75
R022_R024.combined.D06,semibin2_2,98.3,0.2,Gradient Boost (General Model),11,0.91,274506,311.6368688,4244434,0.68,4139,22,423733,d__Bacteria;p__Pseudomonadota;c__Alphaproteobacteria;o__Caulobacterales;f__Caulobacteraceae;g__Phenylobacterium;s__,N/A,N/A,N/A,0,0,D06,,,,,,,,FALSE,,FALSE,Da.F.3.L.B,Dawson,dorm_sample,15.75
R022_R024.combined.D06,semibin2_23,27.55,3.03,Neural Network (Specific Model),11,0.849,14798,274.2659847,1888858,0.72,1955,140,31396,d__Bacteria;p__Pseudomonadota;c__Alphaproteobacteria;o__Rhizobiales;f__Beijerinckiaceae;g__Methylobacterium;s__Methylobacterium radiotolerans,GCF_000019725.1,d__Bacteria;p__Pseudomonadota;c__Alphaproteobacteria;o__Rhizobiales;f__Beijerinckiaceae;g__Methylobacterium;s__Methylobacterium radiotolerans,96.4,0,0,D06,,,,,,,,FALSE,,FALSE,Da.F.3.L.B,Dawson,dorm_sample,15.75
R022_R024.combined.D06,semibin2_29,48.35,13.5,Neural Network (Specific Model),11,0.894,15123,277.7297688,2571926,0.66,2768,183,48248,d__Bacteria;p__Pseudomonadota;c__Alphaproteobacteria;o__Sphingomonadales;f__Sphingomonadaceae;g__Sphingomonas;s__,N/A,N/A,N/A,0,0,D06,,,,,,,,FALSE,,FALSE,Da.F.3.L.B,Dawson,dorm_sample,15.75
R022_R024.combined.D06,semibin2_31,40.31,7.14,Neural Network (Specific Model),11,0.868,14372,266.3343396,3645670,0.63,3975,258,191943,d__Bacteria;p__Pseudomonadota;c__Alphaproteobacteria;o__Sphingomonadales;f__Sphingomonadaceae;g__Sphingomonas;s__,N/A,N/A,N/A,0,0,D06,,,,,,,,FALSE,u77254ctg_len-48478,TRUE,Da.F.3.L.B,Dawson,dorm_sample,15.75
R022_R024.combined.D06,semibin2_4,80.63,0.19,Neural Network (Specific Model),11,0.911,103511,321.6069618,3128056,0.65,2959,42,337812,d__Bacteria;p__Pseudomonadota;c__Alphaproteobacteria;o__Sphingomonadales;f__Sphingomonadaceae;g__Sphingopyxis;s__Sphingopyxis sp001830555,GCF_001830555.1,d__Bacteria;p__Pseudomonadota;c__Alphaproteobacteria;o__Sphingomonadales;f__Sphingomonadaceae;g__Sphingopyxis;s__Sphingopyxis sp001830555,95.74,0,0,D06,,,,,,,,FALSE,,FALSE,Da.F.3.L.B,Dawson,dorm_sample,15.75
R022_R024.combined.D06,semibin2_5,78.15,0.17,Neural Network (Specific Model),11,0.908,79821,306.8243962,2472483,0.67,2443,35,195611,d__Bacteria;p__Pseudomonadota;c__Alphaproteobacteria;o__Caulobacterales;f__Caulobacteraceae;g__Brevundimonas;s__Brevundimonas diminuta_C,GCF_022654015.1,d__Bacteria;p__Pseudomonadota;c__Alphaproteobacteria;o__Caulobacterales;f__Caulobacteraceae;g__Brevundimonas;s__Brevundimonas diminuta_C,95.76,0,0,D06,,,,,,,,FALSE,,FALSE,Da.F.3.L.B,Dawson,dorm_sample,15.75
R022_R024.combined.D06,semibin2_6,79.79,1.1,Neural Network (Specific Model),11,0.924,45999,304.8556347,4020560,0.64,4073,110,112248,d__Bacteria;p__Actinomycetota;c__Actinomycetes;o__Mycobacteriales;f__Mycobacteriaceae;g__Mycobacterium;s__Mycobacterium gwanakae,GCF_016767715.1,d__Bacteria;p__Actinomycetota;c__Actinomycetes;o__Mycobacteriales;f__Mycobacteriaceae;g__Mycobacterium;s__Mycobacterium gwanakae,97.32,0,0,D06,,,,,,,,FALSE,,FALSE,Da.F.3.L.B,Dawson,dorm_sample,15.75
R022_R024.combined.D06,semibin2_7,71.73,3.85,Neural Network (Specific Model),11,0.906,53104,307.4938495,2807245,0.67,2764,68,133076,d__Bacteria;p__Pseudomonadota;c__Alphaproteobacteria;o__Caulobacterales;f__Caulobacteraceae;g__Caulobacter;s__,N/A,N/A,N/A,0,0,D06,,,,,,,,FALSE,,FALSE,Da.F.3.L.B,Dawson,dorm_sample,15.75
R022_R024.combined.D06,semibin2_8,51.41,1.33,Neural Network (Specific Model),11,0.903,26050,297.3479178,1869094,0.66,1897,77,61553,d__Bacteria;p__Pseudomonadota;c__Alphaproteobacteria;o__Sphingomonadales;f__Sphingomonadaceae;g__Sphingomonas;s__Sphingomonas sp039615155,GCF_039615155.1,d__Bacteria;p__Pseudomonadota;c__Alphaproteobacteria;o__Sphingomonadales;f__Sphingomonadaceae;g__Sphingomonas;s__Sphingomonas sp039615155,99.91,0,0,D06,,,,,,,,FALSE,,FALSE,Da.F.3.L.B,Dawson,dorm_sample,15.75
R022_R024.combined.D06,semibin2_9,47.37,0.02,Neural Network (Specific Model),11,0.908,24229,299.8208568,2282728,0.7,2311,100,78136,d__Bacteria;p__Pseudomonadota;c__Alphaproteobacteria;o__Caulobacterales;f__Caulobacteraceae;g__Phenylobacterium;s__,N/A,N/A,N/A,0,0,D06,,,,,,,,FALSE,,FALSE,Da.F.3.L.B,Dawson,dorm_sample,15.75
R022_R024.combined.D07,complete.21,99.98,0.56,Neural Network (Specific Model),11,0.905,5882337,350.9275276,5882337,0.47,5064,1,5882337,d__Bacteria;p__Bacteroidota;c__Bacteroidia;o__B-17B0;f__Aurantibacillaceae;g__UBA4416;s__,N/A,N/A,N/A,1,1,D07,2,2,2,6,54,2,4,TRUE,u3423ctg_len-5882337,TRUE,Pe.F.2.H.A,Penland,dorm_sample,276
R022_R024.combined.D07,complete.22,100,0.01,Gradient Boost (General Model),11,0.931,2111979,304.9967487,2111979,0.58,2153,1,2111979,d__Bacteria;p__Pseudomonadota;c__Alphaproteobacteria;o__Rickettsiales;f__UBA3002;g__QFOX01;s__,N/A,N/A,N/A,1,1,D07,1,1,1,3,44,0,2,TRUE,u68973ctg_len-2111979,TRUE,Pe.F.2.H.A,Penland,dorm_sample,276
R022_R024.combined.D07,complete.23,100,0.26,Neural Network (Specific Model),11,0.912,4617439,311.3635156,4617439,0.68,4517,1,4617439,d__Bacteria;p__Pseudomonadota;c__Alphaproteobacteria;o__Caulobacterales;f__Caulobacteraceae;g__Phenylobacterium;s__Phenylobacterium sp041919955,GCF_041919955.1,d__Bacteria;p__Pseudomonadota;c__Alphaproteobacteria;o__Caulobacterales;f__Caulobacteraceae;g__Phenylobacterium;s__Phenylobacterium sp041919955,99.23,1,1,D07,2,2,2,6,49,2,0,TRUE,u112289ctg_len-4617439,TRUE,Pe.F.2.H.A,Penland,dorm_sample,276
R022_R024.combined.D07,metabat2.15_sub,80.14,18.16,Neural Network (Specific Model),11,0.903,472974,309.9887768,6316085,0.67,6148,36,1793367,d__Bacteria;p__Actinomycetota;c__Actinomycetes;o__Mycobacteriales;f__Mycobacteriaceae;g__Mycobacterium;s__,N/A,N/A,N/A,0,0,D07,,,,,,,,FALSE,,FALSE,Pe.F.2.H.A,Penland,dorm_sample,276
R022_R024.combined.D07,metabat2.18_sub,46.33,3.39,Neural Network (Specific Model),11,0.882,1435689,316.4559964,2355720,0.64,2193,3,1435689,d__Bacteria;p__Pseudomonadota;c__Gammaproteobacteria;o__Burkholderiales;f__Burkholderiaceae_C;g__Acidovorax;s__Acidovorax temperans,GCF_006716905.1,d__Bacteria;p__Pseudomonadota;c__Gammaproteobacteria;o__Burkholderiales;f__Burkholderiaceae_C;g__Acidovorax;s__Acidovorax temperans,95.81,0,0,D07,,,,,,,,FALSE,,FALSE,Pe.F.2.H.A,Penland,dorm_sample,276
R022_R024.combined.D07,metabat2.19,86.07,6.38,Gradient Boost (General Model),11,0.915,130811,325.0901037,5641408,0.7,5305,60,374828,d__Bacteria;p__Pseudomonadota;c__Gammaproteobacteria;o__Burkholderiales;f__Burkholderiaceae_C;g__Aquincola;s__Aquincola tertiaricarbonis_B,GCF_023573145.1,d__Bacteria;p__Pseudomonadota;c__Gammaproteobacteria;o__Burkholderiales;f__Burkholderiaceae_C;g__Aquincola;s__Aquincola tertiaricarbonis_B,97.46,0,0,D07,,,,,,,,FALSE,,FALSE,Pe.F.2.H.A,Penland,dorm_sample,276
R022_R024.combined.D07,metabat2.21,79.31,0.03,Neural Network (Specific Model),11,0.904,2593152,321.6720648,3158393,0.65,2964,3,2593152,d__Bacteria;p__Pseudomonadota;c__Alphaproteobacteria;o__Sphingomonadales;f__Sphingomonadaceae;g__Blastomonas;s__Blastomonas ursincola,GCF_013607875.1,d__Bacteria;p__Pseudomonadota;c__Alphaproteobacteria;o__Sphingomonadales;f__Sphingomonadaceae;g__Blastomonas;s__Blastomonas ursincola,98.24,0,0,D07,,,,,,,,FALSE,,FALSE,Pe.F.2.H.A,Penland,dorm_sample,276
R022_R024.combined.D07,metabat2.22,75.31,14.43,Neural Network (Specific Model),11,0.893,71659,306.844786,3411266,0.68,3318,54,120149,d__Bacteria;p__Pseudomonadota;c__Gammaproteobacteria;o__Xanthomonadales;f__Xanthomonadaceae;g__Pseudoxanthomonas_A;s__,N/A,N/A,N/A,0,0,D07,,,,,,,,FALSE,,FALSE,Pe.F.2.H.A,Penland,dorm_sample,276
R022_R024.combined.D07,metabat2.33,11.28,0,Neural Network (Specific Model),11,0.876,52951,326.7547619,468663,0.66,420,10,69497,d__Bacteria;p__Pseudomonadota;c__Gammaproteobacteria;o__Xanthomonadales;f__Xanthomonadaceae;g__Lysobacter_I;s__Lysobacter_I sp036404915,GCA_036404915.1,d__Bacteria;p__Pseudomonadota;c__Gammaproteobacteria;o__Xanthomonadales;f__Xanthomonadaceae;g__Lysobacter_I;s__Lysobacter_I sp036404915,97.51,0,0,D07,,,,,,,,FALSE,,FALSE,Pe.F.2.H.A,Penland,dorm_sample,276
R022_R024.combined.D07,metabat2.37,100,0.77,Neural Network (Specific Model),11,0.918,3151980,319.5057188,4645315,0.66,4459,2,3151980,d__Bacteria;p__Pseudomonadota;c__Alphaproteobacteria;o__Sphingomonadales;f__Sphingomonadaceae;g__Sphingomonas;s__Sphingomonas koreensis,GCF_002797435.1,d__Bacteria;p__Pseudomonadota;c__Alphaproteobacteria;o__Sphingomonadales;f__Sphingomonadaceae;g__Sphingomonas;s__Sphingomonas koreensis,98.43,1,0,D07,,,,,,,,FALSE,,FALSE,Pe.F.2.H.A,Penland,dorm_sample,276
R022_R024.combined.D07,metabat2.47,100,1.66,Gradient Boost (General Model),11,0.894,3202458,343.9732802,5783472,0.45,5015,4,3202458,d__Bacteria;p__Bacteroidota;c__Bacteroidia;o__Chitinophagales;f__Chitinophagaceae;g__Endoryza;s__,N/A,N/A,N/A,1,0,D07,,,,,,,,FALSE,,FALSE,Pe.F.2.H.A,Penland,dorm_sample,276
R022_R024.combined.D07,semibin2_10,54.97,0.11,Neural Network (Specific Model),11,0.902,41834,290.4565702,1729241,0.67,1796,49,90165,d__Bacteria;p__Pseudomonadota;c__Alphaproteobacteria;o__Sphingomonadales;f__Sphingomonadaceae;g__Sphingomonas;s__,N/A,N/A,N/A,0,0,D07,,,,,,,,FALSE,,FALSE,Pe.F.2.H.A,Penland,dorm_sample,276
R022_R024.combined.D07,semibin2_11,77.88,6.52,Neural Network (Specific Model),11,0.891,306924,299.7354122,3263164,0.66,3239,19,933233,d__Bacteria;p__Pseudomonadota;c__Gammaproteobacteria;o__Burkholderiales;f__Burkholderiaceae_C;g__Ottowia;s__Ottowia sp018060485,GCA_018060485.1,d__Bacteria;p__Pseudomonadota;c__Gammaproteobacteria;o__Burkholderiales;f__Burkholderiaceae_C;g__Ottowia;s__Ottowia sp018060485,98.71,0,0,D07,,,,,,,,FALSE,,FALSE,Pe.F.2.H.A,Penland,dorm_sample,276
R022_R024.combined.D07,semibin2_13,58.76,5.4,Neural Network (Specific Model),11,0.916,27221,267.6399325,2068015,0.4,2369,83,85109,d__Bacteria;p__Bdellovibrionota;c__Bacteriovoracia;o__Bacteriovoracales;f__Bacteriovoracaceae;g__Peredibacter;s__,N/A,N/A,N/A,0,0,D07,,,,,,,,FALSE,,FALSE,Pe.F.2.H.A,Penland,dorm_sample,276
R022_R024.combined.D07,semibin2_14,53.73,4.27,Gradient Boost (General Model),11,0.866,27222,292.6695518,3270064,0.44,3235,128,86207,d__Bacteria;p__Bacteroidota;c__Bacteroidia;o__Chitinophagales;f__Chitinophagaceae;g__Agriterribacter;s__Agriterribacter sp051955255,GCA_051955255.1,d__Bacteria;p__Bacteroidota;c__Bacteroidia;o__Chitinophagales;f__Chitinophagaceae;g__Agriterribacter;s__Agriterribacter sp051955255,98.38,0,0,D07,,,,,,,,FALSE,,FALSE,Pe.F.2.H.A,Penland,dorm_sample,276
R022_R024.combined.D07,semibin2_15,59.24,0.51,Neural Network (Specific Model),11,0.913,32441,282.595511,1935492,0.45,2094,63,92168,d__Bacteria;p__Bdellovibrionota;c__Bdellovibrionia;o__Bdellovibrionales;f__Bdellovibrionaceae;g__Bdellovibrio;s__,N/A,N/A,N/A,0,0,D07,,,,,,,,FALSE,,FALSE,Pe.F.2.H.A,Penland,dorm_sample,276
R022_R024.combined.D07,semibin2_16,51.67,9.44,Gradient Boost (General Model),11,0.9,27491,261.7964602,2059971,0.42,2373,85,56011,d__Bacteria;p__Bdellovibrionota;c__Bdellovibrionia;o__Bdellovibrionales;f__Bdellovibrionaceae;g__JAZKJI01;s__,N/A,N/A,N/A,0,0,D07,,,,,,,,FALSE,,FALSE,Pe.F.2.H.A,Penland,dorm_sample,276
R022_R024.combined.D07,semibin2_17,36.92,2.15,Neural Network (Specific Model),11,0.918,27218,304.9655977,1703432,0.45,1715,68,106407,d__Bacteria;p__Bacteroidota;c__Bacteroidia;o__Chitinophagales;f__Chitinophagaceae;g__Flavihumibacter;s__,N/A,N/A,N/A,0,0,D07,,,,,,,,FALSE,,FALSE,Pe.F.2.H.A,Penland,dorm_sample,276
R022_R024.combined.D07,semibin2_18,60.57,3.65,Neural Network (Specific Model),11,0.896,55647,292.618782,2101781,0.71,2151,55,164102,d__Bacteria;p__Actinomycetota;c__Actinomycetes;o__Actinomycetales;f__Microbacteriaceae;g__Microcella;s__Microcella alkaliphila_B,GCF_014595885.1,d__Bacteria;p__Actinomycetota;c__Actinomycetes;o__Actinomycetales;f__Microbacteriaceae;g__Microcella;s__Microcella alkaliphila_B,96.1,0,0,D07,,,,,,,,FALSE,,FALSE,Pe.F.2.H.A,Penland,dorm_sample,276
R022_R024.combined.D07,semibin2_2,96.33,0.05,Neural Network (Specific Model),11,0.881,172668,355.7363508,4276627,0.7,3535,34,352155,d__Bacteria;p__Pseudomonadota;c__Gammaproteobacteria;o__Xanthomonadales;f__Rhodanobacteraceae;g__Dokdonella;s__Dokdonella sp002483055,GCA_024707225.1,d__Bacteria;p__Pseudomonadota;c__Gammaproteobacteria;o__Xanthomonadales;f__Rhodanobacteraceae;g__Dokdonella;s__Dokdonella sp002483055,98.7,0,0,D07,,,,,,,,FALSE,,FALSE,Pe.F.2.H.A,Penland,dorm_sample,276
R022_R024.combined.D07,semibin2_28,56.94,11.68,Neural Network (Specific Model),11,0.883,105745,300.3907831,2718613,0.63,2669,44,532038,d__Bacteria;p__Pseudomonadota;c__Gammaproteobacteria;o__Burkholderiales;f__Burkholderiaceae_C;g__Acidovorax;s__Acidovorax temperans,GCF_006716905.1,d__Bacteria;p__Pseudomonadota;c__Gammaproteobacteria;o__Burkholderiales;f__Burkholderiaceae_C;g__Acidovorax;s__Acidovorax temperans,96.71,0,0,D07,,,,,,,,FALSE,,FALSE,Pe.F.2.H.A,Penland,dorm_sample,276
R022_R024.combined.D07,semibin2_29,6.73,0.13,Neural Network (Specific Model),11,0.853,219166,272.0970874,294547,0.61,309,2,219166,d__Bacteria;p__Pseudomonadota;c__Gammaproteobacteria;o__Burkholderiales;f__Burkholderiaceae_C;g__Acidovorax;s__,N/A,N/A,N/A,0,0,D07,,,,,,,,FALSE,,FALSE,Pe.F.2.H.A,Penland,dorm_sample,276
R022_R024.combined.D07,semibin2_4,93.97,2,Gradient Boost (General Model),11,0.935,212856,342.2176128,4514325,0.45,4122,31,395147,d__Bacteria;p__Bacteroidota;c__Bacteroidia;o__Chitinophagales;f__Chitinophagaceae;g__Flavihumibacter;s__,N/A,N/A,N/A,0,0,D07,,,,,,,,FALSE,,FALSE,Pe.F.2.H.A,Penland,dorm_sample,276
R022_R024.combined.D07,semibin2_5,84.4,0.84,Neural Network (Specific Model),11,0.88,111067,329.7473558,4665920,0.39,4160,59,278093,d__Bacteria;p__Bacteroidota;c__Bacteroidia;o__Sphingobacteriales;f__Sphingobacteriaceae;g__Pedobacter;s__Pedobacter chitinilyticus,GCF_003313385.1,d__Bacteria;p__Bacteroidota;c__Bacteroidia;o__Sphingobacteriales;f__Sphingobacteriaceae;g__Pedobacter;s__Pedobacter chitinilyticus,98.02,0,0,D07,,,,,,,,FALSE,,FALSE,Pe.F.2.H.A,Penland,dorm_sample,276
R022_R024.combined.D07,semibin2_56,63.14,17.75,Neural Network (Specific Model),11,0.915,84983,308.8892966,4954909,0.67,4905,69,175763,d__Bacteria;p__Actinomycetota;c__Actinomycetes;o__Mycobacteriales;f__Mycobacteriaceae;g__Mycobacterium;s__,N/A,N/A,N/A,0,0,D07,,,,,,,,FALSE,,FALSE,Pe.F.2.H.A,Penland,dorm_sample,276
R022_R024.combined.D07,semibin2_57,42.63,7.65,Neural Network (Specific Model),11,0.907,55857,306.3572459,2805740,0.67,2774,60,194993,d__Bacteria;p__Actinomycetota;c__Actinomycetes;o__Mycobacteriales;f__Mycobacteriaceae;g__Mycobacterium;s__,N/A,N/A,N/A,0,0,D07,,,,,,,,FALSE,,FALSE,Pe.F.2.H.A,Penland,dorm_sample,276
R022_R024.combined.D07,semibin2_58_sub,23.66,0.66,Neural Network (Specific Model),11,0.882,43945,267.3642261,1955963,0.66,2158,62,114114,d__Bacteria;p__Actinomycetota;c__Actinomycetes;o__Mycobacteriales;f__Mycobacteriaceae;g__Mycobacterium;s__,N/A,N/A,N/A,0,0,D07,,,,,,,,FALSE,,FALSE,Pe.F.2.H.A,Penland,dorm_sample,276
R022_R024.combined.D07,semibin2_6,83.76,0.39,Neural Network (Specific Model),11,0.895,147502,309.5837912,3766946,0.65,3640,33,493646,d__Bacteria;p__Pseudomonadota;c__Alphaproteobacteria;o__Sphingomonadales;f__Sphingomonadaceae;g__Sphingopyxis;s__Sphingopyxis sp001468395,GCF_001468395.1,d__Bacteria;p__Pseudomonadota;c__Alphaproteobacteria;o__Sphingomonadales;f__Sphingomonadaceae;g__Sphingopyxis;s__Sphingopyxis sp001468395,96.58,0,0,D07,,,,,,,,FALSE,,FALSE,Pe.F.2.H.A,Penland,dorm_sample,276
R022_R024.combined.D07,semibin2_61_sub,51.11,18.89,Gradient Boost (General Model),11,0.872,27406,274.7283123,7165473,0.64,7608,302,133955,d__Bacteria;p__Pseudomonadota;c__Gammaproteobacteria;o__Xanthomonadales;f__Xanthomonadaceae;g__Pseudoxanthomonas_A;s__,N/A,N/A,N/A,0,0,D07,,,,,,,,FALSE,u11192ctg_len-46177;u14722ctg_len-129915;u51348ctg_len-97087;u92228ctg_len-38567,TRUE,Pe.F.2.H.A,Penland,dorm_sample,276
R022_R024.combined.D07,semibin2_7,85.17,0.11,Neural Network (Specific Model),11,0.91,126764,326.4890462,3185445,0.72,2967,37,332135,d__Bacteria;p__Actinomycetota;c__Actinomycetes;o__Actinomycetales;f__Microbacteriaceae;g__Agromyces;s__Agromyces mediolanus_A,GCF_023715325.1,d__Bacteria;p__Actinomycetota;c__Actinomycetes;o__Actinomycetales;f__Microbacteriaceae;g__Agromyces;s__Agromyces mediolanus_A,99.03,0,0,D07,,,,,,,,FALSE,,FALSE,Pe.F.2.H.A,Penland,dorm_sample,276
R022_R024.combined.D07,semibin2_8,56.07,1.45,Neural Network (Specific Model),11,0.915,2302659,313.5729881,3287006,0.67,3206,2,2302659,d__Bacteria;p__Actinomycetota;c__Actinomycetes;o__Mycobacteriales;f__Mycobacteriaceae;g__Mycobacterium;s__Mycobacterium phocaicum,GCF_010731115.1,d__Bacteria;p__Actinomycetota;c__Actinomycetes;o__Mycobacteriales;f__Mycobacteriaceae;g__Mycobacterium;s__Mycobacterium phocaicum,95.35,0,0,D07,,,,,,,,FALSE,,FALSE,Pe.F.2.H.A,Penland,dorm_sample,276
R022_R024.combined.D07,semibin2_9,67.78,0.16,Neural Network (Specific Model),11,0.905,51658,297.8834437,2230811,0.65,2265,53,158975,d__Bacteria;p__Pseudomonadota;c__Alphaproteobacteria;o__Sphingomonadales;f__Sphingomonadaceae;g__Erythrobacter;s__Erythrobacter sp046452395,GCF_046452395.1,d__Bacteria;p__Pseudomonadota;c__Alphaproteobacteria;o__Sphingomonadales;f__Sphingomonadaceae;g__Erythrobacter;s__Erythrobacter sp046452395,97.64,0,0,D07,,,,,,,,FALSE,,FALSE,Pe.F.2.H.A,Penland,dorm_sample,276
R022_R024.combined.E01,complete.12,99.99,3.85,Neural Network (Specific Model),11,0.902,3742489,315.6730123,3742489,0.67,3572,1,3742489,d__Bacteria;p__Pseudomonadota;c__Alphaproteobacteria;o__Caulobacterales;f__Caulobacteraceae;g__Brevundimonas;s__Brevundimonas pondensis,GCF_017487345.1,d__Bacteria;p__Pseudomonadota;c__Alphaproteobacteria;o__Caulobacterales;f__Caulobacteraceae;g__Brevundimonas;s__Brevundimonas pondensis,99.97,1,1,E01,2,2,2,6,53,2,0,TRUE,,FALSE,Ea.F.3.L.B,Earl,dorm_sample,59.25
R022_R024.combined.E01,complete.25,99.93,0.32,Neural Network (Specific Model),11,0.9,3638265,319.9417958,3638265,0.66,3419,1,3638265,d__Bacteria;p__Pseudomonadota;c__Alphaproteobacteria;o__Sphingomonadales;f__Sphingomonadaceae;g__Sphingopyxis;s__,N/A,N/A,N/A,1,1,E01,1,1,1,3,45,1,1,TRUE,u167829ctg_len-3638265,TRUE,Ea.F.3.L.B,Earl,dorm_sample,59.25
R022_R024.combined.E01,complete.26,100,0.86,Neural Network (Specific Model),11,0.9,4370010,315.3205282,4370010,0.65,4165,1,4370010,d__Bacteria;p__Pseudomonadota;c__Alphaproteobacteria;o__Sphingomonadales;f__Sphingomonadaceae;g__Sphingopyxis;s__Sphingopyxis sp001468395,GCF_001468395.1,d__Bacteria;p__Pseudomonadota;c__Alphaproteobacteria;o__Sphingomonadales;f__Sphingomonadaceae;g__Sphingopyxis;s__Sphingopyxis sp001468395,97.07,1,1,E01,1,1,1,3,48,1,2,TRUE,u351193ctg_len-4370010,TRUE,Ea.F.3.L.B,Earl,dorm_sample,59.25
R022_R024.combined.E01,complete.27,100,0.1,Neural Network (Specific Model),11,0.915,5979101,317.8664812,5979101,0.67,5752,1,5979101,d__Bacteria;p__Actinomycetota;c__Actinomycetes;o__Mycobacteriales;f__Mycobacteriaceae;g__Mycobacterium;s__Mycobacterium phocaicum,GCF_010731115.1,d__Bacteria;p__Actinomycetota;c__Actinomycetes;o__Mycobacteriales;f__Mycobacteriaceae;g__Mycobacterium;s__Mycobacterium phocaicum,95.84,1,1,E01,2,2,2,6,61,2,2,TRUE,u391069ctg_len-5979101,TRUE,Ea.F.3.L.B,Earl,dorm_sample,59.25
R022_R024.combined.E01,complete.28,99.88,0.46,Gradient Boost (General Model),11,0.922,7002701,341.2831592,7002701,0.69,6318,1,7002701,d__Bacteria;p__Pseudomonadota;c__Gammaproteobacteria;o__Burkholderiales;f__Burkholderiaceae_C;g__Aquincola;s__Aquincola sp964001545,GCF_964001545.1,d__Bacteria;p__Pseudomonadota;c__Gammaproteobacteria;o__Burkholderiales;f__Burkholderiaceae_C;g__Aquincola;s__Aquincola sp964001545,98.93,1,1,E01,3,3,3,9,56,3,1,TRUE,u367563ctg_len-7002701,TRUE,Ea.F.3.L.B,Earl,dorm_sample,59.25
R022_R024.combined.E01,complete.29,99.93,1.86,Neural Network (Specific Model),11,0.916,4449583,314.7474024,4449583,0.57,4331,1,4449583,d__Bacteria;p__Bdellovibrionota;c__Bdellovibrionia;o__Bdellovibrionales;f__UBA1609;g__JALHOQ01;s__,N/A,N/A,N/A,1,1,E01,1,1,1,3,45,1,1,TRUE,u354751ctg_len-4449583,TRUE,Ea.F.3.L.B,Earl,dorm_sample,59.25
R022_R024.combined.E01,complete.3,100,0.26,Neural Network (Specific Model),11,0.907,4967032,323.172147,4967032,0.64,4653,1,4967032,d__Bacteria;p__Pseudomonadota;c__Alphaproteobacteria;o__Sphingomonadales;f__Sphingomonadaceae;g__Sphingopyxis;s__Sphingopyxis sp014873485,GCF_014873485.1,d__Bacteria;p__Pseudomonadota;c__Alphaproteobacteria;o__Sphingomonadales;f__Sphingomonadaceae;g__Sphingopyxis;s__Sphingopyxis sp014873485,97.01,1,1,E01,1,1,1,3,49,1,0,TRUE,,FALSE,Ea.F.3.L.B,Earl,dorm_sample,59.25
R022_R024.combined.E01,complete.30,93.98,0.17,Gradient Boost (General Model),11,0.886,1098026,320.2248521,1098026,0.37,1014,1,1098026,d__Bacteria;p__Babelota;c__Babeliae;o__Babelales;f__Vermiphilaceae;g__Vermiphilus;s__Vermiphilus pyriformis,GCA_022559525.1,d__Bacteria;p__Babelota;c__Babeliae;o__Babelales;f__Vermiphilaceae;g__Vermiphilus;s__Vermiphilus pyriformis,97.78,1,1,E01,1,1,1,3,38,1,0,TRUE,u31586ctg_len-1098026,TRUE,Ea.F.3.L.B,Earl,dorm_sample,59.25
R022_R024.combined.E01,complete.4,100,1.75,Neural Network (Specific Model),11,0.898,4335615,322.1382557,4335615,0.67,4036,1,4335615,d__Bacteria;p__Pseudomonadota;c__Gammaproteobacteria;o__Xanthomonadales;f__Xanthomonadaceae;g__Pseudoxanthomonas_A;s__Pseudoxanthomonas_A mexicana,GCF_010093385.1,d__Bacteria;p__Pseudomonadota;c__Gammaproteobacteria;o__Xanthomonadales;f__Xanthomonadaceae;g__Pseudoxanthomonas_A;s__Pseudoxanthomonas_A mexicana,97.31,1,1,E01,2,2,2,6,53,2,0,TRUE,,FALSE,Ea.F.3.L.B,Earl,dorm_sample,59.25
R022_R024.combined.E01,complete.6,100,1.53,Neural Network (Specific Model),11,0.907,4975714,314.2008342,4975714,0.64,4795,1,4975714,d__Bacteria;p__Pseudomonadota;c__Alphaproteobacteria;o__Sphingomonadales;f__Sphingomonadaceae;g__Sphingopyxis;s__,N/A,N/A,N/A,1,1,E01,1,1,1,3,53,1,3,TRUE,,FALSE,Ea.F.3.L.B,Earl,dorm_sample,59.25
R022_R024.combined.E01,metabat2.18,66.44,0.23,Neural Network (Specific Model),11,0.91,88091,308.3018819,3934861,0.67,3879,53,383557,d__Bacteria;p__Actinomycetota;c__Actinomycetes;o__Mycobacteriales;f__Mycobacteriaceae;g__Mycobacterium;s__Mycobacterium phocaicum,GCF_010731115.1,d__Bacteria;p__Actinomycetota;c__Actinomycetes;o__Mycobacteriales;f__Mycobacteriaceae;g__Mycobacterium;s__Mycobacterium phocaicum,95.26,0,0,E01,,,,,,,,FALSE,,FALSE,Ea.F.3.L.B,Earl,dorm_sample,59.25
R022_R024.combined.E01,metabat2.40,100,0.63,Neural Network (Specific Model),11,0.884,2901314,298.319001,3926624,0.63,3884,3,2901314,d__Bacteria;p__Pseudomonadota;c__Alphaproteobacteria;o__Rhizobiales;f__Hyphomicrobiaceae;g__JAKAXS01;s__JAKAXS01 sp021816505,GCA_021816505.1,d__Bacteria;p__Pseudomonadota;c__Alphaproteobacteria;o__Rhizobiales;f__Hyphomicrobiaceae;g__JAKAXS01;s__JAKAXS01 sp021816505,97.89,1,0,E01,,,,,,,,FALSE,,FALSE,Ea.F.3.L.B,Earl,dorm_sample,59.25
R022_R024.combined.E01,metabat2.41,98.03,21.8,Gradient Boost (General Model),11,0.883,176617,295.7525409,7104420,0.67,7084,74,558653,d__Bacteria;p__Pseudomonadota;c__Alphaproteobacteria;o__Rhizobiales;f__Beijerinckiaceae;g__Allobosea;s__Allobosea eneae,GCF_042657265.1,d__Bacteria;p__Pseudomonadota;c__Alphaproteobacteria;o__Rhizobiales;f__Beijerinckiaceae;g__Allobosea;s__Allobosea eneae,97.1,0,0,E01,,,,,,,,FALSE,,FALSE,Ea.F.3.L.B,Earl,dorm_sample,59.25
R022_R024.combined.E01,metabat2.43_sub,66.05,23.6,Neural Network (Specific Model),11,0.889,70856,302.2269675,3792253,0.67,3723,55,908811,d__Bacteria;p__Pseudomonadota;c__Gammaproteobacteria;o__Burkholderiales;f__Burkholderiaceae_C;g__Ottowia;s__Ottowia sp018060485,GCA_018060485.1,d__Bacteria;p__Pseudomonadota;c__Gammaproteobacteria;o__Burkholderiales;f__Burkholderiaceae_C;g__Ottowia;s__Ottowia sp018060485,98.49,0,0,E01,,,,,,,,FALSE,,FALSE,Ea.F.3.L.B,Earl,dorm_sample,59.25
R022_R024.combined.E01,metabat2.45,94.25,0.11,Neural Network (Specific Model),11,0.871,494248,305.3605285,6358123,0.64,6055,17,1107883,d__Bacteria;p__Pseudomonadota;c__Alphaproteobacteria;o__Rhizobiales;f__Xanthobacteraceae;g__Bradyrhizobium;s__,N/A,N/A,N/A,1,0,E01,,,,,,,,FALSE,,FALSE,Ea.F.3.L.B,Earl,dorm_sample,59.25
R022_R024.combined.E01,metabat2.48,99.99,0.06,Neural Network (Specific Model),11,0.9,1921359,313.8468822,4523676,0.64,4330,3,2231644,d__Bacteria;p__Pseudomonadota;c__Alphaproteobacteria;o__Sphingomonadales;f__Sphingomonadaceae;g__Blastomonas;s__Blastomonas ursincola,GCF_013607875.1,d__Bacteria;p__Pseudomonadota;c__Alphaproteobacteria;o__Sphingomonadales;f__Sphingomonadaceae;g__Blastomonas;s__Blastomonas ursincola,98.18,1,0,E01,,,,,,,,FALSE,,FALSE,Ea.F.3.L.B,Earl,dorm_sample,59.25
R022_R024.combined.E01,metabat2.50,80.35,3.96,Gradient Boost (General Model),11,0.883,137676,312.2799397,3513047,0.64,3315,33,322540,d__Bacteria;p__Pseudomonadota;c__Gammaproteobacteria;o__Burkholderiales;f__Burkholderiaceae;g__Imbroritus;s__,N/A,N/A,N/A,0,0,E01,,,,,,,,FALSE,,FALSE,Ea.F.3.L.B,Earl,dorm_sample,59.25
R022_R024.combined.E01,metabat2.54,100,1.59,Neural Network (Specific Model),11,0.904,3014619,331.8253612,4415988,0.67,4014,3,3014619,d__Bacteria;p__Pseudomonadota;c__Gammaproteobacteria;o__Xanthomonadales;f__Xanthomonadaceae;g__Pseudoxanthomonas_A;s__,N/A,N/A,N/A,1,0,E01,,,,,,,,FALSE,,FALSE,Ea.F.3.L.B,Earl,dorm_sample,59.25
R022_R024.combined.E01,semibin2_1,99.99,0.73,Neural Network (Specific Model),11,0.909,705164,334.9035492,4074610,0.39,3691,8,1850354,d__Bacteria;p__Bacteroidota;c__Bacteroidia;o__Flavobacteriales;f__Flavobacteriaceae;g__Flavobacterium;s__,N/A,N/A,N/A,1,0,E01,,,,,,,,FALSE,,FALSE,Ea.F.3.L.B,Earl,dorm_sample,59.25
R022_R024.combined.E01,semibin2_10,37.23,4.55,Neural Network (Specific Model),4,0.877,93520,471.0101976,7544233,0.65,4707,129,285582,d__Bacteria;p__Planctomycetota;c__Planctomycetia;o__Planctomycetales;f__Planctomycetaceae;g__Planctomyces_A;s__Planctomyces_A sp001610835,GCF_001610835.1,d__Bacteria;p__Planctomycetota;c__Planctomycetia;o__Planctomycetales;f__Planctomycetaceae;g__Planctomyces_A;s__Planctomyces_A sp001610835,96.8,0,0,E01,,,,,,,,FALSE,,FALSE,Ea.F.3.L.B,Earl,dorm_sample,59.25
R022_R024.combined.E01,semibin2_12,77.06,0.94,Neural Network (Specific Model),11,0.897,1784315,308.2510854,2845940,0.67,2764,2,1784315,d__Bacteria;p__Pseudomonadota;c__Gammaproteobacteria;o__Burkholderiales;f__Burkholderiaceae_C;g__Ottowia;s__Ottowia sp018060485,GCA_018060485.1,d__Bacteria;p__Pseudomonadota;c__Gammaproteobacteria;o__Burkholderiales;f__Burkholderiaceae_C;g__Ottowia;s__Ottowia sp018060485,98.75,0,0,E01,,,,,,,,FALSE,,FALSE,Ea.F.3.L.B,Earl,dorm_sample,59.25
R022_R024.combined.E01,semibin2_13,94.42,0.63,Neural Network (Specific Model),11,0.903,500439,325.6121766,3549069,0.68,3285,13,838117,d__Bacteria;p__Pseudomonadota;c__Gammaproteobacteria;o__Xanthomonadales;f__Xanthomonadaceae;g__Pseudoxanthomonas_A;s__Pseudoxanthomonas_A mexicana,GCF_010093385.1,d__Bacteria;p__Pseudomonadota;c__Gammaproteobacteria;o__Xanthomonadales;f__Xanthomonadaceae;g__Pseudoxanthomonas_A;s__Pseudoxanthomonas_A mexicana,97.18,1,0,E01,,,,,,,,FALSE,,FALSE,Ea.F.3.L.B,Earl,dorm_sample,59.25
R022_R024.combined.E01,semibin2_14,63.99,0.01,Neural Network (Specific Model),11,0.902,44744,292.1071429,2468877,0.7,2548,63,88495,d__Bacteria;p__Pseudomonadota;c__Alphaproteobacteria;o__Sphingomonadales;f__Sphingomonadaceae;g__Sphingomonas;s__,N/A,N/A,N/A,0,0,E01,,,,,,,,FALSE,,FALSE,Ea.F.3.L.B,Earl,dorm_sample,59.25
R022_R024.combined.E01,semibin2_15,82.93,2.18,Gradient Boost (General Model),11,0.895,60392,335.2716682,4818032,0.49,4292,97,202262,d__Bacteria;p__Bacteroidota;c__Bacteroidia;o__B-17B0;f__Aurantibacillaceae;g__UBA4416;s__,N/A,N/A,N/A,0,0,E01,,,,,,,,FALSE,,FALSE,Ea.F.3.L.B,Earl,dorm_sample,59.25
R022_R024.combined.E01,semibin2_16,69.9,0.42,Gradient Boost (General Model),11,0.901,35785,289.6537654,3203345,0.59,3333,102,95855,d__Bacteria;p__Bdellovibrionota;c__UBA1018;o__CAIPTA01;f__CAIPTA01;g__JAKFYM01;s__,N/A,N/A,N/A,0,0,E01,,,,,,,,FALSE,,FALSE,Ea.F.3.L.B,Earl,dorm_sample,59.25
R022_R024.combined.E01,semibin2_19,53.04,0.65,Neural Network (Specific Model),11,0.883,28751,306.9082669,2867280,0.39,2758,112,68690,d__Bacteria;p__Bacteroidota;c__Bacteroidia;o__Sphingobacteriales;f__Sphingobacteriaceae;g__Pedobacter;s__Pedobacter chitinilyticus,GCF_003313385.1,d__Bacteria;p__Bacteroidota;c__Bacteroidia;o__Sphingobacteriales;f__Sphingobacteriaceae;g__Pedobacter;s__Pedobacter chitinilyticus,98.01,0,0,E01,,,,,,,,FALSE,,FALSE,Ea.F.3.L.B,Earl,dorm_sample,59.25
R022_R024.combined.E01,semibin2_20,50.11,0.96,Neural Network (Specific Model),11,0.84,33988,319.833603,4225833,0.61,3708,137,199247,d__Bacteria;p__Planctomycetota;c__Planctomycetia;o__Pirellulales;f__Lacipirellulaceae;g__Lacipirellula;s__,N/A,N/A,N/A,0,0,E01,,,,,,,,FALSE,,FALSE,Ea.F.3.L.B,Earl,dorm_sample,59.25
R022_R024.combined.E01,semibin2_21,73.23,1.35,Neural Network (Specific Model),11,0.843,59415,294.6971494,5469731,0.7,5227,119,402360,d__Bacteria;p__Pseudomonadota;c__Alphaproteobacteria;o__Rhizobiales;f__Beijerinckiaceae;g__Methylobacterium;s__Methylobacterium aquaticum,GCF_001043915.1,d__Bacteria;p__Pseudomonadota;c__Alphaproteobacteria;o__Rhizobiales;f__Beijerinckiaceae;g__Methylobacterium;s__Methylobacterium aquaticum,99.59,0,0,E01,,,,,,,,FALSE,,FALSE,Ea.F.3.L.B,Earl,dorm_sample,59.25
R022_R024.combined.E01,semibin2_22,79.01,3.01,Neural Network (Specific Model),11,0.851,63252,293.6738245,5581689,0.71,5402,111,206726,d__Bacteria;p__Pseudomonadota;c__Alphaproteobacteria;o__Rhizobiales;f__Beijerinckiaceae;g__Methylobacterium;s__Methylobacterium radiotolerans,GCF_000019725.1,d__Bacteria;p__Pseudomonadota;c__Alphaproteobacteria;o__Rhizobiales;f__Beijerinckiaceae;g__Methylobacterium;s__Methylobacterium radiotolerans,98.77,0,0,E01,,,,,,,,FALSE,,FALSE,Ea.F.3.L.B,Earl,dorm_sample,59.25
R022_R024.combined.E01,semibin2_24,52.3,0.04,Neural Network (Specific Model),11,0.886,32747,301.5970904,1610474,0.49,1581,58,67656,d__Bacteria;p__Bacteroidota;c__Bacteroidia;o__Chitinophagales;f__Chitinophagaceae;g__Rurimicrobium;s__,N/A,N/A,N/A,0,0,E01,,,,,,,,FALSE,,FALSE,Ea.F.3.L.B,Earl,dorm_sample,59.25
R022_R024.combined.E01,semibin2_25,64.4,11.14,Neural Network (Specific Model),11,0.873,29637,319.9192596,5565125,0.46,5078,211,164608,d__Bacteria;p__Bacteroidota;c__Bacteroidia;o__Chitinophagales;f__Chitinophagaceae;g__Agriterribacter;s__Agriterribacter sp051955255,GCA_051955255.1,d__Bacteria;p__Bacteroidota;c__Bacteroidia;o__Chitinophagales;f__Chitinophagaceae;g__Agriterribacter;s__Agriterribacter sp051955255,98.46,0,0,E01,,,,,,,,FALSE,,FALSE,Ea.F.3.L.B,Earl,dorm_sample,59.25
R022_R024.combined.E01,semibin2_26,42.8,0.36,Gradient Boost (General Model),11,0.894,27624,299.4973429,3203656,0.6,3199,131,60529,d__Bacteria;p__Verrucomicrobiota;c__Verrucomicrobiia;o__Chthoniobacterales;f__Terrimicrobiaceae;g__CALCJD01;s__,N/A,N/A,N/A,0,0,E01,,,,,,,,FALSE,,FALSE,Ea.F.3.L.B,Earl,dorm_sample,59.25
R022_R024.combined.E01,semibin2_27,47.43,0.2,Gradient Boost (General Model),11,0.9,32431,318.0869292,5046076,0.67,4774,173,99300,d__Bacteria;p__Myxococcota_A;c__Polyangia;o__Polyangiales;f__Polyangiaceae;g__Labilithrix;s__,N/A,N/A,N/A,0,0,E01,,,,,,,,FALSE,,FALSE,Ea.F.3.L.B,Earl,dorm_sample,59.25
R022_R024.combined.E01,semibin2_28,27.47,0.12,Neural Network (Specific Model),11,0.901,22961,289.8523699,1237836,0.68,1287,56,56576,d__Bacteria;p__Pseudomonadota;c__Alphaproteobacteria;o__Sphingomonadales;f__Sphingomonadaceae;g__Allosphingosinicella;s__,N/A,N/A,N/A,0,0,E01,,,,,,,,FALSE,,FALSE,Ea.F.3.L.B,Earl,dorm_sample,59.25
R022_R024.combined.E01,semibin2_29,55.07,1.33,Neural Network (Specific Model),11,0.856,50399,275.4679531,1396657,0.42,1451,33,110208,d__Bacteria;p__Pseudomonadota;c__Gammaproteobacteria;o__Pseudomonadales;f__Moraxellaceae;g__Acinetobacter;s__Acinetobacter parvus,GCF_000368025.1,d__Bacteria;p__Pseudomonadota;c__Gammaproteobacteria;o__Pseudomonadales;f__Moraxellaceae;g__Acinetobacter;s__Acinetobacter parvus,97.44,0,0,E01,,,,,,,,FALSE,,FALSE,Ea.F.3.L.B,Earl,dorm_sample,59.25
R022_R024.combined.E01,semibin2_30,41.29,0.33,Neural Network (Specific Model),11,0.904,24492,296.1803332,2998570,0.7,3061,142,65052,d__Bacteria;p__Pseudomonadota;c__Gammaproteobacteria;o__Burkholderiales;f__Burkholderiaceae_C;g__Pseudorhodoferax;s__,N/A,N/A,N/A,0,0,E01,,,,,,,,FALSE,,FALSE,Ea.F.3.L.B,Earl,dorm_sample,59.25
R022_R024.combined.E01,semibin2_31,22.32,0.78,Neural Network (Specific Model),11,0.883,23399,264.8998302,528319,0.43,589,23,57002,d__Bacteria;p__Pseudomonadota;c__Alphaproteobacteria;o__Caedimonadales;f__Nucleicultricaceae;g__JBQCDM01;s__,N/A,N/A,N/A,0,0,E01,,,,,,,,FALSE,,FALSE,Ea.F.3.L.B,Earl,dorm_sample,59.25
R022_R024.combined.E01,semibin2_32,21.43,0.55,Neural Network (Specific Model),11,0.854,27530,251.5509434,700627,0.41,795,27,63981,d__Bacteria;p__Pseudomonadota;c__Gammaproteobacteria;o__Pseudomonadales;f__Moraxellaceae;g__Acinetobacter;s__Acinetobacter parvus,GCF_000368025.1,d__Bacteria;p__Pseudomonadota;c__Gammaproteobacteria;o__Pseudomonadales;f__Moraxellaceae;g__Acinetobacter;s__Acinetobacter parvus,97.13,0,0,E01,,,,,,,,FALSE,,FALSE,Ea.F.3.L.B,Earl,dorm_sample,59.25
R022_R024.combined.E01,semibin2_33,37.65,5.54,Neural Network (Specific Model),11,0.906,25327,254.4862595,1097955,0.55,1310,51,40037,d__Bacteria;p__Pseudomonadota;c__Alphaproteobacteria;o__Micavibrionales;f__UBA2020;g__JAEXMB01;s__,N/A,N/A,N/A,0,0,E01,,,,,,,,FALSE,,FALSE,Ea.F.3.L.B,Earl,dorm_sample,59.25
R022_R024.combined.E01,semibin2_34,49.22,8.15,Gradient Boost (General Model),11,0.893,23211,298.7757523,3455521,0.44,3456,165,78653,d__Bacteria;p__Bacteroidota;c__Bacteroidia;o__Chitinophagales;f__;g__;s__,N/A,N/A,N/A,0,0,E01,,,,,,,,FALSE,,FALSE,Ea.F.3.L.B,Earl,dorm_sample,59.25
R022_R024.combined.E01,semibin2_35,32.03,1.23,Neural Network (Specific Model),11,0.869,23169,330.3632911,1796877,0.68,1580,82,62620,d__Bacteria;p__Pseudomonadota;c__Gammaproteobacteria;o__Xanthomonadales;f__Rhodanobacteraceae;g__Tahibacter;s__,N/A,N/A,N/A,0,0,E01,,,,,,,,FALSE,,FALSE,Ea.F.3.L.B,Earl,dorm_sample,59.25
R022_R024.combined.E01,semibin2_39,39.46,6.13,Neural Network (Specific Model),11,0.888,26094,305.7901809,1993132,0.67,1935,84,99013,d__Bacteria;p__Pseudomonadota;c__Gammaproteobacteria;o__Xanthomonadales;f__Xanthomonadaceae;g__Stenotrophomonas;s__,N/A,N/A,N/A,0,0,E01,,,,,,,,FALSE,,FALSE,Ea.F.3.L.B,Earl,dorm_sample,59.25
R022_R024.combined.E01,semibin2_4,99.46,0.78,Gradient Boost (General Model),11,0.896,195127,339.2500867,6537177,0.49,5770,49,383181,d__Bacteria;p__Bacteroidota;c__Bacteroidia;o__Cytophagales;f__Cyclobacteriaceae;g__Chryseolinea;s__,N/A,N/A,N/A,0,0,E01,,,,,,,,FALSE,,FALSE,Ea.F.3.L.B,Earl,dorm_sample,59.25
R022_R024.combined.E01,semibin2_6,83.6,0.03,Neural Network (Specific Model),11,0.927,112794,331.4931579,4069328,0.47,3800,49,297151,d__Bacteria;p__Bacteroidota;c__Bacteroidia;o__Cytophagales;f__Cyclobacteriaceae;g__UBA2336;s__,N/A,N/A,N/A,0,0,E01,,,,,,,,FALSE,,FALSE,Ea.F.3.L.B,Earl,dorm_sample,59.25
R022_R024.combined.E01,semibin2_7,94.1,2.13,Gradient Boost (General Model),11,0.911,131028,327.6138438,4833340,0.51,4493,47,514610,d__Bacteria;p__Cyanobacteriota;c__Vampirovibrionia;o__Obscuribacterales;f__Obscuribacteraceae;g__JAFKGK01;s__JAFKGK01 sp017307165,GCA_017307165.1,d__Bacteria;p__Cyanobacteriota;c__Vampirovibrionia;o__Obscuribacterales;f__Obscuribacteraceae;g__JAFKGK01;s__JAFKGK01 sp017307165,98.23,0,0,E01,,,,,,,,FALSE,,FALSE,Ea.F.3.L.B,Earl,dorm_sample,59.25
R022_R024.combined.E01,semibin2_8,87.29,0.36,Gradient Boost (General Model),11,0.899,64712,336.9209023,3733159,0.44,3325,84,150319,d__Bacteria;p__Bacteroidota;c__Bacteroidia;o__Chitinophagales;f__LD1;g__Bog-950;s__Bog-950 sp018267435,GCA_018267435.1,d__Bacteria;p__Bacteroidota;c__Bacteroidia;o__Chitinophagales;f__LD1;g__Bog-950;s__Bog-950 sp018267435,95.95,0,0,E01,,,,,,,,FALSE,,FALSE,Ea.F.3.L.B,Earl,dorm_sample,59.25
R022_R024.combined.E01,semibin2_83,49.43,5.89,Gradient Boost (General Model),11,0.894,22252,282.7155105,2427753,0.69,2566,116,67872,d__Bacteria;p__Actinomycetota;c__Actinomycetes;o__Actinomycetales;f__Microbacteriaceae;g__Agromyces;s__,N/A,N/A,N/A,0,0,E01,,,,,,,,FALSE,,FALSE,Ea.F.3.L.B,Earl,dorm_sample,59.25
R022_R024.combined.E01,semibin2_89_sub,37.49,5.93,Neural Network (Specific Model),11,0.873,23082,271.3515682,2547992,0.66,2742,122,60215,d__Bacteria;p__Pseudomonadota;c__Alphaproteobacteria;o__Caulobacterales;f__Caulobacteraceae;g__Phenylobacterium;s__,N/A,N/A,N/A,0,0,E01,,,,,,,,FALSE,,FALSE,Ea.F.3.L.B,Earl,dorm_sample,59.25
R022_R024.combined.E01,semibin2_9,88.76,0.83,Neural Network (Specific Model),11,0.867,118346,305.7491943,3605119,0.65,3413,36,448955,d__Bacteria;p__Pseudomonadota;c__Alphaproteobacteria;o__Rhizobiales;f__Hyphomicrobiaceae;g__Hyphomicrobium_C;s__Hyphomicrobium_C sp019744875,GCF_019744875.1,d__Bacteria;p__Pseudomonadota;c__Alphaproteobacteria;o__Rhizobiales;f__Hyphomicrobiaceae;g__Hyphomicrobium_C;s__Hyphomicrobium_C sp019744875,97.68,0,0,E01,,,,,,,,FALSE,,FALSE,Ea.F.3.L.B,Earl,dorm_sample,59.25
R022_R024.combined.E01,semibin2_91,58.82,15.87,Neural Network (Specific Model),11,0.913,37205,303.5776316,3024095,0.65,3040,89,105242,d__Bacteria;p__Pseudomonadota;c__Alphaproteobacteria;o__Sphingomonadales;f__Sphingomonadaceae;g__Sphingopyxis;s__,N/A,N/A,N/A,0,0,E01,,,,,,,,FALSE,,FALSE,Ea.F.3.L.B,Earl,dorm_sample,59.25
R022_R024.combined.E01,semibin2_98,40.29,11.63,Gradient Boost (General Model),11,0.857,22487,277.1509406,6579609,0.57,6804,318,386910,d__Bacteria;p__Pseudomonadota;c__MNWR01;o__;f__;g__;s__,N/A,N/A,N/A,0,0,E01,,,,,,,,FALSE,u106399ctg_len-166313,TRUE,Ea.F.3.L.B,Earl,dorm_sample,59.25
R022_R024.combined.E02,metabat2.10_sub,84.59,32.78,Neural Network (Specific Model),11,0.9,219763,317.784911,4512746,0.68,4268,31,646289,d__Bacteria;p__Pseudomonadota;c__Gammaproteobacteria;o__Xanthomonadales;f__Xanthomonadaceae;g__Pseudoxanthomonas_A;s__Pseudoxanthomonas_A sp037046485,GCF_037046485.1,d__Bacteria;p__Pseudomonadota;c__Gammaproteobacteria;o__Xanthomonadales;f__Xanthomonadaceae;g__Pseudoxanthomonas_A;s__Pseudoxanthomonas_A sp037046485,97.76,0,0,E02,,,,,,,,FALSE,,FALSE,Ea.F.3.H.A,Earl,dorm_sample,11.1
R022_R024.combined.E02,metabat2.15,72.03,4.9,Neural Network (Specific Model),11,0.909,167222,308.9825989,4500652,0.67,4425,42,974100,d__Bacteria;p__Actinomycetota;c__Actinomycetes;o__Mycobacteriales;f__Mycobacteriaceae;g__Mycobacterium;s__,N/A,N/A,N/A,0,0,E02,,,,,,,,FALSE,,FALSE,Ea.F.3.H.A,Earl,dorm_sample,11.1
R022_R024.combined.E02,metabat2.3,96.93,0.87,Gradient Boost (General Model),11,0.899,476348,327.0450698,4767237,0.46,4371,16,947897,d__Bacteria;p__Acidobacteriota;c__Blastocatellia;o__Pyrinomonadales;f__Pyrinomonadaceae;g__;s__,N/A,N/A,N/A,1,0,E02,,,,,,,,FALSE,,FALSE,Ea.F.3.H.A,Earl,dorm_sample,11.1
R022_R024.combined.E02,semibin2_0,100,0.04,Neural Network (Specific Model),11,0.892,765476,310.648855,3964600,0.66,3799,9,1247260,d__Bacteria;p__Pseudomonadota;c__Gammaproteobacteria;o__Burkholderiales;f__Burkholderiaceae_C;g__Ottowia;s__Ottowia sp018060485,GCA_018060485.1,d__Bacteria;p__Pseudomonadota;c__Gammaproteobacteria;o__Burkholderiales;f__Burkholderiaceae_C;g__Ottowia;s__Ottowia sp018060485,98.59,1,0,E02,,,,,,,,FALSE,u16460ctg_len-291629,TRUE,Ea.F.3.H.A,Earl,dorm_sample,11.1
R022_R024.combined.E02,semibin2_1,89.71,0.6,Gradient Boost (General Model),11,0.881,64524,316.3136842,5616824,0.47,5225,129,142323,d__Bacteria;p__Acidobacteriota;c__Blastocatellia;o__Pyrinomonadales;f__Pyrinomonadaceae;g__DATHTS01;s__,N/A,N/A,N/A,0,0,E02,,,,,,,,FALSE,,FALSE,Ea.F.3.H.A,Earl,dorm_sample,11.1
R022_R024.combined.E02,semibin2_10_sub,33.18,0.26,Neural Network (Specific Model),11,0.925,28942,300.5796676,1986520,0.67,2046,77,66594,d__Bacteria;p__Actinomycetota;c__Actinomycetes;o__Mycobacteriales;f__Mycobacteriaceae;g__Mycobacterium;s__Mycobacterium fortuitum,GCF_022179545.1,d__Bacteria;p__Actinomycetota;c__Actinomycetes;o__Mycobacteriales;f__Mycobacteriaceae;g__Mycobacterium;s__Mycobacterium fortuitum,98.83,0,0,E02,,,,,,,,FALSE,,FALSE,Ea.F.3.H.A,Earl,dorm_sample,11.1
R022_R024.combined.E02,semibin2_11,54.26,0.04,Neural Network (Specific Model),11,0.884,21796,333.3403526,2307577,0.71,2042,124,52697,d__Bacteria;p__Pseudomonadota;c__Gammaproteobacteria;o__Xanthomonadales;f__Rhodanobacteraceae;g__Dokdonella;s__Dokdonella sp002483055,GCA_024707225.1,d__Bacteria;p__Pseudomonadota;c__Gammaproteobacteria;o__Xanthomonadales;f__Rhodanobacteraceae;g__Dokdonella;s__Dokdonella sp002483055,98.81,0,0,E02,,,,,,,,FALSE,,FALSE,Ea.F.3.H.A,Earl,dorm_sample,11.1
R022_R024.combined.E02,semibin2_13,35.56,3.04,Neural Network (Specific Model),11,0.876,16086,277.7487745,2322206,0.65,2448,149,47864,d__Bacteria;p__Pseudomonadota;c__Alphaproteobacteria;o__Rhizobiales;f__Rhizobiaceae;g__Arvimicrobium;s__,N/A,N/A,N/A,0,0,E02,,,,,,,,FALSE,,FALSE,Ea.F.3.H.A,Earl,dorm_sample,11.1
R022_R024.combined.E02,semibin2_15,30.05,2.02,Neural Network (Specific Model),11,0.882,14935,285.0584491,1670277,0.72,1728,126,31171,d__Bacteria;p__Actinomycetota;c__Actinomycetes;o__Mycobacteriales;f__Nakamurellaceae;g__Nakamurella;s__Nakamurella multipartita,GCF_000024365.1,d__Bacteria;p__Actinomycetota;c__Actinomycetes;o__Mycobacteriales;f__Nakamurellaceae;g__Nakamurella;s__Nakamurella multipartita,98.65,0,0,E02,,,,,,,,FALSE,,FALSE,Ea.F.3.H.A,Earl,dorm_sample,11.1
R022_R024.combined.E02,semibin2_20,51.5,8.62,Neural Network (Specific Model),11,0.89,19103,281.3918516,2854722,0.65,3019,160,48529,d__Bacteria;p__Pseudomonadota;c__Alphaproteobacteria;o__Sphingomonadales;f__Sphingomonadaceae;g__Sphingopyxis;s__,N/A,N/A,N/A,0,0,E02,,,,,,,,FALSE,,FALSE,Ea.F.3.H.A,Earl,dorm_sample,11.1
R022_R024.combined.E02,semibin2_3,62.82,12.48,Neural Network (Specific Model),11,0.913,606243,319.6826961,2660448,0.68,2537,4,1231862,d__Bacteria;p__Pseudomonadota;c__Gammaproteobacteria;o__Xanthomonadales;f__Xanthomonadaceae;g__Pseudoxanthomonas_A;s__Pseudoxanthomonas_A sp037046485,GCF_037046485.1,d__Bacteria;p__Pseudomonadota;c__Gammaproteobacteria;o__Xanthomonadales;f__Xanthomonadaceae;g__Pseudoxanthomonas_A;s__Pseudoxanthomonas_A sp037046485,97.56,0,0,E02,,,,,,,,FALSE,,FALSE,Ea.F.3.H.A,Earl,dorm_sample,11.1
R022_R024.combined.E02,semibin2_31,43.92,5.77,Neural Network (Specific Model),11,0.836,15333,266.9669185,3666249,0.71,3839,262,58203,d__Bacteria;p__Pseudomonadota;c__Alphaproteobacteria;o__Rhizobiales;f__Beijerinckiaceae;g__Methylobacterium;s__,N/A,N/A,N/A,0,0,E02,,,,,,,,FALSE,,FALSE,Ea.F.3.H.A,Earl,dorm_sample,11.1
R022_R024.combined.E02,semibin2_34_sub,50.55,8.5,Neural Network (Specific Model),11,0.911,15097,278.4198057,3855918,0.67,4221,264,147193,d__Bacteria;p__Actinomycetota;c__Actinomycetes;o__Mycobacteriales;f__Mycobacteriaceae;g__Mycobacterium;s__,N/A,N/A,N/A,0,0,E02,,,,,,,,FALSE,,FALSE,Ea.F.3.H.A,Earl,dorm_sample,11.1
R022_R024.combined.E02,semibin2_35_sub,38.64,6.05,Neural Network (Specific Model),11,0.891,14776,270.2406463,3198584,0.67,3528,237,67534,d__Bacteria;p__Actinomycetota;c__Actinomycetes;o__Mycobacteriales;f__Mycobacteriaceae;g__Mycobacterium;s__,N/A,N/A,N/A,0,0,E02,,,,,,,,FALSE,,FALSE,Ea.F.3.H.A,Earl,dorm_sample,11.1
R022_R024.combined.E02,semibin2_36,68.05,25.14,Neural Network (Specific Model),11,0.903,16818,289.4591611,4342373,0.66,4530,269,185876,d__Bacteria;p__Pseudomonadota;c__Alphaproteobacteria;o__Sphingomonadales;f__Sphingomonadaceae;g__Sphingopyxis;s__,N/A,N/A,N/A,0,0,E02,,,,,,,,FALSE,,FALSE,Ea.F.3.H.A,Earl,dorm_sample,11.1
R022_R024.combined.E02,semibin2_39,38.89,3.92,Neural Network (Specific Model),11,0.875,12989,268.5819521,3983334,0.64,4344,321,124846,d__Bacteria;p__Pseudomonadota;c__Gammaproteobacteria;o__Burkholderiales;f__;g__;s__,N/A,N/A,N/A,0,0,E02,,,,,,,,FALSE,u102293ctg_len-25496;u112166ctg_len-39154,TRUE,Ea.F.3.H.A,Earl,dorm_sample,11.1
R022_R024.combined.E02,semibin2_5,69.21,2.34,Neural Network (Specific Model),11,0.898,487996,321.0092521,2778534,0.67,2594,10,704954,d__Bacteria;p__Pseudomonadota;c__Gammaproteobacteria;o__Xanthomonadales;f__Xanthomonadaceae;g__Pseudoxanthomonas_A;s__Pseudoxanthomonas_A japonensis,GCF_010093445.1,d__Bacteria;p__Pseudomonadota;c__Gammaproteobacteria;o__Xanthomonadales;f__Xanthomonadaceae;g__Pseudoxanthomonas_A;s__Pseudoxanthomonas_A japonensis,96.87,0,0,E02,,,,,,,,FALSE,,FALSE,Ea.F.3.H.A,Earl,dorm_sample,11.1
R022_R024.combined.E02,semibin2_6,65.17,0.16,Neural Network (Specific Model),11,0.913,42515,307.8488987,2290705,0.66,2270,70,110326,d__Bacteria;p__Pseudomonadota;c__Alphaproteobacteria;o__Sphingomonadales;f__Sphingomonadaceae;g__Erythrobacter;s__,N/A,N/A,N/A,0,0,E02,,,,,,,,FALSE,,FALSE,Ea.F.3.H.A,Earl,dorm_sample,11.1
R022_R024.combined.E02,semibin2_7,57.39,0.01,Neural Network (Specific Model),11,0.887,21170,293.979661,2048220,0.64,2065,107,42760,d__Bacteria;p__Pseudomonadota;c__Alphaproteobacteria;o__Rhizobiales;f__Hyphomicrobiaceae;g__JAKAXS01;s__JAKAXS01 sp021816505,GCA_021816505.1,d__Bacteria;p__Pseudomonadota;c__Alphaproteobacteria;o__Rhizobiales;f__Hyphomicrobiaceae;g__JAKAXS01;s__JAKAXS01 sp021816505,97.82,0,0,E02,,,,,,,,FALSE,,FALSE,Ea.F.3.H.A,Earl,dorm_sample,11.1
R022_R024.combined.E02,semibin2_8,42.74,0.79,Neural Network (Specific Model),11,0.881,16248,260.0156919,1236666,0.67,1402,84,34142,d__Bacteria;p__Pseudomonadota;c__Alphaproteobacteria;o__Caulobacterales;f__Caulobacteraceae;g__Brevundimonas;s__Brevundimonas vesicularis_D,GCF_900445985.1,d__Bacteria;p__Pseudomonadota;c__Alphaproteobacteria;o__Caulobacterales;f__Caulobacteraceae;g__Brevundimonas;s__Brevundimonas vesicularis_D,96.81,0,0,E02,,,,,,,,FALSE,,FALSE,Ea.F.3.H.A,Earl,dorm_sample,11.1
R022_R024.combined.E02,semibin2_9,41.62,2.93,Neural Network (Specific Model),11,0.904,32158,286.21,1516908,0.67,1600,58,58644,d__Bacteria;p__Pseudomonadota;c__Alphaproteobacteria;o__Sphingomonadales;f__Sphingomonadaceae;g__Sphingomonas;s__,N/A,N/A,N/A,0,0,E02,,,,,,,,FALSE,,FALSE,Ea.F.3.H.A,Earl,dorm_sample,11.1
R022_R024.combined.E03,semibin2_0,64.94,3.02,Neural Network (Specific Model),11,0.884,38504,293.9554622,3550766,0.64,3570,103,121281,d__Bacteria;p__Pseudomonadota;c__Alphaproteobacteria;o__Sphingomonadales;f__Sphingomonadaceae;g__Sphingopyxis;s__Sphingopyxis sp014873485,GCF_014873485.1,d__Bacteria;p__Pseudomonadota;c__Alphaproteobacteria;o__Sphingomonadales;f__Sphingomonadaceae;g__Sphingopyxis;s__Sphingopyxis sp014873485,96.36,0,0,E03,,,,,,,,FALSE,,FALSE,Te.F.3.L.A,Teal,dorm_sample,102.75
R022_R024.combined.E04,semibin2_0,72.03,1.08,Neural Network (Specific Model),11,0.905,46259,297.1281669,3953853,0.67,4026,105,164688,d__Bacteria;p__Actinomycetota;c__Actinomycetes;o__Mycobacteriales;f__Mycobacteriaceae;g__Mycobacterium;s__Mycobacterium phocaicum,GCF_010731115.1,d__Bacteria;p__Actinomycetota;c__Actinomycetes;o__Mycobacteriales;f__Mycobacteriaceae;g__Mycobacterium;s__Mycobacterium phocaicum,95.35,0,0,E04,,,,,,,,FALSE,,FALSE,Te.F.2.H.B,Teal,dorm_sample,18
R022_R024.combined.E05,complete.7,100,1.08,Neural Network (Specific Model),11,0.892,4953810,339.4350127,4953810,0.67,4347,1,4953810,d__Bacteria;p__Pseudomonadota;c__Gammaproteobacteria;o__Xanthomonadales;f__Xanthomonadaceae;g__Lysobacter_I;s__Lysobacter_I sp036404915,GCA_036404915.1,d__Bacteria;p__Pseudomonadota;c__Gammaproteobacteria;o__Xanthomonadales;f__Xanthomonadaceae;g__Lysobacter_I;s__Lysobacter_I sp036404915,97.27,1,1,E05,2,2,2,6,56,1,4,TRUE,u32548ctg_len-4953810,TRUE,NR.F.1.H.A,NoRo,dorm_sample,42
R022_R024.combined.E05,complete.8,100,0.09,Neural Network (Specific Model),11,0.89,4108971,307.6584383,4108971,0.66,3970,1,4108971,d__Bacteria;p__Pseudomonadota;c__Gammaproteobacteria;o__Burkholderiales;f__Burkholderiaceae_C;g__Ottowia;s__Ottowia sp018060485,GCA_018060485.1,d__Bacteria;p__Pseudomonadota;c__Gammaproteobacteria;o__Burkholderiales;f__Burkholderiaceae_C;g__Ottowia;s__Ottowia sp018060485,98.71,1,1,E05,1,1,1,3,46,1,2,TRUE,u140303ctg_len-4108971,TRUE,NR.F.1.H.A,NoRo,dorm_sample,42
R022_R024.combined.E05,metabat2.11,99.76,0.15,Neural Network (Specific Model),11,0.914,286769,325.2541847,3436113,0.66,3226,20,810039,d__Bacteria;p__Pseudomonadota;c__Alphaproteobacteria;o__Sphingomonadales;f__Sphingomonadaceae;g__Erythrobacter;s__,N/A,N/A,N/A,0,0,E05,,,,,,,,FALSE,,FALSE,NR.F.1.H.A,NoRo,dorm_sample,42
R022_R024.combined.E05,metabat2.15,75.57,0.75,Neural Network (Specific Model),11,0.918,92729,304.8729153,2980507,0.68,2998,39,274057,d__Bacteria;p__Pseudomonadota;c__Alphaproteobacteria;o__Sphingomonadales;f__Sphingomonadaceae;g__Allosphingosinicella;s__,N/A,N/A,N/A,0,0,E05,,,,,,,,FALSE,,FALSE,NR.F.1.H.A,NoRo,dorm_sample,42
R022_R024.combined.E05,metabat2.24_sub,30.01,4.88,Neural Network (Specific Model),11,0.881,46041,280.6483957,1424215,0.66,1496,32,72249,d__Bacteria;p__Pseudomonadota;c__Alphaproteobacteria;o__Sphingomonadales;f__Sphingomonadaceae;g__Sphingopyxis;s__,N/A,N/A,N/A,0,0,E05,,,,,,,,FALSE,,FALSE,NR.F.1.H.A,NoRo,dorm_sample,42
R022_R024.combined.E05,semibin2_1,100,4.5,Neural Network (Specific Model),11,0.913,1754013,317.9720093,6259150,0.67,6002,7,2878807,d__Bacteria;p__Actinomycetota;c__Actinomycetes;o__Mycobacteriales;f__Mycobacteriaceae;g__Mycobacterium;s__,N/A,N/A,N/A,1,0,E05,,,,,,,,FALSE,,FALSE,NR.F.1.H.A,NoRo,dorm_sample,42
R022_R024.combined.E05,semibin2_10,36.19,0,Neural Network (Specific Model),11,0.924,24123,296.6523064,2205347,0.67,2298,101,62594,d__Bacteria;p__Actinomycetota;c__Actinomycetes;o__Mycobacteriales;f__Mycobacteriaceae;g__Mycobacterium;s__Mycobacterium fortuitum,GCF_022179545.1,d__Bacteria;p__Actinomycetota;c__Actinomycetes;o__Mycobacteriales;f__Mycobacteriaceae;g__Mycobacterium;s__Mycobacterium fortuitum,98.68,0,0,E05,,,,,,,,FALSE,,FALSE,NR.F.1.H.A,NoRo,dorm_sample,42
R022_R024.combined.E05,semibin2_15,38.36,2.63,Neural Network (Specific Model),11,0.872,25194,287.2234165,2568423,0.65,2605,113,62474,d__Bacteria;p__Pseudomonadota;c__Alphaproteobacteria;o__Rhizobiales;f__Xanthobacteraceae;g__Bradyrhizobium;s__Bradyrhizobium sp023387735,GCA_023387735.1,d__Bacteria;p__Pseudomonadota;c__Alphaproteobacteria;o__Rhizobiales;f__Xanthobacteraceae;g__Bradyrhizobium;s__Bradyrhizobium sp023387735,98.35,0,0,E05,,,,,,,,FALSE,,FALSE,NR.F.1.H.A,NoRo,dorm_sample,42
R022_R024.combined.E05,semibin2_16,21.47,0.12,Neural Network (Specific Model),11,0.859,15722,302.980322,1178333,0.46,1118,81,39811,d__Bacteria;p__Bacteroidota;c__Bacteroidia;o__Chitinophagales;f__Chitinophagaceae;g__Terrimonas_A;s__,N/A,N/A,N/A,0,0,E05,,,,,,,,FALSE,,FALSE,NR.F.1.H.A,NoRo,dorm_sample,42
R022_R024.combined.E05,semibin2_17,9.58,0.1,Neural Network (Specific Model),11,0.867,19384,263.7581699,278477,0.65,306,17,28326,d__Bacteria;p__Pseudomonadota;c__Gammaproteobacteria;o__Burkholderiales;f__Burkholderiaceae;g__Imbroritus;s__,N/A,N/A,N/A,0,0,E05,,,,,,,,FALSE,,FALSE,NR.F.1.H.A,NoRo,dorm_sample,42
R022_R024.combined.E05,semibin2_2,88.85,2.4,Gradient Boost (General Model),11,0.886,49183,302.103545,5096424,0.46,4993,147,150894,d__Bacteria;p__Acidobacteriota;c__Blastocatellia;o__Pyrinomonadales;f__Pyrinomonadaceae;g__JBPCRW01;s__,N/A,N/A,N/A,0,0,E05,,,,,,,,FALSE,,FALSE,NR.F.1.H.A,NoRo,dorm_sample,42
R022_R024.combined.E05,semibin2_3,79.85,3.28,Neural Network (Specific Model),11,0.876,29262,295.0701953,3561989,0.63,3533,151,82504,d__Bacteria;p__Pseudomonadota;c__Gammaproteobacteria;o__Burkholderiales;f__Burkholderiaceae_C;g__Acidovorax;s__Acidovorax temperans,GCF_006716905.1,d__Bacteria;p__Pseudomonadota;c__Gammaproteobacteria;o__Burkholderiales;f__Burkholderiaceae_C;g__Acidovorax;s__Acidovorax temperans,95.65,0,0,E05,,,,,,,,FALSE,,FALSE,NR.F.1.H.A,NoRo,dorm_sample,42
R022_R024.combined.E05,semibin2_45,71.29,13.29,Gradient Boost (General Model),11,0.879,17206,274.2214667,3844226,0.65,4118,245,52047,d__Bacteria;p__Pseudomonadota;c__Alphaproteobacteria;o__Sphingomonadales;f__Sphingomonadaceae;g__;s__,N/A,N/A,N/A,0,0,E05,,,,,,,,FALSE,,FALSE,NR.F.1.H.A,NoRo,dorm_sample,42
R022_R024.combined.E05,semibin2_5,51.11,1.01,Neural Network (Specific Model),11,0.872,18327,303.4671101,1408936,0.38,1353,85,36254,d__Bacteria;p__Chlamydiota;c__Chlamydiia;o__Chlamydiales;f__Parachlamydiaceae;g__Neochlamydia;s__,N/A,N/A,N/A,0,0,E05,,,,,,,,FALSE,,FALSE,NR.F.1.H.A,NoRo,dorm_sample,42
R022_R024.combined.E05,semibin2_51,35.45,6.17,Gradient Boost (General Model),11,0.873,14764,269.7062012,4255893,0.63,4612,306,158560,d__Bacteria;p__Pseudomonadota;c__Alphaproteobacteria;o__JAOXRX01;f__;g__;s__,N/A,N/A,N/A,0,0,E05,,,,,,,,FALSE,,FALSE,NR.F.1.H.A,NoRo,dorm_sample,42
R022_R024.combined.E05,semibin2_6,40.69,2.62,Neural Network (Specific Model),11,0.912,864016,315.3966261,2638943,0.67,2549,4,890784,d__Bacteria;p__Actinomycetota;c__Actinomycetes;o__Mycobacteriales;f__Mycobacteriaceae;g__Mycobacterium;s__Mycobacterium phocaicum,GCF_010731115.1,d__Bacteria;p__Actinomycetota;c__Actinomycetes;o__Mycobacteriales;f__Mycobacteriaceae;g__Mycobacterium;s__Mycobacterium phocaicum,95.32,0,0,E05,,,,,,,,FALSE,,FALSE,NR.F.1.H.A,NoRo,dorm_sample,42
R022_R024.combined.E05,semibin2_7,54.79,7.25,Neural Network (Specific Model),11,0.837,25119,324.2701422,3183748,0.7,2743,146,75662,d__Bacteria;p__Pseudomonadota;c__Gammaproteobacteria;o__Xanthomonadales;f__Xanthomonadaceae;g__Lysobacter;s__,N/A,N/A,N/A,0,0,E05,,,,,,,,FALSE,,FALSE,NR.F.1.H.A,NoRo,dorm_sample,42
R022_R024.combined.E05,semibin2_8,39.34,4.32,Gradient Boost (General Model),11,0.888,18574,378.9803319,4154512,0.7,3254,236,62836,d__Bacteria;p__Acidobacteriota;c__Vicinamibacteria;o__Vicinamibacterales;f__Vicinamibacteraceae;g__;s__,N/A,N/A,N/A,0,0,E05,,,,,,,,FALSE,,FALSE,NR.F.1.H.A,NoRo,dorm_sample,42
R022_R024.combined.E05,semibin2_9,41.75,0.4,Neural Network (Specific Model),11,0.896,27634,295.6190476,1679573,0.72,1701,67,71921,d__Bacteria;p__Actinomycetota;c__Actinomycetes;o__Actinomycetales;f__Microbacteriaceae;g__Agromyces;s__Agromyces mediolanus_A,GCF_023715325.1,d__Bacteria;p__Actinomycetota;c__Actinomycetes;o__Actinomycetales;f__Microbacteriaceae;g__Agromyces;s__Agromyces mediolanus_A,98.97,0,0,E05,,,,,,,,FALSE,,FALSE,NR.F.1.H.A,NoRo,dorm_sample,42
R022_R024.combined.E06,complete.19,100,0.81,Neural Network (Specific Model),11,0.9,4765394,319.0358575,4765394,0.66,4490,1,4765394,d__Bacteria;p__Pseudomonadota;c__Alphaproteobacteria;o__Sphingomonadales;f__Sphingomonadaceae;g__Sphingopyxis;s__Sphingopyxis sp022701295,GCF_022701295.1,d__Bacteria;p__Pseudomonadota;c__Alphaproteobacteria;o__Sphingomonadales;f__Sphingomonadaceae;g__Sphingopyxis;s__Sphingopyxis sp022701295,98.28,1,1,E06,2,2,2,6,52,2,0,TRUE,,FALSE,Da.F.4.L.C,Dawson,dorm_sample,18.75
R022_R024.combined.E06,complete.20,100,0.1,Neural Network (Specific Model),11,0.908,3863778,329.6863572,3863778,0.67,3555,1,3863778,d__Bacteria;p__Pseudomonadota;c__Alphaproteobacteria;o__Sphingomonadales;f__Sphingomonadaceae;g__Sphingomonas;s__,N/A,N/A,N/A,1,1,E06,2,2,2,6,49,2,0,TRUE,,FALSE,Da.F.4.L.C,Dawson,dorm_sample,18.75
R022_R024.combined.E06,complete.36,100,0.02,Neural Network (Specific Model),11,0.902,5831864,322.3434862,5831864,0.69,5450,1,5831864,d__Bacteria;p__Pseudomonadota;c__Gammaproteobacteria;o__Burkholderiales;f__Burkholderiaceae_C;g__Xenophilus;s__Xenophilus sp005503065,GCA_005503065.1,d__Bacteria;p__Pseudomonadota;c__Gammaproteobacteria;o__Burkholderiales;f__Burkholderiaceae_C;g__Xenophilus;s__Xenophilus sp005503065,99.18,1,1,E06,2,2,2,6,49,1,0,TRUE,u15611ctg_len-5831864,TRUE,Da.F.4.L.C,Dawson,dorm_sample,18.75
R022_R024.combined.E06,complete.37,100,0.58,Neural Network (Specific Model),11,0.918,4532547,318.2978918,4532547,0.66,4364,1,4532547,d__Bacteria;p__Pseudomonadota;c__Alphaproteobacteria;o__Sphingomonadales;f__Sphingomonadaceae;g__Sphingomonas;s__Sphingomonas koreensis,GCF_002797435.1,d__Bacteria;p__Pseudomonadota;c__Alphaproteobacteria;o__Sphingomonadales;f__Sphingomonadaceae;g__Sphingomonas;s__Sphingomonas koreensis,98.26,1,1,E06,2,2,2,6,56,2,2,TRUE,u380993ctg_len-4532547,TRUE,Da.F.4.L.C,Dawson,dorm_sample,18.75
R022_R024.combined.E06,complete.38,100,0.25,Neural Network (Specific Model),11,0.91,5035874,321.9625421,5035874,0.65,4752,1,5035874,d__Bacteria;p__Pseudomonadota;c__Alphaproteobacteria;o__Sphingomonadales;f__Sphingomonadaceae;g__Sphingopyxis;s__Sphingopyxis sp035998905,GCF_035998905.1,d__Bacteria;p__Pseudomonadota;c__Alphaproteobacteria;o__Sphingomonadales;f__Sphingomonadaceae;g__Sphingopyxis;s__Sphingopyxis sp035998905,97.95,1,1,E06,1,1,1,3,50,1,0,TRUE,u111673ctg_len-5035874,TRUE,Da.F.4.L.C,Dawson,dorm_sample,18.75
R022_R024.combined.E06,complete.39,100,0.01,Neural Network (Specific Model),11,0.884,6031646,381.0357755,6031646,0.68,4668,1,6031646,d__Bacteria;p__Pseudomonadota;c__Gammaproteobacteria;o__Xanthomonadales;f__Rhodanobacteraceae;g__Tahibacter;s__,N/A,N/A,N/A,1,1,E06,2,2,2,6,50,2,0,TRUE,u31545ctg_len-6031646,TRUE,Da.F.4.L.C,Dawson,dorm_sample,18.75
R022_R024.combined.E06,metabat2.12,71.92,0.24,Neural Network (Specific Model),11,0.905,73185,338.552572,3464521,0.67,3091,50,202046,d__Bacteria;p__Pseudomonadota;c__Gammaproteobacteria;o__Burkholderiales;f__Burkholderiaceae_C;g__Aquabacterium;s__,N/A,N/A,N/A,0,0,E06,,,,,,,,FALSE,,FALSE,Da.F.4.L.C,Dawson,dorm_sample,18.75
R022_R024.combined.E06,metabat2.16,100,0.41,Neural Network (Specific Model),11,0.905,765768,317.7785755,3659999,0.69,3482,6,1473702,d__Bacteria;p__Pseudomonadota;c__Alphaproteobacteria;o__Sphingomonadales;f__Sphingomonadaceae;g__Sphingomonas;s__Sphingomonas sp031456125,GCF_031456125.1,d__Bacteria;p__Pseudomonadota;c__Alphaproteobacteria;o__Sphingomonadales;f__Sphingomonadaceae;g__Sphingomonas;s__Sphingomonas sp031456125,99.57,1,0,E06,,,,,,,,FALSE,u159965ctg_len-133812,TRUE,Da.F.4.L.C,Dawson,dorm_sample,18.75
R022_R024.combined.E06,metabat2.18,100,0.02,Neural Network (Specific Model),11,0.904,1932222,322.8080576,3715747,0.68,3475,3,1932222,d__Bacteria;p__Pseudomonadota;c__Gammaproteobacteria;o__Xanthomonadales;f__Xanthomonadaceae;g__Pseudoxanthomonas_A;s__Pseudoxanthomonas_A sp037046485,GCF_037046485.1,d__Bacteria;p__Pseudomonadota;c__Gammaproteobacteria;o__Xanthomonadales;f__Xanthomonadaceae;g__Pseudoxanthomonas_A;s__Pseudoxanthomonas_A sp037046485,98.07,1,0,E06,,,,,,,,FALSE,,FALSE,Da.F.4.L.C,Dawson,dorm_sample,18.75
R022_R024.combined.E06,metabat2.19,97.88,1.37,Gradient Boost (General Model),11,0.913,160305,326.7299191,3972813,0.52,3710,28,436135,d__Bacteria;p__Bdellovibrionota;c__Bdellovibrionia;o__Bdellovibrionales;f__JAMPXM01;g__CAJYOV01;s__,N/A,N/A,N/A,0,0,E06,,,,,,,,FALSE,,FALSE,Da.F.4.L.C,Dawson,dorm_sample,18.75
R022_R024.combined.E06,metabat2.22,99.72,0,Neural Network (Specific Model),11,0.905,351089,320.5419994,3851041,0.65,3631,20,606791,d__Bacteria;p__Pseudomonadota;c__Alphaproteobacteria;o__Sphingomonadales;f__Sphingomonadaceae;g__Blastomonas;s__Blastomonas ursincola,GCF_013607875.1,d__Bacteria;p__Pseudomonadota;c__Alphaproteobacteria;o__Sphingomonadales;f__Sphingomonadaceae;g__Blastomonas;s__Blastomonas ursincola,98.08,0,0,E06,,,,,,,,FALSE,,FALSE,Da.F.4.L.C,Dawson,dorm_sample,18.75
R022_R024.combined.E06,metabat2.23,99.93,0.05,Neural Network (Specific Model),11,0.914,1106298,323.6687991,3648772,0.67,3439,7,1115736,d__Bacteria;p__Pseudomonadota;c__Alphaproteobacteria;o__Sphingomonadales;f__Sphingomonadaceae;g__Sphingomonas;s__Sphingomonas sp943913195,GCF_045371305.1,d__Bacteria;p__Pseudomonadota;c__Alphaproteobacteria;o__Sphingomonadales;f__Sphingomonadaceae;g__Sphingomonas;s__Sphingomonas sp943913195,98.75,1,0,E06,,,,,,,,FALSE,,FALSE,Da.F.4.L.C,Dawson,dorm_sample,18.75
R022_R024.combined.E06,metabat2.25,100,0.25,Neural Network (Specific Model),11,0.906,645971,325.1357413,4553105,0.64,4236,10,1339282,d__Bacteria;p__Pseudomonadota;c__Alphaproteobacteria;o__Sphingomonadales;f__Sphingomonadaceae;g__Sphingopyxis;s__,N/A,N/A,N/A,1,0,E06,,,,,,,,FALSE,,FALSE,Da.F.4.L.C,Dawson,dorm_sample,18.75
R022_R024.combined.E06,metabat2.28,100,1.53,Neural Network (Specific Model),11,0.924,4043932,330.5117482,7250480,0.7,6767,2,4043932,d__Bacteria;p__Pseudomonadota;c__Gammaproteobacteria;o__Burkholderiales;f__Burkholderiaceae_C;g__Pseudorhodoferax;s__Pseudorhodoferax aquiterrae,GCF_014652235.1,d__Bacteria;p__Pseudomonadota;c__Gammaproteobacteria;o__Burkholderiales;f__Burkholderiaceae_C;g__Pseudorhodoferax;s__Pseudorhodoferax aquiterrae,97.56,1,0,E06,,,,,,,,FALSE,,FALSE,Da.F.4.L.C,Dawson,dorm_sample,18.75
R022_R024.combined.E06,metabat2.30,99.97,0.82,Neural Network (Specific Model),11,0.906,3660415,317.2513534,4066644,0.65,3879,2,3660415,d__Bacteria;p__Pseudomonadota;c__Alphaproteobacteria;o__Sphingomonadales;f__Sphingomonadaceae;g__Sphingopyxis;s__Sphingopyxis sp001468265,GCF_001468265.1,d__Bacteria;p__Pseudomonadota;c__Alphaproteobacteria;o__Sphingomonadales;f__Sphingomonadaceae;g__Sphingopyxis;s__Sphingopyxis sp001468265,99.72,1,0,E06,,,,,,,,FALSE,,FALSE,Da.F.4.L.C,Dawson,dorm_sample,18.75
R022_R024.combined.E06,metabat2.34,100,0.12,Neural Network (Specific Model),11,0.908,1908821,327.405486,3622157,0.69,3354,2,1908821,d__Bacteria;p__Pseudomonadota;c__Alphaproteobacteria;o__Sphingomonadales;f__Sphingomonadaceae;g__Sphingomonas;s__Sphingomonas taxi_B,GCA_003243195.1,d__Bacteria;p__Pseudomonadota;c__Alphaproteobacteria;o__Sphingomonadales;f__Sphingomonadaceae;g__Sphingomonas;s__Sphingomonas taxi_B,98.61,1,0,E06,,,,,,,,FALSE,,FALSE,Da.F.4.L.C,Dawson,dorm_sample,18.75
R022_R024.combined.E06,metabat2.36,56.24,0.26,Neural Network (Specific Model),11,0.858,64548,288.2089658,2848939,0.72,2833,50,117501,d__Bacteria;p__Pseudomonadota;c__Alphaproteobacteria;o__Rhizobiales;f__Beijerinckiaceae;g__Methylobacterium;s__Methylobacterium hispanicum,GCF_022179285.1,d__Bacteria;p__Pseudomonadota;c__Alphaproteobacteria;o__Rhizobiales;f__Beijerinckiaceae;g__Methylobacterium;s__Methylobacterium hispanicum,99.35,0,0,E06,,,,,,,,FALSE,,FALSE,Da.F.4.L.C,Dawson,dorm_sample,18.75
R022_R024.combined.E06,metabat2.7_sub,76.49,1.43,Neural Network (Specific Model),11,0.895,1074116,321.4659433,3569786,0.65,3318,7,1196398,d__Bacteria;p__Pseudomonadota;c__Alphaproteobacteria;o__Sphingomonadales;f__Sphingomonadaceae;g__Sphingobium;s__Sphingobium yanoikuyae_A,GCF_013001025.1,d__Bacteria;p__Pseudomonadota;c__Alphaproteobacteria;o__Sphingomonadales;f__Sphingomonadaceae;g__Sphingobium;s__Sphingobium yanoikuyae_A,96.37,0,0,E06,,,,,,,,FALSE,,FALSE,Da.F.4.L.C,Dawson,dorm_sample,18.75
R022_R024.combined.E06,metabat2.8,34.4,0.04,Neural Network (Specific Model),11,0.916,1004924,312.0832487,1004924,0.66,985,1,1004924,d__Bacteria;p__Pseudomonadota;c__Alphaproteobacteria;o__Sphingomonadales;f__Sphingomonadaceae;g__Sphingobium;s__,N/A,N/A,N/A,0,0,E06,,,,,,,,FALSE,,FALSE,Da.F.4.L.C,Dawson,dorm_sample,18.75
R022_R024.combined.E06,semibin2_10,93.69,0.63,Neural Network (Specific Model),11,0.862,243799,303.7911312,5835111,0.71,5525,38,673945,d__Bacteria;p__Pseudomonadota;c__Alphaproteobacteria;o__Rhizobiales;f__Beijerinckiaceae;g__Methylobacterium;s__Methylobacterium radiotolerans,GCF_000019725.1,d__Bacteria;p__Pseudomonadota;c__Alphaproteobacteria;o__Rhizobiales;f__Beijerinckiaceae;g__Methylobacterium;s__Methylobacterium radiotolerans,98.92,0,0,E06,,,,,,,,FALSE,,FALSE,Da.F.4.L.C,Dawson,dorm_sample,18.75
R022_R024.combined.E06,semibin2_12,80.22,1.02,Neural Network (Specific Model),11,0.868,41095,289.2466368,2669731,0.39,2676,82,89022,d__Bacteria;p__Pseudomonadota;c__Gammaproteobacteria;o__Pseudomonadales;f__Moraxellaceae;g__Acinetobacter;s__Acinetobacter junii,GCF_000368765.1,d__Bacteria;p__Pseudomonadota;c__Gammaproteobacteria;o__Pseudomonadales;f__Moraxellaceae;g__Acinetobacter;s__Acinetobacter junii,98.49,0,0,E06,,,,,,,,FALSE,,FALSE,Da.F.4.L.C,Dawson,dorm_sample,18.75
R022_R024.combined.E06,semibin2_15,72.74,3.94,Neural Network (Specific Model),11,0.897,1010320,303.1027668,4350713,0.63,4301,18,1788359,d__Bacteria;p__Pseudomonadota;c__Alphaproteobacteria;o__Sphingomonadales;f__Sphingomonadaceae;g__Sphingobium;s__,N/A,N/A,N/A,0,0,E06,,,,,,,,FALSE,u167209ctg_len-49589,TRUE,Da.F.4.L.C,Dawson,dorm_sample,18.75
R022_R024.combined.E06,semibin2_16,51.23,0.53,Neural Network (Specific Model),11,0.899,87433,295.9519539,1538149,0.67,1561,23,148348,d__Bacteria;p__Pseudomonadota;c__Alphaproteobacteria;o__Caulobacterales;f__Caulobacteraceae;g__Brevundimonas;s__Brevundimonas diminuta_C,GCF_022654015.1,d__Bacteria;p__Pseudomonadota;c__Alphaproteobacteria;o__Caulobacterales;f__Caulobacteraceae;g__Brevundimonas;s__Brevundimonas diminuta_C,95.42,0,0,E06,,,,,,,,FALSE,,FALSE,Da.F.4.L.C,Dawson,dorm_sample,18.75
R022_R024.combined.E06,semibin2_17,62.22,0.08,Gradient Boost (General Model),11,0.912,35659,315.2587156,2821248,0.66,2725,91,100885,d__Bacteria;p__Pseudomonadota;c__Alphaproteobacteria;o__Sphingomonadales;f__Sphingomonadaceae;g__Sphingobium_A;s__,N/A,N/A,N/A,0,0,E06,,,,,,,,FALSE,,FALSE,Da.F.4.L.C,Dawson,dorm_sample,18.75
R022_R024.combined.E06,semibin2_18,63.89,1.03,Neural Network (Specific Model),11,0.912,45065,311.1768588,2322617,0.65,2273,69,74708,d__Bacteria;p__Pseudomonadota;c__Alphaproteobacteria;o__Sphingomonadales;f__Sphingomonadaceae;g__Sphingopyxis;s__,N/A,N/A,N/A,0,0,E06,,,,,,,,FALSE,,FALSE,Da.F.4.L.C,Dawson,dorm_sample,18.75
R022_R024.combined.E06,semibin2_21,31.84,0.1,Neural Network (Specific Model),11,0.911,66704,306.4355433,1094354,0.67,1086,19,157080,d__Bacteria;p__Pseudomonadota;c__Alphaproteobacteria;o__Caulobacterales;f__Caulobacteraceae;g__Caulobacter;s__,N/A,N/A,N/A,0,0,E06,,,,,,,,FALSE,,FALSE,Da.F.4.L.C,Dawson,dorm_sample,18.75
R022_R024.combined.E06,semibin2_22,30.46,0.35,Neural Network (Specific Model),11,0.881,21196,292.8091375,2330546,0.66,2342,115,118311,d__Bacteria;p__Pseudomonadota;c__Gammaproteobacteria;o__Burkholderiales;f__Burkholderiaceae_C;g__Paracidovorax;s__,N/A,N/A,N/A,0,0,E06,,,,,,,,FALSE,,FALSE,Da.F.4.L.C,Dawson,dorm_sample,18.75
R022_R024.combined.E06,semibin2_4,100,1.2,Neural Network (Specific Model),11,0.884,3163841,323.1273562,4530089,0.63,4138,4,3163841,d__Bacteria;p__Pseudomonadota;c__Gammaproteobacteria;o__Burkholderiales;f__Burkholderiaceae_C;g__Acidovorax;s__Acidovorax temperans,GCF_006716905.1,d__Bacteria;p__Pseudomonadota;c__Gammaproteobacteria;o__Burkholderiales;f__Burkholderiaceae_C;g__Acidovorax;s__Acidovorax temperans,96.15,1,0,E06,,,,,,,,FALSE,u157611ctg_len-470001,TRUE,Da.F.4.L.C,Dawson,dorm_sample,18.75
R022_R024.combined.E06,semibin2_48,61.25,19.87,Neural Network (Specific Model),11,0.898,49688,314.5708613,3435324,0.65,3274,69,158370,d__Bacteria;p__Pseudomonadota;c__Alphaproteobacteria;o__Sphingomonadales;f__Sphingomonadaceae;g__Sphingobium;s__Sphingobium yanoikuyae_A,GCF_013001025.1,d__Bacteria;p__Pseudomonadota;c__Alphaproteobacteria;o__Sphingomonadales;f__Sphingomonadaceae;g__Sphingobium;s__Sphingobium yanoikuyae_A,96.47,0,0,E06,,,,,,,,FALSE,,FALSE,Da.F.4.L.C,Dawson,dorm_sample,18.75
R022_R024.combined.E06,semibin2_49,46.88,8.1,Neural Network (Specific Model),11,0.901,17131,297.6162413,2130290,0.66,2155,131,84498,d__Bacteria;p__Pseudomonadota;c__Alphaproteobacteria;o__Sphingomonadales;f__Sphingomonadaceae;g__Sphingomonas;s__,N/A,N/A,N/A,0,0,E06,,,,,,,,FALSE,,FALSE,Da.F.4.L.C,Dawson,dorm_sample,18.75
R022_R024.combined.E06,semibin2_51_sub,45.85,8.24,Neural Network (Specific Model),11,0.874,22688,282.1766983,2745708,0.67,2841,136,30209,d__Bacteria;p__Pseudomonadota;c__Alphaproteobacteria;o__Rhizobiales;f__Beijerinckiaceae;g__Allobosea;s__,N/A,N/A,N/A,0,0,E06,,,,,,,,FALSE,,FALSE,Da.F.4.L.C,Dawson,dorm_sample,18.75
R022_R024.combined.E06,semibin2_55_sub,65.23,22.56,Gradient Boost (General Model),11,0.878,22791,279.8080199,8061050,0.66,8454,414,190649,d__Bacteria;p__Pseudomonadota;c__Alphaproteobacteria;o__Sphingomonadales;f__Sphingomonadaceae;g__Sphingopyxis;s__,N/A,N/A,N/A,0,0,E06,,,,,,,,FALSE,u43863ctg_len-83259;u338630ctg_len-35993;u79093ctg_len-190649,TRUE,Da.F.4.L.C,Dawson,dorm_sample,18.75
R022_R024.combined.E07,complete.9,100,0.75,Neural Network (Specific Model),11,0.842,5771518,340.7410752,5771518,0.71,4762,1,5771518,d__Bacteria;p__Pseudomonadota;c__Gammaproteobacteria;o__Xanthomonadales;f__Xanthomonadaceae;g__Lysobacter;s__,N/A,N/A,N/A,1,1,E07,2,2,2,6,59,2,2,TRUE,u24386ctg_len-5771518,TRUE,Pe.F.3.H.B,Penland,dorm_sample,163.5
R022_R024.combined.E07,metabat2.11_sub,63.07,10.27,Neural Network (Specific Model),11,0.89,56749,295.7259548,3566939,0.68,3587,65,160701,d__Bacteria;p__Pseudomonadota;c__Alphaproteobacteria;o__Caulobacterales;f__Caulobacteraceae;g__Phenylobacterium;s__Phenylobacterium sp041919955,GCF_041919955.1,d__Bacteria;p__Pseudomonadota;c__Alphaproteobacteria;o__Caulobacterales;f__Caulobacteraceae;g__Phenylobacterium;s__Phenylobacterium sp041919955,98.44,0,0,E07,,,,,,,,FALSE,,FALSE,Pe.F.3.H.B,Penland,dorm_sample,163.5
R022_R024.combined.E07,metabat2.5,99.72,0.05,Neural Network (Specific Model),11,0.894,597416,306.3886835,3611589,0.66,3517,9,833844,d__Bacteria;p__Pseudomonadota;c__Gammaproteobacteria;o__Burkholderiales;f__Burkholderiaceae_C;g__Ottowia;s__Ottowia sp018060485,GCA_018060485.1,d__Bacteria;p__Pseudomonadota;c__Gammaproteobacteria;o__Burkholderiales;f__Burkholderiaceae_C;g__Ottowia;s__Ottowia sp018060485,98.66,1,0,E07,,,,,,,,FALSE,,FALSE,Pe.F.3.H.B,Penland,dorm_sample,163.5
R022_R024.combined.E07,metabat2.6,100,0.22,Neural Network (Specific Model),11,0.924,3553971,321.2591944,6536578,0.66,6281,5,3553971,d__Bacteria;p__Actinomycetota;c__Actinomycetes;o__Mycobacteriales;f__Mycobacteriaceae;g__Mycobacterium;s__Mycobacterium fortuitum,GCF_022179545.1,d__Bacteria;p__Actinomycetota;c__Actinomycetes;o__Mycobacteriales;f__Mycobacteriaceae;g__Mycobacterium;s__Mycobacterium fortuitum,98.61,1,0,E07,,,,,,,,FALSE,,FALSE,Pe.F.3.H.B,Penland,dorm_sample,163.5
R022_R024.combined.E07,semibin2_15,59.47,12.03,Neural Network (Specific Model),11,0.883,30064,280.0701625,3852735,0.67,4062,148,68363,d__Bacteria;p__Pseudomonadota;c__Alphaproteobacteria;o__Caulobacterales;f__Caulobacteraceae;g__Caulobacter;s__,N/A,N/A,N/A,0,0,E07,,,,,,,,FALSE,,FALSE,Pe.F.3.H.B,Penland,dorm_sample,163.5
R022_R024.combined.E07,semibin2_2,81.83,0.17,Neural Network (Specific Model),11,0.894,108738,301.539502,3281957,0.65,3253,38,329979,d__Bacteria;p__Pseudomonadota;c__Alphaproteobacteria;o__Sphingomonadales;f__Sphingomonadaceae;g__Sphingopyxis;s__Sphingopyxis sp001468395,GCF_001468395.1,d__Bacteria;p__Pseudomonadota;c__Alphaproteobacteria;o__Sphingomonadales;f__Sphingomonadaceae;g__Sphingopyxis;s__Sphingopyxis sp001468395,97.05,0,0,E07,,,,,,,,FALSE,,FALSE,Pe.F.3.H.B,Penland,dorm_sample,163.5
R022_R024.combined.E07,semibin2_3,60.72,6.62,Neural Network (Specific Model),11,0.898,41487,308.9461453,2791840,0.64,2711,78,176086,d__Bacteria;p__Pseudomonadota;c__Alphaproteobacteria;o__Sphingomonadales;f__Sphingomonadaceae;g__Blastomonas;s__Blastomonas ursincola,GCF_013607875.1,d__Bacteria;p__Pseudomonadota;c__Alphaproteobacteria;o__Sphingomonadales;f__Sphingomonadaceae;g__Blastomonas;s__Blastomonas ursincola,98.17,0,0,E07,,,,,,,,FALSE,,FALSE,Pe.F.3.H.B,Penland,dorm_sample,163.5
R022_R024.combined.E07,semibin2_4,65.22,3.87,Neural Network (Specific Model),11,0.896,68705,302.310402,2437136,0.68,2413,45,152097,d__Bacteria;p__Pseudomonadota;c__Gammaproteobacteria;o__Xanthomonadales;f__Xanthomonadaceae;g__Pseudoxanthomonas_A;s__Pseudoxanthomonas_A mexicana,GCF_010093385.1,d__Bacteria;p__Pseudomonadota;c__Gammaproteobacteria;o__Xanthomonadales;f__Xanthomonadaceae;g__Pseudoxanthomonas_A;s__Pseudoxanthomonas_A mexicana,97,0,0,E07,,,,,,,,FALSE,,FALSE,Pe.F.3.H.B,Penland,dorm_sample,163.5
R022_R024.combined.E07,semibin2_5,44.49,1.09,Neural Network (Specific Model),11,0.871,29722,276.4650383,1979607,0.63,2088,76,84787,d__Bacteria;p__Pseudomonadota;c__Gammaproteobacteria;o__Burkholderiales;f__Burkholderiaceae_C;g__Acidovorax;s__Acidovorax temperans,GCF_006716905.1,d__Bacteria;p__Pseudomonadota;c__Gammaproteobacteria;o__Burkholderiales;f__Burkholderiaceae_C;g__Acidovorax;s__Acidovorax temperans,96.3,0,0,E07,,,,,,,,FALSE,,FALSE,Pe.F.3.H.B,Penland,dorm_sample,163.5
R022_R024.combined.F01,complete.100,100,1.5,Gradient Boost (General Model),11,0.909,3947560,329.4232673,3947560,0.46,3636,1,3947560,d__Bacteria;p__Bacteroidota;c__Bacteroidia;o__Chitinophagales;f__Chitinophagaceae;g__JAFIGV01;s__,N/A,N/A,N/A,1,1,F01,2,2,2,6,42,2,3,TRUE,u519594ctg_len-3947560,TRUE,Ea.F.3.L.C,Earl,dorm_sample,55.5
R022_R024.combined.F01,complete.101,100,0.29,Neural Network (Specific Model),11,0.907,3282061,312.5124097,3282061,0.68,3183,1,3282061,d__Bacteria;p__Pseudomonadota;c__Alphaproteobacteria;o__Sphingomonadales;f__Sphingomonadaceae;g__Sphingomonas;s__,N/A,N/A,N/A,1,1,F01,1,1,1,3,51,1,0,TRUE,u133467ctg_len-3282061,TRUE,Ea.F.3.L.C,Earl,dorm_sample,55.5
R022_R024.combined.F01,complete.102,100,0.41,Gradient Boost (General Model),11,0.894,6395634,355.3211026,6395634,0.5,5369,1,6395634,d__Bacteria;p__Bacteroidota;c__Bacteroidia;o__Cytophagales;f__Cyclobacteriaceae;g__Chryseolinea;s__,N/A,N/A,N/A,1,1,F01,2,2,2,6,45,2,1,TRUE,u176223ctg_len-6395634,TRUE,Ea.F.3.L.C,Earl,dorm_sample,55.5
R022_R024.combined.F01,complete.103,100,0.73,Neural Network (Specific Model),11,0.913,6088937,318.1264132,6088937,0.67,5838,1,6088937,d__Bacteria;p__Actinomycetota;c__Actinomycetes;o__Mycobacteriales;f__Mycobacteriaceae;g__Mycobacterium;s__Mycobacterium phocaicum,GCF_010731115.1,d__Bacteria;p__Actinomycetota;c__Actinomycetes;o__Mycobacteriales;f__Mycobacteriaceae;g__Mycobacterium;s__Mycobacterium phocaicum,95.21,1,1,F01,2,2,2,6,66,2,1,TRUE,u201687ctg_len-6088937,TRUE,Ea.F.3.L.C,Earl,dorm_sample,55.5
R022_R024.combined.F01,complete.15,100,0.31,Neural Network (Specific Model),11,0.914,3996663,329.2027538,3996663,0.67,3704,1,3996663,d__Bacteria;p__Pseudomonadota;c__Gammaproteobacteria;o__Xanthomonadales;f__Xanthomonadaceae;g__Pseudoxanthomonas_A;s__Pseudoxanthomonas_A sp047600885,GCA_047600885.1,d__Bacteria;p__Pseudomonadota;c__Gammaproteobacteria;o__Xanthomonadales;f__Xanthomonadaceae;g__Pseudoxanthomonas_A;s__Pseudoxanthomonas_A sp047600885,95.76,1,1,F01,2,2,2,6,54,1,1,TRUE,,FALSE,Ea.F.3.L.C,Earl,dorm_sample,55.5
R022_R024.combined.F01,complete.2,100,1.09,Neural Network (Specific Model),11,0.902,5778730,340.0643206,5778730,0.47,5115,1,5778730,d__Bacteria;p__Bacteroidota;c__Bacteroidia;o__B-17B0;f__Aurantibacillaceae;g__UBA4416;s__,N/A,N/A,N/A,1,1,F01,2,2,2,6,56,2,1,TRUE,,FALSE,Ea.F.3.L.C,Earl,dorm_sample,55.5
R022_R024.combined.F01,complete.51,99.96,1.12,Neural Network (Specific Model),11,0.904,4051619,335.4595114,4051619,0.38,3643,1,4051619,d__Bacteria;p__Bacteroidota;c__Bacteroidia;o__Flavobacteriales;f__Flavobacteriaceae;g__Flavobacterium;s__Flavobacterium lindanitolerans,GCF_002846575.1,d__Bacteria;p__Bacteroidota;c__Bacteroidia;o__Flavobacteriales;f__Flavobacteriaceae;g__Flavobacterium;s__Flavobacterium lindanitolerans,97.21,1,1,F01,3,3,3,9,50,3,0,TRUE,,FALSE,Ea.F.3.L.C,Earl,dorm_sample,55.5
R022_R024.combined.F01,complete.58,99.98,0.34,Neural Network (Specific Model),11,0.898,3379217,304.1486486,3379217,0.67,3330,1,3379217,d__Bacteria;p__Pseudomonadota;c__Alphaproteobacteria;o__Caulobacterales;f__Caulobacteraceae;g__Brevundimonas;s__Brevundimonas sp003938605,GCF_964210795.1,d__Bacteria;p__Pseudomonadota;c__Alphaproteobacteria;o__Caulobacterales;f__Caulobacteraceae;g__Brevundimonas;s__Brevundimonas sp003938605,99.83,1,1,F01,2,2,2,6,56,2,3,TRUE,,FALSE,Ea.F.3.L.C,Earl,dorm_sample,55.5
R022_R024.combined.F01,complete.98,100,0,Gradient Boost (General Model),11,0.926,1993286,307.6105841,1993286,0.59,2003,1,1993286,d__Bacteria;p__Pseudomonadota;c__Alphaproteobacteria;o__Rickettsiales;f__UBA3002;g__QFOX01;s__,N/A,N/A,N/A,1,1,F01,1,1,0,2,43,0,1,FALSE,u531619ctg_len-1993286,TRUE,Ea.F.3.L.C,Earl,dorm_sample,55.5
R022_R024.combined.F01,complete.99,100,0.34,Gradient Boost (General Model),11,0.908,4733648,339.917516,4733648,0.43,4219,1,4733648,d__Bacteria;p__Bacteroidota;c__Bacteroidia;o__Chitinophagales;f__Chitinophagaceae;g__CADEDV01;s__,N/A,N/A,N/A,1,1,F01,1,1,1,3,49,1,0,TRUE,u379729ctg_len-4733648,TRUE,Ea.F.3.L.C,Earl,dorm_sample,55.5
R022_R024.combined.F01,metabat2.100,97.28,0.34,Gradient Boost (General Model),11,0.909,2840022,326.6334541,5352102,0.42,4968,3,2840022,d__Bacteria;p__Acidobacteriota;c__Blastocatellia;o__Pyrinomonadales;f__Pyrinomonadaceae;g__JAIBCC01;s__,N/A,N/A,N/A,1,0,F01,,,,,,,,FALSE,,FALSE,Ea.F.3.L.C,Earl,dorm_sample,55.5
R022_R024.combined.F01,metabat2.103,99.99,0.2,Neural Network (Specific Model),11,0.923,1008278,322.1536313,4115281,0.58,3938,6,1564910,d__Bacteria;p__Armatimonadota;c__Fimbriimonadia;o__Fimbriimonadales;f__Fimbriimonadaceae;g__55-13;s__,N/A,N/A,N/A,1,0,F01,,,,,,,,FALSE,,FALSE,Ea.F.3.L.C,Earl,dorm_sample,55.5
R022_R024.combined.F01,metabat2.107,66.18,8.93,Neural Network (Specific Model),11,0.883,91345,293.5734737,4729661,0.66,4750,60,346095,d__Bacteria;p__Pseudomonadota;c__Alphaproteobacteria;o__Rhizobiales;f__Beijerinckiaceae;g__Allobosea;s__Allobosea eneae,GCF_042657265.1,d__Bacteria;p__Pseudomonadota;c__Alphaproteobacteria;o__Rhizobiales;f__Beijerinckiaceae;g__Allobosea;s__Allobosea eneae,97.23,0,0,F01,,,,,,,,FALSE,u23133ctg_len-254563,TRUE,Ea.F.3.L.C,Earl,dorm_sample,55.5
R022_R024.combined.F01,metabat2.111_sub,89.05,58.38,Neural Network (Specific Model),11,0.892,448935,305.6851895,8828798,0.66,8602,42,1222395,d__Bacteria;p__Pseudomonadota;c__Gammaproteobacteria;o__Burkholderiales;f__Burkholderiaceae_C;g__Ottowia;s__Ottowia sp018060485,GCA_018060485.1,d__Bacteria;p__Pseudomonadota;c__Gammaproteobacteria;o__Burkholderiales;f__Burkholderiaceae_C;g__Ottowia;s__Ottowia sp018060485,98.75,0,0,F01,,,,,,,,FALSE,,FALSE,Ea.F.3.L.C,Earl,dorm_sample,55.5
R022_R024.combined.F01,metabat2.112,55.31,0.89,Gradient Boost (General Model),11,0.892,54770,297.0483271,2412226,0.64,2421,47,99643,d__Bacteria;p__Pseudomonadota;c__Alphaproteobacteria;o__Rhizobiales;f__Aestuariivirgaceae;g__Taklimakanibacter;s__,N/A,N/A,N/A,0,0,F01,,,,,,,,FALSE,,FALSE,Ea.F.3.L.C,Earl,dorm_sample,55.5
R022_R024.combined.F01,metabat2.120,84.22,7.66,Neural Network (Specific Model),11,0.9,245761,311.2281445,4156277,0.64,4015,22,1253629,d__Bacteria;p__Pseudomonadota;c__Alphaproteobacteria;o__Sphingomonadales;f__Sphingomonadaceae;g__Sphingopyxis;s__,N/A,N/A,N/A,0,0,F01,,,,,,,,FALSE,,FALSE,Ea.F.3.L.C,Earl,dorm_sample,55.5
R022_R024.combined.F01,metabat2.124,99.82,0.11,Neural Network (Specific Model),11,0.916,2447072,308.6039894,3437119,0.68,3409,4,2447072,d__Bacteria;p__Pseudomonadota;c__Alphaproteobacteria;o__Sphingomonadales;f__Sphingomonadaceae;g__Allosphingosinicella;s__,N/A,N/A,N/A,1,0,F01,,,,,,,,FALSE,,FALSE,Ea.F.3.L.C,Earl,dorm_sample,55.5
R022_R024.combined.F01,metabat2.129,100,1,Neural Network (Specific Model),11,0.89,3080619,305.2207307,6042407,0.66,5885,4,3080619,d__Bacteria;p__Pseudomonadota;c__Alphaproteobacteria;o__Rhizobiales;f__Beijerinckiaceae;g__Allobosea;s__Allobosea eneae,GCF_042657265.1,d__Bacteria;p__Pseudomonadota;c__Alphaproteobacteria;o__Rhizobiales;f__Beijerinckiaceae;g__Allobosea;s__Allobosea eneae,96.49,1,0,F01,,,,,,,,FALSE,,FALSE,Ea.F.3.L.C,Earl,dorm_sample,55.5
R022_R024.combined.F01,metabat2.131,100,0.33,Neural Network (Specific Model),11,0.912,2100957,310.8361926,3688875,0.68,3614,2,2100957,d__Bacteria;p__Pseudomonadota;c__Alphaproteobacteria;o__Caulobacterales;f__Caulobacteraceae;g__Brevundimonas;s__,N/A,N/A,N/A,1,0,F01,,,,,,,,FALSE,,FALSE,Ea.F.3.L.C,Earl,dorm_sample,55.5
R022_R024.combined.F01,metabat2.133,99.98,0.58,Neural Network (Specific Model),11,0.899,4283902,327.8911081,5688633,0.67,5207,2,4283902,d__Bacteria;p__Pseudomonadota;c__Alphaproteobacteria;o__Caulobacterales;f__Caulobacteraceae;g__Caulobacter;s__,N/A,N/A,N/A,1,0,F01,,,,,,,,FALSE,,FALSE,Ea.F.3.L.C,Earl,dorm_sample,55.5
R022_R024.combined.F01,metabat2.138,87.85,0.01,Neural Network (Specific Model),11,0.911,250808,308.1855618,3985792,0.67,3934,26,781865,d__Bacteria;p__Pseudomonadota;c__Alphaproteobacteria;o__Sphingomonadales;f__Sphingomonadaceae;g__Sphingobium_A;s__,N/A,N/A,N/A,0,0,F01,,,,,,,,FALSE,,FALSE,Ea.F.3.L.C,Earl,dorm_sample,55.5
R022_R024.combined.F01,metabat2.157,100,2.65,Neural Network (Specific Model),11,0.903,1360678,334.531033,5276137,0.65,4753,5,1893503,d__Bacteria;p__Pseudomonadota;c__Gammaproteobacteria;o__Burkholderiales;f__Burkholderiaceae_C;g__Aquabacterium;s__Aquabacterium sp937923225,GCA_937923225.1,d__Bacteria;p__Pseudomonadota;c__Gammaproteobacteria;o__Burkholderiales;f__Burkholderiaceae_C;g__Aquabacterium;s__Aquabacterium sp937923225,97.47,1,0,F01,,,,,,,,FALSE,,FALSE,Ea.F.3.L.C,Earl,dorm_sample,55.5
R022_R024.combined.F01,metabat2.175,100,0.06,Neural Network (Specific Model),11,0.902,2597230,332.021299,4192284,0.67,3803,2,2597230,d__Bacteria;p__Pseudomonadota;c__Gammaproteobacteria;o__Xanthomonadales;f__Xanthomonadaceae;g__Pseudoxanthomonas_A;s__,N/A,N/A,N/A,1,0,F01,,,,,,,,FALSE,,FALSE,Ea.F.3.L.C,Earl,dorm_sample,55.5
R022_R024.combined.F01,metabat2.26_sub,17.75,0.53,Neural Network (Specific Model),11,0.915,54815,337.6148148,894289,0.69,810,17,98453,d__Bacteria;p__Acidobacteriota;c__Vicinamibacteria;o__Vicinamibacterales;f__UBA2999;g__CADEFD01;s__,N/A,N/A,N/A,0,0,F01,,,,,,,,FALSE,,FALSE,Ea.F.3.L.C,Earl,dorm_sample,55.5
R022_R024.combined.F01,metabat2.30,79.49,14.78,Neural Network (Specific Model),11,0.91,155794,308.9968023,3495854,0.65,3440,35,442953,d__Bacteria;p__Pseudomonadota;c__Alphaproteobacteria;o__Sphingomonadales;f__Sphingomonadaceae;g__Sphingopyxis;s__,N/A,N/A,N/A,0,0,F01,,,,,,,,FALSE,,FALSE,Ea.F.3.L.C,Earl,dorm_sample,55.5
R022_R024.combined.F01,metabat2.31,83.9,2.09,Neural Network (Specific Model),11,0.944,292866,322.5966062,2650338,0.69,2593,17,461155,d__Bacteria;p__Pseudomonadota;c__Alphaproteobacteria;o__Sphingomonadales;f__Sphingomonadaceae;g__Sphingomonas;s__,N/A,N/A,N/A,0,0,F01,,,,,,,,FALSE,,FALSE,Ea.F.3.L.C,Earl,dorm_sample,55.5
R022_R024.combined.F01,metabat2.32,69.3,0.1,Neural Network (Specific Model),11,0.871,487366,303.6857849,4225791,0.64,4045,17,809130,d__Bacteria;p__Pseudomonadota;c__Alphaproteobacteria;o__Rhizobiales;f__Xanthobacteraceae;g__Bradyrhizobium;s__,N/A,N/A,N/A,0,0,F01,,,,,,,,FALSE,,FALSE,Ea.F.3.L.C,Earl,dorm_sample,55.5
R022_R024.combined.F01,metabat2.34,99.99,0.77,Neural Network (Specific Model),11,0.918,3790816,327.9888281,4502258,0.65,4207,2,3790816,d__Bacteria;p__Pseudomonadota;c__Alphaproteobacteria;o__Sphingomonadales;f__Sphingomonadaceae;g__Sphingopyxis;s__,N/A,N/A,N/A,1,0,F01,,,,,,,,FALSE,,FALSE,Ea.F.3.L.C,Earl,dorm_sample,55.5
R022_R024.combined.F01,metabat2.36,99.93,0.56,Neural Network (Specific Model),11,0.9,2071313,317.5362319,3646560,0.66,3450,3,2071313,d__Bacteria;p__Pseudomonadota;c__Alphaproteobacteria;o__Sphingomonadales;f__Sphingomonadaceae;g__Sphingopyxis;s__,N/A,N/A,N/A,1,0,F01,,,,,,,,FALSE,,FALSE,Ea.F.3.L.C,Earl,dorm_sample,55.5
R022_R024.combined.F01,metabat2.55,90.6,1.35,Gradient Boost (General Model),11,0.896,146807,322.8240187,4150253,0.44,3847,38,337061,d__Bacteria;p__Acidobacteriota;c__Blastocatellia;o__Pyrinomonadales;f__Pyrinomonadaceae;g__;s__,N/A,N/A,N/A,0,0,F01,,,,,,,,FALSE,,FALSE,Ea.F.3.L.C,Earl,dorm_sample,55.5
R022_R024.combined.F01,metabat2.58,87.27,23.1,Gradient Boost (General Model),11,0.882,86042,294.9123364,5048331,0.63,5042,67,276528,d__Bacteria;p__Pseudomonadota;c__Alphaproteobacteria;o__Caulobacterales;f__Hyphomonadaceae;g__UBA7672;s__,N/A,N/A,N/A,0,0,F01,,,,,,,,FALSE,,FALSE,Ea.F.3.L.C,Earl,dorm_sample,55.5
R022_R024.combined.F01,metabat2.63_sub,100,12.2,Neural Network (Specific Model),11,0.916,1141005,326.9140165,5446180,0.67,5094,10,2053173,d__Bacteria;p__Pseudomonadota;c__Alphaproteobacteria;o__Sphingomonadales;f__Sphingomonadaceae;g__Sphingomonas;s__,N/A,N/A,N/A,0,0,F01,,,,,,,,FALSE,u471431ctg_len-38567,TRUE,Ea.F.3.L.C,Earl,dorm_sample,55.5
R022_R024.combined.F01,metabat2.64,97.59,0.37,Neural Network (Specific Model),11,0.917,3273720,307.6681896,3515468,0.68,3502,2,3273720,d__Bacteria;p__Pseudomonadota;c__Alphaproteobacteria;o__Caulobacterales;f__Caulobacteraceae;g__Phenylobacterium;s__,N/A,N/A,N/A,1,0,F01,,,,,,,,FALSE,,FALSE,Ea.F.3.L.C,Earl,dorm_sample,55.5
R022_R024.combined.F01,metabat2.67,95.08,2.25,Gradient Boost (General Model),11,0.878,321449,348.1146388,6250151,0.43,5260,34,922734,d__Bacteria;p__Bacteroidota;c__Bacteroidia;o__Chitinophagales;f__Chitinophagaceae;g__Agriterribacter;s__,N/A,N/A,N/A,0,0,F01,,,,,,,,FALSE,,FALSE,Ea.F.3.L.C,Earl,dorm_sample,55.5
R022_R024.combined.F01,metabat2.75,83.92,0.14,Gradient Boost (General Model),11,0.882,244096,308.5003439,3046987,0.63,2908,18,514004,d__Bacteria;p__Pseudomonadota;c__Alphaproteobacteria;o__Rhizobiales;f__Hyphomicrobiaceae;g__JAKAXS01;s__JAKAXS01 sp021816505,GCA_021816505.1,d__Bacteria;p__Pseudomonadota;c__Alphaproteobacteria;o__Rhizobiales;f__Hyphomicrobiaceae;g__JAKAXS01;s__JAKAXS01 sp021816505,99.86,0,0,F01,,,,,,,,FALSE,,FALSE,Ea.F.3.L.C,Earl,dorm_sample,55.5
R022_R024.combined.F01,metabat2.77,99.99,0.24,Neural Network (Specific Model),11,0.899,633202,370.2223704,8330846,0.47,6750,23,1548791,d__Bacteria;p__Bacteroidota;c__Bacteroidia;o__Chitinophagales;f__Chitinophagaceae;g__Paraflavitalea;s__,N/A,N/A,N/A,0,0,F01,,,,,,,,FALSE,,FALSE,Ea.F.3.L.C,Earl,dorm_sample,55.5
R022_R024.combined.F01,metabat2.78,100,0.25,Neural Network (Specific Model),11,0.845,2804398,296.9467312,7821771,0.63,7434,3,3877100,d__Bacteria;p__Pseudomonadota;c__Alphaproteobacteria;o__Rhizobiales;f__Xanthobacteraceae;g__Bradyrhizobium;s__Bradyrhizobium sp023387735,GCA_023387735.1,d__Bacteria;p__Pseudomonadota;c__Alphaproteobacteria;o__Rhizobiales;f__Xanthobacteraceae;g__Bradyrhizobium;s__Bradyrhizobium sp023387735,96.82,1,0,F01,,,,,,,,FALSE,,FALSE,Ea.F.3.L.C,Earl,dorm_sample,55.5
R022_R024.combined.F01,metabat2.79,99.99,0.92,Neural Network (Specific Model),11,0.903,4014462,314.8513206,4587941,0.65,4392,2,4014462,d__Bacteria;p__Pseudomonadota;c__Alphaproteobacteria;o__Sphingomonadales;f__Sphingomonadaceae;g__Sphingopyxis;s__Sphingopyxis sp001468395,GCF_001468395.1,d__Bacteria;p__Pseudomonadota;c__Alphaproteobacteria;o__Sphingomonadales;f__Sphingomonadaceae;g__Sphingopyxis;s__Sphingopyxis sp001468395,96.86,1,0,F01,,,,,,,,FALSE,,FALSE,Ea.F.3.L.C,Earl,dorm_sample,55.5
R022_R024.combined.F01,metabat2.80,99.99,8.03,Neural Network (Specific Model),11,0.905,3030648,304.2113655,4926848,0.69,4892,7,3030648,d__Bacteria;p__Pseudomonadota;c__Alphaproteobacteria;o__Caulobacterales;f__Caulobacteraceae;g__Phenylobacterium;s__Phenylobacterium sp018240795,GCF_027286305.1,d__Bacteria;p__Pseudomonadota;c__Alphaproteobacteria;o__Caulobacterales;f__Caulobacteraceae;g__Phenylobacterium;s__Phenylobacterium sp018240795,99.23,0,0,F01,,,,,,,,FALSE,u721843ctg_len-182809,TRUE,Ea.F.3.L.C,Earl,dorm_sample,55.5
R022_R024.combined.F01,metabat2.81,99.95,0.27,Neural Network (Specific Model),11,0.904,3686484,318.292815,4284248,0.64,4064,2,3686484,d__Bacteria;p__Pseudomonadota;c__Alphaproteobacteria;o__Sphingomonadales;f__Sphingomonadaceae;g__Blastomonas;s__Blastomonas ursincola,GCF_013607875.1,d__Bacteria;p__Pseudomonadota;c__Alphaproteobacteria;o__Sphingomonadales;f__Sphingomonadaceae;g__Blastomonas;s__Blastomonas ursincola,98.11,1,0,F01,,,,,,,,FALSE,,FALSE,Ea.F.3.L.C,Earl,dorm_sample,55.5
R022_R024.combined.F01,metabat2.85,100,0.06,Neural Network (Specific Model),11,0.916,3934930,317.3470175,4571220,0.65,4409,2,3934930,d__Bacteria;p__Pseudomonadota;c__Alphaproteobacteria;o__Sphingomonadales;f__Sphingomonadaceae;g__Sphingopyxis;s__,N/A,N/A,N/A,1,0,F01,,,,,,,,FALSE,,FALSE,Ea.F.3.L.C,Earl,dorm_sample,55.5
R022_R024.combined.F01,metabat2.89,66.76,14.67,Neural Network (Specific Model),11,0.895,50789,293.9959689,3412531,0.7,3473,64,146969,d__Bacteria;p__Pseudomonadota;c__Alphaproteobacteria;o__Caulobacterales;f__Caulobacteraceae;g__Phenylobacterium;s__,N/A,N/A,N/A,0,0,F01,,,,,,,,FALSE,,FALSE,Ea.F.3.L.C,Earl,dorm_sample,55.5
R022_R024.combined.F01,semibin2_102,36.19,0.64,Neural Network (Specific Model),11,0.897,23055,279.3992696,1528733,0.68,1643,72,44914,d__Bacteria;p__Actinomycetota;c__Actinomycetes;o__Actinomycetales;f__Microbacteriaceae;g__Microbacterium;s__Microbacterium oxydans,GCF_006540085.1,d__Bacteria;p__Actinomycetota;c__Actinomycetes;o__Actinomycetales;f__Microbacteriaceae;g__Microbacterium;s__Microbacterium oxydans,96.81,0,0,F01,,,,,,,,FALSE,,FALSE,Ea.F.3.L.C,Earl,dorm_sample,55.5
R022_R024.combined.F01,semibin2_12,100,0.49,Neural Network (Specific Model),11,0.903,727798,326.9427951,4495587,0.67,4143,8,937521,d__Bacteria;p__Pseudomonadota;c__Gammaproteobacteria;o__Xanthomonadales;f__Xanthomonadaceae;g__Pseudoxanthomonas_A;s__Pseudoxanthomonas_A japonensis,GCF_010093445.1,d__Bacteria;p__Pseudomonadota;c__Gammaproteobacteria;o__Xanthomonadales;f__Xanthomonadaceae;g__Pseudoxanthomonas_A;s__Pseudoxanthomonas_A japonensis,96.66,1,0,F01,,,,,,,,FALSE,,FALSE,Ea.F.3.L.C,Earl,dorm_sample,55.5
R022_R024.combined.F01,semibin2_13,99.99,0.44,Neural Network (Specific Model),11,0.905,4372248,359.7147308,5354118,0.48,4494,3,4372248,d__Bacteria;p__Bacteroidota;c__Bacteroidia;o__B-17B0;f__Aurantibacillaceae;g__UBA4416;s__,N/A,N/A,N/A,1,0,F01,,,,,,,,FALSE,,FALSE,Ea.F.3.L.C,Earl,dorm_sample,55.5
R022_R024.combined.F01,semibin2_133,49.58,4.21,Gradient Boost (General Model),11,0.845,26652,322.0965241,4267225,0.62,3740,177,251556,d__Bacteria;p__Planctomycetota;c__Planctomycetia;o__Pirellulales;f__Lacipirellulaceae;g__Lacipirellula;s__,N/A,N/A,N/A,0,0,F01,,,,,,,,FALSE,,FALSE,Ea.F.3.L.C,Earl,dorm_sample,55.5
R022_R024.combined.F01,semibin2_175_sub,38.56,2.62,Neural Network (Specific Model),11,0.868,28130,277.4078323,2419286,0.7,2528,90,77262,d__Bacteria;p__Pseudomonadota;c__Alphaproteobacteria;o__Caulobacterales;f__Caulobacteraceae;g__Phenylobacterium;s__,N/A,N/A,N/A,0,0,F01,,,,,,,,FALSE,,FALSE,Ea.F.3.L.C,Earl,dorm_sample,55.5
R022_R024.combined.F01,semibin2_176,51.15,7.6,Neural Network (Specific Model),11,0.905,26806,296.2841251,4227550,0.69,4315,186,108687,d__Bacteria;p__Pseudomonadota;c__Gammaproteobacteria;o__Burkholderiales;f__Burkholderiaceae_C;g__Pseudorhodoferax;s__,N/A,N/A,N/A,0,0,F01,,,,,,,,FALSE,,FALSE,Ea.F.3.L.C,Earl,dorm_sample,55.5
R022_R024.combined.F01,semibin2_177_sub,39.1,7.03,Gradient Boost (General Model),11,0.902,22563,310.5530077,3458151,0.43,3358,159,116484,d__Bacteria;p__Bacteroidota;c__Bacteroidia;o__Chitinophagales;f__;g__;s__,N/A,N/A,N/A,0,0,F01,,,,,,,,FALSE,,FALSE,Ea.F.3.L.C,Earl,dorm_sample,55.5
R022_R024.combined.F01,semibin2_178_sub,32.05,4.4,Neural Network (Specific Model),11,0.885,23328,276.7032815,2705461,0.42,2895,120,130929,d__Bacteria;p__Bacteroidota;c__Bacteroidia;o__Cytophagales;f__Cytophagaceae;g__Cytophaga;s__,N/A,N/A,N/A,0,0,F01,,,,,,,,FALSE,,FALSE,Ea.F.3.L.C,Earl,dorm_sample,55.5
R022_R024.combined.F01,semibin2_179,24.08,2.8,Neural Network (Specific Model),11,0.863,29346,264.966531,2028876,0.66,2211,79,83733,Unclassified Bacteria,N/A,N/A,N/A,0,0,F01,,,,,,,,FALSE,,FALSE,Ea.F.3.L.C,Earl,dorm_sample,55.5
R022_R024.combined.F01,semibin2_18,96.66,0.5,Gradient Boost (General Model),11,0.886,1470002,348.8176944,5724924,0.54,4849,9,1564775,d__Bacteria;p__Acidobacteriota;c__Blastocatellia;o__Pyrinomonadales;f__Pyrinomonadaceae;g__;s__,N/A,N/A,N/A,1,0,F01,,,,,,,,FALSE,,FALSE,Ea.F.3.L.C,Earl,dorm_sample,55.5
R022_R024.combined.F01,semibin2_182_sub,19.44,0.63,Neural Network (Specific Model),11,0.883,48379,290.8325527,842096,0.66,854,20,178051,d__Bacteria;p__Pseudomonadota;c__Gammaproteobacteria;o__Burkholderiales;f__Burkholderiaceae_C;g__Ottowia;s__Ottowia sp018060485,GCA_018060485.1,d__Bacteria;p__Pseudomonadota;c__Gammaproteobacteria;o__Burkholderiales;f__Burkholderiaceae_C;g__Ottowia;s__Ottowia sp018060485,98.5,0,0,F01,,,,,,,,FALSE,,FALSE,Ea.F.3.L.C,Earl,dorm_sample,55.5
R022_R024.combined.F01,semibin2_184,78.04,29.8,Gradient Boost (General Model),11,0.916,28739,336.3109855,6798593,0.7,6190,254,127833,d__Bacteria;p__Acidobacteriota;c__Vicinamibacteria;o__Vicinamibacterales;f__UBA2999;g__;s__,N/A,N/A,N/A,0,0,F01,,,,,,,,FALSE,,FALSE,Ea.F.3.L.C,Earl,dorm_sample,55.5
R022_R024.combined.F01,semibin2_186_sub,52.37,10.72,Neural Network (Specific Model),11,0.887,22384,286.6405009,3166285,0.68,3274,154,62351,d__Bacteria;p__Pseudomonadota;c__Alphaproteobacteria;o__Caulobacterales;f__Caulobacteraceae;g__Phenylobacterium;s__,N/A,N/A,N/A,0,0,F01,,,,,,,,FALSE,,FALSE,Ea.F.3.L.C,Earl,dorm_sample,55.5
R022_R024.combined.F01,semibin2_19,91.76,0.14,Gradient Boost (General Model),11,0.883,405371,282.5227423,1454505,0.61,1517,8,421313,d__Bacteria;p__Pseudomonadota;c__Alphaproteobacteria;o__UBA2136;f__UBA6156;g__UBA6156;s__,N/A,N/A,N/A,1,0,F01,,,,,,,,FALSE,,FALSE,Ea.F.3.L.C,Earl,dorm_sample,55.5
R022_R024.combined.F01,semibin2_190_sub,62.47,27.84,Gradient Boost (General Model),11,0.883,26772,284.8533718,9025439,0.64,9357,371,146454,d__Bacteria;p__Pseudomonadota;c__Alphaproteobacteria;o__Sphingomonadales;f__Sphingomonadaceae;g__JAFAFE01;s__,N/A,N/A,N/A,0,0,F01,,,,,,,,FALSE,u223194ctg_len-146454,TRUE,Ea.F.3.L.C,Earl,dorm_sample,55.5
R022_R024.combined.F01,semibin2_191_sub,13.4,0.08,Neural Network (Specific Model),11,0.878,24588,280.3077994,686135,0.63,718,27,98518,d__Bacteria;p__Pseudomonadota;c__Alphaproteobacteria;o__Caulobacterales;f__Hyphomonadaceae;g__UBA7672;s__,N/A,N/A,N/A,0,0,F01,,,,,,,,FALSE,,FALSE,Ea.F.3.L.C,Earl,dorm_sample,55.5
R022_R024.combined.F01,semibin2_195_sub,53.64,15.09,Gradient Boost (General Model),11,0.879,19450,273.8417692,8019775,0.62,8614,446,205803,d__Bacteria;p__Pseudomonadota;c__Alphaproteobacteria;o__;f__;g__;s__,N/A,N/A,N/A,0,0,F01,,,,,,,,FALSE,u375024ctg_len-205803;u382778ctg_len-61604,TRUE,Ea.F.3.L.C,Earl,dorm_sample,55.5
R022_R024.combined.F01,semibin2_20,97.33,0.01,Gradient Boost (General Model),11,0.898,3685272,335.5768745,4435030,0.47,3961,3,3685272,d__Bacteria;p__Acidobacteriota;c__Blastocatellia;o__Pyrinomonadales;f__Pyrinomonadaceae;g__GCA-002050365;s__,N/A,N/A,N/A,1,0,F01,,,,,,,,FALSE,,FALSE,Ea.F.3.L.C,Earl,dorm_sample,55.5
R022_R024.combined.F01,semibin2_23,92.93,0.92,Gradient Boost (General Model),11,0.884,73925,308.1485518,3640111,0.63,3487,60,234459,d__Bacteria;p__Pseudomonadota;c__Gammaproteobacteria;o__Burkholderiales;f__Burkholderiaceae;g__Imbroritus;s__Imbroritus sp035539795,GCA_035539795.1,d__Bacteria;p__Pseudomonadota;c__Gammaproteobacteria;o__Burkholderiales;f__Burkholderiaceae;g__Imbroritus;s__Imbroritus sp035539795,98.52,0,0,F01,,,,,,,,FALSE,,FALSE,Ea.F.3.L.C,Earl,dorm_sample,55.5
R022_R024.combined.F01,semibin2_24,91.84,3,Gradient Boost (General Model),11,0.923,65532,320.6560996,3671304,0.49,3533,71,251946,d__Bacteria;p__Bdellovibrionota;c__FAC87;o__UBA2466;f__UBA2466;g__JALHPX01;s__,N/A,N/A,N/A,0,0,F01,,,,,,,,FALSE,,FALSE,Ea.F.3.L.C,Earl,dorm_sample,55.5
R022_R024.combined.F01,semibin2_25,99.19,0.45,Gradient Boost (General Model),11,0.933,575848,310.7275704,3043238,0.71,3054,6,1267076,d__Bacteria;p__Actinomycetota;c__Actinomycetes;o__Actinomycetales;f__Microbacteriaceae;g__Pseudolysinimonas_A;s__,N/A,N/A,N/A,1,0,F01,,,,,,,,FALSE,,FALSE,Ea.F.3.L.C,Earl,dorm_sample,55.5
R022_R024.combined.F01,semibin2_26,97.25,0.35,Neural Network (Specific Model),11,0.849,1039938,353.0951288,7060260,0.58,5666,17,1333036,d__Bacteria;p__Planctomycetota;c__Planctomycetia;o__Pirellulales;f__JALHPA01;g__JANRLT01;s__,N/A,N/A,N/A,1,0,F01,,,,,,,,FALSE,,FALSE,Ea.F.3.L.C,Earl,dorm_sample,55.5
R022_R024.combined.F01,semibin2_28,97.57,0.98,Gradient Boost (General Model),11,0.902,318496,380.8166634,6438301,0.64,5089,38,823050,d__Bacteria;p__Verrucomicrobiota;c__Verrucomicrobiia;o__Verrucomicrobiales;f__Verrucomicrobiaceae;g__Prosthecobacter;s__,N/A,N/A,N/A,0,0,F01,,,,,,,,FALSE,,FALSE,Ea.F.3.L.C,Earl,dorm_sample,55.5
R022_R024.combined.F01,semibin2_29,89.31,1.47,Neural Network (Specific Model),11,0.918,2421935,319.7681307,4085505,0.66,3916,3,2421935,d__Bacteria;p__Pseudomonadota;c__Alphaproteobacteria;o__Sphingomonadales;f__Sphingomonadaceae;g__Sphingomonas;s__Sphingomonas koreensis,GCF_002797435.1,d__Bacteria;p__Pseudomonadota;c__Alphaproteobacteria;o__Sphingomonadales;f__Sphingomonadaceae;g__Sphingomonas;s__Sphingomonas koreensis,98.22,0,0,F01,,,,,,,,FALSE,,FALSE,Ea.F.3.L.C,Earl,dorm_sample,55.5
R022_R024.combined.F01,semibin2_30,79.54,0.18,Neural Network (Specific Model),11,0.928,122742,351.4754373,4733524,0.44,4173,58,280291,d__Bacteria;p__Bacteroidota;c__Bacteroidia;o__Sphingobacteriales;f__Sphingobacteriaceae;g__Pedobacter;s__,N/A,N/A,N/A,0,0,F01,,,,,,,,FALSE,,FALSE,Ea.F.3.L.C,Earl,dorm_sample,55.5
R022_R024.combined.F01,semibin2_32,94.18,2.26,Gradient Boost (General Model),11,0.91,115978,398.0518408,9681003,0.67,7388,122,393905,d__Bacteria;p__Acidobacteriota;c__Vicinamibacteria;o__Vicinamibacterales;f__Vicinamibacteraceae;g__;s__,N/A,N/A,N/A,0,0,F01,,,,,,,,FALSE,,FALSE,Ea.F.3.L.C,Earl,dorm_sample,55.5
R022_R024.combined.F01,semibin2_34,90.7,0.22,Gradient Boost (General Model),11,0.897,91511,345.7007446,4032889,0.44,3492,61,279825,d__Bacteria;p__Bacteroidota;c__Bacteroidia;o__Chitinophagales;f__LD1;g__Bog-950;s__Bog-950 sp018267435,GCA_018267435.1,d__Bacteria;p__Bacteroidota;c__Bacteroidia;o__Chitinophagales;f__LD1;g__Bog-950;s__Bog-950 sp018267435,95.95,0,0,F01,,,,,,,,FALSE,,FALSE,Ea.F.3.L.C,Earl,dorm_sample,55.5
R022_R024.combined.F01,semibin2_35,92.64,1.72,Gradient Boost (General Model),11,0.91,173726,329.0015483,4891094,0.51,4521,47,441574,d__Bacteria;p__Cyanobacteriota;c__Vampirovibrionia;o__Obscuribacterales;f__Obscuribacteraceae;g__JAFKGK01;s__JAFKGK01 sp017307165,GCA_017307165.1,d__Bacteria;p__Cyanobacteriota;c__Vampirovibrionia;o__Obscuribacterales;f__Obscuribacteraceae;g__JAFKGK01;s__JAFKGK01 sp017307165,95.03,0,0,F01,,,,,,,,FALSE,,FALSE,Ea.F.3.L.C,Earl,dorm_sample,55.5
R022_R024.combined.F01,semibin2_36,85.78,0.08,Neural Network (Specific Model),11,0.913,77278,358.9138265,6077397,0.48,5164,113,232282,d__Bacteria;p__Bacteroidota;c__Bacteroidia;o__Chitinophagales;f__Chitinophagaceae;g__Pseudobacter;s__,N/A,N/A,N/A,0,0,F01,,,,,,,,FALSE,,FALSE,Ea.F.3.L.C,Earl,dorm_sample,55.5
R022_R024.combined.F01,semibin2_37,84.18,0.16,Gradient Boost (General Model),11,0.924,66991,321.9625073,3561825,0.47,3414,70,155314,d__Bacteria;p__Bacteroidota;c__Bacteroidia;o__Cytophagales;f__Cyclobacteriaceae;g__UBA2336;s__,N/A,N/A,N/A,0,0,F01,,,,,,,,FALSE,,FALSE,Ea.F.3.L.C,Earl,dorm_sample,55.5
R022_R024.combined.F01,semibin2_38,87.89,1.67,Neural Network (Specific Model),11,0.904,84036,306.4540914,2641125,0.65,2603,37,274986,d__Bacteria;p__Pseudomonadota;c__Alphaproteobacteria;o__Sphingomonadales;f__Sphingomonadaceae;g__Qipengyuania;s__,N/A,N/A,N/A,0,0,F01,,,,,,,,FALSE,,FALSE,Ea.F.3.L.C,Earl,dorm_sample,55.5
R022_R024.combined.F01,semibin2_39,90.82,1,Gradient Boost (General Model),11,0.927,57431,297.5080722,3029189,0.57,3159,71,192455,d__Bacteria;p__Bdellovibrionota;c__Bacteriovoracia;o__Bacteriovoracales;f__Bacteriovoracaceae;g__UBA6144;s__,N/A,N/A,N/A,0,0,F01,,,,,,,,FALSE,,FALSE,Ea.F.3.L.C,Earl,dorm_sample,55.5
R022_R024.combined.F01,semibin2_4,100,1.19,Neural Network (Specific Model),11,0.915,1901938,329.1518174,4858674,0.65,4512,3,2414321,d__Bacteria;p__Pseudomonadota;c__Alphaproteobacteria;o__Sphingomonadales;f__Sphingomonadaceae;g__Sphingopyxis;s__,N/A,N/A,N/A,1,0,F01,,,,,,,,FALSE,,FALSE,Ea.F.3.L.C,Earl,dorm_sample,55.5
R022_R024.combined.F01,semibin2_41,93.52,0.08,Neural Network (Specific Model),11,0.923,281588,308.579131,3154077,0.43,3153,16,688967,d__Bacteria;p__Bdellovibrionota;c__Bdellovibrionia;o__Bdellovibrionales;f__UBA1609;g__CAYHVK01;s__,N/A,N/A,N/A,1,0,F01,,,,,,,,FALSE,,FALSE,Ea.F.3.L.C,Earl,dorm_sample,55.5
R022_R024.combined.F01,semibin2_42,92.46,0.38,Gradient Boost (General Model),11,0.908,109927,344.6917955,5291098,0.44,4656,63,288089,d__Bacteria;p__Bacteroidota;c__Bacteroidia;o__Chitinophagales;f__Chitinophagaceae;g__Flavitalea;s__,N/A,N/A,N/A,0,0,F01,,,,,,,,FALSE,,FALSE,Ea.F.3.L.C,Earl,dorm_sample,55.5
R022_R024.combined.F01,semibin2_44,85.81,0.96,Gradient Boost (General Model),11,0.922,53468,326.8093602,2470824,0.37,2329,56,147372,d__Bacteria;p__Bacteroidota;c__Bacteroidia;o__UBA8524;f__UBA8524;g__;s__,N/A,N/A,N/A,0,0,F01,,,,,,,,FALSE,,FALSE,Ea.F.3.L.C,Earl,dorm_sample,55.5
R022_R024.combined.F01,semibin2_45_sub,74.69,2.05,Neural Network (Specific Model),11,0.91,111352,306.9764574,2700256,0.65,2676,33,307652,d__Bacteria;p__Pseudomonadota;c__Alphaproteobacteria;o__Sphingomonadales;f__Sphingomonadaceae;g__Sphingobium_A;s__,N/A,N/A,N/A,0,0,F01,,,,,,,,FALSE,,FALSE,Ea.F.3.L.C,Earl,dorm_sample,55.5
R022_R024.combined.F01,semibin2_46,84.6,0.46,Gradient Boost (General Model),11,0.923,91016,303.3895613,3898318,0.74,3966,53,293213,d__Bacteria;p__Actinomycetota;c__Acidimicrobiia;o__Acidimicrobiales;f__JACDCH01;g__JACDCH01;s__,N/A,N/A,N/A,0,0,F01,,,,,,,,FALSE,,FALSE,Ea.F.3.L.C,Earl,dorm_sample,55.5
R022_R024.combined.F01,semibin2_48,80.94,0.75,Gradient Boost (General Model),11,0.883,44763,303.61841,4916428,0.59,4780,127,167568,d__Bacteria;p__Chloroflexota;c__Anaerolineae;o__Aggregatilineales;f__Phototrophicaceae;g__Flexifilum;s__,N/A,N/A,N/A,0,0,F01,,,,,,,,FALSE,,FALSE,Ea.F.3.L.C,Earl,dorm_sample,55.5
R022_R024.combined.F01,semibin2_49,73.63,0.07,Gradient Boost (General Model),11,0.881,52807,295.8311688,2785881,0.74,2772,67,144463,d__Bacteria;p__Pseudomonadota;c__Alphaproteobacteria;o__Rhodobacterales;f__Rhodobacteraceae;g__Rubellimicrobium;s__,N/A,N/A,N/A,0,0,F01,,,,,,,,FALSE,,FALSE,Ea.F.3.L.C,Earl,dorm_sample,55.5
R022_R024.combined.F01,semibin2_5,100,0.03,Neural Network (Specific Model),11,0.918,1167303,324.8254739,4584704,0.65,4326,5,1368259,d__Bacteria;p__Pseudomonadota;c__Alphaproteobacteria;o__Sphingomonadales;f__Sphingomonadaceae;g__Sphingopyxis;s__,N/A,N/A,N/A,1,0,F01,,,,,,,,FALSE,,FALSE,Ea.F.3.L.C,Earl,dorm_sample,55.5
R022_R024.combined.F01,semibin2_50,79.14,3.34,Neural Network (Specific Model),11,0.839,127242,328.1760322,5819299,0.62,4965,61,469876,d__Bacteria;p__Planctomycetota;c__Planctomycetia;o__Pirellulales;f__Lacipirellulaceae;g__Lacipirellula;s__,N/A,N/A,N/A,0,0,F01,,,,,,,,FALSE,,FALSE,Ea.F.3.L.C,Earl,dorm_sample,55.5
R022_R024.combined.F01,semibin2_51,69.24,0.08,Gradient Boost (General Model),11,0.926,34328,291.2157245,1447810,0.54,1539,52,77449,d__Bacteria;p__Pseudomonadota;c__Alphaproteobacteria;o__Rickettsiales;f__UBA3002;g__JALHRI01;s__,N/A,N/A,N/A,0,0,F01,,,,,,,,FALSE,,FALSE,Ea.F.3.L.C,Earl,dorm_sample,55.5
R022_R024.combined.F01,semibin2_52,70.57,1.6,Gradient Boost (General Model),11,0.867,37769,328.0738814,4349316,0.55,3844,129,96185,d__Bacteria;p__Planctomycetota;c__Planctomycetia;o__Kolteriales;f__Kolteriaceae;g__JAIEPU01;s__,N/A,N/A,N/A,0,0,F01,,,,,,,,FALSE,,FALSE,Ea.F.3.L.C,Earl,dorm_sample,55.5
R022_R024.combined.F01,semibin2_53,55.71,1.44,Neural Network (Specific Model),11,0.883,32800,293.4466065,2094223,0.49,2107,70,73942,d__Bacteria;p__Bacteroidota;c__Bacteroidia;o__Chitinophagales;f__Chitinophagaceae;g__Rurimicrobium;s__,N/A,N/A,N/A,0,0,F01,,,,,,,,FALSE,,FALSE,Ea.F.3.L.C,Earl,dorm_sample,55.5
R022_R024.combined.F01,semibin2_54,79.99,0.09,Neural Network (Specific Model),11,0.886,66264,330.1850976,3774668,0.67,3382,75,159746,d__Bacteria;p__Pseudomonadota;c__Gammaproteobacteria;o__Xanthomonadales;f__Xanthomonadaceae;g__Lysobacter_I;s__Lysobacter_I sp036404915,GCA_036404915.1,d__Bacteria;p__Pseudomonadota;c__Gammaproteobacteria;o__Xanthomonadales;f__Xanthomonadaceae;g__Lysobacter_I;s__Lysobacter_I sp036404915,97.23,0,0,F01,,,,,,,,FALSE,,FALSE,Ea.F.3.L.C,Earl,dorm_sample,55.5
R022_R024.combined.F01,semibin2_55,77.95,4.76,Neural Network (Specific Model),11,0.907,48312,317.7455407,3764479,0.42,3588,101,143656,d__Bacteria;p__Bacteroidota;c__Bacteroidia;o__Chitinophagales;f__Chitinophagaceae;g__Ferruginibacter;s__,N/A,N/A,N/A,0,0,F01,,,,,,,,FALSE,,FALSE,Ea.F.3.L.C,Earl,dorm_sample,55.5
R022_R024.combined.F01,semibin2_57,62.65,0.35,Neural Network (Specific Model),11,0.895,42433,300.898575,2400900,0.68,2386,73,114157,d__Bacteria;p__Pseudomonadota;c__Alphaproteobacteria;o__Caulobacterales;f__Caulobacteraceae;g__Brevundimonas;s__,N/A,N/A,N/A,0,0,F01,,,,,,,,FALSE,,FALSE,Ea.F.3.L.C,Earl,dorm_sample,55.5
R022_R024.combined.F01,semibin2_59,73.79,0.18,Gradient Boost (General Model),11,0.888,31620,298.6966292,716730,0.36,712,25,64651,d__Bacteria;p__Babelota;c__Babeliae;o__Babelales;f__Vermiphilaceae;g__Vermiphilus;s__Vermiphilus pyriformis,GCA_022559525.1,d__Bacteria;p__Babelota;c__Babeliae;o__Babelales;f__Vermiphilaceae;g__Vermiphilus;s__Vermiphilus pyriformis,98.83,0,0,F01,,,,,,,,FALSE,,FALSE,Ea.F.3.L.C,Earl,dorm_sample,55.5
R022_R024.combined.F01,semibin2_60,64.06,0.38,Neural Network (Specific Model),11,0.906,57808,299.0111913,2735409,0.68,2770,55,137229,d__Bacteria;p__Pseudomonadota;c__Alphaproteobacteria;o__Caulobacterales;f__Caulobacteraceae;g__Phenylobacterium;s__,N/A,N/A,N/A,0,0,F01,,,,,,,,FALSE,,FALSE,Ea.F.3.L.C,Earl,dorm_sample,55.5
R022_R024.combined.F01,semibin2_61,68.88,0.12,Gradient Boost (General Model),11,0.924,35524,273.1430668,2405225,0.48,2726,81,90368,d__Bacteria;p__Bdellovibrionota;c__Bacteriovoracia;o__Bacteriovoracales;f__Bacteriovoracaceae;g__Peredibacter;s__,N/A,N/A,N/A,0,0,F01,,,,,,,,FALSE,,FALSE,Ea.F.3.L.C,Earl,dorm_sample,55.5
R022_R024.combined.F01,semibin2_62,68.2,2.21,Gradient Boost (General Model),11,0.9,54577,323.745408,4631590,0.53,4301,101,311870,d__Bacteria;p__Cyanobacteriota;c__Vampirovibrionia;o__Obscuribacterales;f__Obscuribacteraceae;g__Ga0077546;s__,N/A,N/A,N/A,0,0,F01,,,,,,,,FALSE,,FALSE,Ea.F.3.L.C,Earl,dorm_sample,55.5
R022_R024.combined.F01,semibin2_64,74.66,0.62,Neural Network (Specific Model),11,0.921,40896,301.648709,3944173,0.64,4028,116,116840,d__Bacteria;p__Actinomycetota;c__Actinomycetes;o__Mycobacteriales;f__Mycobacteriaceae;g__Mycobacterium;s__Mycobacterium gwanakae,GCF_016767715.1,d__Bacteria;p__Actinomycetota;c__Actinomycetes;o__Mycobacteriales;f__Mycobacteriaceae;g__Mycobacterium;s__Mycobacterium gwanakae,97.46,0,0,F01,,,,,,,,FALSE,,FALSE,Ea.F.3.L.C,Earl,dorm_sample,55.5
R022_R024.combined.F01,semibin2_65,64.42,1.03,Neural Network (Specific Model),11,0.899,35768,306.9582749,2912341,0.39,2852,93,104628,d__Bacteria;p__Bacteroidota;c__Bacteroidia;o__B-17B0;f__Aurantibacillaceae;g__Aurantibacillus;s__,N/A,N/A,N/A,0,0,F01,,,,,,,,FALSE,,FALSE,Ea.F.3.L.C,Earl,dorm_sample,55.5
R022_R024.combined.F01,semibin2_66,30.24,2.19,Neural Network (Specific Model),4,0.885,36445,489.6069601,4839214,0.66,2931,160,89038,d__Bacteria;p__Planctomycetota;c__Planctomycetia;o__Planctomycetales;f__Planctomycetaceae;g__Planctomyces_A;s__,N/A,N/A,N/A,0,0,F01,,,,,,,,FALSE,,FALSE,Ea.F.3.L.C,Earl,dorm_sample,55.5
R022_R024.combined.F01,semibin2_68,53.7,0.78,Neural Network (Specific Model),11,0.874,26793,284.1004204,2082742,0.37,2141,80,120443,d__Bacteria;p__Bacteroidota;c__Bacteroidia;o__Flavobacteriales;f__Weeksellaceae;g__Chryseobacterium;s__Chryseobacterium salviniae,GCF_035819015.1,d__Bacteria;p__Bacteroidota;c__Bacteroidia;o__Flavobacteriales;f__Weeksellaceae;g__Chryseobacterium;s__Chryseobacterium salviniae,99.92,0,0,F01,,,,,,,,FALSE,,FALSE,Ea.F.3.L.C,Earl,dorm_sample,55.5
R022_R024.combined.F01,semibin2_69,44.22,3.27,Neural Network (Specific Model),11,0.879,23530,265.6510067,1346376,0.67,1490,59,50090,d__Bacteria;p__Pseudomonadota;c__Alphaproteobacteria;o__Caulobacterales;f__Caulobacteraceae;g__Brevundimonas;s__Brevundimonas vesicularis,GCF_001592205.1,d__Bacteria;p__Pseudomonadota;c__Alphaproteobacteria;o__Caulobacterales;f__Caulobacteraceae;g__Brevundimonas;s__Brevundimonas vesicularis,95.14,0,0,F01,,,,,,,,FALSE,,FALSE,Ea.F.3.L.C,Earl,dorm_sample,55.5
R022_R024.combined.F01,semibin2_70,67.3,0.01,Neural Network (Specific Model),11,0.909,45053,297.9587477,2661994,0.7,2715,71,118723,d__Bacteria;p__Pseudomonadota;c__Alphaproteobacteria;o__Sphingomonadales;f__Sphingomonadaceae;g__Sphingomonas;s__,N/A,N/A,N/A,0,0,F01,,,,,,,,FALSE,,FALSE,Ea.F.3.L.C,Earl,dorm_sample,55.5
R022_R024.combined.F01,semibin2_73,84,2.53,Neural Network (Specific Model),11,0.889,141070,308.6235341,5230447,0.64,5031,44,493271,d__Bacteria;p__Pseudomonadota;c__Alphaproteobacteria;o__Rhizobiales;f__Rhizobiaceae;g__Shinella;s__Shinella sp001262505,GCF_001262505.1,d__Bacteria;p__Pseudomonadota;c__Alphaproteobacteria;o__Rhizobiales;f__Rhizobiaceae;g__Shinella;s__Shinella sp001262505,98.81,0,0,F01,,,,,,,,FALSE,,FALSE,Ea.F.3.L.C,Earl,dorm_sample,55.5
R022_R024.combined.F01,semibin2_74,43.7,0.01,Gradient Boost (General Model),11,0.919,29036,290.1421983,1228973,0.52,1301,49,59463,d__Bacteria;p__Pseudomonadota;c__Alphaproteobacteria;o__Rickettsiales;f__SXRF01;g__JAGVKI01;s__,N/A,N/A,N/A,0,0,F01,,,,,,,,FALSE,,FALSE,Ea.F.3.L.C,Earl,dorm_sample,55.5
R022_R024.combined.F01,semibin2_75,36.83,0.19,Neural Network (Specific Model),11,0.88,24298,267.9720812,358849,0.41,394,17,33972,d__Bacteria;p__Babelota;c__Babeliae;o__Babelales;f__Vermiphilaceae;g__BTUB01;s__,N/A,N/A,N/A,0,0,F01,,,,,,,,FALSE,,FALSE,Ea.F.3.L.C,Earl,dorm_sample,55.5
R022_R024.combined.F01,semibin2_76,25.72,0.02,Neural Network (Specific Model),11,0.89,1036316,306.1143141,1036316,0.67,1006,1,1036316,d__Bacteria;p__Pseudomonadota;c__Gammaproteobacteria;o__Burkholderiales;f__Burkholderiaceae_C;g__Ottowia;s__Ottowia sp018060485,GCA_018060485.1,d__Bacteria;p__Pseudomonadota;c__Gammaproteobacteria;o__Burkholderiales;f__Burkholderiaceae_C;g__Ottowia;s__Ottowia sp018060485,98.4,0,0,F01,,,,,,,,FALSE,,FALSE,Ea.F.3.L.C,Earl,dorm_sample,55.5
R022_R024.combined.F01,semibin2_77,35.65,0.02,Neural Network (Specific Model),11,0.89,865609,311.6541411,1368783,0.67,1304,2,865609,d__Bacteria;p__Pseudomonadota;c__Gammaproteobacteria;o__Burkholderiales;f__Burkholderiaceae_C;g__Ottowia;s__Ottowia sp018060485,GCA_018060485.1,d__Bacteria;p__Pseudomonadota;c__Gammaproteobacteria;o__Burkholderiales;f__Burkholderiaceae_C;g__Ottowia;s__Ottowia sp018060485,98.58,0,0,F01,,,,,,,,FALSE,,FALSE,Ea.F.3.L.C,Earl,dorm_sample,55.5
R022_R024.combined.F01,semibin2_80_sub,48.1,0.92,Gradient Boost (General Model),11,0.883,28319,289.2483427,1921899,0.44,1961,77,50666,d__Bacteria;p__Acidobacteriota;c__Blastocatellia;o__Pyrinomonadales;f__Pyrinomonadaceae;g__JBPCRW01;s__,N/A,N/A,N/A,0,0,F01,,,,,,,,FALSE,,FALSE,Ea.F.3.L.C,Earl,dorm_sample,55.5
R022_R024.combined.F01,semibin2_81,42.6,0.04,Neural Network (Specific Model),11,0.879,44982,290.072932,2018980,0.66,2043,51,99083,d__Bacteria;p__Pseudomonadota;c__Alphaproteobacteria;o__Rhizobiales;f__Rhizobiaceae;g__Aminobacter;s__Aminobacter sp050433665,GCF_050433665.1,d__Bacteria;p__Pseudomonadota;c__Alphaproteobacteria;o__Rhizobiales;f__Rhizobiaceae;g__Aminobacter;s__Aminobacter sp050433665,99.85,0,0,F01,,,,,,,,FALSE,,FALSE,Ea.F.3.L.C,Earl,dorm_sample,55.5
R022_R024.combined.F01,semibin2_83,52.17,1.05,Gradient Boost (General Model),11,0.879,30815,321.7306818,2892586,0.66,2640,109,70625,d__Bacteria;p__Planctomycetota;c__Phycisphaerae;o__Phycisphaerales;f__UBA1924;g__UBA2396;s__,N/A,N/A,N/A,0,0,F01,,,,,,,,FALSE,,FALSE,Ea.F.3.L.C,Earl,dorm_sample,55.5
R022_R024.combined.F01,semibin2_85,43.73,2.2,Neural Network (Specific Model),11,0.915,45377,316.6959371,3163404,0.7,3052,85,98213,d__Bacteria;p__Pseudomonadota;c__Gammaproteobacteria;o__Burkholderiales;f__Burkholderiaceae_C;g__Pseudorhodoferax;s__,N/A,N/A,N/A,0,0,F01,,,,,,,,FALSE,,FALSE,Ea.F.3.L.C,Earl,dorm_sample,55.5
R022_R024.combined.F01,semibin2_86,15.58,0.22,Neural Network (Specific Model),11,0.859,25641,280.8348624,852012,0.45,872,33,56577,d__Bacteria;p__Acidobacteriota;c__Blastocatellia;o__Pyrinomonadales;f__Pyrinomonadaceae;g__;s__,N/A,N/A,N/A,0,0,F01,,,,,,,,FALSE,,FALSE,Ea.F.3.L.C,Earl,dorm_sample,55.5
R022_R024.combined.F01,semibin2_89,9.92,0,Neural Network (Specific Model),11,0.89,19145,248.7045952,381364,0.39,457,19,34788,d__Bacteria;p__Bdellovibrionota;c__Bdellovibrionia;o__Bdellovibrionales;f__JAEYZS01;g__JAEYZS01;s__,N/A,N/A,N/A,0,0,F01,,,,,,,,FALSE,,FALSE,Ea.F.3.L.C,Earl,dorm_sample,55.5
R022_R024.combined.F01,semibin2_91,22.43,0.02,Neural Network (Specific Model),11,0.887,34271,290.0544693,700273,0.66,716,22,52835,d__Bacteria;p__Pseudomonadota;c__Alphaproteobacteria;o__Sphingomonadales;f__Sphingomonadaceae;g__Sphingopyxis;s__,N/A,N/A,N/A,0,0,F01,,,,,,,,FALSE,,FALSE,Ea.F.3.L.C,Earl,dorm_sample,55.5
R022_R024.combined.F01,semibin2_98,14.28,0,Neural Network (Specific Model),11,0.936,24852,323.8584184,811435,0.45,784,37,43180,d__Bacteria;p__Bacteroidota;c__Bacteroidia;o__Chitinophagales;f__Chitinophagaceae;g__Flavihumibacter;s__,N/A,N/A,N/A,0,0,F01,,,,,,,,FALSE,,FALSE,Ea.F.3.L.C,Earl,dorm_sample,55.5
R022_R024.combined.F02,complete.16,100,0.67,Neural Network (Specific Model),11,0.906,3868642,297.7897684,3868642,0.68,3929,1,3868642,d__Bacteria;p__Pseudomonadota;c__Alphaproteobacteria;o__Caulobacterales;f__Caulobacteraceae;g__Brevundimonas;s__,N/A,N/A,N/A,1,1,F02,2,2,2,6,52,2,4,TRUE,,FALSE,Ea.F.3.H.B,Earl,dorm_sample,39
R022_R024.combined.F02,complete.17,100,0,Gradient Boost (General Model),11,0.89,5601997,342.2245527,5601997,0.45,4863,1,5601997,d__Bacteria;p__Bacteroidota;c__Bacteroidia;o__Chitinophagales;f__Chitinophagaceae;g__Endoryza;s__,N/A,N/A,N/A,1,1,F02,1,1,1,3,66,1,0,TRUE,,FALSE,Ea.F.3.H.B,Earl,dorm_sample,39
R022_R024.combined.F02,complete.50,97.66,0.02,Gradient Boost (General Model),11,0.887,5256283,347.4259549,5256283,0.46,4477,1,5256283,d__Bacteria;p__Acidobacteriota;c__Blastocatellia;o__Pyrinomonadales;f__Pyrinomonadaceae;g__JAJQRF01;s__,N/A,N/A,N/A,1,1,F02,1,1,1,3,70,1,0,TRUE,u98318ctg_len-5256283,TRUE,Ea.F.3.H.B,Earl,dorm_sample,39
R022_R024.combined.F02,complete.51,100,0.08,Neural Network (Specific Model),11,0.893,4197153,308.0904164,4197153,0.66,4059,1,4197153,d__Bacteria;p__Pseudomonadota;c__Gammaproteobacteria;o__Burkholderiales;f__Burkholderiaceae_C;g__Ottowia;s__Ottowia sp018060485,GCA_018060485.1,d__Bacteria;p__Pseudomonadota;c__Gammaproteobacteria;o__Burkholderiales;f__Burkholderiaceae_C;g__Ottowia;s__Ottowia sp018060485,98.58,1,1,F02,1,1,1,3,47,1,3,TRUE,u547330ctg_len-4197153,TRUE,Ea.F.3.H.B,Earl,dorm_sample,39
R022_R024.combined.F02,metabat2.17,99.41,0.04,Neural Network (Specific Model),11,0.907,790708,294.9308176,929067,0.45,954,2,790708,d__Bacteria;p__Patescibacteriota;c__Saccharimonadia;o__Saccharimonadales;f__Saccharimonadaceae;g__Microsaccharimonas;s__,N/A,N/A,N/A,1,0,F02,,,,,,,,FALSE,,FALSE,Ea.F.3.H.B,Earl,dorm_sample,39
R022_R024.combined.F02,metabat2.20,84.74,0.38,Neural Network (Specific Model),11,0.874,99757,295.7910658,2882910,0.39,2843,32,286346,d__Bacteria;p__Pseudomonadota;c__Gammaproteobacteria;o__Pseudomonadales;f__Moraxellaceae;g__Acinetobacter;s__Acinetobacter junii,GCF_000368765.1,d__Bacteria;p__Pseudomonadota;c__Gammaproteobacteria;o__Pseudomonadales;f__Moraxellaceae;g__Acinetobacter;s__Acinetobacter junii,98.27,0,0,F02,,,,,,,,FALSE,,FALSE,Ea.F.3.H.B,Earl,dorm_sample,39
R022_R024.combined.F02,metabat2.31,85.3,0.16,Neural Network (Specific Model),11,0.897,3328373,319.4965431,3397581,0.67,3182,2,3328373,d__Bacteria;p__Pseudomonadota;c__Gammaproteobacteria;o__Xanthomonadales;f__Xanthomonadaceae;g__Pseudoxanthomonas_A;s__Pseudoxanthomonas_A mexicana,GCF_010093385.1,d__Bacteria;p__Pseudomonadota;c__Gammaproteobacteria;o__Xanthomonadales;f__Xanthomonadaceae;g__Pseudoxanthomonas_A;s__Pseudoxanthomonas_A mexicana,96.56,0,0,F02,,,,,,,,FALSE,,FALSE,Ea.F.3.H.B,Earl,dorm_sample,39
R022_R024.combined.F02,metabat2.33,96.21,1.19,Neural Network (Specific Model),11,0.912,548487,321.7961748,5633048,0.68,5333,14,1026764,d__Bacteria;p__Pseudomonadota;c__Gammaproteobacteria;o__Burkholderiales;f__Burkholderiaceae_C;g__MR-S7;s__MR-S7 sp000400995,GCF_045291395.1,d__Bacteria;p__Pseudomonadota;c__Gammaproteobacteria;o__Burkholderiales;f__Burkholderiaceae_C;g__MR-S7;s__MR-S7 sp000400995,98.09,1,0,F02,,,,,,,,FALSE,,FALSE,Ea.F.3.H.B,Earl,dorm_sample,39
R022_R024.combined.F02,metabat2.46,88.45,0.43,Neural Network (Specific Model),11,0.871,86177,302.3058824,6100158,0.65,5865,77,350276,d__Bacteria;p__Pseudomonadota;c__Alphaproteobacteria;o__Rhizobiales;f__Xanthobacteraceae;g__Bradyrhizobium;s__Bradyrhizobium sp016462955,GCF_016462955.1,d__Bacteria;p__Pseudomonadota;c__Alphaproteobacteria;o__Rhizobiales;f__Xanthobacteraceae;g__Bradyrhizobium;s__Bradyrhizobium sp016462955,95.03,0,0,F02,,,,,,,,FALSE,,FALSE,Ea.F.3.H.B,Earl,dorm_sample,39
R022_R024.combined.F02,metabat2.48,89.39,11.49,Neural Network (Specific Model),11,0.904,590182,300.8596896,4752841,0.68,4768,25,1907357,d__Bacteria;p__Pseudomonadota;c__Alphaproteobacteria;o__Caulobacterales;f__Caulobacteraceae;g__Phenylobacterium;s__Phenylobacterium sp041919955,GCF_041919955.1,d__Bacteria;p__Pseudomonadota;c__Alphaproteobacteria;o__Caulobacterales;f__Caulobacteraceae;g__Phenylobacterium;s__Phenylobacterium sp041919955,98.96,0,0,F02,,,,,,,,FALSE,,FALSE,Ea.F.3.H.B,Earl,dorm_sample,39
R022_R024.combined.F02,metabat2.49,100,19.31,Neural Network (Specific Model),11,0.905,2806396,319.9763651,5197545,0.64,4908,4,2806396,d__Bacteria;p__Pseudomonadota;c__Alphaproteobacteria;o__Sphingomonadales;f__Sphingomonadaceae;g__Blastomonas;s__Blastomonas ursincola,GCF_013607875.1,d__Bacteria;p__Pseudomonadota;c__Alphaproteobacteria;o__Sphingomonadales;f__Sphingomonadaceae;g__Blastomonas;s__Blastomonas ursincola,98.18,0,0,F02,,,,,,,,FALSE,,FALSE,Ea.F.3.H.B,Earl,dorm_sample,39
R022_R024.combined.F02,metabat2.50,67.02,13.22,Neural Network (Specific Model),11,0.904,1122901,316.1820748,2969017,0.66,2834,4,1358094,d__Bacteria;p__Pseudomonadota;c__Alphaproteobacteria;o__Sphingomonadales;f__Sphingomonadaceae;g__Sphingopyxis;s__,N/A,N/A,N/A,0,0,F02,,,,,,,,FALSE,,FALSE,Ea.F.3.H.B,Earl,dorm_sample,39
R022_R024.combined.F02,metabat2.54,75.72,2.39,Neural Network (Specific Model),11,0.903,405553,319.9491809,3175157,0.64,2991,9,1101162,d__Bacteria;p__Pseudomonadota;c__Alphaproteobacteria;o__Sphingomonadales;f__Sphingomonadaceae;g__Blastomonas;s__Blastomonas ursincola,GCF_013607875.1,d__Bacteria;p__Pseudomonadota;c__Alphaproteobacteria;o__Sphingomonadales;f__Sphingomonadaceae;g__Blastomonas;s__Blastomonas ursincola,97.75,0,0,F02,,,,,,,,FALSE,,FALSE,Ea.F.3.H.B,Earl,dorm_sample,39
R022_R024.combined.F02,metabat2.56,93.9,0.68,Neural Network (Specific Model),11,0.899,2107283,315.7955716,4084957,0.65,3884,3,2107283,d__Bacteria;p__Pseudomonadota;c__Alphaproteobacteria;o__Sphingomonadales;f__Sphingomonadaceae;g__Sphingopyxis;s__Sphingopyxis sp001468395,GCF_001468395.1,d__Bacteria;p__Pseudomonadota;c__Alphaproteobacteria;o__Sphingomonadales;f__Sphingomonadaceae;g__Sphingopyxis;s__Sphingopyxis sp001468395,96.89,1,0,F02,,,,,,,,FALSE,,FALSE,Ea.F.3.H.B,Earl,dorm_sample,39
R022_R024.combined.F02,metabat2.57_sub,58.3,5.93,Neural Network (Specific Model),11,0.899,2628407,304.2015559,2864787,0.65,2828,4,2628407,d__Bacteria;p__Pseudomonadota;c__Alphaproteobacteria;o__Sphingomonadales;f__Sphingomonadaceae;g__Sphingopyxis;s__,N/A,N/A,N/A,0,0,F02,,,,,,,,FALSE,,FALSE,Ea.F.3.H.B,Earl,dorm_sample,39
R022_R024.combined.F02,metabat2.60,100,6.81,Neural Network (Specific Model),11,0.902,2890085,340.3244019,4723620,0.66,4180,3,2890085,d__Bacteria;p__Pseudomonadota;c__Gammaproteobacteria;o__Burkholderiales;f__Burkholderiaceae_C;g__Aquabacterium;s__,N/A,N/A,N/A,0,0,F02,,,,,,,,FALSE,,FALSE,Ea.F.3.H.B,Earl,dorm_sample,39
R022_R024.combined.F02,metabat2.77,29.37,0,Neural Network (Specific Model),11,0.908,43293,307.1028632,954262,0.67,943,22,92069,d__Bacteria;p__Pseudomonadota;c__Alphaproteobacteria;o__Sphingomonadales;f__Sphingomonadaceae;g__Erythrobacter;s__,N/A,N/A,N/A,0,0,F02,,,,,,,,FALSE,,FALSE,Ea.F.3.H.B,Earl,dorm_sample,39
R022_R024.combined.F02,semibin2_1,99.41,0.39,Gradient Boost (General Model),11,0.896,547883,345.8988445,5704719,0.46,4933,15,915032,d__Bacteria;p__Bacteroidota;c__Bacteroidia;o__Chitinophagales;f__Chitinophagaceae;g__CAYMZZ01;s__CAYMZZ01 sp001898485,GCA_001898485.1,d__Bacteria;p__Bacteroidota;c__Bacteroidia;o__Chitinophagales;f__Chitinophagaceae;g__CAYMZZ01;s__CAYMZZ01 sp001898485,98.47,1,0,F02,,,,,,,,FALSE,,FALSE,Ea.F.3.H.B,Earl,dorm_sample,39
R022_R024.combined.F02,semibin2_11,94.96,4.05,Gradient Boost (General Model),11,0.911,713435,339.6503435,5033294,0.51,4513,17,1284118,d__Bacteria;p__Cyanobacteriota;c__Vampirovibrionia;o__Obscuribacterales;f__Obscuribacteraceae;g__JAFKGK01;s__,N/A,N/A,N/A,1,0,F02,,,,,,,,FALSE,,FALSE,Ea.F.3.H.B,Earl,dorm_sample,39
R022_R024.combined.F02,semibin2_120,58.64,12.77,Gradient Boost (General Model),11,0.908,27465,312.8075086,6255987,0.68,6073,261,88043,d__Bacteria;p__Myxococcota_A;c__Polyangia;o__Polyangiales;f__Polyangiaceae;g__Labilithrix;s__,N/A,N/A,N/A,0,0,F02,,,,,,,,FALSE,,FALSE,Ea.F.3.H.B,Earl,dorm_sample,39
R022_R024.combined.F02,semibin2_121,33.54,4.92,Neural Network (Specific Model),11,0.883,16023,279.4233361,2246923,0.44,2374,149,32526,d__Bacteria;p__Bacteroidota;c__Bacteroidia;o__Chitinophagales;f__Chitinophagaceae;g__DATHKG01;s__,N/A,N/A,N/A,0,0,F02,,,,,,,,FALSE,,FALSE,Ea.F.3.H.B,Earl,dorm_sample,39
R022_R024.combined.F02,semibin2_125,33.45,4.43,Neural Network (Specific Model),11,0.891,15661,292.0697256,2178519,0.68,2223,147,47757,d__Bacteria;p__Pseudomonadota;c__Gammaproteobacteria;o__Burkholderiales;f__Burkholderiaceae_C;g__;s__,N/A,N/A,N/A,0,0,F02,,,,,,,,FALSE,,FALSE,Ea.F.3.H.B,Earl,dorm_sample,39
R022_R024.combined.F02,semibin2_128_sub,59.76,13,Neural Network (Specific Model),11,0.895,26684,289.2841476,2909013,0.68,3009,122,92522,d__Bacteria;p__Pseudomonadota;c__Alphaproteobacteria;o__Caulobacterales;f__Caulobacteraceae;g__Caulobacter;s__,N/A,N/A,N/A,0,0,F02,,,,,,,,FALSE,,FALSE,Ea.F.3.H.B,Earl,dorm_sample,39
R022_R024.combined.F02,semibin2_13,84.74,0.07,Neural Network (Specific Model),11,0.898,3455176,324.8432602,3455176,0.67,3190,1,3455176,d__Bacteria;p__Pseudomonadota;c__Gammaproteobacteria;o__Xanthomonadales;f__Xanthomonadaceae;g__Pseudoxanthomonas_A;s__Pseudoxanthomonas_A mexicana,GCF_010093385.1,d__Bacteria;p__Pseudomonadota;c__Gammaproteobacteria;o__Xanthomonadales;f__Xanthomonadaceae;g__Pseudoxanthomonas_A;s__Pseudoxanthomonas_A mexicana,96.86,0,0,F02,,,,,,,,FALSE,,FALSE,Ea.F.3.H.B,Earl,dorm_sample,39
R022_R024.combined.F02,semibin2_138_sub,69.47,23.48,Gradient Boost (General Model),11,0.875,24571,281.6883777,11173133,0.65,11607,509,226589,d__Bacteria;p__Pseudomonadota;c__Alphaproteobacteria;o__Caulobacterales;f__Caulobacteraceae;g__;s__,N/A,N/A,N/A,0,0,F02,,,,,,,,FALSE,,FALSE,Ea.F.3.H.B,Earl,dorm_sample,39
R022_R024.combined.F02,semibin2_14,70.29,1.22,Neural Network (Specific Model),11,0.889,30757,305.1771812,3826050,0.71,3725,146,84192,d__Bacteria;p__Actinomycetota;c__Actinomycetes;o__Mycobacteriales;f__Nakamurellaceae;g__Nakamurella;s__Nakamurella multipartita,GCF_000024365.1,d__Bacteria;p__Actinomycetota;c__Actinomycetes;o__Mycobacteriales;f__Nakamurellaceae;g__Nakamurella;s__Nakamurella multipartita,98.34,0,0,F02,,,,,,,,FALSE,,FALSE,Ea.F.3.H.B,Earl,dorm_sample,39
R022_R024.combined.F02,semibin2_142,41.27,9.17,Neural Network (Specific Model),11,0.869,17272,275.9699961,4902079,0.56,5166,305,143400,d__Bacteria;p__;c__;o__;f__;g__;s__,N/A,N/A,N/A,0,0,F02,,,,,,,,FALSE,u36797ctg_len-143400,TRUE,Ea.F.3.H.B,Earl,dorm_sample,39
R022_R024.combined.F02,semibin2_143,39.18,7.34,Neural Network (Specific Model),11,0.89,16466,275.4716593,3145626,0.52,3405,192,228337,d__Bacteria;p__Bdellovibrionota;c__Bacteriovoracia;o__;f__;g__;s__,N/A,N/A,N/A,0,0,F02,,,,,,,,FALSE,u332229ctg_len-44975,TRUE,Ea.F.3.H.B,Earl,dorm_sample,39
R022_R024.combined.F02,semibin2_16,96.07,0.34,Neural Network (Specific Model),11,0.916,294221,343.8450835,3636921,0.64,3234,18,442158,d__Bacteria;p__Pseudomonadota;c__Gammaproteobacteria;o__Burkholderiales;f__Burkholderiaceae_C;g__Aquabacterium;s__Aquabacterium sp029268225,GCF_037482285.1,d__Bacteria;p__Pseudomonadota;c__Gammaproteobacteria;o__Burkholderiales;f__Burkholderiaceae_C;g__Aquabacterium;s__Aquabacterium sp029268225,97.01,1,0,F02,,,,,,,,FALSE,,FALSE,Ea.F.3.H.B,Earl,dorm_sample,39
R022_R024.combined.F02,semibin2_18,76.68,12.57,Neural Network (Specific Model),11,0.917,2928938,317.9559295,5183085,0.67,4992,4,2928938,d__Bacteria;p__Actinomycetota;c__Actinomycetes;o__Mycobacteriales;f__Mycobacteriaceae;g__Mycobacterium;s__Mycobacterium phocaicum,GCF_010731115.1,d__Bacteria;p__Actinomycetota;c__Actinomycetes;o__Mycobacteriales;f__Mycobacteriaceae;g__Mycobacterium;s__Mycobacterium phocaicum,95.08,0,0,F02,,,,,,,,FALSE,,FALSE,Ea.F.3.H.B,Earl,dorm_sample,39
R022_R024.combined.F02,semibin2_19,82.23,0.27,Neural Network (Specific Model),11,0.92,69795,300.5943531,2733440,0.43,2798,48,147982,d__Bacteria;p__Bdellovibrionota;c__Bdellovibrionia;o__Bdellovibrionales;f__UBA1609;g__CAYHVK01;s__,N/A,N/A,N/A,0,0,F02,,,,,,,,FALSE,,FALSE,Ea.F.3.H.B,Earl,dorm_sample,39
R022_R024.combined.F02,semibin2_2,100,0.83,Neural Network (Specific Model),11,0.898,386705,320.5043684,4528971,0.65,4235,19,728163,d__Bacteria;p__Pseudomonadota;c__Gammaproteobacteria;o__Pseudomonadales;f__Pseudomonadaceae;g__Aquipseudomonas;s__Aquipseudomonas alcaligenes,GCF_000467105.1,d__Bacteria;p__Pseudomonadota;c__Gammaproteobacteria;o__Pseudomonadales;f__Pseudomonadaceae;g__Aquipseudomonas;s__Aquipseudomonas alcaligenes,96.86,1,0,F02,,,,,,,,FALSE,,FALSE,Ea.F.3.H.B,Earl,dorm_sample,39
R022_R024.combined.F02,semibin2_26,48.55,0.79,Neural Network (Specific Model),11,0.89,27801,311.8261851,1393266,0.33,1329,55,67391,d__Bacteria;p__Chlamydiota;c__Chlamydiia;o__Chlamydiales;f__Parachlamydiaceae;g__;s__,N/A,N/A,N/A,0,0,F02,,,,,,,,FALSE,,FALSE,Ea.F.3.H.B,Earl,dorm_sample,39
R022_R024.combined.F02,semibin2_27,68.8,0.23,Neural Network (Specific Model),11,0.928,51348,303.4979973,2199787,0.72,2247,56,106095,d__Bacteria;p__Actinomycetota;c__Actinomycetes;o__Actinomycetales;f__Microbacteriaceae;g__Pseudolysinimonas_A;s__,N/A,N/A,N/A,0,0,F02,,,,,,,,FALSE,,FALSE,Ea.F.3.H.B,Earl,dorm_sample,39
R022_R024.combined.F02,semibin2_28,71.48,16.61,Neural Network (Specific Model),11,0.909,1304839,310.7985934,4801286,0.67,4692,8,1369912,d__Bacteria;p__Actinomycetota;c__Actinomycetes;o__Mycobacteriales;f__Mycobacteriaceae;g__Mycobacterium;s__Mycobacterium phocaicum,GCF_010731115.1,d__Bacteria;p__Actinomycetota;c__Actinomycetes;o__Mycobacteriales;f__Mycobacteriaceae;g__Mycobacterium;s__Mycobacterium phocaicum,95.21,0,0,F02,,,,,,,,FALSE,,FALSE,Ea.F.3.H.B,Earl,dorm_sample,39
R022_R024.combined.F02,semibin2_29,61.09,1.26,Gradient Boost (General Model),11,0.91,21180,296.6596834,2094994,0.44,2148,107,60127,d__Bacteria;p__Bacteroidota;c__Bacteroidia;o__Chitinophagales;f__Chitinophagaceae;g__UBA5543;s__,N/A,N/A,N/A,0,0,F02,,,,,,,,FALSE,,FALSE,Ea.F.3.H.B,Earl,dorm_sample,39
R022_R024.combined.F02,semibin2_3,92.68,0.27,Neural Network (Specific Model),11,0.929,127471,299.2121034,1641219,0.46,1702,21,273966,d__Bacteria;p__Pseudomonadota;c__Alphaproteobacteria;o__Micavibrionales;f__Micavibrionaceae;g__Micavibrio_B;s__,N/A,N/A,N/A,0,0,F02,,,,,,,,FALSE,,FALSE,Ea.F.3.H.B,Earl,dorm_sample,39
R022_R024.combined.F02,semibin2_30,81.75,0.67,Gradient Boost (General Model),11,0.925,45923,283.9315206,1824012,0.5,1986,54,88146,d__Bacteria;p__Pseudomonadota;c__Alphaproteobacteria;o__Micavibrionales;f__Micavibrionaceae;g__Micavibrio_B;s__,N/A,N/A,N/A,0,0,F02,,,,,,,,FALSE,,FALSE,Ea.F.3.H.B,Earl,dorm_sample,39
R022_R024.combined.F02,semibin2_31,78.65,3.95,Neural Network (Specific Model),11,0.915,61079,288.1385297,2549110,0.39,2707,62,210661,d__Bacteria;p__Bdellovibrionota;c__Bdellovibrionia;o__Bdellovibrionales;f__JAEYZS01;g__JAEYZS01;s__,N/A,N/A,N/A,0,0,F02,,,,,,,,FALSE,,FALSE,Ea.F.3.H.B,Earl,dorm_sample,39
R022_R024.combined.F02,semibin2_33,53.96,0.14,Neural Network (Specific Model),11,0.879,27086,291.9312733,1865526,0.58,1877,79,58646,d__Bacteria;p__Pseudomonadota;c__Alphaproteobacteria;o__Rhizobiales;f__Hyphomicrobiaceae;g__Hyphomicrobium_B;s__,N/A,N/A,N/A,0,0,F02,,,,,,,,FALSE,,FALSE,Ea.F.3.H.B,Earl,dorm_sample,39
R022_R024.combined.F02,semibin2_34,48.73,3.93,Neural Network (Specific Model),11,0.838,25110,309.3395595,3965721,0.61,3587,169,72993,d__Bacteria;p__Planctomycetota;c__Planctomycetia;o__Pirellulales;f__Lacipirellulaceae;g__Lacipirellula;s__,N/A,N/A,N/A,0,0,F02,,,,,,,,FALSE,,FALSE,Ea.F.3.H.B,Earl,dorm_sample,39
R022_R024.combined.F02,semibin2_35,64.86,0.94,Gradient Boost (General Model),11,0.932,50010,282.5166903,2549606,0.49,2816,73,86435,d__Bacteria;p__Bdellovibrionota;c__Bacteriovoracia;o__Bacteriovoracales;f__Bacteriovoracaceae;g__UBA6144;s__,N/A,N/A,N/A,0,0,F02,,,,,,,,FALSE,,FALSE,Ea.F.3.H.B,Earl,dorm_sample,39
R022_R024.combined.F02,semibin2_36,33.36,0.66,Neural Network (Specific Model),11,0.866,21962,293.3027558,2683603,0.49,2649,133,62246,d__Bacteria;p__Cyanobacteriota;c__Sericytochromatia;o__UBA7694;f__UBA7694;g__CAJYHH01;s__,N/A,N/A,N/A,0,0,F02,,,,,,,,FALSE,,FALSE,Ea.F.3.H.B,Earl,dorm_sample,39
R022_R024.combined.F02,semibin2_37,37.26,2.65,Neural Network (Specific Model),11,0.831,19795,271.2476423,2795882,0.72,2863,158,54977,d__Bacteria;p__Pseudomonadota;c__Alphaproteobacteria;o__Rhizobiales;f__Beijerinckiaceae;g__Methylobacterium;s__Methylobacterium radiotolerans,GCF_000019725.1,d__Bacteria;p__Pseudomonadota;c__Alphaproteobacteria;o__Rhizobiales;f__Beijerinckiaceae;g__Methylobacterium;s__Methylobacterium radiotolerans,95.31,0,0,F02,,,,,,,,FALSE,,FALSE,Ea.F.3.H.B,Earl,dorm_sample,39
R022_R024.combined.F02,semibin2_39,18.33,0.02,Neural Network (Specific Model),11,0.903,17190,311.2420749,715242,0.57,694,43,35683,d__Bacteria;p__Verrucomicrobiota;c__Verrucomicrobiia;o__Opitutales;f__Opitutaceae;g__UBA6669;s__,N/A,N/A,N/A,0,0,F02,,,,,,,,FALSE,,FALSE,Ea.F.3.H.B,Earl,dorm_sample,39
R022_R024.combined.F02,semibin2_4,99.98,0.46,Neural Network (Specific Model),11,0.915,332276,306.6582614,3024966,0.68,3014,15,826923,d__Bacteria;p__Pseudomonadota;c__Alphaproteobacteria;o__Caulobacterales;f__Caulobacteraceae;g__Brevundimonas;s__,N/A,N/A,N/A,1,0,F02,,,,,,,,FALSE,,FALSE,Ea.F.3.H.B,Earl,dorm_sample,39
R022_R024.combined.F02,semibin2_41,23.98,0.59,Neural Network (Specific Model),11,0.904,19497,273.7698289,1161768,0.57,1286,66,46611,d__Bacteria;p__Bdellovibrionota;c__Bdellovibrionia;o__Bdellovibrionales;f__UBA1609;g__JALHOQ01;s__,N/A,N/A,N/A,0,0,F02,,,,,,,,FALSE,,FALSE,Ea.F.3.H.B,Earl,dorm_sample,39
R022_R024.combined.F02,semibin2_42,49.71,0.58,Gradient Boost (General Model),11,0.915,22354,293.7629001,1468715,0.49,1531,72,89699,d__Bacteria;p__Bdellovibrionota;c__Bdellovibrionia;o__Bdellovibrionales;f__UBA1609;g__CAYHVK01;s__,N/A,N/A,N/A,0,0,F02,,,,,,,,FALSE,,FALSE,Ea.F.3.H.B,Earl,dorm_sample,39
R022_R024.combined.F02,semibin2_43,34.93,0.01,Neural Network (Specific Model),11,0.901,24389,303.2849584,1330703,0.43,1323,59,58989,d__Bacteria;p__Bacteroidota;c__Bacteroidia;o__Flavobacteriales;f__Flavobacteriaceae;g__Flavobacterium;s__,N/A,N/A,N/A,0,0,F02,,,,,,,,FALSE,,FALSE,Ea.F.3.H.B,Earl,dorm_sample,39
R022_R024.combined.F02,semibin2_44,43.21,0.46,Neural Network (Specific Model),11,0.914,22170,297.8802763,1270320,0.66,1303,59,50914,d__Bacteria;p__Pseudomonadota;c__Alphaproteobacteria;o__Caulobacterales;f__Caulobacteraceae;g__Brevundimonas;s__Brevundimonas sp943913055,GCF_943913055.1,d__Bacteria;p__Pseudomonadota;c__Alphaproteobacteria;o__Caulobacterales;f__Caulobacteraceae;g__Brevundimonas;s__Brevundimonas sp943913055,95.97,0,0,F02,,,,,,,,FALSE,,FALSE,Ea.F.3.H.B,Earl,dorm_sample,39
R022_R024.combined.F02,semibin2_45,37.86,1.21,Neural Network (Specific Model),11,0.909,424610,318.352829,1650524,0.67,1573,11,443905,d__Bacteria;p__Pseudomonadota;c__Gammaproteobacteria;o__Xanthomonadales;f__Xanthomonadaceae;g__Pseudoxanthomonas_A;s__Pseudoxanthomonas_A mexicana,GCF_010093385.1,d__Bacteria;p__Pseudomonadota;c__Gammaproteobacteria;o__Xanthomonadales;f__Xanthomonadaceae;g__Pseudoxanthomonas_A;s__Pseudoxanthomonas_A mexicana,97.03,0,0,F02,,,,,,,,FALSE,,FALSE,Ea.F.3.H.B,Earl,dorm_sample,39
R022_R024.combined.F02,semibin2_46,42.07,0.1,Neural Network (Specific Model),11,0.882,20072,306.7015861,2822151,0.4,2711,150,61585,d__Bacteria;p__Bacteroidota;c__Bacteroidia;o__Cytophagales;f__Spirosomataceae;g__Emticicia;s__,N/A,N/A,N/A,0,0,F02,,,,,,,,FALSE,,FALSE,Ea.F.3.H.B,Earl,dorm_sample,39
R022_R024.combined.F02,semibin2_47,52.19,1.36,Neural Network (Specific Model),11,0.9,38932,304.2844302,3146243,0.7,3115,98,86787,d__Bacteria;p__Pseudomonadota;c__Gammaproteobacteria;o__Burkholderiales;f__Burkholderiaceae_C;g__Aquincola;s__,N/A,N/A,N/A,0,0,F02,,,,,,,,FALSE,,FALSE,Ea.F.3.H.B,Earl,dorm_sample,39
R022_R024.combined.F02,semibin2_5,93.15,0.82,Neural Network (Specific Model),11,0.888,153928,311.7617284,2557442,0.33,2430,30,357489,d__Bacteria;p__Bacteroidota;c__Bacteroidia;o__Flavobacteriales;f__Weeksellaceae;g__Cloacibacterium;s__Cloacibacterium normanense,GCF_003860565.1,d__Bacteria;p__Bacteroidota;c__Bacteroidia;o__Flavobacteriales;f__Weeksellaceae;g__Cloacibacterium;s__Cloacibacterium normanense,97.16,0,0,F02,,,,,,,,FALSE,,FALSE,Ea.F.3.H.B,Earl,dorm_sample,39
R022_R024.combined.F02,semibin2_51,43.02,0.85,Neural Network (Specific Model),11,0.902,1841298,320.5938764,1841298,0.64,1731,1,1841298,d__Bacteria;p__Pseudomonadota;c__Alphaproteobacteria;o__Sphingomonadales;f__Sphingomonadaceae;g__Sphingopyxis;s__,N/A,N/A,N/A,0,0,F02,,,,,,,,FALSE,,FALSE,Ea.F.3.H.B,Earl,dorm_sample,39
R022_R024.combined.F02,semibin2_52,81.97,7.49,Neural Network (Specific Model),11,0.897,853351,318.0106383,3691417,0.65,3478,5,1837765,d__Bacteria;p__Pseudomonadota;c__Alphaproteobacteria;o__Sphingomonadales;f__Sphingomonadaceae;g__Sphingopyxis;s__,N/A,N/A,N/A,0,0,F02,,,,,,,,FALSE,,FALSE,Ea.F.3.H.B,Earl,dorm_sample,39
R022_R024.combined.F02,semibin2_53_sub,45.59,3.19,Neural Network (Specific Model),11,0.912,1262959,326.0550964,1942336,0.64,1815,4,1262959,d__Bacteria;p__Pseudomonadota;c__Alphaproteobacteria;o__Sphingomonadales;f__Sphingomonadaceae;g__Sphingopyxis;s__,N/A,N/A,N/A,0,0,F02,,,,,,,,FALSE,,FALSE,Ea.F.3.H.B,Earl,dorm_sample,39
R022_R024.combined.F02,semibin2_57,40.36,0.31,Neural Network (Specific Model),11,0.904,23476,307.5067494,2788670,0.72,2741,143,56965,d__Bacteria;p__Pseudomonadota;c__Gammaproteobacteria;o__Burkholderiales;f__Burkholderiaceae_C;g__Aquincola;s__,N/A,N/A,N/A,0,0,F02,,,,,,,,FALSE,,FALSE,Ea.F.3.H.B,Earl,dorm_sample,39
R022_R024.combined.F02,semibin2_58,15.31,0.12,Neural Network (Specific Model),11,0.882,19176,280.9746193,750159,0.64,788,43,36213,d__Bacteria;p__Verrucomicrobiota;c__Verrucomicrobiia;o__Verrucomicrobiales;f__Verrucomicrobiaceae;g__Roseimicrobium;s__,N/A,N/A,N/A,0,0,F02,,,,,,,,FALSE,,FALSE,Ea.F.3.H.B,Earl,dorm_sample,39
R022_R024.combined.F02,semibin2_6,99.81,1.28,Neural Network (Specific Model),11,0.929,338652,310.4503652,3696095,0.57,3697,16,677709,d__Bacteria;p__Bdellovibrionota;c__Bacteriovoracia;o__Bacteriovoracales;f__Bacteriovoracaceae;g__UBA6144;s__,N/A,N/A,N/A,1,0,F02,,,,,,,,FALSE,,FALSE,Ea.F.3.H.B,Earl,dorm_sample,39
R022_R024.combined.F02,semibin2_7,94.19,1.13,Neural Network (Specific Model),11,0.92,158210,327.644878,6558638,0.7,6150,62,346132,d__Bacteria;p__Pseudomonadota;c__Gammaproteobacteria;o__Burkholderiales;f__Burkholderiaceae_C;g__Pseudorhodoferax;s__,N/A,N/A,N/A,0,0,F02,,,,,,,,FALSE,,FALSE,Ea.F.3.H.B,Earl,dorm_sample,39
R022_R024.combined.F02,semibin2_72,6.78,0.04,Neural Network (Specific Model),11,0.892,197668,303.8392857,285550,0.64,280,3,197668,Unclassified Bacteria,N/A,N/A,N/A,0,0,F02,,,,,,,,FALSE,,FALSE,Ea.F.3.H.B,Earl,dorm_sample,39
R022_R024.combined.F02,semibin2_8,99.99,3.94,Neural Network (Specific Model),11,0.894,226851,310.031935,3839180,0.66,3695,28,428007,d__Bacteria;p__Pseudomonadota;c__Gammaproteobacteria;o__Burkholderiales;f__Burkholderiaceae_C;g__Ottowia;s__Ottowia sp018060485,GCA_018060485.1,d__Bacteria;p__Pseudomonadota;c__Gammaproteobacteria;o__Burkholderiales;f__Burkholderiaceae_C;g__Ottowia;s__Ottowia sp018060485,98.65,0,0,F02,,,,,,,,FALSE,,FALSE,Ea.F.3.H.B,Earl,dorm_sample,39
R022_R024.combined.F02,semibin2_82,51.58,5.71,Neural Network (Specific Model),11,0.919,31718,306.7703147,2124902,0.66,2129,81,83769,d__Bacteria;p__Pseudomonadota;c__Gammaproteobacteria;o__Burkholderiales;f__Rhodocyclaceae;g__Azonexus;s__Azonexus fungiphilus,GCF_003634965.1,d__Bacteria;p__Pseudomonadota;c__Gammaproteobacteria;o__Burkholderiales;f__Rhodocyclaceae;g__Azonexus;s__Azonexus fungiphilus,97.51,0,0,F02,,,,,,,,FALSE,,FALSE,Ea.F.3.H.B,Earl,dorm_sample,39
R022_R024.combined.F02,semibin2_9,93.67,0.73,Neural Network (Specific Model),11,0.916,78873,336.0351967,4245049,0.39,3864,70,298488,d__Bacteria;p__Bacteroidota;c__Bacteroidia;o__B-17B0;f__Aurantibacillaceae;g__UBA4416;s__,N/A,N/A,N/A,0,0,F02,,,,,,,,FALSE,,FALSE,Ea.F.3.H.B,Earl,dorm_sample,39
R022_R024.combined.F03,complete.1,100,1.78,Neural Network (Specific Model),11,0.909,3740931,321.4653269,3740931,0.66,3533,1,3740931,d__Bacteria;p__Pseudomonadota;c__Alphaproteobacteria;o__Sphingomonadales;f__Sphingomonadaceae;g__Erythrobacter;s__,N/A,N/A,N/A,1,1,F03,2,2,2,6,50,2,2,TRUE,,FALSE,Te.F.3.L.B,Teal,dorm_sample,9
R022_R024.combined.F03,metabat2.20,100,0,Gradient Boost (General Model),11,0.853,615599,318.2021874,7558332,0.48,6766,23,1149827,d__Bacteria;p__Bacteroidota;c__Bacteroidia;o__Cytophagales;f__172606-1;g__Xanthocytophaga;s__,N/A,N/A,N/A,0,0,F03,,,,,,,,FALSE,,FALSE,Te.F.3.L.B,Teal,dorm_sample,9
R022_R024.combined.F03,metabat2.22,96.78,0.04,Neural Network (Specific Model),11,0.916,475913,314.9989243,2869822,0.65,2789,8,1085628,d__Bacteria;p__Pseudomonadota;c__Alphaproteobacteria;o__Sphingomonadales;f__Sphingomonadaceae;g__Qipengyuania;s__,N/A,N/A,N/A,1,0,F03,,,,,,,,FALSE,,FALSE,Te.F.3.L.B,Teal,dorm_sample,9
R022_R024.combined.F03,semibin2_0,99.7,1.47,Neural Network (Specific Model),11,0.855,384647,306.5376645,6530563,0.71,6080,29,1047664,d__Bacteria;p__Pseudomonadota;c__Alphaproteobacteria;o__Rhizobiales;f__Beijerinckiaceae;g__Methylobacterium;s__Methylobacterium radiotolerans,GCF_000019725.1,d__Bacteria;p__Pseudomonadota;c__Alphaproteobacteria;o__Rhizobiales;f__Beijerinckiaceae;g__Methylobacterium;s__Methylobacterium radiotolerans,98.97,0,0,F03,,,,,,,,FALSE,,FALSE,Te.F.3.L.B,Teal,dorm_sample,9
R022_R024.combined.F03,semibin2_1,99.96,0.82,Neural Network (Specific Model),11,0.918,2274620,323.0012008,4386596,0.65,4164,2,2274620,d__Bacteria;p__Pseudomonadota;c__Alphaproteobacteria;o__Sphingomonadales;f__Sphingomonadaceae;g__Sphingopyxis;s__,N/A,N/A,N/A,1,0,F03,,,,,,,,FALSE,,FALSE,Te.F.3.L.B,Teal,dorm_sample,9
R022_R024.combined.F03,semibin2_10,68.1,0.51,Neural Network (Specific Model),11,0.907,63544,301.3806348,3725290,0.67,3749,75,142135,d__Bacteria;p__Actinomycetota;c__Actinomycetes;o__Mycobacteriales;f__Mycobacteriaceae;g__Mycobacterium;s__Mycobacterium phocaicum,GCF_010731115.1,d__Bacteria;p__Actinomycetota;c__Actinomycetes;o__Mycobacteriales;f__Mycobacteriaceae;g__Mycobacterium;s__Mycobacterium phocaicum,95.75,0,0,F03,,,,,,,,FALSE,,FALSE,Te.F.3.L.B,Teal,dorm_sample,9
R022_R024.combined.F03,semibin2_11,50.54,2.78,Gradient Boost (General Model),11,0.904,34565,317.9743063,3072299,0.53,2919,115,79601,d__Bacteria;p__Cyanobacteriota;c__Vampirovibrionia;o__Obscuribacterales;f__Obscuribacteraceae;g__Ga0077546;s__,N/A,N/A,N/A,0,0,F03,,,,,,,,FALSE,,FALSE,Te.F.3.L.B,Teal,dorm_sample,9
R022_R024.combined.F03,semibin2_12,66.83,2.62,Gradient Boost (General Model),11,0.891,27611,275.8494784,620810,0.41,671,25,64231,d__Bacteria;p__Babelota;c__Babeliae;o__Babelales;f__Vermiphilaceae;g__BTUB01;s__,N/A,N/A,N/A,0,0,F03,,,,,,,,FALSE,,FALSE,Te.F.3.L.B,Teal,dorm_sample,9
R022_R024.combined.F03,semibin2_13,58.12,12.39,Gradient Boost (General Model),11,0.887,20495,278.6317916,2092304,0.69,2227,104,52132,d__Bacteria;p__Pseudomonadota;c__Alphaproteobacteria;o__Caulobacterales;f__Caulobacteraceae;g__Phenylobacterium;s__,N/A,N/A,N/A,0,0,F03,,,,,,,,FALSE,,FALSE,Te.F.3.L.B,Teal,dorm_sample,9
R022_R024.combined.F03,semibin2_14,71.11,0.71,Gradient Boost (General Model),11,0.916,38970,321.0591457,4785862,0.7,4565,146,154155,d__Bacteria;p__Pseudomonadota;c__Gammaproteobacteria;o__Burkholderiales;f__Burkholderiaceae_C;g__Aquincola;s__,N/A,N/A,N/A,0,0,F03,,,,,,,,FALSE,,FALSE,Te.F.3.L.B,Teal,dorm_sample,9
R022_R024.combined.F03,semibin2_15,43.44,6.29,Gradient Boost (General Model),11,0.914,21945,272.3946958,1141687,0.56,1282,59,45453,d__Bacteria;p__Pseudomonadota;c__Alphaproteobacteria;o__Rickettsiales;f__UBA3002;g__JALHRI01;s__,N/A,N/A,N/A,0,0,F03,,,,,,,,FALSE,,FALSE,Te.F.3.L.B,Teal,dorm_sample,9
R022_R024.combined.F03,semibin2_16,46.81,0.28,Neural Network (Specific Model),11,0.864,28539,286.3984143,2002520,0.62,2018,80,77916,d__Bacteria;p__Pseudomonadota;c__Alphaproteobacteria;o__Rhizobiales;f__Hyphomicrobiaceae;g__Hyphomicrobium_C;s__,N/A,N/A,N/A,0,0,F03,,,,,,,,FALSE,,FALSE,Te.F.3.L.B,Teal,dorm_sample,9
R022_R024.combined.F03,semibin2_17,43.1,0.1,Neural Network (Specific Model),11,0.879,22981,338.3946438,2281346,0.68,1979,112,52739,d__Bacteria;p__Pseudomonadota;c__Gammaproteobacteria;o__Xanthomonadales;f__Rhodanobacteraceae;g__Tahibacter;s__,N/A,N/A,N/A,0,0,F03,,,,,,,,FALSE,,FALSE,Te.F.3.L.B,Teal,dorm_sample,9
R022_R024.combined.F03,semibin2_18,6.34,0.51,Neural Network (Specific Model),11,0.869,29363,287.0381679,517539,0.66,524,20,89248,d__Bacteria;p__Pseudomonadota;c__Gammaproteobacteria;o__Burkholderiales;f__Burkholderiaceae_C;g__CANHBY01;s__,N/A,N/A,N/A,0,0,F03,,,,,,,,FALSE,,FALSE,Te.F.3.L.B,Teal,dorm_sample,9
R022_R024.combined.F03,semibin2_19,47.69,1.1,Neural Network (Specific Model),11,0.838,41223,290.6322695,2925772,0.71,2820,94,83855,d__Bacteria;p__Pseudomonadota;c__Alphaproteobacteria;o__Rhizobiales;f__Beijerinckiaceae;g__Methylobacterium;s__,N/A,N/A,N/A,0,0,F03,,,,,,,,FALSE,,FALSE,Te.F.3.L.B,Teal,dorm_sample,9
R022_R024.combined.F03,semibin2_21,57.12,5,Gradient Boost (General Model),11,0.906,22131,294.6997199,1737684,0.66,1785,88,50210,d__Bacteria;p__Pseudomonadota;c__Alphaproteobacteria;o__Sphingomonadales;f__Sphingomonadaceae;g__Erythrobacter;s__Erythrobacter sp046452395,GCF_046452395.1,d__Bacteria;p__Pseudomonadota;c__Alphaproteobacteria;o__Sphingomonadales;f__Sphingomonadaceae;g__Erythrobacter;s__Erythrobacter sp046452395,97.45,0,0,F03,,,,,,,,FALSE,,FALSE,Te.F.3.L.B,Teal,dorm_sample,9
R022_R024.combined.F03,semibin2_23,36.23,7.7,Neural Network (Specific Model),11,0.876,21303,278.2996109,3175204,0.66,3341,155,191463,d__Bacteria;p__Pseudomonadota;c__Alphaproteobacteria;o__Reyranellales;f__Reyranellaceae;g__Reyranella;s__,N/A,N/A,N/A,0,0,F03,,,,,,,,FALSE,,FALSE,Te.F.3.L.B,Teal,dorm_sample,9
R022_R024.combined.F03,semibin2_38,69.55,22.81,Neural Network (Specific Model),11,0.913,80350,311.547424,3864362,0.65,3785,55,190186,d__Bacteria;p__Pseudomonadota;c__Alphaproteobacteria;o__Sphingomonadales;f__Sphingomonadaceae;g__Sphingopyxis;s__,N/A,N/A,N/A,0,0,F03,,,,,,,,FALSE,,FALSE,Te.F.3.L.B,Teal,dorm_sample,9
R022_R024.combined.F03,semibin2_4,98.2,0.1,Gradient Boost (General Model),11,0.923,170043,329.3865567,4274212,0.44,4002,37,370212,d__Bacteria;p__Bacteroidota;c__Bacteroidia;o__Cytophagales;f__Cyclobacteriaceae;g__UBA2336;s__,N/A,N/A,N/A,0,0,F03,,,,,,,,FALSE,,FALSE,Te.F.3.L.B,Teal,dorm_sample,9
R022_R024.combined.F03,semibin2_40,40.28,4.74,Neural Network (Specific Model),11,0.902,29708,304.8996488,2016795,0.65,1993,87,97185,d__Bacteria;p__Pseudomonadota;c__Alphaproteobacteria;o__Sphingomonadales;f__Sphingomonadaceae;g__Sphingopyxis;s__,N/A,N/A,N/A,0,0,F03,,,,,,,,FALSE,,FALSE,Te.F.3.L.B,Teal,dorm_sample,9
R022_R024.combined.F03,semibin2_41,45.3,11.77,Neural Network (Specific Model),11,0.887,38296,283.8379078,3695392,0.63,3862,135,137973,d__Bacteria;p__Pseudomonadota;c__Alphaproteobacteria;o__Sphingomonadales;f__Sphingomonadaceae;g__Sphingopyxis;s__,N/A,N/A,N/A,0,0,F03,,,,,,,,FALSE,u100386ctg_len-8266,TRUE,Te.F.3.L.B,Teal,dorm_sample,9
R022_R024.combined.F03,semibin2_42,48.59,4.85,Neural Network (Specific Model),11,0.866,20703,264.4319592,4116811,0.65,4512,222,127416,d__Bacteria;p__Pseudomonadota;c__Alphaproteobacteria;o__Sphingomonadales;f__Sphingomonadaceae;g__Erythrobacter;s__,N/A,N/A,N/A,0,0,F03,,,,,,,,FALSE,,FALSE,Te.F.3.L.B,Teal,dorm_sample,9
R022_R024.combined.F03,semibin2_43,31.79,4.03,Neural Network (Specific Model),11,0.874,20759,274.9602813,2270611,0.61,2417,113,196245,d__Bacteria;p__Pseudomonadota;c__Gammaproteobacteria;o__;f__;g__;s__,N/A,N/A,N/A,0,0,F03,,,,,,,,FALSE,u82130ctg_len-196245;u109966ctg_len-194385;u77113ctg_len-64495,TRUE,Te.F.3.L.B,Teal,dorm_sample,9
R022_R024.combined.F03,semibin2_5,97.82,1.49,Neural Network (Specific Model),11,0.904,113918,296.1989673,2849448,0.66,2905,38,208095,d__Bacteria;p__Pseudomonadota;c__Alphaproteobacteria;o__Caulobacterales;f__Caulobacteraceae;g__Brevundimonas;s__,N/A,N/A,N/A,0,0,F03,,,,,,,,FALSE,,FALSE,Te.F.3.L.B,Teal,dorm_sample,9
R022_R024.combined.F03,semibin2_6,94.55,3.45,Gradient Boost (General Model),11,0.912,743473,340.9569224,4855754,0.51,4341,10,1039165,d__Bacteria;p__Cyanobacteriota;c__Vampirovibrionia;o__Obscuribacterales;f__Obscuribacteraceae;g__JAFKGK01;s__,N/A,N/A,N/A,1,0,F03,,,,,,,,FALSE,,FALSE,Te.F.3.L.B,Teal,dorm_sample,9
R022_R024.combined.F03,semibin2_7,94.51,5.67,Gradient Boost (General Model),11,0.888,179108,327.5097227,6134289,0.59,5554,52,501789,d__Bacteria;p__Chloroflexota;c__Anaerolineae;o__Aggregatilineales;f__Phototrophicaceae;g__Flexifilum;s__,N/A,N/A,N/A,0,0,F03,,,,,,,,FALSE,,FALSE,Te.F.3.L.B,Teal,dorm_sample,9
R022_R024.combined.F03,semibin2_8,98.79,0.22,Neural Network (Specific Model),11,0.903,3393630,312.2043833,4061219,0.65,3924,2,3393630,d__Bacteria;p__Pseudomonadota;c__Alphaproteobacteria;o__Sphingomonadales;f__Sphingomonadaceae;g__Sphingopyxis;s__,N/A,N/A,N/A,1,0,F03,,,,,,,,FALSE,,FALSE,Te.F.3.L.B,Teal,dorm_sample,9
R022_R024.combined.F03,semibin2_9,90.71,0.21,Gradient Boost (General Model),11,0.892,70484,324.9994188,3753068,0.43,3441,79,258555,d__Bacteria;p__Bacteroidota;c__Bacteroidia;o__Chitinophagales;f__Chitinophagaceae;g__Ferruginibacter;s__,N/A,N/A,N/A,0,0,F03,,,,,,,,FALSE,,FALSE,Te.F.3.L.B,Teal,dorm_sample,9
R022_R024.combined.F06,complete.10,99.98,0.14,Neural Network (Specific Model),11,0.885,4258111,327.4770833,4258111,0.63,3840,1,4258111,d__Bacteria;p__Pseudomonadota;c__Gammaproteobacteria;o__Burkholderiales;f__Burkholderiaceae_C;g__Acidovorax;s__Acidovorax temperans,GCF_006716905.1,d__Bacteria;p__Pseudomonadota;c__Gammaproteobacteria;o__Burkholderiales;f__Burkholderiaceae_C;g__Acidovorax;s__Acidovorax temperans,96.45,1,1,F06,4,4,4,12,57,4,0,TRUE,,FALSE,Me.F.2.L.A,Memorial,dorm_sample,45
R022_R024.combined.F06,complete.12,99.93,0.01,Neural Network (Specific Model),11,0.904,4036974,325.0950347,4036974,0.64,3746,1,4036974,d__Bacteria;p__Pseudomonadota;c__Alphaproteobacteria;o__Sphingomonadales;f__Sphingomonadaceae;g__Blastomonas;s__Blastomonas ursincola,GCF_013607875.1,d__Bacteria;p__Pseudomonadota;c__Alphaproteobacteria;o__Sphingomonadales;f__Sphingomonadaceae;g__Blastomonas;s__Blastomonas ursincola,98.22,1,1,F06,2,2,2,6,51,2,2,TRUE,,FALSE,Me.F.2.L.A,Memorial,dorm_sample,45
R022_R024.combined.F06,complete.30,98.54,0.16,Gradient Boost (General Model),11,0.889,4427679,330.3522013,4427679,0.46,3975,1,4427679,d__Bacteria;p__Acidobacteriota;c__Blastocatellia;o__Pyrinomonadales;f__Pyrinomonadaceae;g__;s__,N/A,N/A,N/A,1,1,F06,2,2,2,6,66,2,2,TRUE,u103172ctg_len-4427679,TRUE,Me.F.2.L.A,Memorial,dorm_sample,45
R022_R024.combined.F06,complete.31,100,0.02,Neural Network (Specific Model),11,0.892,3926168,312.0514941,3926168,0.66,3748,1,3926168,d__Bacteria;p__Pseudomonadota;c__Gammaproteobacteria;o__Burkholderiales;f__Burkholderiaceae_C;g__Ottowia;s__Ottowia sp018060485,GCA_018060485.1,d__Bacteria;p__Pseudomonadota;c__Gammaproteobacteria;o__Burkholderiales;f__Burkholderiaceae_C;g__Ottowia;s__Ottowia sp018060485,98.66,1,1,F06,1,1,1,3,42,1,3,TRUE,u247100ctg_len-3926168,TRUE,Me.F.2.L.A,Memorial,dorm_sample,45
R022_R024.combined.F06,complete.32,100,0.45,Neural Network (Specific Model),11,0.904,4226876,315.9393714,4226876,0.65,4041,1,4226876,d__Bacteria;p__Pseudomonadota;c__Alphaproteobacteria;o__Sphingomonadales;f__Sphingomonadaceae;g__Sphingopyxis;s__Sphingopyxis sp001468395,GCF_001468395.1,d__Bacteria;p__Pseudomonadota;c__Alphaproteobacteria;o__Sphingomonadales;f__Sphingomonadaceae;g__Sphingopyxis;s__Sphingopyxis sp001468395,97.16,1,1,F06,1,1,1,3,50,1,0,TRUE,u133187ctg_len-4226876,TRUE,Me.F.2.L.A,Memorial,dorm_sample,45
R022_R024.combined.F06,complete.33,96.48,2.95,Gradient Boost (General Model),11,0.913,5036233,340.5105298,5036233,0.51,4511,1,5036233,d__Bacteria;p__Cyanobacteriota;c__Vampirovibrionia;o__Obscuribacterales;f__Obscuribacteraceae;g__JAFKGK01;s__JAFKGK01 sp017307165,GCA_017307165.1,d__Bacteria;p__Cyanobacteriota;c__Vampirovibrionia;o__Obscuribacterales;f__Obscuribacteraceae;g__JAFKGK01;s__JAFKGK01 sp017307165,98.8,1,1,F06,2,1,2,5,40,0,1,TRUE,u109345ctg_len-5036233,TRUE,Me.F.2.L.A,Memorial,dorm_sample,45
R022_R024.combined.F06,complete.34,97.5,0.9,Neural Network (Specific Model),11,0.88,5485430,319.8081349,5485430,0.61,5040,1,5485430,d__Bacteria;p__Bacteroidota;c__Bacteroidia;o__Cytophagales;f__Spirosomataceae;g__JAJAZB01;s__,N/A,N/A,N/A,1,1,F06,2,2,2,6,54,2,2,TRUE,u145085ctg_len-5485430,TRUE,Me.F.2.L.A,Memorial,dorm_sample,45
R022_R024.combined.F06,complete.5,99.99,0.15,Neural Network (Specific Model),11,0.901,3921925,308.41793,3921925,0.65,3826,1,3921925,d__Bacteria;p__Pseudomonadota;c__Alphaproteobacteria;o__Sphingomonadales;f__Sphingomonadaceae;g__Sphingopyxis;s__Sphingopyxis soli,GCF_018682675.1,d__Bacteria;p__Pseudomonadota;c__Alphaproteobacteria;o__Sphingomonadales;f__Sphingomonadaceae;g__Sphingopyxis;s__Sphingopyxis soli,98.71,1,1,F06,1,1,1,3,53,1,4,TRUE,,FALSE,Me.F.2.L.A,Memorial,dorm_sample,45
R022_R024.combined.F06,complete.9,100,0.36,Neural Network (Specific Model),11,0.888,4894680,326.019762,4894680,0.67,4453,1,4894680,d__Bacteria;p__Pseudomonadota;c__Gammaproteobacteria;o__Xanthomonadales;f__Xanthomonadaceae;g__Stenotrophomonas;s__Stenotrophomonas muris,GCF_024621935.1,d__Bacteria;p__Pseudomonadota;c__Gammaproteobacteria;o__Xanthomonadales;f__Xanthomonadaceae;g__Stenotrophomonas;s__Stenotrophomonas muris,99.86,1,1,F06,4,3,3,10,72,2,2,TRUE,,FALSE,Me.F.2.L.A,Memorial,dorm_sample,45
R022_R024.combined.F06,metabat2.14,99.98,3.12,Neural Network (Specific Model),11,0.908,1109372,316.1443137,3988222,0.67,3825,6,1147827,d__Bacteria;p__Pseudomonadota;c__Alphaproteobacteria;o__Caulobacterales;f__Caulobacteraceae;g__Caulobacter;s__,N/A,N/A,N/A,1,0,F06,,,,,,,,FALSE,,FALSE,Me.F.2.L.A,Memorial,dorm_sample,45
R022_R024.combined.F06,metabat2.18,99.98,1,Neural Network (Specific Model),11,0.904,2295092,330.6690363,4160450,0.38,3798,5,2295092,d__Bacteria;p__Bacteroidota;c__Bacteroidia;o__Flavobacteriales;f__Flavobacteriaceae;g__Flavobacterium;s__Flavobacterium lindanitolerans,GCF_002846575.1,d__Bacteria;p__Bacteroidota;c__Bacteroidia;o__Flavobacteriales;f__Flavobacteriaceae;g__Flavobacterium;s__Flavobacterium lindanitolerans,98.13,1,0,F06,,,,,,,,FALSE,,FALSE,Me.F.2.L.A,Memorial,dorm_sample,45
R022_R024.combined.F06,metabat2.19,99.98,0.46,Neural Network (Specific Model),11,0.872,1197682,311.6748782,7697506,0.64,7185,13,1720804,d__Bacteria;p__Pseudomonadota;c__Alphaproteobacteria;o__Rhizobiales;f__Xanthobacteraceae;g__Bradyrhizobium;s__Bradyrhizobium sp001556045,GCF_001556045.1,d__Bacteria;p__Pseudomonadota;c__Alphaproteobacteria;o__Rhizobiales;f__Xanthobacteraceae;g__Bradyrhizobium;s__Bradyrhizobium sp001556045,99.96,1,0,F06,,,,,,,,FALSE,,FALSE,Me.F.2.L.A,Memorial,dorm_sample,45
R022_R024.combined.F06,metabat2.20,84.95,19.14,Neural Network (Specific Model),11,0.909,50841,305.6338061,4256418,0.67,4230,87,134010,d__Bacteria;p__Pseudomonadota;c__Alphaproteobacteria;o__Sphingomonadales;f__Sphingomonadaceae;g__Sphingomonas;s__Sphingomonas panaciterrae,GCF_036890205.1,d__Bacteria;p__Pseudomonadota;c__Alphaproteobacteria;o__Sphingomonadales;f__Sphingomonadaceae;g__Sphingomonas;s__Sphingomonas panaciterrae,96.03,0,0,F06,,,,,,,,FALSE,,FALSE,Me.F.2.L.A,Memorial,dorm_sample,45
R022_R024.combined.F06,metabat2.21,100,0.43,Neural Network (Specific Model),11,0.913,3703593,318.3783325,6144334,0.67,5889,3,3703593,d__Bacteria;p__Actinomycetota;c__Actinomycetes;o__Mycobacteriales;f__Mycobacteriaceae;g__Mycobacterium;s__Mycobacterium phocaicum,GCF_010731115.1,d__Bacteria;p__Actinomycetota;c__Actinomycetes;o__Mycobacteriales;f__Mycobacteriaceae;g__Mycobacterium;s__Mycobacterium phocaicum,95.49,1,0,F06,,,,,,,,FALSE,,FALSE,Me.F.2.L.A,Memorial,dorm_sample,45
R022_R024.combined.F06,metabat2.23,100,0.16,Neural Network (Specific Model),11,0.91,2331991,318.1664574,4171504,0.65,3983,2,2331991,d__Bacteria;p__Pseudomonadota;c__Alphaproteobacteria;o__Sphingomonadales;f__Sphingomonadaceae;g__Sphingopyxis;s__Sphingopyxis sp001830555,GCF_001830555.1,d__Bacteria;p__Pseudomonadota;c__Alphaproteobacteria;o__Sphingomonadales;f__Sphingomonadaceae;g__Sphingopyxis;s__Sphingopyxis sp001830555,95.73,1,0,F06,,,,,,,,FALSE,,FALSE,Me.F.2.L.A,Memorial,dorm_sample,45
R022_R024.combined.F06,metabat2.26,91.44,3.18,Neural Network (Specific Model),11,0.906,169552,307.2872575,4134079,0.67,4073,34,310086,d__Bacteria;p__Pseudomonadota;c__Alphaproteobacteria;o__Caulobacterales;f__Caulobacteraceae;g__Phenylobacterium;s__,N/A,N/A,N/A,0,0,F06,,,,,,,,FALSE,,FALSE,Me.F.2.L.A,Memorial,dorm_sample,45
R022_R024.combined.F06,metabat2.31,100,0.07,Neural Network (Specific Model),11,0.903,1242286,318.7817994,4089436,0.67,3868,4,1537046,d__Bacteria;p__Pseudomonadota;c__Gammaproteobacteria;o__Xanthomonadales;f__Xanthomonadaceae;g__Pseudoxanthomonas_A;s__Pseudoxanthomonas_A mexicana,GCF_010093385.1,d__Bacteria;p__Pseudomonadota;c__Gammaproteobacteria;o__Xanthomonadales;f__Xanthomonadaceae;g__Pseudoxanthomonas_A;s__Pseudoxanthomonas_A mexicana,97.19,1,0,F06,,,,,,,,FALSE,,FALSE,Me.F.2.L.A,Memorial,dorm_sample,45
R022_R024.combined.F06,semibin2_10,76.55,0.03,Neural Network (Specific Model),11,0.911,70111,298.6790677,2188731,0.7,2231,38,165044,d__Bacteria;p__Pseudomonadota;c__Alphaproteobacteria;o__Caulobacterales;f__Caulobacteraceae;g__Brevundimonas;s__Brevundimonas balnearis,GCF_042434805.1,d__Bacteria;p__Pseudomonadota;c__Alphaproteobacteria;o__Caulobacterales;f__Caulobacteraceae;g__Brevundimonas;s__Brevundimonas balnearis,96.29,0,0,F06,,,,,,,,FALSE,,FALSE,Me.F.2.L.A,Memorial,dorm_sample,45
R022_R024.combined.F06,semibin2_11,70.18,1.06,Neural Network (Specific Model),11,0.91,37951,326.4928309,3217891,0.66,2999,104,85754,d__Bacteria;p__Gemmatimonadota;c__Gemmatimonadetes;o__Gemmatimonadales;f__Gemmatimonadaceae;g__Gemmatimonas;s__Gemmatimonas sp002483225,GCF_002483225.1,d__Bacteria;p__Gemmatimonadota;c__Gemmatimonadetes;o__Gemmatimonadales;f__Gemmatimonadaceae;g__Gemmatimonas;s__Gemmatimonas sp002483225,97.6,0,0,F06,,,,,,,,FALSE,,FALSE,Me.F.2.L.A,Memorial,dorm_sample,45
R022_R024.combined.F06,semibin2_12,81.73,3.42,Neural Network (Specific Model),11,0.852,50012,289.4260291,5660294,0.71,5563,151,115569,d__Bacteria;p__Pseudomonadota;c__Alphaproteobacteria;o__Rhizobiales;f__Beijerinckiaceae;g__Methylobacterium;s__Methylobacterium radiotolerans,GCF_000019725.1,d__Bacteria;p__Pseudomonadota;c__Alphaproteobacteria;o__Rhizobiales;f__Beijerinckiaceae;g__Methylobacterium;s__Methylobacterium radiotolerans,98.89,0,0,F06,,,,,,,,FALSE,,FALSE,Me.F.2.L.A,Memorial,dorm_sample,45
R022_R024.combined.F06,semibin2_13,78.81,1.97,Gradient Boost (General Model),11,0.901,39213,318.8920295,4157708,0.53,3927,118,139346,d__Bacteria;p__Cyanobacteriota;c__Vampirovibrionia;o__Obscuribacterales;f__Obscuribacteraceae;g__Ga0077546;s__,N/A,N/A,N/A,0,0,F06,,,,,,,,FALSE,,FALSE,Me.F.2.L.A,Memorial,dorm_sample,45
R022_R024.combined.F06,semibin2_14,70.24,0.85,Gradient Boost (General Model),11,0.904,36941,314.5957998,3619056,0.46,3476,116,98463,d__Bacteria;p__Bacteroidota;c__Bacteroidia;o__Chitinophagales;f__Chitinophagaceae;g__Flavitalea;s__,N/A,N/A,N/A,0,0,F06,,,,,,,,FALSE,,FALSE,Me.F.2.L.A,Memorial,dorm_sample,45
R022_R024.combined.F06,semibin2_15,68.59,7.52,Neural Network (Specific Model),11,0.895,34716,293.0934699,3058697,0.65,3124,102,129199,d__Bacteria;p__Pseudomonadota;c__Alphaproteobacteria;o__Sphingomonadales;f__Sphingomonadaceae;g__Sphingobium;s__Sphingobium yanoikuyae_A,GCF_013001025.1,d__Bacteria;p__Pseudomonadota;c__Alphaproteobacteria;o__Sphingomonadales;f__Sphingomonadaceae;g__Sphingobium;s__Sphingobium yanoikuyae_A,95.25,0,0,F06,,,,,,,,FALSE,,FALSE,Me.F.2.L.A,Memorial,dorm_sample,45
R022_R024.combined.F06,semibin2_17,86.43,0.06,Gradient Boost (General Model),11,0.882,93380,360.4031576,4338458,0.68,3547,65,292206,d__Bacteria;p__Pseudomonadota;c__Gammaproteobacteria;o__Xanthomonadales;f__Rhodanobacteraceae;g__Tahibacter;s__,N/A,N/A,N/A,0,0,F06,,,,,,,,FALSE,,FALSE,Me.F.2.L.A,Memorial,dorm_sample,45
R022_R024.combined.F06,semibin2_18,56.42,1.21,Gradient Boost (General Model),11,0.904,24669,293.3198587,2471877,0.62,2548,108,46463,d__Bacteria;p__Bdellovibrionota;c__UBA1018;o__CAIPTA01;f__CAIPTA01;g__JAKFYM01;s__,N/A,N/A,N/A,0,0,F06,,,,,,,,FALSE,,FALSE,Me.F.2.L.A,Memorial,dorm_sample,45
R022_R024.combined.F06,semibin2_19,61.75,0.81,Neural Network (Specific Model),11,0.875,36608,288.7047308,2421681,0.37,2452,80,80518,d__Bacteria;p__Bacteroidota;c__Bacteroidia;o__Flavobacteriales;f__Weeksellaceae;g__Chryseobacterium;s__Chryseobacterium salviniae,GCF_035819015.1,d__Bacteria;p__Bacteroidota;c__Bacteroidia;o__Flavobacteriales;f__Weeksellaceae;g__Chryseobacterium;s__Chryseobacterium salviniae,99.95,0,0,F06,,,,,,,,FALSE,,FALSE,Me.F.2.L.A,Memorial,dorm_sample,45
R022_R024.combined.F06,semibin2_20,60.88,6.05,Neural Network (Specific Model),11,0.899,34517,298.1343936,2496085,0.68,2515,82,114637,d__Bacteria;p__Pseudomonadota;c__Alphaproteobacteria;o__Sphingomonadales;f__Sphingomonadaceae;g__Sphingomonas;s__Sphingomonas hankookensis_A,GCF_028551275.1,d__Bacteria;p__Pseudomonadota;c__Alphaproteobacteria;o__Sphingomonadales;f__Sphingomonadaceae;g__Sphingomonas;s__Sphingomonas hankookensis_A,98.49,0,0,F06,,,,,,,,FALSE,,FALSE,Me.F.2.L.A,Memorial,dorm_sample,45
R022_R024.combined.F06,semibin2_21,47.88,6.82,Gradient Boost (General Model),11,0.873,22024,270.3535135,1713308,0.41,1850,90,44856,d__Bacteria;p__Pseudomonadota;c__Gammaproteobacteria;o__Legionellales;f__Legionellaceae;g__Legionella;s__,N/A,N/A,N/A,0,0,F06,,,,,,,,FALSE,,FALSE,Me.F.2.L.A,Memorial,dorm_sample,45
R022_R024.combined.F06,semibin2_22,50.06,7.07,Neural Network (Specific Model),11,0.893,29725,304.9509178,2561025,0.68,2506,106,181426,d__Bacteria;p__Pseudomonadota;c__Gammaproteobacteria;o__Xanthomonadales;f__Xanthomonadaceae;g__Pseudoxanthomonas_A;s__,N/A,N/A,N/A,0,0,F06,,,,,,,,FALSE,,FALSE,Me.F.2.L.A,Memorial,dorm_sample,45
R022_R024.combined.F06,semibin2_23,39.46,4.3,Neural Network (Specific Model),11,0.905,38401,298.8166244,1555527,0.65,1576,46,84499,d__Bacteria;p__Pseudomonadota;c__Alphaproteobacteria;o__Sphingomonadales;f__Sphingomonadaceae;g__Sphingopyxis;s__,N/A,N/A,N/A,0,0,F06,,,,,,,,FALSE,,FALSE,Me.F.2.L.A,Memorial,dorm_sample,45
R022_R024.combined.F06,semibin2_24,36.66,3.4,Neural Network (Specific Model),11,0.912,27071,301.7286452,2491014,0.67,2517,101,78362,d__Bacteria;p__Actinomycetota;c__Actinomycetes;o__Mycobacteriales;f__Mycobacteriaceae;g__Mycobacterium;s__,N/A,N/A,N/A,0,0,F06,,,,,,,,FALSE,,FALSE,Me.F.2.L.A,Memorial,dorm_sample,45
R022_R024.combined.F06,semibin2_25,22.68,0.7,Neural Network (Specific Model),11,0.888,24991,326.3443038,1303157,0.68,1185,57,120205,d__Bacteria;p__Pseudomonadota;c__Gammaproteobacteria;o__Xanthomonadales;f__Rhodanobacteraceae;g__Tahibacter;s__,N/A,N/A,N/A,0,0,F06,,,,,,,,FALSE,,FALSE,Me.F.2.L.A,Memorial,dorm_sample,45
R022_R024.combined.F06,semibin2_26,9.55,0,Neural Network (Specific Model),11,0.896,19102,252.3867684,331224,0.68,393,19,35760,d__Bacteria;p__Pseudomonadota;c__Alphaproteobacteria;o__Caulobacterales;f__Caulobacteraceae;g__Brevundimonas;s__Brevundimonas diminuta,GCF_000204035.1,d__Bacteria;p__Pseudomonadota;c__Alphaproteobacteria;o__Caulobacterales;f__Caulobacteraceae;g__Brevundimonas;s__Brevundimonas diminuta,96.13,0,0,F06,,,,,,,,FALSE,,FALSE,Me.F.2.L.A,Memorial,dorm_sample,45
R022_R024.combined.F06,semibin2_30,5.75,0.01,Neural Network (Specific Model),11,0.871,33280,268.5903614,229870,0.66,249,7,48166,d__Bacteria;p__Pseudomonadota;c__Gammaproteobacteria;o__Burkholderiales;f__Burkholderiaceae_C;g__Ottowia;s__,N/A,N/A,N/A,0,0,F06,,,,,,,,FALSE,,FALSE,Me.F.2.L.A,Memorial,dorm_sample,45
R022_R024.combined.F06,semibin2_46,13.32,0.95,Neural Network (Specific Model),11,0.875,24943,266.3028902,786494,0.63,865,36,46564,d__Bacteria;p__Pseudomonadota;c__Alphaproteobacteria;o__Sphingomonadales;f__Sphingomonadaceae;g__Sphingobium;s__,N/A,N/A,N/A,0,0,F06,,,,,,,,FALSE,,FALSE,Me.F.2.L.A,Memorial,dorm_sample,45
R022_R024.combined.F06,semibin2_48_sub,48.79,9.52,Neural Network (Specific Model),11,0.889,20204,280.9506759,2586304,0.67,2737,142,61916,d__Bacteria;p__Pseudomonadota;c__Alphaproteobacteria;o__Sphingomonadales;f__Sphingomonadaceae;g__;s__,N/A,N/A,N/A,0,0,F06,,,,,,,,FALSE,,FALSE,Me.F.2.L.A,Memorial,dorm_sample,45
R022_R024.combined.F06,semibin2_49_sub,32.65,7.52,Neural Network (Specific Model),11,0.886,26107,279.0653182,2234681,0.65,2373,109,86140,d__Bacteria;p__Pseudomonadota;c__Alphaproteobacteria;o__Sphingomonadales;f__Sphingomonadaceae;g__Sphingomonas;s__,N/A,N/A,N/A,0,0,F06,,,,,,,,FALSE,,FALSE,Me.F.2.L.A,Memorial,dorm_sample,45
R022_R024.combined.F06,semibin2_50_sub,58.77,10.25,Neural Network (Specific Model),11,0.872,26367,278.3691927,5404292,0.65,5661,242,116988,d__Bacteria;p__Pseudomonadota;c__Alphaproteobacteria;o__Caulobacterales;f__Caulobacteraceae;g__;s__,N/A,N/A,N/A,0,0,F06,,,,,,,,FALSE,,FALSE,Me.F.2.L.A,Memorial,dorm_sample,45
R022_R024.combined.F06,semibin2_51,38.71,4.37,Neural Network (Specific Model),11,0.886,21999,287.2694196,3354943,0.64,3463,175,103911,d__Bacteria;p__Pseudomonadota;c__Alphaproteobacteria;o__Sphingomonadales;f__Sphingomonadaceae;g__Allosphingosinicella;s__,N/A,N/A,N/A,0,0,F06,,,,,,,,FALSE,,FALSE,Me.F.2.L.A,Memorial,dorm_sample,45
R022_R024.combined.F06,semibin2_6,94.83,0.07,Neural Network (Specific Model),11,0.922,317262,308.8766181,2478309,0.68,2472,12,580388,d__Bacteria;p__Actinomycetota;c__Actinomycetes;o__Actinomycetales;f__Microbacteriaceae;g__Rhodoglobus;s__,N/A,N/A,N/A,1,0,F06,,,,,,,,FALSE,,FALSE,Me.F.2.L.A,Memorial,dorm_sample,45
R022_R024.combined.F06,semibin2_8,90.69,4.08,Neural Network (Specific Model),11,0.89,280946,306.4696288,5501733,0.67,5334,42,502854,d__Bacteria;p__Pseudomonadota;c__Alphaproteobacteria;o__Rhizobiales;f__Beijerinckiaceae;g__Allobosea;s__,N/A,N/A,N/A,0,0,F06,,,,,,,,FALSE,,FALSE,Me.F.2.L.A,Memorial,dorm_sample,45
R022_R024.combined.F06,semibin2_9,88.07,0.23,Gradient Boost (General Model),11,0.901,87316,283.5320781,1351191,0.59,1434,25,275825,d__Bacteria;p__Pseudomonadota;c__Alphaproteobacteria;o__UBA2136;f__UBA6156;g__;s__,N/A,N/A,N/A,0,0,F06,,,,,,,,FALSE,,FALSE,Me.F.2.L.A,Memorial,dorm_sample,45
R022_R024.combined.F07,complete.6,100,0.06,Neural Network (Specific Model),11,0.891,4103909,309.8543147,4103909,0.66,3940,1,4103909,d__Bacteria;p__Pseudomonadota;c__Gammaproteobacteria;o__Burkholderiales;f__Burkholderiaceae_C;g__Ottowia;s__Ottowia sp018060485,GCA_018060485.1,d__Bacteria;p__Pseudomonadota;c__Gammaproteobacteria;o__Burkholderiales;f__Burkholderiaceae_C;g__Ottowia;s__Ottowia sp018060485,98.61,1,1,F07,1,1,1,3,46,1,2,TRUE,u108519ctg_len-4103909,TRUE,Pe.F.4.H.C,Penland,dorm_sample,14.1
R022_R024.combined.F07,metabat2.17,99.2,3.3,Neural Network (Specific Model),11,0.913,1701411,315.3290051,5651141,0.67,5468,7,1940232,d__Bacteria;p__Actinomycetota;c__Actinomycetes;o__Mycobacteriales;f__Mycobacteriaceae;g__Mycobacterium;s__Mycobacterium phocaicum,GCF_010731115.1,d__Bacteria;p__Actinomycetota;c__Actinomycetes;o__Mycobacteriales;f__Mycobacteriaceae;g__Mycobacterium;s__Mycobacterium phocaicum,95.47,1,0,F07,,,,,,,,FALSE,u69871ctg_len-400663,TRUE,Pe.F.4.H.C,Penland,dorm_sample,14.1
R022_R024.combined.F07,metabat2.4,100,0.4,Neural Network (Specific Model),11,0.894,4273350,339.4819744,4701615,0.67,4133,2,4273350,d__Bacteria;p__Pseudomonadota;c__Gammaproteobacteria;o__Xanthomonadales;f__Xanthomonadaceae;g__Lysobacter_I;s__Lysobacter_I sp036404915,GCA_036404915.1,d__Bacteria;p__Pseudomonadota;c__Gammaproteobacteria;o__Xanthomonadales;f__Xanthomonadaceae;g__Lysobacter_I;s__Lysobacter_I sp036404915,97.27,1,0,F07,,,,,,,,FALSE,,FALSE,Pe.F.4.H.C,Penland,dorm_sample,14.1
R022_R024.combined.F07,metabat2.8_sub,60.65,6.12,Neural Network (Specific Model),11,0.913,66232,312.9519157,3989129,0.67,3889,63,261013,d__Bacteria;p__Actinomycetota;c__Actinomycetes;o__Mycobacteriales;f__Mycobacteriaceae;g__Mycobacterium;s__,N/A,N/A,N/A,0,0,F07,,,,,,,,FALSE,,FALSE,Pe.F.4.H.C,Penland,dorm_sample,14.1
R022_R024.combined.F07,semibin2_11,33.78,0.02,Neural Network (Specific Model),11,0.841,15344,299.9900803,2261210,0.49,2117,154,36595,d__Bacteria;p__Bacteroidota;c__Bacteroidia;o__Cytophagales;f__172606-1;g__Xanthocytophaga;s__,N/A,N/A,N/A,0,0,F07,,,,,,,,FALSE,,FALSE,Pe.F.4.H.C,Penland,dorm_sample,14.1
R022_R024.combined.F07,semibin2_13,19.09,0,Neural Network (Specific Model),11,0.924,13023,260.9625247,428197,0.59,507,34,26211,d__Bacteria;p__Pseudomonadota;c__Alphaproteobacteria;o__Rickettsiales;f__UBA3002;g__QFOX01;s__,N/A,N/A,N/A,0,0,F07,,,,,,,,FALSE,,FALSE,Pe.F.4.H.C,Penland,dorm_sample,14.1
R022_R024.combined.F07,semibin2_2,93.84,0.42,Gradient Boost (General Model),11,0.891,70041,321.1437632,4088130,0.44,3784,69,241231,d__Bacteria;p__Acidobacteriota;c__Blastocatellia;o__Pyrinomonadales;f__Pyrinomonadaceae;g__;s__,N/A,N/A,N/A,0,0,F07,,,,,,,,FALSE,,FALSE,Pe.F.4.H.C,Penland,dorm_sample,14.1
R022_R024.combined.F07,semibin2_26,46.5,9.96,Neural Network (Specific Model),11,0.909,14701,289.4296494,2146308,0.65,2253,147,88185,d__Bacteria;p__Pseudomonadota;c__Alphaproteobacteria;o__Sphingomonadales;f__Sphingomonadaceae;g__Erythrobacter;s__,N/A,N/A,N/A,0,0,F07,,,,,,,,FALSE,,FALSE,Pe.F.4.H.C,Penland,dorm_sample,14.1
R022_R024.combined.F07,semibin2_3,83.78,5.55,Neural Network (Specific Model),11,0.898,177937,311.3521635,3455397,0.65,3328,28,853249,d__Bacteria;p__Pseudomonadota;c__Alphaproteobacteria;o__Sphingomonadales;f__Sphingomonadaceae;g__Blastomonas;s__Blastomonas ursincola,GCF_013607875.1,d__Bacteria;p__Pseudomonadota;c__Alphaproteobacteria;o__Sphingomonadales;f__Sphingomonadaceae;g__Blastomonas;s__Blastomonas ursincola,98.19,0,0,F07,,,,,,,,FALSE,,FALSE,Pe.F.4.H.C,Penland,dorm_sample,14.1
R022_R024.combined.F07,semibin2_31,39.66,6.35,Gradient Boost (General Model),11,0.887,17926,277.5081672,6243169,0.65,6673,378,175122,d__Bacteria;p__Pseudomonadota;c__Alphaproteobacteria;o__;f__;g__;s__,N/A,N/A,N/A,0,0,F07,,,,,,,,FALSE,,FALSE,Pe.F.4.H.C,Penland,dorm_sample,14.1
R022_R024.combined.F07,semibin2_32,33.56,5.45,Neural Network (Specific Model),11,0.876,12867,269.8685345,2564279,0.63,2784,209,81493,d__Bacteria;p__Pseudomonadota;c__Alphaproteobacteria;o__Sphingomonadales;f__Sphingomonadaceae;g__Erythrobacter;s__,N/A,N/A,N/A,0,0,F07,,,,,,,,FALSE,,FALSE,Pe.F.4.H.C,Penland,dorm_sample,14.1
R022_R024.combined.F07,semibin2_33,24.22,1.36,Neural Network (Specific Model),11,0.887,12864,261.345074,1725926,0.63,1959,141,61968,d__Bacteria;p__Pseudomonadota;c__Gammaproteobacteria;o__Burkholderiales;f__Burkholderiaceae_C;g__Ottowia;s__,N/A,N/A,N/A,0,0,F07,,,,,,,,FALSE,,FALSE,Pe.F.4.H.C,Penland,dorm_sample,14.1
R022_R024.combined.F07,semibin2_4,83.28,0.97,Neural Network (Specific Model),11,0.923,39035,325.0436348,4974195,0.7,4721,172,137449,d__Bacteria;p__Pseudomonadota;c__Gammaproteobacteria;o__Burkholderiales;f__Burkholderiaceae_C;g__Aquincola;s__,N/A,N/A,N/A,0,0,F07,,,,,,,,FALSE,,FALSE,Pe.F.4.H.C,Penland,dorm_sample,14.1
R022_R024.combined.F07,semibin2_5,79.86,0.42,Neural Network (Specific Model),11,0.918,45342,307.8668503,3280144,0.64,3267,96,121488,d__Bacteria;p__Pseudomonadota;c__Alphaproteobacteria;o__Sphingomonadales;f__Sphingomonadaceae;g__Sphingopyxis;s__,N/A,N/A,N/A,0,0,F07,,,,,,,,FALSE,,FALSE,Pe.F.4.H.C,Penland,dorm_sample,14.1
R022_R024.combined.F07,semibin2_6,54.69,4.03,Neural Network (Specific Model),11,0.877,19678,288.8911223,2353490,0.64,2388,132,61010,d__Bacteria;p__Pseudomonadota;c__Gammaproteobacteria;o__Burkholderiales;f__Burkholderiaceae_C;g__Acidovorax;s__Acidovorax temperans,GCF_006716905.1,d__Bacteria;p__Pseudomonadota;c__Gammaproteobacteria;o__Burkholderiales;f__Burkholderiaceae_C;g__Acidovorax;s__Acidovorax temperans,95.96,0,0,F07,,,,,,,,FALSE,,FALSE,Pe.F.4.H.C,Penland,dorm_sample,14.1
R022_R024.combined.F07,semibin2_7,19.23,0,Neural Network (Specific Model),11,0.882,13692,283.2611367,625655,0.64,651,46,37664,d__Bacteria;p__Pseudomonadota;c__Alphaproteobacteria;o__Rhizobiales;f__Hyphomicrobiaceae;g__JAKAXS01;s__JAKAXS01 sp021816505,GCA_021816505.1,d__Bacteria;p__Pseudomonadota;c__Alphaproteobacteria;o__Rhizobiales;f__Hyphomicrobiaceae;g__JAKAXS01;s__JAKAXS01 sp021816505,98.33,0,0,F07,,,,,,,,FALSE,,FALSE,Pe.F.4.H.C,Penland,dorm_sample,14.1
R022_R024.combined.F07,semibin2_9,45.84,0.18,Neural Network (Specific Model),11,0.835,17912,327.9048693,2607986,0.7,2218,162,46976,d__Bacteria;p__Pseudomonadota;c__Gammaproteobacteria;o__Xanthomonadales;f__Xanthomonadaceae;g__Lysobacter;s__,N/A,N/A,N/A,0,0,F07,,,,,,,,FALSE,,FALSE,Pe.F.4.H.C,Penland,dorm_sample,14.1
R022_R024.combined.G01,complete.13,99.99,0.06,Neural Network (Specific Model),11,0.915,4678161,358.7846386,4678161,0.7,3984,1,4678161,d__Bacteria;p__Pseudomonadota;c__Gammaproteobacteria;o__Xanthomonadales;f__Ahniellaceae;g__JBGAHD01;s__,N/A,N/A,N/A,1,1,G01,2,3,2,7,48,2,0,TRUE,u92524ctg_len-4678161,TRUE,Ea.F.1.H.A,Earl,dorm_sample,21.75
R022_R024.combined.G01,metabat2.11_sub,34.18,0.24,Neural Network (Specific Model),11,0.912,44104,299.3725919,2242126,0.66,2284,48,180329,d__Bacteria;p__Actinomycetota;c__Actinomycetes;o__Mycobacteriales;f__Mycobacteriaceae;g__Mycobacterium;s__Mycobacterium fortuitum,GCF_022179545.1,d__Bacteria;p__Actinomycetota;c__Actinomycetes;o__Mycobacteriales;f__Mycobacteriaceae;g__Mycobacterium;s__Mycobacterium fortuitum,98.44,0,0,G01,,,,,,,,FALSE,,FALSE,Ea.F.1.H.A,Earl,dorm_sample,21.75
R022_R024.combined.G01,metabat2.20_sub,35.65,3.67,Neural Network (Specific Model),11,0.895,58652,294.4243015,1514657,0.65,1539,26,140025,d__Bacteria;p__Pseudomonadota;c__Alphaproteobacteria;o__Sphingomonadales;f__Sphingomonadaceae;g__Sphingopyxis;s__,N/A,N/A,N/A,0,0,G01,,,,,,,,FALSE,,FALSE,Ea.F.1.H.A,Earl,dorm_sample,21.75
R022_R024.combined.G01,metabat2.24,79.79,0.1,Neural Network (Specific Model),11,0.887,65814,328.4349186,3547410,0.67,3196,55,180193,d__Bacteria;p__Pseudomonadota;c__Gammaproteobacteria;o__Xanthomonadales;f__Xanthomonadaceae;g__Lysobacter_I;s__Lysobacter_I sp036404915,GCA_036404915.1,d__Bacteria;p__Pseudomonadota;c__Gammaproteobacteria;o__Xanthomonadales;f__Xanthomonadaceae;g__Lysobacter_I;s__Lysobacter_I sp036404915,97.09,0,0,G01,,,,,,,,FALSE,,FALSE,Ea.F.1.H.A,Earl,dorm_sample,21.75
R022_R024.combined.G01,metabat2.26_sub,62.93,0.43,Neural Network (Specific Model),11,0.905,61872,304.3503081,3103349,0.65,3083,52,359554,d__Bacteria;p__Pseudomonadota;c__Alphaproteobacteria;o__Sphingomonadales;f__Sphingomonadaceae;g__Sphingomonas;s__,N/A,N/A,N/A,0,0,G01,,,,,,,,FALSE,,FALSE,Ea.F.1.H.A,Earl,dorm_sample,21.75
R022_R024.combined.G01,metabat2.30,51.96,0.05,Neural Network (Specific Model),11,0.893,53668,294.1947128,1939354,0.65,1967,40,131632,d__Bacteria;p__Pseudomonadota;c__Alphaproteobacteria;o__Sphingomonadales;f__Sphingomonadaceae;g__Blastomonas;s__Blastomonas ursincola,GCF_013607875.1,d__Bacteria;p__Pseudomonadota;c__Alphaproteobacteria;o__Sphingomonadales;f__Sphingomonadaceae;g__Blastomonas;s__Blastomonas ursincola,97.67,0,0,G01,,,,,,,,FALSE,,FALSE,Ea.F.1.H.A,Earl,dorm_sample,21.75
R022_R024.combined.G01,metabat2.35,100,0.73,Neural Network (Specific Model),11,0.842,540182,349.3728033,5941626,0.69,4780,18,1040332,d__Bacteria;p__Pseudomonadota;c__Gammaproteobacteria;o__Xanthomonadales;f__Xanthomonadaceae;g__Lysobacter;s__,N/A,N/A,N/A,1,0,G01,,,,,,,,FALSE,,FALSE,Ea.F.1.H.A,Earl,dorm_sample,21.75
R022_R024.combined.G01,metabat2.37,68.22,6.55,Neural Network (Specific Model),11,0.897,108088,304.5488215,2414061,0.67,2376,26,431263,d__Bacteria;p__Pseudomonadota;c__Alphaproteobacteria;o__Caulobacterales;f__Caulobacteraceae;g__Brevundimonas;s__,N/A,N/A,N/A,0,0,G01,,,,,,,,FALSE,,FALSE,Ea.F.1.H.A,Earl,dorm_sample,21.75
R022_R024.combined.G01,semibin2_1,99.98,0.25,Neural Network (Specific Model),11,0.89,2564315,304.8720494,3825888,0.66,3728,4,2564315,d__Bacteria;p__Pseudomonadota;c__Gammaproteobacteria;o__Burkholderiales;f__Burkholderiaceae_C;g__Ottowia;s__Ottowia sp018060485,GCA_018060485.1,d__Bacteria;p__Pseudomonadota;c__Gammaproteobacteria;o__Burkholderiales;f__Burkholderiaceae_C;g__Ottowia;s__Ottowia sp018060485,98.9,1,0,G01,,,,,,,,FALSE,u113870ctg_len-1063995;u139373ctg_len-2564315,TRUE,Ea.F.1.H.A,Earl,dorm_sample,21.75
R022_R024.combined.G01,semibin2_10,68.29,2.33,Gradient Boost (General Model),11,0.891,33668,324.0633348,5055016,0.43,4642,171,114284,d__Bacteria;p__Bacteroidota;c__Bacteroidia;o__Chitinophagales;f__Chitinophagaceae;g__Agriterribacter;s__,N/A,N/A,N/A,0,0,G01,,,,,,,,FALSE,,FALSE,Ea.F.1.H.A,Earl,dorm_sample,21.75
R022_R024.combined.G01,semibin2_11,46.25,0.09,Neural Network (Specific Model),11,0.909,25343,316.985081,2447430,0.47,2346,105,111470,d__Bacteria;p__Bacteroidota;c__Bacteroidia;o__Cytophagales;f__UBA9547;g__;s__,N/A,N/A,N/A,0,0,G01,,,,,,,,FALSE,,FALSE,Ea.F.1.H.A,Earl,dorm_sample,21.75
R022_R024.combined.G01,semibin2_12,72.18,0.34,Neural Network (Specific Model),11,0.906,39008,286.9840637,2615714,0.67,2761,80,87429,d__Bacteria;p__Pseudomonadota;c__Alphaproteobacteria;o__Sphingomonadales;f__Sphingomonadaceae;g__Sphingomonas;s__,N/A,N/A,N/A,0,0,G01,,,,,,,,FALSE,,FALSE,Ea.F.1.H.A,Earl,dorm_sample,21.75
R022_R024.combined.G01,semibin2_14,54.17,1.3,Neural Network (Specific Model),11,0.891,26961,301.7191675,3943255,0.49,3892,167,78388,d__Bacteria;p__Bacteroidota;c__Bacteroidia;o__Cytophagales;f__Cyclobacteriaceae;g__Chryseolinea;s__,N/A,N/A,N/A,0,0,G01,,,,,,,,FALSE,,FALSE,Ea.F.1.H.A,Earl,dorm_sample,21.75
R022_R024.combined.G01,semibin2_16,64.47,1.68,Gradient Boost (General Model),11,0.879,25499,298.5533368,3869239,0.59,3806,173,84341,d__Bacteria;p__Chloroflexota;c__Anaerolineae;o__Aggregatilineales;f__Phototrophicaceae;g__Flexifilum;s__,N/A,N/A,N/A,0,0,G01,,,,,,,,FALSE,,FALSE,Ea.F.1.H.A,Earl,dorm_sample,21.75
R022_R024.combined.G01,semibin2_17,46.25,0.09,Gradient Boost (General Model),11,0.928,32631,300.3005411,1969084,0.47,2033,71,78941,d__Bacteria;p__Bacteroidota;c__Bacteroidia;o__Cytophagales;f__Cyclobacteriaceae;g__UBA2336;s__,N/A,N/A,N/A,0,0,G01,,,,,,,,FALSE,,FALSE,Ea.F.1.H.A,Earl,dorm_sample,21.75
R022_R024.combined.G01,semibin2_2,100,1.55,Neural Network (Specific Model),11,0.913,1048260,316.0365337,5869631,0.67,5666,9,2763105,d__Bacteria;p__Actinomycetota;c__Actinomycetes;o__Mycobacteriales;f__Mycobacteriaceae;g__Mycobacterium;s__Mycobacterium phocaicum,GCF_010731115.1,d__Bacteria;p__Actinomycetota;c__Actinomycetes;o__Mycobacteriales;f__Mycobacteriaceae;g__Mycobacterium;s__Mycobacterium phocaicum,95.32,1,0,G01,,,,,,,,FALSE,u143807ctg_len-384208,TRUE,Ea.F.1.H.A,Earl,dorm_sample,21.75
R022_R024.combined.G01,semibin2_28,10.93,0.01,Neural Network (Specific Model),11,0.884,19074,268.4288889,408410,0.54,450,23,30849,d__Bacteria;p__Acidobacteriota;c__Blastocatellia;o__Pyrinomonadales;f__Pyrinomonadaceae;g__OLB17;s__,N/A,N/A,N/A,0,0,G01,,,,,,,,FALSE,,FALSE,Ea.F.1.H.A,Earl,dorm_sample,21.75
R022_R024.combined.G01,semibin2_3,96.76,9.41,Neural Network (Specific Model),11,0.9,1169391,314.6479558,4735162,0.64,4525,12,1870611,d__Bacteria;p__Pseudomonadota;c__Alphaproteobacteria;o__Sphingomonadales;f__Sphingomonadaceae;g__Sphingopyxis;s__,N/A,N/A,N/A,0,0,G01,,,,,,,,FALSE,,FALSE,Ea.F.1.H.A,Earl,dorm_sample,21.75
R022_R024.combined.G01,semibin2_4,88.69,1.02,Gradient Boost (General Model),11,0.891,74980,323.5594326,3832274,0.43,3525,72,248773,d__Bacteria;p__Bacteroidota;c__Bacteroidia;o__Chitinophagales;f__Chitinophagaceae;g__Ferruginibacter;s__,N/A,N/A,N/A,0,0,G01,,,,,,,,FALSE,,FALSE,Ea.F.1.H.A,Earl,dorm_sample,21.75
R022_R024.combined.G01,semibin2_48_sub,29.44,0.66,Neural Network (Specific Model),11,0.907,57321,289.349586,1037976,0.66,1087,23,143943,d__Bacteria;p__Pseudomonadota;c__Alphaproteobacteria;o__Caulobacterales;f__Caulobacteraceae;g__Brevundimonas;s__,N/A,N/A,N/A,0,0,G01,,,,,,,,FALSE,,FALSE,Ea.F.1.H.A,Earl,dorm_sample,21.75
R022_R024.combined.G01,semibin2_5,79.73,1.54,Gradient Boost (General Model),11,0.872,51598,311.4835714,4491749,0.47,4200,107,147801,d__Bacteria;p__Acidobacteriota;c__Blastocatellia;o__Pyrinomonadales;f__Pyrinomonadaceae;g__DATHTS01;s__,N/A,N/A,N/A,0,0,G01,,,,,,,,FALSE,,FALSE,Ea.F.1.H.A,Earl,dorm_sample,21.75
R022_R024.combined.G01,semibin2_50,23.83,1.85,Neural Network (Specific Model),11,0.89,24584,292.3819242,1347690,0.45,1372,66,126982,d__Bacteria;p__Bacteroidota;c__Bacteroidia;o__B-17B0;f__Aurantibacillaceae;g__UBA4416;s__,N/A,N/A,N/A,0,0,G01,,,,,,,,FALSE,,FALSE,Ea.F.1.H.A,Earl,dorm_sample,21.75
R022_R024.combined.G01,semibin2_51,17.29,1.02,Neural Network (Specific Model),11,0.878,17200,286.1064611,1326839,0.42,1362,74,66894,d__Bacteria;p__Bacteroidota;c__Bacteroidia;o__Chitinophagales;f__;g__;s__,N/A,N/A,N/A,0,0,G01,,,,,,,,FALSE,,FALSE,Ea.F.1.H.A,Earl,dorm_sample,21.75
R022_R024.combined.G01,semibin2_52,32.13,5.72,Neural Network (Specific Model),11,0.882,27127,288.4269737,1488844,0.67,1520,61,89385,d__Bacteria;p__Pseudomonadota;c__Gammaproteobacteria;o__Burkholderiales;f__Burkholderiaceae_C;g__Ottowia;s__Ottowia sp018060485,GCA_018060485.1,d__Bacteria;p__Pseudomonadota;c__Gammaproteobacteria;o__Burkholderiales;f__Burkholderiaceae_C;g__Ottowia;s__Ottowia sp018060485,98.74,0,0,G01,,,,,,,,FALSE,,FALSE,Ea.F.1.H.A,Earl,dorm_sample,21.75
R022_R024.combined.G01,semibin2_53_sub,58.86,10.42,Neural Network (Specific Model),11,0.898,23219,293.1531865,5008965,0.66,5131,245,116897,d__Bacteria;p__Actinomycetota;c__Actinomycetes;o__Mycobacteriales;f__Mycobacteriaceae;g__Mycobacterium;s__,N/A,N/A,N/A,0,0,G01,,,,,,,,FALSE,,FALSE,Ea.F.1.H.A,Earl,dorm_sample,21.75
R022_R024.combined.G01,semibin2_58,66.33,23.16,Neural Network (Specific Model),11,0.892,35256,292.2193244,3947114,0.65,4026,128,104022,d__Bacteria;p__Pseudomonadota;c__Alphaproteobacteria;o__Sphingomonadales;f__Sphingomonadaceae;g__Sphingopyxis;s__,N/A,N/A,N/A,0,0,G01,,,,,,,,FALSE,,FALSE,Ea.F.1.H.A,Earl,dorm_sample,21.75
R022_R024.combined.G01,semibin2_59,38.41,5.46,Neural Network (Specific Model),11,0.897,22090,298.1365079,2190792,0.65,2205,106,145071,d__Bacteria;p__Pseudomonadota;c__Alphaproteobacteria;o__Sphingomonadales;f__Sphingomonadaceae;g__Sphingopyxis;s__,N/A,N/A,N/A,0,0,G01,,,,,,,,FALSE,,FALSE,Ea.F.1.H.A,Earl,dorm_sample,21.75
R022_R024.combined.G01,semibin2_6,71.44,0.43,Neural Network (Specific Model),11,0.871,30143,278.2654976,2343645,0.39,2452,84,114234,d__Bacteria;p__Pseudomonadota;c__Gammaproteobacteria;o__Pseudomonadales;f__Moraxellaceae;g__Acinetobacter;s__Acinetobacter junii,GCF_000368765.1,d__Bacteria;p__Pseudomonadota;c__Gammaproteobacteria;o__Pseudomonadales;f__Moraxellaceae;g__Acinetobacter;s__Acinetobacter junii,98.06,0,0,G01,,,,,,,,FALSE,,FALSE,Ea.F.1.H.A,Earl,dorm_sample,21.75
R022_R024.combined.G01,semibin2_60_sub,63.31,13.67,Gradient Boost (General Model),11,0.878,23213,277.7233518,4603709,0.65,4869,226,96889,d__Bacteria;p__Pseudomonadota;c__Alphaproteobacteria;o__Rhizobiales;f__Hyphomicrobiaceae;g__Hyphomicrobium_C;s__,N/A,N/A,N/A,0,0,G01,,,,,,,,FALSE,,FALSE,Ea.F.1.H.A,Earl,dorm_sample,21.75
R022_R024.combined.G01,semibin2_63,52.95,10.28,Neural Network (Specific Model),11,0.871,18558,270.1246689,4905695,0.64,5286,288,69163,d__Bacteria;p__Pseudomonadota;c__Alphaproteobacteria;o__JBCCNR01;f__;g__;s__,N/A,N/A,N/A,0,0,G01,,,,,,,,FALSE,,FALSE,Ea.F.1.H.A,Earl,dorm_sample,21.75
R022_R024.combined.G01,semibin2_7,78.41,2.14,Neural Network (Specific Model),11,0.901,76192,309.7491128,2900552,0.66,2818,51,269019,d__Bacteria;p__Pseudomonadota;c__Alphaproteobacteria;o__Sphingomonadales;f__Sphingomonadaceae;g__Erythrobacter;s__,N/A,N/A,N/A,0,0,G01,,,,,,,,FALSE,,FALSE,Ea.F.1.H.A,Earl,dorm_sample,21.75
R022_R024.combined.G01,semibin2_8,67.55,7.83,Neural Network (Specific Model),11,0.897,40564,296.8171196,3642844,0.69,3680,107,138248,d__Bacteria;p__Pseudomonadota;c__Alphaproteobacteria;o__Caulobacterales;f__Caulobacteraceae;g__Phenylobacterium;s__,N/A,N/A,N/A,0,0,G01,,,,,,,,FALSE,,FALSE,Ea.F.1.H.A,Earl,dorm_sample,21.75
R022_R024.combined.G01,semibin2_9,35.31,2.72,Neural Network (Specific Model),11,0.885,19043,271.5167874,1393595,0.71,1519,80,35575,d__Bacteria;p__Actinomycetota;c__Actinomycetes;o__Actinomycetales;f__Microbacteriaceae;g__Pseudolysinimonas_A;s__,N/A,N/A,N/A,0,0,G01,,,,,,,,FALSE,,FALSE,Ea.F.1.H.A,Earl,dorm_sample,21.75
R022_R024.combined.G03,complete.11,100,0.1,Neural Network (Specific Model),11,0.902,4244205,330.5686579,4244205,0.67,3867,1,4244205,d__Bacteria;p__Pseudomonadota;c__Gammaproteobacteria;o__Xanthomonadales;f__Xanthomonadaceae;g__Pseudoxanthomonas_A;s__Pseudoxanthomonas_A japonensis,GCF_010093445.1,d__Bacteria;p__Pseudomonadota;c__Gammaproteobacteria;o__Xanthomonadales;f__Xanthomonadaceae;g__Pseudoxanthomonas_A;s__Pseudoxanthomonas_A japonensis,96.87,1,1,G03,2,2,2,6,51,1,0,TRUE,,FALSE,Te.M.2.H.A,Teal,dorm_sample,48
R022_R024.combined.G03,complete.16,95.45,43.15,Neural Network (Specific Model),11,0.912,6469553,326.4350348,6469553,0.68,6034,1,6469553,d__Bacteria;p__Pseudomonadota;c__Gammaproteobacteria;o__Burkholderiales;f__Burkholderiaceae_C;g__Ottowia;s__Ottowia sp018060485,GCA_018060485.1,d__Bacteria;p__Pseudomonadota;c__Gammaproteobacteria;o__Burkholderiales;f__Burkholderiaceae_C;g__Ottowia;s__Ottowia sp018060485,97.86,0,0,G03,,,,,,,,FALSE,,FALSE,Te.M.2.H.A,Teal,dorm_sample,48
R022_R024.combined.G03,complete.19,100,1.94,Neural Network (Specific Model),11,0.912,3091030,306.8284969,3091030,0.66,3067,1,3091030,d__Bacteria;p__Pseudomonadota;c__Alphaproteobacteria;o__Caulobacterales;f__Caulobacteraceae;g__Brevundimonas;s__,N/A,N/A,N/A,1,1,G03,1,1,1,3,46,1,2,TRUE,,FALSE,Te.M.2.H.A,Teal,dorm_sample,48
R022_R024.combined.G03,complete.2,100,0.16,Neural Network (Specific Model),11,0.913,6023153,320.8722698,6023153,0.67,5723,1,6023153,d__Bacteria;p__Actinomycetota;c__Actinomycetes;o__Mycobacteriales;f__Mycobacteriaceae;g__Mycobacterium;s__Mycobacterium phocaicum,GCF_010731115.1,d__Bacteria;p__Actinomycetota;c__Actinomycetes;o__Mycobacteriales;f__Mycobacteriaceae;g__Mycobacterium;s__Mycobacterium phocaicum,95.35,1,1,G03,2,2,2,6,62,2,0,TRUE,,FALSE,Te.M.2.H.A,Teal,dorm_sample,48
R022_R024.combined.G03,complete.43,100,0.05,Neural Network (Specific Model),11,0.92,6763073,318.109191,6763073,0.66,6539,1,6763073,d__Bacteria;p__Actinomycetota;c__Actinomycetes;o__Mycobacteriales;f__Mycobacteriaceae;g__Mycobacterium;s__Mycobacterium fortuitum,GCF_022179545.1,d__Bacteria;p__Actinomycetota;c__Actinomycetes;o__Mycobacteriales;f__Mycobacteriaceae;g__Mycobacterium;s__Mycobacterium fortuitum,98.61,1,1,G03,2,2,2,6,57,2,3,TRUE,u47690ctg_len-6763073,TRUE,Te.M.2.H.A,Teal,dorm_sample,48
R022_R024.combined.G03,complete.45,100,1.24,Neural Network (Specific Model),11,0.911,3257270,311.6910006,3257270,0.66,3178,1,3257270,d__Bacteria;p__Pseudomonadota;c__Alphaproteobacteria;o__Caulobacterales;f__Caulobacteraceae;g__Brevundimonas;s__Brevundimonas huaxiensis,GCF_014218725.1,d__Bacteria;p__Pseudomonadota;c__Alphaproteobacteria;o__Caulobacterales;f__Caulobacteraceae;g__Brevundimonas;s__Brevundimonas huaxiensis,95.49,1,1,G03,2,2,1,5,49,1,1,TRUE,u742112ctg_len-3257270,TRUE,Te.M.2.H.A,Teal,dorm_sample,48
R022_R024.combined.G03,complete.46,99.98,0.88,Neural Network (Specific Model),11,0.917,2440368,315.9860406,2440368,0.56,2364,1,2440368,d__Bacteria;p__Pseudomonadota;c__Alphaproteobacteria;o__Micavibrionales;f__UBA2020;g__JAEXMB01;s__,N/A,N/A,N/A,1,1,G03,1,1,1,3,40,1,1,TRUE,u543966ctg_len-2440368,TRUE,Te.M.2.H.A,Teal,dorm_sample,48
R022_R024.combined.G03,complete.47,100,0.24,Neural Network (Specific Model),11,0.903,3999346,319.2450384,3999346,0.64,3779,1,3999346,d__Bacteria;p__Pseudomonadota;c__Alphaproteobacteria;o__Sphingomonadales;f__Sphingomonadaceae;g__Blastomonas;s__Blastomonas ursincola,GCF_013607875.1,d__Bacteria;p__Pseudomonadota;c__Alphaproteobacteria;o__Sphingomonadales;f__Sphingomonadaceae;g__Blastomonas;s__Blastomonas ursincola,97.42,1,1,G03,2,2,2,6,49,2,0,TRUE,u687594ctg_len-3999346,TRUE,Te.M.2.H.A,Teal,dorm_sample,48
R022_R024.combined.G03,complete.48,100,0.28,Neural Network (Specific Model),11,0.906,4493769,334.3477619,4493769,0.67,4066,1,4493769,d__Bacteria;p__Pseudomonadota;c__Gammaproteobacteria;o__Xanthomonadales;f__Xanthomonadaceae;g__Pseudoxanthomonas_A;s__,N/A,N/A,N/A,1,1,G03,2,2,2,6,51,1,0,TRUE,u786648ctg_len-4493769,TRUE,Te.M.2.H.A,Teal,dorm_sample,48
R022_R024.combined.G03,complete.49,100,0.13,Neural Network (Specific Model),11,0.846,6136642,350.1393658,6136642,0.69,4951,1,6136642,d__Bacteria;p__Pseudomonadota;c__Gammaproteobacteria;o__Xanthomonadales;f__Xanthomonadaceae;g__Lysobacter;s__,N/A,N/A,N/A,1,1,G03,2,2,2,6,58,2,2,TRUE,u619418ctg_len-6136642,TRUE,Te.M.2.H.A,Teal,dorm_sample,48
R022_R024.combined.G03,complete.50,97.5,0.55,Gradient Boost (General Model),11,0.896,4508726,333.5481555,4508726,0.45,4039,1,4508726,d__Bacteria;p__Acidobacteriota;c__Blastocatellia;o__Pyrinomonadales;f__Pyrinomonadaceae;g__JBPCRW01;s__,N/A,N/A,N/A,1,1,G03,1,1,1,3,70,1,1,TRUE,u760105ctg_len-4508726,TRUE,Te.M.2.H.A,Teal,dorm_sample,48
R022_R024.combined.G03,complete.6,99.99,0.21,Neural Network (Specific Model),11,0.893,4716902,326.9539749,4716902,0.67,4302,1,4716902,d__Bacteria;p__Pseudomonadota;c__Gammaproteobacteria;o__Xanthomonadales;f__Xanthomonadaceae;g__Stenotrophomonas;s__Stenotrophomonas tuberculopleuritidis,GCF_030549525.1,d__Bacteria;p__Pseudomonadota;c__Gammaproteobacteria;o__Xanthomonadales;f__Xanthomonadaceae;g__Stenotrophomonas;s__Stenotrophomonas tuberculopleuritidis,98.61,1,1,G03,3,2,2,7,73,1,4,TRUE,,FALSE,Te.M.2.H.A,Teal,dorm_sample,48
R022_R024.combined.G03,complete.8,99.96,0.75,Neural Network (Specific Model),11,0.918,4345292,318.0243495,4345292,0.65,4189,1,4345292,d__Bacteria;p__Pseudomonadota;c__Alphaproteobacteria;o__Sphingomonadales;f__Sphingomonadaceae;g__Sphingomonas;s__,N/A,N/A,N/A,1,1,G03,2,2,2,6,52,2,2,TRUE,,FALSE,Te.M.2.H.A,Teal,dorm_sample,48
R022_R024.combined.G03,complete.9,100,0.21,Neural Network (Specific Model),11,0.906,3630587,310.634436,3630587,0.67,3537,1,3630587,d__Bacteria;p__Pseudomonadota;c__Alphaproteobacteria;o__Caulobacterales;f__Caulobacteraceae;g__Brevundimonas;s__Brevundimonas sp006547065,GCF_006547065.1,d__Bacteria;p__Pseudomonadota;c__Alphaproteobacteria;o__Caulobacterales;f__Caulobacteraceae;g__Brevundimonas;s__Brevundimonas sp006547065,98.92,1,1,G03,2,2,2,6,50,2,1,TRUE,,FALSE,Te.M.2.H.A,Teal,dorm_sample,48
R022_R024.combined.G03,metabat2.13,99.98,0.36,Neural Network (Specific Model),11,0.915,3690958,321.0217338,4251881,0.66,4049,2,3690958,d__Bacteria;p__Pseudomonadota;c__Alphaproteobacteria;o__Sphingomonadales;f__Sphingomonadaceae;g__Sphingomonas;s__Sphingomonas koreensis,GCF_002797435.1,d__Bacteria;p__Pseudomonadota;c__Alphaproteobacteria;o__Sphingomonadales;f__Sphingomonadaceae;g__Sphingomonas;s__Sphingomonas koreensis,98.4,1,0,G03,,,,,,,,FALSE,,FALSE,Te.M.2.H.A,Teal,dorm_sample,48
R022_R024.combined.G03,metabat2.27,85.19,7.95,Neural Network (Specific Model),11,0.914,157161,318.3968804,4212473,0.64,4039,43,310698,d__Bacteria;p__Pseudomonadota;c__Alphaproteobacteria;o__Sphingomonadales;f__Sphingomonadaceae;g__Sphingopyxis;s__,N/A,N/A,N/A,0,0,G03,,,,,,,,FALSE,,FALSE,Te.M.2.H.A,Teal,dorm_sample,48
R022_R024.combined.G03,metabat2.30,100,2.53,Neural Network (Specific Model),11,0.924,4644534,324.6471763,5790201,0.7,5507,4,4644534,d__Bacteria;p__Actinomycetota;c__Actinomycetes;o__Mycobacteriales;f__Mycobacteriaceae;g__Mycobacterium;s__Mycobacterium grossiae,GCF_008329645.1,d__Bacteria;p__Actinomycetota;c__Actinomycetes;o__Mycobacteriales;f__Mycobacteriaceae;g__Mycobacterium;s__Mycobacterium grossiae,98.18,1,0,G03,,,,,,,,FALSE,,FALSE,Te.M.2.H.A,Teal,dorm_sample,48
R022_R024.combined.G03,metabat2.33,82.07,2.04,Neural Network (Specific Model),11,0.921,468980,314.2615047,5590844,0.66,5476,21,734951,d__Bacteria;p__Actinomycetota;c__Actinomycetes;o__Mycobacteriales;f__Mycobacteriaceae;g__Mycobacterium;s__Mycobacterium fortuitum,GCF_022179545.1,d__Bacteria;p__Actinomycetota;c__Actinomycetes;o__Mycobacteriales;f__Mycobacteriaceae;g__Mycobacterium;s__Mycobacterium fortuitum,99.02,0,0,G03,,,,,,,,FALSE,u186993ctg_len-185891,TRUE,Te.M.2.H.A,Teal,dorm_sample,48
R022_R024.combined.G03,metabat2.37,100,0.28,Neural Network (Specific Model),11,0.89,2465555,340.8376686,4762645,0.67,4152,4,2465555,d__Bacteria;p__Pseudomonadota;c__Gammaproteobacteria;o__Xanthomonadales;f__Xanthomonadaceae;g__Lysobacter_I;s__Lysobacter_I sp036404915,GCA_036404915.1,d__Bacteria;p__Pseudomonadota;c__Gammaproteobacteria;o__Xanthomonadales;f__Xanthomonadaceae;g__Lysobacter_I;s__Lysobacter_I sp036404915,97.27,1,0,G03,,,,,,,,FALSE,,FALSE,Te.M.2.H.A,Teal,dorm_sample,48
R022_R024.combined.G03,metabat2.39,86.54,0.01,Neural Network (Specific Model),11,0.915,140376,322.7891468,3229053,0.69,3059,29,483947,d__Bacteria;p__Pseudomonadota;c__Alphaproteobacteria;o__Sphingomonadales;f__Sphingomonadaceae;g__Sphingomonas;s__Sphingomonas ginsenosidimutans,GCF_002374835.1,d__Bacteria;p__Pseudomonadota;c__Alphaproteobacteria;o__Sphingomonadales;f__Sphingomonadaceae;g__Sphingomonas;s__Sphingomonas ginsenosidimutans,98.6,0,0,G03,,,,,,,,FALSE,,FALSE,Te.M.2.H.A,Teal,dorm_sample,48
R022_R024.combined.G03,metabat2.42,80.11,0.19,Neural Network (Specific Model),11,0.901,200392,318.5954341,2830977,0.67,2672,23,443890,d__Bacteria;p__Pseudomonadota;c__Gammaproteobacteria;o__Burkholderiales;f__Burkholderiaceae_C;g__Diaphorobacter;s__Diaphorobacter nitroreducens,GCF_003755025.1,d__Bacteria;p__Pseudomonadota;c__Gammaproteobacteria;o__Burkholderiales;f__Burkholderiaceae_C;g__Diaphorobacter;s__Diaphorobacter nitroreducens,98.19,0,0,G03,,,,,,,,FALSE,,FALSE,Te.M.2.H.A,Teal,dorm_sample,48
R022_R024.combined.G03,metabat2.43,99.79,0.8,Neural Network (Specific Model),11,0.895,1855019,311.0337756,3453083,0.67,3316,4,1855019,d__Bacteria;p__Pseudomonadota;c__Gammaproteobacteria;o__Burkholderiales;f__Burkholderiaceae_C;g__Ottowia;s__Ottowia sp018060485,GCA_018060485.1,d__Bacteria;p__Pseudomonadota;c__Gammaproteobacteria;o__Burkholderiales;f__Burkholderiaceae_C;g__Ottowia;s__Ottowia sp018060485,98.54,1,0,G03,,,,,,,,FALSE,,FALSE,Te.M.2.H.A,Teal,dorm_sample,48
R022_R024.combined.G03,metabat2.44,99.98,0.1,Neural Network (Specific Model),11,0.916,1006160,323.6506082,4435217,0.65,4193,8,1797452,d__Bacteria;p__Pseudomonadota;c__Alphaproteobacteria;o__Sphingomonadales;f__Sphingomonadaceae;g__Sphingopyxis;s__,N/A,N/A,N/A,1,0,G03,,,,,,,,FALSE,,FALSE,Te.M.2.H.A,Teal,dorm_sample,48
R022_R024.combined.G03,metabat2.54,99.99,0.59,Neural Network (Specific Model),11,0.913,2644022,320.6826277,3602186,0.66,3425,6,2644022,d__Bacteria;p__Pseudomonadota;c__Alphaproteobacteria;o__Sphingomonadales;f__Sphingomonadaceae;g__Sphingomonas;s__Sphingomonas sp943913195,GCF_045371305.1,d__Bacteria;p__Pseudomonadota;c__Alphaproteobacteria;o__Sphingomonadales;f__Sphingomonadaceae;g__Sphingomonas;s__Sphingomonas sp943913195,98.58,1,0,G03,,,,,,,,FALSE,,FALSE,Te.M.2.H.A,Teal,dorm_sample,48
R022_R024.combined.G03,metabat2.61,100,0.12,Neural Network (Specific Model),11,0.905,3517473,308.4782609,4435679,0.68,4347,2,3517473,d__Bacteria;p__Pseudomonadota;c__Alphaproteobacteria;o__Caulobacterales;f__Caulobacteraceae;g__Phenylobacterium;s__Phenylobacterium haematophilum,GCF_014196295.1,d__Bacteria;p__Pseudomonadota;c__Alphaproteobacteria;o__Caulobacterales;f__Caulobacteraceae;g__Phenylobacterium;s__Phenylobacterium haematophilum,99.13,1,0,G03,,,,,,,,FALSE,,FALSE,Te.M.2.H.A,Teal,dorm_sample,48
R022_R024.combined.G03,semibin2_10,95.61,1.58,Neural Network (Specific Model),11,0.916,258223,303.6590909,3142421,0.45,3168,12,516242,d__Bacteria;p__Bdellovibrionota;c__Bdellovibrionia;o__Bdellovibrionales;f__Bdellovibrionaceae;g__;s__,N/A,N/A,N/A,1,0,G03,,,,,,,,FALSE,,FALSE,Te.M.2.H.A,Teal,dorm_sample,48
R022_R024.combined.G03,semibin2_12,100,0.53,Neural Network (Specific Model),11,0.912,197820,369.1783758,7524976,0.47,6206,51,491609,d__Bacteria;p__Bacteroidota;c__Bacteroidia;o__Chitinophagales;f__Chitinophagaceae;g__Pseudobacter;s__,N/A,N/A,N/A,0,0,G03,,,,,,,,FALSE,,FALSE,Te.M.2.H.A,Teal,dorm_sample,48
R022_R024.combined.G03,semibin2_13,95.11,0.28,Gradient Boost (General Model),11,0.885,95701,337.0006158,5558849,0.5,4872,88,405365,d__Bacteria;p__Bacteroidota;c__Bacteroidia;o__B-17B0;f__Aurantibacillaceae;g__UBA4416;s__,N/A,N/A,N/A,0,0,G03,,,,,,,,FALSE,,FALSE,Te.M.2.H.A,Teal,dorm_sample,48
R022_R024.combined.G03,semibin2_14,81.7,1.27,Neural Network (Specific Model),11,0.85,153763,299.0258566,5008792,0.71,4757,49,310377,d__Bacteria;p__Pseudomonadota;c__Alphaproteobacteria;o__Rhizobiales;f__Beijerinckiaceae;g__Methylobacterium;s__Methylobacterium radiotolerans,GCF_000019725.1,d__Bacteria;p__Pseudomonadota;c__Alphaproteobacteria;o__Rhizobiales;f__Beijerinckiaceae;g__Methylobacterium;s__Methylobacterium radiotolerans,98.51,0,0,G03,,,,,,,,FALSE,,FALSE,Te.M.2.H.A,Teal,dorm_sample,48
R022_R024.combined.G03,semibin2_16,82.33,1.34,Neural Network (Specific Model),11,0.876,109168,305.0829596,3255625,0.37,3122,42,198854,d__Bacteria;p__Bacteroidota;c__Bacteroidia;o__Flavobacteriales;f__Weeksellaceae;g__Chryseobacterium;s__Chryseobacterium salviniae,GCF_035819015.1,d__Bacteria;p__Bacteroidota;c__Bacteroidia;o__Flavobacteriales;f__Weeksellaceae;g__Chryseobacterium;s__Chryseobacterium salviniae,99.88,0,0,G03,,,,,,,,FALSE,,FALSE,Te.M.2.H.A,Teal,dorm_sample,48
R022_R024.combined.G03,semibin2_19,73.63,10.05,Gradient Boost (General Model),11,0.92,40279,302.1274813,4457192,0.67,4534,130,94675,d__Bacteria;p__Pseudomonadota;c__Alphaproteobacteria;o__Reyranellales;f__Reyranellaceae;g__Reyranella;s__Reyranella sp964588065,GCA_964588065.1,d__Bacteria;p__Pseudomonadota;c__Alphaproteobacteria;o__Reyranellales;f__Reyranellaceae;g__Reyranella;s__Reyranella sp964588065,98.17,0,0,G03,,,,,,,,FALSE,,FALSE,Te.M.2.H.A,Teal,dorm_sample,48
R022_R024.combined.G03,semibin2_2,99.65,0.51,Gradient Boost (General Model),11,0.926,3763764,339.4568227,6659758,0.69,6068,3,3763764,d__Bacteria;p__Pseudomonadota;c__Gammaproteobacteria;o__Burkholderiales;f__Burkholderiaceae_C;g__Aquincola;s__,N/A,N/A,N/A,1,0,G03,,,,,,,,FALSE,u539814ctg_len-2870631;u612350ctg_len-3763764,TRUE,Te.M.2.H.A,Teal,dorm_sample,48
R022_R024.combined.G03,semibin2_20,71.24,8.4,Neural Network (Specific Model),11,0.913,76259,307.4590967,4728851,0.67,4694,79,289335,d__Bacteria;p__Actinomycetota;c__Actinomycetes;o__Mycobacteriales;f__Mycobacteriaceae;g__Mycobacterium;s__Mycobacterium phocaicum,GCF_010731115.1,d__Bacteria;p__Actinomycetota;c__Actinomycetes;o__Mycobacteriales;f__Mycobacteriaceae;g__Mycobacterium;s__Mycobacterium phocaicum,95.39,0,0,G03,,,,,,,,FALSE,,FALSE,Te.M.2.H.A,Teal,dorm_sample,48
R022_R024.combined.G03,semibin2_22,71.56,0.09,Neural Network (Specific Model),11,0.889,59207,328.601159,4395690,0.42,3969,84,155604,d__Bacteria;p__Bacteroidota;c__Bacteroidia;o__Chitinophagales;f__Chitinophagaceae;g__Niabella;s__Niabella sp052044285,GCF_052044285.1,d__Bacteria;p__Bacteroidota;c__Bacteroidia;o__Chitinophagales;f__Chitinophagaceae;g__Niabella;s__Niabella sp052044285,96.56,0,0,G03,,,,,,,,FALSE,,FALSE,Te.M.2.H.A,Teal,dorm_sample,48
R022_R024.combined.G03,semibin2_23,76.88,4.54,Neural Network (Specific Model),11,0.865,42799,324.6037937,5272643,0.44,4692,145,110438,d__Bacteria;p__Bacteroidota;c__Bacteroidia;o__Chitinophagales;f__Chitinophagaceae;g__Agriterribacter;s__Agriterribacter sp051955255,GCA_051955255.1,d__Bacteria;p__Bacteroidota;c__Bacteroidia;o__Chitinophagales;f__Chitinophagaceae;g__Agriterribacter;s__Agriterribacter sp051955255,98.47,0,0,G03,,,,,,,,FALSE,,FALSE,Te.M.2.H.A,Teal,dorm_sample,48
R022_R024.combined.G03,semibin2_24,58.75,1.2,Neural Network (Specific Model),11,0.924,34536,314.2443661,5190958,0.67,5103,171,88646,d__Bacteria;p__Myxococcota;c__Myxococcia;o__Myxococcales;f__Myxococcaceae;g__Archangium_A;s__Archangium_A gephyra_A,GCA_003243425.1,d__Bacteria;p__Myxococcota;c__Myxococcia;o__Myxococcales;f__Myxococcaceae;g__Archangium_A;s__Archangium_A gephyra_A,98.72,0,0,G03,,,,,,,,FALSE,,FALSE,Te.M.2.H.A,Teal,dorm_sample,48
R022_R024.combined.G03,semibin2_25,59.11,5.12,Gradient Boost (General Model),11,0.892,29604,343.8671855,4448848,0.7,3855,167,100981,d__Bacteria;p__Acidobacteriota;c__Vicinamibacteria;o__Vicinamibacterales;f__Vicinamibacteraceae;g__Luteitalea;s__,N/A,N/A,N/A,0,0,G03,,,,,,,,FALSE,,FALSE,Te.M.2.H.A,Teal,dorm_sample,48
R022_R024.combined.G03,semibin2_26,51.52,0.02,Gradient Boost (General Model),11,0.913,27247,264.5596944,905429,0.5,1047,43,47457,d__Bacteria;p__Pseudomonadota;c__Alphaproteobacteria;o__Rickettsiales;f__;g__;s__,N/A,N/A,N/A,0,0,G03,,,,,,,,FALSE,,FALSE,Te.M.2.H.A,Teal,dorm_sample,48
R022_R024.combined.G03,semibin2_27,72.94,1,Neural Network (Specific Model),11,0.878,51772,301.5666105,3659804,0.58,3558,85,177265,d__Bacteria;p__Pseudomonadota;c__Alphaproteobacteria;o__Rhizobiales;f__Rhizobiaceae;g__Agrobacterium;s__Agrobacterium cavarae,GCF_004310285.1,d__Bacteria;p__Pseudomonadota;c__Alphaproteobacteria;o__Rhizobiales;f__Rhizobiaceae;g__Agrobacterium;s__Agrobacterium cavarae,96.4,0,0,G03,,,,,,,,FALSE,,FALSE,Te.M.2.H.A,Teal,dorm_sample,48
R022_R024.combined.G03,semibin2_28,78.25,0.31,Neural Network (Specific Model),11,0.893,113182,314.4716099,3159407,0.67,2994,40,273972,d__Bacteria;p__Pseudomonadota;c__Gammaproteobacteria;o__Xanthomonadales;f__Xanthomonadaceae;g__Pseudoxanthomonas_A;s__Pseudoxanthomonas_A japonensis,GCF_010093445.1,d__Bacteria;p__Pseudomonadota;c__Gammaproteobacteria;o__Xanthomonadales;f__Xanthomonadaceae;g__Pseudoxanthomonas_A;s__Pseudoxanthomonas_A japonensis,96.1,0,0,G03,,,,,,,,FALSE,,FALSE,Te.M.2.H.A,Teal,dorm_sample,48
R022_R024.combined.G03,semibin2_29,44.17,2.36,Gradient Boost (General Model),11,0.904,20046,288.128943,1722532,0.68,1807,89,73228,d__Bacteria;p__Pseudomonadota;c__Alphaproteobacteria;o__Sphingomonadales;f__Sphingomonadaceae;g__Solisphingomonas;s__,N/A,N/A,N/A,0,0,G03,,,,,,,,FALSE,,FALSE,Te.M.2.H.A,Teal,dorm_sample,48
R022_R024.combined.G03,semibin2_30,51.44,0.2,Neural Network (Specific Model),11,0.916,27776,288.1913675,2461454,0.64,2618,99,78456,d__Bacteria;p__Actinomycetota;c__Actinomycetes;o__Mycobacteriales;f__Mycobacteriaceae;g__Mycobacterium;s__Mycobacterium gwanakae,GCF_016767715.1,d__Bacteria;p__Actinomycetota;c__Actinomycetes;o__Mycobacteriales;f__Mycobacteriaceae;g__Mycobacterium;s__Mycobacterium gwanakae,97.23,0,0,G03,,,,,,,,FALSE,,FALSE,Te.M.2.H.A,Teal,dorm_sample,48
R022_R024.combined.G03,semibin2_31,39.32,0.9,Neural Network (Specific Model),11,0.906,24219,316.855563,3121800,0.5,2984,140,70686,d__Bacteria;p__Bacteroidota;c__Bacteroidia;o__Cytophagales;f__Spirosomataceae;g__Dyadobacter;s__Dyadobacter fermentans_A,GCF_019924045.2,d__Bacteria;p__Bacteroidota;c__Bacteroidia;o__Cytophagales;f__Spirosomataceae;g__Dyadobacter;s__Dyadobacter fermentans_A,98.45,0,0,G03,,,,,,,,FALSE,,FALSE,Te.M.2.H.A,Teal,dorm_sample,48
R022_R024.combined.G03,semibin2_32,52.04,1.53,Gradient Boost (General Model),11,0.916,22169,292.6076668,2016396,0.47,2113,104,53610,d__Bacteria;p__Bacteroidota;c__Bacteroidia;o__Cytophagales;f__Cyclobacteriaceae;g__UBA2336;s__,N/A,N/A,N/A,0,0,G03,,,,,,,,FALSE,,FALSE,Te.M.2.H.A,Teal,dorm_sample,48
R022_R024.combined.G03,semibin2_33,75.7,1.09,Gradient Boost (General Model),11,0.904,32171,316.1209677,2726173,0.42,2604,103,99981,d__Bacteria;p__Bacteroidota;c__Bacteroidia;o__Cytophagales;f__Cytophagaceae;g__JACMQM01;s__,N/A,N/A,N/A,0,0,G03,,,,,,,,FALSE,,FALSE,Te.M.2.H.A,Teal,dorm_sample,48
R022_R024.combined.G03,semibin2_34,33,3.12,Neural Network (Specific Model),11,0.906,19343,292.4977238,1272112,0.68,1318,70,43426,d__Bacteria;p__Pseudomonadota;c__Alphaproteobacteria;o__Sphingomonadales;f__Sphingomonadaceae;g__Sphingomonas;s__,N/A,N/A,N/A,0,0,G03,,,,,,,,FALSE,,FALSE,Te.M.2.H.A,Teal,dorm_sample,48
R022_R024.combined.G03,semibin2_35_sub,51.59,0.17,Neural Network (Specific Model),11,0.888,1782045,303.5100147,2095550,0.66,2047,6,1782045,d__Bacteria;p__Pseudomonadota;c__Gammaproteobacteria;o__Burkholderiales;f__Burkholderiaceae_C;g__Ottowia;s__Ottowia sp018060485,GCA_018060485.1,d__Bacteria;p__Pseudomonadota;c__Gammaproteobacteria;o__Burkholderiales;f__Burkholderiaceae_C;g__Ottowia;s__Ottowia sp018060485,98.71,0,0,G03,,,,,,,,FALSE,u304778ctg_len-80677,TRUE,Te.M.2.H.A,Teal,dorm_sample,48
R022_R024.combined.G03,semibin2_36,50.85,7.31,Neural Network (Specific Model),11,0.895,20894,282.8579413,2030145,0.68,2147,113,38729,d__Bacteria;p__Pseudomonadota;c__Alphaproteobacteria;o__Caulobacterales;f__Caulobacteraceae;g__Brevundimonas;s__,N/A,N/A,N/A,0,0,G03,,,,,,,,FALSE,,FALSE,Te.M.2.H.A,Teal,dorm_sample,48
R022_R024.combined.G03,semibin2_38,21.95,0.55,Neural Network (Specific Model),11,0.893,22253,295.8476118,1305691,0.44,1319,67,68716,d__Bacteria;p__Bacteroidota;c__Bacteroidia;o__Chitinophagales;f__Chitinophagaceae;g__;s__,N/A,N/A,N/A,0,0,G03,,,,,,,,FALSE,,FALSE,Te.M.2.H.A,Teal,dorm_sample,48
R022_R024.combined.G03,semibin2_41_sub,52.46,8.74,Neural Network (Specific Model),11,0.878,32765,292.8944099,3215637,0.64,3220,119,315367,d__Bacteria;p__Pseudomonadota;c__Gammaproteobacteria;o__Burkholderiales;f__Burkholderiaceae_C;g__Acidovorax;s__,N/A,N/A,N/A,0,0,G03,,,,,,,,FALSE,,FALSE,Te.M.2.H.A,Teal,dorm_sample,48
R022_R024.combined.G03,semibin2_43,30.81,4.33,Neural Network (Specific Model),11,0.902,21013,291.9559014,1490827,0.69,1542,75,51599,d__Bacteria;p__Actinomycetota;c__Actinomycetes;o__Actinomycetales;f__Microbacteriaceae;g__Microbacterium;s__,N/A,N/A,N/A,0,0,G03,,,,,,,,FALSE,,FALSE,Te.M.2.H.A,Teal,dorm_sample,48
R022_R024.combined.G03,semibin2_44,38.07,6.98,Neural Network (Specific Model),11,0.886,17611,270.3271028,1855128,0.7,2033,110,50898,d__Bacteria;p__Actinomycetota;c__Actinomycetes;o__Actinomycetales;f__Microbacteriaceae;g__Microbacterium;s__,N/A,N/A,N/A,0,0,G03,,,,,,,,FALSE,,FALSE,Te.M.2.H.A,Teal,dorm_sample,48
R022_R024.combined.G03,semibin2_46,25.53,0.53,Neural Network (Specific Model),11,0.884,19208,277.4841334,1152201,0.51,1229,62,41082,d__Bacteria;p__Bdellovibrionota;c__Bdellovibrionia;o__Bdellovibrionales;f__JAMPXM01;g__CAJYOV01;s__,N/A,N/A,N/A,0,0,G03,,,,,,,,FALSE,,FALSE,Te.M.2.H.A,Teal,dorm_sample,48
R022_R024.combined.G03,semibin2_48,49.25,2.12,Neural Network (Specific Model),11,0.89,22011,301.9134935,2747191,0.7,2705,144,54750,d__Bacteria;p__Pseudomonadota;c__Gammaproteobacteria;o__Burkholderiales;f__Burkholderiaceae_C;g__Paracidovorax;s__Paracidovorax sp913774955,GCA_913774955.1,d__Bacteria;p__Pseudomonadota;c__Gammaproteobacteria;o__Burkholderiales;f__Burkholderiaceae_C;g__Paracidovorax;s__Paracidovorax sp913774955,95.65,0,0,G03,,,,,,,,FALSE,,FALSE,Te.M.2.H.A,Teal,dorm_sample,48
R022_R024.combined.G03,semibin2_7,100,0.52,Neural Network (Specific Model),11,0.907,1285933,311.3542875,6734299,0.67,6554,6,3023754,d__Bacteria;p__Actinomycetota;c__Actinomycetes;o__Mycobacteriales;f__Mycobacteriaceae;g__Mycobacterium;s__,N/A,N/A,N/A,1,0,G03,,,,,,,,FALSE,,FALSE,Te.M.2.H.A,Teal,dorm_sample,48
R022_R024.combined.G03,semibin2_79,49.69,8.75,Gradient Boost (General Model),11,0.877,22162,277.5149786,3980505,0.42,4206,197,94309,d__Bacteria;p__Bacteroidota;c__Bacteroidia;o__Flavobacteriales;f__Flavobacteriaceae;g__Flavobacterium;s__,N/A,N/A,N/A,0,0,G03,,,,,,,,FALSE,,FALSE,Te.M.2.H.A,Teal,dorm_sample,48
R022_R024.combined.G03,semibin2_8,99.99,0.6,Neural Network (Specific Model),11,0.907,1170444,326.3768246,4795137,0.67,4453,6,1870681,d__Bacteria;p__Pseudomonadota;c__Alphaproteobacteria;o__Sphingomonadales;f__Sphingomonadaceae;g__Sphingomonas;s__,N/A,N/A,N/A,1,0,G03,,,,,,,,FALSE,,FALSE,Te.M.2.H.A,Teal,dorm_sample,48
R022_R024.combined.G03,semibin2_9,99.79,8.68,Neural Network (Specific Model),11,0.893,472697,311.9294447,7104865,0.64,6789,22,1008635,d__Bacteria;p__Pseudomonadota;c__Alphaproteobacteria;o__Rhizobiales;f__Rhizobiaceae;g__Shinella;s__Shinella sp001262505,GCF_001262505.1,d__Bacteria;p__Pseudomonadota;c__Alphaproteobacteria;o__Rhizobiales;f__Rhizobiaceae;g__Shinella;s__Shinella sp001262505,98.61,0,0,G03,,,,,,,,FALSE,u548792ctg_len-355180,TRUE,Te.M.2.H.A,Teal,dorm_sample,48
R022_R024.combined.G04,metabat2.1,100,4.13,Neural Network (Specific Model),11,0.909,1102202,318.2055593,6292346,0.67,6008,9,1417163,d__Bacteria;p__Actinomycetota;c__Actinomycetes;o__Mycobacteriales;f__Mycobacteriaceae;g__Mycobacterium;s__Mycobacterium phocaicum,GCF_010731115.1,d__Bacteria;p__Actinomycetota;c__Actinomycetes;o__Mycobacteriales;f__Mycobacteriaceae;g__Mycobacterium;s__Mycobacterium phocaicum,95.49,1,0,G04,,,,,,,,FALSE,,FALSE,Te.F.3.H.A,Teal,dorm_sample,10.2
R022_R024.combined.G04,semibin2_1,27.8,1.75,Neural Network (Specific Model),11,0.899,17380,285.5856256,1070467,0.71,1127,67,43010,d__Bacteria;p__Actinomycetota;c__Actinomycetes;o__Actinomycetales;f__Microbacteriaceae;g__Agromyces;s__Agromyces mediolanus_A,GCF_023715325.1,d__Bacteria;p__Actinomycetota;c__Actinomycetes;o__Actinomycetales;f__Microbacteriaceae;g__Agromyces;s__Agromyces mediolanus_A,97.75,0,0,G04,,,,,,,,FALSE,,FALSE,Te.F.3.H.A,Teal,dorm_sample,10.2
R022_R024.combined.G04,semibin2_2_sub,49.67,7.49,Neural Network (Specific Model),11,0.881,19237,259.8286287,4841843,0.66,5491,278,108505,d__Bacteria;p__Actinomycetota;c__Actinomycetes;o__Mycobacteriales;f__Mycobacteriaceae;g__Mycobacterium;s__,N/A,N/A,N/A,0,0,G04,,,,,,,,FALSE,,FALSE,Te.F.3.H.A,Teal,dorm_sample,10.2
R022_R024.combined.G05,metabat2.10,80.45,0,Neural Network (Specific Model),11,0.911,134530,312.973535,4347188,0.67,4232,40,480926,d__Bacteria;p__Actinomycetota;c__Actinomycetes;o__Mycobacteriales;f__Mycobacteriaceae;g__Mycobacterium;s__Mycobacterium phocaicum,GCF_010731115.1,d__Bacteria;p__Actinomycetota;c__Actinomycetes;o__Mycobacteriales;f__Mycobacteriaceae;g__Mycobacterium;s__Mycobacterium phocaicum,95.81,0,0,G05,,,,,,,,FALSE,,FALSE,NR.F.3.H.C,NoRo,dorm_sample,16.5
R022_R024.combined.G05,semibin2_0,92.43,1.27,Neural Network (Specific Model),11,0.892,216918,336.2430845,4612516,0.67,4085,32,788997,d__Bacteria;p__Pseudomonadota;c__Gammaproteobacteria;o__Xanthomonadales;f__Xanthomonadaceae;g__Lysobacter_I;s__Lysobacter_I sp036404915,GCA_036404915.1,d__Bacteria;p__Pseudomonadota;c__Gammaproteobacteria;o__Xanthomonadales;f__Xanthomonadaceae;g__Lysobacter_I;s__Lysobacter_I sp036404915,97.41,0,0,G05,,,,,,,,FALSE,,FALSE,NR.F.3.H.C,NoRo,dorm_sample,16.5
R022_R024.combined.G05,semibin2_1,87.33,0.99,Neural Network (Specific Model),11,0.888,881176,304.2821514,3416600,0.67,3328,14,923172,d__Bacteria;p__Pseudomonadota;c__Gammaproteobacteria;o__Burkholderiales;f__Burkholderiaceae_C;g__Ottowia;s__Ottowia sp018060485,GCA_018060485.1,d__Bacteria;p__Pseudomonadota;c__Gammaproteobacteria;o__Burkholderiales;f__Burkholderiaceae_C;g__Ottowia;s__Ottowia sp018060485,98.9,0,0,G05,,,,,,,,FALSE,,FALSE,NR.F.3.H.C,NoRo,dorm_sample,16.5
R022_R024.combined.G05,semibin2_11,26.76,0.86,Neural Network (Specific Model),11,0.883,11827,284.4238411,1309809,0.44,1359,117,28403,d__Bacteria;p__Bacteroidota;c__Bacteroidia;o__Chitinophagales;f__Chitinophagaceae;g__Ferruginibacter;s__,N/A,N/A,N/A,0,0,G05,,,,,,,,FALSE,,FALSE,NR.F.3.H.C,NoRo,dorm_sample,16.5
R022_R024.combined.G05,semibin2_2,93.96,4.16,Neural Network (Specific Model),11,0.897,82143,323.0802843,4097226,0.67,3799,70,261842,d__Bacteria;p__Pseudomonadota;c__Gammaproteobacteria;o__Xanthomonadales;f__Xanthomonadaceae;g__Pseudoxanthomonas_A;s__Pseudoxanthomonas_A japonensis,GCF_010093445.1,d__Bacteria;p__Pseudomonadota;c__Gammaproteobacteria;o__Xanthomonadales;f__Xanthomonadaceae;g__Pseudoxanthomonas_A;s__Pseudoxanthomonas_A japonensis,96.64,0,0,G05,,,,,,,,FALSE,,FALSE,NR.F.3.H.C,NoRo,dorm_sample,16.5
R022_R024.combined.G05,semibin2_24,71.2,29.42,Gradient Boost (General Model),11,0.891,17769,289.1982836,6444903,0.65,6642,401,123163,d__Bacteria;p__Pseudomonadota;c__Alphaproteobacteria;o__Sphingomonadales;f__Sphingomonadaceae;g__;s__,N/A,N/A,N/A,0,0,G05,,,,,,,,FALSE,,FALSE,NR.F.3.H.C,NoRo,dorm_sample,16.5
R022_R024.combined.G05,semibin2_26,31.15,4.04,Neural Network (Specific Model),11,0.878,12523,279.6824782,1968545,0.64,2066,164,43783,d__Bacteria;p__Pseudomonadota;c__Gammaproteobacteria;o__Burkholderiales;f__Burkholderiaceae_C;g__Ramlibacter;s__,N/A,N/A,N/A,0,0,G05,,,,,,,,FALSE,,FALSE,NR.F.3.H.C,NoRo,dorm_sample,16.5
R022_R024.combined.G05,semibin2_4,82.93,1.07,Gradient Boost (General Model),11,0.889,39946,309.9491275,3529142,0.45,3381,101,152559,d__Bacteria;p__Acidobacteriota;c__Blastocatellia;o__Pyrinomonadales;f__Pyrinomonadaceae;g__JBPCRW01;s__,N/A,N/A,N/A,0,0,G05,,,,,,,,FALSE,,FALSE,NR.F.3.H.C,NoRo,dorm_sample,16.5
R022_R024.combined.G05,semibin2_5,56.91,5.12,Neural Network (Specific Model),11,0.904,19305,290.4427807,2694627,0.67,2805,155,58697,d__Bacteria;p__Pseudomonadota;c__Alphaproteobacteria;o__Sphingomonadales;f__Sphingomonadaceae;g__Sphingomonas;s__,N/A,N/A,N/A,0,0,G05,,,,,,,,FALSE,,FALSE,NR.F.3.H.C,NoRo,dorm_sample,16.5
R022_R024.combined.G05,semibin2_6,46.15,0.01,Neural Network (Specific Model),11,0.912,24128,302.9022869,1434184,0.67,1443,64,63526,d__Bacteria;p__Pseudomonadota;c__Alphaproteobacteria;o__Sphingomonadales;f__Sphingomonadaceae;g__Erythrobacter;s__,N/A,N/A,N/A,0,0,G05,,,,,,,,FALSE,,FALSE,NR.F.3.H.C,NoRo,dorm_sample,16.5
R022_R024.combined.G06,complete.12,100,1.94,Neural Network (Specific Model),11,0.916,4886862,321.6104176,4886862,0.65,4646,1,4886862,d__Bacteria;p__Pseudomonadota;c__Alphaproteobacteria;o__Sphingomonadales;f__Sphingomonadaceae;g__Sphingopyxis;s__,N/A,N/A,N/A,1,1,G06,1,1,1,3,54,1,0,TRUE,,FALSE,Me.F.3.L.B,Memorial,dorm_sample,95.25
R022_R024.combined.G06,complete.13,99.89,0.77,Neural Network (Specific Model),11,0.863,5981505,306.1244002,5981505,0.71,5627,1,5981505,d__Bacteria;p__Pseudomonadota;c__Alphaproteobacteria;o__Rhizobiales;f__Beijerinckiaceae;g__Methylobacterium;s__Methylobacterium radiotolerans,GCF_000019725.1,d__Bacteria;p__Pseudomonadota;c__Alphaproteobacteria;o__Rhizobiales;f__Beijerinckiaceae;g__Methylobacterium;s__Methylobacterium radiotolerans,99.09,1,1,G06,4,4,4,12,59,4,1,TRUE,,FALSE,Me.F.3.L.B,Memorial,dorm_sample,95.25
R022_R024.combined.G06,complete.25,99.94,0.01,Neural Network (Specific Model),11,0.904,4040994,324.9176878,4040994,0.64,3754,1,4040994,d__Bacteria;p__Pseudomonadota;c__Alphaproteobacteria;o__Sphingomonadales;f__Sphingomonadaceae;g__Blastomonas;s__Blastomonas ursincola,GCF_013607875.1,d__Bacteria;p__Pseudomonadota;c__Alphaproteobacteria;o__Sphingomonadales;f__Sphingomonadaceae;g__Blastomonas;s__Blastomonas ursincola,98.22,1,1,G06,2,2,2,6,51,2,2,TRUE,,FALSE,Me.F.3.L.B,Memorial,dorm_sample,95.25
R022_R024.combined.G06,complete.4,95.98,1.17,Gradient Boost (General Model),11,0.883,5457600,341.0273537,5457600,0.49,4716,1,5457600,d__Bacteria;p__Acidobacteriota;c__Blastocatellia;o__Pyrinomonadales;f__Pyrinomonadaceae;g__JAHCHG01;s__,N/A,N/A,N/A,1,1,G06,1,1,1,3,69,1,0,TRUE,,FALSE,Me.F.3.L.B,Memorial,dorm_sample,95.25
R022_R024.combined.G06,complete.63,100,0.02,Gradient Boost (General Model),11,0.922,2186532,305.1558677,2186532,0.59,2207,1,2186532,d__Bacteria;p__Pseudomonadota;c__Alphaproteobacteria;o__Rickettsiales;f__UBA3002;g__QFOX01;s__,N/A,N/A,N/A,1,1,G06,1,1,1,3,42,0,3,TRUE,u1223100ctg_len-2186532,TRUE,Me.F.3.L.B,Memorial,dorm_sample,95.25
R022_R024.combined.G06,complete.64,99.99,0.14,Neural Network (Specific Model),11,0.885,4278923,327.7273671,4278923,0.63,3855,1,4278923,d__Bacteria;p__Pseudomonadota;c__Gammaproteobacteria;o__Burkholderiales;f__Burkholderiaceae_C;g__Acidovorax;s__Acidovorax temperans,GCF_006716905.1,d__Bacteria;p__Pseudomonadota;c__Gammaproteobacteria;o__Burkholderiales;f__Burkholderiaceae_C;g__Acidovorax;s__Acidovorax temperans,96.45,1,1,G06,4,4,4,12,57,4,0,TRUE,u448889ctg_len-4278923,TRUE,Me.F.3.L.B,Memorial,dorm_sample,95.25
R022_R024.combined.G06,complete.65,100,0.11,Neural Network (Specific Model),11,0.872,5036485,363.6808827,5036485,0.67,4033,1,5036485,d__Bacteria;p__Pseudomonadota;c__Gammaproteobacteria;o__Xanthomonadales;f__Xanthomonadaceae;g__Chiayiivirga;s__,N/A,N/A,N/A,1,1,G06,2,2,2,6,52,2,1,TRUE,u4989ctg_len-5036485,TRUE,Me.F.3.L.B,Memorial,dorm_sample,95.25
R022_R024.combined.G06,complete.66,99.44,0.01,Gradient Boost (General Model),11,0.922,6116354,315.3631341,6116354,0.66,5973,1,6116354,d__Bacteria;p__Pseudomonadota;c__Alphaproteobacteria;o__Reyranellales;f__Reyranellaceae;g__Reyranella;s__Reyranella sp052439685,GCA_052439685.1,d__Bacteria;p__Pseudomonadota;c__Alphaproteobacteria;o__Reyranellales;f__Reyranellaceae;g__Reyranella;s__Reyranella sp052439685,98.92,1,1,G06,2,2,2,6,52,2,4,TRUE,u43344ctg_len-6116354,TRUE,Me.F.3.L.B,Memorial,dorm_sample,95.25
R022_R024.combined.G06,complete.68,99.99,1.03,Neural Network (Specific Model),11,0.915,4153257,316.7806339,4153257,0.7,4007,1,4153257,d__Bacteria;p__Pseudomonadota;c__Alphaproteobacteria;o__Sphingomonadales;f__Sphingomonadaceae;g__Sphingomonas;s__Sphingomonas corticis,GCF_012035195.1,d__Bacteria;p__Pseudomonadota;c__Alphaproteobacteria;o__Sphingomonadales;f__Sphingomonadaceae;g__Sphingomonas;s__Sphingomonas corticis,99.63,1,1,G06,2,2,0,4,50,0,2,FALSE,u975078ctg_len-4153257,TRUE,Me.F.3.L.B,Memorial,dorm_sample,95.25
R022_R024.combined.G06,complete.69,99.99,0.17,Neural Network (Specific Model),11,0.882,4241553,317.3707094,4241553,0.37,3933,1,4241553,d__Bacteria;p__Bacteroidota;c__Bacteroidia;o__Flavobacteriales;f__Weeksellaceae;g__Chryseobacterium;s__Chryseobacterium salviniae,GCF_035819015.1,d__Bacteria;p__Bacteroidota;c__Bacteroidia;o__Flavobacteriales;f__Weeksellaceae;g__Chryseobacterium;s__Chryseobacterium salviniae,99.98,1,1,G06,5,5,4,14,65,4,4,TRUE,u758735ctg_len-4241553,TRUE,Me.F.3.L.B,Memorial,dorm_sample,95.25
R022_R024.combined.G06,complete.70,98.91,0.13,Gradient Boost (General Model),11,0.927,5884390,314.7535856,5884390,0.66,5787,1,5884390,d__Bacteria;p__Pseudomonadota;c__Alphaproteobacteria;o__Reyranellales;f__Reyranellaceae;g__Reyranella;s__,N/A,N/A,N/A,1,1,G06,1,1,1,3,49,1,3,TRUE,u341948ctg_len-5884390,TRUE,Me.F.3.L.B,Memorial,dorm_sample,95.25
R022_R024.combined.G06,complete.71,100,0.27,Neural Network (Specific Model),11,0.867,3223798,335.2057451,3223798,0.37,2785,1,3223798,d__Bacteria;p__Pseudomonadota;c__Gammaproteobacteria;o__Legionellales;f__Legionellaceae;g__Legionella_C;s__Legionella_C beliardensis,GCF_900452395.1,d__Bacteria;p__Pseudomonadota;c__Gammaproteobacteria;o__Legionellales;f__Legionellaceae;g__Legionella_C;s__Legionella_C beliardensis,99.99,1,1,G06,3,3,3,9,45,3,0,TRUE,u292489ctg_len-3223798,TRUE,Me.F.3.L.B,Memorial,dorm_sample,95.25
R022_R024.combined.G06,complete.72,100,0.05,Neural Network (Specific Model),11,0.911,3709595,325.7194805,3709595,0.69,3465,1,3709595,d__Bacteria;p__Pseudomonadota;c__Alphaproteobacteria;o__Sphingomonadales;f__Sphingomonadaceae;g__Sphingomonas;s__Sphingomonas taxi_B,GCA_003243195.1,d__Bacteria;p__Pseudomonadota;c__Alphaproteobacteria;o__Sphingomonadales;f__Sphingomonadaceae;g__Sphingomonas;s__Sphingomonas taxi_B,98.65,1,1,G06,3,3,0,6,53,0,2,FALSE,u879339ctg_len-3709595,TRUE,Me.F.3.L.B,Memorial,dorm_sample,95.25
R022_R024.combined.G06,complete.73,100,0.21,Neural Network (Specific Model),11,0.907,4316838,311.6570543,4316838,0.67,4196,1,4316838,d__Bacteria;p__Pseudomonadota;c__Alphaproteobacteria;o__Caulobacterales;f__Caulobacteraceae;g__Phenylobacterium;s__,N/A,N/A,N/A,1,1,G06,2,2,2,6,49,2,3,TRUE,u463959ctg_len-4316838,TRUE,Me.F.3.L.B,Memorial,dorm_sample,95.25
R022_R024.combined.G06,complete.74,99.89,0.34,Neural Network (Specific Model),11,0.914,3396882,329.4688493,3396882,0.41,3146,1,3396882,d__Bacteria;p__Bacteroidota;c__Bacteroidia;o__Flavobacteriales;f__Flavobacteriaceae;g__Flavobacterium;s__,N/A,N/A,N/A,1,1,G06,3,3,3,9,45,3,0,TRUE,u107116ctg_len-3396882,TRUE,Me.F.3.L.B,Memorial,dorm_sample,95.25
R022_R024.combined.G06,complete.76,100,0.21,Neural Network (Specific Model),11,0.908,3861138,329.4473536,3861138,0.67,3552,1,3861138,d__Bacteria;p__Pseudomonadota;c__Alphaproteobacteria;o__Sphingomonadales;f__Sphingomonadaceae;g__Sphingomonas;s__,N/A,N/A,N/A,1,1,G06,2,2,2,6,49,2,1,TRUE,u336175ctg_len-3861138,TRUE,Me.F.3.L.B,Memorial,dorm_sample,95.25
R022_R024.combined.G06,complete.77,99.99,0.22,Neural Network (Specific Model),11,0.912,4748301,327.9331217,4748301,0.64,4411,1,4748301,d__Bacteria;p__Pseudomonadota;c__Alphaproteobacteria;o__Sphingomonadales;f__Sphingomonadaceae;g__Sphingopyxis;s__Sphingopyxis sp014873485,GCF_014873485.1,d__Bacteria;p__Pseudomonadota;c__Alphaproteobacteria;o__Sphingomonadales;f__Sphingomonadaceae;g__Sphingopyxis;s__Sphingopyxis sp014873485,96.02,1,1,G06,1,1,1,3,49,1,0,TRUE,u35072ctg_len-4748301,TRUE,Me.F.3.L.B,Memorial,dorm_sample,95.25
R022_R024.combined.G06,complete.78,94.26,0.59,Gradient Boost (General Model),11,0.896,4128957,333.1889339,4128957,0.46,3705,1,4128957,d__Bacteria;p__Acidobacteriota;c__Blastocatellia;o__Pyrinomonadales;f__Pyrinomonadaceae;g__;s__,N/A,N/A,N/A,1,1,G06,1,1,1,3,70,1,0,TRUE,u506177ctg_len-4128957,TRUE,Me.F.3.L.B,Memorial,dorm_sample,95.25
R022_R024.combined.G06,complete.79,99.8,0.83,Gradient Boost (General Model),11,0.881,6703940,360.2116615,6703940,0.43,5471,1,6703940,d__Bacteria;p__Bacteroidota;c__Bacteroidia;o__Chitinophagales;f__Chitinophagaceae;g__Agriterribacter;s__,N/A,N/A,N/A,1,1,G06,1,1,1,3,50,1,1,TRUE,u1171865ctg_len-6703940,TRUE,Me.F.3.L.B,Memorial,dorm_sample,95.25
R022_R024.combined.G06,complete.80,100,0.54,Neural Network (Specific Model),11,0.891,7331982,357.4650705,7331982,0.47,6098,1,7331982,d__Bacteria;p__Bacteroidota;c__Bacteroidia;o__Cytophagales;f__Spirosomataceae;g__Spirosoma;s__,N/A,N/A,N/A,1,1,G06,3,4,0,7,49,0,3,FALSE,u618734ctg_len-7331982,TRUE,Me.F.3.L.B,Memorial,dorm_sample,95.25
R022_R024.combined.G06,complete.81,100,1.19,Gradient Boost (General Model),11,0.897,4214100,317.2545866,4214100,0.66,3979,1,4214100,d__Bacteria;p__Pseudomonadota;c__Alphaproteobacteria;o__Sphingomonadales;f__Sphingomonadaceae;g__Novosphingobium;s__,N/A,N/A,N/A,1,1,G06,2,2,2,6,51,2,0,TRUE,u945180ctg_len-4214100,TRUE,Me.F.3.L.B,Memorial,dorm_sample,95.25
R022_R024.combined.G06,complete.82,95.87,3.42,Gradient Boost (General Model),11,0.912,5037000,339.5482088,5037000,0.51,4522,1,5037000,d__Bacteria;p__Cyanobacteriota;c__Vampirovibrionia;o__Obscuribacterales;f__Obscuribacteraceae;g__JAFKGK01;s__JAFKGK01 sp017307165,GCA_017307165.1,d__Bacteria;p__Cyanobacteriota;c__Vampirovibrionia;o__Obscuribacterales;f__Obscuribacteraceae;g__JAFKGK01;s__JAFKGK01 sp017307165,98.61,1,1,G06,2,1,2,5,41,0,1,TRUE,u970266ctg_len-5037000,TRUE,Me.F.3.L.B,Memorial,dorm_sample,95.25
R022_R024.combined.G06,metabat2.14,100,1.96,Neural Network (Specific Model),11,0.91,2300560,321.1719943,4431564,0.66,4192,4,2300560,d__Bacteria;p__Pseudomonadota;c__Alphaproteobacteria;o__Caulobacterales;f__Caulobacteraceae;g__Caulobacter;s__Caulobacter sp913776195,GCA_913776195.1,d__Bacteria;p__Pseudomonadota;c__Alphaproteobacteria;o__Caulobacterales;f__Caulobacteraceae;g__Caulobacter;s__Caulobacter sp913776195,97.01,1,0,G06,,,,,,,,FALSE,,FALSE,Me.F.3.L.B,Memorial,dorm_sample,95.25
R022_R024.combined.G06,metabat2.19,99.99,1.64,Neural Network (Specific Model),11,0.909,522739,307.6468214,3012588,0.66,2973,10,574036,d__Bacteria;p__Pseudomonadota;c__Alphaproteobacteria;o__Caulobacterales;f__Caulobacteraceae;g__Brevundimonas;s__Brevundimonas sp943913055,GCF_943913055.1,d__Bacteria;p__Pseudomonadota;c__Alphaproteobacteria;o__Caulobacterales;f__Caulobacteraceae;g__Brevundimonas;s__Brevundimonas sp943913055,96.34,1,0,G06,,,,,,,,FALSE,,FALSE,Me.F.3.L.B,Memorial,dorm_sample,95.25
R022_R024.combined.G06,metabat2.28,100,3,Neural Network (Specific Model),11,0.915,2414341,332.53537,9376511,0.69,8609,6,2442543,d__Bacteria;p__Pseudomonadota;c__Gammaproteobacteria;o__Burkholderiales;f__Burkholderiaceae_C;g__Variovorax;s__Variovorax sp900115375,GCF_016806145.1,d__Bacteria;p__Pseudomonadota;c__Gammaproteobacteria;o__Burkholderiales;f__Burkholderiaceae_C;g__Variovorax;s__Variovorax sp900115375,96,1,0,G06,,,,,,,,FALSE,u633556ctg_len-2114621,TRUE,Me.F.3.L.B,Memorial,dorm_sample,95.25
R022_R024.combined.G06,metabat2.37,92.21,5.95,Neural Network (Specific Model),11,0.886,125879,307.731209,5552258,0.66,5335,54,328705,d__Bacteria;p__Pseudomonadota;c__Alphaproteobacteria;o__Rhizobiales;f__Beijerinckiaceae;g__Allobosea;s__,N/A,N/A,N/A,0,0,G06,,,,,,,,FALSE,,FALSE,Me.F.3.L.B,Memorial,dorm_sample,95.25
R022_R024.combined.G06,metabat2.43,99.94,0.04,Neural Network (Specific Model),11,0.902,1594478,313.8627948,4108954,0.65,3943,7,1671948,d__Bacteria;p__Pseudomonadota;c__Alphaproteobacteria;o__Sphingomonadales;f__Sphingomonadaceae;g__Sphingopyxis;s__Sphingopyxis sp001468395,GCF_001468395.1,d__Bacteria;p__Pseudomonadota;c__Alphaproteobacteria;o__Sphingomonadales;f__Sphingomonadaceae;g__Sphingopyxis;s__Sphingopyxis sp001468395,97.43,1,0,G06,,,,,,,,FALSE,,FALSE,Me.F.3.L.B,Memorial,dorm_sample,95.25
R022_R024.combined.G06,metabat2.46,100,1.03,Neural Network (Specific Model),11,0.915,4094352,342.6229457,7156856,0.67,6389,4,4094352,d__Bacteria;p__Actinomycetota;c__Actinomycetes;o__Mycobacteriales;f__Mycobacteriaceae;g__Mycobacterium;s__Mycobacterium gordonae,GCF_002101675.1,d__Bacteria;p__Actinomycetota;c__Actinomycetes;o__Mycobacteriales;f__Mycobacteriaceae;g__Mycobacterium;s__Mycobacterium gordonae,99.07,1,0,G06,,,,,,,,FALSE,,FALSE,Me.F.3.L.B,Memorial,dorm_sample,95.25
R022_R024.combined.G06,metabat2.47,99.8,2.69,Neural Network (Specific Model),11,0.917,1486137,350.7143206,4683334,0.66,4092,6,1615841,d__Bacteria;p__Gemmatimonadota;c__Gemmatimonadetes;o__Gemmatimonadales;f__Gemmatimonadaceae;g__Gemmatimonas;s__Gemmatimonas sp002483225,GCF_002483225.1,d__Bacteria;p__Gemmatimonadota;c__Gemmatimonadetes;o__Gemmatimonadales;f__Gemmatimonadaceae;g__Gemmatimonas;s__Gemmatimonas sp002483225,98.5,1,0,G06,,,,,,,,FALSE,,FALSE,Me.F.3.L.B,Memorial,dorm_sample,95.25
R022_R024.combined.G06,metabat2.51,99.98,0.41,Neural Network (Specific Model),11,0.881,1611171,309.030058,5067616,0.59,4824,4,1851513,d__Bacteria;p__Pseudomonadota;c__Alphaproteobacteria;o__Rhizobiales;f__Rhizobiaceae;g__Agrobacterium;s__Agrobacterium pusense,GCF_900102105.1,d__Bacteria;p__Pseudomonadota;c__Alphaproteobacteria;o__Rhizobiales;f__Rhizobiaceae;g__Agrobacterium;s__Agrobacterium pusense,98.47,1,0,G06,,,,,,,,FALSE,,FALSE,Me.F.3.L.B,Memorial,dorm_sample,95.25
R022_R024.combined.G06,metabat2.56,100,0.28,Neural Network (Specific Model),11,0.895,649612,307.3767343,3856571,0.66,3748,10,903997,d__Bacteria;p__Pseudomonadota;c__Gammaproteobacteria;o__Burkholderiales;f__Burkholderiaceae_C;g__Ottowia;s__Ottowia sp018060485,GCA_018060485.1,d__Bacteria;p__Pseudomonadota;c__Gammaproteobacteria;o__Burkholderiales;f__Burkholderiaceae_C;g__Ottowia;s__Ottowia sp018060485,97.79,1,0,G06,,,,,,,,FALSE,,FALSE,Me.F.3.L.B,Memorial,dorm_sample,95.25
R022_R024.combined.G06,metabat2.63,100,1.38,Neural Network (Specific Model),11,0.913,3207113,325.2002558,4170894,0.67,3910,2,3207113,d__Bacteria;p__Pseudomonadota;c__Alphaproteobacteria;o__Caulobacterales;f__Caulobacteraceae;g__Caulobacter;s__Caulobacter sp913776195,GCA_913776195.1,d__Bacteria;p__Pseudomonadota;c__Alphaproteobacteria;o__Caulobacterales;f__Caulobacteraceae;g__Caulobacter;s__Caulobacter sp913776195,97.16,1,0,G06,,,,,,,,FALSE,,FALSE,Me.F.3.L.B,Memorial,dorm_sample,95.25
R022_R024.combined.G06,metabat2.64,100,0.41,Neural Network (Specific Model),11,0.9,3015298,315.8476954,4192542,0.65,3992,3,3015298,d__Bacteria;p__Pseudomonadota;c__Alphaproteobacteria;o__Sphingomonadales;f__Sphingomonadaceae;g__Sphingopyxis;s__Sphingopyxis sp015657575,GCA_015657575.1,d__Bacteria;p__Pseudomonadota;c__Alphaproteobacteria;o__Sphingomonadales;f__Sphingomonadaceae;g__Sphingopyxis;s__Sphingopyxis sp015657575,97.65,1,0,G06,,,,,,,,FALSE,,FALSE,Me.F.3.L.B,Memorial,dorm_sample,95.25
R022_R024.combined.G06,metabat2.68,96.35,0.74,Neural Network (Specific Model),11,0.886,2768984,352.6319261,8127782,0.69,6822,4,3031671,d__Bacteria;p__Planctomycetota;c__Planctomycetia;o__Isosphaerales;f__Isosphaeraceae;g__;s__,N/A,N/A,N/A,1,0,G06,,,,,,,,FALSE,,FALSE,Me.F.3.L.B,Memorial,dorm_sample,95.25
R022_R024.combined.G06,metabat2.69,15.06,1.03,Neural Network (Specific Model),11,0.895,67668,317.4026549,479178,0.69,452,7,82931,d__Bacteria;p__Actinomycetota;c__Actinomycetes;o__Actinomycetales;f__Microbacteriaceae;g__Microbacterium;s__Microbacterium lacticum,GCF_006716815.1,d__Bacteria;p__Actinomycetota;c__Actinomycetes;o__Actinomycetales;f__Microbacteriaceae;g__Microbacterium;s__Microbacterium lacticum,97.73,0,0,G06,,,,,,,,FALSE,,FALSE,Me.F.3.L.B,Memorial,dorm_sample,95.25
R022_R024.combined.G06,metabat2.70,100,1.13,Neural Network (Specific Model),11,0.885,3937925,310.2729511,5974912,0.63,5686,2,3937925,d__Bacteria;p__Pseudomonadota;c__Alphaproteobacteria;o__Rhizobiales;f__Xanthobacteraceae;g__Pseudorhodoplanes;s__,N/A,N/A,N/A,1,0,G06,,,,,,,,FALSE,,FALSE,Me.F.3.L.B,Memorial,dorm_sample,95.25
R022_R024.combined.G06,metabat2.78,100,0.32,Neural Network (Specific Model),11,0.915,4884123,318.328109,6113918,0.67,5870,3,4884123,d__Bacteria;p__Actinomycetota;c__Actinomycetes;o__Mycobacteriales;f__Mycobacteriaceae;g__Mycobacterium;s__Mycobacterium phocaicum,GCF_010731115.1,d__Bacteria;p__Actinomycetota;c__Actinomycetes;o__Mycobacteriales;f__Mycobacteriaceae;g__Mycobacterium;s__Mycobacterium phocaicum,95.6,1,0,G06,,,,,,,,FALSE,,FALSE,Me.F.3.L.B,Memorial,dorm_sample,95.25
R022_R024.combined.G06,metabat2.82,98.38,3.37,Gradient Boost (General Model),11,0.918,792985,320.6986195,6743268,0.64,6447,11,1871877,d__Bacteria;p__Pseudomonadota;c__Alphaproteobacteria;o__Rhizobiales;f__Aestuariivirgaceae;g__Taklimakanibacter;s__,N/A,N/A,N/A,1,0,G06,,,,,,,,FALSE,,FALSE,Me.F.3.L.B,Memorial,dorm_sample,95.25
R022_R024.combined.G06,semibin2_11,100,3.4,Neural Network (Specific Model),11,0.891,516831,325.6045963,7431909,0.66,6788,28,1245562,d__Bacteria;p__Pseudomonadota;c__Gammaproteobacteria;o__Burkholderiales;f__Burkholderiaceae_C;g__Comamonas;s__Comamonas tsuruhatensis,GCF_001571325.1,d__Bacteria;p__Pseudomonadota;c__Gammaproteobacteria;o__Burkholderiales;f__Burkholderiaceae_C;g__Comamonas;s__Comamonas tsuruhatensis,98.32,0,0,G06,,,,,,,,FALSE,,FALSE,Me.F.3.L.B,Memorial,dorm_sample,95.25
R022_R024.combined.G06,semibin2_14,99.98,0.11,Neural Network (Specific Model),11,0.864,324522,308.3856854,4228517,0.64,3954,23,597355,d__Bacteria;p__Pseudomonadota;c__Alphaproteobacteria;o__Rhizobiales;f__Hyphomicrobiaceae;g__Hyphomicrobium_C;s__Hyphomicrobium_C sp019744875,GCF_019744875.1,d__Bacteria;p__Pseudomonadota;c__Alphaproteobacteria;o__Rhizobiales;f__Hyphomicrobiaceae;g__Hyphomicrobium_C;s__Hyphomicrobium_C sp019744875,97.58,0,0,G06,,,,,,,,FALSE,,FALSE,Me.F.3.L.B,Memorial,dorm_sample,95.25
R022_R024.combined.G06,semibin2_15,99.62,0.23,Neural Network (Specific Model),11,0.888,239196,313.2788306,5242084,0.68,4960,29,762098,d__Bacteria;p__Pseudomonadota;c__Alphaproteobacteria;o__Rhizobiales;f__Xanthobacteraceae;g__Xanthobacter;s__Xanthobacter sp023442085,GCA_023442085.1,d__Bacteria;p__Pseudomonadota;c__Alphaproteobacteria;o__Rhizobiales;f__Xanthobacteraceae;g__Xanthobacter;s__Xanthobacter sp023442085,97.33,0,0,G06,,,,,,,,FALSE,,FALSE,Me.F.3.L.B,Memorial,dorm_sample,95.25
R022_R024.combined.G06,semibin2_16,92.55,1.72,Gradient Boost (General Model),11,0.878,135248,311.4243409,5876414,0.66,5538,60,385491,d__Bacteria;p__Pseudomonadota;c__Alphaproteobacteria;o__Geminicoccales;f__Geminicoccaceae;g__Geminicoccus;s__,N/A,N/A,N/A,0,0,G06,,,,,,,,FALSE,,FALSE,Me.F.3.L.B,Memorial,dorm_sample,95.25
R022_R024.combined.G06,semibin2_18,91.77,0.44,Neural Network (Specific Model),11,0.884,131451,339.3759542,4823718,0.39,4192,55,281286,d__Bacteria;p__Bacteroidota;c__Bacteroidia;o__Sphingobacteriales;f__Sphingobacteriaceae;g__Pedobacter;s__Pedobacter chitinilyticus,GCF_003313385.1,d__Bacteria;p__Bacteroidota;c__Bacteroidia;o__Sphingobacteriales;f__Sphingobacteriaceae;g__Pedobacter;s__Pedobacter chitinilyticus,97.63,0,0,G06,,,,,,,,FALSE,,FALSE,Me.F.3.L.B,Memorial,dorm_sample,95.25
R022_R024.combined.G06,semibin2_19,99.91,3.67,Neural Network (Specific Model),11,0.921,291245,362.0042852,9069279,0.71,7701,50,811301,d__Bacteria;p__Myxococcota_A;c__Polyangia;o__Polyangiales;f__Sandaracinaceae;g__Sandaracinus;s__,N/A,N/A,N/A,0,0,G06,,,,,,,,FALSE,,FALSE,Me.F.3.L.B,Memorial,dorm_sample,95.25
R022_R024.combined.G06,semibin2_20,98.25,3.35,Neural Network (Specific Model),11,0.87,453286,310.4865791,7486133,0.64,7004,34,1396421,d__Bacteria;p__Pseudomonadota;c__Alphaproteobacteria;o__Rhizobiales;f__Xanthobacteraceae;g__Bradyrhizobium;s__Bradyrhizobium sp001556045,GCF_001556045.1,d__Bacteria;p__Pseudomonadota;c__Alphaproteobacteria;o__Rhizobiales;f__Xanthobacteraceae;g__Bradyrhizobium;s__Bradyrhizobium sp001556045,99.61,0,0,G06,,,,,,,,FALSE,,FALSE,Me.F.3.L.B,Memorial,dorm_sample,95.25
R022_R024.combined.G06,semibin2_21,73.39,0.22,Neural Network (Specific Model),11,0.911,44989,306.4282828,2490820,0.42,2475,76,80091,d__Bacteria;p__Bacteroidota;c__Bacteroidia;o__Flavobacteriales;f__Flavobacteriaceae;g__Flavobacterium;s__Flavobacterium sp024699965,GCF_024699965.1,d__Bacteria;p__Bacteroidota;c__Bacteroidia;o__Flavobacteriales;f__Flavobacteriaceae;g__Flavobacterium;s__Flavobacterium sp024699965,95.53,0,0,G06,,,,,,,,FALSE,,FALSE,Me.F.3.L.B,Memorial,dorm_sample,95.25
R022_R024.combined.G06,semibin2_22,70.55,3.88,Gradient Boost (General Model),11,0.893,34708,315.6143751,5233603,0.63,4953,178,98530,d__Bacteria;p__Vulcanimicrobiota;c__Xenobia;o__Xenobiales;f__JADMJV01;g__JAEXNA01;s__JAEXNA01 sp023447635,GCA_023447635.1,d__Bacteria;p__Vulcanimicrobiota;c__Xenobia;o__Xenobiales;f__JADMJV01;g__JAEXNA01;s__JAEXNA01 sp023447635,98.44,0,0,G06,,,,,,,,FALSE,,FALSE,Me.F.3.L.B,Memorial,dorm_sample,95.25
R022_R024.combined.G06,semibin2_23,80.59,0.27,Neural Network (Specific Model),11,0.906,57178,317.9955143,3281868,0.67,3121,77,146252,d__Bacteria;p__Pseudomonadota;c__Gammaproteobacteria;o__Xanthomonadales;f__Xanthomonadaceae;g__Pseudoxanthomonas_A;s__,N/A,N/A,N/A,0,0,G06,,,,,,,,FALSE,,FALSE,Me.F.3.L.B,Memorial,dorm_sample,95.25
R022_R024.combined.G06,semibin2_24,68.85,0.2,Gradient Boost (General Model),11,0.92,33846,323.6317808,5764180,0.7,5475,201,96217,d__Bacteria;p__Myxococcota_A;c__Polyangia;o__Polyangiales;f__Polyangiaceae;g__Labilithrix;s__,N/A,N/A,N/A,0,0,G06,,,,,,,,FALSE,,FALSE,Me.F.3.L.B,Memorial,dorm_sample,95.25
R022_R024.combined.G06,semibin2_25,69.06,5.35,Neural Network (Specific Model),11,0.903,31255,297.4648285,4539453,0.7,4606,174,100679,d__Bacteria;p__Pseudomonadota;c__Alphaproteobacteria;o__Acetobacterales;f__Acetobacteraceae;g__Roseococcus;s__,N/A,N/A,N/A,0,0,G06,,,,,,,,FALSE,,FALSE,Me.F.3.L.B,Memorial,dorm_sample,95.25
R022_R024.combined.G06,semibin2_26,59.65,0.74,Gradient Boost (General Model),11,0.902,29295,343.9666366,3797466,0.68,3327,147,77227,d__Bacteria;p__Acidobacteriota;c__Vicinamibacteria;o__Vicinamibacterales;f__Vicinamibacteraceae;g__Luteitalea;s__,N/A,N/A,N/A,0,0,G06,,,,,,,,FALSE,,FALSE,Me.F.3.L.B,Memorial,dorm_sample,95.25
R022_R024.combined.G06,semibin2_27,51.23,3.95,Neural Network (Specific Model),11,0.903,178911,301.8520105,4204850,0.66,4203,51,284010,d__Bacteria;p__Actinomycetota;c__Actinomycetes;o__Mycobacteriales;f__Mycobacteriaceae;g__Mycobacterium;s__,N/A,N/A,N/A,0,0,G06,,,,,,,,FALSE,u1297523ctg_len-240903;u1445229ctg_len-21122,TRUE,Me.F.3.L.B,Memorial,dorm_sample,95.25
R022_R024.combined.G06,semibin2_28,68.37,0.22,Neural Network (Specific Model),11,0.885,35741,313.0889914,3213459,0.67,3034,107,93601,d__Bacteria;p__Pseudomonadota;c__Gammaproteobacteria;o__Xanthomonadales;f__Xanthomonadaceae;g__Stenotrophomonas;s__Stenotrophomonas pavanii,GCF_900101175.1,d__Bacteria;p__Pseudomonadota;c__Gammaproteobacteria;o__Xanthomonadales;f__Xanthomonadaceae;g__Stenotrophomonas;s__Stenotrophomonas pavanii,98.67,0,0,G06,,,,,,,,FALSE,,FALSE,Me.F.3.L.B,Memorial,dorm_sample,95.25
R022_R024.combined.G06,semibin2_30,36.3,0.01,Neural Network (Specific Model),11,0.838,24612,304.3355792,4197913,0.68,3859,183,70325,d__Bacteria;p__Planctomycetota;c__Planctomycetia;o__Gemmatales;f__Gemmataceae;g__Gemmata;s__,N/A,N/A,N/A,0,0,G06,,,,,,,,FALSE,,FALSE,Me.F.3.L.B,Memorial,dorm_sample,95.25
R022_R024.combined.G06,semibin2_31,42.3,3.02,Neural Network (Specific Model),11,0.894,18306,294.0814755,2429019,0.7,2467,145,38758,d__Bacteria;p__Pseudomonadota;c__Gammaproteobacteria;o__Burkholderiales;f__Burkholderiaceae_C;g__Xenophilus;s__Xenophilus sp005503065,GCA_005503065.1,d__Bacteria;p__Pseudomonadota;c__Gammaproteobacteria;o__Burkholderiales;f__Burkholderiaceae_C;g__Xenophilus;s__Xenophilus sp005503065,99,0,0,G06,,,,,,,,FALSE,,FALSE,Me.F.3.L.B,Memorial,dorm_sample,95.25
R022_R024.combined.G06,semibin2_32,23.4,0.01,Neural Network (Specific Model),11,0.881,25393,293.5326829,1021237,0.67,1025,45,56468,d__Bacteria;p__Pseudomonadota;c__Alphaproteobacteria;o__Sphingomonadales;f__Sphingomonadaceae;g__Sphingomonas;s__Sphingomonas hankookensis_A,GCF_028551275.1,d__Bacteria;p__Pseudomonadota;c__Alphaproteobacteria;o__Sphingomonadales;f__Sphingomonadaceae;g__Sphingomonas;s__Sphingomonas hankookensis_A,98.79,0,0,G06,,,,,,,,FALSE,,FALSE,Me.F.3.L.B,Memorial,dorm_sample,95.25
R022_R024.combined.G06,semibin2_33,20.28,0.75,Neural Network (Specific Model),11,0.887,21988,264.8982036,745148,0.67,835,40,43254,d__Bacteria;p__Pseudomonadota;c__Alphaproteobacteria;o__Caulobacterales;f__Caulobacteraceae;g__Brevundimonas;s__Brevundimonas aurantiaca,GCF_014199955.1,d__Bacteria;p__Pseudomonadota;c__Alphaproteobacteria;o__Caulobacterales;f__Caulobacteraceae;g__Brevundimonas;s__Brevundimonas aurantiaca,96.15,0,0,G06,,,,,,,,FALSE,,FALSE,Me.F.3.L.B,Memorial,dorm_sample,95.25
R022_R024.combined.G06,semibin2_38,61.6,7.44,Neural Network (Specific Model),11,0.902,28438,304.7411043,2472194,0.7,2445,102,94069,d__Bacteria;p__Pseudomonadota;c__Alphaproteobacteria;o__Sphingomonadales;f__Sphingomonadaceae;g__Sphingomonas;s__,N/A,N/A,N/A,0,0,G06,,,,,,,,FALSE,,FALSE,Me.F.3.L.B,Memorial,dorm_sample,95.25
R022_R024.combined.G06,semibin2_40,43.53,0.15,Neural Network (Specific Model),11,0.888,43400,303.7077922,2209147,0.67,2156,56,135933,d__Bacteria;p__Pseudomonadota;c__Alphaproteobacteria;o__Caulobacterales;f__Caulobacteraceae;g__Caulobacter;s__,N/A,N/A,N/A,0,0,G06,,,,,,,,FALSE,,FALSE,Me.F.3.L.B,Memorial,dorm_sample,95.25
R022_R024.combined.G06,semibin2_41,38.41,3.03,Neural Network (Specific Model),11,0.895,24364,298.373403,1718445,0.69,1722,78,74463,d__Bacteria;p__Pseudomonadota;c__Alphaproteobacteria;o__Caulobacterales;f__Caulobacteraceae;g__Caulobacter;s__,N/A,N/A,N/A,0,0,G06,,,,,,,,FALSE,,FALSE,Me.F.3.L.B,Memorial,dorm_sample,95.25
R022_R024.combined.G06,semibin2_42,33.53,0.08,Neural Network (Specific Model),11,0.856,68522,308.3502722,1188745,0.37,1102,21,137244,d__Bacteria;p__Pseudomonadota;c__Gammaproteobacteria;o__Legionellales;f__Legionellaceae;g__Legionella_C;s__Legionella_C beliardensis,GCF_900452395.1,d__Bacteria;p__Pseudomonadota;c__Gammaproteobacteria;o__Legionellales;f__Legionellaceae;g__Legionella_C;s__Legionella_C beliardensis,96.2,0,0,G06,,,,,,,,FALSE,,FALSE,Me.F.3.L.B,Memorial,dorm_sample,95.25
R022_R024.combined.G06,semibin2_45,26.21,1.6,Neural Network (Specific Model),11,0.873,18150,292.1534137,1247112,0.69,1245,71,97331,d__Bacteria;p__Pseudomonadota;c__Alphaproteobacteria;o__Caulobacterales;f__Caulobacteraceae;g__Caulobacter;s__,N/A,N/A,N/A,0,0,G06,,,,,,,,FALSE,,FALSE,Me.F.3.L.B,Memorial,dorm_sample,95.25
R022_R024.combined.G06,semibin2_76_sub,33.31,6.15,Neural Network (Specific Model),11,0.901,32110,293.8119964,1089143,0.71,1117,38,55804,d__Bacteria;p__Actinomycetota;c__Actinomycetes;o__Actinomycetales;f__Microbacteriaceae;g__Microbacterium;s__,N/A,N/A,N/A,0,0,G06,,,,,,,,FALSE,,FALSE,Me.F.3.L.B,Memorial,dorm_sample,95.25
R022_R024.combined.G06,semibin2_77_sub,39.65,8.47,Neural Network (Specific Model),11,0.876,40845,288.1177799,3051774,0.67,3099,82,145867,d__Bacteria;p__Pseudomonadota;c__Alphaproteobacteria;o__Rhizobiales;f__Beijerinckiaceae;g__Allobosea;s__,N/A,N/A,N/A,0,0,G06,,,,,,,,FALSE,,FALSE,Me.F.3.L.B,Memorial,dorm_sample,95.25
R022_R024.combined.G06,semibin2_82_sub,55.65,12.59,Gradient Boost (General Model),11,0.856,34002,278.7483816,5716052,0.62,5870,204,305848,d__Bacteria;p__Pseudomonadota;c__Alphaproteobacteria;o__Rhizobiales;f__Xanthobacteraceae;g__CAWCKS01;s__,N/A,N/A,N/A,0,0,G06,,,,,,,,FALSE,,FALSE,Me.F.3.L.B,Memorial,dorm_sample,95.25
R022_R024.combined.G06,semibin2_83_sub,68.27,32.59,Gradient Boost (General Model),11,0.862,24297,272.6762351,13936355,0.65,14736,620,697067,d__Bacteria;p__Pseudomonadota;c__Alphaproteobacteria;o__Caulobacterales;f__Caulobacteraceae;g__;s__,N/A,N/A,N/A,0,0,G06,,,,,,,,FALSE,u1000600ctg_len-151308;u695524ctg_len-697067;u943752ctg_len-109779;u1185036ctg_len-36620,TRUE,Me.F.3.L.B,Memorial,dorm_sample,95.25
R022_R024.combined.G06,semibin2_84,39.62,6.97,Gradient Boost (General Model),11,0.875,24508,278.9768169,3658505,0.64,3839,169,140097,d__Bacteria;p__Pseudomonadota;c__Gammaproteobacteria;o__Xanthomonadales;f__Xanthomonadaceae;g__Stenotrophomonas;s__,N/A,N/A,N/A,0,0,G06,,,,,,,,FALSE,u545235ctg_len-140097;u1402479ctg_len-88033,TRUE,Me.F.3.L.B,Memorial,dorm_sample,95.25
R022_R024.combined.G06,semibin2_85_sub,31.25,3.14,Neural Network (Specific Model),11,0.885,33275,266.9923664,2480797,0.63,2751,106,153687,d__Bacteria;p__Pseudomonadota;c__Alphaproteobacteria;o__Sphingomonadales;f__Sphingomonadaceae;g__Sphingomonas;s__,N/A,N/A,N/A,0,0,G06,,,,,,,,FALSE,u1188000ctg_len-60965;u840611ctg_len-41539;u839696ctg_len-106220,TRUE,Me.F.3.L.B,Memorial,dorm_sample,95.25
R022_R024.combined.H01,complete.10,99.87,0.65,Neural Network (Specific Model),11,0.9,4374862,313.5518474,4374862,0.65,4195,1,4374862,d__Bacteria;p__Pseudomonadota;c__Alphaproteobacteria;o__Sphingomonadales;f__Sphingomonadaceae;g__Sphingopyxis;s__Sphingopyxis sp001468395,GCF_001468395.1,d__Bacteria;p__Pseudomonadota;c__Alphaproteobacteria;o__Sphingomonadales;f__Sphingomonadaceae;g__Sphingopyxis;s__Sphingopyxis sp001468395,96.9,1,1,H01,1,1,1,3,45,1,1,TRUE,,FALSE,Ea.F.1.H.B,Earl,dorm_sample,69.75
R022_R024.combined.H01,complete.100,100,0.47,Neural Network (Specific Model),11,0.843,5925853,352.7468247,5925853,0.69,4724,1,5925853,d__Bacteria;p__Pseudomonadota;c__Gammaproteobacteria;o__Xanthomonadales;f__Xanthomonadaceae;g__Lysobacter;s__,N/A,N/A,N/A,1,1,H01,2,2,2,6,54,2,2,TRUE,u287543ctg_len-5925853,TRUE,Ea.F.1.H.B,Earl,dorm_sample,69.75
R022_R024.combined.H01,complete.101,100,1.53,Neural Network (Specific Model),11,0.905,3957262,317.7970784,3957262,0.65,3765,1,3957262,d__Bacteria;p__Pseudomonadota;c__Alphaproteobacteria;o__Sphingomonadales;f__Sphingomonadaceae;g__Erythrobacter;s__,N/A,N/A,N/A,1,1,H01,2,2,2,6,51,2,3,TRUE,u928016ctg_len-3957262,TRUE,Ea.F.1.H.B,Earl,dorm_sample,69.75
R022_R024.combined.H01,complete.102,100,1.15,Neural Network (Specific Model),11,0.902,5817289,339.4658782,5817289,0.47,5158,1,5817289,d__Bacteria;p__Bacteroidota;c__Bacteroidia;o__B-17B0;f__Aurantibacillaceae;g__UBA4416;s__,N/A,N/A,N/A,1,1,H01,2,2,2,6,56,2,2,TRUE,u401348ctg_len-5817289,TRUE,Ea.F.1.H.B,Earl,dorm_sample,69.75
R022_R024.combined.H01,complete.103,99.99,0.03,Neural Network (Specific Model),11,0.881,4317129,323.2690937,4317129,0.63,3928,1,4317129,d__Bacteria;p__Pseudomonadota;c__Gammaproteobacteria;o__Burkholderiales;f__Burkholderiaceae_C;g__Acidovorax;s__Acidovorax temperans,GCF_006716905.1,d__Bacteria;p__Pseudomonadota;c__Gammaproteobacteria;o__Burkholderiales;f__Burkholderiaceae_C;g__Acidovorax;s__Acidovorax temperans,95.83,1,1,H01,4,4,4,12,59,4,0,TRUE,u140919ctg_len-4317129,TRUE,Ea.F.1.H.B,Earl,dorm_sample,69.75
R022_R024.combined.H01,complete.104,99.71,0.04,Gradient Boost (General Model),11,0.925,4454106,340.4552202,4454106,0.46,4042,1,4454106,d__Bacteria;p__Bacteroidota;c__Bacteroidia;o__Cytophagales;f__Cyclobacteriaceae;g__UBA2336;s__,N/A,N/A,N/A,1,1,H01,2,3,2,7,37,2,0,TRUE,u825645ctg_len-4454106,TRUE,Ea.F.1.H.B,Earl,dorm_sample,69.75
R022_R024.combined.H01,complete.105,99.99,0.03,Neural Network (Specific Model),11,0.886,4440932,320.8559219,4440932,0.63,4095,1,4440932,d__Bacteria;p__Pseudomonadota;c__Gammaproteobacteria;o__Burkholderiales;f__Burkholderiaceae_C;g__Acidovorax;s__Acidovorax temperans,GCF_006716905.1,d__Bacteria;p__Pseudomonadota;c__Gammaproteobacteria;o__Burkholderiales;f__Burkholderiaceae_C;g__Acidovorax;s__Acidovorax temperans,96.45,1,1,H01,4,4,4,12,58,4,4,TRUE,u119400ctg_len-4440932,TRUE,Ea.F.1.H.B,Earl,dorm_sample,69.75
R022_R024.combined.H01,complete.106,100,0.72,Neural Network (Specific Model),11,0.912,4628552,327.9546617,4628552,0.67,4301,1,4628552,d__Bacteria;p__Pseudomonadota;c__Alphaproteobacteria;o__Sphingomonadales;f__Sphingomonadaceae;g__Sphingomonas;s__,N/A,N/A,N/A,1,1,H01,1,1,1,3,49,1,0,TRUE,u57952ctg_len-4628552,TRUE,Ea.F.1.H.B,Earl,dorm_sample,69.75
R022_R024.combined.H01,complete.107,100,1.24,Gradient Boost (General Model),11,0.893,6856544,353.103609,6856544,0.5,5791,1,6856544,d__Bacteria;p__Bacteroidota;c__Bacteroidia;o__Cytophagales;f__Cyclobacteriaceae;g__Chryseolinea;s__,N/A,N/A,N/A,1,1,H01,2,2,2,6,43,2,0,TRUE,u575596ctg_len-6856544,TRUE,Ea.F.1.H.B,Earl,dorm_sample,69.75
R022_R024.combined.H01,complete.108,100,0.14,Gradient Boost (General Model),11,0.886,3544714,321.4266013,3544714,0.64,3263,1,3544714,d__Bacteria;p__Pseudomonadota;c__Gammaproteobacteria;o__Burkholderiales;f__Burkholderiaceae;g__Imbroritus;s__,N/A,N/A,N/A,1,1,H01,2,2,2,6,55,2,4,TRUE,u44334ctg_len-3544714,TRUE,Ea.F.1.H.B,Earl,dorm_sample,69.75
R022_R024.combined.H01,complete.109,99.58,0.05,Neural Network (Specific Model),11,0.897,4456093,344.6482438,4456093,0.43,3872,1,4456093,d__Bacteria;p__Bacteroidota;c__Bacteroidia;o__Chitinophagales;f__Chitinophagaceae;g__Ferruginibacter;s__,N/A,N/A,N/A,1,1,H01,1,1,1,3,41,1,0,TRUE,u391417ctg_len-4456093,TRUE,Ea.F.1.H.B,Earl,dorm_sample,69.75
R022_R024.combined.H01,complete.110,99.99,0.08,Neural Network (Specific Model),11,0.917,4711635,356.6975019,4711635,0.7,4043,1,4711635,d__Bacteria;p__Pseudomonadota;c__Gammaproteobacteria;o__Xanthomonadales;f__Ahniellaceae;g__JBGAHD01;s__,N/A,N/A,N/A,1,1,H01,2,2,2,6,48,2,2,TRUE,u520971ctg_len-4711635,TRUE,Ea.F.1.H.B,Earl,dorm_sample,69.75
R022_R024.combined.H01,complete.111,100,0.95,Neural Network (Specific Model),11,0.906,3550397,308.8624856,3550397,0.68,3476,1,3550397,d__Bacteria;p__Pseudomonadota;c__Alphaproteobacteria;o__Caulobacterales;f__Caulobacteraceae;g__Brevundimonas;s__,N/A,N/A,N/A,1,1,H01,1,1,1,3,47,1,3,TRUE,u162906ctg_len-3550397,TRUE,Ea.F.1.H.B,Earl,dorm_sample,69.75
R022_R024.combined.H01,complete.112,100,1.26,Neural Network (Specific Model),11,0.901,4511133,331.0976086,4511133,0.67,4098,1,4511133,d__Bacteria;p__Pseudomonadota;c__Gammaproteobacteria;o__Xanthomonadales;f__Xanthomonadaceae;g__Pseudoxanthomonas_A;s__Pseudoxanthomonas_A sp002863005,GCF_964253795.1,d__Bacteria;p__Pseudomonadota;c__Gammaproteobacteria;o__Xanthomonadales;f__Xanthomonadaceae;g__Pseudoxanthomonas_A;s__Pseudoxanthomonas_A sp002863005,98.16,1,1,H01,2,2,2,6,50,1,0,TRUE,u108486ctg_len-4511133,TRUE,Ea.F.1.H.B,Earl,dorm_sample,69.75
R022_R024.combined.H01,complete.15,100,37.53,Neural Network (Specific Model),11,0.887,7635986,320.4689626,7635986,0.66,7056,1,7635986,d__Bacteria;p__Pseudomonadota;c__Gammaproteobacteria;o__Burkholderiales;f__Burkholderiaceae_C;g__Ottowia;s__Ottowia sp018060485,GCA_018060485.1,d__Bacteria;p__Pseudomonadota;c__Gammaproteobacteria;o__Burkholderiales;f__Burkholderiaceae_C;g__Ottowia;s__Ottowia sp018060485,98.75,0,0,H01,,,,,,,,FALSE,,FALSE,Ea.F.1.H.B,Earl,dorm_sample,69.75
R022_R024.combined.H01,complete.24,100,0.14,Neural Network (Specific Model),11,0.908,4531216,346.2334846,4531216,0.43,3966,1,4531216,d__Bacteria;p__Bacteroidota;c__Bacteroidia;o__Chitinophagales;f__Chitinophagaceae;g__CADEDV01;s__CADEDV01 sp936908745,GCA_936908745.1,d__Bacteria;p__Bacteroidota;c__Bacteroidia;o__Chitinophagales;f__Chitinophagaceae;g__CADEDV01;s__CADEDV01 sp936908745,98.04,1,1,H01,1,1,1,3,48,1,0,TRUE,,FALSE,Ea.F.1.H.B,Earl,dorm_sample,69.75
R022_R024.combined.H01,complete.26,100,0.14,Gradient Boost (General Model),11,0.895,5540754,346.6655497,5540754,0.45,4775,1,5540754,d__Bacteria;p__Bacteroidota;c__Bacteroidia;o__Chitinophagales;f__Chitinophagaceae;g__Endoryza;s__,N/A,N/A,N/A,1,1,H01,1,1,1,3,72,1,0,TRUE,,FALSE,Ea.F.1.H.B,Earl,dorm_sample,69.75
R022_R024.combined.H01,complete.3,100,0.34,Neural Network (Specific Model),11,0.906,5183152,321.9507086,5183152,0.64,4869,1,5183152,d__Bacteria;p__Pseudomonadota;c__Alphaproteobacteria;o__Sphingomonadales;f__Sphingomonadaceae;g__Sphingopyxis;s__Sphingopyxis sp014873485,GCF_014873485.1,d__Bacteria;p__Pseudomonadota;c__Alphaproteobacteria;o__Sphingomonadales;f__Sphingomonadaceae;g__Sphingopyxis;s__Sphingopyxis sp014873485,97.01,1,1,H01,1,1,1,3,49,1,1,TRUE,,FALSE,Ea.F.1.H.B,Earl,dorm_sample,69.75
R022_R024.combined.H01,complete.6,100,12.19,Neural Network (Specific Model),11,0.895,4585972,310.6361162,4585972,0.66,4408,1,4585972,d__Bacteria;p__Pseudomonadota;c__Gammaproteobacteria;o__Burkholderiales;f__Burkholderiaceae_C;g__Ottowia;s__Ottowia sp018060485,GCA_018060485.1,d__Bacteria;p__Pseudomonadota;c__Gammaproteobacteria;o__Burkholderiales;f__Burkholderiaceae_C;g__Ottowia;s__Ottowia sp018060485,98.71,0,0,H01,,,,,,,,FALSE,,FALSE,Ea.F.1.H.B,Earl,dorm_sample,69.75
R022_R024.combined.H01,complete.9,99.97,0.97,Neural Network (Specific Model),11,0.899,4476498,317.8279697,4476498,0.64,4226,1,4476498,d__Bacteria;p__Pseudomonadota;c__Alphaproteobacteria;o__Sphingomonadales;f__Sphingomonadaceae;g__Blastomonas;s__Blastomonas ursincola,GCF_013607875.1,d__Bacteria;p__Pseudomonadota;c__Alphaproteobacteria;o__Sphingomonadales;f__Sphingomonadaceae;g__Blastomonas;s__Blastomonas ursincola,98.13,1,1,H01,2,2,2,6,50,2,2,TRUE,,FALSE,Ea.F.1.H.B,Earl,dorm_sample,69.75
R022_R024.combined.H01,complete.98,100,0.04,Gradient Boost (General Model),11,0.929,2082526,312.4361702,2082526,0.54,2068,1,2082526,d__Bacteria;p__Pseudomonadota;c__Alphaproteobacteria;o__Rickettsiales;f__UBA3002;g__JALHRI01;s__,N/A,N/A,N/A,1,1,H01,1,1,1,3,40,0,2,TRUE,u105944ctg_len-2082526,TRUE,Ea.F.1.H.B,Earl,dorm_sample,69.75
R022_R024.combined.H01,metabat2.122,100,7.59,Neural Network (Specific Model),11,0.902,912531,322.920824,4320467,0.67,4029,6,1581052,d__Bacteria;p__Pseudomonadota;c__Gammaproteobacteria;o__Xanthomonadales;f__Xanthomonadaceae;g__Pseudoxanthomonas_A;s__Pseudoxanthomonas_A mexicana,GCF_010093385.1,d__Bacteria;p__Pseudomonadota;c__Gammaproteobacteria;o__Xanthomonadales;f__Xanthomonadaceae;g__Pseudoxanthomonas_A;s__Pseudoxanthomonas_A mexicana,96.88,0,0,H01,,,,,,,,FALSE,,FALSE,Ea.F.1.H.B,Earl,dorm_sample,69.75
R022_R024.combined.H01,metabat2.123,100,0.02,Gradient Boost (General Model),11,0.931,1463636,313.4199691,1958191,0.55,1943,3,1463636,d__Bacteria;p__Pseudomonadota;c__Alphaproteobacteria;o__Rickettsiales;f__UBA3002;g__JALHRI01;s__,N/A,N/A,N/A,1,0,H01,,,,,,,,FALSE,,FALSE,Ea.F.1.H.B,Earl,dorm_sample,69.75
R022_R024.combined.H01,metabat2.146,70.63,2.14,Neural Network (Specific Model),11,0.906,60380,290.5539452,2382358,0.46,2484,39,202164,d__Bacteria;p__Bdellovibrionota;c__Bdellovibrionia;o__Bdellovibrionales;f__Bdellovibrionaceae;g__;s__,N/A,N/A,N/A,0,0,H01,,,,,,,,FALSE,,FALSE,Ea.F.1.H.B,Earl,dorm_sample,69.75
R022_R024.combined.H01,metabat2.157,9.34,0,Neural Network (Specific Model),11,0.906,65758,311.7411444,378137,0.66,367,7,78455,d__Bacteria;p__Pseudomonadota;c__Gammaproteobacteria;o__Burkholderiales;f__Burkholderiaceae_C;g__Aquincola;s__,N/A,N/A,N/A,0,0,H01,,,,,,,,FALSE,,FALSE,Ea.F.1.H.B,Earl,dorm_sample,69.75
R022_R024.combined.H01,metabat2.16,100,0.71,Neural Network (Specific Model),11,0.91,2710400,322.6101824,4192707,0.67,3948,3,2710400,d__Bacteria;p__Pseudomonadota;c__Alphaproteobacteria;o__Caulobacterales;f__Caulobacteraceae;g__Caulobacter;s__Caulobacter sp913776195,GCA_913776195.1,d__Bacteria;p__Pseudomonadota;c__Alphaproteobacteria;o__Caulobacterales;f__Caulobacteraceae;g__Caulobacter;s__Caulobacter sp913776195,97.16,1,0,H01,,,,,,,,FALSE,,FALSE,Ea.F.1.H.B,Earl,dorm_sample,69.75
R022_R024.combined.H01,metabat2.162,99.19,53.18,Gradient Boost (General Model),11,0.921,239596,333.0417695,11394013,0.7,10534,84,1079341,d__Bacteria;p__Pseudomonadota;c__Gammaproteobacteria;o__Burkholderiales;f__Burkholderiaceae_C;g__Aquincola;s__Aquincola sp964001545,GCF_964001545.1,d__Bacteria;p__Pseudomonadota;c__Gammaproteobacteria;o__Burkholderiales;f__Burkholderiaceae_C;g__Aquincola;s__Aquincola sp964001545,96.47,0,0,H01,,,,,,,,FALSE,,FALSE,Ea.F.1.H.B,Earl,dorm_sample,69.75
R022_R024.combined.H01,metabat2.171,21.67,1.18,Neural Network (Specific Model),11,0.889,593707,297.2364706,851554,0.67,850,5,593707,d__Bacteria;p__Pseudomonadota;c__Gammaproteobacteria;o__Burkholderiales;f__Burkholderiaceae_C;g__Ottowia;s__Ottowia sp018060485,GCA_018060485.1,d__Bacteria;p__Pseudomonadota;c__Gammaproteobacteria;o__Burkholderiales;f__Burkholderiaceae_C;g__Ottowia;s__Ottowia sp018060485,98.6,0,0,H01,,,,,,,,FALSE,u265275ctg_len-593707,TRUE,Ea.F.1.H.B,Earl,dorm_sample,69.75
R022_R024.combined.H01,metabat2.177_sub,43.65,3.5,Neural Network (Specific Model),11,0.908,1466333,301.9003601,1657060,0.66,1666,3,1466333,d__Bacteria;p__Pseudomonadota;c__Alphaproteobacteria;o__Caulobacterales;f__Caulobacteraceae;g__Brevundimonas;s__,N/A,N/A,N/A,0,0,H01,,,,,,,,FALSE,,FALSE,Ea.F.1.H.B,Earl,dorm_sample,69.75
R022_R024.combined.H01,metabat2.181,92.35,0.38,Gradient Boost (General Model),11,0.929,200684,344.9377686,5947070,0.65,5351,39,561738,d__Bacteria;p__Myxococcota;c__XYA12-FULL-58-9;o__XYA12-FULL-58-9;f__JALHOP01;g__JALHOP01;s__,N/A,N/A,N/A,0,0,H01,,,,,,,,FALSE,,FALSE,Ea.F.1.H.B,Earl,dorm_sample,69.75
R022_R024.combined.H01,metabat2.3,92.16,3.54,Gradient Boost (General Model),11,0.905,693506,343.1601612,5352596,0.53,4714,12,1107912,d__Bacteria;p__Cyanobacteriota;c__Vampirovibrionia;o__Obscuribacterales;f__Obscuribacteraceae;g__Ga0077546;s__,N/A,N/A,N/A,1,0,H01,,,,,,,,FALSE,,FALSE,Ea.F.1.H.B,Earl,dorm_sample,69.75
R022_R024.combined.H01,metabat2.35,95.32,1.44,Gradient Boost (General Model),11,0.909,390230,328.7844801,3447508,0.46,3183,15,708207,d__Bacteria;p__Bacteroidota;c__Bacteroidia;o__Chitinophagales;f__Chitinophagaceae;g__JAFIGV01;s__,N/A,N/A,N/A,1,0,H01,,,,,,,,FALSE,,FALSE,Ea.F.1.H.B,Earl,dorm_sample,69.75
R022_R024.combined.H01,metabat2.4,99,3.54,Neural Network (Specific Model),11,0.901,602675,342.7559199,4380018,0.38,3843,12,1037403,d__Bacteria;p__Bacteroidota;c__Bacteroidia;o__Cytophagales;f__Cytophagaceae;g__Cytophaga;s__,N/A,N/A,N/A,1,0,H01,,,,,,,,FALSE,,FALSE,Ea.F.1.H.B,Earl,dorm_sample,69.75
R022_R024.combined.H01,metabat2.40,99.99,0.09,Neural Network (Specific Model),11,0.906,1027151,345.0063985,4992131,0.48,4376,5,2204987,d__Bacteria;p__Bacteroidota;c__Bacteroidia;o__Chitinophagales;f__Chitinophagaceae;g__Terrimonas;s__,N/A,N/A,N/A,1,0,H01,,,,,,,,FALSE,,FALSE,Ea.F.1.H.B,Earl,dorm_sample,69.75
R022_R024.combined.H01,metabat2.58,84.86,0.16,Gradient Boost (General Model),11,0.897,79290,334.9167375,3947712,0.47,3531,51,274100,d__Bacteria;p__Bacteroidota;c__Bacteroidia;o__Chitinophagales;f__Chitinophagaceae;g__CAYMZZ01;s__,N/A,N/A,N/A,0,0,H01,,,,,,,,FALSE,,FALSE,Ea.F.1.H.B,Earl,dorm_sample,69.75
R022_R024.combined.H01,metabat2.67,99.45,0.7,Neural Network (Specific Model),11,0.906,1237499,330.8370812,4770857,0.4,4358,4,2280165,d__Bacteria;p__Bacteroidota;c__Bacteroidia;o__Sphingobacteriales;f__Sphingobacteriaceae;g__Pedobacter;s__,N/A,N/A,N/A,1,0,H01,,,,,,,,FALSE,,FALSE,Ea.F.1.H.B,Earl,dorm_sample,69.75
R022_R024.combined.H01,metabat2.72,70.4,0.15,Neural Network (Specific Model),11,0.903,90378,308.9359734,2766794,0.67,2702,41,227019,d__Bacteria;p__Pseudomonadota;c__Alphaproteobacteria;o__Caulobacterales;f__Caulobacteraceae;g__Caulobacter;s__,N/A,N/A,N/A,0,0,H01,,,,,,,,FALSE,,FALSE,Ea.F.1.H.B,Earl,dorm_sample,69.75
R022_R024.combined.H01,metabat2.73,100,0,Gradient Boost (General Model),11,0.85,789451,321.4872926,7438768,0.48,6571,13,1683436,d__Bacteria;p__Bacteroidota;c__Bacteroidia;o__Cytophagales;f__172606-1;g__Xanthocytophaga;s__,N/A,N/A,N/A,1,0,H01,,,,,,,,FALSE,,FALSE,Ea.F.1.H.B,Earl,dorm_sample,69.75
R022_R024.combined.H01,metabat2.74_sub,41.52,1.98,Neural Network (Specific Model),11,0.883,50565,288.0552313,2172812,0.69,2227,41,124508,d__Bacteria;p__Pseudomonadota;c__Alphaproteobacteria;o__Caulobacterales;f__Caulobacteraceae;g__Phenylobacterium;s__,N/A,N/A,N/A,0,0,H01,,,,,,,,FALSE,,FALSE,Ea.F.1.H.B,Earl,dorm_sample,69.75
R022_R024.combined.H01,metabat2.77,80.34,2.04,Neural Network (Specific Model),11,0.899,127152,336.003268,4110511,0.38,3672,37,365015,d__Bacteria;p__Bacteroidota;c__Bacteroidia;o__Cytophagales;f__Cytophagaceae;g__Cytophaga;s__,N/A,N/A,N/A,0,0,H01,,,,,,,,FALSE,,FALSE,Ea.F.1.H.B,Earl,dorm_sample,69.75
R022_R024.combined.H01,metabat2.80,89.77,0.87,Gradient Boost (General Model),11,0.877,1193032,366.2673035,6938320,0.55,5548,7,2511095,d__Bacteria;p__Planctomycetota;c__Planctomycetia;o__Kolteriales;f__Kolteriaceae;g__JAIEPU01;s__,N/A,N/A,N/A,0,0,H01,,,,,,,,FALSE,,FALSE,Ea.F.1.H.B,Earl,dorm_sample,69.75
R022_R024.combined.H01,metabat2.81,51.3,0.15,Neural Network (Specific Model),11,0.918,60276,285.0992869,1691503,0.43,1823,29,120001,d__Bacteria;p__Bdellovibrionota;c__Bdellovibrionia;o__Bdellovibrionales;f__UBA1609;g__CAYHVK01;s__,N/A,N/A,N/A,0,0,H01,,,,,,,,FALSE,,FALSE,Ea.F.1.H.B,Earl,dorm_sample,69.75
R022_R024.combined.H01,metabat2.89,100,1.6,Neural Network (Specific Model),11,0.914,4358384,320.3492839,6226241,0.67,5935,4,4358384,d__Bacteria;p__Actinomycetota;c__Actinomycetes;o__Mycobacteriales;f__Mycobacteriaceae;g__Mycobacterium;s__Mycobacterium phocaicum,GCF_010731115.1,d__Bacteria;p__Actinomycetota;c__Actinomycetes;o__Mycobacteriales;f__Mycobacteriaceae;g__Mycobacterium;s__Mycobacterium phocaicum,95.32,1,0,H01,,,,,,,,FALSE,,FALSE,Ea.F.1.H.B,Earl,dorm_sample,69.75
R022_R024.combined.H01,semibin2_0,96.92,0.2,Neural Network (Specific Model),11,0.885,466942,341.2209613,5192743,0.39,4494,20,682558,d__Bacteria;p__Bacteroidota;c__Bacteroidia;o__Sphingobacteriales;f__Sphingobacteriaceae;g__Pedobacter;s__Pedobacter chitinilyticus,GCF_003313385.1,d__Bacteria;p__Bacteroidota;c__Bacteroidia;o__Sphingobacteriales;f__Sphingobacteriaceae;g__Pedobacter;s__Pedobacter chitinilyticus,96.93,0,0,H01,,,,,,,,FALSE,,FALSE,Ea.F.1.H.B,Earl,dorm_sample,69.75
R022_R024.combined.H01,semibin2_1,100,0.41,Neural Network (Specific Model),11,0.897,555893,348.1067512,4773314,0.67,4103,11,910006,d__Bacteria;p__Pseudomonadota;c__Gammaproteobacteria;o__Xanthomonadales;f__Xanthomonadaceae;g__Lysobacter_I;s__Lysobacter_I hankyongensis,GCF_039543145.1,d__Bacteria;p__Pseudomonadota;c__Gammaproteobacteria;o__Xanthomonadales;f__Xanthomonadaceae;g__Lysobacter_I;s__Lysobacter_I hankyongensis,95.24,1,0,H01,,,,,,,,FALSE,,FALSE,Ea.F.1.H.B,Earl,dorm_sample,69.75
R022_R024.combined.H01,semibin2_11,98.26,1.1,Gradient Boost (General Model),11,0.898,366753,361.1248666,5642245,0.66,4685,22,1051836,d__Bacteria;p__Myxococcota_A;c__Polyangia;o__Polyangiales;f__Polyangiaceae;g__NIC37A-2;s__,N/A,N/A,N/A,0,0,H01,,,,,,,,FALSE,,FALSE,Ea.F.1.H.B,Earl,dorm_sample,69.75
R022_R024.combined.H01,semibin2_12,99.34,0.29,Neural Network (Specific Model),11,0.906,3212328,330.7580167,4059377,0.67,3711,3,3212328,d__Bacteria;p__Pseudomonadota;c__Gammaproteobacteria;o__Xanthomonadales;f__Xanthomonadaceae;g__Pseudoxanthomonas_A;s__,N/A,N/A,N/A,1,0,H01,,,,,,,,FALSE,,FALSE,Ea.F.1.H.B,Earl,dorm_sample,69.75
R022_R024.combined.H01,semibin2_14,99.99,6.65,Neural Network (Specific Model),11,0.905,597615,304.3563479,4432835,0.68,4403,9,1223856,d__Bacteria;p__Pseudomonadota;c__Alphaproteobacteria;o__Caulobacterales;f__Caulobacteraceae;g__Phenylobacterium;s__Phenylobacterium haematophilum,GCF_014196295.1,d__Bacteria;p__Pseudomonadota;c__Alphaproteobacteria;o__Caulobacterales;f__Caulobacteraceae;g__Phenylobacterium;s__Phenylobacterium haematophilum,99.73,0,0,H01,,,,,,,,FALSE,,FALSE,Ea.F.1.H.B,Earl,dorm_sample,69.75
R022_R024.combined.H01,semibin2_147,77.67,8.07,Gradient Boost (General Model),11,0.917,100284,304.6908253,2373605,0.7,2387,23,298806,d__Bacteria;p__Pseudomonadota;c__Alphaproteobacteria;o__Caulobacterales;f__Caulobacteraceae;g__Phenylobacterium;s__,N/A,N/A,N/A,0,0,H01,,,,,,,,FALSE,,FALSE,Ea.F.1.H.B,Earl,dorm_sample,69.75
R022_R024.combined.H01,semibin2_15,95.3,4.55,Gradient Boost (General Model),11,0.911,2887407,340.4811798,5082246,0.51,4543,3,2887407,d__Bacteria;p__Cyanobacteriota;c__Vampirovibrionia;o__Obscuribacterales;f__Obscuribacteraceae;g__JAFKGK01;s__,N/A,N/A,N/A,1,0,H01,,,,,,,,FALSE,,FALSE,Ea.F.1.H.B,Earl,dorm_sample,69.75
R022_R024.combined.H01,semibin2_16,89.26,0.49,Neural Network (Specific Model),11,0.908,440740,303.1509534,3775890,0.65,3776,14,681187,d__Bacteria;p__Pseudomonadota;c__Alphaproteobacteria;o__Rhodobacterales;f__Rhodobacteraceae;g__Albidovulum;s__,N/A,N/A,N/A,0,0,H01,,,,,,,,FALSE,,FALSE,Ea.F.1.H.B,Earl,dorm_sample,69.75
R022_R024.combined.H01,semibin2_17,87.34,1.39,Neural Network (Specific Model),11,0.902,99903,307.3153935,3525268,0.39,3456,47,187173,d__Bacteria;p__Bacteroidota;c__Bacteroidia;o__Flavobacteriales;f__Flavobacteriaceae;g__Flavobacterium;s__,N/A,N/A,N/A,0,0,H01,,,,,,,,FALSE,,FALSE,Ea.F.1.H.B,Earl,dorm_sample,69.75
R022_R024.combined.H01,semibin2_173,77.05,34.11,Neural Network (Specific Model),11,0.904,43112,291.253108,4962691,0.7,5148,132,198349,d__Bacteria;p__Pseudomonadota;c__Alphaproteobacteria;o__Caulobacterales;f__Caulobacteraceae;g__Phenylobacterium;s__,N/A,N/A,N/A,0,0,H01,,,,,,,,FALSE,,FALSE,Ea.F.1.H.B,Earl,dorm_sample,69.75
R022_R024.combined.H01,semibin2_18,83.03,2.65,Neural Network (Specific Model),11,0.879,77442,320.7830796,3735017,0.38,3416,57,209894,d__Bacteria;p__Bacteroidota;c__Bacteroidia;o__Sphingobacteriales;f__Sphingobacteriaceae;g__Pedobacter;s__,N/A,N/A,N/A,0,0,H01,,,,,,,,FALSE,,FALSE,Ea.F.1.H.B,Earl,dorm_sample,69.75
R022_R024.combined.H01,semibin2_197,63.5,16.81,Gradient Boost (General Model),11,0.917,27702,276.000597,1508196,0.58,1675,56,56397,d__Bacteria;p__Pseudomonadota;c__Alphaproteobacteria;o__Rickettsiales;f__UBA3002;g__QFOX01;s__,N/A,N/A,N/A,0,0,H01,,,,,,,,FALSE,,FALSE,Ea.F.1.H.B,Earl,dorm_sample,69.75
R022_R024.combined.H01,semibin2_198,29.57,4.26,Neural Network (Specific Model),11,0.911,25224,268.355802,1031536,0.57,1172,48,75338,d__Bacteria;p__Pseudomonadota;c__Alphaproteobacteria;o__Rickettsiales;f__UBA3002;g__QFOX01;s__,N/A,N/A,N/A,0,0,H01,,,,,,,,FALSE,,FALSE,Ea.F.1.H.B,Earl,dorm_sample,69.75
R022_R024.combined.H01,semibin2_199,35.59,8.96,Neural Network (Specific Model),11,0.877,31130,290.6883605,2376536,0.58,2397,84,161852,d__Bacteria;p__Chloroflexota;c__Anaerolineae;o__Aggregatilineales;f__Phototrophicaceae;g__Flexifilum;s__,N/A,N/A,N/A,0,0,H01,,,,,,,,FALSE,,FALSE,Ea.F.1.H.B,Earl,dorm_sample,69.75
R022_R024.combined.H01,semibin2_20,81.41,0.06,Neural Network (Specific Model),11,0.864,146625,304.8104192,3426557,0.65,3244,31,267582,d__Bacteria;p__Pseudomonadota;c__Alphaproteobacteria;o__Rhizobiales;f__Hyphomicrobiaceae;g__Hyphomicrobium_C;s__Hyphomicrobium_C sp019744875,GCF_019744875.1,d__Bacteria;p__Pseudomonadota;c__Alphaproteobacteria;o__Rhizobiales;f__Hyphomicrobiaceae;g__Hyphomicrobium_C;s__Hyphomicrobium_C sp019744875,97.69,0,0,H01,,,,,,,,FALSE,,FALSE,Ea.F.1.H.B,Earl,dorm_sample,69.75
R022_R024.combined.H01,semibin2_202,36.73,6.05,Neural Network (Specific Model),11,0.912,40955,311.6438503,2867642,0.67,2805,79,104067,d__Bacteria;p__Actinomycetota;c__Actinomycetes;o__Mycobacteriales;f__Mycobacteriaceae;g__Mycobacterium;s__Mycobacterium phocaicum,GCF_010731115.1,d__Bacteria;p__Actinomycetota;c__Actinomycetes;o__Mycobacteriales;f__Mycobacteriaceae;g__Mycobacterium;s__Mycobacterium phocaicum,95.19,0,0,H01,,,,,,,,FALSE,,FALSE,Ea.F.1.H.B,Earl,dorm_sample,69.75
R022_R024.combined.H01,semibin2_207_sub,47.43,7.46,Neural Network (Specific Model),11,0.889,23908,289.9720187,2928980,0.68,3002,149,57766,d__Bacteria;p__Pseudomonadota;c__Gammaproteobacteria;o__Burkholderiales;f__Burkholderiaceae_C;g__JASGIT01;s__,N/A,N/A,N/A,0,0,H01,,,,,,,,FALSE,,FALSE,Ea.F.1.H.B,Earl,dorm_sample,69.75
R022_R024.combined.H01,semibin2_208,81.8,26.23,Gradient Boost (General Model),11,0.894,36800,313.7775932,4428339,0.68,4213,135,93099,d__Bacteria;p__Pseudomonadota;c__Gammaproteobacteria;o__Xanthomonadales;f__Xanthomonadaceae;g__Pseudoxanthomonas_A;s__,N/A,N/A,N/A,0,0,H01,,,,,,,,FALSE,,FALSE,Ea.F.1.H.B,Earl,dorm_sample,69.75
R022_R024.combined.H01,semibin2_209,47.2,8.85,Neural Network (Specific Model),11,0.895,29069,320.4050686,2578006,0.67,2407,105,90770,d__Bacteria;p__Pseudomonadota;c__Gammaproteobacteria;o__Xanthomonadales;f__Xanthomonadaceae;g__Lysobacter_I;s__,N/A,N/A,N/A,0,0,H01,,,,,,,,FALSE,,FALSE,Ea.F.1.H.B,Earl,dorm_sample,69.75
R022_R024.combined.H01,semibin2_21,91.59,1.4,Gradient Boost (General Model),11,0.928,234137,333.4125895,3604418,0.4,3352,24,546602,d__Bacteria;p__Bdellovibrionota_C;c__UBA2361;o__UBA2361;f__JAGFJO01;g__;s__,N/A,N/A,N/A,0,0,H01,,,,,,,,FALSE,,FALSE,Ea.F.1.H.B,Earl,dorm_sample,69.75
R022_R024.combined.H01,semibin2_210,80.23,40.44,Neural Network (Specific Model),11,0.899,44862,307.0128484,5170292,0.65,5059,131,130946,d__Bacteria;p__Pseudomonadota;c__Alphaproteobacteria;o__Sphingomonadales;f__Sphingomonadaceae;g__Sphingopyxis;s__,N/A,N/A,N/A,0,0,H01,,,,,,,,FALSE,,FALSE,Ea.F.1.H.B,Earl,dorm_sample,69.75
R022_R024.combined.H01,semibin2_211,54.98,17.95,Neural Network (Specific Model),11,0.896,31921,295.7228571,3109963,0.65,3150,112,89332,d__Bacteria;p__Pseudomonadota;c__Alphaproteobacteria;o__Sphingomonadales;f__Sphingomonadaceae;g__Sphingopyxis;s__,N/A,N/A,N/A,0,0,H01,,,,,,,,FALSE,,FALSE,Ea.F.1.H.B,Earl,dorm_sample,69.75
R022_R024.combined.H01,semibin2_213,51.69,14.47,Neural Network (Specific Model),11,0.888,25877,284.5018204,3160255,0.7,3296,139,82161,d__Bacteria;p__Actinomycetota;c__Actinomycetes;o__Actinomycetales;f__Microbacteriaceae;g__Microbacterium;s__,N/A,N/A,N/A,0,0,H01,,,,,,,,FALSE,,FALSE,Ea.F.1.H.B,Earl,dorm_sample,69.75
R022_R024.combined.H01,semibin2_220_sub,43.65,19.68,Neural Network (Specific Model),11,0.861,39801,272.7231705,5597781,0.57,5917,187,309464,d__Bacteria;p__Pseudomonadota;c__;o__;f__;g__;s__,N/A,N/A,N/A,0,0,H01,,,,,,,,FALSE,u532311ctg_len-105287;u421446ctg_len-17468;u575551ctg_len-41637;u489423ctg_len-153535;u162618ctg_len-309464;u596224ctg_len-199473;u427805ctg_len-50599;u266548ctg_len-39898,TRUE,Ea.F.1.H.B,Earl,dorm_sample,69.75
R022_R024.combined.H01,semibin2_24,87.42,0.6,Neural Network (Specific Model),11,0.861,747896,297.7575963,6104347,0.63,5891,30,1384079,d__Bacteria;p__Pseudomonadota;c__Alphaproteobacteria;o__Rhizobiales;f__Xanthobacteraceae;g__Bradyrhizobium;s__,N/A,N/A,N/A,0,0,H01,,,,,,,,FALSE,,FALSE,Ea.F.1.H.B,Earl,dorm_sample,69.75
R022_R024.combined.H01,semibin2_26,82.93,1.07,Neural Network (Specific Model),11,0.915,68554,327.856783,2980584,0.64,2779,55,162614,d__Bacteria;p__Pseudomonadota;c__Gammaproteobacteria;o__Burkholderiales;f__Burkholderiaceae_C;g__Aquabacterium;s__Aquabacterium sp029268225,GCF_037482285.1,d__Bacteria;p__Pseudomonadota;c__Gammaproteobacteria;o__Burkholderiales;f__Burkholderiaceae_C;g__Aquabacterium;s__Aquabacterium sp029268225,97.09,0,0,H01,,,,,,,,FALSE,,FALSE,Ea.F.1.H.B,Earl,dorm_sample,69.75
R022_R024.combined.H01,semibin2_27,86.62,0.01,Neural Network (Specific Model),11,0.903,71050,314.6247854,3038745,0.42,2913,56,197478,d__Bacteria;p__Bacteroidota;c__Bacteroidia;o__Chitinophagales;f__Chitinophagaceae;g__Niabella;s__Niabella sp023423285,GCA_023423285.1,d__Bacteria;p__Bacteroidota;c__Bacteroidia;o__Chitinophagales;f__Chitinophagaceae;g__Niabella;s__Niabella sp023423285,98.27,0,0,H01,,,,,,,,FALSE,,FALSE,Ea.F.1.H.B,Earl,dorm_sample,69.75
R022_R024.combined.H01,semibin2_29,88.74,1.71,Gradient Boost (General Model),11,0.914,233119,316.5503832,5545263,0.66,5349,38,554494,d__Bacteria;p__Pseudomonadota;c__Alphaproteobacteria;o__Reyranellales;f__Reyranellaceae;g__Reyranella;s__,N/A,N/A,N/A,0,0,H01,,,,,,,,FALSE,,FALSE,Ea.F.1.H.B,Earl,dorm_sample,69.75
R022_R024.combined.H01,semibin2_30,81.15,0.06,Neural Network (Specific Model),11,0.91,165036,322.7285271,3081046,0.67,2899,21,393370,d__Bacteria;p__Pseudomonadota;c__Gammaproteobacteria;o__Xanthomonadales;f__Xanthomonadaceae;g__Pseudoxanthomonas_A;s__Pseudoxanthomonas_A sp047600885,GCA_047600885.1,d__Bacteria;p__Pseudomonadota;c__Gammaproteobacteria;o__Xanthomonadales;f__Xanthomonadaceae;g__Pseudoxanthomonas_A;s__Pseudoxanthomonas_A sp047600885,95.95,0,0,H01,,,,,,,,FALSE,,FALSE,Ea.F.1.H.B,Earl,dorm_sample,69.75
R022_R024.combined.H01,semibin2_32,77.73,0.04,Gradient Boost (General Model),11,0.904,73795,379.4474717,5446729,0.73,4331,102,186077,d__Bacteria;p__Planctomycetota;c__UBA1135;o__UBA1135;f__UBA2386;g__UBA2386;s__,N/A,N/A,N/A,0,0,H01,,,,,,,,FALSE,,FALSE,Ea.F.1.H.B,Earl,dorm_sample,69.75
R022_R024.combined.H01,semibin2_33,87.05,0.38,Gradient Boost (General Model),11,0.927,74882,351.7355869,4907902,0.71,4319,85,249443,d__Bacteria;p__Acidobacteriota;c__Vicinamibacteria;o__Vicinamibacterales;f__UBA2999;g__CADEFD01;s__,N/A,N/A,N/A,0,0,H01,,,,,,,,FALSE,,FALSE,Ea.F.1.H.B,Earl,dorm_sample,69.75
R022_R024.combined.H01,semibin2_34,69.62,1.59,Neural Network (Specific Model),11,0.922,49954,277.2021127,2550076,0.49,2840,58,210283,d__Bacteria;p__Bdellovibrionota;c__Bdellovibrionia;o__Bdellovibrionales;f__Bdellovibrionaceae;g__JAYUPS01;s__,N/A,N/A,N/A,0,0,H01,,,,,,,,FALSE,,FALSE,Ea.F.1.H.B,Earl,dorm_sample,69.75
R022_R024.combined.H01,semibin2_35,83.95,2.2,Neural Network (Specific Model),11,0.846,184964,296.0539233,5848177,0.71,5582,49,637260,d__Bacteria;p__Pseudomonadota;c__Alphaproteobacteria;o__Rhizobiales;f__Beijerinckiaceae;g__Methylobacterium;s__Methylobacterium radiotolerans,GCF_000019725.1,d__Bacteria;p__Pseudomonadota;c__Alphaproteobacteria;o__Rhizobiales;f__Beijerinckiaceae;g__Methylobacterium;s__Methylobacterium radiotolerans,98.92,0,0,H01,,,,,,,,FALSE,,FALSE,Ea.F.1.H.B,Earl,dorm_sample,69.75
R022_R024.combined.H01,semibin2_36,86.31,2.39,Neural Network (Specific Model),11,0.892,81178,346.6325073,5531290,0.54,4762,88,211289,d__Bacteria;p__Planctomycetota;c__Planctomycetia;o__Pirellulales;f__Pirellulaceae;g__JBKCUI01;s__,N/A,N/A,N/A,0,0,H01,,,,,,,,FALSE,,FALSE,Ea.F.1.H.B,Earl,dorm_sample,69.75
R022_R024.combined.H01,semibin2_37,79.83,0.54,Gradient Boost (General Model),11,0.903,61425,292.3094679,4950987,0.4,5112,100,263336,d__Bacteria;p__Acidobacteriota;c__Blastocatellia;o__Pyrinomonadales;f__Pyrinomonadaceae;g__JAIBCC01;s__,N/A,N/A,N/A,0,0,H01,,,,,,,,FALSE,,FALSE,Ea.F.1.H.B,Earl,dorm_sample,69.75
R022_R024.combined.H01,semibin2_38,77.52,3.22,Neural Network (Specific Model),11,0.912,133008,311.147389,4185831,0.67,4098,37,621992,d__Bacteria;p__Actinomycetota;c__Actinomycetes;o__Mycobacteriales;f__Mycobacteriaceae;g__Mycobacterium;s__Mycobacterium phocaicum,GCF_010731115.1,d__Bacteria;p__Actinomycetota;c__Actinomycetes;o__Mycobacteriales;f__Mycobacteriaceae;g__Mycobacterium;s__Mycobacterium phocaicum,95.6,0,0,H01,,,,,,,,FALSE,,FALSE,Ea.F.1.H.B,Earl,dorm_sample,69.75
R022_R024.combined.H01,semibin2_39,67.08,1.36,Neural Network (Specific Model),11,0.897,72649,305.2859813,2180767,0.65,2140,34,170955,d__Bacteria;p__Pseudomonadota;c__Alphaproteobacteria;o__Sphingomonadales;f__Sphingomonadaceae;g__Blastomonas;s__Blastomonas ursincola,GCF_013607875.1,d__Bacteria;p__Pseudomonadota;c__Alphaproteobacteria;o__Sphingomonadales;f__Sphingomonadaceae;g__Blastomonas;s__Blastomonas ursincola,97.25,0,0,H01,,,,,,,,FALSE,,FALSE,Ea.F.1.H.B,Earl,dorm_sample,69.75
R022_R024.combined.H01,semibin2_4,99.93,1,Neural Network (Specific Model),11,0.916,1564928,313.3784014,2408709,0.56,2352,2,1564928,d__Bacteria;p__Pseudomonadota;c__Alphaproteobacteria;o__Micavibrionales;f__UBA2020;g__JAEXMB01;s__,N/A,N/A,N/A,1,0,H01,,,,,,,,FALSE,,FALSE,Ea.F.1.H.B,Earl,dorm_sample,69.75
R022_R024.combined.H01,semibin2_40,69.12,4.57,Neural Network (Specific Model),11,0.918,69457,292.8880198,2317965,0.72,2429,45,301740,d__Bacteria;p__Actinomycetota;c__Actinomycetes;o__Actinomycetales;f__Microbacteriaceae;g__Pseudolysinimonas_A;s__,N/A,N/A,N/A,0,0,H01,,,,,,,,FALSE,,FALSE,Ea.F.1.H.B,Earl,dorm_sample,69.75
R022_R024.combined.H01,semibin2_41,81.82,3.35,Gradient Boost (General Model),11,0.873,48872,328.1145758,6205309,0.51,5516,149,145188,d__Bacteria;p__Cyanobacteriota;c__Vampirovibrionia;o__Obscuribacterales;f__Obscuribacteraceae;g__JADYXR01;s__,N/A,N/A,N/A,0,0,H01,,,,,,,,FALSE,,FALSE,Ea.F.1.H.B,Earl,dorm_sample,69.75
R022_R024.combined.H01,semibin2_42,78.91,0.68,Gradient Boost (General Model),11,0.92,59711,310.3010996,3116619,0.53,3092,66,184422,d__Bacteria;p__Bdellovibrionota;c__Bdellovibrionia;o__Bdellovibrionales;f__JAMPXM01;g__Ga0074137;s__,N/A,N/A,N/A,0,0,H01,,,,,,,,FALSE,,FALSE,Ea.F.1.H.B,Earl,dorm_sample,69.75
R022_R024.combined.H01,semibin2_43,68.95,0.23,Neural Network (Specific Model),11,0.919,48579,278.0033585,2150590,0.44,2382,54,133128,d__Bacteria;p__Bdellovibrionota;c__Bdellovibrionia;o__Bdellovibrionales;f__Bdellovibrionaceae;g__JAZKJI01;s__,N/A,N/A,N/A,0,0,H01,,,,,,,,FALSE,,FALSE,Ea.F.1.H.B,Earl,dorm_sample,69.75
R022_R024.combined.H01,semibin2_45,72.46,6.94,Gradient Boost (General Model),11,0.879,90816,309.2273612,4324528,0.59,4108,60,264611,d__Bacteria;p__Chloroflexota;c__Anaerolineae;o__Aggregatilineales;f__Phototrophicaceae;g__Flexifilum;s__,N/A,N/A,N/A,0,0,H01,,,,,,,,FALSE,,FALSE,Ea.F.1.H.B,Earl,dorm_sample,69.75
R022_R024.combined.H01,semibin2_46,67.26,0.27,Gradient Boost (General Model),11,0.9,92999,341.5389582,2641432,0.45,2323,36,202070,d__Bacteria;p__Bacteroidota;c__Bacteroidia;o__Chitinophagales;f__LD1;g__Bog-950;s__,N/A,N/A,N/A,0,0,H01,,,,,,,,FALSE,,FALSE,Ea.F.1.H.B,Earl,dorm_sample,69.75
R022_R024.combined.H01,semibin2_47,66.59,3.59,Gradient Boost (General Model),11,0.901,27812,266.4858377,1840682,0.39,2083,72,94886,d__Bacteria;p__Bdellovibrionota;c__Bdellovibrionia;o__Bdellovibrionales;f__JAEYZS01;g__JAEYZS01;s__,N/A,N/A,N/A,0,0,H01,,,,,,,,FALSE,,FALSE,Ea.F.1.H.B,Earl,dorm_sample,69.75
R022_R024.combined.H01,semibin2_48,59.3,1.47,Neural Network (Specific Model),11,0.92,34477,282.6543353,2383520,0.56,2595,83,88149,d__Bacteria;p__Bdellovibrionota;c__Bacteriovoracia;o__Bacteriovoracales;f__Bacteriovoracaceae;g__UBA6144;s__,N/A,N/A,N/A,0,0,H01,,,,,,,,FALSE,,FALSE,Ea.F.1.H.B,Earl,dorm_sample,69.75
R022_R024.combined.H01,semibin2_49,58.59,0.02,Neural Network (Specific Model),11,0.894,42312,295.5765408,1492364,0.72,1509,42,163485,d__Bacteria;p__Actinomycetota;c__Actinomycetes;o__Actinomycetales;f__Microbacteriaceae;g__Microcella;s__Microcella alkaliphila_B,GCF_014595885.1,d__Bacteria;p__Actinomycetota;c__Actinomycetes;o__Actinomycetales;f__Microbacteriaceae;g__Microcella;s__Microcella alkaliphila_B,97.06,0,0,H01,,,,,,,,FALSE,,FALSE,Ea.F.1.H.B,Earl,dorm_sample,69.75
R022_R024.combined.H01,semibin2_50,56.51,3.26,Neural Network (Specific Model),11,0.879,33260,309.6450832,3484339,0.42,3305,113,122424,d__Bacteria;p__Bacteroidota;c__Bacteroidia;o__Chitinophagales;f__Chitinophagaceae;g__Niabella;s__Niabella sp052044285,GCF_052044285.1,d__Bacteria;p__Bacteroidota;c__Bacteroidia;o__Chitinophagales;f__Chitinophagaceae;g__Niabella;s__Niabella sp052044285,96.05,0,0,H01,,,,,,,,FALSE,,FALSE,Ea.F.1.H.B,Earl,dorm_sample,69.75
R022_R024.combined.H01,semibin2_51,56.92,9.1,Neural Network (Specific Model),11,0.907,27620,263.4225844,2234875,0.5,2577,88,58054,d__Bacteria;p__Bdellovibrionota;c__Bdellovibrionia;o__Bdellovibrionales;f__UBA1609;g__JALHOQ01;s__,N/A,N/A,N/A,0,0,H01,,,,,,,,FALSE,,FALSE,Ea.F.1.H.B,Earl,dorm_sample,69.75
R022_R024.combined.H01,semibin2_52,58.73,13.06,Gradient Boost (General Model),11,0.895,63828,318.3380711,3144708,0.44,2955,65,154795,d__Bacteria;p__Bacteroidota;c__Bacteroidia;o__Chitinophagales;f__LD1;g__Bog-950;s__Bog-950 sp018267435,GCA_018267435.1,d__Bacteria;p__Bacteroidota;c__Bacteroidia;o__Chitinophagales;f__LD1;g__Bog-950;s__Bog-950 sp018267435,95.38,0,0,H01,,,,,,,,FALSE,,FALSE,Ea.F.1.H.B,Earl,dorm_sample,69.75
R022_R024.combined.H01,semibin2_54,48.41,1.34,Neural Network (Specific Model),11,0.863,27279,257.0440129,1376137,0.39,1545,56,61797,d__Bacteria;p__Pseudomonadota;c__Gammaproteobacteria;o__Pseudomonadales;f__Moraxellaceae;g__Acinetobacter;s__Acinetobacter junii,GCF_000368765.1,d__Bacteria;p__Pseudomonadota;c__Gammaproteobacteria;o__Pseudomonadales;f__Moraxellaceae;g__Acinetobacter;s__Acinetobacter junii,98.35,0,0,H01,,,,,,,,FALSE,,FALSE,Ea.F.1.H.B,Earl,dorm_sample,69.75
R022_R024.combined.H01,semibin2_55,62.62,0.59,Gradient Boost (General Model),11,0.917,34293,288.4172825,1653400,0.52,1759,51,74312,d__Bacteria;p__Pseudomonadota;c__Alphaproteobacteria;o__Rickettsiales;f__SXRF01;g__JAGVKI01;s__,N/A,N/A,N/A,0,0,H01,,,,,,,,FALSE,,FALSE,Ea.F.1.H.B,Earl,dorm_sample,69.75
R022_R024.combined.H01,semibin2_56,41.28,0.43,Neural Network (Specific Model),11,0.896,27751,290.0831182,1875678,0.66,1937,77,70436,d__Bacteria;p__Pseudomonadota;c__Gammaproteobacteria;o__Pseudomonadales;f__Pseudomonadaceae;g__Aquipseudomonas;s__Aquipseudomonas alcaligenes,GCF_000467105.1,d__Bacteria;p__Pseudomonadota;c__Gammaproteobacteria;o__Pseudomonadales;f__Pseudomonadaceae;g__Aquipseudomonas;s__Aquipseudomonas alcaligenes,97.16,0,0,H01,,,,,,,,FALSE,,FALSE,Ea.F.1.H.B,Earl,dorm_sample,69.75
R022_R024.combined.H01,semibin2_57,62.61,1.2,Gradient Boost (General Model),11,0.901,47121,376.8844416,7759471,0.67,6196,198,220728,d__Bacteria;p__Acidobacteriota;c__Vicinamibacteria;o__Vicinamibacterales;f__Vicinamibacteraceae;g__;s__,N/A,N/A,N/A,0,0,H01,,,,,,,,FALSE,,FALSE,Ea.F.1.H.B,Earl,dorm_sample,69.75
R022_R024.combined.H01,semibin2_58,73.08,8.1,Neural Network (Specific Model),11,0.868,51147,292.5098202,3648549,0.62,3615,92,232316,d__Bacteria;p__Pseudomonadota;c__Alphaproteobacteria;o__Rhizobiales;f__Hyphomicrobiaceae;g__Hyphomicrobium_C;s__,N/A,N/A,N/A,0,0,H01,,,,,,,,FALSE,,FALSE,Ea.F.1.H.B,Earl,dorm_sample,69.75
R022_R024.combined.H01,semibin2_59,17.82,0.96,Neural Network (Specific Model),11,0.912,720630,304.0207756,720630,0.69,722,1,720630,d__Bacteria;p__Pseudomonadota;c__Alphaproteobacteria;o__Caulobacterales;f__Caulobacteraceae;g__Phenylobacterium;s__,N/A,N/A,N/A,0,0,H01,,,,,,,,FALSE,,FALSE,Ea.F.1.H.B,Earl,dorm_sample,69.75
R022_R024.combined.H01,semibin2_60,51.54,0.34,Neural Network (Specific Model),11,0.894,36278,309.4908467,2713507,0.57,2622,91,93940,d__Bacteria;p__Verrucomicrobiota;c__Verrucomicrobiia;o__Opitutales;f__Opitutaceae;g__;s__,N/A,N/A,N/A,0,0,H01,,,,,,,,FALSE,,FALSE,Ea.F.1.H.B,Earl,dorm_sample,69.75
R022_R024.combined.H01,semibin2_61,61.95,5.49,Neural Network (Specific Model),11,0.906,87320,313.088331,2225771,0.67,2151,35,154085,d__Bacteria;p__Pseudomonadota;c__Alphaproteobacteria;o__Caulobacterales;f__Caulobacteraceae;g__Brevundimonas;s__Brevundimonas pondensis,GCF_017487345.1,d__Bacteria;p__Pseudomonadota;c__Alphaproteobacteria;o__Caulobacterales;f__Caulobacteraceae;g__Brevundimonas;s__Brevundimonas pondensis,99.55,0,0,H01,,,,,,,,FALSE,,FALSE,Ea.F.1.H.B,Earl,dorm_sample,69.75
R022_R024.combined.H01,semibin2_63,61.76,0.13,Neural Network (Specific Model),11,0.919,617147,309.0524815,1765372,0.66,1753,5,822596,d__Bacteria;p__Pseudomonadota;c__Alphaproteobacteria;o__Caulobacterales;f__Caulobacteraceae;g__Brevundimonas;s__,N/A,N/A,N/A,0,0,H01,,,,,,,,FALSE,,FALSE,Ea.F.1.H.B,Earl,dorm_sample,69.75
R022_R024.combined.H01,semibin2_66,67.98,0.07,Gradient Boost (General Model),11,0.891,58397,334.0994608,3748946,0.67,3338,83,196917,d__Bacteria;p__Planctomycetota;c__Phycisphaerae;o__Phycisphaerales;f__UBA1924;g__UBA2396;s__,N/A,N/A,N/A,0,0,H01,,,,,,,,FALSE,,FALSE,Ea.F.1.H.B,Earl,dorm_sample,69.75
R022_R024.combined.H01,semibin2_67,62.95,0.1,Gradient Boost (General Model),11,0.942,48316,339.042206,3825144,0.64,3554,95,173043,d__Bacteria;p__Acidobacteriota;c__Vicinamibacteria;o__Vicinamibacterales;f__SCN-69-37;g__SYFT01;s__,N/A,N/A,N/A,0,0,H01,,,,,,,,FALSE,,FALSE,Ea.F.1.H.B,Earl,dorm_sample,69.75
R022_R024.combined.H01,semibin2_69,49.06,1.71,Neural Network (Specific Model),11,0.913,40154,302.1306082,2975605,0.4,3009,85,86671,d__Bacteria;p__Bacteroidota;c__Bacteroidia;o__Chitinophagales;f__Chitinophagaceae;g__Flavitalea;s__,N/A,N/A,N/A,0,0,H01,,,,,,,,FALSE,,FALSE,Ea.F.1.H.B,Earl,dorm_sample,69.75
R022_R024.combined.H01,semibin2_70,65.03,1.57,Neural Network (Specific Model),11,0.876,36831,285.1974471,2440445,0.58,2507,74,125789,d__Bacteria;p__Pseudomonadota;c__Alphaproteobacteria;o__Rhizobiales;f__Hyphomicrobiaceae;g__Hyphomicrobium_B;s__,N/A,N/A,N/A,0,0,H01,,,,,,,,FALSE,,FALSE,Ea.F.1.H.B,Earl,dorm_sample,69.75
R022_R024.combined.H01,semibin2_71,46.7,5.04,Neural Network (Specific Model),11,0.886,35813,297.1446019,2055693,0.67,2047,61,98390,d__Bacteria;p__Pseudomonadota;c__Gammaproteobacteria;o__Burkholderiales;f__Burkholderiaceae_C;g__Ottowia;s__Ottowia sp018060485,GCA_018060485.1,d__Bacteria;p__Pseudomonadota;c__Gammaproteobacteria;o__Burkholderiales;f__Burkholderiaceae_C;g__Ottowia;s__Ottowia sp018060485,98.46,0,0,H01,,,,,,,,FALSE,,FALSE,Ea.F.1.H.B,Earl,dorm_sample,69.75
R022_R024.combined.H01,semibin2_72_sub,37.19,1.62,Neural Network (Specific Model),11,0.89,105919,291.1885856,1184801,0.66,1209,14,214370,d__Bacteria;p__Pseudomonadota;c__Alphaproteobacteria;o__Caulobacterales;f__Caulobacteraceae;g__Brevundimonas;s__Brevundimonas vesicularis_D,GCF_900445985.1,d__Bacteria;p__Pseudomonadota;c__Alphaproteobacteria;o__Caulobacterales;f__Caulobacteraceae;g__Brevundimonas;s__Brevundimonas vesicularis_D,97.01,0,0,H01,,,,,,,,FALSE,,FALSE,Ea.F.1.H.B,Earl,dorm_sample,69.75
R022_R024.combined.H01,semibin2_73,13.5,0.01,Neural Network (Specific Model),11,0.888,715686,297.105042,715686,0.66,714,1,715686,d__Bacteria;p__Pseudomonadota;c__Alphaproteobacteria;o__Rhizobiales;f__Beijerinckiaceae;g__Allobosea;s__Allobosea lupini,GCF_900109525.1,d__Bacteria;p__Pseudomonadota;c__Alphaproteobacteria;o__Rhizobiales;f__Beijerinckiaceae;g__Allobosea;s__Allobosea lupini,95.64,0,0,H01,,,,,,,,FALSE,,FALSE,Ea.F.1.H.B,Earl,dorm_sample,69.75
R022_R024.combined.H01,semibin2_75,53.52,12.97,Neural Network (Specific Model),11,0.906,80192,310.7150538,2479865,0.66,2418,40,167759,d__Bacteria;p__Pseudomonadota;c__Alphaproteobacteria;o__Sphingomonadales;f__Sphingomonadaceae;g__Sphingopyxis;s__,N/A,N/A,N/A,0,0,H01,,,,,,,,FALSE,,FALSE,Ea.F.1.H.B,Earl,dorm_sample,69.75
R022_R024.combined.H01,semibin2_76,23.55,0.01,Neural Network (Specific Model),11,0.913,122753,323.5668896,634395,0.66,598,6,150588,d__Bacteria;p__Pseudomonadota;c__Alphaproteobacteria;o__Sphingomonadales;f__Sphingomonadaceae;g__Sphingopyxis;s__,N/A,N/A,N/A,0,0,H01,,,,,,,,FALSE,,FALSE,Ea.F.1.H.B,Earl,dorm_sample,69.75
R022_R024.combined.H01,semibin2_77,21.91,0,Neural Network (Specific Model),11,0.877,22808,257.5030426,433236,0.59,493,21,44383,d__Bacteria;p__Pseudomonadota;c__Alphaproteobacteria;o__UBA2136;f__UBA6156;g__UBA6156;s__,N/A,N/A,N/A,0,0,H01,,,,,,,,FALSE,,FALSE,Ea.F.1.H.B,Earl,dorm_sample,69.75
R022_R024.combined.H01,semibin2_78,42.53,0.81,Gradient Boost (General Model),11,0.92,27786,276.232841,1032172,0.37,1151,41,59242,d__Bacteria;p__Bacteroidota;c__Bacteroidia;o__UBA8524;f__UBA8524;g__;s__,N/A,N/A,N/A,0,0,H01,,,,,,,,FALSE,,FALSE,Ea.F.1.H.B,Earl,dorm_sample,69.75
R022_R024.combined.H01,semibin2_79,43.31,0.93,Neural Network (Specific Model),11,0.871,45062,276.9010903,2442735,0.65,2568,68,87861,d__Bacteria;p__Pseudomonadota;c__Alphaproteobacteria;o__Rhizobiales;f__Rhizobiaceae;g__Arvimicrobium;s__,N/A,N/A,N/A,0,0,H01,,,,,,,,FALSE,,FALSE,Ea.F.1.H.B,Earl,dorm_sample,69.75
R022_R024.combined.H01,semibin2_8,100,1.53,Neural Network (Specific Model),11,0.914,3530463,319.72912,6544670,0.67,6250,6,3530463,d__Bacteria;p__Actinomycetota;c__Actinomycetes;o__Mycobacteriales;f__Mycobacteriaceae;g__Mycobacterium;s__,N/A,N/A,N/A,1,0,H01,,,,,,,,FALSE,,FALSE,Ea.F.1.H.B,Earl,dorm_sample,69.75
R022_R024.combined.H01,semibin2_80,29.8,0.03,Neural Network (Specific Model),11,0.927,32146,282.9451115,531894,0.59,583,21,49799,d__Bacteria;p__Pseudomonadota;c__Alphaproteobacteria;o__Rickettsiales;f__UBA3002;g__JALHRI01;s__,N/A,N/A,N/A,0,0,H01,,,,,,,,FALSE,,FALSE,Ea.F.1.H.B,Earl,dorm_sample,69.75
R022_R024.combined.H01,semibin2_81,12.34,0.24,Neural Network (Specific Model),11,0.886,201000,291.052795,633403,0.66,644,4,236028,d__Bacteria;p__Pseudomonadota;c__Alphaproteobacteria;o__Rhizobiales;f__Beijerinckiaceae;g__Allobosea;s__Allobosea eneae,GCF_042657265.1,d__Bacteria;p__Pseudomonadota;c__Alphaproteobacteria;o__Rhizobiales;f__Beijerinckiaceae;g__Allobosea;s__Allobosea eneae,95.3,0,0,H01,,,,,,,,FALSE,,FALSE,Ea.F.1.H.B,Earl,dorm_sample,69.75
R022_R024.combined.H01,semibin2_82,19.44,0.32,Neural Network (Specific Model),11,0.911,26142,281.1519139,770884,0.49,836,33,42956,d__Bacteria;p__Bacteroidota;c__Bacteroidia;o__Cytophagales;f__Cyclobacteriaceae;g__ELB16-189;s__,N/A,N/A,N/A,0,0,H01,,,,,,,,FALSE,,FALSE,Ea.F.1.H.B,Earl,dorm_sample,69.75
R022_R024.combined.H01,semibin2_83,43.06,0.16,Neural Network (Specific Model),11,0.862,33405,284.4373019,2179746,0.39,2209,72,96249,d__Bacteria;p__Bacteroidota;c__Bacteroidia;o__Flavobacteriales;f__Weeksellaceae;g__Chryseobacterium;s__Chryseobacterium phocaeense,GCF_900169075.1,d__Bacteria;p__Bacteroidota;c__Bacteroidia;o__Flavobacteriales;f__Weeksellaceae;g__Chryseobacterium;s__Chryseobacterium phocaeense,97.63,0,0,H01,,,,,,,,FALSE,,FALSE,Ea.F.1.H.B,Earl,dorm_sample,69.75
R022_R024.combined.H01,semibin2_85,51,9.2,Gradient Boost (General Model),11,0.898,23117,253.3786802,1660089,0.43,1970,75,70045,d__Bacteria;p__Bdellovibrionota;c__Bacteriovoracia;o__Bacteriovoracales;f__Bacteriovoracaceae;g__Peredibacter;s__,N/A,N/A,N/A,0,0,H01,,,,,,,,FALSE,,FALSE,Ea.F.1.H.B,Earl,dorm_sample,69.75
R022_R024.combined.H01,semibin2_86,16.18,0,Neural Network (Specific Model),11,0.908,32112,291.9199396,636829,0.34,662,22,63149,d__Bacteria;p__Bacteroidota;c__Bacteroidia;o__Flavobacteriales;f__Flavobacteriaceae;g__Flavobacterium;s__,N/A,N/A,N/A,0,0,H01,,,,,,,,FALSE,,FALSE,Ea.F.1.H.B,Earl,dorm_sample,69.75
R022_R024.combined.H01,semibin2_88,34.06,0.82,Neural Network (Specific Model),11,0.892,29475,320.5621359,2212461,0.69,2060,87,79155,d__Bacteria;p__Planctomycetota;c__UBA1135;o__UBA1135;f__UBA2386;g__UBA2386;s__,N/A,N/A,N/A,0,0,H01,,,,,,,,FALSE,,FALSE,Ea.F.1.H.B,Earl,dorm_sample,69.75
R022_R024.combined.H01,semibin2_9,98.49,0.41,Gradient Boost (General Model),11,0.921,731985,339.4542378,6848187,0.72,6206,12,1476897,d__Bacteria;p__Pseudomonadota;c__Gammaproteobacteria;o__Burkholderiales;f__Burkholderiaceae_C;g__Aquincola;s__,N/A,N/A,N/A,1,0,H01,,,,,,,,FALSE,,FALSE,Ea.F.1.H.B,Earl,dorm_sample,69.75
R022_R024.combined.H01,semibin2_90,24.89,0.02,Neural Network (Specific Model),11,0.886,28256,265.7537473,418938,0.59,467,17,41816,d__Bacteria;p__Pseudomonadota;c__Alphaproteobacteria;o__UBA2136;f__UBA6156;g__;s__,N/A,N/A,N/A,0,0,H01,,,,,,,,FALSE,,FALSE,Ea.F.1.H.B,Earl,dorm_sample,69.75
R022_R024.combined.H01,semibin2_91,13.39,0,Neural Network (Specific Model),11,0.904,30051,237.5780886,336032,0.49,429,12,51028,d__Bacteria;p__Bdellovibrionota;c__Bdellovibrionia;o__Bdellovibrionales;f__UBA1609;g__;s__,N/A,N/A,N/A,0,0,H01,,,,,,,,FALSE,,FALSE,Ea.F.1.H.B,Earl,dorm_sample,69.75
R022_R024.combined.H01,semibin2_92,8.02,0,Neural Network (Specific Model),11,0.886,22044,270.0732177,472586,0.6,519,22,42662,Unclassified Bacteria,N/A,N/A,N/A,0,0,H01,,,,,,,,FALSE,,FALSE,Ea.F.1.H.B,Earl,dorm_sample,69.75
R022_R024.combined.H01,semibin2_93,53.11,0.02,Neural Network (Specific Model),11,0.904,45056,351.9132791,3011222,0.69,2583,76,123349,d__Bacteria;p__Pseudomonadota;c__Gammaproteobacteria;o__Xanthomonadales;f__Ahniellaceae;g__DATLNY01;s__,N/A,N/A,N/A,0,0,H01,,,,,,,,FALSE,,FALSE,Ea.F.1.H.B,Earl,dorm_sample,69.75
R022_R024.combined.H01,semibin2_95,31.83,1.2,Neural Network (Specific Model),11,0.884,25939,286.1295788,2113325,0.45,2184,89,64504,d__Bacteria;p__Bacteroidota;c__Bacteroidia;o__Flavobacteriales;f__Flavobacteriaceae;g__Flavobacterium;s__,N/A,N/A,N/A,0,0,H01,,,,,,,,FALSE,,FALSE,Ea.F.1.H.B,Earl,dorm_sample,69.75
R022_R024.combined.H01,semibin2_97,12.78,0.12,Neural Network (Specific Model),11,0.925,19086,297.8727273,953707,0.67,990,54,50014,d__Bacteria;p__Myxococcota;c__Myxococcia;o__Myxococcales;f__Myxococcaceae;g__Archangium_A;s__Archangium_A gephyra_A,GCA_003243425.1,d__Bacteria;p__Myxococcota;c__Myxococcia;o__Myxococcales;f__Myxococcaceae;g__Archangium_A;s__Archangium_A gephyra_A,98.87,0,0,H01,,,,,,,,FALSE,,FALSE,Ea.F.1.H.B,Earl,dorm_sample,69.75
R022_R024.combined.H02,complete.10,99.98,0.68,Neural Network (Specific Model),11,0.903,4882228,341.5414442,4882228,0.66,4307,1,4882228,d__Bacteria;p__Pseudomonadota;c__Gammaproteobacteria;o__Burkholderiales;f__Burkholderiaceae_C;g__Aquabacterium;s__Aquabacterium sp937923225,GCA_937923225.1,d__Bacteria;p__Pseudomonadota;c__Gammaproteobacteria;o__Burkholderiales;f__Burkholderiaceae_C;g__Aquabacterium;s__Aquabacterium sp937923225,97.47,1,1,H02,1,1,1,3,51,1,0,TRUE,,FALSE,Te.M.1.L.A,Teal,dorm_sample,90
R022_R024.combined.H02,complete.108,100,0.39,Gradient Boost (General Model),11,0.924,3276146,315.4713038,3276146,0.43,3206,1,3276146,d__Bacteria;p__Bdellovibrionota;c__Bdellovibrionia;o__Bdellovibrionales;f__UBA1609;g__CAYHVK01;s__,N/A,N/A,N/A,1,1,H02,1,1,1,3,33,1,0,TRUE,u7157ctg_len-3276146,TRUE,Te.M.1.L.A,Teal,dorm_sample,90
R022_R024.combined.H02,complete.111,100,0.22,Neural Network (Specific Model),11,0.924,6929587,309.5591725,6929587,0.66,6912,1,6929587,d__Bacteria;p__Actinomycetota;c__Actinomycetes;o__Mycobacteriales;f__Mycobacteriaceae;g__Mycobacterium;s__Mycobacterium fortuitum,GCF_022179545.1,d__Bacteria;p__Actinomycetota;c__Actinomycetes;o__Mycobacteriales;f__Mycobacteriaceae;g__Mycobacterium;s__Mycobacterium fortuitum,98.49,1,1,H02,2,2,2,6,60,2,7,TRUE,u780273ctg_len-6929587,TRUE,Te.M.1.L.A,Teal,dorm_sample,90
R022_R024.combined.H02,complete.112,100,0.01,Neural Network (Specific Model),11,0.894,4396016,369.3451577,4396016,0.7,3552,1,4396016,d__Bacteria;p__Pseudomonadota;c__Gammaproteobacteria;o__Xanthomonadales;f__Rhodanobacteraceae;g__Dokdonella;s__,N/A,N/A,N/A,1,1,H02,2,2,2,6,49,2,0,TRUE,u1036312ctg_len-4396016,TRUE,Te.M.1.L.A,Teal,dorm_sample,90
R022_R024.combined.H02,complete.113,99.89,2.86,Gradient Boost (General Model),11,0.937,4358029,306.407316,4358029,0.48,4456,1,4358029,d__Bacteria;p__Bdellovibrionota;c__Bacteriovoracia;o__Bacteriovoracales;f__Bacteriovoracaceae;g__Peredibacter;s__,N/A,N/A,N/A,1,1,H02,2,2,2,6,35,2,0,TRUE,u1199451ctg_len-4358029,TRUE,Te.M.1.L.A,Teal,dorm_sample,90
R022_R024.combined.H02,complete.114,99.98,0.92,Neural Network (Specific Model),11,0.919,2369859,318.6795265,2369859,0.56,2281,1,2369859,d__Bacteria;p__Pseudomonadota;c__Alphaproteobacteria;o__Micavibrionales;f__UBA2020;g__JAEXMB01;s__,N/A,N/A,N/A,1,1,H02,1,1,1,3,40,1,0,TRUE,u134582ctg_len-2369859,TRUE,Te.M.1.L.A,Teal,dorm_sample,90
R022_R024.combined.H02,complete.115,100,0.76,Neural Network (Specific Model),11,0.908,4457569,304.3277065,4457569,0.68,4443,1,4457569,d__Bacteria;p__Pseudomonadota;c__Alphaproteobacteria;o__Caulobacterales;f__Caulobacteraceae;g__Phenylobacterium;s__Phenylobacterium haematophilum,GCF_014196295.1,d__Bacteria;p__Pseudomonadota;c__Alphaproteobacteria;o__Caulobacterales;f__Caulobacteraceae;g__Phenylobacterium;s__Phenylobacterium haematophilum,99.98,1,1,H02,2,2,2,6,51,2,3,TRUE,u1518451ctg_len-4457569,TRUE,Te.M.1.L.A,Teal,dorm_sample,90
R022_R024.combined.H02,complete.116,99.96,1.22,Neural Network (Specific Model),11,0.886,5562679,349.0299363,5562679,0.39,4710,1,5562679,d__Bacteria;p__Bacteroidota;c__Bacteroidia;o__Sphingobacteriales;f__Sphingobacteriaceae;g__Pedobacter;s__Pedobacter chitinilyticus,GCF_003313385.1,d__Bacteria;p__Bacteroidota;c__Bacteroidia;o__Sphingobacteriales;f__Sphingobacteriaceae;g__Pedobacter;s__Pedobacter chitinilyticus,97.69,1,1,H02,3,3,3,9,52,3,0,TRUE,u246574ctg_len-5562679,TRUE,Te.M.1.L.A,Teal,dorm_sample,90
R022_R024.combined.H02,complete.118,99.36,0.88,Gradient Boost (General Model),11,0.877,6816164,360.6902351,6816164,0.43,5530,1,6816164,d__Bacteria;p__Bacteroidota;c__Bacteroidia;o__Chitinophagales;f__Chitinophagaceae;g__Agriterribacter;s__,N/A,N/A,N/A,1,1,H02,1,1,1,3,48,1,0,TRUE,u772851ctg_len-6816164,TRUE,Te.M.1.L.A,Teal,dorm_sample,90
R022_R024.combined.H02,complete.120,97.73,0.81,Gradient Boost (General Model),11,0.927,5671157,323.9330505,5671157,0.58,5422,1,5671157,d__Bacteria;p__Verrucomicrobiota;c__Verrucomicrobiia;o__Chthoniobacterales;f__Terrimicrobiaceae;g__CAYUMP01;s__,N/A,N/A,N/A,1,1,H02,1,1,1,3,56,1,4,TRUE,u1418649ctg_len-5671157,TRUE,Te.M.1.L.A,Teal,dorm_sample,90
R022_R024.combined.H02,complete.121,99.99,0.71,Neural Network (Specific Model),11,0.915,4848022,313.287135,4848022,0.69,4726,1,4848022,d__Bacteria;p__Pseudomonadota;c__Alphaproteobacteria;o__Caulobacterales;f__Caulobacteraceae;g__Phenylobacterium;s__,N/A,N/A,N/A,1,1,H02,1,1,1,3,49,1,1,TRUE,u968137ctg_len-4848022,TRUE,Te.M.1.L.A,Teal,dorm_sample,90
R022_R024.combined.H02,complete.122,100,0.11,Neural Network (Specific Model),11,0.914,3574185,321.6551622,3574185,0.66,3390,1,3574185,d__Bacteria;p__Pseudomonadota;c__Alphaproteobacteria;o__Sphingomonadales;f__Sphingomonadaceae;g__Sphingomonas;s__Sphingomonas sp943913195,GCF_045371305.1,d__Bacteria;p__Pseudomonadota;c__Alphaproteobacteria;o__Sphingomonadales;f__Sphingomonadaceae;g__Sphingomonas;s__Sphingomonas sp943913195,98.58,1,1,H02,3,3,0,6,53,0,1,FALSE,u1734293ctg_len-3574185,TRUE,Te.M.1.L.A,Teal,dorm_sample,90
R022_R024.combined.H02,complete.123,99.95,0.28,Neural Network (Specific Model),11,0.914,6753497,351.3606613,6753497,0.5,5867,1,6753497,d__Bacteria;p__Bacteroidota;c__Bacteroidia;o__Cytophagales;f__Spirosomataceae;g__Dyadobacter;s__,N/A,N/A,N/A,1,1,H02,4,4,4,12,41,4,3,TRUE,u1524393ctg_len-6753497,TRUE,Te.M.1.L.A,Teal,dorm_sample,90
R022_R024.combined.H02,complete.124,100,0.35,Neural Network (Specific Model),11,0.9,4507013,325.4915825,4507013,0.67,4158,1,4507013,d__Bacteria;p__Pseudomonadota;c__Gammaproteobacteria;o__Xanthomonadales;f__Xanthomonadaceae;g__Pseudoxanthomonas_A;s__Pseudoxanthomonas_A japonensis,GCF_010093445.1,d__Bacteria;p__Pseudomonadota;c__Gammaproteobacteria;o__Xanthomonadales;f__Xanthomonadaceae;g__Pseudoxanthomonas_A;s__Pseudoxanthomonas_A japonensis,96.82,1,1,H02,2,2,2,6,49,1,0,TRUE,u1568370ctg_len-4507013,TRUE,Te.M.1.L.A,Teal,dorm_sample,90
R022_R024.combined.H02,complete.125,100,0.46,Neural Network (Specific Model),11,0.906,5693058,324.2415286,5693058,0.69,5312,1,5693058,d__Bacteria;p__Pseudomonadota;c__Gammaproteobacteria;o__Burkholderiales;f__Burkholderiaceae_C;g__Xenophilus;s__Xenophilus sp901875635,GCA_901875635.1,d__Bacteria;p__Pseudomonadota;c__Gammaproteobacteria;o__Burkholderiales;f__Burkholderiaceae_C;g__Xenophilus;s__Xenophilus sp901875635,99.75,1,1,H02,2,2,2,6,50,1,0,TRUE,u1084082ctg_len-5693058,TRUE,Te.M.1.L.A,Teal,dorm_sample,90
R022_R024.combined.H02,complete.126,99.42,0.02,Neural Network (Specific Model),11,0.901,1756571,320.1325666,1756571,0.48,1652,1,1756571,d__Bacteria;p__Pseudomonadota;c__Alphaproteobacteria;o__Caedimonadales;f__UBA1908;g__JACESU01;s__JACESU01 sp013911655,GCA_013911655.1,d__Bacteria;p__Pseudomonadota;c__Alphaproteobacteria;o__Caedimonadales;f__UBA1908;g__JACESU01;s__JACESU01 sp013911655,99.99,1,1,H02,2,2,2,6,44,2,0,TRUE,u1786304ctg_len-1756571,TRUE,Te.M.1.L.A,Teal,dorm_sample,90
R022_R024.combined.H02,complete.127,100,0.19,Neural Network (Specific Model),11,0.862,6236038,355.4292509,6236038,0.69,5046,1,6236038,d__Bacteria;p__Pseudomonadota;c__Gammaproteobacteria;o__Xanthomonadales;f__Xanthomonadaceae;g__Lysobacter;s__,N/A,N/A,N/A,1,1,H02,2,2,2,6,59,2,1,TRUE,u1119237ctg_len-6236038,TRUE,Te.M.1.L.A,Teal,dorm_sample,90
R022_R024.combined.H02,complete.128,100,0.2,Neural Network (Specific Model),11,0.903,4268876,332.074858,4268876,0.67,3874,1,4268876,d__Bacteria;p__Pseudomonadota;c__Gammaproteobacteria;o__Xanthomonadales;f__Xanthomonadaceae;g__Pseudoxanthomonas_A;s__,N/A,N/A,N/A,1,1,H02,2,2,2,6,53,1,0,TRUE,u1489374ctg_len-4268876,TRUE,Te.M.1.L.A,Teal,dorm_sample,90
R022_R024.combined.H02,complete.129,100,0.27,Neural Network (Specific Model),11,0.914,5141855,327.0531361,5141855,0.67,4799,1,5141855,d__Bacteria;p__Pseudomonadota;c__Alphaproteobacteria;o__Sphingomonadales;f__Sphingomonadaceae;g__Sphingomonas;s__,N/A,N/A,N/A,1,1,H02,1,1,0,2,51,0,0,FALSE,u1123734ctg_len-5141855,TRUE,Te.M.1.L.A,Teal,dorm_sample,90
R022_R024.combined.H02,complete.13,99.98,0.62,Neural Network (Specific Model),11,0.903,4354059,317.2168558,4354059,0.64,4141,1,4354059,d__Bacteria;p__Pseudomonadota;c__Alphaproteobacteria;o__Sphingomonadales;f__Sphingomonadaceae;g__Blastomonas;s__Blastomonas ursincola,GCF_013607875.1,d__Bacteria;p__Pseudomonadota;c__Alphaproteobacteria;o__Sphingomonadales;f__Sphingomonadaceae;g__Blastomonas;s__Blastomonas ursincola,98.15,1,1,H02,2,2,0,4,53,0,3,FALSE,,FALSE,Te.M.1.L.A,Teal,dorm_sample,90
R022_R024.combined.H02,complete.130,96.31,0.33,Gradient Boost (General Model),11,0.903,6108109,356.7755379,6108109,0.48,5159,1,6108109,d__Bacteria;p__Bacteroidota;c__Bacteroidia;o__B-17B0;f__Aurantibacillaceae;g__UBA4416;s__,N/A,N/A,N/A,1,1,H02,2,2,2,6,62,2,3,TRUE,u642921ctg_len-6108109,TRUE,Te.M.1.L.A,Teal,dorm_sample,90
R022_R024.combined.H02,complete.131,100,0.32,Neural Network (Specific Model),11,0.912,4871306,322.281155,4871306,0.65,4606,1,4871306,d__Bacteria;p__Pseudomonadota;c__Alphaproteobacteria;o__Sphingomonadales;f__Sphingomonadaceae;g__Sphingopyxis;s__Sphingopyxis sp035998905,GCF_035998905.1,d__Bacteria;p__Pseudomonadota;c__Alphaproteobacteria;o__Sphingomonadales;f__Sphingomonadaceae;g__Sphingopyxis;s__Sphingopyxis sp035998905,98.86,1,1,H02,1,1,0,2,49,0,2,FALSE,u441693ctg_len-4871306,TRUE,Te.M.1.L.A,Teal,dorm_sample,90
R022_R024.combined.H02,complete.132,100,1.22,Neural Network (Specific Model),11,0.897,6824395,313.2380806,6824395,0.67,6523,1,6824395,d__Bacteria;p__Pseudomonadota;c__Alphaproteobacteria;o__Rhizobiales;f__Beijerinckiaceae;g__Allobosea;s__Allobosea vestrisii,GCF_042655345.1,d__Bacteria;p__Pseudomonadota;c__Alphaproteobacteria;o__Rhizobiales;f__Beijerinckiaceae;g__Allobosea;s__Allobosea vestrisii,98.24,1,1,H02,2,2,2,6,53,2,3,TRUE,u1750029ctg_len-6824395,TRUE,Te.M.1.L.A,Teal,dorm_sample,90
R022_R024.combined.H02,complete.134,99.61,0.24,Gradient Boost (General Model),11,0.926,4814496,339.3576476,4814496,0.46,4387,1,4814496,d__Bacteria;p__Bacteroidota;c__Bacteroidia;o__Cytophagales;f__Cyclobacteriaceae;g__UBA2336;s__,N/A,N/A,N/A,1,1,H02,2,2,2,6,38,2,0,TRUE,u1650640ctg_len-4814496,TRUE,Te.M.1.L.A,Teal,dorm_sample,90
R022_R024.combined.H02,complete.18,100,1.71,Neural Network (Specific Model),11,0.911,4247655,318.9703704,4247655,0.67,4050,1,4247655,d__Bacteria;p__Pseudomonadota;c__Alphaproteobacteria;o__Caulobacterales;f__Caulobacteraceae;g__Caulobacter;s__Caulobacter sp913776195,GCA_913776195.1,d__Bacteria;p__Pseudomonadota;c__Alphaproteobacteria;o__Caulobacterales;f__Caulobacteraceae;g__Caulobacter;s__Caulobacter sp913776195,96.87,1,1,H02,2,2,2,6,52,1,4,TRUE,,FALSE,Te.M.1.L.A,Teal,dorm_sample,90
R022_R024.combined.H02,complete.19,99.99,0.19,Neural Network (Specific Model),11,0.905,3462619,324.4474419,3462619,0.68,3225,1,3462619,d__Bacteria;p__Pseudomonadota;c__Alphaproteobacteria;o__Sphingomonadales;f__Sphingomonadaceae;g__Sphingomonas;s__Sphingomonas sp964021865,GCF_964021865.1,d__Bacteria;p__Pseudomonadota;c__Alphaproteobacteria;o__Sphingomonadales;f__Sphingomonadaceae;g__Sphingomonas;s__Sphingomonas sp964021865,98.02,1,1,H02,3,3,0,6,54,0,1,FALSE,,FALSE,Te.M.1.L.A,Teal,dorm_sample,90
R022_R024.combined.H02,complete.22,99.99,0.58,Neural Network (Specific Model),11,0.903,4599980,328.3716856,4599980,0.67,4224,1,4599980,d__Bacteria;p__Pseudomonadota;c__Gammaproteobacteria;o__Xanthomonadales;f__Xanthomonadaceae;g__Pseudoxanthomonas_A;s__Pseudoxanthomonas_A japonensis,GCF_010093445.1,d__Bacteria;p__Pseudomonadota;c__Gammaproteobacteria;o__Xanthomonadales;f__Xanthomonadaceae;g__Pseudoxanthomonas_A;s__Pseudoxanthomonas_A japonensis,96.64,1,1,H02,2,2,2,6,47,1,1,TRUE,,FALSE,Te.M.1.L.A,Teal,dorm_sample,90
R022_R024.combined.H02,complete.24,100,0.84,Neural Network (Specific Model),11,0.902,4460911,309.2189227,4460911,0.66,4344,1,4460911,d__Bacteria;p__Pseudomonadota;c__Alphaproteobacteria;o__Caulobacterales;f__Caulobacteraceae;g__Phenylobacterium;s__Phenylobacterium sp030681155,GCF_030681155.1,d__Bacteria;p__Pseudomonadota;c__Alphaproteobacteria;o__Caulobacterales;f__Caulobacteraceae;g__Phenylobacterium;s__Phenylobacterium sp030681155,98.6,1,1,H02,2,2,2,6,52,2,1,TRUE,,FALSE,Te.M.1.L.A,Teal,dorm_sample,90
R022_R024.combined.H02,complete.26,100,0.28,Neural Network (Specific Model),11,0.912,6043481,314.910195,6043481,0.67,5846,1,6043481,d__Bacteria;p__Actinomycetota;c__Actinomycetes;o__Mycobacteriales;f__Mycobacteriaceae;g__Mycobacterium;s__Mycobacterium phocaicum,GCF_010731115.1,d__Bacteria;p__Actinomycetota;c__Actinomycetes;o__Mycobacteriales;f__Mycobacteriaceae;g__Mycobacterium;s__Mycobacterium phocaicum,95.21,1,1,H02,2,2,2,6,60,2,1,TRUE,,FALSE,Te.M.1.L.A,Teal,dorm_sample,90
R022_R024.combined.H02,complete.3,98.47,0.13,Gradient Boost (General Model),11,0.895,4363423,331.8615071,4363423,0.44,3928,1,4363423,d__Bacteria;p__Acidobacteriota;c__Blastocatellia;o__Pyrinomonadales;f__Pyrinomonadaceae;g__;s__,N/A,N/A,N/A,1,1,H02,1,1,1,3,71,1,1,TRUE,,FALSE,Te.M.1.L.A,Teal,dorm_sample,90
R022_R024.combined.H02,complete.31,99.98,0.12,Neural Network (Specific Model),11,0.903,3400758,310.5398123,3400758,0.67,3303,1,3400758,d__Bacteria;p__Pseudomonadota;c__Alphaproteobacteria;o__Caulobacterales;f__Caulobacteraceae;g__Brevundimonas;s__Brevundimonas pondensis,GCF_017487345.1,d__Bacteria;p__Pseudomonadota;c__Alphaproteobacteria;o__Caulobacterales;f__Caulobacteraceae;g__Brevundimonas;s__Brevundimonas pondensis,99.84,1,1,H02,2,2,2,6,52,2,3,TRUE,,FALSE,Te.M.1.L.A,Teal,dorm_sample,90
R022_R024.combined.H02,complete.9,99.73,0.06,Neural Network (Specific Model),11,0.914,3192523,317.1798959,3192523,0.64,3074,1,3192523,d__Bacteria;p__Pseudomonadota;c__Alphaproteobacteria;o__Sphingomonadales;f__Sphingomonadaceae;g__Sphingobium;s__Sphingobium sp003248505,GCF_003248505.1,d__Bacteria;p__Pseudomonadota;c__Alphaproteobacteria;o__Sphingomonadales;f__Sphingomonadaceae;g__Sphingobium;s__Sphingobium sp003248505,98.6,1,1,H02,1,1,0,2,50,0,2,FALSE,,FALSE,Te.M.1.L.A,Teal,dorm_sample,90
R022_R024.combined.H02,metabat2.102,99.33,0.19,Gradient Boost (General Model),11,0.923,3495865,316.0636995,6197778,0.66,6044,3,3495865,d__Bacteria;p__Pseudomonadota;c__Alphaproteobacteria;o__Reyranellales;f__Reyranellaceae;g__Reyranella;s__Reyranella sp965228225,GCF_965228225.1,d__Bacteria;p__Pseudomonadota;c__Alphaproteobacteria;o__Reyranellales;f__Reyranellaceae;g__Reyranella;s__Reyranella sp965228225,99.02,1,0,H02,,,,,,,,FALSE,,FALSE,Te.M.1.L.A,Teal,dorm_sample,90
R022_R024.combined.H02,metabat2.116,96.81,0.08,Neural Network (Specific Model),11,0.894,3435603,306.7606784,4911174,0.64,4776,4,3435603,d__Bacteria;p__Pseudomonadota;c__Alphaproteobacteria;o__Rhizobiales;f__Rhizobiaceae;g__Shinella;s__Shinella sp001262505,GCF_001262505.1,d__Bacteria;p__Pseudomonadota;c__Alphaproteobacteria;o__Rhizobiales;f__Rhizobiaceae;g__Shinella;s__Shinella sp001262505,98.9,1,0,H02,,,,,,,,FALSE,u788778ctg_len-3435603;u495790ctg_len-557132,TRUE,Te.M.1.L.A,Teal,dorm_sample,90
R022_R024.combined.H02,metabat2.119,46.8,1.39,Neural Network (Specific Model),11,0.915,73187,310.5548917,1358564,0.69,1339,22,155649,d__Bacteria;p__Actinomycetota;c__Actinomycetes;o__Actinomycetales;f__Microbacteriaceae;g__Microbacterium;s__Microbacterium sp003248845,GCF_037147735.1,d__Bacteria;p__Actinomycetota;c__Actinomycetes;o__Actinomycetales;f__Microbacteriaceae;g__Microbacterium;s__Microbacterium sp003248845,97.46,0,0,H02,,,,,,,,FALSE,,FALSE,Te.M.1.L.A,Teal,dorm_sample,90
R022_R024.combined.H02,metabat2.122,84.54,0.49,Neural Network (Specific Model),11,0.905,4737718,324.1942495,4737718,0.69,4417,1,4737718,d__Bacteria;p__Pseudomonadota;c__Alphaproteobacteria;o__Caulobacterales;f__Caulobacteraceae;g__Phenylobacterium;s__,N/A,N/A,N/A,0,0,H02,,,,,,,,FALSE,,FALSE,Te.M.1.L.A,Teal,dorm_sample,90
R022_R024.combined.H02,metabat2.133,10.27,0.14,Neural Network (Specific Model),11,0.875,255310,303.9190422,912412,0.66,877,5,381757,d__Bacteria;p__Pseudomonadota;c__Alphaproteobacteria;o__Rhizobiales;f__Beijerinckiaceae;g__Allobosea;s__Allobosea eneae,GCF_042657265.1,d__Bacteria;p__Pseudomonadota;c__Alphaproteobacteria;o__Rhizobiales;f__Beijerinckiaceae;g__Allobosea;s__Allobosea eneae,96.98,0,0,H02,,,,,,,,FALSE,,FALSE,Te.M.1.L.A,Teal,dorm_sample,90
R022_R024.combined.H02,metabat2.138,84.2,0.4,Neural Network (Specific Model),11,0.88,143920,303.5840052,3204862,0.36,3101,30,261941,d__Bacteria;p__Bacteroidota;c__Bacteroidia;o__Flavobacteriales;f__Weeksellaceae;g__Chryseobacterium;s__,N/A,N/A,N/A,0,0,H02,,,,,,,,FALSE,,FALSE,Te.M.1.L.A,Teal,dorm_sample,90
R022_R024.combined.H02,metabat2.142,55.34,0.98,Neural Network (Specific Model),11,0.881,59403,292.0775434,3199440,0.65,3224,56,188087,d__Bacteria;p__Pseudomonadota;c__Alphaproteobacteria;o__Rhizobiales;f__Rhizobiaceae;g__Arvimicrobium;s__,N/A,N/A,N/A,0,0,H02,,,,,,,,FALSE,,FALSE,Te.M.1.L.A,Teal,dorm_sample,90
R022_R024.combined.H02,metabat2.15,92.33,0.07,Neural Network (Specific Model),11,0.855,2265264,327.09909,2265264,0.43,1978,1,2265264,d__Bacteria;p__Pseudomonadota;c__Alphaproteobacteria;o__Paracaedibacterales;f__Paracaedibacteraceae;g__Paracaedibacter;s__Paracaedibacter thessalonicensis,GCF_000190415.1,d__Bacteria;p__Pseudomonadota;c__Alphaproteobacteria;o__Paracaedibacterales;f__Paracaedibacteraceae;g__Paracaedibacter;s__Paracaedibacter thessalonicensis,99.98,1,1,H02,2,2,2,6,40,2,3,TRUE,,FALSE,Te.M.1.L.A,Teal,dorm_sample,90
R022_R024.combined.H02,metabat2.160,100,2.59,Neural Network (Specific Model),11,0.894,1446261,320.4369981,7354537,0.67,6849,6,1832231,d__Bacteria;p__Pseudomonadota;c__Gammaproteobacteria;o__Burkholderiales;f__Burkholderiaceae_C;g__Acidovorax;s__Acidovorax sp046339755,GCF_046339755.1,d__Bacteria;p__Pseudomonadota;c__Gammaproteobacteria;o__Burkholderiales;f__Burkholderiaceae_C;g__Acidovorax;s__Acidovorax sp046339755,98.43,1,0,H02,,,,,,,,FALSE,,FALSE,Te.M.1.L.A,Teal,dorm_sample,90
R022_R024.combined.H02,metabat2.161,99.99,1.01,Neural Network (Specific Model),11,0.845,5881797,349.852021,8962143,0.66,7224,3,5881797,d__Bacteria;p__Planctomycetota;c__Planctomycetia;o__Planctomycetales;f__Planctomycetaceae;g__Planctomyces_A;s__,N/A,N/A,N/A,1,0,H02,,,,,,,,FALSE,,FALSE,Te.M.1.L.A,Teal,dorm_sample,90
R022_R024.combined.H02,metabat2.166,100,0.27,Neural Network (Specific Model),11,0.893,3568783,310.3223434,4103099,0.66,3943,2,3568783,d__Bacteria;p__Pseudomonadota;c__Gammaproteobacteria;o__Burkholderiales;f__Burkholderiaceae_C;g__Ottowia;s__Ottowia sp018060485,GCA_018060485.1,d__Bacteria;p__Pseudomonadota;c__Gammaproteobacteria;o__Burkholderiales;f__Burkholderiaceae_C;g__Ottowia;s__Ottowia sp018060485,98.59,1,0,H02,,,,,,,,FALSE,u1153516ctg_len-3568783,TRUE,Te.M.1.L.A,Teal,dorm_sample,90
R022_R024.combined.H02,metabat2.172,100,7.27,Neural Network (Specific Model),11,0.917,6308680,327.2980371,8008765,0.69,7489,3,6308680,d__Bacteria;p__Pseudomonadota;c__Gammaproteobacteria;o__Burkholderiales;f__Burkholderiaceae_C;g__Pseudorhodoferax;s__,N/A,N/A,N/A,0,0,H02,,,,,,,,FALSE,u1233353ctg_len-6308680,TRUE,Te.M.1.L.A,Teal,dorm_sample,90
R022_R024.combined.H02,metabat2.177,82.64,0.5,Neural Network (Specific Model),11,0.905,136675,321.3788427,3527725,0.67,3318,31,318399,d__Bacteria;p__Pseudomonadota;c__Alphaproteobacteria;o__Sphingomonadales;f__Sphingomonadaceae;g__Sphingomonas;s__,N/A,N/A,N/A,0,0,H02,,,,,,,,FALSE,,FALSE,Te.M.1.L.A,Teal,dorm_sample,90
R022_R024.combined.H02,metabat2.178,99.61,0.09,Neural Network (Specific Model),11,0.92,1034022,334.6249285,1905792,0.29,1749,4,1034022,d__Bacteria;p__Pseudomonadota;c__Alphaproteobacteria;o__Rickettsiales;f__33-17;g__;s__,N/A,N/A,N/A,1,0,H02,,,,,,,,FALSE,,FALSE,Te.M.1.L.A,Teal,dorm_sample,90
R022_R024.combined.H02,metabat2.30,92.21,30.4,Neural Network (Specific Model),11,0.913,453883,315.702452,8148671,0.67,7871,32,1272446,d__Bacteria;p__Actinomycetota;c__Actinomycetes;o__Mycobacteriales;f__Mycobacteriaceae;g__Mycobacterium;s__,N/A,N/A,N/A,0,0,H02,,,,,,,,FALSE,,FALSE,Te.M.1.L.A,Teal,dorm_sample,90
R022_R024.combined.H02,metabat2.32,100,1.66,Gradient Boost (General Model),11,0.93,1381227,364.1810031,4840147,0.39,4127,3,2273118,d__Bacteria;p__Bacteroidota;c__Bacteroidia;o__Chitinophagales;f__Chitinophagaceae;g__Flavitalea;s__,N/A,N/A,N/A,1,0,H02,,,,,,,,FALSE,,FALSE,Te.M.1.L.A,Teal,dorm_sample,90
R022_R024.combined.H02,metabat2.35,100,0.04,Neural Network (Specific Model),11,0.896,2499314,341.9937238,4374486,0.67,3824,3,2499314,d__Bacteria;p__Pseudomonadota;c__Gammaproteobacteria;o__Xanthomonadales;f__Xanthomonadaceae;g__Stenotrophomonas;s__Stenotrophomonas rhizophila_A,GCF_001704155.1,d__Bacteria;p__Pseudomonadota;c__Gammaproteobacteria;o__Xanthomonadales;f__Xanthomonadaceae;g__Stenotrophomonas;s__Stenotrophomonas rhizophila_A,97.96,1,0,H02,,,,,,,,FALSE,,FALSE,Te.M.1.L.A,Teal,dorm_sample,90
R022_R024.combined.H02,metabat2.40,97.38,0.57,Gradient Boost (General Model),11,0.902,3796330,332.1957916,4298197,0.46,3897,2,3796330,d__Bacteria;p__Bacteroidota;c__Bacteroidia;o__Chitinophagales;f__Chitinophagaceae;g__Polluticoccus;s__,N/A,N/A,N/A,1,0,H02,,,,,,,,FALSE,,FALSE,Te.M.1.L.A,Teal,dorm_sample,90
R022_R024.combined.H02,metabat2.49,58.22,0.53,Neural Network (Specific Model),11,0.913,62168,292.1026026,1912210,0.71,1998,31,126837,d__Bacteria;p__Actinomycetota;c__Actinomycetes;o__Actinomycetales;f__Microbacteriaceae;g__Pseudolysinimonas_A;s__,N/A,N/A,N/A,0,0,H02,,,,,,,,FALSE,,FALSE,Te.M.1.L.A,Teal,dorm_sample,90
R022_R024.combined.H02,metabat2.52,100,0.69,Neural Network (Specific Model),11,0.913,1076005,317.9207459,5815352,0.67,5577,5,2831449,d__Bacteria;p__Actinomycetota;c__Actinomycetes;o__Mycobacteriales;f__Mycobacteriaceae;g__Mycobacterium;s__Mycobacterium phocaicum,GCF_010731115.1,d__Bacteria;p__Actinomycetota;c__Actinomycetes;o__Mycobacteriales;f__Mycobacteriaceae;g__Mycobacterium;s__Mycobacterium phocaicum,95.21,1,0,H02,,,,,,,,FALSE,,FALSE,Te.M.1.L.A,Teal,dorm_sample,90
R022_R024.combined.H02,metabat2.53,58.68,0.02,Neural Network (Specific Model),11,0.863,59641,277.8701707,2146211,0.63,2226,39,151368,d__Bacteria;p__Pseudomonadota;c__Alphaproteobacteria;o__Rhizobiales;f__Hyphomicrobiaceae;g__Hyphomicrobium_A;s__,N/A,N/A,N/A,0,0,H02,,,,,,,,FALSE,,FALSE,Te.M.1.L.A,Teal,dorm_sample,90
R022_R024.combined.H02,metabat2.54,99.95,0.88,Neural Network (Specific Model),11,0.886,459293,352.260223,5126197,0.38,4304,17,619497,d__Bacteria;p__Bacteroidota;c__Bacteroidia;o__Sphingobacteriales;f__Sphingobacteriaceae;g__Pedobacter;s__,N/A,N/A,N/A,1,0,H02,,,,,,,,FALSE,,FALSE,Te.M.1.L.A,Teal,dorm_sample,90
R022_R024.combined.H02,metabat2.55,99.98,3.57,Neural Network (Specific Model),11,0.893,2292454,302.5764932,5812380,0.66,5726,4,2790484,d__Bacteria;p__Pseudomonadota;c__Alphaproteobacteria;o__Rhizobiales;f__Beijerinckiaceae;g__Allobosea;s__Allobosea eneae,GCF_042657265.1,d__Bacteria;p__Pseudomonadota;c__Alphaproteobacteria;o__Rhizobiales;f__Beijerinckiaceae;g__Allobosea;s__Allobosea eneae,97.61,1,0,H02,,,,,,,,FALSE,,FALSE,Te.M.1.L.A,Teal,dorm_sample,90
R022_R024.combined.H02,metabat2.57,100,0.05,Neural Network (Specific Model),11,0.894,2528607,311.793557,3892410,0.67,3725,3,2528607,d__Bacteria;p__Pseudomonadota;c__Gammaproteobacteria;o__Burkholderiales;f__Burkholderiaceae_C;g__Ottowia;s__Ottowia sp018060485,GCA_018060485.1,d__Bacteria;p__Pseudomonadota;c__Gammaproteobacteria;o__Burkholderiales;f__Burkholderiaceae_C;g__Ottowia;s__Ottowia sp018060485,98.54,1,0,H02,,,,,,,,FALSE,,FALSE,Te.M.1.L.A,Teal,dorm_sample,90
R022_R024.combined.H02,metabat2.61,98.55,0.8,Neural Network (Specific Model),11,0.887,412183,340.7386676,6274947,0.42,5449,24,1133082,d__Bacteria;p__Bacteroidota;c__Bacteroidia;o__Chitinophagales;f__Chitinophagaceae;g__Niabella;s__Niabella sp052044285,GCF_052044285.1,d__Bacteria;p__Bacteroidota;c__Bacteroidia;o__Chitinophagales;f__Chitinophagaceae;g__Niabella;s__Niabella sp052044285,96.3,0,0,H02,,,,,,,,FALSE,,FALSE,Te.M.1.L.A,Teal,dorm_sample,90
R022_R024.combined.H02,metabat2.62,100,0.4,Neural Network (Specific Model),11,0.921,598921,321.8262996,5770162,0.68,5521,16,2406459,d__Bacteria;p__Actinomycetota;c__Actinomycetes;o__Mycobacteriales;f__Mycobacteriaceae;g__Mycobacterium;s__Mycobacterium gilvum,GCF_900454025.1,d__Bacteria;p__Actinomycetota;c__Actinomycetes;o__Mycobacteriales;f__Mycobacteriaceae;g__Mycobacterium;s__Mycobacterium gilvum,98.02,1,0,H02,,,,,,,,FALSE,,FALSE,Te.M.1.L.A,Teal,dorm_sample,90
R022_R024.combined.H02,metabat2.73,83.51,11.57,Neural Network (Specific Model),11,0.913,177570,317.5466238,4206842,0.65,4043,39,437970,d__Bacteria;p__Pseudomonadota;c__Alphaproteobacteria;o__Sphingomonadales;f__Sphingomonadaceae;g__Sphingopyxis;s__,N/A,N/A,N/A,0,0,H02,,,,,,,,FALSE,,FALSE,Te.M.1.L.A,Teal,dorm_sample,90
R022_R024.combined.H02,metabat2.84,99.99,0.14,Neural Network (Specific Model),11,0.933,1513631,305.8280702,2236958,0.5,2280,3,1513631,d__Bacteria;p__Pseudomonadota;c__Alphaproteobacteria;o__Micavibrionales;f__Micavibrionaceae;g__Micavibrio_B;s__,N/A,N/A,N/A,1,0,H02,,,,,,,,FALSE,,FALSE,Te.M.1.L.A,Teal,dorm_sample,90
R022_R024.combined.H02,metabat2.87,87.64,0.7,Neural Network (Specific Model),11,0.915,401437,378.746901,6704219,0.47,5405,19,1874363,d__Bacteria;p__Bacteroidota;c__Bacteroidia;o__Chitinophagales;f__Chitinophagaceae;g__Pseudobacter;s__,N/A,N/A,N/A,0,0,H02,,,,,,,,FALSE,,FALSE,Te.M.1.L.A,Teal,dorm_sample,90
R022_R024.combined.H02,metabat2.89,96.52,2.62,Gradient Boost (General Model),11,0.843,6154743,337.9290334,7057398,0.62,5876,3,6154743,d__Bacteria;p__Planctomycetota;c__Planctomycetia;o__Pirellulales;f__Lacipirellulaceae;g__Lacipirellula;s__,N/A,N/A,N/A,1,0,H02,,,,,,,,FALSE,,FALSE,Te.M.1.L.A,Teal,dorm_sample,90
R022_R024.combined.H02,metabat2.91,57.07,0.44,Gradient Boost (General Model),11,0.918,54072,308.2967185,2910700,0.67,2895,55,118734,d__Bacteria;p__Pseudomonadota;c__Alphaproteobacteria;o__Reyranellales;f__Reyranellaceae;g__Reyranella;s__Reyranella sp001557035,GCA_001557035.1,d__Bacteria;p__Pseudomonadota;c__Alphaproteobacteria;o__Reyranellales;f__Reyranellaceae;g__Reyranella;s__Reyranella sp001557035,95.39,0,0,H02,,,,,,,,FALSE,,FALSE,Te.M.1.L.A,Teal,dorm_sample,90
R022_R024.combined.H02,metabat2.95,67.07,0.28,Neural Network (Specific Model),11,0.902,76726,316.8809898,2677056,0.72,2546,40,250130,d__Bacteria;p__Actinomycetota;c__Actinomycetes;o__Actinomycetales;f__Microbacteriaceae;g__Agromyces;s__Agromyces mediolanus_A,GCF_023715325.1,d__Bacteria;p__Actinomycetota;c__Actinomycetes;o__Actinomycetales;f__Microbacteriaceae;g__Agromyces;s__Agromyces mediolanus_A,99.43,0,0,H02,,,,,,,,FALSE,,FALSE,Te.M.1.L.A,Teal,dorm_sample,90
R022_R024.combined.H02,metabat2.96,100,3.09,Neural Network (Specific Model),11,0.913,4200345,321.5727273,6263200,0.67,5940,2,4200345,d__Bacteria;p__Actinomycetota;c__Actinomycetes;o__Mycobacteriales;f__Mycobacteriaceae;g__Mycobacterium;s__Mycobacterium phocaicum,GCF_010731115.1,d__Bacteria;p__Actinomycetota;c__Actinomycetes;o__Mycobacteriales;f__Mycobacteriaceae;g__Mycobacterium;s__Mycobacterium phocaicum,95.47,1,0,H02,,,,,,,,FALSE,,FALSE,Te.M.1.L.A,Teal,dorm_sample,90
R022_R024.combined.H02,semibin2_10,98.25,0.2,Neural Network (Specific Model),11,0.884,1092984,300.368321,4819345,0.59,4735,7,1468206,d__Bacteria;p__Pseudomonadota;c__Alphaproteobacteria;o__Rhizobiales;f__Rhizobiaceae;g__Agrobacterium;s__Agrobacterium pusense,GCF_900102105.1,d__Bacteria;p__Pseudomonadota;c__Alphaproteobacteria;o__Rhizobiales;f__Rhizobiaceae;g__Agrobacterium;s__Agrobacterium pusense,98.5,1,0,H02,,,,,,,,FALSE,,FALSE,Te.M.1.L.A,Teal,dorm_sample,90
R022_R024.combined.H02,semibin2_12,97.85,0.15,Neural Network (Specific Model),11,0.922,185870,361.835364,3953238,0.44,3365,27,387560,d__Bacteria;p__Bacteroidota;c__Bacteroidia;o__UKL13-3;f__UKL13-3;g__UBA6183;s__,N/A,N/A,N/A,0,0,H02,,,,,,,,FALSE,,FALSE,Te.M.1.L.A,Teal,dorm_sample,90
R022_R024.combined.H02,semibin2_13,99.93,0.39,Neural Network (Specific Model),11,0.914,1030803,316.4674654,4413535,0.65,4257,4,1726581,d__Bacteria;p__Pseudomonadota;c__Alphaproteobacteria;o__Sphingomonadales;f__Sphingomonadaceae;g__Sphingomonas;s__,N/A,N/A,N/A,1,0,H02,,,,,,,,FALSE,,FALSE,Te.M.1.L.A,Teal,dorm_sample,90
R022_R024.combined.H02,semibin2_149_sub,54.9,24.69,Gradient Boost (General Model),11,0.878,41123,284.8798145,12350680,0.64,12722,362,1479881,d__Bacteria;p__Pseudomonadota;c__Alphaproteobacteria;o__CAISDR01;f__CAISDR01;g__;s__,N/A,N/A,N/A,0,0,H02,,,,,,,,FALSE,u1534360ctg_len-108238;u1521638ctg_len-319376;u357536ctg_len-240245;u1147123ctg_len-325222;u393513ctg_len-83260;u1384887ctg_len-143335;u1720230ctg_len-303350;u1010739ctg_len-114197;u1028381ctg_len-1479881,TRUE,Te.M.1.L.A,Teal,dorm_sample,90
R022_R024.combined.H02,semibin2_150_sub,59.17,16.32,Neural Network (Specific Model),11,0.87,81707,272.586602,6947902,0.63,7419,177,738443,d__Bacteria;p__;c__;o__;f__;g__;s__,N/A,N/A,N/A,0,0,H02,,,,,,,,FALSE,u1551591ctg_len-244728;u1697463ctg_len-391793;u1684700ctg_len-181688;u1596905ctg_len-99884;u1144700ctg_len-90857;u755214ctg_len-401637;u949858ctg_len-33411;u1455586ctg_len-99539;u1736476ctg_len-78478;u147066ctg_len-126752;u432598ctg_len-20269,TRUE,Te.M.1.L.A,Teal,dorm_sample,90
R022_R024.combined.H02,semibin2_151,32.14,1.86,Neural Network (Specific Model),11,0.883,32525,302.3827442,2694984,0.58,2631,103,191092,d__Bacteria;p__Bacteroidota;c__Bacteroidia;o__Cytophagales;f__Cytophagaceae;g__JACMQM01;s__,N/A,N/A,N/A,0,0,H02,,,,,,,,FALSE,u713062ctg_len-48716;u1582429ctg_len-16396,TRUE,Te.M.1.L.A,Teal,dorm_sample,90
R022_R024.combined.H02,semibin2_19,99.41,0.33,Gradient Boost (General Model),11,0.925,283175,304.6685032,2147124,0.59,2178,9,514987,d__Bacteria;p__Pseudomonadota;c__Alphaproteobacteria;o__Rickettsiales;f__UBA3002;g__QFOX01;s__,N/A,N/A,N/A,1,0,H02,,,,,,,,FALSE,,FALSE,Te.M.1.L.A,Teal,dorm_sample,90
R022_R024.combined.H02,semibin2_2,99.83,0.02,Neural Network (Specific Model),11,0.88,494588,369.8735906,5805419,0.67,4612,20,854864,d__Bacteria;p__Pseudomonadota;c__Gammaproteobacteria;o__Xanthomonadales;f__Rhodanobacteraceae;g__Tahibacter;s__,N/A,N/A,N/A,0,0,H02,,,,,,,,FALSE,,FALSE,Te.M.1.L.A,Teal,dorm_sample,90
R022_R024.combined.H02,semibin2_23,99.9,10.45,Neural Network (Specific Model),11,0.898,320526,335.9239276,6690233,0.67,5968,39,1151142,d__Bacteria;p__Pseudomonadota;c__Gammaproteobacteria;o__Burkholderiales;f__Burkholderiaceae_C;g__Comamonas;s__Comamonas tsuruhatensis,GCF_001571325.1,d__Bacteria;p__Pseudomonadota;c__Gammaproteobacteria;o__Burkholderiales;f__Burkholderiaceae_C;g__Comamonas;s__Comamonas tsuruhatensis,98.33,0,0,H02,,,,,,,,FALSE,,FALSE,Te.M.1.L.A,Teal,dorm_sample,90
R022_R024.combined.H02,semibin2_26,98.62,1.25,Neural Network (Specific Model),11,0.882,283624,321.6283472,4733840,0.66,4332,23,753841,d__Bacteria;p__Pseudomonadota;c__Gammaproteobacteria;o__Xanthomonadales;f__Xanthomonadaceae;g__Stenotrophomonas;s__Stenotrophomonas muris,GCF_024621935.1,d__Bacteria;p__Pseudomonadota;c__Gammaproteobacteria;o__Xanthomonadales;f__Xanthomonadaceae;g__Stenotrophomonas;s__Stenotrophomonas muris,98.54,0,0,H02,,,,,,,,FALSE,,FALSE,Te.M.1.L.A,Teal,dorm_sample,90
R022_R024.combined.H02,semibin2_29,88.52,1.39,Gradient Boost (General Model),11,0.909,127311,302.6290087,4098903,0.59,4116,46,431979,d__Bacteria;p__Bdellovibrionota;c__UBA1018;o__CAIPTA01;f__CAIPTA01;g__JAKFYM01;s__,N/A,N/A,N/A,0,0,H02,,,,,,,,FALSE,,FALSE,Te.M.1.L.A,Teal,dorm_sample,90
R022_R024.combined.H02,semibin2_30,96.67,12.8,Gradient Boost (General Model),11,0.912,3272521,337.0102348,5509858,0.51,4983,4,3272521,d__Bacteria;p__Cyanobacteriota;c__Vampirovibrionia;o__Obscuribacterales;f__Obscuribacteraceae;g__JAFKGK01;s__JAFKGK01 sp017307165,GCA_017307165.1,d__Bacteria;p__Cyanobacteriota;c__Vampirovibrionia;o__Obscuribacterales;f__Obscuribacteraceae;g__JAFKGK01;s__JAFKGK01 sp017307165,95.06,0,0,H02,,,,,,,,FALSE,,FALSE,Te.M.1.L.A,Teal,dorm_sample,90
R022_R024.combined.H02,semibin2_31,100,18.38,Neural Network (Specific Model),11,0.907,2631566,308.2724509,4350654,0.66,4276,3,2631566,d__Bacteria;p__Pseudomonadota;c__Alphaproteobacteria;o__Caulobacterales;f__Caulobacteraceae;g__Brevundimonas;s__Brevundimonas sp943913055,GCF_943913055.1,d__Bacteria;p__Pseudomonadota;c__Alphaproteobacteria;o__Caulobacterales;f__Caulobacteraceae;g__Brevundimonas;s__Brevundimonas sp943913055,96.07,0,0,H02,,,,,,,,FALSE,,FALSE,Te.M.1.L.A,Teal,dorm_sample,90
R022_R024.combined.H02,semibin2_33,95.09,0.29,Neural Network (Specific Model),11,0.836,135528,308.6848635,3116330,0.41,2821,33,515037,d__Bacteria;p__Pseudomonadota;c__Alphaproteobacteria;o__Paracaedibacterales;f__Paracaedibacteraceae;g__Paracaedibacter;s__,N/A,N/A,N/A,0,0,H02,,,,,,,,FALSE,,FALSE,Te.M.1.L.A,Teal,dorm_sample,90
R022_R024.combined.H02,semibin2_36,87.14,0.42,Gradient Boost (General Model),11,0.928,95355,334.5506313,4353707,0.45,4039,58,389868,d__Bacteria;p__Bacteroidota;c__Bacteroidia;o__Chitinophagales;f__Chitinophagaceae;g__Flavitalea;s__,N/A,N/A,N/A,0,0,H02,,,,,,,,FALSE,,FALSE,Te.M.1.L.A,Teal,dorm_sample,90
R022_R024.combined.H02,semibin2_37,76.53,5.72,Neural Network (Specific Model),11,0.891,3051264,308.8141593,3051264,0.67,2938,1,3051264,d__Bacteria;p__Pseudomonadota;c__Gammaproteobacteria;o__Burkholderiales;f__Burkholderiaceae_C;g__Ottowia;s__Ottowia sp018060485,GCA_018060485.1,d__Bacteria;p__Pseudomonadota;c__Gammaproteobacteria;o__Burkholderiales;f__Burkholderiaceae_C;g__Ottowia;s__Ottowia sp018060485,98.58,0,0,H02,,,,,,,,FALSE,u1614950ctg_len-3051264,TRUE,Te.M.1.L.A,Teal,dorm_sample,90
R022_R024.combined.H02,semibin2_38,82.51,3.23,Gradient Boost (General Model),11,0.91,127747,333.4095286,4324866,0.51,3946,45,598363,d__Bacteria;p__Cyanobacteriota;c__Vampirovibrionia;o__Obscuribacterales;f__Obscuribacteraceae;g__JAFKGK01;s__JAFKGK01 sp017307165,GCA_017307165.1,d__Bacteria;p__Cyanobacteriota;c__Vampirovibrionia;o__Obscuribacterales;f__Obscuribacteraceae;g__JAFKGK01;s__JAFKGK01 sp017307165,98.48,0,0,H02,,,,,,,,FALSE,u190488ctg_len-47899,TRUE,Te.M.1.L.A,Teal,dorm_sample,90
R022_R024.combined.H02,semibin2_39,57.24,0,Neural Network (Specific Model),11,0.919,2327990,315.4098874,3284373,0.67,3196,2,2327990,d__Bacteria;p__Actinomycetota;c__Actinomycetes;o__Mycobacteriales;f__Mycobacteriaceae;g__Mycobacterium;s__Mycobacterium sp018326285,GCF_018326285.1,d__Bacteria;p__Actinomycetota;c__Actinomycetes;o__Mycobacteriales;f__Mycobacteriaceae;g__Mycobacterium;s__Mycobacterium sp018326285,95.83,0,0,H02,,,,,,,,FALSE,,FALSE,Te.M.1.L.A,Teal,dorm_sample,90
R022_R024.combined.H02,semibin2_40,61.86,1.43,Neural Network (Specific Model),11,0.911,40710,300.3801609,1841789,0.67,1865,50,153806,d__Bacteria;p__Pseudomonadota;c__Alphaproteobacteria;o__Sphingomonadales;f__Sphingomonadaceae;g__Sphingobium;s__,N/A,N/A,N/A,0,0,H02,,,,,,,,FALSE,,FALSE,Te.M.1.L.A,Teal,dorm_sample,90
R022_R024.combined.H02,semibin2_41,70.85,0.12,Gradient Boost (General Model),11,0.91,44515,320.6579736,3519470,0.6,3336,91,162548,d__Bacteria;p__Verrucomicrobiota;c__Verrucomicrobiia;o__Verrucomicrobiales;f__Akkermansiaceae;g__Luteolibacter;s__,N/A,N/A,N/A,0,0,H02,,,,,,,,FALSE,,FALSE,Te.M.1.L.A,Teal,dorm_sample,90
R022_R024.combined.H02,semibin2_42,74.19,0.32,Neural Network (Specific Model),11,0.887,47543,315.6890244,4886328,0.5,4592,117,205676,d__Bacteria;p__Bacteroidota;c__Bacteroidia;o__Cytophagales;f__Cyclobacteriaceae;g__Chryseolinea;s__,N/A,N/A,N/A,0,0,H02,,,,,,,,FALSE,,FALSE,Te.M.1.L.A,Teal,dorm_sample,90
R022_R024.combined.H02,semibin2_44,67.63,0.15,Neural Network (Specific Model),11,0.889,37921,323.8838338,3594176,0.46,3297,102,135361,d__Bacteria;p__Bacteroidota;c__Bacteroidia;o__Chitinophagales;f__Chitinophagaceae;g__CAYMZZ01;s__CAYMZZ01 sp001898485,GCA_001898485.1,d__Bacteria;p__Bacteroidota;c__Bacteroidia;o__Chitinophagales;f__Chitinophagaceae;g__CAYMZZ01;s__CAYMZZ01 sp001898485,95.83,0,0,H02,,,,,,,,FALSE,,FALSE,Te.M.1.L.A,Teal,dorm_sample,90
R022_R024.combined.H02,semibin2_45,84.46,2.53,Neural Network (Specific Model),11,0.855,155775,296.5387409,6003538,0.71,5782,56,528169,d__Bacteria;p__Pseudomonadota;c__Alphaproteobacteria;o__Rhizobiales;f__Beijerinckiaceae;g__Methylobacterium;s__Methylobacterium sp900112625,GCF_021398735.1,d__Bacteria;p__Pseudomonadota;c__Alphaproteobacteria;o__Rhizobiales;f__Beijerinckiaceae;g__Methylobacterium;s__Methylobacterium sp900112625,97.14,0,0,H02,,,,,,,,FALSE,,FALSE,Te.M.1.L.A,Teal,dorm_sample,90
R022_R024.combined.H02,semibin2_46,65,0.69,Neural Network (Specific Model),11,0.898,42746,291.4185623,1067569,0.35,1099,30,103577,d__Bacteria;p__Pseudomonadota;c__Alphaproteobacteria;o__Rickettsiales;f__Midichloriaceae;g__Jidaibacter;s__,N/A,N/A,N/A,0,0,H02,,,,,,,,FALSE,,FALSE,Te.M.1.L.A,Teal,dorm_sample,90
R022_R024.combined.H02,semibin2_47,88.67,0.45,Neural Network (Specific Model),11,0.901,3835592,337.1312098,3835592,0.67,3422,1,3835592,d__Bacteria;p__Pseudomonadota;c__Gammaproteobacteria;o__Xanthomonadales;f__Xanthomonadaceae;g__Pseudoxanthomonas_A;s__,N/A,N/A,N/A,0,0,H02,,,,,,,,FALSE,,FALSE,Te.M.1.L.A,Teal,dorm_sample,90
R022_R024.combined.H02,semibin2_48,61.63,3.7,Neural Network (Specific Model),11,0.907,134059,324.6035959,2506139,0.68,2336,21,589168,d__Bacteria;p__Pseudomonadota;c__Gammaproteobacteria;o__Xanthomonadales;f__Xanthomonadaceae;g__Pseudoxanthomonas_A;s__,N/A,N/A,N/A,0,0,H02,,,,,,,,FALSE,,FALSE,Te.M.1.L.A,Teal,dorm_sample,90
R022_R024.combined.H02,semibin2_49,91.71,1.52,Neural Network (Specific Model),11,0.898,227845,314.7401801,5481075,0.67,5219,32,754508,d__Bacteria;p__Pseudomonadota;c__Alphaproteobacteria;o__Rhizobiales;f__Beijerinckiaceae;g__Allobosea;s__Allobosea vestrisii,GCF_042655345.1,d__Bacteria;p__Pseudomonadota;c__Alphaproteobacteria;o__Rhizobiales;f__Beijerinckiaceae;g__Allobosea;s__Allobosea vestrisii,96.2,0,0,H02,,,,,,,,FALSE,,FALSE,Te.M.1.L.A,Teal,dorm_sample,90
R022_R024.combined.H02,semibin2_50_sub,81.21,0.64,Neural Network (Specific Model),11,0.921,78046,332.6687157,4925982,0.44,4555,88,196489,d__Bacteria;p__Bacteroidota;c__Bacteroidia;o__Sphingobacteriales;f__Sphingobacteriaceae;g__Pedobacter;s__,N/A,N/A,N/A,0,0,H02,,,,,,,,FALSE,,FALSE,Te.M.1.L.A,Teal,dorm_sample,90
R022_R024.combined.H02,semibin2_53,50.71,0.7,Neural Network (Specific Model),11,0.889,237071,307.6068233,1853161,0.67,1788,12,499525,d__Bacteria;p__Pseudomonadota;c__Gammaproteobacteria;o__Burkholderiales;f__Burkholderiaceae_C;g__Ottowia;s__Ottowia sp018060485,GCA_018060485.1,d__Bacteria;p__Pseudomonadota;c__Gammaproteobacteria;o__Burkholderiales;f__Burkholderiaceae_C;g__Ottowia;s__Ottowia sp018060485,98.05,0,0,H02,,,,,,,,FALSE,,FALSE,Te.M.1.L.A,Teal,dorm_sample,90
R022_R024.combined.H02,semibin2_56,55.11,0.7,Neural Network (Specific Model),11,0.928,46432,323.1800122,3412701,0.7,3272,96,185126,d__Bacteria;p__Pseudomonadota;c__Gammaproteobacteria;o__Burkholderiales;f__Burkholderiaceae_C;g__Pseudorhodoferax;s__Pseudorhodoferax aquiterrae,GCF_014652235.1,d__Bacteria;p__Pseudomonadota;c__Gammaproteobacteria;o__Burkholderiales;f__Burkholderiaceae_C;g__Pseudorhodoferax;s__Pseudorhodoferax aquiterrae,97.65,0,0,H02,,,,,,,,FALSE,,FALSE,Te.M.1.L.A,Teal,dorm_sample,90
R022_R024.combined.H02,semibin2_58,57.39,0.26,Neural Network (Specific Model),11,0.9,40442,320.872734,2883714,0.41,2703,83,107540,d__Bacteria;p__Bacteroidota;c__Bacteroidia;o__Cytophagales;f__Cytophagaceae;g__JACMQM01;s__,N/A,N/A,N/A,0,0,H02,,,,,,,,FALSE,,FALSE,Te.M.1.L.A,Teal,dorm_sample,90
R022_R024.combined.H02,semibin2_59,53.65,0.37,Gradient Boost (General Model),11,0.916,32021,293.8203753,1431717,0.56,1492,54,77116,d__Bacteria;p__Pseudomonadota;c__Alphaproteobacteria;o__Micavibrionales;f__UBA2020;g__JAEXMB01;s__,N/A,N/A,N/A,0,0,H02,,,,,,,,FALSE,,FALSE,Te.M.1.L.A,Teal,dorm_sample,90
R022_R024.combined.H02,semibin2_62,55.53,0.27,Neural Network (Specific Model),11,0.86,48202,302.5999358,3284170,0.65,3117,78,189853,d__Bacteria;p__Pseudomonadota;c__Alphaproteobacteria;o__Rhizobiales;f__Xanthobacteraceae;g__Bradyrhizobium;s__,N/A,N/A,N/A,0,0,H02,,,,,,,,FALSE,,FALSE,Te.M.1.L.A,Teal,dorm_sample,90
R022_R024.combined.H02,semibin2_65,20.17,0.25,Neural Network (Specific Model),11,0.881,27718,306.1821214,1557238,0.66,1499,64,58686,d__Bacteria;p__Myxococcota_A;c__Polyangia;o__Polyangiales;f__Polyangiaceae;g__NIC37A-2;s__,N/A,N/A,N/A,0,0,H02,,,,,,,,FALSE,,FALSE,Te.M.1.L.A,Teal,dorm_sample,90
R022_R024.combined.H02,semibin2_66,46.03,0.14,Neural Network (Specific Model),11,0.875,35907,287.924255,2378286,0.68,2416,76,88312,d__Bacteria;p__Pseudomonadota;c__Alphaproteobacteria;o__Rhizobiales;f__Xanthobacteraceae;g__Xanthobacter;s__Xanthobacter sp023442085,GCA_023442085.1,d__Bacteria;p__Pseudomonadota;c__Alphaproteobacteria;o__Rhizobiales;f__Xanthobacteraceae;g__Xanthobacter;s__Xanthobacter sp023442085,97.1,0,0,H02,,,,,,,,FALSE,,FALSE,Te.M.1.L.A,Teal,dorm_sample,90
R022_R024.combined.H02,semibin2_67,20,0.03,Neural Network (Specific Model),11,0.879,23983,273.9653259,670938,0.66,721,32,41389,d__Bacteria;p__Pseudomonadota;c__Gammaproteobacteria;o__Burkholderiales;f__Rhodocyclaceae;g__Methyloversatilis;s__Methyloversatilis sp016791045,GCA_016791045.1,d__Bacteria;p__Pseudomonadota;c__Gammaproteobacteria;o__Burkholderiales;f__Rhodocyclaceae;g__Methyloversatilis;s__Methyloversatilis sp016791045,98.35,0,0,H02,,,,,,,,FALSE,,FALSE,Te.M.1.L.A,Teal,dorm_sample,90
R022_R024.combined.H02,semibin2_8,99.78,0.1,Neural Network (Specific Model),11,0.871,440062,321.4333932,3077626,0.37,2785,11,771297,d__Bacteria;p__Pseudomonadota;c__Gammaproteobacteria;o__Legionellales;f__Legionellaceae;g__Legionella_C;s__,N/A,N/A,N/A,1,0,H02,,,,,,,,FALSE,,FALSE,Te.M.1.L.A,Teal,dorm_sample,90
R022_R024.combined.H02,semibin2_9,99.98,1.42,Neural Network (Specific Model),11,0.904,548057,326.4332738,4240722,0.46,3919,10,1055193,d__Bacteria;p__Bacteroidota;c__Bacteroidia;o__Flavobacteriales;f__Flavobacteriaceae;g__Flavobacterium;s__,N/A,N/A,N/A,1,0,H02,,,,,,,,FALSE,,FALSE,Te.M.1.L.A,Teal,dorm_sample,90
R022_R024.combined.H02,semibin2_90,45.01,1.78,Neural Network (Specific Model),11,0.917,73688,310.3369074,1795402,0.69,1772,33,147102,d__Bacteria;p__Actinomycetota;c__Actinomycetes;o__Actinomycetales;f__Microbacteriaceae;g__Microbacterium;s__Microbacterium oxydans,GCF_006540085.1,d__Bacteria;p__Actinomycetota;c__Actinomycetes;o__Actinomycetales;f__Microbacteriaceae;g__Microbacterium;s__Microbacterium oxydans,98.33,0,0,H02,,,,,,,,FALSE,,FALSE,Te.M.1.L.A,Teal,dorm_sample,90
R022_R024.combined.H02,semibin2_92_sub,41.51,7.51,Neural Network (Specific Model),11,0.898,29480,297.4431705,1988760,0.67,2006,76,53685,d__Bacteria;p__Pseudomonadota;c__Alphaproteobacteria;o__Sphingomonadales;f__Sphingomonadaceae;g__;s__,N/A,N/A,N/A,0,0,H02,,,,,,,,FALSE,,FALSE,Te.M.1.L.A,Teal,dorm_sample,90
R022_R024.combined.H03,complete.10,100,0.86,Neural Network (Specific Model),11,0.903,4408039,318.3298204,4408039,0.64,4175,1,4408039,d__Bacteria;p__Pseudomonadota;c__Alphaproteobacteria;o__Sphingomonadales;f__Sphingomonadaceae;g__Blastomonas;s__Blastomonas ursincola,GCF_013607875.1,d__Bacteria;p__Pseudomonadota;c__Alphaproteobacteria;o__Sphingomonadales;f__Sphingomonadaceae;g__Blastomonas;s__Blastomonas ursincola,98.17,1,1,H03,2,2,2,6,52,2,3,TRUE,,FALSE,Te.M.2.H.B,Teal,dorm_sample,156
R022_R024.combined.H03,complete.24,100,0.28,Neural Network (Specific Model),11,0.894,4890377,341.4516507,4890377,0.67,4271,1,4890377,d__Bacteria;p__Pseudomonadota;c__Gammaproteobacteria;o__Xanthomonadales;f__Xanthomonadaceae;g__Lysobacter_I;s__Lysobacter_I sp036404915,GCA_036404915.1,d__Bacteria;p__Pseudomonadota;c__Gammaproteobacteria;o__Xanthomonadales;f__Xanthomonadaceae;g__Lysobacter_I;s__Lysobacter_I sp036404915,97.14,1,1,H03,2,2,2,6,55,1,1,TRUE,u89341ctg_len-4890377,TRUE,Te.M.2.H.B,Teal,dorm_sample,156
R022_R024.combined.H03,complete.25,100,0.18,Neural Network (Specific Model),11,0.912,6064052,320.4021494,6064052,0.67,5769,1,6064052,d__Bacteria;p__Actinomycetota;c__Actinomycetes;o__Mycobacteriales;f__Mycobacteriaceae;g__Mycobacterium;s__Mycobacterium phocaicum,GCF_010731115.1,d__Bacteria;p__Actinomycetota;c__Actinomycetes;o__Mycobacteriales;f__Mycobacteriaceae;g__Mycobacterium;s__Mycobacterium phocaicum,95.35,1,1,H03,2,2,2,6,62,2,1,TRUE,u102395ctg_len-6064052,TRUE,Te.M.2.H.B,Teal,dorm_sample,156
R022_R024.combined.H03,complete.26,100,0.07,Neural Network (Specific Model),11,0.893,3843815,310.3925765,3843815,0.66,3691,1,3843815,d__Bacteria;p__Pseudomonadota;c__Gammaproteobacteria;o__Burkholderiales;f__Burkholderiaceae_C;g__Ottowia;s__Ottowia sp018060485,GCA_018060485.1,d__Bacteria;p__Pseudomonadota;c__Gammaproteobacteria;o__Burkholderiales;f__Burkholderiaceae_C;g__Ottowia;s__Ottowia sp018060485,98.61,1,1,H03,1,1,1,3,45,1,1,TRUE,u54753ctg_len-3843815,TRUE,Te.M.2.H.B,Teal,dorm_sample,156
R022_R024.combined.H03,complete.27,99.99,0.07,Neural Network (Specific Model),11,0.916,4656962,358.9021684,4656962,0.7,3966,1,4656962,d__Bacteria;p__Pseudomonadota;c__Gammaproteobacteria;o__Xanthomonadales;f__Ahniellaceae;g__JBGAHD01;s__,N/A,N/A,N/A,1,1,H03,2,2,2,6,50,2,0,TRUE,u88246ctg_len-4656962,TRUE,Te.M.2.H.B,Teal,dorm_sample,156
R022_R024.combined.H03,metabat2.20,99.13,0.49,Gradient Boost (General Model),11,0.895,635496,343.2818601,5241377,0.45,4559,12,953038,d__Bacteria;p__Bacteroidota;c__Bacteroidia;o__Chitinophagales;f__Chitinophagaceae;g__Endoryza;s__,N/A,N/A,N/A,1,0,H03,,,,,,,,FALSE,,FALSE,Te.M.2.H.B,Teal,dorm_sample,156
R022_R024.combined.H03,metabat2.27,99.89,0.63,Neural Network (Specific Model),11,0.914,605172,319.8483917,4429727,0.66,4228,12,901054,d__Bacteria;p__Pseudomonadota;c__Alphaproteobacteria;o__Sphingomonadales;f__Sphingomonadaceae;g__Sphingomonas;s__Sphingomonas koreensis,GCF_002797435.1,d__Bacteria;p__Pseudomonadota;c__Alphaproteobacteria;o__Sphingomonadales;f__Sphingomonadaceae;g__Sphingomonas;s__Sphingomonas koreensis,98.47,1,0,H03,,,,,,,,FALSE,,FALSE,Te.M.2.H.B,Teal,dorm_sample,156
R022_R024.combined.H03,metabat2.49,91.85,2.47,Neural Network (Specific Model),11,0.922,914470,318.8668578,6499040,0.66,6279,18,1793121,d__Bacteria;p__Actinomycetota;c__Actinomycetes;o__Mycobacteriales;f__Mycobacteriaceae;g__Mycobacterium;s__Mycobacterium fortuitum,GCF_022179545.1,d__Bacteria;p__Actinomycetota;c__Actinomycetes;o__Mycobacteriales;f__Mycobacteriaceae;g__Mycobacterium;s__Mycobacterium fortuitum,98.7,1,0,H03,,,,,,,,FALSE,,FALSE,Te.M.2.H.B,Teal,dorm_sample,156
R022_R024.combined.H03,metabat2.55,90.45,1.58,Gradient Boost (General Model),11,0.918,457773,330.4339225,6642933,0.7,6167,27,709976,d__Bacteria;p__Pseudomonadota;c__Gammaproteobacteria;o__Burkholderiales;f__Burkholderiaceae_C;g__Aquincola;s__,N/A,N/A,N/A,0,0,H03,,,,,,,,FALSE,,FALSE,Te.M.2.H.B,Teal,dorm_sample,156
R022_R024.combined.H03,semibin2_10,54.28,0.21,Neural Network (Specific Model),11,0.841,43094,292.3279817,4081008,0.46,3924,108,140119,d__Bacteria;p__Bacteroidota;c__Bacteroidia;o__Cytophagales;f__172606-1;g__Xanthocytophaga;s__,N/A,N/A,N/A,0,0,H03,,,,,,,,FALSE,,FALSE,Te.M.2.H.B,Teal,dorm_sample,156
R022_R024.combined.H03,semibin2_11,66.61,0.72,Neural Network (Specific Model),11,0.91,57823,338.870531,5266866,0.48,4727,113,206596,d__Bacteria;p__Bacteroidota;c__Bacteroidia;o__Chitinophagales;f__Chitinophagaceae;g__Pseudobacter;s__,N/A,N/A,N/A,0,0,H03,,,,,,,,FALSE,,FALSE,Te.M.2.H.B,Teal,dorm_sample,156
R022_R024.combined.H03,semibin2_12,30.09,2.24,Neural Network (Specific Model),11,0.908,198468,309.4738054,1771757,0.67,1737,9,437285,d__Bacteria;p__Actinomycetota;c__Actinomycetes;o__Mycobacteriales;f__Mycobacteriaceae;g__Mycobacterium;s__Mycobacterium phocaicum,GCF_010731115.1,d__Bacteria;p__Actinomycetota;c__Actinomycetes;o__Mycobacteriales;f__Mycobacteriaceae;g__Mycobacterium;s__Mycobacterium phocaicum,95.11,0,0,H03,,,,,,,,FALSE,,FALSE,Te.M.2.H.B,Teal,dorm_sample,156
R022_R024.combined.H03,semibin2_13,43.31,0,Neural Network (Specific Model),11,0.894,134247,302.0977394,1521603,0.67,1504,14,306523,d__Bacteria;p__Pseudomonadota;c__Gammaproteobacteria;o__Burkholderiales;f__Burkholderiaceae_C;g__Ottowia;s__Ottowia sp018060485,GCA_018060485.1,d__Bacteria;p__Pseudomonadota;c__Gammaproteobacteria;o__Burkholderiales;f__Burkholderiaceae_C;g__Ottowia;s__Ottowia sp018060485,98.6,0,0,H03,,,,,,,,FALSE,,FALSE,Te.M.2.H.B,Teal,dorm_sample,156
R022_R024.combined.H03,semibin2_14,63.64,1.5,Neural Network (Specific Model),11,0.891,44366,308.5550951,4247664,0.5,4102,117,148957,d__Bacteria;p__Bacteroidota;c__Bacteroidia;o__Cytophagales;f__Cyclobacteriaceae;g__Chryseolinea;s__,N/A,N/A,N/A,0,0,H03,,,,,,,,FALSE,,FALSE,Te.M.2.H.B,Teal,dorm_sample,156
R022_R024.combined.H03,semibin2_15,31.33,3.41,Neural Network (Specific Model),11,0.879,26421,282.751763,1363304,0.68,1418,60,61919,d__Bacteria;p__Pseudomonadota;c__Gammaproteobacteria;o__Xanthomonadales;f__Xanthomonadaceae;g__Pseudoxanthomonas_A;s__,N/A,N/A,N/A,0,0,H03,,,,,,,,FALSE,,FALSE,Te.M.2.H.B,Teal,dorm_sample,156
R022_R024.combined.H03,semibin2_16,39.33,1.31,Gradient Boost (General Model),11,0.91,34293,310.4578069,4521383,0.69,4432,148,86459,d__Bacteria;p__Myxococcota_A;c__Polyangia;o__Haliangiales;f__Haliangiaceae;g__JABFXX01;s__,N/A,N/A,N/A,0,0,H03,,,,,,,,FALSE,,FALSE,Te.M.2.H.B,Teal,dorm_sample,156
R022_R024.combined.H03,semibin2_17,35.88,0.17,Neural Network (Specific Model),11,0.824,32312,300.3364789,3694831,0.65,3391,129,89568,d__Bacteria;p__Planctomycetota;c__Planctomycetia;o__Planctomycetales;f__Planctomycetaceae;g__Planctomyces_A;s__,N/A,N/A,N/A,0,0,H03,,,,,,,,FALSE,,FALSE,Te.M.2.H.B,Teal,dorm_sample,156
R022_R024.combined.H03,semibin2_18,6.08,0.03,Neural Network (Specific Model),11,0.914,121814,289.9649123,216259,0.67,228,2,121814,d__Bacteria;p__Actinomycetota;c__Actinomycetes;o__Mycobacteriales;f__Mycobacteriaceae;g__Mycobacterium;s__Mycobacterium phocaicum,GCF_010731115.1,d__Bacteria;p__Actinomycetota;c__Actinomycetes;o__Mycobacteriales;f__Mycobacteriaceae;g__Mycobacterium;s__Mycobacterium phocaicum,96.26,0,0,H03,,,,,,,,FALSE,,FALSE,Te.M.2.H.B,Teal,dorm_sample,156
R022_R024.combined.H03,semibin2_19,51.78,0.64,Neural Network (Specific Model),11,0.89,43159,309.2862219,2632141,0.47,2533,77,146746,d__Bacteria;p__Bacteroidota;c__Bacteroidia;o__B-17B0;f__Aurantibacillaceae;g__UBA4416;s__,N/A,N/A,N/A,0,0,H03,,,,,,,,FALSE,,FALSE,Te.M.2.H.B,Teal,dorm_sample,156
R022_R024.combined.H03,semibin2_20,31.47,3.81,Neural Network (Specific Model),11,0.901,29712,304.2276215,1973356,0.48,1955,77,62025,d__Bacteria;p__Bacteroidota;c__Bacteroidia;o__Chitinophagales;f__Chitinophagaceae;g__Terrimonas;s__,N/A,N/A,N/A,0,0,H03,,,,,,,,FALSE,,FALSE,Te.M.2.H.B,Teal,dorm_sample,156
R022_R024.combined.H03,semibin2_21,30.99,0.04,Neural Network (Specific Model),11,0.902,29706,281.7460799,1847197,0.66,1977,64,66802,d__Bacteria;p__Pseudomonadota;c__Alphaproteobacteria;o__Reyranellales;f__Reyranellaceae;g__Reyranella;s__Reyranella sp964588065,GCA_964588065.1,d__Bacteria;p__Pseudomonadota;c__Alphaproteobacteria;o__Reyranellales;f__Reyranellaceae;g__Reyranella;s__Reyranella sp964588065,98.29,0,0,H03,,,,,,,,FALSE,,FALSE,Te.M.2.H.B,Teal,dorm_sample,156
R022_R024.combined.H03,semibin2_22,18.79,0.06,Neural Network (Specific Model),11,0.874,28008,306.221519,662167,0.69,632,28,50618,d__Bacteria;p__Pseudomonadota;c__Gammaproteobacteria;o__Xanthomonadales;f__Rhodanobacteraceae;g__Dokdonella_A;s__Dokdonella_A sp023430685,GCA_023430685.1,d__Bacteria;p__Pseudomonadota;c__Gammaproteobacteria;o__Xanthomonadales;f__Rhodanobacteraceae;g__Dokdonella_A;s__Dokdonella_A sp023430685,98.58,0,0,H03,,,,,,,,FALSE,,FALSE,Te.M.2.H.B,Teal,dorm_sample,156
R022_R024.combined.H03,semibin2_3,98.91,0.46,Neural Network (Specific Model),11,0.903,251132,313.2937853,4225530,0.65,4071,29,587182,d__Bacteria;p__Pseudomonadota;c__Alphaproteobacteria;o__Sphingomonadales;f__Sphingomonadaceae;g__Sphingopyxis;s__,N/A,N/A,N/A,0,0,H03,,,,,,,,FALSE,u125829ctg_len-99231,TRUE,Te.M.2.H.B,Teal,dorm_sample,156
R022_R024.combined.H03,semibin2_4,87.81,0.82,Neural Network (Specific Model),11,0.874,100229,343.0539902,7465120,0.51,6353,101,272377,d__Bacteria;p__Bacteroidota;c__Bacteroidia;o__Chitinophagales;f__Chitinophagaceae;g__Paraflavitalea;s__,N/A,N/A,N/A,0,0,H03,,,,,,,,FALSE,,FALSE,Te.M.2.H.B,Teal,dorm_sample,156
R022_R024.combined.H03,semibin2_5,93.81,4.28,Gradient Boost (General Model),11,0.91,412776,335.8856442,4952141,0.51,4486,22,619926,d__Bacteria;p__Cyanobacteriota;c__Vampirovibrionia;o__Obscuribacterales;f__Obscuribacteraceae;g__JAFKGK01;s__,N/A,N/A,N/A,0,0,H03,,,,,,,,FALSE,,FALSE,Te.M.2.H.B,Teal,dorm_sample,156
R022_R024.combined.H03,semibin2_51_sub,57.83,11.89,Neural Network (Specific Model),11,0.897,41001,295.034868,5106331,0.66,5191,140,179405,d__Bacteria;p__Actinomycetota;c__Actinomycetes;o__Mycobacteriales;f__Mycobacteriaceae;g__Mycobacterium;s__,N/A,N/A,N/A,0,0,H03,,,,,,,,FALSE,,FALSE,Te.M.2.H.B,Teal,dorm_sample,156
R022_R024.combined.H03,semibin2_52_sub,48.96,8.67,Gradient Boost (General Model),11,0.868,29941,262.5102383,7547150,0.66,8351,272,266033,d__Bacteria;p__Actinomycetota;c__Actinomycetes;o__Mycobacteriales;f__Mycobacteriaceae;g__Mycobacterium;s__,N/A,N/A,N/A,0,0,H03,,,,,,,,FALSE,,FALSE,Te.M.2.H.B,Teal,dorm_sample,156
R022_R024.combined.H03,semibin2_55_sub,40.75,11.35,Gradient Boost (General Model),11,0.868,28043,275.0870273,5236683,0.62,5527,211,160736,d__Bacteria;p__Pseudomonadota;c__Gammaproteobacteria;o__Burkholderiales;f__Burkholderiaceae_C;g__Variovorax;s__,N/A,N/A,N/A,0,0,H03,,,,,,,,FALSE,,FALSE,Te.M.2.H.B,Teal,dorm_sample,156
R022_R024.combined.H03,semibin2_7,84.88,1.12,Neural Network (Specific Model),11,0.909,86445,304.4547779,3137576,0.44,3129,44,215051,d__Bacteria;p__Bacteroidota;c__Bacteroidia;o__Chitinophagales;f__Chitinophagaceae;g__Polluticoccus;s__Polluticoccus sp036406055,GCA_036406055.1,d__Bacteria;p__Bacteroidota;c__Bacteroidia;o__Chitinophagales;f__Chitinophagaceae;g__Polluticoccus;s__Polluticoccus sp036406055,97.03,0,0,H03,,,,,,,,FALSE,,FALSE,Te.M.2.H.B,Teal,dorm_sample,156
R022_R024.combined.H03,semibin2_8,65.81,1.39,Gradient Boost (General Model),11,0.859,47563,305.1921922,4246820,0.44,3996,104,138206,d__Bacteria;p__Bacteroidota;c__Bacteroidia;o__Chitinophagales;f__Chitinophagaceae;g__Agriterribacter;s__Agriterribacter sp051955255,GCA_051955255.1,d__Bacteria;p__Bacteroidota;c__Bacteroidia;o__Chitinophagales;f__Chitinophagaceae;g__Agriterribacter;s__Agriterribacter sp051955255,98.34,0,0,H03,,,,,,,,FALSE,,FALSE,Te.M.2.H.B,Teal,dorm_sample,156
R022_R024.combined.H03,semibin2_9,46.52,0.3,Neural Network (Specific Model),11,0.889,34560,274.35,1678912,0.69,1820,49,104002,d__Bacteria;p__Actinomycetota;c__Actinomycetes;o__Actinomycetales;f__Microbacteriaceae;g__Microbacterium;s__Microbacterium sp003248845,GCF_037147735.1,d__Bacteria;p__Actinomycetota;c__Actinomycetes;o__Actinomycetales;f__Microbacteriaceae;g__Microbacterium;s__Microbacterium sp003248845,97.61,0,0,H03,,,,,,,,FALSE,,FALSE,Te.M.2.H.B,Teal,dorm_sample,156
R022_R024.combined.H04,semibin2_0,76.52,1.66,Neural Network (Specific Model),11,0.918,54258,298.1403087,4842503,0.66,4989,106,176168,d__Bacteria;p__Actinomycetota;c__Actinomycetes;o__Mycobacteriales;f__Mycobacteriaceae;g__Mycobacterium;s__Mycobacterium fortuitum,GCF_022179545.1,d__Bacteria;p__Actinomycetota;c__Actinomycetes;o__Mycobacteriales;f__Mycobacteriaceae;g__Mycobacterium;s__Mycobacterium fortuitum,98.79,0,0,H04,,,,,,,,FALSE,,FALSE,Te.F.3.H.B,Teal,dorm_sample,18.75
R022_R024.combined.H04,semibin2_1,16.99,0.02,Neural Network (Specific Model),11,0.87,19123,247.2144772,317026,0.67,373,16,42280,d__Bacteria;p__Pseudomonadota;c__Gammaproteobacteria;o__Burkholderiales;f__Burkholderiaceae_C;g__Ottowia;s__Ottowia sp018060485,GCA_018060485.1,d__Bacteria;p__Pseudomonadota;c__Gammaproteobacteria;o__Burkholderiales;f__Burkholderiaceae_C;g__Ottowia;s__Ottowia sp018060485,98.31,0,0,H04,,,,,,,,FALSE,,FALSE,Te.F.3.H.B,Teal,dorm_sample,18.75
R022_R024.combined.H05,complete.2,94.81,0.14,Neural Network (Specific Model),11,0.848,5764725,350.3936856,5764725,0.69,4656,1,5764725,d__Bacteria;p__Pseudomonadota;c__Gammaproteobacteria;o__Xanthomonadales;f__Xanthomonadaceae;g__Lysobacter;s__,N/A,N/A,N/A,1,1,H05,1,1,1,3,58,1,4,TRUE,,FALSE,Co.F.2.H.A,Collins,dorm_sample,31.5
R022_R024.combined.H05,metabat2.11,100,0.18,Gradient Boost (General Model),11,0.89,467460,333.572679,4234712,0.46,3770,12,1197949,d__Bacteria;p__Acidobacteriota;c__Blastocatellia;o__Pyrinomonadales;f__Pyrinomonadaceae;g__;s__,N/A,N/A,N/A,1,0,H05,,,,,,,,FALSE,,FALSE,Co.F.2.H.A,Collins,dorm_sample,31.5
R022_R024.combined.H05,metabat2.13,100,0.29,Neural Network (Specific Model),11,0.914,4099929,321.5265132,6175584,0.67,5865,3,4099929,d__Bacteria;p__Actinomycetota;c__Actinomycetes;o__Mycobacteriales;f__Mycobacteriaceae;g__Mycobacterium;s__Mycobacterium phocaicum,GCF_010731115.1,d__Bacteria;p__Actinomycetota;c__Actinomycetes;o__Mycobacteriales;f__Mycobacteriaceae;g__Mycobacterium;s__Mycobacterium phocaicum,95.33,1,0,H05,,,,,,,,FALSE,,FALSE,Co.F.2.H.A,Collins,dorm_sample,31.5
R022_R024.combined.H05,metabat2.16,99.99,0.52,Neural Network (Specific Model),11,0.892,2412208,310.6588563,3741715,0.66,3585,6,2412208,d__Bacteria;p__Pseudomonadota;c__Gammaproteobacteria;o__Burkholderiales;f__Burkholderiaceae_C;g__Ottowia;s__Ottowia sp018060485,GCA_018060485.1,d__Bacteria;p__Pseudomonadota;c__Gammaproteobacteria;o__Burkholderiales;f__Burkholderiaceae_C;g__Ottowia;s__Ottowia sp018060485,98.61,1,0,H05,,,,,,,,FALSE,,FALSE,Co.F.2.H.A,Collins,dorm_sample,31.5
R022_R024.combined.H05,metabat2.17,99.98,0.63,Neural Network (Specific Model),11,0.911,521141,307.6448052,4673975,0.68,4620,18,1987299,d__Bacteria;p__Pseudomonadota;c__Alphaproteobacteria;o__Caulobacterales;f__Caulobacteraceae;g__Phenylobacterium;s__Phenylobacterium sp041919955,GCF_041919955.1,d__Bacteria;p__Pseudomonadota;c__Alphaproteobacteria;o__Caulobacterales;f__Caulobacteraceae;g__Phenylobacterium;s__Phenylobacterium sp041919955,99.18,1,0,H05,,,,,,,,FALSE,,FALSE,Co.F.2.H.A,Collins,dorm_sample,31.5
R022_R024.combined.H05,metabat2.18,71.89,2.63,Neural Network (Specific Model),11,0.907,116615,310.9509091,3384779,0.67,3300,37,281061,d__Bacteria;p__Pseudomonadota;c__Alphaproteobacteria;o__Sphingomonadales;f__Sphingomonadaceae;g__Sphingomonas;s__,N/A,N/A,N/A,0,0,H05,,,,,,,,FALSE,,FALSE,Co.F.2.H.A,Collins,dorm_sample,31.5
R022_R024.combined.H05,metabat2.21_sub,80.13,7.73,Neural Network (Specific Model),11,0.905,120317,309.1627365,3513126,0.65,3435,39,280340,d__Bacteria;p__Pseudomonadota;c__Alphaproteobacteria;o__Sphingomonadales;f__Sphingomonadaceae;g__Sphingopyxis;s__Sphingopyxis sp001468395,GCF_001468395.1,d__Bacteria;p__Pseudomonadota;c__Alphaproteobacteria;o__Sphingomonadales;f__Sphingomonadaceae;g__Sphingopyxis;s__Sphingopyxis sp001468395,96.7,0,0,H05,,,,,,,,FALSE,,FALSE,Co.F.2.H.A,Collins,dorm_sample,31.5
R022_R024.combined.H05,metabat2.25,38.48,5.25,Neural Network (Specific Model),11,0.889,48625,300.2687844,1655730,0.66,1637,34,109133,d__Bacteria;p__Pseudomonadota;c__Gammaproteobacteria;o__Burkholderiales;f__Burkholderiaceae_C;g__Ottowia;s__Ottowia sp018060485,GCA_018060485.1,d__Bacteria;p__Pseudomonadota;c__Gammaproteobacteria;o__Burkholderiales;f__Burkholderiaceae_C;g__Ottowia;s__Ottowia sp018060485,98.75,0,0,H05,,,,,,,,FALSE,,FALSE,Co.F.2.H.A,Collins,dorm_sample,31.5
R022_R024.combined.H05,metabat2.30,82.73,0,Neural Network (Specific Model),11,0.904,140364,331.7300127,3466387,0.44,3152,37,359093,d__Bacteria;p__Bacteroidota;c__Bacteroidia;o__Chitinophagales;f__Chitinophagaceae;g__CADEDV01;s__CADEDV01 sp936908745,GCA_936908745.1,d__Bacteria;p__Bacteroidota;c__Bacteroidia;o__Chitinophagales;f__Chitinophagaceae;g__CADEDV01;s__CADEDV01 sp936908745,98.42,0,0,H05,,,,,,,,FALSE,,FALSE,Co.F.2.H.A,Collins,dorm_sample,31.5
R022_R024.combined.H05,metabat2.38,99.16,0.66,Neural Network (Specific Model),11,0.899,770076,319.4747659,4090562,0.64,3844,8,931641,d__Bacteria;p__Pseudomonadota;c__Alphaproteobacteria;o__Sphingomonadales;f__Sphingomonadaceae;g__Blastomonas;s__Blastomonas ursincola,GCF_013607875.1,d__Bacteria;p__Pseudomonadota;c__Alphaproteobacteria;o__Sphingomonadales;f__Sphingomonadaceae;g__Blastomonas;s__Blastomonas ursincola,97.42,1,0,H05,,,,,,,,FALSE,,FALSE,Co.F.2.H.A,Collins,dorm_sample,31.5
R022_R024.combined.H05,semibin2_0,100,1.67,Neural Network (Specific Model),11,0.894,2970808,308.7341457,4159396,0.66,4021,4,2970808,d__Bacteria;p__Pseudomonadota;c__Gammaproteobacteria;o__Burkholderiales;f__Burkholderiaceae_C;g__Ottowia;s__Ottowia sp018060485,GCA_018060485.1,d__Bacteria;p__Pseudomonadota;c__Gammaproteobacteria;o__Burkholderiales;f__Burkholderiaceae_C;g__Ottowia;s__Ottowia sp018060485,98.6,1,0,H05,,,,,,,,FALSE,,FALSE,Co.F.2.H.A,Collins,dorm_sample,31.5
R022_R024.combined.H05,semibin2_12,77.8,2.07,Gradient Boost (General Model),11,0.912,37603,384.9808612,8447891,0.67,6688,275,171288,d__Bacteria;p__Acidobacteriota;c__Vicinamibacteria;o__Vicinamibacterales;f__Vicinamibacteraceae;g__;s__,N/A,N/A,N/A,0,0,H05,,,,,,,,FALSE,,FALSE,Co.F.2.H.A,Collins,dorm_sample,31.5
R022_R024.combined.H05,semibin2_15,53.34,0.09,Neural Network (Specific Model),11,0.876,24775,316.1699478,2689588,0.39,2489,122,66544,d__Bacteria;p__Bacteroidota;c__Bacteroidia;o__Sphingobacteriales;f__Sphingobacteriaceae;g__Pedobacter;s__Pedobacter chitinilyticus,GCF_003313385.1,d__Bacteria;p__Bacteroidota;c__Bacteroidia;o__Sphingobacteriales;f__Sphingobacteriaceae;g__Pedobacter;s__Pedobacter chitinilyticus,97.43,0,0,H05,,,,,,,,FALSE,,FALSE,Co.F.2.H.A,Collins,dorm_sample,31.5
R022_R024.combined.H05,semibin2_17_sub,34.66,0.1,Neural Network (Specific Model),11,0.9,21007,298.1112,1239628,0.68,1250,64,41054,d__Bacteria;p__Pseudomonadota;c__Alphaproteobacteria;o__Sphingomonadales;f__Sphingomonadaceae;g__Sphingomonas;s__,N/A,N/A,N/A,0,0,H05,,,,,,,,FALSE,,FALSE,Co.F.2.H.A,Collins,dorm_sample,31.5
R022_R024.combined.H05,semibin2_20_sub,45.48,5.2,Neural Network (Specific Model),11,0.891,20249,298.2782187,2271565,0.65,2268,133,63163,d__Bacteria;p__Pseudomonadota;c__Alphaproteobacteria;o__Sphingomonadales;f__Sphingomonadaceae;g__Sphingomonas;s__,N/A,N/A,N/A,0,0,H05,,,,,,,,FALSE,,FALSE,Co.F.2.H.A,Collins,dorm_sample,31.5
R022_R024.combined.H05,semibin2_21,23.88,1.15,Neural Network (Specific Model),11,0.911,17926,247.3204134,627279,0.57,774,37,39018,d__Bacteria;p__Pseudomonadota;c__Alphaproteobacteria;o__Rickettsiales;f__UBA3002;g__QFOX01;s__,N/A,N/A,N/A,0,0,H05,,,,,,,,FALSE,,FALSE,Co.F.2.H.A,Collins,dorm_sample,31.5
R022_R024.combined.H05,semibin2_23,15.46,0.37,Neural Network (Specific Model),11,0.907,17172,269.1200586,605551,0.72,683,38,42148,d__Bacteria;p__Actinomycetota;c__Actinomycetes;o__Mycobacteriales;f__Mycobacteriaceae;g__Mycobacterium;s__Mycobacterium grossiae,GCF_008329645.1,d__Bacteria;p__Actinomycetota;c__Actinomycetes;o__Mycobacteriales;f__Mycobacteriaceae;g__Mycobacterium;s__Mycobacterium grossiae,96.28,0,0,H05,,,,,,,,FALSE,,FALSE,Co.F.2.H.A,Collins,dorm_sample,31.5
R022_R024.combined.H05,semibin2_24,19.53,0.14,Neural Network (Specific Model),11,0.91,15158,332.9790614,1517458,0.48,1385,102,32314,d__Bacteria;p__Bacteroidota;c__Bacteroidia;o__Chitinophagales;f__Chitinophagaceae;g__Pseudobacter;s__,N/A,N/A,N/A,0,0,H05,,,,,,,,FALSE,,FALSE,Co.F.2.H.A,Collins,dorm_sample,31.5
R022_R024.combined.H05,semibin2_27,23.88,0.4,Neural Network (Specific Model),11,0.857,19096,254.354251,1314386,0.67,1482,76,33967,d__Bacteria;p__Pseudomonadota;c__Alphaproteobacteria;o__Rhizobiales;f__Beijerinckiaceae;g__Allobosea;s__Allobosea vestrisii,GCF_042655345.1,d__Bacteria;p__Pseudomonadota;c__Alphaproteobacteria;o__Rhizobiales;f__Beijerinckiaceae;g__Allobosea;s__Allobosea vestrisii,95.28,0,0,H05,,,,,,,,FALSE,,FALSE,Co.F.2.H.A,Collins,dorm_sample,31.5
R022_R024.combined.H05,semibin2_6,88.45,0.09,Gradient Boost (General Model),11,0.904,49375,332.6697223,4086201,0.47,3709,103,135855,d__Bacteria;p__Bacteroidota;c__Bacteroidia;o__B-17B0;f__Aurantibacillaceae;g__Aurantibacillus;s__,N/A,N/A,N/A,0,0,H05,,,,,,,,FALSE,,FALSE,Co.F.2.H.A,Collins,dorm_sample,31.5
R022_R024.combined.H05,semibin2_64,42.28,7.51,Neural Network (Specific Model),11,0.893,19012,303.1482143,1706933,0.68,1680,91,48107,d__Bacteria;p__Pseudomonadota;c__Gammaproteobacteria;o__Xanthomonadales;f__Xanthomonadaceae;g__Lysobacter_I;s__,N/A,N/A,N/A,0,0,H05,,,,,,,,FALSE,,FALSE,Co.F.2.H.A,Collins,dorm_sample,31.5
R022_R024.combined.H05,semibin2_65,48.58,9.96,Neural Network (Specific Model),11,0.884,18009,271.115416,2249003,0.68,2452,137,43307,d__Bacteria;p__Pseudomonadota;c__Alphaproteobacteria;o__Caulobacterales;f__Caulobacteraceae;g__Phenylobacterium;s__,N/A,N/A,N/A,0,0,H05,,,,,,,,FALSE,,FALSE,Co.F.2.H.A,Collins,dorm_sample,31.5
R022_R024.combined.H05,semibin2_66_sub,21.37,0.65,Neural Network (Specific Model),11,0.869,15607,273.2335329,1256844,0.68,1336,82,44926,d__Bacteria;p__Pseudomonadota;c__Alphaproteobacteria;o__Caulobacterales;f__Caulobacteraceae;g__Caulobacter;s__,N/A,N/A,N/A,0,0,H05,,,,,,,,FALSE,,FALSE,Co.F.2.H.A,Collins,dorm_sample,31.5
R022_R024.combined.H05,semibin2_68,44.65,9.43,Gradient Boost (General Model),11,0.875,17200,288.2025212,4767862,0.65,4839,292,73958,d__Bacteria;p__Pseudomonadota;c__Gammaproteobacteria;o__Xanthomonadales;f__Xanthomonadaceae;g__Pseudoxanthomonas_A;s__,N/A,N/A,N/A,0,0,H05,,,,,,,,FALSE,,FALSE,Co.F.2.H.A,Collins,dorm_sample,31.5
R022_R024.combined.H05,semibin2_7,90.49,3.02,Gradient Boost (General Model),11,0.912,73288,325.2656577,4581600,0.51,4295,86,174716,d__Bacteria;p__Cyanobacteriota;c__Vampirovibrionia;o__Obscuribacterales;f__Obscuribacteraceae;g__JAFKGK01;s__JAFKGK01 sp017307165,GCA_017307165.1,d__Bacteria;p__Cyanobacteriota;c__Vampirovibrionia;o__Obscuribacterales;f__Obscuribacteraceae;g__JAFKGK01;s__JAFKGK01 sp017307165,98.14,0,0,H05,,,,,,,,FALSE,,FALSE,Co.F.2.H.A,Collins,dorm_sample,31.5
R022_R024.combined.H05,semibin2_70,13.75,0.08,Neural Network (Specific Model),11,0.888,17699,262.8093492,964248,0.59,1091,51,202723,Unclassified Bacteria,N/A,N/A,N/A,0,0,H05,,,,,,,,FALSE,u92092ctg_len-202723,TRUE,Co.F.2.H.A,Collins,dorm_sample,31.5
R022_R024.combined.H05,semibin2_8,80.75,5.77,Gradient Boost (General Model),11,0.884,34636,327.8536047,4529880,0.5,4078,168,177016,d__Bacteria;p__Bacteroidota;c__Bacteroidia;o__B-17B0;f__Aurantibacillaceae;g__UBA4416;s__,N/A,N/A,N/A,0,0,H05,,,,,,,,FALSE,,FALSE,Co.F.2.H.A,Collins,dorm_sample,31.5
R022_R024.combined.H05,semibin2_9,88.54,2.05,Neural Network (Specific Model),11,0.923,54596,318.9842808,3947391,0.44,3817,91,240343,d__Bacteria;p__Bacteroidota;c__Bacteroidia;o__Cytophagales;f__Cyclobacteriaceae;g__UBA2336;s__,N/A,N/A,N/A,0,0,H05,,,,,,,,FALSE,,FALSE,Co.F.2.H.A,Collins,dorm_sample,31.5
R022_R024.combined.H06,complete.11,99.64,3.24,Neural Network (Specific Model),11,0.916,4391538,352.8556809,4391538,0.66,3811,1,4391538,d__Bacteria;p__Gemmatimonadota;c__Gemmatimonadetes;o__Gemmatimonadales;f__Gemmatimonadaceae;g__Gemmatimonas;s__Gemmatimonas sp002483225,GCF_002483225.1,d__Bacteria;p__Gemmatimonadota;c__Gemmatimonadetes;o__Gemmatimonadales;f__Gemmatimonadaceae;g__Gemmatimonas;s__Gemmatimonas sp002483225,97.79,1,1,H06,2,2,2,6,47,2,1,TRUE,,FALSE,Me.F.4.L.C,Memorial,dorm_sample,45
R022_R024.combined.H06,complete.15,99.99,0.89,Neural Network (Specific Model),11,0.906,4135344,332.4988035,4135344,0.38,3761,1,4135344,d__Bacteria;p__Bacteroidota;c__Bacteroidia;o__Flavobacteriales;f__Flavobacteriaceae;g__Flavobacterium;s__Flavobacterium lindanitolerans,GCF_002846575.1,d__Bacteria;p__Bacteroidota;c__Bacteroidia;o__Flavobacteriales;f__Flavobacteriaceae;g__Flavobacterium;s__Flavobacterium lindanitolerans,98.12,1,1,H06,3,3,3,9,50,3,0,TRUE,,FALSE,Me.F.4.L.C,Memorial,dorm_sample,45
R022_R024.combined.H06,complete.27,98.92,0.02,Gradient Boost (General Model),11,0.879,4581550,352.8309711,4581550,0.54,3810,1,4581550,d__Bacteria;p__Bacteroidota;c__Bacteroidia;o__CAIKAF01;f__CAIKAF01;g__JAKRSD01;s__,N/A,N/A,N/A,1,1,H06,2,3,2,7,46,2,0,TRUE,u115764ctg_len-4581550,TRUE,Me.F.4.L.C,Memorial,dorm_sample,45
R022_R024.combined.H06,complete.28,99.98,1.64,Neural Network (Specific Model),11,0.802,6666961,328.8491157,6666961,0.52,5428,1,6666961,d__Bacteria;p__Bacteroidota;c__Bacteroidia;o__Cytophagales;f__172606-1;g__Xanthocytophaga;s__,N/A,N/A,N/A,1,1,H06,2,2,2,6,53,2,0,TRUE,u278305ctg_len-6666961,TRUE,Me.F.4.L.C,Memorial,dorm_sample,45
R022_R024.combined.H06,complete.29,100,0.46,Neural Network (Specific Model),11,0.909,4163396,328.9244595,4163396,0.67,3839,1,4163396,d__Bacteria;p__Pseudomonadota;c__Gammaproteobacteria;o__Xanthomonadales;f__Xanthomonadaceae;g__Pseudoxanthomonas_A;s__,N/A,N/A,N/A,1,1,H06,2,2,2,6,51,1,0,TRUE,u702024ctg_len-4163396,TRUE,Me.F.4.L.C,Memorial,dorm_sample,45
R022_R024.combined.H06,complete.30,100,0.05,Neural Network (Specific Model),11,0.891,4018300,308.0579747,4018300,0.66,3881,1,4018300,d__Bacteria;p__Pseudomonadota;c__Gammaproteobacteria;o__Burkholderiales;f__Burkholderiaceae_C;g__Ottowia;s__Ottowia sp018060485,GCA_018060485.1,d__Bacteria;p__Pseudomonadota;c__Gammaproteobacteria;o__Burkholderiales;f__Burkholderiaceae_C;g__Ottowia;s__Ottowia sp018060485,98.58,1,1,H06,1,1,1,3,69,1,1,TRUE,u633065ctg_len-4018300,TRUE,Me.F.4.L.C,Memorial,dorm_sample,45
R022_R024.combined.H06,complete.31,100,0.01,Gradient Boost (General Model),11,0.932,2099704,302.7665586,2099704,0.56,2159,1,2099704,d__Bacteria;p__Pseudomonadota;c__Alphaproteobacteria;o__Rickettsiales;f__UBA3002;g__QFOX01;s__,N/A,N/A,N/A,1,1,H06,1,1,1,3,45,0,1,TRUE,u529896ctg_len-2099704,TRUE,Me.F.4.L.C,Memorial,dorm_sample,45
R022_R024.combined.H06,complete.32,98.18,0.16,Neural Network (Specific Model),11,0.886,1130748,321.1853987,1130748,0.36,1041,1,1130748,d__Bacteria;p__Babelota;c__Babeliae;o__Babelales;f__Vermiphilaceae;g__Vermiphilus;s__Vermiphilus pyriformis,GCA_022559525.1,d__Bacteria;p__Babelota;c__Babeliae;o__Babelales;f__Vermiphilaceae;g__Vermiphilus;s__Vermiphilus pyriformis,98.46,1,1,H06,1,1,1,3,38,1,0,TRUE,u553815ctg_len-1130748,TRUE,Me.F.4.L.C,Memorial,dorm_sample,45
R022_R024.combined.H06,complete.33,99.98,0.21,Neural Network (Specific Model),11,0.911,3641626,309.620285,3641626,0.68,3579,1,3641626,d__Bacteria;p__Pseudomonadota;c__Alphaproteobacteria;o__Sphingomonadales;f__Sphingomonadaceae;g__Sphingomonas;s__,N/A,N/A,N/A,1,1,H06,2,2,2,6,50,2,3,TRUE,u468100ctg_len-3641626,TRUE,Me.F.4.L.C,Memorial,dorm_sample,45
R022_R024.combined.H06,complete.34,99.99,1.06,Neural Network (Specific Model),11,0.899,3993919,314.0060241,3993919,0.64,3818,1,3993919,d__Bacteria;p__Pseudomonadota;c__Alphaproteobacteria;o__Sphingomonadales;f__Sphingomonadaceae;g__Sphingopyxis;s__Sphingopyxis sp031457495,GCF_031457495.1,d__Bacteria;p__Pseudomonadota;c__Alphaproteobacteria;o__Sphingomonadales;f__Sphingomonadaceae;g__Sphingopyxis;s__Sphingopyxis sp031457495,98.51,1,1,H06,1,1,1,3,48,1,3,TRUE,u485312ctg_len-3993919,TRUE,Me.F.4.L.C,Memorial,dorm_sample,45
R022_R024.combined.H06,complete.35,100,0.08,Neural Network (Specific Model),11,0.909,4294547,315.9130119,4294547,0.65,4127,1,4294547,d__Bacteria;p__Pseudomonadota;c__Alphaproteobacteria;o__Sphingomonadales;f__Sphingomonadaceae;g__Sphingopyxis;s__,N/A,N/A,N/A,1,1,H06,1,1,1,3,50,1,0,TRUE,u225953ctg_len-4294547,TRUE,Me.F.4.L.C,Memorial,dorm_sample,45
R022_R024.combined.H06,complete.36,99.06,0.86,Gradient Boost (General Model),11,0.893,4261283,336.0661376,4261283,0.46,3780,1,4261283,d__Bacteria;p__Acidobacteriota;c__Blastocatellia;o__Pyrinomonadales;f__Pyrinomonadaceae;g__JBPCRW01;s__,N/A,N/A,N/A,1,1,H06,1,1,1,3,67,1,0,TRUE,u516222ctg_len-4261283,TRUE,Me.F.4.L.C,Memorial,dorm_sample,45
R022_R024.combined.H06,complete.37,100,0,Neural Network (Specific Model),11,0.904,3483677,317.5249169,3483677,0.65,3311,1,3483677,d__Bacteria;p__Pseudomonadota;c__Alphaproteobacteria;o__Sphingomonadales;f__Sphingomonadaceae;g__Erythrobacter;s__Erythrobacter sp046452395,GCF_046452395.1,d__Bacteria;p__Pseudomonadota;c__Alphaproteobacteria;o__Sphingomonadales;f__Sphingomonadaceae;g__Erythrobacter;s__Erythrobacter sp046452395,97.68,1,1,H06,1,1,1,3,49,1,1,TRUE,u131712ctg_len-3483677,TRUE,Me.F.4.L.C,Memorial,dorm_sample,45
R022_R024.combined.H06,complete.38,96.59,3.62,Gradient Boost (General Model),11,0.912,5064791,335.9760505,5064791,0.51,4593,1,5064791,d__Bacteria;p__Cyanobacteriota;c__Vampirovibrionia;o__Obscuribacterales;f__Obscuribacteraceae;g__JAFKGK01;s__JAFKGK01 sp017307165,GCA_017307165.1,d__Bacteria;p__Cyanobacteriota;c__Vampirovibrionia;o__Obscuribacterales;f__Obscuribacteraceae;g__JAFKGK01;s__JAFKGK01 sp017307165,98.53,1,1,H06,2,1,2,5,48,0,1,TRUE,u415648ctg_len-5064791,TRUE,Me.F.4.L.C,Memorial,dorm_sample,45
R022_R024.combined.H06,complete.39,100,1.32,Neural Network (Specific Model),11,0.906,3815126,325.1548859,3815126,0.65,3551,1,3815126,d__Bacteria;p__Pseudomonadota;c__Alphaproteobacteria;o__Sphingomonadales;f__Sphingomonadaceae;g__Erythrobacter;s__,N/A,N/A,N/A,1,1,H06,2,2,2,6,50,2,1,TRUE,u589955ctg_len-3815126,TRUE,Me.F.4.L.C,Memorial,dorm_sample,45
R022_R024.combined.H06,complete.40,100,0.02,Neural Network (Specific Model),11,0.891,3916430,309.8024462,3916430,0.66,3761,1,3916430,d__Bacteria;p__Pseudomonadota;c__Gammaproteobacteria;o__Burkholderiales;f__Burkholderiaceae_C;g__Ottowia;s__Ottowia sp018060485,GCA_018060485.1,d__Bacteria;p__Pseudomonadota;c__Gammaproteobacteria;o__Burkholderiales;f__Burkholderiaceae_C;g__Ottowia;s__Ottowia sp018060485,98.66,1,1,H06,1,1,1,3,45,1,2,TRUE,u324908ctg_len-3916430,TRUE,Me.F.4.L.C,Memorial,dorm_sample,45
R022_R024.combined.H06,complete.7,100,0.83,Neural Network (Specific Model),11,0.909,4051421,323.5639137,4051421,0.66,3802,1,4051421,d__Bacteria;p__Pseudomonadota;c__Alphaproteobacteria;o__Sphingomonadales;f__Sphingomonadaceae;g__Sphingopyxis;s__Sphingopyxis macrogoltabida_A,GCA_003241685.1,d__Bacteria;p__Pseudomonadota;c__Alphaproteobacteria;o__Sphingomonadales;f__Sphingomonadaceae;g__Sphingopyxis;s__Sphingopyxis macrogoltabida_A,99.71,1,1,H06,1,1,1,3,48,1,3,TRUE,,FALSE,Me.F.4.L.C,Memorial,dorm_sample,45
R022_R024.combined.H06,complete.9,99.43,0.47,Neural Network (Specific Model),11,0.886,4290219,324.9495648,4290219,0.63,3906,1,4290219,d__Bacteria;p__Pseudomonadota;c__Gammaproteobacteria;o__Burkholderiales;f__Burkholderiaceae_C;g__Acidovorax;s__Acidovorax temperans,GCF_006716905.1,d__Bacteria;p__Pseudomonadota;c__Gammaproteobacteria;o__Burkholderiales;f__Burkholderiaceae_C;g__Acidovorax;s__Acidovorax temperans,96.45,1,1,H06,3,3,3,9,55,3,2,TRUE,,FALSE,Me.F.4.L.C,Memorial,dorm_sample,45
R022_R024.combined.H06,metabat2.44_sub,76.89,54.23,Neural Network (Specific Model),11,0.896,249000,305.8399308,5322679,0.66,5204,37,1166808,d__Bacteria;p__Pseudomonadota;c__Gammaproteobacteria;o__Burkholderiales;f__Burkholderiaceae_C;g__Ottowia;s__Ottowia sp018060485,GCA_018060485.1,d__Bacteria;p__Pseudomonadota;c__Gammaproteobacteria;o__Burkholderiales;f__Burkholderiaceae_C;g__Ottowia;s__Ottowia sp018060485,98.65,0,0,H06,,,,,,,,FALSE,,FALSE,Me.F.4.L.C,Memorial,dorm_sample,45
R022_R024.combined.H06,metabat2.45,96.63,0.77,Gradient Boost (General Model),11,0.849,491224,332.1035282,9102347,0.41,7766,34,852078,d__Bacteria;p__Bacteroidota;c__Bacteroidia;o__Cytophagales;f__172606-1;g__Rhodocytophaga;s__,N/A,N/A,N/A,0,0,H06,,,,,,,,FALSE,,FALSE,Me.F.4.L.C,Memorial,dorm_sample,45
R022_R024.combined.H06,metabat2.50,43.95,1.4,Neural Network (Specific Model),11,0.912,80786,301.6255096,1699045,0.7,1717,23,166851,d__Bacteria;p__Pseudomonadota;c__Alphaproteobacteria;o__Caulobacterales;f__Caulobacteraceae;g__Phenylobacterium;s__,N/A,N/A,N/A,0,0,H06,,,,,,,,FALSE,,FALSE,Me.F.4.L.C,Memorial,dorm_sample,45
R022_R024.combined.H06,metabat2.61,92.92,5.39,Neural Network (Specific Model),11,0.914,180610,319.91258,4423613,0.64,4221,34,385297,d__Bacteria;p__Pseudomonadota;c__Alphaproteobacteria;o__Sphingomonadales;f__Sphingomonadaceae;g__Sphingopyxis;s__,N/A,N/A,N/A,0,0,H06,,,,,,,,FALSE,,FALSE,Me.F.4.L.C,Memorial,dorm_sample,45
R022_R024.combined.H06,metabat2.65,74.87,2.4,Gradient Boost (General Model),11,0.897,67468,356.1892101,4604082,0.71,3874,71,214937,d__Bacteria;p__Acidobacteriota;c__Vicinamibacteria;o__Vicinamibacterales;f__Vicinamibacteraceae;g__Luteitalea;s__,N/A,N/A,N/A,0,0,H06,,,,,,,,FALSE,,FALSE,Me.F.4.L.C,Memorial,dorm_sample,45
R022_R024.combined.H06,metabat2.66,100,0,Neural Network (Specific Model),11,0.885,3581002,377.7553769,5886616,0.68,4603,3,3581002,d__Bacteria;p__Pseudomonadota;c__Gammaproteobacteria;o__Xanthomonadales;f__Rhodanobacteraceae;g__Tahibacter;s__,N/A,N/A,N/A,1,0,H06,,,,,,,,FALSE,,FALSE,Me.F.4.L.C,Memorial,dorm_sample,45
R022_R024.combined.H06,metabat2.67,100,0.44,Neural Network (Specific Model),11,0.918,4147444,325.8842105,4545216,0.66,4275,2,4147444,d__Bacteria;p__Pseudomonadota;c__Alphaproteobacteria;o__Sphingomonadales;f__Sphingomonadaceae;g__Sphingomonas;s__Sphingomonas koreensis,GCF_002797435.1,d__Bacteria;p__Pseudomonadota;c__Alphaproteobacteria;o__Sphingomonadales;f__Sphingomonadaceae;g__Sphingomonas;s__Sphingomonas koreensis,98.66,1,0,H06,,,,,,,,FALSE,,FALSE,Me.F.4.L.C,Memorial,dorm_sample,45
R022_R024.combined.H06,metabat2.68,80.19,19.1,Neural Network (Specific Model),11,0.912,69001,318.5053451,6838561,0.67,6548,114,157061,d__Bacteria;p__Actinomycetota;c__Actinomycetes;o__Mycobacteriales;f__Mycobacteriaceae;g__Mycobacterium;s__,N/A,N/A,N/A,0,0,H06,,,,,,,,FALSE,,FALSE,Me.F.4.L.C,Memorial,dorm_sample,45
R022_R024.combined.H06,metabat2.69,100,13.52,Neural Network (Specific Model),11,0.914,1708858,319.0766278,7075758,0.67,6773,23,2129227,d__Bacteria;p__Actinomycetota;c__Actinomycetes;o__Mycobacteriales;f__Mycobacteriaceae;g__Mycobacterium;s__Mycobacterium phocaicum,GCF_010731115.1,d__Bacteria;p__Actinomycetota;c__Actinomycetes;o__Mycobacteriales;f__Mycobacteriaceae;g__Mycobacterium;s__Mycobacterium phocaicum,95.21,0,0,H06,,,,,,,,FALSE,,FALSE,Me.F.4.L.C,Memorial,dorm_sample,45
R022_R024.combined.H06,metabat2.80,91.71,3.73,Neural Network (Specific Model),11,0.916,1031033,314.2322257,5529876,0.67,5387,9,2277660,d__Bacteria;p__Actinomycetota;c__Actinomycetes;o__Mycobacteriales;f__Mycobacteriaceae;g__Mycobacterium;s__Mycobacterium phocaicum,GCF_010731115.1,d__Bacteria;p__Actinomycetota;c__Actinomycetes;o__Mycobacteriales;f__Mycobacteriaceae;g__Mycobacterium;s__Mycobacterium phocaicum,95.62,1,0,H06,,,,,,,,FALSE,,FALSE,Me.F.4.L.C,Memorial,dorm_sample,45
R022_R024.combined.H06,metabat2.82,99.99,0.66,Neural Network (Specific Model),11,0.908,3371764,320.9004861,4137574,0.65,3909,3,3371764,d__Bacteria;p__Pseudomonadota;c__Alphaproteobacteria;o__Sphingomonadales;f__Sphingomonadaceae;g__Blastomonas;s__Blastomonas ursincola,GCF_013607875.1,d__Bacteria;p__Pseudomonadota;c__Alphaproteobacteria;o__Sphingomonadales;f__Sphingomonadaceae;g__Blastomonas;s__Blastomonas ursincola,98.09,1,0,H06,,,,,,,,FALSE,,FALSE,Me.F.4.L.C,Memorial,dorm_sample,45
R022_R024.combined.H06,metabat2.96,100,0.87,Neural Network (Specific Model),11,0.904,1835705,314.7078397,4137856,0.65,3967,3,2041059,d__Bacteria;p__Pseudomonadota;c__Alphaproteobacteria;o__Sphingomonadales;f__Sphingomonadaceae;g__Sphingopyxis;s__Sphingopyxis sp001468395,GCF_001468395.1,d__Bacteria;p__Pseudomonadota;c__Alphaproteobacteria;o__Sphingomonadales;f__Sphingomonadaceae;g__Sphingopyxis;s__Sphingopyxis sp001468395,97.07,1,0,H06,,,,,,,,FALSE,,FALSE,Me.F.4.L.C,Memorial,dorm_sample,45
R022_R024.combined.H06,semibin2_10,82.12,14.17,Neural Network (Specific Model),11,0.878,42088,284.378,5816460,0.66,6000,167,220831,d__Bacteria;p__Pseudomonadota;c__Alphaproteobacteria;o__Rhizobiales;f__Beijerinckiaceae;g__Allobosea;s__Allobosea eneae,GCF_042657265.1,d__Bacteria;p__Pseudomonadota;c__Alphaproteobacteria;o__Rhizobiales;f__Beijerinckiaceae;g__Allobosea;s__Allobosea eneae,96.76,0,0,H06,,,,,,,,FALSE,,FALSE,Me.F.4.L.C,Memorial,dorm_sample,45
R022_R024.combined.H06,semibin2_100_sub,76.29,21.73,Gradient Boost (General Model),11,0.885,21674,282.603284,6514548,0.66,6821,330,98784,d__Bacteria;p__Pseudomonadota;c__Alphaproteobacteria;o__Sphingomonadales;f__Sphingomonadaceae;g__CBDHCC01;s__,N/A,N/A,N/A,0,0,H06,,,,,,,,FALSE,,FALSE,Me.F.4.L.C,Memorial,dorm_sample,45
R022_R024.combined.H06,semibin2_103,52.41,10.28,Gradient Boost (General Model),11,0.86,23821,272.1334669,4724670,0.69,4990,226,112775,d__Bacteria;p__Pseudomonadota;c__Alphaproteobacteria;o__Caulobacterales;f__Caulobacteraceae;g__Phenylobacterium;s__,N/A,N/A,N/A,0,0,H06,,,,,,,,FALSE,,FALSE,Me.F.4.L.C,Memorial,dorm_sample,45
R022_R024.combined.H06,semibin2_104_sub,60.16,20.49,Gradient Boost (General Model),11,0.872,21346,275.6235663,7826425,0.64,8283,398,183507,d__Bacteria;p__Pseudomonadota;c__Alphaproteobacteria;o__Sphingomonadales;f__Sphingomonadaceae;g__Sphingobium;s__,N/A,N/A,N/A,0,0,H06,,,,,,,,FALSE,,FALSE,Me.F.4.L.C,Memorial,dorm_sample,45
R022_R024.combined.H06,semibin2_106_sub,64.99,18.63,Neural Network (Specific Model),11,0.893,27719,295.6858254,7132661,0.66,7203,303,196636,d__Bacteria;p__Actinomycetota;c__Actinomycetes;o__Mycobacteriales;f__Mycobacteriaceae;g__Mycobacterium;s__,N/A,N/A,N/A,0,0,H06,,,,,,,,FALSE,u171463ctg_len-153271;u518335ctg_len-134282;u293888ctg_len-196636,TRUE,Me.F.4.L.C,Memorial,dorm_sample,45
R022_R024.combined.H06,semibin2_107_sub,50.22,15.46,Gradient Boost (General Model),11,0.872,24003,272.8186622,8325562,0.64,8895,408,164131,d__Bacteria;p__Pseudomonadota;c__Alphaproteobacteria;o__Sphingomonadales;f__;g__;s__,N/A,N/A,N/A,0,0,H06,,,,,,,,FALSE,u329726ctg_len-59188,TRUE,Me.F.4.L.C,Memorial,dorm_sample,45
R022_R024.combined.H06,semibin2_108_sub,46.22,9.02,Neural Network (Specific Model),11,0.867,21881,261.4662094,4467151,0.64,4957,221,195271,d__Bacteria;p__Pseudomonadota;c__;o__;f__;g__;s__,N/A,N/A,N/A,0,0,H06,,,,,,,,FALSE,u140450ctg_len-112087;u226361ctg_len-112545;u293054ctg_len-127912;u600216ctg_len-27548,TRUE,Me.F.4.L.C,Memorial,dorm_sample,45
R022_R024.combined.H06,semibin2_109,22.86,1.38,Neural Network (Specific Model),11,0.87,17882,264.0778138,1959795,0.63,2159,122,108921,Unclassified Bacteria,N/A,N/A,N/A,0,0,H06,,,,,,,,FALSE,,FALSE,Me.F.4.L.C,Memorial,dorm_sample,45
R022_R024.combined.H06,semibin2_11,80.21,0.07,Neural Network (Specific Model),11,0.878,42357,319.8354822,4228910,0.39,3878,120,119018,d__Bacteria;p__Bacteroidota;c__Bacteroidia;o__Sphingobacteriales;f__Sphingobacteriaceae;g__Pedobacter;s__Pedobacter chitinilyticus,GCF_003313385.1,d__Bacteria;p__Bacteroidota;c__Bacteroidia;o__Sphingobacteriales;f__Sphingobacteriaceae;g__Pedobacter;s__Pedobacter chitinilyticus,97.61,0,0,H06,,,,,,,,FALSE,,FALSE,Me.F.4.L.C,Memorial,dorm_sample,45
R022_R024.combined.H06,semibin2_12,73.52,2.26,Neural Network (Specific Model),11,0.888,65702,300.4934944,4362011,0.64,4304,83,180207,d__Bacteria;p__Pseudomonadota;c__Alphaproteobacteria;o__Rhizobiales;f__Rhizobiaceae;g__Shinella;s__Shinella sp001262505,GCF_001262505.1,d__Bacteria;p__Pseudomonadota;c__Alphaproteobacteria;o__Rhizobiales;f__Rhizobiaceae;g__Shinella;s__Shinella sp001262505,98.48,0,0,H06,,,,,,,,FALSE,,FALSE,Me.F.4.L.C,Memorial,dorm_sample,45
R022_R024.combined.H06,semibin2_13,76.76,2.33,Neural Network (Specific Model),11,0.895,40262,316.8451049,3032100,0.49,2860,93,124735,d__Bacteria;p__Bacteroidota;c__Bacteroidia;o__Chitinophagales;f__Chitinophagaceae;g__Rurimicrobium;s__,N/A,N/A,N/A,0,0,H06,,,,,,,,FALSE,,FALSE,Me.F.4.L.C,Memorial,dorm_sample,45
R022_R024.combined.H06,semibin2_14,81.76,3.18,Gradient Boost (General Model),11,0.878,49128,331.5525825,7271616,0.68,6428,192,169065,d__Bacteria;p__Planctomycetota;c__Planctomycetia;o__Gemmatales;f__Gemmataceae;g__Gemmata;s__,N/A,N/A,N/A,0,0,H06,,,,,,,,FALSE,,FALSE,Me.F.4.L.C,Memorial,dorm_sample,45
R022_R024.combined.H06,semibin2_15,67.27,0.17,Neural Network (Specific Model),11,0.92,66268,305.4162882,3277245,0.64,3303,63,182267,d__Bacteria;p__Actinomycetota;c__Actinomycetes;o__Mycobacteriales;f__Mycobacteriaceae;g__Mycobacterium;s__Mycobacterium gwanakae,GCF_016767715.1,d__Bacteria;p__Actinomycetota;c__Actinomycetes;o__Mycobacteriales;f__Mycobacteriaceae;g__Mycobacterium;s__Mycobacterium gwanakae,97.57,0,0,H06,,,,,,,,FALSE,,FALSE,Me.F.4.L.C,Memorial,dorm_sample,45
R022_R024.combined.H06,semibin2_16,78.98,0.76,Neural Network (Specific Model),11,0.896,77346,323.853011,5015723,0.67,4633,95,217047,d__Bacteria;p__Pseudomonadota;c__Gammaproteobacteria;o__Burkholderiales;f__Burkholderiaceae_C;g__Comamonas;s__Comamonas tsuruhatensis,GCF_001571325.1,d__Bacteria;p__Pseudomonadota;c__Gammaproteobacteria;o__Burkholderiales;f__Burkholderiaceae_C;g__Comamonas;s__Comamonas tsuruhatensis,98.41,0,0,H06,,,,,,,,FALSE,,FALSE,Me.F.4.L.C,Memorial,dorm_sample,45
R022_R024.combined.H06,semibin2_18,46.93,0.05,Gradient Boost (General Model),11,0.915,21546,288.8865979,732708,0.57,776,36,58812,d__Bacteria;p__Pseudomonadota;c__Alphaproteobacteria;o__Micavibrionales;f__UBA2020;g__JAEXMB01;s__,N/A,N/A,N/A,0,0,H06,,,,,,,,FALSE,,FALSE,Me.F.4.L.C,Memorial,dorm_sample,45
R022_R024.combined.H06,semibin2_19_sub,61.69,8.59,Neural Network (Specific Model),11,0.898,25484,293.4753635,2420206,0.65,2476,101,84012,d__Bacteria;p__Pseudomonadota;c__Alphaproteobacteria;o__Sphingomonadales;f__Sphingomonadaceae;g__Sphingopyxis;s__,N/A,N/A,N/A,0,0,H06,,,,,,,,FALSE,,FALSE,Me.F.4.L.C,Memorial,dorm_sample,45
R022_R024.combined.H06,semibin2_20,71.69,9.69,Neural Network (Specific Model),11,0.917,28297,287.1844735,2439452,0.72,2602,103,103800,d__Bacteria;p__Actinomycetota;c__Actinomycetes;o__Actinomycetales;f__Microbacteriaceae;g__Pseudolysinimonas_A;s__,N/A,N/A,N/A,0,0,H06,,,,,,,,FALSE,,FALSE,Me.F.4.L.C,Memorial,dorm_sample,45
R022_R024.combined.H06,semibin2_21,61.61,1.99,Neural Network (Specific Model),11,0.89,28871,306.792472,2026004,0.4,1966,80,83635,d__Bacteria;p__Pseudomonadota;c__Gammaproteobacteria;o__Legionellales;f__Legionellaceae;g__Legionella;s__,N/A,N/A,N/A,0,0,H06,,,,,,,,FALSE,,FALSE,Me.F.4.L.C,Memorial,dorm_sample,45
R022_R024.combined.H06,semibin2_22,67.04,5.87,Neural Network (Specific Model),11,0.865,24944,278.4883646,2981686,0.41,3094,137,69220,d__Bacteria;p__Pseudomonadota;c__Gammaproteobacteria;o__Pseudomonadales;f__Moraxellaceae;g__Acinetobacter;s__Acinetobacter proteolyticus,GCF_000367945.1,d__Bacteria;p__Pseudomonadota;c__Gammaproteobacteria;o__Pseudomonadales;f__Moraxellaceae;g__Acinetobacter;s__Acinetobacter proteolyticus,96.83,0,0,H06,,,,,,,,FALSE,,FALSE,Me.F.4.L.C,Memorial,dorm_sample,45
R022_R024.combined.H06,semibin2_23,50.21,6.75,Gradient Boost (General Model),11,0.895,20694,286.2852286,2530416,0.43,2647,126,54892,d__Bacteria;p__Bacteroidota;c__Bacteroidia;o__Chitinophagales;f__Chitinophagaceae;g__Niabella;s__,N/A,N/A,N/A,0,0,H06,,,,,,,,FALSE,,FALSE,Me.F.4.L.C,Memorial,dorm_sample,45
R022_R024.combined.H06,semibin2_24,47.63,4.48,Neural Network (Specific Model),11,0.884,24957,296.3962318,3516579,0.68,3503,167,114968,d__Bacteria;p__Pseudomonadota;c__Gammaproteobacteria;o__Burkholderiales;f__Burkholderiaceae_C;g__Acidovorax;s__Acidovorax sp046339755,GCF_046339755.1,d__Bacteria;p__Pseudomonadota;c__Gammaproteobacteria;o__Burkholderiales;f__Burkholderiaceae_C;g__Acidovorax;s__Acidovorax sp046339755,97.55,0,0,H06,,,,,,,,FALSE,,FALSE,Me.F.4.L.C,Memorial,dorm_sample,45
R022_R024.combined.H06,semibin2_25,49,0.59,Gradient Boost (General Model),11,0.928,27149,277.5750825,1082988,0.54,1212,46,76420,d__Bacteria;p__Pseudomonadota;c__Alphaproteobacteria;o__Rickettsiales;f__UBA3002;g__JALHRI01;s__,N/A,N/A,N/A,0,0,H06,,,,,,,,FALSE,,FALSE,Me.F.4.L.C,Memorial,dorm_sample,45
R022_R024.combined.H06,semibin2_27,43.38,5.85,Neural Network (Specific Model),11,0.897,24455,280.2671395,2767072,0.67,2961,116,73018,d__Bacteria;p__Pseudomonadota;c__Alphaproteobacteria;o__Reyranellales;f__Reyranellaceae;g__Reyranella;s__,N/A,N/A,N/A,0,0,H06,,,,,,,,FALSE,,FALSE,Me.F.4.L.C,Memorial,dorm_sample,45
R022_R024.combined.H06,semibin2_28,49.7,0.06,Neural Network (Specific Model),11,0.918,33256,308.9570149,1687425,0.69,1675,52,97258,d__Bacteria;p__Pseudomonadota;c__Alphaproteobacteria;o__Sphingomonadales;f__Sphingomonadaceae;g__Sphingomonas;s__Sphingomonas ginsenosidimutans,GCF_002374835.1,d__Bacteria;p__Pseudomonadota;c__Alphaproteobacteria;o__Sphingomonadales;f__Sphingomonadaceae;g__Sphingomonas;s__Sphingomonas ginsenosidimutans,99.66,0,0,H06,,,,,,,,FALSE,,FALSE,Me.F.4.L.C,Memorial,dorm_sample,45
R022_R024.combined.H06,semibin2_29,53.59,11.52,Gradient Boost (General Model),11,0.929,28140,325.8462907,4127741,0.63,3936,158,58650,d__Bacteria;p__Myxococcota;c__XYA12-FULL-58-9;o__XYA12-FULL-58-9;f__JALHOP01;g__;s__,N/A,N/A,N/A,0,0,H06,,,,,,,,FALSE,,FALSE,Me.F.4.L.C,Memorial,dorm_sample,45
R022_R024.combined.H06,semibin2_30,33.09,0.39,Neural Network (Specific Model),11,0.764,18491,171.2447059,3398630,0.42,5100,202,41143,d__Bacteria;p__Bacteroidota;c__Bacteroidia;o__Cytophagales;f__UBA9547;g__;s__,N/A,N/A,N/A,0,0,H06,,,,,,,,FALSE,,FALSE,Me.F.4.L.C,Memorial,dorm_sample,45
R022_R024.combined.H06,semibin2_31,16.69,0.05,Neural Network (Specific Model),11,0.889,785109,308.2857143,785109,0.67,756,1,785109,d__Bacteria;p__Pseudomonadota;c__Gammaproteobacteria;o__Burkholderiales;f__Burkholderiaceae_C;g__Ottowia;s__Ottowia sp018060485,GCA_018060485.1,d__Bacteria;p__Pseudomonadota;c__Gammaproteobacteria;o__Burkholderiales;f__Burkholderiaceae_C;g__Ottowia;s__Ottowia sp018060485,98.71,0,0,H06,,,,,,,,FALSE,,FALSE,Me.F.4.L.C,Memorial,dorm_sample,45
R022_R024.combined.H06,semibin2_32,41.56,0.07,Neural Network (Specific Model),11,0.922,43993,307.5727637,1495272,0.66,1498,39,81865,d__Bacteria;p__Pseudomonadota;c__Alphaproteobacteria;o__Sphingomonadales;f__Sphingomonadaceae;g__Sphingobium_A;s__,N/A,N/A,N/A,0,0,H06,,,,,,,,FALSE,,FALSE,Me.F.4.L.C,Memorial,dorm_sample,45
R022_R024.combined.H06,semibin2_34,34.44,4.17,Neural Network (Specific Model),11,0.922,20647,312.7684578,2321866,0.64,2289,118,73320,d__Bacteria;p__Myxococcota;c__XYA12-FULL-58-9;o__XYA12-FULL-58-9;f__JALHOP01;g__JALHOP01;s__,N/A,N/A,N/A,0,0,H06,,,,,,,,FALSE,,FALSE,Me.F.4.L.C,Memorial,dorm_sample,45
R022_R024.combined.H06,semibin2_37,75.6,6.74,Gradient Boost (General Model),11,0.896,37158,306.1677829,2899858,0.68,2837,102,90904,d__Bacteria;p__Pseudomonadota;c__Alphaproteobacteria;o__Sphingomonadales;f__Sphingomonadaceae;g__Sphingomonas;s__,N/A,N/A,N/A,0,0,H06,,,,,,,,FALSE,,FALSE,Me.F.4.L.C,Memorial,dorm_sample,45
R022_R024.combined.H06,semibin2_38,36.9,0.01,Neural Network (Specific Model),11,0.833,22544,321.68337,2098044,0.7,1816,100,48911,d__Bacteria;p__Pseudomonadota;c__Gammaproteobacteria;o__Xanthomonadales;f__Xanthomonadaceae;g__Lysobacter;s__,N/A,N/A,N/A,0,0,H06,,,,,,,,FALSE,,FALSE,Me.F.4.L.C,Memorial,dorm_sample,45
R022_R024.combined.H06,semibin2_4,99.56,0.1,Gradient Boost (General Model),11,0.924,497796,339.6510698,4679493,0.46,4253,16,959511,d__Bacteria;p__Bacteroidota;c__Bacteroidia;o__Cytophagales;f__Cyclobacteriaceae;g__UBA2336;s__,N/A,N/A,N/A,1,0,H06,,,,,,,,FALSE,,FALSE,Me.F.4.L.C,Memorial,dorm_sample,45
R022_R024.combined.H06,semibin2_41,38.87,0.3,Neural Network (Specific Model),11,0.899,33943,303.8143204,1667646,0.38,1648,68,120340,d__Bacteria;p__Bacteroidota;c__Bacteroidia;o__Flavobacteriales;f__Flavobacteriaceae;g__Flavobacterium;s__,N/A,N/A,N/A,0,0,H06,,,,,,,,FALSE,,FALSE,Me.F.4.L.C,Memorial,dorm_sample,45
R022_R024.combined.H06,semibin2_42,31.21,0.3,Neural Network (Specific Model),11,0.859,21138,297.1277196,2568895,0.45,2482,135,54910,d__Bacteria;p__Bacteroidota;c__Bacteroidia;o__Cytophagales;f__172606-1;g__Xanthocytophaga;s__,N/A,N/A,N/A,0,0,H06,,,,,,,,FALSE,,FALSE,Me.F.4.L.C,Memorial,dorm_sample,45
R022_R024.combined.H06,semibin2_6,90.26,0.08,Gradient Boost (General Model),11,0.891,69092,278.8983536,1309436,0.59,1397,22,196298,d__Bacteria;p__Pseudomonadota;c__Alphaproteobacteria;o__UBA2136;f__UBA6156;g__;s__,N/A,N/A,N/A,0,0,H06,,,,,,,,FALSE,,FALSE,Me.F.4.L.C,Memorial,dorm_sample,45
R022_R024.combined.H06,semibin2_8,93.25,1.25,Gradient Boost (General Model),11,0.894,110024,313.9939875,4898041,0.47,4657,60,326843,d__Bacteria;p__Acidobacteriota;c__Blastocatellia;o__Pyrinomonadales;f__Pyrinomonadaceae;g__JBPCRW01;s__,N/A,N/A,N/A,0,0,H06,,,,,,,,FALSE,,FALSE,Me.F.4.L.C,Memorial,dorm_sample,45
R022_R024.combined.H06,semibin2_98,63.85,20.13,Neural Network (Specific Model),11,0.889,72478,309.9376344,3398527,0.67,3255,53,186314,d__Bacteria;p__Pseudomonadota;c__Gammaproteobacteria;o__Burkholderiales;f__Burkholderiaceae_C;g__Ottowia;s__Ottowia sp018060485,GCA_018060485.1,d__Bacteria;p__Pseudomonadota;c__Gammaproteobacteria;o__Burkholderiales;f__Burkholderiaceae_C;g__Ottowia;s__Ottowia sp018060485,98.57,0,0,H06,,,,,,,,FALSE,,FALSE,Me.F.4.L.C,Memorial,dorm_sample,45
R022_R024.combined.A04,u471ctg_len-25495_circular-possibly_depth-3-3-3_duplicated-no,2.35,0,Neural Network (Specific Model),11,0.788,25495,224.1,25495,0.64,30,1,25495,,,,,0,0,A04,,,,,,,,FALSE,,FALSE,Te.F.1.H.A,Teal,dorm_sample,72
R022_R024.combined.B05,u160ctg_len-7533_circular-no_depth-1-1-1_duplicated-no,9.84,0.01,Gradient Boost (General Model),11,0.989,7533,1241.5,7533,0.63,2,1,7533,,,,,0,0,B05,,,,,,,,FALSE,u160ctg_len-7533_circular-no_depth-1-1-1_duplicated-no,FALSE,SR.F.1.H.A,SoRo,dorm_sample,3.96
R022_R024.combined.C06,u1045ctg_len-6694_circular-no_depth-1-1-1_duplicated-no,5.51,0,Gradient Boost (General Model),11,0.943,6694,264.75,6694,0.65,8,1,6694,,,,,0,0,C06,,,,,,,,FALSE,u1045ctg_len-6694_circular-no_depth-1-1-1_duplicated-no,FALSE,Da.F.2.L.A,Dawson,dorm_sample,1.44
R022_R024.combined.C06,u1177ctg_len-11014_circular-no_depth-1-1-1_duplicated-no,6.48,0,Gradient Boost (General Model),11,0.879,11014,248.3076923,11014,0.65,13,1,11014,,,,,0,0,C06,,,,,,,,FALSE,u1177ctg_len-11014_circular-no_depth-1-1-1_duplicated-no,FALSE,Da.F.2.L.A,Dawson,dorm_sample,1.44
R022_R024.combined.C06,u1306ctg_len-8876_circular-no_depth-1-1-1_duplicated-no,5.78,0,Gradient Boost (General Model),11,0.95,8876,256.0909091,8876,0.64,11,1,8876,,,,,0,0,C06,,,,,,,,FALSE,u1306ctg_len-8876_circular-no_depth-1-1-1_duplicated-no,FALSE,Da.F.2.L.A,Dawson,dorm_sample,1.44
R022_R024.combined.C06,u1309ctg_len-7390_circular-no_depth-1-1-1_duplicated-no,6.01,0,Gradient Boost (General Model),11,0.797,7390,218.1111111,7390,0.72,9,1,7390,,,,,0,0,C06,,,,,,,,FALSE,u1309ctg_len-7390_circular-no_depth-1-1-1_duplicated-no,FALSE,Da.F.2.L.A,Dawson,dorm_sample,1.44
R022_R024.combined.C06,u1320ctg_len-10667_circular-no_depth-1-1-1_duplicated-no,4.79,0,Gradient Boost (General Model),11,0.954,10667,424.375,10667,0.68,8,1,10667,,,,,0,0,C06,,,,,,,,FALSE,u1320ctg_len-10667_circular-no_depth-1-1-1_duplicated-no,FALSE,Da.F.2.L.A,Dawson,dorm_sample,1.44
R022_R024.combined.C06,u1337ctg_len-10976_circular-no_depth-1-1-1_duplicated-no,6.15,0,Gradient Boost (General Model),11,0.892,10976,252.1538462,10976,0.63,13,1,10976,,,,,0,0,C06,,,,,,,,FALSE,u1337ctg_len-10976_circular-no_depth-1-1-1_duplicated-no,FALSE,Da.F.2.L.A,Dawson,dorm_sample,1.44
R022_R024.combined.C06,u627ctg_len-7471_circular-no_depth-1-1-1_duplicated-no,6.07,0,Gradient Boost (General Model),11,0.871,7471,271.25,7471,0.71,8,1,7471,,,,,0,0,C06,,,,,,,,FALSE,u627ctg_len-7471_circular-no_depth-1-1-1_duplicated-no,FALSE,Da.F.2.L.A,Dawson,dorm_sample,1.44
R022_R024.combined.C06,u694ctg_len-6371_circular-no_depth-2-2-2_duplicated-no,6.07,0,Gradient Boost (General Model),11,0.847,6371,200,6371,0.73,9,1,6371,,,,,0,0,C06,,,,,,,,FALSE,u694ctg_len-6371_circular-no_depth-2-2-2_duplicated-no,FALSE,Da.F.2.L.A,Dawson,dorm_sample,1.44
R022_R024.combined.C06,u717ctg_len-13745_circular-no_depth-1-1-1_duplicated-no,4.9,0,Gradient Boost (General Model),11,0.94,13745,307.7857143,13745,0.66,14,1,13745,,,,,0,0,C06,,,,,,,,FALSE,u717ctg_len-13745_circular-no_depth-1-1-1_duplicated-no,FALSE,Da.F.2.L.A,Dawson,dorm_sample,1.44
R022_R024.combined.C06,u771ctg_len-10820_circular-no_depth-1-1-1_duplicated-no,6.39,0,Gradient Boost (General Model),11,0.844,10820,217.5714286,10820,0.69,14,1,10820,,,,,0,0,C06,,,,,,,,FALSE,u771ctg_len-10820_circular-no_depth-1-1-1_duplicated-no,FALSE,Da.F.2.L.A,Dawson,dorm_sample,1.44
R022_R024.combined.C06,u821ctg_len-12009_circular-no_depth-1-1-1_duplicated-no,8.22,0,Gradient Boost (General Model),11,0.94,12009,291.5384615,12009,0.64,13,1,12009,,,,,0,0,C06,,,,,,,,FALSE,u821ctg_len-12009_circular-no_depth-1-1-1_duplicated-no,FALSE,Da.F.2.L.A,Dawson,dorm_sample,1.44
R022_R024.combined.C06,u900ctg_len-9020_circular-no_depth-1-1-1_duplicated-no,5.03,0,Gradient Boost (General Model),11,0.728,9020,243.4444444,9020,0.7,9,1,9020,,,,,0,0,C06,,,,,,,,FALSE,u900ctg_len-9020_circular-no_depth-1-1-1_duplicated-no,FALSE,Da.F.2.L.A,Dawson,dorm_sample,1.44
R022_R024.combined.C07,u1024ctg_len-14301_circular-no_depth-1-1-1_duplicated-no,6.04,0,Gradient Boost (General Model),11,0.928,14301,247.1111111,14301,0.68,18,1,14301,,,,,0,0,C07,,,,,,,,FALSE,u1024ctg_len-14301_circular-no_depth-1-1-1_duplicated-no,FALSE,He.F.4.L.C,Heritage,dorm_sample,0.657
R022_R024.combined.C07,u1145ctg_len-7028_circular-no_depth-1-1-1_duplicated-no,4.38,0,Gradient Boost (General Model),11,0.817,7028,174.1818182,7028,0.63,11,1,7028,,,,,0,0,C07,,,,,,,,FALSE,u1145ctg_len-7028_circular-no_depth-1-1-1_duplicated-no,FALSE,He.F.4.L.C,Heritage,dorm_sample,0.657
R022_R024.combined.C07,u1151ctg_len-7576_circular-no_depth-1-1-1_duplicated-no,5.27,0.01,Gradient Boost (General Model),11,0.879,7576,185.5833333,7576,0.65,12,1,7576,,,,,0,0,C07,,,,,,,,FALSE,u1151ctg_len-7576_circular-no_depth-1-1-1_duplicated-no,FALSE,He.F.4.L.C,Heritage,dorm_sample,0.657
R022_R024.combined.C07,u1274ctg_len-8575_circular-no_depth-1-1-1_duplicated-no,5.87,0,Gradient Boost (General Model),11,0.906,8575,240.9090909,8575,0.66,11,1,8575,,,,,0,0,C07,,,,,,,,FALSE,u1274ctg_len-8575_circular-no_depth-1-1-1_duplicated-no,FALSE,He.F.4.L.C,Heritage,dorm_sample,0.657
R022_R024.combined.C07,u1316ctg_len-13693_circular-no_depth-1-1-1_duplicated-no,6.39,0,Gradient Boost (General Model),11,0.847,13693,351.7272727,13693,0.74,11,1,13693,,,,,0,0,C07,,,,,,,,FALSE,u1316ctg_len-13693_circular-no_depth-1-1-1_duplicated-no,FALSE,He.F.4.L.C,Heritage,dorm_sample,0.657
R022_R024.combined.C07,u1598ctg_len-6219_circular-no_depth-2-2-2_duplicated-no,6.47,0,Gradient Boost (General Model),11,0.939,6219,324.3333333,6219,0.65,6,1,6219,,,,,0,0,C07,,,,,,,,FALSE,u1598ctg_len-6219_circular-no_depth-2-2-2_duplicated-no,FALSE,He.F.4.L.C,Heritage,dorm_sample,0.657
R022_R024.combined.C07,u1753ctg_len-13344_circular-no_depth-1-1-1_duplicated-no,6.38,0,Gradient Boost (General Model),11,0.911,13344,270.4,13344,0.67,15,1,13344,,,,,0,0,C07,,,,,,,,FALSE,u1753ctg_len-13344_circular-no_depth-1-1-1_duplicated-no,FALSE,He.F.4.L.C,Heritage,dorm_sample,0.657
R022_R024.combined.C07,u1887ctg_len-10795_circular-no_depth-1-1-1_duplicated-no,5.86,0,Gradient Boost (General Model),11,0.95,10795,379.8888889,10795,0.66,9,1,10795,,,,,0,0,C07,,,,,,,,FALSE,u1887ctg_len-10795_circular-no_depth-1-1-1_duplicated-no,FALSE,He.F.4.L.C,Heritage,dorm_sample,0.657
R022_R024.combined.C07,u1986ctg_len-9633_circular-no_depth-1-1-1_duplicated-no,5.74,0,Gradient Boost (General Model),11,0.936,9633,231.4615385,9633,0.68,13,1,9633,,,,,0,0,C07,,,,,,,,FALSE,u1986ctg_len-9633_circular-no_depth-1-1-1_duplicated-no,FALSE,He.F.4.L.C,Heritage,dorm_sample,0.657
R022_R024.combined.C07,u2126ctg_len-10958_circular-no_depth-1-1-1_duplicated-no,4.95,0,Gradient Boost (General Model),11,0.937,10958,311.5454545,10958,0.69,11,1,10958,,,,,0,0,C07,,,,,,,,FALSE,u2126ctg_len-10958_circular-no_depth-1-1-1_duplicated-no,FALSE,He.F.4.L.C,Heritage,dorm_sample,0.657
R022_R024.combined.C07,u2353ctg_len-10041_circular-no_depth-1-1-1_duplicated-no,6.38,0,Gradient Boost (General Model),11,0.874,10041,324.8888889,10041,0.69,9,1,10041,,,,,0,0,C07,,,,,,,,FALSE,u2353ctg_len-10041_circular-no_depth-1-1-1_duplicated-no,FALSE,He.F.4.L.C,Heritage,dorm_sample,0.657
R022_R024.combined.C07,u2492ctg_len-8105_circular-no_depth-1-1-1_duplicated-no,4.46,0,Gradient Boost (General Model),11,0.81,8105,219.2,8105,0.66,10,1,8105,,,,,0,0,C07,,,,,,,,FALSE,u2492ctg_len-8105_circular-no_depth-1-1-1_duplicated-no,FALSE,He.F.4.L.C,Heritage,dorm_sample,0.657
R022_R024.combined.C07,u385ctg_len-8304_circular-no_depth-1-1-1_duplicated-no,5.23,0,Gradient Boost (General Model),11,0.917,8304,317.375,8304,0.65,8,1,8304,,,,,0,0,C07,,,,,,,,FALSE,u385ctg_len-8304_circular-no_depth-1-1-1_duplicated-no,FALSE,He.F.4.L.C,Heritage,dorm_sample,0.657
R022_R024.combined.C07,u861ctg_len-8770_circular-no_depth-1-1-1_duplicated-no,7.36,0,Gradient Boost (General Model),11,0.917,8770,383,8770,0.67,7,1,8770,,,,,0,0,C07,,,,,,,,FALSE,u861ctg_len-8770_circular-no_depth-1-1-1_duplicated-no,FALSE,He.F.4.L.C,Heritage,dorm_sample,0.657
R022_R024.combined.C07,u920ctg_len-6344_circular-no_depth-1-1-1_duplicated-no,6.32,0,Gradient Boost (General Model),11,0.767,6344,180.3333333,6344,0.64,9,1,6344,,,,,0,0,C07,,,,,,,,FALSE,u920ctg_len-6344_circular-no_depth-1-1-1_duplicated-no,FALSE,He.F.4.L.C,Heritage,dorm_sample,0.657
R022_R024.combined.D03,u118ctg_len-19792_circular-no_depth-1-1-1_duplicated-no,2.3,0,Neural Network (Specific Model),11,0.922,19792,381.625,19792,0.47,16,1,19792,,,,,0,0,D03,,,,,,,,FALSE,u118ctg_len-19792_circular-no_depth-1-1-1_duplicated-no,FALSE,Te.F.2.L.C,Teal,dorm_sample,135.75
R022_R024.combined.D03,u134ctg_len-8953_circular-possibly_depth-1-1-1_duplicated-no,5.03,0,Gradient Boost (General Model),11,0.736,8953,183.3333333,8953,0.43,12,1,8953,,,,,0,0,D03,,,,,,,,FALSE,,FALSE,Te.F.2.L.C,Teal,dorm_sample,135.75
R022_R024.combined.D03,u147ctg_len-11343_circular-possibly_depth-4-4-4_duplicated-no,5.64,0,Gradient Boost (General Model),11,0.829,11343,185.1176471,11343,0.49,17,1,11343,,,,,0,0,D03,,,,,,,,FALSE,,FALSE,Te.F.2.L.C,Teal,dorm_sample,135.75
R022_R024.combined.D03,u223ctg_len-16212_circular-possibly_depth-1-1-1_duplicated-no,4.88,0,Gradient Boost (General Model),11,0.872,16212,277.2941176,16212,0.49,17,1,16212,,,,,0,0,D03,,,,,,,,FALSE,,FALSE,Te.F.2.L.C,Teal,dorm_sample,135.75
R022_R024.combined.D03,u231ctg_len-5996_circular-possibly_depth-1-1-1_duplicated-no,6.38,0,Gradient Boost (General Model),11,0.865,5996,173.4,5996,0.61,10,1,5996,,,,,0,0,D03,,,,,,,,FALSE,,FALSE,Te.F.2.L.C,Teal,dorm_sample,135.75
R022_R024.combined.D03,u275ctg_len-12351_circular-possibly_depth-5-5-5_duplicated-no,4.38,0,Gradient Boost (General Model),11,0.875,12351,277.0769231,12351,0.64,13,1,12351,,,,,0,0,D03,,,,,,,,FALSE,,FALSE,Te.F.2.L.C,Teal,dorm_sample,135.75
R022_R024.combined.D03,u289ctg_len-30417_circular-possibly_depth-1-1-1_duplicated-no,2.32,0,Neural Network (Specific Model),11,0.797,30417,244.969697,30417,0.48,33,1,30417,,,,,0,0,D03,,,,,,,,FALSE,,FALSE,Te.F.2.L.C,Teal,dorm_sample,135.75
R022_R024.combined.D03,u316ctg_len-6436_circular-possibly_depth-1-1-1_duplicated-no,6.38,0,Gradient Boost (General Model),11,0.561,6436,203,6436,0.47,6,1,6436,,,,,0,0,D03,,,,,,,,FALSE,,FALSE,Te.F.2.L.C,Teal,dorm_sample,135.75
R022_R024.combined.D03,u369ctg_len-15205_circular-possibly_depth-2-2-2_duplicated-no,6.38,0,Gradient Boost (General Model),11,0.854,15205,288.8,15205,0.49,15,1,15205,,,,,0,0,D03,,,,,,,,FALSE,,FALSE,Te.F.2.L.C,Teal,dorm_sample,135.75
R022_R024.combined.D03,u446ctg_len-9891_circular-possibly_depth-2-2-2_duplicated-no,6.14,0,Gradient Boost (General Model),11,0.808,9891,242.3636364,9891,0.5,11,1,9891,,,,,0,0,D03,,,,,,,,FALSE,,FALSE,Te.F.2.L.C,Teal,dorm_sample,135.75
R022_R024.combined.D04,u1000ctg_len-22723_circular-no_depth-2-2-2_duplicated-no,2.86,0.2,Neural Network (Specific Model),11,0.896,22723,309.1818182,22723,0.67,22,1,22723,,,,,0,0,D04,,,,,,,,FALSE,u1000ctg_len-22723_circular-no_depth-2-2-2_duplicated-no,FALSE,Te.F.2.H.A,Teal,dorm_sample,60
R022_R024.combined.D04,u1004ctg_len-30299_circular-no_depth-1-1-1_duplicated-no,2.76,0.01,Neural Network (Specific Model),11,0.802,30299,238.7941176,30299,0.67,34,1,30299,,,,,0,0,D04,,,,,,,,FALSE,u1004ctg_len-30299_circular-no_depth-1-1-1_duplicated-no,FALSE,Te.F.2.H.A,Teal,dorm_sample,60
R022_R024.combined.D04,u1008ctg_len-8091_circular-no_depth-2-2-2_duplicated-no,6.15,0,Gradient Boost (General Model),11,0.897,8091,345.8571429,8091,0.67,7,1,8091,,,,,0,0,D04,,,,,,,,FALSE,u1008ctg_len-8091_circular-no_depth-2-2-2_duplicated-no,FALSE,Te.F.2.H.A,Teal,dorm_sample,60
R022_R024.combined.D04,u1032ctg_len-17353_circular-no_depth-1-1-1_duplicated-no,5.31,0,Gradient Boost (General Model),11,0.908,17353,309.9411765,17353,0.67,17,1,17353,,,,,0,0,D04,,,,,,,,FALSE,u1032ctg_len-17353_circular-no_depth-1-1-1_duplicated-no,FALSE,Te.F.2.H.A,Teal,dorm_sample,60
R022_R024.combined.D04,u1037ctg_len-10736_circular-no_depth-1-1-1_duplicated-no,4.66,0,Gradient Boost (General Model),11,0.899,10736,292.7272727,10736,0.65,11,1,10736,,,,,0,0,D04,,,,,,,,FALSE,u1037ctg_len-10736_circular-no_depth-1-1-1_duplicated-no,FALSE,Te.F.2.H.A,Teal,dorm_sample,60
R022_R024.combined.D04,u1057ctg_len-19131_circular-no_depth-1-1-1_duplicated-no,7.95,0,Gradient Boost (General Model),11,0.948,19131,318.5263158,19131,0.69,19,1,19131,,,,,0,0,D04,,,,,,,,FALSE,u1057ctg_len-19131_circular-no_depth-1-1-1_duplicated-no,FALSE,Te.F.2.H.A,Teal,dorm_sample,60
R022_R024.combined.D04,u1080ctg_len-23488_circular-no_depth-1-1-1_duplicated-no,2.44,0,Neural Network (Specific Model),11,0.943,23488,389.1052632,23488,0.68,19,1,23488,,,,,0,0,D04,,,,,,,,FALSE,u1080ctg_len-23488_circular-no_depth-1-1-1_duplicated-no,FALSE,Te.F.2.H.A,Teal,dorm_sample,60
R022_R024.combined.D04,u1117ctg_len-9286_circular-no_depth-2-2-2_duplicated-no,4.82,0,Gradient Boost (General Model),11,0.868,9286,245.2727273,9286,0.65,11,1,9286,,,,,0,0,D04,,,,,,,,FALSE,u1117ctg_len-9286_circular-no_depth-2-2-2_duplicated-no,FALSE,Te.F.2.H.A,Teal,dorm_sample,60
R022_R024.combined.D04,u1129ctg_len-14354_circular-no_depth-1-1-1_duplicated-no,6.91,0,Gradient Boost (General Model),11,0.931,14354,234.7894737,14354,0.69,19,1,14354,,,,,0,0,D04,,,,,,,,FALSE,u1129ctg_len-14354_circular-no_depth-1-1-1_duplicated-no,FALSE,Te.F.2.H.A,Teal,dorm_sample,60
R022_R024.combined.D04,u1170ctg_len-8465_circular-no_depth-1-1-1_duplicated-no,5.98,0,Gradient Boost (General Model),11,0.835,8465,216.4545455,8465,0.68,11,1,8465,,,,,0,0,D04,,,,,,,,FALSE,u1170ctg_len-8465_circular-no_depth-1-1-1_duplicated-no,FALSE,Te.F.2.H.A,Teal,dorm_sample,60
R022_R024.combined.D04,u117ctg_len-22019_circular-no_depth-1-1-1_duplicated-no,2.44,0,Neural Network (Specific Model),11,0.81,22019,213.1428571,22019,0.66,28,1,22019,,,,,0,0,D04,,,,,,,,FALSE,u117ctg_len-22019_circular-no_depth-1-1-1_duplicated-no,FALSE,Te.F.2.H.A,Teal,dorm_sample,60
R022_R024.combined.D04,u1186ctg_len-30009_circular-no_depth-1-1-1_duplicated-no,3.91,0.02,Neural Network (Specific Model),11,0.779,30009,270.1034483,30009,0.68,29,1,30009,,,,,0,0,D04,,,,,,,,FALSE,u1186ctg_len-30009_circular-no_depth-1-1-1_duplicated-no,FALSE,Te.F.2.H.A,Teal,dorm_sample,60
R022_R024.combined.D04,u1241ctg_len-23740_circular-no_depth-1-1-1_duplicated-no,7.87,0,Gradient Boost (General Model),11,0.874,23740,277,23740,0.66,25,1,23740,,,,,0,0,D04,,,,,,,,FALSE,u1241ctg_len-23740_circular-no_depth-1-1-1_duplicated-no,FALSE,Te.F.2.H.A,Teal,dorm_sample,60
R022_R024.combined.D04,u1273ctg_len-24205_circular-no_depth-1-1-1_duplicated-no,2.53,0,Neural Network (Specific Model),11,0.932,24205,305.56,24205,0.66,25,1,24205,,,,,0,0,D04,,,,,,,,FALSE,u1273ctg_len-24205_circular-no_depth-1-1-1_duplicated-no,FALSE,Te.F.2.H.A,Teal,dorm_sample,60
R022_R024.combined.D04,u1295ctg_len-15893_circular-no_depth-1-1-1_duplicated-no,6.45,0,Gradient Boost (General Model),11,0.934,15893,292.3529412,15893,0.63,17,1,15893,,,,,0,0,D04,,,,,,,,FALSE,u1295ctg_len-15893_circular-no_depth-1-1-1_duplicated-no,FALSE,Te.F.2.H.A,Teal,dorm_sample,60
R022_R024.combined.D04,u1332ctg_len-23508_circular-no_depth-1-1-1_duplicated-no,3.13,0,Neural Network (Specific Model),11,0.892,23508,282.52,23508,0.69,25,1,23508,,,,,0,0,D04,,,,,,,,FALSE,u1332ctg_len-23508_circular-no_depth-1-1-1_duplicated-no,FALSE,Te.F.2.H.A,Teal,dorm_sample,60
R022_R024.combined.D04,u1339ctg_len-16882_circular-no_depth-1-1-1_duplicated-no,5.64,0,Gradient Boost (General Model),11,0.972,16882,782,16882,0.64,7,1,16882,,,,,0,0,D04,,,,,,,,FALSE,u1339ctg_len-16882_circular-no_depth-1-1-1_duplicated-no,FALSE,Te.F.2.H.A,Teal,dorm_sample,60
R022_R024.combined.D04,u1367ctg_len-34874_circular-no_depth-1-1-1_duplicated-no,2.92,0,Neural Network (Specific Model),11,0.879,34874,256.5,34874,0.66,40,1,34874,,,,,0,0,D04,,,,,,,,FALSE,u1367ctg_len-34874_circular-no_depth-1-1-1_duplicated-no,FALSE,Te.F.2.H.A,Teal,dorm_sample,60
R022_R024.combined.D04,u1385ctg_len-15477_circular-no_depth-1-1-1_duplicated-no,5.29,0,Gradient Boost (General Model),11,0.908,15477,261.2222222,15477,0.65,18,1,15477,,,,,0,0,D04,,,,,,,,FALSE,u1385ctg_len-15477_circular-no_depth-1-1-1_duplicated-no,FALSE,Te.F.2.H.A,Teal,dorm_sample,60
R022_R024.combined.D04,u1387ctg_len-29419_circular-no_depth-1-1-1_duplicated-no,2.09,0,Neural Network (Specific Model),11,0.931,29419,286.875,29419,0.66,32,1,29419,,,,,0,0,D04,,,,,,,,FALSE,u1387ctg_len-29419_circular-no_depth-1-1-1_duplicated-no,FALSE,Te.F.2.H.A,Teal,dorm_sample,60
R022_R024.combined.D04,u1455ctg_len-27670_circular-no_depth-1-1-1_duplicated-no,2.79,0,Neural Network (Specific Model),11,0.893,27670,305.3333333,27670,0.68,27,1,27670,,,,,0,0,D04,,,,,,,,FALSE,u1455ctg_len-27670_circular-no_depth-1-1-1_duplicated-no,FALSE,Te.F.2.H.A,Teal,dorm_sample,60
R022_R024.combined.D04,u1480ctg_len-20595_circular-no_depth-1-1-1_duplicated-no,2.28,0,Neural Network (Specific Model),11,0.959,20595,940.8571429,20595,0.63,7,1,20595,,,,,0,0,D04,,,,,,,,FALSE,u1480ctg_len-20595_circular-no_depth-1-1-1_duplicated-no,FALSE,Te.F.2.H.A,Teal,dorm_sample,60
R022_R024.combined.D04,u1515ctg_len-9209_circular-no_depth-1-1-1_duplicated-no,3.64,0,Gradient Boost (General Model),11,0.765,9209,293.875,9209,0.67,8,1,9209,,,,,0,0,D04,,,,,,,,FALSE,u1515ctg_len-9209_circular-no_depth-1-1-1_duplicated-no,FALSE,Te.F.2.H.A,Teal,dorm_sample,60
R022_R024.combined.D04,u1531ctg_len-14585_circular-no_depth-1-1-1_duplicated-no,5.21,0,Gradient Boost (General Model),11,0.957,14585,291.25,14585,0.65,16,1,14585,,,,,0,0,D04,,,,,,,,FALSE,u1531ctg_len-14585_circular-no_depth-1-1-1_duplicated-no,FALSE,Te.F.2.H.A,Teal,dorm_sample,60
R022_R024.combined.D04,u1547ctg_len-14098_circular-no_depth-1-1-1_duplicated-no,4.56,0,Gradient Boost (General Model),11,0.913,14098,269.4375,14098,0.66,16,1,14098,,,,,0,0,D04,,,,,,,,FALSE,u1547ctg_len-14098_circular-no_depth-1-1-1_duplicated-no,FALSE,Te.F.2.H.A,Teal,dorm_sample,60
R022_R024.combined.D04,u1608ctg_len-30874_circular-no_depth-1-1-1_duplicated-no,3.35,0,Neural Network (Specific Model),11,0.89,30874,280.3636364,30874,0.66,33,1,30874,,,,,0,0,D04,,,,,,,,FALSE,u1608ctg_len-30874_circular-no_depth-1-1-1_duplicated-no,FALSE,Te.F.2.H.A,Teal,dorm_sample,60
R022_R024.combined.D04,u1623ctg_len-23947_circular-no_depth-1-1-1_duplicated-no,2.13,0,Neural Network (Specific Model),11,0.776,23947,222.4642857,23947,0.67,28,1,23947,,,,,0,0,D04,,,,,,,,FALSE,u1623ctg_len-23947_circular-no_depth-1-1-1_duplicated-no,FALSE,Te.F.2.H.A,Teal,dorm_sample,60
R022_R024.combined.D04,u1626ctg_len-23657_circular-no_depth-1-1-1_duplicated-no,1.79,0,Neural Network (Specific Model),11,0.926,23657,281.6538462,23657,0.67,26,1,23657,,,,,0,0,D04,,,,,,,,FALSE,u1626ctg_len-23657_circular-no_depth-1-1-1_duplicated-no,FALSE,Te.F.2.H.A,Teal,dorm_sample,60
R022_R024.combined.D04,u1642ctg_len-17130_circular-no_depth-1-1-1_duplicated-no,5.17,0,Gradient Boost (General Model),11,0.894,17130,364.7857143,17130,0.68,14,1,17130,,,,,0,0,D04,,,,,,,,FALSE,u1642ctg_len-17130_circular-no_depth-1-1-1_duplicated-no,FALSE,Te.F.2.H.A,Teal,dorm_sample,60
R022_R024.combined.D04,u1648ctg_len-11514_circular-no_depth-1-1-1_duplicated-no,5.64,0,Gradient Boost (General Model),11,0.827,11514,244.3846154,11514,0.66,13,1,11514,,,,,0,0,D04,,,,,,,,FALSE,u1648ctg_len-11514_circular-no_depth-1-1-1_duplicated-no,FALSE,Te.F.2.H.A,Teal,dorm_sample,60
R022_R024.combined.D04,u1651ctg_len-32615_circular-no_depth-1-1-1_duplicated-no,3.75,0,Neural Network (Specific Model),11,0.922,32615,278.9444444,32615,0.67,36,1,32615,,,,,0,0,D04,,,,,,,,FALSE,u1651ctg_len-32615_circular-no_depth-1-1-1_duplicated-no,FALSE,Te.F.2.H.A,Teal,dorm_sample,60
R022_R024.combined.D04,u1655ctg_len-40132_circular-no_depth-1-1-1_duplicated-no,2.24,0,Neural Network (Specific Model),11,0.891,40132,284.1428571,40132,0.64,42,1,40132,,,,,0,0,D04,,,,,,,,FALSE,u1655ctg_len-40132_circular-no_depth-1-1-1_duplicated-no,FALSE,Te.F.2.H.A,Teal,dorm_sample,60
R022_R024.combined.D04,u1674ctg_len-23469_circular-no_depth-1-1-1_duplicated-no,2.86,0,Neural Network (Specific Model),11,0.951,23469,312.875,23469,0.67,24,1,23469,,,,,0,0,D04,,,,,,,,FALSE,u1674ctg_len-23469_circular-no_depth-1-1-1_duplicated-no,FALSE,Te.F.2.H.A,Teal,dorm_sample,60
R022_R024.combined.D04,u1680ctg_len-22149_circular-no_depth-1-1-1_duplicated-no,2.26,0,Neural Network (Specific Model),11,0.94,22149,409.2941176,22149,0.67,17,1,22149,,,,,0,0,D04,,,,,,,,FALSE,u1680ctg_len-22149_circular-no_depth-1-1-1_duplicated-no,FALSE,Te.F.2.H.A,Teal,dorm_sample,60
R022_R024.combined.D04,u1689ctg_len-24087_circular-no_depth-1-1-1_duplicated-no,2.67,0.01,Neural Network (Specific Model),11,0.834,24087,279.875,24087,0.67,24,1,24087,,,,,0,0,D04,,,,,,,,FALSE,u1689ctg_len-24087_circular-no_depth-1-1-1_duplicated-no,FALSE,Te.F.2.H.A,Teal,dorm_sample,60
R022_R024.combined.D04,u1701ctg_len-15675_circular-no_depth-1-1-1_duplicated-no,6.38,0,Gradient Boost (General Model),11,0.838,15675,274.125,15675,0.65,16,1,15675,,,,,0,0,D04,,,,,,,,FALSE,u1701ctg_len-15675_circular-no_depth-1-1-1_duplicated-no,FALSE,Te.F.2.H.A,Teal,dorm_sample,60
R022_R024.combined.D04,u173ctg_len-22275_circular-no_depth-1-1-1_duplicated-no,3.06,0,Neural Network (Specific Model),11,0.898,22275,279.4166667,22275,0.65,24,1,22275,,,,,0,0,D04,,,,,,,,FALSE,u173ctg_len-22275_circular-no_depth-1-1-1_duplicated-no,FALSE,Te.F.2.H.A,Teal,dorm_sample,60
R022_R024.combined.D04,u1753ctg_len-13202_circular-no_depth-1-1-1_duplicated-no,5.18,0,Gradient Boost (General Model),11,0.953,13202,323.9230769,13202,0.66,13,1,13202,,,,,0,0,D04,,,,,,,,FALSE,u1753ctg_len-13202_circular-no_depth-1-1-1_duplicated-no,FALSE,Te.F.2.H.A,Teal,dorm_sample,60
R022_R024.combined.D04,u1786ctg_len-21541_circular-no_depth-1-1-1_duplicated-no,1.99,0,Neural Network (Specific Model),11,0.918,21541,329.95,21541,0.66,20,1,21541,,,,,0,0,D04,,,,,,,,FALSE,u1786ctg_len-21541_circular-no_depth-1-1-1_duplicated-no,FALSE,Te.F.2.H.A,Teal,dorm_sample,60
R022_R024.combined.D04,u1787ctg_len-28279_circular-no_depth-1-1-1_duplicated-no,2.32,0,Neural Network (Specific Model),11,0.878,28279,251.5454545,28279,0.67,33,1,28279,,,,,0,0,D04,,,,,,,,FALSE,u1787ctg_len-28279_circular-no_depth-1-1-1_duplicated-no,FALSE,Te.F.2.H.A,Teal,dorm_sample,60
R022_R024.combined.D04,u1791ctg_len-18565_circular-no_depth-1-1-1_duplicated-no,6.39,0,Gradient Boost (General Model),11,0.873,18565,245.8181818,18565,0.67,22,1,18565,,,,,0,0,D04,,,,,,,,FALSE,u1791ctg_len-18565_circular-no_depth-1-1-1_duplicated-no,FALSE,Te.F.2.H.A,Teal,dorm_sample,60
R022_R024.combined.D04,u1801ctg_len-23944_circular-no_depth-1-1-1_duplicated-no,3.05,0,Neural Network (Specific Model),11,0.881,23944,234.8333333,23944,0.66,30,1,23944,,,,,0,0,D04,,,,,,,,FALSE,u1801ctg_len-23944_circular-no_depth-1-1-1_duplicated-no,FALSE,Te.F.2.H.A,Teal,dorm_sample,60
R022_R024.combined.D04,u1826ctg_len-16707_circular-no_depth-1-1-1_duplicated-no,4.78,0,Gradient Boost (General Model),11,0.797,16707,296.8666667,16707,0.63,15,1,16707,,,,,0,0,D04,,,,,,,,FALSE,u1826ctg_len-16707_circular-no_depth-1-1-1_duplicated-no,FALSE,Te.F.2.H.A,Teal,dorm_sample,60
R022_R024.combined.D04,u1827ctg_len-14644_circular-no_depth-1-1-1_duplicated-no,5,0,Gradient Boost (General Model),11,0.927,14644,301.9333333,14644,0.66,15,1,14644,,,,,0,0,D04,,,,,,,,FALSE,u1827ctg_len-14644_circular-no_depth-1-1-1_duplicated-no,FALSE,Te.F.2.H.A,Teal,dorm_sample,60
R022_R024.combined.D04,u1832ctg_len-26958_circular-no_depth-1-1-1_duplicated-no,3.25,0,Neural Network (Specific Model),11,0.952,26958,358.25,26958,0.66,24,1,26958,,,,,0,0,D04,,,,,,,,FALSE,u1832ctg_len-26958_circular-no_depth-1-1-1_duplicated-no,FALSE,Te.F.2.H.A,Teal,dorm_sample,60
R022_R024.combined.D04,u1845ctg_len-24215_circular-no_depth-1-1-1_duplicated-no,2.68,0,Neural Network (Specific Model),11,0.85,24215,255.0740741,24215,0.64,27,1,24215,,,,,0,0,D04,,,,,,,,FALSE,u1845ctg_len-24215_circular-no_depth-1-1-1_duplicated-no,FALSE,Te.F.2.H.A,Teal,dorm_sample,60
R022_R024.combined.D04,u1858ctg_len-14750_circular-no_depth-1-1-1_duplicated-no,6.04,0.01,Gradient Boost (General Model),11,0.96,14750,397.0833333,14750,0.68,12,1,14750,,,,,0,0,D04,,,,,,,,FALSE,u1858ctg_len-14750_circular-no_depth-1-1-1_duplicated-no,FALSE,Te.F.2.H.A,Teal,dorm_sample,60
R022_R024.combined.D04,u1860ctg_len-1058_circular-no_depth-6-6-6_duplicated-no,6.29,0,Gradient Boost (General Model),11,0.955,1058,168.5,1058,0.64,2,1,1058,,,,,0,0,D04,,,,,,,,FALSE,u1860ctg_len-1058_circular-no_depth-6-6-6_duplicated-no,FALSE,Te.F.2.H.A,Teal,dorm_sample,60
R022_R024.combined.D04,u1866ctg_len-18354_circular-no_depth-1-1-1_duplicated-no,6.3,0,Gradient Boost (General Model),11,0.819,18354,198.2692308,18354,0.67,26,1,18354,,,,,0,0,D04,,,,,,,,FALSE,u1866ctg_len-18354_circular-no_depth-1-1-1_duplicated-no,FALSE,Te.F.2.H.A,Teal,dorm_sample,60
R022_R024.combined.D04,u1874ctg_len-24434_circular-no_depth-2-2-2_duplicated-no,2.49,0,Neural Network (Specific Model),11,0.939,24434,295.2307692,24434,0.65,26,1,24434,,,,,0,0,D04,,,,,,,,FALSE,u1874ctg_len-24434_circular-no_depth-2-2-2_duplicated-no,FALSE,Te.F.2.H.A,Teal,dorm_sample,60
R022_R024.combined.D04,u1883ctg_len-10221_circular-no_depth-2-2-2_duplicated-no,5.91,0,Gradient Boost (General Model),11,0.852,10221,211.5714286,10221,0.62,14,1,10221,,,,,0,0,D04,,,,,,,,FALSE,u1883ctg_len-10221_circular-no_depth-2-2-2_duplicated-no,FALSE,Te.F.2.H.A,Teal,dorm_sample,60
R022_R024.combined.D04,u1896ctg_len-35404_circular-no_depth-2-2-2_duplicated-no,3.23,0.01,Neural Network (Specific Model),11,0.908,35404,282.3421053,35404,0.68,38,1,35404,,,,,0,0,D04,,,,,,,,FALSE,u1896ctg_len-35404_circular-no_depth-2-2-2_duplicated-no,FALSE,Te.F.2.H.A,Teal,dorm_sample,60
R022_R024.combined.D04,u1899ctg_len-18635_circular-no_depth-1-1-1_duplicated-no,6.38,0,Gradient Boost (General Model),11,0.803,18635,172.862069,18635,0.66,29,1,18635,,,,,0,0,D04,,,,,,,,FALSE,u1899ctg_len-18635_circular-no_depth-1-1-1_duplicated-no,FALSE,Te.F.2.H.A,Teal,dorm_sample,60
R022_R024.combined.D04,u1903ctg_len-20682_circular-no_depth-1-1-1_duplicated-no,5.65,0,Gradient Boost (General Model),11,0.902,20682,346.1666667,20682,0.68,18,1,20682,,,,,0,0,D04,,,,,,,,FALSE,u1903ctg_len-20682_circular-no_depth-1-1-1_duplicated-no,FALSE,Te.F.2.H.A,Teal,dorm_sample,60
R022_R024.combined.D04,u1932ctg_len-17148_circular-no_depth-1-1-1_duplicated-no,2.07,0,Neural Network (Specific Model),11,0.914,17148,249.4285714,17148,0.68,21,1,17148,,,,,0,0,D04,,,,,,,,FALSE,u1932ctg_len-17148_circular-no_depth-1-1-1_duplicated-no,FALSE,Te.F.2.H.A,Teal,dorm_sample,60
R022_R024.combined.D04,u1950ctg_len-15551_circular-no_depth-2-2-2_duplicated-no,9.52,0,Gradient Boost (General Model),11,0.964,15551,294.4705882,15551,0.66,17,1,15551,,,,,0,0,D04,,,,,,,,FALSE,u1950ctg_len-15551_circular-no_depth-2-2-2_duplicated-no,FALSE,Te.F.2.H.A,Teal,dorm_sample,60
R022_R024.combined.D04,u1977ctg_len-35019_circular-no_depth-1-1-1_duplicated-no,1.96,0,Neural Network (Specific Model),11,0.886,35019,450.6521739,35019,0.68,23,1,35019,,,,,0,0,D04,,,,,,,,FALSE,u1977ctg_len-35019_circular-no_depth-1-1-1_duplicated-no,FALSE,Te.F.2.H.A,Teal,dorm_sample,60
R022_R024.combined.D04,u1995ctg_len-37497_circular-no_depth-1-1-1_duplicated-no,2.97,0.03,Neural Network (Specific Model),11,0.875,37497,288.4736842,37497,0.67,38,1,37497,,,,,0,0,D04,,,,,,,,FALSE,u1995ctg_len-37497_circular-no_depth-1-1-1_duplicated-no,FALSE,Te.F.2.H.A,Teal,dorm_sample,60
R022_R024.combined.D04,u2003ctg_len-18879_circular-no_depth-1-1-1_duplicated-no,5.73,0,Gradient Boost (General Model),11,0.881,18879,232.125,18879,0.66,24,1,18879,,,,,0,0,D04,,,,,,,,FALSE,u2003ctg_len-18879_circular-no_depth-1-1-1_duplicated-no,FALSE,Te.F.2.H.A,Teal,dorm_sample,60
R022_R024.combined.D04,u2017ctg_len-16760_circular-no_depth-1-1-1_duplicated-no,2.53,0,Neural Network (Specific Model),11,0.945,16760,278.3157895,16760,0.69,19,1,16760,,,,,0,0,D04,,,,,,,,FALSE,u2017ctg_len-16760_circular-no_depth-1-1-1_duplicated-no,FALSE,Te.F.2.H.A,Teal,dorm_sample,60
R022_R024.combined.D04,u2068ctg_len-28074_circular-no_depth-1-1-1_duplicated-no,3.08,0.03,Neural Network (Specific Model),11,0.907,28074,257.7878788,28074,0.65,33,1,28074,,,,,0,0,D04,,,,,,,,FALSE,u2068ctg_len-28074_circular-no_depth-1-1-1_duplicated-no,FALSE,Te.F.2.H.A,Teal,dorm_sample,60
R022_R024.combined.D04,u2072ctg_len-17637_circular-no_depth-1-1-1_duplicated-no,2.6,0,Neural Network (Specific Model),11,0.954,17637,295.8421053,17637,0.65,19,1,17637,,,,,0,0,D04,,,,,,,,FALSE,u2072ctg_len-17637_circular-no_depth-1-1-1_duplicated-no,FALSE,Te.F.2.H.A,Teal,dorm_sample,60
R022_R024.combined.D04,u2084ctg_len-24280_circular-possibly_depth-3-3-3_duplicated-no,2.49,0,Neural Network (Specific Model),11,0.875,24280,322.3181818,24280,0.65,22,1,24280,,,,,0,0,D04,,,,,,,,FALSE,,FALSE,Te.F.2.H.A,Teal,dorm_sample,60
R022_R024.combined.D04,u2091ctg_len-11911_circular-no_depth-1-1-1_duplicated-no,7.41,0.01,Gradient Boost (General Model),11,0.872,11911,314.7272727,11911,0.66,11,1,11911,,,,,0,0,D04,,,,,,,,FALSE,u2091ctg_len-11911_circular-no_depth-1-1-1_duplicated-no,FALSE,Te.F.2.H.A,Teal,dorm_sample,60
R022_R024.combined.D04,u2101ctg_len-69888_circular-possibly_depth-5-5-5_duplicated-no,3.18,0.21,Neural Network (Specific Model),11,0.901,69888,209.5247525,69888,0.47,101,1,69888,,,,,0,0,D04,,,,,,,,FALSE,,FALSE,Te.F.2.H.A,Teal,dorm_sample,60
R022_R024.combined.D04,u2111ctg_len-39777_circular-no_depth-1-1-1_duplicated-no,2.4,0,Neural Network (Specific Model),11,0.871,39777,121.2268041,39777,0.6,97,1,39777,,,,,0,0,D04,,,,,,,,FALSE,u2111ctg_len-39777_circular-no_depth-1-1-1_duplicated-no,FALSE,Te.F.2.H.A,Teal,dorm_sample,60
R022_R024.combined.D04,u2122ctg_len-46294_circular-no_depth-1-1-1_duplicated-no,2.74,0,Neural Network (Specific Model),11,0.886,46294,274.34,46294,0.68,50,1,46294,,,,,0,0,D04,,,,,,,,FALSE,u2122ctg_len-46294_circular-no_depth-1-1-1_duplicated-no,FALSE,Te.F.2.H.A,Teal,dorm_sample,60
R022_R024.combined.D04,u2127ctg_len-18463_circular-no_depth-1-1-1_duplicated-no,5.17,0,Gradient Boost (General Model),11,0.862,18463,253,18463,0.67,21,1,18463,,,,,0,0,D04,,,,,,,,FALSE,u2127ctg_len-18463_circular-no_depth-1-1-1_duplicated-no,FALSE,Te.F.2.H.A,Teal,dorm_sample,60
R022_R024.combined.D04,u2135ctg_len-6787_circular-no_depth-2-2-2_duplicated-no,7.73,0,Gradient Boost (General Model),11,0.916,6787,261,6787,0.66,8,1,6787,,,,,0,0,D04,,,,,,,,FALSE,u2135ctg_len-6787_circular-no_depth-2-2-2_duplicated-no,FALSE,Te.F.2.H.A,Teal,dorm_sample,60
R022_R024.combined.D04,u2169ctg_len-22437_circular-no_depth-1-1-1_duplicated-no,2.43,0,Neural Network (Specific Model),11,0.908,22437,201.4117647,22437,0.63,34,1,22437,,,,,0,0,D04,,,,,,,,FALSE,u2169ctg_len-22437_circular-no_depth-1-1-1_duplicated-no,FALSE,Te.F.2.H.A,Teal,dorm_sample,60
R022_R024.combined.D04,u2174ctg_len-33499_circular-no_depth-1-1-1_duplicated-no,2.29,0.01,Neural Network (Specific Model),11,0.865,33499,190.5098039,33499,0.66,51,1,33499,,,,,0,0,D04,,,,,,,,FALSE,u2174ctg_len-33499_circular-no_depth-1-1-1_duplicated-no,FALSE,Te.F.2.H.A,Teal,dorm_sample,60
R022_R024.combined.D04,u2191ctg_len-16595_circular-no_depth-1-1-1_duplicated-no,5.3,0,Gradient Boost (General Model),11,0.879,16595,257.4736842,16595,0.66,19,1,16595,,,,,0,0,D04,,,,,,,,FALSE,u2191ctg_len-16595_circular-no_depth-1-1-1_duplicated-no,FALSE,Te.F.2.H.A,Teal,dorm_sample,60
R022_R024.combined.D04,u2195ctg_len-15119_circular-no_depth-1-1-1_duplicated-no,5.57,0,Gradient Boost (General Model),11,0.878,15119,295.4,15119,0.67,15,1,15119,,,,,0,0,D04,,,,,,,,FALSE,u2195ctg_len-15119_circular-no_depth-1-1-1_duplicated-no,FALSE,Te.F.2.H.A,Teal,dorm_sample,60
R022_R024.combined.D04,u2202ctg_len-28677_circular-no_depth-1-1-1_duplicated-no,2.32,0,Neural Network (Specific Model),11,0.863,28677,275.3666667,28677,0.68,30,1,28677,,,,,0,0,D04,,,,,,,,FALSE,u2202ctg_len-28677_circular-no_depth-1-1-1_duplicated-no,FALSE,Te.F.2.H.A,Teal,dorm_sample,60
R022_R024.combined.D04,u2209ctg_len-20554_circular-no_depth-2-2-2_duplicated-no,5.9,0,Gradient Boost (General Model),11,0.926,20554,305.6666667,20554,0.67,21,1,20554,,,,,0,0,D04,,,,,,,,FALSE,u2209ctg_len-20554_circular-no_depth-2-2-2_duplicated-no,FALSE,Te.F.2.H.A,Teal,dorm_sample,60
R022_R024.combined.D04,u2238ctg_len-11831_circular-no_depth-1-1-1_duplicated-no,5.21,0.01,Gradient Boost (General Model),11,0.848,11831,258.6153846,11831,0.74,13,1,11831,,,,,0,0,D04,,,,,,,,FALSE,u2238ctg_len-11831_circular-no_depth-1-1-1_duplicated-no,FALSE,Te.F.2.H.A,Teal,dorm_sample,60
R022_R024.combined.D04,u2246ctg_len-24281_circular-no_depth-1-1-1_duplicated-no,2.3,0,Neural Network (Specific Model),11,0.95,24281,335.5652174,24281,0.63,23,1,24281,,,,,0,0,D04,,,,,,,,FALSE,u2246ctg_len-24281_circular-no_depth-1-1-1_duplicated-no,FALSE,Te.F.2.H.A,Teal,dorm_sample,60
R022_R024.combined.D04,u2274ctg_len-12073_circular-no_depth-1-1-1_duplicated-no,5.03,0,Gradient Boost (General Model),11,0.861,12073,247.7142857,12073,0.65,14,1,12073,,,,,0,0,D04,,,,,,,,FALSE,u2274ctg_len-12073_circular-no_depth-1-1-1_duplicated-no,FALSE,Te.F.2.H.A,Teal,dorm_sample,60
R022_R024.combined.D04,u2278ctg_len-18403_circular-no_depth-1-1-1_duplicated-no,6.67,0,Gradient Boost (General Model),11,0.884,18403,340.875,18403,0.68,16,1,18403,,,,,0,0,D04,,,,,,,,FALSE,u2278ctg_len-18403_circular-no_depth-1-1-1_duplicated-no,FALSE,Te.F.2.H.A,Teal,dorm_sample,60
R022_R024.combined.D04,u2296ctg_len-29645_circular-no_depth-1-1-1_duplicated-no,2.82,0,Neural Network (Specific Model),11,0.859,29645,265.40625,29645,0.67,32,1,29645,,,,,0,0,D04,,,,,,,,FALSE,u2296ctg_len-29645_circular-no_depth-1-1-1_duplicated-no,FALSE,Te.F.2.H.A,Teal,dorm_sample,60
R022_R024.combined.D04,u2362ctg_len-11852_circular-no_depth-2-2-2_duplicated-no,6.1,0,Gradient Boost (General Model),11,0.944,11852,312.0833333,11852,0.69,12,1,11852,,,,,0,0,D04,,,,,,,,FALSE,u2362ctg_len-11852_circular-no_depth-2-2-2_duplicated-no,FALSE,Te.F.2.H.A,Teal,dorm_sample,60
R022_R024.combined.D04,u2388ctg_len-17601_circular-no_depth-2-2-2_duplicated-no,6.38,0,Gradient Boost (General Model),11,0.754,17601,164.8148148,17601,0.67,27,1,17601,,,,,0,0,D04,,,,,,,,FALSE,u2388ctg_len-17601_circular-no_depth-2-2-2_duplicated-no,FALSE,Te.F.2.H.A,Teal,dorm_sample,60
R022_R024.combined.D04,u2399ctg_len-28463_circular-no_depth-1-1-1_duplicated-no,3.03,0,Neural Network (Specific Model),11,0.892,28463,218.6666667,28463,0.67,39,1,28463,,,,,0,0,D04,,,,,,,,FALSE,u2399ctg_len-28463_circular-no_depth-1-1-1_duplicated-no,FALSE,Te.F.2.H.A,Teal,dorm_sample,60
R022_R024.combined.D04,u2424ctg_len-14680_circular-no_depth-1-1-1_duplicated-no,6.63,0,Gradient Boost (General Model),11,0.865,14680,235.7222222,14680,0.67,18,1,14680,,,,,0,0,D04,,,,,,,,FALSE,u2424ctg_len-14680_circular-no_depth-1-1-1_duplicated-no,FALSE,Te.F.2.H.A,Teal,dorm_sample,60
R022_R024.combined.D04,u2427ctg_len-31551_circular-no_depth-1-1-1_duplicated-no,2.54,0,Neural Network (Specific Model),11,0.918,31551,195.32,31551,0.63,50,1,31551,,,,,0,0,D04,,,,,,,,FALSE,u2427ctg_len-31551_circular-no_depth-1-1-1_duplicated-no,FALSE,Te.F.2.H.A,Teal,dorm_sample,60
R022_R024.combined.D04,u2430ctg_len-30120_circular-no_depth-1-1-1_duplicated-no,3.62,0.01,Neural Network (Specific Model),11,0.898,30120,322.5357143,30120,0.65,28,1,30120,,,,,0,0,D04,,,,,,,,FALSE,u2430ctg_len-30120_circular-no_depth-1-1-1_duplicated-no,FALSE,Te.F.2.H.A,Teal,dorm_sample,60
R022_R024.combined.D04,u2436ctg_len-10547_circular-no_depth-1-1-1_duplicated-no,6.38,0,Gradient Boost (General Model),11,0.778,10547,228.0833333,10547,0.65,12,1,10547,,,,,0,0,D04,,,,,,,,FALSE,u2436ctg_len-10547_circular-no_depth-1-1-1_duplicated-no,FALSE,Te.F.2.H.A,Teal,dorm_sample,60
R022_R024.combined.D04,u2441ctg_len-22609_circular-no_depth-1-1-1_duplicated-no,2.58,0,Neural Network (Specific Model),11,0.9,22609,357.4210526,22609,0.65,19,1,22609,,,,,0,0,D04,,,,,,,,FALSE,u2441ctg_len-22609_circular-no_depth-1-1-1_duplicated-no,FALSE,Te.F.2.H.A,Teal,dorm_sample,60
R022_R024.combined.D04,u2473ctg_len-11022_circular-no_depth-1-1-1_duplicated-no,5.69,0,Gradient Boost (General Model),11,0.906,11022,374.1111111,11022,0.67,9,1,11022,,,,,0,0,D04,,,,,,,,FALSE,u2473ctg_len-11022_circular-no_depth-1-1-1_duplicated-no,FALSE,Te.F.2.H.A,Teal,dorm_sample,60
R022_R024.combined.D04,u2483ctg_len-38017_circular-no_depth-1-1-1_duplicated-no,2.42,0,Neural Network (Specific Model),11,0.892,38017,269.547619,38017,0.67,42,1,38017,,,,,0,0,D04,,,,,,,,FALSE,u2483ctg_len-38017_circular-no_depth-1-1-1_duplicated-no,FALSE,Te.F.2.H.A,Teal,dorm_sample,60
R022_R024.combined.D04,u2499ctg_len-23042_circular-no_depth-1-1-1_duplicated-no,3.28,0,Neural Network (Specific Model),11,0.872,23042,352.7894737,23042,0.67,19,1,23042,,,,,0,0,D04,,,,,,,,FALSE,u2499ctg_len-23042_circular-no_depth-1-1-1_duplicated-no,FALSE,Te.F.2.H.A,Teal,dorm_sample,60
R022_R024.combined.D04,u2531ctg_len-25916_circular-no_depth-1-1-1_duplicated-no,2.19,0,Neural Network (Specific Model),11,0.862,25916,275.9259259,25916,0.68,27,1,25916,,,,,0,0,D04,,,,,,,,FALSE,u2531ctg_len-25916_circular-no_depth-1-1-1_duplicated-no,FALSE,Te.F.2.H.A,Teal,dorm_sample,60
R022_R024.combined.D04,u2543ctg_len-17942_circular-no_depth-2-2-2_duplicated-no,5.28,0,Gradient Boost (General Model),11,0.886,17942,312.1176471,17942,0.69,17,1,17942,,,,,0,0,D04,,,,,,,,FALSE,u2543ctg_len-17942_circular-no_depth-2-2-2_duplicated-no,FALSE,Te.F.2.H.A,Teal,dorm_sample,60
R022_R024.combined.D04,u2549ctg_len-23794_circular-possibly_depth-4-4-4_duplicated-no,2.35,0.01,Neural Network (Specific Model),11,0.83,23794,243.962963,23794,0.64,27,1,23794,,,,,0,0,D04,,,,,,,,FALSE,,FALSE,Te.F.2.H.A,Teal,dorm_sample,60
R022_R024.combined.D04,u2551ctg_len-18073_circular-no_depth-2-2-2_duplicated-no,5.22,0,Gradient Boost (General Model),11,0.867,18073,249.6666667,18073,0.68,21,1,18073,,,,,0,0,D04,,,,,,,,FALSE,u2551ctg_len-18073_circular-no_depth-2-2-2_duplicated-no,FALSE,Te.F.2.H.A,Teal,dorm_sample,60
R022_R024.combined.D04,u2557ctg_len-18018_circular-no_depth-2-2-2_duplicated-no,5.53,0,Gradient Boost (General Model),11,0.764,18018,191.375,18018,0.65,24,1,18018,,,,,0,0,D04,,,,,,,,FALSE,u2557ctg_len-18018_circular-no_depth-2-2-2_duplicated-no,FALSE,Te.F.2.H.A,Teal,dorm_sample,60
R022_R024.combined.D04,u2567ctg_len-23082_circular-no_depth-1-1-1_duplicated-no,2.27,0,Neural Network (Specific Model),11,0.887,23082,325.3809524,23082,0.61,21,1,23082,,,,,0,0,D04,,,,,,,,FALSE,u2567ctg_len-23082_circular-no_depth-1-1-1_duplicated-no,FALSE,Te.F.2.H.A,Teal,dorm_sample,60
R022_R024.combined.D04,u2594ctg_len-4404_circular-no_depth-2-2-2_duplicated-no,6.27,0,Gradient Boost (General Model),11,0.97,4404,356,4404,0.68,4,1,4404,,,,,0,0,D04,,,,,,,,FALSE,u2594ctg_len-4404_circular-no_depth-2-2-2_duplicated-no,FALSE,Te.F.2.H.A,Teal,dorm_sample,60
R022_R024.combined.D04,u2598ctg_len-8680_circular-no_depth-2-2-2_duplicated-no,4.94,0,Gradient Boost (General Model),11,0.943,8680,390.8571429,8680,0.68,7,1,8680,,,,,0,0,D04,,,,,,,,FALSE,u2598ctg_len-8680_circular-no_depth-2-2-2_duplicated-no,FALSE,Te.F.2.H.A,Teal,dorm_sample,60
R022_R024.combined.D04,u2604ctg_len-10421_circular-no_depth-2-2-2_duplicated-no,6.38,0,Gradient Boost (General Model),11,1,10421,580.3333333,10421,0.6,6,1,10421,,,,,0,0,D04,,,,,,,,FALSE,u2604ctg_len-10421_circular-no_depth-2-2-2_duplicated-no,FALSE,Te.F.2.H.A,Teal,dorm_sample,60
R022_R024.combined.D04,u2609ctg_len-14042_circular-no_depth-2-2-2_duplicated-no,6.13,0,Gradient Boost (General Model),11,0.924,14042,257.0588235,14042,0.63,17,1,14042,,,,,0,0,D04,,,,,,,,FALSE,u2609ctg_len-14042_circular-no_depth-2-2-2_duplicated-no,FALSE,Te.F.2.H.A,Teal,dorm_sample,60
R022_R024.combined.D04,u2612ctg_len-14136_circular-no_depth-1-1-1_duplicated-no,4.78,0,Gradient Boost (General Model),11,0.873,14136,294.2142857,14136,0.65,14,1,14136,,,,,0,0,D04,,,,,,,,FALSE,u2612ctg_len-14136_circular-no_depth-1-1-1_duplicated-no,FALSE,Te.F.2.H.A,Teal,dorm_sample,60
R022_R024.combined.D04,u2621ctg_len-11566_circular-no_depth-1-1-1_duplicated-no,6.65,0,Gradient Boost (General Model),11,0.831,11566,191.1764706,11566,0.62,17,1,11566,,,,,0,0,D04,,,,,,,,FALSE,u2621ctg_len-11566_circular-no_depth-1-1-1_duplicated-no,FALSE,Te.F.2.H.A,Teal,dorm_sample,60
R022_R024.combined.D04,u2640ctg_len-17547_circular-possibly_depth-2-2-2_duplicated-no,5.64,0,Gradient Boost (General Model),11,0.859,17547,189.2222222,17547,0.65,27,1,17547,,,,,0,0,D04,,,,,,,,FALSE,,FALSE,Te.F.2.H.A,Teal,dorm_sample,60
R022_R024.combined.D04,u2643ctg_len-22976_circular-no_depth-1-1-1_duplicated-no,3.03,0.01,Neural Network (Specific Model),11,0.915,22976,292.3333333,22976,0.67,24,1,22976,,,,,0,0,D04,,,,,,,,FALSE,u2643ctg_len-22976_circular-no_depth-1-1-1_duplicated-no,FALSE,Te.F.2.H.A,Teal,dorm_sample,60
R022_R024.combined.D04,u2699ctg_len-48821_circular-no_depth-1-1-1_duplicated-no,3.85,0,Neural Network (Specific Model),11,0.844,48821,246.0178571,48821,0.66,56,1,48821,,,,,0,0,D04,,,,,,,,FALSE,u2699ctg_len-48821_circular-no_depth-1-1-1_duplicated-no,FALSE,Te.F.2.H.A,Teal,dorm_sample,60
R022_R024.combined.D04,u2700ctg_len-16016_circular-no_depth-2-2-2_duplicated-no,7.19,0,Gradient Boost (General Model),11,0.915,16016,175.1428571,16016,0.69,28,1,16016,,,,,0,0,D04,,,,,,,,FALSE,u2700ctg_len-16016_circular-no_depth-2-2-2_duplicated-no,FALSE,Te.F.2.H.A,Teal,dorm_sample,60
R022_R024.combined.D04,u2702ctg_len-24495_circular-no_depth-1-1-1_duplicated-no,2.41,0,Neural Network (Specific Model),11,0.872,24495,298.125,24495,0.68,24,1,24495,,,,,0,0,D04,,,,,,,,FALSE,u2702ctg_len-24495_circular-no_depth-1-1-1_duplicated-no,FALSE,Te.F.2.H.A,Teal,dorm_sample,60
R022_R024.combined.D04,u2707ctg_len-20564_circular-no_depth-1-1-1_duplicated-no,5.81,0,Gradient Boost (General Model),11,0.844,20564,231.48,20564,0.66,25,1,20564,,,,,0,0,D04,,,,,,,,FALSE,u2707ctg_len-20564_circular-no_depth-1-1-1_duplicated-no,FALSE,Te.F.2.H.A,Teal,dorm_sample,60
R022_R024.combined.D04,u2711ctg_len-16672_circular-no_depth-1-1-1_duplicated-no,7.34,0,Gradient Boost (General Model),11,0.904,16672,316.1875,16672,0.67,16,1,16672,,,,,0,0,D04,,,,,,,,FALSE,u2711ctg_len-16672_circular-no_depth-1-1-1_duplicated-no,FALSE,Te.F.2.H.A,Teal,dorm_sample,60
R022_R024.combined.D04,u2729ctg_len-32778_circular-no_depth-1-1-1_duplicated-no,2.14,0,Neural Network (Specific Model),11,0.943,32778,332.8387097,32778,0.65,31,1,32778,,,,,0,0,D04,,,,,,,,FALSE,u2729ctg_len-32778_circular-no_depth-1-1-1_duplicated-no,FALSE,Te.F.2.H.A,Teal,dorm_sample,60
R022_R024.combined.D04,u2736ctg_len-11330_circular-no_depth-1-1-1_duplicated-no,7.09,0.01,Gradient Boost (General Model),11,0.875,11330,276.1666667,11330,0.69,12,1,11330,,,,,0,0,D04,,,,,,,,FALSE,u2736ctg_len-11330_circular-no_depth-1-1-1_duplicated-no,FALSE,Te.F.2.H.A,Teal,dorm_sample,60
R022_R024.combined.D04,u2756ctg_len-39060_circular-no_depth-1-1-1_duplicated-no,2.84,0,Neural Network (Specific Model),11,0.909,39060,312.1052632,39060,0.62,38,1,39060,,,,,0,0,D04,,,,,,,,FALSE,u2756ctg_len-39060_circular-no_depth-1-1-1_duplicated-no,FALSE,Te.F.2.H.A,Teal,dorm_sample,60
R022_R024.combined.D04,u2782ctg_len-13604_circular-no_depth-1-1-1_duplicated-no,8.25,0,Gradient Boost (General Model),11,0.922,13604,234.0555556,13604,0.66,18,1,13604,,,,,0,0,D04,,,,,,,,FALSE,u2782ctg_len-13604_circular-no_depth-1-1-1_duplicated-no,FALSE,Te.F.2.H.A,Teal,dorm_sample,60
R022_R024.combined.D04,u2793ctg_len-31931_circular-no_depth-1-1-1_duplicated-no,2.4,0,Neural Network (Specific Model),11,0.868,31931,250.3243243,31931,0.66,37,1,31931,,,,,0,0,D04,,,,,,,,FALSE,u2793ctg_len-31931_circular-no_depth-1-1-1_duplicated-no,FALSE,Te.F.2.H.A,Teal,dorm_sample,60
R022_R024.combined.D04,u2794ctg_len-23996_circular-no_depth-1-1-1_duplicated-no,2.19,0,Neural Network (Specific Model),11,0.946,23996,317.125,23996,0.66,24,1,23996,,,,,0,0,D04,,,,,,,,FALSE,u2794ctg_len-23996_circular-no_depth-1-1-1_duplicated-no,FALSE,Te.F.2.H.A,Teal,dorm_sample,60
R022_R024.combined.D04,u2797ctg_len-17566_circular-no_depth-1-1-1_duplicated-no,5.03,0,Gradient Boost (General Model),11,0.883,17566,347.1333333,17566,0.64,15,1,17566,,,,,0,0,D04,,,,,,,,FALSE,u2797ctg_len-17566_circular-no_depth-1-1-1_duplicated-no,FALSE,Te.F.2.H.A,Teal,dorm_sample,60
R022_R024.combined.D04,u2799ctg_len-14720_circular-no_depth-1-1-1_duplicated-no,4.86,0,Gradient Boost (General Model),11,0.878,14720,239.3888889,14720,0.67,18,1,14720,,,,,0,0,D04,,,,,,,,FALSE,u2799ctg_len-14720_circular-no_depth-1-1-1_duplicated-no,FALSE,Te.F.2.H.A,Teal,dorm_sample,60
R022_R024.combined.D04,u2809ctg_len-7736_circular-no_depth-1-1-1_duplicated-no,5.88,0,Gradient Boost (General Model),11,0.951,7736,490.4,7736,0.66,5,1,7736,,,,,0,0,D04,,,,,,,,FALSE,u2809ctg_len-7736_circular-no_depth-1-1-1_duplicated-no,FALSE,Te.F.2.H.A,Teal,dorm_sample,60
R022_R024.combined.D04,u2841ctg_len-12723_circular-no_depth-1-1-1_duplicated-no,6.37,0,Gradient Boost (General Model),11,0.854,12723,263.2142857,12723,0.66,14,1,12723,,,,,0,0,D04,,,,,,,,FALSE,u2841ctg_len-12723_circular-no_depth-1-1-1_duplicated-no,FALSE,Te.F.2.H.A,Teal,dorm_sample,60
R022_R024.combined.D04,u2850ctg_len-8524_circular-no_depth-2-2-2_duplicated-no,6.41,0,Gradient Boost (General Model),11,0.963,8524,456.1666667,8524,0.65,6,1,8524,,,,,0,0,D04,,,,,,,,FALSE,u2850ctg_len-8524_circular-no_depth-2-2-2_duplicated-no,FALSE,Te.F.2.H.A,Teal,dorm_sample,60
R022_R024.combined.D04,u2865ctg_len-24912_circular-no_depth-1-1-1_duplicated-no,2.56,0,Neural Network (Specific Model),11,0.843,24912,208.4117647,24912,0.67,34,1,24912,,,,,0,0,D04,,,,,,,,FALSE,u2865ctg_len-24912_circular-no_depth-1-1-1_duplicated-no,FALSE,Te.F.2.H.A,Teal,dorm_sample,60
R022_R024.combined.D04,u2875ctg_len-25283_circular-no_depth-1-1-1_duplicated-no,2.68,0,Neural Network (Specific Model),11,0.825,25283,279.28,25283,0.69,25,1,25283,,,,,0,0,D04,,,,,,,,FALSE,u2875ctg_len-25283_circular-no_depth-1-1-1_duplicated-no,FALSE,Te.F.2.H.A,Teal,dorm_sample,60
R022_R024.combined.D04,u2879ctg_len-24797_circular-no_depth-1-1-1_duplicated-no,2.74,0,Neural Network (Specific Model),11,0.83,24797,326.7619048,24797,0.66,21,1,24797,,,,,0,0,D04,,,,,,,,FALSE,u2879ctg_len-24797_circular-no_depth-1-1-1_duplicated-no,FALSE,Te.F.2.H.A,Teal,dorm_sample,60
R022_R024.combined.D04,u2884ctg_len-19489_circular-no_depth-1-1-1_duplicated-no,2.24,0,Neural Network (Specific Model),11,0.954,19489,262.125,19489,0.67,24,1,19489,,,,,0,0,D04,,,,,,,,FALSE,u2884ctg_len-19489_circular-no_depth-1-1-1_duplicated-no,FALSE,Te.F.2.H.A,Teal,dorm_sample,60
R022_R024.combined.D04,u2892ctg_len-13017_circular-no_depth-1-1-1_duplicated-no,5.12,0,Gradient Boost (General Model),11,0.929,13017,270,13017,0.61,15,1,13017,,,,,0,0,D04,,,,,,,,FALSE,u2892ctg_len-13017_circular-no_depth-1-1-1_duplicated-no,FALSE,Te.F.2.H.A,Teal,dorm_sample,60
R022_R024.combined.D04,u2910ctg_len-29745_circular-no_depth-1-1-1_duplicated-no,2.51,0,Neural Network (Specific Model),11,0.877,29745,311.7857143,29745,0.69,28,1,29745,,,,,0,0,D04,,,,,,,,FALSE,u2910ctg_len-29745_circular-no_depth-1-1-1_duplicated-no,FALSE,Te.F.2.H.A,Teal,dorm_sample,60
R022_R024.combined.D04,u2917ctg_len-30255_circular-no_depth-1-1-1_duplicated-no,2.54,0,Neural Network (Specific Model),11,0.835,30255,280.9666667,30255,0.66,30,1,30255,,,,,0,0,D04,,,,,,,,FALSE,u2917ctg_len-30255_circular-no_depth-1-1-1_duplicated-no,FALSE,Te.F.2.H.A,Teal,dorm_sample,60
R022_R024.combined.D04,u2970ctg_len-22412_circular-no_depth-1-1-1_duplicated-no,2.93,0,Neural Network (Specific Model),11,0.933,22412,332.0952381,22412,0.69,21,1,22412,,,,,0,0,D04,,,,,,,,FALSE,u2970ctg_len-22412_circular-no_depth-1-1-1_duplicated-no,FALSE,Te.F.2.H.A,Teal,dorm_sample,60
R022_R024.combined.D04,u2989ctg_len-10457_circular-no_depth-1-1-1_duplicated-no,5.03,0,Gradient Boost (General Model),11,0.928,10457,270.4166667,10457,0.68,12,1,10457,,,,,0,0,D04,,,,,,,,FALSE,u2989ctg_len-10457_circular-no_depth-1-1-1_duplicated-no,FALSE,Te.F.2.H.A,Teal,dorm_sample,60
R022_R024.combined.D04,u2993ctg_len-24488_circular-no_depth-1-1-1_duplicated-no,2.74,0,Neural Network (Specific Model),11,0.888,24488,280.8461538,24488,0.67,26,1,24488,,,,,0,0,D04,,,,,,,,FALSE,u2993ctg_len-24488_circular-no_depth-1-1-1_duplicated-no,FALSE,Te.F.2.H.A,Teal,dorm_sample,60
R022_R024.combined.D04,u2996ctg_len-26337_circular-no_depth-1-1-1_duplicated-no,2.81,0,Neural Network (Specific Model),11,0.927,26337,301.962963,26337,0.67,27,1,26337,,,,,0,0,D04,,,,,,,,FALSE,u2996ctg_len-26337_circular-no_depth-1-1-1_duplicated-no,FALSE,Te.F.2.H.A,Teal,dorm_sample,60
R022_R024.combined.D04,u2998ctg_len-34805_circular-no_depth-1-1-1_duplicated-no,2.08,0,Neural Network (Specific Model),11,0.891,34805,297.3714286,34805,0.67,35,1,34805,,,,,0,0,D04,,,,,,,,FALSE,u2998ctg_len-34805_circular-no_depth-1-1-1_duplicated-no,FALSE,Te.F.2.H.A,Teal,dorm_sample,60
R022_R024.combined.D04,u3007ctg_len-13998_circular-no_depth-1-1-1_duplicated-no,5.03,0,Gradient Boost (General Model),11,0.826,13998,298.4615385,13998,0.66,13,1,13998,,,,,0,0,D04,,,,,,,,FALSE,u3007ctg_len-13998_circular-no_depth-1-1-1_duplicated-no,FALSE,Te.F.2.H.A,Teal,dorm_sample,60
R022_R024.combined.D04,u3027ctg_len-17878_circular-no_depth-1-1-1_duplicated-no,5.07,0,Gradient Boost (General Model),11,0.889,17878,279.8421053,17878,0.66,19,1,17878,,,,,0,0,D04,,,,,,,,FALSE,u3027ctg_len-17878_circular-no_depth-1-1-1_duplicated-no,FALSE,Te.F.2.H.A,Teal,dorm_sample,60
R022_R024.combined.D04,u3043ctg_len-29996_circular-no_depth-1-1-1_duplicated-no,2.82,0,Neural Network (Specific Model),11,0.807,29996,219.8918919,29996,0.66,37,1,29996,,,,,0,0,D04,,,,,,,,FALSE,u3043ctg_len-29996_circular-no_depth-1-1-1_duplicated-no,FALSE,Te.F.2.H.A,Teal,dorm_sample,60
R022_R024.combined.D04,u3074ctg_len-23344_circular-no_depth-1-1-1_duplicated-no,2.17,0.01,Neural Network (Specific Model),11,0.886,23344,276.64,23344,0.68,25,1,23344,,,,,0,0,D04,,,,,,,,FALSE,u3074ctg_len-23344_circular-no_depth-1-1-1_duplicated-no,FALSE,Te.F.2.H.A,Teal,dorm_sample,60
R022_R024.combined.D04,u3082ctg_len-38239_circular-no_depth-1-1-1_duplicated-no,2.55,0,Neural Network (Specific Model),11,0.883,38239,251.6888889,38239,0.66,45,1,38239,,,,,0,0,D04,,,,,,,,FALSE,u3082ctg_len-38239_circular-no_depth-1-1-1_duplicated-no,FALSE,Te.F.2.H.A,Teal,dorm_sample,60
R022_R024.combined.D04,u3092ctg_len-16413_circular-possibly_depth-1-1-1_duplicated-no,6.38,0,Gradient Boost (General Model),11,0.889,16413,212.173913,16413,0.68,23,1,16413,,,,,0,0,D04,,,,,,,,FALSE,,FALSE,Te.F.2.H.A,Teal,dorm_sample,60
R022_R024.combined.D04,u3097ctg_len-18751_circular-no_depth-2-2-2_duplicated-no,8.17,0.01,Gradient Boost (General Model),11,0.919,18751,338.8823529,18751,0.65,17,1,18751,,,,,0,0,D04,,,,,,,,FALSE,u3097ctg_len-18751_circular-no_depth-2-2-2_duplicated-no,FALSE,Te.F.2.H.A,Teal,dorm_sample,60
R022_R024.combined.D04,u3105ctg_len-7352_circular-no_depth-2-2-2_duplicated-no,6.4,0,Gradient Boost (General Model),11,0.88,7352,308.1428571,7352,0.68,7,1,7352,,,,,0,0,D04,,,,,,,,FALSE,u3105ctg_len-7352_circular-no_depth-2-2-2_duplicated-no,FALSE,Te.F.2.H.A,Teal,dorm_sample,60
R022_R024.combined.D04,u3145ctg_len-28361_circular-no_depth-1-1-1_duplicated-no,2.38,0,Neural Network (Specific Model),11,0.944,28361,374.0416667,28361,0.63,24,1,28361,,,,,0,0,D04,,,,,,,,FALSE,u3145ctg_len-28361_circular-no_depth-1-1-1_duplicated-no,FALSE,Te.F.2.H.A,Teal,dorm_sample,60
R022_R024.combined.D04,u3155ctg_len-17293_circular-no_depth-2-2-2_duplicated-no,4.59,0,Gradient Boost (General Model),11,0.833,17293,200.875,17293,0.64,24,1,17293,,,,,0,0,D04,,,,,,,,FALSE,u3155ctg_len-17293_circular-no_depth-2-2-2_duplicated-no,FALSE,Te.F.2.H.A,Teal,dorm_sample,60
R022_R024.combined.D04,u3165ctg_len-24148_circular-no_depth-1-1-1_duplicated-no,2,0,Neural Network (Specific Model),11,0.795,24148,229.25,24148,0.66,28,1,24148,,,,,0,0,D04,,,,,,,,FALSE,u3165ctg_len-24148_circular-no_depth-1-1-1_duplicated-no,FALSE,Te.F.2.H.A,Teal,dorm_sample,60
R022_R024.combined.D04,u3178ctg_len-9994_circular-no_depth-1-1-1_duplicated-no,6.01,0,Gradient Boost (General Model),11,0.862,9994,319.1111111,9994,0.66,9,1,9994,,,,,0,0,D04,,,,,,,,FALSE,u3178ctg_len-9994_circular-no_depth-1-1-1_duplicated-no,FALSE,Te.F.2.H.A,Teal,dorm_sample,60
R022_R024.combined.D04,u3195ctg_len-15359_circular-no_depth-1-1-1_duplicated-no,4.28,0,Gradient Boost (General Model),11,0.875,15359,280.125,15359,0.67,16,1,15359,,,,,0,0,D04,,,,,,,,FALSE,u3195ctg_len-15359_circular-no_depth-1-1-1_duplicated-no,FALSE,Te.F.2.H.A,Teal,dorm_sample,60
R022_R024.combined.D04,u3199ctg_len-23048_circular-no_depth-1-1-1_duplicated-no,7.11,0.01,Gradient Boost (General Model),11,0.893,23048,254.4444444,23048,0.73,27,1,23048,,,,,0,0,D04,,,,,,,,FALSE,u3199ctg_len-23048_circular-no_depth-1-1-1_duplicated-no,FALSE,Te.F.2.H.A,Teal,dorm_sample,60
R022_R024.combined.D04,u359ctg_len-18878_circular-no_depth-1-1-1_duplicated-no,2.18,0,Neural Network (Specific Model),11,0.846,18878,185.7241379,18878,0.63,29,1,18878,,,,,0,0,D04,,,,,,,,FALSE,u359ctg_len-18878_circular-no_depth-1-1-1_duplicated-no,FALSE,Te.F.2.H.A,Teal,dorm_sample,60
R022_R024.combined.D04,u398ctg_len-63792_circular-no_depth-1-1-1_duplicated-no,2.61,0,Neural Network (Specific Model),11,0.833,63792,241.0405405,63792,0.65,74,1,63792,,,,,0,0,D04,,,,,,,,FALSE,u398ctg_len-63792_circular-no_depth-1-1-1_duplicated-no,FALSE,Te.F.2.H.A,Teal,dorm_sample,60
R022_R024.combined.D04,u405ctg_len-17691_circular-no_depth-1-1-1_duplicated-no,8.37,0,Gradient Boost (General Model),11,0.96,17691,298.4736842,17691,0.68,19,1,17691,,,,,0,0,D04,,,,,,,,FALSE,u405ctg_len-17691_circular-no_depth-1-1-1_duplicated-no,FALSE,Te.F.2.H.A,Teal,dorm_sample,60
R022_R024.combined.D04,u485ctg_len-22512_circular-no_depth-1-1-1_duplicated-no,3.24,0,Neural Network (Specific Model),11,0.866,22512,385,22512,0.68,17,1,22512,,,,,0,0,D04,,,,,,,,FALSE,u485ctg_len-22512_circular-no_depth-1-1-1_duplicated-no,FALSE,Te.F.2.H.A,Teal,dorm_sample,60
R022_R024.combined.D04,u543ctg_len-14743_circular-no_depth-1-1-1_duplicated-no,6.3,0,Gradient Boost (General Model),11,0.916,14743,301.2,14743,0.67,15,1,14743,,,,,0,0,D04,,,,,,,,FALSE,u543ctg_len-14743_circular-no_depth-1-1-1_duplicated-no,FALSE,Te.F.2.H.A,Teal,dorm_sample,60
R022_R024.combined.D04,u661ctg_len-21763_circular-no_depth-1-1-1_duplicated-no,2.58,0,Neural Network (Specific Model),11,0.895,21763,261.56,21763,0.66,25,1,21763,,,,,0,0,D04,,,,,,,,FALSE,u661ctg_len-21763_circular-no_depth-1-1-1_duplicated-no,FALSE,Te.F.2.H.A,Teal,dorm_sample,60
R022_R024.combined.D04,u668ctg_len-20815_circular-no_depth-1-1-1_duplicated-no,6.29,0.01,Gradient Boost (General Model),11,0.905,20815,392.875,20815,0.62,16,1,20815,,,,,0,0,D04,,,,,,,,FALSE,u668ctg_len-20815_circular-no_depth-1-1-1_duplicated-no,FALSE,Te.F.2.H.A,Teal,dorm_sample,60
R022_R024.combined.D04,u726ctg_len-23749_circular-no_depth-1-1-1_duplicated-no,2.44,0,Neural Network (Specific Model),11,0.925,23749,294.2,23749,0.69,25,1,23749,,,,,0,0,D04,,,,,,,,FALSE,u726ctg_len-23749_circular-no_depth-1-1-1_duplicated-no,FALSE,Te.F.2.H.A,Teal,dorm_sample,60
R022_R024.combined.D04,u742ctg_len-17383_circular-no_depth-1-1-1_duplicated-no,5.25,0,Gradient Boost (General Model),11,0.855,17383,217.0869565,17383,0.66,23,1,17383,,,,,0,0,D04,,,,,,,,FALSE,u742ctg_len-17383_circular-no_depth-1-1-1_duplicated-no,FALSE,Te.F.2.H.A,Teal,dorm_sample,60
R022_R024.combined.D04,u798ctg_len-20584_circular-no_depth-1-1-1_duplicated-no,2.64,0,Neural Network (Specific Model),11,0.865,20584,230,20584,0.68,26,1,20584,,,,,0,0,D04,,,,,,,,FALSE,u798ctg_len-20584_circular-no_depth-1-1-1_duplicated-no,FALSE,Te.F.2.H.A,Teal,dorm_sample,60
R022_R024.combined.D04,u819ctg_len-18247_circular-no_depth-1-1-1_duplicated-no,2.56,0,Neural Network (Specific Model),11,0.918,18247,310.4444444,18247,0.66,18,1,18247,,,,,0,0,D04,,,,,,,,FALSE,u819ctg_len-18247_circular-no_depth-1-1-1_duplicated-no,FALSE,Te.F.2.H.A,Teal,dorm_sample,60
R022_R024.combined.D04,u825ctg_len-23542_circular-no_depth-1-1-1_duplicated-no,2.58,0,Neural Network (Specific Model),11,0.89,23542,226.2903226,23542,0.67,31,1,23542,,,,,0,0,D04,,,,,,,,FALSE,u825ctg_len-23542_circular-no_depth-1-1-1_duplicated-no,FALSE,Te.F.2.H.A,Teal,dorm_sample,60
R022_R024.combined.D04,u969ctg_len-20042_circular-no_depth-2-2-2_duplicated-no,6.3,0,Gradient Boost (General Model),11,0.893,20042,285.2857143,20042,0.67,21,1,20042,,,,,0,0,D04,,,,,,,,FALSE,u969ctg_len-20042_circular-no_depth-2-2-2_duplicated-no,FALSE,Te.F.2.H.A,Teal,dorm_sample,60
R022_R024.combined.D04,u977ctg_len-18562_circular-no_depth-1-1-1_duplicated-no,6.12,0,Gradient Boost (General Model),11,0.695,18562,331.0769231,18562,0.63,13,1,18562,,,,,0,0,D04,,,,,,,,FALSE,u977ctg_len-18562_circular-no_depth-1-1-1_duplicated-no,FALSE,Te.F.2.H.A,Teal,dorm_sample,60
R022_R024.combined.F04,u1179ctg_len-5554_circular-possibly_depth-2-2-2_duplicated-no,6.38,0,Gradient Boost (General Model),11,0.802,5554,166.2222222,5554,0.63,9,1,5554,,,,,0,0,F04,,,,,,,,FALSE,,FALSE,Te.F.2.H.C,Teal,dorm_sample,63.75
R022_R024.combined.F04,u1220ctg_len-12283_circular-no_depth-1-1-1_duplicated-no,5.09,0,Gradient Boost (General Model),11,0.908,12283,285.8461538,12283,0.7,13,1,12283,,,,,0,0,F04,,,,,,,,FALSE,u1220ctg_len-12283_circular-no_depth-1-1-1_duplicated-no,FALSE,Te.F.2.H.C,Teal,dorm_sample,63.75
R022_R024.combined.F04,u1237ctg_len-22526_circular-no_depth-1-1-1_duplicated-no,2.75,0,Neural Network (Specific Model),11,0.802,22526,252.0833333,22526,0.65,24,1,22526,,,,,0,0,F04,,,,,,,,FALSE,u1237ctg_len-22526_circular-no_depth-1-1-1_duplicated-no,FALSE,Te.F.2.H.C,Teal,dorm_sample,63.75
R022_R024.combined.F04,u1303ctg_len-27783_circular-no_depth-1-1-1_duplicated-no,2.42,0,Neural Network (Specific Model),11,0.852,27783,281.8214286,27783,0.66,28,1,27783,,,,,0,0,F04,,,,,,,,FALSE,u1303ctg_len-27783_circular-no_depth-1-1-1_duplicated-no,FALSE,Te.F.2.H.C,Teal,dorm_sample,63.75
R022_R024.combined.F04,u1334ctg_len-19504_circular-no_depth-1-1-1_duplicated-no,6.48,0,Gradient Boost (General Model),11,0.899,19504,278.7142857,19504,0.68,21,1,19504,,,,,0,0,F04,,,,,,,,FALSE,u1334ctg_len-19504_circular-no_depth-1-1-1_duplicated-no,FALSE,Te.F.2.H.C,Teal,dorm_sample,63.75
R022_R024.combined.F04,u1431ctg_len-7429_circular-possibly_depth-2-2-2_duplicated-no,6.22,0,Gradient Boost (General Model),11,0.758,7429,313,7429,0.49,6,1,7429,,,,,0,0,F04,,,,,,,,FALSE,,FALSE,Te.F.2.H.C,Teal,dorm_sample,63.75
R022_R024.combined.F04,u1515ctg_len-36782_circular-no_depth-1-1-1_duplicated-no,3.28,0,Neural Network (Specific Model),11,0.862,36782,295.8333333,36782,0.67,36,1,36782,,,,,0,0,F04,,,,,,,,FALSE,u1515ctg_len-36782_circular-no_depth-1-1-1_duplicated-no,FALSE,Te.F.2.H.C,Teal,dorm_sample,63.75
R022_R024.combined.F04,u1679ctg_len-10151_circular-yes_depth-8-8-8_duplicated-no,6.38,0,Gradient Boost (General Model),11,0.695,10151,213.7272727,10151,0.49,11,1,10151,,,,,0,0,F04,,,,,,,,FALSE,u1679ctg_len-10151_circular-yes_depth-8-8-8_duplicated-no,TRUE,Te.F.2.H.C,Teal,dorm_sample,63.75
R022_R024.combined.F04,u1719ctg_len-24466_circular-no_depth-1-1-1_duplicated-no,2,0,Neural Network (Specific Model),11,0.919,24466,536.4285714,24466,0.7,14,1,24466,,,,,0,0,F04,,,,,,,,FALSE,u1719ctg_len-24466_circular-no_depth-1-1-1_duplicated-no,FALSE,Te.F.2.H.C,Teal,dorm_sample,63.75
R022_R024.combined.F04,u1785ctg_len-15923_circular-no_depth-1-1-1_duplicated-no,4.21,0,Gradient Boost (General Model),11,0.84,15923,203.9545455,15923,0.64,22,1,15923,,,,,0,0,F04,,,,,,,,FALSE,u1785ctg_len-15923_circular-no_depth-1-1-1_duplicated-no,FALSE,Te.F.2.H.C,Teal,dorm_sample,63.75
R022_R024.combined.F04,u1820ctg_len-8235_circular-possibly_depth-3-3-3_duplicated-no,6.38,0,Gradient Boost (General Model),11,0.928,8235,183.2142857,8235,0.58,14,1,8235,,,,,0,0,F04,,,,,,,,FALSE,,FALSE,Te.F.2.H.C,Teal,dorm_sample,63.75
R022_R024.combined.F04,u1969ctg_len-22943_circular-no_depth-1-1-1_duplicated-no,2.28,0,Neural Network (Specific Model),11,0.938,22943,314.6521739,22943,0.65,23,1,22943,,,,,0,0,F04,,,,,,,,FALSE,u1969ctg_len-22943_circular-no_depth-1-1-1_duplicated-no,FALSE,Te.F.2.H.C,Teal,dorm_sample,63.75
R022_R024.combined.F04,u2003ctg_len-16981_circular-no_depth-1-1-1_duplicated-no,6.2,0,Gradient Boost (General Model),11,0.747,16981,234.8888889,16981,0.42,18,1,16981,,,,,0,0,F04,,,,,,,,FALSE,u2003ctg_len-16981_circular-no_depth-1-1-1_duplicated-no,FALSE,Te.F.2.H.C,Teal,dorm_sample,63.75
R022_R024.combined.F04,u2075ctg_len-33288_circular-no_depth-1-1-1_duplicated-no,2.26,0,Neural Network (Specific Model),11,0.803,33288,199.1111111,33288,0.5,45,1,33288,,,,,0,0,F04,,,,,,,,FALSE,u2075ctg_len-33288_circular-no_depth-1-1-1_duplicated-no,FALSE,Te.F.2.H.C,Teal,dorm_sample,63.75
R022_R024.combined.F04,u2132ctg_len-35155_circular-no_depth-1-1-1_duplicated-no,2.99,0,Neural Network (Specific Model),11,0.893,35155,309.5882353,35155,0.65,34,1,35155,,,,,0,0,F04,,,,,,,,FALSE,u2132ctg_len-35155_circular-no_depth-1-1-1_duplicated-no,FALSE,Te.F.2.H.C,Teal,dorm_sample,63.75
R022_R024.combined.F04,u2197ctg_len-12109_circular-no_depth-3-3-3_duplicated-no,6.27,0,Gradient Boost (General Model),11,0.898,12109,260.7857143,12109,0.66,14,1,12109,,,,,0,0,F04,,,,,,,,FALSE,u2197ctg_len-12109_circular-no_depth-3-3-3_duplicated-no,FALSE,Te.F.2.H.C,Teal,dorm_sample,63.75
R022_R024.combined.F04,u2223ctg_len-13105_circular-possibly_depth-1-1-1_duplicated-no,6.38,0,Gradient Boost (General Model),11,0.835,13105,246.3333333,13105,0.5,15,1,13105,,,,,0,0,F04,,,,,,,,FALSE,,FALSE,Te.F.2.H.C,Teal,dorm_sample,63.75
R022_R024.combined.F04,u2252ctg_len-26861_circular-no_depth-1-1-1_duplicated-no,2.51,0,Neural Network (Specific Model),11,0.819,26861,229.96875,26861,0.64,32,1,26861,,,,,0,0,F04,,,,,,,,FALSE,u2252ctg_len-26861_circular-no_depth-1-1-1_duplicated-no,FALSE,Te.F.2.H.C,Teal,dorm_sample,63.75
R022_R024.combined.F04,u2353ctg_len-32133_circular-no_depth-1-1-1_duplicated-no,3.84,0.07,Neural Network (Specific Model),11,0.878,32133,314.2333333,32133,0.68,30,1,32133,,,,,0,0,F04,,,,,,,,FALSE,u2353ctg_len-32133_circular-no_depth-1-1-1_duplicated-no,FALSE,Te.F.2.H.C,Teal,dorm_sample,63.75
R022_R024.combined.F04,u2403ctg_len-28097_circular-no_depth-1-1-1_duplicated-no,2.31,0,Neural Network (Specific Model),11,0.825,28097,298.1153846,28097,0.49,26,1,28097,,,,,0,0,F04,,,,,,,,FALSE,u2403ctg_len-28097_circular-no_depth-1-1-1_duplicated-no,FALSE,Te.F.2.H.C,Teal,dorm_sample,63.75
R022_R024.combined.F04,u2528ctg_len-9891_circular-possibly_depth-1-1-1_duplicated-no,6.14,0,Gradient Boost (General Model),11,0.809,9891,222.5833333,9891,0.5,12,1,9891,,,,,0,0,F04,,,,,,,,FALSE,,FALSE,Te.F.2.H.C,Teal,dorm_sample,63.75
R022_R024.combined.F04,u2552ctg_len-10227_circular-possibly_depth-2-2-2_duplicated-no,6.38,0,Gradient Boost (General Model),11,0.66,10227,250,10227,0.49,9,1,10227,,,,,0,0,F04,,,,,,,,FALSE,,FALSE,Te.F.2.H.C,Teal,dorm_sample,63.75
R022_R024.combined.F04,u2707ctg_len-5660_circular-no_depth-2-2-2_duplicated-no,6.3,0,Gradient Boost (General Model),11,0.902,5660,340.6,5660,0.65,5,1,5660,,,,,0,0,F04,,,,,,,,FALSE,u2707ctg_len-5660_circular-no_depth-2-2-2_duplicated-no,FALSE,Te.F.2.H.C,Teal,dorm_sample,63.75
R022_R024.combined.F04,u2768ctg_len-19541_circular-no_depth-1-1-1_duplicated-no,3.14,0,Neural Network (Specific Model),11,0.883,19541,338.7058824,19541,0.67,17,1,19541,,,,,0,0,F04,,,,,,,,FALSE,u2768ctg_len-19541_circular-no_depth-1-1-1_duplicated-no,FALSE,Te.F.2.H.C,Teal,dorm_sample,63.75
R022_R024.combined.F04,u2812ctg_len-21803_circular-no_depth-1-1-1_duplicated-no,5.84,0,Gradient Boost (General Model),11,0.859,21803,252,21803,0.66,25,1,21803,,,,,0,0,F04,,,,,,,,FALSE,u2812ctg_len-21803_circular-no_depth-1-1-1_duplicated-no,FALSE,Te.F.2.H.C,Teal,dorm_sample,63.75
R022_R024.combined.F04,u2890ctg_len-24888_circular-no_depth-1-1-1_duplicated-no,2.61,0,Neural Network (Specific Model),11,0.841,24888,250.3571429,24888,0.66,28,1,24888,,,,,0,0,F04,,,,,,,,FALSE,u2890ctg_len-24888_circular-no_depth-1-1-1_duplicated-no,FALSE,Te.F.2.H.C,Teal,dorm_sample,63.75
R022_R024.combined.F04,u2961ctg_len-20087_circular-no_depth-1-1-1_duplicated-no,3,0,Neural Network (Specific Model),11,0.913,20087,382.3125,20087,0.7,16,1,20087,,,,,0,0,F04,,,,,,,,FALSE,u2961ctg_len-20087_circular-no_depth-1-1-1_duplicated-no,FALSE,Te.F.2.H.C,Teal,dorm_sample,63.75
R022_R024.combined.F04,u3120ctg_len-23230_circular-no_depth-1-1-1_duplicated-no,2.66,0,Neural Network (Specific Model),11,0.934,23230,361.95,23230,0.67,20,1,23230,,,,,0,0,F04,,,,,,,,FALSE,u3120ctg_len-23230_circular-no_depth-1-1-1_duplicated-no,FALSE,Te.F.2.H.C,Teal,dorm_sample,63.75
R022_R024.combined.F04,u3126ctg_len-46595_circular-no_depth-1-1-1_duplicated-no,2.6,0,Neural Network (Specific Model),11,0.891,46595,432.71875,46595,0.47,32,1,46595,,,,,0,0,F04,,,,,,,,FALSE,u3126ctg_len-46595_circular-no_depth-1-1-1_duplicated-no,FALSE,Te.F.2.H.C,Teal,dorm_sample,63.75
R022_R024.combined.F04,u3250ctg_len-14634_circular-possibly_depth-1-1-1_duplicated-no,4.38,0,Gradient Boost (General Model),11,0.793,14634,203.7894737,14634,0.6,19,1,14634,,,,,0,0,F04,,,,,,,,FALSE,,FALSE,Te.F.2.H.C,Teal,dorm_sample,63.75
R022_R024.combined.F04,u3284ctg_len-25356_circular-no_depth-1-1-1_duplicated-possibly,2.36,0,Neural Network (Specific Model),11,0.84,25356,185.7692308,25356,0.65,39,1,25356,,,,,0,0,F04,,,,,,,,FALSE,u3284ctg_len-25356_circular-no_depth-1-1-1_duplicated-possibly,FALSE,Te.F.2.H.C,Teal,dorm_sample,63.75
R022_R024.combined.F04,u3351ctg_len-19977_circular-no_depth-1-1-1_duplicated-no,2.39,0,Neural Network (Specific Model),11,0.877,19977,254.2173913,19977,0.66,23,1,19977,,,,,0,0,F04,,,,,,,,FALSE,u3351ctg_len-19977_circular-no_depth-1-1-1_duplicated-no,FALSE,Te.F.2.H.C,Teal,dorm_sample,63.75
R022_R024.combined.F04,u3362ctg_len-14656_circular-no_depth-1-1-1_duplicated-no,5.95,0,Gradient Boost (General Model),11,0.82,14656,191.7142857,14656,0.62,21,1,14656,,,,,0,0,F04,,,,,,,,FALSE,u3362ctg_len-14656_circular-no_depth-1-1-1_duplicated-no,FALSE,Te.F.2.H.C,Teal,dorm_sample,63.75
R022_R024.combined.F04,u3430ctg_len-23750_circular-no_depth-1-1-1_duplicated-no,2.95,0,Neural Network (Specific Model),11,0.9,23750,255.0357143,23750,0.66,28,1,23750,,,,,0,0,F04,,,,,,,,FALSE,u3430ctg_len-23750_circular-no_depth-1-1-1_duplicated-no,FALSE,Te.F.2.H.C,Teal,dorm_sample,63.75
R022_R024.combined.F04,u3532ctg_len-19961_circular-no_depth-1-1-1_duplicated-no,6.38,0,Gradient Boost (General Model),11,0.827,19961,158.0571429,19961,0.63,35,1,19961,,,,,0,0,F04,,,,,,,,FALSE,u3532ctg_len-19961_circular-no_depth-1-1-1_duplicated-no,FALSE,Te.F.2.H.C,Teal,dorm_sample,63.75
R022_R024.combined.F04,u3582ctg_len-18546_circular-no_depth-1-1-1_duplicated-no,5.03,0,Gradient Boost (General Model),11,0.895,18546,188.0666667,18546,0.61,30,1,18546,,,,,0,0,F04,,,,,,,,FALSE,u3582ctg_len-18546_circular-no_depth-1-1-1_duplicated-no,FALSE,Te.F.2.H.C,Teal,dorm_sample,63.75
R022_R024.combined.F04,u3616ctg_len-30579_circular-no_depth-1-1-1_duplicated-no,2.93,0,Neural Network (Specific Model),11,0.901,30579,279.030303,30579,0.63,33,1,30579,,,,,0,0,F04,,,,,,,,FALSE,u3616ctg_len-30579_circular-no_depth-1-1-1_duplicated-no,FALSE,Te.F.2.H.C,Teal,dorm_sample,63.75
R022_R024.combined.F04,u3621ctg_len-21252_circular-no_depth-1-1-1_duplicated-no,2.54,0,Neural Network (Specific Model),11,0.955,21252,262.3461538,21252,0.69,26,1,21252,,,,,0,0,F04,,,,,,,,FALSE,u3621ctg_len-21252_circular-no_depth-1-1-1_duplicated-no,FALSE,Te.F.2.H.C,Teal,dorm_sample,63.75
R022_R024.combined.F04,u3675ctg_len-39058_circular-no_depth-1-1-1_duplicated-no,2.72,0,Neural Network (Specific Model),11,0.9,39058,210.5892857,39058,0.68,56,1,39058,,,,,0,0,F04,,,,,,,,FALSE,u3675ctg_len-39058_circular-no_depth-1-1-1_duplicated-no,FALSE,Te.F.2.H.C,Teal,dorm_sample,63.75
R022_R024.combined.F04,u3749ctg_len-14438_circular-no_depth-1-1-1_duplicated-no,4.6,0,Gradient Boost (General Model),11,0.902,14438,271.5625,14438,0.7,16,1,14438,,,,,0,0,F04,,,,,,,,FALSE,u3749ctg_len-14438_circular-no_depth-1-1-1_duplicated-no,FALSE,Te.F.2.H.C,Teal,dorm_sample,63.75
R022_R024.combined.F04,u3789ctg_len-29785_circular-no_depth-1-1-1_duplicated-no,2.47,0,Neural Network (Specific Model),11,0.805,29785,213.7631579,29785,0.6,38,1,29785,,,,,0,0,F04,,,,,,,,FALSE,u3789ctg_len-29785_circular-no_depth-1-1-1_duplicated-no,FALSE,Te.F.2.H.C,Teal,dorm_sample,63.75
R022_R024.combined.F04,u3850ctg_len-12241_circular-no_depth-1-1-1_duplicated-no,16.24,0,Gradient Boost (General Model),11,0.891,12241,181.9,12241,0.65,20,1,12241,,,,,0,0,F04,,,,,,,,FALSE,u3850ctg_len-12241_circular-no_depth-1-1-1_duplicated-no,FALSE,Te.F.2.H.C,Teal,dorm_sample,63.75
R022_R024.combined.F04,u3909ctg_len-27111_circular-no_depth-1-1-1_duplicated-no,3.27,0.04,Neural Network (Specific Model),11,0.917,27111,318.8076923,27111,0.64,26,1,27111,,,,,0,0,F04,,,,,,,,FALSE,u3909ctg_len-27111_circular-no_depth-1-1-1_duplicated-no,FALSE,Te.F.2.H.C,Teal,dorm_sample,63.75
R022_R024.combined.F04,u3910ctg_len-15489_circular-no_depth-1-1-1_duplicated-no,4.95,0,Gradient Boost (General Model),11,0.858,15489,262.7647059,15489,0.61,17,1,15489,,,,,0,0,F04,,,,,,,,FALSE,u3910ctg_len-15489_circular-no_depth-1-1-1_duplicated-no,FALSE,Te.F.2.H.C,Teal,dorm_sample,63.75
R022_R024.combined.F04,u4010ctg_len-18746_circular-no_depth-1-1-1_duplicated-no,2.39,0,Neural Network (Specific Model),11,0.835,18746,227.7826087,18746,0.65,23,1,18746,,,,,0,0,F04,,,,,,,,FALSE,u4010ctg_len-18746_circular-no_depth-1-1-1_duplicated-no,FALSE,Te.F.2.H.C,Teal,dorm_sample,63.75
R022_R024.combined.F04,u4011ctg_len-10468_circular-no_depth-1-1-1_duplicated-no,6.36,0,Gradient Boost (General Model),11,0.92,10468,321.1,10468,0.48,10,1,10468,,,,,0,0,F04,,,,,,,,FALSE,u4011ctg_len-10468_circular-no_depth-1-1-1_duplicated-no,FALSE,Te.F.2.H.C,Teal,dorm_sample,63.75
R022_R024.combined.F04,u4016ctg_len-11443_circular-possibly_depth-3-3-3_duplicated-no,5.64,0,Gradient Boost (General Model),11,0.771,11443,269,11443,0.48,11,1,11443,,,,,0,0,F04,,,,,,,,FALSE,,FALSE,Te.F.2.H.C,Teal,dorm_sample,63.75
R022_R024.combined.F04,u4031ctg_len-12717_circular-no_depth-1-1-1_duplicated-no,4.33,0,Gradient Boost (General Model),11,0.924,12717,262.7333333,12717,0.61,15,1,12717,,,,,0,0,F04,,,,,,,,FALSE,u4031ctg_len-12717_circular-no_depth-1-1-1_duplicated-no,FALSE,Te.F.2.H.C,Teal,dorm_sample,63.75
R022_R024.combined.F04,u4056ctg_len-8133_circular-no_depth-2-2-2_duplicated-no,6.6,0,Gradient Boost (General Model),11,0.876,8133,198,8133,0.68,12,1,8133,,,,,0,0,F04,,,,,,,,FALSE,u4056ctg_len-8133_circular-no_depth-2-2-2_duplicated-no,FALSE,Te.F.2.H.C,Teal,dorm_sample,63.75
R022_R024.combined.F04,u4057ctg_len-13154_circular-no_depth-1-1-1_duplicated-no,6.38,0,Gradient Boost (General Model),11,0.862,13154,274.9285714,13154,0.63,14,1,13154,,,,,0,0,F04,,,,,,,,FALSE,u4057ctg_len-13154_circular-no_depth-1-1-1_duplicated-no,FALSE,Te.F.2.H.C,Teal,dorm_sample,63.75
R022_R024.combined.F04,u4095ctg_len-19967_circular-no_depth-1-1-1_duplicated-no,2.68,0,Neural Network (Specific Model),11,0.881,19967,204.0689655,19967,0.66,29,1,19967,,,,,0,0,F04,,,,,,,,FALSE,u4095ctg_len-19967_circular-no_depth-1-1-1_duplicated-no,FALSE,Te.F.2.H.C,Teal,dorm_sample,63.75
R022_R024.combined.F04,u4134ctg_len-13338_circular-no_depth-1-1-1_duplicated-no,6.25,0,Gradient Boost (General Model),11,0.893,13338,248.4375,13338,0.71,16,1,13338,,,,,0,0,F04,,,,,,,,FALSE,u4134ctg_len-13338_circular-no_depth-1-1-1_duplicated-no,FALSE,Te.F.2.H.C,Teal,dorm_sample,63.75
R022_R024.combined.F04,u4150ctg_len-23795_circular-possibly_depth-2-2-2_duplicated-no,2.35,0.01,Neural Network (Specific Model),11,0.818,23795,240.4814815,23795,0.64,27,1,23795,,,,,0,0,F04,,,,,,,,FALSE,,FALSE,Te.F.2.H.C,Teal,dorm_sample,63.75
R022_R024.combined.F04,u4165ctg_len-7855_circular-no_depth-2-2-2_duplicated-no,6.11,0,Gradient Boost (General Model),11,0.804,7855,301,7855,0.63,7,1,7855,,,,,0,0,F04,,,,,,,,FALSE,u4165ctg_len-7855_circular-no_depth-2-2-2_duplicated-no,FALSE,Te.F.2.H.C,Teal,dorm_sample,63.75
R022_R024.combined.F04,u4218ctg_len-28921_circular-no_depth-1-1-1_duplicated-no,2.14,0.01,Neural Network (Specific Model),11,0.885,28921,285.2333333,28921,0.64,30,1,28921,,,,,0,0,F04,,,,,,,,FALSE,u4218ctg_len-28921_circular-no_depth-1-1-1_duplicated-no,FALSE,Te.F.2.H.C,Teal,dorm_sample,63.75
R022_R024.combined.F04,u4240ctg_len-39409_circular-no_depth-1-1-1_duplicated-no,2.26,0,Neural Network (Specific Model),11,0.726,39409,212.7555556,39409,0.48,45,1,39409,,,,,0,0,F04,,,,,,,,FALSE,u4240ctg_len-39409_circular-no_depth-1-1-1_duplicated-no,FALSE,Te.F.2.H.C,Teal,dorm_sample,63.75
R022_R024.combined.F04,u4272ctg_len-43300_circular-no_depth-1-1-1_duplicated-no,2.76,0,Neural Network (Specific Model),11,0.878,43300,244.9230769,43300,0.65,52,1,43300,,,,,0,0,F04,,,,,,,,FALSE,u4272ctg_len-43300_circular-no_depth-1-1-1_duplicated-no,FALSE,Te.F.2.H.C,Teal,dorm_sample,63.75
R022_R024.combined.F04,u4330ctg_len-17544_circular-no_depth-1-1-1_duplicated-no,6.13,0,Gradient Boost (General Model),11,0.845,17544,235.8095238,17544,0.68,21,1,17544,,,,,0,0,F04,,,,,,,,FALSE,u4330ctg_len-17544_circular-no_depth-1-1-1_duplicated-no,FALSE,Te.F.2.H.C,Teal,dorm_sample,63.75
R022_R024.combined.F04,u783ctg_len-28447_circular-no_depth-1-1-1_duplicated-no,2.68,0,Neural Network (Specific Model),11,0.923,28447,258.5588235,28447,0.47,34,1,28447,,,,,0,0,F04,,,,,,,,FALSE,u783ctg_len-28447_circular-no_depth-1-1-1_duplicated-no,FALSE,Te.F.2.H.C,Teal,dorm_sample,63.75
R022_R024.combined.F04,u798ctg_len-27758_circular-no_depth-1-1-1_duplicated-no,2.29,0,Neural Network (Specific Model),11,0.895,27758,345.6666667,27758,0.71,24,1,27758,,,,,0,0,F04,,,,,,,,FALSE,u798ctg_len-27758_circular-no_depth-1-1-1_duplicated-no,FALSE,Te.F.2.H.C,Teal,dorm_sample,63.75
R022_R024.combined.F04,u915ctg_len-6473_circular-possibly_depth-3-3-3_duplicated-no,6.38,0,Gradient Boost (General Model),11,0.72,6473,222,6473,0.5,7,1,6473,,,,,0,0,F04,,,,,,,,FALSE,,FALSE,Te.F.2.H.C,Teal,dorm_sample,63.75
R022_R024.combined.G02,u162ctg_len-10687_circular-no_depth-1-1-1_duplicated-no,6.27,0,Gradient Boost (General Model),11,0.924,10687,219.4666667,10687,0.69,15,1,10687,,,,,0,0,G02,,,,,,,,FALSE,u162ctg_len-10687_circular-no_depth-1-1-1_duplicated-no,FALSE,Ea.F.3.H.C,Earl,dorm_sample,1.8225
R022_R024.combined.G02,u339ctg_len-6552_circular-no_depth-1-1-1_duplicated-no,5.98,0,Gradient Boost (General Model),11,0.799,6552,218.625,6552,0.67,8,1,6552,,,,,0,0,G02,,,,,,,,FALSE,u339ctg_len-6552_circular-no_depth-1-1-1_duplicated-no,FALSE,Ea.F.3.H.C,Earl,dorm_sample,1.8225
R022_R024.combined.G02,u354ctg_len-8235_circular-no_depth-1-1-1_duplicated-no,3.63,0,Gradient Boost (General Model),11,0.91,8235,227.4545455,8235,0.67,11,1,8235,,,,,0,0,G02,,,,,,,,FALSE,u354ctg_len-8235_circular-no_depth-1-1-1_duplicated-no,FALSE,Ea.F.3.H.C,Earl,dorm_sample,1.8225
R022_R024.combined.G02,u365ctg_len-7784_circular-no_depth-1-1-1_duplicated-no,6.38,0,Gradient Boost (General Model),11,0.966,7784,626.75,7784,0.68,4,1,7784,,,,,0,0,G02,,,,,,,,FALSE,u365ctg_len-7784_circular-no_depth-1-1-1_duplicated-no,FALSE,Ea.F.3.H.C,Earl,dorm_sample,1.8225
R022_R024.combined.G02,u401ctg_len-8202_circular-no_depth-1-1-1_duplicated-no,6.92,0,Gradient Boost (General Model),11,0.944,8202,290.1111111,8202,0.68,9,1,8202,,,,,0,0,G02,,,,,,,,FALSE,u401ctg_len-8202_circular-no_depth-1-1-1_duplicated-no,FALSE,Ea.F.3.H.C,Earl,dorm_sample,1.8225
R022_R024.combined.G02,u448ctg_len-7976_circular-no_depth-1-1-1_duplicated-no,5.44,0,Gradient Boost (General Model),11,0.892,7976,215.9090909,7976,0.69,11,1,7976,,,,,0,0,G02,,,,,,,,FALSE,u448ctg_len-7976_circular-no_depth-1-1-1_duplicated-no,FALSE,Ea.F.3.H.C,Earl,dorm_sample,1.8225
R022_R024.combined.G02,u496ctg_len-3397_circular-no_depth-2-2-2_duplicated-no,6.61,0.01,Gradient Boost (General Model),11,0.97,3397,366.3333333,3397,0.68,3,1,3397,,,,,0,0,G02,,,,,,,,FALSE,u496ctg_len-3397_circular-no_depth-2-2-2_duplicated-no,FALSE,Ea.F.3.H.C,Earl,dorm_sample,1.8225
R022_R024.combined.G02,u621ctg_len-8256_circular-no_depth-1-1-1_duplicated-no,6.38,0,Gradient Boost (General Model),11,0.725,8256,249.5,8256,0.66,8,1,8256,,,,,0,0,G02,,,,,,,,FALSE,u621ctg_len-8256_circular-no_depth-1-1-1_duplicated-no,FALSE,Ea.F.3.H.C,Earl,dorm_sample,1.8225
R022_R024.combined.G02,u632ctg_len-8081_circular-no_depth-1-1-1_duplicated-no,6.39,0,Gradient Boost (General Model),11,0.927,8081,356.8571429,8081,0.67,7,1,8081,,,,,0,0,G02,,,,,,,,FALSE,u632ctg_len-8081_circular-no_depth-1-1-1_duplicated-no,FALSE,Ea.F.3.H.C,Earl,dorm_sample,1.8225
R022_R024.combined.G02,u852ctg_len-7446_circular-no_depth-1-1-1_duplicated-no,6.71,0,Gradient Boost (General Model),11,0.925,7446,291.75,7446,0.67,8,1,7446,,,,,0,0,G02,,,,,,,,FALSE,u852ctg_len-7446_circular-no_depth-1-1-1_duplicated-no,FALSE,Ea.F.3.H.C,Earl,dorm_sample,1.8225
R022_R024.combined.G07,u110889ctg_len-367333_circular-yes_depth-332-332-331_duplicated-no,6.81,0,Neural Network (Specific Model),11,0.902,367333,314.4659091,367333,0.68,352,1,367333,,,,,0,0,G07,,,,,,,,FALSE,u110889ctg_len-367333_circular-yes_depth-332-332-331_duplicated-no,TRUE,1_Parracocus,Not applicable,control,45
R022_R024.combined.G07,u141258ctg_len-199382_circular-yes_depth-435-435-435_duplicated-no,6.53,0,Neural Network (Specific Model),11,0.954,199382,349.1703297,199382,0.7,182,1,199382,,,,,0,0,G07,,,,,,,,FALSE,u141258ctg_len-199382_circular-yes_depth-435-435-435_duplicated-no,TRUE,1_Parracocus,Not applicable,control,45
R022_R024.combined.G07,u158971ctg_len-11786_circular-no_depth-530-530-518_duplicated-no,6.15,0,Gradient Boost (General Model),11,0.471,11786,370.4,11786,0.62,5,1,11786,,,,,0,0,G07,,,,,,,,FALSE,u158971ctg_len-11786_circular-no_depth-530-530-518_duplicated-no,FALSE,1_Parracocus,Not applicable,control,45
R022_R024.combined.G07,u322516ctg_len-17764_circular-no_depth-97-97-97_duplicated-yes,5.03,0,Gradient Boost (General Model),11,0.725,17764,215.4,17764,0.54,20,1,17764,,,,,0,0,G07,,,,,,,,FALSE,u322516ctg_len-17764_circular-no_depth-97-97-97_duplicated-yes,FALSE,1_Parracocus,Not applicable,control,45
R022_R024.combined.G07,u327482ctg_len-15484_circular-no_depth-21-21-21_duplicated-yes,6.36,0,Gradient Boost (General Model),11,0.653,15484,177.4210526,15484,0.35,19,1,15484,,,,,0,0,G07,,,,,,,,FALSE,u327482ctg_len-15484_circular-no_depth-21-21-21_duplicated-yes,FALSE,1_Parracocus,Not applicable,control,45
R022_R024.combined.H07,u404863ctg_len-17240_circular-no_depth-53-53-53_duplicated-yes,6.36,0,Gradient Boost (General Model),11,0.614,17240,168.2380952,17240,0.36,21,1,17240,,,,,0,0,H07,,,,,,,,FALSE,u404863ctg_len-17240_circular-no_depth-53-53-53_duplicated-yes,FALSE,2_Bacillus,Not applicable,control,46.5
R022_R024.combined.H07,u96906ctg_len-15906_circular-no_depth-709-460-8_duplicated-no,6.38,0,Gradient Boost (General Model),11,0.966,15906,270.6842105,15906,0.44,19,1,15906,,,,,0,0,H07,,,,,,,,FALSE,u96906ctg_len-15906_circular-no_depth-709-460-8_duplicated-no,FALSE,2_Bacillus,Not applicable,control,46.5
R022_R024.combined.G07,complete.1,100,0.29,Neural Network (Specific Model),11,0.876,3983594,283.6427355,3983594,0.41,4109,1,3983594,d__Bacteria;p__Bacillota;c__Bacilli;o__Bacillales;f__Bacillaceae;g__Bacillus;s__Bacillus pumilus_O,GCF_009937765.1,d__Bacteria;p__Bacillota;c__Bacilli;o__Bacillales;f__Bacillaceae;g__Bacillus;s__Bacillus pumilus_O,99.28,1,1,G07,8,8,8,24,83,8,6,TRUE,u295046ctg_len-3983594_circular-yes_depth-84-84-83_duplicated-no,TRUE,1_Parracocus,Not applicable,control,45
R022_R024.combined.G07,complete.2,98.5,0,Neural Network (Specific Model),11,0.914,2930695,316.0088308,2930695,0.68,2831,1,2930695,d__Bacteria;p__Pseudomonadota;c__Alphaproteobacteria;o__Rhodobacterales;f__Rhodobacteraceae;g__Paracoccus;s__Paracoccus aestuarii,GCF_028553885.1,d__Bacteria;p__Pseudomonadota;c__Alphaproteobacteria;o__Rhodobacterales;f__Rhodobacteraceae;g__Paracoccus;s__Paracoccus aestuarii,97.59,1,1,G07,3,3,3,9,51,3,2,TRUE,u72976ctg_len-2930695_circular-yes_depth-434-434-434_duplicated-no,TRUE,1_Parracocus,Not applicable,control,45
R022_R024.combined.H07,complete.1,100,0.29,Neural Network (Specific Model),11,0.876,3983756,283.6024331,3983756,0.41,4110,1,3983756,d__Bacteria;p__Bacillota;c__Bacilli;o__Bacillales;f__Bacillaceae;g__Bacillus;s__Bacillus pumilus_O,GCF_009937765.1,d__Bacteria;p__Bacillota;c__Bacilli;o__Bacillales;f__Bacillaceae;g__Bacillus;s__Bacillus pumilus_O,99.28,1,1,H07,8,8,8,24,83,8,5,TRUE,u146733ctg_len-3983756_circular-yes_depth-583-582-575_duplicated-no,TRUE,2_Bacillus,Not applicable,control,46.5