Samples,plex,Technology,liquidhandling_required,dilution,tech_dil,DNA_extraction,DNA_shearing_price_per_sample,method,PCR_mastermix,PCR_rxn_vol_ul,PCR_mastermix_price_per_rxn,lib_prep_cost_per_rxn,ampure_PB_cleanup,PB_libprep_per_sample,Qiagen_cleanup,Technology,Sequencing_platform,sequencing_price_per_run,seq_price_per_sample,Total_per_sample_v2,Total_per_run,Total_per_sample_v3,Total_per_run_v3
1,1 plex,"Revio SPRQ (gtube, PCRfree)",no,,PCRfree,7.65,48.4,gtube,None,NA,0,56,No,56,6.3,PB,Revio SPRQ,995,995,1113.35,1113.35,1113.35,1113.35
2,2 plex,"Revio SPRQ (gtube, PCRfree)",no,,PCRfree,7.65,48.4,gtube,None,NA,0,56,No,56,3.15,PB,Revio SPRQ,995,497.5,612.7,1225.4,612.7,1225.4
3,3 plex,"Revio SPRQ (gtube, PCRfree)",no,,PCRfree,7.65,48.4,gtube,None,NA,0,56,No,56,2.1,PB,Revio SPRQ,995,331.7,445.85,1337.55,445.85,1337.55
4,4 plex,"Revio SPRQ (gtube, PCRfree)",no,,PCRfree,7.65,48.4,gtube,None,NA,0,56,No,56,1.58,PB,Revio SPRQ,995,248.8,362.43,1449.7,362.43,1449.72
5,5 plex,"Revio SPRQ (gtube, PCRfree)",no,,PCRfree,7.65,48.4,gtube,None,NA,0,56,No,56,1.26,PB,Revio SPRQ,995,199,312.31,1561.55,312.31,1561.55
6,6 plex,"Revio SPRQ (gtube, PCRfree)",no,,PCRfree,7.65,48.4,gtube,None,NA,0,56,No,56,1.05,PB,Revio SPRQ,995,165.8,278.9,1673.4,278.9,1673.4
7,7 plex,"Revio SPRQ (gtube, PCRfree)",no,,PCRfree,7.65,48.4,gtube,None,NA,0,56,No,56,0.9,PB,Revio SPRQ,995,142.1,255.05,1785.35,255.05,1785.35
8,8 plex,"Revio SPRQ (gtube, PCRfree)",no,,PCRfree,7.65,48.4,gtube,None,NA,0,56,No,56,0.79,PB,Revio SPRQ,995,124.4,237.24,1897.9,237.24,1897.92
9,9 plex,"Revio SPRQ (gtube, PCRfree)",no,,PCRfree,7.65,48.4,gtube,None,NA,0,56,No,56,0.7,PB,Revio SPRQ,995,110.6,223.35,2010.15,223.35,2010.15
10,10 plex,"Revio SPRQ (gtube, PCRfree)",no,,PCRfree,7.65,48.4,gtube,None,NA,0,56,No,56,0.63,PB,Revio SPRQ,995,99.5,212.18,2121.8,212.18,2121.8
11,11 plex,"Revio SPRQ (gtube, PCRfree)",no,,PCRfree,7.65,48.4,gtube,None,NA,0,56,No,56,0.57,PB,Revio SPRQ,995,90.5,203.12,2234.35,203.12,2234.32
12,12 plex,"Revio SPRQ (gtube, PCRfree)",no,,PCRfree,7.65,48.4,gtube,None,NA,0,56,No,56,0.53,PB,Revio SPRQ,995,82.9,195.48,2345.7,195.48,2345.76
13,13 plex,"Revio SPRQ (gtube, PCRfree)",no,,PCRfree,7.65,48.4,gtube,None,NA,0,56,No,56,0.48,PB,Revio SPRQ,995,76.5,189.03,2457.45,189.03,2457.39
14,14 plex,"Revio SPRQ (gtube, PCRfree)",no,,PCRfree,7.65,48.4,gtube,None,NA,0,56,No,56,0.45,PB,Revio SPRQ,995,71.1,183.6,2570.4,183.6,2570.4
15,15 plex,"Revio SPRQ (gtube, PCRfree)",no,,PCRfree,7.65,48.4,gtube,None,NA,0,56,No,56,0.42,PB,Revio SPRQ,995,66.3,178.77,2681.55,178.77,2681.55
16,16 plex,"Revio SPRQ (gtube, PCRfree)",no,,PCRfree,7.65,48.4,gtube,None,NA,0,56,No,56,0.39,PB,Revio SPRQ,995,62.2,174.64,2794.3,174.64,2794.24
17,17 plex,"Revio SPRQ (gtube, PCRfree)",no,,PCRfree,7.65,48.4,gtube,None,NA,0,56,No,56,0.37,PB,Revio SPRQ,995,58.5,170.92,2905.65,170.92,2905.64
18,18 plex,"Revio SPRQ (gtube, PCRfree)",no,,PCRfree,7.65,48.4,gtube,None,NA,0,56,No,56,0.35,PB,Revio SPRQ,995,55.3,167.7,3018.6,167.7,3018.6
19,19 plex,"Revio SPRQ (gtube, PCRfree)",no,,PCRfree,7.65,48.4,gtube,None,NA,0,56,No,56,0.33,PB,Revio SPRQ,995,52.4,164.78,3130.85,164.78,3130.82
20,20 plex,"Revio SPRQ (gtube, PCRfree)",no,,PCRfree,7.65,48.4,gtube,None,NA,0,56,No,56,0.32,PB,Revio SPRQ,995,49.8,162.17,3243.3,162.17,3243.4
21,21 plex,"Revio SPRQ (gtube, PCRfree)",no,,PCRfree,7.65,48.4,gtube,None,NA,0,56,No,56,0.3,PB,Revio SPRQ,995,47.4,159.75,3354.75,159.75,3354.75
22,22 plex,"Revio SPRQ (gtube, PCRfree)",no,,PCRfree,7.65,48.4,gtube,None,NA,0,56,No,56,0.29,PB,Revio SPRQ,995,45.2,157.54,3465.8,157.54,3465.88
23,23 plex,"Revio SPRQ (gtube, PCRfree)",no,,PCRfree,7.65,48.4,gtube,None,NA,0,56,No,56,0.27,PB,Revio SPRQ,995,43.3,155.62,3579.35,155.62,3579.26
24,24 plex,"Revio SPRQ (gtube, PCRfree)",no,,PCRfree,7.65,48.4,gtube,None,NA,0,56,No,56,0.26,PB,Revio SPRQ,995,41.5,153.81,3691.5,153.81,3691.44
25,25 plex,"Revio SPRQ (gtube, PCRfree)",no,,PCRfree,7.65,48.4,gtube,None,NA,0,56,No,56,0.25,PB,Revio SPRQ,995,39.8,152.1,3802.55,152.1,3802.5
26,26 plex,"Revio SPRQ (gtube, PCRfree)",no,,PCRfree,7.65,48.4,gtube,None,NA,0,56,No,56,0.24,PB,Revio SPRQ,995,38.3,150.59,3915.4,150.59,3915.34
27,27 plex,"Revio SPRQ (gtube, PCRfree)",no,,PCRfree,7.65,48.4,gtube,None,NA,0,56,No,56,0.23,PB,Revio SPRQ,995,36.9,149.18,4027.95,149.18,4027.86
28,28 plex,"Revio SPRQ (gtube, PCRfree)",no,,PCRfree,7.65,48.4,gtube,None,NA,0,56,No,56,0.23,PB,Revio SPRQ,995,35.5,147.78,4137.7,147.78,4137.84
29,29 plex,"Revio SPRQ (gtube, PCRfree)",no,,PCRfree,7.65,48.4,gtube,None,NA,0,56,No,56,0.22,PB,Revio SPRQ,995,34.3,146.57,4250.45,146.57,4250.53
30,30 plex,"Revio SPRQ (gtube, PCRfree)",no,,PCRfree,7.65,48.4,gtube,None,NA,0,56,No,56,0.21,PB,Revio SPRQ,995,33.2,145.46,4363.8,145.46,4363.8
31,31 plex,"Revio SPRQ (gtube, PCRfree)",no,,PCRfree,7.65,48.4,gtube,None,NA,0,56,No,56,0.2,PB,Revio SPRQ,995,32.1,144.35,4474.95,144.35,4474.85
32,32 plex,"Revio SPRQ (gtube, PCRfree)",no,,PCRfree,7.65,48.4,gtube,None,NA,0,56,No,56,0.2,PB,Revio SPRQ,995,31.1,143.35,4587.1,143.35,4587.2
33,33 plex,"Revio SPRQ (gtube, PCRfree)",no,,PCRfree,7.65,48.4,gtube,None,NA,0,56,No,56,0.19,PB,Revio SPRQ,995,30.2,142.44,4700.55,142.44,4700.52
34,34 plex,"Revio SPRQ (gtube, PCRfree)",no,,PCRfree,7.65,48.4,gtube,None,NA,0,56,No,56,0.19,PB,Revio SPRQ,995,29.3,141.54,4812.2,141.54,4812.36
35,35 plex,"Revio SPRQ (gtube, PCRfree)",no,,PCRfree,7.65,48.4,gtube,None,NA,0,56,No,56,0.18,PB,Revio SPRQ,995,28.4,140.63,4922.05,140.63,4922.05
36,36 plex,"Revio SPRQ (gtube, PCRfree)",no,,PCRfree,7.65,48.4,gtube,None,NA,0,56,No,56,0.18,PB,Revio SPRQ,995,27.6,139.83,5033.7,139.83,5033.88
37,37 plex,"Revio SPRQ (gtube, PCRfree)",no,,PCRfree,7.65,48.4,gtube,None,NA,0,56,No,56,0.17,PB,Revio SPRQ,995,26.9,139.12,5147.45,139.12,5147.44
38,38 plex,"Revio SPRQ (gtube, PCRfree)",no,,PCRfree,7.65,48.4,gtube,None,NA,0,56,No,56,0.17,PB,Revio SPRQ,995,26.2,138.42,5259.8,138.42,5259.96
39,39 plex,"Revio SPRQ (gtube, PCRfree)",no,,PCRfree,7.65,48.4,gtube,None,NA,0,56,No,56,0.16,PB,Revio SPRQ,995,25.5,137.71,5370.75,137.71,5370.69
40,40 plex,"Revio SPRQ (gtube, PCRfree)",no,,PCRfree,7.65,48.4,gtube,None,NA,0,56,No,56,0.16,PB,Revio SPRQ,995,24.9,137.11,5484.3,137.11,5484.4
41,41 plex,"Revio SPRQ (gtube, PCRfree)",no,,PCRfree,7.65,48.4,gtube,None,NA,0,56,No,56,0.15,PB,Revio SPRQ,995,24.3,136.5,5596.65,136.5,5596.5
42,42 plex,"Revio SPRQ (gtube, PCRfree)",no,,PCRfree,7.65,48.4,gtube,None,NA,0,56,No,56,0.15,PB,Revio SPRQ,995,23.7,135.9,5707.8,135.9,5707.8
43,43 plex,"Revio SPRQ (gtube, PCRfree)",no,,PCRfree,7.65,48.4,gtube,None,NA,0,56,No,56,0.15,PB,Revio SPRQ,995,23.1,135.3,5817.75,135.3,5817.9
44,44 plex,"Revio SPRQ (gtube, PCRfree)",no,,PCRfree,7.65,48.4,gtube,None,NA,0,56,No,56,0.14,PB,Revio SPRQ,995,22.6,134.79,5930.9,134.79,5930.76
45,45 plex,"Revio SPRQ (gtube, PCRfree)",no,,PCRfree,7.65,48.4,gtube,None,NA,0,56,No,56,0.14,PB,Revio SPRQ,995,22.1,134.29,6043.05,134.29,6043.05
46,46 plex,"Revio SPRQ (gtube, PCRfree)",no,,PCRfree,7.65,48.4,gtube,None,NA,0,56,No,56,0.14,PB,Revio SPRQ,995,21.6,133.79,6154.2,133.79,6154.34
47,47 plex,"Revio SPRQ (gtube, PCRfree)",no,,PCRfree,7.65,48.4,gtube,None,NA,0,56,No,56,0.13,PB,Revio SPRQ,995,21.2,133.38,6269.05,133.38,6268.86
48,48 plex,"Revio SPRQ (gtube, PCRfree)",no,,PCRfree,7.65,48.4,gtube,None,NA,0,56,No,56,0.13,PB,Revio SPRQ,995,20.7,132.88,6378.3,132.88,6378.24
49,49 plex,"Revio SPRQ (gtube, PCRfree)",no,,PCRfree,7.65,48.4,gtube,None,NA,0,56,No,56,0.13,PB,Revio SPRQ,995,20.3,132.48,6491.45,132.48,6491.52
50,50 plex,"Revio SPRQ (gtube, PCRfree)",no,,PCRfree,7.65,48.4,gtube,None,NA,0,56,No,56,0.13,PB,Revio SPRQ,995,19.9,132.08,6603.8,132.08,6604
51,51 plex,"Revio SPRQ (gtube, PCRfree)",no,,PCRfree,7.65,48.4,gtube,None,NA,0,56,No,56,0.12,PB,Revio SPRQ,995,19.5,131.67,6715.35,131.67,6715.17
52,52 plex,"Revio SPRQ (gtube, PCRfree)",no,,PCRfree,7.65,48.4,gtube,None,NA,0,56,No,56,0.12,PB,Revio SPRQ,995,19.1,131.27,6826.1,131.27,6826.04
53,53 plex,"Revio SPRQ (gtube, PCRfree)",no,,PCRfree,7.65,48.4,gtube,None,NA,0,56,No,56,0.12,PB,Revio SPRQ,995,18.8,130.97,6941.35,130.97,6941.41
54,54 plex,"Revio SPRQ (gtube, PCRfree)",no,,PCRfree,7.65,48.4,gtube,None,NA,0,56,No,56,0.12,PB,Revio SPRQ,995,18.4,130.57,7050.6,130.57,7050.78
55,55 plex,"Revio SPRQ (gtube, PCRfree)",no,,PCRfree,7.65,48.4,gtube,None,NA,0,56,No,56,0.11,PB,Revio SPRQ,995,18.1,130.26,7164.55,130.26,7164.3
56,56 plex,"Revio SPRQ (gtube, PCRfree)",no,,PCRfree,7.65,48.4,gtube,None,NA,0,56,No,56,0.11,PB,Revio SPRQ,995,17.8,129.96,7277.9,129.96,7277.76
57,57 plex,"Revio SPRQ (gtube, PCRfree)",no,,PCRfree,7.65,48.4,gtube,None,NA,0,56,No,56,0.11,PB,Revio SPRQ,995,17.5,129.66,7390.65,129.66,7390.62
58,58 plex,"Revio SPRQ (gtube, PCRfree)",no,,PCRfree,7.65,48.4,gtube,None,NA,0,56,No,56,0.11,PB,Revio SPRQ,995,17.2,129.36,7502.8,129.36,7502.88
59,59 plex,"Revio SPRQ (gtube, PCRfree)",no,,PCRfree,7.65,48.4,gtube,None,NA,0,56,No,56,0.11,PB,Revio SPRQ,995,16.9,129.06,7614.35,129.06,7614.54
60,60 plex,"Revio SPRQ (gtube, PCRfree)",no,,PCRfree,7.65,48.4,gtube,None,NA,0,56,No,56,0.11,PB,Revio SPRQ,995,16.6,128.76,7725.3,128.76,7725.6
61,61 plex,"Revio SPRQ (gtube, PCRfree)",no,,PCRfree,7.65,48.4,gtube,None,NA,0,56,No,56,0.1,PB,Revio SPRQ,995,16.3,128.45,7835.65,128.45,7835.45
62,62 plex,"Revio SPRQ (gtube, PCRfree)",no,,PCRfree,7.65,48.4,gtube,None,NA,0,56,No,56,0.1,PB,Revio SPRQ,995,16,128.15,7945.4,128.15,7945.3
63,63 plex,"Revio SPRQ (gtube, PCRfree)",no,,PCRfree,7.65,48.4,gtube,None,NA,0,56,No,56,0.1,PB,Revio SPRQ,995,15.8,127.95,8060.85,127.95,8060.85
64,64 plex,"Revio SPRQ (gtube, PCRfree)",no,,PCRfree,7.65,48.4,gtube,None,NA,0,56,No,56,0.1,PB,Revio SPRQ,995,15.5,127.65,8169.5,127.65,8169.6
65,65 plex,"Revio SPRQ (gtube, PCRfree)",no,,PCRfree,7.65,48.4,gtube,None,NA,0,56,No,56,0.1,PB,Revio SPRQ,995,15.3,127.45,8284.05,127.45,8284.25
66,66 plex,"Revio SPRQ (gtube, PCRfree)",no,,PCRfree,7.65,48.4,gtube,None,NA,0,56,No,56,0.1,PB,Revio SPRQ,995,15.1,127.25,8398.2,127.25,8398.5
67,67 plex,"Revio SPRQ (gtube, PCRfree)",no,,PCRfree,7.65,48.4,gtube,None,NA,0,56,No,56,0.09,PB,Revio SPRQ,995,14.9,127.04,8511.95,127.04,8511.68
68,68 plex,"Revio SPRQ (gtube, PCRfree)",no,,PCRfree,7.65,48.4,gtube,None,NA,0,56,No,56,0.09,PB,Revio SPRQ,995,14.6,126.74,8618.5,126.74,8618.32
69,69 plex,"Revio SPRQ (gtube, PCRfree)",no,,PCRfree,7.65,48.4,gtube,None,NA,0,56,No,56,0.09,PB,Revio SPRQ,995,14.4,126.54,8731.35,126.54,8731.26
70,70 plex,"Revio SPRQ (gtube, PCRfree)",no,,PCRfree,7.65,48.4,gtube,None,NA,0,56,No,56,0.09,PB,Revio SPRQ,995,14.2,126.34,8843.8,126.34,8843.8
71,71 plex,"Revio SPRQ (gtube, PCRfree)",no,,PCRfree,7.65,48.4,gtube,None,NA,0,56,No,56,0.09,PB,Revio SPRQ,995,14,126.14,8955.85,126.14,8955.94
72,72 plex,"Revio SPRQ (gtube, PCRfree)",no,,PCRfree,7.65,48.4,gtube,None,NA,0,56,No,56,0.09,PB,Revio SPRQ,995,13.8,125.94,9067.5,125.94,9067.68
73,73 plex,"Revio SPRQ (gtube, PCRfree)",no,,PCRfree,7.65,48.4,gtube,None,NA,0,56,No,56,0.09,PB,Revio SPRQ,995,13.6,125.74,9178.75,125.74,9179.02
74,74 plex,"Revio SPRQ (gtube, PCRfree)",no,,PCRfree,7.65,48.4,gtube,None,NA,0,56,No,56,0.09,PB,Revio SPRQ,995,13.4,125.54,9289.6,125.54,9289.96
75,75 plex,"Revio SPRQ (gtube, PCRfree)",no,,PCRfree,7.65,48.4,gtube,None,NA,0,56,No,56,0.08,PB,Revio SPRQ,995,13.3,125.43,9407.55,125.43,9407.25
76,76 plex,"Revio SPRQ (gtube, PCRfree)",no,,PCRfree,7.65,48.4,gtube,None,NA,0,56,No,56,0.08,PB,Revio SPRQ,995,13.1,125.23,9517.7,125.23,9517.48
77,77 plex,"Revio SPRQ (gtube, PCRfree)",no,,PCRfree,7.65,48.4,gtube,None,NA,0,56,No,56,0.08,PB,Revio SPRQ,995,12.9,125.03,9627.45,125.03,9627.31
78,78 plex,"Revio SPRQ (gtube, PCRfree)",no,,PCRfree,7.65,48.4,gtube,None,NA,0,56,No,56,0.08,PB,Revio SPRQ,995,12.8,124.93,9744.6,124.93,9744.54
79,79 plex,"Revio SPRQ (gtube, PCRfree)",no,,PCRfree,7.65,48.4,gtube,None,NA,0,56,No,56,0.08,PB,Revio SPRQ,995,12.6,124.73,9853.65,124.73,9853.67
80,80 plex,"Revio SPRQ (gtube, PCRfree)",no,,PCRfree,7.65,48.4,gtube,None,NA,0,56,No,56,0.08,PB,Revio SPRQ,995,12.4,124.53,9962.3,124.53,9962.4
81,81 plex,"Revio SPRQ (gtube, PCRfree)",no,,PCRfree,7.65,48.4,gtube,None,NA,0,56,No,56,0.08,PB,Revio SPRQ,995,12.3,124.43,10078.65,124.43,10078.83
82,82 plex,"Revio SPRQ (gtube, PCRfree)",no,,PCRfree,7.65,48.4,gtube,None,NA,0,56,No,56,0.08,PB,Revio SPRQ,995,12.1,124.23,10186.6,124.23,10186.86
83,83 plex,"Revio SPRQ (gtube, PCRfree)",no,,PCRfree,7.65,48.4,gtube,None,NA,0,56,No,56,0.08,PB,Revio SPRQ,995,12,124.13,10302.45,124.13,10302.79
84,84 plex,"Revio SPRQ (gtube, PCRfree)",no,,PCRfree,7.65,48.4,gtube,None,NA,0,56,No,56,0.08,PB,Revio SPRQ,995,11.8,123.93,10409.7,123.93,10410.12
85,85 plex,"Revio SPRQ (gtube, PCRfree)",no,,PCRfree,7.65,48.4,gtube,None,NA,0,56,No,56,0.07,PB,Revio SPRQ,995,11.7,123.82,10525.05,123.82,10524.7
86,86 plex,"Revio SPRQ (gtube, PCRfree)",no,,PCRfree,7.65,48.4,gtube,None,NA,0,56,No,56,0.07,PB,Revio SPRQ,995,11.6,123.72,10640.2,123.72,10639.92
87,87 plex,"Revio SPRQ (gtube, PCRfree)",no,,PCRfree,7.65,48.4,gtube,None,NA,0,56,No,56,0.07,PB,Revio SPRQ,995,11.4,123.52,10746.45,123.52,10746.24
88,88 plex,"Revio SPRQ (gtube, PCRfree)",no,,PCRfree,7.65,48.4,gtube,None,NA,0,56,No,56,0.07,PB,Revio SPRQ,995,11.3,123.42,10861.1,123.42,10860.96
89,89 plex,"Revio SPRQ (gtube, PCRfree)",no,,PCRfree,7.65,48.4,gtube,None,NA,0,56,No,56,0.07,PB,Revio SPRQ,995,11.2,123.32,10975.55,123.32,10975.48
90,90 plex,"Revio SPRQ (gtube, PCRfree)",no,,PCRfree,7.65,48.4,gtube,None,NA,0,56,No,56,0.07,PB,Revio SPRQ,995,11.1,123.22,11089.8,123.22,11089.8
91,91 plex,"Revio SPRQ (gtube, PCRfree)",no,,PCRfree,7.65,48.4,gtube,None,NA,0,56,No,56,0.07,PB,Revio SPRQ,995,10.9,123.02,11194.75,123.02,11194.82
92,92 plex,"Revio SPRQ (gtube, PCRfree)",no,,PCRfree,7.65,48.4,gtube,None,NA,0,56,No,56,0.07,PB,Revio SPRQ,995,10.8,122.92,11308.5,122.92,11308.64
93,93 plex,"Revio SPRQ (gtube, PCRfree)",no,,PCRfree,7.65,48.4,gtube,None,NA,0,56,No,56,0.07,PB,Revio SPRQ,995,10.7,122.82,11422.05,122.82,11422.26
94,94 plex,"Revio SPRQ (gtube, PCRfree)",no,,PCRfree,7.65,48.4,gtube,None,NA,0,56,No,56,0.07,PB,Revio SPRQ,995,10.6,122.72,11535.4,122.72,11535.68
95,95 plex,"Revio SPRQ (gtube, PCRfree)",no,,PCRfree,7.65,48.4,gtube,None,NA,0,56,No,56,0.07,PB,Revio SPRQ,995,10.5,122.62,11648.55,122.62,11648.9
96,96 plex,"Revio SPRQ (gtube, PCRfree)",no,,PCRfree,7.65,48.4,gtube,None,NA,0,56,No,56,0.07,PB,Revio SPRQ,995,10.4,122.52,11761.5,122.52,11761.92
1,1 plex,"Revio SPRQ (MR3, PCRfree)",no,,PCRfree,7.65,25,MR3,None,NA,0,56,No,56,6.3,PB,Revio SPRQ,995,995,1089.95,1089.95,1089.95,1089.95
2,2 plex,"Revio SPRQ (MR3, PCRfree)",no,,PCRfree,7.65,25,MR3,None,NA,0,56,No,56,3.15,PB,Revio SPRQ,995,497.5,589.3,1178.6,589.3,1178.6
3,3 plex,"Revio SPRQ (MR3, PCRfree)",no,,PCRfree,7.65,25,MR3,None,NA,0,56,No,56,2.1,PB,Revio SPRQ,995,331.7,422.45,1267.35,422.45,1267.35
4,4 plex,"Revio SPRQ (MR3, PCRfree)",no,,PCRfree,7.65,25,MR3,None,NA,0,56,No,56,1.58,PB,Revio SPRQ,995,248.8,339.03,1356.1,339.03,1356.12
5,5 plex,"Revio SPRQ (MR3, PCRfree)",no,,PCRfree,7.65,25,MR3,None,NA,0,56,No,56,1.26,PB,Revio SPRQ,995,199,288.91,1444.55,288.91,1444.55
6,6 plex,"Revio SPRQ (MR3, PCRfree)",no,,PCRfree,7.65,25,MR3,None,NA,0,56,No,56,1.05,PB,Revio SPRQ,995,165.8,255.5,1533,255.5,1533
7,7 plex,"Revio SPRQ (MR3, PCRfree)",no,,PCRfree,7.65,25,MR3,None,NA,0,56,No,56,0.9,PB,Revio SPRQ,995,142.1,231.65,1621.55,231.65,1621.55
8,8 plex,"Revio SPRQ (MR3, PCRfree)",no,,PCRfree,7.65,25,MR3,None,NA,0,56,No,56,0.79,PB,Revio SPRQ,995,124.4,213.84,1710.7,213.84,1710.72
9,9 plex,"Revio SPRQ (MR3, PCRfree)",no,,PCRfree,7.65,25,MR3,None,NA,0,56,No,56,0.7,PB,Revio SPRQ,995,110.6,199.95,1799.55,199.95,1799.55
10,10 plex,"Revio SPRQ (MR3, PCRfree)",no,,PCRfree,7.65,25,MR3,None,NA,0,56,No,56,0.63,PB,Revio SPRQ,995,99.5,188.78,1887.8,188.78,1887.8
11,11 plex,"Revio SPRQ (MR3, PCRfree)",no,,PCRfree,7.65,25,MR3,None,NA,0,56,No,56,0.57,PB,Revio SPRQ,995,90.5,179.72,1976.95,179.72,1976.92
12,12 plex,"Revio SPRQ (MR3, PCRfree)",no,,PCRfree,7.65,25,MR3,None,NA,0,56,No,56,0.53,PB,Revio SPRQ,995,82.9,172.08,2064.9,172.08,2064.96
13,13 plex,"Revio SPRQ (MR3, PCRfree)",no,,PCRfree,7.65,25,MR3,None,NA,0,56,No,56,0.48,PB,Revio SPRQ,995,76.5,165.63,2153.25,165.63,2153.19
14,14 plex,"Revio SPRQ (MR3, PCRfree)",no,,PCRfree,7.65,25,MR3,None,NA,0,56,No,56,0.45,PB,Revio SPRQ,995,71.1,160.2,2242.8,160.2,2242.8
15,15 plex,"Revio SPRQ (MR3, PCRfree)",no,,PCRfree,7.65,25,MR3,None,NA,0,56,No,56,0.42,PB,Revio SPRQ,995,66.3,155.37,2330.55,155.37,2330.55
16,16 plex,"Revio SPRQ (MR3, PCRfree)",no,,PCRfree,7.65,25,MR3,None,NA,0,56,No,56,0.39,PB,Revio SPRQ,995,62.2,151.24,2419.9,151.24,2419.84
17,17 plex,"Revio SPRQ (MR3, PCRfree)",no,,PCRfree,7.65,25,MR3,None,NA,0,56,No,56,0.37,PB,Revio SPRQ,995,58.5,147.52,2507.85,147.52,2507.84
18,18 plex,"Revio SPRQ (MR3, PCRfree)",no,,PCRfree,7.65,25,MR3,None,NA,0,56,No,56,0.35,PB,Revio SPRQ,995,55.3,144.3,2597.4,144.3,2597.4
19,19 plex,"Revio SPRQ (MR3, PCRfree)",no,,PCRfree,7.65,25,MR3,None,NA,0,56,No,56,0.33,PB,Revio SPRQ,995,52.4,141.38,2686.25,141.38,2686.22
20,20 plex,"Revio SPRQ (MR3, PCRfree)",no,,PCRfree,7.65,25,MR3,None,NA,0,56,No,56,0.32,PB,Revio SPRQ,995,49.8,138.77,2775.3,138.77,2775.4
21,21 plex,"Revio SPRQ (MR3, PCRfree)",no,,PCRfree,7.65,25,MR3,None,NA,0,56,No,56,0.3,PB,Revio SPRQ,995,47.4,136.35,2863.35,136.35,2863.35
22,22 plex,"Revio SPRQ (MR3, PCRfree)",no,,PCRfree,7.65,25,MR3,None,NA,0,56,No,56,0.29,PB,Revio SPRQ,995,45.2,134.14,2951,134.14,2951.08
23,23 plex,"Revio SPRQ (MR3, PCRfree)",no,,PCRfree,7.65,25,MR3,None,NA,0,56,No,56,0.27,PB,Revio SPRQ,995,43.3,132.22,3041.15,132.22,3041.06
24,24 plex,"Revio SPRQ (MR3, PCRfree)",no,,PCRfree,7.65,25,MR3,None,NA,0,56,No,56,0.26,PB,Revio SPRQ,995,41.5,130.41,3129.9,130.41,3129.84
25,25 plex,"Revio SPRQ (MR3, PCRfree)",no,,PCRfree,7.65,25,MR3,None,NA,0,56,No,56,0.25,PB,Revio SPRQ,995,39.8,128.7,3217.55,128.7,3217.5
26,26 plex,"Revio SPRQ (MR3, PCRfree)",no,,PCRfree,7.65,25,MR3,None,NA,0,56,No,56,0.24,PB,Revio SPRQ,995,38.3,127.19,3307,127.19,3306.94
27,27 plex,"Revio SPRQ (MR3, PCRfree)",no,,PCRfree,7.65,25,MR3,None,NA,0,56,No,56,0.23,PB,Revio SPRQ,995,36.9,125.78,3396.15,125.78,3396.06
28,28 plex,"Revio SPRQ (MR3, PCRfree)",no,,PCRfree,7.65,25,MR3,None,NA,0,56,No,56,0.23,PB,Revio SPRQ,995,35.5,124.38,3482.5,124.38,3482.64
29,29 plex,"Revio SPRQ (MR3, PCRfree)",no,,PCRfree,7.65,25,MR3,None,NA,0,56,No,56,0.22,PB,Revio SPRQ,995,34.3,123.17,3571.85,123.17,3571.93
30,30 plex,"Revio SPRQ (MR3, PCRfree)",no,,PCRfree,7.65,25,MR3,None,NA,0,56,No,56,0.21,PB,Revio SPRQ,995,33.2,122.06,3661.8,122.06,3661.8
31,31 plex,"Revio SPRQ (MR3, PCRfree)",no,,PCRfree,7.65,25,MR3,None,NA,0,56,No,56,0.2,PB,Revio SPRQ,995,32.1,120.95,3749.55,120.95,3749.45
32,32 plex,"Revio SPRQ (MR3, PCRfree)",no,,PCRfree,7.65,25,MR3,None,NA,0,56,No,56,0.2,PB,Revio SPRQ,995,31.1,119.95,3838.3,119.95,3838.4
33,33 plex,"Revio SPRQ (MR3, PCRfree)",no,,PCRfree,7.65,25,MR3,None,NA,0,56,No,56,0.19,PB,Revio SPRQ,995,30.2,119.04,3928.35,119.04,3928.32
34,34 plex,"Revio SPRQ (MR3, PCRfree)",no,,PCRfree,7.65,25,MR3,None,NA,0,56,No,56,0.19,PB,Revio SPRQ,995,29.3,118.14,4016.6,118.14,4016.76
35,35 plex,"Revio SPRQ (MR3, PCRfree)",no,,PCRfree,7.65,25,MR3,None,NA,0,56,No,56,0.18,PB,Revio SPRQ,995,28.4,117.23,4103.05,117.23,4103.05
36,36 plex,"Revio SPRQ (MR3, PCRfree)",no,,PCRfree,7.65,25,MR3,None,NA,0,56,No,56,0.18,PB,Revio SPRQ,995,27.6,116.43,4191.3,116.43,4191.48
37,37 plex,"Revio SPRQ (MR3, PCRfree)",no,,PCRfree,7.65,25,MR3,None,NA,0,56,No,56,0.17,PB,Revio SPRQ,995,26.9,115.72,4281.65,115.72,4281.64
38,38 plex,"Revio SPRQ (MR3, PCRfree)",no,,PCRfree,7.65,25,MR3,None,NA,0,56,No,56,0.17,PB,Revio SPRQ,995,26.2,115.02,4370.6,115.02,4370.76
39,39 plex,"Revio SPRQ (MR3, PCRfree)",no,,PCRfree,7.65,25,MR3,None,NA,0,56,No,56,0.16,PB,Revio SPRQ,995,25.5,114.31,4458.15,114.31,4458.09
40,40 plex,"Revio SPRQ (MR3, PCRfree)",no,,PCRfree,7.65,25,MR3,None,NA,0,56,No,56,0.16,PB,Revio SPRQ,995,24.9,113.71,4548.3,113.71,4548.4
41,41 plex,"Revio SPRQ (MR3, PCRfree)",no,,PCRfree,7.65,25,MR3,None,NA,0,56,No,56,0.15,PB,Revio SPRQ,995,24.3,113.1,4637.25,113.1,4637.1
42,42 plex,"Revio SPRQ (MR3, PCRfree)",no,,PCRfree,7.65,25,MR3,None,NA,0,56,No,56,0.15,PB,Revio SPRQ,995,23.7,112.5,4725,112.5,4725
43,43 plex,"Revio SPRQ (MR3, PCRfree)",no,,PCRfree,7.65,25,MR3,None,NA,0,56,No,56,0.15,PB,Revio SPRQ,995,23.1,111.9,4811.55,111.9,4811.7
44,44 plex,"Revio SPRQ (MR3, PCRfree)",no,,PCRfree,7.65,25,MR3,None,NA,0,56,No,56,0.14,PB,Revio SPRQ,995,22.6,111.39,4901.3,111.39,4901.16
45,45 plex,"Revio SPRQ (MR3, PCRfree)",no,,PCRfree,7.65,25,MR3,None,NA,0,56,No,56,0.14,PB,Revio SPRQ,995,22.1,110.89,4990.05,110.89,4990.05
46,46 plex,"Revio SPRQ (MR3, PCRfree)",no,,PCRfree,7.65,25,MR3,None,NA,0,56,No,56,0.14,PB,Revio SPRQ,995,21.6,110.39,5077.8,110.39,5077.94
47,47 plex,"Revio SPRQ (MR3, PCRfree)",no,,PCRfree,7.65,25,MR3,None,NA,0,56,No,56,0.13,PB,Revio SPRQ,995,21.2,109.98,5169.25,109.98,5169.06
48,48 plex,"Revio SPRQ (MR3, PCRfree)",no,,PCRfree,7.65,25,MR3,None,NA,0,56,No,56,0.13,PB,Revio SPRQ,995,20.7,109.48,5255.1,109.48,5255.04
49,49 plex,"Revio SPRQ (MR3, PCRfree)",no,,PCRfree,7.65,25,MR3,None,NA,0,56,No,56,0.13,PB,Revio SPRQ,995,20.3,109.08,5344.85,109.08,5344.92
50,50 plex,"Revio SPRQ (MR3, PCRfree)",no,,PCRfree,7.65,25,MR3,None,NA,0,56,No,56,0.13,PB,Revio SPRQ,995,19.9,108.68,5433.8,108.68,5434
51,51 plex,"Revio SPRQ (MR3, PCRfree)",no,,PCRfree,7.65,25,MR3,None,NA,0,56,No,56,0.12,PB,Revio SPRQ,995,19.5,108.27,5521.95,108.27,5521.77
52,52 plex,"Revio SPRQ (MR3, PCRfree)",no,,PCRfree,7.65,25,MR3,None,NA,0,56,No,56,0.12,PB,Revio SPRQ,995,19.1,107.87,5609.3,107.87,5609.24
53,53 plex,"Revio SPRQ (MR3, PCRfree)",no,,PCRfree,7.65,25,MR3,None,NA,0,56,No,56,0.12,PB,Revio SPRQ,995,18.8,107.57,5701.15,107.57,5701.21
54,54 plex,"Revio SPRQ (MR3, PCRfree)",no,,PCRfree,7.65,25,MR3,None,NA,0,56,No,56,0.12,PB,Revio SPRQ,995,18.4,107.17,5787,107.17,5787.18
55,55 plex,"Revio SPRQ (MR3, PCRfree)",no,,PCRfree,7.65,25,MR3,None,NA,0,56,No,56,0.11,PB,Revio SPRQ,995,18.1,106.86,5877.55,106.86,5877.3
56,56 plex,"Revio SPRQ (MR3, PCRfree)",no,,PCRfree,7.65,25,MR3,None,NA,0,56,No,56,0.11,PB,Revio SPRQ,995,17.8,106.56,5967.5,106.56,5967.36
57,57 plex,"Revio SPRQ (MR3, PCRfree)",no,,PCRfree,7.65,25,MR3,None,NA,0,56,No,56,0.11,PB,Revio SPRQ,995,17.5,106.26,6056.85,106.26,6056.82
58,58 plex,"Revio SPRQ (MR3, PCRfree)",no,,PCRfree,7.65,25,MR3,None,NA,0,56,No,56,0.11,PB,Revio SPRQ,995,17.2,105.96,6145.6,105.96,6145.68
59,59 plex,"Revio SPRQ (MR3, PCRfree)",no,,PCRfree,7.65,25,MR3,None,NA,0,56,No,56,0.11,PB,Revio SPRQ,995,16.9,105.66,6233.75,105.66,6233.94
60,60 plex,"Revio SPRQ (MR3, PCRfree)",no,,PCRfree,7.65,25,MR3,None,NA,0,56,No,56,0.11,PB,Revio SPRQ,995,16.6,105.36,6321.3,105.36,6321.6
61,61 plex,"Revio SPRQ (MR3, PCRfree)",no,,PCRfree,7.65,25,MR3,None,NA,0,56,No,56,0.1,PB,Revio SPRQ,995,16.3,105.05,6408.25,105.05,6408.05
62,62 plex,"Revio SPRQ (MR3, PCRfree)",no,,PCRfree,7.65,25,MR3,None,NA,0,56,No,56,0.1,PB,Revio SPRQ,995,16,104.75,6494.6,104.75,6494.5
63,63 plex,"Revio SPRQ (MR3, PCRfree)",no,,PCRfree,7.65,25,MR3,None,NA,0,56,No,56,0.1,PB,Revio SPRQ,995,15.8,104.55,6586.65,104.55,6586.65
64,64 plex,"Revio SPRQ (MR3, PCRfree)",no,,PCRfree,7.65,25,MR3,None,NA,0,56,No,56,0.1,PB,Revio SPRQ,995,15.5,104.25,6671.9,104.25,6672
65,65 plex,"Revio SPRQ (MR3, PCRfree)",no,,PCRfree,7.65,25,MR3,None,NA,0,56,No,56,0.1,PB,Revio SPRQ,995,15.3,104.05,6763.05,104.05,6763.25
66,66 plex,"Revio SPRQ (MR3, PCRfree)",no,,PCRfree,7.65,25,MR3,None,NA,0,56,No,56,0.1,PB,Revio SPRQ,995,15.1,103.85,6853.8,103.85,6854.1
67,67 plex,"Revio SPRQ (MR3, PCRfree)",no,,PCRfree,7.65,25,MR3,None,NA,0,56,No,56,0.09,PB,Revio SPRQ,995,14.9,103.64,6944.15,103.64,6943.88
68,68 plex,"Revio SPRQ (MR3, PCRfree)",no,,PCRfree,7.65,25,MR3,None,NA,0,56,No,56,0.09,PB,Revio SPRQ,995,14.6,103.34,7027.3,103.34,7027.12
69,69 plex,"Revio SPRQ (MR3, PCRfree)",no,,PCRfree,7.65,25,MR3,None,NA,0,56,No,56,0.09,PB,Revio SPRQ,995,14.4,103.14,7116.75,103.14,7116.66
70,70 plex,"Revio SPRQ (MR3, PCRfree)",no,,PCRfree,7.65,25,MR3,None,NA,0,56,No,56,0.09,PB,Revio SPRQ,995,14.2,102.94,7205.8,102.94,7205.8
71,71 plex,"Revio SPRQ (MR3, PCRfree)",no,,PCRfree,7.65,25,MR3,None,NA,0,56,No,56,0.09,PB,Revio SPRQ,995,14,102.74,7294.45,102.74,7294.54
72,72 plex,"Revio SPRQ (MR3, PCRfree)",no,,PCRfree,7.65,25,MR3,None,NA,0,56,No,56,0.09,PB,Revio SPRQ,995,13.8,102.54,7382.7,102.54,7382.88
73,73 plex,"Revio SPRQ (MR3, PCRfree)",no,,PCRfree,7.65,25,MR3,None,NA,0,56,No,56,0.09,PB,Revio SPRQ,995,13.6,102.34,7470.55,102.34,7470.82
74,74 plex,"Revio SPRQ (MR3, PCRfree)",no,,PCRfree,7.65,25,MR3,None,NA,0,56,No,56,0.09,PB,Revio SPRQ,995,13.4,102.14,7558,102.14,7558.36
75,75 plex,"Revio SPRQ (MR3, PCRfree)",no,,PCRfree,7.65,25,MR3,None,NA,0,56,No,56,0.08,PB,Revio SPRQ,995,13.3,102.03,7652.55,102.03,7652.25
76,76 plex,"Revio SPRQ (MR3, PCRfree)",no,,PCRfree,7.65,25,MR3,None,NA,0,56,No,56,0.08,PB,Revio SPRQ,995,13.1,101.83,7739.3,101.83,7739.08
77,77 plex,"Revio SPRQ (MR3, PCRfree)",no,,PCRfree,7.65,25,MR3,None,NA,0,56,No,56,0.08,PB,Revio SPRQ,995,12.9,101.63,7825.65,101.63,7825.51
78,78 plex,"Revio SPRQ (MR3, PCRfree)",no,,PCRfree,7.65,25,MR3,None,NA,0,56,No,56,0.08,PB,Revio SPRQ,995,12.8,101.53,7919.4,101.53,7919.34
79,79 plex,"Revio SPRQ (MR3, PCRfree)",no,,PCRfree,7.65,25,MR3,None,NA,0,56,No,56,0.08,PB,Revio SPRQ,995,12.6,101.33,8005.05,101.33,8005.07
80,80 plex,"Revio SPRQ (MR3, PCRfree)",no,,PCRfree,7.65,25,MR3,None,NA,0,56,No,56,0.08,PB,Revio SPRQ,995,12.4,101.13,8090.3,101.13,8090.4
81,81 plex,"Revio SPRQ (MR3, PCRfree)",no,,PCRfree,7.65,25,MR3,None,NA,0,56,No,56,0.08,PB,Revio SPRQ,995,12.3,101.03,8183.25,101.03,8183.43
82,82 plex,"Revio SPRQ (MR3, PCRfree)",no,,PCRfree,7.65,25,MR3,None,NA,0,56,No,56,0.08,PB,Revio SPRQ,995,12.1,100.83,8267.8,100.83,8268.06
83,83 plex,"Revio SPRQ (MR3, PCRfree)",no,,PCRfree,7.65,25,MR3,None,NA,0,56,No,56,0.08,PB,Revio SPRQ,995,12,100.73,8360.25,100.73,8360.59
84,84 plex,"Revio SPRQ (MR3, PCRfree)",no,,PCRfree,7.65,25,MR3,None,NA,0,56,No,56,0.08,PB,Revio SPRQ,995,11.8,100.53,8444.1,100.53,8444.52
85,85 plex,"Revio SPRQ (MR3, PCRfree)",no,,PCRfree,7.65,25,MR3,None,NA,0,56,No,56,0.07,PB,Revio SPRQ,995,11.7,100.42,8536.05,100.42,8535.7
86,86 plex,"Revio SPRQ (MR3, PCRfree)",no,,PCRfree,7.65,25,MR3,None,NA,0,56,No,56,0.07,PB,Revio SPRQ,995,11.6,100.32,8627.8,100.32,8627.52
87,87 plex,"Revio SPRQ (MR3, PCRfree)",no,,PCRfree,7.65,25,MR3,None,NA,0,56,No,56,0.07,PB,Revio SPRQ,995,11.4,100.12,8710.65,100.12,8710.44
88,88 plex,"Revio SPRQ (MR3, PCRfree)",no,,PCRfree,7.65,25,MR3,None,NA,0,56,No,56,0.07,PB,Revio SPRQ,995,11.3,100.02,8801.9,100.02,8801.76
89,89 plex,"Revio SPRQ (MR3, PCRfree)",no,,PCRfree,7.65,25,MR3,None,NA,0,56,No,56,0.07,PB,Revio SPRQ,995,11.2,99.92,8892.95,99.92,8892.88
90,90 plex,"Revio SPRQ (MR3, PCRfree)",no,,PCRfree,7.65,25,MR3,None,NA,0,56,No,56,0.07,PB,Revio SPRQ,995,11.1,99.82,8983.8,99.82,8983.8
91,91 plex,"Revio SPRQ (MR3, PCRfree)",no,,PCRfree,7.65,25,MR3,None,NA,0,56,No,56,0.07,PB,Revio SPRQ,995,10.9,99.62,9065.35,99.62,9065.42
92,92 plex,"Revio SPRQ (MR3, PCRfree)",no,,PCRfree,7.65,25,MR3,None,NA,0,56,No,56,0.07,PB,Revio SPRQ,995,10.8,99.52,9155.7,99.52,9155.84
93,93 plex,"Revio SPRQ (MR3, PCRfree)",no,,PCRfree,7.65,25,MR3,None,NA,0,56,No,56,0.07,PB,Revio SPRQ,995,10.7,99.42,9245.85,99.42,9246.06
94,94 plex,"Revio SPRQ (MR3, PCRfree)",no,,PCRfree,7.65,25,MR3,None,NA,0,56,No,56,0.07,PB,Revio SPRQ,995,10.6,99.32,9335.8,99.32,9336.08
95,95 plex,"Revio SPRQ (MR3, PCRfree)",no,,PCRfree,7.65,25,MR3,None,NA,0,56,No,56,0.07,PB,Revio SPRQ,995,10.5,99.22,9425.55,99.22,9425.9
96,96 plex,"Revio SPRQ (MR3, PCRfree)",no,,PCRfree,7.65,25,MR3,None,NA,0,56,No,56,0.07,PB,Revio SPRQ,995,10.4,99.12,9515.1,99.12,9515.52
1,1 plex,"Revio SPRQ (pipet, PCRfree)",no,,PCRfree,7.65,0,pipet mix,None,NA,0,56,No,56,6.3,PB,Revio SPRQ,995,995,1064.95,1064.95,1064.95,1064.95
2,2 plex,"Revio SPRQ (pipet, PCRfree)",no,,PCRfree,7.65,0,pipet mix,None,NA,0,56,No,56,3.15,PB,Revio SPRQ,995,497.5,564.3,1128.6,564.3,1128.6
3,3 plex,"Revio SPRQ (pipet, PCRfree)",no,,PCRfree,7.65,0,pipet mix,None,NA,0,56,No,56,2.1,PB,Revio SPRQ,995,331.7,397.45,1192.35,397.45,1192.35
4,4 plex,"Revio SPRQ (pipet, PCRfree)",no,,PCRfree,7.65,0,pipet mix,None,NA,0,56,No,56,1.58,PB,Revio SPRQ,995,248.8,314.03,1256.1,314.03,1256.12
5,5 plex,"Revio SPRQ (pipet, PCRfree)",no,,PCRfree,7.65,0,pipet mix,None,NA,0,56,No,56,1.26,PB,Revio SPRQ,995,199,263.91,1319.55,263.91,1319.55
6,6 plex,"Revio SPRQ (pipet, PCRfree)",no,,PCRfree,7.65,0,pipet mix,None,NA,0,56,No,56,1.05,PB,Revio SPRQ,995,165.8,230.5,1383,230.5,1383
7,7 plex,"Revio SPRQ (pipet, PCRfree)",no,,PCRfree,7.65,0,pipet mix,None,NA,0,56,No,56,0.9,PB,Revio SPRQ,995,142.1,206.65,1446.55,206.65,1446.55
8,8 plex,"Revio SPRQ (pipet, PCRfree)",no,,PCRfree,7.65,0,pipet mix,None,NA,0,56,No,56,0.79,PB,Revio SPRQ,995,124.4,188.84,1510.7,188.84,1510.72
9,9 plex,"Revio SPRQ (pipet, PCRfree)",no,,PCRfree,7.65,0,pipet mix,None,NA,0,56,No,56,0.7,PB,Revio SPRQ,995,110.6,174.95,1574.55,174.95,1574.55
10,10 plex,"Revio SPRQ (pipet, PCRfree)",no,,PCRfree,7.65,0,pipet mix,None,NA,0,56,No,56,0.63,PB,Revio SPRQ,995,99.5,163.78,1637.8,163.78,1637.8
11,11 plex,"Revio SPRQ (pipet, PCRfree)",no,,PCRfree,7.65,0,pipet mix,None,NA,0,56,No,56,0.57,PB,Revio SPRQ,995,90.5,154.72,1701.95,154.72,1701.92
12,12 plex,"Revio SPRQ (pipet, PCRfree)",no,,PCRfree,7.65,0,pipet mix,None,NA,0,56,No,56,0.53,PB,Revio SPRQ,995,82.9,147.08,1764.9,147.08,1764.96
13,13 plex,"Revio SPRQ (pipet, PCRfree)",no,,PCRfree,7.65,0,pipet mix,None,NA,0,56,No,56,0.48,PB,Revio SPRQ,995,76.5,140.63,1828.25,140.63,1828.19
14,14 plex,"Revio SPRQ (pipet, PCRfree)",no,,PCRfree,7.65,0,pipet mix,None,NA,0,56,No,56,0.45,PB,Revio SPRQ,995,71.1,135.2,1892.8,135.2,1892.8
15,15 plex,"Revio SPRQ (pipet, PCRfree)",no,,PCRfree,7.65,0,pipet mix,None,NA,0,56,No,56,0.42,PB,Revio SPRQ,995,66.3,130.37,1955.55,130.37,1955.55
16,16 plex,"Revio SPRQ (pipet, PCRfree)",no,,PCRfree,7.65,0,pipet mix,None,NA,0,56,No,56,0.39,PB,Revio SPRQ,995,62.2,126.24,2019.9,126.24,2019.84
17,17 plex,"Revio SPRQ (pipet, PCRfree)",no,,PCRfree,7.65,0,pipet mix,None,NA,0,56,No,56,0.37,PB,Revio SPRQ,995,58.5,122.52,2082.85,122.52,2082.84
18,18 plex,"Revio SPRQ (pipet, PCRfree)",no,,PCRfree,7.65,0,pipet mix,None,NA,0,56,No,56,0.35,PB,Revio SPRQ,995,55.3,119.3,2147.4,119.3,2147.4
19,19 plex,"Revio SPRQ (pipet, PCRfree)",no,,PCRfree,7.65,0,pipet mix,None,NA,0,56,No,56,0.33,PB,Revio SPRQ,995,52.4,116.38,2211.25,116.38,2211.22
20,20 plex,"Revio SPRQ (pipet, PCRfree)",no,,PCRfree,7.65,0,pipet mix,None,NA,0,56,No,56,0.32,PB,Revio SPRQ,995,49.8,113.77,2275.3,113.77,2275.4
21,21 plex,"Revio SPRQ (pipet, PCRfree)",no,,PCRfree,7.65,0,pipet mix,None,NA,0,56,No,56,0.3,PB,Revio SPRQ,995,47.4,111.35,2338.35,111.35,2338.35
22,22 plex,"Revio SPRQ (pipet, PCRfree)",no,,PCRfree,7.65,0,pipet mix,None,NA,0,56,No,56,0.29,PB,Revio SPRQ,995,45.2,109.14,2401,109.14,2401.08
23,23 plex,"Revio SPRQ (pipet, PCRfree)",no,,PCRfree,7.65,0,pipet mix,None,NA,0,56,No,56,0.27,PB,Revio SPRQ,995,43.3,107.22,2466.15,107.22,2466.06
24,24 plex,"Revio SPRQ (pipet, PCRfree)",no,,PCRfree,7.65,0,pipet mix,None,NA,0,56,No,56,0.26,PB,Revio SPRQ,995,41.5,105.41,2529.9,105.41,2529.84
25,25 plex,"Revio SPRQ (pipet, PCRfree)",no,,PCRfree,7.65,0,pipet mix,None,NA,0,56,No,56,0.25,PB,Revio SPRQ,995,39.8,103.7,2592.55,103.7,2592.5
26,26 plex,"Revio SPRQ (pipet, PCRfree)",no,,PCRfree,7.65,0,pipet mix,None,NA,0,56,No,56,0.24,PB,Revio SPRQ,995,38.3,102.19,2657,102.19,2656.94
27,27 plex,"Revio SPRQ (pipet, PCRfree)",no,,PCRfree,7.65,0,pipet mix,None,NA,0,56,No,56,0.23,PB,Revio SPRQ,995,36.9,100.78,2721.15,100.78,2721.06
28,28 plex,"Revio SPRQ (pipet, PCRfree)",no,,PCRfree,7.65,0,pipet mix,None,NA,0,56,No,56,0.23,PB,Revio SPRQ,995,35.5,99.38,2782.5,99.38,2782.64
29,29 plex,"Revio SPRQ (pipet, PCRfree)",no,,PCRfree,7.65,0,pipet mix,None,NA,0,56,No,56,0.22,PB,Revio SPRQ,995,34.3,98.17,2846.85,98.17,2846.93
30,30 plex,"Revio SPRQ (pipet, PCRfree)",no,,PCRfree,7.65,0,pipet mix,None,NA,0,56,No,56,0.21,PB,Revio SPRQ,995,33.2,97.06,2911.8,97.06,2911.8
31,31 plex,"Revio SPRQ (pipet, PCRfree)",no,,PCRfree,7.65,0,pipet mix,None,NA,0,56,No,56,0.2,PB,Revio SPRQ,995,32.1,95.95,2974.55,95.95,2974.45
32,32 plex,"Revio SPRQ (pipet, PCRfree)",no,,PCRfree,7.65,0,pipet mix,None,NA,0,56,No,56,0.2,PB,Revio SPRQ,995,31.1,94.95,3038.3,94.95,3038.4
33,33 plex,"Revio SPRQ (pipet, PCRfree)",no,,PCRfree,7.65,0,pipet mix,None,NA,0,56,No,56,0.19,PB,Revio SPRQ,995,30.2,94.04,3103.35,94.04,3103.32
34,34 plex,"Revio SPRQ (pipet, PCRfree)",no,,PCRfree,7.65,0,pipet mix,None,NA,0,56,No,56,0.19,PB,Revio SPRQ,995,29.3,93.14,3166.6,93.14,3166.76
35,35 plex,"Revio SPRQ (pipet, PCRfree)",no,,PCRfree,7.65,0,pipet mix,None,NA,0,56,No,56,0.18,PB,Revio SPRQ,995,28.4,92.23,3228.05,92.23,3228.05
36,36 plex,"Revio SPRQ (pipet, PCRfree)",no,,PCRfree,7.65,0,pipet mix,None,NA,0,56,No,56,0.18,PB,Revio SPRQ,995,27.6,91.43,3291.3,91.43,3291.48
37,37 plex,"Revio SPRQ (pipet, PCRfree)",no,,PCRfree,7.65,0,pipet mix,None,NA,0,56,No,56,0.17,PB,Revio SPRQ,995,26.9,90.72,3356.65,90.72,3356.64
38,38 plex,"Revio SPRQ (pipet, PCRfree)",no,,PCRfree,7.65,0,pipet mix,None,NA,0,56,No,56,0.17,PB,Revio SPRQ,995,26.2,90.02,3420.6,90.02,3420.76
39,39 plex,"Revio SPRQ (pipet, PCRfree)",no,,PCRfree,7.65,0,pipet mix,None,NA,0,56,No,56,0.16,PB,Revio SPRQ,995,25.5,89.31,3483.15,89.31,3483.09
40,40 plex,"Revio SPRQ (pipet, PCRfree)",no,,PCRfree,7.65,0,pipet mix,None,NA,0,56,No,56,0.16,PB,Revio SPRQ,995,24.9,88.71,3548.3,88.71,3548.4
41,41 plex,"Revio SPRQ (pipet, PCRfree)",no,,PCRfree,7.65,0,pipet mix,None,NA,0,56,No,56,0.15,PB,Revio SPRQ,995,24.3,88.1,3612.25,88.1,3612.1
42,42 plex,"Revio SPRQ (pipet, PCRfree)",no,,PCRfree,7.65,0,pipet mix,None,NA,0,56,No,56,0.15,PB,Revio SPRQ,995,23.7,87.5,3675,87.5,3675
43,43 plex,"Revio SPRQ (pipet, PCRfree)",no,,PCRfree,7.65,0,pipet mix,None,NA,0,56,No,56,0.15,PB,Revio SPRQ,995,23.1,86.9,3736.55,86.9,3736.7
44,44 plex,"Revio SPRQ (pipet, PCRfree)",no,,PCRfree,7.65,0,pipet mix,None,NA,0,56,No,56,0.14,PB,Revio SPRQ,995,22.6,86.39,3801.3,86.39,3801.16
45,45 plex,"Revio SPRQ (pipet, PCRfree)",no,,PCRfree,7.65,0,pipet mix,None,NA,0,56,No,56,0.14,PB,Revio SPRQ,995,22.1,85.89,3865.05,85.89,3865.05
46,46 plex,"Revio SPRQ (pipet, PCRfree)",no,,PCRfree,7.65,0,pipet mix,None,NA,0,56,No,56,0.14,PB,Revio SPRQ,995,21.6,85.39,3927.8,85.39,3927.94
47,47 plex,"Revio SPRQ (pipet, PCRfree)",no,,PCRfree,7.65,0,pipet mix,None,NA,0,56,No,56,0.13,PB,Revio SPRQ,995,21.2,84.98,3994.25,84.98,3994.06
48,48 plex,"Revio SPRQ (pipet, PCRfree)",no,,PCRfree,7.65,0,pipet mix,None,NA,0,56,No,56,0.13,PB,Revio SPRQ,995,20.7,84.48,4055.1,84.48,4055.04
49,49 plex,"Revio SPRQ (pipet, PCRfree)",no,,PCRfree,7.65,0,pipet mix,None,NA,0,56,No,56,0.13,PB,Revio SPRQ,995,20.3,84.08,4119.85,84.08,4119.92
50,50 plex,"Revio SPRQ (pipet, PCRfree)",no,,PCRfree,7.65,0,pipet mix,None,NA,0,56,No,56,0.13,PB,Revio SPRQ,995,19.9,83.68,4183.8,83.68,4184
51,51 plex,"Revio SPRQ (pipet, PCRfree)",no,,PCRfree,7.65,0,pipet mix,None,NA,0,56,No,56,0.12,PB,Revio SPRQ,995,19.5,83.27,4246.95,83.27,4246.77
52,52 plex,"Revio SPRQ (pipet, PCRfree)",no,,PCRfree,7.65,0,pipet mix,None,NA,0,56,No,56,0.12,PB,Revio SPRQ,995,19.1,82.87,4309.3,82.87,4309.24
53,53 plex,"Revio SPRQ (pipet, PCRfree)",no,,PCRfree,7.65,0,pipet mix,None,NA,0,56,No,56,0.12,PB,Revio SPRQ,995,18.8,82.57,4376.15,82.57,4376.21
54,54 plex,"Revio SPRQ (pipet, PCRfree)",no,,PCRfree,7.65,0,pipet mix,None,NA,0,56,No,56,0.12,PB,Revio SPRQ,995,18.4,82.17,4437,82.17,4437.18
55,55 plex,"Revio SPRQ (pipet, PCRfree)",no,,PCRfree,7.65,0,pipet mix,None,NA,0,56,No,56,0.11,PB,Revio SPRQ,995,18.1,81.86,4502.55,81.86,4502.3
56,56 plex,"Revio SPRQ (pipet, PCRfree)",no,,PCRfree,7.65,0,pipet mix,None,NA,0,56,No,56,0.11,PB,Revio SPRQ,995,17.8,81.56,4567.5,81.56,4567.36
57,57 plex,"Revio SPRQ (pipet, PCRfree)",no,,PCRfree,7.65,0,pipet mix,None,NA,0,56,No,56,0.11,PB,Revio SPRQ,995,17.5,81.26,4631.85,81.26,4631.82
58,58 plex,"Revio SPRQ (pipet, PCRfree)",no,,PCRfree,7.65,0,pipet mix,None,NA,0,56,No,56,0.11,PB,Revio SPRQ,995,17.2,80.96,4695.6,80.96,4695.68
59,59 plex,"Revio SPRQ (pipet, PCRfree)",no,,PCRfree,7.65,0,pipet mix,None,NA,0,56,No,56,0.11,PB,Revio SPRQ,995,16.9,80.66,4758.75,80.66,4758.94
60,60 plex,"Revio SPRQ (pipet, PCRfree)",no,,PCRfree,7.65,0,pipet mix,None,NA,0,56,No,56,0.11,PB,Revio SPRQ,995,16.6,80.36,4821.3,80.36,4821.6
61,61 plex,"Revio SPRQ (pipet, PCRfree)",no,,PCRfree,7.65,0,pipet mix,None,NA,0,56,No,56,0.1,PB,Revio SPRQ,995,16.3,80.05,4883.25,80.05,4883.05
62,62 plex,"Revio SPRQ (pipet, PCRfree)",no,,PCRfree,7.65,0,pipet mix,None,NA,0,56,No,56,0.1,PB,Revio SPRQ,995,16,79.75,4944.6,79.75,4944.5
63,63 plex,"Revio SPRQ (pipet, PCRfree)",no,,PCRfree,7.65,0,pipet mix,None,NA,0,56,No,56,0.1,PB,Revio SPRQ,995,15.8,79.55,5011.65,79.55,5011.65
64,64 plex,"Revio SPRQ (pipet, PCRfree)",no,,PCRfree,7.65,0,pipet mix,None,NA,0,56,No,56,0.1,PB,Revio SPRQ,995,15.5,79.25,5071.9,79.25,5072
65,65 plex,"Revio SPRQ (pipet, PCRfree)",no,,PCRfree,7.65,0,pipet mix,None,NA,0,56,No,56,0.1,PB,Revio SPRQ,995,15.3,79.05,5138.05,79.05,5138.25
66,66 plex,"Revio SPRQ (pipet, PCRfree)",no,,PCRfree,7.65,0,pipet mix,None,NA,0,56,No,56,0.1,PB,Revio SPRQ,995,15.1,78.85,5203.8,78.85,5204.1
67,67 plex,"Revio SPRQ (pipet, PCRfree)",no,,PCRfree,7.65,0,pipet mix,None,NA,0,56,No,56,0.09,PB,Revio SPRQ,995,14.9,78.64,5269.15,78.64,5268.88
68,68 plex,"Revio SPRQ (pipet, PCRfree)",no,,PCRfree,7.65,0,pipet mix,None,NA,0,56,No,56,0.09,PB,Revio SPRQ,995,14.6,78.34,5327.3,78.34,5327.12
69,69 plex,"Revio SPRQ (pipet, PCRfree)",no,,PCRfree,7.65,0,pipet mix,None,NA,0,56,No,56,0.09,PB,Revio SPRQ,995,14.4,78.14,5391.75,78.14,5391.66
70,70 plex,"Revio SPRQ (pipet, PCRfree)",no,,PCRfree,7.65,0,pipet mix,None,NA,0,56,No,56,0.09,PB,Revio SPRQ,995,14.2,77.94,5455.8,77.94,5455.8
71,71 plex,"Revio SPRQ (pipet, PCRfree)",no,,PCRfree,7.65,0,pipet mix,None,NA,0,56,No,56,0.09,PB,Revio SPRQ,995,14,77.74,5519.45,77.74,5519.54
72,72 plex,"Revio SPRQ (pipet, PCRfree)",no,,PCRfree,7.65,0,pipet mix,None,NA,0,56,No,56,0.09,PB,Revio SPRQ,995,13.8,77.54,5582.7,77.54,5582.88
73,73 plex,"Revio SPRQ (pipet, PCRfree)",no,,PCRfree,7.65,0,pipet mix,None,NA,0,56,No,56,0.09,PB,Revio SPRQ,995,13.6,77.34,5645.55,77.34,5645.82
74,74 plex,"Revio SPRQ (pipet, PCRfree)",no,,PCRfree,7.65,0,pipet mix,None,NA,0,56,No,56,0.09,PB,Revio SPRQ,995,13.4,77.14,5708,77.14,5708.36
75,75 plex,"Revio SPRQ (pipet, PCRfree)",no,,PCRfree,7.65,0,pipet mix,None,NA,0,56,No,56,0.08,PB,Revio SPRQ,995,13.3,77.03,5777.55,77.03,5777.25
76,76 plex,"Revio SPRQ (pipet, PCRfree)",no,,PCRfree,7.65,0,pipet mix,None,NA,0,56,No,56,0.08,PB,Revio SPRQ,995,13.1,76.83,5839.3,76.83,5839.08
77,77 plex,"Revio SPRQ (pipet, PCRfree)",no,,PCRfree,7.65,0,pipet mix,None,NA,0,56,No,56,0.08,PB,Revio SPRQ,995,12.9,76.63,5900.65,76.63,5900.51
78,78 plex,"Revio SPRQ (pipet, PCRfree)",no,,PCRfree,7.65,0,pipet mix,None,NA,0,56,No,56,0.08,PB,Revio SPRQ,995,12.8,76.53,5969.4,76.53,5969.34
79,79 plex,"Revio SPRQ (pipet, PCRfree)",no,,PCRfree,7.65,0,pipet mix,None,NA,0,56,No,56,0.08,PB,Revio SPRQ,995,12.6,76.33,6030.05,76.33,6030.07
80,80 plex,"Revio SPRQ (pipet, PCRfree)",no,,PCRfree,7.65,0,pipet mix,None,NA,0,56,No,56,0.08,PB,Revio SPRQ,995,12.4,76.13,6090.3,76.13,6090.4
81,81 plex,"Revio SPRQ (pipet, PCRfree)",no,,PCRfree,7.65,0,pipet mix,None,NA,0,56,No,56,0.08,PB,Revio SPRQ,995,12.3,76.03,6158.25,76.03,6158.43
82,82 plex,"Revio SPRQ (pipet, PCRfree)",no,,PCRfree,7.65,0,pipet mix,None,NA,0,56,No,56,0.08,PB,Revio SPRQ,995,12.1,75.83,6217.8,75.83,6218.06
83,83 plex,"Revio SPRQ (pipet, PCRfree)",no,,PCRfree,7.65,0,pipet mix,None,NA,0,56,No,56,0.08,PB,Revio SPRQ,995,12,75.73,6285.25,75.73,6285.59
84,84 plex,"Revio SPRQ (pipet, PCRfree)",no,,PCRfree,7.65,0,pipet mix,None,NA,0,56,No,56,0.08,PB,Revio SPRQ,995,11.8,75.53,6344.1,75.53,6344.52
85,85 plex,"Revio SPRQ (pipet, PCRfree)",no,,PCRfree,7.65,0,pipet mix,None,NA,0,56,No,56,0.07,PB,Revio SPRQ,995,11.7,75.42,6411.05,75.42,6410.7
86,86 plex,"Revio SPRQ (pipet, PCRfree)",no,,PCRfree,7.65,0,pipet mix,None,NA,0,56,No,56,0.07,PB,Revio SPRQ,995,11.6,75.32,6477.8,75.32,6477.52
87,87 plex,"Revio SPRQ (pipet, PCRfree)",no,,PCRfree,7.65,0,pipet mix,None,NA,0,56,No,56,0.07,PB,Revio SPRQ,995,11.4,75.12,6535.65,75.12,6535.44
88,88 plex,"Revio SPRQ (pipet, PCRfree)",no,,PCRfree,7.65,0,pipet mix,None,NA,0,56,No,56,0.07,PB,Revio SPRQ,995,11.3,75.02,6601.9,75.02,6601.76
89,89 plex,"Revio SPRQ (pipet, PCRfree)",no,,PCRfree,7.65,0,pipet mix,None,NA,0,56,No,56,0.07,PB,Revio SPRQ,995,11.2,74.92,6667.95,74.92,6667.88
90,90 plex,"Revio SPRQ (pipet, PCRfree)",no,,PCRfree,7.65,0,pipet mix,None,NA,0,56,No,56,0.07,PB,Revio SPRQ,995,11.1,74.82,6733.8,74.82,6733.8
91,91 plex,"Revio SPRQ (pipet, PCRfree)",no,,PCRfree,7.65,0,pipet mix,None,NA,0,56,No,56,0.07,PB,Revio SPRQ,995,10.9,74.62,6790.35,74.62,6790.42
92,92 plex,"Revio SPRQ (pipet, PCRfree)",no,,PCRfree,7.65,0,pipet mix,None,NA,0,56,No,56,0.07,PB,Revio SPRQ,995,10.8,74.52,6855.7,74.52,6855.84
93,93 plex,"Revio SPRQ (pipet, PCRfree)",no,,PCRfree,7.65,0,pipet mix,None,NA,0,56,No,56,0.07,PB,Revio SPRQ,995,10.7,74.42,6920.85,74.42,6921.06
94,94 plex,"Revio SPRQ (pipet, PCRfree)",no,,PCRfree,7.65,0,pipet mix,None,NA,0,56,No,56,0.07,PB,Revio SPRQ,995,10.6,74.32,6985.8,74.32,6986.08
95,95 plex,"Revio SPRQ (pipet, PCRfree)",no,,PCRfree,7.65,0,pipet mix,None,NA,0,56,No,56,0.07,PB,Revio SPRQ,995,10.5,74.22,7050.55,74.22,7050.9
96,96 plex,"Revio SPRQ (pipet, PCRfree)",no,,PCRfree,7.65,0,pipet mix,None,NA,0,56,No,56,0.07,PB,Revio SPRQ,995,10.4,74.12,7115.1,74.12,7115.52
1,1 plex,"Revio SPRQ (pipet, Ampli-Fi PCR)",no,,PCRfree,7.65,0,pipet mix,Takara or Decodifi,100,3.4,56,No,56,0,PB,Revio SPRQ,995,995,1064.95,1064.95,1062.05,1062.05
2,2 plex,"Revio SPRQ (pipet, Ampli-Fi PCR)",no,,PCRfree,7.65,0,pipet mix,Takara or Decodifi,100,3.4,56,No,56,0,PB,Revio SPRQ,995,497.5,564.3,1128.6,564.55,1129.1
3,3 plex,"Revio SPRQ (pipet, Ampli-Fi PCR)",no,,PCRfree,7.65,0,pipet mix,Takara or Decodifi,100,3.4,56,No,56,0,PB,Revio SPRQ,995,331.7,397.45,1192.35,398.75,1196.25
4,4 plex,"Revio SPRQ (pipet, Ampli-Fi PCR)",no,,PCRfree,7.65,0,pipet mix,Takara or Decodifi,100,3.4,56,No,56,0,PB,Revio SPRQ,995,248.8,314.03,1256.1,315.85,1263.4
5,5 plex,"Revio SPRQ (pipet, Ampli-Fi PCR)",no,,PCRfree,7.65,0,pipet mix,Takara or Decodifi,100,3.4,56,No,56,0,PB,Revio SPRQ,995,199,263.91,1319.55,266.05,1330.25
6,6 plex,"Revio SPRQ (pipet, Ampli-Fi PCR)",no,,PCRfree,7.65,0,pipet mix,Takara or Decodifi,100,3.4,56,No,56,0,PB,Revio SPRQ,995,165.8,230.5,1383,232.85,1397.1
7,7 plex,"Revio SPRQ (pipet, Ampli-Fi PCR)",no,,PCRfree,7.65,0,pipet mix,Takara or Decodifi,100,3.4,56,No,56,0,PB,Revio SPRQ,995,142.1,206.65,1446.55,209.15,1464.05
8,8 plex,"Revio SPRQ (pipet, Ampli-Fi PCR)",no,,PCRfree,7.65,0,pipet mix,Takara or Decodifi,100,3.4,56,No,56,0,PB,Revio SPRQ,995,124.4,188.84,1510.7,191.45,1531.6
9,9 plex,"Revio SPRQ (pipet, Ampli-Fi PCR)",no,,PCRfree,7.65,0,pipet mix,Takara or Decodifi,100,3.4,56,No,56,0,PB,Revio SPRQ,995,110.6,174.95,1574.55,177.65,1598.85
10,10 plex,"Revio SPRQ (pipet, Ampli-Fi PCR)",no,,PCRfree,7.65,0,pipet mix,Takara or Decodifi,100,3.4,56,No,56,0,PB,Revio SPRQ,995,99.5,163.78,1637.8,166.55,1665.5
11,11 plex,"Revio SPRQ (pipet, Ampli-Fi PCR)",no,,PCRfree,7.65,0,pipet mix,Takara or Decodifi,100,3.4,56,No,56,0,PB,Revio SPRQ,995,90.5,154.72,1701.95,157.55,1733.05
12,12 plex,"Revio SPRQ (pipet, Ampli-Fi PCR)",no,,PCRfree,7.65,0,pipet mix,Takara or Decodifi,100,3.4,56,No,56,0,PB,Revio SPRQ,995,82.9,147.08,1764.9,149.95,1799.4
13,13 plex,"Revio SPRQ (pipet, Ampli-Fi PCR)",no,,PCRfree,7.65,0,pipet mix,Takara or Decodifi,100,3.4,56,No,56,0,PB,Revio SPRQ,995,76.5,140.63,1828.25,143.55,1866.15
14,14 plex,"Revio SPRQ (pipet, Ampli-Fi PCR)",no,,PCRfree,7.65,0,pipet mix,Takara or Decodifi,100,3.4,56,No,56,0,PB,Revio SPRQ,995,71.1,135.2,1892.8,138.15,1934.1
15,15 plex,"Revio SPRQ (pipet, Ampli-Fi PCR)",no,,PCRfree,7.65,0,pipet mix,Takara or Decodifi,100,3.4,56,No,56,0,PB,Revio SPRQ,995,66.3,130.37,1955.55,133.35,2000.25
16,16 plex,"Revio SPRQ (pipet, Ampli-Fi PCR)",no,,PCRfree,7.65,0,pipet mix,Takara or Decodifi,100,3.4,56,No,56,0,PB,Revio SPRQ,995,62.2,126.24,2019.9,129.25,2068
17,17 plex,"Revio SPRQ (pipet, Ampli-Fi PCR)",no,,PCRfree,7.65,0,pipet mix,Takara or Decodifi,100,3.4,56,No,56,0,PB,Revio SPRQ,995,58.5,122.52,2082.85,125.55,2134.35
18,18 plex,"Revio SPRQ (pipet, Ampli-Fi PCR)",no,,PCRfree,7.65,0,pipet mix,Takara or Decodifi,100,3.4,56,No,56,0,PB,Revio SPRQ,995,55.3,119.3,2147.4,122.35,2202.3
19,19 plex,"Revio SPRQ (pipet, Ampli-Fi PCR)",no,,PCRfree,7.65,0,pipet mix,Takara or Decodifi,100,3.4,56,No,56,0,PB,Revio SPRQ,995,52.4,116.38,2211.25,119.45,2269.55
20,20 plex,"Revio SPRQ (pipet, Ampli-Fi PCR)",no,,PCRfree,7.65,0,pipet mix,Takara or Decodifi,100,3.4,56,No,56,0,PB,Revio SPRQ,995,49.8,113.77,2275.3,116.85,2337
21,21 plex,"Revio SPRQ (pipet, Ampli-Fi PCR)",no,,PCRfree,7.65,0,pipet mix,Takara or Decodifi,100,3.4,56,No,56,0,PB,Revio SPRQ,995,47.4,111.35,2338.35,114.45,2403.45
22,22 plex,"Revio SPRQ (pipet, Ampli-Fi PCR)",no,,PCRfree,7.65,0,pipet mix,Takara or Decodifi,100,3.4,56,No,56,0,PB,Revio SPRQ,995,45.2,109.14,2401,112.25,2469.5
23,23 plex,"Revio SPRQ (pipet, Ampli-Fi PCR)",no,,PCRfree,7.65,0,pipet mix,Takara or Decodifi,100,3.4,56,No,56,0,PB,Revio SPRQ,995,43.3,107.22,2466.15,110.35,2538.05
24,24 plex,"Revio SPRQ (pipet, Ampli-Fi PCR)",no,,PCRfree,7.65,0,pipet mix,Takara or Decodifi,100,3.4,56,No,56,0,PB,Revio SPRQ,995,41.5,105.41,2529.9,108.55,2605.2
25,25 plex,"Revio SPRQ (pipet, Ampli-Fi PCR)",no,,PCRfree,7.65,0,pipet mix,Takara or Decodifi,100,3.4,56,No,56,0,PB,Revio SPRQ,995,39.8,103.7,2592.55,106.85,2671.25
26,26 plex,"Revio SPRQ (pipet, Ampli-Fi PCR)",no,,PCRfree,7.65,0,pipet mix,Takara or Decodifi,100,3.4,56,No,56,0,PB,Revio SPRQ,995,38.3,102.19,2657,105.35,2739.1
27,27 plex,"Revio SPRQ (pipet, Ampli-Fi PCR)",no,,PCRfree,7.65,0,pipet mix,Takara or Decodifi,100,3.4,56,No,56,0,PB,Revio SPRQ,995,36.9,100.78,2721.15,103.95,2806.65
28,28 plex,"Revio SPRQ (pipet, Ampli-Fi PCR)",no,,PCRfree,7.65,0,pipet mix,Takara or Decodifi,100,3.4,56,No,56,0,PB,Revio SPRQ,995,35.5,99.38,2782.5,102.55,2871.4
29,29 plex,"Revio SPRQ (pipet, Ampli-Fi PCR)",no,,PCRfree,7.65,0,pipet mix,Takara or Decodifi,100,3.4,56,No,56,0,PB,Revio SPRQ,995,34.3,98.17,2846.85,101.35,2939.15
30,30 plex,"Revio SPRQ (pipet, Ampli-Fi PCR)",no,,PCRfree,7.65,0,pipet mix,Takara or Decodifi,100,3.4,56,No,56,0,PB,Revio SPRQ,995,33.2,97.06,2911.8,100.25,3007.5
31,31 plex,"Revio SPRQ (pipet, Ampli-Fi PCR)",no,,PCRfree,7.65,0,pipet mix,Takara or Decodifi,100,3.4,56,No,56,0,PB,Revio SPRQ,995,32.1,95.95,2974.55,99.15,3073.65
32,32 plex,"Revio SPRQ (pipet, Ampli-Fi PCR)",no,,PCRfree,7.65,0,pipet mix,Takara or Decodifi,100,3.4,56,No,56,0,PB,Revio SPRQ,995,31.1,94.95,3038.3,98.15,3140.8
33,33 plex,"Revio SPRQ (pipet, Ampli-Fi PCR)",no,,PCRfree,7.65,0,pipet mix,Takara or Decodifi,100,3.4,56,No,56,0,PB,Revio SPRQ,995,30.2,94.04,3103.35,97.25,3209.25
34,34 plex,"Revio SPRQ (pipet, Ampli-Fi PCR)",no,,PCRfree,7.65,0,pipet mix,Takara or Decodifi,100,3.4,56,No,56,0,PB,Revio SPRQ,995,29.3,93.14,3166.6,96.35,3275.9
35,35 plex,"Revio SPRQ (pipet, Ampli-Fi PCR)",no,,PCRfree,7.65,0,pipet mix,Takara or Decodifi,100,3.4,56,No,56,0,PB,Revio SPRQ,995,28.4,92.23,3228.05,95.45,3340.75
36,36 plex,"Revio SPRQ (pipet, Ampli-Fi PCR)",no,,PCRfree,7.65,0,pipet mix,Takara or Decodifi,100,3.4,56,No,56,0,PB,Revio SPRQ,995,27.6,91.43,3291.3,94.65,3407.4
37,37 plex,"Revio SPRQ (pipet, Ampli-Fi PCR)",no,,PCRfree,7.65,0,pipet mix,Takara or Decodifi,100,3.4,56,No,56,0,PB,Revio SPRQ,995,26.9,90.72,3356.65,93.95,3476.15
38,38 plex,"Revio SPRQ (pipet, Ampli-Fi PCR)",no,,PCRfree,7.65,0,pipet mix,Takara or Decodifi,100,3.4,56,No,56,0,PB,Revio SPRQ,995,26.2,90.02,3420.6,93.25,3543.5
39,39 plex,"Revio SPRQ (pipet, Ampli-Fi PCR)",no,,PCRfree,7.65,0,pipet mix,Takara or Decodifi,100,3.4,56,No,56,0,PB,Revio SPRQ,995,25.5,89.31,3483.15,92.55,3609.45
40,40 plex,"Revio SPRQ (pipet, Ampli-Fi PCR)",no,,PCRfree,7.65,0,pipet mix,Takara or Decodifi,100,3.4,56,No,56,0,PB,Revio SPRQ,995,24.9,88.71,3548.3,91.95,3678
41,41 plex,"Revio SPRQ (pipet, Ampli-Fi PCR)",no,,PCRfree,7.65,0,pipet mix,Takara or Decodifi,100,3.4,56,No,56,0,PB,Revio SPRQ,995,24.3,88.1,3612.25,91.35,3745.35
42,42 plex,"Revio SPRQ (pipet, Ampli-Fi PCR)",no,,PCRfree,7.65,0,pipet mix,Takara or Decodifi,100,3.4,56,No,56,0,PB,Revio SPRQ,995,23.7,87.5,3675,90.75,3811.5
43,43 plex,"Revio SPRQ (pipet, Ampli-Fi PCR)",no,,PCRfree,7.65,0,pipet mix,Takara or Decodifi,100,3.4,56,No,56,0,PB,Revio SPRQ,995,23.1,86.9,3736.55,90.15,3876.45
44,44 plex,"Revio SPRQ (pipet, Ampli-Fi PCR)",no,,PCRfree,7.65,0,pipet mix,Takara or Decodifi,100,3.4,56,No,56,0,PB,Revio SPRQ,995,22.6,86.39,3801.3,89.65,3944.6
45,45 plex,"Revio SPRQ (pipet, Ampli-Fi PCR)",no,,PCRfree,7.65,0,pipet mix,Takara or Decodifi,100,3.4,56,No,56,0,PB,Revio SPRQ,995,22.1,85.89,3865.05,89.15,4011.75
46,46 plex,"Revio SPRQ (pipet, Ampli-Fi PCR)",no,,PCRfree,7.65,0,pipet mix,Takara or Decodifi,100,3.4,56,No,56,0,PB,Revio SPRQ,995,21.6,85.39,3927.8,88.65,4077.9
47,47 plex,"Revio SPRQ (pipet, Ampli-Fi PCR)",no,,PCRfree,7.65,0,pipet mix,Takara or Decodifi,100,3.4,56,No,56,0,PB,Revio SPRQ,995,21.2,84.98,3994.25,88.25,4147.75
48,48 plex,"Revio SPRQ (pipet, Ampli-Fi PCR)",no,,PCRfree,7.65,0,pipet mix,Takara or Decodifi,100,3.4,56,No,56,0,PB,Revio SPRQ,995,20.7,84.48,4055.1,87.75,4212
49,49 plex,"Revio SPRQ (pipet, Ampli-Fi PCR)",no,,PCRfree,7.65,0,pipet mix,Takara or Decodifi,100,3.4,56,No,56,0,PB,Revio SPRQ,995,20.3,84.08,4119.85,87.35,4280.15
50,50 plex,"Revio SPRQ (pipet, Ampli-Fi PCR)",no,,PCRfree,7.65,0,pipet mix,Takara or Decodifi,100,3.4,56,No,56,0,PB,Revio SPRQ,995,19.9,83.68,4183.8,86.95,4347.5
51,51 plex,"Revio SPRQ (pipet, Ampli-Fi PCR)",no,,PCRfree,7.65,0,pipet mix,Takara or Decodifi,100,3.4,56,No,56,0,PB,Revio SPRQ,995,19.5,83.27,4246.95,86.55,4414.05
52,52 plex,"Revio SPRQ (pipet, Ampli-Fi PCR)",no,,PCRfree,7.65,0,pipet mix,Takara or Decodifi,100,3.4,56,No,56,0,PB,Revio SPRQ,995,19.1,82.87,4309.3,86.15,4479.8
53,53 plex,"Revio SPRQ (pipet, Ampli-Fi PCR)",no,,PCRfree,7.65,0,pipet mix,Takara or Decodifi,100,3.4,56,No,56,0,PB,Revio SPRQ,995,18.8,82.57,4376.15,85.85,4550.05
54,54 plex,"Revio SPRQ (pipet, Ampli-Fi PCR)",no,,PCRfree,7.65,0,pipet mix,Takara or Decodifi,100,3.4,56,No,56,0,PB,Revio SPRQ,995,18.4,82.17,4437,85.45,4614.3
55,55 plex,"Revio SPRQ (pipet, Ampli-Fi PCR)",no,,PCRfree,7.65,0,pipet mix,Takara or Decodifi,100,3.4,56,No,56,0,PB,Revio SPRQ,995,18.1,81.86,4502.55,85.15,4683.25
56,56 plex,"Revio SPRQ (pipet, Ampli-Fi PCR)",no,,PCRfree,7.65,0,pipet mix,Takara or Decodifi,100,3.4,56,No,56,0,PB,Revio SPRQ,995,17.8,81.56,4567.5,84.85,4751.6
57,57 plex,"Revio SPRQ (pipet, Ampli-Fi PCR)",no,,PCRfree,7.65,0,pipet mix,Takara or Decodifi,100,3.4,56,No,56,0,PB,Revio SPRQ,995,17.5,81.26,4631.85,84.55,4819.35
58,58 plex,"Revio SPRQ (pipet, Ampli-Fi PCR)",no,,PCRfree,7.65,0,pipet mix,Takara or Decodifi,100,3.4,56,No,56,0,PB,Revio SPRQ,995,17.2,80.96,4695.6,84.25,4886.5
59,59 plex,"Revio SPRQ (pipet, Ampli-Fi PCR)",no,,PCRfree,7.65,0,pipet mix,Takara or Decodifi,100,3.4,56,No,56,0,PB,Revio SPRQ,995,16.9,80.66,4758.75,83.95,4953.05
60,60 plex,"Revio SPRQ (pipet, Ampli-Fi PCR)",no,,PCRfree,7.65,0,pipet mix,Takara or Decodifi,100,3.4,56,No,56,0,PB,Revio SPRQ,995,16.6,80.36,4821.3,83.65,5019
61,61 plex,"Revio SPRQ (pipet, Ampli-Fi PCR)",no,,PCRfree,7.65,0,pipet mix,Takara or Decodifi,100,3.4,56,No,56,0,PB,Revio SPRQ,995,16.3,80.05,4883.25,83.35,5084.35
62,62 plex,"Revio SPRQ (pipet, Ampli-Fi PCR)",no,,PCRfree,7.65,0,pipet mix,Takara or Decodifi,100,3.4,56,No,56,0,PB,Revio SPRQ,995,16,79.75,4944.6,83.05,5149.1
63,63 plex,"Revio SPRQ (pipet, Ampli-Fi PCR)",no,,PCRfree,7.65,0,pipet mix,Takara or Decodifi,100,3.4,56,No,56,0,PB,Revio SPRQ,995,15.8,79.55,5011.65,82.85,5219.55
64,64 plex,"Revio SPRQ (pipet, Ampli-Fi PCR)",no,,PCRfree,7.65,0,pipet mix,Takara or Decodifi,100,3.4,56,No,56,0,PB,Revio SPRQ,995,15.5,79.25,5071.9,82.55,5283.2
65,65 plex,"Revio SPRQ (pipet, Ampli-Fi PCR)",no,,PCRfree,7.65,0,pipet mix,Takara or Decodifi,100,3.4,56,No,56,0,PB,Revio SPRQ,995,15.3,79.05,5138.05,82.35,5352.75
66,66 plex,"Revio SPRQ (pipet, Ampli-Fi PCR)",no,,PCRfree,7.65,0,pipet mix,Takara or Decodifi,100,3.4,56,No,56,0,PB,Revio SPRQ,995,15.1,78.85,5203.8,82.15,5421.9
67,67 plex,"Revio SPRQ (pipet, Ampli-Fi PCR)",no,,PCRfree,7.65,0,pipet mix,Takara or Decodifi,100,3.4,56,No,56,0,PB,Revio SPRQ,995,14.9,78.64,5269.15,81.95,5490.65
68,68 plex,"Revio SPRQ (pipet, Ampli-Fi PCR)",no,,PCRfree,7.65,0,pipet mix,Takara or Decodifi,100,3.4,56,No,56,0,PB,Revio SPRQ,995,14.6,78.34,5327.3,81.65,5552.2
69,69 plex,"Revio SPRQ (pipet, Ampli-Fi PCR)",no,,PCRfree,7.65,0,pipet mix,Takara or Decodifi,100,3.4,56,No,56,0,PB,Revio SPRQ,995,14.4,78.14,5391.75,81.45,5620.05
70,70 plex,"Revio SPRQ (pipet, Ampli-Fi PCR)",no,,PCRfree,7.65,0,pipet mix,Takara or Decodifi,100,3.4,56,No,56,0,PB,Revio SPRQ,995,14.2,77.94,5455.8,81.25,5687.5
71,71 plex,"Revio SPRQ (pipet, Ampli-Fi PCR)",no,,PCRfree,7.65,0,pipet mix,Takara or Decodifi,100,3.4,56,No,56,0,PB,Revio SPRQ,995,14,77.74,5519.45,81.05,5754.55
72,72 plex,"Revio SPRQ (pipet, Ampli-Fi PCR)",no,,PCRfree,7.65,0,pipet mix,Takara or Decodifi,100,3.4,56,No,56,0,PB,Revio SPRQ,995,13.8,77.54,5582.7,80.85,5821.2
73,73 plex,"Revio SPRQ (pipet, Ampli-Fi PCR)",no,,PCRfree,7.65,0,pipet mix,Takara or Decodifi,100,3.4,56,No,56,0,PB,Revio SPRQ,995,13.6,77.34,5645.55,80.65,5887.45
74,74 plex,"Revio SPRQ (pipet, Ampli-Fi PCR)",no,,PCRfree,7.65,0,pipet mix,Takara or Decodifi,100,3.4,56,No,56,0,PB,Revio SPRQ,995,13.4,77.14,5708,80.45,5953.3
75,75 plex,"Revio SPRQ (pipet, Ampli-Fi PCR)",no,,PCRfree,7.65,0,pipet mix,Takara or Decodifi,100,3.4,56,No,56,0,PB,Revio SPRQ,995,13.3,77.03,5777.55,80.35,6026.25
76,76 plex,"Revio SPRQ (pipet, Ampli-Fi PCR)",no,,PCRfree,7.65,0,pipet mix,Takara or Decodifi,100,3.4,56,No,56,0,PB,Revio SPRQ,995,13.1,76.83,5839.3,80.15,6091.4
77,77 plex,"Revio SPRQ (pipet, Ampli-Fi PCR)",no,,PCRfree,7.65,0,pipet mix,Takara or Decodifi,100,3.4,56,No,56,0,PB,Revio SPRQ,995,12.9,76.63,5900.65,79.95,6156.15
78,78 plex,"Revio SPRQ (pipet, Ampli-Fi PCR)",no,,PCRfree,7.65,0,pipet mix,Takara or Decodifi,100,3.4,56,No,56,0,PB,Revio SPRQ,995,12.8,76.53,5969.4,79.85,6228.3
79,79 plex,"Revio SPRQ (pipet, Ampli-Fi PCR)",no,,PCRfree,7.65,0,pipet mix,Takara or Decodifi,100,3.4,56,No,56,0,PB,Revio SPRQ,995,12.6,76.33,6030.05,79.65,6292.35
80,80 plex,"Revio SPRQ (pipet, Ampli-Fi PCR)",no,,PCRfree,7.65,0,pipet mix,Takara or Decodifi,100,3.4,56,No,56,0,PB,Revio SPRQ,995,12.4,76.13,6090.3,79.45,6356
81,81 plex,"Revio SPRQ (pipet, Ampli-Fi PCR)",no,,PCRfree,7.65,0,pipet mix,Takara or Decodifi,100,3.4,56,No,56,0,PB,Revio SPRQ,995,12.3,76.03,6158.25,79.35,6427.35
82,82 plex,"Revio SPRQ (pipet, Ampli-Fi PCR)",no,,PCRfree,7.65,0,pipet mix,Takara or Decodifi,100,3.4,56,No,56,0,PB,Revio SPRQ,995,12.1,75.83,6217.8,79.15,6490.3
83,83 plex,"Revio SPRQ (pipet, Ampli-Fi PCR)",no,,PCRfree,7.65,0,pipet mix,Takara or Decodifi,100,3.4,56,No,56,0,PB,Revio SPRQ,995,12,75.73,6285.25,79.05,6561.15
84,84 plex,"Revio SPRQ (pipet, Ampli-Fi PCR)",no,,PCRfree,7.65,0,pipet mix,Takara or Decodifi,100,3.4,56,No,56,0,PB,Revio SPRQ,995,11.8,75.53,6344.1,78.85,6623.4
85,85 plex,"Revio SPRQ (pipet, Ampli-Fi PCR)",no,,PCRfree,7.65,0,pipet mix,Takara or Decodifi,100,3.4,56,No,56,0,PB,Revio SPRQ,995,11.7,75.42,6411.05,78.75,6693.75
86,86 plex,"Revio SPRQ (pipet, Ampli-Fi PCR)",no,,PCRfree,7.65,0,pipet mix,Takara or Decodifi,100,3.4,56,No,56,0,PB,Revio SPRQ,995,11.6,75.32,6477.8,78.65,6763.9
87,87 plex,"Revio SPRQ (pipet, Ampli-Fi PCR)",no,,PCRfree,7.65,0,pipet mix,Takara or Decodifi,100,3.4,56,No,56,0,PB,Revio SPRQ,995,11.4,75.12,6535.65,78.45,6825.15
88,88 plex,"Revio SPRQ (pipet, Ampli-Fi PCR)",no,,PCRfree,7.65,0,pipet mix,Takara or Decodifi,100,3.4,56,No,56,0,PB,Revio SPRQ,995,11.3,75.02,6601.9,78.35,6894.8
89,89 plex,"Revio SPRQ (pipet, Ampli-Fi PCR)",no,,PCRfree,7.65,0,pipet mix,Takara or Decodifi,100,3.4,56,No,56,0,PB,Revio SPRQ,995,11.2,74.92,6667.95,78.25,6964.25
90,90 plex,"Revio SPRQ (pipet, Ampli-Fi PCR)",no,,PCRfree,7.65,0,pipet mix,Takara or Decodifi,100,3.4,56,No,56,0,PB,Revio SPRQ,995,11.1,74.82,6733.8,78.15,7033.5
91,91 plex,"Revio SPRQ (pipet, Ampli-Fi PCR)",no,,PCRfree,7.65,0,pipet mix,Takara or Decodifi,100,3.4,56,No,56,0,PB,Revio SPRQ,995,10.9,74.62,6790.35,77.95,7093.45
92,92 plex,"Revio SPRQ (pipet, Ampli-Fi PCR)",no,,PCRfree,7.65,0,pipet mix,Takara or Decodifi,100,3.4,56,No,56,0,PB,Revio SPRQ,995,10.8,74.52,6855.7,77.85,7162.2
93,93 plex,"Revio SPRQ (pipet, Ampli-Fi PCR)",no,,PCRfree,7.65,0,pipet mix,Takara or Decodifi,100,3.4,56,No,56,0,PB,Revio SPRQ,995,10.7,74.42,6920.85,77.75,7230.75
94,94 plex,"Revio SPRQ (pipet, Ampli-Fi PCR)",no,,PCRfree,7.65,0,pipet mix,Takara or Decodifi,100,3.4,56,No,56,0,PB,Revio SPRQ,995,10.6,74.32,6985.8,77.65,7299.1
95,95 plex,"Revio SPRQ (pipet, Ampli-Fi PCR)",no,,PCRfree,7.65,0,pipet mix,Takara or Decodifi,100,3.4,56,No,56,0,PB,Revio SPRQ,995,10.5,74.22,7050.55,77.55,7367.25
96,96 plex,"Revio SPRQ (pipet, Ampli-Fi PCR)",no,,PCRfree,7.65,0,pipet mix,Takara or Decodifi,100,3.4,56,No,56,0,PB,Revio SPRQ,995,10.4,74.12,7115.1,77.45,7435.2
1,1 plex,"Revio SPRQ (1xLongPlex, PCR)",no,1x,PCR,7.65,22,LongPlex,Takara or Decodifi,50,1.7,56,No,56,0,PB,Revio SPRQ,995,995,1080.65,1080.65,1082.35,1082.35
2,2 plex,"Revio SPRQ (1xLongPlex, PCR)",no,1x,PCR,7.65,22,LongPlex,Takara or Decodifi,50,1.7,56,No,28,0,PB,Revio SPRQ,995,497.5,555.15,1110.3,556.85,1113.7
3,3 plex,"Revio SPRQ (1xLongPlex, PCR)",no,1x,PCR,7.65,22,LongPlex,Takara or Decodifi,50,1.7,56,No,18.7,0,PB,Revio SPRQ,995,331.7,380.05,1140.15,381.75,1145.25
4,4 plex,"Revio SPRQ (1xLongPlex, PCR)",no,1x,PCR,7.65,22,LongPlex,Takara or Decodifi,50,1.7,56,No,14,0,PB,Revio SPRQ,995,248.8,292.45,1169.8,294.15,1176.6
5,5 plex,"Revio SPRQ (1xLongPlex, PCR)",no,1x,PCR,7.65,22,LongPlex,Takara or Decodifi,50,1.7,56,No,11.2,0,PB,Revio SPRQ,995,199,239.85,1199.25,241.55,1207.75
6,6 plex,"Revio SPRQ (1xLongPlex, PCR)",no,1x,PCR,7.65,22,LongPlex,Takara or Decodifi,50,1.7,56,No,9.3,0,PB,Revio SPRQ,995,165.8,204.75,1228.5,206.45,1238.7
7,7 plex,"Revio SPRQ (1xLongPlex, PCR)",no,1x,PCR,7.65,22,LongPlex,Takara or Decodifi,50,1.7,56,No,8,0,PB,Revio SPRQ,995,142.1,179.75,1258.25,181.45,1270.15
8,8 plex,"Revio SPRQ (1xLongPlex, PCR)",no,1x,PCR,7.65,22,LongPlex,Takara or Decodifi,50,1.7,56,No,7,0,PB,Revio SPRQ,995,124.4,161.05,1288.4,162.75,1302
9,9 plex,"Revio SPRQ (1xLongPlex, PCR)",no,1x,PCR,7.65,22,LongPlex,Takara or Decodifi,50,1.7,56,No,6.2,0,PB,Revio SPRQ,995,110.6,146.45,1318.05,148.15,1333.35
10,10 plex,"Revio SPRQ (1xLongPlex, PCR)",no,1x,PCR,7.65,22,LongPlex,Takara or Decodifi,50,1.7,56,No,5.6,0,PB,Revio SPRQ,995,99.5,134.75,1347.5,136.45,1364.5
11,11 plex,"Revio SPRQ (1xLongPlex, PCR)",no,1x,PCR,7.65,22,LongPlex,Takara or Decodifi,50,1.7,56,No,5.1,0,PB,Revio SPRQ,995,90.5,125.25,1377.75,126.95,1396.45
12,12 plex,"Revio SPRQ (1xLongPlex, PCR)",no,1x,PCR,7.65,22,LongPlex,Takara or Decodifi,50,1.7,56,No,4.7,0,PB,Revio SPRQ,995,82.9,117.25,1407,118.95,1427.4
13,13 plex,"Revio SPRQ (1xLongPlex, PCR)",no,1x,PCR,7.65,22,LongPlex,Takara or Decodifi,50,1.7,56,No,4.3,0,PB,Revio SPRQ,995,76.5,110.45,1435.85,112.15,1457.95
14,14 plex,"Revio SPRQ (1xLongPlex, PCR)",no,1x,PCR,7.65,22,LongPlex,Takara or Decodifi,50,1.7,56,No,4,0,PB,Revio SPRQ,995,71.1,104.75,1466.5,106.45,1490.3
15,15 plex,"Revio SPRQ (1xLongPlex, PCR)",no,1x,PCR,7.65,22,LongPlex,Takara or Decodifi,50,1.7,56,No,3.7,0,PB,Revio SPRQ,995,66.3,99.65,1494.75,101.35,1520.25
16,16 plex,"Revio SPRQ (1xLongPlex, PCR)",no,1x,PCR,7.65,22,LongPlex,Takara or Decodifi,50,1.7,56,No,3.5,0,PB,Revio SPRQ,995,62.2,95.35,1525.6,97.05,1552.8
17,17 plex,"Revio SPRQ (1xLongPlex, PCR)",no,1x,PCR,7.65,22,LongPlex,Takara or Decodifi,50,1.7,56,No,3.3,0,PB,Revio SPRQ,995,58.5,91.45,1554.65,93.15,1583.55
18,18 plex,"Revio SPRQ (1xLongPlex, PCR)",no,1x,PCR,7.65,22,LongPlex,Takara or Decodifi,50,1.7,56,No,3.1,0,PB,Revio SPRQ,995,55.3,88.05,1584.9,89.75,1615.5
19,19 plex,"Revio SPRQ (1xLongPlex, PCR)",no,1x,PCR,7.65,22,LongPlex,Takara or Decodifi,50,1.7,56,No,2.9,0,PB,Revio SPRQ,995,52.4,84.95,1614.05,86.65,1646.35
20,20 plex,"Revio SPRQ (1xLongPlex, PCR)",no,1x,PCR,7.65,22,LongPlex,Takara or Decodifi,50,1.7,56,No,2.8,0,PB,Revio SPRQ,995,49.8,82.25,1645,83.95,1679
21,21 plex,"Revio SPRQ (1xLongPlex, PCR)",no,1x,PCR,7.65,22,LongPlex,Takara or Decodifi,50,1.7,56,No,2.7,0,PB,Revio SPRQ,995,47.4,79.75,1674.75,81.45,1710.45
22,22 plex,"Revio SPRQ (1xLongPlex, PCR)",no,1x,PCR,7.65,22,LongPlex,Takara or Decodifi,50,1.7,56,No,2.5,0,PB,Revio SPRQ,995,45.2,77.35,1701.7,79.05,1739.1
23,23 plex,"Revio SPRQ (1xLongPlex, PCR)",no,1x,PCR,7.65,22,LongPlex,Takara or Decodifi,50,1.7,56,No,2.4,0,PB,Revio SPRQ,995,43.3,75.35,1733.05,77.05,1772.15
24,24 plex,"Revio SPRQ (1xLongPlex, PCR)",no,1x,PCR,7.65,22,LongPlex,Takara or Decodifi,50,1.7,56,No,2.3,0,PB,Revio SPRQ,995,41.5,73.45,1762.8,75.15,1803.6
25,25 plex,"Revio SPRQ (1xLongPlex, PCR)",no,1x,PCR,7.65,22,LongPlex,Takara or Decodifi,50,1.7,56,No,2.2,0,PB,Revio SPRQ,995,39.8,71.65,1791.25,73.35,1833.75
26,26 plex,"Revio SPRQ (1xLongPlex, PCR)",no,1x,PCR,7.65,22,LongPlex,Takara or Decodifi,50,1.7,56,No,2.2,0,PB,Revio SPRQ,995,38.3,70.15,1823.9,71.85,1868.1
27,27 plex,"Revio SPRQ (1xLongPlex, PCR)",no,1x,PCR,7.65,22,LongPlex,Takara or Decodifi,50,1.7,56,No,2.1,0,PB,Revio SPRQ,995,36.9,68.65,1853.55,70.35,1899.45
28,28 plex,"Revio SPRQ (1xLongPlex, PCR)",no,1x,PCR,7.65,22,LongPlex,Takara or Decodifi,50,1.7,56,No,2,0,PB,Revio SPRQ,995,35.5,67.15,1880.2,68.85,1927.8
29,29 plex,"Revio SPRQ (1xLongPlex, PCR)",no,1x,PCR,7.65,22,LongPlex,Takara or Decodifi,50,1.7,56,No,1.9,0,PB,Revio SPRQ,995,34.3,65.85,1909.65,67.55,1958.95
30,30 plex,"Revio SPRQ (1xLongPlex, PCR)",no,1x,PCR,7.65,22,LongPlex,Takara or Decodifi,50,1.7,56,No,1.9,0,PB,Revio SPRQ,995,33.2,64.75,1942.5,66.45,1993.5
31,31 plex,"Revio SPRQ (1xLongPlex, PCR)",no,1x,PCR,7.65,22,LongPlex,Takara or Decodifi,50,1.7,56,No,1.8,0,PB,Revio SPRQ,995,32.1,63.55,1970.05,65.25,2022.75
32,32 plex,"Revio SPRQ (1xLongPlex, PCR)",no,1x,PCR,7.65,22,LongPlex,Takara or Decodifi,50,1.7,56,No,1.8,0,PB,Revio SPRQ,995,31.1,62.55,2001.6,64.25,2056
33,33 plex,"Revio SPRQ (1xLongPlex, PCR)",no,1x,PCR,7.65,22,LongPlex,Takara or Decodifi,50,1.7,56,No,1.7,0,PB,Revio SPRQ,995,30.2,61.55,2031.15,63.25,2087.25
34,34 plex,"Revio SPRQ (1xLongPlex, PCR)",no,1x,PCR,7.65,22,LongPlex,Takara or Decodifi,50,1.7,56,No,1.6,0,PB,Revio SPRQ,995,29.3,60.55,2058.7,62.25,2116.5
35,35 plex,"Revio SPRQ (1xLongPlex, PCR)",no,1x,PCR,7.65,22,LongPlex,Takara or Decodifi,50,1.7,56,No,1.6,0,PB,Revio SPRQ,995,28.4,59.65,2087.75,61.35,2147.25
36,36 plex,"Revio SPRQ (1xLongPlex, PCR)",no,1x,PCR,7.65,22,LongPlex,Takara or Decodifi,50,1.7,56,No,1.6,0,PB,Revio SPRQ,995,27.6,58.85,2118.6,60.55,2179.8
37,37 plex,"Revio SPRQ (1xLongPlex, PCR)",no,1x,PCR,7.65,22,LongPlex,Takara or Decodifi,50,1.7,56,No,1.5,0,PB,Revio SPRQ,995,26.9,58.05,2147.85,59.75,2210.75
38,38 plex,"Revio SPRQ (1xLongPlex, PCR)",no,1x,PCR,7.65,22,LongPlex,Takara or Decodifi,50,1.7,56,No,1.5,0,PB,Revio SPRQ,995,26.2,57.35,2179.3,59.05,2243.9
39,39 plex,"Revio SPRQ (1xLongPlex, PCR)",no,1x,PCR,7.65,22,LongPlex,Takara or Decodifi,50,1.7,56,No,1.4,0,PB,Revio SPRQ,995,25.5,56.55,2205.45,58.25,2271.75
40,40 plex,"Revio SPRQ (1xLongPlex, PCR)",no,1x,PCR,7.65,22,LongPlex,Takara or Decodifi,50,1.7,56,No,1.4,0,PB,Revio SPRQ,995,24.9,55.95,2238,57.65,2306
41,41 plex,"Revio SPRQ (1xLongPlex, PCR)",no,1x,PCR,7.65,22,LongPlex,Takara or Decodifi,50,1.7,56,No,1.4,0,PB,Revio SPRQ,995,24.3,55.35,2269.35,57.05,2339.05
42,42 plex,"Revio SPRQ (1xLongPlex, PCR)",no,1x,PCR,7.65,22,LongPlex,Takara or Decodifi,50,1.7,56,No,1.3,0,PB,Revio SPRQ,995,23.7,54.65,2295.3,56.35,2366.7
43,43 plex,"Revio SPRQ (1xLongPlex, PCR)",no,1x,PCR,7.65,22,LongPlex,Takara or Decodifi,50,1.7,56,No,1.3,0,PB,Revio SPRQ,995,23.1,54.05,2324.15,55.75,2397.25
44,44 plex,"Revio SPRQ (1xLongPlex, PCR)",no,1x,PCR,7.65,22,LongPlex,Takara or Decodifi,50,1.7,56,No,1.3,0,PB,Revio SPRQ,995,22.6,53.55,2356.2,55.25,2431
45,45 plex,"Revio SPRQ (1xLongPlex, PCR)",no,1x,PCR,7.65,22,LongPlex,Takara or Decodifi,50,1.7,56,No,1.2,0,PB,Revio SPRQ,995,22.1,52.95,2382.75,54.65,2459.25
46,46 plex,"Revio SPRQ (1xLongPlex, PCR)",no,1x,PCR,7.65,22,LongPlex,Takara or Decodifi,50,1.7,56,No,1.2,0,PB,Revio SPRQ,995,21.6,52.45,2412.7,54.15,2490.9
47,47 plex,"Revio SPRQ (1xLongPlex, PCR)",no,1x,PCR,7.65,22,LongPlex,Takara or Decodifi,50,1.7,56,No,1.2,0,PB,Revio SPRQ,995,21.2,52.05,2446.35,53.75,2526.25
48,48 plex,"Revio SPRQ (1xLongPlex, PCR)",no,1x,PCR,7.65,22,LongPlex,Takara or Decodifi,50,1.7,56,No,1.2,0,PB,Revio SPRQ,995,20.7,51.55,2474.4,53.25,2556
49,49 plex,"Revio SPRQ (1xLongPlex, PCR)",no,1x,PCR,7.65,22,LongPlex,Takara or Decodifi,50,1.7,56,No,1.1,0,PB,Revio SPRQ,995,20.3,51.05,2501.45,52.75,2584.75
50,50 plex,"Revio SPRQ (1xLongPlex, PCR)",no,1x,PCR,7.65,22,LongPlex,Takara or Decodifi,50,1.7,56,No,1.1,0,PB,Revio SPRQ,995,19.9,50.65,2532.5,52.35,2617.5
51,51 plex,"Revio SPRQ (1xLongPlex, PCR)",no,1x,PCR,7.65,22,LongPlex,Takara or Decodifi,50,1.7,56,No,1.1,0,PB,Revio SPRQ,995,19.5,50.25,2562.75,51.95,2649.45
52,52 plex,"Revio SPRQ (1xLongPlex, PCR)",no,1x,PCR,7.65,22,LongPlex,Takara or Decodifi,50,1.7,56,No,1.1,0,PB,Revio SPRQ,995,19.1,49.85,2592.2,51.55,2680.6
53,53 plex,"Revio SPRQ (1xLongPlex, PCR)",no,1x,PCR,7.65,22,LongPlex,Takara or Decodifi,50,1.7,56,No,1.1,0,PB,Revio SPRQ,995,18.8,49.55,2626.15,51.25,2716.25
54,54 plex,"Revio SPRQ (1xLongPlex, PCR)",no,1x,PCR,7.65,22,LongPlex,Takara or Decodifi,50,1.7,56,No,1,0,PB,Revio SPRQ,995,18.4,49.05,2648.7,50.75,2740.5
55,55 plex,"Revio SPRQ (1xLongPlex, PCR)",no,1x,PCR,7.65,22,LongPlex,Takara or Decodifi,50,1.7,56,No,1,0,PB,Revio SPRQ,995,18.1,48.75,2681.25,50.45,2774.75
56,56 plex,"Revio SPRQ (1xLongPlex, PCR)",no,1x,PCR,7.65,22,LongPlex,Takara or Decodifi,50,1.7,56,No,1,0,PB,Revio SPRQ,995,17.8,48.45,2713.2,50.15,2808.4
57,57 plex,"Revio SPRQ (1xLongPlex, PCR)",no,1x,PCR,7.65,22,LongPlex,Takara or Decodifi,50,1.7,56,No,1,0,PB,Revio SPRQ,995,17.5,48.15,2744.55,49.85,2841.45
58,58 plex,"Revio SPRQ (1xLongPlex, PCR)",no,1x,PCR,7.65,22,LongPlex,Takara or Decodifi,50,1.7,56,No,1,0,PB,Revio SPRQ,995,17.2,47.85,2775.3,49.55,2873.9
59,59 plex,"Revio SPRQ (1xLongPlex, PCR)",no,1x,PCR,7.65,22,LongPlex,Takara or Decodifi,50,1.7,56,No,0.9,0,PB,Revio SPRQ,995,16.9,47.45,2799.55,49.15,2899.85
60,60 plex,"Revio SPRQ (1xLongPlex, PCR)",no,1x,PCR,7.65,22,LongPlex,Takara or Decodifi,50,1.7,56,No,0.9,0,PB,Revio SPRQ,995,16.6,47.15,2829,48.85,2931
61,61 plex,"Revio SPRQ (1xLongPlex, PCR)",no,1x,PCR,7.65,22,LongPlex,Takara or Decodifi,50,1.7,56,No,0.9,0,PB,Revio SPRQ,995,16.3,46.85,2857.85,48.55,2961.55
62,62 plex,"Revio SPRQ (1xLongPlex, PCR)",no,1x,PCR,7.65,22,LongPlex,Takara or Decodifi,50,1.7,56,No,0.9,0,PB,Revio SPRQ,995,16,46.55,2886.1,48.25,2991.5
63,63 plex,"Revio SPRQ (1xLongPlex, PCR)",no,1x,PCR,7.65,22,LongPlex,Takara or Decodifi,50,1.7,56,No,0.9,0,PB,Revio SPRQ,995,15.8,46.35,2920.05,48.05,3027.15
64,64 plex,"Revio SPRQ (1xLongPlex, PCR)",no,1x,PCR,7.65,22,LongPlex,Takara or Decodifi,50,1.7,56,No,0.9,0,PB,Revio SPRQ,995,15.5,46.05,2947.2,47.75,3056
65,65 plex,"Revio SPRQ (1xLongPlex, PCR)",no,1x,PCR,7.65,22,LongPlex,Takara or Decodifi,50,1.7,56,No,0.9,0,PB,Revio SPRQ,995,15.3,45.85,2980.25,47.55,3090.75
66,66 plex,"Revio SPRQ (1xLongPlex, PCR)",no,1x,PCR,7.65,22,LongPlex,Takara or Decodifi,50,1.7,56,No,0.8,0,PB,Revio SPRQ,995,15.1,45.55,3006.3,47.25,3118.5
67,67 plex,"Revio SPRQ (1xLongPlex, PCR)",no,1x,PCR,7.65,22,LongPlex,Takara or Decodifi,50,1.7,56,No,0.8,0,PB,Revio SPRQ,995,14.9,45.35,3038.45,47.05,3152.35
68,68 plex,"Revio SPRQ (1xLongPlex, PCR)",no,1x,PCR,7.65,22,LongPlex,Takara or Decodifi,50,1.7,56,No,0.8,0,PB,Revio SPRQ,995,14.6,45.05,3063.4,46.75,3179
69,69 plex,"Revio SPRQ (1xLongPlex, PCR)",no,1x,PCR,7.65,22,LongPlex,Takara or Decodifi,50,1.7,56,No,0.8,0,PB,Revio SPRQ,995,14.4,44.85,3094.65,46.55,3211.95
70,70 plex,"Revio SPRQ (1xLongPlex, PCR)",no,1x,PCR,7.65,22,LongPlex,Takara or Decodifi,50,1.7,56,No,0.8,0,PB,Revio SPRQ,995,14.2,44.65,3125.5,46.35,3244.5
71,71 plex,"Revio SPRQ (1xLongPlex, PCR)",no,1x,PCR,7.65,22,LongPlex,Takara or Decodifi,50,1.7,56,No,0.8,0,PB,Revio SPRQ,995,14,44.45,3155.95,46.15,3276.65
72,72 plex,"Revio SPRQ (1xLongPlex, PCR)",no,1x,PCR,7.65,22,LongPlex,Takara or Decodifi,50,1.7,56,No,0.8,0,PB,Revio SPRQ,995,13.8,44.25,3186,45.95,3308.4
73,73 plex,"Revio SPRQ (1xLongPlex, PCR)",no,1x,PCR,7.65,22,LongPlex,Takara or Decodifi,50,1.7,56,No,0.8,0,PB,Revio SPRQ,995,13.6,44.05,3215.65,45.75,3339.75
74,74 plex,"Revio SPRQ (1xLongPlex, PCR)",no,1x,PCR,7.65,22,LongPlex,Takara or Decodifi,50,1.7,56,No,0.8,0,PB,Revio SPRQ,995,13.4,43.85,3244.9,45.55,3370.7
75,75 plex,"Revio SPRQ (1xLongPlex, PCR)",no,1x,PCR,7.65,22,LongPlex,Takara or Decodifi,50,1.7,56,No,0.7,0,PB,Revio SPRQ,995,13.3,43.65,3273.75,45.35,3401.25
76,76 plex,"Revio SPRQ (1xLongPlex, PCR)",no,1x,PCR,7.65,22,LongPlex,Takara or Decodifi,50,1.7,56,No,0.7,0,PB,Revio SPRQ,995,13.1,43.45,3302.2,45.15,3431.4
77,77 plex,"Revio SPRQ (1xLongPlex, PCR)",no,1x,PCR,7.65,22,LongPlex,Takara or Decodifi,50,1.7,56,No,0.7,0,PB,Revio SPRQ,995,12.9,43.25,3330.25,44.95,3461.15
78,78 plex,"Revio SPRQ (1xLongPlex, PCR)",no,1x,PCR,7.65,22,LongPlex,Takara or Decodifi,50,1.7,56,No,0.7,0,PB,Revio SPRQ,995,12.8,43.15,3365.7,44.85,3498.3
79,79 plex,"Revio SPRQ (1xLongPlex, PCR)",no,1x,PCR,7.65,22,LongPlex,Takara or Decodifi,50,1.7,56,No,0.7,0,PB,Revio SPRQ,995,12.6,42.95,3393.05,44.65,3527.35
80,80 plex,"Revio SPRQ (1xLongPlex, PCR)",no,1x,PCR,7.65,22,LongPlex,Takara or Decodifi,50,1.7,56,No,0.7,0,PB,Revio SPRQ,995,12.4,42.75,3420,44.45,3556
81,81 plex,"Revio SPRQ (1xLongPlex, PCR)",no,1x,PCR,7.65,22,LongPlex,Takara or Decodifi,50,1.7,56,No,0.7,0,PB,Revio SPRQ,995,12.3,42.65,3454.65,44.35,3592.35
82,82 plex,"Revio SPRQ (1xLongPlex, PCR)",no,1x,PCR,7.65,22,LongPlex,Takara or Decodifi,50,1.7,56,No,0.7,0,PB,Revio SPRQ,995,12.1,42.45,3480.9,44.15,3620.3
83,83 plex,"Revio SPRQ (1xLongPlex, PCR)",no,1x,PCR,7.65,22,LongPlex,Takara or Decodifi,50,1.7,56,No,0.7,0,PB,Revio SPRQ,995,12,42.35,3515.05,44.05,3656.15
84,84 plex,"Revio SPRQ (1xLongPlex, PCR)",no,1x,PCR,7.65,22,LongPlex,Takara or Decodifi,50,1.7,56,No,0.7,0,PB,Revio SPRQ,995,11.8,42.15,3540.6,43.85,3683.4
85,85 plex,"Revio SPRQ (1xLongPlex, PCR)",no,1x,PCR,7.65,22,LongPlex,Takara or Decodifi,50,1.7,56,No,0.7,0,PB,Revio SPRQ,995,11.7,42.05,3574.25,43.75,3718.75
86,86 plex,"Revio SPRQ (1xLongPlex, PCR)",no,1x,PCR,7.65,22,LongPlex,Takara or Decodifi,50,1.7,56,No,0.7,0,PB,Revio SPRQ,995,11.6,41.95,3607.7,43.65,3753.9
87,87 plex,"Revio SPRQ (1xLongPlex, PCR)",no,1x,PCR,7.65,22,LongPlex,Takara or Decodifi,50,1.7,56,No,0.6,0,PB,Revio SPRQ,995,11.4,41.65,3623.55,43.35,3771.45
88,88 plex,"Revio SPRQ (1xLongPlex, PCR)",no,1x,PCR,7.65,22,LongPlex,Takara or Decodifi,50,1.7,56,No,0.6,0,PB,Revio SPRQ,995,11.3,41.55,3656.4,43.25,3806
89,89 plex,"Revio SPRQ (1xLongPlex, PCR)",no,1x,PCR,7.65,22,LongPlex,Takara or Decodifi,50,1.7,56,No,0.6,0,PB,Revio SPRQ,995,11.2,41.45,3689.05,43.15,3840.35
90,90 plex,"Revio SPRQ (1xLongPlex, PCR)",no,1x,PCR,7.65,22,LongPlex,Takara or Decodifi,50,1.7,56,No,0.6,0,PB,Revio SPRQ,995,11.1,41.35,3721.5,43.05,3874.5
91,91 plex,"Revio SPRQ (1xLongPlex, PCR)",no,1x,PCR,7.65,22,LongPlex,Takara or Decodifi,50,1.7,56,No,0.6,0,PB,Revio SPRQ,995,10.9,41.15,3744.65,42.85,3899.35
92,92 plex,"Revio SPRQ (1xLongPlex, PCR)",no,1x,PCR,7.65,22,LongPlex,Takara or Decodifi,50,1.7,56,No,0.6,0,PB,Revio SPRQ,995,10.8,41.05,3776.6,42.75,3933
93,93 plex,"Revio SPRQ (1xLongPlex, PCR)",no,1x,PCR,7.65,22,LongPlex,Takara or Decodifi,50,1.7,56,No,0.6,0,PB,Revio SPRQ,995,10.7,40.95,3808.35,42.65,3966.45
94,94 plex,"Revio SPRQ (1xLongPlex, PCR)",no,1x,PCR,7.65,22,LongPlex,Takara or Decodifi,50,1.7,56,No,0.6,0,PB,Revio SPRQ,995,10.6,40.85,3839.9,42.55,3999.7
95,95 plex,"Revio SPRQ (1xLongPlex, PCR)",no,1x,PCR,7.65,22,LongPlex,Takara or Decodifi,50,1.7,56,No,0.6,0,PB,Revio SPRQ,995,10.5,40.75,3871.25,42.45,4032.75
96,96 plex,"Revio SPRQ (1xLongPlex, PCR)",no,1x,PCR,7.65,22,LongPlex,Takara or Decodifi,50,1.7,56,No,0.6,0,PB,Revio SPRQ,995,10.4,40.65,3902.4,42.35,4065.6
1,1 plex,"Revio SPRQ (0.5xLongPlex, PCR)",no,0.5x,PCR,7.65,11,LongPlex,Takara or Decodifi,50,1.7,56,No,56,0,PB,Revio SPRQ,995,995,1069.65,1069.65,1071.35,1071.35
2,2 plex,"Revio SPRQ (0.5xLongPlex, PCR)",no,0.5x,PCR,7.65,11,LongPlex,Takara or Decodifi,50,1.7,56,No,28,0,PB,Revio SPRQ,995,497.5,544.15,1088.3,545.85,1091.7
3,3 plex,"Revio SPRQ (0.5xLongPlex, PCR)",no,0.5x,PCR,7.65,11,LongPlex,Takara or Decodifi,50,1.7,56,No,18.7,0,PB,Revio SPRQ,995,331.7,369.05,1107.15,370.75,1112.25
4,4 plex,"Revio SPRQ (0.5xLongPlex, PCR)",no,0.5x,PCR,7.65,11,LongPlex,Takara or Decodifi,50,1.7,56,No,14,0,PB,Revio SPRQ,995,248.8,281.45,1125.8,283.15,1132.6
5,5 plex,"Revio SPRQ (0.5xLongPlex, PCR)",no,0.5x,PCR,7.65,11,LongPlex,Takara or Decodifi,50,1.7,56,No,11.2,0,PB,Revio SPRQ,995,199,228.85,1144.25,230.55,1152.75
6,6 plex,"Revio SPRQ (0.5xLongPlex, PCR)",no,0.5x,PCR,7.65,11,LongPlex,Takara or Decodifi,50,1.7,56,No,9.3,0,PB,Revio SPRQ,995,165.8,193.75,1162.5,195.45,1172.7
7,7 plex,"Revio SPRQ (0.5xLongPlex, PCR)",no,0.5x,PCR,7.65,11,LongPlex,Takara or Decodifi,50,1.7,56,No,8,0,PB,Revio SPRQ,995,142.1,168.75,1181.25,170.45,1193.15
8,8 plex,"Revio SPRQ (0.5xLongPlex, PCR)",no,0.5x,PCR,7.65,11,LongPlex,Takara or Decodifi,50,1.7,56,No,7,0,PB,Revio SPRQ,995,124.4,150.05,1200.4,151.75,1214
9,9 plex,"Revio SPRQ (0.5xLongPlex, PCR)",no,0.5x,PCR,7.65,11,LongPlex,Takara or Decodifi,50,1.7,56,No,6.2,0,PB,Revio SPRQ,995,110.6,135.45,1219.05,137.15,1234.35
10,10 plex,"Revio SPRQ (0.5xLongPlex, PCR)",no,0.5x,PCR,7.65,11,LongPlex,Takara or Decodifi,50,1.7,56,No,5.6,0,PB,Revio SPRQ,995,99.5,123.75,1237.5,125.45,1254.5
11,11 plex,"Revio SPRQ (0.5xLongPlex, PCR)",no,0.5x,PCR,7.65,11,LongPlex,Takara or Decodifi,50,1.7,56,No,5.1,0,PB,Revio SPRQ,995,90.5,114.25,1256.75,115.95,1275.45
12,12 plex,"Revio SPRQ (0.5xLongPlex, PCR)",no,0.5x,PCR,7.65,11,LongPlex,Takara or Decodifi,50,1.7,56,No,4.7,0,PB,Revio SPRQ,995,82.9,106.25,1275,107.95,1295.4
13,13 plex,"Revio SPRQ (0.5xLongPlex, PCR)",no,0.5x,PCR,7.65,11,LongPlex,Takara or Decodifi,50,1.7,56,No,4.3,0,PB,Revio SPRQ,995,76.5,99.45,1292.85,101.15,1314.95
14,14 plex,"Revio SPRQ (0.5xLongPlex, PCR)",no,0.5x,PCR,7.65,11,LongPlex,Takara or Decodifi,50,1.7,56,No,4,0,PB,Revio SPRQ,995,71.1,93.75,1312.5,95.45,1336.3
15,15 plex,"Revio SPRQ (0.5xLongPlex, PCR)",no,0.5x,PCR,7.65,11,LongPlex,Takara or Decodifi,50,1.7,56,No,3.7,0,PB,Revio SPRQ,995,66.3,88.65,1329.75,90.35,1355.25
16,16 plex,"Revio SPRQ (0.5xLongPlex, PCR)",no,0.5x,PCR,7.65,11,LongPlex,Takara or Decodifi,50,1.7,56,No,3.5,0,PB,Revio SPRQ,995,62.2,84.35,1349.6,86.05,1376.8
17,17 plex,"Revio SPRQ (0.5xLongPlex, PCR)",no,0.5x,PCR,7.65,11,LongPlex,Takara or Decodifi,50,1.7,56,No,3.3,0,PB,Revio SPRQ,995,58.5,80.45,1367.65,82.15,1396.55
18,18 plex,"Revio SPRQ (0.5xLongPlex, PCR)",no,0.5x,PCR,7.65,11,LongPlex,Takara or Decodifi,50,1.7,56,No,3.1,0,PB,Revio SPRQ,995,55.3,77.05,1386.9,78.75,1417.5
19,19 plex,"Revio SPRQ (0.5xLongPlex, PCR)",no,0.5x,PCR,7.65,11,LongPlex,Takara or Decodifi,50,1.7,56,No,2.9,0,PB,Revio SPRQ,995,52.4,73.95,1405.05,75.65,1437.35
20,20 plex,"Revio SPRQ (0.5xLongPlex, PCR)",no,0.5x,PCR,7.65,11,LongPlex,Takara or Decodifi,50,1.7,56,No,2.8,0,PB,Revio SPRQ,995,49.8,71.25,1425,72.95,1459
21,21 plex,"Revio SPRQ (0.5xLongPlex, PCR)",no,0.5x,PCR,7.65,11,LongPlex,Takara or Decodifi,50,1.7,56,No,2.7,0,PB,Revio SPRQ,995,47.4,68.75,1443.75,70.45,1479.45
22,22 plex,"Revio SPRQ (0.5xLongPlex, PCR)",no,0.5x,PCR,7.65,11,LongPlex,Takara or Decodifi,50,1.7,56,No,2.5,0,PB,Revio SPRQ,995,45.2,66.35,1459.7,68.05,1497.1
23,23 plex,"Revio SPRQ (0.5xLongPlex, PCR)",no,0.5x,PCR,7.65,11,LongPlex,Takara or Decodifi,50,1.7,56,No,2.4,0,PB,Revio SPRQ,995,43.3,64.35,1480.05,66.05,1519.15
24,24 plex,"Revio SPRQ (0.5xLongPlex, PCR)",no,0.5x,PCR,7.65,11,LongPlex,Takara or Decodifi,50,1.7,56,No,2.3,0,PB,Revio SPRQ,995,41.5,62.45,1498.8,64.15,1539.6
25,25 plex,"Revio SPRQ (0.5xLongPlex, PCR)",no,0.5x,PCR,7.65,11,LongPlex,Takara or Decodifi,50,1.7,56,No,2.2,0,PB,Revio SPRQ,995,39.8,60.65,1516.25,62.35,1558.75
26,26 plex,"Revio SPRQ (0.5xLongPlex, PCR)",no,0.5x,PCR,7.65,11,LongPlex,Takara or Decodifi,50,1.7,56,No,2.2,0,PB,Revio SPRQ,995,38.3,59.15,1537.9,60.85,1582.1
27,27 plex,"Revio SPRQ (0.5xLongPlex, PCR)",no,0.5x,PCR,7.65,11,LongPlex,Takara or Decodifi,50,1.7,56,No,2.1,0,PB,Revio SPRQ,995,36.9,57.65,1556.55,59.35,1602.45
28,28 plex,"Revio SPRQ (0.5xLongPlex, PCR)",no,0.5x,PCR,7.65,11,LongPlex,Takara or Decodifi,50,1.7,56,No,2,0,PB,Revio SPRQ,995,35.5,56.15,1572.2,57.85,1619.8
29,29 plex,"Revio SPRQ (0.5xLongPlex, PCR)",no,0.5x,PCR,7.65,11,LongPlex,Takara or Decodifi,50,1.7,56,No,1.9,0,PB,Revio SPRQ,995,34.3,54.85,1590.65,56.55,1639.95
30,30 plex,"Revio SPRQ (0.5xLongPlex, PCR)",no,0.5x,PCR,7.65,11,LongPlex,Takara or Decodifi,50,1.7,56,No,1.9,0,PB,Revio SPRQ,995,33.2,53.75,1612.5,55.45,1663.5
31,31 plex,"Revio SPRQ (0.5xLongPlex, PCR)",no,0.5x,PCR,7.65,11,LongPlex,Takara or Decodifi,50,1.7,56,No,1.8,0,PB,Revio SPRQ,995,32.1,52.55,1629.05,54.25,1681.75
32,32 plex,"Revio SPRQ (0.5xLongPlex, PCR)",no,0.5x,PCR,7.65,11,LongPlex,Takara or Decodifi,50,1.7,56,No,1.8,0,PB,Revio SPRQ,995,31.1,51.55,1649.6,53.25,1704
33,33 plex,"Revio SPRQ (0.5xLongPlex, PCR)",no,0.5x,PCR,7.65,11,LongPlex,Takara or Decodifi,50,1.7,56,No,1.7,0,PB,Revio SPRQ,995,30.2,50.55,1668.15,52.25,1724.25
34,34 plex,"Revio SPRQ (0.5xLongPlex, PCR)",no,0.5x,PCR,7.65,11,LongPlex,Takara or Decodifi,50,1.7,56,No,1.6,0,PB,Revio SPRQ,995,29.3,49.55,1684.7,51.25,1742.5
35,35 plex,"Revio SPRQ (0.5xLongPlex, PCR)",no,0.5x,PCR,7.65,11,LongPlex,Takara or Decodifi,50,1.7,56,No,1.6,0,PB,Revio SPRQ,995,28.4,48.65,1702.75,50.35,1762.25
36,36 plex,"Revio SPRQ (0.5xLongPlex, PCR)",no,0.5x,PCR,7.65,11,LongPlex,Takara or Decodifi,50,1.7,56,No,1.6,0,PB,Revio SPRQ,995,27.6,47.85,1722.6,49.55,1783.8
37,37 plex,"Revio SPRQ (0.5xLongPlex, PCR)",no,0.5x,PCR,7.65,11,LongPlex,Takara or Decodifi,50,1.7,56,No,1.5,0,PB,Revio SPRQ,995,26.9,47.05,1740.85,48.75,1803.75
38,38 plex,"Revio SPRQ (0.5xLongPlex, PCR)",no,0.5x,PCR,7.65,11,LongPlex,Takara or Decodifi,50,1.7,56,No,1.5,0,PB,Revio SPRQ,995,26.2,46.35,1761.3,48.05,1825.9
39,39 plex,"Revio SPRQ (0.5xLongPlex, PCR)",no,0.5x,PCR,7.65,11,LongPlex,Takara or Decodifi,50,1.7,56,No,1.4,0,PB,Revio SPRQ,995,25.5,45.55,1776.45,47.25,1842.75
40,40 plex,"Revio SPRQ (0.5xLongPlex, PCR)",no,0.5x,PCR,7.65,11,LongPlex,Takara or Decodifi,50,1.7,56,No,1.4,0,PB,Revio SPRQ,995,24.9,44.95,1798,46.65,1866
41,41 plex,"Revio SPRQ (0.5xLongPlex, PCR)",no,0.5x,PCR,7.65,11,LongPlex,Takara or Decodifi,50,1.7,56,No,1.4,0,PB,Revio SPRQ,995,24.3,44.35,1818.35,46.05,1888.05
42,42 plex,"Revio SPRQ (0.5xLongPlex, PCR)",no,0.5x,PCR,7.65,11,LongPlex,Takara or Decodifi,50,1.7,56,No,1.3,0,PB,Revio SPRQ,995,23.7,43.65,1833.3,45.35,1904.7
43,43 plex,"Revio SPRQ (0.5xLongPlex, PCR)",no,0.5x,PCR,7.65,11,LongPlex,Takara or Decodifi,50,1.7,56,No,1.3,0,PB,Revio SPRQ,995,23.1,43.05,1851.15,44.75,1924.25
44,44 plex,"Revio SPRQ (0.5xLongPlex, PCR)",no,0.5x,PCR,7.65,11,LongPlex,Takara or Decodifi,50,1.7,56,No,1.3,0,PB,Revio SPRQ,995,22.6,42.55,1872.2,44.25,1947
45,45 plex,"Revio SPRQ (0.5xLongPlex, PCR)",no,0.5x,PCR,7.65,11,LongPlex,Takara or Decodifi,50,1.7,56,No,1.2,0,PB,Revio SPRQ,995,22.1,41.95,1887.75,43.65,1964.25
46,46 plex,"Revio SPRQ (0.5xLongPlex, PCR)",no,0.5x,PCR,7.65,11,LongPlex,Takara or Decodifi,50,1.7,56,No,1.2,0,PB,Revio SPRQ,995,21.6,41.45,1906.7,43.15,1984.9
47,47 plex,"Revio SPRQ (0.5xLongPlex, PCR)",no,0.5x,PCR,7.65,11,LongPlex,Takara or Decodifi,50,1.7,56,No,1.2,0,PB,Revio SPRQ,995,21.2,41.05,1929.35,42.75,2009.25
48,48 plex,"Revio SPRQ (0.5xLongPlex, PCR)",no,0.5x,PCR,7.65,11,LongPlex,Takara or Decodifi,50,1.7,56,No,1.2,0,PB,Revio SPRQ,995,20.7,40.55,1946.4,42.25,2028
49,49 plex,"Revio SPRQ (0.5xLongPlex, PCR)",no,0.5x,PCR,7.65,11,LongPlex,Takara or Decodifi,50,1.7,56,No,1.1,0,PB,Revio SPRQ,995,20.3,40.05,1962.45,41.75,2045.75
50,50 plex,"Revio SPRQ (0.5xLongPlex, PCR)",no,0.5x,PCR,7.65,11,LongPlex,Takara or Decodifi,50,1.7,56,No,1.1,0,PB,Revio SPRQ,995,19.9,39.65,1982.5,41.35,2067.5
51,51 plex,"Revio SPRQ (0.5xLongPlex, PCR)",no,0.5x,PCR,7.65,11,LongPlex,Takara or Decodifi,50,1.7,56,No,1.1,0,PB,Revio SPRQ,995,19.5,39.25,2001.75,40.95,2088.45
52,52 plex,"Revio SPRQ (0.5xLongPlex, PCR)",no,0.5x,PCR,7.65,11,LongPlex,Takara or Decodifi,50,1.7,56,No,1.1,0,PB,Revio SPRQ,995,19.1,38.85,2020.2,40.55,2108.6
53,53 plex,"Revio SPRQ (0.5xLongPlex, PCR)",no,0.5x,PCR,7.65,11,LongPlex,Takara or Decodifi,50,1.7,56,No,1.1,0,PB,Revio SPRQ,995,18.8,38.55,2043.15,40.25,2133.25
54,54 plex,"Revio SPRQ (0.5xLongPlex, PCR)",no,0.5x,PCR,7.65,11,LongPlex,Takara or Decodifi,50,1.7,56,No,1,0,PB,Revio SPRQ,995,18.4,38.05,2054.7,39.75,2146.5
55,55 plex,"Revio SPRQ (0.5xLongPlex, PCR)",no,0.5x,PCR,7.65,11,LongPlex,Takara or Decodifi,50,1.7,56,No,1,0,PB,Revio SPRQ,995,18.1,37.75,2076.25,39.45,2169.75
56,56 plex,"Revio SPRQ (0.5xLongPlex, PCR)",no,0.5x,PCR,7.65,11,LongPlex,Takara or Decodifi,50,1.7,56,No,1,0,PB,Revio SPRQ,995,17.8,37.45,2097.2,39.15,2192.4
57,57 plex,"Revio SPRQ (0.5xLongPlex, PCR)",no,0.5x,PCR,7.65,11,LongPlex,Takara or Decodifi,50,1.7,56,No,1,0,PB,Revio SPRQ,995,17.5,37.15,2117.55,38.85,2214.45
58,58 plex,"Revio SPRQ (0.5xLongPlex, PCR)",no,0.5x,PCR,7.65,11,LongPlex,Takara or Decodifi,50,1.7,56,No,1,0,PB,Revio SPRQ,995,17.2,36.85,2137.3,38.55,2235.9
59,59 plex,"Revio SPRQ (0.5xLongPlex, PCR)",no,0.5x,PCR,7.65,11,LongPlex,Takara or Decodifi,50,1.7,56,No,0.9,0,PB,Revio SPRQ,995,16.9,36.45,2150.55,38.15,2250.85
60,60 plex,"Revio SPRQ (0.5xLongPlex, PCR)",no,0.5x,PCR,7.65,11,LongPlex,Takara or Decodifi,50,1.7,56,No,0.9,0,PB,Revio SPRQ,995,16.6,36.15,2169,37.85,2271
61,61 plex,"Revio SPRQ (0.5xLongPlex, PCR)",no,0.5x,PCR,7.65,11,LongPlex,Takara or Decodifi,50,1.7,56,No,0.9,0,PB,Revio SPRQ,995,16.3,35.85,2186.85,37.55,2290.55
62,62 plex,"Revio SPRQ (0.5xLongPlex, PCR)",no,0.5x,PCR,7.65,11,LongPlex,Takara or Decodifi,50,1.7,56,No,0.9,0,PB,Revio SPRQ,995,16,35.55,2204.1,37.25,2309.5
63,63 plex,"Revio SPRQ (0.5xLongPlex, PCR)",no,0.5x,PCR,7.65,11,LongPlex,Takara or Decodifi,50,1.7,56,No,0.9,0,PB,Revio SPRQ,995,15.8,35.35,2227.05,37.05,2334.15
64,64 plex,"Revio SPRQ (0.5xLongPlex, PCR)",no,0.5x,PCR,7.65,11,LongPlex,Takara or Decodifi,50,1.7,56,No,0.9,0,PB,Revio SPRQ,995,15.5,35.05,2243.2,36.75,2352
65,65 plex,"Revio SPRQ (0.5xLongPlex, PCR)",no,0.5x,PCR,7.65,11,LongPlex,Takara or Decodifi,50,1.7,56,No,0.9,0,PB,Revio SPRQ,995,15.3,34.85,2265.25,36.55,2375.75
66,66 plex,"Revio SPRQ (0.5xLongPlex, PCR)",no,0.5x,PCR,7.65,11,LongPlex,Takara or Decodifi,50,1.7,56,No,0.8,0,PB,Revio SPRQ,995,15.1,34.55,2280.3,36.25,2392.5
67,67 plex,"Revio SPRQ (0.5xLongPlex, PCR)",no,0.5x,PCR,7.65,11,LongPlex,Takara or Decodifi,50,1.7,56,No,0.8,0,PB,Revio SPRQ,995,14.9,34.35,2301.45,36.05,2415.35
68,68 plex,"Revio SPRQ (0.5xLongPlex, PCR)",no,0.5x,PCR,7.65,11,LongPlex,Takara or Decodifi,50,1.7,56,No,0.8,0,PB,Revio SPRQ,995,14.6,34.05,2315.4,35.75,2431
69,69 plex,"Revio SPRQ (0.5xLongPlex, PCR)",no,0.5x,PCR,7.65,11,LongPlex,Takara or Decodifi,50,1.7,56,No,0.8,0,PB,Revio SPRQ,995,14.4,33.85,2335.65,35.55,2452.95
70,70 plex,"Revio SPRQ (0.5xLongPlex, PCR)",no,0.5x,PCR,7.65,11,LongPlex,Takara or Decodifi,50,1.7,56,No,0.8,0,PB,Revio SPRQ,995,14.2,33.65,2355.5,35.35,2474.5
71,71 plex,"Revio SPRQ (0.5xLongPlex, PCR)",no,0.5x,PCR,7.65,11,LongPlex,Takara or Decodifi,50,1.7,56,No,0.8,0,PB,Revio SPRQ,995,14,33.45,2374.95,35.15,2495.65
72,72 plex,"Revio SPRQ (0.5xLongPlex, PCR)",no,0.5x,PCR,7.65,11,LongPlex,Takara or Decodifi,50,1.7,56,No,0.8,0,PB,Revio SPRQ,995,13.8,33.25,2394,34.95,2516.4
73,73 plex,"Revio SPRQ (0.5xLongPlex, PCR)",no,0.5x,PCR,7.65,11,LongPlex,Takara or Decodifi,50,1.7,56,No,0.8,0,PB,Revio SPRQ,995,13.6,33.05,2412.65,34.75,2536.75
74,74 plex,"Revio SPRQ (0.5xLongPlex, PCR)",no,0.5x,PCR,7.65,11,LongPlex,Takara or Decodifi,50,1.7,56,No,0.8,0,PB,Revio SPRQ,995,13.4,32.85,2430.9,34.55,2556.7
75,75 plex,"Revio SPRQ (0.5xLongPlex, PCR)",no,0.5x,PCR,7.65,11,LongPlex,Takara or Decodifi,50,1.7,56,No,0.7,0,PB,Revio SPRQ,995,13.3,32.65,2448.75,34.35,2576.25
76,76 plex,"Revio SPRQ (0.5xLongPlex, PCR)",no,0.5x,PCR,7.65,11,LongPlex,Takara or Decodifi,50,1.7,56,No,0.7,0,PB,Revio SPRQ,995,13.1,32.45,2466.2,34.15,2595.4
77,77 plex,"Revio SPRQ (0.5xLongPlex, PCR)",no,0.5x,PCR,7.65,11,LongPlex,Takara or Decodifi,50,1.7,56,No,0.7,0,PB,Revio SPRQ,995,12.9,32.25,2483.25,33.95,2614.15
78,78 plex,"Revio SPRQ (0.5xLongPlex, PCR)",no,0.5x,PCR,7.65,11,LongPlex,Takara or Decodifi,50,1.7,56,No,0.7,0,PB,Revio SPRQ,995,12.8,32.15,2507.7,33.85,2640.3
79,79 plex,"Revio SPRQ (0.5xLongPlex, PCR)",no,0.5x,PCR,7.65,11,LongPlex,Takara or Decodifi,50,1.7,56,No,0.7,0,PB,Revio SPRQ,995,12.6,31.95,2524.05,33.65,2658.35
80,80 plex,"Revio SPRQ (0.5xLongPlex, PCR)",no,0.5x,PCR,7.65,11,LongPlex,Takara or Decodifi,50,1.7,56,No,0.7,0,PB,Revio SPRQ,995,12.4,31.75,2540,33.45,2676
81,81 plex,"Revio SPRQ (0.5xLongPlex, PCR)",no,0.5x,PCR,7.65,11,LongPlex,Takara or Decodifi,50,1.7,56,No,0.7,0,PB,Revio SPRQ,995,12.3,31.65,2563.65,33.35,2701.35
82,82 plex,"Revio SPRQ (0.5xLongPlex, PCR)",no,0.5x,PCR,7.65,11,LongPlex,Takara or Decodifi,50,1.7,56,No,0.7,0,PB,Revio SPRQ,995,12.1,31.45,2578.9,33.15,2718.3
83,83 plex,"Revio SPRQ (0.5xLongPlex, PCR)",no,0.5x,PCR,7.65,11,LongPlex,Takara or Decodifi,50,1.7,56,No,0.7,0,PB,Revio SPRQ,995,12,31.35,2602.05,33.05,2743.15
84,84 plex,"Revio SPRQ (0.5xLongPlex, PCR)",no,0.5x,PCR,7.65,11,LongPlex,Takara or Decodifi,50,1.7,56,No,0.7,0,PB,Revio SPRQ,995,11.8,31.15,2616.6,32.85,2759.4
85,85 plex,"Revio SPRQ (0.5xLongPlex, PCR)",no,0.5x,PCR,7.65,11,LongPlex,Takara or Decodifi,50,1.7,56,No,0.7,0,PB,Revio SPRQ,995,11.7,31.05,2639.25,32.75,2783.75
86,86 plex,"Revio SPRQ (0.5xLongPlex, PCR)",no,0.5x,PCR,7.65,11,LongPlex,Takara or Decodifi,50,1.7,56,No,0.7,0,PB,Revio SPRQ,995,11.6,30.95,2661.7,32.65,2807.9
87,87 plex,"Revio SPRQ (0.5xLongPlex, PCR)",no,0.5x,PCR,7.65,11,LongPlex,Takara or Decodifi,50,1.7,56,No,0.6,0,PB,Revio SPRQ,995,11.4,30.65,2666.55,32.35,2814.45
88,88 plex,"Revio SPRQ (0.5xLongPlex, PCR)",no,0.5x,PCR,7.65,11,LongPlex,Takara or Decodifi,50,1.7,56,No,0.6,0,PB,Revio SPRQ,995,11.3,30.55,2688.4,32.25,2838
89,89 plex,"Revio SPRQ (0.5xLongPlex, PCR)",no,0.5x,PCR,7.65,11,LongPlex,Takara or Decodifi,50,1.7,56,No,0.6,0,PB,Revio SPRQ,995,11.2,30.45,2710.05,32.15,2861.35
90,90 plex,"Revio SPRQ (0.5xLongPlex, PCR)",no,0.5x,PCR,7.65,11,LongPlex,Takara or Decodifi,50,1.7,56,No,0.6,0,PB,Revio SPRQ,995,11.1,30.35,2731.5,32.05,2884.5
91,91 plex,"Revio SPRQ (0.5xLongPlex, PCR)",no,0.5x,PCR,7.65,11,LongPlex,Takara or Decodifi,50,1.7,56,No,0.6,0,PB,Revio SPRQ,995,10.9,30.15,2743.65,31.85,2898.35
92,92 plex,"Revio SPRQ (0.5xLongPlex, PCR)",no,0.5x,PCR,7.65,11,LongPlex,Takara or Decodifi,50,1.7,56,No,0.6,0,PB,Revio SPRQ,995,10.8,30.05,2764.6,31.75,2921
93,93 plex,"Revio SPRQ (0.5xLongPlex, PCR)",no,0.5x,PCR,7.65,11,LongPlex,Takara or Decodifi,50,1.7,56,No,0.6,0,PB,Revio SPRQ,995,10.7,29.95,2785.35,31.65,2943.45
94,94 plex,"Revio SPRQ (0.5xLongPlex, PCR)",no,0.5x,PCR,7.65,11,LongPlex,Takara or Decodifi,50,1.7,56,No,0.6,0,PB,Revio SPRQ,995,10.6,29.85,2805.9,31.55,2965.7
95,95 plex,"Revio SPRQ (0.5xLongPlex, PCR)",no,0.5x,PCR,7.65,11,LongPlex,Takara or Decodifi,50,1.7,56,No,0.6,0,PB,Revio SPRQ,995,10.5,29.75,2826.25,31.45,2987.75
96,96 plex,"Revio SPRQ (0.5xLongPlex, PCR)",no,0.5x,PCR,7.65,11,LongPlex,Takara or Decodifi,50,1.7,56,No,0.6,0,PB,Revio SPRQ,995,10.4,29.65,2846.4,31.35,3009.6
1,1 plex,"Revio SPRQ (0.25xLongPlex, PCR)",no,0.25x,PCR,7.65,5.5,LongPlex,Takara or Decodifi,50,1.7,56,No,56,0,PB,Revio SPRQ,995,995,1064.15,1064.15,1065.85,1065.85
2,2 plex,"Revio SPRQ (0.25xLongPlex, PCR)",no,0.25x,PCR,7.65,5.5,LongPlex,Takara or Decodifi,50,1.7,56,No,28,0,PB,Revio SPRQ,995,497.5,538.65,1077.3,540.35,1080.7
3,3 plex,"Revio SPRQ (0.25xLongPlex, PCR)",no,0.25x,PCR,7.65,5.5,LongPlex,Takara or Decodifi,50,1.7,56,No,18.7,0,PB,Revio SPRQ,995,331.7,363.55,1090.65,365.25,1095.75
4,4 plex,"Revio SPRQ (0.25xLongPlex, PCR)",no,0.25x,PCR,7.65,5.5,LongPlex,Takara or Decodifi,50,1.7,56,No,14,0,PB,Revio SPRQ,995,248.8,275.95,1103.8,277.65,1110.6
5,5 plex,"Revio SPRQ (0.25xLongPlex, PCR)",no,0.25x,PCR,7.65,5.5,LongPlex,Takara or Decodifi,50,1.7,56,No,11.2,0,PB,Revio SPRQ,995,199,223.35,1116.75,225.05,1125.25
6,6 plex,"Revio SPRQ (0.25xLongPlex, PCR)",no,0.25x,PCR,7.65,5.5,LongPlex,Takara or Decodifi,50,1.7,56,No,9.3,0,PB,Revio SPRQ,995,165.8,188.25,1129.5,189.95,1139.7
7,7 plex,"Revio SPRQ (0.25xLongPlex, PCR)",no,0.25x,PCR,7.65,5.5,LongPlex,Takara or Decodifi,50,1.7,56,No,8,0,PB,Revio SPRQ,995,142.1,163.25,1142.75,164.95,1154.65
8,8 plex,"Revio SPRQ (0.25xLongPlex, PCR)",no,0.25x,PCR,7.65,5.5,LongPlex,Takara or Decodifi,50,1.7,56,No,7,0,PB,Revio SPRQ,995,124.4,144.55,1156.4,146.25,1170
9,9 plex,"Revio SPRQ (0.25xLongPlex, PCR)",no,0.25x,PCR,7.65,5.5,LongPlex,Takara or Decodifi,50,1.7,56,No,6.2,0,PB,Revio SPRQ,995,110.6,129.95,1169.55,131.65,1184.85
10,10 plex,"Revio SPRQ (0.25xLongPlex, PCR)",no,0.25x,PCR,7.65,5.5,LongPlex,Takara or Decodifi,50,1.7,56,No,5.6,0,PB,Revio SPRQ,995,99.5,118.25,1182.5,119.95,1199.5
11,11 plex,"Revio SPRQ (0.25xLongPlex, PCR)",no,0.25x,PCR,7.65,5.5,LongPlex,Takara or Decodifi,50,1.7,56,No,5.1,0,PB,Revio SPRQ,995,90.5,108.75,1196.25,110.45,1214.95
12,12 plex,"Revio SPRQ (0.25xLongPlex, PCR)",no,0.25x,PCR,7.65,5.5,LongPlex,Takara or Decodifi,50,1.7,56,No,4.7,0,PB,Revio SPRQ,995,82.9,100.75,1209,102.45,1229.4
13,13 plex,"Revio SPRQ (0.25xLongPlex, PCR)",no,0.25x,PCR,7.65,5.5,LongPlex,Takara or Decodifi,50,1.7,56,No,4.3,0,PB,Revio SPRQ,995,76.5,93.95,1221.35,95.65,1243.45
14,14 plex,"Revio SPRQ (0.25xLongPlex, PCR)",no,0.25x,PCR,7.65,5.5,LongPlex,Takara or Decodifi,50,1.7,56,No,4,0,PB,Revio SPRQ,995,71.1,88.25,1235.5,89.95,1259.3
15,15 plex,"Revio SPRQ (0.25xLongPlex, PCR)",no,0.25x,PCR,7.65,5.5,LongPlex,Takara or Decodifi,50,1.7,56,No,3.7,0,PB,Revio SPRQ,995,66.3,83.15,1247.25,84.85,1272.75
16,16 plex,"Revio SPRQ (0.25xLongPlex, PCR)",no,0.25x,PCR,7.65,5.5,LongPlex,Takara or Decodifi,50,1.7,56,No,3.5,0,PB,Revio SPRQ,995,62.2,78.85,1261.6,80.55,1288.8
17,17 plex,"Revio SPRQ (0.25xLongPlex, PCR)",no,0.25x,PCR,7.65,5.5,LongPlex,Takara or Decodifi,50,1.7,56,No,3.3,0,PB,Revio SPRQ,995,58.5,74.95,1274.15,76.65,1303.05
18,18 plex,"Revio SPRQ (0.25xLongPlex, PCR)",no,0.25x,PCR,7.65,5.5,LongPlex,Takara or Decodifi,50,1.7,56,No,3.1,0,PB,Revio SPRQ,995,55.3,71.55,1287.9,73.25,1318.5
19,19 plex,"Revio SPRQ (0.25xLongPlex, PCR)",no,0.25x,PCR,7.65,5.5,LongPlex,Takara or Decodifi,50,1.7,56,No,2.9,0,PB,Revio SPRQ,995,52.4,68.45,1300.55,70.15,1332.85
20,20 plex,"Revio SPRQ (0.25xLongPlex, PCR)",no,0.25x,PCR,7.65,5.5,LongPlex,Takara or Decodifi,50,1.7,56,No,2.8,0,PB,Revio SPRQ,995,49.8,65.75,1315,67.45,1349
21,21 plex,"Revio SPRQ (0.25xLongPlex, PCR)",no,0.25x,PCR,7.65,5.5,LongPlex,Takara or Decodifi,50,1.7,56,No,2.7,0,PB,Revio SPRQ,995,47.4,63.25,1328.25,64.95,1363.95
22,22 plex,"Revio SPRQ (0.25xLongPlex, PCR)",no,0.25x,PCR,7.65,5.5,LongPlex,Takara or Decodifi,50,1.7,56,No,2.5,0,PB,Revio SPRQ,995,45.2,60.85,1338.7,62.55,1376.1
23,23 plex,"Revio SPRQ (0.25xLongPlex, PCR)",no,0.25x,PCR,7.65,5.5,LongPlex,Takara or Decodifi,50,1.7,56,No,2.4,0,PB,Revio SPRQ,995,43.3,58.85,1353.55,60.55,1392.65
24,24 plex,"Revio SPRQ (0.25xLongPlex, PCR)",no,0.25x,PCR,7.65,5.5,LongPlex,Takara or Decodifi,50,1.7,56,No,2.3,0,PB,Revio SPRQ,995,41.5,56.95,1366.8,58.65,1407.6
25,25 plex,"Revio SPRQ (0.25xLongPlex, PCR)",no,0.25x,PCR,7.65,5.5,LongPlex,Takara or Decodifi,50,1.7,56,No,2.2,0,PB,Revio SPRQ,995,39.8,55.15,1378.75,56.85,1421.25
26,26 plex,"Revio SPRQ (0.25xLongPlex, PCR)",no,0.25x,PCR,7.65,5.5,LongPlex,Takara or Decodifi,50,1.7,56,No,2.2,0,PB,Revio SPRQ,995,38.3,53.65,1394.9,55.35,1439.1
27,27 plex,"Revio SPRQ (0.25xLongPlex, PCR)",no,0.25x,PCR,7.65,5.5,LongPlex,Takara or Decodifi,50,1.7,56,No,2.1,0,PB,Revio SPRQ,995,36.9,52.15,1408.05,53.85,1453.95
28,28 plex,"Revio SPRQ (0.25xLongPlex, PCR)",no,0.25x,PCR,7.65,5.5,LongPlex,Takara or Decodifi,50,1.7,56,No,2,0,PB,Revio SPRQ,995,35.5,50.65,1418.2,52.35,1465.8
29,29 plex,"Revio SPRQ (0.25xLongPlex, PCR)",no,0.25x,PCR,7.65,5.5,LongPlex,Takara or Decodifi,50,1.7,56,No,1.9,0,PB,Revio SPRQ,995,34.3,49.35,1431.15,51.05,1480.45
30,30 plex,"Revio SPRQ (0.25xLongPlex, PCR)",no,0.25x,PCR,7.65,5.5,LongPlex,Takara or Decodifi,50,1.7,56,No,1.9,0,PB,Revio SPRQ,995,33.2,48.25,1447.5,49.95,1498.5
31,31 plex,"Revio SPRQ (0.25xLongPlex, PCR)",no,0.25x,PCR,7.65,5.5,LongPlex,Takara or Decodifi,50,1.7,56,No,1.8,0,PB,Revio SPRQ,995,32.1,47.05,1458.55,48.75,1511.25
32,32 plex,"Revio SPRQ (0.25xLongPlex, PCR)",no,0.25x,PCR,7.65,5.5,LongPlex,Takara or Decodifi,50,1.7,56,No,1.8,0,PB,Revio SPRQ,995,31.1,46.05,1473.6,47.75,1528
33,33 plex,"Revio SPRQ (0.25xLongPlex, PCR)",no,0.25x,PCR,7.65,5.5,LongPlex,Takara or Decodifi,50,1.7,56,No,1.7,0,PB,Revio SPRQ,995,30.2,45.05,1486.65,46.75,1542.75
34,34 plex,"Revio SPRQ (0.25xLongPlex, PCR)",no,0.25x,PCR,7.65,5.5,LongPlex,Takara or Decodifi,50,1.7,56,No,1.6,0,PB,Revio SPRQ,995,29.3,44.05,1497.7,45.75,1555.5
35,35 plex,"Revio SPRQ (0.25xLongPlex, PCR)",no,0.25x,PCR,7.65,5.5,LongPlex,Takara or Decodifi,50,1.7,56,No,1.6,0,PB,Revio SPRQ,995,28.4,43.15,1510.25,44.85,1569.75
36,36 plex,"Revio SPRQ (0.25xLongPlex, PCR)",no,0.25x,PCR,7.65,5.5,LongPlex,Takara or Decodifi,50,1.7,56,No,1.6,0,PB,Revio SPRQ,995,27.6,42.35,1524.6,44.05,1585.8
37,37 plex,"Revio SPRQ (0.25xLongPlex, PCR)",no,0.25x,PCR,7.65,5.5,LongPlex,Takara or Decodifi,50,1.7,56,No,1.5,0,PB,Revio SPRQ,995,26.9,41.55,1537.35,43.25,1600.25
38,38 plex,"Revio SPRQ (0.25xLongPlex, PCR)",no,0.25x,PCR,7.65,5.5,LongPlex,Takara or Decodifi,50,1.7,56,No,1.5,0,PB,Revio SPRQ,995,26.2,40.85,1552.3,42.55,1616.9
39,39 plex,"Revio SPRQ (0.25xLongPlex, PCR)",no,0.25x,PCR,7.65,5.5,LongPlex,Takara or Decodifi,50,1.7,56,No,1.4,0,PB,Revio SPRQ,995,25.5,40.05,1561.95,41.75,1628.25
40,40 plex,"Revio SPRQ (0.25xLongPlex, PCR)",no,0.25x,PCR,7.65,5.5,LongPlex,Takara or Decodifi,50,1.7,56,No,1.4,0,PB,Revio SPRQ,995,24.9,39.45,1578,41.15,1646
41,41 plex,"Revio SPRQ (0.25xLongPlex, PCR)",no,0.25x,PCR,7.65,5.5,LongPlex,Takara or Decodifi,50,1.7,56,No,1.4,0,PB,Revio SPRQ,995,24.3,38.85,1592.85,40.55,1662.55
42,42 plex,"Revio SPRQ (0.25xLongPlex, PCR)",no,0.25x,PCR,7.65,5.5,LongPlex,Takara or Decodifi,50,1.7,56,No,1.3,0,PB,Revio SPRQ,995,23.7,38.15,1602.3,39.85,1673.7
43,43 plex,"Revio SPRQ (0.25xLongPlex, PCR)",no,0.25x,PCR,7.65,5.5,LongPlex,Takara or Decodifi,50,1.7,56,No,1.3,0,PB,Revio SPRQ,995,23.1,37.55,1614.65,39.25,1687.75
44,44 plex,"Revio SPRQ (0.25xLongPlex, PCR)",no,0.25x,PCR,7.65,5.5,LongPlex,Takara or Decodifi,50,1.7,56,No,1.3,0,PB,Revio SPRQ,995,22.6,37.05,1630.2,38.75,1705
45,45 plex,"Revio SPRQ (0.25xLongPlex, PCR)",no,0.25x,PCR,7.65,5.5,LongPlex,Takara or Decodifi,50,1.7,56,No,1.2,0,PB,Revio SPRQ,995,22.1,36.45,1640.25,38.15,1716.75
46,46 plex,"Revio SPRQ (0.25xLongPlex, PCR)",no,0.25x,PCR,7.65,5.5,LongPlex,Takara or Decodifi,50,1.7,56,No,1.2,0,PB,Revio SPRQ,995,21.6,35.95,1653.7,37.65,1731.9
47,47 plex,"Revio SPRQ (0.25xLongPlex, PCR)",no,0.25x,PCR,7.65,5.5,LongPlex,Takara or Decodifi,50,1.7,56,No,1.2,0,PB,Revio SPRQ,995,21.2,35.55,1670.85,37.25,1750.75
48,48 plex,"Revio SPRQ (0.25xLongPlex, PCR)",no,0.25x,PCR,7.65,5.5,LongPlex,Takara or Decodifi,50,1.7,56,No,1.2,0,PB,Revio SPRQ,995,20.7,35.05,1682.4,36.75,1764
49,49 plex,"Revio SPRQ (0.25xLongPlex, PCR)",no,0.25x,PCR,7.65,5.5,LongPlex,Takara or Decodifi,50,1.7,56,No,1.1,0,PB,Revio SPRQ,995,20.3,34.55,1692.95,36.25,1776.25
50,50 plex,"Revio SPRQ (0.25xLongPlex, PCR)",no,0.25x,PCR,7.65,5.5,LongPlex,Takara or Decodifi,50,1.7,56,No,1.1,0,PB,Revio SPRQ,995,19.9,34.15,1707.5,35.85,1792.5
51,51 plex,"Revio SPRQ (0.25xLongPlex, PCR)",no,0.25x,PCR,7.65,5.5,LongPlex,Takara or Decodifi,50,1.7,56,No,1.1,0,PB,Revio SPRQ,995,19.5,33.75,1721.25,35.45,1807.95
52,52 plex,"Revio SPRQ (0.25xLongPlex, PCR)",no,0.25x,PCR,7.65,5.5,LongPlex,Takara or Decodifi,50,1.7,56,No,1.1,0,PB,Revio SPRQ,995,19.1,33.35,1734.2,35.05,1822.6
53,53 plex,"Revio SPRQ (0.25xLongPlex, PCR)",no,0.25x,PCR,7.65,5.5,LongPlex,Takara or Decodifi,50,1.7,56,No,1.1,0,PB,Revio SPRQ,995,18.8,33.05,1751.65,34.75,1841.75
54,54 plex,"Revio SPRQ (0.25xLongPlex, PCR)",no,0.25x,PCR,7.65,5.5,LongPlex,Takara or Decodifi,50,1.7,56,No,1,0,PB,Revio SPRQ,995,18.4,32.55,1757.7,34.25,1849.5
55,55 plex,"Revio SPRQ (0.25xLongPlex, PCR)",no,0.25x,PCR,7.65,5.5,LongPlex,Takara or Decodifi,50,1.7,56,No,1,0,PB,Revio SPRQ,995,18.1,32.25,1773.75,33.95,1867.25
56,56 plex,"Revio SPRQ (0.25xLongPlex, PCR)",no,0.25x,PCR,7.65,5.5,LongPlex,Takara or Decodifi,50,1.7,56,No,1,0,PB,Revio SPRQ,995,17.8,31.95,1789.2,33.65,1884.4
57,57 plex,"Revio SPRQ (0.25xLongPlex, PCR)",no,0.25x,PCR,7.65,5.5,LongPlex,Takara or Decodifi,50,1.7,56,No,1,0,PB,Revio SPRQ,995,17.5,31.65,1804.05,33.35,1900.95
58,58 plex,"Revio SPRQ (0.25xLongPlex, PCR)",no,0.25x,PCR,7.65,5.5,LongPlex,Takara or Decodifi,50,1.7,56,No,1,0,PB,Revio SPRQ,995,17.2,31.35,1818.3,33.05,1916.9
59,59 plex,"Revio SPRQ (0.25xLongPlex, PCR)",no,0.25x,PCR,7.65,5.5,LongPlex,Takara or Decodifi,50,1.7,56,No,0.9,0,PB,Revio SPRQ,995,16.9,30.95,1826.05,32.65,1926.35
60,60 plex,"Revio SPRQ (0.25xLongPlex, PCR)",no,0.25x,PCR,7.65,5.5,LongPlex,Takara or Decodifi,50,1.7,56,No,0.9,0,PB,Revio SPRQ,995,16.6,30.65,1839,32.35,1941
61,61 plex,"Revio SPRQ (0.25xLongPlex, PCR)",no,0.25x,PCR,7.65,5.5,LongPlex,Takara or Decodifi,50,1.7,56,No,0.9,0,PB,Revio SPRQ,995,16.3,30.35,1851.35,32.05,1955.05
62,62 plex,"Revio SPRQ (0.25xLongPlex, PCR)",no,0.25x,PCR,7.65,5.5,LongPlex,Takara or Decodifi,50,1.7,56,No,0.9,0,PB,Revio SPRQ,995,16,30.05,1863.1,31.75,1968.5
63,63 plex,"Revio SPRQ (0.25xLongPlex, PCR)",no,0.25x,PCR,7.65,5.5,LongPlex,Takara or Decodifi,50,1.7,56,No,0.9,0,PB,Revio SPRQ,995,15.8,29.85,1880.55,31.55,1987.65
64,64 plex,"Revio SPRQ (0.25xLongPlex, PCR)",no,0.25x,PCR,7.65,5.5,LongPlex,Takara or Decodifi,50,1.7,56,No,0.9,0,PB,Revio SPRQ,995,15.5,29.55,1891.2,31.25,2000
65,65 plex,"Revio SPRQ (0.25xLongPlex, PCR)",no,0.25x,PCR,7.65,5.5,LongPlex,Takara or Decodifi,50,1.7,56,No,0.9,0,PB,Revio SPRQ,995,15.3,29.35,1907.75,31.05,2018.25
66,66 plex,"Revio SPRQ (0.25xLongPlex, PCR)",no,0.25x,PCR,7.65,5.5,LongPlex,Takara or Decodifi,50,1.7,56,No,0.8,0,PB,Revio SPRQ,995,15.1,29.05,1917.3,30.75,2029.5
67,67 plex,"Revio SPRQ (0.25xLongPlex, PCR)",no,0.25x,PCR,7.65,5.5,LongPlex,Takara or Decodifi,50,1.7,56,No,0.8,0,PB,Revio SPRQ,995,14.9,28.85,1932.95,30.55,2046.85
68,68 plex,"Revio SPRQ (0.25xLongPlex, PCR)",no,0.25x,PCR,7.65,5.5,LongPlex,Takara or Decodifi,50,1.7,56,No,0.8,0,PB,Revio SPRQ,995,14.6,28.55,1941.4,30.25,2057
69,69 plex,"Revio SPRQ (0.25xLongPlex, PCR)",no,0.25x,PCR,7.65,5.5,LongPlex,Takara or Decodifi,50,1.7,56,No,0.8,0,PB,Revio SPRQ,995,14.4,28.35,1956.15,30.05,2073.45
70,70 plex,"Revio SPRQ (0.25xLongPlex, PCR)",no,0.25x,PCR,7.65,5.5,LongPlex,Takara or Decodifi,50,1.7,56,No,0.8,0,PB,Revio SPRQ,995,14.2,28.15,1970.5,29.85,2089.5
71,71 plex,"Revio SPRQ (0.25xLongPlex, PCR)",no,0.25x,PCR,7.65,5.5,LongPlex,Takara or Decodifi,50,1.7,56,No,0.8,0,PB,Revio SPRQ,995,14,27.95,1984.45,29.65,2105.15
72,72 plex,"Revio SPRQ (0.25xLongPlex, PCR)",no,0.25x,PCR,7.65,5.5,LongPlex,Takara or Decodifi,50,1.7,56,No,0.8,0,PB,Revio SPRQ,995,13.8,27.75,1998,29.45,2120.4
73,73 plex,"Revio SPRQ (0.25xLongPlex, PCR)",no,0.25x,PCR,7.65,5.5,LongPlex,Takara or Decodifi,50,1.7,56,No,0.8,0,PB,Revio SPRQ,995,13.6,27.55,2011.15,29.25,2135.25
74,74 plex,"Revio SPRQ (0.25xLongPlex, PCR)",no,0.25x,PCR,7.65,5.5,LongPlex,Takara or Decodifi,50,1.7,56,No,0.8,0,PB,Revio SPRQ,995,13.4,27.35,2023.9,29.05,2149.7
75,75 plex,"Revio SPRQ (0.25xLongPlex, PCR)",no,0.25x,PCR,7.65,5.5,LongPlex,Takara or Decodifi,50,1.7,56,No,0.7,0,PB,Revio SPRQ,995,13.3,27.15,2036.25,28.85,2163.75
76,76 plex,"Revio SPRQ (0.25xLongPlex, PCR)",no,0.25x,PCR,7.65,5.5,LongPlex,Takara or Decodifi,50,1.7,56,No,0.7,0,PB,Revio SPRQ,995,13.1,26.95,2048.2,28.65,2177.4
77,77 plex,"Revio SPRQ (0.25xLongPlex, PCR)",no,0.25x,PCR,7.65,5.5,LongPlex,Takara or Decodifi,50,1.7,56,No,0.7,0,PB,Revio SPRQ,995,12.9,26.75,2059.75,28.45,2190.65
78,78 plex,"Revio SPRQ (0.25xLongPlex, PCR)",no,0.25x,PCR,7.65,5.5,LongPlex,Takara or Decodifi,50,1.7,56,No,0.7,0,PB,Revio SPRQ,995,12.8,26.65,2078.7,28.35,2211.3
79,79 plex,"Revio SPRQ (0.25xLongPlex, PCR)",no,0.25x,PCR,7.65,5.5,LongPlex,Takara or Decodifi,50,1.7,56,No,0.7,0,PB,Revio SPRQ,995,12.6,26.45,2089.55,28.15,2223.85
80,80 plex,"Revio SPRQ (0.25xLongPlex, PCR)",no,0.25x,PCR,7.65,5.5,LongPlex,Takara or Decodifi,50,1.7,56,No,0.7,0,PB,Revio SPRQ,995,12.4,26.25,2100,27.95,2236
81,81 plex,"Revio SPRQ (0.25xLongPlex, PCR)",no,0.25x,PCR,7.65,5.5,LongPlex,Takara or Decodifi,50,1.7,56,No,0.7,0,PB,Revio SPRQ,995,12.3,26.15,2118.15,27.85,2255.85
82,82 plex,"Revio SPRQ (0.25xLongPlex, PCR)",no,0.25x,PCR,7.65,5.5,LongPlex,Takara or Decodifi,50,1.7,56,No,0.7,0,PB,Revio SPRQ,995,12.1,25.95,2127.9,27.65,2267.3
83,83 plex,"Revio SPRQ (0.25xLongPlex, PCR)",no,0.25x,PCR,7.65,5.5,LongPlex,Takara or Decodifi,50,1.7,56,No,0.7,0,PB,Revio SPRQ,995,12,25.85,2145.55,27.55,2286.65
84,84 plex,"Revio SPRQ (0.25xLongPlex, PCR)",no,0.25x,PCR,7.65,5.5,LongPlex,Takara or Decodifi,50,1.7,56,No,0.7,0,PB,Revio SPRQ,995,11.8,25.65,2154.6,27.35,2297.4
85,85 plex,"Revio SPRQ (0.25xLongPlex, PCR)",no,0.25x,PCR,7.65,5.5,LongPlex,Takara or Decodifi,50,1.7,56,No,0.7,0,PB,Revio SPRQ,995,11.7,25.55,2171.75,27.25,2316.25
86,86 plex,"Revio SPRQ (0.25xLongPlex, PCR)",no,0.25x,PCR,7.65,5.5,LongPlex,Takara or Decodifi,50,1.7,56,No,0.7,0,PB,Revio SPRQ,995,11.6,25.45,2188.7,27.15,2334.9
87,87 plex,"Revio SPRQ (0.25xLongPlex, PCR)",no,0.25x,PCR,7.65,5.5,LongPlex,Takara or Decodifi,50,1.7,56,No,0.6,0,PB,Revio SPRQ,995,11.4,25.15,2188.05,26.85,2335.95
88,88 plex,"Revio SPRQ (0.25xLongPlex, PCR)",no,0.25x,PCR,7.65,5.5,LongPlex,Takara or Decodifi,50,1.7,56,No,0.6,0,PB,Revio SPRQ,995,11.3,25.05,2204.4,26.75,2354
89,89 plex,"Revio SPRQ (0.25xLongPlex, PCR)",no,0.25x,PCR,7.65,5.5,LongPlex,Takara or Decodifi,50,1.7,56,No,0.6,0,PB,Revio SPRQ,995,11.2,24.95,2220.55,26.65,2371.85
90,90 plex,"Revio SPRQ (0.25xLongPlex, PCR)",no,0.25x,PCR,7.65,5.5,LongPlex,Takara or Decodifi,50,1.7,56,No,0.6,0,PB,Revio SPRQ,995,11.1,24.85,2236.5,26.55,2389.5
91,91 plex,"Revio SPRQ (0.25xLongPlex, PCR)",no,0.25x,PCR,7.65,5.5,LongPlex,Takara or Decodifi,50,1.7,56,No,0.6,0,PB,Revio SPRQ,995,10.9,24.65,2243.15,26.35,2397.85
92,92 plex,"Revio SPRQ (0.25xLongPlex, PCR)",no,0.25x,PCR,7.65,5.5,LongPlex,Takara or Decodifi,50,1.7,56,No,0.6,0,PB,Revio SPRQ,995,10.8,24.55,2258.6,26.25,2415
93,93 plex,"Revio SPRQ (0.25xLongPlex, PCR)",no,0.25x,PCR,7.65,5.5,LongPlex,Takara or Decodifi,50,1.7,56,No,0.6,0,PB,Revio SPRQ,995,10.7,24.45,2273.85,26.15,2431.95
94,94 plex,"Revio SPRQ (0.25xLongPlex, PCR)",no,0.25x,PCR,7.65,5.5,LongPlex,Takara or Decodifi,50,1.7,56,No,0.6,0,PB,Revio SPRQ,995,10.6,24.35,2288.9,26.05,2448.7
95,95 plex,"Revio SPRQ (0.25xLongPlex, PCR)",no,0.25x,PCR,7.65,5.5,LongPlex,Takara or Decodifi,50,1.7,56,No,0.6,0,PB,Revio SPRQ,995,10.5,24.25,2303.75,25.95,2465.25
96,96 plex,"Revio SPRQ (0.25xLongPlex, PCR)",no,0.25x,PCR,7.65,5.5,LongPlex,Takara or Decodifi,50,1.7,56,No,0.6,0,PB,Revio SPRQ,995,10.4,24.15,2318.4,25.85,2481.6
1,1 plex,"Vega (gtube, PCRfree)",no,,PCRfree,7.65,48.4,gtube,None,NA,0,56,No,56,6.3,PB,Vega,1100,1100,1218.35,1218.35,1218.35,1218.35
2,2 plex,"Vega (gtube, PCRfree)",no,,PCRfree,7.65,48.4,gtube,None,NA,0,56,No,56,3.15,PB,Vega,1100,550,665.2,1330.4,665.2,1330.4
3,3 plex,"Vega (gtube, PCRfree)",no,,PCRfree,7.65,48.4,gtube,None,NA,0,56,No,56,2.1,PB,Vega,1100,366.7,480.85,1442.55,480.85,1442.55
4,4 plex,"Vega (gtube, PCRfree)",no,,PCRfree,7.65,48.4,gtube,None,NA,0,56,No,56,1.58,PB,Vega,1100,275,388.63,1554.5,388.63,1554.52
5,5 plex,"Vega (gtube, PCRfree)",no,,PCRfree,7.65,48.4,gtube,None,NA,0,56,No,56,1.26,PB,Vega,1100,220,333.31,1666.55,333.31,1666.55
6,6 plex,"Vega (gtube, PCRfree)",no,,PCRfree,7.65,48.4,gtube,None,NA,0,56,No,56,1.05,PB,Vega,1100,183.3,296.4,1778.4,296.4,1778.4
7,7 plex,"Vega (gtube, PCRfree)",no,,PCRfree,7.65,48.4,gtube,None,NA,0,56,No,56,0.9,PB,Vega,1100,157.1,270.05,1890.35,270.05,1890.35
8,8 plex,"Vega (gtube, PCRfree)",no,,PCRfree,7.65,48.4,gtube,None,NA,0,56,No,56,0.79,PB,Vega,1100,137.5,250.34,2002.7,250.34,2002.72
9,9 plex,"Vega (gtube, PCRfree)",no,,PCRfree,7.65,48.4,gtube,None,NA,0,56,No,56,0.7,PB,Vega,1100,122.2,234.95,2114.55,234.95,2114.55
10,10 plex,"Vega (gtube, PCRfree)",no,,PCRfree,7.65,48.4,gtube,None,NA,0,56,No,56,0.63,PB,Vega,1100,110,222.68,2226.8,222.68,2226.8
11,11 plex,"Vega (gtube, PCRfree)",no,,PCRfree,7.65,48.4,gtube,None,NA,0,56,No,56,0.57,PB,Vega,1100,100,212.62,2338.85,212.62,2338.82
12,12 plex,"Vega (gtube, PCRfree)",no,,PCRfree,7.65,48.4,gtube,None,NA,0,56,No,56,0.53,PB,Vega,1100,91.7,204.28,2451.3,204.28,2451.36
13,13 plex,"Vega (gtube, PCRfree)",no,,PCRfree,7.65,48.4,gtube,None,NA,0,56,No,56,0.48,PB,Vega,1100,84.6,197.13,2562.75,197.13,2562.69
14,14 plex,"Vega (gtube, PCRfree)",no,,PCRfree,7.65,48.4,gtube,None,NA,0,56,No,56,0.45,PB,Vega,1100,78.6,191.1,2675.4,191.1,2675.4
15,15 plex,"Vega (gtube, PCRfree)",no,,PCRfree,7.65,48.4,gtube,None,NA,0,56,No,56,0.42,PB,Vega,1100,73.3,185.77,2786.55,185.77,2786.55
16,16 plex,"Vega (gtube, PCRfree)",no,,PCRfree,7.65,48.4,gtube,None,NA,0,56,No,56,0.39,PB,Vega,1100,68.8,181.24,2899.9,181.24,2899.84
17,17 plex,"Vega (gtube, PCRfree)",no,,PCRfree,7.65,48.4,gtube,None,NA,0,56,No,56,0.37,PB,Vega,1100,64.7,177.12,3011.05,177.12,3011.04
18,18 plex,"Vega (gtube, PCRfree)",no,,PCRfree,7.65,48.4,gtube,None,NA,0,56,No,56,0.35,PB,Vega,1100,61.1,173.5,3123,173.5,3123
19,19 plex,"Vega (gtube, PCRfree)",no,,PCRfree,7.65,48.4,gtube,None,NA,0,56,No,56,0.33,PB,Vega,1100,57.9,170.28,3235.35,170.28,3235.32
20,20 plex,"Vega (gtube, PCRfree)",no,,PCRfree,7.65,48.4,gtube,None,NA,0,56,No,56,0.32,PB,Vega,1100,55,167.37,3347.3,167.37,3347.4
21,21 plex,"Vega (gtube, PCRfree)",no,,PCRfree,7.65,48.4,gtube,None,NA,0,56,No,56,0.3,PB,Vega,1100,52.4,164.75,3459.75,164.75,3459.75
22,22 plex,"Vega (gtube, PCRfree)",no,,PCRfree,7.65,48.4,gtube,None,NA,0,56,No,56,0.29,PB,Vega,1100,50,162.34,3571.4,162.34,3571.48
23,23 plex,"Vega (gtube, PCRfree)",no,,PCRfree,7.65,48.4,gtube,None,NA,0,56,No,56,0.27,PB,Vega,1100,47.8,160.12,3682.85,160.12,3682.76
24,24 plex,"Vega (gtube, PCRfree)",no,,PCRfree,7.65,48.4,gtube,None,NA,0,56,No,56,0.26,PB,Vega,1100,45.8,158.11,3794.7,158.11,3794.64
25,25 plex,"Vega (gtube, PCRfree)",no,,PCRfree,7.65,48.4,gtube,None,NA,0,56,No,56,0.25,PB,Vega,1100,44,156.3,3907.55,156.3,3907.5
26,26 plex,"Vega (gtube, PCRfree)",no,,PCRfree,7.65,48.4,gtube,None,NA,0,56,No,56,0.24,PB,Vega,1100,42.3,154.59,4019.4,154.59,4019.34
27,27 plex,"Vega (gtube, PCRfree)",no,,PCRfree,7.65,48.4,gtube,None,NA,0,56,No,56,0.23,PB,Vega,1100,40.7,152.98,4130.55,152.98,4130.46
28,28 plex,"Vega (gtube, PCRfree)",no,,PCRfree,7.65,48.4,gtube,None,NA,0,56,No,56,0.23,PB,Vega,1100,39.3,151.58,4244.1,151.58,4244.24
29,29 plex,"Vega (gtube, PCRfree)",no,,PCRfree,7.65,48.4,gtube,None,NA,0,56,No,56,0.22,PB,Vega,1100,37.9,150.17,4354.85,150.17,4354.93
30,30 plex,"Vega (gtube, PCRfree)",no,,PCRfree,7.65,48.4,gtube,None,NA,0,56,No,56,0.21,PB,Vega,1100,36.7,148.96,4468.8,148.96,4468.8
31,31 plex,"Vega (gtube, PCRfree)",no,,PCRfree,7.65,48.4,gtube,None,NA,0,56,No,56,0.2,PB,Vega,1100,35.5,147.75,4580.35,147.75,4580.25
32,32 plex,"Vega (gtube, PCRfree)",no,,PCRfree,7.65,48.4,gtube,None,NA,0,56,No,56,0.2,PB,Vega,1100,34.4,146.65,4692.7,146.65,4692.8
33,33 plex,"Vega (gtube, PCRfree)",no,,PCRfree,7.65,48.4,gtube,None,NA,0,56,No,56,0.19,PB,Vega,1100,33.3,145.54,4802.85,145.54,4802.82
34,34 plex,"Vega (gtube, PCRfree)",no,,PCRfree,7.65,48.4,gtube,None,NA,0,56,No,56,0.19,PB,Vega,1100,32.4,144.64,4917.6,144.64,4917.76
35,35 plex,"Vega (gtube, PCRfree)",no,,PCRfree,7.65,48.4,gtube,None,NA,0,56,No,56,0.18,PB,Vega,1100,31.4,143.63,5027.05,143.63,5027.05
36,36 plex,"Vega (gtube, PCRfree)",no,,PCRfree,7.65,48.4,gtube,None,NA,0,56,No,56,0.18,PB,Vega,1100,30.6,142.83,5141.7,142.83,5141.88
37,37 plex,"Vega (gtube, PCRfree)",no,,PCRfree,7.65,48.4,gtube,None,NA,0,56,No,56,0.17,PB,Vega,1100,29.7,141.92,5251.05,141.92,5251.04
38,38 plex,"Vega (gtube, PCRfree)",no,,PCRfree,7.65,48.4,gtube,None,NA,0,56,No,56,0.17,PB,Vega,1100,28.9,141.12,5362.4,141.12,5362.56
39,39 plex,"Vega (gtube, PCRfree)",no,,PCRfree,7.65,48.4,gtube,None,NA,0,56,No,56,0.16,PB,Vega,1100,28.2,140.41,5476.05,140.41,5475.99
40,40 plex,"Vega (gtube, PCRfree)",no,,PCRfree,7.65,48.4,gtube,None,NA,0,56,No,56,0.16,PB,Vega,1100,27.5,139.71,5588.3,139.71,5588.4
41,41 plex,"Vega (gtube, PCRfree)",no,,PCRfree,7.65,48.4,gtube,None,NA,0,56,No,56,0.15,PB,Vega,1100,26.8,139,5699.15,139,5699
42,42 plex,"Vega (gtube, PCRfree)",no,,PCRfree,7.65,48.4,gtube,None,NA,0,56,No,56,0.15,PB,Vega,1100,26.2,138.4,5812.8,138.4,5812.8
43,43 plex,"Vega (gtube, PCRfree)",no,,PCRfree,7.65,48.4,gtube,None,NA,0,56,No,56,0.15,PB,Vega,1100,25.6,137.8,5925.25,137.8,5925.4
44,44 plex,"Vega (gtube, PCRfree)",no,,PCRfree,7.65,48.4,gtube,None,NA,0,56,No,56,0.14,PB,Vega,1100,25,137.19,6036.5,137.19,6036.36
45,45 plex,"Vega (gtube, PCRfree)",no,,PCRfree,7.65,48.4,gtube,None,NA,0,56,No,56,0.14,PB,Vega,1100,24.4,136.59,6146.55,136.59,6146.55
46,46 plex,"Vega (gtube, PCRfree)",no,,PCRfree,7.65,48.4,gtube,None,NA,0,56,No,56,0.14,PB,Vega,1100,23.9,136.09,6260,136.09,6260.14
47,47 plex,"Vega (gtube, PCRfree)",no,,PCRfree,7.65,48.4,gtube,None,NA,0,56,No,56,0.13,PB,Vega,1100,23.4,135.58,6372.45,135.58,6372.26
48,48 plex,"Vega (gtube, PCRfree)",no,,PCRfree,7.65,48.4,gtube,None,NA,0,56,No,56,0.13,PB,Vega,1100,22.9,135.08,6483.9,135.08,6483.84
49,49 plex,"Vega (gtube, PCRfree)",no,,PCRfree,7.65,48.4,gtube,None,NA,0,56,No,56,0.13,PB,Vega,1100,22.4,134.58,6594.35,134.58,6594.42
50,50 plex,"Vega (gtube, PCRfree)",no,,PCRfree,7.65,48.4,gtube,None,NA,0,56,No,56,0.13,PB,Vega,1100,22,134.18,6708.8,134.18,6709
51,51 plex,"Vega (gtube, PCRfree)",no,,PCRfree,7.65,48.4,gtube,None,NA,0,56,No,56,0.12,PB,Vega,1100,21.6,133.77,6822.45,133.77,6822.27
52,52 plex,"Vega (gtube, PCRfree)",no,,PCRfree,7.65,48.4,gtube,None,NA,0,56,No,56,0.12,PB,Vega,1100,21.2,133.37,6935.3,133.37,6935.24
53,53 plex,"Vega (gtube, PCRfree)",no,,PCRfree,7.65,48.4,gtube,None,NA,0,56,No,56,0.12,PB,Vega,1100,20.8,132.97,7047.35,132.97,7047.41
54,54 plex,"Vega (gtube, PCRfree)",no,,PCRfree,7.65,48.4,gtube,None,NA,0,56,No,56,0.12,PB,Vega,1100,20.4,132.57,7158.6,132.57,7158.78
55,55 plex,"Vega (gtube, PCRfree)",no,,PCRfree,7.65,48.4,gtube,None,NA,0,56,No,56,0.11,PB,Vega,1100,20,132.16,7269.05,132.16,7268.8
56,56 plex,"Vega (gtube, PCRfree)",no,,PCRfree,7.65,48.4,gtube,None,NA,0,56,No,56,0.11,PB,Vega,1100,19.6,131.76,7378.7,131.76,7378.56
57,57 plex,"Vega (gtube, PCRfree)",no,,PCRfree,7.65,48.4,gtube,None,NA,0,56,No,56,0.11,PB,Vega,1100,19.3,131.46,7493.25,131.46,7493.22
58,58 plex,"Vega (gtube, PCRfree)",no,,PCRfree,7.65,48.4,gtube,None,NA,0,56,No,56,0.11,PB,Vega,1100,19,131.16,7607.2,131.16,7607.28
59,59 plex,"Vega (gtube, PCRfree)",no,,PCRfree,7.65,48.4,gtube,None,NA,0,56,No,56,0.11,PB,Vega,1100,18.6,130.76,7714.65,130.76,7714.84
60,60 plex,"Vega (gtube, PCRfree)",no,,PCRfree,7.65,48.4,gtube,None,NA,0,56,No,56,0.11,PB,Vega,1100,18.3,130.46,7827.3,130.46,7827.6
61,61 plex,"Vega (gtube, PCRfree)",no,,PCRfree,7.65,48.4,gtube,None,NA,0,56,No,56,0.1,PB,Vega,1100,18,130.15,7939.35,130.15,7939.15
62,62 plex,"Vega (gtube, PCRfree)",no,,PCRfree,7.65,48.4,gtube,None,NA,0,56,No,56,0.1,PB,Vega,1100,17.7,129.85,8050.8,129.85,8050.7
63,63 plex,"Vega (gtube, PCRfree)",no,,PCRfree,7.65,48.4,gtube,None,NA,0,56,No,56,0.1,PB,Vega,1100,17.5,129.65,8167.95,129.65,8167.95
64,64 plex,"Vega (gtube, PCRfree)",no,,PCRfree,7.65,48.4,gtube,None,NA,0,56,No,56,0.1,PB,Vega,1100,17.2,129.35,8278.3,129.35,8278.4
65,65 plex,"Vega (gtube, PCRfree)",no,,PCRfree,7.65,48.4,gtube,None,NA,0,56,No,56,0.1,PB,Vega,1100,16.9,129.05,8388.05,129.05,8388.25
66,66 plex,"Vega (gtube, PCRfree)",no,,PCRfree,7.65,48.4,gtube,None,NA,0,56,No,56,0.1,PB,Vega,1100,16.7,128.85,8503.8,128.85,8504.1
67,67 plex,"Vega (gtube, PCRfree)",no,,PCRfree,7.65,48.4,gtube,None,NA,0,56,No,56,0.09,PB,Vega,1100,16.4,128.54,8612.45,128.54,8612.18
68,68 plex,"Vega (gtube, PCRfree)",no,,PCRfree,7.65,48.4,gtube,None,NA,0,56,No,56,0.09,PB,Vega,1100,16.2,128.34,8727.3,128.34,8727.12
69,69 plex,"Vega (gtube, PCRfree)",no,,PCRfree,7.65,48.4,gtube,None,NA,0,56,No,56,0.09,PB,Vega,1100,15.9,128.04,8834.85,128.04,8834.76
70,70 plex,"Vega (gtube, PCRfree)",no,,PCRfree,7.65,48.4,gtube,None,NA,0,56,No,56,0.09,PB,Vega,1100,15.7,127.84,8948.8,127.84,8948.8
71,71 plex,"Vega (gtube, PCRfree)",no,,PCRfree,7.65,48.4,gtube,None,NA,0,56,No,56,0.09,PB,Vega,1100,15.5,127.64,9062.35,127.64,9062.44
72,72 plex,"Vega (gtube, PCRfree)",no,,PCRfree,7.65,48.4,gtube,None,NA,0,56,No,56,0.09,PB,Vega,1100,15.3,127.44,9175.5,127.44,9175.68
73,73 plex,"Vega (gtube, PCRfree)",no,,PCRfree,7.65,48.4,gtube,None,NA,0,56,No,56,0.09,PB,Vega,1100,15.1,127.24,9288.25,127.24,9288.52
74,74 plex,"Vega (gtube, PCRfree)",no,,PCRfree,7.65,48.4,gtube,None,NA,0,56,No,56,0.09,PB,Vega,1100,14.9,127.04,9400.6,127.04,9400.96
75,75 plex,"Vega (gtube, PCRfree)",no,,PCRfree,7.65,48.4,gtube,None,NA,0,56,No,56,0.08,PB,Vega,1100,14.7,126.83,9512.55,126.83,9512.25
76,76 plex,"Vega (gtube, PCRfree)",no,,PCRfree,7.65,48.4,gtube,None,NA,0,56,No,56,0.08,PB,Vega,1100,14.5,126.63,9624.1,126.63,9623.88
77,77 plex,"Vega (gtube, PCRfree)",no,,PCRfree,7.65,48.4,gtube,None,NA,0,56,No,56,0.08,PB,Vega,1100,14.3,126.43,9735.25,126.43,9735.11
78,78 plex,"Vega (gtube, PCRfree)",no,,PCRfree,7.65,48.4,gtube,None,NA,0,56,No,56,0.08,PB,Vega,1100,14.1,126.23,9846,126.23,9845.94
79,79 plex,"Vega (gtube, PCRfree)",no,,PCRfree,7.65,48.4,gtube,None,NA,0,56,No,56,0.08,PB,Vega,1100,13.9,126.03,9956.35,126.03,9956.37
80,80 plex,"Vega (gtube, PCRfree)",no,,PCRfree,7.65,48.4,gtube,None,NA,0,56,No,56,0.08,PB,Vega,1100,13.8,125.93,10074.3,125.93,10074.4
81,81 plex,"Vega (gtube, PCRfree)",no,,PCRfree,7.65,48.4,gtube,None,NA,0,56,No,56,0.08,PB,Vega,1100,13.6,125.73,10183.95,125.73,10184.13
82,82 plex,"Vega (gtube, PCRfree)",no,,PCRfree,7.65,48.4,gtube,None,NA,0,56,No,56,0.08,PB,Vega,1100,13.4,125.53,10293.2,125.53,10293.46
83,83 plex,"Vega (gtube, PCRfree)",no,,PCRfree,7.65,48.4,gtube,None,NA,0,56,No,56,0.08,PB,Vega,1100,13.3,125.43,10410.35,125.43,10410.69
84,84 plex,"Vega (gtube, PCRfree)",no,,PCRfree,7.65,48.4,gtube,None,NA,0,56,No,56,0.08,PB,Vega,1100,13.1,125.23,10518.9,125.23,10519.32
85,85 plex,"Vega (gtube, PCRfree)",no,,PCRfree,7.65,48.4,gtube,None,NA,0,56,No,56,0.07,PB,Vega,1100,12.9,125.02,10627.05,125.02,10626.7
86,86 plex,"Vega (gtube, PCRfree)",no,,PCRfree,7.65,48.4,gtube,None,NA,0,56,No,56,0.07,PB,Vega,1100,12.8,124.92,10743.4,124.92,10743.12
87,87 plex,"Vega (gtube, PCRfree)",no,,PCRfree,7.65,48.4,gtube,None,NA,0,56,No,56,0.07,PB,Vega,1100,12.6,124.72,10850.85,124.72,10850.64
88,88 plex,"Vega (gtube, PCRfree)",no,,PCRfree,7.65,48.4,gtube,None,NA,0,56,No,56,0.07,PB,Vega,1100,12.5,124.62,10966.7,124.62,10966.56
89,89 plex,"Vega (gtube, PCRfree)",no,,PCRfree,7.65,48.4,gtube,None,NA,0,56,No,56,0.07,PB,Vega,1100,12.4,124.52,11082.35,124.52,11082.28
90,90 plex,"Vega (gtube, PCRfree)",no,,PCRfree,7.65,48.4,gtube,None,NA,0,56,No,56,0.07,PB,Vega,1100,12.2,124.32,11188.8,124.32,11188.8
91,91 plex,"Vega (gtube, PCRfree)",no,,PCRfree,7.65,48.4,gtube,None,NA,0,56,No,56,0.07,PB,Vega,1100,12.1,124.22,11303.95,124.22,11304.02
92,92 plex,"Vega (gtube, PCRfree)",no,,PCRfree,7.65,48.4,gtube,None,NA,0,56,No,56,0.07,PB,Vega,1100,12,124.12,11418.9,124.12,11419.04
93,93 plex,"Vega (gtube, PCRfree)",no,,PCRfree,7.65,48.4,gtube,None,NA,0,56,No,56,0.07,PB,Vega,1100,11.8,123.92,11524.35,123.92,11524.56
94,94 plex,"Vega (gtube, PCRfree)",no,,PCRfree,7.65,48.4,gtube,None,NA,0,56,No,56,0.07,PB,Vega,1100,11.7,123.82,11638.8,123.82,11639.08
95,95 plex,"Vega (gtube, PCRfree)",no,,PCRfree,7.65,48.4,gtube,None,NA,0,56,No,56,0.07,PB,Vega,1100,11.6,123.72,11753.05,123.72,11753.4
96,96 plex,"Vega (gtube, PCRfree)",no,,PCRfree,7.65,48.4,gtube,None,NA,0,56,No,56,0.07,PB,Vega,1100,11.5,123.62,11867.1,123.62,11867.52
1,1 plex,"Vega (MR3, PCRfree)",no,,PCRfree,7.65,25,MR3,None,NA,0,56,No,56,6.3,PB,Vega,1100,1100,1194.95,1194.95,1194.95,1194.95
2,2 plex,"Vega (MR3, PCRfree)",no,,PCRfree,7.65,25,MR3,None,NA,0,56,No,56,3.15,PB,Vega,1100,550,641.8,1283.6,641.8,1283.6
3,3 plex,"Vega (MR3, PCRfree)",no,,PCRfree,7.65,25,MR3,None,NA,0,56,No,56,2.1,PB,Vega,1100,366.7,457.45,1372.35,457.45,1372.35
4,4 plex,"Vega (MR3, PCRfree)",no,,PCRfree,7.65,25,MR3,None,NA,0,56,No,56,1.58,PB,Vega,1100,275,365.23,1460.9,365.23,1460.92
5,5 plex,"Vega (MR3, PCRfree)",no,,PCRfree,7.65,25,MR3,None,NA,0,56,No,56,1.26,PB,Vega,1100,220,309.91,1549.55,309.91,1549.55
6,6 plex,"Vega (MR3, PCRfree)",no,,PCRfree,7.65,25,MR3,None,NA,0,56,No,56,1.05,PB,Vega,1100,183.3,273,1638,273,1638
7,7 plex,"Vega (MR3, PCRfree)",no,,PCRfree,7.65,25,MR3,None,NA,0,56,No,56,0.9,PB,Vega,1100,157.1,246.65,1726.55,246.65,1726.55
8,8 plex,"Vega (MR3, PCRfree)",no,,PCRfree,7.65,25,MR3,None,NA,0,56,No,56,0.79,PB,Vega,1100,137.5,226.94,1815.5,226.94,1815.52
9,9 plex,"Vega (MR3, PCRfree)",no,,PCRfree,7.65,25,MR3,None,NA,0,56,No,56,0.7,PB,Vega,1100,122.2,211.55,1903.95,211.55,1903.95
10,10 plex,"Vega (MR3, PCRfree)",no,,PCRfree,7.65,25,MR3,None,NA,0,56,No,56,0.63,PB,Vega,1100,110,199.28,1992.8,199.28,1992.8
11,11 plex,"Vega (MR3, PCRfree)",no,,PCRfree,7.65,25,MR3,None,NA,0,56,No,56,0.57,PB,Vega,1100,100,189.22,2081.45,189.22,2081.42
12,12 plex,"Vega (MR3, PCRfree)",no,,PCRfree,7.65,25,MR3,None,NA,0,56,No,56,0.53,PB,Vega,1100,91.7,180.88,2170.5,180.88,2170.56
13,13 plex,"Vega (MR3, PCRfree)",no,,PCRfree,7.65,25,MR3,None,NA,0,56,No,56,0.48,PB,Vega,1100,84.6,173.73,2258.55,173.73,2258.49
14,14 plex,"Vega (MR3, PCRfree)",no,,PCRfree,7.65,25,MR3,None,NA,0,56,No,56,0.45,PB,Vega,1100,78.6,167.7,2347.8,167.7,2347.8
15,15 plex,"Vega (MR3, PCRfree)",no,,PCRfree,7.65,25,MR3,None,NA,0,56,No,56,0.42,PB,Vega,1100,73.3,162.37,2435.55,162.37,2435.55
16,16 plex,"Vega (MR3, PCRfree)",no,,PCRfree,7.65,25,MR3,None,NA,0,56,No,56,0.39,PB,Vega,1100,68.8,157.84,2525.5,157.84,2525.44
17,17 plex,"Vega (MR3, PCRfree)",no,,PCRfree,7.65,25,MR3,None,NA,0,56,No,56,0.37,PB,Vega,1100,64.7,153.72,2613.25,153.72,2613.24
18,18 plex,"Vega (MR3, PCRfree)",no,,PCRfree,7.65,25,MR3,None,NA,0,56,No,56,0.35,PB,Vega,1100,61.1,150.1,2701.8,150.1,2701.8
19,19 plex,"Vega (MR3, PCRfree)",no,,PCRfree,7.65,25,MR3,None,NA,0,56,No,56,0.33,PB,Vega,1100,57.9,146.88,2790.75,146.88,2790.72
20,20 plex,"Vega (MR3, PCRfree)",no,,PCRfree,7.65,25,MR3,None,NA,0,56,No,56,0.32,PB,Vega,1100,55,143.97,2879.3,143.97,2879.4
21,21 plex,"Vega (MR3, PCRfree)",no,,PCRfree,7.65,25,MR3,None,NA,0,56,No,56,0.3,PB,Vega,1100,52.4,141.35,2968.35,141.35,2968.35
22,22 plex,"Vega (MR3, PCRfree)",no,,PCRfree,7.65,25,MR3,None,NA,0,56,No,56,0.29,PB,Vega,1100,50,138.94,3056.6,138.94,3056.68
23,23 plex,"Vega (MR3, PCRfree)",no,,PCRfree,7.65,25,MR3,None,NA,0,56,No,56,0.27,PB,Vega,1100,47.8,136.72,3144.65,136.72,3144.56
24,24 plex,"Vega (MR3, PCRfree)",no,,PCRfree,7.65,25,MR3,None,NA,0,56,No,56,0.26,PB,Vega,1100,45.8,134.71,3233.1,134.71,3233.04
25,25 plex,"Vega (MR3, PCRfree)",no,,PCRfree,7.65,25,MR3,None,NA,0,56,No,56,0.25,PB,Vega,1100,44,132.9,3322.55,132.9,3322.5
26,26 plex,"Vega (MR3, PCRfree)",no,,PCRfree,7.65,25,MR3,None,NA,0,56,No,56,0.24,PB,Vega,1100,42.3,131.19,3411,131.19,3410.94
27,27 plex,"Vega (MR3, PCRfree)",no,,PCRfree,7.65,25,MR3,None,NA,0,56,No,56,0.23,PB,Vega,1100,40.7,129.58,3498.75,129.58,3498.66
28,28 plex,"Vega (MR3, PCRfree)",no,,PCRfree,7.65,25,MR3,None,NA,0,56,No,56,0.23,PB,Vega,1100,39.3,128.18,3588.9,128.18,3589.04
29,29 plex,"Vega (MR3, PCRfree)",no,,PCRfree,7.65,25,MR3,None,NA,0,56,No,56,0.22,PB,Vega,1100,37.9,126.77,3676.25,126.77,3676.33
30,30 plex,"Vega (MR3, PCRfree)",no,,PCRfree,7.65,25,MR3,None,NA,0,56,No,56,0.21,PB,Vega,1100,36.7,125.56,3766.8,125.56,3766.8
31,31 plex,"Vega (MR3, PCRfree)",no,,PCRfree,7.65,25,MR3,None,NA,0,56,No,56,0.2,PB,Vega,1100,35.5,124.35,3854.95,124.35,3854.85
32,32 plex,"Vega (MR3, PCRfree)",no,,PCRfree,7.65,25,MR3,None,NA,0,56,No,56,0.2,PB,Vega,1100,34.4,123.25,3943.9,123.25,3944
33,33 plex,"Vega (MR3, PCRfree)",no,,PCRfree,7.65,25,MR3,None,NA,0,56,No,56,0.19,PB,Vega,1100,33.3,122.14,4030.65,122.14,4030.62
34,34 plex,"Vega (MR3, PCRfree)",no,,PCRfree,7.65,25,MR3,None,NA,0,56,No,56,0.19,PB,Vega,1100,32.4,121.24,4122,121.24,4122.16
35,35 plex,"Vega (MR3, PCRfree)",no,,PCRfree,7.65,25,MR3,None,NA,0,56,No,56,0.18,PB,Vega,1100,31.4,120.23,4208.05,120.23,4208.05
36,36 plex,"Vega (MR3, PCRfree)",no,,PCRfree,7.65,25,MR3,None,NA,0,56,No,56,0.18,PB,Vega,1100,30.6,119.43,4299.3,119.43,4299.48
37,37 plex,"Vega (MR3, PCRfree)",no,,PCRfree,7.65,25,MR3,None,NA,0,56,No,56,0.17,PB,Vega,1100,29.7,118.52,4385.25,118.52,4385.24
38,38 plex,"Vega (MR3, PCRfree)",no,,PCRfree,7.65,25,MR3,None,NA,0,56,No,56,0.17,PB,Vega,1100,28.9,117.72,4473.2,117.72,4473.36
39,39 plex,"Vega (MR3, PCRfree)",no,,PCRfree,7.65,25,MR3,None,NA,0,56,No,56,0.16,PB,Vega,1100,28.2,117.01,4563.45,117.01,4563.39
40,40 plex,"Vega (MR3, PCRfree)",no,,PCRfree,7.65,25,MR3,None,NA,0,56,No,56,0.16,PB,Vega,1100,27.5,116.31,4652.3,116.31,4652.4
41,41 plex,"Vega (MR3, PCRfree)",no,,PCRfree,7.65,25,MR3,None,NA,0,56,No,56,0.15,PB,Vega,1100,26.8,115.6,4739.75,115.6,4739.6
42,42 plex,"Vega (MR3, PCRfree)",no,,PCRfree,7.65,25,MR3,None,NA,0,56,No,56,0.15,PB,Vega,1100,26.2,115,4830,115,4830
43,43 plex,"Vega (MR3, PCRfree)",no,,PCRfree,7.65,25,MR3,None,NA,0,56,No,56,0.15,PB,Vega,1100,25.6,114.4,4919.05,114.4,4919.2
44,44 plex,"Vega (MR3, PCRfree)",no,,PCRfree,7.65,25,MR3,None,NA,0,56,No,56,0.14,PB,Vega,1100,25,113.79,5006.9,113.79,5006.76
45,45 plex,"Vega (MR3, PCRfree)",no,,PCRfree,7.65,25,MR3,None,NA,0,56,No,56,0.14,PB,Vega,1100,24.4,113.19,5093.55,113.19,5093.55
46,46 plex,"Vega (MR3, PCRfree)",no,,PCRfree,7.65,25,MR3,None,NA,0,56,No,56,0.14,PB,Vega,1100,23.9,112.69,5183.6,112.69,5183.74
47,47 plex,"Vega (MR3, PCRfree)",no,,PCRfree,7.65,25,MR3,None,NA,0,56,No,56,0.13,PB,Vega,1100,23.4,112.18,5272.65,112.18,5272.46
48,48 plex,"Vega (MR3, PCRfree)",no,,PCRfree,7.65,25,MR3,None,NA,0,56,No,56,0.13,PB,Vega,1100,22.9,111.68,5360.7,111.68,5360.64
49,49 plex,"Vega (MR3, PCRfree)",no,,PCRfree,7.65,25,MR3,None,NA,0,56,No,56,0.13,PB,Vega,1100,22.4,111.18,5447.75,111.18,5447.82
50,50 plex,"Vega (MR3, PCRfree)",no,,PCRfree,7.65,25,MR3,None,NA,0,56,No,56,0.13,PB,Vega,1100,22,110.78,5538.8,110.78,5539
51,51 plex,"Vega (MR3, PCRfree)",no,,PCRfree,7.65,25,MR3,None,NA,0,56,No,56,0.12,PB,Vega,1100,21.6,110.37,5629.05,110.37,5628.87
52,52 plex,"Vega (MR3, PCRfree)",no,,PCRfree,7.65,25,MR3,None,NA,0,56,No,56,0.12,PB,Vega,1100,21.2,109.97,5718.5,109.97,5718.44
53,53 plex,"Vega (MR3, PCRfree)",no,,PCRfree,7.65,25,MR3,None,NA,0,56,No,56,0.12,PB,Vega,1100,20.8,109.57,5807.15,109.57,5807.21
54,54 plex,"Vega (MR3, PCRfree)",no,,PCRfree,7.65,25,MR3,None,NA,0,56,No,56,0.12,PB,Vega,1100,20.4,109.17,5895,109.17,5895.18
55,55 plex,"Vega (MR3, PCRfree)",no,,PCRfree,7.65,25,MR3,None,NA,0,56,No,56,0.11,PB,Vega,1100,20,108.76,5982.05,108.76,5981.8
56,56 plex,"Vega (MR3, PCRfree)",no,,PCRfree,7.65,25,MR3,None,NA,0,56,No,56,0.11,PB,Vega,1100,19.6,108.36,6068.3,108.36,6068.16
57,57 plex,"Vega (MR3, PCRfree)",no,,PCRfree,7.65,25,MR3,None,NA,0,56,No,56,0.11,PB,Vega,1100,19.3,108.06,6159.45,108.06,6159.42
58,58 plex,"Vega (MR3, PCRfree)",no,,PCRfree,7.65,25,MR3,None,NA,0,56,No,56,0.11,PB,Vega,1100,19,107.76,6250,107.76,6250.08
59,59 plex,"Vega (MR3, PCRfree)",no,,PCRfree,7.65,25,MR3,None,NA,0,56,No,56,0.11,PB,Vega,1100,18.6,107.36,6334.05,107.36,6334.24
60,60 plex,"Vega (MR3, PCRfree)",no,,PCRfree,7.65,25,MR3,None,NA,0,56,No,56,0.11,PB,Vega,1100,18.3,107.06,6423.3,107.06,6423.6
61,61 plex,"Vega (MR3, PCRfree)",no,,PCRfree,7.65,25,MR3,None,NA,0,56,No,56,0.1,PB,Vega,1100,18,106.75,6511.95,106.75,6511.75
62,62 plex,"Vega (MR3, PCRfree)",no,,PCRfree,7.65,25,MR3,None,NA,0,56,No,56,0.1,PB,Vega,1100,17.7,106.45,6600,106.45,6599.9
63,63 plex,"Vega (MR3, PCRfree)",no,,PCRfree,7.65,25,MR3,None,NA,0,56,No,56,0.1,PB,Vega,1100,17.5,106.25,6693.75,106.25,6693.75
64,64 plex,"Vega (MR3, PCRfree)",no,,PCRfree,7.65,25,MR3,None,NA,0,56,No,56,0.1,PB,Vega,1100,17.2,105.95,6780.7,105.95,6780.8
65,65 plex,"Vega (MR3, PCRfree)",no,,PCRfree,7.65,25,MR3,None,NA,0,56,No,56,0.1,PB,Vega,1100,16.9,105.65,6867.05,105.65,6867.25
66,66 plex,"Vega (MR3, PCRfree)",no,,PCRfree,7.65,25,MR3,None,NA,0,56,No,56,0.1,PB,Vega,1100,16.7,105.45,6959.4,105.45,6959.7
67,67 plex,"Vega (MR3, PCRfree)",no,,PCRfree,7.65,25,MR3,None,NA,0,56,No,56,0.09,PB,Vega,1100,16.4,105.14,7044.65,105.14,7044.38
68,68 plex,"Vega (MR3, PCRfree)",no,,PCRfree,7.65,25,MR3,None,NA,0,56,No,56,0.09,PB,Vega,1100,16.2,104.94,7136.1,104.94,7135.92
69,69 plex,"Vega (MR3, PCRfree)",no,,PCRfree,7.65,25,MR3,None,NA,0,56,No,56,0.09,PB,Vega,1100,15.9,104.64,7220.25,104.64,7220.16
70,70 plex,"Vega (MR3, PCRfree)",no,,PCRfree,7.65,25,MR3,None,NA,0,56,No,56,0.09,PB,Vega,1100,15.7,104.44,7310.8,104.44,7310.8
71,71 plex,"Vega (MR3, PCRfree)",no,,PCRfree,7.65,25,MR3,None,NA,0,56,No,56,0.09,PB,Vega,1100,15.5,104.24,7400.95,104.24,7401.04
72,72 plex,"Vega (MR3, PCRfree)",no,,PCRfree,7.65,25,MR3,None,NA,0,56,No,56,0.09,PB,Vega,1100,15.3,104.04,7490.7,104.04,7490.88
73,73 plex,"Vega (MR3, PCRfree)",no,,PCRfree,7.65,25,MR3,None,NA,0,56,No,56,0.09,PB,Vega,1100,15.1,103.84,7580.05,103.84,7580.32
74,74 plex,"Vega (MR3, PCRfree)",no,,PCRfree,7.65,25,MR3,None,NA,0,56,No,56,0.09,PB,Vega,1100,14.9,103.64,7669,103.64,7669.36
75,75 plex,"Vega (MR3, PCRfree)",no,,PCRfree,7.65,25,MR3,None,NA,0,56,No,56,0.08,PB,Vega,1100,14.7,103.43,7757.55,103.43,7757.25
76,76 plex,"Vega (MR3, PCRfree)",no,,PCRfree,7.65,25,MR3,None,NA,0,56,No,56,0.08,PB,Vega,1100,14.5,103.23,7845.7,103.23,7845.48
77,77 plex,"Vega (MR3, PCRfree)",no,,PCRfree,7.65,25,MR3,None,NA,0,56,No,56,0.08,PB,Vega,1100,14.3,103.03,7933.45,103.03,7933.31
78,78 plex,"Vega (MR3, PCRfree)",no,,PCRfree,7.65,25,MR3,None,NA,0,56,No,56,0.08,PB,Vega,1100,14.1,102.83,8020.8,102.83,8020.74
79,79 plex,"Vega (MR3, PCRfree)",no,,PCRfree,7.65,25,MR3,None,NA,0,56,No,56,0.08,PB,Vega,1100,13.9,102.63,8107.75,102.63,8107.77
80,80 plex,"Vega (MR3, PCRfree)",no,,PCRfree,7.65,25,MR3,None,NA,0,56,No,56,0.08,PB,Vega,1100,13.8,102.53,8202.3,102.53,8202.4
81,81 plex,"Vega (MR3, PCRfree)",no,,PCRfree,7.65,25,MR3,None,NA,0,56,No,56,0.08,PB,Vega,1100,13.6,102.33,8288.55,102.33,8288.73
82,82 plex,"Vega (MR3, PCRfree)",no,,PCRfree,7.65,25,MR3,None,NA,0,56,No,56,0.08,PB,Vega,1100,13.4,102.13,8374.4,102.13,8374.66
83,83 plex,"Vega (MR3, PCRfree)",no,,PCRfree,7.65,25,MR3,None,NA,0,56,No,56,0.08,PB,Vega,1100,13.3,102.03,8468.15,102.03,8468.49
84,84 plex,"Vega (MR3, PCRfree)",no,,PCRfree,7.65,25,MR3,None,NA,0,56,No,56,0.08,PB,Vega,1100,13.1,101.83,8553.3,101.83,8553.72
85,85 plex,"Vega (MR3, PCRfree)",no,,PCRfree,7.65,25,MR3,None,NA,0,56,No,56,0.07,PB,Vega,1100,12.9,101.62,8638.05,101.62,8637.7
86,86 plex,"Vega (MR3, PCRfree)",no,,PCRfree,7.65,25,MR3,None,NA,0,56,No,56,0.07,PB,Vega,1100,12.8,101.52,8731,101.52,8730.72
87,87 plex,"Vega (MR3, PCRfree)",no,,PCRfree,7.65,25,MR3,None,NA,0,56,No,56,0.07,PB,Vega,1100,12.6,101.32,8815.05,101.32,8814.84
88,88 plex,"Vega (MR3, PCRfree)",no,,PCRfree,7.65,25,MR3,None,NA,0,56,No,56,0.07,PB,Vega,1100,12.5,101.22,8907.5,101.22,8907.36
89,89 plex,"Vega (MR3, PCRfree)",no,,PCRfree,7.65,25,MR3,None,NA,0,56,No,56,0.07,PB,Vega,1100,12.4,101.12,8999.75,101.12,8999.68
90,90 plex,"Vega (MR3, PCRfree)",no,,PCRfree,7.65,25,MR3,None,NA,0,56,No,56,0.07,PB,Vega,1100,12.2,100.92,9082.8,100.92,9082.8
91,91 plex,"Vega (MR3, PCRfree)",no,,PCRfree,7.65,25,MR3,None,NA,0,56,No,56,0.07,PB,Vega,1100,12.1,100.82,9174.55,100.82,9174.62
92,92 plex,"Vega (MR3, PCRfree)",no,,PCRfree,7.65,25,MR3,None,NA,0,56,No,56,0.07,PB,Vega,1100,12,100.72,9266.1,100.72,9266.24
93,93 plex,"Vega (MR3, PCRfree)",no,,PCRfree,7.65,25,MR3,None,NA,0,56,No,56,0.07,PB,Vega,1100,11.8,100.52,9348.15,100.52,9348.36
94,94 plex,"Vega (MR3, PCRfree)",no,,PCRfree,7.65,25,MR3,None,NA,0,56,No,56,0.07,PB,Vega,1100,11.7,100.42,9439.2,100.42,9439.48
95,95 plex,"Vega (MR3, PCRfree)",no,,PCRfree,7.65,25,MR3,None,NA,0,56,No,56,0.07,PB,Vega,1100,11.6,100.32,9530.05,100.32,9530.4
96,96 plex,"Vega (MR3, PCRfree)",no,,PCRfree,7.65,25,MR3,None,NA,0,56,No,56,0.07,PB,Vega,1100,11.5,100.22,9620.7,100.22,9621.12
1,1 plex,"Vega (pipet, PCRfree)",no,,PCRfree,7.65,0,pipet mix,None,NA,0,56,No,56,6.3,PB,Vega,1100,1100,1169.95,1169.95,1169.95,1169.95
2,2 plex,"Vega (pipet, PCRfree)",no,,PCRfree,7.65,0,pipet mix,None,NA,0,56,No,56,3.15,PB,Vega,1100,550,616.8,1233.6,616.8,1233.6
3,3 plex,"Vega (pipet, PCRfree)",no,,PCRfree,7.65,0,pipet mix,None,NA,0,56,No,56,2.1,PB,Vega,1100,366.7,432.45,1297.35,432.45,1297.35
4,4 plex,"Vega (pipet, PCRfree)",no,,PCRfree,7.65,0,pipet mix,None,NA,0,56,No,56,1.58,PB,Vega,1100,275,340.23,1360.9,340.23,1360.92
5,5 plex,"Vega (pipet, PCRfree)",no,,PCRfree,7.65,0,pipet mix,None,NA,0,56,No,56,1.26,PB,Vega,1100,220,284.91,1424.55,284.91,1424.55
6,6 plex,"Vega (pipet, PCRfree)",no,,PCRfree,7.65,0,pipet mix,None,NA,0,56,No,56,1.05,PB,Vega,1100,183.3,248,1488,248,1488
7,7 plex,"Vega (pipet, PCRfree)",no,,PCRfree,7.65,0,pipet mix,None,NA,0,56,No,56,0.9,PB,Vega,1100,157.1,221.65,1551.55,221.65,1551.55
8,8 plex,"Vega (pipet, PCRfree)",no,,PCRfree,7.65,0,pipet mix,None,NA,0,56,No,56,0.79,PB,Vega,1100,137.5,201.94,1615.5,201.94,1615.52
9,9 plex,"Vega (pipet, PCRfree)",no,,PCRfree,7.65,0,pipet mix,None,NA,0,56,No,56,0.7,PB,Vega,1100,122.2,186.55,1678.95,186.55,1678.95
10,10 plex,"Vega (pipet, PCRfree)",no,,PCRfree,7.65,0,pipet mix,None,NA,0,56,No,56,0.63,PB,Vega,1100,110,174.28,1742.8,174.28,1742.8
11,11 plex,"Vega (pipet, PCRfree)",no,,PCRfree,7.65,0,pipet mix,None,NA,0,56,No,56,0.57,PB,Vega,1100,100,164.22,1806.45,164.22,1806.42
12,12 plex,"Vega (pipet, PCRfree)",no,,PCRfree,7.65,0,pipet mix,None,NA,0,56,No,56,0.53,PB,Vega,1100,91.7,155.88,1870.5,155.88,1870.56
13,13 plex,"Vega (pipet, PCRfree)",no,,PCRfree,7.65,0,pipet mix,None,NA,0,56,No,56,0.48,PB,Vega,1100,84.6,148.73,1933.55,148.73,1933.49
14,14 plex,"Vega (pipet, PCRfree)",no,,PCRfree,7.65,0,pipet mix,None,NA,0,56,No,56,0.45,PB,Vega,1100,78.6,142.7,1997.8,142.7,1997.8
15,15 plex,"Vega (pipet, PCRfree)",no,,PCRfree,7.65,0,pipet mix,None,NA,0,56,No,56,0.42,PB,Vega,1100,73.3,137.37,2060.55,137.37,2060.55
16,16 plex,"Vega (pipet, PCRfree)",no,,PCRfree,7.65,0,pipet mix,None,NA,0,56,No,56,0.39,PB,Vega,1100,68.8,132.84,2125.5,132.84,2125.44
17,17 plex,"Vega (pipet, PCRfree)",no,,PCRfree,7.65,0,pipet mix,None,NA,0,56,No,56,0.37,PB,Vega,1100,64.7,128.72,2188.25,128.72,2188.24
18,18 plex,"Vega (pipet, PCRfree)",no,,PCRfree,7.65,0,pipet mix,None,NA,0,56,No,56,0.35,PB,Vega,1100,61.1,125.1,2251.8,125.1,2251.8
19,19 plex,"Vega (pipet, PCRfree)",no,,PCRfree,7.65,0,pipet mix,None,NA,0,56,No,56,0.33,PB,Vega,1100,57.9,121.88,2315.75,121.88,2315.72
20,20 plex,"Vega (pipet, PCRfree)",no,,PCRfree,7.65,0,pipet mix,None,NA,0,56,No,56,0.32,PB,Vega,1100,55,118.97,2379.3,118.97,2379.4
21,21 plex,"Vega (pipet, PCRfree)",no,,PCRfree,7.65,0,pipet mix,None,NA,0,56,No,56,0.3,PB,Vega,1100,52.4,116.35,2443.35,116.35,2443.35
22,22 plex,"Vega (pipet, PCRfree)",no,,PCRfree,7.65,0,pipet mix,None,NA,0,56,No,56,0.29,PB,Vega,1100,50,113.94,2506.6,113.94,2506.68
23,23 plex,"Vega (pipet, PCRfree)",no,,PCRfree,7.65,0,pipet mix,None,NA,0,56,No,56,0.27,PB,Vega,1100,47.8,111.72,2569.65,111.72,2569.56
24,24 plex,"Vega (pipet, PCRfree)",no,,PCRfree,7.65,0,pipet mix,None,NA,0,56,No,56,0.26,PB,Vega,1100,45.8,109.71,2633.1,109.71,2633.04
25,25 plex,"Vega (pipet, PCRfree)",no,,PCRfree,7.65,0,pipet mix,None,NA,0,56,No,56,0.25,PB,Vega,1100,44,107.9,2697.55,107.9,2697.5
26,26 plex,"Vega (pipet, PCRfree)",no,,PCRfree,7.65,0,pipet mix,None,NA,0,56,No,56,0.24,PB,Vega,1100,42.3,106.19,2761,106.19,2760.94
27,27 plex,"Vega (pipet, PCRfree)",no,,PCRfree,7.65,0,pipet mix,None,NA,0,56,No,56,0.23,PB,Vega,1100,40.7,104.58,2823.75,104.58,2823.66
28,28 plex,"Vega (pipet, PCRfree)",no,,PCRfree,7.65,0,pipet mix,None,NA,0,56,No,56,0.23,PB,Vega,1100,39.3,103.18,2888.9,103.18,2889.04
29,29 plex,"Vega (pipet, PCRfree)",no,,PCRfree,7.65,0,pipet mix,None,NA,0,56,No,56,0.22,PB,Vega,1100,37.9,101.77,2951.25,101.77,2951.33
30,30 plex,"Vega (pipet, PCRfree)",no,,PCRfree,7.65,0,pipet mix,None,NA,0,56,No,56,0.21,PB,Vega,1100,36.7,100.56,3016.8,100.56,3016.8
31,31 plex,"Vega (pipet, PCRfree)",no,,PCRfree,7.65,0,pipet mix,None,NA,0,56,No,56,0.2,PB,Vega,1100,35.5,99.35,3079.95,99.35,3079.85
32,32 plex,"Vega (pipet, PCRfree)",no,,PCRfree,7.65,0,pipet mix,None,NA,0,56,No,56,0.2,PB,Vega,1100,34.4,98.25,3143.9,98.25,3144
33,33 plex,"Vega (pipet, PCRfree)",no,,PCRfree,7.65,0,pipet mix,None,NA,0,56,No,56,0.19,PB,Vega,1100,33.3,97.14,3205.65,97.14,3205.62
34,34 plex,"Vega (pipet, PCRfree)",no,,PCRfree,7.65,0,pipet mix,None,NA,0,56,No,56,0.19,PB,Vega,1100,32.4,96.24,3272,96.24,3272.16
35,35 plex,"Vega (pipet, PCRfree)",no,,PCRfree,7.65,0,pipet mix,None,NA,0,56,No,56,0.18,PB,Vega,1100,31.4,95.23,3333.05,95.23,3333.05
36,36 plex,"Vega (pipet, PCRfree)",no,,PCRfree,7.65,0,pipet mix,None,NA,0,56,No,56,0.18,PB,Vega,1100,30.6,94.43,3399.3,94.43,3399.48
37,37 plex,"Vega (pipet, PCRfree)",no,,PCRfree,7.65,0,pipet mix,None,NA,0,56,No,56,0.17,PB,Vega,1100,29.7,93.52,3460.25,93.52,3460.24
38,38 plex,"Vega (pipet, PCRfree)",no,,PCRfree,7.65,0,pipet mix,None,NA,0,56,No,56,0.17,PB,Vega,1100,28.9,92.72,3523.2,92.72,3523.36
39,39 plex,"Vega (pipet, PCRfree)",no,,PCRfree,7.65,0,pipet mix,None,NA,0,56,No,56,0.16,PB,Vega,1100,28.2,92.01,3588.45,92.01,3588.39
40,40 plex,"Vega (pipet, PCRfree)",no,,PCRfree,7.65,0,pipet mix,None,NA,0,56,No,56,0.16,PB,Vega,1100,27.5,91.31,3652.3,91.31,3652.4
41,41 plex,"Vega (pipet, PCRfree)",no,,PCRfree,7.65,0,pipet mix,None,NA,0,56,No,56,0.15,PB,Vega,1100,26.8,90.6,3714.75,90.6,3714.6
42,42 plex,"Vega (pipet, PCRfree)",no,,PCRfree,7.65,0,pipet mix,None,NA,0,56,No,56,0.15,PB,Vega,1100,26.2,90,3780,90,3780
43,43 plex,"Vega (pipet, PCRfree)",no,,PCRfree,7.65,0,pipet mix,None,NA,0,56,No,56,0.15,PB,Vega,1100,25.6,89.4,3844.05,89.4,3844.2
44,44 plex,"Vega (pipet, PCRfree)",no,,PCRfree,7.65,0,pipet mix,None,NA,0,56,No,56,0.14,PB,Vega,1100,25,88.79,3906.9,88.79,3906.76
45,45 plex,"Vega (pipet, PCRfree)",no,,PCRfree,7.65,0,pipet mix,None,NA,0,56,No,56,0.14,PB,Vega,1100,24.4,88.19,3968.55,88.19,3968.55
46,46 plex,"Vega (pipet, PCRfree)",no,,PCRfree,7.65,0,pipet mix,None,NA,0,56,No,56,0.14,PB,Vega,1100,23.9,87.69,4033.6,87.69,4033.74
47,47 plex,"Vega (pipet, PCRfree)",no,,PCRfree,7.65,0,pipet mix,None,NA,0,56,No,56,0.13,PB,Vega,1100,23.4,87.18,4097.65,87.18,4097.46
48,48 plex,"Vega (pipet, PCRfree)",no,,PCRfree,7.65,0,pipet mix,None,NA,0,56,No,56,0.13,PB,Vega,1100,22.9,86.68,4160.7,86.68,4160.64
49,49 plex,"Vega (pipet, PCRfree)",no,,PCRfree,7.65,0,pipet mix,None,NA,0,56,No,56,0.13,PB,Vega,1100,22.4,86.18,4222.75,86.18,4222.82
50,50 plex,"Vega (pipet, PCRfree)",no,,PCRfree,7.65,0,pipet mix,None,NA,0,56,No,56,0.13,PB,Vega,1100,22,85.78,4288.8,85.78,4289
51,51 plex,"Vega (pipet, PCRfree)",no,,PCRfree,7.65,0,pipet mix,None,NA,0,56,No,56,0.12,PB,Vega,1100,21.6,85.37,4354.05,85.37,4353.87
52,52 plex,"Vega (pipet, PCRfree)",no,,PCRfree,7.65,0,pipet mix,None,NA,0,56,No,56,0.12,PB,Vega,1100,21.2,84.97,4418.5,84.97,4418.44
53,53 plex,"Vega (pipet, PCRfree)",no,,PCRfree,7.65,0,pipet mix,None,NA,0,56,No,56,0.12,PB,Vega,1100,20.8,84.57,4482.15,84.57,4482.21
54,54 plex,"Vega (pipet, PCRfree)",no,,PCRfree,7.65,0,pipet mix,None,NA,0,56,No,56,0.12,PB,Vega,1100,20.4,84.17,4545,84.17,4545.18
55,55 plex,"Vega (pipet, PCRfree)",no,,PCRfree,7.65,0,pipet mix,None,NA,0,56,No,56,0.11,PB,Vega,1100,20,83.76,4607.05,83.76,4606.8
56,56 plex,"Vega (pipet, PCRfree)",no,,PCRfree,7.65,0,pipet mix,None,NA,0,56,No,56,0.11,PB,Vega,1100,19.6,83.36,4668.3,83.36,4668.16
57,57 plex,"Vega (pipet, PCRfree)",no,,PCRfree,7.65,0,pipet mix,None,NA,0,56,No,56,0.11,PB,Vega,1100,19.3,83.06,4734.45,83.06,4734.42
58,58 plex,"Vega (pipet, PCRfree)",no,,PCRfree,7.65,0,pipet mix,None,NA,0,56,No,56,0.11,PB,Vega,1100,19,82.76,4800,82.76,4800.08
59,59 plex,"Vega (pipet, PCRfree)",no,,PCRfree,7.65,0,pipet mix,None,NA,0,56,No,56,0.11,PB,Vega,1100,18.6,82.36,4859.05,82.36,4859.24
60,60 plex,"Vega (pipet, PCRfree)",no,,PCRfree,7.65,0,pipet mix,None,NA,0,56,No,56,0.11,PB,Vega,1100,18.3,82.06,4923.3,82.06,4923.6
61,61 plex,"Vega (pipet, PCRfree)",no,,PCRfree,7.65,0,pipet mix,None,NA,0,56,No,56,0.1,PB,Vega,1100,18,81.75,4986.95,81.75,4986.75
62,62 plex,"Vega (pipet, PCRfree)",no,,PCRfree,7.65,0,pipet mix,None,NA,0,56,No,56,0.1,PB,Vega,1100,17.7,81.45,5050,81.45,5049.9
63,63 plex,"Vega (pipet, PCRfree)",no,,PCRfree,7.65,0,pipet mix,None,NA,0,56,No,56,0.1,PB,Vega,1100,17.5,81.25,5118.75,81.25,5118.75
64,64 plex,"Vega (pipet, PCRfree)",no,,PCRfree,7.65,0,pipet mix,None,NA,0,56,No,56,0.1,PB,Vega,1100,17.2,80.95,5180.7,80.95,5180.8
65,65 plex,"Vega (pipet, PCRfree)",no,,PCRfree,7.65,0,pipet mix,None,NA,0,56,No,56,0.1,PB,Vega,1100,16.9,80.65,5242.05,80.65,5242.25
66,66 plex,"Vega (pipet, PCRfree)",no,,PCRfree,7.65,0,pipet mix,None,NA,0,56,No,56,0.1,PB,Vega,1100,16.7,80.45,5309.4,80.45,5309.7
67,67 plex,"Vega (pipet, PCRfree)",no,,PCRfree,7.65,0,pipet mix,None,NA,0,56,No,56,0.09,PB,Vega,1100,16.4,80.14,5369.65,80.14,5369.38
68,68 plex,"Vega (pipet, PCRfree)",no,,PCRfree,7.65,0,pipet mix,None,NA,0,56,No,56,0.09,PB,Vega,1100,16.2,79.94,5436.1,79.94,5435.92
69,69 plex,"Vega (pipet, PCRfree)",no,,PCRfree,7.65,0,pipet mix,None,NA,0,56,No,56,0.09,PB,Vega,1100,15.9,79.64,5495.25,79.64,5495.16
70,70 plex,"Vega (pipet, PCRfree)",no,,PCRfree,7.65,0,pipet mix,None,NA,0,56,No,56,0.09,PB,Vega,1100,15.7,79.44,5560.8,79.44,5560.8
71,71 plex,"Vega (pipet, PCRfree)",no,,PCRfree,7.65,0,pipet mix,None,NA,0,56,No,56,0.09,PB,Vega,1100,15.5,79.24,5625.95,79.24,5626.04
72,72 plex,"Vega (pipet, PCRfree)",no,,PCRfree,7.65,0,pipet mix,None,NA,0,56,No,56,0.09,PB,Vega,1100,15.3,79.04,5690.7,79.04,5690.88
73,73 plex,"Vega (pipet, PCRfree)",no,,PCRfree,7.65,0,pipet mix,None,NA,0,56,No,56,0.09,PB,Vega,1100,15.1,78.84,5755.05,78.84,5755.32
74,74 plex,"Vega (pipet, PCRfree)",no,,PCRfree,7.65,0,pipet mix,None,NA,0,56,No,56,0.09,PB,Vega,1100,14.9,78.64,5819,78.64,5819.36
75,75 plex,"Vega (pipet, PCRfree)",no,,PCRfree,7.65,0,pipet mix,None,NA,0,56,No,56,0.08,PB,Vega,1100,14.7,78.43,5882.55,78.43,5882.25
76,76 plex,"Vega (pipet, PCRfree)",no,,PCRfree,7.65,0,pipet mix,None,NA,0,56,No,56,0.08,PB,Vega,1100,14.5,78.23,5945.7,78.23,5945.48
77,77 plex,"Vega (pipet, PCRfree)",no,,PCRfree,7.65,0,pipet mix,None,NA,0,56,No,56,0.08,PB,Vega,1100,14.3,78.03,6008.45,78.03,6008.31
78,78 plex,"Vega (pipet, PCRfree)",no,,PCRfree,7.65,0,pipet mix,None,NA,0,56,No,56,0.08,PB,Vega,1100,14.1,77.83,6070.8,77.83,6070.74
79,79 plex,"Vega (pipet, PCRfree)",no,,PCRfree,7.65,0,pipet mix,None,NA,0,56,No,56,0.08,PB,Vega,1100,13.9,77.63,6132.75,77.63,6132.77
80,80 plex,"Vega (pipet, PCRfree)",no,,PCRfree,7.65,0,pipet mix,None,NA,0,56,No,56,0.08,PB,Vega,1100,13.8,77.53,6202.3,77.53,6202.4
81,81 plex,"Vega (pipet, PCRfree)",no,,PCRfree,7.65,0,pipet mix,None,NA,0,56,No,56,0.08,PB,Vega,1100,13.6,77.33,6263.55,77.33,6263.73
82,82 plex,"Vega (pipet, PCRfree)",no,,PCRfree,7.65,0,pipet mix,None,NA,0,56,No,56,0.08,PB,Vega,1100,13.4,77.13,6324.4,77.13,6324.66
83,83 plex,"Vega (pipet, PCRfree)",no,,PCRfree,7.65,0,pipet mix,None,NA,0,56,No,56,0.08,PB,Vega,1100,13.3,77.03,6393.15,77.03,6393.49
84,84 plex,"Vega (pipet, PCRfree)",no,,PCRfree,7.65,0,pipet mix,None,NA,0,56,No,56,0.08,PB,Vega,1100,13.1,76.83,6453.3,76.83,6453.72
85,85 plex,"Vega (pipet, PCRfree)",no,,PCRfree,7.65,0,pipet mix,None,NA,0,56,No,56,0.07,PB,Vega,1100,12.9,76.62,6513.05,76.62,6512.7
86,86 plex,"Vega (pipet, PCRfree)",no,,PCRfree,7.65,0,pipet mix,None,NA,0,56,No,56,0.07,PB,Vega,1100,12.8,76.52,6581,76.52,6580.72
87,87 plex,"Vega (pipet, PCRfree)",no,,PCRfree,7.65,0,pipet mix,None,NA,0,56,No,56,0.07,PB,Vega,1100,12.6,76.32,6640.05,76.32,6639.84
88,88 plex,"Vega (pipet, PCRfree)",no,,PCRfree,7.65,0,pipet mix,None,NA,0,56,No,56,0.07,PB,Vega,1100,12.5,76.22,6707.5,76.22,6707.36
89,89 plex,"Vega (pipet, PCRfree)",no,,PCRfree,7.65,0,pipet mix,None,NA,0,56,No,56,0.07,PB,Vega,1100,12.4,76.12,6774.75,76.12,6774.68
90,90 plex,"Vega (pipet, PCRfree)",no,,PCRfree,7.65,0,pipet mix,None,NA,0,56,No,56,0.07,PB,Vega,1100,12.2,75.92,6832.8,75.92,6832.8
91,91 plex,"Vega (pipet, PCRfree)",no,,PCRfree,7.65,0,pipet mix,None,NA,0,56,No,56,0.07,PB,Vega,1100,12.1,75.82,6899.55,75.82,6899.62
92,92 plex,"Vega (pipet, PCRfree)",no,,PCRfree,7.65,0,pipet mix,None,NA,0,56,No,56,0.07,PB,Vega,1100,12,75.72,6966.1,75.72,6966.24
93,93 plex,"Vega (pipet, PCRfree)",no,,PCRfree,7.65,0,pipet mix,None,NA,0,56,No,56,0.07,PB,Vega,1100,11.8,75.52,7023.15,75.52,7023.36
94,94 plex,"Vega (pipet, PCRfree)",no,,PCRfree,7.65,0,pipet mix,None,NA,0,56,No,56,0.07,PB,Vega,1100,11.7,75.42,7089.2,75.42,7089.48
95,95 plex,"Vega (pipet, PCRfree)",no,,PCRfree,7.65,0,pipet mix,None,NA,0,56,No,56,0.07,PB,Vega,1100,11.6,75.32,7155.05,75.32,7155.4
96,96 plex,"Vega (pipet, PCRfree)",no,,PCRfree,7.65,0,pipet mix,None,NA,0,56,No,56,0.07,PB,Vega,1100,11.5,75.22,7220.7,75.22,7221.12
1,1 plex,"Vega (pipet, Ampli-Fi PCR)",no,,PCRfree,7.65,0,pipet mix,Takara or Decodifi,100,3.4,56,No,56,0,PB,Revio SPRQ,995,1100,1064.95,1064.95,1167.05,1167.05
2,2 plex,"Vega (pipet, Ampli-Fi PCR)",no,,PCRfree,7.65,0,pipet mix,Takara or Decodifi,100,3.4,56,No,56,0,PB,Revio SPRQ,995,550,564.3,1128.6,617.05,1234.1
3,3 plex,"Vega (pipet, Ampli-Fi PCR)",no,,PCRfree,7.65,0,pipet mix,Takara or Decodifi,100,3.4,56,No,56,0,PB,Revio SPRQ,995,366.7,397.45,1192.35,433.75,1301.25
4,4 plex,"Vega (pipet, Ampli-Fi PCR)",no,,PCRfree,7.65,0,pipet mix,Takara or Decodifi,100,3.4,56,No,56,0,PB,Revio SPRQ,995,275,314.03,1256.1,342.05,1368.2
5,5 plex,"Vega (pipet, Ampli-Fi PCR)",no,,PCRfree,7.65,0,pipet mix,Takara or Decodifi,100,3.4,56,No,56,0,PB,Revio SPRQ,995,220,263.91,1319.55,287.05,1435.25
6,6 plex,"Vega (pipet, Ampli-Fi PCR)",no,,PCRfree,7.65,0,pipet mix,Takara or Decodifi,100,3.4,56,No,56,0,PB,Revio SPRQ,995,183.3,230.5,1383,250.35,1502.1
7,7 plex,"Vega (pipet, Ampli-Fi PCR)",no,,PCRfree,7.65,0,pipet mix,Takara or Decodifi,100,3.4,56,No,56,0,PB,Revio SPRQ,995,157.1,206.65,1446.55,224.15,1569.05
8,8 plex,"Vega (pipet, Ampli-Fi PCR)",no,,PCRfree,7.65,0,pipet mix,Takara or Decodifi,100,3.4,56,No,56,0,PB,Revio SPRQ,995,137.5,188.84,1510.7,204.55,1636.4
9,9 plex,"Vega (pipet, Ampli-Fi PCR)",no,,PCRfree,7.65,0,pipet mix,Takara or Decodifi,100,3.4,56,No,56,0,PB,Revio SPRQ,995,122.2,174.95,1574.55,189.25,1703.25
10,10 plex,"Vega (pipet, Ampli-Fi PCR)",no,,PCRfree,7.65,0,pipet mix,Takara or Decodifi,100,3.4,56,No,56,0,PB,Revio SPRQ,995,110,163.78,1637.8,177.05,1770.5
11,11 plex,"Vega (pipet, Ampli-Fi PCR)",no,,PCRfree,7.65,0,pipet mix,Takara or Decodifi,100,3.4,56,No,56,0,PB,Revio SPRQ,995,100,154.72,1701.95,167.05,1837.55
12,12 plex,"Vega (pipet, Ampli-Fi PCR)",no,,PCRfree,7.65,0,pipet mix,Takara or Decodifi,100,3.4,56,No,56,0,PB,Revio SPRQ,995,91.7,147.08,1764.9,158.75,1905
13,13 plex,"Vega (pipet, Ampli-Fi PCR)",no,,PCRfree,7.65,0,pipet mix,Takara or Decodifi,100,3.4,56,No,56,0,PB,Revio SPRQ,995,84.6,140.63,1828.25,151.65,1971.45
14,14 plex,"Vega (pipet, Ampli-Fi PCR)",no,,PCRfree,7.65,0,pipet mix,Takara or Decodifi,100,3.4,56,No,56,0,PB,Revio SPRQ,995,78.6,135.2,1892.8,145.65,2039.1
15,15 plex,"Vega (pipet, Ampli-Fi PCR)",no,,PCRfree,7.65,0,pipet mix,Takara or Decodifi,100,3.4,56,No,56,0,PB,Revio SPRQ,995,73.3,130.37,1955.55,140.35,2105.25
16,16 plex,"Vega (pipet, Ampli-Fi PCR)",no,,PCRfree,7.65,0,pipet mix,Takara or Decodifi,100,3.4,56,No,56,0,PB,Revio SPRQ,995,68.8,126.24,2019.9,135.85,2173.6
17,17 plex,"Vega (pipet, Ampli-Fi PCR)",no,,PCRfree,7.65,0,pipet mix,Takara or Decodifi,100,3.4,56,No,56,0,PB,Revio SPRQ,995,64.7,122.52,2082.85,131.75,2239.75
18,18 plex,"Vega (pipet, Ampli-Fi PCR)",no,,PCRfree,7.65,0,pipet mix,Takara or Decodifi,100,3.4,56,No,56,0,PB,Revio SPRQ,995,61.1,119.3,2147.4,128.15,2306.7
19,19 plex,"Vega (pipet, Ampli-Fi PCR)",no,,PCRfree,7.65,0,pipet mix,Takara or Decodifi,100,3.4,56,No,56,0,PB,Revio SPRQ,995,57.9,116.38,2211.25,124.95,2374.05
20,20 plex,"Vega (pipet, Ampli-Fi PCR)",no,,PCRfree,7.65,0,pipet mix,Takara or Decodifi,100,3.4,56,No,56,0,PB,Revio SPRQ,995,55,113.77,2275.3,122.05,2441
21,21 plex,"Vega (pipet, Ampli-Fi PCR)",no,,PCRfree,7.65,0,pipet mix,Takara or Decodifi,100,3.4,56,No,56,0,PB,Revio SPRQ,995,52.4,111.35,2338.35,119.45,2508.45
22,22 plex,"Vega (pipet, Ampli-Fi PCR)",no,,PCRfree,7.65,0,pipet mix,Takara or Decodifi,100,3.4,56,No,56,0,PB,Revio SPRQ,995,50,109.14,2401,117.05,2575.1
23,23 plex,"Vega (pipet, Ampli-Fi PCR)",no,,PCRfree,7.65,0,pipet mix,Takara or Decodifi,100,3.4,56,No,56,0,PB,Revio SPRQ,995,47.8,107.22,2466.15,114.85,2641.55
24,24 plex,"Vega (pipet, Ampli-Fi PCR)",no,,PCRfree,7.65,0,pipet mix,Takara or Decodifi,100,3.4,56,No,56,0,PB,Revio SPRQ,995,45.8,105.41,2529.9,112.85,2708.4
25,25 plex,"Vega (pipet, Ampli-Fi PCR)",no,,PCRfree,7.65,0,pipet mix,Takara or Decodifi,100,3.4,56,No,56,0,PB,Revio SPRQ,995,44,103.7,2592.55,111.05,2776.25
26,26 plex,"Vega (pipet, Ampli-Fi PCR)",no,,PCRfree,7.65,0,pipet mix,Takara or Decodifi,100,3.4,56,No,56,0,PB,Revio SPRQ,995,42.3,102.19,2657,109.35,2843.1
27,27 plex,"Vega (pipet, Ampli-Fi PCR)",no,,PCRfree,7.65,0,pipet mix,Takara or Decodifi,100,3.4,56,No,56,0,PB,Revio SPRQ,995,40.7,100.78,2721.15,107.75,2909.25
28,28 plex,"Vega (pipet, Ampli-Fi PCR)",no,,PCRfree,7.65,0,pipet mix,Takara or Decodifi,100,3.4,56,No,56,0,PB,Revio SPRQ,995,39.3,99.38,2782.5,106.35,2977.8
29,29 plex,"Vega (pipet, Ampli-Fi PCR)",no,,PCRfree,7.65,0,pipet mix,Takara or Decodifi,100,3.4,56,No,56,0,PB,Revio SPRQ,995,37.9,98.17,2846.85,104.95,3043.55
30,30 plex,"Vega (pipet, Ampli-Fi PCR)",no,,PCRfree,7.65,0,pipet mix,Takara or Decodifi,100,3.4,56,No,56,0,PB,Revio SPRQ,995,36.7,97.06,2911.8,103.75,3112.5
31,31 plex,"Vega (pipet, Ampli-Fi PCR)",no,,PCRfree,7.65,0,pipet mix,Takara or Decodifi,100,3.4,56,No,56,0,PB,Revio SPRQ,995,35.5,95.95,2974.55,102.55,3179.05
32,32 plex,"Vega (pipet, Ampli-Fi PCR)",no,,PCRfree,7.65,0,pipet mix,Takara or Decodifi,100,3.4,56,No,56,0,PB,Revio SPRQ,995,34.4,94.95,3038.3,101.45,3246.4
33,33 plex,"Vega (pipet, Ampli-Fi PCR)",no,,PCRfree,7.65,0,pipet mix,Takara or Decodifi,100,3.4,56,No,56,0,PB,Revio SPRQ,995,33.3,94.04,3103.35,100.35,3311.55
34,34 plex,"Vega (pipet, Ampli-Fi PCR)",no,,PCRfree,7.65,0,pipet mix,Takara or Decodifi,100,3.4,56,No,56,0,PB,Revio SPRQ,995,32.4,93.14,3166.6,99.45,3381.3
35,35 plex,"Vega (pipet, Ampli-Fi PCR)",no,,PCRfree,7.65,0,pipet mix,Takara or Decodifi,100,3.4,56,No,56,0,PB,Revio SPRQ,995,31.4,92.23,3228.05,98.45,3445.75
36,36 plex,"Vega (pipet, Ampli-Fi PCR)",no,,PCRfree,7.65,0,pipet mix,Takara or Decodifi,100,3.4,56,No,56,0,PB,Revio SPRQ,995,30.6,91.43,3291.3,97.65,3515.4
37,37 plex,"Vega (pipet, Ampli-Fi PCR)",no,,PCRfree,7.65,0,pipet mix,Takara or Decodifi,100,3.4,56,No,56,0,PB,Revio SPRQ,995,29.7,90.72,3356.65,96.75,3579.75
38,38 plex,"Vega (pipet, Ampli-Fi PCR)",no,,PCRfree,7.65,0,pipet mix,Takara or Decodifi,100,3.4,56,No,56,0,PB,Revio SPRQ,995,28.9,90.02,3420.6,95.95,3646.1
39,39 plex,"Vega (pipet, Ampli-Fi PCR)",no,,PCRfree,7.65,0,pipet mix,Takara or Decodifi,100,3.4,56,No,56,0,PB,Revio SPRQ,995,28.2,89.31,3483.15,95.25,3714.75
40,40 plex,"Vega (pipet, Ampli-Fi PCR)",no,,PCRfree,7.65,0,pipet mix,Takara or Decodifi,100,3.4,56,No,56,0,PB,Revio SPRQ,995,27.5,88.71,3548.3,94.55,3782
41,41 plex,"Vega (pipet, Ampli-Fi PCR)",no,,PCRfree,7.65,0,pipet mix,Takara or Decodifi,100,3.4,56,No,56,0,PB,Revio SPRQ,995,26.8,88.1,3612.25,93.85,3847.85
42,42 plex,"Vega (pipet, Ampli-Fi PCR)",no,,PCRfree,7.65,0,pipet mix,Takara or Decodifi,100,3.4,56,No,56,0,PB,Revio SPRQ,995,26.2,87.5,3675,93.25,3916.5
43,43 plex,"Vega (pipet, Ampli-Fi PCR)",no,,PCRfree,7.65,0,pipet mix,Takara or Decodifi,100,3.4,56,No,56,0,PB,Revio SPRQ,995,25.6,86.9,3736.55,92.65,3983.95
44,44 plex,"Vega (pipet, Ampli-Fi PCR)",no,,PCRfree,7.65,0,pipet mix,Takara or Decodifi,100,3.4,56,No,56,0,PB,Revio SPRQ,995,25,86.39,3801.3,92.05,4050.2
45,45 plex,"Vega (pipet, Ampli-Fi PCR)",no,,PCRfree,7.65,0,pipet mix,Takara or Decodifi,100,3.4,56,No,56,0,PB,Revio SPRQ,995,24.4,85.89,3865.05,91.45,4115.25
46,46 plex,"Vega (pipet, Ampli-Fi PCR)",no,,PCRfree,7.65,0,pipet mix,Takara or Decodifi,100,3.4,56,No,56,0,PB,Revio SPRQ,995,23.9,85.39,3927.8,90.95,4183.7
47,47 plex,"Vega (pipet, Ampli-Fi PCR)",no,,PCRfree,7.65,0,pipet mix,Takara or Decodifi,100,3.4,56,No,56,0,PB,Revio SPRQ,995,23.4,84.98,3994.25,90.45,4251.15
48,48 plex,"Vega (pipet, Ampli-Fi PCR)",no,,PCRfree,7.65,0,pipet mix,Takara or Decodifi,100,3.4,56,No,56,0,PB,Revio SPRQ,995,22.9,84.48,4055.1,89.95,4317.6
49,49 plex,"Vega (pipet, Ampli-Fi PCR)",no,,PCRfree,7.65,0,pipet mix,Takara or Decodifi,100,3.4,56,No,56,0,PB,Revio SPRQ,995,22.4,84.08,4119.85,89.45,4383.05
50,50 plex,"Vega (pipet, Ampli-Fi PCR)",no,,PCRfree,7.65,0,pipet mix,Takara or Decodifi,100,3.4,56,No,56,0,PB,Revio SPRQ,995,22,83.68,4183.8,89.05,4452.5
51,51 plex,"Vega (pipet, Ampli-Fi PCR)",no,,PCRfree,7.65,0,pipet mix,Takara or Decodifi,100,3.4,56,No,56,0,PB,Revio SPRQ,995,21.6,83.27,4246.95,88.65,4521.15
52,52 plex,"Vega (pipet, Ampli-Fi PCR)",no,,PCRfree,7.65,0,pipet mix,Takara or Decodifi,100,3.4,56,No,56,0,PB,Revio SPRQ,995,21.2,82.87,4309.3,88.25,4589
53,53 plex,"Vega (pipet, Ampli-Fi PCR)",no,,PCRfree,7.65,0,pipet mix,Takara or Decodifi,100,3.4,56,No,56,0,PB,Revio SPRQ,995,20.8,82.57,4376.15,87.85,4656.05
54,54 plex,"Vega (pipet, Ampli-Fi PCR)",no,,PCRfree,7.65,0,pipet mix,Takara or Decodifi,100,3.4,56,No,56,0,PB,Revio SPRQ,995,20.4,82.17,4437,87.45,4722.3
55,55 plex,"Vega (pipet, Ampli-Fi PCR)",no,,PCRfree,7.65,0,pipet mix,Takara or Decodifi,100,3.4,56,No,56,0,PB,Revio SPRQ,995,20,81.86,4502.55,87.05,4787.75
56,56 plex,"Vega (pipet, Ampli-Fi PCR)",no,,PCRfree,7.65,0,pipet mix,Takara or Decodifi,100,3.4,56,No,56,0,PB,Revio SPRQ,995,19.6,81.56,4567.5,86.65,4852.4
57,57 plex,"Vega (pipet, Ampli-Fi PCR)",no,,PCRfree,7.65,0,pipet mix,Takara or Decodifi,100,3.4,56,No,56,0,PB,Revio SPRQ,995,19.3,81.26,4631.85,86.35,4921.95
58,58 plex,"Vega (pipet, Ampli-Fi PCR)",no,,PCRfree,7.65,0,pipet mix,Takara or Decodifi,100,3.4,56,No,56,0,PB,Revio SPRQ,995,19,80.96,4695.6,86.05,4990.9
59,59 plex,"Vega (pipet, Ampli-Fi PCR)",no,,PCRfree,7.65,0,pipet mix,Takara or Decodifi,100,3.4,56,No,56,0,PB,Revio SPRQ,995,18.6,80.66,4758.75,85.65,5053.35
60,60 plex,"Vega (pipet, Ampli-Fi PCR)",no,,PCRfree,7.65,0,pipet mix,Takara or Decodifi,100,3.4,56,No,56,0,PB,Revio SPRQ,995,18.3,80.36,4821.3,85.35,5121
61,61 plex,"Vega (pipet, Ampli-Fi PCR)",no,,PCRfree,7.65,0,pipet mix,Takara or Decodifi,100,3.4,56,No,56,0,PB,Revio SPRQ,995,18,80.05,4883.25,85.05,5188.05
62,62 plex,"Vega (pipet, Ampli-Fi PCR)",no,,PCRfree,7.65,0,pipet mix,Takara or Decodifi,100,3.4,56,No,56,0,PB,Revio SPRQ,995,17.7,79.75,4944.6,84.75,5254.5
63,63 plex,"Vega (pipet, Ampli-Fi PCR)",no,,PCRfree,7.65,0,pipet mix,Takara or Decodifi,100,3.4,56,No,56,0,PB,Revio SPRQ,995,17.5,79.55,5011.65,84.55,5326.65
64,64 plex,"Vega (pipet, Ampli-Fi PCR)",no,,PCRfree,7.65,0,pipet mix,Takara or Decodifi,100,3.4,56,No,56,0,PB,Revio SPRQ,995,17.2,79.25,5071.9,84.25,5392
65,65 plex,"Vega (pipet, Ampli-Fi PCR)",no,,PCRfree,7.65,0,pipet mix,Takara or Decodifi,100,3.4,56,No,56,0,PB,Revio SPRQ,995,16.9,79.05,5138.05,83.95,5456.75
66,66 plex,"Vega (pipet, Ampli-Fi PCR)",no,,PCRfree,7.65,0,pipet mix,Takara or Decodifi,100,3.4,56,No,56,0,PB,Revio SPRQ,995,16.7,78.85,5203.8,83.75,5527.5
67,67 plex,"Vega (pipet, Ampli-Fi PCR)",no,,PCRfree,7.65,0,pipet mix,Takara or Decodifi,100,3.4,56,No,56,0,PB,Revio SPRQ,995,16.4,78.64,5269.15,83.45,5591.15
68,68 plex,"Vega (pipet, Ampli-Fi PCR)",no,,PCRfree,7.65,0,pipet mix,Takara or Decodifi,100,3.4,56,No,56,0,PB,Revio SPRQ,995,16.2,78.34,5327.3,83.25,5661
69,69 plex,"Vega (pipet, Ampli-Fi PCR)",no,,PCRfree,7.65,0,pipet mix,Takara or Decodifi,100,3.4,56,No,56,0,PB,Revio SPRQ,995,15.9,78.14,5391.75,82.95,5723.55
70,70 plex,"Vega (pipet, Ampli-Fi PCR)",no,,PCRfree,7.65,0,pipet mix,Takara or Decodifi,100,3.4,56,No,56,0,PB,Revio SPRQ,995,15.7,77.94,5455.8,82.75,5792.5
71,71 plex,"Vega (pipet, Ampli-Fi PCR)",no,,PCRfree,7.65,0,pipet mix,Takara or Decodifi,100,3.4,56,No,56,0,PB,Revio SPRQ,995,15.5,77.74,5519.45,82.55,5861.05
72,72 plex,"Vega (pipet, Ampli-Fi PCR)",no,,PCRfree,7.65,0,pipet mix,Takara or Decodifi,100,3.4,56,No,56,0,PB,Revio SPRQ,995,15.3,77.54,5582.7,82.35,5929.2
73,73 plex,"Vega (pipet, Ampli-Fi PCR)",no,,PCRfree,7.65,0,pipet mix,Takara or Decodifi,100,3.4,56,No,56,0,PB,Revio SPRQ,995,15.1,77.34,5645.55,82.15,5996.95
74,74 plex,"Vega (pipet, Ampli-Fi PCR)",no,,PCRfree,7.65,0,pipet mix,Takara or Decodifi,100,3.4,56,No,56,0,PB,Revio SPRQ,995,14.9,77.14,5708,81.95,6064.3
75,75 plex,"Vega (pipet, Ampli-Fi PCR)",no,,PCRfree,7.65,0,pipet mix,Takara or Decodifi,100,3.4,56,No,56,0,PB,Revio SPRQ,995,14.7,77.03,5777.55,81.75,6131.25
76,76 plex,"Vega (pipet, Ampli-Fi PCR)",no,,PCRfree,7.65,0,pipet mix,Takara or Decodifi,100,3.4,56,No,56,0,PB,Revio SPRQ,995,14.5,76.83,5839.3,81.55,6197.8
77,77 plex,"Vega (pipet, Ampli-Fi PCR)",no,,PCRfree,7.65,0,pipet mix,Takara or Decodifi,100,3.4,56,No,56,0,PB,Revio SPRQ,995,14.3,76.63,5900.65,81.35,6263.95
78,78 plex,"Vega (pipet, Ampli-Fi PCR)",no,,PCRfree,7.65,0,pipet mix,Takara or Decodifi,100,3.4,56,No,56,0,PB,Revio SPRQ,995,14.1,76.53,5969.4,81.15,6329.7
79,79 plex,"Vega (pipet, Ampli-Fi PCR)",no,,PCRfree,7.65,0,pipet mix,Takara or Decodifi,100,3.4,56,No,56,0,PB,Revio SPRQ,995,13.9,76.33,6030.05,80.95,6395.05
80,80 plex,"Vega (pipet, Ampli-Fi PCR)",no,,PCRfree,7.65,0,pipet mix,Takara or Decodifi,100,3.4,56,No,56,0,PB,Revio SPRQ,995,13.8,76.13,6090.3,80.85,6468
81,81 plex,"Vega (pipet, Ampli-Fi PCR)",no,,PCRfree,7.65,0,pipet mix,Takara or Decodifi,100,3.4,56,No,56,0,PB,Revio SPRQ,995,13.6,76.03,6158.25,80.65,6532.65
82,82 plex,"Vega (pipet, Ampli-Fi PCR)",no,,PCRfree,7.65,0,pipet mix,Takara or Decodifi,100,3.4,56,No,56,0,PB,Revio SPRQ,995,13.4,75.83,6217.8,80.45,6596.9
83,83 plex,"Vega (pipet, Ampli-Fi PCR)",no,,PCRfree,7.65,0,pipet mix,Takara or Decodifi,100,3.4,56,No,56,0,PB,Revio SPRQ,995,13.3,75.73,6285.25,80.35,6669.05
84,84 plex,"Vega (pipet, Ampli-Fi PCR)",no,,PCRfree,7.65,0,pipet mix,Takara or Decodifi,100,3.4,56,No,56,0,PB,Revio SPRQ,995,13.1,75.53,6344.1,80.15,6732.6
85,85 plex,"Vega (pipet, Ampli-Fi PCR)",no,,PCRfree,7.65,0,pipet mix,Takara or Decodifi,100,3.4,56,No,56,0,PB,Revio SPRQ,995,12.9,75.42,6411.05,79.95,6795.75
86,86 plex,"Vega (pipet, Ampli-Fi PCR)",no,,PCRfree,7.65,0,pipet mix,Takara or Decodifi,100,3.4,56,No,56,0,PB,Revio SPRQ,995,12.8,75.32,6477.8,79.85,6867.1
87,87 plex,"Vega (pipet, Ampli-Fi PCR)",no,,PCRfree,7.65,0,pipet mix,Takara or Decodifi,100,3.4,56,No,56,0,PB,Revio SPRQ,995,12.6,75.12,6535.65,79.65,6929.55
88,88 plex,"Vega (pipet, Ampli-Fi PCR)",no,,PCRfree,7.65,0,pipet mix,Takara or Decodifi,100,3.4,56,No,56,0,PB,Revio SPRQ,995,12.5,75.02,6601.9,79.55,7000.4
89,89 plex,"Vega (pipet, Ampli-Fi PCR)",no,,PCRfree,7.65,0,pipet mix,Takara or Decodifi,100,3.4,56,No,56,0,PB,Revio SPRQ,995,12.4,74.92,6667.95,79.45,7071.05
90,90 plex,"Vega (pipet, Ampli-Fi PCR)",no,,PCRfree,7.65,0,pipet mix,Takara or Decodifi,100,3.4,56,No,56,0,PB,Revio SPRQ,995,12.2,74.82,6733.8,79.25,7132.5
91,91 plex,"Vega (pipet, Ampli-Fi PCR)",no,,PCRfree,7.65,0,pipet mix,Takara or Decodifi,100,3.4,56,No,56,0,PB,Revio SPRQ,995,12.1,74.62,6790.35,79.15,7202.65
92,92 plex,"Vega (pipet, Ampli-Fi PCR)",no,,PCRfree,7.65,0,pipet mix,Takara or Decodifi,100,3.4,56,No,56,0,PB,Revio SPRQ,995,12,74.52,6855.7,79.05,7272.6
93,93 plex,"Vega (pipet, Ampli-Fi PCR)",no,,PCRfree,7.65,0,pipet mix,Takara or Decodifi,100,3.4,56,No,56,0,PB,Revio SPRQ,995,11.8,74.42,6920.85,78.85,7333.05
94,94 plex,"Vega (pipet, Ampli-Fi PCR)",no,,PCRfree,7.65,0,pipet mix,Takara or Decodifi,100,3.4,56,No,56,0,PB,Revio SPRQ,995,11.7,74.32,6985.8,78.75,7402.5
95,95 plex,"Vega (pipet, Ampli-Fi PCR)",no,,PCRfree,7.65,0,pipet mix,Takara or Decodifi,100,3.4,56,No,56,0,PB,Revio SPRQ,995,11.6,74.22,7050.55,78.65,7471.75
96,96 plex,"Vega (pipet, Ampli-Fi PCR)",no,,PCRfree,7.65,0,pipet mix,Takara or Decodifi,100,3.4,56,No,56,0,PB,Revio SPRQ,995,11.5,74.12,7115.1,78.55,7540.8
1,1 plex,"Vega (1xLongPlex, PCR)",no,1x,PCR,7.65,22,LongPlex,Takara or Decodifi,50,1.7,56,No,56,0,PB,Vega,1100,1100,1185.65,1185.65,1187.35,1187.35
2,2 plex,"Vega (1xLongPlex, PCR)",no,1x,PCR,7.65,22,LongPlex,Takara or Decodifi,50,1.7,56,No,28,0,PB,Vega,1100,550,607.65,1215.3,609.35,1218.7
3,3 plex,"Vega (1xLongPlex, PCR)",no,1x,PCR,7.65,22,LongPlex,Takara or Decodifi,50,1.7,56,No,18.7,0,PB,Vega,1100,366.7,415.05,1245.15,416.75,1250.25
4,4 plex,"Vega (1xLongPlex, PCR)",no,1x,PCR,7.65,22,LongPlex,Takara or Decodifi,50,1.7,56,No,14,0,PB,Vega,1100,275,318.65,1274.6,320.35,1281.4
5,5 plex,"Vega (1xLongPlex, PCR)",no,1x,PCR,7.65,22,LongPlex,Takara or Decodifi,50,1.7,56,No,11.2,0,PB,Vega,1100,220,260.85,1304.25,262.55,1312.75
6,6 plex,"Vega (1xLongPlex, PCR)",no,1x,PCR,7.65,22,LongPlex,Takara or Decodifi,50,1.7,56,No,9.3,0,PB,Vega,1100,183.3,222.25,1333.5,223.95,1343.7
7,7 plex,"Vega (1xLongPlex, PCR)",no,1x,PCR,7.65,22,LongPlex,Takara or Decodifi,50,1.7,56,No,8,0,PB,Vega,1100,157.1,194.75,1363.25,196.45,1375.15
8,8 plex,"Vega (1xLongPlex, PCR)",no,1x,PCR,7.65,22,LongPlex,Takara or Decodifi,50,1.7,56,No,7,0,PB,Vega,1100,137.5,174.15,1393.2,175.85,1406.8
9,9 plex,"Vega (1xLongPlex, PCR)",no,1x,PCR,7.65,22,LongPlex,Takara or Decodifi,50,1.7,56,No,6.2,0,PB,Vega,1100,122.2,158.05,1422.45,159.75,1437.75
10,10 plex,"Vega (1xLongPlex, PCR)",no,1x,PCR,7.65,22,LongPlex,Takara or Decodifi,50,1.7,56,No,5.6,0,PB,Vega,1100,110,145.25,1452.5,146.95,1469.5
11,11 plex,"Vega (1xLongPlex, PCR)",no,1x,PCR,7.65,22,LongPlex,Takara or Decodifi,50,1.7,56,No,5.1,0,PB,Vega,1100,100,134.75,1482.25,136.45,1500.95
12,12 plex,"Vega (1xLongPlex, PCR)",no,1x,PCR,7.65,22,LongPlex,Takara or Decodifi,50,1.7,56,No,4.7,0,PB,Vega,1100,91.7,126.05,1512.6,127.75,1533
13,13 plex,"Vega (1xLongPlex, PCR)",no,1x,PCR,7.65,22,LongPlex,Takara or Decodifi,50,1.7,56,No,4.3,0,PB,Vega,1100,84.6,118.55,1541.15,120.25,1563.25
14,14 plex,"Vega (1xLongPlex, PCR)",no,1x,PCR,7.65,22,LongPlex,Takara or Decodifi,50,1.7,56,No,4,0,PB,Vega,1100,78.6,112.25,1571.5,113.95,1595.3
15,15 plex,"Vega (1xLongPlex, PCR)",no,1x,PCR,7.65,22,LongPlex,Takara or Decodifi,50,1.7,56,No,3.7,0,PB,Vega,1100,73.3,106.65,1599.75,108.35,1625.25
16,16 plex,"Vega (1xLongPlex, PCR)",no,1x,PCR,7.65,22,LongPlex,Takara or Decodifi,50,1.7,56,No,3.5,0,PB,Vega,1100,68.8,101.95,1631.2,103.65,1658.4
17,17 plex,"Vega (1xLongPlex, PCR)",no,1x,PCR,7.65,22,LongPlex,Takara or Decodifi,50,1.7,56,No,3.3,0,PB,Vega,1100,64.7,97.65,1660.05,99.35,1688.95
18,18 plex,"Vega (1xLongPlex, PCR)",no,1x,PCR,7.65,22,LongPlex,Takara or Decodifi,50,1.7,56,No,3.1,0,PB,Vega,1100,61.1,93.85,1689.3,95.55,1719.9
19,19 plex,"Vega (1xLongPlex, PCR)",no,1x,PCR,7.65,22,LongPlex,Takara or Decodifi,50,1.7,56,No,2.9,0,PB,Vega,1100,57.9,90.45,1718.55,92.15,1750.85
20,20 plex,"Vega (1xLongPlex, PCR)",no,1x,PCR,7.65,22,LongPlex,Takara or Decodifi,50,1.7,56,No,2.8,0,PB,Vega,1100,55,87.45,1749,89.15,1783
21,21 plex,"Vega (1xLongPlex, PCR)",no,1x,PCR,7.65,22,LongPlex,Takara or Decodifi,50,1.7,56,No,2.7,0,PB,Vega,1100,52.4,84.75,1779.75,86.45,1815.45
22,22 plex,"Vega (1xLongPlex, PCR)",no,1x,PCR,7.65,22,LongPlex,Takara or Decodifi,50,1.7,56,No,2.5,0,PB,Vega,1100,50,82.15,1807.3,83.85,1844.7
23,23 plex,"Vega (1xLongPlex, PCR)",no,1x,PCR,7.65,22,LongPlex,Takara or Decodifi,50,1.7,56,No,2.4,0,PB,Vega,1100,47.8,79.85,1836.55,81.55,1875.65
24,24 plex,"Vega (1xLongPlex, PCR)",no,1x,PCR,7.65,22,LongPlex,Takara or Decodifi,50,1.7,56,No,2.3,0,PB,Vega,1100,45.8,77.75,1866,79.45,1906.8
25,25 plex,"Vega (1xLongPlex, PCR)",no,1x,PCR,7.65,22,LongPlex,Takara or Decodifi,50,1.7,56,No,2.2,0,PB,Vega,1100,44,75.85,1896.25,77.55,1938.75
26,26 plex,"Vega (1xLongPlex, PCR)",no,1x,PCR,7.65,22,LongPlex,Takara or Decodifi,50,1.7,56,No,2.2,0,PB,Vega,1100,42.3,74.15,1927.9,75.85,1972.1
27,27 plex,"Vega (1xLongPlex, PCR)",no,1x,PCR,7.65,22,LongPlex,Takara or Decodifi,50,1.7,56,No,2.1,0,PB,Vega,1100,40.7,72.45,1956.15,74.15,2002.05
28,28 plex,"Vega (1xLongPlex, PCR)",no,1x,PCR,7.65,22,LongPlex,Takara or Decodifi,50,1.7,56,No,2,0,PB,Vega,1100,39.3,70.95,1986.6,72.65,2034.2
29,29 plex,"Vega (1xLongPlex, PCR)",no,1x,PCR,7.65,22,LongPlex,Takara or Decodifi,50,1.7,56,No,1.9,0,PB,Vega,1100,37.9,69.45,2014.05,71.15,2063.35
30,30 plex,"Vega (1xLongPlex, PCR)",no,1x,PCR,7.65,22,LongPlex,Takara or Decodifi,50,1.7,56,No,1.9,0,PB,Vega,1100,36.7,68.25,2047.5,69.95,2098.5
31,31 plex,"Vega (1xLongPlex, PCR)",no,1x,PCR,7.65,22,LongPlex,Takara or Decodifi,50,1.7,56,No,1.8,0,PB,Vega,1100,35.5,66.95,2075.45,68.65,2128.15
32,32 plex,"Vega (1xLongPlex, PCR)",no,1x,PCR,7.65,22,LongPlex,Takara or Decodifi,50,1.7,56,No,1.8,0,PB,Vega,1100,34.4,65.85,2107.2,67.55,2161.6
33,33 plex,"Vega (1xLongPlex, PCR)",no,1x,PCR,7.65,22,LongPlex,Takara or Decodifi,50,1.7,56,No,1.7,0,PB,Vega,1100,33.3,64.65,2133.45,66.35,2189.55
34,34 plex,"Vega (1xLongPlex, PCR)",no,1x,PCR,7.65,22,LongPlex,Takara or Decodifi,50,1.7,56,No,1.6,0,PB,Vega,1100,32.4,63.65,2164.1,65.35,2221.9
35,35 plex,"Vega (1xLongPlex, PCR)",no,1x,PCR,7.65,22,LongPlex,Takara or Decodifi,50,1.7,56,No,1.6,0,PB,Vega,1100,31.4,62.65,2192.75,64.35,2252.25
36,36 plex,"Vega (1xLongPlex, PCR)",no,1x,PCR,7.65,22,LongPlex,Takara or Decodifi,50,1.7,56,No,1.6,0,PB,Vega,1100,30.6,61.85,2226.6,63.55,2287.8
37,37 plex,"Vega (1xLongPlex, PCR)",no,1x,PCR,7.65,22,LongPlex,Takara or Decodifi,50,1.7,56,No,1.5,0,PB,Vega,1100,29.7,60.85,2251.45,62.55,2314.35
38,38 plex,"Vega (1xLongPlex, PCR)",no,1x,PCR,7.65,22,LongPlex,Takara or Decodifi,50,1.7,56,No,1.5,0,PB,Vega,1100,28.9,60.05,2281.9,61.75,2346.5
39,39 plex,"Vega (1xLongPlex, PCR)",no,1x,PCR,7.65,22,LongPlex,Takara or Decodifi,50,1.7,56,No,1.4,0,PB,Vega,1100,28.2,59.25,2310.75,60.95,2377.05
40,40 plex,"Vega (1xLongPlex, PCR)",no,1x,PCR,7.65,22,LongPlex,Takara or Decodifi,50,1.7,56,No,1.4,0,PB,Vega,1100,27.5,58.55,2342,60.25,2410
41,41 plex,"Vega (1xLongPlex, PCR)",no,1x,PCR,7.65,22,LongPlex,Takara or Decodifi,50,1.7,56,No,1.4,0,PB,Vega,1100,26.8,57.85,2371.85,59.55,2441.55
42,42 plex,"Vega (1xLongPlex, PCR)",no,1x,PCR,7.65,22,LongPlex,Takara or Decodifi,50,1.7,56,No,1.3,0,PB,Vega,1100,26.2,57.15,2400.3,58.85,2471.7
43,43 plex,"Vega (1xLongPlex, PCR)",no,1x,PCR,7.65,22,LongPlex,Takara or Decodifi,50,1.7,56,No,1.3,0,PB,Vega,1100,25.6,56.55,2431.65,58.25,2504.75
44,44 plex,"Vega (1xLongPlex, PCR)",no,1x,PCR,7.65,22,LongPlex,Takara or Decodifi,50,1.7,56,No,1.3,0,PB,Vega,1100,25,55.95,2461.8,57.65,2536.6
45,45 plex,"Vega (1xLongPlex, PCR)",no,1x,PCR,7.65,22,LongPlex,Takara or Decodifi,50,1.7,56,No,1.2,0,PB,Vega,1100,24.4,55.25,2486.25,56.95,2562.75
46,46 plex,"Vega (1xLongPlex, PCR)",no,1x,PCR,7.65,22,LongPlex,Takara or Decodifi,50,1.7,56,No,1.2,0,PB,Vega,1100,23.9,54.75,2518.5,56.45,2596.7
47,47 plex,"Vega (1xLongPlex, PCR)",no,1x,PCR,7.65,22,LongPlex,Takara or Decodifi,50,1.7,56,No,1.2,0,PB,Vega,1100,23.4,54.25,2549.75,55.95,2629.65
48,48 plex,"Vega (1xLongPlex, PCR)",no,1x,PCR,7.65,22,LongPlex,Takara or Decodifi,50,1.7,56,No,1.2,0,PB,Vega,1100,22.9,53.75,2580,55.45,2661.6
49,49 plex,"Vega (1xLongPlex, PCR)",no,1x,PCR,7.65,22,LongPlex,Takara or Decodifi,50,1.7,56,No,1.1,0,PB,Vega,1100,22.4,53.15,2604.35,54.85,2687.65
50,50 plex,"Vega (1xLongPlex, PCR)",no,1x,PCR,7.65,22,LongPlex,Takara or Decodifi,50,1.7,56,No,1.1,0,PB,Vega,1100,22,52.75,2637.5,54.45,2722.5
51,51 plex,"Vega (1xLongPlex, PCR)",no,1x,PCR,7.65,22,LongPlex,Takara or Decodifi,50,1.7,56,No,1.1,0,PB,Vega,1100,21.6,52.35,2669.85,54.05,2756.55
52,52 plex,"Vega (1xLongPlex, PCR)",no,1x,PCR,7.65,22,LongPlex,Takara or Decodifi,50,1.7,56,No,1.1,0,PB,Vega,1100,21.2,51.95,2701.4,53.65,2789.8
53,53 plex,"Vega (1xLongPlex, PCR)",no,1x,PCR,7.65,22,LongPlex,Takara or Decodifi,50,1.7,56,No,1.1,0,PB,Vega,1100,20.8,51.55,2732.15,53.25,2822.25
54,54 plex,"Vega (1xLongPlex, PCR)",no,1x,PCR,7.65,22,LongPlex,Takara or Decodifi,50,1.7,56,No,1,0,PB,Vega,1100,20.4,51.05,2756.7,52.75,2848.5
55,55 plex,"Vega (1xLongPlex, PCR)",no,1x,PCR,7.65,22,LongPlex,Takara or Decodifi,50,1.7,56,No,1,0,PB,Vega,1100,20,50.65,2785.75,52.35,2879.25
56,56 plex,"Vega (1xLongPlex, PCR)",no,1x,PCR,7.65,22,LongPlex,Takara or Decodifi,50,1.7,56,No,1,0,PB,Vega,1100,19.6,50.25,2814,51.95,2909.2
57,57 plex,"Vega (1xLongPlex, PCR)",no,1x,PCR,7.65,22,LongPlex,Takara or Decodifi,50,1.7,56,No,1,0,PB,Vega,1100,19.3,49.95,2847.15,51.65,2944.05
58,58 plex,"Vega (1xLongPlex, PCR)",no,1x,PCR,7.65,22,LongPlex,Takara or Decodifi,50,1.7,56,No,1,0,PB,Vega,1100,19,49.65,2879.7,51.35,2978.3
59,59 plex,"Vega (1xLongPlex, PCR)",no,1x,PCR,7.65,22,LongPlex,Takara or Decodifi,50,1.7,56,No,0.9,0,PB,Vega,1100,18.6,49.15,2899.85,50.85,3000.15
60,60 plex,"Vega (1xLongPlex, PCR)",no,1x,PCR,7.65,22,LongPlex,Takara or Decodifi,50,1.7,56,No,0.9,0,PB,Vega,1100,18.3,48.85,2931,50.55,3033
61,61 plex,"Vega (1xLongPlex, PCR)",no,1x,PCR,7.65,22,LongPlex,Takara or Decodifi,50,1.7,56,No,0.9,0,PB,Vega,1100,18,48.55,2961.55,50.25,3065.25
62,62 plex,"Vega (1xLongPlex, PCR)",no,1x,PCR,7.65,22,LongPlex,Takara or Decodifi,50,1.7,56,No,0.9,0,PB,Vega,1100,17.7,48.25,2991.5,49.95,3096.9
63,63 plex,"Vega (1xLongPlex, PCR)",no,1x,PCR,7.65,22,LongPlex,Takara or Decodifi,50,1.7,56,No,0.9,0,PB,Vega,1100,17.5,48.05,3027.15,49.75,3134.25
64,64 plex,"Vega (1xLongPlex, PCR)",no,1x,PCR,7.65,22,LongPlex,Takara or Decodifi,50,1.7,56,No,0.9,0,PB,Vega,1100,17.2,47.75,3056,49.45,3164.8
65,65 plex,"Vega (1xLongPlex, PCR)",no,1x,PCR,7.65,22,LongPlex,Takara or Decodifi,50,1.7,56,No,0.9,0,PB,Vega,1100,16.9,47.45,3084.25,49.15,3194.75
66,66 plex,"Vega (1xLongPlex, PCR)",no,1x,PCR,7.65,22,LongPlex,Takara or Decodifi,50,1.7,56,No,0.8,0,PB,Vega,1100,16.7,47.15,3111.9,48.85,3224.1
67,67 plex,"Vega (1xLongPlex, PCR)",no,1x,PCR,7.65,22,LongPlex,Takara or Decodifi,50,1.7,56,No,0.8,0,PB,Vega,1100,16.4,46.85,3138.95,48.55,3252.85
68,68 plex,"Vega (1xLongPlex, PCR)",no,1x,PCR,7.65,22,LongPlex,Takara or Decodifi,50,1.7,56,No,0.8,0,PB,Vega,1100,16.2,46.65,3172.2,48.35,3287.8
69,69 plex,"Vega (1xLongPlex, PCR)",no,1x,PCR,7.65,22,LongPlex,Takara or Decodifi,50,1.7,56,No,0.8,0,PB,Vega,1100,15.9,46.35,3198.15,48.05,3315.45
70,70 plex,"Vega (1xLongPlex, PCR)",no,1x,PCR,7.65,22,LongPlex,Takara or Decodifi,50,1.7,56,No,0.8,0,PB,Vega,1100,15.7,46.15,3230.5,47.85,3349.5
71,71 plex,"Vega (1xLongPlex, PCR)",no,1x,PCR,7.65,22,LongPlex,Takara or Decodifi,50,1.7,56,No,0.8,0,PB,Vega,1100,15.5,45.95,3262.45,47.65,3383.15
72,72 plex,"Vega (1xLongPlex, PCR)",no,1x,PCR,7.65,22,LongPlex,Takara or Decodifi,50,1.7,56,No,0.8,0,PB,Vega,1100,15.3,45.75,3294,47.45,3416.4
73,73 plex,"Vega (1xLongPlex, PCR)",no,1x,PCR,7.65,22,LongPlex,Takara or Decodifi,50,1.7,56,No,0.8,0,PB,Vega,1100,15.1,45.55,3325.15,47.25,3449.25
74,74 plex,"Vega (1xLongPlex, PCR)",no,1x,PCR,7.65,22,LongPlex,Takara or Decodifi,50,1.7,56,No,0.8,0,PB,Vega,1100,14.9,45.35,3355.9,47.05,3481.7
75,75 plex,"Vega (1xLongPlex, PCR)",no,1x,PCR,7.65,22,LongPlex,Takara or Decodifi,50,1.7,56,No,0.7,0,PB,Vega,1100,14.7,45.05,3378.75,46.75,3506.25
76,76 plex,"Vega (1xLongPlex, PCR)",no,1x,PCR,7.65,22,LongPlex,Takara or Decodifi,50,1.7,56,No,0.7,0,PB,Vega,1100,14.5,44.85,3408.6,46.55,3537.8
77,77 plex,"Vega (1xLongPlex, PCR)",no,1x,PCR,7.65,22,LongPlex,Takara or Decodifi,50,1.7,56,No,0.7,0,PB,Vega,1100,14.3,44.65,3438.05,46.35,3568.95
78,78 plex,"Vega (1xLongPlex, PCR)",no,1x,PCR,7.65,22,LongPlex,Takara or Decodifi,50,1.7,56,No,0.7,0,PB,Vega,1100,14.1,44.45,3467.1,46.15,3599.7
79,79 plex,"Vega (1xLongPlex, PCR)",no,1x,PCR,7.65,22,LongPlex,Takara or Decodifi,50,1.7,56,No,0.7,0,PB,Vega,1100,13.9,44.25,3495.75,45.95,3630.05
80,80 plex,"Vega (1xLongPlex, PCR)",no,1x,PCR,7.65,22,LongPlex,Takara or Decodifi,50,1.7,56,No,0.7,0,PB,Vega,1100,13.8,44.15,3532,45.85,3668
81,81 plex,"Vega (1xLongPlex, PCR)",no,1x,PCR,7.65,22,LongPlex,Takara or Decodifi,50,1.7,56,No,0.7,0,PB,Vega,1100,13.6,43.95,3559.95,45.65,3697.65
82,82 plex,"Vega (1xLongPlex, PCR)",no,1x,PCR,7.65,22,LongPlex,Takara or Decodifi,50,1.7,56,No,0.7,0,PB,Vega,1100,13.4,43.75,3587.5,45.45,3726.9
83,83 plex,"Vega (1xLongPlex, PCR)",no,1x,PCR,7.65,22,LongPlex,Takara or Decodifi,50,1.7,56,No,0.7,0,PB,Vega,1100,13.3,43.65,3622.95,45.35,3764.05
84,84 plex,"Vega (1xLongPlex, PCR)",no,1x,PCR,7.65,22,LongPlex,Takara or Decodifi,50,1.7,56,No,0.7,0,PB,Vega,1100,13.1,43.45,3649.8,45.15,3792.6
85,85 plex,"Vega (1xLongPlex, PCR)",no,1x,PCR,7.65,22,LongPlex,Takara or Decodifi,50,1.7,56,No,0.7,0,PB,Vega,1100,12.9,43.25,3676.25,44.95,3820.75
86,86 plex,"Vega (1xLongPlex, PCR)",no,1x,PCR,7.65,22,LongPlex,Takara or Decodifi,50,1.7,56,No,0.7,0,PB,Vega,1100,12.8,43.15,3710.9,44.85,3857.1
87,87 plex,"Vega (1xLongPlex, PCR)",no,1x,PCR,7.65,22,LongPlex,Takara or Decodifi,50,1.7,56,No,0.6,0,PB,Vega,1100,12.6,42.85,3727.95,44.55,3875.85
88,88 plex,"Vega (1xLongPlex, PCR)",no,1x,PCR,7.65,22,LongPlex,Takara or Decodifi,50,1.7,56,No,0.6,0,PB,Vega,1100,12.5,42.75,3762,44.45,3911.6
89,89 plex,"Vega (1xLongPlex, PCR)",no,1x,PCR,7.65,22,LongPlex,Takara or Decodifi,50,1.7,56,No,0.6,0,PB,Vega,1100,12.4,42.65,3795.85,44.35,3947.15
90,90 plex,"Vega (1xLongPlex, PCR)",no,1x,PCR,7.65,22,LongPlex,Takara or Decodifi,50,1.7,56,No,0.6,0,PB,Vega,1100,12.2,42.45,3820.5,44.15,3973.5
91,91 plex,"Vega (1xLongPlex, PCR)",no,1x,PCR,7.65,22,LongPlex,Takara or Decodifi,50,1.7,56,No,0.6,0,PB,Vega,1100,12.1,42.35,3853.85,44.05,4008.55
92,92 plex,"Vega (1xLongPlex, PCR)",no,1x,PCR,7.65,22,LongPlex,Takara or Decodifi,50,1.7,56,No,0.6,0,PB,Vega,1100,12,42.25,3887,43.95,4043.4
93,93 plex,"Vega (1xLongPlex, PCR)",no,1x,PCR,7.65,22,LongPlex,Takara or Decodifi,50,1.7,56,No,0.6,0,PB,Vega,1100,11.8,42.05,3910.65,43.75,4068.75
94,94 plex,"Vega (1xLongPlex, PCR)",no,1x,PCR,7.65,22,LongPlex,Takara or Decodifi,50,1.7,56,No,0.6,0,PB,Vega,1100,11.7,41.95,3943.3,43.65,4103.1
95,95 plex,"Vega (1xLongPlex, PCR)",no,1x,PCR,7.65,22,LongPlex,Takara or Decodifi,50,1.7,56,No,0.6,0,PB,Vega,1100,11.6,41.85,3975.75,43.55,4137.25
96,96 plex,"Vega (1xLongPlex, PCR)",no,1x,PCR,7.65,22,LongPlex,Takara or Decodifi,50,1.7,56,No,0.6,0,PB,Vega,1100,11.5,41.75,4008,43.45,4171.2
1,1 plex,"Vega (0.5xLongPlex, PCR)",no,0.5x,PCR,7.65,11,LongPlex,Takara or Decodifi,50,1.7,56,No,56,0,PB,Vega,1100,1100,1174.65,1174.65,1176.35,1176.35
2,2 plex,"Vega (0.5xLongPlex, PCR)",no,0.5x,PCR,7.65,11,LongPlex,Takara or Decodifi,50,1.7,56,No,28,0,PB,Vega,1100,550,596.65,1193.3,598.35,1196.7
3,3 plex,"Vega (0.5xLongPlex, PCR)",no,0.5x,PCR,7.65,11,LongPlex,Takara or Decodifi,50,1.7,56,No,18.7,0,PB,Vega,1100,366.7,404.05,1212.15,405.75,1217.25
4,4 plex,"Vega (0.5xLongPlex, PCR)",no,0.5x,PCR,7.65,11,LongPlex,Takara or Decodifi,50,1.7,56,No,14,0,PB,Vega,1100,275,307.65,1230.6,309.35,1237.4
5,5 plex,"Vega (0.5xLongPlex, PCR)",no,0.5x,PCR,7.65,11,LongPlex,Takara or Decodifi,50,1.7,56,No,11.2,0,PB,Vega,1100,220,249.85,1249.25,251.55,1257.75
6,6 plex,"Vega (0.5xLongPlex, PCR)",no,0.5x,PCR,7.65,11,LongPlex,Takara or Decodifi,50,1.7,56,No,9.3,0,PB,Vega,1100,183.3,211.25,1267.5,212.95,1277.7
7,7 plex,"Vega (0.5xLongPlex, PCR)",no,0.5x,PCR,7.65,11,LongPlex,Takara or Decodifi,50,1.7,56,No,8,0,PB,Vega,1100,157.1,183.75,1286.25,185.45,1298.15
8,8 plex,"Vega (0.5xLongPlex, PCR)",no,0.5x,PCR,7.65,11,LongPlex,Takara or Decodifi,50,1.7,56,No,7,0,PB,Vega,1100,137.5,163.15,1305.2,164.85,1318.8
9,9 plex,"Vega (0.5xLongPlex, PCR)",no,0.5x,PCR,7.65,11,LongPlex,Takara or Decodifi,50,1.7,56,No,6.2,0,PB,Vega,1100,122.2,147.05,1323.45,148.75,1338.75
10,10 plex,"Vega (0.5xLongPlex, PCR)",no,0.5x,PCR,7.65,11,LongPlex,Takara or Decodifi,50,1.7,56,No,5.6,0,PB,Vega,1100,110,134.25,1342.5,135.95,1359.5
11,11 plex,"Vega (0.5xLongPlex, PCR)",no,0.5x,PCR,7.65,11,LongPlex,Takara or Decodifi,50,1.7,56,No,5.1,0,PB,Vega,1100,100,123.75,1361.25,125.45,1379.95
12,12 plex,"Vega (0.5xLongPlex, PCR)",no,0.5x,PCR,7.65,11,LongPlex,Takara or Decodifi,50,1.7,56,No,4.7,0,PB,Vega,1100,91.7,115.05,1380.6,116.75,1401
13,13 plex,"Vega (0.5xLongPlex, PCR)",no,0.5x,PCR,7.65,11,LongPlex,Takara or Decodifi,50,1.7,56,No,4.3,0,PB,Vega,1100,84.6,107.55,1398.15,109.25,1420.25
14,14 plex,"Vega (0.5xLongPlex, PCR)",no,0.5x,PCR,7.65,11,LongPlex,Takara or Decodifi,50,1.7,56,No,4,0,PB,Vega,1100,78.6,101.25,1417.5,102.95,1441.3
15,15 plex,"Vega (0.5xLongPlex, PCR)",no,0.5x,PCR,7.65,11,LongPlex,Takara or Decodifi,50,1.7,56,No,3.7,0,PB,Vega,1100,73.3,95.65,1434.75,97.35,1460.25
16,16 plex,"Vega (0.5xLongPlex, PCR)",no,0.5x,PCR,7.65,11,LongPlex,Takara or Decodifi,50,1.7,56,No,3.5,0,PB,Vega,1100,68.8,90.95,1455.2,92.65,1482.4
17,17 plex,"Vega (0.5xLongPlex, PCR)",no,0.5x,PCR,7.65,11,LongPlex,Takara or Decodifi,50,1.7,56,No,3.3,0,PB,Vega,1100,64.7,86.65,1473.05,88.35,1501.95
18,18 plex,"Vega (0.5xLongPlex, PCR)",no,0.5x,PCR,7.65,11,LongPlex,Takara or Decodifi,50,1.7,56,No,3.1,0,PB,Vega,1100,61.1,82.85,1491.3,84.55,1521.9
19,19 plex,"Vega (0.5xLongPlex, PCR)",no,0.5x,PCR,7.65,11,LongPlex,Takara or Decodifi,50,1.7,56,No,2.9,0,PB,Vega,1100,57.9,79.45,1509.55,81.15,1541.85
20,20 plex,"Vega (0.5xLongPlex, PCR)",no,0.5x,PCR,7.65,11,LongPlex,Takara or Decodifi,50,1.7,56,No,2.8,0,PB,Vega,1100,55,76.45,1529,78.15,1563
21,21 plex,"Vega (0.5xLongPlex, PCR)",no,0.5x,PCR,7.65,11,LongPlex,Takara or Decodifi,50,1.7,56,No,2.7,0,PB,Vega,1100,52.4,73.75,1548.75,75.45,1584.45
22,22 plex,"Vega (0.5xLongPlex, PCR)",no,0.5x,PCR,7.65,11,LongPlex,Takara or Decodifi,50,1.7,56,No,2.5,0,PB,Vega,1100,50,71.15,1565.3,72.85,1602.7
23,23 plex,"Vega (0.5xLongPlex, PCR)",no,0.5x,PCR,7.65,11,LongPlex,Takara or Decodifi,50,1.7,56,No,2.4,0,PB,Vega,1100,47.8,68.85,1583.55,70.55,1622.65
24,24 plex,"Vega (0.5xLongPlex, PCR)",no,0.5x,PCR,7.65,11,LongPlex,Takara or Decodifi,50,1.7,56,No,2.3,0,PB,Vega,1100,45.8,66.75,1602,68.45,1642.8
25,25 plex,"Vega (0.5xLongPlex, PCR)",no,0.5x,PCR,7.65,11,LongPlex,Takara or Decodifi,50,1.7,56,No,2.2,0,PB,Vega,1100,44,64.85,1621.25,66.55,1663.75
26,26 plex,"Vega (0.5xLongPlex, PCR)",no,0.5x,PCR,7.65,11,LongPlex,Takara or Decodifi,50,1.7,56,No,2.2,0,PB,Vega,1100,42.3,63.15,1641.9,64.85,1686.1
27,27 plex,"Vega (0.5xLongPlex, PCR)",no,0.5x,PCR,7.65,11,LongPlex,Takara or Decodifi,50,1.7,56,No,2.1,0,PB,Vega,1100,40.7,61.45,1659.15,63.15,1705.05
28,28 plex,"Vega (0.5xLongPlex, PCR)",no,0.5x,PCR,7.65,11,LongPlex,Takara or Decodifi,50,1.7,56,No,2,0,PB,Vega,1100,39.3,59.95,1678.6,61.65,1726.2
29,29 plex,"Vega (0.5xLongPlex, PCR)",no,0.5x,PCR,7.65,11,LongPlex,Takara or Decodifi,50,1.7,56,No,1.9,0,PB,Vega,1100,37.9,58.45,1695.05,60.15,1744.35
30,30 plex,"Vega (0.5xLongPlex, PCR)",no,0.5x,PCR,7.65,11,LongPlex,Takara or Decodifi,50,1.7,56,No,1.9,0,PB,Vega,1100,36.7,57.25,1717.5,58.95,1768.5
31,31 plex,"Vega (0.5xLongPlex, PCR)",no,0.5x,PCR,7.65,11,LongPlex,Takara or Decodifi,50,1.7,56,No,1.8,0,PB,Vega,1100,35.5,55.95,1734.45,57.65,1787.15
32,32 plex,"Vega (0.5xLongPlex, PCR)",no,0.5x,PCR,7.65,11,LongPlex,Takara or Decodifi,50,1.7,56,No,1.8,0,PB,Vega,1100,34.4,54.85,1755.2,56.55,1809.6
33,33 plex,"Vega (0.5xLongPlex, PCR)",no,0.5x,PCR,7.65,11,LongPlex,Takara or Decodifi,50,1.7,56,No,1.7,0,PB,Vega,1100,33.3,53.65,1770.45,55.35,1826.55
34,34 plex,"Vega (0.5xLongPlex, PCR)",no,0.5x,PCR,7.65,11,LongPlex,Takara or Decodifi,50,1.7,56,No,1.6,0,PB,Vega,1100,32.4,52.65,1790.1,54.35,1847.9
35,35 plex,"Vega (0.5xLongPlex, PCR)",no,0.5x,PCR,7.65,11,LongPlex,Takara or Decodifi,50,1.7,56,No,1.6,0,PB,Vega,1100,31.4,51.65,1807.75,53.35,1867.25
36,36 plex,"Vega (0.5xLongPlex, PCR)",no,0.5x,PCR,7.65,11,LongPlex,Takara or Decodifi,50,1.7,56,No,1.6,0,PB,Vega,1100,30.6,50.85,1830.6,52.55,1891.8
37,37 plex,"Vega (0.5xLongPlex, PCR)",no,0.5x,PCR,7.65,11,LongPlex,Takara or Decodifi,50,1.7,56,No,1.5,0,PB,Vega,1100,29.7,49.85,1844.45,51.55,1907.35
38,38 plex,"Vega (0.5xLongPlex, PCR)",no,0.5x,PCR,7.65,11,LongPlex,Takara or Decodifi,50,1.7,56,No,1.5,0,PB,Vega,1100,28.9,49.05,1863.9,50.75,1928.5
39,39 plex,"Vega (0.5xLongPlex, PCR)",no,0.5x,PCR,7.65,11,LongPlex,Takara or Decodifi,50,1.7,56,No,1.4,0,PB,Vega,1100,28.2,48.25,1881.75,49.95,1948.05
40,40 plex,"Vega (0.5xLongPlex, PCR)",no,0.5x,PCR,7.65,11,LongPlex,Takara or Decodifi,50,1.7,56,No,1.4,0,PB,Vega,1100,27.5,47.55,1902,49.25,1970
41,41 plex,"Vega (0.5xLongPlex, PCR)",no,0.5x,PCR,7.65,11,LongPlex,Takara or Decodifi,50,1.7,56,No,1.4,0,PB,Vega,1100,26.8,46.85,1920.85,48.55,1990.55
42,42 plex,"Vega (0.5xLongPlex, PCR)",no,0.5x,PCR,7.65,11,LongPlex,Takara or Decodifi,50,1.7,56,No,1.3,0,PB,Vega,1100,26.2,46.15,1938.3,47.85,2009.7
43,43 plex,"Vega (0.5xLongPlex, PCR)",no,0.5x,PCR,7.65,11,LongPlex,Takara or Decodifi,50,1.7,56,No,1.3,0,PB,Vega,1100,25.6,45.55,1958.65,47.25,2031.75
44,44 plex,"Vega (0.5xLongPlex, PCR)",no,0.5x,PCR,7.65,11,LongPlex,Takara or Decodifi,50,1.7,56,No,1.3,0,PB,Vega,1100,25,44.95,1977.8,46.65,2052.6
45,45 plex,"Vega (0.5xLongPlex, PCR)",no,0.5x,PCR,7.65,11,LongPlex,Takara or Decodifi,50,1.7,56,No,1.2,0,PB,Vega,1100,24.4,44.25,1991.25,45.95,2067.75
46,46 plex,"Vega (0.5xLongPlex, PCR)",no,0.5x,PCR,7.65,11,LongPlex,Takara or Decodifi,50,1.7,56,No,1.2,0,PB,Vega,1100,23.9,43.75,2012.5,45.45,2090.7
47,47 plex,"Vega (0.5xLongPlex, PCR)",no,0.5x,PCR,7.65,11,LongPlex,Takara or Decodifi,50,1.7,56,No,1.2,0,PB,Vega,1100,23.4,43.25,2032.75,44.95,2112.65
48,48 plex,"Vega (0.5xLongPlex, PCR)",no,0.5x,PCR,7.65,11,LongPlex,Takara or Decodifi,50,1.7,56,No,1.2,0,PB,Vega,1100,22.9,42.75,2052,44.45,2133.6
49,49 plex,"Vega (0.5xLongPlex, PCR)",no,0.5x,PCR,7.65,11,LongPlex,Takara or Decodifi,50,1.7,56,No,1.1,0,PB,Vega,1100,22.4,42.15,2065.35,43.85,2148.65
50,50 plex,"Vega (0.5xLongPlex, PCR)",no,0.5x,PCR,7.65,11,LongPlex,Takara or Decodifi,50,1.7,56,No,1.1,0,PB,Vega,1100,22,41.75,2087.5,43.45,2172.5
51,51 plex,"Vega (0.5xLongPlex, PCR)",no,0.5x,PCR,7.65,11,LongPlex,Takara or Decodifi,50,1.7,56,No,1.1,0,PB,Vega,1100,21.6,41.35,2108.85,43.05,2195.55
52,52 plex,"Vega (0.5xLongPlex, PCR)",no,0.5x,PCR,7.65,11,LongPlex,Takara or Decodifi,50,1.7,56,No,1.1,0,PB,Vega,1100,21.2,40.95,2129.4,42.65,2217.8
53,53 plex,"Vega (0.5xLongPlex, PCR)",no,0.5x,PCR,7.65,11,LongPlex,Takara or Decodifi,50,1.7,56,No,1.1,0,PB,Vega,1100,20.8,40.55,2149.15,42.25,2239.25
54,54 plex,"Vega (0.5xLongPlex, PCR)",no,0.5x,PCR,7.65,11,LongPlex,Takara or Decodifi,50,1.7,56,No,1,0,PB,Vega,1100,20.4,40.05,2162.7,41.75,2254.5
55,55 plex,"Vega (0.5xLongPlex, PCR)",no,0.5x,PCR,7.65,11,LongPlex,Takara or Decodifi,50,1.7,56,No,1,0,PB,Vega,1100,20,39.65,2180.75,41.35,2274.25
56,56 plex,"Vega (0.5xLongPlex, PCR)",no,0.5x,PCR,7.65,11,LongPlex,Takara or Decodifi,50,1.7,56,No,1,0,PB,Vega,1100,19.6,39.25,2198,40.95,2293.2
57,57 plex,"Vega (0.5xLongPlex, PCR)",no,0.5x,PCR,7.65,11,LongPlex,Takara or Decodifi,50,1.7,56,No,1,0,PB,Vega,1100,19.3,38.95,2220.15,40.65,2317.05
58,58 plex,"Vega (0.5xLongPlex, PCR)",no,0.5x,PCR,7.65,11,LongPlex,Takara or Decodifi,50,1.7,56,No,1,0,PB,Vega,1100,19,38.65,2241.7,40.35,2340.3
59,59 plex,"Vega (0.5xLongPlex, PCR)",no,0.5x,PCR,7.65,11,LongPlex,Takara or Decodifi,50,1.7,56,No,0.9,0,PB,Vega,1100,18.6,38.15,2250.85,39.85,2351.15
60,60 plex,"Vega (0.5xLongPlex, PCR)",no,0.5x,PCR,7.65,11,LongPlex,Takara or Decodifi,50,1.7,56,No,0.9,0,PB,Vega,1100,18.3,37.85,2271,39.55,2373
61,61 plex,"Vega (0.5xLongPlex, PCR)",no,0.5x,PCR,7.65,11,LongPlex,Takara or Decodifi,50,1.7,56,No,0.9,0,PB,Vega,1100,18,37.55,2290.55,39.25,2394.25
62,62 plex,"Vega (0.5xLongPlex, PCR)",no,0.5x,PCR,7.65,11,LongPlex,Takara or Decodifi,50,1.7,56,No,0.9,0,PB,Vega,1100,17.7,37.25,2309.5,38.95,2414.9
63,63 plex,"Vega (0.5xLongPlex, PCR)",no,0.5x,PCR,7.65,11,LongPlex,Takara or Decodifi,50,1.7,56,No,0.9,0,PB,Vega,1100,17.5,37.05,2334.15,38.75,2441.25
64,64 plex,"Vega (0.5xLongPlex, PCR)",no,0.5x,PCR,7.65,11,LongPlex,Takara or Decodifi,50,1.7,56,No,0.9,0,PB,Vega,1100,17.2,36.75,2352,38.45,2460.8
65,65 plex,"Vega (0.5xLongPlex, PCR)",no,0.5x,PCR,7.65,11,LongPlex,Takara or Decodifi,50,1.7,56,No,0.9,0,PB,Vega,1100,16.9,36.45,2369.25,38.15,2479.75
66,66 plex,"Vega (0.5xLongPlex, PCR)",no,0.5x,PCR,7.65,11,LongPlex,Takara or Decodifi,50,1.7,56,No,0.8,0,PB,Vega,1100,16.7,36.15,2385.9,37.85,2498.1
67,67 plex,"Vega (0.5xLongPlex, PCR)",no,0.5x,PCR,7.65,11,LongPlex,Takara or Decodifi,50,1.7,56,No,0.8,0,PB,Vega,1100,16.4,35.85,2401.95,37.55,2515.85
68,68 plex,"Vega (0.5xLongPlex, PCR)",no,0.5x,PCR,7.65,11,LongPlex,Takara or Decodifi,50,1.7,56,No,0.8,0,PB,Vega,1100,16.2,35.65,2424.2,37.35,2539.8
69,69 plex,"Vega (0.5xLongPlex, PCR)",no,0.5x,PCR,7.65,11,LongPlex,Takara or Decodifi,50,1.7,56,No,0.8,0,PB,Vega,1100,15.9,35.35,2439.15,37.05,2556.45
70,70 plex,"Vega (0.5xLongPlex, PCR)",no,0.5x,PCR,7.65,11,LongPlex,Takara or Decodifi,50,1.7,56,No,0.8,0,PB,Vega,1100,15.7,35.15,2460.5,36.85,2579.5
71,71 plex,"Vega (0.5xLongPlex, PCR)",no,0.5x,PCR,7.65,11,LongPlex,Takara or Decodifi,50,1.7,56,No,0.8,0,PB,Vega,1100,15.5,34.95,2481.45,36.65,2602.15
72,72 plex,"Vega (0.5xLongPlex, PCR)",no,0.5x,PCR,7.65,11,LongPlex,Takara or Decodifi,50,1.7,56,No,0.8,0,PB,Vega,1100,15.3,34.75,2502,36.45,2624.4
73,73 plex,"Vega (0.5xLongPlex, PCR)",no,0.5x,PCR,7.65,11,LongPlex,Takara or Decodifi,50,1.7,56,No,0.8,0,PB,Vega,1100,15.1,34.55,2522.15,36.25,2646.25
74,74 plex,"Vega (0.5xLongPlex, PCR)",no,0.5x,PCR,7.65,11,LongPlex,Takara or Decodifi,50,1.7,56,No,0.8,0,PB,Vega,1100,14.9,34.35,2541.9,36.05,2667.7
75,75 plex,"Vega (0.5xLongPlex, PCR)",no,0.5x,PCR,7.65,11,LongPlex,Takara or Decodifi,50,1.7,56,No,0.7,0,PB,Vega,1100,14.7,34.05,2553.75,35.75,2681.25
76,76 plex,"Vega (0.5xLongPlex, PCR)",no,0.5x,PCR,7.65,11,LongPlex,Takara or Decodifi,50,1.7,56,No,0.7,0,PB,Vega,1100,14.5,33.85,2572.6,35.55,2701.8
77,77 plex,"Vega (0.5xLongPlex, PCR)",no,0.5x,PCR,7.65,11,LongPlex,Takara or Decodifi,50,1.7,56,No,0.7,0,PB,Vega,1100,14.3,33.65,2591.05,35.35,2721.95
78,78 plex,"Vega (0.5xLongPlex, PCR)",no,0.5x,PCR,7.65,11,LongPlex,Takara or Decodifi,50,1.7,56,No,0.7,0,PB,Vega,1100,14.1,33.45,2609.1,35.15,2741.7
79,79 plex,"Vega (0.5xLongPlex, PCR)",no,0.5x,PCR,7.65,11,LongPlex,Takara or Decodifi,50,1.7,56,No,0.7,0,PB,Vega,1100,13.9,33.25,2626.75,34.95,2761.05
80,80 plex,"Vega (0.5xLongPlex, PCR)",no,0.5x,PCR,7.65,11,LongPlex,Takara or Decodifi,50,1.7,56,No,0.7,0,PB,Vega,1100,13.8,33.15,2652,34.85,2788
81,81 plex,"Vega (0.5xLongPlex, PCR)",no,0.5x,PCR,7.65,11,LongPlex,Takara or Decodifi,50,1.7,56,No,0.7,0,PB,Vega,1100,13.6,32.95,2668.95,34.65,2806.65
82,82 plex,"Vega (0.5xLongPlex, PCR)",no,0.5x,PCR,7.65,11,LongPlex,Takara or Decodifi,50,1.7,56,No,0.7,0,PB,Vega,1100,13.4,32.75,2685.5,34.45,2824.9
83,83 plex,"Vega (0.5xLongPlex, PCR)",no,0.5x,PCR,7.65,11,LongPlex,Takara or Decodifi,50,1.7,56,No,0.7,0,PB,Vega,1100,13.3,32.65,2709.95,34.35,2851.05
84,84 plex,"Vega (0.5xLongPlex, PCR)",no,0.5x,PCR,7.65,11,LongPlex,Takara or Decodifi,50,1.7,56,No,0.7,0,PB,Vega,1100,13.1,32.45,2725.8,34.15,2868.6
85,85 plex,"Vega (0.5xLongPlex, PCR)",no,0.5x,PCR,7.65,11,LongPlex,Takara or Decodifi,50,1.7,56,No,0.7,0,PB,Vega,1100,12.9,32.25,2741.25,33.95,2885.75
86,86 plex,"Vega (0.5xLongPlex, PCR)",no,0.5x,PCR,7.65,11,LongPlex,Takara or Decodifi,50,1.7,56,No,0.7,0,PB,Vega,1100,12.8,32.15,2764.9,33.85,2911.1
87,87 plex,"Vega (0.5xLongPlex, PCR)",no,0.5x,PCR,7.65,11,LongPlex,Takara or Decodifi,50,1.7,56,No,0.6,0,PB,Vega,1100,12.6,31.85,2770.95,33.55,2918.85
88,88 plex,"Vega (0.5xLongPlex, PCR)",no,0.5x,PCR,7.65,11,LongPlex,Takara or Decodifi,50,1.7,56,No,0.6,0,PB,Vega,1100,12.5,31.75,2794,33.45,2943.6
89,89 plex,"Vega (0.5xLongPlex, PCR)",no,0.5x,PCR,7.65,11,LongPlex,Takara or Decodifi,50,1.7,56,No,0.6,0,PB,Vega,1100,12.4,31.65,2816.85,33.35,2968.15
90,90 plex,"Vega (0.5xLongPlex, PCR)",no,0.5x,PCR,7.65,11,LongPlex,Takara or Decodifi,50,1.7,56,No,0.6,0,PB,Vega,1100,12.2,31.45,2830.5,33.15,2983.5
91,91 plex,"Vega (0.5xLongPlex, PCR)",no,0.5x,PCR,7.65,11,LongPlex,Takara or Decodifi,50,1.7,56,No,0.6,0,PB,Vega,1100,12.1,31.35,2852.85,33.05,3007.55
92,92 plex,"Vega (0.5xLongPlex, PCR)",no,0.5x,PCR,7.65,11,LongPlex,Takara or Decodifi,50,1.7,56,No,0.6,0,PB,Vega,1100,12,31.25,2875,32.95,3031.4
93,93 plex,"Vega (0.5xLongPlex, PCR)",no,0.5x,PCR,7.65,11,LongPlex,Takara or Decodifi,50,1.7,56,No,0.6,0,PB,Vega,1100,11.8,31.05,2887.65,32.75,3045.75
94,94 plex,"Vega (0.5xLongPlex, PCR)",no,0.5x,PCR,7.65,11,LongPlex,Takara or Decodifi,50,1.7,56,No,0.6,0,PB,Vega,1100,11.7,30.95,2909.3,32.65,3069.1
95,95 plex,"Vega (0.5xLongPlex, PCR)",no,0.5x,PCR,7.65,11,LongPlex,Takara or Decodifi,50,1.7,56,No,0.6,0,PB,Vega,1100,11.6,30.85,2930.75,32.55,3092.25
96,96 plex,"Vega (0.5xLongPlex, PCR)",no,0.5x,PCR,7.65,11,LongPlex,Takara or Decodifi,50,1.7,56,No,0.6,0,PB,Vega,1100,11.5,30.75,2952,32.45,3115.2
1,1 plex,"Vega (0.25xLongPlex, PCR)",no,0.25x,PCR,7.65,5.5,LongPlex,Takara or Decodifi,50,1.7,56,No,56,0,PB,Vega,1100,1100,1169.15,1169.15,1170.85,1170.85
2,2 plex,"Vega (0.25xLongPlex, PCR)",no,0.25x,PCR,7.65,5.5,LongPlex,Takara or Decodifi,50,1.7,56,No,28,0,PB,Vega,1100,550,591.15,1182.3,592.85,1185.7
3,3 plex,"Vega (0.25xLongPlex, PCR)",no,0.25x,PCR,7.65,5.5,LongPlex,Takara or Decodifi,50,1.7,56,No,18.7,0,PB,Vega,1100,366.7,398.55,1195.65,400.25,1200.75
4,4 plex,"Vega (0.25xLongPlex, PCR)",no,0.25x,PCR,7.65,5.5,LongPlex,Takara or Decodifi,50,1.7,56,No,14,0,PB,Vega,1100,275,302.15,1208.6,303.85,1215.4
5,5 plex,"Vega (0.25xLongPlex, PCR)",no,0.25x,PCR,7.65,5.5,LongPlex,Takara or Decodifi,50,1.7,56,No,11.2,0,PB,Vega,1100,220,244.35,1221.75,246.05,1230.25
6,6 plex,"Vega (0.25xLongPlex, PCR)",no,0.25x,PCR,7.65,5.5,LongPlex,Takara or Decodifi,50,1.7,56,No,9.3,0,PB,Vega,1100,183.3,205.75,1234.5,207.45,1244.7
7,7 plex,"Vega (0.25xLongPlex, PCR)",no,0.25x,PCR,7.65,5.5,LongPlex,Takara or Decodifi,50,1.7,56,No,8,0,PB,Vega,1100,157.1,178.25,1247.75,179.95,1259.65
8,8 plex,"Vega (0.25xLongPlex, PCR)",no,0.25x,PCR,7.65,5.5,LongPlex,Takara or Decodifi,50,1.7,56,No,7,0,PB,Vega,1100,137.5,157.65,1261.2,159.35,1274.8
9,9 plex,"Vega (0.25xLongPlex, PCR)",no,0.25x,PCR,7.65,5.5,LongPlex,Takara or Decodifi,50,1.7,56,No,6.2,0,PB,Vega,1100,122.2,141.55,1273.95,143.25,1289.25
10,10 plex,"Vega (0.25xLongPlex, PCR)",no,0.25x,PCR,7.65,5.5,LongPlex,Takara or Decodifi,50,1.7,56,No,5.6,0,PB,Vega,1100,110,128.75,1287.5,130.45,1304.5
11,11 plex,"Vega (0.25xLongPlex, PCR)",no,0.25x,PCR,7.65,5.5,LongPlex,Takara or Decodifi,50,1.7,56,No,5.1,0,PB,Vega,1100,100,118.25,1300.75,119.95,1319.45
12,12 plex,"Vega (0.25xLongPlex, PCR)",no,0.25x,PCR,7.65,5.5,LongPlex,Takara or Decodifi,50,1.7,56,No,4.7,0,PB,Vega,1100,91.7,109.55,1314.6,111.25,1335
13,13 plex,"Vega (0.25xLongPlex, PCR)",no,0.25x,PCR,7.65,5.5,LongPlex,Takara or Decodifi,50,1.7,56,No,4.3,0,PB,Vega,1100,84.6,102.05,1326.65,103.75,1348.75
14,14 plex,"Vega (0.25xLongPlex, PCR)",no,0.25x,PCR,7.65,5.5,LongPlex,Takara or Decodifi,50,1.7,56,No,4,0,PB,Vega,1100,78.6,95.75,1340.5,97.45,1364.3
15,15 plex,"Vega (0.25xLongPlex, PCR)",no,0.25x,PCR,7.65,5.5,LongPlex,Takara or Decodifi,50,1.7,56,No,3.7,0,PB,Vega,1100,73.3,90.15,1352.25,91.85,1377.75
16,16 plex,"Vega (0.25xLongPlex, PCR)",no,0.25x,PCR,7.65,5.5,LongPlex,Takara or Decodifi,50,1.7,56,No,3.5,0,PB,Vega,1100,68.8,85.45,1367.2,87.15,1394.4
17,17 plex,"Vega (0.25xLongPlex, PCR)",no,0.25x,PCR,7.65,5.5,LongPlex,Takara or Decodifi,50,1.7,56,No,3.3,0,PB,Vega,1100,64.7,81.15,1379.55,82.85,1408.45
18,18 plex,"Vega (0.25xLongPlex, PCR)",no,0.25x,PCR,7.65,5.5,LongPlex,Takara or Decodifi,50,1.7,56,No,3.1,0,PB,Vega,1100,61.1,77.35,1392.3,79.05,1422.9
19,19 plex,"Vega (0.25xLongPlex, PCR)",no,0.25x,PCR,7.65,5.5,LongPlex,Takara or Decodifi,50,1.7,56,No,2.9,0,PB,Vega,1100,57.9,73.95,1405.05,75.65,1437.35
20,20 plex,"Vega (0.25xLongPlex, PCR)",no,0.25x,PCR,7.65,5.5,LongPlex,Takara or Decodifi,50,1.7,56,No,2.8,0,PB,Vega,1100,55,70.95,1419,72.65,1453
21,21 plex,"Vega (0.25xLongPlex, PCR)",no,0.25x,PCR,7.65,5.5,LongPlex,Takara or Decodifi,50,1.7,56,No,2.7,0,PB,Vega,1100,52.4,68.25,1433.25,69.95,1468.95
22,22 plex,"Vega (0.25xLongPlex, PCR)",no,0.25x,PCR,7.65,5.5,LongPlex,Takara or Decodifi,50,1.7,56,No,2.5,0,PB,Vega,1100,50,65.65,1444.3,67.35,1481.7
23,23 plex,"Vega (0.25xLongPlex, PCR)",no,0.25x,PCR,7.65,5.5,LongPlex,Takara or Decodifi,50,1.7,56,No,2.4,0,PB,Vega,1100,47.8,63.35,1457.05,65.05,1496.15
24,24 plex,"Vega (0.25xLongPlex, PCR)",no,0.25x,PCR,7.65,5.5,LongPlex,Takara or Decodifi,50,1.7,56,No,2.3,0,PB,Vega,1100,45.8,61.25,1470,62.95,1510.8
25,25 plex,"Vega (0.25xLongPlex, PCR)",no,0.25x,PCR,7.65,5.5,LongPlex,Takara or Decodifi,50,1.7,56,No,2.2,0,PB,Vega,1100,44,59.35,1483.75,61.05,1526.25
26,26 plex,"Vega (0.25xLongPlex, PCR)",no,0.25x,PCR,7.65,5.5,LongPlex,Takara or Decodifi,50,1.7,56,No,2.2,0,PB,Vega,1100,42.3,57.65,1498.9,59.35,1543.1
27,27 plex,"Vega (0.25xLongPlex, PCR)",no,0.25x,PCR,7.65,5.5,LongPlex,Takara or Decodifi,50,1.7,56,No,2.1,0,PB,Vega,1100,40.7,55.95,1510.65,57.65,1556.55
28,28 plex,"Vega (0.25xLongPlex, PCR)",no,0.25x,PCR,7.65,5.5,LongPlex,Takara or Decodifi,50,1.7,56,No,2,0,PB,Vega,1100,39.3,54.45,1524.6,56.15,1572.2
29,29 plex,"Vega (0.25xLongPlex, PCR)",no,0.25x,PCR,7.65,5.5,LongPlex,Takara or Decodifi,50,1.7,56,No,1.9,0,PB,Vega,1100,37.9,52.95,1535.55,54.65,1584.85
30,30 plex,"Vega (0.25xLongPlex, PCR)",no,0.25x,PCR,7.65,5.5,LongPlex,Takara or Decodifi,50,1.7,56,No,1.9,0,PB,Vega,1100,36.7,51.75,1552.5,53.45,1603.5
31,31 plex,"Vega (0.25xLongPlex, PCR)",no,0.25x,PCR,7.65,5.5,LongPlex,Takara or Decodifi,50,1.7,56,No,1.8,0,PB,Vega,1100,35.5,50.45,1563.95,52.15,1616.65
32,32 plex,"Vega (0.25xLongPlex, PCR)",no,0.25x,PCR,7.65,5.5,LongPlex,Takara or Decodifi,50,1.7,56,No,1.8,0,PB,Vega,1100,34.4,49.35,1579.2,51.05,1633.6
33,33 plex,"Vega (0.25xLongPlex, PCR)",no,0.25x,PCR,7.65,5.5,LongPlex,Takara or Decodifi,50,1.7,56,No,1.7,0,PB,Vega,1100,33.3,48.15,1588.95,49.85,1645.05
34,34 plex,"Vega (0.25xLongPlex, PCR)",no,0.25x,PCR,7.65,5.5,LongPlex,Takara or Decodifi,50,1.7,56,No,1.6,0,PB,Vega,1100,32.4,47.15,1603.1,48.85,1660.9
35,35 plex,"Vega (0.25xLongPlex, PCR)",no,0.25x,PCR,7.65,5.5,LongPlex,Takara or Decodifi,50,1.7,56,No,1.6,0,PB,Vega,1100,31.4,46.15,1615.25,47.85,1674.75
36,36 plex,"Vega (0.25xLongPlex, PCR)",no,0.25x,PCR,7.65,5.5,LongPlex,Takara or Decodifi,50,1.7,56,No,1.6,0,PB,Vega,1100,30.6,45.35,1632.6,47.05,1693.8
37,37 plex,"Vega (0.25xLongPlex, PCR)",no,0.25x,PCR,7.65,5.5,LongPlex,Takara or Decodifi,50,1.7,56,No,1.5,0,PB,Vega,1100,29.7,44.35,1640.95,46.05,1703.85
38,38 plex,"Vega (0.25xLongPlex, PCR)",no,0.25x,PCR,7.65,5.5,LongPlex,Takara or Decodifi,50,1.7,56,No,1.5,0,PB,Vega,1100,28.9,43.55,1654.9,45.25,1719.5
39,39 plex,"Vega (0.25xLongPlex, PCR)",no,0.25x,PCR,7.65,5.5,LongPlex,Takara or Decodifi,50,1.7,56,No,1.4,0,PB,Vega,1100,28.2,42.75,1667.25,44.45,1733.55
40,40 plex,"Vega (0.25xLongPlex, PCR)",no,0.25x,PCR,7.65,5.5,LongPlex,Takara or Decodifi,50,1.7,56,No,1.4,0,PB,Vega,1100,27.5,42.05,1682,43.75,1750
41,41 plex,"Vega (0.25xLongPlex, PCR)",no,0.25x,PCR,7.65,5.5,LongPlex,Takara or Decodifi,50,1.7,56,No,1.4,0,PB,Vega,1100,26.8,41.35,1695.35,43.05,1765.05
42,42 plex,"Vega (0.25xLongPlex, PCR)",no,0.25x,PCR,7.65,5.5,LongPlex,Takara or Decodifi,50,1.7,56,No,1.3,0,PB,Vega,1100,26.2,40.65,1707.3,42.35,1778.7
43,43 plex,"Vega (0.25xLongPlex, PCR)",no,0.25x,PCR,7.65,5.5,LongPlex,Takara or Decodifi,50,1.7,56,No,1.3,0,PB,Vega,1100,25.6,40.05,1722.15,41.75,1795.25
44,44 plex,"Vega (0.25xLongPlex, PCR)",no,0.25x,PCR,7.65,5.5,LongPlex,Takara or Decodifi,50,1.7,56,No,1.3,0,PB,Vega,1100,25,39.45,1735.8,41.15,1810.6
45,45 plex,"Vega (0.25xLongPlex, PCR)",no,0.25x,PCR,7.65,5.5,LongPlex,Takara or Decodifi,50,1.7,56,No,1.2,0,PB,Vega,1100,24.4,38.75,1743.75,40.45,1820.25
46,46 plex,"Vega (0.25xLongPlex, PCR)",no,0.25x,PCR,7.65,5.5,LongPlex,Takara or Decodifi,50,1.7,56,No,1.2,0,PB,Vega,1100,23.9,38.25,1759.5,39.95,1837.7
47,47 plex,"Vega (0.25xLongPlex, PCR)",no,0.25x,PCR,7.65,5.5,LongPlex,Takara or Decodifi,50,1.7,56,No,1.2,0,PB,Vega,1100,23.4,37.75,1774.25,39.45,1854.15
48,48 plex,"Vega (0.25xLongPlex, PCR)",no,0.25x,PCR,7.65,5.5,LongPlex,Takara or Decodifi,50,1.7,56,No,1.2,0,PB,Vega,1100,22.9,37.25,1788,38.95,1869.6
49,49 plex,"Vega (0.25xLongPlex, PCR)",no,0.25x,PCR,7.65,5.5,LongPlex,Takara or Decodifi,50,1.7,56,No,1.1,0,PB,Vega,1100,22.4,36.65,1795.85,38.35,1879.15
50,50 plex,"Vega (0.25xLongPlex, PCR)",no,0.25x,PCR,7.65,5.5,LongPlex,Takara or Decodifi,50,1.7,56,No,1.1,0,PB,Vega,1100,22,36.25,1812.5,37.95,1897.5
51,51 plex,"Vega (0.25xLongPlex, PCR)",no,0.25x,PCR,7.65,5.5,LongPlex,Takara or Decodifi,50,1.7,56,No,1.1,0,PB,Vega,1100,21.6,35.85,1828.35,37.55,1915.05
52,52 plex,"Vega (0.25xLongPlex, PCR)",no,0.25x,PCR,7.65,5.5,LongPlex,Takara or Decodifi,50,1.7,56,No,1.1,0,PB,Vega,1100,21.2,35.45,1843.4,37.15,1931.8
53,53 plex,"Vega (0.25xLongPlex, PCR)",no,0.25x,PCR,7.65,5.5,LongPlex,Takara or Decodifi,50,1.7,56,No,1.1,0,PB,Vega,1100,20.8,35.05,1857.65,36.75,1947.75
54,54 plex,"Vega (0.25xLongPlex, PCR)",no,0.25x,PCR,7.65,5.5,LongPlex,Takara or Decodifi,50,1.7,56,No,1,0,PB,Vega,1100,20.4,34.55,1865.7,36.25,1957.5
55,55 plex,"Vega (0.25xLongPlex, PCR)",no,0.25x,PCR,7.65,5.5,LongPlex,Takara or Decodifi,50,1.7,56,No,1,0,PB,Vega,1100,20,34.15,1878.25,35.85,1971.75
56,56 plex,"Vega (0.25xLongPlex, PCR)",no,0.25x,PCR,7.65,5.5,LongPlex,Takara or Decodifi,50,1.7,56,No,1,0,PB,Vega,1100,19.6,33.75,1890,35.45,1985.2
57,57 plex,"Vega (0.25xLongPlex, PCR)",no,0.25x,PCR,7.65,5.5,LongPlex,Takara or Decodifi,50,1.7,56,No,1,0,PB,Vega,1100,19.3,33.45,1906.65,35.15,2003.55
58,58 plex,"Vega (0.25xLongPlex, PCR)",no,0.25x,PCR,7.65,5.5,LongPlex,Takara or Decodifi,50,1.7,56,No,1,0,PB,Vega,1100,19,33.15,1922.7,34.85,2021.3
59,59 plex,"Vega (0.25xLongPlex, PCR)",no,0.25x,PCR,7.65,5.5,LongPlex,Takara or Decodifi,50,1.7,56,No,0.9,0,PB,Vega,1100,18.6,32.65,1926.35,34.35,2026.65
60,60 plex,"Vega (0.25xLongPlex, PCR)",no,0.25x,PCR,7.65,5.5,LongPlex,Takara or Decodifi,50,1.7,56,No,0.9,0,PB,Vega,1100,18.3,32.35,1941,34.05,2043
61,61 plex,"Vega (0.25xLongPlex, PCR)",no,0.25x,PCR,7.65,5.5,LongPlex,Takara or Decodifi,50,1.7,56,No,0.9,0,PB,Vega,1100,18,32.05,1955.05,33.75,2058.75
62,62 plex,"Vega (0.25xLongPlex, PCR)",no,0.25x,PCR,7.65,5.5,LongPlex,Takara or Decodifi,50,1.7,56,No,0.9,0,PB,Vega,1100,17.7,31.75,1968.5,33.45,2073.9
63,63 plex,"Vega (0.25xLongPlex, PCR)",no,0.25x,PCR,7.65,5.5,LongPlex,Takara or Decodifi,50,1.7,56,No,0.9,0,PB,Vega,1100,17.5,31.55,1987.65,33.25,2094.75
64,64 plex,"Vega (0.25xLongPlex, PCR)",no,0.25x,PCR,7.65,5.5,LongPlex,Takara or Decodifi,50,1.7,56,No,0.9,0,PB,Vega,1100,17.2,31.25,2000,32.95,2108.8
65,65 plex,"Vega (0.25xLongPlex, PCR)",no,0.25x,PCR,7.65,5.5,LongPlex,Takara or Decodifi,50,1.7,56,No,0.9,0,PB,Vega,1100,16.9,30.95,2011.75,32.65,2122.25
66,66 plex,"Vega (0.25xLongPlex, PCR)",no,0.25x,PCR,7.65,5.5,LongPlex,Takara or Decodifi,50,1.7,56,No,0.8,0,PB,Vega,1100,16.7,30.65,2022.9,32.35,2135.1
67,67 plex,"Vega (0.25xLongPlex, PCR)",no,0.25x,PCR,7.65,5.5,LongPlex,Takara or Decodifi,50,1.7,56,No,0.8,0,PB,Vega,1100,16.4,30.35,2033.45,32.05,2147.35
68,68 plex,"Vega (0.25xLongPlex, PCR)",no,0.25x,PCR,7.65,5.5,LongPlex,Takara or Decodifi,50,1.7,56,No,0.8,0,PB,Vega,1100,16.2,30.15,2050.2,31.85,2165.8
69,69 plex,"Vega (0.25xLongPlex, PCR)",no,0.25x,PCR,7.65,5.5,LongPlex,Takara or Decodifi,50,1.7,56,No,0.8,0,PB,Vega,1100,15.9,29.85,2059.65,31.55,2176.95
70,70 plex,"Vega (0.25xLongPlex, PCR)",no,0.25x,PCR,7.65,5.5,LongPlex,Takara or Decodifi,50,1.7,56,No,0.8,0,PB,Vega,1100,15.7,29.65,2075.5,31.35,2194.5
71,71 plex,"Vega (0.25xLongPlex, PCR)",no,0.25x,PCR,7.65,5.5,LongPlex,Takara or Decodifi,50,1.7,56,No,0.8,0,PB,Vega,1100,15.5,29.45,2090.95,31.15,2211.65
72,72 plex,"Vega (0.25xLongPlex, PCR)",no,0.25x,PCR,7.65,5.5,LongPlex,Takara or Decodifi,50,1.7,56,No,0.8,0,PB,Vega,1100,15.3,29.25,2106,30.95,2228.4
73,73 plex,"Vega (0.25xLongPlex, PCR)",no,0.25x,PCR,7.65,5.5,LongPlex,Takara or Decodifi,50,1.7,56,No,0.8,0,PB,Vega,1100,15.1,29.05,2120.65,30.75,2244.75
74,74 plex,"Vega (0.25xLongPlex, PCR)",no,0.25x,PCR,7.65,5.5,LongPlex,Takara or Decodifi,50,1.7,56,No,0.8,0,PB,Vega,1100,14.9,28.85,2134.9,30.55,2260.7
75,75 plex,"Vega (0.25xLongPlex, PCR)",no,0.25x,PCR,7.65,5.5,LongPlex,Takara or Decodifi,50,1.7,56,No,0.7,0,PB,Vega,1100,14.7,28.55,2141.25,30.25,2268.75
76,76 plex,"Vega (0.25xLongPlex, PCR)",no,0.25x,PCR,7.65,5.5,LongPlex,Takara or Decodifi,50,1.7,56,No,0.7,0,PB,Vega,1100,14.5,28.35,2154.6,30.05,2283.8
77,77 plex,"Vega (0.25xLongPlex, PCR)",no,0.25x,PCR,7.65,5.5,LongPlex,Takara or Decodifi,50,1.7,56,No,0.7,0,PB,Vega,1100,14.3,28.15,2167.55,29.85,2298.45
78,78 plex,"Vega (0.25xLongPlex, PCR)",no,0.25x,PCR,7.65,5.5,LongPlex,Takara or Decodifi,50,1.7,56,No,0.7,0,PB,Vega,1100,14.1,27.95,2180.1,29.65,2312.7
79,79 plex,"Vega (0.25xLongPlex, PCR)",no,0.25x,PCR,7.65,5.5,LongPlex,Takara or Decodifi,50,1.7,56,No,0.7,0,PB,Vega,1100,13.9,27.75,2192.25,29.45,2326.55
80,80 plex,"Vega (0.25xLongPlex, PCR)",no,0.25x,PCR,7.65,5.5,LongPlex,Takara or Decodifi,50,1.7,56,No,0.7,0,PB,Vega,1100,13.8,27.65,2212,29.35,2348
81,81 plex,"Vega (0.25xLongPlex, PCR)",no,0.25x,PCR,7.65,5.5,LongPlex,Takara or Decodifi,50,1.7,56,No,0.7,0,PB,Vega,1100,13.6,27.45,2223.45,29.15,2361.15
82,82 plex,"Vega (0.25xLongPlex, PCR)",no,0.25x,PCR,7.65,5.5,LongPlex,Takara or Decodifi,50,1.7,56,No,0.7,0,PB,Vega,1100,13.4,27.25,2234.5,28.95,2373.9
83,83 plex,"Vega (0.25xLongPlex, PCR)",no,0.25x,PCR,7.65,5.5,LongPlex,Takara or Decodifi,50,1.7,56,No,0.7,0,PB,Vega,1100,13.3,27.15,2253.45,28.85,2394.55
84,84 plex,"Vega (0.25xLongPlex, PCR)",no,0.25x,PCR,7.65,5.5,LongPlex,Takara or Decodifi,50,1.7,56,No,0.7,0,PB,Vega,1100,13.1,26.95,2263.8,28.65,2406.6
85,85 plex,"Vega (0.25xLongPlex, PCR)",no,0.25x,PCR,7.65,5.5,LongPlex,Takara or Decodifi,50,1.7,56,No,0.7,0,PB,Vega,1100,12.9,26.75,2273.75,28.45,2418.25
86,86 plex,"Vega (0.25xLongPlex, PCR)",no,0.25x,PCR,7.65,5.5,LongPlex,Takara or Decodifi,50,1.7,56,No,0.7,0,PB,Vega,1100,12.8,26.65,2291.9,28.35,2438.1
87,87 plex,"Vega (0.25xLongPlex, PCR)",no,0.25x,PCR,7.65,5.5,LongPlex,Takara or Decodifi,50,1.7,56,No,0.6,0,PB,Vega,1100,12.6,26.35,2292.45,28.05,2440.35
88,88 plex,"Vega (0.25xLongPlex, PCR)",no,0.25x,PCR,7.65,5.5,LongPlex,Takara or Decodifi,50,1.7,56,No,0.6,0,PB,Vega,1100,12.5,26.25,2310,27.95,2459.6
89,89 plex,"Vega (0.25xLongPlex, PCR)",no,0.25x,PCR,7.65,5.5,LongPlex,Takara or Decodifi,50,1.7,56,No,0.6,0,PB,Vega,1100,12.4,26.15,2327.35,27.85,2478.65
90,90 plex,"Vega (0.25xLongPlex, PCR)",no,0.25x,PCR,7.65,5.5,LongPlex,Takara or Decodifi,50,1.7,56,No,0.6,0,PB,Vega,1100,12.2,25.95,2335.5,27.65,2488.5
91,91 plex,"Vega (0.25xLongPlex, PCR)",no,0.25x,PCR,7.65,5.5,LongPlex,Takara or Decodifi,50,1.7,56,No,0.6,0,PB,Vega,1100,12.1,25.85,2352.35,27.55,2507.05
92,92 plex,"Vega (0.25xLongPlex, PCR)",no,0.25x,PCR,7.65,5.5,LongPlex,Takara or Decodifi,50,1.7,56,No,0.6,0,PB,Vega,1100,12,25.75,2369,27.45,2525.4
93,93 plex,"Vega (0.25xLongPlex, PCR)",no,0.25x,PCR,7.65,5.5,LongPlex,Takara or Decodifi,50,1.7,56,No,0.6,0,PB,Vega,1100,11.8,25.55,2376.15,27.25,2534.25
94,94 plex,"Vega (0.25xLongPlex, PCR)",no,0.25x,PCR,7.65,5.5,LongPlex,Takara or Decodifi,50,1.7,56,No,0.6,0,PB,Vega,1100,11.7,25.45,2392.3,27.15,2552.1
95,95 plex,"Vega (0.25xLongPlex, PCR)",no,0.25x,PCR,7.65,5.5,LongPlex,Takara or Decodifi,50,1.7,56,No,0.6,0,PB,Vega,1100,11.6,25.35,2408.25,27.05,2569.75
96,96 plex,"Vega (0.25xLongPlex, PCR)",no,0.25x,PCR,7.65,5.5,LongPlex,Takara or Decodifi,50,1.7,56,No,0.6,0,PB,Vega,1100,11.5,25.25,2424,26.95,2587.2
1,1 plex,"Revio SPRQ (pipet, PCRfree)",yes,,PCRfree,7.65,0,pipet mix,None,NA,0,39,No,39,6.3,PB,Revio SPRQ,995,995,1047.95,1047.95,1047.95,1047.95
2,2 plex,"Revio SPRQ (pipet, PCRfree)",yes,,PCRfree,7.65,0,pipet mix,None,NA,0,39,No,39,3.15,PB,Revio SPRQ,995,497.5,547.3,1094.6,547.3,1094.6
3,3 plex,"Revio SPRQ (pipet, PCRfree)",yes,,PCRfree,7.65,0,pipet mix,None,NA,0,39,No,39,2.1,PB,Revio SPRQ,995,331.7,380.45,1141.35,380.45,1141.35
4,4 plex,"Revio SPRQ (pipet, PCRfree)",yes,,PCRfree,7.65,0,pipet mix,None,NA,0,39,No,39,1.58,PB,Revio SPRQ,995,248.8,297.03,1188.1,297.03,1188.12
5,5 plex,"Revio SPRQ (pipet, PCRfree)",yes,,PCRfree,7.65,0,pipet mix,None,NA,0,39,No,39,1.26,PB,Revio SPRQ,995,199,246.91,1234.55,246.91,1234.55
6,6 plex,"Revio SPRQ (pipet, PCRfree)",yes,,PCRfree,7.65,0,pipet mix,None,NA,0,39,No,39,1.05,PB,Revio SPRQ,995,165.8,213.5,1281,213.5,1281
7,7 plex,"Revio SPRQ (pipet, PCRfree)",yes,,PCRfree,7.65,0,pipet mix,None,NA,0,39,No,39,0.9,PB,Revio SPRQ,995,142.1,189.65,1327.55,189.65,1327.55
8,8 plex,"Revio SPRQ (pipet, PCRfree)",yes,,PCRfree,7.65,0,pipet mix,None,NA,0,39,No,39,0.79,PB,Revio SPRQ,995,124.4,171.84,1374.7,171.84,1374.72
9,9 plex,"Revio SPRQ (pipet, PCRfree)",yes,,PCRfree,7.65,0,pipet mix,None,NA,0,39,No,39,0.7,PB,Revio SPRQ,995,110.6,157.95,1421.55,157.95,1421.55
10,10 plex,"Revio SPRQ (pipet, PCRfree)",yes,,PCRfree,7.65,0,pipet mix,None,NA,0,39,No,39,0.63,PB,Revio SPRQ,995,99.5,146.78,1467.8,146.78,1467.8
11,11 plex,"Revio SPRQ (pipet, PCRfree)",yes,,PCRfree,7.65,0,pipet mix,None,NA,0,39,No,39,0.57,PB,Revio SPRQ,995,90.5,137.72,1514.95,137.72,1514.92
12,12 plex,"Revio SPRQ (pipet, PCRfree)",yes,,PCRfree,7.65,0,pipet mix,None,NA,0,39,No,39,0.53,PB,Revio SPRQ,995,82.9,130.08,1560.9,130.08,1560.96
13,13 plex,"Revio SPRQ (pipet, PCRfree)",yes,,PCRfree,7.65,0,pipet mix,None,NA,0,39,No,39,0.48,PB,Revio SPRQ,995,76.5,123.63,1607.25,123.63,1607.19
14,14 plex,"Revio SPRQ (pipet, PCRfree)",yes,,PCRfree,7.65,0,pipet mix,None,NA,0,39,No,39,0.45,PB,Revio SPRQ,995,71.1,118.2,1654.8,118.2,1654.8
15,15 plex,"Revio SPRQ (pipet, PCRfree)",yes,,PCRfree,7.65,0,pipet mix,None,NA,0,39,No,39,0.42,PB,Revio SPRQ,995,66.3,113.37,1700.55,113.37,1700.55
16,16 plex,"Revio SPRQ (pipet, PCRfree)",yes,,PCRfree,7.65,0,pipet mix,None,NA,0,39,No,39,0.39,PB,Revio SPRQ,995,62.2,109.24,1747.9,109.24,1747.84
17,17 plex,"Revio SPRQ (pipet, PCRfree)",yes,,PCRfree,7.65,0,pipet mix,None,NA,0,39,No,39,0.37,PB,Revio SPRQ,995,58.5,105.52,1793.85,105.52,1793.84
18,18 plex,"Revio SPRQ (pipet, PCRfree)",yes,,PCRfree,7.65,0,pipet mix,None,NA,0,39,No,39,0.35,PB,Revio SPRQ,995,55.3,102.3,1841.4,102.3,1841.4
19,19 plex,"Revio SPRQ (pipet, PCRfree)",yes,,PCRfree,7.65,0,pipet mix,None,NA,0,39,No,39,0.33,PB,Revio SPRQ,995,52.4,99.38,1888.25,99.38,1888.22
20,20 plex,"Revio SPRQ (pipet, PCRfree)",yes,,PCRfree,7.65,0,pipet mix,None,NA,0,39,No,39,0.32,PB,Revio SPRQ,995,49.8,96.77,1935.3,96.77,1935.4
21,21 plex,"Revio SPRQ (pipet, PCRfree)",yes,,PCRfree,7.65,0,pipet mix,None,NA,0,39,No,39,0.3,PB,Revio SPRQ,995,47.4,94.35,1981.35,94.35,1981.35
22,22 plex,"Revio SPRQ (pipet, PCRfree)",yes,,PCRfree,7.65,0,pipet mix,None,NA,0,39,No,39,0.29,PB,Revio SPRQ,995,45.2,92.14,2027,92.14,2027.08
23,23 plex,"Revio SPRQ (pipet, PCRfree)",yes,,PCRfree,7.65,0,pipet mix,None,NA,0,39,No,39,0.27,PB,Revio SPRQ,995,43.3,90.22,2075.15,90.22,2075.06
24,24 plex,"Revio SPRQ (pipet, PCRfree)",yes,,PCRfree,7.65,0,pipet mix,None,NA,0,39,No,39,0.26,PB,Revio SPRQ,995,41.5,88.41,2121.9,88.41,2121.84
25,25 plex,"Revio SPRQ (pipet, PCRfree)",yes,,PCRfree,7.65,0,pipet mix,None,NA,0,39,No,39,0.25,PB,Revio SPRQ,995,39.8,86.7,2167.55,86.7,2167.5
26,26 plex,"Revio SPRQ (pipet, PCRfree)",yes,,PCRfree,7.65,0,pipet mix,None,NA,0,39,No,39,0.24,PB,Revio SPRQ,995,38.3,85.19,2215,85.19,2214.94
27,27 plex,"Revio SPRQ (pipet, PCRfree)",yes,,PCRfree,7.65,0,pipet mix,None,NA,0,39,No,39,0.23,PB,Revio SPRQ,995,36.9,83.78,2262.15,83.78,2262.06
28,28 plex,"Revio SPRQ (pipet, PCRfree)",yes,,PCRfree,7.65,0,pipet mix,None,NA,0,39,No,39,0.23,PB,Revio SPRQ,995,35.5,82.38,2306.5,82.38,2306.64
29,29 plex,"Revio SPRQ (pipet, PCRfree)",yes,,PCRfree,7.65,0,pipet mix,None,NA,0,39,No,39,0.22,PB,Revio SPRQ,995,34.3,81.17,2353.85,81.17,2353.93
30,30 plex,"Revio SPRQ (pipet, PCRfree)",yes,,PCRfree,7.65,0,pipet mix,None,NA,0,39,No,39,0.21,PB,Revio SPRQ,995,33.2,80.06,2401.8,80.06,2401.8
31,31 plex,"Revio SPRQ (pipet, PCRfree)",yes,,PCRfree,7.65,0,pipet mix,None,NA,0,39,No,39,0.2,PB,Revio SPRQ,995,32.1,78.95,2447.55,78.95,2447.45
32,32 plex,"Revio SPRQ (pipet, PCRfree)",yes,,PCRfree,7.65,0,pipet mix,None,NA,0,39,No,39,0.2,PB,Revio SPRQ,995,31.1,77.95,2494.3,77.95,2494.4
33,33 plex,"Revio SPRQ (pipet, PCRfree)",yes,,PCRfree,7.65,0,pipet mix,None,NA,0,39,No,39,0.19,PB,Revio SPRQ,995,30.2,77.04,2542.35,77.04,2542.32
34,34 plex,"Revio SPRQ (pipet, PCRfree)",yes,,PCRfree,7.65,0,pipet mix,None,NA,0,39,No,39,0.19,PB,Revio SPRQ,995,29.3,76.14,2588.6,76.14,2588.76
35,35 plex,"Revio SPRQ (pipet, PCRfree)",yes,,PCRfree,7.65,0,pipet mix,None,NA,0,39,No,39,0.18,PB,Revio SPRQ,995,28.4,75.23,2633.05,75.23,2633.05
36,36 plex,"Revio SPRQ (pipet, PCRfree)",yes,,PCRfree,7.65,0,pipet mix,None,NA,0,39,No,39,0.18,PB,Revio SPRQ,995,27.6,74.43,2679.3,74.43,2679.48
37,37 plex,"Revio SPRQ (pipet, PCRfree)",yes,,PCRfree,7.65,0,pipet mix,None,NA,0,39,No,39,0.17,PB,Revio SPRQ,995,26.9,73.72,2727.65,73.72,2727.64
38,38 plex,"Revio SPRQ (pipet, PCRfree)",yes,,PCRfree,7.65,0,pipet mix,None,NA,0,39,No,39,0.17,PB,Revio SPRQ,995,26.2,73.02,2774.6,73.02,2774.76
39,39 plex,"Revio SPRQ (pipet, PCRfree)",yes,,PCRfree,7.65,0,pipet mix,None,NA,0,39,No,39,0.16,PB,Revio SPRQ,995,25.5,72.31,2820.15,72.31,2820.09
40,40 plex,"Revio SPRQ (pipet, PCRfree)",yes,,PCRfree,7.65,0,pipet mix,None,NA,0,39,No,39,0.16,PB,Revio SPRQ,995,24.9,71.71,2868.3,71.71,2868.4
41,41 plex,"Revio SPRQ (pipet, PCRfree)",yes,,PCRfree,7.65,0,pipet mix,None,NA,0,39,No,39,0.15,PB,Revio SPRQ,995,24.3,71.1,2915.25,71.1,2915.1
42,42 plex,"Revio SPRQ (pipet, PCRfree)",yes,,PCRfree,7.65,0,pipet mix,None,NA,0,39,No,39,0.15,PB,Revio SPRQ,995,23.7,70.5,2961,70.5,2961
43,43 plex,"Revio SPRQ (pipet, PCRfree)",yes,,PCRfree,7.65,0,pipet mix,None,NA,0,39,No,39,0.15,PB,Revio SPRQ,995,23.1,69.9,3005.55,69.9,3005.7
44,44 plex,"Revio SPRQ (pipet, PCRfree)",yes,,PCRfree,7.65,0,pipet mix,None,NA,0,39,No,39,0.14,PB,Revio SPRQ,995,22.6,69.39,3053.3,69.39,3053.16
45,45 plex,"Revio SPRQ (pipet, PCRfree)",yes,,PCRfree,7.65,0,pipet mix,None,NA,0,39,No,39,0.14,PB,Revio SPRQ,995,22.1,68.89,3100.05,68.89,3100.05
46,46 plex,"Revio SPRQ (pipet, PCRfree)",yes,,PCRfree,7.65,0,pipet mix,None,NA,0,39,No,39,0.14,PB,Revio SPRQ,995,21.6,68.39,3145.8,68.39,3145.94
47,47 plex,"Revio SPRQ (pipet, PCRfree)",yes,,PCRfree,7.65,0,pipet mix,None,NA,0,39,No,39,0.13,PB,Revio SPRQ,995,21.2,67.98,3195.25,67.98,3195.06
48,48 plex,"Revio SPRQ (pipet, PCRfree)",yes,,PCRfree,7.65,0,pipet mix,None,NA,0,39,No,39,0.13,PB,Revio SPRQ,995,20.7,67.48,3239.1,67.48,3239.04
49,49 plex,"Revio SPRQ (pipet, PCRfree)",yes,,PCRfree,7.65,0,pipet mix,None,NA,0,39,No,39,0.13,PB,Revio SPRQ,995,20.3,67.08,3286.85,67.08,3286.92
50,50 plex,"Revio SPRQ (pipet, PCRfree)",yes,,PCRfree,7.65,0,pipet mix,None,NA,0,39,No,39,0.13,PB,Revio SPRQ,995,19.9,66.68,3333.8,66.68,3334
51,51 plex,"Revio SPRQ (pipet, PCRfree)",yes,,PCRfree,7.65,0,pipet mix,None,NA,0,39,No,39,0.12,PB,Revio SPRQ,995,19.5,66.27,3379.95,66.27,3379.77
52,52 plex,"Revio SPRQ (pipet, PCRfree)",yes,,PCRfree,7.65,0,pipet mix,None,NA,0,39,No,39,0.12,PB,Revio SPRQ,995,19.1,65.87,3425.3,65.87,3425.24
53,53 plex,"Revio SPRQ (pipet, PCRfree)",yes,,PCRfree,7.65,0,pipet mix,None,NA,0,39,No,39,0.12,PB,Revio SPRQ,995,18.8,65.57,3475.15,65.57,3475.21
54,54 plex,"Revio SPRQ (pipet, PCRfree)",yes,,PCRfree,7.65,0,pipet mix,None,NA,0,39,No,39,0.12,PB,Revio SPRQ,995,18.4,65.17,3519,65.17,3519.18
55,55 plex,"Revio SPRQ (pipet, PCRfree)",yes,,PCRfree,7.65,0,pipet mix,None,NA,0,39,No,39,0.11,PB,Revio SPRQ,995,18.1,64.86,3567.55,64.86,3567.3
56,56 plex,"Revio SPRQ (pipet, PCRfree)",yes,,PCRfree,7.65,0,pipet mix,None,NA,0,39,No,39,0.11,PB,Revio SPRQ,995,17.8,64.56,3615.5,64.56,3615.36
57,57 plex,"Revio SPRQ (pipet, PCRfree)",yes,,PCRfree,7.65,0,pipet mix,None,NA,0,39,No,39,0.11,PB,Revio SPRQ,995,17.5,64.26,3662.85,64.26,3662.82
58,58 plex,"Revio SPRQ (pipet, PCRfree)",yes,,PCRfree,7.65,0,pipet mix,None,NA,0,39,No,39,0.11,PB,Revio SPRQ,995,17.2,63.96,3709.6,63.96,3709.68
59,59 plex,"Revio SPRQ (pipet, PCRfree)",yes,,PCRfree,7.65,0,pipet mix,None,NA,0,39,No,39,0.11,PB,Revio SPRQ,995,16.9,63.66,3755.75,63.66,3755.94
60,60 plex,"Revio SPRQ (pipet, PCRfree)",yes,,PCRfree,7.65,0,pipet mix,None,NA,0,39,No,39,0.11,PB,Revio SPRQ,995,16.6,63.36,3801.3,63.36,3801.6
61,61 plex,"Revio SPRQ (pipet, PCRfree)",yes,,PCRfree,7.65,0,pipet mix,None,NA,0,39,No,39,0.1,PB,Revio SPRQ,995,16.3,63.05,3846.25,63.05,3846.05
62,62 plex,"Revio SPRQ (pipet, PCRfree)",yes,,PCRfree,7.65,0,pipet mix,None,NA,0,39,No,39,0.1,PB,Revio SPRQ,995,16,62.75,3890.6,62.75,3890.5
63,63 plex,"Revio SPRQ (pipet, PCRfree)",yes,,PCRfree,7.65,0,pipet mix,None,NA,0,39,No,39,0.1,PB,Revio SPRQ,995,15.8,62.55,3940.65,62.55,3940.65
64,64 plex,"Revio SPRQ (pipet, PCRfree)",yes,,PCRfree,7.65,0,pipet mix,None,NA,0,39,No,39,0.1,PB,Revio SPRQ,995,15.5,62.25,3983.9,62.25,3984
65,65 plex,"Revio SPRQ (pipet, PCRfree)",yes,,PCRfree,7.65,0,pipet mix,None,NA,0,39,No,39,0.1,PB,Revio SPRQ,995,15.3,62.05,4033.05,62.05,4033.25
66,66 plex,"Revio SPRQ (pipet, PCRfree)",yes,,PCRfree,7.65,0,pipet mix,None,NA,0,39,No,39,0.1,PB,Revio SPRQ,995,15.1,61.85,4081.8,61.85,4082.1
67,67 plex,"Revio SPRQ (pipet, PCRfree)",yes,,PCRfree,7.65,0,pipet mix,None,NA,0,39,No,39,0.09,PB,Revio SPRQ,995,14.9,61.64,4130.15,61.64,4129.88
68,68 plex,"Revio SPRQ (pipet, PCRfree)",yes,,PCRfree,7.65,0,pipet mix,None,NA,0,39,No,39,0.09,PB,Revio SPRQ,995,14.6,61.34,4171.3,61.34,4171.12
69,69 plex,"Revio SPRQ (pipet, PCRfree)",yes,,PCRfree,7.65,0,pipet mix,None,NA,0,39,No,39,0.09,PB,Revio SPRQ,995,14.4,61.14,4218.75,61.14,4218.66
70,70 plex,"Revio SPRQ (pipet, PCRfree)",yes,,PCRfree,7.65,0,pipet mix,None,NA,0,39,No,39,0.09,PB,Revio SPRQ,995,14.2,60.94,4265.8,60.94,4265.8
71,71 plex,"Revio SPRQ (pipet, PCRfree)",yes,,PCRfree,7.65,0,pipet mix,None,NA,0,39,No,39,0.09,PB,Revio SPRQ,995,14,60.74,4312.45,60.74,4312.54
72,72 plex,"Revio SPRQ (pipet, PCRfree)",yes,,PCRfree,7.65,0,pipet mix,None,NA,0,39,No,39,0.09,PB,Revio SPRQ,995,13.8,60.54,4358.7,60.54,4358.88
73,73 plex,"Revio SPRQ (pipet, PCRfree)",yes,,PCRfree,7.65,0,pipet mix,None,NA,0,39,No,39,0.09,PB,Revio SPRQ,995,13.6,60.34,4404.55,60.34,4404.82
74,74 plex,"Revio SPRQ (pipet, PCRfree)",yes,,PCRfree,7.65,0,pipet mix,None,NA,0,39,No,39,0.09,PB,Revio SPRQ,995,13.4,60.14,4450,60.14,4450.36
75,75 plex,"Revio SPRQ (pipet, PCRfree)",yes,,PCRfree,7.65,0,pipet mix,None,NA,0,39,No,39,0.08,PB,Revio SPRQ,995,13.3,60.03,4502.55,60.03,4502.25
76,76 plex,"Revio SPRQ (pipet, PCRfree)",yes,,PCRfree,7.65,0,pipet mix,None,NA,0,39,No,39,0.08,PB,Revio SPRQ,995,13.1,59.83,4547.3,59.83,4547.08
77,77 plex,"Revio SPRQ (pipet, PCRfree)",yes,,PCRfree,7.65,0,pipet mix,None,NA,0,39,No,39,0.08,PB,Revio SPRQ,995,12.9,59.63,4591.65,59.63,4591.51
78,78 plex,"Revio SPRQ (pipet, PCRfree)",yes,,PCRfree,7.65,0,pipet mix,None,NA,0,39,No,39,0.08,PB,Revio SPRQ,995,12.8,59.53,4643.4,59.53,4643.34
79,79 plex,"Revio SPRQ (pipet, PCRfree)",yes,,PCRfree,7.65,0,pipet mix,None,NA,0,39,No,39,0.08,PB,Revio SPRQ,995,12.6,59.33,4687.05,59.33,4687.07
80,80 plex,"Revio SPRQ (pipet, PCRfree)",yes,,PCRfree,7.65,0,pipet mix,None,NA,0,39,No,39,0.08,PB,Revio SPRQ,995,12.4,59.13,4730.3,59.13,4730.4
81,81 plex,"Revio SPRQ (pipet, PCRfree)",yes,,PCRfree,7.65,0,pipet mix,None,NA,0,39,No,39,0.08,PB,Revio SPRQ,995,12.3,59.03,4781.25,59.03,4781.43
82,82 plex,"Revio SPRQ (pipet, PCRfree)",yes,,PCRfree,7.65,0,pipet mix,None,NA,0,39,No,39,0.08,PB,Revio SPRQ,995,12.1,58.83,4823.8,58.83,4824.06
83,83 plex,"Revio SPRQ (pipet, PCRfree)",yes,,PCRfree,7.65,0,pipet mix,None,NA,0,39,No,39,0.08,PB,Revio SPRQ,995,12,58.73,4874.25,58.73,4874.59
84,84 plex,"Revio SPRQ (pipet, PCRfree)",yes,,PCRfree,7.65,0,pipet mix,None,NA,0,39,No,39,0.08,PB,Revio SPRQ,995,11.8,58.53,4916.1,58.53,4916.52
85,85 plex,"Revio SPRQ (pipet, PCRfree)",yes,,PCRfree,7.65,0,pipet mix,None,NA,0,39,No,39,0.07,PB,Revio SPRQ,995,11.7,58.42,4966.05,58.42,4965.7
86,86 plex,"Revio SPRQ (pipet, PCRfree)",yes,,PCRfree,7.65,0,pipet mix,None,NA,0,39,No,39,0.07,PB,Revio SPRQ,995,11.6,58.32,5015.8,58.32,5015.52
87,87 plex,"Revio SPRQ (pipet, PCRfree)",yes,,PCRfree,7.65,0,pipet mix,None,NA,0,39,No,39,0.07,PB,Revio SPRQ,995,11.4,58.12,5056.65,58.12,5056.44
88,88 plex,"Revio SPRQ (pipet, PCRfree)",yes,,PCRfree,7.65,0,pipet mix,None,NA,0,39,No,39,0.07,PB,Revio SPRQ,995,11.3,58.02,5105.9,58.02,5105.76
89,89 plex,"Revio SPRQ (pipet, PCRfree)",yes,,PCRfree,7.65,0,pipet mix,None,NA,0,39,No,39,0.07,PB,Revio SPRQ,995,11.2,57.92,5154.95,57.92,5154.88
90,90 plex,"Revio SPRQ (pipet, PCRfree)",yes,,PCRfree,7.65,0,pipet mix,None,NA,0,39,No,39,0.07,PB,Revio SPRQ,995,11.1,57.82,5203.8,57.82,5203.8
91,91 plex,"Revio SPRQ (pipet, PCRfree)",yes,,PCRfree,7.65,0,pipet mix,None,NA,0,39,No,39,0.07,PB,Revio SPRQ,995,10.9,57.62,5243.35,57.62,5243.42
92,92 plex,"Revio SPRQ (pipet, PCRfree)",yes,,PCRfree,7.65,0,pipet mix,None,NA,0,39,No,39,0.07,PB,Revio SPRQ,995,10.8,57.52,5291.7,57.52,5291.84
93,93 plex,"Revio SPRQ (pipet, PCRfree)",yes,,PCRfree,7.65,0,pipet mix,None,NA,0,39,No,39,0.07,PB,Revio SPRQ,995,10.7,57.42,5339.85,57.42,5340.06
94,94 plex,"Revio SPRQ (pipet, PCRfree)",yes,,PCRfree,7.65,0,pipet mix,None,NA,0,39,No,39,0.07,PB,Revio SPRQ,995,10.6,57.32,5387.8,57.32,5388.08
95,95 plex,"Revio SPRQ (pipet, PCRfree)",yes,,PCRfree,7.65,0,pipet mix,None,NA,0,39,No,39,0.07,PB,Revio SPRQ,995,10.5,57.22,5435.55,57.22,5435.9
96,96 plex,"Revio SPRQ (pipet, PCRfree)",yes,,PCRfree,7.65,0,pipet mix,None,NA,0,39,No,39,0.07,PB,Revio SPRQ,995,10.4,57.12,5483.1,57.12,5483.52
1,1 plex,"Vega (pipet, PCRfree)",yes,,PCRfree,7.65,0,pipet mix,None,NA,0,39,No,39,6.3,PB,Vega,1100,1100,1152.95,1152.95,1152.95,1152.95
2,2 plex,"Vega (pipet, PCRfree)",yes,,PCRfree,7.65,0,pipet mix,None,NA,0,39,No,39,3.15,PB,Vega,1100,550,599.8,1199.6,599.8,1199.6
3,3 plex,"Vega (pipet, PCRfree)",yes,,PCRfree,7.65,0,pipet mix,None,NA,0,39,No,39,2.1,PB,Vega,1100,366.7,415.45,1246.35,415.45,1246.35
4,4 plex,"Vega (pipet, PCRfree)",yes,,PCRfree,7.65,0,pipet mix,None,NA,0,39,No,39,1.58,PB,Vega,1100,275,323.23,1292.9,323.23,1292.92
5,5 plex,"Vega (pipet, PCRfree)",yes,,PCRfree,7.65,0,pipet mix,None,NA,0,39,No,39,1.26,PB,Vega,1100,220,267.91,1339.55,267.91,1339.55
6,6 plex,"Vega (pipet, PCRfree)",yes,,PCRfree,7.65,0,pipet mix,None,NA,0,39,No,39,1.05,PB,Vega,1100,183.3,231,1386,231,1386
7,7 plex,"Vega (pipet, PCRfree)",yes,,PCRfree,7.65,0,pipet mix,None,NA,0,39,No,39,0.9,PB,Vega,1100,157.1,204.65,1432.55,204.65,1432.55
8,8 plex,"Vega (pipet, PCRfree)",yes,,PCRfree,7.65,0,pipet mix,None,NA,0,39,No,39,0.79,PB,Vega,1100,137.5,184.94,1479.5,184.94,1479.52
9,9 plex,"Vega (pipet, PCRfree)",yes,,PCRfree,7.65,0,pipet mix,None,NA,0,39,No,39,0.7,PB,Vega,1100,122.2,169.55,1525.95,169.55,1525.95
10,10 plex,"Vega (pipet, PCRfree)",yes,,PCRfree,7.65,0,pipet mix,None,NA,0,39,No,39,0.63,PB,Vega,1100,110,157.28,1572.8,157.28,1572.8
11,11 plex,"Vega (pipet, PCRfree)",yes,,PCRfree,7.65,0,pipet mix,None,NA,0,39,No,39,0.57,PB,Vega,1100,100,147.22,1619.45,147.22,1619.42
12,12 plex,"Vega (pipet, PCRfree)",yes,,PCRfree,7.65,0,pipet mix,None,NA,0,39,No,39,0.53,PB,Vega,1100,91.7,138.88,1666.5,138.88,1666.56
13,13 plex,"Vega (pipet, PCRfree)",yes,,PCRfree,7.65,0,pipet mix,None,NA,0,39,No,39,0.48,PB,Vega,1100,84.6,131.73,1712.55,131.73,1712.49
14,14 plex,"Vega (pipet, PCRfree)",yes,,PCRfree,7.65,0,pipet mix,None,NA,0,39,No,39,0.45,PB,Vega,1100,78.6,125.7,1759.8,125.7,1759.8
15,15 plex,"Vega (pipet, PCRfree)",yes,,PCRfree,7.65,0,pipet mix,None,NA,0,39,No,39,0.42,PB,Vega,1100,73.3,120.37,1805.55,120.37,1805.55
16,16 plex,"Vega (pipet, PCRfree)",yes,,PCRfree,7.65,0,pipet mix,None,NA,0,39,No,39,0.39,PB,Vega,1100,68.8,115.84,1853.5,115.84,1853.44
17,17 plex,"Vega (pipet, PCRfree)",yes,,PCRfree,7.65,0,pipet mix,None,NA,0,39,No,39,0.37,PB,Vega,1100,64.7,111.72,1899.25,111.72,1899.24
18,18 plex,"Vega (pipet, PCRfree)",yes,,PCRfree,7.65,0,pipet mix,None,NA,0,39,No,39,0.35,PB,Vega,1100,61.1,108.1,1945.8,108.1,1945.8
19,19 plex,"Vega (pipet, PCRfree)",yes,,PCRfree,7.65,0,pipet mix,None,NA,0,39,No,39,0.33,PB,Vega,1100,57.9,104.88,1992.75,104.88,1992.72
20,20 plex,"Vega (pipet, PCRfree)",yes,,PCRfree,7.65,0,pipet mix,None,NA,0,39,No,39,0.32,PB,Vega,1100,55,101.97,2039.3,101.97,2039.4
21,21 plex,"Vega (pipet, PCRfree)",yes,,PCRfree,7.65,0,pipet mix,None,NA,0,39,No,39,0.3,PB,Vega,1100,52.4,99.35,2086.35,99.35,2086.35
22,22 plex,"Vega (pipet, PCRfree)",yes,,PCRfree,7.65,0,pipet mix,None,NA,0,39,No,39,0.29,PB,Vega,1100,50,96.94,2132.6,96.94,2132.68
23,23 plex,"Vega (pipet, PCRfree)",yes,,PCRfree,7.65,0,pipet mix,None,NA,0,39,No,39,0.27,PB,Vega,1100,47.8,94.72,2178.65,94.72,2178.56
24,24 plex,"Vega (pipet, PCRfree)",yes,,PCRfree,7.65,0,pipet mix,None,NA,0,39,No,39,0.26,PB,Vega,1100,45.8,92.71,2225.1,92.71,2225.04
25,25 plex,"Vega (pipet, PCRfree)",yes,,PCRfree,7.65,0,pipet mix,None,NA,0,39,No,39,0.25,PB,Vega,1100,44,90.9,2272.55,90.9,2272.5
26,26 plex,"Vega (pipet, PCRfree)",yes,,PCRfree,7.65,0,pipet mix,None,NA,0,39,No,39,0.24,PB,Vega,1100,42.3,89.19,2319,89.19,2318.94
27,27 plex,"Vega (pipet, PCRfree)",yes,,PCRfree,7.65,0,pipet mix,None,NA,0,39,No,39,0.23,PB,Vega,1100,40.7,87.58,2364.75,87.58,2364.66
28,28 plex,"Vega (pipet, PCRfree)",yes,,PCRfree,7.65,0,pipet mix,None,NA,0,39,No,39,0.23,PB,Vega,1100,39.3,86.18,2412.9,86.18,2413.04
29,29 plex,"Vega (pipet, PCRfree)",yes,,PCRfree,7.65,0,pipet mix,None,NA,0,39,No,39,0.22,PB,Vega,1100,37.9,84.77,2458.25,84.77,2458.33
30,30 plex,"Vega (pipet, PCRfree)",yes,,PCRfree,7.65,0,pipet mix,None,NA,0,39,No,39,0.21,PB,Vega,1100,36.7,83.56,2506.8,83.56,2506.8
31,31 plex,"Vega (pipet, PCRfree)",yes,,PCRfree,7.65,0,pipet mix,None,NA,0,39,No,39,0.2,PB,Vega,1100,35.5,82.35,2552.95,82.35,2552.85
32,32 plex,"Vega (pipet, PCRfree)",yes,,PCRfree,7.65,0,pipet mix,None,NA,0,39,No,39,0.2,PB,Vega,1100,34.4,81.25,2599.9,81.25,2600
33,33 plex,"Vega (pipet, PCRfree)",yes,,PCRfree,7.65,0,pipet mix,None,NA,0,39,No,39,0.19,PB,Vega,1100,33.3,80.14,2644.65,80.14,2644.62
34,34 plex,"Vega (pipet, PCRfree)",yes,,PCRfree,7.65,0,pipet mix,None,NA,0,39,No,39,0.19,PB,Vega,1100,32.4,79.24,2694,79.24,2694.16
35,35 plex,"Vega (pipet, PCRfree)",yes,,PCRfree,7.65,0,pipet mix,None,NA,0,39,No,39,0.18,PB,Vega,1100,31.4,78.23,2738.05,78.23,2738.05
36,36 plex,"Vega (pipet, PCRfree)",yes,,PCRfree,7.65,0,pipet mix,None,NA,0,39,No,39,0.18,PB,Vega,1100,30.6,77.43,2787.3,77.43,2787.48
37,37 plex,"Vega (pipet, PCRfree)",yes,,PCRfree,7.65,0,pipet mix,None,NA,0,39,No,39,0.17,PB,Vega,1100,29.7,76.52,2831.25,76.52,2831.24
38,38 plex,"Vega (pipet, PCRfree)",yes,,PCRfree,7.65,0,pipet mix,None,NA,0,39,No,39,0.17,PB,Vega,1100,28.9,75.72,2877.2,75.72,2877.36
39,39 plex,"Vega (pipet, PCRfree)",yes,,PCRfree,7.65,0,pipet mix,None,NA,0,39,No,39,0.16,PB,Vega,1100,28.2,75.01,2925.45,75.01,2925.39
40,40 plex,"Vega (pipet, PCRfree)",yes,,PCRfree,7.65,0,pipet mix,None,NA,0,39,No,39,0.16,PB,Vega,1100,27.5,74.31,2972.3,74.31,2972.4
41,41 plex,"Vega (pipet, PCRfree)",yes,,PCRfree,7.65,0,pipet mix,None,NA,0,39,No,39,0.15,PB,Vega,1100,26.8,73.6,3017.75,73.6,3017.6
42,42 plex,"Vega (pipet, PCRfree)",yes,,PCRfree,7.65,0,pipet mix,None,NA,0,39,No,39,0.15,PB,Vega,1100,26.2,73,3066,73,3066
43,43 plex,"Vega (pipet, PCRfree)",yes,,PCRfree,7.65,0,pipet mix,None,NA,0,39,No,39,0.15,PB,Vega,1100,25.6,72.4,3113.05,72.4,3113.2
44,44 plex,"Vega (pipet, PCRfree)",yes,,PCRfree,7.65,0,pipet mix,None,NA,0,39,No,39,0.14,PB,Vega,1100,25,71.79,3158.9,71.79,3158.76
45,45 plex,"Vega (pipet, PCRfree)",yes,,PCRfree,7.65,0,pipet mix,None,NA,0,39,No,39,0.14,PB,Vega,1100,24.4,71.19,3203.55,71.19,3203.55
46,46 plex,"Vega (pipet, PCRfree)",yes,,PCRfree,7.65,0,pipet mix,None,NA,0,39,No,39,0.14,PB,Vega,1100,23.9,70.69,3251.6,70.69,3251.74
47,47 plex,"Vega (pipet, PCRfree)",yes,,PCRfree,7.65,0,pipet mix,None,NA,0,39,No,39,0.13,PB,Vega,1100,23.4,70.18,3298.65,70.18,3298.46
48,48 plex,"Vega (pipet, PCRfree)",yes,,PCRfree,7.65,0,pipet mix,None,NA,0,39,No,39,0.13,PB,Vega,1100,22.9,69.68,3344.7,69.68,3344.64
49,49 plex,"Vega (pipet, PCRfree)",yes,,PCRfree,7.65,0,pipet mix,None,NA,0,39,No,39,0.13,PB,Vega,1100,22.4,69.18,3389.75,69.18,3389.82
50,50 plex,"Vega (pipet, PCRfree)",yes,,PCRfree,7.65,0,pipet mix,None,NA,0,39,No,39,0.13,PB,Vega,1100,22,68.78,3438.8,68.78,3439
51,51 plex,"Vega (pipet, PCRfree)",yes,,PCRfree,7.65,0,pipet mix,None,NA,0,39,No,39,0.12,PB,Vega,1100,21.6,68.37,3487.05,68.37,3486.87
52,52 plex,"Vega (pipet, PCRfree)",yes,,PCRfree,7.65,0,pipet mix,None,NA,0,39,No,39,0.12,PB,Vega,1100,21.2,67.97,3534.5,67.97,3534.44
53,53 plex,"Vega (pipet, PCRfree)",yes,,PCRfree,7.65,0,pipet mix,None,NA,0,39,No,39,0.12,PB,Vega,1100,20.8,67.57,3581.15,67.57,3581.21
54,54 plex,"Vega (pipet, PCRfree)",yes,,PCRfree,7.65,0,pipet mix,None,NA,0,39,No,39,0.12,PB,Vega,1100,20.4,67.17,3627,67.17,3627.18
55,55 plex,"Vega (pipet, PCRfree)",yes,,PCRfree,7.65,0,pipet mix,None,NA,0,39,No,39,0.11,PB,Vega,1100,20,66.76,3672.05,66.76,3671.8
56,56 plex,"Vega (pipet, PCRfree)",yes,,PCRfree,7.65,0,pipet mix,None,NA,0,39,No,39,0.11,PB,Vega,1100,19.6,66.36,3716.3,66.36,3716.16
57,57 plex,"Vega (pipet, PCRfree)",yes,,PCRfree,7.65,0,pipet mix,None,NA,0,39,No,39,0.11,PB,Vega,1100,19.3,66.06,3765.45,66.06,3765.42
58,58 plex,"Vega (pipet, PCRfree)",yes,,PCRfree,7.65,0,pipet mix,None,NA,0,39,No,39,0.11,PB,Vega,1100,19,65.76,3814,65.76,3814.08
59,59 plex,"Vega (pipet, PCRfree)",yes,,PCRfree,7.65,0,pipet mix,None,NA,0,39,No,39,0.11,PB,Vega,1100,18.6,65.36,3856.05,65.36,3856.24
60,60 plex,"Vega (pipet, PCRfree)",yes,,PCRfree,7.65,0,pipet mix,None,NA,0,39,No,39,0.11,PB,Vega,1100,18.3,65.06,3903.3,65.06,3903.6
61,61 plex,"Vega (pipet, PCRfree)",yes,,PCRfree,7.65,0,pipet mix,None,NA,0,39,No,39,0.1,PB,Vega,1100,18,64.75,3949.95,64.75,3949.75
62,62 plex,"Vega (pipet, PCRfree)",yes,,PCRfree,7.65,0,pipet mix,None,NA,0,39,No,39,0.1,PB,Vega,1100,17.7,64.45,3996,64.45,3995.9
63,63 plex,"Vega (pipet, PCRfree)",yes,,PCRfree,7.65,0,pipet mix,None,NA,0,39,No,39,0.1,PB,Vega,1100,17.5,64.25,4047.75,64.25,4047.75
64,64 plex,"Vega (pipet, PCRfree)",yes,,PCRfree,7.65,0,pipet mix,None,NA,0,39,No,39,0.1,PB,Vega,1100,17.2,63.95,4092.7,63.95,4092.8
65,65 plex,"Vega (pipet, PCRfree)",yes,,PCRfree,7.65,0,pipet mix,None,NA,0,39,No,39,0.1,PB,Vega,1100,16.9,63.65,4137.05,63.65,4137.25
66,66 plex,"Vega (pipet, PCRfree)",yes,,PCRfree,7.65,0,pipet mix,None,NA,0,39,No,39,0.1,PB,Vega,1100,16.7,63.45,4187.4,63.45,4187.7
67,67 plex,"Vega (pipet, PCRfree)",yes,,PCRfree,7.65,0,pipet mix,None,NA,0,39,No,39,0.09,PB,Vega,1100,16.4,63.14,4230.65,63.14,4230.38
68,68 plex,"Vega (pipet, PCRfree)",yes,,PCRfree,7.65,0,pipet mix,None,NA,0,39,No,39,0.09,PB,Vega,1100,16.2,62.94,4280.1,62.94,4279.92
69,69 plex,"Vega (pipet, PCRfree)",yes,,PCRfree,7.65,0,pipet mix,None,NA,0,39,No,39,0.09,PB,Vega,1100,15.9,62.64,4322.25,62.64,4322.16
70,70 plex,"Vega (pipet, PCRfree)",yes,,PCRfree,7.65,0,pipet mix,None,NA,0,39,No,39,0.09,PB,Vega,1100,15.7,62.44,4370.8,62.44,4370.8
71,71 plex,"Vega (pipet, PCRfree)",yes,,PCRfree,7.65,0,pipet mix,None,NA,0,39,No,39,0.09,PB,Vega,1100,15.5,62.24,4418.95,62.24,4419.04
72,72 plex,"Vega (pipet, PCRfree)",yes,,PCRfree,7.65,0,pipet mix,None,NA,0,39,No,39,0.09,PB,Vega,1100,15.3,62.04,4466.7,62.04,4466.88
73,73 plex,"Vega (pipet, PCRfree)",yes,,PCRfree,7.65,0,pipet mix,None,NA,0,39,No,39,0.09,PB,Vega,1100,15.1,61.84,4514.05,61.84,4514.32
74,74 plex,"Vega (pipet, PCRfree)",yes,,PCRfree,7.65,0,pipet mix,None,NA,0,39,No,39,0.09,PB,Vega,1100,14.9,61.64,4561,61.64,4561.36
75,75 plex,"Vega (pipet, PCRfree)",yes,,PCRfree,7.65,0,pipet mix,None,NA,0,39,No,39,0.08,PB,Vega,1100,14.7,61.43,4607.55,61.43,4607.25
76,76 plex,"Vega (pipet, PCRfree)",yes,,PCRfree,7.65,0,pipet mix,None,NA,0,39,No,39,0.08,PB,Vega,1100,14.5,61.23,4653.7,61.23,4653.48
77,77 plex,"Vega (pipet, PCRfree)",yes,,PCRfree,7.65,0,pipet mix,None,NA,0,39,No,39,0.08,PB,Vega,1100,14.3,61.03,4699.45,61.03,4699.31
78,78 plex,"Vega (pipet, PCRfree)",yes,,PCRfree,7.65,0,pipet mix,None,NA,0,39,No,39,0.08,PB,Vega,1100,14.1,60.83,4744.8,60.83,4744.74
79,79 plex,"Vega (pipet, PCRfree)",yes,,PCRfree,7.65,0,pipet mix,None,NA,0,39,No,39,0.08,PB,Vega,1100,13.9,60.63,4789.75,60.63,4789.77
80,80 plex,"Vega (pipet, PCRfree)",yes,,PCRfree,7.65,0,pipet mix,None,NA,0,39,No,39,0.08,PB,Vega,1100,13.8,60.53,4842.3,60.53,4842.4
81,81 plex,"Vega (pipet, PCRfree)",yes,,PCRfree,7.65,0,pipet mix,None,NA,0,39,No,39,0.08,PB,Vega,1100,13.6,60.33,4886.55,60.33,4886.73
82,82 plex,"Vega (pipet, PCRfree)",yes,,PCRfree,7.65,0,pipet mix,None,NA,0,39,No,39,0.08,PB,Vega,1100,13.4,60.13,4930.4,60.13,4930.66
83,83 plex,"Vega (pipet, PCRfree)",yes,,PCRfree,7.65,0,pipet mix,None,NA,0,39,No,39,0.08,PB,Vega,1100,13.3,60.03,4982.15,60.03,4982.49
84,84 plex,"Vega (pipet, PCRfree)",yes,,PCRfree,7.65,0,pipet mix,None,NA,0,39,No,39,0.08,PB,Vega,1100,13.1,59.83,5025.3,59.83,5025.72
85,85 plex,"Vega (pipet, PCRfree)",yes,,PCRfree,7.65,0,pipet mix,None,NA,0,39,No,39,0.07,PB,Vega,1100,12.9,59.62,5068.05,59.62,5067.7
86,86 plex,"Vega (pipet, PCRfree)",yes,,PCRfree,7.65,0,pipet mix,None,NA,0,39,No,39,0.07,PB,Vega,1100,12.8,59.52,5119,59.52,5118.72
87,87 plex,"Vega (pipet, PCRfree)",yes,,PCRfree,7.65,0,pipet mix,None,NA,0,39,No,39,0.07,PB,Vega,1100,12.6,59.32,5161.05,59.32,5160.84
88,88 plex,"Vega (pipet, PCRfree)",yes,,PCRfree,7.65,0,pipet mix,None,NA,0,39,No,39,0.07,PB,Vega,1100,12.5,59.22,5211.5,59.22,5211.36
89,89 plex,"Vega (pipet, PCRfree)",yes,,PCRfree,7.65,0,pipet mix,None,NA,0,39,No,39,0.07,PB,Vega,1100,12.4,59.12,5261.75,59.12,5261.68
90,90 plex,"Vega (pipet, PCRfree)",yes,,PCRfree,7.65,0,pipet mix,None,NA,0,39,No,39,0.07,PB,Vega,1100,12.2,58.92,5302.8,58.92,5302.8
91,91 plex,"Vega (pipet, PCRfree)",yes,,PCRfree,7.65,0,pipet mix,None,NA,0,39,No,39,0.07,PB,Vega,1100,12.1,58.82,5352.55,58.82,5352.62
92,92 plex,"Vega (pipet, PCRfree)",yes,,PCRfree,7.65,0,pipet mix,None,NA,0,39,No,39,0.07,PB,Vega,1100,12,58.72,5402.1,58.72,5402.24
93,93 plex,"Vega (pipet, PCRfree)",yes,,PCRfree,7.65,0,pipet mix,None,NA,0,39,No,39,0.07,PB,Vega,1100,11.8,58.52,5442.15,58.52,5442.36
94,94 plex,"Vega (pipet, PCRfree)",yes,,PCRfree,7.65,0,pipet mix,None,NA,0,39,No,39,0.07,PB,Vega,1100,11.7,58.42,5491.2,58.42,5491.48
95,95 plex,"Vega (pipet, PCRfree)",yes,,PCRfree,7.65,0,pipet mix,None,NA,0,39,No,39,0.07,PB,Vega,1100,11.6,58.32,5540.05,58.32,5540.4
96,96 plex,"Vega (pipet, PCRfree)",yes,,PCRfree,7.65,0,pipet mix,None,NA,0,39,No,39,0.07,PB,Vega,1100,11.5,58.22,5588.7,58.22,5589.12