Sample_Name,Assembly_Name,pb_barcode,origin,run_id,dna_input_ng,name_short_3,mastermix_simple,PCR_Cycles,Shearing,qiagen_cleanup,library_prep_type,MAG_Name,Completeness,Contamination,Completeness_Model_Used,Translation_Table_Used,Coding_Density,Contig_N50,Average_Gene_Length,Genome_Size,GC_Content,Total_Coding_Sequences,Total_Contigs,Max_Contig_Length,Additional_Notes,compl_>=50,contam_<10,compl_>90,contam_<5,contigs_1,rRNA_5S.16S.23S,tRNA_number(18),MQ-MAG,HQ-MAG,cMAG,cir_cMAG,5S_rRNA,16S_rRNA,23S_rRNA,total_rRNA_genes,tRNA_genes,rRNA_operons,n_viruses,genome_fraction_pct,N50,NGA50,misassemblies,mismatches_per_100kb,indels_per_100kb,relocations,translocations,inversions,species,concentration
m21120.260113.214725.hifi.reads.bc2009,m21120_260113_214725.hifi_reads.bc2009,bc2009,ESK pathogen,R004,1000,control (gtube) 1000 ng,NaN,0,gtube,FALSE,PCRfree,complete.1,100,0.04,Neural Network (Specific Model),11,0.86,2589153,306.3616145,2589153,0.38,2428,1,2589153,None,1,1,1,1,1,,,1,1,1,1,6,6,5,17,68,5,1,93.117,2589153,2018675,3,4.75,0.19,0,3,0,d__Bacteria;p__Bacillota;c__Bacilli;o__Lactobacillales;f__Enterococcaceae;g__Enterococcus_B;s__Enterococcus_B lactis,pcrfree
R004bc2008.C09,R004bc2008.C09,bc2008,ESK pathogen,R004,300,Takara PrimeSTAR LongSeq 1x 300 ng,Pstar,8,longplex,FALSE,longplex_PCR,complete.1,100,0.04,Neural Network (Specific Model),11,0.861,2589153,305.7958932,2589153,0.38,2435,1,2589153,None,1,1,1,1,1,,,1,1,1,1,6,6,6,18,68,6,2,93.117,2589153,2018675,3,4.75,0.19,0,3,0,d__Bacteria;p__Bacillota;c__Bacilli;o__Lactobacillales;f__Enterococcaceae;g__Enterococcus_B;s__Enterococcus_B lactis,longplex_1x
m21120.260113.214725.hifi.reads.bc2009,m21120_260113_214725.hifi_reads.bc2009,bc2009,ESK pathogen,R004,1000,control (gtube) 1000 ng,NaN,0,gtube,FALSE,PCRfree,complete.2,100,0.52,Neural Network (Specific Model),11,0.88,5365907,316.3039904,5365907,0.57,4987,1,5365907,None,1,1,1,1,1,,,1,1,1,1,9,8,8,25,93,8,3,96.733,5365907,3073565,20,6.21,0.54,6,14,0,d__Bacteria;p__Pseudomonadota;c__Gammaproteobacteria;o__Enterobacterales;f__Enterobacteriaceae;g__Klebsiella;s__Klebsiella pneumoniae,pcrfree
R004bc2008.C09,R004bc2008.C09,bc2008,ESK pathogen,R004,300,Takara PrimeSTAR LongSeq 1x 300 ng,Pstar,8,longplex,FALSE,longplex_PCR,complete.2,100,0.14,Neural Network (Specific Model),11,0.897,6274756,329.9643359,6274756,0.67,5692,1,6274756,None,1,1,1,1,1,,,1,1,1,1,4,4,4,12,64,4,3,99.887,6274756,4066798,5,2.08,0.69,5,0,0,d__Bacteria;p__Pseudomonadota;c__Gammaproteobacteria;o__Pseudomonadales;f__Pseudomonadaceae;g__Pseudomonas;s__Pseudomonas aeruginosa,longplex_1x
R005bc2008.C09,R005bc2008.C09,bc2008,ESK pathogen,R005,300,Takara PrimeSTAR LongSeq 1x 300 ng (Q),Pstar,8,longplex,TRUE,longplex_PCR,complete.2,100,0.04,Neural Network (Specific Model),11,0.861,2589153,305.8911257,2589153,0.38,2434,1,2589153,None,1,1,1,1,1,,,1,1,1,1,6,6,6,18,68,6,1,93.117,2589153,2018675,3,4.75,0.19,0,3,0,d__Bacteria;p__Bacillota;c__Bacilli;o__Lactobacillales;f__Enterococcaceae;g__Enterococcus_B;s__Enterococcus_B lactis,longplex_1x
R004bc2008.D10,R004bc2008.D10,bc2008,ESK pathogen,R004,150,Kura Decodifi 1x 150 ng,decodifi,8,longplex,FALSE,longplex_PCR,complete.3,100,0.04,Neural Network (Specific Model),11,0.861,2588966,305.8726376,2588966,0.38,2434,1,2588966,None,1,1,1,1,1,,,1,1,1,1,6,6,6,18,68,6,1,93.117,2588966,2018551,3,4.75,0.27,0,3,0,d__Bacteria;p__Bacillota;c__Bacilli;o__Lactobacillales;f__Enterococcaceae;g__Enterococcus_B;s__Enterococcus_B lactis,longplex_1x
R004bc2008.G09,R004bc2008.G09,bc2008,ESK pathogen,R004,300,NEB Q5 XT 1x 300 ng,Q5XT,8,longplex,FALSE,longplex_PCR,complete.3,100,0.04,Neural Network (Specific Model),11,0.861,2589153,305.7958932,2589153,0.38,2435,1,2589153,None,1,1,1,1,1,,,1,1,1,1,6,6,6,18,68,6,2,93.117,2589153,2018675,3,4.75,0.19,0,3,0,d__Bacteria;p__Bacillota;c__Bacilli;o__Lactobacillales;f__Enterococcaceae;g__Enterococcus_B;s__Enterococcus_B lactis,longplex_1x
m21120.260113.214725.hifi.reads.bc2009,m21120_260113_214725.hifi_reads.bc2009,bc2009,ESK pathogen,R004,1000,control (gtube) 1000 ng,NaN,0,gtube,FALSE,PCRfree,complete.3,100,0.14,Neural Network (Specific Model),11,0.897,6275460,330.1606609,6275460,0.67,5689,1,6275460,None,1,1,1,1,1,,,1,1,1,1,4,5,4,13,64,4,3,99.954,6275460,4070835,4,2.04,0.61,4,0,0,d__Bacteria;p__Pseudomonadota;c__Gammaproteobacteria;o__Pseudomonadales;f__Pseudomonadaceae;g__Pseudomonas;s__Pseudomonas aeruginosa,pcrfree
m21120.260115.173545.hifi.reads.bc2009.bam,m21120_260115_173545.hifi_reads.bc2009.bam,bc2009,ESK pathogen,R005,1000,control (gtube) 1000 ng (Q),NaN,0,gtube,TRUE,PCRfree,complete.3,100,0.52,Neural Network (Specific Model),11,0.881,5365907,316.2844828,5365907,0.57,4988,1,5365907,None,1,1,1,1,1,,,1,1,1,1,9,8,7,24,93,7,3,96.733,5365907,3073565,20,6.21,0.54,6,14,0,d__Bacteria;p__Pseudomonadota;c__Gammaproteobacteria;o__Enterobacterales;f__Enterobacteriaceae;g__Klebsiella;s__Klebsiella pneumoniae,pcrfree
R004bc2008.C09,R004bc2008.C09,bc2008,ESK pathogen,R004,300,Takara PrimeSTAR LongSeq 1x 300 ng,Pstar,8,longplex,FALSE,longplex_PCR,complete.3,100,0.52,Neural Network (Specific Model),11,0.88,5365878,316.3266493,5365878,0.57,4987,1,5365878,None,1,1,1,1,1,,,1,1,1,1,9,8,8,25,93,8,3,96.733,5365878,3073565,20,6.21,0.56,6,14,0,d__Bacteria;p__Pseudomonadota;c__Gammaproteobacteria;o__Enterobacterales;f__Enterobacteriaceae;g__Klebsiella;s__Klebsiella pneumoniae,longplex_1x
R005bc2008.C09,R005bc2008.C09,bc2008,ESK pathogen,R005,300,Takara PrimeSTAR LongSeq 1x 300 ng (Q),Pstar,8,longplex,TRUE,longplex_PCR,complete.3,100,0.14,Neural Network (Specific Model),11,0.897,6275353,330.0010543,6275353,0.67,5691,1,6275353,None,1,1,1,1,1,,,1,1,1,1,4,4,4,12,64,4,3,99.984,6275353,4072595,5,2.04,0.62,3,0,2,d__Bacteria;p__Pseudomonadota;c__Gammaproteobacteria;o__Pseudomonadales;f__Pseudomonadaceae;g__Pseudomonas;s__Pseudomonas aeruginosa,longplex_1x
R005bc2008.D09,R005bc2008.D09,bc2008,ESK pathogen,R005,150,Takara PrimeSTAR LongSeq 1x 150 ng (Q),Pstar,8,longplex,TRUE,longplex_PCR,complete.3,100,0.14,Neural Network (Specific Model),11,0.897,6275379,330.1114236,6275379,0.67,5690,1,6275379,None,1,1,1,1,1,,,1,1,1,1,4,4,4,12,64,4,3,99.984,6275379,4072702,5,2.04,0.62,3,0,2,d__Bacteria;p__Pseudomonadota;c__Gammaproteobacteria;o__Pseudomonadales;f__Pseudomonadaceae;g__Pseudomonas;s__Pseudomonas aeruginosa,longplex_1x
R006bc2010.G06,R006bc2010.G06,bc2010,ESK pathogen,R006,30,Takara PrimeSTAR LongSeq 0.25x 30 ng,Pstar,8,longplex,FALSE,longplex_PCR,complete.3,100,0.04,Neural Network (Specific Model),11,0.861,2589153,305.7958932,2589153,0.38,2435,1,2589153,None,1,1,1,1,1,,,1,1,1,1,6,6,6,18,68,6,1,93.117,2589153,2018675,3,4.75,0.19,0,3,0,d__Bacteria;p__Bacillota;c__Bacilli;o__Lactobacillales;f__Enterococcaceae;g__Enterococcus_B;s__Enterococcus_B lactis,longplex_0.25x
R004bc2008.G09,R004bc2008.G09,bc2008,ESK pathogen,R004,300,NEB Q5 XT 1x 300 ng,Q5XT,8,longplex,FALSE,longplex_PCR,complete.4,100,0.07,Neural Network (Specific Model),11,0.877,3981749,314.1720604,3981749,0.39,3708,1,3981749,None,1,1,1,1,1,,,1,1,1,1,6,6,6,18,77,6,4,99.564,3981749,3203350,6,7.39,0.61,6,0,0,d__Bacteria;p__Pseudomonadota;c__Gammaproteobacteria;o__Pseudomonadales;f__Moraxellaceae;g__Acinetobacter;s__Acinetobacter baumannii,longplex_1x
R005bc2008.C10,R005bc2008.C10,bc2008,ESK pathogen,R005,300,Kura Decodifi 1x 300 ng (Q),decodifi,8,longplex,TRUE,longplex_PCR,complete.4,100,0.04,Neural Network (Specific Model),11,0.86,2588723,306.1856731,2588723,0.38,2429,1,2588723,None,1,1,1,1,1,,,1,1,1,1,6,6,6,18,68,6,1,93.117,2588723,2018424,3,4.75,0.31,0,3,0,d__Bacteria;p__Bacillota;c__Bacilli;o__Lactobacillales;f__Enterococcaceae;g__Enterococcus_B;s__Enterococcus_B lactis,longplex_1x
R006bc2010.F06,R006bc2010.F06,bc2010,ESK pathogen,R006,75,Takara PrimeSTAR LongSeq 0.5x 75 ng,Pstar,8,longplex,FALSE,longplex_PCR,complete.4,99.99,0.07,Neural Network (Specific Model),11,0.876,3957521,314.2767518,3957521,0.39,3682,1,3957521,None,1,1,1,1,1,,,1,1,1,0,6,6,6,18,77,6,4,98.941,3957521,1344259,8,7.51,0.59,8,0,0,d__Bacteria;p__Pseudomonadota;c__Gammaproteobacteria;o__Pseudomonadales;f__Moraxellaceae;g__Acinetobacter;s__Acinetobacter baumannii,longplex_0.5x
m21120.260113.214725.hifi.reads.bc2009,m21120_260113_214725.hifi_reads.bc2009,bc2009,ESK pathogen,R004,1000,control (gtube) 1000 ng,NaN,0,gtube,FALSE,PCRfree,complete.4,100,0.07,Neural Network (Specific Model),11,0.877,3981968,314.3383702,3981968,0.39,3706,1,3981968,None,1,1,1,1,1,,,1,1,1,1,6,6,6,18,77,6,4,99.564,3981968,3203569,6,7.39,0.58,6,0,0,d__Bacteria;p__Pseudomonadota;c__Gammaproteobacteria;o__Pseudomonadales;f__Moraxellaceae;g__Acinetobacter;s__Acinetobacter baumannii,pcrfree
m21120.260115.173545.hifi.reads.bc2009.bam,m21120_260115_173545.hifi_reads.bc2009.bam,bc2009,ESK pathogen,R005,1000,control (gtube) 1000 ng (Q),NaN,0,gtube,TRUE,PCRfree,complete.4,100,0.14,Neural Network (Specific Model),11,0.897,6275460,330.0824108,6275460,0.67,5691,1,6275460,None,1,1,1,1,1,,,1,1,1,1,4,4,4,12,64,4,3,99.892,6275460,4066948,5,2.08,0.64,5,0,0,d__Bacteria;p__Pseudomonadota;c__Gammaproteobacteria;o__Pseudomonadales;f__Pseudomonadaceae;g__Pseudomonas;s__Pseudomonas aeruginosa,pcrfree
R004bc2008.C09,R004bc2008.C09,bc2008,ESK pathogen,R004,300,Takara PrimeSTAR LongSeq 1x 300 ng,Pstar,8,longplex,FALSE,longplex_PCR,complete.4,100,0.07,Neural Network (Specific Model),11,0.877,3981968,314.3973009,3981968,0.39,3705,1,3981968,None,1,1,1,1,1,,,1,1,1,1,6,6,6,18,77,6,4,99.564,3981968,3203569,6,7.39,0.58,6,0,0,d__Bacteria;p__Pseudomonadota;c__Gammaproteobacteria;o__Pseudomonadales;f__Moraxellaceae;g__Acinetobacter;s__Acinetobacter baumannii,longplex_1x
R005bc2008.C09,R005bc2008.C09,bc2008,ESK pathogen,R005,300,Takara PrimeSTAR LongSeq 1x 300 ng (Q),Pstar,8,longplex,TRUE,longplex_PCR,complete.4,100,0.52,Neural Network (Specific Model),11,0.88,5365907,316.3734456,5365907,0.57,4986,1,5365907,None,1,1,1,1,1,,,1,1,1,1,9,8,8,25,93,7,3,96.733,5365907,3073565,20,6.17,0.54,7,13,0,d__Bacteria;p__Pseudomonadota;c__Gammaproteobacteria;o__Enterobacterales;f__Enterobacteriaceae;g__Klebsiella;s__Klebsiella pneumoniae,longplex_1x
R005bc2008.D09,R005bc2008.D09,bc2008,ESK pathogen,R005,150,Takara PrimeSTAR LongSeq 1x 150 ng (Q),Pstar,8,longplex,TRUE,longplex_PCR,complete.4,100,0.52,Neural Network (Specific Model),11,0.88,5365907,316.367028,5365907,0.57,4986,1,5365907,None,1,1,1,1,1,,,1,1,1,1,9,8,8,25,93,8,3,96.733,5365907,3073565,20,6.21,0.54,6,14,0,d__Bacteria;p__Pseudomonadota;c__Gammaproteobacteria;o__Enterobacterales;f__Enterobacteriaceae;g__Klebsiella;s__Klebsiella pneumoniae,longplex_1x
R006bc2010.G06,R006bc2010.G06,bc2010,ESK pathogen,R006,30,Takara PrimeSTAR LongSeq 0.25x 30 ng,Pstar,8,longplex,FALSE,longplex_PCR,complete.4,100,0.14,Neural Network (Specific Model),11,0.897,6275273,329.9539786,6275273,0.67,5693,1,6275273,None,1,1,1,1,1,,,1,1,1,1,4,4,4,12,64,4,3,99.984,6275273,4072702,5,2.04,0.64,5,0,0,d__Bacteria;p__Pseudomonadota;c__Gammaproteobacteria;o__Pseudomonadales;f__Pseudomonadaceae;g__Pseudomonas;s__Pseudomonas aeruginosa,longplex_0.25x
R004bc2008.D09,R004bc2008.D09,bc2008,ESK pathogen,R004,150,Takara PrimeSTAR LongSeq 1x 150 ng,Pstar,8,longplex,FALSE,longplex_PCR,complete.5,100,0.52,Neural Network (Specific Model),11,0.88,5365907,316.3304592,5365907,0.57,4987,1,5365907,None,1,1,1,1,1,,,1,1,1,1,9,8,8,25,93,8,3,96.733,5365907,3073565,20,6.21,0.54,6,14,0,d__Bacteria;p__Pseudomonadota;c__Gammaproteobacteria;o__Enterobacterales;f__Enterobacteriaceae;g__Klebsiella;s__Klebsiella pneumoniae,longplex_1x
R004bc2008.H09,R004bc2008.H09,bc2008,ESK pathogen,R004,150,NEB Q5 XT 1x 150 ng,Q5XT,8,longplex,FALSE,longplex_PCR,complete.5,100,0.04,Neural Network (Specific Model),11,0.861,2589041,305.7946612,2589041,0.38,2435,1,2589041,None,1,1,1,1,1,,,1,1,1,1,6,6,6,18,68,6,1,93.117,2589041,2018563,3,4.75,0.23,0,3,0,d__Bacteria;p__Bacillota;c__Bacilli;o__Lactobacillales;f__Enterococcaceae;g__Enterococcus_B;s__Enterococcus_B lactis,longplex_1x
R006bc2010.H02,R006bc2010.H02,bc2010,ESK pathogen,R006,15,Kura Decodifi 0.25x 15 ng,decodifi,8,longplex,FALSE,longplex_PCR,complete.5,100,0.04,Neural Network (Specific Model),11,0.861,2589153,305.9219392,2589153,0.38,2434,1,2589153,None,1,1,1,1,1,,,1,1,1,1,6,6,6,18,68,5,1,93.117,2589153,2018675,3,4.75,0.19,0,3,0,d__Bacteria;p__Bacillota;c__Bacilli;o__Lactobacillales;f__Enterococcaceae;g__Enterococcus_B;s__Enterococcus_B lactis,longplex_0.25x
m21120.260115.173545.hifi.reads.bc2009.bam,m21120_260115_173545.hifi_reads.bc2009.bam,bc2009,ESK pathogen,R005,1000,control (gtube) 1000 ng (Q),NaN,0,gtube,TRUE,PCRfree,complete.5,100,0.04,Neural Network (Specific Model),11,0.861,2589153,305.9165982,2589153,0.38,2434,1,2589153,None,1,1,1,1,1,,,1,1,1,1,6,6,6,18,68,6,1,93.117,2589153,2018675,3,4.75,0.19,0,3,0,d__Bacteria;p__Bacillota;c__Bacilli;o__Lactobacillales;f__Enterococcaceae;g__Enterococcus_B;s__Enterococcus_B lactis,pcrfree
R005bc2008.D09,R005bc2008.D09,bc2008,ESK pathogen,R005,150,Takara PrimeSTAR LongSeq 1x 150 ng (Q),Pstar,8,longplex,TRUE,longplex_PCR,complete.5,100,0.04,Neural Network (Specific Model),11,0.861,2589153,306.1337449,2589153,0.38,2430,1,2589153,None,1,1,1,1,1,,,1,1,1,1,6,6,6,18,68,6,1,93.117,2589153,2018675,3,4.75,0.19,0,3,0,d__Bacteria;p__Bacillota;c__Bacilli;o__Lactobacillales;f__Enterococcaceae;g__Enterococcus_B;s__Enterococcus_B lactis,longplex_1x
R006bc2010.G06,R006bc2010.G06,bc2010,ESK pathogen,R006,30,Takara PrimeSTAR LongSeq 0.25x 30 ng,Pstar,8,longplex,FALSE,longplex_PCR,complete.5,100,0.52,Neural Network (Specific Model),11,0.88,5365907,316.3459687,5365907,0.57,4986,1,5365907,None,1,1,1,1,1,,,1,1,1,1,9,8,8,25,93,8,3,96.733,5365907,3073565,20,6.21,0.54,6,14,0,d__Bacteria;p__Pseudomonadota;c__Gammaproteobacteria;o__Enterobacterales;f__Enterobacteriaceae;g__Klebsiella;s__Klebsiella pneumoniae,longplex_0.25x
R004bc2008.C10,R004bc2008.C10,bc2008,ESK pathogen,R004,300,Kura Decodifi 1x 300 ng,decodifi,8,longplex,FALSE,longplex_PCR,complete.6,100,0.04,Neural Network (Specific Model),11,0.86,2589097,306.1032922,2589097,0.38,2430,1,2589097,None,1,1,1,1,1,,,1,1,1,1,6,6,6,18,68,6,1,93.117,2589097,2018634,3,4.75,0.27,0,3,0,d__Bacteria;p__Bacillota;c__Bacilli;o__Lactobacillales;f__Enterococcaceae;g__Enterococcus_B;s__Enterococcus_B lactis,longplex_1x
R004bc2008.D09,R004bc2008.D09,bc2008,ESK pathogen,R004,150,Takara PrimeSTAR LongSeq 1x 150 ng,Pstar,8,longplex,FALSE,longplex_PCR,complete.6,100,0.04,Neural Network (Specific Model),11,0.861,2589153,305.8800329,2589153,0.38,2434,1,2589153,None,1,1,1,1,1,,,1,1,1,1,6,6,6,18,68,6,1,93.117,2589153,2018675,3,4.75,0.19,0,3,0,d__Bacteria;p__Bacillota;c__Bacilli;o__Lactobacillales;f__Enterococcaceae;g__Enterococcus_B;s__Enterococcus_B lactis,longplex_1x
R006bc2010.E06,R006bc2010.E06,bc2010,ESK pathogen,R006,150,Takara PrimeSTAR LongSeq 0.5x 150 ng,Pstar,8,longplex,FALSE,longplex_PCR,complete.6,100,0.04,Neural Network (Specific Model),11,0.861,2589154,305.884963,2589154,0.38,2434,1,2589154,None,1,1,1,1,1,,,1,1,1,1,6,6,6,18,68,5,1,93.117,2589154,2018675,3,4.75,0.23,0,3,0,d__Bacteria;p__Bacillota;c__Bacilli;o__Lactobacillales;f__Enterococcaceae;g__Enterococcus_B;s__Enterococcus_B lactis,longplex_0.5x
R006bc2010.F04,R006bc2010.F04,bc2010,ESK pathogen,R006,75,NEB Q5 XT 0.5x 75 ng,Q5XT,8,longplex,FALSE,longplex_PCR,complete.6,100,0.04,Neural Network (Specific Model),11,0.861,2589153,305.7720739,2589153,0.38,2435,1,2589153,None,1,1,1,1,1,,,1,1,1,1,6,6,6,18,68,6,1,93.117,2589153,2018675,3,4.75,0.19,0,3,0,d__Bacteria;p__Bacillota;c__Bacilli;o__Lactobacillales;f__Enterococcaceae;g__Enterococcus_B;s__Enterococcus_B lactis,longplex_0.5x
R006bc2010.G02,R006bc2010.G02,bc2010,ESK pathogen,R006,30,Kura Decodifi 0.25x 30 ng,decodifi,8,longplex,FALSE,longplex_PCR,complete.6,100,0.04,Neural Network (Specific Model),11,0.861,2589124,305.8135524,2589124,0.38,2435,1,2589124,None,1,1,1,1,1,,,1,1,1,1,6,6,6,18,68,6,1,93.117,2589124,2018646,3,4.75,0.23,0,3,0,d__Bacteria;p__Bacillota;c__Bacilli;o__Lactobacillales;f__Enterococcaceae;g__Enterococcus_B;s__Enterococcus_B lactis,longplex_0.25x
R006bc2010.H04,R006bc2010.H04,bc2010,ESK pathogen,R006,15,NEB Q5 XT 0.25x 15 ng,Q5XT,8,longplex,FALSE,longplex_PCR,complete.6,100,0.04,Neural Network (Specific Model),11,0.861,2589130,305.9219392,2589130,0.38,2434,1,2589130,None,1,1,1,1,1,,,1,1,1,1,6,6,6,18,68,5,1,93.117,2589130,2018652,3,4.75,0.23,0,3,0,d__Bacteria;p__Bacillota;c__Bacilli;o__Lactobacillales;f__Enterococcaceae;g__Enterococcus_B;s__Enterococcus_B lactis,longplex_0.25x
R005bc2008.G09,R005bc2008.G09,bc2008,ESK pathogen,R005,300,NEB Q5 XT 1x 300 ng (Q),Q5XT,8,longplex,TRUE,longplex_PCR,complete.7,100,0.04,Neural Network (Specific Model),11,0.861,2589153,305.7958932,2589153,0.38,2435,1,2589153,None,1,1,1,1,1,,,1,1,1,1,6,6,6,18,68,6,1,93.117,2589153,2018675,3,4.75,0.19,0,3,0,d__Bacteria;p__Bacillota;c__Bacilli;o__Lactobacillales;f__Enterococcaceae;g__Enterococcus_B;s__Enterococcus_B lactis,longplex_1x
R005bc2008.H09,R005bc2008.H09,bc2008,ESK pathogen,R005,150,NEB Q5 XT 1x 150 ng (Q),Q5XT,8,longplex,TRUE,longplex_PCR,complete.7,100,0.04,Neural Network (Specific Model),11,0.861,2589153,305.884963,2589153,0.38,2434,1,2589153,None,1,1,1,1,1,,,1,1,1,1,6,6,6,18,68,6,1,93.117,2589153,2018675,3,4.75,0.19,0,3,0,d__Bacteria;p__Bacillota;c__Bacilli;o__Lactobacillales;f__Enterococcaceae;g__Enterococcus_B;s__Enterococcus_B lactis,longplex_1x
R006bc2010.E02,R006bc2010.E02,bc2010,ESK pathogen,R006,150,Kura Decodifi 0.5x 150 ng,decodifi,8,longplex,FALSE,longplex_PCR,complete.7,100,0.04,Neural Network (Specific Model),11,0.861,2589009,305.7523614,2589009,0.38,2435,1,2589009,None,1,1,1,1,1,,,1,1,1,1,6,6,6,18,68,6,2,93.117,2589009,2018531,3,4.75,0.23,0,3,0,d__Bacteria;p__Bacillota;c__Bacilli;o__Lactobacillales;f__Enterococcaceae;g__Enterococcus_B;s__Enterococcus_B lactis,longplex_0.5x
R006bc2010.G04,R006bc2010.G04,bc2010,ESK pathogen,R006,30,NEB Q5 XT 0.25x 30 ng,Q5XT,8,longplex,FALSE,longplex_PCR,complete.7,100,0.04,Neural Network (Specific Model),11,0.861,2588954,305.7958932,2588954,0.38,2435,1,2588954,None,1,1,1,1,1,,,1,1,1,1,6,6,6,18,68,6,1,93.117,2588954,2018476,3,4.75,0.23,0,3,0,d__Bacteria;p__Bacillota;c__Bacilli;o__Lactobacillales;f__Enterococcaceae;g__Enterococcus_B;s__Enterococcus_B lactis,longplex_0.25x
R006bc2010.E04,R006bc2010.E04,bc2010,ESK pathogen,R006,150,NEB Q5 XT 0.5x 150 ng,Q5XT,8,longplex,FALSE,longplex_PCR,complete.8,100,0.04,Neural Network (Specific Model),11,0.861,2588986,305.6785714,2588986,0.38,2436,1,2588986,None,1,1,1,1,1,,,1,1,1,1,6,6,6,18,68,6,1,93.117,2588986,2018508,3,4.75,0.23,0,3,0,d__Bacteria;p__Bacillota;c__Bacilli;o__Lactobacillales;f__Enterococcaceae;g__Enterococcus_B;s__Enterococcus_B lactis,longplex_0.5x
R006bc2010.F02,R006bc2010.F02,bc2010,ESK pathogen,R006,75,Kura Decodifi 0.5x 75 ng,decodifi,8,longplex,FALSE,longplex_PCR,complete.8,100,0.04,Neural Network (Specific Model),11,0.86,2588959,306.0888889,2588959,0.38,2430,1,2588959,None,1,1,1,1,1,,,1,1,1,1,6,6,6,18,68,6,2,93.117,2588959,2018630,3,4.75,0.31,0,3,0,d__Bacteria;p__Bacillota;c__Bacilli;o__Lactobacillales;f__Enterococcaceae;g__Enterococcus_B;s__Enterococcus_B lactis,longplex_0.5x
R006bc2010.F06,R006bc2010.F06,bc2010,ESK pathogen,R006,75,Takara PrimeSTAR LongSeq 0.5x 75 ng,Pstar,8,longplex,FALSE,longplex_PCR,complete.9,100,0.04,Neural Network (Specific Model),11,0.861,2589039,305.9026294,2589039,0.38,2434,1,2589039,None,1,1,1,1,1,,,1,1,1,1,6,7,6,19,68,6,1,93.081,2589039,486572,4,5.10,0.35,1,3,0,d__Bacteria;p__Bacillota;c__Bacilli;o__Lactobacillales;f__Enterococcaceae;g__Enterococcus_B;s__Enterococcus_B lactis,longplex_0.5x
R004bc2008.D09,R004bc2008.D09,bc2008,ESK pathogen,R004,150,Takara PrimeSTAR LongSeq 1x 150 ng,Pstar,8,longplex,FALSE,longplex_PCR,metabat2.1,100,0.33,Neural Network (Specific Model),11,0.896,4070619,330.0347734,6287082,0.67,5694,2,4070619,None,1,1,1,1,0,,,1,1,0,0,5,6,6,17,68,5,3,99.984,4070619,4070614,4,2.07,0.65,4,0,0,d__Bacteria;p__Pseudomonadota;c__Gammaproteobacteria;o__Pseudomonadales;f__Pseudomonadaceae;g__Pseudomonas;s__Pseudomonas aeruginosa,longplex_1x
R006bc2010.A06,R006bc2010.A06,bc2010,EED fecal,R006,150,Takara PrimeSTAR LongSeq 0.5x 150 ng,Pstar,8,longplex,FALSE,longplex_PCR,metabat2.1,57.39,5.24,Neural Network (Specific Model),11,0.862,93930,322.3749336,2107006,0.46,1883,25,317434,None,1,1,0,0,0,,,1,0,0,0,notHQ,notHQ,notHQ,notHQ,notHQ,notHQ,notHQ,notHQ,notHQ,notHQ,notHQ,notHQ,notHQ,notHQ,notHQ,notHQ,notHQ,longplex_0.5x
R006bc2010.D06,R006bc2010.D06,bc2010,EED fecal,R006,15,Takara PrimeSTAR LongSeq 0.25x 15 ng,Pstar,8,longplex,FALSE,longplex_PCR,metabat2.1,84.8,44.57,Neural Network (Specific Model),11,0.871,328489,343.6929451,4988991,0.46,4224,40,902352,None,1,0,0,0,0,,,0,0,0,0,notHQ,notHQ,notHQ,notHQ,notHQ,notHQ,notHQ,notHQ,notHQ,notHQ,notHQ,notHQ,notHQ,notHQ,notHQ,notHQ,notHQ,longplex_0.25x
R006bc2010.F02,R006bc2010.F02,bc2010,ESK pathogen,R006,75,Kura Decodifi 0.5x 75 ng,decodifi,8,longplex,FALSE,longplex_PCR,metabat2.1,100,1.26,Neural Network (Specific Model),11,0.88,904022,311.8697896,5347634,0.57,5038,13,1163280,None,1,1,1,1,0,,,1,1,0,0,9,8,8,25,93,8,3,96.511,904022,437307,20,6.26,2.23,6,14,0,d__Bacteria;p__Pseudomonadota;c__Gammaproteobacteria;o__Enterobacterales;f__Enterobacteriaceae;g__Klebsiella;s__Klebsiella pneumoniae,longplex_0.5x
R006bc2010.F04,R006bc2010.F04,bc2010,ESK pathogen,R006,75,NEB Q5 XT 0.5x 75 ng,Q5XT,8,longplex,FALSE,longplex_PCR,metabat2.1,98.46,0.2,Neural Network (Specific Model),11,0.878,2238881,314.9476282,3918999,0.39,3647,4,2238881,None,1,1,1,1,0,,,1,1,0,0,5,6,5,16,75,5,4,97.437,2238881,874244,7,10.71,1.37,7,0,0,d__Bacteria;p__Pseudomonadota;c__Gammaproteobacteria;o__Pseudomonadales;f__Moraxellaceae;g__Acinetobacter;s__Acinetobacter baumannii,longplex_0.5x
m21120.260115.173545.hifi.reads.bc2009.bam,m21120_260115_173545.hifi_reads.bc2009.bam,bc2009,ESK pathogen,R005,1000,control (gtube) 1000 ng (Q),NaN,0,gtube,TRUE,PCRfree,metabat2.1,100,0.07,Neural Network (Specific Model),11,0.877,2269617,314.5358967,3998251,0.39,3719,2,2269617,None,1,1,1,1,0,,,1,1,0,0,6,6,6,18,77,6,4,99.564,2269617,1344063,6,7.36,0.58,6,0,0,d__Bacteria;p__Pseudomonadota;c__Gammaproteobacteria;o__Pseudomonadales;f__Moraxellaceae;g__Acinetobacter;s__Acinetobacter baumannii,pcrfree
R005bc2008.D09,R005bc2008.D09,bc2008,ESK pathogen,R005,150,Takara PrimeSTAR LongSeq 1x 150 ng (Q),Pstar,8,longplex,TRUE,longplex_PCR,metabat2.1,100,0.19,Neural Network (Specific Model),11,0.876,2238789,314.3929147,4009652,0.39,3726,3,2238789,None,1,1,1,1,0,,,1,1,0,0,7,7,7,21,79,7,4,99.564,2238789,1341977,7,7.34,0.58,7,0,0,d__Bacteria;p__Pseudomonadota;c__Gammaproteobacteria;o__Pseudomonadales;f__Moraxellaceae;g__Acinetobacter;s__Acinetobacter baumannii,longplex_1x
R006bc2010.G06,R006bc2010.G06,bc2010,ESK pathogen,R006,30,Takara PrimeSTAR LongSeq 0.25x 30 ng,Pstar,8,longplex,FALSE,longplex_PCR,metabat2.1,100,0.12,Neural Network (Specific Model),11,0.877,2274575,314.561677,4000947,0.39,3721,2,2274575,None,1,1,1,1,0,,,1,1,0,0,6,6,6,18,77,6,4,99.564,2274575,1343367,6,7.36,0.58,6,0,0,d__Bacteria;p__Pseudomonadota;c__Gammaproteobacteria;o__Pseudomonadales;f__Moraxellaceae;g__Acinetobacter;s__Acinetobacter baumannii,longplex_0.25x
R005bc2007.F09,R005bc2007.F09,bc2007,EED fecal,R005,150,NEB Q5 XT 1x 150 ng (Q),Q5XT,8,longplex,TRUE,longplex_PCR,metabat2.10,13.55,0,Neural Network (Specific Model),11,0.857,227419,323.2545455,434340,0.48,385,6,227419,None,0,1,0,1,0,,,0,0,0,0,notHQ,notHQ,notHQ,notHQ,notHQ,notHQ,notHQ,notHQ,notHQ,notHQ,notHQ,notHQ,notHQ,notHQ,notHQ,notHQ,notHQ,longplex_1x
R006bc2010.C02,R006bc2010.C02,bc2010,EED fecal,R006,30,Kura Decodifi 0.25x 30 ng,decodifi,8,longplex,FALSE,longplex_PCR,metabat2.10_sub,95.38,71.61,Neural Network (Specific Model),11,0.872,334129,338.9173234,8119475,0.45,6979,60,672373,None,1,0,1,0,0,,,0,0,0,0,notHQ,notHQ,notHQ,notHQ,notHQ,notHQ,notHQ,notHQ,notHQ,notHQ,notHQ,notHQ,notHQ,notHQ,notHQ,notHQ,notHQ,longplex_0.25x
R005bc2007.A10,R005bc2007.A10,bc2007,EED fecal,R005,500,Kura Decodifi 1x 500 ng (Q),decodifi,8,longplex,TRUE,longplex_PCR,metabat2.11,23.45,0.16,Neural Network (Specific Model),11,0.873,50760,341.82933,927592,0.46,791,15,270147,None,0,1,0,1,0,,,0,0,0,0,notHQ,notHQ,notHQ,notHQ,notHQ,notHQ,notHQ,notHQ,notHQ,notHQ,notHQ,notHQ,notHQ,notHQ,notHQ,notHQ,notHQ,longplex_1x
R005bc2007.B09,R005bc2007.B09,bc2007,EED fecal,R005,150,Takara PrimeSTAR LongSeq 1x 150 ng (Q),Pstar,8,longplex,TRUE,longplex_PCR,metabat2.11,8.28,0,Neural Network (Specific Model),11,0.836,186834,273.4552529,251432,0.48,257,2,186834,None,0,1,0,1,0,,,0,0,0,0,notHQ,notHQ,notHQ,notHQ,notHQ,notHQ,notHQ,notHQ,notHQ,notHQ,notHQ,notHQ,notHQ,notHQ,notHQ,notHQ,notHQ,longplex_1x
m21120.251219.215844.hifi.reads.bc2002.bam,m21120_251219_215844.hifi_reads.bc2002.bam,bc2002,EED fecal,R002,3000,control (gtube) 3000 ng,NaN,0,gtube,FALSE,PCRfree,metabat2.11,19.17,0.01,Neural Network (Specific Model),11,0.866,150428,325.8372591,526132,0.47,467,5,162315,None,0,1,0,1,0,,,0,0,0,0,notHQ,notHQ,notHQ,notHQ,notHQ,notHQ,notHQ,notHQ,notHQ,notHQ,notHQ,notHQ,notHQ,notHQ,notHQ,notHQ,notHQ,pcrfree
m21120.260115.173545.hifi.reads.bc2006.bam,m21120_260115_173545.hifi_reads.bc2006.bam,bc2006,EED fecal,R005,3000,control (pipet conc) 3000 ng (Q),NaN,0,pipetmix 300x (90ng/ul),TRUE,PCRfree,metabat2.11,90.08,28.82,Neural Network (Specific Model),11,0.871,659310,344.2314678,4822671,0.45,4074,20,1313772,None,1,0,1,0,0,,,0,0,0,0,notHQ,notHQ,notHQ,notHQ,notHQ,notHQ,notHQ,notHQ,notHQ,notHQ,notHQ,notHQ,notHQ,notHQ,notHQ,notHQ,notHQ,pcrfree
R006bc2010.B04,R006bc2010.B04,bc2010,EED fecal,R006,75,NEB Q5 XT 0.5x 75 ng,Q5XT,8,longplex,FALSE,longplex_PCR,metabat2.12_sub,87.22,40.75,Neural Network (Specific Model),11,0.877,416353,342.5454545,5030244,0.45,4301,23,1326735,None,1,0,0,0,0,,,0,0,0,0,notHQ,notHQ,notHQ,notHQ,notHQ,notHQ,notHQ,notHQ,notHQ,notHQ,notHQ,notHQ,notHQ,notHQ,notHQ,notHQ,notHQ,longplex_0.5x
R006bc2010.A04,R006bc2010.A04,bc2010,EED fecal,R006,150,NEB Q5 XT 0.5x 150 ng,Q5XT,8,longplex,FALSE,longplex_PCR,metabat2.13,23.49,10.49,Neural Network (Specific Model),11,0.856,40417,300.1495824,1381110,0.46,1317,31,97563,None,0,0,0,0,0,,,0,0,0,0,notHQ,notHQ,notHQ,notHQ,notHQ,notHQ,notHQ,notHQ,notHQ,notHQ,notHQ,notHQ,notHQ,notHQ,notHQ,notHQ,notHQ,longplex_0.5x
m21120.251219.215844.hifi.reads.bc2006.bam,m21120_251219_215844.hifi_reads.bc2006.bam,bc2006,EED fecal,R002,3000,control (pipet conc) 3000 ng,NaN,0,pipetmix 300x (90ng/ul),FALSE,PCRfree,metabat2.13_sub,93.33,58.17,Gradient Boost (General Model),11,0.87,64663,327.9545492,13727597,0.44,12167,217,606276,None,1,0,1,0,0,,,0,0,0,0,notHQ,notHQ,notHQ,notHQ,notHQ,notHQ,notHQ,notHQ,notHQ,notHQ,notHQ,notHQ,notHQ,notHQ,notHQ,notHQ,notHQ,pcrfree
R004bc2007.A09,R004bc2007.A09,bc2007,EED fecal,R004,500,Takara PrimeSTAR LongSeq 1x 500 ng,Pstar,8,longplex,FALSE,longplex_PCR,metabat2.14,75.77,14.22,Neural Network (Specific Model),11,0.869,516977,341.6884315,3318352,0.45,2818,17,660465,None,1,0,0,0,0,,,0,0,0,0,notHQ,notHQ,notHQ,notHQ,notHQ,notHQ,notHQ,notHQ,notHQ,notHQ,notHQ,notHQ,notHQ,notHQ,notHQ,notHQ,notHQ,longplex_1x
R004bc2007.E09,R004bc2007.E09,bc2007,EED fecal,R004,500,NEB Q5 XT 1x 500 ng,Q5XT,8,longplex,FALSE,longplex_PCR,metabat2.14,45.24,0.82,Neural Network (Specific Model),11,0.865,116967,351.7040971,1604648,0.47,1318,19,291499,None,0,1,0,1,0,,,0,0,0,0,notHQ,notHQ,notHQ,notHQ,notHQ,notHQ,notHQ,notHQ,notHQ,notHQ,notHQ,notHQ,notHQ,notHQ,notHQ,notHQ,notHQ,longplex_1x
R006bc2010.B02,R006bc2010.B02,bc2010,EED fecal,R006,75,Kura Decodifi 0.5x 75 ng,decodifi,8,longplex,FALSE,longplex_PCR,metabat2.14,5.57,0,Neural Network (Specific Model),11,0.84,162598,334.0348837,205065,0.44,172,2,162598,None,0,1,0,1,0,,,0,0,0,0,notHQ,notHQ,notHQ,notHQ,notHQ,notHQ,notHQ,notHQ,notHQ,notHQ,notHQ,notHQ,notHQ,notHQ,notHQ,notHQ,notHQ,longplex_0.5x
m21120.260115.173545.hifi.reads.bc2002.bam,m21120_260115_173545.hifi_reads.bc2002.bam,bc2002,EED fecal,R005,3000,control (gtube) 3000 ng (Q),NaN,0,gtube,TRUE,PCRfree,metabat2.14,37.46,9.55,Neural Network (Specific Model),11,0.87,50015,329.3460227,1992193,0.45,1760,42,121692,None,0,1,0,0,0,,,0,0,0,0,notHQ,notHQ,notHQ,notHQ,notHQ,notHQ,notHQ,notHQ,notHQ,notHQ,notHQ,notHQ,notHQ,notHQ,notHQ,notHQ,notHQ,pcrfree
R004bc2007.B09,R004bc2007.B09,bc2007,EED fecal,R004,150,Takara PrimeSTAR LongSeq 1x 150 ng,Pstar,8,longplex,FALSE,longplex_PCR,metabat2.16_sub,87.82,37.04,Neural Network (Specific Model),11,0.87,189958,339.9163994,5470621,0.45,4677,45,1090534,None,1,0,0,0,0,,,0,0,0,0,notHQ,notHQ,notHQ,notHQ,notHQ,notHQ,notHQ,notHQ,notHQ,notHQ,notHQ,notHQ,notHQ,notHQ,notHQ,notHQ,notHQ,longplex_1x
R005bc2007.A10,R005bc2007.A10,bc2007,EED fecal,R005,500,Kura Decodifi 1x 500 ng (Q),decodifi,8,longplex,TRUE,longplex_PCR,metabat2.17,13.02,0.08,Neural Network (Specific Model),11,0.876,34596,319.052381,229059,0.46,210,6,63475,None,0,1,0,1,0,,,0,0,0,0,notHQ,notHQ,notHQ,notHQ,notHQ,notHQ,notHQ,notHQ,notHQ,notHQ,notHQ,notHQ,notHQ,notHQ,notHQ,notHQ,notHQ,longplex_1x
m21120.251219.215844.hifi.reads.bc2006.bam,m21120_251219_215844.hifi_reads.bc2006.bam,bc2006,EED fecal,R002,3000,control (pipet conc) 3000 ng,NaN,0,pipetmix 300x (90ng/ul),FALSE,PCRfree,metabat2.18,90.57,76.18,Neural Network (Specific Model),11,0.866,495253,339.8648476,9171461,0.46,7806,43,1228454,None,1,0,1,0,0,,,0,0,0,0,notHQ,notHQ,notHQ,notHQ,notHQ,notHQ,notHQ,notHQ,notHQ,notHQ,notHQ,notHQ,notHQ,notHQ,notHQ,notHQ,notHQ,pcrfree
R004bc2007.E09,R004bc2007.E09,bc2007,EED fecal,R004,500,NEB Q5 XT 1x 500 ng,Q5XT,8,longplex,FALSE,longplex_PCR,metabat2.18_sub,72.13,45.5,Neural Network (Specific Model),11,0.872,77488,339.1624253,5266195,0.46,4519,77,483617,None,1,0,0,0,0,,,0,0,0,0,notHQ,notHQ,notHQ,notHQ,notHQ,notHQ,notHQ,notHQ,notHQ,notHQ,notHQ,notHQ,notHQ,notHQ,notHQ,notHQ,notHQ,longplex_1x
m21120.260115.173545.hifi.reads.bc2002.bam,m21120_260115_173545.hifi_reads.bc2002.bam,bc2002,EED fecal,R005,3000,control (gtube) 3000 ng (Q),NaN,0,gtube,TRUE,PCRfree,metabat2.19_sub,35.28,4.95,Neural Network (Specific Model),11,0.866,1156807,317.0258014,1401192,0.47,1279,5,1156807,None,0,1,0,1,0,,,0,0,0,0,notHQ,notHQ,notHQ,notHQ,notHQ,notHQ,notHQ,notHQ,notHQ,notHQ,notHQ,notHQ,notHQ,notHQ,notHQ,notHQ,notHQ,pcrfree
R004bc2007.A10,R004bc2007.A10,bc2007,EED fecal,R004,500,Kura Decodifi 1x 500 ng,decodifi,8,longplex,FALSE,longplex_PCR,metabat2.2,48.03,0.17,Neural Network (Specific Model),11,0.868,87664,341.3837638,1595736,0.47,1355,18,180556,None,0,1,0,1,0,,,0,0,0,0,notHQ,notHQ,notHQ,notHQ,notHQ,notHQ,notHQ,notHQ,notHQ,notHQ,notHQ,notHQ,notHQ,notHQ,notHQ,notHQ,notHQ,longplex_1x
R004bc2008.D09,R004bc2008.D09,bc2008,ESK pathogen,R004,150,Takara PrimeSTAR LongSeq 1x 150 ng,Pstar,8,longplex,FALSE,longplex_PCR,metabat2.2,100,0.07,Neural Network (Specific Model),11,0.877,2269899,314.282953,4001437,0.39,3725,2,2269899,None,1,1,1,1,0,,,1,1,0,0,6,6,6,18,77,6,4,99.564,2269899,1346939,6,7.36,0.61,6,0,0,d__Bacteria;p__Pseudomonadota;c__Gammaproteobacteria;o__Pseudomonadales;f__Moraxellaceae;g__Acinetobacter;s__Acinetobacter baumannii,longplex_1x
R004bc2008.H09,R004bc2008.H09,bc2008,ESK pathogen,R004,150,NEB Q5 XT 1x 150 ng,Q5XT,8,longplex,FALSE,longplex_PCR,metabat2.2,100,0.07,Neural Network (Specific Model),11,0.875,3214412,314.1677454,3990273,0.39,3708,5,3214412,None,1,1,1,1,0,,,1,1,0,0,7,9,7,23,81,6,4,99.433,3214412,873685,6,7.38,0.63,6,0,0,d__Bacteria;p__Pseudomonadota;c__Gammaproteobacteria;o__Pseudomonadales;f__Moraxellaceae;g__Acinetobacter;s__Acinetobacter baumannii,longplex_1x
R005bc2008.H09,R005bc2008.H09,bc2008,ESK pathogen,R005,150,NEB Q5 XT 1x 150 ng (Q),Q5XT,8,longplex,TRUE,longplex_PCR,metabat2.2,100,0.07,Neural Network (Specific Model),11,0.875,1259082,313.9677679,4005454,0.39,3723,5,1995820,None,1,1,1,1,0,,,1,1,0,0,8,8,8,24,81,8,4,99.530,1259082,873005,6,7.35,0.68,6,0,0,d__Bacteria;p__Pseudomonadota;c__Gammaproteobacteria;o__Pseudomonadales;f__Moraxellaceae;g__Acinetobacter;s__Acinetobacter baumannii,longplex_1x
R006bc2010.E02,R006bc2010.E02,bc2010,ESK pathogen,R006,150,Kura Decodifi 0.5x 150 ng,decodifi,8,longplex,FALSE,longplex_PCR,metabat2.2,100,1.33,Neural Network (Specific Model),11,0.879,457907,311.3484697,5303218,0.57,4999,17,1094503,None,1,1,1,1,0,,,1,1,0,0,9,8,8,25,94,8,3,95.556,457907,330109,20,6.33,2.36,6,14,0,d__Bacteria;p__Pseudomonadota;c__Gammaproteobacteria;o__Enterobacterales;f__Enterobacteriaceae;g__Klebsiella;s__Klebsiella pneumoniae,longplex_0.5x
R006bc2010.F02,R006bc2010.F02,bc2010,ESK pathogen,R006,75,Kura Decodifi 0.5x 75 ng,decodifi,8,longplex,FALSE,longplex_PCR,metabat2.2,100,0.07,Neural Network (Specific Model),11,0.874,2798397,313.5989247,3998292,0.39,3720,5,2798397,None,1,1,1,1,0,,,1,1,0,0,8,9,7,24,81,6,4,99.487,2798397,724401,6,7.36,0.78,6,0,0,d__Bacteria;p__Pseudomonadota;c__Gammaproteobacteria;o__Pseudomonadales;f__Moraxellaceae;g__Acinetobacter;s__Acinetobacter baumannii,longplex_0.5x
R006bc2010.F04,R006bc2010.F04,bc2010,ESK pathogen,R006,75,NEB Q5 XT 0.5x 75 ng,Q5XT,8,longplex,FALSE,longplex_PCR,metabat2.2,100,0.84,Neural Network (Specific Model),11,0.879,514432,314.0366146,5345445,0.57,4998,13,1281903,None,1,1,1,1,0,,,1,1,0,0,10,9,9,28,95,8,3,95.995,514432,470016,22,6.44,1.14,7,15,0,d__Bacteria;p__Pseudomonadota;c__Gammaproteobacteria;o__Enterobacterales;f__Enterobacteriaceae;g__Klebsiella;s__Klebsiella pneumoniae,longplex_0.5x
R006bc2010.G04,R006bc2010.G04,bc2010,ESK pathogen,R006,30,NEB Q5 XT 0.25x 30 ng,Q5XT,8,longplex,FALSE,longplex_PCR,metabat2.2,100,0.1,Neural Network (Specific Model),11,0.875,1258818,314.1495704,4006563,0.39,3724,5,1966353,None,1,1,1,1,0,,,1,1,0,0,6,9,6,21,81,6,4,99.564,1258818,874055,6,7.35,0.61,6,0,0,d__Bacteria;p__Pseudomonadota;c__Gammaproteobacteria;o__Pseudomonadales;f__Moraxellaceae;g__Acinetobacter;s__Acinetobacter baumannii,longplex_0.25x
R006bc2010.H02,R006bc2010.H02,bc2010,ESK pathogen,R006,15,Kura Decodifi 0.25x 15 ng,decodifi,8,longplex,FALSE,longplex_PCR,metabat2.2,100,0.14,Neural Network (Specific Model),11,0.875,1254013,313.9499462,3996469,0.39,3716,5,1960897,None,1,1,1,1,0,,,1,1,0,0,6,9,6,21,83,6,4,99.564,1254013,874822,6,7.36,0.91,6,0,0,d__Bacteria;p__Pseudomonadota;c__Gammaproteobacteria;o__Pseudomonadales;f__Moraxellaceae;g__Acinetobacter;s__Acinetobacter baumannii,longplex_0.25x
R005bc2008.C09,R005bc2008.C09,bc2008,ESK pathogen,R005,300,Takara PrimeSTAR LongSeq 1x 300 ng (Q),Pstar,8,longplex,TRUE,longplex_PCR,metabat2.2,100,0.07,Neural Network (Specific Model),11,0.876,3538477,314.1240226,3988211,0.39,3709,2,3538477,None,1,1,1,1,0,,,1,1,0,0,7,7,7,21,79,7,4,99.245,3538477,449734,10,7.59,0.58,10,0,0,d__Bacteria;p__Pseudomonadota;c__Gammaproteobacteria;o__Pseudomonadales;f__Moraxellaceae;g__Acinetobacter;s__Acinetobacter baumannii,longplex_1x
m21120.251219.215844.hifi.reads.bc2002.bam,m21120_251219_215844.hifi_reads.bc2002.bam,bc2002,EED fecal,R002,3000,control (gtube) 3000 ng,NaN,0,gtube,FALSE,PCRfree,metabat2.20,5.98,0,Neural Network (Specific Model),11,0.867,79496,290.9921875,256801,0.46,256,4,87002,None,0,1,0,1,0,,,0,0,0,0,notHQ,notHQ,notHQ,notHQ,notHQ,notHQ,notHQ,notHQ,notHQ,notHQ,notHQ,notHQ,notHQ,notHQ,notHQ,notHQ,notHQ,pcrfree
m21120.251222.184224.hifi.reads.bc2002.bam,m21120_251222_184224.hifi_reads.bc2002.bam,bc2002,EED fecal,R003,3000,control (gtube) 3000 ng,NaN,0,gtube,FALSE,PCRfree,metabat2.24,77.45,7.54,Neural Network (Specific Model),11,0.861,355190,319.7881881,3048440,0.46,2743,15,976792,None,1,1,0,0,0,,,1,0,0,0,notHQ,notHQ,notHQ,notHQ,notHQ,notHQ,notHQ,notHQ,notHQ,notHQ,notHQ,notHQ,notHQ,notHQ,notHQ,notHQ,notHQ,pcrfree
m21120.251222.184224.hifi.reads.bc2004.bam,m21120_251222_184224.hifi_reads.bc2004.bam,bc2004,EED fecal,R003,3000,control (pipet dil) 3000 ng,NaN,0,pipetmix 300x (10ng/ul),FALSE,PCRfree,metabat2.25_sub,13.73,0.08,Neural Network (Specific Model),11,0.868,133677,315.9188596,495814,0.49,456,6,139622,None,0,1,0,1,0,,,0,0,0,0,notHQ,notHQ,notHQ,notHQ,notHQ,notHQ,notHQ,notHQ,notHQ,notHQ,notHQ,notHQ,notHQ,notHQ,notHQ,notHQ,notHQ,pcrfree
m21120.251222.184224.hifi.reads.bc2006.bam,m21120_251222_184224.hifi_reads.bc2006.bam,bc2006,EED fecal,R003,3000,control (pipet conc) 3000 ng,NaN,0,pipetmix 300x (90ng/ul),FALSE,PCRfree,metabat2.27,13.53,0.1,Neural Network (Specific Model),11,0.854,38727,210.7783019,466974,0.42,636,11,66459,None,0,1,0,1,0,,,0,0,0,0,notHQ,notHQ,notHQ,notHQ,notHQ,notHQ,notHQ,notHQ,notHQ,notHQ,notHQ,notHQ,notHQ,notHQ,notHQ,notHQ,notHQ,pcrfree
R004bc2008.H09,R004bc2008.H09,bc2008,ESK pathogen,R004,150,NEB Q5 XT 1x 150 ng,Q5XT,8,longplex,FALSE,longplex_PCR,metabat2.3,100,0.41,Neural Network (Specific Model),11,0.88,463255,314.1254524,5314830,0.57,4974,13,1149035,None,1,1,1,1,0,,,1,1,0,0,9,7,7,23,92,7,3,95.906,463255,390249,19,6.16,1.13,6,13,0,d__Bacteria;p__Pseudomonadota;c__Gammaproteobacteria;o__Enterobacterales;f__Enterobacteriaceae;g__Klebsiella;s__Klebsiella pneumoniae,longplex_1x
R005bc2008.G09,R005bc2008.G09,bc2008,ESK pathogen,R005,300,NEB Q5 XT 1x 300 ng (Q),Q5XT,8,longplex,TRUE,longplex_PCR,metabat2.3,100,0.07,Neural Network (Specific Model),11,0.875,3271712,313.9849219,3996075,0.39,3714,3,3271712,None,1,1,1,1,0,,,1,1,0,0,7,8,8,23,81,6,4,99.564,3271712,2065956,6,7.37,0.66,6,0,0,d__Bacteria;p__Pseudomonadota;c__Gammaproteobacteria;o__Pseudomonadales;f__Moraxellaceae;g__Acinetobacter;s__Acinetobacter baumannii,longplex_1x
R006bc2010.A04,R006bc2010.A04,bc2010,EED fecal,R006,150,NEB Q5 XT 0.5x 150 ng,Q5XT,8,longplex,FALSE,longplex_PCR,metabat2.3,94.99,71.26,Neural Network (Specific Model),11,0.873,476444,348.575925,7145635,0.46,5973,43,802615,None,1,0,1,0,0,,,0,0,0,0,notHQ,notHQ,notHQ,notHQ,notHQ,notHQ,notHQ,notHQ,notHQ,notHQ,notHQ,notHQ,notHQ,notHQ,notHQ,notHQ,notHQ,longplex_0.5x
R006bc2010.E02,R006bc2010.E02,bc2010,ESK pathogen,R006,150,Kura Decodifi 0.5x 150 ng,decodifi,8,longplex,FALSE,longplex_PCR,metabat2.3,100,0.07,Neural Network (Specific Model),11,0.874,2796131,313.8038793,3995578,0.39,3712,3,2796131,None,1,1,1,1,0,,,1,1,0,0,7,9,8,24,81,7,4,99.558,2796131,742714,6,7.37,0.86,6,0,0,d__Bacteria;p__Pseudomonadota;c__Gammaproteobacteria;o__Pseudomonadales;f__Moraxellaceae;g__Acinetobacter;s__Acinetobacter baumannii,longplex_0.5x
R006bc2010.F04,R006bc2010.F04,bc2010,ESK pathogen,R006,75,NEB Q5 XT 0.5x 75 ng,Q5XT,8,longplex,FALSE,longplex_PCR,metabat2.3,83.33,0.1,Neural Network (Specific Model),11,0.893,91080,319.1438832,4622230,0.66,4316,58,264941,None,1,1,0,1,0,,,1,0,0,0,notHQ,notHQ,notHQ,notHQ,notHQ,notHQ,notHQ,notHQ,notHQ,notHQ,notHQ,notHQ,notHQ,notHQ,notHQ,notHQ,notHQ,longplex_0.5x
R006bc2010.G04,R006bc2010.G04,bc2010,ESK pathogen,R006,30,NEB Q5 XT 0.25x 30 ng,Q5XT,8,longplex,FALSE,longplex_PCR,metabat2.3,68.06,0,Neural Network (Specific Model),11,0.888,123589,317.5232796,3659295,0.66,3415,42,479111,Low confidence prediction - substantial (29%) disagreement between completeness prediction models,1,1,0,1,0,,,1,0,0,0,notHQ,notHQ,notHQ,notHQ,notHQ,notHQ,notHQ,notHQ,notHQ,notHQ,notHQ,notHQ,notHQ,notHQ,notHQ,notHQ,notHQ,longplex_0.25x
R004bc2007.B09,R004bc2007.B09,bc2007,EED fecal,R004,150,Takara PrimeSTAR LongSeq 1x 150 ng,Pstar,8,longplex,FALSE,longplex_PCR,metabat2.3_sub,18.5,3.69,Neural Network (Specific Model),11,0.861,52631,299.3910186,949435,0.43,913,18,141174,None,0,1,0,1,0,,,0,0,0,0,notHQ,notHQ,notHQ,notHQ,notHQ,notHQ,notHQ,notHQ,notHQ,notHQ,notHQ,notHQ,notHQ,notHQ,notHQ,notHQ,notHQ,longplex_1x
R005bc2007.A09,R005bc2007.A09,bc2007,EED fecal,R005,500,Takara PrimeSTAR LongSeq 1x 500 ng (Q),Pstar,8,longplex,TRUE,longplex_PCR,metabat2.3_sub,89.07,59.15,Neural Network (Specific Model),11,0.872,244075,343.2805637,9280248,0.45,7877,82,893239,None,1,0,0,0,0,,,0,0,0,0,notHQ,notHQ,notHQ,notHQ,notHQ,notHQ,notHQ,notHQ,notHQ,notHQ,notHQ,notHQ,notHQ,notHQ,notHQ,notHQ,notHQ,longplex_1x
R006bc2010.C06,R006bc2010.C06,bc2010,EED fecal,R006,30,Takara PrimeSTAR LongSeq 0.25x 30 ng,Pstar,8,longplex,FALSE,longplex_PCR,metabat2.3_sub,91.66,73.48,Neural Network (Specific Model),11,0.871,188828,333.2007732,8595779,0.45,7501,77,512958,None,1,0,1,0,0,,,0,0,0,0,notHQ,notHQ,notHQ,notHQ,notHQ,notHQ,notHQ,notHQ,notHQ,notHQ,notHQ,notHQ,notHQ,notHQ,notHQ,notHQ,notHQ,longplex_0.25x
m21120.251222.184224.hifi.reads.bc2002.bam,m21120_251222_184224.hifi_reads.bc2002.bam,bc2002,EED fecal,R003,3000,control (gtube) 3000 ng,NaN,0,gtube,FALSE,PCRfree,metabat2.33_sub,66.76,26.98,Gradient Boost (General Model),11,0.854,64935,290.5324588,6053076,0.44,5946,102,285032,None,1,0,0,0,0,,,0,0,0,0,notHQ,notHQ,notHQ,notHQ,notHQ,notHQ,notHQ,notHQ,notHQ,notHQ,notHQ,notHQ,notHQ,notHQ,notHQ,notHQ,notHQ,pcrfree
m21120.251222.184224.hifi.reads.bc2006.bam,m21120_251222_184224.hifi_reads.bc2006.bam,bc2006,EED fecal,R003,3000,control (pipet conc) 3000 ng,NaN,0,pipetmix 300x (90ng/ul),FALSE,PCRfree,metabat2.37,18.39,0.04,Neural Network (Specific Model),11,0.881,52533,254.7902973,552058,0.47,639,11,76647,None,0,1,0,1,0,,,0,0,0,0,notHQ,notHQ,notHQ,notHQ,notHQ,notHQ,notHQ,notHQ,notHQ,notHQ,notHQ,notHQ,notHQ,notHQ,notHQ,notHQ,notHQ,pcrfree
m21120.251222.184224.hifi.reads.bc2002.bam,m21120_251222_184224.hifi_reads.bc2002.bam,bc2002,EED fecal,R003,3000,control (gtube) 3000 ng,NaN,0,gtube,FALSE,PCRfree,metabat2.38_sub,26.64,0.56,Neural Network (Specific Model),11,0.868,112384,334.9347181,778433,0.52,674,8,327193,None,0,1,0,1,0,,,0,0,0,0,notHQ,notHQ,notHQ,notHQ,notHQ,notHQ,notHQ,notHQ,notHQ,notHQ,notHQ,notHQ,notHQ,notHQ,notHQ,notHQ,notHQ,pcrfree
R004bc2007.A10,R004bc2007.A10,bc2007,EED fecal,R004,500,Kura Decodifi 1x 500 ng,decodifi,8,longplex,FALSE,longplex_PCR,metabat2.4,63,32.63,Neural Network (Specific Model),11,0.868,45017,307.2319249,5638050,0.44,5325,115,292375,None,1,0,0,0,0,,,0,0,0,0,notHQ,notHQ,notHQ,notHQ,notHQ,notHQ,notHQ,notHQ,notHQ,notHQ,notHQ,notHQ,notHQ,notHQ,notHQ,notHQ,notHQ,longplex_1x
R006bc2010.D02,R006bc2010.D02,bc2010,EED fecal,R006,15,Kura Decodifi 0.25x 15 ng,decodifi,8,longplex,FALSE,longplex_PCR,metabat2.4,99.94,53.63,Neural Network (Specific Model),11,0.876,240011,343.8310811,6265617,0.46,5328,45,556064,None,1,0,1,0,0,,,0,0,0,0,notHQ,notHQ,notHQ,notHQ,notHQ,notHQ,notHQ,notHQ,notHQ,notHQ,notHQ,notHQ,notHQ,notHQ,notHQ,notHQ,notHQ,longplex_0.25x
R004bc2008.D10,R004bc2008.D10,bc2008,ESK pathogen,R004,150,Kura Decodifi 1x 150 ng,decodifi,8,longplex,FALSE,longplex_PCR,metabat2.5,100,0.07,Neural Network (Specific Model),11,0.875,3248410,313.6321313,3993047,0.39,3716,3,3248410,None,1,1,1,1,0,,,1,1,0,0,7,8,7,22,81,7,4,99.521,3248410,875684,6,7.37,0.79,6,0,0,d__Bacteria;p__Pseudomonadota;c__Gammaproteobacteria;o__Pseudomonadales;f__Moraxellaceae;g__Acinetobacter;s__Acinetobacter baumannii,longplex_1x
R005bc2008.C10,R005bc2008.C10,bc2008,ESK pathogen,R005,300,Kura Decodifi 1x 300 ng (Q),decodifi,8,longplex,TRUE,longplex_PCR,metabat2.5,100,0.07,Neural Network (Specific Model),11,0.877,2265496,313.7796291,3990867,0.39,3721,2,2265496,None,1,1,1,1,0,,,1,1,0,0,6,6,6,18,77,6,4,99.559,2265496,1343583,6,7.37,0.91,6,0,0,d__Bacteria;p__Pseudomonadota;c__Gammaproteobacteria;o__Pseudomonadales;f__Moraxellaceae;g__Acinetobacter;s__Acinetobacter baumannii,longplex_1x
R005bc2008.D10,R005bc2008.D10,bc2008,ESK pathogen,R005,150,Kura Decodifi 1x 150 ng (Q),decodifi,8,longplex,TRUE,longplex_PCR,metabat2.5,100,0.04,Neural Network (Specific Model),11,0.86,2389469,306.3414333,2589610,0.38,2428,2,2389469,None,1,1,1,1,0,,,1,1,0,0,6,7,6,19,68,6,1,93.064,2389469,1819165,3,4.79,0.27,0,3,0,d__Bacteria;p__Bacillota;c__Bacilli;o__Lactobacillales;f__Enterococcaceae;g__Enterococcus_B;s__Enterococcus_B lactis,longplex_1x
R006bc2010.B02,R006bc2010.B02,bc2010,EED fecal,R006,75,Kura Decodifi 0.5x 75 ng,decodifi,8,longplex,FALSE,longplex_PCR,metabat2.5,16.65,1.6,Neural Network (Specific Model),11,0.857,43727,289.2215447,496729,0.45,492,12,69843,None,0,1,0,1,0,,,0,0,0,0,notHQ,notHQ,notHQ,notHQ,notHQ,notHQ,notHQ,notHQ,notHQ,notHQ,notHQ,notHQ,notHQ,notHQ,notHQ,notHQ,notHQ,longplex_0.5x
R006bc2010.E04,R006bc2010.E04,bc2010,ESK pathogen,R006,150,NEB Q5 XT 0.5x 150 ng,Q5XT,8,longplex,FALSE,longplex_PCR,metabat2.5,100,0.07,Neural Network (Specific Model),11,0.876,1724348,314.5028188,4009371,0.39,3725,4,1966801,None,1,1,1,1,0,,,1,1,0,0,7,7,7,21,79,6,4,99.564,1724348,1344369,6,7.34,0.58,6,0,0,d__Bacteria;p__Pseudomonadota;c__Gammaproteobacteria;o__Pseudomonadales;f__Moraxellaceae;g__Acinetobacter;s__Acinetobacter baumannii,longplex_0.5x
m21120.251222.184224.hifi.reads.bc2002.bam,m21120_251222_184224.hifi_reads.bc2002.bam,bc2002,EED fecal,R003,3000,control (gtube) 3000 ng,NaN,0,gtube,FALSE,PCRfree,metabat2.53,89.12,0.41,Gradient Boost (General Model),11,0.854,430616,327.8661731,2019867,0.37,1756,8,735409,None,1,1,0,1,0,,,1,0,0,0,notHQ,notHQ,notHQ,notHQ,notHQ,notHQ,notHQ,notHQ,notHQ,notHQ,notHQ,notHQ,notHQ,notHQ,notHQ,notHQ,notHQ,pcrfree
R005bc2008.D10,R005bc2008.D10,bc2008,ESK pathogen,R005,150,Kura Decodifi 1x 150 ng (Q),decodifi,8,longplex,TRUE,longplex_PCR,metabat2.6,100,0.07,Neural Network (Specific Model),11,0.873,3246470,313.9622845,4002240,0.39,3712,4,3246470,None,1,1,1,1,0,,,1,1,0,0,9,9,9,27,85,8,4,99.564,3246470,874861,6,7.35,0.71,6,0,0,d__Bacteria;p__Pseudomonadota;c__Gammaproteobacteria;o__Pseudomonadales;f__Moraxellaceae;g__Acinetobacter;s__Acinetobacter baumannii,longplex_1x
R004bc2007.E09,R004bc2007.E09,bc2007,EED fecal,R004,500,NEB Q5 XT 1x 500 ng,Q5XT,8,longplex,FALSE,longplex_PCR,metabat2.6_sub,73.53,6.44,Neural Network (Specific Model),11,0.873,2153620,349.5742331,2933603,0.45,2445,7,2153620,None,1,1,0,0,0,,,1,0,0,0,notHQ,notHQ,notHQ,notHQ,notHQ,notHQ,notHQ,notHQ,notHQ,notHQ,notHQ,notHQ,notHQ,notHQ,notHQ,notHQ,notHQ,longplex_1x
R005bc2007.A10,R005bc2007.A10,bc2007,EED fecal,R005,500,Kura Decodifi 1x 500 ng (Q),decodifi,8,longplex,TRUE,longplex_PCR,metabat2.6_sub,33.45,5.88,Neural Network (Specific Model),11,0.859,42779,303.692425,2081139,0.43,1967,44,128323,None,0,1,0,0,0,,,0,0,0,0,notHQ,notHQ,notHQ,notHQ,notHQ,notHQ,notHQ,notHQ,notHQ,notHQ,notHQ,notHQ,notHQ,notHQ,notHQ,notHQ,notHQ,longplex_1x
R005bc2007.F09,R005bc2007.F09,bc2007,EED fecal,R005,150,NEB Q5 XT 1x 150 ng (Q),Q5XT,8,longplex,TRUE,longplex_PCR,metabat2.6_sub,100,70.21,Neural Network (Specific Model),11,0.873,1295024,343.8181968,7157255,0.45,6067,24,2596662,None,1,0,1,0,0,,,0,0,0,0,notHQ,notHQ,notHQ,notHQ,notHQ,notHQ,notHQ,notHQ,notHQ,notHQ,notHQ,notHQ,notHQ,notHQ,notHQ,notHQ,notHQ,longplex_1x
R006bc2010.B04,R006bc2010.B04,bc2010,EED fecal,R006,75,NEB Q5 XT 0.5x 75 ng,Q5XT,8,longplex,FALSE,longplex_PCR,metabat2.6_sub,73.38,18.8,Neural Network (Specific Model),11,0.867,207732,329.8598457,4573411,0.45,4017,40,690716,None,1,0,0,0,0,,,0,0,0,0,notHQ,notHQ,notHQ,notHQ,notHQ,notHQ,notHQ,notHQ,notHQ,notHQ,notHQ,notHQ,notHQ,notHQ,notHQ,notHQ,notHQ,longplex_0.5x
R006bc2010.B06,R006bc2010.B06,bc2010,EED fecal,R006,75,Takara PrimeSTAR LongSeq 0.5x 75 ng,Pstar,8,longplex,FALSE,longplex_PCR,metabat2.6_sub,94.3,87.82,Neural Network (Specific Model),11,0.869,212182,330.3020221,11430389,0.45,10039,121,1298308,None,1,0,1,0,0,,,0,0,0,0,notHQ,notHQ,notHQ,notHQ,notHQ,notHQ,notHQ,notHQ,notHQ,notHQ,notHQ,notHQ,notHQ,notHQ,notHQ,notHQ,notHQ,longplex_0.5x
R004bc2008.C10,R004bc2008.C10,bc2008,ESK pathogen,R004,300,Kura Decodifi 1x 300 ng,decodifi,8,longplex,FALSE,longplex_PCR,metabat2.7,100,0.07,Neural Network (Specific Model),11,0.877,2272670,314.4762161,3999642,0.39,3721,2,2272670,None,1,1,1,1,0,,,1,1,0,0,6,6,6,18,77,6,4,99.564,2272670,1341267,6,7.36,0.78,6,0,0,d__Bacteria;p__Pseudomonadota;c__Gammaproteobacteria;o__Pseudomonadales;f__Moraxellaceae;g__Acinetobacter;s__Acinetobacter baumannii,longplex_1x
R005bc2007.A10,R005bc2007.A10,bc2007,EED fecal,R005,500,Kura Decodifi 1x 500 ng (Q),decodifi,8,longplex,TRUE,longplex_PCR,metabat2.7,13.3,0.05,Neural Network (Specific Model),11,0.875,43127,304.3483709,415345,0.5,399,9,90508,None,0,1,0,1,0,,,0,0,0,0,notHQ,notHQ,notHQ,notHQ,notHQ,notHQ,notHQ,notHQ,notHQ,notHQ,notHQ,notHQ,notHQ,notHQ,notHQ,notHQ,notHQ,longplex_1x
R005bc2007.E09,R005bc2007.E09,bc2007,EED fecal,R005,500,NEB Q5 XT 1x 500 ng (Q),Q5XT,8,longplex,TRUE,longplex_PCR,metabat2.7,64.06,3.46,Neural Network (Specific Model),11,0.88,1397865,349.6313035,2503438,0.45,2102,6,1397865,None,1,1,0,1,0,,,1,0,0,0,notHQ,notHQ,notHQ,notHQ,notHQ,notHQ,notHQ,notHQ,notHQ,notHQ,notHQ,notHQ,notHQ,notHQ,notHQ,notHQ,notHQ,longplex_1x
R006bc2010.A06,R006bc2010.A06,bc2010,EED fecal,R006,150,Takara PrimeSTAR LongSeq 0.5x 150 ng,Pstar,8,longplex,FALSE,longplex_PCR,metabat2.7,62.71,23.65,Neural Network (Specific Model),11,0.872,60695,337.6682121,4000281,0.46,3451,63,666115,None,1,0,0,0,0,,,0,0,0,0,notHQ,notHQ,notHQ,notHQ,notHQ,notHQ,notHQ,notHQ,notHQ,notHQ,notHQ,notHQ,notHQ,notHQ,notHQ,notHQ,notHQ,longplex_0.5x
R006bc2010.B04,R006bc2010.B04,bc2010,EED fecal,R006,75,NEB Q5 XT 0.5x 75 ng,Q5XT,8,longplex,FALSE,longplex_PCR,metabat2.7,20.45,0.02,Neural Network (Specific Model),11,0.869,44455,338.0770925,528610,0.51,454,11,145802,None,0,1,0,1,0,,,0,0,0,0,notHQ,notHQ,notHQ,notHQ,notHQ,notHQ,notHQ,notHQ,notHQ,notHQ,notHQ,notHQ,notHQ,notHQ,notHQ,notHQ,notHQ,longplex_0.5x
R006bc2010.G02,R006bc2010.G02,bc2010,ESK pathogen,R006,30,Kura Decodifi 0.25x 30 ng,decodifi,8,longplex,FALSE,longplex_PCR,metabat2.7,83.08,0.37,Neural Network (Specific Model),11,0.875,379857,311.9636585,4375634,0.57,4100,18,1304831,None,1,1,0,1,0,,,1,0,0,0,notHQ,notHQ,notHQ,notHQ,notHQ,notHQ,notHQ,notHQ,notHQ,notHQ,notHQ,notHQ,notHQ,notHQ,notHQ,notHQ,notHQ,longplex_0.25x
m21120.260115.173545.hifi.reads.bc2006.bam,m21120_260115_173545.hifi_reads.bc2006.bam,bc2006,EED fecal,R005,3000,control (pipet conc) 3000 ng (Q),NaN,0,pipetmix 300x (90ng/ul),TRUE,PCRfree,metabat2.7,8.27,0.09,Neural Network (Specific Model),11,0.842,44061,273.3788546,220168,0.45,227,5,51517,None,0,1,0,1,0,,,0,0,0,0,notHQ,notHQ,notHQ,notHQ,notHQ,notHQ,notHQ,notHQ,notHQ,notHQ,notHQ,notHQ,notHQ,notHQ,notHQ,notHQ,notHQ,pcrfree
R004bc2007.B10,R004bc2007.B10,bc2007,EED fecal,R004,150,Kura Decodifi 1x 150 ng,decodifi,8,longplex,FALSE,longplex_PCR,metabat2.7_sub,93.87,83.84,Neural Network (Specific Model),11,0.871,230402,337.9830295,10127149,0.45,8721,88,1554176,None,1,0,1,0,0,,,0,0,0,0,notHQ,notHQ,notHQ,notHQ,notHQ,notHQ,notHQ,notHQ,notHQ,notHQ,notHQ,notHQ,notHQ,notHQ,notHQ,notHQ,notHQ,longplex_1x
R005bc2007.B09,R005bc2007.B09,bc2007,EED fecal,R005,150,Takara PrimeSTAR LongSeq 1x 150 ng (Q),Pstar,8,longplex,TRUE,longplex_PCR,metabat2.7_sub,7.63,0,Neural Network (Specific Model),11,0.883,43126,309.894198,307668,0.45,293,7,64589,None,0,1,0,1,0,,,0,0,0,0,notHQ,notHQ,notHQ,notHQ,notHQ,notHQ,notHQ,notHQ,notHQ,notHQ,notHQ,notHQ,notHQ,notHQ,notHQ,notHQ,notHQ,longplex_1x
m21120.260115.173545.hifi.reads.bc2002.bam,m21120_260115_173545.hifi_reads.bc2002.bam,bc2002,EED fecal,R005,3000,control (gtube) 3000 ng (Q),NaN,0,gtube,TRUE,PCRfree,metabat2.7_sub,90.04,85.79,Neural Network (Specific Model),11,0.867,95992,326.386982,15199694,0.45,13489,189,1681608,None,1,0,1,0,0,,,0,0,0,0,notHQ,notHQ,notHQ,notHQ,notHQ,notHQ,notHQ,notHQ,notHQ,notHQ,notHQ,notHQ,notHQ,notHQ,notHQ,notHQ,notHQ,pcrfree
R004bc2007.B10,R004bc2007.B10,bc2007,EED fecal,R004,150,Kura Decodifi 1x 150 ng,decodifi,8,longplex,FALSE,longplex_PCR,metabat2.8,11.48,0,Neural Network (Specific Model),11,0.878,91177,326.5552764,443208,0.43,398,4,207448,None,0,1,0,1,0,,,0,0,0,0,notHQ,notHQ,notHQ,notHQ,notHQ,notHQ,notHQ,notHQ,notHQ,notHQ,notHQ,notHQ,notHQ,notHQ,notHQ,notHQ,notHQ,longplex_1x
R005bc2008.D10,R005bc2008.D10,bc2008,ESK pathogen,R005,150,Kura Decodifi 1x 150 ng (Q),decodifi,8,longplex,TRUE,longplex_PCR,metabat2.8,93.39,0.1,Neural Network (Specific Model),11,0.877,418976,309.8819333,4600579,0.58,4345,20,1051363,None,1,1,1,1,0,,,1,1,0,0,9,9,8,26,84,7,1,82.764,418976,172340,19,5.99,1.92,4,15,0,d__Bacteria;p__Pseudomonadota;c__Gammaproteobacteria;o__Enterobacterales;f__Enterobacteriaceae;g__Klebsiella;s__Klebsiella pneumoniae,longplex_1x
m21120.260115.173545.hifi.reads.bc2006.bam,m21120_260115_173545.hifi_reads.bc2006.bam,bc2006,EED fecal,R005,3000,control (pipet conc) 3000 ng (Q),NaN,0,pipetmix 300x (90ng/ul),TRUE,PCRfree,metabat2.8,68.33,27.41,Gradient Boost (General Model),11,0.864,45672,311.5248926,4268178,0.44,3957,89,228016,None,1,0,0,0,0,,,0,0,0,0,notHQ,notHQ,notHQ,notHQ,notHQ,notHQ,notHQ,notHQ,notHQ,notHQ,notHQ,notHQ,notHQ,notHQ,notHQ,notHQ,notHQ,pcrfree
R004bc2007.F09,R004bc2007.F09,bc2007,EED fecal,R004,150,NEB Q5 XT 1x 150 ng,Q5XT,8,longplex,FALSE,longplex_PCR,metabat2.8_sub,5.98,0.05,Neural Network (Specific Model),11,0.891,34275,308.5560976,212570,0.51,205,6,42385,None,0,1,0,1,0,,,0,0,0,0,notHQ,notHQ,notHQ,notHQ,notHQ,notHQ,notHQ,notHQ,notHQ,notHQ,notHQ,notHQ,notHQ,notHQ,notHQ,notHQ,notHQ,longplex_1x
R006bc2010.A06,R006bc2010.A06,bc2010,EED fecal,R006,150,Takara PrimeSTAR LongSeq 0.5x 150 ng,Pstar,8,longplex,FALSE,longplex_PCR,metabat2.9,40.28,6.85,Neural Network (Specific Model),11,0.846,54830,284.3114887,2484797,0.43,2472,46,196291,None,0,1,0,0,0,,,0,0,0,0,notHQ,notHQ,notHQ,notHQ,notHQ,notHQ,notHQ,notHQ,notHQ,notHQ,notHQ,notHQ,notHQ,notHQ,notHQ,notHQ,notHQ,longplex_0.5x
R005bc2007.B09,R005bc2007.B09,bc2007,EED fecal,R005,150,Takara PrimeSTAR LongSeq 1x 150 ng (Q),Pstar,8,longplex,TRUE,longplex_PCR,metabat2.9_sub,97.51,69.53,Gradient Boost (General Model),11,0.873,260919,340.4034631,7622896,0.46,6526,48,1360889,None,1,0,1,0,0,,,0,0,0,0,notHQ,notHQ,notHQ,notHQ,notHQ,notHQ,notHQ,notHQ,notHQ,notHQ,notHQ,notHQ,notHQ,notHQ,notHQ,notHQ,notHQ,longplex_1x
R004bc2007.A09,R004bc2007.A09,bc2007,EED fecal,R004,500,Takara PrimeSTAR LongSeq 1x 500 ng,Pstar,8,longplex,FALSE,longplex_PCR,semibin2_0,80.23,0.22,Gradient Boost (General Model),11,0.863,185467,316.4716079,1836815,0.37,1673,23,312374,None,1,1,0,1,0,,,1,0,0,0,notHQ,notHQ,notHQ,notHQ,notHQ,notHQ,notHQ,notHQ,notHQ,notHQ,notHQ,notHQ,notHQ,notHQ,notHQ,notHQ,notHQ,longplex_1x
R004bc2007.A10,R004bc2007.A10,bc2007,EED fecal,R004,500,Kura Decodifi 1x 500 ng,decodifi,8,longplex,FALSE,longplex_PCR,semibin2_0,40.22,7.01,Neural Network (Specific Model),11,0.867,23157,258.6606437,1576476,0.46,1771,71,57284,None,0,1,0,0,0,,,0,0,0,0,notHQ,notHQ,notHQ,notHQ,notHQ,notHQ,notHQ,notHQ,notHQ,notHQ,notHQ,notHQ,notHQ,notHQ,notHQ,notHQ,notHQ,longplex_1x
R004bc2007.B09,R004bc2007.B09,bc2007,EED fecal,R004,150,Takara PrimeSTAR LongSeq 1x 150 ng,Pstar,8,longplex,FALSE,longplex_PCR,semibin2_0,80,3.71,Gradient Boost (General Model),11,0.858,61417,317.6080997,1778734,0.37,1605,36,314663,None,1,1,0,1,0,,,1,0,0,0,notHQ,notHQ,notHQ,notHQ,notHQ,notHQ,notHQ,notHQ,notHQ,notHQ,notHQ,notHQ,notHQ,notHQ,notHQ,notHQ,notHQ,longplex_1x
R004bc2007.B10,R004bc2007.B10,bc2007,EED fecal,R004,150,Kura Decodifi 1x 150 ng,decodifi,8,longplex,FALSE,longplex_PCR,semibin2_0,63.3,0.16,Gradient Boost (General Model),11,0.856,39278,319.4194858,1652440,0.37,1478,54,125417,None,1,1,0,1,0,,,1,0,0,0,notHQ,notHQ,notHQ,notHQ,notHQ,notHQ,notHQ,notHQ,notHQ,notHQ,notHQ,notHQ,notHQ,notHQ,notHQ,notHQ,notHQ,longplex_1x
R004bc2007.E09,R004bc2007.E09,bc2007,EED fecal,R004,500,NEB Q5 XT 1x 500 ng,Q5XT,8,longplex,FALSE,longplex_PCR,semibin2_0,78.52,1.97,Gradient Boost (General Model),11,0.843,88296,314.5066667,1759156,0.37,1575,34,203933,None,1,1,0,1,0,,,1,0,0,0,notHQ,notHQ,notHQ,notHQ,notHQ,notHQ,notHQ,notHQ,notHQ,notHQ,notHQ,notHQ,notHQ,notHQ,notHQ,notHQ,notHQ,longplex_1x
R004bc2007.F09,R004bc2007.F09,bc2007,EED fecal,R004,150,NEB Q5 XT 1x 150 ng,Q5XT,8,longplex,FALSE,longplex_PCR,semibin2_0,69.26,2.73,Gradient Boost (General Model),11,0.858,64807,308.3726937,1748565,0.37,1626,40,155782,None,1,1,0,1,0,,,1,0,0,0,notHQ,notHQ,notHQ,notHQ,notHQ,notHQ,notHQ,notHQ,notHQ,notHQ,notHQ,notHQ,notHQ,notHQ,notHQ,notHQ,notHQ,longplex_1x
R004bc2008.D10,R004bc2008.D10,bc2008,ESK pathogen,R004,150,Kura Decodifi 1x 150 ng,decodifi,8,longplex,FALSE,longplex_PCR,semibin2_0,100,1.19,Neural Network (Specific Model),11,0.88,269508,312.5645904,5312339,0.57,4993,26,490604,None,1,1,1,1,0,,,1,1,0,0,10,7,9,26,93,7,3,95.593,269508,199221,21,6.33,1.83,7,14,0,d__Bacteria;p__Pseudomonadota;c__Gammaproteobacteria;o__Enterobacterales;f__Enterobacteriaceae;g__Klebsiella;s__Klebsiella pneumoniae,longplex_1x
R004bc2008.G09,R004bc2008.G09,bc2008,ESK pathogen,R004,300,NEB Q5 XT 1x 300 ng,Q5XT,8,longplex,FALSE,longplex_PCR,semibin2_0,100,0.58,Neural Network (Specific Model),11,0.878,475643,313.9318227,5385985,0.57,5031,21,881912,None,1,1,1,1,0,,,1,1,0,0,11,11,10,32,97,10,3,96.563,475643,274131,23,7.75,1.36,7,16,0,d__Bacteria;p__Pseudomonadota;c__Gammaproteobacteria;o__Enterobacterales;f__Enterobacteriaceae;g__Klebsiella;s__Klebsiella pneumoniae,longplex_1x
R005bc2007.A09,R005bc2007.A09,bc2007,EED fecal,R005,500,Takara PrimeSTAR LongSeq 1x 500 ng (Q),Pstar,8,longplex,TRUE,longplex_PCR,semibin2_0,84.23,0.55,Gradient Boost (General Model),11,0.852,94511,314.312921,1804352,0.37,1633,31,212695,None,1,1,0,1,0,,,1,0,0,0,notHQ,notHQ,notHQ,notHQ,notHQ,notHQ,notHQ,notHQ,notHQ,notHQ,notHQ,notHQ,notHQ,notHQ,notHQ,notHQ,notHQ,longplex_1x
R005bc2007.A10,R005bc2007.A10,bc2007,EED fecal,R005,500,Kura Decodifi 1x 500 ng (Q),decodifi,8,longplex,TRUE,longplex_PCR,semibin2_0,72.19,2.34,Gradient Boost (General Model),11,0.851,47978,308.3037889,1602174,0.37,1478,45,68721,None,1,1,0,1,0,,,1,0,0,0,notHQ,notHQ,notHQ,notHQ,notHQ,notHQ,notHQ,notHQ,notHQ,notHQ,notHQ,notHQ,notHQ,notHQ,notHQ,notHQ,notHQ,longplex_1x
R005bc2007.B09,R005bc2007.B09,bc2007,EED fecal,R005,150,Takara PrimeSTAR LongSeq 1x 150 ng (Q),Pstar,8,longplex,TRUE,longplex_PCR,semibin2_0,84.44,0.25,Gradient Boost (General Model),11,0.859,62596,315.4426619,1851050,0.37,1683,36,178438,None,1,1,0,1,0,,,1,0,0,0,notHQ,notHQ,notHQ,notHQ,notHQ,notHQ,notHQ,notHQ,notHQ,notHQ,notHQ,notHQ,notHQ,notHQ,notHQ,notHQ,notHQ,longplex_1x
R005bc2007.B10,R005bc2007.B10,bc2007,EED fecal,R005,150,Kura Decodifi 1x 150 ng (Q),decodifi,8,longplex,TRUE,longplex_PCR,semibin2_0,68.9,2.85,Gradient Boost (General Model),11,0.861,27964,304.6782666,1613507,0.37,1523,68,127464,None,1,1,0,1,0,,,1,0,0,0,notHQ,notHQ,notHQ,notHQ,notHQ,notHQ,notHQ,notHQ,notHQ,notHQ,notHQ,notHQ,notHQ,notHQ,notHQ,notHQ,notHQ,longplex_1x
R005bc2007.E09,R005bc2007.E09,bc2007,EED fecal,R005,500,NEB Q5 XT 1x 500 ng (Q),Q5XT,8,longplex,TRUE,longplex_PCR,semibin2_0,74.26,1.61,Gradient Boost (General Model),11,0.854,50451,300.9147335,1682945,0.37,1595,50,110612,None,1,1,0,1,0,,,1,0,0,0,notHQ,notHQ,notHQ,notHQ,notHQ,notHQ,notHQ,notHQ,notHQ,notHQ,notHQ,notHQ,notHQ,notHQ,notHQ,notHQ,notHQ,longplex_1x
R005bc2007.F09,R005bc2007.F09,bc2007,EED fecal,R005,150,NEB Q5 XT 1x 150 ng (Q),Q5XT,8,longplex,TRUE,longplex_PCR,semibin2_0,65.53,0.16,Gradient Boost (General Model),11,0.857,49757,308.8952514,1545033,0.37,1432,38,144841,None,1,1,0,1,0,,,1,0,0,0,notHQ,notHQ,notHQ,notHQ,notHQ,notHQ,notHQ,notHQ,notHQ,notHQ,notHQ,notHQ,notHQ,notHQ,notHQ,notHQ,notHQ,longplex_1x
R005bc2008.G09,R005bc2008.G09,bc2008,ESK pathogen,R005,300,NEB Q5 XT 1x 300 ng (Q),Q5XT,8,longplex,TRUE,longplex_PCR,semibin2_0,100,0.4,Neural Network (Specific Model),11,0.88,532506,314.5851941,5322021,0.57,4971,16,966094,None,1,1,1,1,0,,,1,1,0,0,11,8,8,27,93,8,3,95.939,532506,350742,20,6.25,1.37,7,13,0,d__Bacteria;p__Pseudomonadota;c__Gammaproteobacteria;o__Enterobacterales;f__Enterobacteriaceae;g__Klebsiella;s__Klebsiella pneumoniae,longplex_1x
R005bc2008.H09,R005bc2008.H09,bc2008,ESK pathogen,R005,150,NEB Q5 XT 1x 150 ng (Q),Q5XT,8,longplex,TRUE,longplex_PCR,semibin2_0,100,0.56,Neural Network (Specific Model),11,0.88,436578,313.9969819,5313088,0.57,4970,18,705646,None,1,1,1,1,0,,,1,1,0,0,11,8,9,28,94,8,3,95.682,436578,319083,21,6.31,1.36,7,14,0,d__Bacteria;p__Pseudomonadota;c__Gammaproteobacteria;o__Enterobacterales;f__Enterobacteriaceae;g__Klebsiella;s__Klebsiella pneumoniae,longplex_1x
R006bc2010.A02,R006bc2010.A02,bc2010,EED fecal,R006,150,Kura Decodifi 0.5x 150 ng,decodifi,8,longplex,FALSE,longplex_PCR,semibin2_0,70.6,1.03,Gradient Boost (General Model),11,0.853,40992,297.059453,1753363,0.37,1682,54,88589,None,1,1,0,1,0,,,1,0,0,0,notHQ,notHQ,notHQ,notHQ,notHQ,notHQ,notHQ,notHQ,notHQ,notHQ,notHQ,notHQ,notHQ,notHQ,notHQ,notHQ,notHQ,longplex_0.5x
R006bc2010.A04,R006bc2010.A04,bc2010,EED fecal,R006,150,NEB Q5 XT 0.5x 150 ng,Q5XT,8,longplex,FALSE,longplex_PCR,semibin2_0,77.95,0.87,Gradient Boost (General Model),11,0.849,83785,312.5680293,1807467,0.37,1639,33,136889,None,1,1,0,1,0,,,1,0,0,0,notHQ,notHQ,notHQ,notHQ,notHQ,notHQ,notHQ,notHQ,notHQ,notHQ,notHQ,notHQ,notHQ,notHQ,notHQ,notHQ,notHQ,longplex_0.5x
R006bc2010.A06,R006bc2010.A06,bc2010,EED fecal,R006,150,Takara PrimeSTAR LongSeq 0.5x 150 ng,Pstar,8,longplex,FALSE,longplex_PCR,semibin2_0,78.84,1.82,Gradient Boost (General Model),11,0.858,55482,317.078,1660356,0.37,1500,35,162330,None,1,1,0,1,0,,,1,0,0,0,notHQ,notHQ,notHQ,notHQ,notHQ,notHQ,notHQ,notHQ,notHQ,notHQ,notHQ,notHQ,notHQ,notHQ,notHQ,notHQ,notHQ,longplex_0.5x
R006bc2010.B02,R006bc2010.B02,bc2010,EED fecal,R006,75,Kura Decodifi 0.5x 75 ng,decodifi,8,longplex,FALSE,longplex_PCR,semibin2_0,82.33,2.4,Gradient Boost (General Model),11,0.852,38983,299.4200743,1697606,0.37,1614,54,109971,None,1,1,0,1,0,,,1,0,0,0,notHQ,notHQ,notHQ,notHQ,notHQ,notHQ,notHQ,notHQ,notHQ,notHQ,notHQ,notHQ,notHQ,notHQ,notHQ,notHQ,notHQ,longplex_0.5x
R006bc2010.B04,R006bc2010.B04,bc2010,EED fecal,R006,75,NEB Q5 XT 0.5x 75 ng,Q5XT,8,longplex,FALSE,longplex_PCR,semibin2_0,72.75,0.04,Gradient Boost (General Model),11,0.862,72281,315.1420802,1610903,0.37,1471,34,231151,None,1,1,0,1,0,,,1,0,0,0,notHQ,notHQ,notHQ,notHQ,notHQ,notHQ,notHQ,notHQ,notHQ,notHQ,notHQ,notHQ,notHQ,notHQ,notHQ,notHQ,notHQ,longplex_0.5x
R006bc2010.B06,R006bc2010.B06,bc2010,EED fecal,R006,75,Takara PrimeSTAR LongSeq 0.5x 75 ng,Pstar,8,longplex,FALSE,longplex_PCR,semibin2_0,82.17,2.97,Gradient Boost (General Model),11,0.847,65408,310.1521358,1873154,0.37,1709,37,205613,None,1,1,0,1,0,,,1,0,0,0,notHQ,notHQ,notHQ,notHQ,notHQ,notHQ,notHQ,notHQ,notHQ,notHQ,notHQ,notHQ,notHQ,notHQ,notHQ,notHQ,notHQ,longplex_0.5x
R006bc2010.C02,R006bc2010.C02,bc2010,EED fecal,R006,30,Kura Decodifi 0.25x 30 ng,decodifi,8,longplex,FALSE,longplex_PCR,semibin2_0,69.97,1.65,Gradient Boost (General Model),11,0.857,29559,296.5779587,1654831,0.37,1597,68,76502,None,1,1,0,1,0,,,1,0,0,0,notHQ,notHQ,notHQ,notHQ,notHQ,notHQ,notHQ,notHQ,notHQ,notHQ,notHQ,notHQ,notHQ,notHQ,notHQ,notHQ,notHQ,longplex_0.25x
R006bc2010.C04,R006bc2010.C04,bc2010,EED fecal,R006,30,NEB Q5 XT 0.25x 30 ng,Q5XT,8,longplex,FALSE,longplex_PCR,semibin2_0,77.73,1.38,Gradient Boost (General Model),11,0.856,31296,309.9840153,1697003,0.37,1564,67,61278,None,1,1,0,1,0,,,1,0,0,0,notHQ,notHQ,notHQ,notHQ,notHQ,notHQ,notHQ,notHQ,notHQ,notHQ,notHQ,notHQ,notHQ,notHQ,notHQ,notHQ,notHQ,longplex_0.25x
R006bc2010.C06,R006bc2010.C06,bc2010,EED fecal,R006,30,Takara PrimeSTAR LongSeq 0.25x 30 ng,Pstar,8,longplex,FALSE,longplex_PCR,semibin2_0,76.42,0.27,Gradient Boost (General Model),11,0.856,29893,306.9291872,1742893,0.37,1624,65,105747,None,1,1,0,1,0,,,1,0,0,0,notHQ,notHQ,notHQ,notHQ,notHQ,notHQ,notHQ,notHQ,notHQ,notHQ,notHQ,notHQ,notHQ,notHQ,notHQ,notHQ,notHQ,longplex_0.25x
R006bc2010.D02,R006bc2010.D02,bc2010,EED fecal,R006,15,Kura Decodifi 0.25x 15 ng,decodifi,8,longplex,FALSE,longplex_PCR,semibin2_0,61.23,2.21,Gradient Boost (General Model),11,0.852,18828,292.8506919,1412765,0.37,1373,90,54576,None,1,1,0,1,0,,,1,0,0,0,notHQ,notHQ,notHQ,notHQ,notHQ,notHQ,notHQ,notHQ,notHQ,notHQ,notHQ,notHQ,notHQ,notHQ,notHQ,notHQ,notHQ,longplex_0.25x
R006bc2010.D04,R006bc2010.D04,bc2010,EED fecal,R006,15,NEB Q5 XT 0.25x 15 ng,Q5XT,8,longplex,FALSE,longplex_PCR,semibin2_0,61.51,2.75,Gradient Boost (General Model),11,0.862,17104,299.8869048,1400344,0.37,1344,90,47042,None,1,1,0,1,0,,,1,0,0,0,notHQ,notHQ,notHQ,notHQ,notHQ,notHQ,notHQ,notHQ,notHQ,notHQ,notHQ,notHQ,notHQ,notHQ,notHQ,notHQ,notHQ,longplex_0.25x
R006bc2010.D06,R006bc2010.D06,bc2010,EED fecal,R006,15,Takara PrimeSTAR LongSeq 0.25x 15 ng,Pstar,8,longplex,FALSE,longplex_PCR,semibin2_0,71.95,0.82,Gradient Boost (General Model),11,0.863,14004,287.8774648,1417869,0.37,1420,109,40540,None,1,1,0,1,0,,,1,0,0,0,notHQ,notHQ,notHQ,notHQ,notHQ,notHQ,notHQ,notHQ,notHQ,notHQ,notHQ,notHQ,notHQ,notHQ,notHQ,notHQ,notHQ,longplex_0.25x
R006bc2010.E06,R006bc2010.E06,bc2010,ESK pathogen,R006,150,Takara PrimeSTAR LongSeq 0.5x 150 ng,Pstar,8,longplex,FALSE,longplex_PCR,semibin2_0,99.63,0.04,Neural Network (Specific Model),11,0.876,1870818,313.5667363,3591234,0.39,3349,2,1870818,None,1,1,1,1,0,,,1,1,0,0,6,6,6,18,76,6,4,89.396,1870818,1340679,4,8.23,0.74,4,0,0,d__Bacteria;p__Pseudomonadota;c__Gammaproteobacteria;o__Pseudomonadales;f__Moraxellaceae;g__Acinetobacter;s__Acinetobacter baumannii,longplex_0.5x
R006bc2010.F06,R006bc2010.F06,bc2010,ESK pathogen,R006,75,Takara PrimeSTAR LongSeq 0.5x 75 ng,Pstar,8,longplex,FALSE,longplex_PCR,semibin2_0,92.44,0.12,Neural Network (Specific Model),11,0.897,600699,328.9478974,5356122,0.67,4875,20,896720,None,1,1,1,1,0,,,1,1,0,0,3,4,4,11,56,3,3,85.224,600699,286193,5,2.82,1.74,5,0,0,d__Bacteria;p__Pseudomonadota;c__Gammaproteobacteria;o__Pseudomonadales;f__Pseudomonadaceae;g__Pseudomonas;s__Pseudomonas aeruginosa,longplex_0.5x
R006bc2010.G02,R006bc2010.G02,bc2010,ESK pathogen,R006,30,Kura Decodifi 0.25x 30 ng,decodifi,8,longplex,FALSE,longplex_PCR,semibin2_0,100,0.07,Neural Network (Specific Model),11,0.875,2268743,313.5476701,4007876,0.39,3734,4,2268743,None,1,1,1,1,0,,,1,1,0,0,7,7,7,21,79,6,4,99.551,2268743,476386,6,7.34,0.86,6,0,0,d__Bacteria;p__Pseudomonadota;c__Gammaproteobacteria;o__Pseudomonadales;f__Moraxellaceae;g__Acinetobacter;s__Acinetobacter baumannii,longplex_0.25x
R006bc2010.H02,R006bc2010.H02,bc2010,ESK pathogen,R006,15,Kura Decodifi 0.25x 15 ng,decodifi,8,longplex,FALSE,longplex_PCR,semibin2_0,99.73,0.58,Neural Network (Specific Model),11,0.879,447659,313.0509349,4964683,0.58,4653,20,721128,None,1,1,1,1,0,,,1,1,0,0,9,8,8,25,88,8,1,89.526,447659,250191,20,5.29,2.14,6,14,0,d__Bacteria;p__Pseudomonadota;c__Gammaproteobacteria;o__Enterobacterales;f__Enterobacteriaceae;g__Klebsiella;s__Klebsiella pneumoniae,longplex_0.25x
R006bc2010.H04,R006bc2010.H04,bc2010,ESK pathogen,R006,15,NEB Q5 XT 0.25x 15 ng,Q5XT,8,longplex,FALSE,longplex_PCR,semibin2_0,100,0.74,Neural Network (Specific Model),11,0.88,315101,314.2065152,5317129,0.57,4973,26,630359,None,1,1,1,1,0,,,1,1,0,0,11,8,8,27,94,8,3,95.702,315101,243953,18,6.29,0.73,6,12,0,d__Bacteria;p__Pseudomonadota;c__Gammaproteobacteria;o__Enterobacterales;f__Enterobacteriaceae;g__Klebsiella;s__Klebsiella pneumoniae,longplex_0.25x
m21120.251219.215844.hifi.reads.bc2002.bam,m21120_251219_215844.hifi_reads.bc2002.bam,bc2002,EED fecal,R002,3000,control (gtube) 3000 ng,NaN,0,gtube,FALSE,PCRfree,semibin2_0,82.98,4.13,Gradient Boost (General Model),11,0.848,247865,322.7362385,1987053,0.37,1744,17,790724,None,1,1,0,1,0,,,1,0,0,0,notHQ,notHQ,notHQ,notHQ,notHQ,notHQ,notHQ,notHQ,notHQ,notHQ,notHQ,notHQ,notHQ,notHQ,notHQ,notHQ,notHQ,pcrfree
m21120.251219.215844.hifi.reads.bc2004.bam,m21120_251219_215844.hifi_reads.bc2004.bam,bc2004,EED fecal,R002,3000,control (pipet dil) 3000 ng,NaN,0,pipetmix 300x (10ng/ul),FALSE,PCRfree,semibin2_0,80.82,2.97,Gradient Boost (General Model),11,0.845,130522,317.3293515,1977259,0.37,1758,25,334783,None,1,1,0,1,0,,,1,0,0,0,notHQ,notHQ,notHQ,notHQ,notHQ,notHQ,notHQ,notHQ,notHQ,notHQ,notHQ,notHQ,notHQ,notHQ,notHQ,notHQ,notHQ,pcrfree
m21120.251219.215844.hifi.reads.bc2006.bam,m21120_251219_215844.hifi_reads.bc2006.bam,bc2006,EED fecal,R002,3000,control (pipet conc) 3000 ng,NaN,0,pipetmix 300x (90ng/ul),FALSE,PCRfree,semibin2_0,76.36,0.55,Gradient Boost (General Model),11,0.852,136221,318.9201935,1853445,0.37,1654,26,504431,None,1,1,0,1,0,,,1,0,0,0,notHQ,notHQ,notHQ,notHQ,notHQ,notHQ,notHQ,notHQ,notHQ,notHQ,notHQ,notHQ,notHQ,notHQ,notHQ,notHQ,notHQ,pcrfree
m21120.251222.184224.hifi.reads.bc2004.bam,m21120_251222_184224.hifi_reads.bc2004.bam,bc2004,EED fecal,R003,3000,control (pipet dil) 3000 ng,NaN,0,pipetmix 300x (10ng/ul),FALSE,PCRfree,semibin2_0,87.28,0.11,Gradient Boost (General Model),11,0.854,272950,321.9063074,1845674,0.37,1633,8,376976,None,1,1,0,1,0,,,1,0,0,0,notHQ,notHQ,notHQ,notHQ,notHQ,notHQ,notHQ,notHQ,notHQ,notHQ,notHQ,notHQ,notHQ,notHQ,notHQ,notHQ,notHQ,pcrfree
m21120.251222.184224.hifi.reads.bc2006.bam,m21120_251222_184224.hifi_reads.bc2006.bam,bc2006,EED fecal,R003,3000,control (pipet conc) 3000 ng,NaN,0,pipetmix 300x (90ng/ul),FALSE,PCRfree,semibin2_0,82.74,0.05,Gradient Boost (General Model),11,0.855,421589,327.2092268,1764116,0.37,1539,8,503073,None,1,1,0,1,0,,,1,0,0,0,notHQ,notHQ,notHQ,notHQ,notHQ,notHQ,notHQ,notHQ,notHQ,notHQ,notHQ,notHQ,notHQ,notHQ,notHQ,notHQ,notHQ,pcrfree
m21120.260115.173545.hifi.reads.bc2002.bam,m21120_260115_173545.hifi_reads.bc2002.bam,bc2002,EED fecal,R005,3000,control (gtube) 3000 ng (Q),NaN,0,gtube,TRUE,PCRfree,semibin2_0,75.17,4,Gradient Boost (General Model),11,0.852,129323,318.9479921,1701987,0.37,1519,21,219782,None,1,1,0,1,0,,,1,0,0,0,notHQ,notHQ,notHQ,notHQ,notHQ,notHQ,notHQ,notHQ,notHQ,notHQ,notHQ,notHQ,notHQ,notHQ,notHQ,notHQ,notHQ,pcrfree
m21120.260115.173545.hifi.reads.bc2004.bam,m21120_260115_173545.hifi_reads.bc2004.bam,bc2004,EED fecal,R005,3000,control (pipet dil) 3000 ng (Q),NaN,0,pipetmix 300x (10ng/ul),TRUE,PCRfree,semibin2_0,56.67,1.12,Gradient Boost (General Model),11,0.846,30197,284.6526829,1032551,0.37,1025,40,74381,None,1,1,0,1,0,,,1,0,0,0,notHQ,notHQ,notHQ,notHQ,notHQ,notHQ,notHQ,notHQ,notHQ,notHQ,notHQ,notHQ,notHQ,notHQ,notHQ,notHQ,notHQ,pcrfree
m21120.260115.173545.hifi.reads.bc2006.bam,m21120_260115_173545.hifi_reads.bc2006.bam,bc2006,EED fecal,R005,3000,control (pipet conc) 3000 ng (Q),NaN,0,pipetmix 300x (90ng/ul),TRUE,PCRfree,semibin2_0,81.76,2.21,Gradient Boost (General Model),11,0.852,56455,300.6293103,1838709,0.37,1740,36,303645,None,1,1,0,1,0,,,1,0,0,0,notHQ,notHQ,notHQ,notHQ,notHQ,notHQ,notHQ,notHQ,notHQ,notHQ,notHQ,notHQ,notHQ,notHQ,notHQ,notHQ,notHQ,pcrfree
m21120.260113.214725.hifi.reads.bc2009,m21120_260113_214725.hifi_reads.bc2009,bc2009,ESK pathogen,R004,1000,control (gtube) 1000 ng,NaN,0,gtube,FALSE,PCRfree,semibin2_0,71.34,0.57,Neural Network (Specific Model),11,0.834,34897,279.7371865,1843328,0.33,1834,58,79358,None,1,1,0,1,0,,,1,0,0,0,notHQ,notHQ,notHQ,notHQ,notHQ,notHQ,notHQ,notHQ,notHQ,notHQ,notHQ,notHQ,notHQ,notHQ,notHQ,notHQ,notHQ,pcrfree
R004bc2008.C09,R004bc2008.C09,bc2008,ESK pathogen,R004,300,Takara PrimeSTAR LongSeq 1x 300 ng,Pstar,8,longplex,FALSE,longplex_PCR,semibin2_0,38.42,0,Neural Network (Specific Model),11,0.833,20515,261.9245107,1009319,0.33,1073,50,48812,None,0,1,0,1,0,,,0,0,0,0,notHQ,notHQ,notHQ,notHQ,notHQ,notHQ,notHQ,notHQ,notHQ,notHQ,notHQ,notHQ,notHQ,notHQ,notHQ,notHQ,notHQ,longplex_1x
R004bc2007.A09,R004bc2007.A09,bc2007,EED fecal,R004,500,Takara PrimeSTAR LongSeq 1x 500 ng,Pstar,8,longplex,FALSE,longplex_PCR,semibin2_1,77.68,26.77,Gradient Boost (General Model),11,0.863,4419698,333.0995298,4419698,0.46,3828,1,4419698,None,1,0,0,0,1,,,0,0,0,0,notHQ,notHQ,notHQ,notHQ,notHQ,notHQ,notHQ,notHQ,notHQ,notHQ,notHQ,notHQ,notHQ,notHQ,notHQ,notHQ,notHQ,longplex_1x
R004bc2007.A10,R004bc2007.A10,bc2007,EED fecal,R004,500,Kura Decodifi 1x 500 ng,decodifi,8,longplex,FALSE,longplex_PCR,semibin2_1,45.61,0.1,Neural Network (Specific Model),11,0.888,24241,288.2260035,1112779,0.47,1146,50,44192,None,0,1,0,1,0,,,0,0,0,0,notHQ,notHQ,notHQ,notHQ,notHQ,notHQ,notHQ,notHQ,notHQ,notHQ,notHQ,notHQ,notHQ,notHQ,notHQ,notHQ,notHQ,longplex_1x
R004bc2007.B09,R004bc2007.B09,bc2007,EED fecal,R004,150,Takara PrimeSTAR LongSeq 1x 150 ng,Pstar,8,longplex,FALSE,longplex_PCR,semibin2_1,80.06,16.52,Neural Network (Specific Model),11,0.875,602688,343.5404903,3165299,0.46,2692,7,1500728,None,1,0,0,0,0,,,0,0,0,0,notHQ,notHQ,notHQ,notHQ,notHQ,notHQ,notHQ,notHQ,notHQ,notHQ,notHQ,notHQ,notHQ,notHQ,notHQ,notHQ,notHQ,longplex_1x
R004bc2007.B10,R004bc2007.B10,bc2007,EED fecal,R004,150,Kura Decodifi 1x 150 ng,decodifi,8,longplex,FALSE,longplex_PCR,semibin2_1,44.72,1.12,Neural Network (Specific Model),11,0.775,18132,271.1002045,1022116,0.52,978,62,40460,None,0,1,0,1,0,,,0,0,0,0,notHQ,notHQ,notHQ,notHQ,notHQ,notHQ,notHQ,notHQ,notHQ,notHQ,notHQ,notHQ,notHQ,notHQ,notHQ,notHQ,notHQ,longplex_1x
R004bc2007.E09,R004bc2007.E09,bc2007,EED fecal,R004,500,NEB Q5 XT 1x 500 ng,Q5XT,8,longplex,FALSE,longplex_PCR,semibin2_1,72.45,12.44,Neural Network (Specific Model),11,0.877,383910,345.0118456,3084018,0.46,2617,15,733540,None,1,0,0,0,0,,,0,0,0,0,notHQ,notHQ,notHQ,notHQ,notHQ,notHQ,notHQ,notHQ,notHQ,notHQ,notHQ,notHQ,notHQ,notHQ,notHQ,notHQ,notHQ,longplex_1x
R004bc2007.F09,R004bc2007.F09,bc2007,EED fecal,R004,150,NEB Q5 XT 1x 150 ng,Q5XT,8,longplex,FALSE,longplex_PCR,semibin2_1,39.69,7.48,Neural Network (Specific Model),11,0.837,16928,249.6488223,1247330,0.58,1401,84,43977,None,0,1,0,0,0,,,0,0,0,0,notHQ,notHQ,notHQ,notHQ,notHQ,notHQ,notHQ,notHQ,notHQ,notHQ,notHQ,notHQ,notHQ,notHQ,notHQ,notHQ,notHQ,longplex_1x
R004bc2008.C10,R004bc2008.C10,bc2008,ESK pathogen,R004,300,Kura Decodifi 1x 300 ng,decodifi,8,longplex,FALSE,longplex_PCR,semibin2_1,100,1.28,Neural Network (Specific Model),11,0.879,280085,312.1820717,5339655,0.57,5020,27,648496,None,1,1,1,1,0,,,1,1,0,0,10,9,8,27,94,7,3,95.892,280085,269468,20,6.52,2.17,6,14,0,d__Bacteria;p__Pseudomonadota;c__Gammaproteobacteria;o__Enterobacterales;f__Enterobacteriaceae;g__Klebsiella;s__Klebsiella pneumoniae,longplex_1x
R004bc2008.G09,R004bc2008.G09,bc2008,ESK pathogen,R004,300,NEB Q5 XT 1x 300 ng,Q5XT,8,longplex,FALSE,longplex_PCR,semibin2_1,92.79,0.3,Neural Network (Specific Model),11,0.893,55591,318.0809036,5525965,0.66,5179,137,220367,None,1,1,1,1,0,,,1,1,0,0,2,3,3,8,60,2,2,88.140,55591,50804,2,0.83,3.26,2,0,0,d__Bacteria;p__Pseudomonadota;c__Gammaproteobacteria;o__Pseudomonadales;f__Pseudomonadaceae;g__Pseudomonas;s__Pseudomonas aeruginosa,longplex_1x
R004bc2008.H09,R004bc2008.H09,bc2008,ESK pathogen,R004,150,NEB Q5 XT 1x 150 ng,Q5XT,8,longplex,FALSE,longplex_PCR,semibin2_1,99.98,0.09,Neural Network (Specific Model),11,0.894,93758,321.9418966,5903265,0.66,5473,100,308263,None,1,1,1,1,0,,,1,1,0,0,4,4,4,12,64,4,3,94.038,93758,87809,6,2.68,2.22,6,0,0,d__Bacteria;p__Pseudomonadota;c__Gammaproteobacteria;o__Pseudomonadales;f__Pseudomonadaceae;g__Pseudomonas;s__Pseudomonas aeruginosa,longplex_1x
R005bc2007.A09,R005bc2007.A09,bc2007,EED fecal,R005,500,Takara PrimeSTAR LongSeq 1x 500 ng (Q),Pstar,8,longplex,TRUE,longplex_PCR,semibin2_1,47.63,2.9,Neural Network (Specific Model),11,0.88,487950,349.4522613,1894844,0.46,1592,4,895765,None,0,1,0,1,0,,,0,0,0,0,notHQ,notHQ,notHQ,notHQ,notHQ,notHQ,notHQ,notHQ,notHQ,notHQ,notHQ,notHQ,notHQ,notHQ,notHQ,notHQ,notHQ,longplex_1x
R005bc2007.A10,R005bc2007.A10,bc2007,EED fecal,R005,500,Kura Decodifi 1x 500 ng (Q),decodifi,8,longplex,TRUE,longplex_PCR,semibin2_1,48.64,6.31,Neural Network (Specific Model),11,0.868,19576,253.0778509,1586988,0.46,1824,84,66808,None,0,1,0,0,0,,,0,0,0,0,notHQ,notHQ,notHQ,notHQ,notHQ,notHQ,notHQ,notHQ,notHQ,notHQ,notHQ,notHQ,notHQ,notHQ,notHQ,notHQ,notHQ,longplex_1x
R005bc2007.B09,R005bc2007.B09,bc2007,EED fecal,R005,150,Takara PrimeSTAR LongSeq 1x 150 ng (Q),Pstar,8,longplex,TRUE,longplex_PCR,semibin2_1,43.29,1.31,Neural Network (Specific Model),11,0.879,71584,329.1765225,1271243,0.47,1133,25,115790,None,0,1,0,1,0,,,0,0,0,0,notHQ,notHQ,notHQ,notHQ,notHQ,notHQ,notHQ,notHQ,notHQ,notHQ,notHQ,notHQ,notHQ,notHQ,notHQ,notHQ,notHQ,longplex_1x
R005bc2007.B10,R005bc2007.B10,bc2007,EED fecal,R005,150,Kura Decodifi 1x 150 ng (Q),decodifi,8,longplex,TRUE,longplex_PCR,semibin2_1,50.27,2.96,Neural Network (Specific Model),11,0.78,17287,255.7432314,1120794,0.52,1145,71,43380,None,1,1,0,1,0,,,1,0,0,0,notHQ,notHQ,notHQ,notHQ,notHQ,notHQ,notHQ,notHQ,notHQ,notHQ,notHQ,notHQ,notHQ,notHQ,notHQ,notHQ,notHQ,longplex_1x
R005bc2007.E09,R005bc2007.E09,bc2007,EED fecal,R005,500,NEB Q5 XT 1x 500 ng (Q),Q5XT,8,longplex,TRUE,longplex_PCR,semibin2_1,62.74,0.14,Neural Network (Specific Model),11,0.873,1429033,337.8105626,2019459,0.46,1742,6,1429033,None,1,1,0,1,0,,,1,0,0,0,notHQ,notHQ,notHQ,notHQ,notHQ,notHQ,notHQ,notHQ,notHQ,notHQ,notHQ,notHQ,notHQ,notHQ,notHQ,notHQ,notHQ,longplex_1x
R005bc2007.F09,R005bc2007.F09,bc2007,EED fecal,R005,150,NEB Q5 XT 1x 150 ng (Q),Q5XT,8,longplex,TRUE,longplex_PCR,semibin2_1,44.09,1.02,Neural Network (Specific Model),11,0.782,21814,267.750547,934760,0.52,914,49,80122,None,0,1,0,1,0,,,0,0,0,0,notHQ,notHQ,notHQ,notHQ,notHQ,notHQ,notHQ,notHQ,notHQ,notHQ,notHQ,notHQ,notHQ,notHQ,notHQ,notHQ,notHQ,longplex_1x
R005bc2008.C10,R005bc2008.C10,bc2008,ESK pathogen,R005,300,Kura Decodifi 1x 300 ng (Q),decodifi,8,longplex,TRUE,longplex_PCR,semibin2_1,100,0.74,Neural Network (Specific Model),11,0.878,217550,312.0813187,5327865,0.57,5005,34,564343,None,1,1,1,1,0,,,1,1,0,0,12,9,10,31,94,8,3,95.641,217550,197396,21,6.54,1.99,8,13,0,d__Bacteria;p__Pseudomonadota;c__Gammaproteobacteria;o__Enterobacterales;f__Enterobacteriaceae;g__Klebsiella;s__Klebsiella pneumoniae,longplex_1x
R006bc2010.A02,R006bc2010.A02,bc2010,EED fecal,R006,150,Kura Decodifi 0.5x 150 ng,decodifi,8,longplex,FALSE,longplex_PCR,semibin2_1,37.89,0.39,Neural Network (Specific Model),11,0.883,23452,334.660693,949409,0.52,837,47,43522,None,0,1,0,1,0,,,0,0,0,0,notHQ,notHQ,notHQ,notHQ,notHQ,notHQ,notHQ,notHQ,notHQ,notHQ,notHQ,notHQ,notHQ,notHQ,notHQ,notHQ,notHQ,longplex_0.5x
R006bc2010.A04,R006bc2010.A04,bc2010,EED fecal,R006,150,NEB Q5 XT 0.5x 150 ng,Q5XT,8,longplex,FALSE,longplex_PCR,semibin2_1,43.07,0.39,Neural Network (Specific Model),11,0.882,23449,259.2890026,1030238,0.46,1173,51,55890,None,0,1,0,1,0,,,0,0,0,0,notHQ,notHQ,notHQ,notHQ,notHQ,notHQ,notHQ,notHQ,notHQ,notHQ,notHQ,notHQ,notHQ,notHQ,notHQ,notHQ,notHQ,longplex_0.5x
R006bc2010.A06,R006bc2010.A06,bc2010,EED fecal,R006,150,Takara PrimeSTAR LongSeq 0.5x 150 ng,Pstar,8,longplex,FALSE,longplex_PCR,semibin2_1,37.65,0.54,Neural Network (Specific Model),11,0.89,23695,271.3143351,1055291,0.46,1158,47,86807,None,0,1,0,1,0,,,0,0,0,0,notHQ,notHQ,notHQ,notHQ,notHQ,notHQ,notHQ,notHQ,notHQ,notHQ,notHQ,notHQ,notHQ,notHQ,notHQ,notHQ,notHQ,longplex_0.5x
R006bc2010.B02,R006bc2010.B02,bc2010,EED fecal,R006,75,Kura Decodifi 0.5x 75 ng,decodifi,8,longplex,FALSE,longplex_PCR,semibin2_1,47.69,10.54,Neural Network (Specific Model),11,0.836,16386,243.8526316,1653897,0.58,1900,119,37207,None,0,0,0,0,0,,,0,0,0,0,notHQ,notHQ,notHQ,notHQ,notHQ,notHQ,notHQ,notHQ,notHQ,notHQ,notHQ,notHQ,notHQ,notHQ,notHQ,notHQ,notHQ,longplex_0.5x
R006bc2010.B06,R006bc2010.B06,bc2010,EED fecal,R006,75,Takara PrimeSTAR LongSeq 0.5x 75 ng,Pstar,8,longplex,FALSE,longplex_PCR,semibin2_1,45.57,3.38,Neural Network (Specific Model),11,0.784,24186,255.3636364,1048873,0.52,1078,49,87270,None,0,1,0,1,0,,,0,0,0,0,notHQ,notHQ,notHQ,notHQ,notHQ,notHQ,notHQ,notHQ,notHQ,notHQ,notHQ,notHQ,notHQ,notHQ,notHQ,notHQ,notHQ,longplex_0.5x
R006bc2010.C02,R006bc2010.C02,bc2010,EED fecal,R006,30,Kura Decodifi 0.25x 30 ng,decodifi,8,longplex,FALSE,longplex_PCR,semibin2_1,35.57,2.33,Neural Network (Specific Model),11,0.863,1133016,337.2210744,1133016,0.45,968,1,1133016,None,0,1,0,1,1,,,0,0,0,0,notHQ,notHQ,notHQ,notHQ,notHQ,notHQ,notHQ,notHQ,notHQ,notHQ,notHQ,notHQ,notHQ,notHQ,notHQ,notHQ,notHQ,longplex_0.25x
R006bc2010.C04,R006bc2010.C04,bc2010,EED fecal,R006,30,NEB Q5 XT 0.25x 30 ng,Q5XT,8,longplex,FALSE,longplex_PCR,semibin2_1,46.54,6.89,Neural Network (Specific Model),11,0.866,2156972,339.8938487,2156972,0.45,1837,1,2156972,None,0,1,0,0,1,,,0,0,0,0,notHQ,notHQ,notHQ,notHQ,notHQ,notHQ,notHQ,notHQ,notHQ,notHQ,notHQ,notHQ,notHQ,notHQ,notHQ,notHQ,notHQ,longplex_0.25x
R006bc2010.C06,R006bc2010.C06,bc2010,EED fecal,R006,30,Takara PrimeSTAR LongSeq 0.25x 30 ng,Pstar,8,longplex,FALSE,longplex_PCR,semibin2_1,55.84,14.02,Neural Network (Specific Model),11,0.855,15205,239.7078218,2382889,0.51,2851,171,32287,None,1,0,0,0,0,,,0,0,0,0,notHQ,notHQ,notHQ,notHQ,notHQ,notHQ,notHQ,notHQ,notHQ,notHQ,notHQ,notHQ,notHQ,notHQ,notHQ,notHQ,notHQ,longplex_0.25x
R006bc2010.D02,R006bc2010.D02,bc2010,EED fecal,R006,15,Kura Decodifi 0.25x 15 ng,decodifi,8,longplex,FALSE,longplex_PCR,semibin2_1,29.97,0.71,Neural Network (Specific Model),11,0.77,13684,246.3806533,760354,0.53,796,59,43320,None,0,1,0,1,0,,,0,0,0,0,notHQ,notHQ,notHQ,notHQ,notHQ,notHQ,notHQ,notHQ,notHQ,notHQ,notHQ,notHQ,notHQ,notHQ,notHQ,notHQ,notHQ,longplex_0.25x
R006bc2010.D04,R006bc2010.D04,bc2010,EED fecal,R006,15,NEB Q5 XT 0.25x 15 ng,Q5XT,8,longplex,FALSE,longplex_PCR,semibin2_1,79.68,10.1,Gradient Boost (General Model),11,0.87,484700,341.1019964,3236865,0.45,2755,15,976340,None,1,0,0,0,0,,,0,0,0,0,notHQ,notHQ,notHQ,notHQ,notHQ,notHQ,notHQ,notHQ,notHQ,notHQ,notHQ,notHQ,notHQ,notHQ,notHQ,notHQ,notHQ,longplex_0.25x
R006bc2010.E04,R006bc2010.E04,bc2010,ESK pathogen,R006,150,NEB Q5 XT 0.5x 150 ng,Q5XT,8,longplex,FALSE,longplex_PCR,semibin2_1,99.93,0.53,Neural Network (Specific Model),11,0.879,976202,315.5685917,5307969,0.57,4935,11,1284712,None,1,1,1,1,0,,,1,1,0,0,9,10,9,28,94,8,3,95.592,976202,438422,20,6.53,1.34,5,15,0,d__Bacteria;p__Pseudomonadota;c__Gammaproteobacteria;o__Enterobacterales;f__Enterobacteriaceae;g__Klebsiella;s__Klebsiella pneumoniae,longplex_0.5x
R006bc2010.E06,R006bc2010.E06,bc2010,ESK pathogen,R006,150,Takara PrimeSTAR LongSeq 0.5x 150 ng,Pstar,8,longplex,FALSE,longplex_PCR,semibin2_1,99.93,0.27,Neural Network (Specific Model),11,0.894,241337,323.9006503,6011943,0.66,5536,38,725416,None,1,1,1,1,0,,,1,1,0,0,5,5,5,15,62,4,3,95.204,241337,176492,5,3.76,3.41,5,0,0,d__Bacteria;p__Pseudomonadota;c__Gammaproteobacteria;o__Pseudomonadales;f__Pseudomonadaceae;g__Pseudomonas;s__Pseudomonas aeruginosa,longplex_0.5x
R006bc2010.F02,R006bc2010.F02,bc2010,ESK pathogen,R006,75,Kura Decodifi 0.5x 75 ng,decodifi,8,longplex,FALSE,longplex_PCR,semibin2_1,85.28,0.11,Neural Network (Specific Model),11,0.892,376753,319.4729143,4695053,0.66,4375,18,789604,None,1,1,0,1,0,,,1,0,0,0,notHQ,notHQ,notHQ,notHQ,notHQ,notHQ,notHQ,notHQ,notHQ,notHQ,notHQ,notHQ,notHQ,notHQ,notHQ,notHQ,notHQ,longplex_0.5x
R006bc2010.F06,R006bc2010.F06,bc2010,ESK pathogen,R006,75,Takara PrimeSTAR LongSeq 0.5x 75 ng,Pstar,8,longplex,FALSE,longplex_PCR,semibin2_1,100,0.87,Neural Network (Specific Model),11,0.878,307842,314.4514263,5375351,0.57,5013,20,577844,None,1,1,1,1,0,,,1,1,0,0,10,10,9,29,97,9,3,96.601,307842,287416,23,6.80,1.73,7,16,0,d__Bacteria;p__Pseudomonadota;c__Gammaproteobacteria;o__Enterobacterales;f__Enterobacteriaceae;g__Klebsiella;s__Klebsiella pneumoniae,longplex_0.5x
R006bc2010.G04,R006bc2010.G04,bc2010,ESK pathogen,R006,30,NEB Q5 XT 0.25x 30 ng,Q5XT,8,longplex,FALSE,longplex_PCR,semibin2_1,99.89,0.64,Neural Network (Specific Model),11,0.88,804960,315.9483779,5268602,0.57,4901,13,1031217,None,1,1,1,1,0,,,1,1,0,0,9,7,7,23,94,7,3,95.030,804960,410280,18,6.19,1.41,4,14,0,d__Bacteria;p__Pseudomonadota;c__Gammaproteobacteria;o__Enterobacterales;f__Enterobacteriaceae;g__Klebsiella;s__Klebsiella pneumoniae,longplex_0.25x
R006bc2010.H04,R006bc2010.H04,bc2010,ESK pathogen,R006,15,NEB Q5 XT 0.25x 15 ng,Q5XT,8,longplex,FALSE,longplex_PCR,semibin2_1,82.83,0.15,Neural Network (Specific Model),11,0.896,43514,313.4440627,4882507,0.66,4657,168,219561,None,1,1,0,1,0,,,1,0,0,0,notHQ,notHQ,notHQ,notHQ,notHQ,notHQ,notHQ,notHQ,notHQ,notHQ,notHQ,notHQ,notHQ,notHQ,notHQ,notHQ,notHQ,longplex_0.25x
m21120.251219.215844.hifi.reads.bc2002.bam,m21120_251219_215844.hifi_reads.bc2002.bam,bc2002,EED fecal,R002,3000,control (gtube) 3000 ng,NaN,0,gtube,FALSE,PCRfree,semibin2_1,49.3,6.61,Neural Network (Specific Model),11,0.879,1421661,360.2121212,2310775,0.46,1881,2,1421661,None,0,1,0,0,0,,,0,0,0,0,notHQ,notHQ,notHQ,notHQ,notHQ,notHQ,notHQ,notHQ,notHQ,notHQ,notHQ,notHQ,notHQ,notHQ,notHQ,notHQ,notHQ,pcrfree
m21120.251219.215844.hifi.reads.bc2004.bam,m21120_251219_215844.hifi_reads.bc2004.bam,bc2004,EED fecal,R002,3000,control (pipet dil) 3000 ng,NaN,0,pipetmix 300x (10ng/ul),FALSE,PCRfree,semibin2_1,48.67,1.39,Neural Network (Specific Model),11,0.83,37906,224.9892627,1126726,0.41,1397,34,77296,None,0,1,0,1,0,,,0,0,0,0,notHQ,notHQ,notHQ,notHQ,notHQ,notHQ,notHQ,notHQ,notHQ,notHQ,notHQ,notHQ,notHQ,notHQ,notHQ,notHQ,notHQ,pcrfree
m21120.251219.215844.hifi.reads.bc2006.bam,m21120_251219_215844.hifi_reads.bc2006.bam,bc2006,EED fecal,R002,3000,control (pipet conc) 3000 ng,NaN,0,pipetmix 300x (90ng/ul),FALSE,PCRfree,semibin2_1,58.64,3.48,Neural Network (Specific Model),11,0.865,233240,335.7497162,2047761,0.46,1762,12,627199,None,1,1,0,1,0,,,1,0,0,0,notHQ,notHQ,notHQ,notHQ,notHQ,notHQ,notHQ,notHQ,notHQ,notHQ,notHQ,notHQ,notHQ,notHQ,notHQ,notHQ,notHQ,pcrfree
m21120.251222.184224.hifi.reads.bc2002.bam,m21120_251222_184224.hifi_reads.bc2002.bam,bc2002,EED fecal,R003,3000,control (gtube) 3000 ng,NaN,0,gtube,FALSE,PCRfree,semibin2_1,61.03,7.5,Neural Network (Specific Model),11,0.865,163829,352.0600462,2111311,0.5,1732,20,902822,None,1,1,0,0,0,,,1,0,0,0,notHQ,notHQ,notHQ,notHQ,notHQ,notHQ,notHQ,notHQ,notHQ,notHQ,notHQ,notHQ,notHQ,notHQ,notHQ,notHQ,notHQ,pcrfree
m21120.251222.184224.hifi.reads.bc2004.bam,m21120_251222_184224.hifi_reads.bc2004.bam,bc2004,EED fecal,R003,3000,control (pipet dil) 3000 ng,NaN,0,pipetmix 300x (10ng/ul),FALSE,PCRfree,semibin2_1,63.37,3.99,Neural Network (Specific Model),11,0.857,289650,335.458292,2358839,0.49,2014,15,598241,None,1,1,0,1,0,,,1,0,0,0,notHQ,notHQ,notHQ,notHQ,notHQ,notHQ,notHQ,notHQ,notHQ,notHQ,notHQ,notHQ,notHQ,notHQ,notHQ,notHQ,notHQ,pcrfree
m21120.251222.184224.hifi.reads.bc2006.bam,m21120_251222_184224.hifi_reads.bc2006.bam,bc2006,EED fecal,R003,3000,control (pipet conc) 3000 ng,NaN,0,pipetmix 300x (90ng/ul),FALSE,PCRfree,semibin2_1,79.43,8.59,Neural Network (Specific Model),11,0.865,272293,337.8716157,2676406,0.5,2290,25,1093563,None,1,1,0,0,0,,,1,0,0,0,notHQ,notHQ,notHQ,notHQ,notHQ,notHQ,notHQ,notHQ,notHQ,notHQ,notHQ,notHQ,notHQ,notHQ,notHQ,notHQ,notHQ,pcrfree
m21120.260115.173545.hifi.reads.bc2002.bam,m21120_260115_173545.hifi_reads.bc2002.bam,bc2002,EED fecal,R005,3000,control (gtube) 3000 ng (Q),NaN,0,gtube,TRUE,PCRfree,semibin2_1,68.67,5.96,Neural Network (Specific Model),11,0.865,247235,334.3454179,2297027,0.47,1986,14,440288,None,1,1,0,0,0,,,1,0,0,0,notHQ,notHQ,notHQ,notHQ,notHQ,notHQ,notHQ,notHQ,notHQ,notHQ,notHQ,notHQ,notHQ,notHQ,notHQ,notHQ,notHQ,pcrfree
m21120.260115.173545.hifi.reads.bc2009.bam,m21120_260115_173545.hifi_reads.bc2009.bam,bc2009,ESK pathogen,R005,1000,control (gtube) 1000 ng (Q),NaN,0,gtube,TRUE,PCRfree,semibin2_1,63.59,0.05,Neural Network (Specific Model),11,0.832,33669,266.3840134,1713744,0.33,1789,62,60608,None,1,1,0,1,0,,,1,0,0,0,notHQ,notHQ,notHQ,notHQ,notHQ,notHQ,notHQ,notHQ,notHQ,notHQ,notHQ,notHQ,notHQ,notHQ,notHQ,notHQ,notHQ,pcrfree
R004bc2007.B09,R004bc2007.B09,bc2007,EED fecal,R004,150,Takara PrimeSTAR LongSeq 1x 150 ng,Pstar,8,longplex,FALSE,longplex_PCR,semibin2_10,28.76,0.17,Neural Network (Specific Model),11,0.858,22644,299.6942675,655295,0.58,628,32,43984,None,0,1,0,1,0,,,0,0,0,0,notHQ,notHQ,notHQ,notHQ,notHQ,notHQ,notHQ,notHQ,notHQ,notHQ,notHQ,notHQ,notHQ,notHQ,notHQ,notHQ,notHQ,longplex_1x
R004bc2007.E09,R004bc2007.E09,bc2007,EED fecal,R004,500,NEB Q5 XT 1x 500 ng,Q5XT,8,longplex,FALSE,longplex_PCR,semibin2_10,32.23,0.65,Neural Network (Specific Model),11,0.869,28652,331.6775033,879093,0.51,769,32,61062,None,0,1,0,1,0,,,0,0,0,0,notHQ,notHQ,notHQ,notHQ,notHQ,notHQ,notHQ,notHQ,notHQ,notHQ,notHQ,notHQ,notHQ,notHQ,notHQ,notHQ,notHQ,longplex_1x
R005bc2007.E09,R005bc2007.E09,bc2007,EED fecal,R005,500,NEB Q5 XT 1x 500 ng (Q),Q5XT,8,longplex,TRUE,longplex_PCR,semibin2_10,56.26,8.29,Gradient Boost (General Model),11,0.853,20281,248.8198758,2102195,0.49,2415,115,68238,None,1,1,0,0,0,,,1,0,0,0,notHQ,notHQ,notHQ,notHQ,notHQ,notHQ,notHQ,notHQ,notHQ,notHQ,notHQ,notHQ,notHQ,notHQ,notHQ,notHQ,notHQ,longplex_1x
R006bc2010.C02,R006bc2010.C02,bc2010,EED fecal,R006,30,Kura Decodifi 0.25x 30 ng,decodifi,8,longplex,FALSE,longplex_PCR,semibin2_10,22.6,1.31,Neural Network (Specific Model),11,0.84,16707,240.1268058,530907,0.4,623,33,34603,None,0,1,0,1,0,,,0,0,0,0,notHQ,notHQ,notHQ,notHQ,notHQ,notHQ,notHQ,notHQ,notHQ,notHQ,notHQ,notHQ,notHQ,notHQ,notHQ,notHQ,notHQ,longplex_0.25x
R006bc2010.C04,R006bc2010.C04,bc2010,EED fecal,R006,30,NEB Q5 XT 0.25x 30 ng,Q5XT,8,longplex,FALSE,longplex_PCR,semibin2_10,22.85,0.01,Neural Network (Specific Model),11,0.825,15259,283.991018,686645,0.5,668,52,32811,None,0,1,0,1,0,,,0,0,0,0,notHQ,notHQ,notHQ,notHQ,notHQ,notHQ,notHQ,notHQ,notHQ,notHQ,notHQ,notHQ,notHQ,notHQ,notHQ,notHQ,notHQ,longplex_0.25x
m21120.251219.215844.hifi.reads.bc2004.bam,m21120_251219_215844.hifi_reads.bc2004.bam,bc2004,EED fecal,R002,3000,control (pipet dil) 3000 ng,NaN,0,pipetmix 300x (10ng/ul),FALSE,PCRfree,semibin2_10,46.03,1.02,Neural Network (Specific Model),11,0.866,44239,319.1943755,1333182,0.51,1209,37,91937,None,0,1,0,1,0,,,0,0,0,0,notHQ,notHQ,notHQ,notHQ,notHQ,notHQ,notHQ,notHQ,notHQ,notHQ,notHQ,notHQ,notHQ,notHQ,notHQ,notHQ,notHQ,pcrfree
m21120.251222.184224.hifi.reads.bc2002.bam,m21120_251222_184224.hifi_reads.bc2002.bam,bc2002,EED fecal,R003,3000,control (gtube) 3000 ng,NaN,0,gtube,FALSE,PCRfree,semibin2_10,57.35,10.47,Neural Network (Specific Model),11,0.865,36952,248.6578523,2659864,0.42,3101,83,92784,None,1,0,0,0,0,,,0,0,0,0,notHQ,notHQ,notHQ,notHQ,notHQ,notHQ,notHQ,notHQ,notHQ,notHQ,notHQ,notHQ,notHQ,notHQ,notHQ,notHQ,notHQ,pcrfree
m21120.251222.184224.hifi.reads.bc2004.bam,m21120_251222_184224.hifi_reads.bc2004.bam,bc2004,EED fecal,R003,3000,control (pipet dil) 3000 ng,NaN,0,pipetmix 300x (10ng/ul),FALSE,PCRfree,semibin2_10,26.41,0.08,Neural Network (Specific Model),11,0.862,40022,228.0087848,539125,0.36,683,16,73263,None,0,1,0,1,0,,,0,0,0,0,notHQ,notHQ,notHQ,notHQ,notHQ,notHQ,notHQ,notHQ,notHQ,notHQ,notHQ,notHQ,notHQ,notHQ,notHQ,notHQ,notHQ,pcrfree
m21120.251222.184224.hifi.reads.bc2006.bam,m21120_251222_184224.hifi_reads.bc2006.bam,bc2006,EED fecal,R003,3000,control (pipet conc) 3000 ng,NaN,0,pipetmix 300x (90ng/ul),FALSE,PCRfree,semibin2_10,59.97,0.8,Neural Network (Specific Model),11,0.864,56188,328.1904463,1808234,0.51,1591,38,142807,None,1,1,0,1,0,,,1,0,0,0,notHQ,notHQ,notHQ,notHQ,notHQ,notHQ,notHQ,notHQ,notHQ,notHQ,notHQ,notHQ,notHQ,notHQ,notHQ,notHQ,notHQ,pcrfree
m21120.260115.173545.hifi.reads.bc2002.bam,m21120_260115_173545.hifi_reads.bc2002.bam,bc2002,EED fecal,R005,3000,control (gtube) 3000 ng (Q),NaN,0,gtube,TRUE,PCRfree,semibin2_10,30.59,10.05,Neural Network (Specific Model),11,0.859,29265,243.6509186,1288580,0.45,1524,50,68217,None,0,0,0,0,0,,,0,0,0,0,notHQ,notHQ,notHQ,notHQ,notHQ,notHQ,notHQ,notHQ,notHQ,notHQ,notHQ,notHQ,notHQ,notHQ,notHQ,notHQ,notHQ,pcrfree
m21120.260115.173545.hifi.reads.bc2004.bam,m21120_260115_173545.hifi_reads.bc2004.bam,bc2004,EED fecal,R005,3000,control (pipet dil) 3000 ng (Q),NaN,0,pipetmix 300x (10ng/ul),TRUE,PCRfree,semibin2_10,73.97,30.69,Neural Network (Specific Model),11,0.868,25208,297.6162627,5838251,0.45,5694,286,104783,None,1,0,0,0,0,,,0,0,0,0,notHQ,notHQ,notHQ,notHQ,notHQ,notHQ,notHQ,notHQ,notHQ,notHQ,notHQ,notHQ,notHQ,notHQ,notHQ,notHQ,notHQ,pcrfree
R004bc2007.A09,R004bc2007.A09,bc2007,EED fecal,R004,500,Takara PrimeSTAR LongSeq 1x 500 ng,Pstar,8,longplex,FALSE,longplex_PCR,semibin2_11,34.14,0.2,Neural Network (Specific Model),11,0.835,24780,287.0436941,1032568,0.49,1007,45,74334,None,0,1,0,1,0,,,0,0,0,0,notHQ,notHQ,notHQ,notHQ,notHQ,notHQ,notHQ,notHQ,notHQ,notHQ,notHQ,notHQ,notHQ,notHQ,notHQ,notHQ,notHQ,longplex_1x
R004bc2007.B09,R004bc2007.B09,bc2007,EED fecal,R004,150,Takara PrimeSTAR LongSeq 1x 150 ng,Pstar,8,longplex,FALSE,longplex_PCR,semibin2_11,21.93,0.11,Neural Network (Specific Model),11,0.885,16349,249.6349892,390340,0.32,463,24,44412,None,0,1,0,1,0,,,0,0,0,0,notHQ,notHQ,notHQ,notHQ,notHQ,notHQ,notHQ,notHQ,notHQ,notHQ,notHQ,notHQ,notHQ,notHQ,notHQ,notHQ,notHQ,longplex_1x
R006bc2010.A04,R006bc2010.A04,bc2010,EED fecal,R006,150,NEB Q5 XT 0.5x 150 ng,Q5XT,8,longplex,FALSE,longplex_PCR,semibin2_11,18.57,0.26,Neural Network (Specific Model),11,0.864,19565,282.5607064,441918,0.57,453,25,44361,None,0,1,0,1,0,,,0,0,0,0,notHQ,notHQ,notHQ,notHQ,notHQ,notHQ,notHQ,notHQ,notHQ,notHQ,notHQ,notHQ,notHQ,notHQ,notHQ,notHQ,notHQ,longplex_0.5x
R006bc2010.A06,R006bc2010.A06,bc2010,EED fecal,R006,150,Takara PrimeSTAR LongSeq 0.5x 150 ng,Pstar,8,longplex,FALSE,longplex_PCR,semibin2_11,24.16,1.58,Neural Network (Specific Model),11,0.822,17972,295.964132,750224,0.49,697,46,33452,None,0,1,0,1,0,,,0,0,0,0,notHQ,notHQ,notHQ,notHQ,notHQ,notHQ,notHQ,notHQ,notHQ,notHQ,notHQ,notHQ,notHQ,notHQ,notHQ,notHQ,notHQ,longplex_0.5x
R006bc2010.B06,R006bc2010.B06,bc2010,EED fecal,R006,75,Takara PrimeSTAR LongSeq 0.5x 75 ng,Pstar,8,longplex,FALSE,longplex_PCR,semibin2_11,10.32,0,Neural Network (Specific Model),11,0.849,17854,239.641129,208985,0.41,248,13,32314,None,0,1,0,1,0,,,0,0,0,0,notHQ,notHQ,notHQ,notHQ,notHQ,notHQ,notHQ,notHQ,notHQ,notHQ,notHQ,notHQ,notHQ,notHQ,notHQ,notHQ,notHQ,longplex_0.5x
m21120.251222.184224.hifi.reads.bc2002.bam,m21120_251222_184224.hifi_reads.bc2002.bam,bc2002,EED fecal,R003,3000,control (gtube) 3000 ng,NaN,0,gtube,FALSE,PCRfree,semibin2_11,40.55,6.69,Neural Network (Specific Model),11,0.847,42743,280.1171171,987423,0.57,999,26,73809,None,0,1,0,0,0,,,0,0,0,0,notHQ,notHQ,notHQ,notHQ,notHQ,notHQ,notHQ,notHQ,notHQ,notHQ,notHQ,notHQ,notHQ,notHQ,notHQ,notHQ,notHQ,pcrfree
m21120.251222.184224.hifi.reads.bc2004.bam,m21120_251222_184224.hifi_reads.bc2004.bam,bc2004,EED fecal,R003,3000,control (pipet dil) 3000 ng,NaN,0,pipetmix 300x (10ng/ul),FALSE,PCRfree,semibin2_11,13.95,0.01,Neural Network (Specific Model),11,0.869,479727,347.2568579,479727,0.45,401,1,479727,None,0,1,0,1,1,,,0,0,0,0,notHQ,notHQ,notHQ,notHQ,notHQ,notHQ,notHQ,notHQ,notHQ,notHQ,notHQ,notHQ,notHQ,notHQ,notHQ,notHQ,notHQ,pcrfree
m21120.251222.184224.hifi.reads.bc2006.bam,m21120_251222_184224.hifi_reads.bc2006.bam,bc2006,EED fecal,R003,3000,control (pipet conc) 3000 ng,NaN,0,pipetmix 300x (90ng/ul),FALSE,PCRfree,semibin2_11,14.54,0.31,Neural Network (Specific Model),11,0.865,511224,315.6794872,511224,0.45,468,1,511224,None,0,1,0,1,1,,,0,0,0,0,notHQ,notHQ,notHQ,notHQ,notHQ,notHQ,notHQ,notHQ,notHQ,notHQ,notHQ,notHQ,notHQ,notHQ,notHQ,notHQ,notHQ,pcrfree
m21120.260115.173545.hifi.reads.bc2002.bam,m21120_260115_173545.hifi_reads.bc2002.bam,bc2002,EED fecal,R005,3000,control (gtube) 3000 ng (Q),NaN,0,gtube,TRUE,PCRfree,semibin2_11,32.48,0.01,Neural Network (Specific Model),11,0.885,1067750,339.2936428,1138546,0.46,991,2,1067750,None,0,1,0,1,0,,,0,0,0,0,notHQ,notHQ,notHQ,notHQ,notHQ,notHQ,notHQ,notHQ,notHQ,notHQ,notHQ,notHQ,notHQ,notHQ,notHQ,notHQ,notHQ,pcrfree
m21120.260115.173545.hifi.reads.bc2004.bam,m21120_260115_173545.hifi_reads.bc2004.bam,bc2004,EED fecal,R005,3000,control (pipet dil) 3000 ng (Q),NaN,0,pipetmix 300x (10ng/ul),TRUE,PCRfree,semibin2_11,26.38,0.95,Neural Network (Specific Model),11,0.86,15739,270.9620902,919709,0.46,976,67,38229,None,0,1,0,1,0,,,0,0,0,0,notHQ,notHQ,notHQ,notHQ,notHQ,notHQ,notHQ,notHQ,notHQ,notHQ,notHQ,notHQ,notHQ,notHQ,notHQ,notHQ,notHQ,pcrfree
R004bc2007.B09,R004bc2007.B09,bc2007,EED fecal,R004,150,Takara PrimeSTAR LongSeq 1x 150 ng,Pstar,8,longplex,FALSE,longplex_PCR,semibin2_12,23.46,0.62,Neural Network (Specific Model),11,0.858,20802,224.8431373,437871,0.39,561,23,50520,None,0,1,0,1,0,,,0,0,0,0,notHQ,notHQ,notHQ,notHQ,notHQ,notHQ,notHQ,notHQ,notHQ,notHQ,notHQ,notHQ,notHQ,notHQ,notHQ,notHQ,notHQ,longplex_1x
R006bc2010.C02,R006bc2010.C02,bc2010,EED fecal,R006,30,Kura Decodifi 0.25x 30 ng,decodifi,8,longplex,FALSE,longplex_PCR,semibin2_12,20.66,0.55,Neural Network (Specific Model),11,0.874,15210,253.1832061,792484,0.47,917,58,45680,None,0,1,0,1,0,,,0,0,0,0,notHQ,notHQ,notHQ,notHQ,notHQ,notHQ,notHQ,notHQ,notHQ,notHQ,notHQ,notHQ,notHQ,notHQ,notHQ,notHQ,notHQ,longplex_0.25x
m21120.251222.184224.hifi.reads.bc2002.bam,m21120_251222_184224.hifi_reads.bc2002.bam,bc2002,EED fecal,R003,3000,control (gtube) 3000 ng,NaN,0,gtube,FALSE,PCRfree,semibin2_12,57.15,1.02,Neural Network (Specific Model),11,0.885,62257,276.8280488,1532739,0.46,1640,30,158262,None,1,1,0,1,0,,,1,0,0,0,notHQ,notHQ,notHQ,notHQ,notHQ,notHQ,notHQ,notHQ,notHQ,notHQ,notHQ,notHQ,notHQ,notHQ,notHQ,notHQ,notHQ,pcrfree
m21120.251222.184224.hifi.reads.bc2006.bam,m21120_251222_184224.hifi_reads.bc2006.bam,bc2006,EED fecal,R003,3000,control (pipet conc) 3000 ng,NaN,0,pipetmix 300x (90ng/ul),FALSE,PCRfree,semibin2_12,43.95,2.8,Gradient Boost (General Model),11,0.832,55626,262.4385123,1567489,0.47,1667,37,124400,None,0,1,0,1,0,,,0,0,0,0,notHQ,notHQ,notHQ,notHQ,notHQ,notHQ,notHQ,notHQ,notHQ,notHQ,notHQ,notHQ,notHQ,notHQ,notHQ,notHQ,notHQ,pcrfree
m21120.260115.173545.hifi.reads.bc2002.bam,m21120_260115_173545.hifi_reads.bc2002.bam,bc2002,EED fecal,R005,3000,control (gtube) 3000 ng (Q),NaN,0,gtube,TRUE,PCRfree,semibin2_12,41.09,0.26,Neural Network (Specific Model),11,0.873,34391,306.9730146,1362692,0.45,1297,45,75061,None,0,1,0,1,0,,,0,0,0,0,notHQ,notHQ,notHQ,notHQ,notHQ,notHQ,notHQ,notHQ,notHQ,notHQ,notHQ,notHQ,notHQ,notHQ,notHQ,notHQ,notHQ,pcrfree
R004bc2007.B09,R004bc2007.B09,bc2007,EED fecal,R004,150,Takara PrimeSTAR LongSeq 1x 150 ng,Pstar,8,longplex,FALSE,longplex_PCR,semibin2_13,14.63,0.01,Neural Network (Specific Model),11,0.761,21569,276.025522,468011,0.4,431,24,34504,None,0,1,0,1,0,,,0,0,0,0,notHQ,notHQ,notHQ,notHQ,notHQ,notHQ,notHQ,notHQ,notHQ,notHQ,notHQ,notHQ,notHQ,notHQ,notHQ,notHQ,notHQ,longplex_1x
m21120.251219.215844.hifi.reads.bc2002.bam,m21120_251219_215844.hifi_reads.bc2002.bam,bc2002,EED fecal,R002,3000,control (gtube) 3000 ng,NaN,0,gtube,FALSE,PCRfree,semibin2_13,18.77,2.44,Neural Network (Specific Model),11,0.829,26489,238.4920635,486156,0.58,567,21,63616,None,0,1,0,1,0,,,0,0,0,0,notHQ,notHQ,notHQ,notHQ,notHQ,notHQ,notHQ,notHQ,notHQ,notHQ,notHQ,notHQ,notHQ,notHQ,notHQ,notHQ,notHQ,pcrfree
m21120.251219.215844.hifi.reads.bc2004.bam,m21120_251219_215844.hifi_reads.bc2004.bam,bc2004,EED fecal,R002,3000,control (pipet dil) 3000 ng,NaN,0,pipetmix 300x (10ng/ul),FALSE,PCRfree,semibin2_13,23.52,0.56,Neural Network (Specific Model),11,0.854,27528,230.7097315,480071,0.36,596,18,90851,None,0,1,0,1,0,,,0,0,0,0,notHQ,notHQ,notHQ,notHQ,notHQ,notHQ,notHQ,notHQ,notHQ,notHQ,notHQ,notHQ,notHQ,notHQ,notHQ,notHQ,notHQ,pcrfree
m21120.251222.184224.hifi.reads.bc2002.bam,m21120_251222_184224.hifi_reads.bc2002.bam,bc2002,EED fecal,R003,3000,control (gtube) 3000 ng,NaN,0,gtube,FALSE,PCRfree,semibin2_13,20.75,0.44,Neural Network (Specific Model),11,0.854,37383,233.5519348,400188,0.39,491,11,49792,None,0,1,0,1,0,,,0,0,0,0,notHQ,notHQ,notHQ,notHQ,notHQ,notHQ,notHQ,notHQ,notHQ,notHQ,notHQ,notHQ,notHQ,notHQ,notHQ,notHQ,notHQ,pcrfree
m21120.251222.184224.hifi.reads.bc2006.bam,m21120_251222_184224.hifi_reads.bc2006.bam,bc2006,EED fecal,R003,3000,control (pipet conc) 3000 ng,NaN,0,pipetmix 300x (90ng/ul),FALSE,PCRfree,semibin2_13,12.78,0,Neural Network (Specific Model),11,0.871,422413,280.2642369,422413,0.44,439,1,422413,None,0,1,0,1,1,,,0,0,0,0,notHQ,notHQ,notHQ,notHQ,notHQ,notHQ,notHQ,notHQ,notHQ,notHQ,notHQ,notHQ,notHQ,notHQ,notHQ,notHQ,notHQ,pcrfree
R004bc2007.A10,R004bc2007.A10,bc2007,EED fecal,R004,500,Kura Decodifi 1x 500 ng,decodifi,8,longplex,FALSE,longplex_PCR,semibin2_14,46.11,10.1,Neural Network (Specific Model),11,0.832,21690,250.9577982,1473616,0.59,1635,77,69766,None,0,0,0,0,0,,,0,0,0,0,notHQ,notHQ,notHQ,notHQ,notHQ,notHQ,notHQ,notHQ,notHQ,notHQ,notHQ,notHQ,notHQ,notHQ,notHQ,notHQ,notHQ,longplex_1x
R005bc2007.A10,R005bc2007.A10,bc2007,EED fecal,R005,500,Kura Decodifi 1x 500 ng (Q),decodifi,8,longplex,TRUE,longplex_PCR,semibin2_14,9.72,0,Neural Network (Specific Model),11,0.868,17698,274.2325581,324798,0.51,344,19,36818,None,0,1,0,1,0,,,0,0,0,0,notHQ,notHQ,notHQ,notHQ,notHQ,notHQ,notHQ,notHQ,notHQ,notHQ,notHQ,notHQ,notHQ,notHQ,notHQ,notHQ,notHQ,longplex_1x
m21120.251222.184224.hifi.reads.bc2002.bam,m21120_251222_184224.hifi_reads.bc2002.bam,bc2002,EED fecal,R003,3000,control (gtube) 3000 ng,NaN,0,gtube,FALSE,PCRfree,semibin2_14,16.8,0.25,Neural Network (Specific Model),11,0.88,32613,280.5454545,471357,0.5,495,15,58636,None,0,1,0,1,0,,,0,0,0,0,notHQ,notHQ,notHQ,notHQ,notHQ,notHQ,notHQ,notHQ,notHQ,notHQ,notHQ,notHQ,notHQ,notHQ,notHQ,notHQ,notHQ,pcrfree
m21120.260115.173545.hifi.reads.bc2002.bam,m21120_260115_173545.hifi_reads.bc2002.bam,bc2002,EED fecal,R005,3000,control (gtube) 3000 ng (Q),NaN,0,gtube,TRUE,PCRfree,semibin2_14,33.68,1.27,Neural Network (Specific Model),11,0.866,31661,232.045,639803,0.36,800,23,58227,None,0,1,0,1,0,,,0,0,0,0,notHQ,notHQ,notHQ,notHQ,notHQ,notHQ,notHQ,notHQ,notHQ,notHQ,notHQ,notHQ,notHQ,notHQ,notHQ,notHQ,notHQ,pcrfree
m21120.251222.184224.hifi.reads.bc2002.bam,m21120_251222_184224.hifi_reads.bc2002.bam,bc2002,EED fecal,R003,3000,control (gtube) 3000 ng,NaN,0,gtube,FALSE,PCRfree,semibin2_15,6.4,0.13,Neural Network (Specific Model),11,0.866,283522,310.530303,283522,0.44,264,1,283522,None,0,1,0,1,1,,,0,0,0,0,notHQ,notHQ,notHQ,notHQ,notHQ,notHQ,notHQ,notHQ,notHQ,notHQ,notHQ,notHQ,notHQ,notHQ,notHQ,notHQ,notHQ,pcrfree
m21120.251222.184224.hifi.reads.bc2004.bam,m21120_251222_184224.hifi_reads.bc2004.bam,bc2004,EED fecal,R003,3000,control (pipet dil) 3000 ng,NaN,0,pipetmix 300x (10ng/ul),FALSE,PCRfree,semibin2_15,16.98,0.03,Neural Network (Specific Model),11,0.842,41882,283.740413,340937,0.57,339,8,71097,None,0,1,0,1,0,,,0,0,0,0,notHQ,notHQ,notHQ,notHQ,notHQ,notHQ,notHQ,notHQ,notHQ,notHQ,notHQ,notHQ,notHQ,notHQ,notHQ,notHQ,notHQ,pcrfree
m21120.251222.184224.hifi.reads.bc2006.bam,m21120_251222_184224.hifi_reads.bc2006.bam,bc2006,EED fecal,R003,3000,control (pipet conc) 3000 ng,NaN,0,pipetmix 300x (90ng/ul),FALSE,PCRfree,semibin2_15,16.82,0.03,Neural Network (Specific Model),11,0.817,48133,203.4,381159,0.41,515,9,70167,None,0,1,0,1,0,,,0,0,0,0,notHQ,notHQ,notHQ,notHQ,notHQ,notHQ,notHQ,notHQ,notHQ,notHQ,notHQ,notHQ,notHQ,notHQ,notHQ,notHQ,notHQ,pcrfree
m21120.260115.173545.hifi.reads.bc2002.bam,m21120_260115_173545.hifi_reads.bc2002.bam,bc2002,EED fecal,R005,3000,control (gtube) 3000 ng (Q),NaN,0,gtube,TRUE,PCRfree,semibin2_15,24.28,0.44,Neural Network (Specific Model),11,0.788,27611,253.0798771,624349,0.52,651,24,48924,None,0,1,0,1,0,,,0,0,0,0,notHQ,notHQ,notHQ,notHQ,notHQ,notHQ,notHQ,notHQ,notHQ,notHQ,notHQ,notHQ,notHQ,notHQ,notHQ,notHQ,notHQ,pcrfree
m21120.251219.215844.hifi.reads.bc2004.bam,m21120_251219_215844.hifi_reads.bc2004.bam,bc2004,EED fecal,R002,3000,control (pipet dil) 3000 ng,NaN,0,pipetmix 300x (10ng/ul),FALSE,PCRfree,semibin2_16,29.19,3.76,Neural Network (Specific Model),11,0.868,34172,235.2517921,900759,0.44,1116,34,56754,None,0,1,0,1,0,,,0,0,0,0,notHQ,notHQ,notHQ,notHQ,notHQ,notHQ,notHQ,notHQ,notHQ,notHQ,notHQ,notHQ,notHQ,notHQ,notHQ,notHQ,notHQ,pcrfree
m21120.251222.184224.hifi.reads.bc2002.bam,m21120_251222_184224.hifi_reads.bc2002.bam,bc2002,EED fecal,R003,3000,control (gtube) 3000 ng,NaN,0,gtube,FALSE,PCRfree,semibin2_16,23.95,0.24,Neural Network (Specific Model),11,0.866,34246,241.9001447,576205,0.36,691,18,66939,None,0,1,0,1,0,,,0,0,0,0,notHQ,notHQ,notHQ,notHQ,notHQ,notHQ,notHQ,notHQ,notHQ,notHQ,notHQ,notHQ,notHQ,notHQ,notHQ,notHQ,notHQ,pcrfree
m21120.251222.184224.hifi.reads.bc2004.bam,m21120_251222_184224.hifi_reads.bc2004.bam,bc2004,EED fecal,R003,3000,control (pipet dil) 3000 ng,NaN,0,pipetmix 300x (10ng/ul),FALSE,PCRfree,semibin2_16,14.29,0.07,Neural Network (Specific Model),11,0.841,43793,220.9468085,588322,0.54,752,18,59084,None,0,1,0,1,0,,,0,0,0,0,notHQ,notHQ,notHQ,notHQ,notHQ,notHQ,notHQ,notHQ,notHQ,notHQ,notHQ,notHQ,notHQ,notHQ,notHQ,notHQ,notHQ,pcrfree
m21120.251222.184224.hifi.reads.bc2006.bam,m21120_251222_184224.hifi_reads.bc2006.bam,bc2006,EED fecal,R003,3000,control (pipet conc) 3000 ng,NaN,0,pipetmix 300x (90ng/ul),FALSE,PCRfree,semibin2_16,31.39,0.11,Neural Network (Specific Model),11,0.831,49424,219.9083333,661998,0.42,840,17,118401,None,0,1,0,1,0,,,0,0,0,0,notHQ,notHQ,notHQ,notHQ,notHQ,notHQ,notHQ,notHQ,notHQ,notHQ,notHQ,notHQ,notHQ,notHQ,notHQ,notHQ,notHQ,pcrfree
R006bc2010.D06,R006bc2010.D06,bc2010,EED fecal,R006,15,Takara PrimeSTAR LongSeq 0.25x 15 ng,Pstar,8,longplex,FALSE,longplex_PCR,semibin2_17,21.44,0.96,Neural Network (Specific Model),11,0.843,11096,248.4011887,593041,0.6,673,58,35601,None,0,1,0,1,0,,,0,0,0,0,notHQ,notHQ,notHQ,notHQ,notHQ,notHQ,notHQ,notHQ,notHQ,notHQ,notHQ,notHQ,notHQ,notHQ,notHQ,notHQ,notHQ,longplex_0.25x
m21120.251222.184224.hifi.reads.bc2002.bam,m21120_251222_184224.hifi_reads.bc2002.bam,bc2002,EED fecal,R003,3000,control (gtube) 3000 ng,NaN,0,gtube,FALSE,PCRfree,semibin2_17,39.46,1.83,Neural Network (Specific Model),11,0.83,44977,303.5395683,1065259,0.46,973,31,74872,None,0,1,0,1,0,,,0,0,0,0,notHQ,notHQ,notHQ,notHQ,notHQ,notHQ,notHQ,notHQ,notHQ,notHQ,notHQ,notHQ,notHQ,notHQ,notHQ,notHQ,notHQ,pcrfree
m21120.251222.184224.hifi.reads.bc2006.bam,m21120_251222_184224.hifi_reads.bc2006.bam,bc2006,EED fecal,R003,3000,control (pipet conc) 3000 ng,NaN,0,pipetmix 300x (90ng/ul),FALSE,PCRfree,semibin2_17,37.81,0.23,Neural Network (Specific Model),11,0.87,40127,241.9909091,730571,0.36,880,21,66596,None,0,1,0,1,0,,,0,0,0,0,notHQ,notHQ,notHQ,notHQ,notHQ,notHQ,notHQ,notHQ,notHQ,notHQ,notHQ,notHQ,notHQ,notHQ,notHQ,notHQ,notHQ,pcrfree
m21120.251222.184224.hifi.reads.bc2002.bam,m21120_251222_184224.hifi_reads.bc2002.bam,bc2002,EED fecal,R003,3000,control (gtube) 3000 ng,NaN,0,gtube,FALSE,PCRfree,semibin2_18,7.84,0,Neural Network (Specific Model),11,0.891,275839,337.6090535,275839,0.47,243,1,275839,None,0,1,0,1,1,,,0,0,0,0,notHQ,notHQ,notHQ,notHQ,notHQ,notHQ,notHQ,notHQ,notHQ,notHQ,notHQ,notHQ,notHQ,notHQ,notHQ,notHQ,notHQ,pcrfree
m21120.251222.184224.hifi.reads.bc2006.bam,m21120_251222_184224.hifi_reads.bc2006.bam,bc2006,EED fecal,R003,3000,control (pipet conc) 3000 ng,NaN,0,pipetmix 300x (90ng/ul),FALSE,PCRfree,semibin2_18,27.09,4.59,Neural Network (Specific Model),11,0.846,36556,215.1590389,663012,0.32,874,18,80757,None,0,1,0,1,0,,,0,0,0,0,notHQ,notHQ,notHQ,notHQ,notHQ,notHQ,notHQ,notHQ,notHQ,notHQ,notHQ,notHQ,notHQ,notHQ,notHQ,notHQ,notHQ,pcrfree
m21120.251222.184224.hifi.reads.bc2004.bam,m21120_251222_184224.hifi_reads.bc2004.bam,bc2004,EED fecal,R003,3000,control (pipet dil) 3000 ng,NaN,0,pipetmix 300x (10ng/ul),FALSE,PCRfree,semibin2_19,21.09,0.38,Neural Network (Specific Model),11,0.86,45411,236.416499,407205,0.4,497,9,105204,None,0,1,0,1,0,,,0,0,0,0,notHQ,notHQ,notHQ,notHQ,notHQ,notHQ,notHQ,notHQ,notHQ,notHQ,notHQ,notHQ,notHQ,notHQ,notHQ,notHQ,notHQ,pcrfree
m21120.251222.184224.hifi.reads.bc2006.bam,m21120_251222_184224.hifi_reads.bc2006.bam,bc2006,EED fecal,R003,3000,control (pipet conc) 3000 ng,NaN,0,pipetmix 300x (90ng/ul),FALSE,PCRfree,semibin2_19,18.89,0.93,Neural Network (Specific Model),11,0.862,27091,237.0775862,476185,0.32,580,20,51632,None,0,1,0,1,0,,,0,0,0,0,notHQ,notHQ,notHQ,notHQ,notHQ,notHQ,notHQ,notHQ,notHQ,notHQ,notHQ,notHQ,notHQ,notHQ,notHQ,notHQ,notHQ,pcrfree
R006bc2010.D06,R006bc2010.D06,bc2010,EED fecal,R006,15,Takara PrimeSTAR LongSeq 0.25x 15 ng,Pstar,8,longplex,FALSE,longplex_PCR,semibin2_19_sub,71.61,26.84,Gradient Boost (General Model),11,0.873,11834,290.176916,4328992,0.45,4358,398,61832,None,1,0,0,0,0,,,0,0,0,0,notHQ,notHQ,notHQ,notHQ,notHQ,notHQ,notHQ,notHQ,notHQ,notHQ,notHQ,notHQ,notHQ,notHQ,notHQ,notHQ,notHQ,longplex_0.25x
R004bc2007.A09,R004bc2007.A09,bc2007,EED fecal,R004,500,Takara PrimeSTAR LongSeq 1x 500 ng,Pstar,8,longplex,FALSE,longplex_PCR,semibin2_2,58.04,1.95,Neural Network (Specific Model),11,0.774,31386,266.7799325,1221326,0.52,1186,44,85349,None,1,1,0,1,0,,,1,0,0,0,notHQ,notHQ,notHQ,notHQ,notHQ,notHQ,notHQ,notHQ,notHQ,notHQ,notHQ,notHQ,notHQ,notHQ,notHQ,notHQ,notHQ,longplex_1x
R004bc2007.A10,R004bc2007.A10,bc2007,EED fecal,R004,500,Kura Decodifi 1x 500 ng,decodifi,8,longplex,FALSE,longplex_PCR,semibin2_2,67.05,0.27,Gradient Boost (General Model),11,0.855,63354,326.5405405,1523658,0.37,1332,31,178661,None,1,1,0,1,0,,,1,0,0,0,notHQ,notHQ,notHQ,notHQ,notHQ,notHQ,notHQ,notHQ,notHQ,notHQ,notHQ,notHQ,notHQ,notHQ,notHQ,notHQ,notHQ,longplex_1x
R004bc2007.B09,R004bc2007.B09,bc2007,EED fecal,R004,150,Takara PrimeSTAR LongSeq 1x 150 ng,Pstar,8,longplex,FALSE,longplex_PCR,semibin2_2,44.63,0.33,Neural Network (Specific Model),11,0.869,105601,336.3586387,1327721,0.46,1146,17,230332,None,0,1,0,1,0,,,0,0,0,0,notHQ,notHQ,notHQ,notHQ,notHQ,notHQ,notHQ,notHQ,notHQ,notHQ,notHQ,notHQ,notHQ,notHQ,notHQ,notHQ,notHQ,longplex_1x
R004bc2007.B10,R004bc2007.B10,bc2007,EED fecal,R004,150,Kura Decodifi 1x 150 ng,decodifi,8,longplex,FALSE,longplex_PCR,semibin2_2,48.29,1.23,Neural Network (Specific Model),11,0.869,30864,320.9189189,1431381,0.5,1295,55,77549,None,0,1,0,1,0,,,0,0,0,0,notHQ,notHQ,notHQ,notHQ,notHQ,notHQ,notHQ,notHQ,notHQ,notHQ,notHQ,notHQ,notHQ,notHQ,notHQ,notHQ,notHQ,longplex_1x
R004bc2007.F09,R004bc2007.F09,bc2007,EED fecal,R004,150,NEB Q5 XT 1x 150 ng,Q5XT,8,longplex,FALSE,longplex_PCR,semibin2_2,52.52,4.38,Neural Network (Specific Model),11,0.869,30324,327.808408,1638672,0.5,1451,59,86271,None,1,1,0,1,0,,,1,0,0,0,notHQ,notHQ,notHQ,notHQ,notHQ,notHQ,notHQ,notHQ,notHQ,notHQ,notHQ,notHQ,notHQ,notHQ,notHQ,notHQ,notHQ,longplex_1x
R004bc2008.C10,R004bc2008.C10,bc2008,ESK pathogen,R004,300,Kura Decodifi 1x 300 ng,decodifi,8,longplex,FALSE,longplex_PCR,semibin2_2,100,0.57,Neural Network (Specific Model),11,0.893,138840,323.5954145,6156523,0.66,5670,64,673506,None,1,1,1,1,0,,,1,1,0,0,4,5,6,15,67,3,3,97.680,138840,138833,5,2.52,2.78,5,0,0,d__Bacteria;p__Pseudomonadota;c__Gammaproteobacteria;o__Pseudomonadales;f__Pseudomonadaceae;g__Pseudomonas;s__Pseudomonas aeruginosa,longplex_1x
R004bc2008.D10,R004bc2008.D10,bc2008,ESK pathogen,R004,150,Kura Decodifi 1x 150 ng,decodifi,8,longplex,FALSE,longplex_PCR,semibin2_2,100,0.8,Neural Network (Specific Model),11,0.893,135361,323.9042139,6136398,0.66,5648,65,356035,None,1,1,1,1,0,,,1,1,0,0,5,6,6,17,69,4,3,97.356,135361,127963,4,2.20,2.09,4,0,0,d__Bacteria;p__Pseudomonadota;c__Gammaproteobacteria;o__Pseudomonadales;f__Pseudomonadaceae;g__Pseudomonas;s__Pseudomonas aeruginosa,longplex_1x
R004bc2008.G09,R004bc2008.G09,bc2008,ESK pathogen,R004,300,NEB Q5 XT 1x 300 ng,Q5XT,8,longplex,FALSE,longplex_PCR,semibin2_2,28.01,0.03,Neural Network (Specific Model),11,0.828,18535,270.2734839,821399,0.33,841,45,44093,None,0,1,0,1,0,,,0,0,0,0,notHQ,notHQ,notHQ,notHQ,notHQ,notHQ,notHQ,notHQ,notHQ,notHQ,notHQ,notHQ,notHQ,notHQ,notHQ,notHQ,notHQ,longplex_1x
R005bc2007.A09,R005bc2007.A09,bc2007,EED fecal,R005,500,Takara PrimeSTAR LongSeq 1x 500 ng (Q),Pstar,8,longplex,TRUE,longplex_PCR,semibin2_2,58.71,2.17,Neural Network (Specific Model),11,0.861,115202,325.4771167,1979205,0.46,1748,23,229538,None,1,1,0,1,0,,,1,0,0,0,notHQ,notHQ,notHQ,notHQ,notHQ,notHQ,notHQ,notHQ,notHQ,notHQ,notHQ,notHQ,notHQ,notHQ,notHQ,notHQ,notHQ,longplex_1x
R005bc2007.A10,R005bc2007.A10,bc2007,EED fecal,R005,500,Kura Decodifi 1x 500 ng (Q),decodifi,8,longplex,TRUE,longplex_PCR,semibin2_2,41.97,0.06,Neural Network (Specific Model),11,0.886,23711,281.983081,1068709,0.46,1123,51,42577,None,0,1,0,1,0,,,0,0,0,0,notHQ,notHQ,notHQ,notHQ,notHQ,notHQ,notHQ,notHQ,notHQ,notHQ,notHQ,notHQ,notHQ,notHQ,notHQ,notHQ,notHQ,longplex_1x
R005bc2007.B09,R005bc2007.B09,bc2007,EED fecal,R005,150,Takara PrimeSTAR LongSeq 1x 150 ng (Q),Pstar,8,longplex,TRUE,longplex_PCR,semibin2_2,21.15,0.74,Neural Network (Specific Model),11,0.878,637321,346.0935961,718996,0.45,609,2,637321,None,0,1,0,1,0,,,0,0,0,0,notHQ,notHQ,notHQ,notHQ,notHQ,notHQ,notHQ,notHQ,notHQ,notHQ,notHQ,notHQ,notHQ,notHQ,notHQ,notHQ,notHQ,longplex_1x
R005bc2007.B10,R005bc2007.B10,bc2007,EED fecal,R005,150,Kura Decodifi 1x 150 ng (Q),decodifi,8,longplex,TRUE,longplex_PCR,semibin2_2,33.65,0.49,Neural Network (Specific Model),11,0.878,20692,325.459926,898839,0.52,811,50,36914,None,0,1,0,1,0,,,0,0,0,0,notHQ,notHQ,notHQ,notHQ,notHQ,notHQ,notHQ,notHQ,notHQ,notHQ,notHQ,notHQ,notHQ,notHQ,notHQ,notHQ,notHQ,longplex_1x
R005bc2007.E09,R005bc2007.E09,bc2007,EED fecal,R005,500,NEB Q5 XT 1x 500 ng (Q),Q5XT,8,longplex,TRUE,longplex_PCR,semibin2_2,33.65,1.41,Neural Network (Specific Model),11,0.871,55665,343.7093458,1262886,0.5,1070,27,98924,None,0,1,0,1,0,,,0,0,0,0,notHQ,notHQ,notHQ,notHQ,notHQ,notHQ,notHQ,notHQ,notHQ,notHQ,notHQ,notHQ,notHQ,notHQ,notHQ,notHQ,notHQ,longplex_1x
R005bc2008.C10,R005bc2008.C10,bc2008,ESK pathogen,R005,300,Kura Decodifi 1x 300 ng (Q),decodifi,8,longplex,TRUE,longplex_PCR,semibin2_2,100,0.72,Neural Network (Specific Model),11,0.893,158666,323.1736778,6208164,0.66,5729,68,370857,None,1,1,1,1,0,,,1,1,0,0,4,6,4,14,68,4,3,98.449,158666,140644,5,2.44,2.90,5,0,0,d__Bacteria;p__Pseudomonadota;c__Gammaproteobacteria;o__Pseudomonadales;f__Pseudomonadaceae;g__Pseudomonas;s__Pseudomonas aeruginosa,longplex_1x
R005bc2008.G09,R005bc2008.G09,bc2008,ESK pathogen,R005,300,NEB Q5 XT 1x 300 ng (Q),Q5XT,8,longplex,TRUE,longplex_PCR,semibin2_2,92.66,0.19,Neural Network (Specific Model),11,0.894,56128,316.6510407,5454397,0.66,5141,152,190147,None,1,1,1,1,0,,,1,1,0,0,1,1,1,3,58,1,3,86.780,56128,45287,7,4.63,2.94,6,0,1,d__Bacteria;p__Pseudomonadota;c__Gammaproteobacteria;o__Pseudomonadales;f__Pseudomonadaceae;g__Pseudomonas;s__Pseudomonas aeruginosa,longplex_1x
R005bc2008.H09,R005bc2008.H09,bc2008,ESK pathogen,R005,150,NEB Q5 XT 1x 150 ng (Q),Q5XT,8,longplex,TRUE,longplex_PCR,semibin2_2,99.97,0.19,Neural Network (Specific Model),11,0.892,74634,320.117414,5968004,0.66,5553,124,439530,None,1,1,1,1,0,,,1,1,0,0,4,5,5,14,66,3,3,94.848,74634,69927,6,2.53,3.31,6,0,0,d__Bacteria;p__Pseudomonadota;c__Gammaproteobacteria;o__Pseudomonadales;f__Pseudomonadaceae;g__Pseudomonas;s__Pseudomonas aeruginosa,longplex_1x
R006bc2010.A02,R006bc2010.A02,bc2010,EED fecal,R006,150,Kura Decodifi 0.5x 150 ng,decodifi,8,longplex,FALSE,longplex_PCR,semibin2_2,7.23,0.18,Neural Network (Specific Model),11,0.875,395340,338.9530792,395340,0.43,341,1,395340,None,0,1,0,1,1,,,0,0,0,0,notHQ,notHQ,notHQ,notHQ,notHQ,notHQ,notHQ,notHQ,notHQ,notHQ,notHQ,notHQ,notHQ,notHQ,notHQ,notHQ,notHQ,longplex_0.5x
R006bc2010.A04,R006bc2010.A04,bc2010,EED fecal,R006,150,NEB Q5 XT 0.5x 150 ng,Q5XT,8,longplex,FALSE,longplex_PCR,semibin2_2,34.36,0.37,Neural Network (Specific Model),11,0.863,63678,315.8309129,1055965,0.46,964,19,165619,None,0,1,0,1,0,,,0,0,0,0,notHQ,notHQ,notHQ,notHQ,notHQ,notHQ,notHQ,notHQ,notHQ,notHQ,notHQ,notHQ,notHQ,notHQ,notHQ,notHQ,notHQ,longplex_0.5x
R006bc2010.A06,R006bc2010.A06,bc2010,EED fecal,R006,150,Takara PrimeSTAR LongSeq 0.5x 150 ng,Pstar,8,longplex,FALSE,longplex_PCR,semibin2_2,44.12,2.04,Gradient Boost (General Model),11,0.77,24224,250.2918216,1044931,0.52,1076,56,54350,None,0,1,0,1,0,,,0,0,0,0,notHQ,notHQ,notHQ,notHQ,notHQ,notHQ,notHQ,notHQ,notHQ,notHQ,notHQ,notHQ,notHQ,notHQ,notHQ,notHQ,notHQ,longplex_0.5x
R006bc2010.B02,R006bc2010.B02,bc2010,EED fecal,R006,75,Kura Decodifi 0.5x 75 ng,decodifi,8,longplex,FALSE,longplex_PCR,semibin2_2,49.31,4.51,Gradient Boost (General Model),11,0.865,19515,251.2682927,1243679,0.46,1435,73,34230,None,0,1,0,1,0,,,0,0,0,0,notHQ,notHQ,notHQ,notHQ,notHQ,notHQ,notHQ,notHQ,notHQ,notHQ,notHQ,notHQ,notHQ,notHQ,notHQ,notHQ,notHQ,longplex_0.5x
R006bc2010.B04,R006bc2010.B04,bc2010,EED fecal,R006,75,NEB Q5 XT 0.5x 75 ng,Q5XT,8,longplex,FALSE,longplex_PCR,semibin2_2,43.46,2.43,Neural Network (Specific Model),11,0.868,20361,247.399656,1483392,0.46,1744,84,52044,None,0,1,0,1,0,,,0,0,0,0,notHQ,notHQ,notHQ,notHQ,notHQ,notHQ,notHQ,notHQ,notHQ,notHQ,notHQ,notHQ,notHQ,notHQ,notHQ,notHQ,notHQ,longplex_0.5x
R006bc2010.B06,R006bc2010.B06,bc2010,EED fecal,R006,75,Takara PrimeSTAR LongSeq 0.5x 75 ng,Pstar,8,longplex,FALSE,longplex_PCR,semibin2_2,39.59,5.33,Neural Network (Specific Model),11,0.835,17742,244.4044338,1455909,0.57,1669,89,74173,None,0,1,0,0,0,,,0,0,0,0,notHQ,notHQ,notHQ,notHQ,notHQ,notHQ,notHQ,notHQ,notHQ,notHQ,notHQ,notHQ,notHQ,notHQ,notHQ,notHQ,notHQ,longplex_0.5x
R006bc2010.C02,R006bc2010.C02,bc2010,EED fecal,R006,30,Kura Decodifi 0.25x 30 ng,decodifi,8,longplex,FALSE,longplex_PCR,semibin2_2,36.46,0.58,Neural Network (Specific Model),11,0.795,17599,270.2910864,729194,0.52,718,47,34079,None,0,1,0,1,0,,,0,0,0,0,notHQ,notHQ,notHQ,notHQ,notHQ,notHQ,notHQ,notHQ,notHQ,notHQ,notHQ,notHQ,notHQ,notHQ,notHQ,notHQ,notHQ,longplex_0.25x
R006bc2010.C04,R006bc2010.C04,bc2010,EED fecal,R006,30,NEB Q5 XT 0.25x 30 ng,Q5XT,8,longplex,FALSE,longplex_PCR,semibin2_2,36.85,1.9,Neural Network (Specific Model),11,0.762,16323,258.5236052,944352,0.52,932,62,51279,None,0,1,0,1,0,,,0,0,0,0,notHQ,notHQ,notHQ,notHQ,notHQ,notHQ,notHQ,notHQ,notHQ,notHQ,notHQ,notHQ,notHQ,notHQ,notHQ,notHQ,notHQ,longplex_0.25x
R006bc2010.C06,R006bc2010.C06,bc2010,EED fecal,R006,30,Takara PrimeSTAR LongSeq 0.25x 30 ng,Pstar,8,longplex,FALSE,longplex_PCR,semibin2_2,19.06,0.04,Neural Network (Specific Model),11,0.871,736238,355.013267,736238,0.45,603,1,736238,None,0,1,0,1,1,,,0,0,0,0,notHQ,notHQ,notHQ,notHQ,notHQ,notHQ,notHQ,notHQ,notHQ,notHQ,notHQ,notHQ,notHQ,notHQ,notHQ,notHQ,notHQ,longplex_0.25x
R006bc2010.D02,R006bc2010.D02,bc2010,EED fecal,R006,15,Kura Decodifi 0.25x 15 ng,decodifi,8,longplex,FALSE,longplex_PCR,semibin2_2,30.1,3.41,Neural Network (Specific Model),11,0.839,11518,241.0037994,1128576,0.57,1316,104,27338,None,0,1,0,1,0,,,0,0,0,0,notHQ,notHQ,notHQ,notHQ,notHQ,notHQ,notHQ,notHQ,notHQ,notHQ,notHQ,notHQ,notHQ,notHQ,notHQ,notHQ,notHQ,longplex_0.25x
R006bc2010.D04,R006bc2010.D04,bc2010,EED fecal,R006,15,NEB Q5 XT 0.25x 15 ng,Q5XT,8,longplex,FALSE,longplex_PCR,semibin2_2,56.82,9.73,Neural Network (Specific Model),11,0.886,102639,359.4201152,2319244,0.46,1909,31,340642,None,1,1,0,0,0,,,1,0,0,0,notHQ,notHQ,notHQ,notHQ,notHQ,notHQ,notHQ,notHQ,notHQ,notHQ,notHQ,notHQ,notHQ,notHQ,notHQ,notHQ,notHQ,longplex_0.25x
R006bc2010.E02,R006bc2010.E02,bc2010,ESK pathogen,R006,150,Kura Decodifi 0.5x 150 ng,decodifi,8,longplex,FALSE,longplex_PCR,semibin2_2,84.28,0.61,Neural Network (Specific Model),11,0.891,224386,317.4819859,4855669,0.66,4552,28,618142,None,1,1,0,1,0,,,1,0,0,0,notHQ,notHQ,notHQ,notHQ,notHQ,notHQ,notHQ,notHQ,notHQ,notHQ,notHQ,notHQ,notHQ,notHQ,notHQ,notHQ,notHQ,longplex_0.5x
R006bc2010.E04,R006bc2010.E04,bc2010,ESK pathogen,R006,150,NEB Q5 XT 0.5x 150 ng,Q5XT,8,longplex,FALSE,longplex_PCR,semibin2_2,80,0.15,Neural Network (Specific Model),11,0.894,86409,317.6326959,4565012,0.66,4288,65,610552,None,1,1,0,1,0,,,1,0,0,0,notHQ,notHQ,notHQ,notHQ,notHQ,notHQ,notHQ,notHQ,notHQ,notHQ,notHQ,notHQ,notHQ,notHQ,notHQ,notHQ,notHQ,longplex_0.5x
R006bc2010.E06,R006bc2010.E06,bc2010,ESK pathogen,R006,150,Takara PrimeSTAR LongSeq 0.5x 150 ng,Pstar,8,longplex,FALSE,longplex_PCR,semibin2_2,100,0.47,Neural Network (Specific Model),11,0.879,276057,313.1273215,5169035,0.57,4846,30,898612,None,1,1,1,1,0,,,1,1,0,0,9,7,7,23,89,7,3,93.177,276057,225999,18,6.80,3.82,6,12,0,d__Bacteria;p__Pseudomonadota;c__Gammaproteobacteria;o__Enterobacterales;f__Enterobacteriaceae;g__Klebsiella;s__Klebsiella pneumoniae,longplex_0.5x
R006bc2010.G02,R006bc2010.G02,bc2010,ESK pathogen,R006,30,Kura Decodifi 0.25x 30 ng,decodifi,8,longplex,FALSE,longplex_PCR,semibin2_2,94.77,0.22,Neural Network (Specific Model),11,0.895,149414,321.7100911,5792467,0.67,5381,63,623047,None,1,1,1,1,0,,,1,1,0,0,3,5,3,11,53,3,3,92.209,149414,141562,3,2.27,2.68,3,0,0,d__Bacteria;p__Pseudomonadota;c__Gammaproteobacteria;o__Pseudomonadales;f__Pseudomonadaceae;g__Pseudomonas;s__Pseudomonas aeruginosa,longplex_0.25x
R006bc2010.H02,R006bc2010.H02,bc2010,ESK pathogen,R006,15,Kura Decodifi 0.25x 15 ng,decodifi,8,longplex,FALSE,longplex_PCR,semibin2_2,85.43,0.2,Neural Network (Specific Model),11,0.894,220193,322.385439,5047182,0.67,4670,35,377770,None,1,1,0,1,0,,,1,0,0,0,notHQ,notHQ,notHQ,notHQ,notHQ,notHQ,notHQ,notHQ,notHQ,notHQ,notHQ,notHQ,notHQ,notHQ,notHQ,notHQ,notHQ,longplex_0.25x
R006bc2010.H04,R006bc2010.H04,bc2010,ESK pathogen,R006,15,NEB Q5 XT 0.25x 15 ng,Q5XT,8,longplex,FALSE,longplex_PCR,semibin2_2,100,0.14,Neural Network (Specific Model),11,0.876,801027,314.0873551,3986713,0.39,3709,7,1655072,None,1,1,1,1,0,,,1,1,0,0,6,7,6,19,79,3,4,99.472,801027,421765,7,8.22,0.58,7,0,0,d__Bacteria;p__Pseudomonadota;c__Gammaproteobacteria;o__Pseudomonadales;f__Moraxellaceae;g__Acinetobacter;s__Acinetobacter baumannii,longplex_0.25x
m21120.251219.215844.hifi.reads.bc2002.bam,m21120_251219_215844.hifi_reads.bc2002.bam,bc2002,EED fecal,R002,3000,control (gtube) 3000 ng,NaN,0,gtube,FALSE,PCRfree,semibin2_2,24.85,0.01,Neural Network (Specific Model),11,0.778,37331,243.6459459,691425,0.52,740,21,62645,None,0,1,0,1,0,,,0,0,0,0,notHQ,notHQ,notHQ,notHQ,notHQ,notHQ,notHQ,notHQ,notHQ,notHQ,notHQ,notHQ,notHQ,notHQ,notHQ,notHQ,notHQ,pcrfree
m21120.251219.215844.hifi.reads.bc2004.bam,m21120_251219_215844.hifi_reads.bc2004.bam,bc2004,EED fecal,R002,3000,control (pipet dil) 3000 ng,NaN,0,pipetmix 300x (10ng/ul),FALSE,PCRfree,semibin2_2,55.45,2.76,Neural Network (Specific Model),11,0.861,502854,319.9668712,1812946,0.46,1630,8,517266,None,1,1,0,1,0,,,1,0,0,0,notHQ,notHQ,notHQ,notHQ,notHQ,notHQ,notHQ,notHQ,notHQ,notHQ,notHQ,notHQ,notHQ,notHQ,notHQ,notHQ,notHQ,pcrfree
m21120.251219.215844.hifi.reads.bc2006.bam,m21120_251219_215844.hifi_reads.bc2006.bam,bc2006,EED fecal,R002,3000,control (pipet conc) 3000 ng,NaN,0,pipetmix 300x (90ng/ul),FALSE,PCRfree,semibin2_2,40.94,1.42,Neural Network (Specific Model),11,0.88,35201,315.4565561,1356642,0.45,1266,44,92682,None,0,1,0,1,0,,,0,0,0,0,notHQ,notHQ,notHQ,notHQ,notHQ,notHQ,notHQ,notHQ,notHQ,notHQ,notHQ,notHQ,notHQ,notHQ,notHQ,notHQ,notHQ,pcrfree
m21120.251222.184224.hifi.reads.bc2002.bam,m21120_251222_184224.hifi_reads.bc2002.bam,bc2002,EED fecal,R003,3000,control (gtube) 3000 ng,NaN,0,gtube,FALSE,PCRfree,semibin2_2,59.96,3.32,Gradient Boost (General Model),11,0.827,43676,228.0209841,1135180,0.41,1382,30,59220,None,1,1,0,1,0,,,1,0,0,0,notHQ,notHQ,notHQ,notHQ,notHQ,notHQ,notHQ,notHQ,notHQ,notHQ,notHQ,notHQ,notHQ,notHQ,notHQ,notHQ,notHQ,pcrfree
m21120.251222.184224.hifi.reads.bc2004.bam,m21120_251222_184224.hifi_reads.bc2004.bam,bc2004,EED fecal,R003,3000,control (pipet dil) 3000 ng,NaN,0,pipetmix 300x (10ng/ul),FALSE,PCRfree,semibin2_2,48.84,1.47,Neural Network (Specific Model),11,0.867,67891,328.8793745,1524776,0.51,1343,26,129764,None,0,1,0,1,0,,,0,0,0,0,notHQ,notHQ,notHQ,notHQ,notHQ,notHQ,notHQ,notHQ,notHQ,notHQ,notHQ,notHQ,notHQ,notHQ,notHQ,notHQ,notHQ,pcrfree
m21120.251222.184224.hifi.reads.bc2006.bam,m21120_251222_184224.hifi_reads.bc2006.bam,bc2006,EED fecal,R003,3000,control (pipet conc) 3000 ng,NaN,0,pipetmix 300x (90ng/ul),FALSE,PCRfree,semibin2_2,46.04,8.64,Neural Network (Specific Model),11,0.874,1890056,346.1060226,1890056,0.45,1594,1,1890056,None,0,1,0,0,1,,,0,0,0,0,notHQ,notHQ,notHQ,notHQ,notHQ,notHQ,notHQ,notHQ,notHQ,notHQ,notHQ,notHQ,notHQ,notHQ,notHQ,notHQ,notHQ,pcrfree
m21120.260115.173545.hifi.reads.bc2002.bam,m21120_260115_173545.hifi_reads.bc2002.bam,bc2002,EED fecal,R005,3000,control (gtube) 3000 ng (Q),NaN,0,gtube,TRUE,PCRfree,semibin2_2,23.06,1.44,Neural Network (Specific Model),11,0.887,570603,367.409545,1116970,0.45,901,5,570603,None,0,1,0,1,0,,,0,0,0,0,notHQ,notHQ,notHQ,notHQ,notHQ,notHQ,notHQ,notHQ,notHQ,notHQ,notHQ,notHQ,notHQ,notHQ,notHQ,notHQ,notHQ,pcrfree
m21120.260115.173545.hifi.reads.bc2006.bam,m21120_260115_173545.hifi_reads.bc2006.bam,bc2006,EED fecal,R005,3000,control (pipet conc) 3000 ng (Q),NaN,0,pipetmix 300x (90ng/ul),TRUE,PCRfree,semibin2_2,53.82,3.72,Neural Network (Specific Model),11,0.871,40989,323.8137313,1863208,0.5,1675,51,213735,None,1,1,0,1,0,,,1,0,0,0,notHQ,notHQ,notHQ,notHQ,notHQ,notHQ,notHQ,notHQ,notHQ,notHQ,notHQ,notHQ,notHQ,notHQ,notHQ,notHQ,notHQ,pcrfree
R006bc2010.D06,R006bc2010.D06,bc2010,EED fecal,R006,15,Takara PrimeSTAR LongSeq 0.25x 15 ng,Pstar,8,longplex,FALSE,longplex_PCR,semibin2_20,49.69,11.85,Neural Network (Specific Model),11,0.871,10311,276.6167686,2637889,0.45,2779,283,63847,None,0,0,0,0,0,,,0,0,0,0,notHQ,notHQ,notHQ,notHQ,notHQ,notHQ,notHQ,notHQ,notHQ,notHQ,notHQ,notHQ,notHQ,notHQ,notHQ,notHQ,notHQ,longplex_0.25x
m21120.251222.184224.hifi.reads.bc2006.bam,m21120_251222_184224.hifi_reads.bc2006.bam,bc2006,EED fecal,R003,3000,control (pipet conc) 3000 ng,NaN,0,pipetmix 300x (90ng/ul),FALSE,PCRfree,semibin2_20,16.44,0.01,Neural Network (Specific Model),11,0.854,32872,279.4890511,401415,0.56,411,15,49497,None,0,1,0,1,0,,,0,0,0,0,notHQ,notHQ,notHQ,notHQ,notHQ,notHQ,notHQ,notHQ,notHQ,notHQ,notHQ,notHQ,notHQ,notHQ,notHQ,notHQ,notHQ,pcrfree
R006bc2010.D06,R006bc2010.D06,bc2010,EED fecal,R006,15,Takara PrimeSTAR LongSeq 0.25x 15 ng,Pstar,8,longplex,FALSE,longplex_PCR,semibin2_21,37,9.36,Neural Network (Specific Model),11,0.888,9758,278.2923691,2109018,0.44,2254,248,23359,None,0,1,0,0,0,,,0,0,0,0,notHQ,notHQ,notHQ,notHQ,notHQ,notHQ,notHQ,notHQ,notHQ,notHQ,notHQ,notHQ,notHQ,notHQ,notHQ,notHQ,notHQ,longplex_0.25x
m21120.251222.184224.hifi.reads.bc2006.bam,m21120_251222_184224.hifi_reads.bc2006.bam,bc2006,EED fecal,R003,3000,control (pipet conc) 3000 ng,NaN,0,pipetmix 300x (90ng/ul),FALSE,PCRfree,semibin2_21,14.79,0.11,Neural Network (Specific Model),11,0.781,35555,282.6408318,572634,0.4,529,20,50006,None,0,1,0,1,0,,,0,0,0,0,notHQ,notHQ,notHQ,notHQ,notHQ,notHQ,notHQ,notHQ,notHQ,notHQ,notHQ,notHQ,notHQ,notHQ,notHQ,notHQ,notHQ,pcrfree
R006bc2010.D06,R006bc2010.D06,bc2010,EED fecal,R006,15,Takara PrimeSTAR LongSeq 0.25x 15 ng,Pstar,8,longplex,FALSE,longplex_PCR,semibin2_22,37.82,5.77,Neural Network (Specific Model),11,0.855,9020,250.410947,2012634,0.45,2302,239,41409,None,0,1,0,0,0,,,0,0,0,0,notHQ,notHQ,notHQ,notHQ,notHQ,notHQ,notHQ,notHQ,notHQ,notHQ,notHQ,notHQ,notHQ,notHQ,notHQ,notHQ,notHQ,longplex_0.25x
m21120.251222.184224.hifi.reads.bc2006.bam,m21120_251222_184224.hifi_reads.bc2006.bam,bc2006,EED fecal,R003,3000,control (pipet conc) 3000 ng,NaN,0,pipetmix 300x (90ng/ul),FALSE,PCRfree,semibin2_22,29.78,0.05,Neural Network (Specific Model),11,0.869,61036,310.9053592,938263,0.45,877,19,84921,None,0,1,0,1,0,,,0,0,0,0,notHQ,notHQ,notHQ,notHQ,notHQ,notHQ,notHQ,notHQ,notHQ,notHQ,notHQ,notHQ,notHQ,notHQ,notHQ,notHQ,notHQ,pcrfree
R005bc2007.A10,R005bc2007.A10,bc2007,EED fecal,R005,500,Kura Decodifi 1x 500 ng (Q),decodifi,8,longplex,TRUE,longplex_PCR,semibin2_23,26.42,0.02,Neural Network (Specific Model),11,0.873,216473,353.2061856,940722,0.46,776,5,353028,None,0,1,0,1,0,,,0,0,0,0,notHQ,notHQ,notHQ,notHQ,notHQ,notHQ,notHQ,notHQ,notHQ,notHQ,notHQ,notHQ,notHQ,notHQ,notHQ,notHQ,notHQ,longplex_1x
R006bc2010.C04,R006bc2010.C04,bc2010,EED fecal,R006,30,NEB Q5 XT 0.25x 30 ng,Q5XT,8,longplex,FALSE,longplex_PCR,semibin2_23,28.17,1.7,Neural Network (Specific Model),11,0.875,77654,345.2454448,1102534,0.46,933,21,112473,None,0,1,0,1,0,,,0,0,0,0,notHQ,notHQ,notHQ,notHQ,notHQ,notHQ,notHQ,notHQ,notHQ,notHQ,notHQ,notHQ,notHQ,notHQ,notHQ,notHQ,notHQ,longplex_0.25x
R006bc2010.C06,R006bc2010.C06,bc2010,EED fecal,R006,30,Takara PrimeSTAR LongSeq 0.25x 30 ng,Pstar,8,longplex,FALSE,longplex_PCR,semibin2_23,10.62,0,Neural Network (Specific Model),11,0.871,22737,226.737037,209504,0.38,270,11,32356,None,0,1,0,1,0,,,0,0,0,0,notHQ,notHQ,notHQ,notHQ,notHQ,notHQ,notHQ,notHQ,notHQ,notHQ,notHQ,notHQ,notHQ,notHQ,notHQ,notHQ,notHQ,longplex_0.25x
m21120.251222.184224.hifi.reads.bc2006.bam,m21120_251222_184224.hifi_reads.bc2006.bam,bc2006,EED fecal,R003,3000,control (pipet conc) 3000 ng,NaN,0,pipetmix 300x (90ng/ul),FALSE,PCRfree,semibin2_23,11.56,0.01,Neural Network (Specific Model),11,0.866,428057,307.9054726,428057,0.45,402,1,428057,None,0,1,0,1,1,,,0,0,0,0,notHQ,notHQ,notHQ,notHQ,notHQ,notHQ,notHQ,notHQ,notHQ,notHQ,notHQ,notHQ,notHQ,notHQ,notHQ,notHQ,notHQ,pcrfree
R006bc2010.D02,R006bc2010.D02,bc2010,EED fecal,R006,15,Kura Decodifi 0.25x 15 ng,decodifi,8,longplex,FALSE,longplex_PCR,semibin2_23_sub,63.17,19.74,Gradient Boost (General Model),11,0.866,13753,284.2610071,3726108,0.45,3793,292,155783,None,1,0,0,0,0,,,0,0,0,0,notHQ,notHQ,notHQ,notHQ,notHQ,notHQ,notHQ,notHQ,notHQ,notHQ,notHQ,notHQ,notHQ,notHQ,notHQ,notHQ,notHQ,longplex_0.25x
R006bc2010.B06,R006bc2010.B06,bc2010,EED fecal,R006,75,Takara PrimeSTAR LongSeq 0.5x 75 ng,Pstar,8,longplex,FALSE,longplex_PCR,semibin2_24,9.21,0,Neural Network (Specific Model),11,0.872,22073,230.6470588,201177,0.41,255,10,34483,None,0,1,0,1,0,,,0,0,0,0,notHQ,notHQ,notHQ,notHQ,notHQ,notHQ,notHQ,notHQ,notHQ,notHQ,notHQ,notHQ,notHQ,notHQ,notHQ,notHQ,notHQ,longplex_0.5x
R006bc2010.D02,R006bc2010.D02,bc2010,EED fecal,R006,15,Kura Decodifi 0.25x 15 ng,decodifi,8,longplex,FALSE,longplex_PCR,semibin2_24,61.28,18.73,Neural Network (Specific Model),11,0.87,11276,276.021191,3536971,0.45,3728,346,47704,None,1,0,0,0,0,,,0,0,0,0,notHQ,notHQ,notHQ,notHQ,notHQ,notHQ,notHQ,notHQ,notHQ,notHQ,notHQ,notHQ,notHQ,notHQ,notHQ,notHQ,notHQ,longplex_0.25x
R004bc2007.E09,R004bc2007.E09,bc2007,EED fecal,R004,500,NEB Q5 XT 1x 500 ng,Q5XT,8,longplex,FALSE,longplex_PCR,semibin2_25,36.65,7.56,Neural Network (Specific Model),11,0.843,17770,257.1566171,1163648,0.58,1277,72,45580,None,0,1,0,0,0,,,0,0,0,0,notHQ,notHQ,notHQ,notHQ,notHQ,notHQ,notHQ,notHQ,notHQ,notHQ,notHQ,notHQ,notHQ,notHQ,notHQ,notHQ,notHQ,longplex_1x
R006bc2010.D02,R006bc2010.D02,bc2010,EED fecal,R006,15,Kura Decodifi 0.25x 15 ng,decodifi,8,longplex,FALSE,longplex_PCR,semibin2_26,15.67,0.04,Neural Network (Specific Model),11,0.876,9463,253.3659864,634666,0.45,735,73,28285,None,0,1,0,1,0,,,0,0,0,0,notHQ,notHQ,notHQ,notHQ,notHQ,notHQ,notHQ,notHQ,notHQ,notHQ,notHQ,notHQ,notHQ,notHQ,notHQ,notHQ,notHQ,longplex_0.25x
R006bc2010.C04,R006bc2010.C04,bc2010,EED fecal,R006,30,NEB Q5 XT 0.25x 30 ng,Q5XT,8,longplex,FALSE,longplex_PCR,semibin2_27,41.07,9.88,Neural Network (Specific Model),11,0.871,14531,284.9113208,1554024,0.46,1590,115,37817,None,0,1,0,0,0,,,0,0,0,0,notHQ,notHQ,notHQ,notHQ,notHQ,notHQ,notHQ,notHQ,notHQ,notHQ,notHQ,notHQ,notHQ,notHQ,notHQ,notHQ,notHQ,longplex_0.25x
m21120.260115.173545.hifi.reads.bc2006.bam,m21120_260115_173545.hifi_reads.bc2006.bam,bc2006,EED fecal,R005,3000,control (pipet conc) 3000 ng (Q),NaN,0,pipetmix 300x (90ng/ul),TRUE,PCRfree,semibin2_27_sub,58.43,21.41,Neural Network (Specific Model),11,0.863,24348,286.5371942,3976537,0.45,4006,191,153140,None,1,0,0,0,0,,,0,0,0,0,notHQ,notHQ,notHQ,notHQ,notHQ,notHQ,notHQ,notHQ,notHQ,notHQ,notHQ,notHQ,notHQ,notHQ,notHQ,notHQ,notHQ,pcrfree
R005bc2007.B10,R005bc2007.B10,bc2007,EED fecal,R005,150,Kura Decodifi 1x 150 ng (Q),decodifi,8,longplex,TRUE,longplex_PCR,semibin2_28,60.86,14.02,Neural Network (Specific Model),11,0.868,265475,352.6344433,3398608,0.45,2793,24,988369,None,1,0,0,0,0,,,0,0,0,0,notHQ,notHQ,notHQ,notHQ,notHQ,notHQ,notHQ,notHQ,notHQ,notHQ,notHQ,notHQ,notHQ,notHQ,notHQ,notHQ,notHQ,longplex_1x
R006bc2010.B06,R006bc2010.B06,bc2010,EED fecal,R006,75,Takara PrimeSTAR LongSeq 0.5x 75 ng,Pstar,8,longplex,FALSE,longplex_PCR,semibin2_29,50.93,8.39,Neural Network (Specific Model),11,0.865,119256,346.8600345,2788983,0.45,2322,28,377479,None,1,1,0,0,0,,,1,0,0,0,notHQ,notHQ,notHQ,notHQ,notHQ,notHQ,notHQ,notHQ,notHQ,notHQ,notHQ,notHQ,notHQ,notHQ,notHQ,notHQ,notHQ,longplex_0.5x
R006bc2010.C04,R006bc2010.C04,bc2010,EED fecal,R006,30,NEB Q5 XT 0.25x 30 ng,Q5XT,8,longplex,FALSE,longplex_PCR,semibin2_29,67.58,36.68,Neural Network (Specific Model),11,0.87,20100,294.9059276,6590181,0.45,6495,357,86004,None,1,0,0,0,0,,,0,0,0,0,notHQ,notHQ,notHQ,notHQ,notHQ,notHQ,notHQ,notHQ,notHQ,notHQ,notHQ,notHQ,notHQ,notHQ,notHQ,notHQ,notHQ,longplex_0.25x
R006bc2010.B02,R006bc2010.B02,bc2010,EED fecal,R006,75,Kura Decodifi 0.5x 75 ng,decodifi,8,longplex,FALSE,longplex_PCR,semibin2_29_sub,78.03,37.11,Gradient Boost (General Model),11,0.872,30096,322.5740299,5107343,0.45,4613,193,94127,None,1,0,0,0,0,,,0,0,0,0,notHQ,notHQ,notHQ,notHQ,notHQ,notHQ,notHQ,notHQ,notHQ,notHQ,notHQ,notHQ,notHQ,notHQ,notHQ,notHQ,notHQ,longplex_0.5x
R004bc2007.A09,R004bc2007.A09,bc2007,EED fecal,R004,500,Takara PrimeSTAR LongSeq 1x 500 ng,Pstar,8,longplex,FALSE,longplex_PCR,semibin2_3,50.48,10.19,Neural Network (Specific Model),11,0.824,25622,238.4567654,2157392,0.57,2498,93,68511,None,1,0,0,0,0,,,0,0,0,0,notHQ,notHQ,notHQ,notHQ,notHQ,notHQ,notHQ,notHQ,notHQ,notHQ,notHQ,notHQ,notHQ,notHQ,notHQ,notHQ,notHQ,longplex_1x
R004bc2007.A10,R004bc2007.A10,bc2007,EED fecal,R004,500,Kura Decodifi 1x 500 ng,decodifi,8,longplex,FALSE,longplex_PCR,semibin2_3,45.63,2.1,Neural Network (Specific Model),11,0.775,28191,270.6929057,1072594,0.52,1029,47,48339,None,0,1,0,1,0,,,0,0,0,0,notHQ,notHQ,notHQ,notHQ,notHQ,notHQ,notHQ,notHQ,notHQ,notHQ,notHQ,notHQ,notHQ,notHQ,notHQ,notHQ,notHQ,longplex_1x
R004bc2007.B09,R004bc2007.B09,bc2007,EED fecal,R004,150,Takara PrimeSTAR LongSeq 1x 150 ng,Pstar,8,longplex,FALSE,longplex_PCR,semibin2_3,53.78,1.14,Neural Network (Specific Model),11,0.75,26472,256.9125413,1240976,0.52,1212,55,76762,None,1,1,0,1,0,,,1,0,0,0,notHQ,notHQ,notHQ,notHQ,notHQ,notHQ,notHQ,notHQ,notHQ,notHQ,notHQ,notHQ,notHQ,notHQ,notHQ,notHQ,notHQ,longplex_1x
R004bc2007.E09,R004bc2007.E09,bc2007,EED fecal,R004,500,NEB Q5 XT 1x 500 ng,Q5XT,8,longplex,FALSE,longplex_PCR,semibin2_3,53.73,1.65,Neural Network (Specific Model),11,0.778,25617,263.0471616,1155785,0.52,1145,49,47251,None,1,1,0,1,0,,,1,0,0,0,notHQ,notHQ,notHQ,notHQ,notHQ,notHQ,notHQ,notHQ,notHQ,notHQ,notHQ,notHQ,notHQ,notHQ,notHQ,notHQ,notHQ,longplex_1x
R004bc2008.D10,R004bc2008.D10,bc2008,ESK pathogen,R004,150,Kura Decodifi 1x 150 ng,decodifi,8,longplex,FALSE,longplex_PCR,semibin2_3,29.11,0.05,Neural Network (Specific Model),11,0.827,18067,260.1753247,724193,0.33,770,45,36228,None,0,1,0,1,0,,,0,0,0,0,notHQ,notHQ,notHQ,notHQ,notHQ,notHQ,notHQ,notHQ,notHQ,notHQ,notHQ,notHQ,notHQ,notHQ,notHQ,notHQ,notHQ,longplex_1x
R005bc2007.A09,R005bc2007.A09,bc2007,EED fecal,R005,500,Takara PrimeSTAR LongSeq 1x 500 ng (Q),Pstar,8,longplex,TRUE,longplex_PCR,semibin2_3,39.99,0.77,Neural Network (Specific Model),11,0.881,29568,271.4962462,1227947,0.46,1332,54,57427,None,0,1,0,1,0,,,0,0,0,0,notHQ,notHQ,notHQ,notHQ,notHQ,notHQ,notHQ,notHQ,notHQ,notHQ,notHQ,notHQ,notHQ,notHQ,notHQ,notHQ,notHQ,longplex_1x
R005bc2007.B09,R005bc2007.B09,bc2007,EED fecal,R005,150,Takara PrimeSTAR LongSeq 1x 150 ng (Q),Pstar,8,longplex,TRUE,longplex_PCR,semibin2_3,51.7,0.58,Neural Network (Specific Model),11,0.767,20106,256.1084034,1185851,0.52,1190,67,40083,None,1,1,0,1,0,,,1,0,0,0,notHQ,notHQ,notHQ,notHQ,notHQ,notHQ,notHQ,notHQ,notHQ,notHQ,notHQ,notHQ,notHQ,notHQ,notHQ,notHQ,notHQ,longplex_1x
R005bc2007.B10,R005bc2007.B10,bc2007,EED fecal,R005,150,Kura Decodifi 1x 150 ng (Q),decodifi,8,longplex,TRUE,longplex_PCR,semibin2_3,39.59,1.89,Neural Network (Specific Model),11,0.869,26928,336.0350263,1321791,0.5,1142,54,78854,None,0,1,0,1,0,,,0,0,0,0,notHQ,notHQ,notHQ,notHQ,notHQ,notHQ,notHQ,notHQ,notHQ,notHQ,notHQ,notHQ,notHQ,notHQ,notHQ,notHQ,notHQ,longplex_1x
R005bc2007.E09,R005bc2007.E09,bc2007,EED fecal,R005,500,NEB Q5 XT 1x 500 ng (Q),Q5XT,8,longplex,TRUE,longplex_PCR,semibin2_3,43.6,0.4,Neural Network (Specific Model),11,0.766,20711,260.2149955,1122139,0.52,1107,61,49230,None,0,1,0,1,0,,,0,0,0,0,notHQ,notHQ,notHQ,notHQ,notHQ,notHQ,notHQ,notHQ,notHQ,notHQ,notHQ,notHQ,notHQ,notHQ,notHQ,notHQ,notHQ,longplex_1x
R005bc2007.F09,R005bc2007.F09,bc2007,EED fecal,R005,150,NEB Q5 XT 1x 150 ng (Q),Q5XT,8,longplex,TRUE,longplex_PCR,semibin2_3,33.91,3.93,Neural Network (Specific Model),11,0.83,15363,242.3847283,1188004,0.57,1362,85,32548,None,0,1,0,1,0,,,0,0,0,0,notHQ,notHQ,notHQ,notHQ,notHQ,notHQ,notHQ,notHQ,notHQ,notHQ,notHQ,notHQ,notHQ,notHQ,notHQ,notHQ,notHQ,longplex_1x
R005bc2008.C10,R005bc2008.C10,bc2008,ESK pathogen,R005,300,Kura Decodifi 1x 300 ng (Q),decodifi,8,longplex,TRUE,longplex_PCR,semibin2_3,17.19,0.01,Neural Network (Specific Model),11,0.84,17750,273.4741201,470720,0.33,483,28,35708,None,0,1,0,1,0,,,0,0,0,0,notHQ,notHQ,notHQ,notHQ,notHQ,notHQ,notHQ,notHQ,notHQ,notHQ,notHQ,notHQ,notHQ,notHQ,notHQ,notHQ,notHQ,longplex_1x
R005bc2008.D10,R005bc2008.D10,bc2008,ESK pathogen,R005,150,Kura Decodifi 1x 150 ng (Q),decodifi,8,longplex,TRUE,longplex_PCR,semibin2_3,94.63,0.27,Neural Network (Specific Model),11,0.894,200644,325.4406653,5835297,0.67,5351,47,463013,None,1,1,1,1,0,,,1,1,0,0,3,4,3,10,54,2,3,92.693,200644,158266,4,2.20,2.58,4,0,0,d__Bacteria;p__Pseudomonadota;c__Gammaproteobacteria;o__Pseudomonadales;f__Pseudomonadaceae;g__Pseudomonas;s__Pseudomonas aeruginosa,longplex_1x
R005bc2008.G09,R005bc2008.G09,bc2008,ESK pathogen,R005,300,NEB Q5 XT 1x 300 ng (Q),Q5XT,8,longplex,TRUE,longplex_PCR,semibin2_3,30.71,0.05,Neural Network (Specific Model),11,0.834,19317,261.2852423,850856,0.33,908,51,42373,None,0,1,0,1,0,,,0,0,0,0,notHQ,notHQ,notHQ,notHQ,notHQ,notHQ,notHQ,notHQ,notHQ,notHQ,notHQ,notHQ,notHQ,notHQ,notHQ,notHQ,notHQ,longplex_1x
R005bc2008.H09,R005bc2008.H09,bc2008,ESK pathogen,R005,150,NEB Q5 XT 1x 150 ng (Q),Q5XT,8,longplex,TRUE,longplex_PCR,semibin2_3,31.82,0.28,Neural Network (Specific Model),11,0.828,17128,266.112,841333,0.33,875,53,30312,None,0,1,0,1,0,,,0,0,0,0,notHQ,notHQ,notHQ,notHQ,notHQ,notHQ,notHQ,notHQ,notHQ,notHQ,notHQ,notHQ,notHQ,notHQ,notHQ,notHQ,notHQ,longplex_1x
R006bc2010.A02,R006bc2010.A02,bc2010,EED fecal,R006,150,Kura Decodifi 0.5x 150 ng,decodifi,8,longplex,FALSE,longplex_PCR,semibin2_3,6.56,0.11,Neural Network (Specific Model),11,0.837,372727,330.431746,372727,0.44,315,1,372727,None,0,1,0,1,1,,,0,0,0,0,notHQ,notHQ,notHQ,notHQ,notHQ,notHQ,notHQ,notHQ,notHQ,notHQ,notHQ,notHQ,notHQ,notHQ,notHQ,notHQ,notHQ,longplex_0.5x
R006bc2010.A04,R006bc2010.A04,bc2010,EED fecal,R006,150,NEB Q5 XT 0.5x 150 ng,Q5XT,8,longplex,FALSE,longplex_PCR,semibin2_3,31.3,0.37,Neural Network (Specific Model),11,0.879,20366,320.6113208,868158,0.51,795,45,35925,None,0,1,0,1,0,,,0,0,0,0,notHQ,notHQ,notHQ,notHQ,notHQ,notHQ,notHQ,notHQ,notHQ,notHQ,notHQ,notHQ,notHQ,notHQ,notHQ,notHQ,notHQ,longplex_0.5x
R006bc2010.A06,R006bc2010.A06,bc2010,EED fecal,R006,150,Takara PrimeSTAR LongSeq 0.5x 150 ng,Pstar,8,longplex,FALSE,longplex_PCR,semibin2_3,63.43,8.87,Neural Network (Specific Model),11,0.876,1429501,350.0412277,2613772,0.45,2183,5,1429501,None,1,1,0,0,0,,,1,0,0,0,notHQ,notHQ,notHQ,notHQ,notHQ,notHQ,notHQ,notHQ,notHQ,notHQ,notHQ,notHQ,notHQ,notHQ,notHQ,notHQ,notHQ,longplex_0.5x
R006bc2010.B02,R006bc2010.B02,bc2010,EED fecal,R006,75,Kura Decodifi 0.5x 75 ng,decodifi,8,longplex,FALSE,longplex_PCR,semibin2_3,37.34,0.1,Neural Network (Specific Model),11,0.891,21800,271.8438503,852718,0.46,935,45,42421,None,0,1,0,1,0,,,0,0,0,0,notHQ,notHQ,notHQ,notHQ,notHQ,notHQ,notHQ,notHQ,notHQ,notHQ,notHQ,notHQ,notHQ,notHQ,notHQ,notHQ,notHQ,longplex_0.5x
R006bc2010.B04,R006bc2010.B04,bc2010,EED fecal,R006,75,NEB Q5 XT 0.5x 75 ng,Q5XT,8,longplex,FALSE,longplex_PCR,semibin2_3,22.26,0.05,Neural Network (Specific Model),11,0.856,14110,262.7265469,459045,0.57,501,33,27631,None,0,1,0,1,0,,,0,0,0,0,notHQ,notHQ,notHQ,notHQ,notHQ,notHQ,notHQ,notHQ,notHQ,notHQ,notHQ,notHQ,notHQ,notHQ,notHQ,notHQ,notHQ,longplex_0.5x
R006bc2010.B06,R006bc2010.B06,bc2010,EED fecal,R006,75,Takara PrimeSTAR LongSeq 0.5x 75 ng,Pstar,8,longplex,FALSE,longplex_PCR,semibin2_3,53.55,3.16,Neural Network (Specific Model),11,0.876,44379,341.9507453,1802653,0.5,1543,49,130103,None,1,1,0,1,0,,,1,0,0,0,notHQ,notHQ,notHQ,notHQ,notHQ,notHQ,notHQ,notHQ,notHQ,notHQ,notHQ,notHQ,notHQ,notHQ,notHQ,notHQ,notHQ,longplex_0.5x
R006bc2010.C02,R006bc2010.C02,bc2010,EED fecal,R006,30,Kura Decodifi 0.25x 30 ng,decodifi,8,longplex,FALSE,longplex_PCR,semibin2_3,53.99,2.84,Neural Network (Specific Model),11,0.874,25703,315.9672026,1681085,0.49,1555,78,53303,None,1,1,0,1,0,,,1,0,0,0,notHQ,notHQ,notHQ,notHQ,notHQ,notHQ,notHQ,notHQ,notHQ,notHQ,notHQ,notHQ,notHQ,notHQ,notHQ,notHQ,notHQ,longplex_0.25x
R006bc2010.C06,R006bc2010.C06,bc2010,EED fecal,R006,30,Takara PrimeSTAR LongSeq 0.25x 30 ng,Pstar,8,longplex,FALSE,longplex_PCR,semibin2_3,47.03,2.68,Neural Network (Specific Model),11,0.867,29952,318.4627193,1503748,0.5,1368,62,107237,None,0,1,0,1,0,,,0,0,0,0,notHQ,notHQ,notHQ,notHQ,notHQ,notHQ,notHQ,notHQ,notHQ,notHQ,notHQ,notHQ,notHQ,notHQ,notHQ,notHQ,notHQ,longplex_0.25x
R006bc2010.D04,R006bc2010.D04,bc2010,EED fecal,R006,15,NEB Q5 XT 0.25x 15 ng,Q5XT,8,longplex,FALSE,longplex_PCR,semibin2_3,23.86,0.01,Neural Network (Specific Model),11,0.777,10467,250.887522,548354,0.52,569,54,22460,None,0,1,0,1,0,,,0,0,0,0,notHQ,notHQ,notHQ,notHQ,notHQ,notHQ,notHQ,notHQ,notHQ,notHQ,notHQ,notHQ,notHQ,notHQ,notHQ,notHQ,notHQ,longplex_0.25x
m21120.251219.215844.hifi.reads.bc2002.bam,m21120_251219_215844.hifi_reads.bc2002.bam,bc2002,EED fecal,R002,3000,control (gtube) 3000 ng,NaN,0,gtube,FALSE,PCRfree,semibin2_3,25.23,0,Neural Network (Specific Model),11,0.889,24044,304.8152174,471854,0.36,460,21,63568,None,0,1,0,1,0,,,0,0,0,0,notHQ,notHQ,notHQ,notHQ,notHQ,notHQ,notHQ,notHQ,notHQ,notHQ,notHQ,notHQ,notHQ,notHQ,notHQ,notHQ,notHQ,pcrfree
m21120.251219.215844.hifi.reads.bc2004.bam,m21120_251219_215844.hifi_reads.bc2004.bam,bc2004,EED fecal,R002,3000,control (pipet dil) 3000 ng,NaN,0,pipetmix 300x (10ng/ul),FALSE,PCRfree,semibin2_3,39.31,0.13,Neural Network (Specific Model),11,0.885,702694,331.3330599,1367751,0.46,1219,2,702694,None,0,1,0,1,0,,,0,0,0,0,notHQ,notHQ,notHQ,notHQ,notHQ,notHQ,notHQ,notHQ,notHQ,notHQ,notHQ,notHQ,notHQ,notHQ,notHQ,notHQ,notHQ,pcrfree
m21120.251219.215844.hifi.reads.bc2006.bam,m21120_251219_215844.hifi_reads.bc2006.bam,bc2006,EED fecal,R002,3000,control (pipet conc) 3000 ng,NaN,0,pipetmix 300x (90ng/ul),FALSE,PCRfree,semibin2_3,50.14,3.23,Gradient Boost (General Model),11,0.821,30360,221.6125258,1168173,0.41,1453,45,86101,None,1,1,0,1,0,,,1,0,0,0,notHQ,notHQ,notHQ,notHQ,notHQ,notHQ,notHQ,notHQ,notHQ,notHQ,notHQ,notHQ,notHQ,notHQ,notHQ,notHQ,notHQ,pcrfree
m21120.251222.184224.hifi.reads.bc2004.bam,m21120_251222_184224.hifi_reads.bc2004.bam,bc2004,EED fecal,R003,3000,control (pipet dil) 3000 ng,NaN,0,pipetmix 300x (10ng/ul),FALSE,PCRfree,semibin2_3,30.38,3.03,Neural Network (Specific Model),11,0.881,45584,276.4047244,594848,0.35,635,21,58763,None,0,1,0,1,0,,,0,0,0,0,notHQ,notHQ,notHQ,notHQ,notHQ,notHQ,notHQ,notHQ,notHQ,notHQ,notHQ,notHQ,notHQ,notHQ,notHQ,notHQ,notHQ,pcrfree
m21120.260115.173545.hifi.reads.bc2002.bam,m21120_260115_173545.hifi_reads.bc2002.bam,bc2002,EED fecal,R005,3000,control (gtube) 3000 ng (Q),NaN,0,gtube,TRUE,PCRfree,semibin2_3,35.02,2.23,Neural Network (Specific Model),11,0.867,27148,250.4773109,1024611,0.42,1190,43,52943,None,0,1,0,1,0,,,0,0,0,0,notHQ,notHQ,notHQ,notHQ,notHQ,notHQ,notHQ,notHQ,notHQ,notHQ,notHQ,notHQ,notHQ,notHQ,notHQ,notHQ,notHQ,pcrfree
m21120.260115.173545.hifi.reads.bc2006.bam,m21120_260115_173545.hifi_reads.bc2006.bam,bc2006,EED fecal,R005,3000,control (pipet conc) 3000 ng (Q),NaN,0,pipetmix 300x (90ng/ul),TRUE,PCRfree,semibin2_30,14.98,0.04,Neural Network (Specific Model),11,0.869,17152,239.0108565,680703,0.44,829,57,40855,None,0,1,0,1,0,,,0,0,0,0,notHQ,notHQ,notHQ,notHQ,notHQ,notHQ,notHQ,notHQ,notHQ,notHQ,notHQ,notHQ,notHQ,notHQ,notHQ,notHQ,notHQ,pcrfree
R006bc2010.C04,R006bc2010.C04,bc2010,EED fecal,R006,30,NEB Q5 XT 0.25x 30 ng,Q5XT,8,longplex,FALSE,longplex_PCR,semibin2_31,60.76,23.55,Gradient Boost (General Model),11,0.858,13408,267.3059388,4654571,0.44,5001,392,42824,None,1,0,0,0,0,,,0,0,0,0,notHQ,notHQ,notHQ,notHQ,notHQ,notHQ,notHQ,notHQ,notHQ,notHQ,notHQ,notHQ,notHQ,notHQ,notHQ,notHQ,notHQ,longplex_0.25x
m21120.260115.173545.hifi.reads.bc2006.bam,m21120_260115_173545.hifi_reads.bc2006.bam,bc2006,EED fecal,R005,3000,control (pipet conc) 3000 ng (Q),NaN,0,pipetmix 300x (90ng/ul),TRUE,PCRfree,semibin2_31,7.07,0.13,Neural Network (Specific Model),11,0.797,11154,236.2265193,320401,0.46,362,32,25917,None,0,1,0,1,0,,,0,0,0,0,notHQ,notHQ,notHQ,notHQ,notHQ,notHQ,notHQ,notHQ,notHQ,notHQ,notHQ,notHQ,notHQ,notHQ,notHQ,notHQ,notHQ,pcrfree
R006bc2010.C04,R006bc2010.C04,bc2010,EED fecal,R006,30,NEB Q5 XT 0.25x 30 ng,Q5XT,8,longplex,FALSE,longplex_PCR,semibin2_32,16.16,0.05,Neural Network (Specific Model),11,0.851,10401,250.7044674,767551,0.44,873,82,29178,None,0,1,0,1,0,,,0,0,0,0,notHQ,notHQ,notHQ,notHQ,notHQ,notHQ,notHQ,notHQ,notHQ,notHQ,notHQ,notHQ,notHQ,notHQ,notHQ,notHQ,notHQ,longplex_0.25x
R006bc2010.C06,R006bc2010.C06,bc2010,EED fecal,R006,30,Takara PrimeSTAR LongSeq 0.25x 30 ng,Pstar,8,longplex,FALSE,longplex_PCR,semibin2_32,47.39,9.07,Neural Network (Specific Model),11,0.87,14315,291.5089463,1512350,0.48,1509,119,32283,None,0,1,0,0,0,,,0,0,0,0,notHQ,notHQ,notHQ,notHQ,notHQ,notHQ,notHQ,notHQ,notHQ,notHQ,notHQ,notHQ,notHQ,notHQ,notHQ,notHQ,notHQ,longplex_0.25x
R005bc2007.B10,R005bc2007.B10,bc2007,EED fecal,R005,150,Kura Decodifi 1x 150 ng (Q),decodifi,8,longplex,TRUE,longplex_PCR,semibin2_33,49.03,17.83,Neural Network (Specific Model),11,0.86,15180,284.4188963,3550604,0.44,3588,262,45444,None,0,0,0,0,0,,,0,0,0,0,notHQ,notHQ,notHQ,notHQ,notHQ,notHQ,notHQ,notHQ,notHQ,notHQ,notHQ,notHQ,notHQ,notHQ,notHQ,notHQ,notHQ,longplex_1x
R006bc2010.C02,R006bc2010.C02,bc2010,EED fecal,R006,30,Kura Decodifi 0.25x 30 ng,decodifi,8,longplex,FALSE,longplex_PCR,semibin2_33,38.85,7.02,Neural Network (Specific Model),11,0.831,14997,245.9818535,1362605,0.57,1543,104,26825,None,0,1,0,0,0,,,0,0,0,0,notHQ,notHQ,notHQ,notHQ,notHQ,notHQ,notHQ,notHQ,notHQ,notHQ,notHQ,notHQ,notHQ,notHQ,notHQ,notHQ,notHQ,longplex_0.25x
m21120.251222.184224.hifi.reads.bc2006.bam,m21120_251222_184224.hifi_reads.bc2006.bam,bc2006,EED fecal,R003,3000,control (pipet conc) 3000 ng,NaN,0,pipetmix 300x (90ng/ul),FALSE,PCRfree,semibin2_33,24.13,2.56,Neural Network (Specific Model),11,0.833,35451,239.3857143,838763,0.58,980,30,65536,None,0,1,0,1,0,,,0,0,0,0,notHQ,notHQ,notHQ,notHQ,notHQ,notHQ,notHQ,notHQ,notHQ,notHQ,notHQ,notHQ,notHQ,notHQ,notHQ,notHQ,notHQ,pcrfree
R005bc2007.F09,R005bc2007.F09,bc2007,EED fecal,R005,150,NEB Q5 XT 1x 150 ng (Q),Q5XT,8,longplex,TRUE,longplex_PCR,semibin2_33_sub,31.44,0.31,Neural Network (Specific Model),11,0.87,29615,321.2648592,1059657,0.5,959,40,70557,None,0,1,0,1,0,,,0,0,0,0,notHQ,notHQ,notHQ,notHQ,notHQ,notHQ,notHQ,notHQ,notHQ,notHQ,notHQ,notHQ,notHQ,notHQ,notHQ,notHQ,notHQ,longplex_1x
R005bc2007.A10,R005bc2007.A10,bc2007,EED fecal,R005,500,Kura Decodifi 1x 500 ng (Q),decodifi,8,longplex,TRUE,longplex_PCR,semibin2_34,72,25.83,Gradient Boost (General Model),11,0.838,17460,249.7433102,2695778,0.58,3027,177,51203,None,1,0,0,0,0,,,0,0,0,0,notHQ,notHQ,notHQ,notHQ,notHQ,notHQ,notHQ,notHQ,notHQ,notHQ,notHQ,notHQ,notHQ,notHQ,notHQ,notHQ,notHQ,longplex_1x
R005bc2007.B10,R005bc2007.B10,bc2007,EED fecal,R005,150,Kura Decodifi 1x 150 ng (Q),decodifi,8,longplex,TRUE,longplex_PCR,semibin2_34,57.42,18.85,Neural Network (Specific Model),11,0.867,13171,281.7429577,3583142,0.45,3692,294,74017,None,1,0,0,0,0,,,0,0,0,0,notHQ,notHQ,notHQ,notHQ,notHQ,notHQ,notHQ,notHQ,notHQ,notHQ,notHQ,notHQ,notHQ,notHQ,notHQ,notHQ,notHQ,longplex_1x
R005bc2007.E09,R005bc2007.E09,bc2007,EED fecal,R005,500,NEB Q5 XT 1x 500 ng (Q),Q5XT,8,longplex,TRUE,longplex_PCR,semibin2_34,8.94,2.82,Neural Network (Specific Model),11,0.838,15419,225.8328767,293950,0.4,365,19,28522,None,0,1,0,1,0,,,0,0,0,0,notHQ,notHQ,notHQ,notHQ,notHQ,notHQ,notHQ,notHQ,notHQ,notHQ,notHQ,notHQ,notHQ,notHQ,notHQ,notHQ,notHQ,longplex_1x
m21120.251222.184224.hifi.reads.bc2004.bam,m21120_251222_184224.hifi_reads.bc2004.bam,bc2004,EED fecal,R003,3000,control (pipet dil) 3000 ng,NaN,0,pipetmix 300x (10ng/ul),FALSE,PCRfree,semibin2_34,32.58,3.8,Neural Network (Specific Model),11,0.859,48403,293.6094033,1129460,0.48,1106,28,104707,None,0,1,0,1,0,,,0,0,0,0,notHQ,notHQ,notHQ,notHQ,notHQ,notHQ,notHQ,notHQ,notHQ,notHQ,notHQ,notHQ,notHQ,notHQ,notHQ,notHQ,notHQ,pcrfree
R006bc2010.A06,R006bc2010.A06,bc2010,EED fecal,R006,150,Takara PrimeSTAR LongSeq 0.5x 150 ng,Pstar,8,longplex,FALSE,longplex_PCR,semibin2_34_sub,64.55,26.73,Gradient Boost (General Model),11,0.865,26168,315.6455882,3714647,0.45,3400,150,99726,None,1,0,0,0,0,,,0,0,0,0,notHQ,notHQ,notHQ,notHQ,notHQ,notHQ,notHQ,notHQ,notHQ,notHQ,notHQ,notHQ,notHQ,notHQ,notHQ,notHQ,notHQ,longplex_0.5x
R006bc2010.B04,R006bc2010.B04,bc2010,EED fecal,R006,75,NEB Q5 XT 0.5x 75 ng,Q5XT,8,longplex,FALSE,longplex_PCR,semibin2_34_sub,29.88,1.64,Neural Network (Specific Model),11,0.866,22440,315.0981767,777032,0.5,713,40,46966,None,0,1,0,1,0,,,0,0,0,0,notHQ,notHQ,notHQ,notHQ,notHQ,notHQ,notHQ,notHQ,notHQ,notHQ,notHQ,notHQ,notHQ,notHQ,notHQ,notHQ,notHQ,longplex_0.5x
m21120.251222.184224.hifi.reads.bc2006.bam,m21120_251222_184224.hifi_reads.bc2006.bam,bc2006,EED fecal,R003,3000,control (pipet conc) 3000 ng,NaN,0,pipetmix 300x (90ng/ul),FALSE,PCRfree,semibin2_34_sub,8.34,0.07,Neural Network (Specific Model),11,0.85,27291,217.8424508,348879,0.41,457,14,51381,None,0,1,0,1,0,,,0,0,0,0,notHQ,notHQ,notHQ,notHQ,notHQ,notHQ,notHQ,notHQ,notHQ,notHQ,notHQ,notHQ,notHQ,notHQ,notHQ,notHQ,notHQ,pcrfree
R006bc2010.B04,R006bc2010.B04,bc2010,EED fecal,R006,75,NEB Q5 XT 0.5x 75 ng,Q5XT,8,longplex,FALSE,longplex_PCR,semibin2_35,50.67,11.58,Gradient Boost (General Model),11,0.869,17110,291.3510712,1449434,0.48,1447,96,53184,None,1,0,0,0,0,,,0,0,0,0,notHQ,notHQ,notHQ,notHQ,notHQ,notHQ,notHQ,notHQ,notHQ,notHQ,notHQ,notHQ,notHQ,notHQ,notHQ,notHQ,notHQ,longplex_0.5x
R006bc2010.B04,R006bc2010.B04,bc2010,EED fecal,R006,75,NEB Q5 XT 0.5x 75 ng,Q5XT,8,longplex,FALSE,longplex_PCR,semibin2_36,29.73,7.06,Neural Network (Specific Model),11,0.836,15097,241.4492308,1121241,0.57,1300,80,48811,None,0,1,0,0,0,,,0,0,0,0,notHQ,notHQ,notHQ,notHQ,notHQ,notHQ,notHQ,notHQ,notHQ,notHQ,notHQ,notHQ,notHQ,notHQ,notHQ,notHQ,notHQ,longplex_0.5x
R006bc2010.C06,R006bc2010.C06,bc2010,EED fecal,R006,30,Takara PrimeSTAR LongSeq 0.25x 30 ng,Pstar,8,longplex,FALSE,longplex_PCR,semibin2_36_sub,69.29,32.48,Gradient Boost (General Model),11,0.87,15761,274.5490353,7089824,0.44,7515,522,98948,None,1,0,0,0,0,,,0,0,0,0,notHQ,notHQ,notHQ,notHQ,notHQ,notHQ,notHQ,notHQ,notHQ,notHQ,notHQ,notHQ,notHQ,notHQ,notHQ,notHQ,notHQ,longplex_0.25x
R004bc2007.A10,R004bc2007.A10,bc2007,EED fecal,R004,500,Kura Decodifi 1x 500 ng,decodifi,8,longplex,FALSE,longplex_PCR,semibin2_37,10.47,0.11,Neural Network (Specific Model),11,0.813,18645,306.2615385,293338,0.55,260,16,41481,None,0,1,0,1,0,,,0,0,0,0,notHQ,notHQ,notHQ,notHQ,notHQ,notHQ,notHQ,notHQ,notHQ,notHQ,notHQ,notHQ,notHQ,notHQ,notHQ,notHQ,notHQ,longplex_1x
R005bc2007.A09,R005bc2007.A09,bc2007,EED fecal,R005,500,Takara PrimeSTAR LongSeq 1x 500 ng (Q),Pstar,8,longplex,TRUE,longplex_PCR,semibin2_37,53.55,10.57,Gradient Boost (General Model),11,0.864,19226,280.5803898,1592903,0.47,1642,87,67741,None,1,0,0,0,0,,,0,0,0,0,notHQ,notHQ,notHQ,notHQ,notHQ,notHQ,notHQ,notHQ,notHQ,notHQ,notHQ,notHQ,notHQ,notHQ,notHQ,notHQ,notHQ,longplex_1x
R006bc2010.C06,R006bc2010.C06,bc2010,EED fecal,R006,30,Takara PrimeSTAR LongSeq 0.25x 30 ng,Pstar,8,longplex,FALSE,longplex_PCR,semibin2_37,47.22,8.77,Gradient Boost (General Model),11,0.872,13312,268.2594162,1953032,0.45,2124,174,43661,None,0,1,0,0,0,,,0,0,0,0,notHQ,notHQ,notHQ,notHQ,notHQ,notHQ,notHQ,notHQ,notHQ,notHQ,notHQ,notHQ,notHQ,notHQ,notHQ,notHQ,notHQ,longplex_0.25x
R006bc2010.B06,R006bc2010.B06,bc2010,EED fecal,R006,75,Takara PrimeSTAR LongSeq 0.5x 75 ng,Pstar,8,longplex,FALSE,longplex_PCR,semibin2_37_sub,60.4,39.4,Neural Network (Specific Model),11,0.881,26338,334.4061734,4634180,0.45,4082,178,88368,None,1,0,0,0,0,,,0,0,0,0,notHQ,notHQ,notHQ,notHQ,notHQ,notHQ,notHQ,notHQ,notHQ,notHQ,notHQ,notHQ,notHQ,notHQ,notHQ,notHQ,notHQ,longplex_0.5x
R006bc2010.A02,R006bc2010.A02,bc2010,EED fecal,R006,150,Kura Decodifi 0.5x 150 ng,decodifi,8,longplex,FALSE,longplex_PCR,semibin2_38,74.52,40.37,Gradient Boost (General Model),11,0.866,24205,300.7087322,7156161,0.45,6894,334,89504,None,1,0,0,0,0,,,0,0,0,0,notHQ,notHQ,notHQ,notHQ,notHQ,notHQ,notHQ,notHQ,notHQ,notHQ,notHQ,notHQ,notHQ,notHQ,notHQ,notHQ,notHQ,longplex_0.5x
R006bc2010.A06,R006bc2010.A06,bc2010,EED fecal,R006,150,Takara PrimeSTAR LongSeq 0.5x 150 ng,Pstar,8,longplex,FALSE,longplex_PCR,semibin2_38,27.18,7.91,Neural Network (Specific Model),11,0.858,14136,250.7361963,1565107,0.45,1793,142,45481,None,0,1,0,0,0,,,0,0,0,0,notHQ,notHQ,notHQ,notHQ,notHQ,notHQ,notHQ,notHQ,notHQ,notHQ,notHQ,notHQ,notHQ,notHQ,notHQ,notHQ,notHQ,longplex_0.5x
R006bc2010.C02,R006bc2010.C02,bc2010,EED fecal,R006,30,Kura Decodifi 0.25x 30 ng,decodifi,8,longplex,FALSE,longplex_PCR,semibin2_38_sub,76.21,39.13,Neural Network (Specific Model),11,0.863,21144,295.5513287,5624831,0.45,5494,306,81658,None,1,0,0,0,0,,,0,0,0,0,notHQ,notHQ,notHQ,notHQ,notHQ,notHQ,notHQ,notHQ,notHQ,notHQ,notHQ,notHQ,notHQ,notHQ,notHQ,notHQ,notHQ,longplex_0.25x
R005bc2007.A10,R005bc2007.A10,bc2007,EED fecal,R005,500,Kura Decodifi 1x 500 ng (Q),decodifi,8,longplex,TRUE,longplex_PCR,semibin2_39,46.51,13.06,Neural Network (Specific Model),11,0.867,16643,270.0969936,2602207,0.45,2794,173,49454,None,0,0,0,0,0,,,0,0,0,0,notHQ,notHQ,notHQ,notHQ,notHQ,notHQ,notHQ,notHQ,notHQ,notHQ,notHQ,notHQ,notHQ,notHQ,notHQ,notHQ,notHQ,longplex_1x
R005bc2007.F09,R005bc2007.F09,bc2007,EED fecal,R005,150,NEB Q5 XT 1x 150 ng (Q),Q5XT,8,longplex,TRUE,longplex_PCR,semibin2_39,32.1,3.11,Neural Network (Specific Model),11,0.857,13541,260.7197062,1484176,0.45,1634,129,71875,None,0,1,0,1,0,,,0,0,0,0,notHQ,notHQ,notHQ,notHQ,notHQ,notHQ,notHQ,notHQ,notHQ,notHQ,notHQ,notHQ,notHQ,notHQ,notHQ,notHQ,notHQ,longplex_1x
R006bc2010.B04,R006bc2010.B04,bc2010,EED fecal,R006,75,NEB Q5 XT 0.5x 75 ng,Q5XT,8,longplex,FALSE,longplex_PCR,semibin2_39,87.43,44.17,Gradient Boost (General Model),11,0.869,22644,293.6020995,8087387,0.44,8002,399,99320,None,1,0,0,0,0,,,0,0,0,0,notHQ,notHQ,notHQ,notHQ,notHQ,notHQ,notHQ,notHQ,notHQ,notHQ,notHQ,notHQ,notHQ,notHQ,notHQ,notHQ,notHQ,longplex_0.5x
R004bc2007.A09,R004bc2007.A09,bc2007,EED fecal,R004,500,Takara PrimeSTAR LongSeq 1x 500 ng,Pstar,8,longplex,FALSE,longplex_PCR,semibin2_4,48.91,9.54,Neural Network (Specific Model),11,0.858,25533,251.0633831,2161893,0.45,2477,91,76917,None,0,1,0,0,0,,,0,0,0,0,notHQ,notHQ,notHQ,notHQ,notHQ,notHQ,notHQ,notHQ,notHQ,notHQ,notHQ,notHQ,notHQ,notHQ,notHQ,notHQ,notHQ,longplex_1x
R004bc2007.A10,R004bc2007.A10,bc2007,EED fecal,R004,500,Kura Decodifi 1x 500 ng,decodifi,8,longplex,FALSE,longplex_PCR,semibin2_4,40.32,4.04,Neural Network (Specific Model),11,0.875,19590,316.0021142,1021879,0.58,946,57,51998,None,0,1,0,1,0,,,0,0,0,0,notHQ,notHQ,notHQ,notHQ,notHQ,notHQ,notHQ,notHQ,notHQ,notHQ,notHQ,notHQ,notHQ,notHQ,notHQ,notHQ,notHQ,longplex_1x
R004bc2007.B09,R004bc2007.B09,bc2007,EED fecal,R004,150,Takara PrimeSTAR LongSeq 1x 150 ng,Pstar,8,longplex,FALSE,longplex_PCR,semibin2_4,56.87,3.37,Neural Network (Specific Model),11,0.873,55651,328.3915431,2050525,0.49,1821,47,260509,None,1,1,0,1,0,,,1,0,0,0,notHQ,notHQ,notHQ,notHQ,notHQ,notHQ,notHQ,notHQ,notHQ,notHQ,notHQ,notHQ,notHQ,notHQ,notHQ,notHQ,notHQ,longplex_1x
R004bc2007.B10,R004bc2007.B10,bc2007,EED fecal,R004,150,Kura Decodifi 1x 150 ng,decodifi,8,longplex,FALSE,longplex_PCR,semibin2_4,5.47,0,Neural Network (Specific Model),11,0.861,256279,322.8114035,256279,0.45,228,1,256279,None,0,1,0,1,1,,,0,0,0,0,notHQ,notHQ,notHQ,notHQ,notHQ,notHQ,notHQ,notHQ,notHQ,notHQ,notHQ,notHQ,notHQ,notHQ,notHQ,notHQ,notHQ,longplex_1x
R004bc2007.F09,R004bc2007.F09,bc2007,EED fecal,R004,150,NEB Q5 XT 1x 150 ng,Q5XT,8,longplex,FALSE,longplex_PCR,semibin2_4,5.49,0,Neural Network (Specific Model),11,0.857,234122,334.82,234122,0.45,200,1,234122,None,0,1,0,1,1,,,0,0,0,0,notHQ,notHQ,notHQ,notHQ,notHQ,notHQ,notHQ,notHQ,notHQ,notHQ,notHQ,notHQ,notHQ,notHQ,notHQ,notHQ,notHQ,longplex_1x
R005bc2007.A09,R005bc2007.A09,bc2007,EED fecal,R005,500,Takara PrimeSTAR LongSeq 1x 500 ng (Q),Pstar,8,longplex,TRUE,longplex_PCR,semibin2_4,51.26,2.77,Neural Network (Specific Model),11,0.872,65404,330.1600804,1692622,0.5,1493,32,197341,None,1,1,0,1,0,,,1,0,0,0,notHQ,notHQ,notHQ,notHQ,notHQ,notHQ,notHQ,notHQ,notHQ,notHQ,notHQ,notHQ,notHQ,notHQ,notHQ,notHQ,notHQ,longplex_1x
R005bc2007.A10,R005bc2007.A10,bc2007,EED fecal,R005,500,Kura Decodifi 1x 500 ng (Q),decodifi,8,longplex,TRUE,longplex_PCR,semibin2_4,43.26,0.57,Neural Network (Specific Model),11,0.883,26297,325.3145091,1267956,0.51,1151,56,71499,None,0,1,0,1,0,,,0,0,0,0,notHQ,notHQ,notHQ,notHQ,notHQ,notHQ,notHQ,notHQ,notHQ,notHQ,notHQ,notHQ,notHQ,notHQ,notHQ,notHQ,notHQ,longplex_1x
R005bc2007.B10,R005bc2007.B10,bc2007,EED fecal,R005,150,Kura Decodifi 1x 150 ng (Q),decodifi,8,longplex,TRUE,longplex_PCR,semibin2_4,26.01,4.74,Neural Network (Specific Model),11,0.865,12873,291.7041322,609514,0.57,605,52,24452,None,0,1,0,1,0,,,0,0,0,0,notHQ,notHQ,notHQ,notHQ,notHQ,notHQ,notHQ,notHQ,notHQ,notHQ,notHQ,notHQ,notHQ,notHQ,notHQ,notHQ,notHQ,longplex_1x
R005bc2007.F09,R005bc2007.F09,bc2007,EED fecal,R005,150,NEB Q5 XT 1x 150 ng (Q),Q5XT,8,longplex,TRUE,longplex_PCR,semibin2_4,11.56,0.1,Neural Network (Specific Model),11,0.866,96297,362.125641,488512,0.46,390,4,241496,None,0,1,0,1,0,,,0,0,0,0,notHQ,notHQ,notHQ,notHQ,notHQ,notHQ,notHQ,notHQ,notHQ,notHQ,notHQ,notHQ,notHQ,notHQ,notHQ,notHQ,notHQ,longplex_1x
R006bc2010.A02,R006bc2010.A02,bc2010,EED fecal,R006,150,Kura Decodifi 0.5x 150 ng,decodifi,8,longplex,FALSE,longplex_PCR,semibin2_4,51.17,1.34,Neural Network (Specific Model),11,0.871,46714,332.0866251,1646551,0.5,1443,51,113865,None,1,1,0,1,0,,,1,0,0,0,notHQ,notHQ,notHQ,notHQ,notHQ,notHQ,notHQ,notHQ,notHQ,notHQ,notHQ,notHQ,notHQ,notHQ,notHQ,notHQ,notHQ,longplex_0.5x
R006bc2010.A06,R006bc2010.A06,bc2010,EED fecal,R006,150,Takara PrimeSTAR LongSeq 0.5x 150 ng,Pstar,8,longplex,FALSE,longplex_PCR,semibin2_4,35.93,5.91,Neural Network (Specific Model),11,0.832,19548,247.5588235,1268565,0.58,1428,80,44900,None,0,1,0,0,0,,,0,0,0,0,notHQ,notHQ,notHQ,notHQ,notHQ,notHQ,notHQ,notHQ,notHQ,notHQ,notHQ,notHQ,notHQ,notHQ,notHQ,notHQ,notHQ,longplex_0.5x
R006bc2010.B02,R006bc2010.B02,bc2010,EED fecal,R006,75,Kura Decodifi 0.5x 75 ng,decodifi,8,longplex,FALSE,longplex_PCR,semibin2_4,52.44,4.08,Neural Network (Specific Model),11,0.866,33776,326.8610315,1575846,0.5,1396,54,88514,None,1,1,0,1,0,,,1,0,0,0,notHQ,notHQ,notHQ,notHQ,notHQ,notHQ,notHQ,notHQ,notHQ,notHQ,notHQ,notHQ,notHQ,notHQ,notHQ,notHQ,notHQ,longplex_0.5x
R006bc2010.B04,R006bc2010.B04,bc2010,EED fecal,R006,75,NEB Q5 XT 0.5x 75 ng,Q5XT,8,longplex,FALSE,longplex_PCR,semibin2_4,28.91,0.17,Neural Network (Specific Model),11,0.879,22295,268.1469741,949201,0.46,1041,49,42415,None,0,1,0,1,0,,,0,0,0,0,notHQ,notHQ,notHQ,notHQ,notHQ,notHQ,notHQ,notHQ,notHQ,notHQ,notHQ,notHQ,notHQ,notHQ,notHQ,notHQ,notHQ,longplex_0.5x
R006bc2010.B06,R006bc2010.B06,bc2010,EED fecal,R006,75,Takara PrimeSTAR LongSeq 0.5x 75 ng,Pstar,8,longplex,FALSE,longplex_PCR,semibin2_4,44.24,1.74,Neural Network (Specific Model),11,0.882,24412,320.11121,1220550,0.52,1124,56,77076,None,0,1,0,1,0,,,0,0,0,0,notHQ,notHQ,notHQ,notHQ,notHQ,notHQ,notHQ,notHQ,notHQ,notHQ,notHQ,notHQ,notHQ,notHQ,notHQ,notHQ,notHQ,longplex_0.5x
R006bc2010.C02,R006bc2010.C02,bc2010,EED fecal,R006,30,Kura Decodifi 0.25x 30 ng,decodifi,8,longplex,FALSE,longplex_PCR,semibin2_4,32.57,0.14,Neural Network (Specific Model),11,0.869,79590,345.101197,1092638,0.47,919,17,218455,None,0,1,0,1,0,,,0,0,0,0,notHQ,notHQ,notHQ,notHQ,notHQ,notHQ,notHQ,notHQ,notHQ,notHQ,notHQ,notHQ,notHQ,notHQ,notHQ,notHQ,notHQ,longplex_0.25x
R006bc2010.C04,R006bc2010.C04,bc2010,EED fecal,R006,30,NEB Q5 XT 0.25x 30 ng,Q5XT,8,longplex,FALSE,longplex_PCR,semibin2_4,8.23,0,Neural Network (Specific Model),11,0.858,307975,331.5827068,307975,0.46,266,1,307975,None,0,1,0,1,1,,,0,0,0,0,notHQ,notHQ,notHQ,notHQ,notHQ,notHQ,notHQ,notHQ,notHQ,notHQ,notHQ,notHQ,notHQ,notHQ,notHQ,notHQ,notHQ,longplex_0.25x
R006bc2010.C06,R006bc2010.C06,bc2010,EED fecal,R006,30,Takara PrimeSTAR LongSeq 0.25x 30 ng,Pstar,8,longplex,FALSE,longplex_PCR,semibin2_4,16.35,0.01,Neural Network (Specific Model),11,0.88,14591,237.4910537,404752,0.42,503,32,23055,None,0,1,0,1,0,,,0,0,0,0,notHQ,notHQ,notHQ,notHQ,notHQ,notHQ,notHQ,notHQ,notHQ,notHQ,notHQ,notHQ,notHQ,notHQ,notHQ,notHQ,notHQ,longplex_0.25x
R006bc2010.D02,R006bc2010.D02,bc2010,EED fecal,R006,15,Kura Decodifi 0.25x 15 ng,decodifi,8,longplex,FALSE,longplex_PCR,semibin2_4,46.4,1.5,Neural Network (Specific Model),11,0.881,17275,322.7231504,1377195,0.51,1257,87,52915,None,0,1,0,1,0,,,0,0,0,0,notHQ,notHQ,notHQ,notHQ,notHQ,notHQ,notHQ,notHQ,notHQ,notHQ,notHQ,notHQ,notHQ,notHQ,notHQ,notHQ,notHQ,longplex_0.25x
R006bc2010.D04,R006bc2010.D04,bc2010,EED fecal,R006,15,NEB Q5 XT 0.25x 15 ng,Q5XT,8,longplex,FALSE,longplex_PCR,semibin2_4,34.74,6.43,Neural Network (Specific Model),11,0.854,9334,239.6957606,1342036,0.52,1604,151,21450,None,0,1,0,0,0,,,0,0,0,0,notHQ,notHQ,notHQ,notHQ,notHQ,notHQ,notHQ,notHQ,notHQ,notHQ,notHQ,notHQ,notHQ,notHQ,notHQ,notHQ,notHQ,longplex_0.25x
m21120.251219.215844.hifi.reads.bc2002.bam,m21120_251219_215844.hifi_reads.bc2002.bam,bc2002,EED fecal,R002,3000,control (gtube) 3000 ng,NaN,0,gtube,FALSE,PCRfree,semibin2_4,11.9,2.29,Neural Network (Specific Model),11,0.869,509304,366.5384615,509304,0.45,403,1,509304,None,0,1,0,1,1,,,0,0,0,0,notHQ,notHQ,notHQ,notHQ,notHQ,notHQ,notHQ,notHQ,notHQ,notHQ,notHQ,notHQ,notHQ,notHQ,notHQ,notHQ,notHQ,pcrfree
m21120.251219.215844.hifi.reads.bc2004.bam,m21120_251219_215844.hifi_reads.bc2004.bam,bc2004,EED fecal,R002,3000,control (pipet dil) 3000 ng,NaN,0,pipetmix 300x (10ng/ul),FALSE,PCRfree,semibin2_4,55.28,5.2,Neural Network (Specific Model),11,0.869,297663,330.1657817,1929875,0.46,1695,6,948341,None,1,1,0,0,0,,,1,0,0,0,notHQ,notHQ,notHQ,notHQ,notHQ,notHQ,notHQ,notHQ,notHQ,notHQ,notHQ,notHQ,notHQ,notHQ,notHQ,notHQ,notHQ,pcrfree
m21120.251219.215844.hifi.reads.bc2006.bam,m21120_251219_215844.hifi_reads.bc2006.bam,bc2006,EED fecal,R002,3000,control (pipet conc) 3000 ng,NaN,0,pipetmix 300x (90ng/ul),FALSE,PCRfree,semibin2_4,42.91,4.18,Neural Network (Specific Model),11,0.856,54489,331.9309286,1510937,0.5,1303,32,250763,None,0,1,0,1,0,,,0,0,0,0,notHQ,notHQ,notHQ,notHQ,notHQ,notHQ,notHQ,notHQ,notHQ,notHQ,notHQ,notHQ,notHQ,notHQ,notHQ,notHQ,notHQ,pcrfree
m21120.251222.184224.hifi.reads.bc2002.bam,m21120_251222_184224.hifi_reads.bc2002.bam,bc2002,EED fecal,R003,3000,control (gtube) 3000 ng,NaN,0,gtube,FALSE,PCRfree,semibin2_4,41.89,2.12,Neural Network (Specific Model),11,0.769,37749,259.6715462,1102884,0.52,1093,31,92914,None,0,1,0,1,0,,,0,0,0,0,notHQ,notHQ,notHQ,notHQ,notHQ,notHQ,notHQ,notHQ,notHQ,notHQ,notHQ,notHQ,notHQ,notHQ,notHQ,notHQ,notHQ,pcrfree
m21120.251222.184224.hifi.reads.bc2004.bam,m21120_251222_184224.hifi_reads.bc2004.bam,bc2004,EED fecal,R003,3000,control (pipet dil) 3000 ng,NaN,0,pipetmix 300x (10ng/ul),FALSE,PCRfree,semibin2_4,35.68,7.21,Neural Network (Specific Model),11,0.847,37968,219.3955056,1030520,0.33,1335,28,77954,None,0,1,0,0,0,,,0,0,0,0,notHQ,notHQ,notHQ,notHQ,notHQ,notHQ,notHQ,notHQ,notHQ,notHQ,notHQ,notHQ,notHQ,notHQ,notHQ,notHQ,notHQ,pcrfree
m21120.251222.184224.hifi.reads.bc2006.bam,m21120_251222_184224.hifi_reads.bc2006.bam,bc2006,EED fecal,R003,3000,control (pipet conc) 3000 ng,NaN,0,pipetmix 300x (90ng/ul),FALSE,PCRfree,semibin2_4,41.71,1.45,Neural Network (Specific Model),11,0.876,42615,257.1051176,1266649,0.42,1446,38,72210,None,0,1,0,1,0,,,0,0,0,0,notHQ,notHQ,notHQ,notHQ,notHQ,notHQ,notHQ,notHQ,notHQ,notHQ,notHQ,notHQ,notHQ,notHQ,notHQ,notHQ,notHQ,pcrfree
m21120.260115.173545.hifi.reads.bc2006.bam,m21120_260115_173545.hifi_reads.bc2006.bam,bc2006,EED fecal,R005,3000,control (pipet conc) 3000 ng (Q),NaN,0,pipetmix 300x (90ng/ul),TRUE,PCRfree,semibin2_4,30.61,0.72,Neural Network (Specific Model),11,0.81,26328,260.6804348,882520,0.49,920,37,57298,None,0,1,0,1,0,,,0,0,0,0,notHQ,notHQ,notHQ,notHQ,notHQ,notHQ,notHQ,notHQ,notHQ,notHQ,notHQ,notHQ,notHQ,notHQ,notHQ,notHQ,notHQ,pcrfree
R005bc2007.F09,R005bc2007.F09,bc2007,EED fecal,R005,150,NEB Q5 XT 1x 150 ng (Q),Q5XT,8,longplex,TRUE,longplex_PCR,semibin2_40,19.32,0.26,Neural Network (Specific Model),11,0.86,12997,256.4898941,925151,0.44,1039,86,32118,None,0,1,0,1,0,,,0,0,0,0,notHQ,notHQ,notHQ,notHQ,notHQ,notHQ,notHQ,notHQ,notHQ,notHQ,notHQ,notHQ,notHQ,notHQ,notHQ,notHQ,notHQ,longplex_1x
R006bc2010.C02,R006bc2010.C02,bc2010,EED fecal,R006,30,Kura Decodifi 0.25x 30 ng,decodifi,8,longplex,FALSE,longplex_PCR,semibin2_40,44.15,14.76,Neural Network (Specific Model),11,0.863,15821,275.2892082,3118967,0.45,3271,224,66343,None,0,0,0,0,0,,,0,0,0,0,notHQ,notHQ,notHQ,notHQ,notHQ,notHQ,notHQ,notHQ,notHQ,notHQ,notHQ,notHQ,notHQ,notHQ,notHQ,notHQ,notHQ,longplex_0.25x
R004bc2007.B09,R004bc2007.B09,bc2007,EED fecal,R004,150,Takara PrimeSTAR LongSeq 1x 150 ng,Pstar,8,longplex,FALSE,longplex_PCR,semibin2_40_sub,87.2,55.9,Gradient Boost (General Model),11,0.866,29620,316.4006415,7835099,0.45,7171,287,92470,None,1,0,0,0,0,,,0,0,0,0,notHQ,notHQ,notHQ,notHQ,notHQ,notHQ,notHQ,notHQ,notHQ,notHQ,notHQ,notHQ,notHQ,notHQ,notHQ,notHQ,notHQ,longplex_1x
R004bc2007.E09,R004bc2007.E09,bc2007,EED fecal,R004,500,NEB Q5 XT 1x 500 ng,Q5XT,8,longplex,FALSE,longplex_PCR,semibin2_40_sub,75,28.32,Gradient Boost (General Model),11,0.861,25521,294.5114877,6278386,0.45,6137,273,159669,None,1,0,0,0,0,,,0,0,0,0,notHQ,notHQ,notHQ,notHQ,notHQ,notHQ,notHQ,notHQ,notHQ,notHQ,notHQ,notHQ,notHQ,notHQ,notHQ,notHQ,notHQ,longplex_1x
R006bc2010.B06,R006bc2010.B06,bc2010,EED fecal,R006,75,Takara PrimeSTAR LongSeq 0.5x 75 ng,Pstar,8,longplex,FALSE,longplex_PCR,semibin2_40_sub,44.58,13.63,Gradient Boost (General Model),11,0.852,17008,274.7510342,2561210,0.45,2659,179,65097,None,0,0,0,0,0,,,0,0,0,0,notHQ,notHQ,notHQ,notHQ,notHQ,notHQ,notHQ,notHQ,notHQ,notHQ,notHQ,notHQ,notHQ,notHQ,notHQ,notHQ,notHQ,longplex_0.5x
R005bc2007.A09,R005bc2007.A09,bc2007,EED fecal,R005,500,Takara PrimeSTAR LongSeq 1x 500 ng (Q),Pstar,8,longplex,TRUE,longplex_PCR,semibin2_41,94.6,61.31,Gradient Boost (General Model),11,0.865,32287,307.9970235,11090394,0.45,10415,380,161115,None,1,0,1,0,0,,,0,0,0,0,notHQ,notHQ,notHQ,notHQ,notHQ,notHQ,notHQ,notHQ,notHQ,notHQ,notHQ,notHQ,notHQ,notHQ,notHQ,notHQ,notHQ,longplex_1x
R006bc2010.A02,R006bc2010.A02,bc2010,EED fecal,R006,150,Kura Decodifi 0.5x 150 ng,decodifi,8,longplex,FALSE,longplex_PCR,semibin2_41,45.96,5.17,Gradient Boost (General Model),11,0.857,15707,262.8221495,1678278,0.46,1833,129,36316,None,0,1,0,0,0,,,0,0,0,0,notHQ,notHQ,notHQ,notHQ,notHQ,notHQ,notHQ,notHQ,notHQ,notHQ,notHQ,notHQ,notHQ,notHQ,notHQ,notHQ,notHQ,longplex_0.5x
R006bc2010.B06,R006bc2010.B06,bc2010,EED fecal,R006,75,Takara PrimeSTAR LongSeq 0.5x 75 ng,Pstar,8,longplex,FALSE,longplex_PCR,semibin2_41,47.88,10.63,Neural Network (Specific Model),11,0.859,16577,284.1932324,2218926,0.46,2246,169,46102,None,0,0,0,0,0,,,0,0,0,0,notHQ,notHQ,notHQ,notHQ,notHQ,notHQ,notHQ,notHQ,notHQ,notHQ,notHQ,notHQ,notHQ,notHQ,notHQ,notHQ,notHQ,longplex_0.5x
R004bc2007.B09,R004bc2007.B09,bc2007,EED fecal,R004,150,Takara PrimeSTAR LongSeq 1x 150 ng,Pstar,8,longplex,FALSE,longplex_PCR,semibin2_41_sub,66.06,39.98,Gradient Boost (General Model),11,0.862,23875,287.0867866,7638863,0.44,7674,352,167479,None,1,0,0,0,0,,,0,0,0,0,notHQ,notHQ,notHQ,notHQ,notHQ,notHQ,notHQ,notHQ,notHQ,notHQ,notHQ,notHQ,notHQ,notHQ,notHQ,notHQ,notHQ,longplex_1x
R006bc2010.C02,R006bc2010.C02,bc2010,EED fecal,R006,30,Kura Decodifi 0.25x 30 ng,decodifi,8,longplex,FALSE,longplex_PCR,semibin2_41_sub,47.75,8.95,Gradient Boost (General Model),11,0.864,13195,267.9797183,1644656,0.45,1775,149,31348,None,0,1,0,0,0,,,0,0,0,0,notHQ,notHQ,notHQ,notHQ,notHQ,notHQ,notHQ,notHQ,notHQ,notHQ,notHQ,notHQ,notHQ,notHQ,notHQ,notHQ,notHQ,longplex_0.25x
R006bc2010.A02,R006bc2010.A02,bc2010,EED fecal,R006,150,Kura Decodifi 0.5x 150 ng,decodifi,8,longplex,FALSE,longplex_PCR,semibin2_42,51.51,9.5,Gradient Boost (General Model),11,0.867,16195,262.681534,2168600,0.46,2399,166,50744,None,1,1,0,0,0,,,1,0,0,0,notHQ,notHQ,notHQ,notHQ,notHQ,notHQ,notHQ,notHQ,notHQ,notHQ,notHQ,notHQ,notHQ,notHQ,notHQ,notHQ,notHQ,longplex_0.5x
R006bc2010.B04,R006bc2010.B04,bc2010,EED fecal,R006,75,NEB Q5 XT 0.5x 75 ng,Q5XT,8,longplex,FALSE,longplex_PCR,semibin2_42,32.44,7.46,Neural Network (Specific Model),11,0.835,13322,251.4610559,1720238,0.44,1913,148,35440,None,0,1,0,0,0,,,0,0,0,0,notHQ,notHQ,notHQ,notHQ,notHQ,notHQ,notHQ,notHQ,notHQ,notHQ,notHQ,notHQ,notHQ,notHQ,notHQ,notHQ,notHQ,longplex_0.5x
R006bc2010.B06,R006bc2010.B06,bc2010,EED fecal,R006,75,Takara PrimeSTAR LongSeq 0.5x 75 ng,Pstar,8,longplex,FALSE,longplex_PCR,semibin2_42,28.85,3.3,Neural Network (Specific Model),11,0.852,14157,245.7620881,2013406,0.46,2337,180,70532,None,0,1,0,1,0,,,0,0,0,0,notHQ,notHQ,notHQ,notHQ,notHQ,notHQ,notHQ,notHQ,notHQ,notHQ,notHQ,notHQ,notHQ,notHQ,notHQ,notHQ,notHQ,longplex_0.5x
R006bc2010.C02,R006bc2010.C02,bc2010,EED fecal,R006,30,Kura Decodifi 0.25x 30 ng,decodifi,8,longplex,FALSE,longplex_PCR,semibin2_42,28.63,4.84,Neural Network (Specific Model),11,0.868,13335,253.6122449,1453690,0.45,1666,130,42401,None,0,1,0,1,0,,,0,0,0,0,notHQ,notHQ,notHQ,notHQ,notHQ,notHQ,notHQ,notHQ,notHQ,notHQ,notHQ,notHQ,notHQ,notHQ,notHQ,notHQ,notHQ,longplex_0.25x
R005bc2007.B09,R005bc2007.B09,bc2007,EED fecal,R005,150,Takara PrimeSTAR LongSeq 1x 150 ng (Q),Pstar,8,longplex,TRUE,longplex_PCR,semibin2_42_sub,70.35,37.22,Gradient Boost (General Model),11,0.867,19368,296.983971,5942982,0.45,5802,330,74348,None,1,0,0,0,0,,,0,0,0,0,notHQ,notHQ,notHQ,notHQ,notHQ,notHQ,notHQ,notHQ,notHQ,notHQ,notHQ,notHQ,notHQ,notHQ,notHQ,notHQ,notHQ,longplex_1x
R004bc2007.E09,R004bc2007.E09,bc2007,EED fecal,R004,500,NEB Q5 XT 1x 500 ng,Q5XT,8,longplex,FALSE,longplex_PCR,semibin2_43,37.87,7,Neural Network (Specific Model),11,0.859,15434,279.8697211,2444134,0.44,2510,182,100395,None,0,1,0,0,0,,,0,0,0,0,notHQ,notHQ,notHQ,notHQ,notHQ,notHQ,notHQ,notHQ,notHQ,notHQ,notHQ,notHQ,notHQ,notHQ,notHQ,notHQ,notHQ,longplex_1x
R005bc2007.A09,R005bc2007.A09,bc2007,EED fecal,R005,500,Takara PrimeSTAR LongSeq 1x 500 ng (Q),Pstar,8,longplex,TRUE,longplex_PCR,semibin2_43,51.63,10.81,Neural Network (Specific Model),11,0.864,17802,280.108976,3685418,0.44,3799,226,59118,None,1,0,0,0,0,,,0,0,0,0,notHQ,notHQ,notHQ,notHQ,notHQ,notHQ,notHQ,notHQ,notHQ,notHQ,notHQ,notHQ,notHQ,notHQ,notHQ,notHQ,notHQ,longplex_1x
R005bc2007.E09,R005bc2007.E09,bc2007,EED fecal,R005,500,NEB Q5 XT 1x 500 ng (Q),Q5XT,8,longplex,TRUE,longplex_PCR,semibin2_43,79.33,26.68,Gradient Boost (General Model),11,0.872,17914,283.9432755,5781544,0.45,5941,358,66570,None,1,0,0,0,0,,,0,0,0,0,notHQ,notHQ,notHQ,notHQ,notHQ,notHQ,notHQ,notHQ,notHQ,notHQ,notHQ,notHQ,notHQ,notHQ,notHQ,notHQ,notHQ,longplex_1x
R004bc2007.B09,R004bc2007.B09,bc2007,EED fecal,R004,150,Takara PrimeSTAR LongSeq 1x 150 ng,Pstar,8,longplex,FALSE,longplex_PCR,semibin2_43_sub,74.87,20.95,Gradient Boost (General Model),11,0.865,18283,287.8017157,4058215,0.45,4080,250,60160,None,1,0,0,0,0,,,0,0,0,0,notHQ,notHQ,notHQ,notHQ,notHQ,notHQ,notHQ,notHQ,notHQ,notHQ,notHQ,notHQ,notHQ,notHQ,notHQ,notHQ,notHQ,longplex_1x
R004bc2007.B10,R004bc2007.B10,bc2007,EED fecal,R004,150,Kura Decodifi 1x 150 ng,decodifi,8,longplex,FALSE,longplex_PCR,semibin2_43_sub,55.84,26.3,Neural Network (Specific Model),11,0.868,14471,277.7450404,3906333,0.45,4083,298,66574,None,1,0,0,0,0,,,0,0,0,0,notHQ,notHQ,notHQ,notHQ,notHQ,notHQ,notHQ,notHQ,notHQ,notHQ,notHQ,notHQ,notHQ,notHQ,notHQ,notHQ,notHQ,longplex_1x
R004bc2007.A09,R004bc2007.A09,bc2007,EED fecal,R004,500,Takara PrimeSTAR LongSeq 1x 500 ng,Pstar,8,longplex,FALSE,longplex_PCR,semibin2_44,59.93,18.56,Neural Network (Specific Model),11,0.879,31003,302.9182879,2383751,0.46,2313,91,65087,None,1,0,0,0,0,,,0,0,0,0,notHQ,notHQ,notHQ,notHQ,notHQ,notHQ,notHQ,notHQ,notHQ,notHQ,notHQ,notHQ,notHQ,notHQ,notHQ,notHQ,notHQ,longplex_1x
R004bc2007.E09,R004bc2007.E09,bc2007,EED fecal,R004,500,NEB Q5 XT 1x 500 ng,Q5XT,8,longplex,FALSE,longplex_PCR,semibin2_44,23.4,3.22,Neural Network (Specific Model),11,0.859,16181,248.5391924,1091286,0.47,1263,83,51733,None,0,1,0,1,0,,,0,0,0,0,notHQ,notHQ,notHQ,notHQ,notHQ,notHQ,notHQ,notHQ,notHQ,notHQ,notHQ,notHQ,notHQ,notHQ,notHQ,notHQ,notHQ,longplex_1x
R005bc2007.E09,R005bc2007.E09,bc2007,EED fecal,R005,500,NEB Q5 XT 1x 500 ng (Q),Q5XT,8,longplex,TRUE,longplex_PCR,semibin2_44,54.92,11.44,Neural Network (Specific Model),11,0.853,16890,272.550456,3245059,0.45,3399,222,42469,None,1,0,0,0,0,,,0,0,0,0,notHQ,notHQ,notHQ,notHQ,notHQ,notHQ,notHQ,notHQ,notHQ,notHQ,notHQ,notHQ,notHQ,notHQ,notHQ,notHQ,notHQ,longplex_1x
R006bc2010.B04,R006bc2010.B04,bc2010,EED fecal,R006,75,NEB Q5 XT 0.5x 75 ng,Q5XT,8,longplex,FALSE,longplex_PCR,semibin2_44,9.96,0.39,Neural Network (Specific Model),11,0.838,10702,252.418146,455903,0.47,507,50,19484,None,0,1,0,1,0,,,0,0,0,0,notHQ,notHQ,notHQ,notHQ,notHQ,notHQ,notHQ,notHQ,notHQ,notHQ,notHQ,notHQ,notHQ,notHQ,notHQ,notHQ,notHQ,longplex_0.5x
m21120.260115.173545.hifi.reads.bc2002.bam,m21120_260115_173545.hifi_reads.bc2002.bam,bc2002,EED fecal,R005,3000,control (gtube) 3000 ng (Q),NaN,0,gtube,TRUE,PCRfree,semibin2_44_sub,81.47,59.93,Gradient Boost (General Model),11,0.868,52653,332.2263299,8114658,0.45,7087,168,536718,None,1,0,0,0,0,,,0,0,0,0,notHQ,notHQ,notHQ,notHQ,notHQ,notHQ,notHQ,notHQ,notHQ,notHQ,notHQ,notHQ,notHQ,notHQ,notHQ,notHQ,notHQ,pcrfree
R004bc2007.B10,R004bc2007.B10,bc2007,EED fecal,R004,150,Kura Decodifi 1x 150 ng,decodifi,8,longplex,FALSE,longplex_PCR,semibin2_45,30.84,5.55,Neural Network (Specific Model),11,0.852,13673,242.5723645,1426295,0.45,1679,120,34249,None,0,1,0,0,0,,,0,0,0,0,notHQ,notHQ,notHQ,notHQ,notHQ,notHQ,notHQ,notHQ,notHQ,notHQ,notHQ,notHQ,notHQ,notHQ,notHQ,notHQ,notHQ,longplex_1x
R005bc2007.A09,R005bc2007.A09,bc2007,EED fecal,R005,500,Takara PrimeSTAR LongSeq 1x 500 ng (Q),Pstar,8,longplex,TRUE,longplex_PCR,semibin2_45,28.89,1.59,Neural Network (Specific Model),11,0.843,13236,245.6402227,1249448,0.46,1437,109,39239,None,0,1,0,1,0,,,0,0,0,0,notHQ,notHQ,notHQ,notHQ,notHQ,notHQ,notHQ,notHQ,notHQ,notHQ,notHQ,notHQ,notHQ,notHQ,notHQ,notHQ,notHQ,longplex_1x
R005bc2007.B09,R005bc2007.B09,bc2007,EED fecal,R005,150,Takara PrimeSTAR LongSeq 1x 150 ng (Q),Pstar,8,longplex,TRUE,longplex_PCR,semibin2_45,51.42,12.53,Neural Network (Specific Model),11,0.856,15199,267.6735695,3428239,0.45,3670,247,61813,None,1,0,0,0,0,,,0,0,0,0,notHQ,notHQ,notHQ,notHQ,notHQ,notHQ,notHQ,notHQ,notHQ,notHQ,notHQ,notHQ,notHQ,notHQ,notHQ,notHQ,notHQ,longplex_1x
R005bc2007.E09,R005bc2007.E09,bc2007,EED fecal,R005,500,NEB Q5 XT 1x 500 ng (Q),Q5XT,8,longplex,TRUE,longplex_PCR,semibin2_46,37.7,5.98,Neural Network (Specific Model),11,0.855,16974,254.7156469,1771398,0.46,1994,127,33628,None,0,1,0,0,0,,,0,0,0,0,notHQ,notHQ,notHQ,notHQ,notHQ,notHQ,notHQ,notHQ,notHQ,notHQ,notHQ,notHQ,notHQ,notHQ,notHQ,notHQ,notHQ,longplex_1x
R005bc2007.E09,R005bc2007.E09,bc2007,EED fecal,R005,500,NEB Q5 XT 1x 500 ng (Q),Q5XT,8,longplex,TRUE,longplex_PCR,semibin2_47,17.64,0.16,Neural Network (Specific Model),11,0.859,14655,254.6388889,796047,0.45,900,66,31129,None,0,1,0,1,0,,,0,0,0,0,notHQ,notHQ,notHQ,notHQ,notHQ,notHQ,notHQ,notHQ,notHQ,notHQ,notHQ,notHQ,notHQ,notHQ,notHQ,notHQ,notHQ,longplex_1x
m21120.251219.215844.hifi.reads.bc2004.bam,m21120_251219_215844.hifi_reads.bc2004.bam,bc2004,EED fecal,R002,3000,control (pipet dil) 3000 ng,NaN,0,pipetmix 300x (10ng/ul),FALSE,PCRfree,semibin2_47,82.83,66.41,Gradient Boost (General Model),11,0.869,58549,338.4362455,10050826,0.45,8619,186,188258,None,1,0,0,0,0,,,0,0,0,0,notHQ,notHQ,notHQ,notHQ,notHQ,notHQ,notHQ,notHQ,notHQ,notHQ,notHQ,notHQ,notHQ,notHQ,notHQ,notHQ,notHQ,pcrfree
m21120.251222.184224.hifi.reads.bc2004.bam,m21120_251222_184224.hifi_reads.bc2004.bam,bc2004,EED fecal,R003,3000,control (pipet dil) 3000 ng,NaN,0,pipetmix 300x (10ng/ul),FALSE,PCRfree,semibin2_47,49.51,7.01,Neural Network (Specific Model),11,0.876,380904,352.0597015,2097398,0.45,1742,11,519867,None,0,1,0,0,0,,,0,0,0,0,notHQ,notHQ,notHQ,notHQ,notHQ,notHQ,notHQ,notHQ,notHQ,notHQ,notHQ,notHQ,notHQ,notHQ,notHQ,notHQ,notHQ,pcrfree
m21120.260115.173545.hifi.reads.bc2002.bam,m21120_260115_173545.hifi_reads.bc2002.bam,bc2002,EED fecal,R005,3000,control (gtube) 3000 ng (Q),NaN,0,gtube,TRUE,PCRfree,semibin2_47_sub,79.45,32.39,Gradient Boost (General Model),11,0.859,24386,282.8378076,5278892,0.45,5364,250,86209,None,1,0,0,0,0,,,0,0,0,0,notHQ,notHQ,notHQ,notHQ,notHQ,notHQ,notHQ,notHQ,notHQ,notHQ,notHQ,notHQ,notHQ,notHQ,notHQ,notHQ,notHQ,pcrfree
R004bc2007.F09,R004bc2007.F09,bc2007,EED fecal,R004,150,NEB Q5 XT 1x 150 ng,Q5XT,8,longplex,FALSE,longplex_PCR,semibin2_48,63.44,21.16,Neural Network (Specific Model),11,0.87,16301,276.7348285,3602972,0.45,3790,249,53406,None,1,0,0,0,0,,,0,0,0,0,notHQ,notHQ,notHQ,notHQ,notHQ,notHQ,notHQ,notHQ,notHQ,notHQ,notHQ,notHQ,notHQ,notHQ,notHQ,notHQ,notHQ,longplex_1x
R005bc2007.B09,R005bc2007.B09,bc2007,EED fecal,R005,150,Takara PrimeSTAR LongSeq 1x 150 ng (Q),Pstar,8,longplex,TRUE,longplex_PCR,semibin2_48,11.64,2.05,Neural Network (Specific Model),11,0.866,12246,248.6597633,578743,0.44,676,56,38787,None,0,1,0,1,0,,,0,0,0,0,notHQ,notHQ,notHQ,notHQ,notHQ,notHQ,notHQ,notHQ,notHQ,notHQ,notHQ,notHQ,notHQ,notHQ,notHQ,notHQ,notHQ,longplex_1x
m21120.251222.184224.hifi.reads.bc2002.bam,m21120_251222_184224.hifi_reads.bc2002.bam,bc2002,EED fecal,R003,3000,control (gtube) 3000 ng,NaN,0,gtube,FALSE,PCRfree,semibin2_49,22.94,5.81,Neural Network (Specific Model),11,0.855,35583,243.4453961,397090,0.33,467,13,38702,None,0,1,0,0,0,,,0,0,0,0,notHQ,notHQ,notHQ,notHQ,notHQ,notHQ,notHQ,notHQ,notHQ,notHQ,notHQ,notHQ,notHQ,notHQ,notHQ,notHQ,notHQ,pcrfree
m21120.260115.173545.hifi.reads.bc2002.bam,m21120_260115_173545.hifi_reads.bc2002.bam,bc2002,EED fecal,R005,3000,control (gtube) 3000 ng (Q),NaN,0,gtube,TRUE,PCRfree,semibin2_49,50.74,11.41,Neural Network (Specific Model),11,0.866,19520,268.3263119,2502302,0.46,2706,155,52290,None,1,0,0,0,0,,,0,0,0,0,notHQ,notHQ,notHQ,notHQ,notHQ,notHQ,notHQ,notHQ,notHQ,notHQ,notHQ,notHQ,notHQ,notHQ,notHQ,notHQ,notHQ,pcrfree
R004bc2007.A09,R004bc2007.A09,bc2007,EED fecal,R004,500,Takara PrimeSTAR LongSeq 1x 500 ng,Pstar,8,longplex,FALSE,longplex_PCR,semibin2_49_sub,82.09,44.36,Gradient Boost (General Model),11,0.86,26575,291.2757176,9673053,0.45,9546,390,152565,None,1,0,0,0,0,,,0,0,0,0,notHQ,notHQ,notHQ,notHQ,notHQ,notHQ,notHQ,notHQ,notHQ,notHQ,notHQ,notHQ,notHQ,notHQ,notHQ,notHQ,notHQ,longplex_1x
R004bc2007.A09,R004bc2007.A09,bc2007,EED fecal,R004,500,Takara PrimeSTAR LongSeq 1x 500 ng,Pstar,8,longplex,FALSE,longplex_PCR,semibin2_5,45.88,5.6,Neural Network (Specific Model),11,0.879,26969,253.5635925,1427789,0.41,1659,61,97033,None,0,1,0,0,0,,,0,0,0,0,notHQ,notHQ,notHQ,notHQ,notHQ,notHQ,notHQ,notHQ,notHQ,notHQ,notHQ,notHQ,notHQ,notHQ,notHQ,notHQ,notHQ,longplex_1x
R004bc2007.A10,R004bc2007.A10,bc2007,EED fecal,R004,500,Kura Decodifi 1x 500 ng,decodifi,8,longplex,FALSE,longplex_PCR,semibin2_5,28.9,0,Neural Network (Specific Model),11,0.882,22187,257.4665203,793830,0.42,911,36,68856,None,0,1,0,1,0,,,0,0,0,0,notHQ,notHQ,notHQ,notHQ,notHQ,notHQ,notHQ,notHQ,notHQ,notHQ,notHQ,notHQ,notHQ,notHQ,notHQ,notHQ,notHQ,longplex_1x
R004bc2007.B09,R004bc2007.B09,bc2007,EED fecal,R004,150,Takara PrimeSTAR LongSeq 1x 150 ng,Pstar,8,longplex,FALSE,longplex_PCR,semibin2_5,65.13,6.02,Gradient Boost (General Model),11,0.863,20715,255.8693357,2011727,0.46,2273,109,47958,None,1,1,0,0,0,,,1,0,0,0,notHQ,notHQ,notHQ,notHQ,notHQ,notHQ,notHQ,notHQ,notHQ,notHQ,notHQ,notHQ,notHQ,notHQ,notHQ,notHQ,notHQ,longplex_1x
R004bc2007.B10,R004bc2007.B10,bc2007,EED fecal,R004,150,Kura Decodifi 1x 150 ng,decodifi,8,longplex,FALSE,longplex_PCR,semibin2_5,33.95,0.99,Neural Network (Specific Model),11,0.883,17699,276.5736783,832470,0.46,889,53,33430,None,0,1,0,1,0,,,0,0,0,0,notHQ,notHQ,notHQ,notHQ,notHQ,notHQ,notHQ,notHQ,notHQ,notHQ,notHQ,notHQ,notHQ,notHQ,notHQ,notHQ,notHQ,longplex_1x
R004bc2007.E09,R004bc2007.E09,bc2007,EED fecal,R004,500,NEB Q5 XT 1x 500 ng,Q5XT,8,longplex,FALSE,longplex_PCR,semibin2_5,27.55,3.33,Neural Network (Specific Model),11,0.864,23576,290.5478927,524364,0.57,522,27,37728,None,0,1,0,1,0,,,0,0,0,0,notHQ,notHQ,notHQ,notHQ,notHQ,notHQ,notHQ,notHQ,notHQ,notHQ,notHQ,notHQ,notHQ,notHQ,notHQ,notHQ,notHQ,longplex_1x
R004bc2007.F09,R004bc2007.F09,bc2007,EED fecal,R004,150,NEB Q5 XT 1x 150 ng,Q5XT,8,longplex,FALSE,longplex_PCR,semibin2_5,5.7,0,Neural Network (Specific Model),11,0.866,280863,325.12,280863,0.46,250,1,280863,None,0,1,0,1,1,,,0,0,0,0,notHQ,notHQ,notHQ,notHQ,notHQ,notHQ,notHQ,notHQ,notHQ,notHQ,notHQ,notHQ,notHQ,notHQ,notHQ,notHQ,notHQ,longplex_1x
R005bc2007.A09,R005bc2007.A09,bc2007,EED fecal,R005,500,Takara PrimeSTAR LongSeq 1x 500 ng (Q),Pstar,8,longplex,TRUE,longplex_PCR,semibin2_5,41.62,6.48,Neural Network (Specific Model),11,0.833,20281,245.7449293,1431623,0.59,1627,78,55764,None,0,1,0,0,0,,,0,0,0,0,notHQ,notHQ,notHQ,notHQ,notHQ,notHQ,notHQ,notHQ,notHQ,notHQ,notHQ,notHQ,notHQ,notHQ,notHQ,notHQ,notHQ,longplex_1x
R005bc2007.A10,R005bc2007.A10,bc2007,EED fecal,R005,500,Kura Decodifi 1x 500 ng (Q),decodifi,8,longplex,TRUE,longplex_PCR,semibin2_5,9.11,0.18,Neural Network (Specific Model),11,0.846,383094,263.4671533,383094,0.45,411,1,383094,None,0,1,0,1,1,,,0,0,0,0,notHQ,notHQ,notHQ,notHQ,notHQ,notHQ,notHQ,notHQ,notHQ,notHQ,notHQ,notHQ,notHQ,notHQ,notHQ,notHQ,notHQ,longplex_1x
R005bc2007.B09,R005bc2007.B09,bc2007,EED fecal,R005,150,Takara PrimeSTAR LongSeq 1x 150 ng (Q),Pstar,8,longplex,TRUE,longplex_PCR,semibin2_5,15.77,0.04,Neural Network (Specific Model),11,0.853,25608,213.7075472,316433,0.41,424,16,29445,None,0,1,0,1,0,,,0,0,0,0,notHQ,notHQ,notHQ,notHQ,notHQ,notHQ,notHQ,notHQ,notHQ,notHQ,notHQ,notHQ,notHQ,notHQ,notHQ,notHQ,notHQ,longplex_1x
R005bc2007.B10,R005bc2007.B10,bc2007,EED fecal,R005,150,Kura Decodifi 1x 150 ng (Q),decodifi,8,longplex,TRUE,longplex_PCR,semibin2_5,16.38,0.2,Neural Network (Specific Model),11,0.826,21080,246.5064935,411621,0.59,462,23,41105,None,0,1,0,1,0,,,0,0,0,0,notHQ,notHQ,notHQ,notHQ,notHQ,notHQ,notHQ,notHQ,notHQ,notHQ,notHQ,notHQ,notHQ,notHQ,notHQ,notHQ,notHQ,longplex_1x
R005bc2007.E09,R005bc2007.E09,bc2007,EED fecal,R005,500,NEB Q5 XT 1x 500 ng (Q),Q5XT,8,longplex,TRUE,longplex_PCR,semibin2_5,24.08,0.02,Neural Network (Specific Model),11,0.87,868843,351.5222841,868843,0.46,718,1,868843,None,0,1,0,1,1,,,0,0,0,0,notHQ,notHQ,notHQ,notHQ,notHQ,notHQ,notHQ,notHQ,notHQ,notHQ,notHQ,notHQ,notHQ,notHQ,notHQ,notHQ,notHQ,longplex_1x
R006bc2010.A02,R006bc2010.A02,bc2010,EED fecal,R006,150,Kura Decodifi 0.5x 150 ng,decodifi,8,longplex,FALSE,longplex_PCR,semibin2_5,48.39,0.01,Neural Network (Specific Model),11,0.869,1461702,337.5079618,1461702,0.45,1256,1,1461702,None,0,1,0,1,1,,,0,0,0,0,notHQ,notHQ,notHQ,notHQ,notHQ,notHQ,notHQ,notHQ,notHQ,notHQ,notHQ,notHQ,notHQ,notHQ,notHQ,notHQ,notHQ,longplex_0.5x
R006bc2010.A06,R006bc2010.A06,bc2010,EED fecal,R006,150,Takara PrimeSTAR LongSeq 0.5x 150 ng,Pstar,8,longplex,FALSE,longplex_PCR,semibin2_5,50.41,2.55,Neural Network (Specific Model),11,0.873,41782,330.615651,1635699,0.5,1444,49,75044,None,1,1,0,1,0,,,1,0,0,0,notHQ,notHQ,notHQ,notHQ,notHQ,notHQ,notHQ,notHQ,notHQ,notHQ,notHQ,notHQ,notHQ,notHQ,notHQ,notHQ,notHQ,longplex_0.5x
R006bc2010.B02,R006bc2010.B02,bc2010,EED fecal,R006,75,Kura Decodifi 0.5x 75 ng,decodifi,8,longplex,FALSE,longplex_PCR,semibin2_5,23.81,0.25,Neural Network (Specific Model),11,0.861,14947,274.1550889,589003,0.58,619,43,23796,None,0,1,0,1,0,,,0,0,0,0,notHQ,notHQ,notHQ,notHQ,notHQ,notHQ,notHQ,notHQ,notHQ,notHQ,notHQ,notHQ,notHQ,notHQ,notHQ,notHQ,notHQ,longplex_0.5x
R006bc2010.B06,R006bc2010.B06,bc2010,EED fecal,R006,75,Takara PrimeSTAR LongSeq 0.5x 75 ng,Pstar,8,longplex,FALSE,longplex_PCR,semibin2_5,28.75,0.01,Neural Network (Specific Model),11,0.89,22633,328.0178359,927453,0.45,841,48,56416,None,0,1,0,1,0,,,0,0,0,0,notHQ,notHQ,notHQ,notHQ,notHQ,notHQ,notHQ,notHQ,notHQ,notHQ,notHQ,notHQ,notHQ,notHQ,notHQ,notHQ,notHQ,longplex_0.5x
R006bc2010.C04,R006bc2010.C04,bc2010,EED fecal,R006,30,NEB Q5 XT 0.25x 30 ng,Q5XT,8,longplex,FALSE,longplex_PCR,semibin2_5,23.18,0.01,Neural Network (Specific Model),11,0.885,15446,303.8163934,626777,0.52,610,44,39172,None,0,1,0,1,0,,,0,0,0,0,notHQ,notHQ,notHQ,notHQ,notHQ,notHQ,notHQ,notHQ,notHQ,notHQ,notHQ,notHQ,notHQ,notHQ,notHQ,notHQ,notHQ,longplex_0.25x
R006bc2010.C06,R006bc2010.C06,bc2010,EED fecal,R006,30,Takara PrimeSTAR LongSeq 0.25x 30 ng,Pstar,8,longplex,FALSE,longplex_PCR,semibin2_5,38.79,1.64,Neural Network (Specific Model),11,0.771,21173,267.6839779,938661,0.53,905,51,52376,None,0,1,0,1,0,,,0,0,0,0,notHQ,notHQ,notHQ,notHQ,notHQ,notHQ,notHQ,notHQ,notHQ,notHQ,notHQ,notHQ,notHQ,notHQ,notHQ,notHQ,notHQ,longplex_0.25x
R006bc2010.D02,R006bc2010.D02,bc2010,EED fecal,R006,15,Kura Decodifi 0.25x 15 ng,decodifi,8,longplex,FALSE,longplex_PCR,semibin2_5,52.82,7.25,Neural Network (Specific Model),11,0.875,12995,301.4574468,1645983,0.51,1598,133,44565,None,1,1,0,0,0,,,1,0,0,0,notHQ,notHQ,notHQ,notHQ,notHQ,notHQ,notHQ,notHQ,notHQ,notHQ,notHQ,notHQ,notHQ,notHQ,notHQ,notHQ,notHQ,longplex_0.25x
m21120.251219.215844.hifi.reads.bc2004.bam,m21120_251219_215844.hifi_reads.bc2004.bam,bc2004,EED fecal,R002,3000,control (pipet dil) 3000 ng,NaN,0,pipetmix 300x (10ng/ul),FALSE,PCRfree,semibin2_5,24.39,0.44,Neural Network (Specific Model),11,0.829,30146,231.2710453,900031,0.57,1081,36,62737,None,0,1,0,1,0,,,0,0,0,0,notHQ,notHQ,notHQ,notHQ,notHQ,notHQ,notHQ,notHQ,notHQ,notHQ,notHQ,notHQ,notHQ,notHQ,notHQ,notHQ,notHQ,pcrfree
m21120.251219.215844.hifi.reads.bc2006.bam,m21120_251219_215844.hifi_reads.bc2006.bam,bc2006,EED fecal,R002,3000,control (pipet conc) 3000 ng,NaN,0,pipetmix 300x (90ng/ul),FALSE,PCRfree,semibin2_5,34.68,5.54,Neural Network (Specific Model),11,0.871,25955,231.6927224,884389,0.32,1113,41,46936,None,0,1,0,0,0,,,0,0,0,0,notHQ,notHQ,notHQ,notHQ,notHQ,notHQ,notHQ,notHQ,notHQ,notHQ,notHQ,notHQ,notHQ,notHQ,notHQ,notHQ,notHQ,pcrfree
m21120.251222.184224.hifi.reads.bc2004.bam,m21120_251222_184224.hifi_reads.bc2004.bam,bc2004,EED fecal,R003,3000,control (pipet dil) 3000 ng,NaN,0,pipetmix 300x (10ng/ul),FALSE,PCRfree,semibin2_5,28.33,2.99,Neural Network (Specific Model),11,0.882,48992,301.0201005,1014753,0.43,995,25,77339,None,0,1,0,1,0,,,0,0,0,0,notHQ,notHQ,notHQ,notHQ,notHQ,notHQ,notHQ,notHQ,notHQ,notHQ,notHQ,notHQ,notHQ,notHQ,notHQ,notHQ,notHQ,pcrfree
m21120.251222.184224.hifi.reads.bc2006.bam,m21120_251222_184224.hifi_reads.bc2006.bam,bc2006,EED fecal,R003,3000,control (pipet conc) 3000 ng,NaN,0,pipetmix 300x (90ng/ul),FALSE,PCRfree,semibin2_5,33.89,2.14,Neural Network (Specific Model),11,0.876,28231,279.6046814,733793,0.37,769,29,55067,None,0,1,0,1,0,,,0,0,0,0,notHQ,notHQ,notHQ,notHQ,notHQ,notHQ,notHQ,notHQ,notHQ,notHQ,notHQ,notHQ,notHQ,notHQ,notHQ,notHQ,notHQ,pcrfree
m21120.260115.173545.hifi.reads.bc2002.bam,m21120_260115_173545.hifi_reads.bc2002.bam,bc2002,EED fecal,R005,3000,control (gtube) 3000 ng (Q),NaN,0,gtube,TRUE,PCRfree,semibin2_5,44.32,0.91,Gradient Boost (General Model),11,0.834,45236,228.587406,869562,0.41,1064,23,102836,None,0,1,0,1,0,,,0,0,0,0,notHQ,notHQ,notHQ,notHQ,notHQ,notHQ,notHQ,notHQ,notHQ,notHQ,notHQ,notHQ,notHQ,notHQ,notHQ,notHQ,notHQ,pcrfree
m21120.260115.173545.hifi.reads.bc2006.bam,m21120_260115_173545.hifi_reads.bc2006.bam,bc2006,EED fecal,R005,3000,control (pipet conc) 3000 ng (Q),NaN,0,pipetmix 300x (90ng/ul),TRUE,PCRfree,semibin2_5,28.88,0.42,Neural Network (Specific Model),11,0.831,32983,232.2638554,691174,0.41,830,28,55515,None,0,1,0,1,0,,,0,0,0,0,notHQ,notHQ,notHQ,notHQ,notHQ,notHQ,notHQ,notHQ,notHQ,notHQ,notHQ,notHQ,notHQ,notHQ,notHQ,notHQ,notHQ,pcrfree
R004bc2007.A09,R004bc2007.A09,bc2007,EED fecal,R004,500,Takara PrimeSTAR LongSeq 1x 500 ng,Pstar,8,longplex,FALSE,longplex_PCR,semibin2_50,72.05,34.03,Gradient Boost (General Model),11,0.874,24603,288.8443449,6174447,0.44,6251,294,74060,None,1,0,0,0,0,,,0,0,0,0,notHQ,notHQ,notHQ,notHQ,notHQ,notHQ,notHQ,notHQ,notHQ,notHQ,notHQ,notHQ,notHQ,notHQ,notHQ,notHQ,notHQ,longplex_1x
m21120.251219.215844.hifi.reads.bc2004.bam,m21120_251219_215844.hifi_reads.bc2004.bam,bc2004,EED fecal,R002,3000,control (pipet dil) 3000 ng,NaN,0,pipetmix 300x (10ng/ul),FALSE,PCRfree,semibin2_50,68.21,27.93,Gradient Boost (General Model),11,0.867,26041,273.6158789,4547765,0.44,4824,207,83211,None,1,0,0,0,0,,,0,0,0,0,notHQ,notHQ,notHQ,notHQ,notHQ,notHQ,notHQ,notHQ,notHQ,notHQ,notHQ,notHQ,notHQ,notHQ,notHQ,notHQ,notHQ,pcrfree
m21120.251219.215844.hifi.reads.bc2006.bam,m21120_251219_215844.hifi_reads.bc2006.bam,bc2006,EED fecal,R002,3000,control (pipet conc) 3000 ng,NaN,0,pipetmix 300x (90ng/ul),FALSE,PCRfree,semibin2_50_sub,77.95,23.43,Gradient Boost (General Model),11,0.856,25199,272.0870098,4653357,0.46,4896,222,83434,None,1,0,0,0,0,,,0,0,0,0,notHQ,notHQ,notHQ,notHQ,notHQ,notHQ,notHQ,notHQ,notHQ,notHQ,notHQ,notHQ,notHQ,notHQ,notHQ,notHQ,notHQ,pcrfree
R004bc2007.A09,R004bc2007.A09,bc2007,EED fecal,R004,500,Takara PrimeSTAR LongSeq 1x 500 ng,Pstar,8,longplex,FALSE,longplex_PCR,semibin2_51,61.32,23.54,Gradient Boost (General Model),11,0.864,17027,271.4079077,3824145,0.44,4072,257,47241,None,1,0,0,0,0,,,0,0,0,0,notHQ,notHQ,notHQ,notHQ,notHQ,notHQ,notHQ,notHQ,notHQ,notHQ,notHQ,notHQ,notHQ,notHQ,notHQ,notHQ,notHQ,longplex_1x
m21120.251222.184224.hifi.reads.bc2006.bam,m21120_251222_184224.hifi_reads.bc2006.bam,bc2006,EED fecal,R003,3000,control (pipet conc) 3000 ng,NaN,0,pipetmix 300x (90ng/ul),FALSE,PCRfree,semibin2_52,13.82,0.03,Neural Network (Specific Model),11,0.847,23164,237.175,435168,0.28,520,17,72815,None,0,1,0,1,0,,,0,0,0,0,notHQ,notHQ,notHQ,notHQ,notHQ,notHQ,notHQ,notHQ,notHQ,notHQ,notHQ,notHQ,notHQ,notHQ,notHQ,notHQ,notHQ,pcrfree
R004bc2007.A10,R004bc2007.A10,bc2007,EED fecal,R004,500,Kura Decodifi 1x 500 ng,decodifi,8,longplex,FALSE,longplex_PCR,semibin2_6,42.8,1.27,Neural Network (Specific Model),11,0.871,30477,330.2435456,1317844,0.52,1162,50,58828,None,0,1,0,1,0,,,0,0,0,0,notHQ,notHQ,notHQ,notHQ,notHQ,notHQ,notHQ,notHQ,notHQ,notHQ,notHQ,notHQ,notHQ,notHQ,notHQ,notHQ,notHQ,longplex_1x
R004bc2007.B09,R004bc2007.B09,bc2007,EED fecal,R004,150,Takara PrimeSTAR LongSeq 1x 150 ng,Pstar,8,longplex,FALSE,longplex_PCR,semibin2_6,52.29,0.19,Neural Network (Specific Model),11,0.884,26700,274.2505447,1276900,0.46,1377,53,65772,None,1,1,0,1,0,,,1,0,0,0,notHQ,notHQ,notHQ,notHQ,notHQ,notHQ,notHQ,notHQ,notHQ,notHQ,notHQ,notHQ,notHQ,notHQ,notHQ,notHQ,notHQ,longplex_1x
R004bc2007.B10,R004bc2007.B10,bc2007,EED fecal,R004,150,Kura Decodifi 1x 150 ng,decodifi,8,longplex,FALSE,longplex_PCR,semibin2_6,8.72,0,Neural Network (Specific Model),11,0.872,14175,258.9648352,403931,0.51,455,30,24567,None,0,1,0,1,0,,,0,0,0,0,notHQ,notHQ,notHQ,notHQ,notHQ,notHQ,notHQ,notHQ,notHQ,notHQ,notHQ,notHQ,notHQ,notHQ,notHQ,notHQ,notHQ,longplex_1x
R004bc2007.E09,R004bc2007.E09,bc2007,EED fecal,R004,500,NEB Q5 XT 1x 500 ng,Q5XT,8,longplex,FALSE,longplex_PCR,semibin2_6,55.56,7.31,Neural Network (Specific Model),11,0.865,44669,331.8654762,1928402,0.5,1680,55,238405,None,1,1,0,0,0,,,1,0,0,0,notHQ,notHQ,notHQ,notHQ,notHQ,notHQ,notHQ,notHQ,notHQ,notHQ,notHQ,notHQ,notHQ,notHQ,notHQ,notHQ,notHQ,longplex_1x
R005bc2007.A09,R005bc2007.A09,bc2007,EED fecal,R005,500,Takara PrimeSTAR LongSeq 1x 500 ng (Q),Pstar,8,longplex,TRUE,longplex_PCR,semibin2_6,36.31,1.61,Neural Network (Specific Model),11,0.86,24034,244.7263078,1118717,0.47,1319,55,59166,None,0,1,0,1,0,,,0,0,0,0,notHQ,notHQ,notHQ,notHQ,notHQ,notHQ,notHQ,notHQ,notHQ,notHQ,notHQ,notHQ,notHQ,notHQ,notHQ,notHQ,notHQ,longplex_1x
R005bc2007.A10,R005bc2007.A10,bc2007,EED fecal,R005,500,Kura Decodifi 1x 500 ng (Q),decodifi,8,longplex,TRUE,longplex_PCR,semibin2_6,8.05,0,Neural Network (Specific Model),11,0.85,232651,293.7644444,232651,0.45,225,1,232651,None,0,1,0,1,1,,,0,0,0,0,notHQ,notHQ,notHQ,notHQ,notHQ,notHQ,notHQ,notHQ,notHQ,notHQ,notHQ,notHQ,notHQ,notHQ,notHQ,notHQ,notHQ,longplex_1x
R005bc2007.B09,R005bc2007.B09,bc2007,EED fecal,R005,150,Takara PrimeSTAR LongSeq 1x 150 ng (Q),Pstar,8,longplex,TRUE,longplex_PCR,semibin2_6,18.52,0.04,Neural Network (Specific Model),11,0.864,16377,286.6627358,420694,0.57,424,27,28442,None,0,1,0,1,0,,,0,0,0,0,notHQ,notHQ,notHQ,notHQ,notHQ,notHQ,notHQ,notHQ,notHQ,notHQ,notHQ,notHQ,notHQ,notHQ,notHQ,notHQ,notHQ,longplex_1x
R005bc2007.B10,R005bc2007.B10,bc2007,EED fecal,R005,150,Kura Decodifi 1x 150 ng (Q),decodifi,8,longplex,TRUE,longplex_PCR,semibin2_6,22.57,0.06,Neural Network (Specific Model),11,0.869,14375,249.5686499,748786,0.47,874,55,30238,None,0,1,0,1,0,,,0,0,0,0,notHQ,notHQ,notHQ,notHQ,notHQ,notHQ,notHQ,notHQ,notHQ,notHQ,notHQ,notHQ,notHQ,notHQ,notHQ,notHQ,notHQ,longplex_1x
R005bc2007.E09,R005bc2007.E09,bc2007,EED fecal,R005,500,NEB Q5 XT 1x 500 ng (Q),Q5XT,8,longplex,TRUE,longplex_PCR,semibin2_6,41.18,0.03,Neural Network (Specific Model),11,0.884,24855,270.4551607,1080745,0.46,1182,49,57248,None,0,1,0,1,0,,,0,0,0,0,notHQ,notHQ,notHQ,notHQ,notHQ,notHQ,notHQ,notHQ,notHQ,notHQ,notHQ,notHQ,notHQ,notHQ,notHQ,notHQ,notHQ,longplex_1x
R005bc2007.F09,R005bc2007.F09,bc2007,EED fecal,R005,150,NEB Q5 XT 1x 150 ng (Q),Q5XT,8,longplex,TRUE,longplex_PCR,semibin2_6,28.92,0.33,Neural Network (Specific Model),11,0.882,23129,268.1962617,972818,0.46,1070,49,45079,None,0,1,0,1,0,,,0,0,0,0,notHQ,notHQ,notHQ,notHQ,notHQ,notHQ,notHQ,notHQ,notHQ,notHQ,notHQ,notHQ,notHQ,notHQ,notHQ,notHQ,notHQ,longplex_1x
R006bc2010.A02,R006bc2010.A02,bc2010,EED fecal,R006,150,Kura Decodifi 0.5x 150 ng,decodifi,8,longplex,FALSE,longplex_PCR,semibin2_6,32.14,4.44,Neural Network (Specific Model),11,0.835,21571,250.0889713,964105,0.59,1079,52,37142,None,0,1,0,1,0,,,0,0,0,0,notHQ,notHQ,notHQ,notHQ,notHQ,notHQ,notHQ,notHQ,notHQ,notHQ,notHQ,notHQ,notHQ,notHQ,notHQ,notHQ,notHQ,longplex_0.5x
R006bc2010.A04,R006bc2010.A04,bc2010,EED fecal,R006,150,NEB Q5 XT 0.5x 150 ng,Q5XT,8,longplex,FALSE,longplex_PCR,semibin2_6,33.43,3.93,Neural Network (Specific Model),11,0.762,19421,258.9751973,900132,0.53,887,48,50049,None,0,1,0,1,0,,,0,0,0,0,notHQ,notHQ,notHQ,notHQ,notHQ,notHQ,notHQ,notHQ,notHQ,notHQ,notHQ,notHQ,notHQ,notHQ,notHQ,notHQ,notHQ,longplex_0.5x
R006bc2010.B04,R006bc2010.B04,bc2010,EED fecal,R006,75,NEB Q5 XT 0.5x 75 ng,Q5XT,8,longplex,FALSE,longplex_PCR,semibin2_6,36.75,1.56,Neural Network (Specific Model),11,0.881,16922,309.173913,1013647,0.51,966,60,65002,None,0,1,0,1,0,,,0,0,0,0,notHQ,notHQ,notHQ,notHQ,notHQ,notHQ,notHQ,notHQ,notHQ,notHQ,notHQ,notHQ,notHQ,notHQ,notHQ,notHQ,notHQ,longplex_0.5x
R006bc2010.B06,R006bc2010.B06,bc2010,EED fecal,R006,75,Takara PrimeSTAR LongSeq 0.5x 75 ng,Pstar,8,longplex,FALSE,longplex_PCR,semibin2_6,17.37,0.13,Neural Network (Specific Model),11,0.854,19689,252.8140097,365876,0.56,414,22,34910,None,0,1,0,1,0,,,0,0,0,0,notHQ,notHQ,notHQ,notHQ,notHQ,notHQ,notHQ,notHQ,notHQ,notHQ,notHQ,notHQ,notHQ,notHQ,notHQ,notHQ,notHQ,longplex_0.5x
R006bc2010.C04,R006bc2010.C04,bc2010,EED fecal,R006,30,NEB Q5 XT 0.25x 30 ng,Q5XT,8,longplex,FALSE,longplex_PCR,semibin2_6,51.6,1.82,Neural Network (Specific Model),11,0.87,24309,318.1261649,1524815,0.5,1395,71,46048,None,1,1,0,1,0,,,1,0,0,0,notHQ,notHQ,notHQ,notHQ,notHQ,notHQ,notHQ,notHQ,notHQ,notHQ,notHQ,notHQ,notHQ,notHQ,notHQ,notHQ,notHQ,longplex_0.25x
R006bc2010.D02,R006bc2010.D02,bc2010,EED fecal,R006,15,Kura Decodifi 0.25x 15 ng,decodifi,8,longplex,FALSE,longplex_PCR,semibin2_6,18.88,0.09,Neural Network (Specific Model),11,0.871,11933,254.5455764,650634,0.46,746,60,30190,None,0,1,0,1,0,,,0,0,0,0,notHQ,notHQ,notHQ,notHQ,notHQ,notHQ,notHQ,notHQ,notHQ,notHQ,notHQ,notHQ,notHQ,notHQ,notHQ,notHQ,notHQ,longplex_0.25x
R006bc2010.D04,R006bc2010.D04,bc2010,EED fecal,R006,15,NEB Q5 XT 0.25x 15 ng,Q5XT,8,longplex,FALSE,longplex_PCR,semibin2_6,21.63,0,Neural Network (Specific Model),11,0.892,11746,254.5578231,501257,0.46,588,48,24805,None,0,1,0,1,0,,,0,0,0,0,notHQ,notHQ,notHQ,notHQ,notHQ,notHQ,notHQ,notHQ,notHQ,notHQ,notHQ,notHQ,notHQ,notHQ,notHQ,notHQ,notHQ,longplex_0.25x
m21120.251219.215844.hifi.reads.bc2004.bam,m21120_251219_215844.hifi_reads.bc2004.bam,bc2004,EED fecal,R002,3000,control (pipet dil) 3000 ng,NaN,0,pipetmix 300x (10ng/ul),FALSE,PCRfree,semibin2_6,49.06,2.24,Gradient Boost (General Model),11,0.827,39849,278.2154696,1271149,0.49,1267,43,117053,None,0,1,0,1,0,,,0,0,0,0,notHQ,notHQ,notHQ,notHQ,notHQ,notHQ,notHQ,notHQ,notHQ,notHQ,notHQ,notHQ,notHQ,notHQ,notHQ,notHQ,notHQ,pcrfree
m21120.251219.215844.hifi.reads.bc2006.bam,m21120_251219_215844.hifi_reads.bc2006.bam,bc2006,EED fecal,R002,3000,control (pipet conc) 3000 ng,NaN,0,pipetmix 300x (90ng/ul),FALSE,PCRfree,semibin2_6,23.29,0.01,Neural Network (Specific Model),11,0.898,25059,309.8847826,474452,0.35,460,21,49935,None,0,1,0,1,0,,,0,0,0,0,notHQ,notHQ,notHQ,notHQ,notHQ,notHQ,notHQ,notHQ,notHQ,notHQ,notHQ,notHQ,notHQ,notHQ,notHQ,notHQ,notHQ,pcrfree
m21120.251222.184224.hifi.reads.bc2002.bam,m21120_251222_184224.hifi_reads.bc2002.bam,bc2002,EED fecal,R003,3000,control (gtube) 3000 ng,NaN,0,gtube,FALSE,PCRfree,semibin2_6,43.82,7.13,Neural Network (Specific Model),11,0.838,35344,252.489303,1303176,0.59,1449,38,72168,None,0,1,0,0,0,,,0,0,0,0,notHQ,notHQ,notHQ,notHQ,notHQ,notHQ,notHQ,notHQ,notHQ,notHQ,notHQ,notHQ,notHQ,notHQ,notHQ,notHQ,notHQ,pcrfree
m21120.251222.184224.hifi.reads.bc2004.bam,m21120_251222_184224.hifi_reads.bc2004.bam,bc2004,EED fecal,R003,3000,control (pipet dil) 3000 ng,NaN,0,pipetmix 300x (10ng/ul),FALSE,PCRfree,semibin2_6,26.1,0.09,Neural Network (Specific Model),11,0.859,711314,319.1259947,838208,0.46,754,3,711314,None,0,1,0,1,0,,,0,0,0,0,notHQ,notHQ,notHQ,notHQ,notHQ,notHQ,notHQ,notHQ,notHQ,notHQ,notHQ,notHQ,notHQ,notHQ,notHQ,notHQ,notHQ,pcrfree
m21120.251222.184224.hifi.reads.bc2006.bam,m21120_251222_184224.hifi_reads.bc2006.bam,bc2006,EED fecal,R003,3000,control (pipet conc) 3000 ng,NaN,0,pipetmix 300x (90ng/ul),FALSE,PCRfree,semibin2_6,49.43,6.96,Neural Network (Specific Model),11,0.856,401688,319.7646633,1545231,0.47,1381,11,412066,None,0,1,0,0,0,,,0,0,0,0,notHQ,notHQ,notHQ,notHQ,notHQ,notHQ,notHQ,notHQ,notHQ,notHQ,notHQ,notHQ,notHQ,notHQ,notHQ,notHQ,notHQ,pcrfree
m21120.260115.173545.hifi.reads.bc2002.bam,m21120_260115_173545.hifi_reads.bc2002.bam,bc2002,EED fecal,R005,3000,control (gtube) 3000 ng (Q),NaN,0,gtube,TRUE,PCRfree,semibin2_6,38.29,4.46,Neural Network (Specific Model),11,0.884,41518,337.1200361,1264825,0.52,1108,32,81352,None,0,1,0,1,0,,,0,0,0,0,notHQ,notHQ,notHQ,notHQ,notHQ,notHQ,notHQ,notHQ,notHQ,notHQ,notHQ,notHQ,notHQ,notHQ,notHQ,notHQ,notHQ,pcrfree
m21120.260115.173545.hifi.reads.bc2004.bam,m21120_260115_173545.hifi_reads.bc2004.bam,bc2004,EED fecal,R005,3000,control (pipet dil) 3000 ng (Q),NaN,0,pipetmix 300x (10ng/ul),TRUE,PCRfree,semibin2_6,77.29,10.45,Neural Network (Specific Model),11,0.874,1859201,350.7608069,3337985,0.45,2776,6,1859201,None,1,0,0,0,0,,,0,0,0,0,notHQ,notHQ,notHQ,notHQ,notHQ,notHQ,notHQ,notHQ,notHQ,notHQ,notHQ,notHQ,notHQ,notHQ,notHQ,notHQ,notHQ,pcrfree
m21120.260115.173545.hifi.reads.bc2006.bam,m21120_260115_173545.hifi_reads.bc2006.bam,bc2006,EED fecal,R005,3000,control (pipet conc) 3000 ng (Q),NaN,0,pipetmix 300x (90ng/ul),TRUE,PCRfree,semibin2_6,21.74,0.42,Neural Network (Specific Model),11,0.869,23728,222.5356455,396555,0.36,519,18,45667,None,0,1,0,1,0,,,0,0,0,0,notHQ,notHQ,notHQ,notHQ,notHQ,notHQ,notHQ,notHQ,notHQ,notHQ,notHQ,notHQ,notHQ,notHQ,notHQ,notHQ,notHQ,pcrfree
m21120.251219.215844.hifi.reads.bc2002.bam,m21120_251219_215844.hifi_reads.bc2002.bam,bc2002,EED fecal,R002,3000,control (gtube) 3000 ng,NaN,0,gtube,FALSE,PCRfree,semibin2_62,78.14,39.99,Gradient Boost (General Model),11,0.858,31872,287.5759589,6632815,0.44,6622,242,100216,None,1,0,0,0,0,,,0,0,0,0,notHQ,notHQ,notHQ,notHQ,notHQ,notHQ,notHQ,notHQ,notHQ,notHQ,notHQ,notHQ,notHQ,notHQ,notHQ,notHQ,notHQ,pcrfree
m21120.251222.184224.hifi.reads.bc2002.bam,m21120_251222_184224.hifi_reads.bc2002.bam,bc2002,EED fecal,R003,3000,control (gtube) 3000 ng,NaN,0,gtube,FALSE,PCRfree,semibin2_65,8.4,0.46,Neural Network (Specific Model),11,0.85,37149,240.9818182,232709,0.47,275,7,65108,None,0,1,0,1,0,,,0,0,0,0,notHQ,notHQ,notHQ,notHQ,notHQ,notHQ,notHQ,notHQ,notHQ,notHQ,notHQ,notHQ,notHQ,notHQ,notHQ,notHQ,notHQ,pcrfree
m21120.251219.215844.hifi.reads.bc2002.bam,m21120_251219_215844.hifi_reads.bc2002.bam,bc2002,EED fecal,R002,3000,control (gtube) 3000 ng,NaN,0,gtube,FALSE,PCRfree,semibin2_65_sub,26.97,4.37,Neural Network (Specific Model),11,0.832,22543,263.7533937,1255820,0.45,1326,72,57723,None,0,1,0,1,0,,,0,0,0,0,notHQ,notHQ,notHQ,notHQ,notHQ,notHQ,notHQ,notHQ,notHQ,notHQ,notHQ,notHQ,notHQ,notHQ,notHQ,notHQ,notHQ,pcrfree
m21120.251219.215844.hifi.reads.bc2002.bam,m21120_251219_215844.hifi_reads.bc2002.bam,bc2002,EED fecal,R002,3000,control (gtube) 3000 ng,NaN,0,gtube,FALSE,PCRfree,semibin2_66,26.07,3.07,Neural Network (Specific Model),11,0.856,22902,238.730591,1434236,0.44,1726,90,52890,None,0,1,0,1,0,,,0,0,0,0,notHQ,notHQ,notHQ,notHQ,notHQ,notHQ,notHQ,notHQ,notHQ,notHQ,notHQ,notHQ,notHQ,notHQ,notHQ,notHQ,notHQ,pcrfree
R004bc2007.A09,R004bc2007.A09,bc2007,EED fecal,R004,500,Takara PrimeSTAR LongSeq 1x 500 ng,Pstar,8,longplex,FALSE,longplex_PCR,semibin2_7,15.81,0.13,Neural Network (Specific Model),11,0.888,22175,301.6216931,383963,0.5,378,20,32522,None,0,1,0,1,0,,,0,0,0,0,notHQ,notHQ,notHQ,notHQ,notHQ,notHQ,notHQ,notHQ,notHQ,notHQ,notHQ,notHQ,notHQ,notHQ,notHQ,notHQ,notHQ,longplex_1x
R004bc2007.A10,R004bc2007.A10,bc2007,EED fecal,R004,500,Kura Decodifi 1x 500 ng,decodifi,8,longplex,FALSE,longplex_PCR,semibin2_7,51.5,1.83,Neural Network (Specific Model),11,0.869,41218,339.1720959,1899446,0.5,1627,54,150376,None,1,1,0,1,0,,,1,0,0,0,notHQ,notHQ,notHQ,notHQ,notHQ,notHQ,notHQ,notHQ,notHQ,notHQ,notHQ,notHQ,notHQ,notHQ,notHQ,notHQ,notHQ,longplex_1x
R004bc2007.B09,R004bc2007.B09,bc2007,EED fecal,R004,150,Takara PrimeSTAR LongSeq 1x 150 ng,Pstar,8,longplex,FALSE,longplex_PCR,semibin2_7,40.09,6.48,Neural Network (Specific Model),11,0.835,23919,248.0353013,1454960,0.59,1643,74,77004,None,0,1,0,0,0,,,0,0,0,0,notHQ,notHQ,notHQ,notHQ,notHQ,notHQ,notHQ,notHQ,notHQ,notHQ,notHQ,notHQ,notHQ,notHQ,notHQ,notHQ,notHQ,longplex_1x
R004bc2007.F09,R004bc2007.F09,bc2007,EED fecal,R004,150,NEB Q5 XT 1x 150 ng,Q5XT,8,longplex,FALSE,longplex_PCR,semibin2_7,22.9,0.21,Neural Network (Specific Model),11,0.864,18165,302.3708087,530219,0.57,507,31,36441,None,0,1,0,1,0,,,0,0,0,0,notHQ,notHQ,notHQ,notHQ,notHQ,notHQ,notHQ,notHQ,notHQ,notHQ,notHQ,notHQ,notHQ,notHQ,notHQ,notHQ,notHQ,longplex_1x
R005bc2007.A09,R005bc2007.A09,bc2007,EED fecal,R005,500,Takara PrimeSTAR LongSeq 1x 500 ng (Q),Pstar,8,longplex,TRUE,longplex_PCR,semibin2_7,35.93,2.57,Neural Network (Specific Model),11,0.774,20754,267.7454338,905335,0.53,876,48,45169,None,0,1,0,1,0,,,0,0,0,0,notHQ,notHQ,notHQ,notHQ,notHQ,notHQ,notHQ,notHQ,notHQ,notHQ,notHQ,notHQ,notHQ,notHQ,notHQ,notHQ,notHQ,longplex_1x
R005bc2007.A10,R005bc2007.A10,bc2007,EED fecal,R005,500,Kura Decodifi 1x 500 ng (Q),decodifi,8,longplex,TRUE,longplex_PCR,semibin2_7,44.01,4.05,Neural Network (Specific Model),11,0.775,19069,254.4537131,963541,0.52,983,55,42840,None,0,1,0,1,0,,,0,0,0,0,notHQ,notHQ,notHQ,notHQ,notHQ,notHQ,notHQ,notHQ,notHQ,notHQ,notHQ,notHQ,notHQ,notHQ,notHQ,notHQ,notHQ,longplex_1x
R005bc2007.B09,R005bc2007.B09,bc2007,EED fecal,R005,150,Takara PrimeSTAR LongSeq 1x 150 ng (Q),Pstar,8,longplex,TRUE,longplex_PCR,semibin2_7,34.82,4.11,Neural Network (Specific Model),11,0.876,22727,316.6621984,1208846,0.47,1119,57,54618,None,0,1,0,1,0,,,0,0,0,0,notHQ,notHQ,notHQ,notHQ,notHQ,notHQ,notHQ,notHQ,notHQ,notHQ,notHQ,notHQ,notHQ,notHQ,notHQ,notHQ,notHQ,longplex_1x
R005bc2007.E09,R005bc2007.E09,bc2007,EED fecal,R005,500,NEB Q5 XT 1x 500 ng (Q),Q5XT,8,longplex,TRUE,longplex_PCR,semibin2_7,26.3,1.76,Neural Network (Specific Model),11,0.878,22378,257.1868263,729792,0.42,835,37,47725,None,0,1,0,1,0,,,0,0,0,0,notHQ,notHQ,notHQ,notHQ,notHQ,notHQ,notHQ,notHQ,notHQ,notHQ,notHQ,notHQ,notHQ,notHQ,notHQ,notHQ,notHQ,longplex_1x
R005bc2007.F09,R005bc2007.F09,bc2007,EED fecal,R005,150,NEB Q5 XT 1x 150 ng (Q),Q5XT,8,longplex,TRUE,longplex_PCR,semibin2_7,17.02,0.01,Neural Network (Specific Model),11,0.854,12410,266.1173333,348994,0.57,375,28,24611,None,0,1,0,1,0,,,0,0,0,0,notHQ,notHQ,notHQ,notHQ,notHQ,notHQ,notHQ,notHQ,notHQ,notHQ,notHQ,notHQ,notHQ,notHQ,notHQ,notHQ,notHQ,longplex_1x
R006bc2010.A02,R006bc2010.A02,bc2010,EED fecal,R006,150,Kura Decodifi 0.5x 150 ng,decodifi,8,longplex,FALSE,longplex_PCR,semibin2_7,35.33,3,Neural Network (Specific Model),11,0.854,16703,279.1017173,739343,0.58,757,46,40847,None,0,1,0,1,0,,,0,0,0,0,notHQ,notHQ,notHQ,notHQ,notHQ,notHQ,notHQ,notHQ,notHQ,notHQ,notHQ,notHQ,notHQ,notHQ,notHQ,notHQ,notHQ,longplex_0.5x
R006bc2010.A04,R006bc2010.A04,bc2010,EED fecal,R006,150,NEB Q5 XT 0.5x 150 ng,Q5XT,8,longplex,FALSE,longplex_PCR,semibin2_7,18.15,0.04,Neural Network (Specific Model),11,0.858,19120,237.263048,394698,0.41,479,22,28545,None,0,1,0,1,0,,,0,0,0,0,notHQ,notHQ,notHQ,notHQ,notHQ,notHQ,notHQ,notHQ,notHQ,notHQ,notHQ,notHQ,notHQ,notHQ,notHQ,notHQ,notHQ,longplex_0.5x
R006bc2010.C04,R006bc2010.C04,bc2010,EED fecal,R006,30,NEB Q5 XT 0.25x 30 ng,Q5XT,8,longplex,FALSE,longplex_PCR,semibin2_7,31.97,3.86,Neural Network (Specific Model),11,0.876,15921,265.7746711,1101272,0.46,1216,76,36310,None,0,1,0,1,0,,,0,0,0,0,notHQ,notHQ,notHQ,notHQ,notHQ,notHQ,notHQ,notHQ,notHQ,notHQ,notHQ,notHQ,notHQ,notHQ,notHQ,notHQ,notHQ,longplex_0.25x
m21120.251219.215844.hifi.reads.bc2002.bam,m21120_251219_215844.hifi_reads.bc2002.bam,bc2002,EED fecal,R002,3000,control (gtube) 3000 ng,NaN,0,gtube,FALSE,PCRfree,semibin2_7,30.29,3.22,Neural Network (Specific Model),11,0.861,33263,227.8883764,855732,0.33,1084,28,86687,None,0,1,0,1,0,,,0,0,0,0,notHQ,notHQ,notHQ,notHQ,notHQ,notHQ,notHQ,notHQ,notHQ,notHQ,notHQ,notHQ,notHQ,notHQ,notHQ,notHQ,notHQ,pcrfree
m21120.251219.215844.hifi.reads.bc2004.bam,m21120_251219_215844.hifi_reads.bc2004.bam,bc2004,EED fecal,R002,3000,control (pipet dil) 3000 ng,NaN,0,pipetmix 300x (10ng/ul),FALSE,PCRfree,semibin2_7,34.09,1.16,Neural Network (Specific Model),11,0.861,37615,236.3137255,1001319,0.43,1224,32,65497,None,0,1,0,1,0,,,0,0,0,0,notHQ,notHQ,notHQ,notHQ,notHQ,notHQ,notHQ,notHQ,notHQ,notHQ,notHQ,notHQ,notHQ,notHQ,notHQ,notHQ,notHQ,pcrfree
m21120.251222.184224.hifi.reads.bc2002.bam,m21120_251222_184224.hifi_reads.bc2002.bam,bc2002,EED fecal,R003,3000,control (gtube) 3000 ng,NaN,0,gtube,FALSE,PCRfree,semibin2_7,35.63,1.5,Neural Network (Specific Model),11,0.836,31662,232.4267516,651100,0.4,785,20,85613,None,0,1,0,1,0,,,0,0,0,0,notHQ,notHQ,notHQ,notHQ,notHQ,notHQ,notHQ,notHQ,notHQ,notHQ,notHQ,notHQ,notHQ,notHQ,notHQ,notHQ,notHQ,pcrfree
m21120.251222.184224.hifi.reads.bc2004.bam,m21120_251222_184224.hifi_reads.bc2004.bam,bc2004,EED fecal,R003,3000,control (pipet dil) 3000 ng,NaN,0,pipetmix 300x (10ng/ul),FALSE,PCRfree,semibin2_7,13.62,0,Neural Network (Specific Model),11,0.845,69946,227.8063063,534921,0.51,666,10,113371,None,0,1,0,1,0,,,0,0,0,0,notHQ,notHQ,notHQ,notHQ,notHQ,notHQ,notHQ,notHQ,notHQ,notHQ,notHQ,notHQ,notHQ,notHQ,notHQ,notHQ,notHQ,pcrfree
m21120.251222.184224.hifi.reads.bc2006.bam,m21120_251222_184224.hifi_reads.bc2006.bam,bc2006,EED fecal,R003,3000,control (pipet conc) 3000 ng,NaN,0,pipetmix 300x (90ng/ul),FALSE,PCRfree,semibin2_7,27.99,0.07,Neural Network (Specific Model),11,0.798,34504,251.1479592,551841,0.52,588,19,53891,None,0,1,0,1,0,,,0,0,0,0,notHQ,notHQ,notHQ,notHQ,notHQ,notHQ,notHQ,notHQ,notHQ,notHQ,notHQ,notHQ,notHQ,notHQ,notHQ,notHQ,notHQ,pcrfree
m21120.260115.173545.hifi.reads.bc2002.bam,m21120_260115_173545.hifi_reads.bc2002.bam,bc2002,EED fecal,R005,3000,control (gtube) 3000 ng (Q),NaN,0,gtube,TRUE,PCRfree,semibin2_7,36.87,5.34,Neural Network (Specific Model),11,0.835,27008,243.3378713,1405445,0.56,1616,60,52746,None,0,1,0,0,0,,,0,0,0,0,notHQ,notHQ,notHQ,notHQ,notHQ,notHQ,notHQ,notHQ,notHQ,notHQ,notHQ,notHQ,notHQ,notHQ,notHQ,notHQ,notHQ,pcrfree
m21120.251222.184224.hifi.reads.bc2006.bam,m21120_251222_184224.hifi_reads.bc2006.bam,bc2006,EED fecal,R003,3000,control (pipet conc) 3000 ng,NaN,0,pipetmix 300x (90ng/ul),FALSE,PCRfree,semibin2_74,49.41,10.83,Neural Network (Specific Model),11,0.867,38910,296.0554435,2025339,0.47,1984,59,101094,None,0,0,0,0,0,,,0,0,0,0,notHQ,notHQ,notHQ,notHQ,notHQ,notHQ,notHQ,notHQ,notHQ,notHQ,notHQ,notHQ,notHQ,notHQ,notHQ,notHQ,notHQ,pcrfree
m21120.251222.184224.hifi.reads.bc2006.bam,m21120_251222_184224.hifi_reads.bc2006.bam,bc2006,EED fecal,R003,3000,control (pipet conc) 3000 ng,NaN,0,pipetmix 300x (90ng/ul),FALSE,PCRfree,semibin2_75,24.86,3.55,Neural Network (Specific Model),11,0.82,27650,278.9127182,815340,0.45,802,32,85148,None,0,1,0,1,0,,,0,0,0,0,notHQ,notHQ,notHQ,notHQ,notHQ,notHQ,notHQ,notHQ,notHQ,notHQ,notHQ,notHQ,notHQ,notHQ,notHQ,notHQ,notHQ,pcrfree
m21120.251222.184224.hifi.reads.bc2004.bam,m21120_251222_184224.hifi_reads.bc2004.bam,bc2004,EED fecal,R003,3000,control (pipet dil) 3000 ng,NaN,0,pipetmix 300x (10ng/ul),FALSE,PCRfree,semibin2_78,82.03,51.04,Gradient Boost (General Model),11,0.86,37580,284.8850027,7276348,0.44,7348,224,122124,None,1,0,0,0,0,,,0,0,0,0,notHQ,notHQ,notHQ,notHQ,notHQ,notHQ,notHQ,notHQ,notHQ,notHQ,notHQ,notHQ,notHQ,notHQ,notHQ,notHQ,notHQ,pcrfree
m21120.251222.184224.hifi.reads.bc2004.bam,m21120_251222_184224.hifi_reads.bc2004.bam,bc2004,EED fecal,R003,3000,control (pipet dil) 3000 ng,NaN,0,pipetmix 300x (10ng/ul),FALSE,PCRfree,semibin2_79_sub,71.97,22.21,Neural Network (Specific Model),11,0.86,31857,284.4330378,4238200,0.45,4286,157,116868,None,1,0,0,0,0,,,0,0,0,0,notHQ,notHQ,notHQ,notHQ,notHQ,notHQ,notHQ,notHQ,notHQ,notHQ,notHQ,notHQ,notHQ,notHQ,notHQ,notHQ,notHQ,pcrfree
R004bc2007.A09,R004bc2007.A09,bc2007,EED fecal,R004,500,Takara PrimeSTAR LongSeq 1x 500 ng,Pstar,8,longplex,FALSE,longplex_PCR,semibin2_8,34.45,0.43,Neural Network (Specific Model),11,0.882,35388,337.0875274,1046246,0.52,914,35,63234,None,0,1,0,1,0,,,0,0,0,0,notHQ,notHQ,notHQ,notHQ,notHQ,notHQ,notHQ,notHQ,notHQ,notHQ,notHQ,notHQ,notHQ,notHQ,notHQ,notHQ,notHQ,longplex_1x
R004bc2007.B09,R004bc2007.B09,bc2007,EED fecal,R004,150,Takara PrimeSTAR LongSeq 1x 150 ng,Pstar,8,longplex,FALSE,longplex_PCR,semibin2_8,34.26,0.57,Neural Network (Specific Model),11,0.878,26788,329.6752475,1136371,0.52,1010,49,59126,None,0,1,0,1,0,,,0,0,0,0,notHQ,notHQ,notHQ,notHQ,notHQ,notHQ,notHQ,notHQ,notHQ,notHQ,notHQ,notHQ,notHQ,notHQ,notHQ,notHQ,notHQ,longplex_1x
R005bc2007.A10,R005bc2007.A10,bc2007,EED fecal,R005,500,Kura Decodifi 1x 500 ng (Q),decodifi,8,longplex,TRUE,longplex_PCR,semibin2_8,27.04,0.17,Neural Network (Specific Model),11,0.882,987077,328.4101695,987077,0.46,885,1,987077,None,0,1,0,1,1,,,0,0,0,0,notHQ,notHQ,notHQ,notHQ,notHQ,notHQ,notHQ,notHQ,notHQ,notHQ,notHQ,notHQ,notHQ,notHQ,notHQ,notHQ,notHQ,longplex_1x
R006bc2010.A02,R006bc2010.A02,bc2010,EED fecal,R006,150,Kura Decodifi 0.5x 150 ng,decodifi,8,longplex,FALSE,longplex_PCR,semibin2_8,39.09,0.76,Neural Network (Specific Model),11,0.764,22309,262.1518987,891038,0.53,869,47,67864,None,0,1,0,1,0,,,0,0,0,0,notHQ,notHQ,notHQ,notHQ,notHQ,notHQ,notHQ,notHQ,notHQ,notHQ,notHQ,notHQ,notHQ,notHQ,notHQ,notHQ,notHQ,longplex_0.5x
R006bc2010.B06,R006bc2010.B06,bc2010,EED fecal,R006,75,Takara PrimeSTAR LongSeq 0.5x 75 ng,Pstar,8,longplex,FALSE,longplex_PCR,semibin2_8,9.27,0.13,Neural Network (Specific Model),11,0.875,21301,235.1210191,251705,0.37,314,13,31496,None,0,1,0,1,0,,,0,0,0,0,notHQ,notHQ,notHQ,notHQ,notHQ,notHQ,notHQ,notHQ,notHQ,notHQ,notHQ,notHQ,notHQ,notHQ,notHQ,notHQ,notHQ,longplex_0.5x
R006bc2010.C06,R006bc2010.C06,bc2010,EED fecal,R006,30,Takara PrimeSTAR LongSeq 0.25x 30 ng,Pstar,8,longplex,FALSE,longplex_PCR,semibin2_8,19.66,0.45,Neural Network (Specific Model),11,0.84,12656,280.1444201,455447,0.57,457,33,47112,None,0,1,0,1,0,,,0,0,0,0,notHQ,notHQ,notHQ,notHQ,notHQ,notHQ,notHQ,notHQ,notHQ,notHQ,notHQ,notHQ,notHQ,notHQ,notHQ,notHQ,notHQ,longplex_0.25x
m21120.251219.215844.hifi.reads.bc2002.bam,m21120_251219_215844.hifi_reads.bc2002.bam,bc2002,EED fecal,R002,3000,control (gtube) 3000 ng,NaN,0,gtube,FALSE,PCRfree,semibin2_8,35.13,2.05,Neural Network (Specific Model),11,0.819,37938,239.5173042,957989,0.41,1098,28,90230,None,0,1,0,1,0,,,0,0,0,0,notHQ,notHQ,notHQ,notHQ,notHQ,notHQ,notHQ,notHQ,notHQ,notHQ,notHQ,notHQ,notHQ,notHQ,notHQ,notHQ,notHQ,pcrfree
m21120.251219.215844.hifi.reads.bc2004.bam,m21120_251219_215844.hifi_reads.bc2004.bam,bc2004,EED fecal,R002,3000,control (pipet dil) 3000 ng,NaN,0,pipetmix 300x (10ng/ul),FALSE,PCRfree,semibin2_8,29.03,8.82,Neural Network (Specific Model),11,0.88,1111506,352.1023417,1381272,0.45,1153,3,1111506,None,0,1,0,0,0,,,0,0,0,0,notHQ,notHQ,notHQ,notHQ,notHQ,notHQ,notHQ,notHQ,notHQ,notHQ,notHQ,notHQ,notHQ,notHQ,notHQ,notHQ,notHQ,pcrfree
m21120.251222.184224.hifi.reads.bc2002.bam,m21120_251222_184224.hifi_reads.bc2002.bam,bc2002,EED fecal,R003,3000,control (gtube) 3000 ng,NaN,0,gtube,FALSE,PCRfree,semibin2_8,29.33,0.66,Neural Network (Specific Model),11,0.798,33897,294.6357143,773682,0.41,700,22,111810,None,0,1,0,1,0,,,0,0,0,0,notHQ,notHQ,notHQ,notHQ,notHQ,notHQ,notHQ,notHQ,notHQ,notHQ,notHQ,notHQ,notHQ,notHQ,notHQ,notHQ,notHQ,pcrfree
m21120.251222.184224.hifi.reads.bc2004.bam,m21120_251222_184224.hifi_reads.bc2004.bam,bc2004,EED fecal,R003,3000,control (pipet dil) 3000 ng,NaN,0,pipetmix 300x (10ng/ul),FALSE,PCRfree,semibin2_8,11.72,10.04,Neural Network (Specific Model),11,0.862,848958,313.6632522,848958,0.44,781,1,848958,None,0,0,0,0,1,,,0,0,0,0,notHQ,notHQ,notHQ,notHQ,notHQ,notHQ,notHQ,notHQ,notHQ,notHQ,notHQ,notHQ,notHQ,notHQ,notHQ,notHQ,notHQ,pcrfree
m21120.260115.173545.hifi.reads.bc2002.bam,m21120_260115_173545.hifi_reads.bc2002.bam,bc2002,EED fecal,R005,3000,control (gtube) 3000 ng (Q),NaN,0,gtube,TRUE,PCRfree,semibin2_8,14.86,0,Neural Network (Specific Model),11,0.844,25208,214.026506,314010,0.4,415,15,30695,None,0,1,0,1,0,,,0,0,0,0,notHQ,notHQ,notHQ,notHQ,notHQ,notHQ,notHQ,notHQ,notHQ,notHQ,notHQ,notHQ,notHQ,notHQ,notHQ,notHQ,notHQ,pcrfree
m21120.251222.184224.hifi.reads.bc2006.bam,m21120_251222_184224.hifi_reads.bc2006.bam,bc2006,EED fecal,R003,3000,control (pipet conc) 3000 ng,NaN,0,pipetmix 300x (90ng/ul),FALSE,PCRfree,semibin2_81,94.54,78.48,Gradient Boost (General Model),11,0.872,61251,333.8805781,12690835,0.45,11070,237,186601,None,1,0,1,0,0,,,0,0,0,0,notHQ,notHQ,notHQ,notHQ,notHQ,notHQ,notHQ,notHQ,notHQ,notHQ,notHQ,notHQ,notHQ,notHQ,notHQ,notHQ,notHQ,pcrfree
m21120.251222.184224.hifi.reads.bc2002.bam,m21120_251222_184224.hifi_reads.bc2002.bam,bc2002,EED fecal,R003,3000,control (gtube) 3000 ng,NaN,0,gtube,FALSE,PCRfree,semibin2_81_sub,72.98,32.87,Neural Network (Specific Model),11,0.856,32721,288.9215476,7515897,0.44,7444,250,122987,None,1,0,0,0,0,,,0,0,0,0,notHQ,notHQ,notHQ,notHQ,notHQ,notHQ,notHQ,notHQ,notHQ,notHQ,notHQ,notHQ,notHQ,notHQ,notHQ,notHQ,notHQ,pcrfree
m21120.251222.184224.hifi.reads.bc2002.bam,m21120_251222_184224.hifi_reads.bc2002.bam,bc2002,EED fecal,R003,3000,control (gtube) 3000 ng,NaN,0,gtube,FALSE,PCRfree,semibin2_82,60.82,24.6,Neural Network (Specific Model),11,0.855,28754,272.6019751,4438872,0.45,4658,174,199825,None,1,0,0,0,0,,,0,0,0,0,notHQ,notHQ,notHQ,notHQ,notHQ,notHQ,notHQ,notHQ,notHQ,notHQ,notHQ,notHQ,notHQ,notHQ,notHQ,notHQ,notHQ,pcrfree
m21120.251222.184224.hifi.reads.bc2006.bam,m21120_251222_184224.hifi_reads.bc2006.bam,bc2006,EED fecal,R003,3000,control (pipet conc) 3000 ng,NaN,0,pipetmix 300x (90ng/ul),FALSE,PCRfree,semibin2_82,82.61,68.51,Gradient Boost (General Model),11,0.868,43173,308.9536939,13008416,0.45,12223,344,160817,None,1,0,0,0,0,,,0,0,0,0,notHQ,notHQ,notHQ,notHQ,notHQ,notHQ,notHQ,notHQ,notHQ,notHQ,notHQ,notHQ,notHQ,notHQ,notHQ,notHQ,notHQ,pcrfree
m21120.251222.184224.hifi.reads.bc2002.bam,m21120_251222_184224.hifi_reads.bc2002.bam,bc2002,EED fecal,R003,3000,control (gtube) 3000 ng,NaN,0,gtube,FALSE,PCRfree,semibin2_83_sub,56.23,20.76,Neural Network (Specific Model),11,0.855,28295,280.4530543,3468616,0.46,3536,152,71639,None,1,0,0,0,0,,,0,0,0,0,notHQ,notHQ,notHQ,notHQ,notHQ,notHQ,notHQ,notHQ,notHQ,notHQ,notHQ,notHQ,notHQ,notHQ,notHQ,notHQ,notHQ,pcrfree
m21120.251222.184224.hifi.reads.bc2006.bam,m21120_251222_184224.hifi_reads.bc2006.bam,bc2006,EED fecal,R003,3000,control (pipet conc) 3000 ng,NaN,0,pipetmix 300x (90ng/ul),FALSE,PCRfree,semibin2_84,77.33,25.88,Gradient Boost (General Model),11,0.86,30285,281.5596728,6097812,0.45,6234,245,126206,None,1,0,0,0,0,,,0,0,0,0,notHQ,notHQ,notHQ,notHQ,notHQ,notHQ,notHQ,notHQ,notHQ,notHQ,notHQ,notHQ,notHQ,notHQ,notHQ,notHQ,notHQ,pcrfree
m21120.251222.184224.hifi.reads.bc2002.bam,m21120_251222_184224.hifi_reads.bc2002.bam,bc2002,EED fecal,R003,3000,control (gtube) 3000 ng,NaN,0,gtube,FALSE,PCRfree,semibin2_85,33.62,7.8,Neural Network (Specific Model),11,0.85,26252,250.2949035,1774968,0.46,2021,89,53954,None,0,1,0,0,0,,,0,0,0,0,notHQ,notHQ,notHQ,notHQ,notHQ,notHQ,notHQ,notHQ,notHQ,notHQ,notHQ,notHQ,notHQ,notHQ,notHQ,notHQ,notHQ,pcrfree
m21120.251222.184224.hifi.reads.bc2006.bam,m21120_251222_184224.hifi_reads.bc2006.bam,bc2006,EED fecal,R003,3000,control (pipet conc) 3000 ng,NaN,0,pipetmix 300x (90ng/ul),FALSE,PCRfree,semibin2_86,27.2,4.56,Neural Network (Specific Model),11,0.848,22166,259.7220316,1332761,0.46,1457,75,63424,None,0,1,0,1,0,,,0,0,0,0,notHQ,notHQ,notHQ,notHQ,notHQ,notHQ,notHQ,notHQ,notHQ,notHQ,notHQ,notHQ,notHQ,notHQ,notHQ,notHQ,notHQ,pcrfree
m21120.251222.184224.hifi.reads.bc2006.bam,m21120_251222_184224.hifi_reads.bc2006.bam,bc2006,EED fecal,R003,3000,control (pipet conc) 3000 ng,NaN,0,pipetmix 300x (90ng/ul),FALSE,PCRfree,semibin2_87,18.45,0.34,Neural Network (Specific Model),11,0.846,26462,235.2910389,1046586,0.46,1261,48,90450,None,0,1,0,1,0,,,0,0,0,0,notHQ,notHQ,notHQ,notHQ,notHQ,notHQ,notHQ,notHQ,notHQ,notHQ,notHQ,notHQ,notHQ,notHQ,notHQ,notHQ,notHQ,pcrfree
R004bc2007.A09,R004bc2007.A09,bc2007,EED fecal,R004,500,Takara PrimeSTAR LongSeq 1x 500 ng,Pstar,8,longplex,FALSE,longplex_PCR,semibin2_9,38.92,0.27,Neural Network (Specific Model),11,0.869,70609,331.5384615,1157290,0.5,1014,22,202314,None,0,1,0,1,0,,,0,0,0,0,notHQ,notHQ,notHQ,notHQ,notHQ,notHQ,notHQ,notHQ,notHQ,notHQ,notHQ,notHQ,notHQ,notHQ,notHQ,notHQ,notHQ,longplex_1x
R004bc2007.E09,R004bc2007.E09,bc2007,EED fecal,R004,500,NEB Q5 XT 1x 500 ng,Q5XT,8,longplex,FALSE,longplex_PCR,semibin2_9,7,0,Neural Network (Specific Model),11,0.898,16619,258.4120172,200626,0.52,233,14,29961,None,0,1,0,1,0,,,0,0,0,0,notHQ,notHQ,notHQ,notHQ,notHQ,notHQ,notHQ,notHQ,notHQ,notHQ,notHQ,notHQ,notHQ,notHQ,notHQ,notHQ,notHQ,longplex_1x
R005bc2007.E09,R005bc2007.E09,bc2007,EED fecal,R005,500,NEB Q5 XT 1x 500 ng (Q),Q5XT,8,longplex,TRUE,longplex_PCR,semibin2_9,27.66,4.53,Neural Network (Specific Model),11,0.845,17954,266.501497,629207,0.6,668,40,32047,None,0,1,0,1,0,,,0,0,0,0,notHQ,notHQ,notHQ,notHQ,notHQ,notHQ,notHQ,notHQ,notHQ,notHQ,notHQ,notHQ,notHQ,notHQ,notHQ,notHQ,notHQ,longplex_1x
R005bc2007.F09,R005bc2007.F09,bc2007,EED fecal,R005,150,NEB Q5 XT 1x 150 ng (Q),Q5XT,8,longplex,TRUE,longplex_PCR,semibin2_9,9.8,0.02,Neural Network (Specific Model),11,0.792,25355,289.5648148,236454,0.4,216,12,29221,None,0,1,0,1,0,,,0,0,0,0,notHQ,notHQ,notHQ,notHQ,notHQ,notHQ,notHQ,notHQ,notHQ,notHQ,notHQ,notHQ,notHQ,notHQ,notHQ,notHQ,notHQ,longplex_1x
R006bc2010.A04,R006bc2010.A04,bc2010,EED fecal,R006,150,NEB Q5 XT 0.5x 150 ng,Q5XT,8,longplex,FALSE,longplex_PCR,semibin2_9,38.01,4.78,Neural Network (Specific Model),11,0.837,17279,245.5640704,1394354,0.58,1592,90,46276,None,0,1,0,1,0,,,0,0,0,0,notHQ,notHQ,notHQ,notHQ,notHQ,notHQ,notHQ,notHQ,notHQ,notHQ,notHQ,notHQ,notHQ,notHQ,notHQ,notHQ,notHQ,longplex_0.5x
R006bc2010.D02,R006bc2010.D02,bc2010,EED fecal,R006,15,Kura Decodifi 0.25x 15 ng,decodifi,8,longplex,FALSE,longplex_PCR,semibin2_9,16.57,0.07,Neural Network (Specific Model),11,0.889,13691,258.8215686,443823,0.46,510,35,32846,None,0,1,0,1,0,,,0,0,0,0,notHQ,notHQ,notHQ,notHQ,notHQ,notHQ,notHQ,notHQ,notHQ,notHQ,notHQ,notHQ,notHQ,notHQ,notHQ,notHQ,notHQ,longplex_0.25x
m21120.251219.215844.hifi.reads.bc2002.bam,m21120_251219_215844.hifi_reads.bc2002.bam,bc2002,EED fecal,R002,3000,control (gtube) 3000 ng,NaN,0,gtube,FALSE,PCRfree,semibin2_9,39.33,1.5,Neural Network (Specific Model),11,0.863,27536,245.2065653,1057744,0.42,1249,44,61432,None,0,1,0,1,0,,,0,0,0,0,notHQ,notHQ,notHQ,notHQ,notHQ,notHQ,notHQ,notHQ,notHQ,notHQ,notHQ,notHQ,notHQ,notHQ,notHQ,notHQ,notHQ,pcrfree
m21120.251219.215844.hifi.reads.bc2004.bam,m21120_251219_215844.hifi_reads.bc2004.bam,bc2004,EED fecal,R002,3000,control (pipet dil) 3000 ng,NaN,0,pipetmix 300x (10ng/ul),FALSE,PCRfree,semibin2_9,39.64,4.38,Neural Network (Specific Model),11,0.857,32863,222.3480176,703245,0.33,908,25,50614,None,0,1,0,1,0,,,0,0,0,0,notHQ,notHQ,notHQ,notHQ,notHQ,notHQ,notHQ,notHQ,notHQ,notHQ,notHQ,notHQ,notHQ,notHQ,notHQ,notHQ,notHQ,pcrfree
m21120.251222.184224.hifi.reads.bc2002.bam,m21120_251222_184224.hifi_reads.bc2002.bam,bc2002,EED fecal,R003,3000,control (gtube) 3000 ng,NaN,0,gtube,FALSE,PCRfree,semibin2_9,28.72,1.78,Neural Network (Specific Model),11,0.866,50647,248.5056711,904617,0.47,1058,19,102892,None,0,1,0,1,0,,,0,0,0,0,notHQ,notHQ,notHQ,notHQ,notHQ,notHQ,notHQ,notHQ,notHQ,notHQ,notHQ,notHQ,notHQ,notHQ,notHQ,notHQ,notHQ,pcrfree
m21120.251222.184224.hifi.reads.bc2004.bam,m21120_251222_184224.hifi_reads.bc2004.bam,bc2004,EED fecal,R003,3000,control (pipet dil) 3000 ng,NaN,0,pipetmix 300x (10ng/ul),FALSE,PCRfree,semibin2_9,48.49,0.32,Neural Network (Specific Model),11,0.886,73155,265.9176471,1371814,0.46,1530,23,154565,None,0,1,0,1,0,,,0,0,0,0,notHQ,notHQ,notHQ,notHQ,notHQ,notHQ,notHQ,notHQ,notHQ,notHQ,notHQ,notHQ,notHQ,notHQ,notHQ,notHQ,notHQ,pcrfree
m21120.251222.184224.hifi.reads.bc2006.bam,m21120_251222_184224.hifi_reads.bc2006.bam,bc2006,EED fecal,R003,3000,control (pipet conc) 3000 ng,NaN,0,pipetmix 300x (90ng/ul),FALSE,PCRfree,semibin2_9_sub,17,0.52,Neural Network (Specific Model),11,0.852,31491,230.4904832,551011,0.46,683,18,78846,None,0,1,0,1,0,,,0,0,0,0,notHQ,notHQ,notHQ,notHQ,notHQ,notHQ,notHQ,notHQ,notHQ,notHQ,notHQ,notHQ,notHQ,notHQ,notHQ,notHQ,notHQ,pcrfree
